player_id,player_name,player_display_name,position,position_group,recent_team,season,week,season_type,opponent_team,completions,attempts,passing_yards,passing_tds,interceptions,carries,rushing_yards,rushing_tds,receptions,targets,receiving_yards,receiving_tds,receiving_air_yards,target_share,air_yards_share,sack_fumbles_lost,rushing_fumbles_lost,receiving_fumbles_lost,passing_2pt_conversions,rushing_2pt_conversions,receiving_2pt_conversions,special_teams_tds,fantasy_points_ppr
00-0019596,T.Brady,Tom Brady,QB,QB,TB,2022,1,REG,DAL,18,27,212,1,1,2,-1,0,0,0,0,0,0,0,0,0,0,0,0,0,0,0,10.38
00-0023459,A.Rodgers,Aaron Rodgers,QB,QB,GB,2022,1,REG,MIN,22,34,195,0,1,1,-1,0,0,0,0,0,0,0,0,1,0,0,0,0,0,0,3.7
00-0026143,M.Ryan,Matt Ryan,QB,QB,IND,2022,1,REG,HOU,32,50,352,1,1,4,12,0,0,0,0,0,0,0,0,0,1,0,0,0,0,0,15.28
00-0026158,J.Flacco,Joe Flacco,QB,QB,NYJ,2022,1,REG,BAL,37,59,309,1,1,1,0,0,0,0,0,0,0,0,0,0,0,0,0,0,0,0,14.36
00-0026197,C.Henne,Chad Henne,QB,QB,KC,2022,1,REG,ARI,0,0,0,0,0,0,0,0,0,0,0,0,0,0,0,0,0,0,0,0,0,0,0
00-0026498,M.Stafford,Matthew Stafford,QB,QB,LA,2022,1,REG,BUF,29,41,240,1,3,1,2,0,0,0,0,0,0,0,0,0,0,0,0,0,0,0,7.8
00-0027691,A.Roberts,Andre Roberts,WR,WR,CAR,2022,1,REG,CLE,0,0,0,0,0,0,0,0,0,0,0,0,0,0,0,0,0,0,0,0,0,0,0
00-0027942,A.Green,A.J. Green,WR,WR,ARI,2022,1,REG,KC,0,0,0,0,0,0,0,0,2,4,13,0,42,0.111111111111111,0.157303370786517,0,0,0,0,0,0,0,3.3
00-0027944,J.Jones,Julio Jones,WR,WR,TB,2022,1,REG,DAL,0,0,0,0,0,2,17,0,3,5,69,0,110,0.185185185185185,0.360655737704918,0,0,0,0,0,0,0,11.6
00-0027966,M.Ingram,Mark Ingram,RB,RB,NO,2022,1,REG,ATL,0,0,0,0,0,4,22,0,1,1,1,0,-6,0.03125,-0.0204778156996587,0,0,1,0,0,0,0,1.3
00-0028002,R.Cobb,Randall Cobb,WR,WR,GB,2022,1,REG,MIN,0,0,0,0,0,0,0,0,2,3,14,0,55,0.0857142857142857,0.251141552511416,0,0,0,0,0,0,0,3.4
00-0028063,T.Jones,Taiwan Jones,RB,RB,BUF,2022,1,REG,LA,0,0,0,0,0,0,0,0,0,0,0,0,0,0,0,0,0,0,0,0,0,0,0
00-0029239,B.Bolden,Brandon Bolden,RB,RB,LV,2022,1,REG,LAC,0,0,0,0,0,3,7,0,2,2,21,1,13,0.0571428571428571,0.0381231671554252,0,0,0,0,0,0,0,10.8
00-0029263,R.Wilson,Russell Wilson,QB,QB,DEN,2022,1,REG,SEA,29,42,340,1,0,1,2,0,0,0,0,0,0,0,0,0,0,0,0,0,0,0,17.8
00-0029293,M.Jones,Marvin Jones,WR,WR,JAX,2022,1,REG,WAS,0,0,0,0,0,0,0,0,4,6,38,0,101,0.157894736842105,0.279005524861879,0,0,0,0,0,0,0,7.8
00-0029604,K.Cousins,Kirk Cousins,QB,QB,MIN,2022,1,REG,GB,23,32,277,2,0,0,0,0,0,0,0,0,0,0,0,0,0,0,0,0,0,0,19.08
00-0029701,R.Tannehill,Ryan Tannehill,QB,QB,TEN,2022,1,REG,NYG,20,33,266,2,0,2,7,0,0,0,0,0,0,0,0,0,0,0,0,0,0,0,19.34
00-0030035,A.Thielen,Adam Thielen,WR,WR,MIN,2022,1,REG,GB,0,0,0,0,0,0,0,0,3,4,36,0,27,0.129032258064516,0.164634146341463,0,0,0,0,0,0,0,6.6
00-0030061,Z.Ertz,Zach Ertz,TE,TE,ARI,2022,1,REG,KC,0,0,0,0,0,0,0,0,2,4,14,1,22,0.111111111111111,0.0823970037453183,0,0,0,0,0,1,0,11.4
00-0030068,M.Goodwin,Marquise Goodwin,WR,WR,SEA,2022,1,REG,DEN,0,0,0,0,0,0,0,0,2,2,22,0,22,0.0740740740740741,0.152777777777778,0,0,0,0,0,0,0,4.2
00-0030108,R.Griffin,Ryan Griffin,TE,TE,CHI,2022,1,REG,SF,0,0,0,0,0,0,0,0,0,2,0,0,29,0.117647058823529,0.179012345679012,0,0,0,0,0,0,0,0
00-0030279,K.Allen,Keenan Allen,WR,WR,LAC,2022,1,REG,LV,0,0,0,0,0,0,0,0,4,4,66,0,52,0.117647058823529,0.218487394957983,0,0,0,0,0,0,0,10.6
00-0030288,R.Burkhead,Rex Burkhead,RB,RB,HOU,2022,1,REG,IND,0,0,0,0,0,14,40,0,5,8,30,0,3,0.222222222222222,0.0112781954887218,0,0,0,0,0,0,0,12
00-0030431,R.Woods,Robert Woods,WR,WR,TEN,2022,1,REG,NYG,0,0,0,0,0,0,0,0,1,2,13,0,30,0.0645161290322581,0.101351351351351,0,0,0,0,0,0,0,2.3
00-0030506,T.Kelce,Travis Kelce,TE,TE,KC,2022,1,REG,ARI,0,0,0,0,0,0,0,0,8,9,121,1,95,0.230769230769231,0.3125,0,0,0,0,0,0,0,26.1
00-0030565,G.Smith,Geno Smith,QB,QB,SEA,2022,1,REG,DEN,23,28,195,2,0,6,14,0,0,0,0,0,0,0,0,0,0,0,0,0,0,0,17.2
00-0030578,C.Patterson,Cordarrelle Patterson,RB,RB,ATL,2022,1,REG,NO,0,0,0,0,0,22,120,1,3,5,16,0,18,0.15625,0.0638297872340426,0,0,0,0,0,0,0,22.6
00-0030874,D.Williams,Damien Williams,RB,RB,ATL,2022,1,REG,NO,0,0,0,0,0,2,2,0,0,0,0,0,0,0,0,0,0,0,0,0,0,0,0.2
00-0031236,B.Cooks,Brandin Cooks,WR,WR,HOU,2022,1,REG,IND,0,0,0,0,0,0,0,0,7,12,82,0,131,0.333333333333333,0.492481203007519,0,0,0,0,0,0,0,15.2
00-0031260,L.Thomas,Logan Thomas,TE,TE,WAS,2022,1,REG,JAX,0,0,0,0,0,0,0,0,3,6,45,0,70,0.146341463414634,0.241379310344828,0,0,0,0,0,0,0,7.5
00-0031273,C.Brate,Cameron Brate,TE,TE,TB,2022,1,REG,DAL,0,0,0,0,0,0,0,0,1,3,7,0,15,0.111111111111111,0.0491803278688525,0,0,0,0,0,0,0,1.7
00-0031280,D.Carr,Derek Carr,QB,QB,LV,2022,1,REG,LAC,22,37,295,2,3,0,0,0,0,0,0,0,0,0,0,0,0,0,0,0,0,0,13.8
00-0031325,S.Watkins,Sammy Watkins,WR,WR,GB,2022,1,REG,MIN,0,0,0,0,0,0,0,0,3,3,18,0,2,0.0857142857142857,0.0091324200913242,0,0,0,0,0,0,0,4.8
00-0031376,J.McKinnon,Jerick McKinnon,RB,RB,KC,2022,1,REG,ARI,0,0,0,0,0,4,22,0,3,4,27,0,-3,0.102564102564103,-0.00986842105263158,0,0,0,0,0,0,0,7.9
00-0031381,D.Adams,Davante Adams,WR,WR,LV,2022,1,REG,LAC,0,0,0,0,0,0,0,0,10,17,141,1,177,0.485714285714286,0.519061583577713,0,0,0,0,0,0,0,30.1
00-0031382,J.Landry,Jarvis Landry,WR,WR,NO,2022,1,REG,ATL,0,0,0,0,0,0,0,0,7,9,114,0,123,0.28125,0.419795221843003,0,0,0,0,0,0,0,18.4
00-0031384,R.Rodgers,Richard Rodgers,TE,TE,LAC,2022,1,REG,LV,0,0,0,0,0,0,0,0,0,1,0,0,1,0.0294117647058824,0.00420168067226891,0,0,0,0,0,0,0,0
00-0031408,M.Evans,Mike Evans,WR,WR,TB,2022,1,REG,DAL,0,0,0,0,0,0,0,0,5,7,71,1,90,0.259259259259259,0.295081967213115,0,0,0,0,0,0,0,18.1
00-0031428,Al.Robinson,Allen Robinson,WR,WR,LA,2022,1,REG,BUF,0,0,0,0,0,0,0,0,1,2,12,0,28,0.0487804878048781,0.117154811715481,0,0,0,0,0,0,0,2.2
00-0031503,J.Winston,Jameis Winston,QB,QB,NO,2022,1,REG,ATL,23,34,269,2,0,2,9,0,0,0,0,0,0,0,0,0,0,0,1,0,0,0,21.66
00-0031544,A.Cooper,Amari Cooper,WR,WR,CLE,2022,1,REG,CAR,0,0,0,0,0,0,0,0,3,6,17,0,63,0.2,0.254032258064516,0,0,0,0,0,0,0,4.7
00-0031547,D.Parker,DeVante Parker,WR,WR,NE,2022,1,REG,MIA,0,0,0,0,0,0,0,0,1,2,9,0,26,0.0666666666666667,0.0931899641577061,0,0,0,0,0,0,0,1.9
00-0031549,N.Agholor,Nelson Agholor,WR,WR,NE,2022,1,REG,MIA,0,0,0,0,0,0,0,0,3,5,28,0,52,0.166666666666667,0.186379928315412,0,0,1,0,0,0,0,3.8
00-0031588,S.Diggs,Stefon Diggs,WR,WR,BUF,2022,1,REG,LA,0,0,0,0,0,0,0,0,8,9,122,1,99,0.290322580645161,0.436123348017621,0,0,0,0,0,0,0,26.2
00-0031610,D.Waller,Darren Waller,TE,TE,LV,2022,1,REG,LAC,0,0,0,0,0,0,0,0,4,6,79,0,83,0.171428571428571,0.243401759530792,0,0,0,0,0,0,0,11.9
00-0031687,R.Mostert,Raheem Mostert,RB,RB,MIA,2022,1,REG,NE,0,0,0,0,0,5,16,0,1,1,16,0,2,0.032258064516129,0.00727272727272727,0,0,0,0,0,0,0,4.2
00-0031690,E.Tomlinson,Eric Tomlinson,TE,TE,DEN,2022,1,REG,SEA,0,0,0,0,0,0,0,0,0,1,0,0,3,0.024390243902439,0.0109090909090909,0,0,0,0,0,0,0,0
00-0031763,D.Carter,DeAndre Carter,WR,WR,LAC,2022,1,REG,LV,0,0,0,0,0,0,0,0,3,4,64,1,77,0.117647058823529,0.323529411764706,0,0,0,0,0,0,0,15.4
00-0031941,J.Crowder,Jamison Crowder,WR,WR,BUF,2022,1,REG,LA,0,0,0,0,0,0,0,0,3,4,28,0,24,0.129032258064516,0.105726872246696,0,0,0,0,0,0,0,5.8
00-0032054,B.Perriman,Breshad Perriman,WR,WR,TB,2022,1,REG,DAL,0,0,0,0,0,1,-7,0,0,3,0,0,86,0.111111111111111,0.281967213114754,0,0,0,0,0,0,0,-0.7
00-0032063,M.Davis,Mike Davis,RB,RB,BAL,2022,1,REG,NYJ,0,0,0,0,0,2,11,0,0,0,0,0,0,0,0,0,0,0,0,0,0,0,1.1
00-0032104,A.Abdullah,Ameer Abdullah,RB,RB,LV,2022,1,REG,LAC,0,0,0,0,0,0,0,0,0,1,0,0,17,0.0285714285714286,0.0498533724340176,0,0,0,0,0,0,0,0
00-0032128,C.Conley,Chris Conley,WR,WR,HOU,2022,1,REG,IND,0,0,0,0,0,0,0,0,0,2,0,0,18,0.0555555555555556,0.0676691729323308,0,0,0,0,0,0,0,0
00-0032141,G.Swaim,Geoff Swaim,TE,TE,TEN,2022,1,REG,NYG,0,0,0,0,0,0,0,0,3,4,19,0,4,0.129032258064516,0.0135135135135135,0,0,0,0,0,0,0,4.9
00-0032144,M.Gordon,Melvin Gordon,RB,RB,DEN,2022,1,REG,SEA,0,0,0,0,0,12,58,0,2,2,14,0,7,0.0487804878048781,0.0254545454545455,0,1,0,0,0,0,0,7.2
00-0032200,T.Montgomery,Ty Montgomery,WR,WR,NE,2022,1,REG,MIA,0,0,0,0,0,2,-2,0,3,4,15,1,13,0.133333333333333,0.0465949820788531,0,0,0,0,0,0,0,10.3
00-0032208,P.Dorsett,Phillip Dorsett,WR,WR,HOU,2022,1,REG,IND,0,0,0,0,0,0,0,0,0,1,0,0,5,0.0277777777777778,0.018796992481203,0,0,0,0,0,0,0,0
00-0032211,T.Lockett,Tyler Lockett,WR,WR,SEA,2022,1,REG,DEN,0,0,0,0,0,0,0,0,3,4,28,0,29,0.148148148148148,0.201388888888889,0,0,0,0,0,0,0,5.8
00-0032214,T.Kroft,Tyler Kroft,TE,TE,SF,2022,1,REG,CHI,0,0,0,0,0,0,0,0,1,2,9,0,33,0.0769230769230769,0.161764705882353,0,0,0,0,0,0,0,1.9
00-0032268,M.Mariota,Marcus Mariota,QB,QB,ATL,2022,1,REG,NO,20,33,215,0,0,12,72,1,0,0,0,0,0,0,0,0,1,0,0,0,0,0,19.8
00-0032385,S.Shepard,Sterling Shepard,WR,WR,NYG,2022,1,REG,TEN,0,0,0,0,0,0,0,0,2,4,71,1,42,0.19047619047619,0.35,0,0,0,0,0,0,0,15.1
00-0032392,A.Hooper,Austin Hooper,TE,TE,TEN,2022,1,REG,NYG,0,0,0,0,0,0,0,0,1,2,6,0,10,0.0645161290322581,0.0337837837837838,0,0,0,0,0,0,0,1.6
00-0032398,C.Moore,Chris Moore,WR,WR,HOU,2022,1,REG,IND,0,0,0,0,0,0,0,0,3,3,31,0,15,0.0833333333333333,0.056390977443609,0,0,0,0,0,0,0,6.1
00-0032436,J.Driskel,Jeff Driskel,QB,QB,HOU,2022,1,REG,IND,0,0,0,0,0,1,5,0,0,0,0,0,0,0,0,0,0,0,0,0,0,0,0.5
00-0032464,K.Raymond,Kalif Raymond,WR,WR,DET,2022,1,REG,PHI,0,0,0,0,0,0,0,0,0,2,0,0,39,0.0540540540540541,0.127450980392157,0,0,0,0,0,0,0,0
00-0032602,J.McKissic,J.D. McKissic,RB,RB,WAS,2022,1,REG,JAX,0,0,0,0,0,3,8,0,3,3,20,0,1,0.0731707317073171,0.00344827586206897,0,0,0,0,0,1,0,7.8
00-0032688,R.Anderson,Robbie Chosen,WR,WR,CAR,2022,1,REG,CLE,0,0,0,0,0,0,0,0,5,8,102,1,74,0.307692307692308,0.432748538011696,0,0,0,0,0,0,0,21.2
00-0032725,S.Anderson,Stephen Anderson,TE,TE,ARI,2022,1,REG,KC,0,0,0,0,0,0,0,0,0,0,0,0,0,0,0,0,0,0,0,0,0,0,0
00-0032764,D.Henry,Derrick Henry,RB,RB,TEN,2022,1,REG,NYG,0,0,0,0,0,21,82,0,0,1,0,0,-1,0.032258064516129,-0.00337837837837838,0,0,0,0,0,0,0,8.2
00-0032765,M.Thomas,Michael Thomas,WR,WR,NO,2022,1,REG,ATL,0,0,0,0,0,0,0,0,5,8,57,2,88,0.25,0.300341296928328,0,0,0,0,0,0,0,22.7
00-0032775,D.Robinson,Demarcus Robinson,WR,WR,BAL,2022,1,REG,NYJ,0,0,0,0,0,0,0,0,2,4,19,0,41,0.137931034482759,0.113888888888889,0,0,0,0,0,0,0,3.9
00-0032950,C.Wentz,Carson Wentz,QB,QB,WAS,2022,1,REG,JAX,27,41,313,4,2,6,12,0,0,0,0,0,0,0,0,0,0,0,1,0,0,0,27.72
00-0032975,J.Williams,Jonathan Williams,RB,RB,WAS,2022,1,REG,JAX,0,0,0,0,0,0,0,0,0,0,0,0,0,0,0,0,0,0,0,0,0,0,0
00-0033009,T.Boyd,Tyler Boyd,WR,WR,CIN,2022,1,REG,PIT,0,0,0,0,0,0,0,0,4,7,33,1,87,0.132075471698113,0.233870967741935,0,0,0,0,0,0,0,13.3
00-0033040,T.Hill,Tyreek Hill,WR,WR,MIA,2022,1,REG,NE,0,0,0,0,0,1,6,0,8,12,94,0,109,0.387096774193548,0.396363636363636,0,0,0,0,0,0,0,18
00-0033045,E.Elliott,Ezekiel Elliott,RB,RB,DAL,2022,1,REG,TB,0,0,0,0,0,10,52,0,1,2,-3,0,-6,0.0487804878048781,-0.0168067226890756,0,0,0,0,0,0,0,5.9
00-0033077,D.Prescott,Dak Prescott,QB,QB,DAL,2022,1,REG,TB,14,29,134,0,1,2,11,0,0,0,0,0,0,0,0,0,0,0,0,0,0,0,4.46
00-0033090,H.Henry,Hunter Henry,TE,TE,NE,2022,1,REG,MIA,0,0,0,0,0,0,0,0,2,3,20,0,38,0.1,0.136200716845878,0,0,0,0,0,0,0,4
00-0033106,J.Goff,Jared Goff,QB,QB,DET,2022,1,REG,PHI,21,37,215,2,1,2,9,0,0,0,0,0,0,0,0,0,0,0,0,0,0,0,15.5
00-0033110,T.Higbee,Tyler Higbee,TE,TE,LA,2022,1,REG,BUF,0,0,0,0,0,0,0,0,5,11,39,0,19,0.268292682926829,0.0794979079497908,0,0,0,0,0,0,0,8.9
00-0033114,Mi.Thomas,Mike Thomas,WR,WR,CIN,2022,1,REG,PIT,0,0,0,0,0,0,0,0,1,5,5,0,64,0.0943396226415094,0.172043010752688,0,0,0,0,0,1,0,3.5
00-0033118,K.Drake,Kenyan Drake,RB,RB,BAL,2022,1,REG,NYJ,0,0,0,0,0,11,31,0,1,1,15,0,-3,0.0344827586206897,-0.00833333333333333,0,0,0,0,0,0,0,5.6
00-0033119,J.Brissett,Jacoby Brissett,QB,QB,CLE,2022,1,REG,CAR,18,34,147,1,0,4,10,0,0,0,0,0,0,0,0,0,0,0,0,0,0,0,10.88
00-0033217,M.Alie-Cox,Mo Alie-Cox,TE,TE,IND,2022,1,REG,HOU,0,0,0,0,0,0,0,0,2,2,26,0,13,0.0408163265306122,0.0415335463258786,0,0,0,0,0,0,0,4.6
00-0033246,J.Mundt,Johnny Mundt,TE,TE,MIN,2022,1,REG,GB,0,0,0,0,0,0,0,0,3,3,17,0,3,0.0967741935483871,0.0182926829268293,0,0,0,0,0,0,0,4.7
00-0033251,Z.Pascal,Zach Pascal,WR,WR,PHI,2022,1,REG,DET,0,0,0,0,0,0,0,0,1,1,7,0,3,0.0344827586206897,0.0230769230769231,0,0,0,0,0,0,0,1.7
00-0033280,C.McCaffrey,Christian McCaffrey,RB,RB,CAR,2022,1,REG,CLE,0,0,0,0,0,10,33,1,4,5,24,0,-12,0.192307692307692,-0.0701754385964912,0,0,0,0,0,0,0,15.7
00-0033282,C.Samuel,Curtis Samuel,WR,WR,WAS,2022,1,REG,JAX,0,0,0,0,0,4,17,0,8,11,55,1,11,0.268292682926829,0.0379310344827586,0,1,0,0,0,0,0,19.2
00-0033292,T.Taylor,Trent Taylor,WR,WR,CIN,2022,1,REG,PIT,0,0,0,0,0,0,0,0,0,0,0,0,0,0,0,0,0,0,0,0,0,0,0
00-0033293,A.Jones,Aaron Jones,RB,RB,GB,2022,1,REG,MIN,0,0,0,0,0,5,49,0,3,5,27,0,-4,0.142857142857143,-0.0182648401826484,0,0,0,0,0,0,0,10.6
00-0033307,K.Bourne,Kendrick Bourne,WR,WR,NE,2022,1,REG,MIA,0,0,0,0,0,0,0,0,1,1,41,0,36,0.0333333333333333,0.129032258064516,0,0,0,0,0,0,0,5.1
00-0033308,M.Breida,Matt Breida,RB,RB,NYG,2022,1,REG,TEN,0,0,0,0,0,5,24,0,0,0,0,0,0,0,0,0,0,0,0,0,0,0,2.4
00-0033357,T.Hill,Taysom Hill,TE,TE,NO,2022,1,REG,ATL,0,0,0,0,0,4,81,1,1,1,2,0,2,0.03125,0.0068259385665529,0,0,0,0,0,0,0,15.3
00-0033386,C.Hollister,Cody Hollister,WR,WR,TEN,2022,1,REG,NYG,0,0,0,0,0,0,0,0,1,1,22,0,22,0.032258064516129,0.0743243243243243,0,0,0,0,0,0,0,3.2
00-0033439,P.Brown,Pharaoh Brown,TE,TE,HOU,2022,1,REG,IND,0,0,0,0,0,0,0,0,1,1,17,0,10,0.0277777777777778,0.037593984962406,0,0,0,0,0,0,0,2.7
00-0033455,A.Firkser,Anthony Firkser,TE,TE,ATL,2022,1,REG,NO,0,0,0,0,0,0,0,0,1,2,6,0,8,0.0625,0.0283687943262411,0,0,0,0,0,0,0,1.6
00-0033466,I.McKenzie,Isaiah McKenzie,WR,WR,BUF,2022,1,REG,LA,0,0,0,0,0,0,0,0,2,3,19,1,23,0.0967741935483871,0.101321585903084,0,0,0,0,0,0,0,9.9
00-0033526,S.Perine,Samaje Perine,RB,RB,CIN,2022,1,REG,PIT,0,0,0,0,0,1,4,0,3,5,33,0,48,0.0943396226415094,0.129032258064516,0,0,0,0,0,0,0,6.7
00-0033536,M.Williams,Mike Williams,WR,WR,LAC,2022,1,REG,LV,0,0,0,0,0,0,0,0,2,4,10,0,14,0.117647058823529,0.0588235294117647,0,0,0,0,0,0,0,3
00-0033553,J.Conner,James Conner,RB,RB,ARI,2022,1,REG,KC,0,0,0,0,0,10,26,1,5,6,29,0,7,0.166666666666667,0.0262172284644195,0,0,0,0,0,0,0,16.5
00-0033555,M.Hollins,Mack Hollins,WR,WR,LV,2022,1,REG,LAC,0,0,0,0,0,0,0,0,1,1,16,0,15,0.0285714285714286,0.0439882697947214,0,0,0,0,0,0,0,2.6
00-0033572,J.Agnew,Jamal Agnew,WR,WR,JAX,2022,1,REG,WAS,0,0,0,0,0,1,6,0,1,1,6,0,-2,0.0263157894736842,-0.00552486187845304,0,0,0,0,0,0,0,2.2
00-0033576,E.Saubert,Eric Saubert,TE,TE,DEN,2022,1,REG,SEA,0,0,0,0,0,0,0,0,0,1,0,0,16,0.024390243902439,0.0581818181818182,0,0,0,0,0,0,0,0
00-0033591,N.Brown,Noah Brown,WR,WR,DAL,2022,1,REG,TB,0,0,0,0,0,0,0,0,5,9,68,0,85,0.219512195121951,0.238095238095238,0,0,0,0,0,0,0,11.8
00-0033662,C.Rush,Cooper Rush,QB,QB,DAL,2022,1,REG,TB,7,13,64,0,0,0,0,0,0,0,0,0,0,0,0,0,0,0,0,0,0,0,2.56
00-0033699,A.Ekeler,Austin Ekeler,RB,RB,LAC,2022,1,REG,LV,0,0,0,0,0,14,36,0,4,4,36,0,-3,0.117647058823529,-0.0126050420168067,0,0,0,0,0,0,0,11.2
00-0033757,R.Tonyan,Robert Tonyan,TE,TE,GB,2022,1,REG,MIN,0,0,0,0,0,0,0,0,3,5,36,0,23,0.142857142857143,0.105022831050228,0,0,0,0,0,0,0,6.6
00-0033856,L.Fournette,Leonard Fournette,RB,RB,TB,2022,1,REG,DAL,0,0,0,0,0,21,127,0,2,2,10,0,-2,0.0740740740740741,-0.00655737704918033,0,0,0,0,0,0,0,15.7
00-0033857,J.Smith-Schuster,JuJu Smith-Schuster,WR,WR,KC,2022,1,REG,ARI,0,0,0,0,0,0,0,0,6,8,79,0,82,0.205128205128205,0.269736842105263,0,0,1,0,0,0,0,11.9
00-0033858,J.Smith,Jonnu Smith,TE,TE,NE,2022,1,REG,MIA,0,0,0,0,0,0,0,0,3,4,33,0,26,0.133333333333333,0.0931899641577061,0,0,0,0,0,0,0,6.3
00-0033869,M.Trubisky,Mitchell Trubisky,QB,QB,PIT,2022,1,REG,CIN,21,38,194,1,0,3,9,0,0,0,0,0,0,0,0,0,0,0,0,0,0,0,12.66
00-0033871,C.Davis,Corey Davis,WR,WR,NYJ,2022,1,REG,BAL,0,0,0,0,0,0,0,0,6,10,77,0,112,0.175438596491228,0.391608391608392,0,0,0,0,0,0,0,13.7
00-0033873,P.Mahomes,Patrick Mahomes,QB,QB,KC,2022,1,REG,ARI,30,39,360,5,0,3,5,0,0,0,0,0,0,0,0,0,0,0,0,0,0,0,34.9
00-0033879,O.Howard,O.J. Howard,TE,TE,HOU,2022,1,REG,IND,0,0,0,0,0,0,0,0,2,2,38,2,33,0.0555555555555556,0.12406015037594,0,0,0,0,0,0,0,17.8
00-0033881,E.Engram,Evan Engram,TE,TE,JAX,2022,1,REG,WAS,0,0,0,0,0,0,0,0,4,4,28,0,24,0.105263157894737,0.0662983425414365,0,0,0,0,0,0,0,6.8
00-0033885,D.Njoku,David Njoku,TE,TE,CLE,2022,1,REG,CAR,0,0,0,0,0,0,0,0,1,1,7,0,2,0.0333333333333333,0.00806451612903226,0,0,0,0,0,0,0,1.7
00-0033891,Z.Jones,Zay Jones,WR,WR,JAX,2022,1,REG,WAS,0,0,0,0,0,0,0,0,6,9,65,0,81,0.236842105263158,0.223756906077348,0,0,0,0,0,0,0,12.5
00-0033893,D.Cook,Dalvin Cook,RB,RB,MIN,2022,1,REG,GB,0,0,0,0,0,20,90,0,3,5,18,0,-8,0.161290322580645,-0.0487804878048781,0,0,0,0,0,0,0,13.8
00-0033895,G.Everett,Gerald Everett,TE,TE,LAC,2022,1,REG,LV,0,0,0,0,0,0,0,0,3,4,54,1,30,0.117647058823529,0.126050420168067,0,0,0,0,0,0,0,14.4
00-0033897,J.Mixon,Joe Mixon,RB,RB,CIN,2022,1,REG,PIT,0,0,0,0,0,27,82,0,7,9,63,0,4,0.169811320754717,0.010752688172043,0,0,0,0,0,0,0,21.5
00-0033906,A.Kamara,Alvin Kamara,RB,RB,NO,2022,1,REG,ATL,0,0,0,0,0,9,39,0,3,4,7,0,-3,0.125,-0.0102389078498294,0,0,0,0,0,0,0,7.6
00-0033908,C.Kupp,Cooper Kupp,WR,WR,LA,2022,1,REG,BUF,0,0,0,0,0,0,0,0,13,15,128,1,116,0.365853658536585,0.485355648535565,0,0,0,0,0,0,0,31.8
00-0033921,C.Godwin,Chris Godwin,WR,WR,TB,2022,1,REG,DAL,0,0,0,0,0,0,0,0,3,3,35,0,0,0.111111111111111,0,0,0,0,0,0,0,0,6.5
00-0033923,K.Hunt,Kareem Hunt,RB,RB,CLE,2022,1,REG,CAR,0,0,0,0,0,11,46,1,4,4,24,1,-4,0.133333333333333,-0.0161290322580645,0,0,0,0,0,0,0,23
00-0033925,D.Foreman,D'Onta Foreman,RB,RB,CAR,2022,1,REG,CLE,0,0,0,0,0,2,5,0,0,0,0,0,0,0,0,0,0,0,0,0,0,0,0.5
00-0033932,K.Golladay,Kenny Golladay,WR,WR,NYG,2022,1,REG,TEN,0,0,0,0,0,0,0,0,2,2,22,0,13,0.0952380952380952,0.108333333333333,0,0,0,0,0,0,0,4.2
00-0033943,J.Reynolds,Josh Reynolds,WR,WR,DET,2022,1,REG,PHI,0,0,0,0,0,0,0,0,1,3,28,0,41,0.0810810810810811,0.133986928104575,0,0,0,0,0,0,0,3.8
00-0033948,Ja.Williams,Jamaal Williams,RB,RB,DET,2022,1,REG,PHI,0,0,0,0,0,11,28,2,1,2,2,0,5,0.0540540540540541,0.0163398692810458,0,0,0,0,0,0,0,16
00-0034073,R.Dwelley,Ross Dwelley,TE,TE,SF,2022,1,REG,CHI,0,0,0,0,0,0,0,0,1,2,11,0,15,0.0769230769230769,0.0735294117647059,0,0,0,0,0,0,0,2.1
00-0034104,C.Sims,Cam Sims,WR,WR,WAS,2022,1,REG,JAX,0,0,0,0,0,0,0,0,0,1,0,0,29,0.024390243902439,0.1,0,0,0,0,0,0,0,0
00-0034115,J.Wilson,Jeffery Wilson,RB,RB,SF,2022,1,REG,CHI,0,0,0,0,0,9,22,0,2,2,8,0,2,0.0769230769230769,0.00980392156862745,0,0,0,0,0,0,0,5
00-0034159,W.Dissly,Will Dissly,TE,TE,SEA,2022,1,REG,DEN,0,0,0,0,0,0,0,0,3,3,43,1,12,0.111111111111111,0.0833333333333333,0,0,0,0,0,0,0,13.3
00-0034164,T.Cannon,Trenton Cannon,RB,RB,TEN,2022,1,REG,NYG,0,0,0,0,0,0,0,0,0,0,0,0,0,0,0,0,0,0,0,0,0,0,0
00-0034208,M.Boone,Mike Boone,RB,RB,DEN,2022,1,REG,SEA,0,0,0,0,0,0,0,0,1,1,2,0,2,0.024390243902439,0.00727272727272727,0,0,0,0,0,0,0,1.2
00-0034253,D.Hilliard,Dontrell Hilliard,RB,RB,TEN,2022,1,REG,NYG,0,0,0,0,0,2,8,0,3,4,61,2,21,0.129032258064516,0.070945945945946,0,0,0,0,0,0,0,21.9
00-0034270,T.Conklin,Tyler Conklin,TE,TE,NYJ,2022,1,REG,BAL,0,0,0,0,0,0,0,0,4,7,16,1,11,0.12280701754386,0.0384615384615385,0,0,0,0,0,0,0,11.6
00-0034272,M.Valdes-Scantling,Marquez Valdes-Scantling,WR,WR,KC,2022,1,REG,ARI,0,0,0,0,0,1,-3,0,4,4,44,0,22,0.102564102564103,0.0723684210526316,0,0,0,0,0,0,0,8.1
00-0034279,E.St. Brown,Equanimeous St. Brown,WR,WR,CHI,2022,1,REG,SF,0,0,0,0,0,0,0,0,1,3,18,1,34,0.176470588235294,0.209876543209877,0,0,0,0,0,0,0,8.8
00-0034286,R.James,Richie James,WR,WR,NYG,2022,1,REG,TEN,0,0,0,0,0,1,2,0,5,6,59,0,63,0.285714285714286,0.525,0,0,0,0,0,0,0,11.1
00-0034297,B.Pringle,Byron Pringle,WR,WR,CHI,2022,1,REG,SF,0,0,0,0,0,0,0,0,1,2,22,0,51,0.117647058823529,0.314814814814815,0,0,0,0,0,0,0,3.2
00-0034348,C.Sutton,Courtland Sutton,WR,WR,DEN,2022,1,REG,SEA,0,0,0,0,0,0,0,0,4,7,72,0,121,0.170731707317073,0.44,0,0,0,0,0,0,0,11.2
00-0034351,D.Goedert,Dallas Goedert,TE,TE,PHI,2022,1,REG,DET,0,0,0,0,0,0,0,0,3,4,60,0,9,0.137931034482759,0.0692307692307692,0,0,0,0,0,0,0,9
00-0034365,I.Thomas,Ian Thomas,TE,TE,CAR,2022,1,REG,CLE,0,0,0,0,0,0,0,0,2,3,53,0,33,0.115384615384615,0.192982456140351,0,0,0,0,0,0,0,7.3
00-0034367,N.Hines,Nyheim Miller-Hines,RB,RB,IND,2022,1,REG,HOU,0,0,0,0,0,3,4,0,6,6,50,0,11,0.122448979591837,0.0351437699680511,0,0,0,0,0,0,0,11.4
00-0034383,D.Schultz,Dalton Schultz,TE,TE,DAL,2022,1,REG,TB,0,0,0,0,0,0,0,0,7,9,62,0,60,0.219512195121951,0.168067226890756,0,0,0,0,0,0,0,13.2
00-0034386,Ju.Watson,Justin Watson,WR,WR,KC,2022,1,REG,ARI,0,0,0,0,0,0,0,0,0,1,0,0,2,0.0256410256410256,0.00657894736842105,0,0,0,0,0,0,0,0
00-0034407,R.McCloud,Ray-Ray McCloud,WR,WR,SF,2022,1,REG,CHI,0,0,0,0,0,0,0,0,1,2,20,0,32,0.0769230769230769,0.156862745098039,0,0,0,0,0,0,0,3
00-0034411,R.Gage,Russell Gage,WR,WR,TB,2022,1,REG,DAL,0,0,0,0,0,0,0,0,2,2,13,0,6,0.0740740740740741,0.019672131147541,0,0,0,0,0,0,0,3.3
00-0034414,B.Scott,Boston Scott,RB,RB,PHI,2022,1,REG,DET,0,0,0,0,0,4,10,1,0,0,0,0,0,0,0,0,0,0,0,0,0,0,7
00-0034418,C.Wilson,Cedrick Wilson,WR,WR,MIA,2022,1,REG,NE,0,0,0,0,0,1,8,0,2,2,20,0,17,0.0645161290322581,0.0618181818181818,0,0,0,0,0,0,0,4.8
00-0034419,B.Berrios,Braxton Berrios,WR,WR,NYJ,2022,1,REG,BAL,0,0,0,0,0,0,0,0,5,6,37,0,12,0.105263157894737,0.041958041958042,0,0,0,0,0,0,0,8.7
00-0034487,T.Sherfield,Trent Sherfield,WR,WR,MIA,2022,1,REG,NE,0,0,0,0,0,0,0,0,1,2,8,0,23,0.0645161290322581,0.0836363636363636,0,0,0,0,0,0,0,1.8
00-0034646,B.Powell,Brandon Powell,WR,WR,LA,2022,1,REG,BUF,0,0,0,0,0,1,3,0,1,1,10,0,3,0.024390243902439,0.0125523012552301,0,0,0,0,0,0,0,2.3
00-0034681,C.Edmonds,Chase Edmonds,RB,RB,MIA,2022,1,REG,NE,0,0,0,0,0,12,25,0,4,4,40,0,17,0.129032258064516,0.0618181818181818,0,0,0,0,0,0,0,10.5
00-0034750,R.Penny,Rashaad Penny,RB,RB,SEA,2022,1,REG,DEN,0,0,0,0,0,12,60,0,2,3,7,0,-8,0.111111111111111,-0.0555555555555556,0,0,0,0,0,0,0,8.7
00-0034753,M.Andrews,Mark Andrews,TE,TE,BAL,2022,1,REG,NYJ,0,0,0,0,0,0,0,0,5,7,52,0,99,0.241379310344828,0.275,0,0,0,0,0,0,0,10.2
00-0034775,C.Kirk,Christian Kirk,WR,WR,JAX,2022,1,REG,WAS,0,0,0,0,0,0,0,0,6,12,117,0,128,0.315789473684211,0.353591160220994,0,0,0,0,0,0,0,17.7
00-0034777,D.Chark,D.J. Chark,WR,WR,DET,2022,1,REG,PHI,0,0,0,0,0,0,0,0,4,8,52,1,124,0.216216216216216,0.405228758169935,0,0,0,0,0,0,0,15.2
00-0034791,N.Chubb,Nick Chubb,RB,RB,CLE,2022,1,REG,CAR,0,0,0,0,0,22,141,0,1,1,2,0,-7,0.0333333333333333,-0.0282258064516129,0,0,0,0,0,0,0,15.3
00-0034796,L.Jackson,Lamar Jackson,QB,QB,BAL,2022,1,REG,NYJ,17,30,213,3,1,6,17,0,0,0,0,0,0,0,0,0,0,0,0,0,0,0,20.22
00-0034798,D.Smythe,Durham Smythe,TE,TE,MIA,2022,1,REG,NE,0,0,0,0,0,0,0,0,1,2,14,0,12,0.0645161290322581,0.0436363636363636,0,0,0,0,0,0,0,2.4
00-0034827,D.Moore,D.J. Moore,WR,WR,CAR,2022,1,REG,CLE,0,0,0,0,0,1,7,0,3,6,43,0,53,0.230769230769231,0.309941520467836,0,0,0,0,0,0,0,8
00-0034829,M.Gesicki,Mike Gesicki,TE,TE,MIA,2022,1,REG,NE,0,0,0,0,0,0,0,0,1,1,1,0,0,0.032258064516129,0,0,0,0,0,0,0,0,1.1
00-0034830,H.Hurst,Hayden Hurst,TE,TE,CIN,2022,1,REG,PIT,0,0,0,0,0,0,0,0,5,8,46,0,26,0.150943396226415,0.0698924731182796,0,0,0,0,0,0,0,9.6
00-0034844,S.Barkley,Saquon Barkley,RB,RB,NYG,2022,1,REG,TEN,0,0,0,0,0,18,164,1,6,7,30,0,-4,0.333333333333333,-0.0333333333333333,0,0,0,0,0,1,0,33.4
00-0034845,S.Michel,Sony Michel,RB,RB,LAC,2022,1,REG,LV,0,0,0,0,0,7,12,0,0,0,0,0,0,0,0,0,0,0,0,0,0,0,1.2
00-0034854,K.Hodge,KhaDarel Hodge,WR,WR,ATL,2022,1,REG,NO,0,0,0,0,0,0,0,0,3,3,38,0,25,0.09375,0.0886524822695036,0,0,0,0,0,0,0,6.8
00-0034855,B.Mayfield,Baker Mayfield,QB,QB,CAR,2022,1,REG,CLE,16,27,235,1,1,5,6,1,0,0,0,0,0,0,0,0,0,0,0,0,0,0,18
00-0034857,J.Allen,Josh Allen,QB,QB,BUF,2022,1,REG,LA,26,31,297,3,2,10,56,1,0,0,0,0,0,0,0,0,0,0,0,0,0,0,31.48
00-0034860,D.Pettis,Dante Pettis,WR,WR,CHI,2022,1,REG,SF,0,0,0,0,0,0,0,0,1,1,51,1,21,0.0588235294117647,0.12962962962963,0,0,0,0,0,0,0,12.1
00-0034960,J.Meyers,Jakobi Meyers,WR,WR,NE,2022,1,REG,MIA,0,0,0,0,0,1,7,0,4,6,55,0,90,0.2,0.32258064516129,0,0,0,0,0,0,0,10.2
00-0034970,I.Smith,Irv Smith,TE,TE,MIN,2022,1,REG,GB,0,0,0,0,0,0,0,0,0,2,0,0,3,0.0645161290322581,0.0182926829268293,0,0,0,0,0,0,0,0
00-0034972,A.Mattison,Alexander Mattison,RB,RB,MIN,2022,1,REG,GB,0,0,0,0,0,8,36,0,0,0,0,0,0,0,0,0,0,0,0,0,0,0,3.6
00-0034975,J.Hill,Justice Hill,RB,RB,BAL,2022,1,REG,NYJ,0,0,0,0,0,2,4,0,2,2,7,0,3,0.0689655172413793,0.00833333333333333,0,0,0,0,0,0,0,3.1
00-0034983,H.Renfrow,Hunter Renfrow,WR,WR,LV,2022,1,REG,LAC,0,0,0,0,0,0,0,0,3,6,21,0,31,0.171428571428571,0.0909090909090909,0,0,0,0,0,0,0,5.1
00-0035021,A.Dulin,Ashton Dulin,WR,WR,IND,2022,1,REG,HOU,0,0,0,0,0,0,0,0,3,6,46,0,95,0.122448979591837,0.303514376996805,0,0,0,0,0,0,0,7.6
00-0035140,M.Hardman,Mecole Hardman,WR,WR,KC,2022,1,REG,ARI,0,0,0,0,0,0,0,0,3,6,16,1,86,0.153846153846154,0.282894736842105,0,0,0,0,0,0,0,10.6
00-0035146,T.McSorley,Trace McSorley,QB,QB,ARI,2022,1,REG,KC,2,4,12,0,0,3,20,0,0,0,0,0,0,0,0,0,0,0,0,0,0,0,2.48
00-0035208,O.Zaccheaus,Olamide Zaccheaus,WR,WR,ATL,2022,1,REG,NO,0,0,0,0,0,0,0,0,4,4,49,0,39,0.125,0.138297872340426,0,0,1,0,0,0,0,6.9
00-0035215,D.Harty,Deonte Harty,WR,WR,NO,2022,1,REG,ATL,0,0,0,0,0,0,0,0,1,1,4,0,-4,0.03125,-0.0136518771331058,0,0,0,0,0,0,0,1.4
00-0035216,D.Johnson,Diontae Johnson,WR,WR,PIT,2022,1,REG,CIN,0,0,0,0,0,0,0,0,7,12,55,0,115,0.324324324324324,0.382059800664452,0,0,0,0,0,0,0,12.5
00-0035217,B.Snell,Benny Snell,RB,RB,PIT,2022,1,REG,CIN,0,0,0,0,0,0,0,0,0,0,0,0,0,0,0,0,0,0,0,0,0,0,0
00-0035222,Z.Gentry,Zach Gentry,TE,TE,PIT,2022,1,REG,CIN,0,0,0,0,0,0,0,0,2,2,40,0,0,0.0540540540540541,0,0,0,0,0,0,0,0,6
00-0035228,K.Murray,Kyler Murray,QB,QB,ARI,2022,1,REG,KC,22,34,193,2,0,5,29,0,0,0,0,0,0,0,0,0,0,0,1,0,0,0,20.62
00-0035229,T.Hockenson,T.J. Hockenson,TE,TE,DET,2022,1,REG,PHI,0,0,0,0,0,0,0,0,4,7,38,0,42,0.189189189189189,0.137254901960784,0,0,0,0,0,0,0,7.8
00-0035243,M.Sanders,Miles Sanders,RB,RB,PHI,2022,1,REG,DET,0,0,0,0,0,13,96,1,2,2,9,0,-3,0.0689655172413793,-0.0230769230769231,0,0,0,0,0,0,0,18.5
00-0035250,D.Singletary,Devin Singletary,RB,RB,BUF,2022,1,REG,LA,0,0,0,0,0,8,48,0,2,2,14,0,-8,0.0645161290322581,-0.0352422907488987,0,0,0,0,0,0,0,8.2
00-0035261,T.Pollard,Tony Pollard,RB,RB,DAL,2022,1,REG,TB,0,0,0,0,0,6,8,0,2,2,14,0,1,0.0487804878048781,0.00280112044817927,0,0,0,0,0,0,0,4.2
00-0035345,C.Myarick,Chris Myarick,TE,TE,NYG,2022,1,REG,TEN,0,0,0,0,0,0,0,0,1,1,1,1,1,0.0476190476190476,0.00833333333333333,0,0,0,0,0,0,0,7.1
00-0035399,S.Morgan,Stanley Morgan,WR,WR,CIN,2022,1,REG,PIT,0,0,0,0,0,0,0,0,0,0,0,0,0,0,0,0,0,0,0,0,0,0,0
00-0035414,J.Guyton,Jalen Guyton,WR,WR,LAC,2022,1,REG,LV,0,0,0,0,0,0,0,0,0,1,0,0,28,0.0294117647058824,0.117647058823529,0,0,0,0,0,0,0,0
00-0035500,G.Dortch,Greg Dortch,WR,WR,ARI,2022,1,REG,KC,0,0,0,0,0,0,0,0,7,9,63,0,62,0.25,0.232209737827715,0,0,0,0,0,0,0,13.3
00-0035527,A.Isabella,Andy Isabella,WR,WR,ARI,2022,1,REG,KC,0,0,0,0,0,0,0,0,1,3,10,0,30,0.0833333333333333,0.112359550561798,0,0,0,0,0,0,0,2
00-0035547,J.Fortson,Joseph Fortson,TE,TE,KC,2022,1,REG,ARI,0,0,0,0,0,0,0,0,1,1,1,1,1,0.0256410256410256,0.00328947368421053,0,0,0,0,0,0,0,7.1
00-0035572,P.Hesse,Parker Hesse,TE,TE,ATL,2022,1,REG,NO,0,0,0,0,0,0,0,0,1,2,5,0,9,0.0625,0.0319148936170213,0,0,0,0,0,0,0,1.5
00-0035593,J.Winfree,Juwann Winfree,WR,WR,GB,2022,1,REG,MIN,0,0,0,0,0,0,0,0,1,1,17,0,12,0.0285714285714286,0.0547945205479452,0,0,0,0,0,0,0,2.7
00-0035594,T.Homer,Travis Homer,RB,RB,SEA,2022,1,REG,DEN,0,0,0,0,0,1,2,0,0,0,0,0,0,0,0,0,0,0,0,0,0,0,0.2
00-0035631,D.Sample,Drew Sample,TE,TE,CIN,2022,1,REG,PIT,0,0,0,0,0,0,0,0,1,1,2,0,2,0.0188679245283019,0.00537634408602151,0,0,0,0,0,0,0,1.2
00-0035639,P.Campbell,Parris Campbell,WR,WR,IND,2022,1,REG,HOU,0,0,0,0,0,0,0,0,3,4,37,0,20,0.0816326530612245,0.0638977635782748,0,0,0,0,0,0,0,6.7
00-0035640,D.Metcalf,DK Metcalf,WR,WR,SEA,2022,1,REG,DEN,0,0,0,0,0,0,0,0,7,7,36,0,31,0.259259259259259,0.215277777777778,0,0,1,0,0,0,0,8.6
00-0035644,N.Fant,Noah Fant,TE,TE,SEA,2022,1,REG,DEN,0,0,0,0,0,0,0,0,3,4,16,0,15,0.148148148148148,0.104166666666667,0,0,0,0,0,0,0,4.6
00-0035645,G.Olszewski,Gunner Olszewski,WR,WR,PIT,2022,1,REG,CIN,0,0,0,0,0,0,0,0,0,0,0,0,0,0,0,0,0,0,0,0,0,0,0
00-0035657,D.Harris,Damien Harris,RB,RB,NE,2022,1,REG,MIA,0,0,0,0,0,9,48,0,2,3,10,0,4,0.1,0.014336917562724,0,0,0,0,0,0,0,7.8
00-0035659,T.McLaurin,Terry McLaurin,WR,WR,WAS,2022,1,REG,JAX,0,0,0,0,0,0,0,0,2,4,58,1,75,0.0975609756097561,0.258620689655172,0,0,0,0,0,0,0,13.8
00-0035662,M.Brown,Marquise Brown,WR,WR,ARI,2022,1,REG,KC,0,0,0,0,0,0,0,0,4,6,43,1,101,0.166666666666667,0.378277153558052,0,0,0,0,0,0,0,14.3
00-0035664,D.Henderson,Darrell Henderson,RB,RB,LA,2022,1,REG,BUF,0,0,0,0,0,13,47,0,5,5,26,0,2,0.121951219512195,0.00836820083682008,0,0,0,0,0,0,0,12.3
00-0035676,A.Brown,A.J. Brown,WR,WR,PHI,2022,1,REG,DET,0,0,0,0,0,0,0,0,10,13,155,0,94,0.448275862068966,0.723076923076923,0,0,0,0,0,0,0,25.5
00-0035685,D.Montgomery,David Montgomery,RB,RB,CHI,2022,1,REG,SF,0,0,0,0,0,17,26,0,3,4,24,0,-6,0.235294117647059,-0.037037037037037,0,0,0,0,0,0,0,8
00-0035689,D.Knox,Dawson Knox,TE,TE,BUF,2022,1,REG,LA,0,0,0,0,0,0,0,0,1,2,5,0,3,0.0645161290322581,0.013215859030837,0,0,0,0,0,0,0,1.5
00-0035700,J.Jacobs,Josh Jacobs,RB,RB,LV,2022,1,REG,LAC,0,0,0,0,0,10,57,0,1,1,16,0,-4,0.0285714285714286,-0.0117302052785924,0,0,0,0,0,0,0,8.3
00-0035703,M.Boykin,Miles Boykin,WR,WR,PIT,2022,1,REG,CIN,0,0,0,0,0,0,0,0,0,1,0,0,35,0.027027027027027,0.116279069767442,0,0,0,0,0,0,0,0
00-0035710,D.Jones,Daniel Jones,QB,QB,NYG,2022,1,REG,TEN,17,21,188,2,1,6,25,0,0,0,0,0,0,0,0,1,0,0,1,0,0,0,16.02
00-0035719,D.Samuel,Deebo Samuel,WR,WR,SF,2022,1,REG,CHI,0,0,0,0,0,8,52,1,2,7,14,0,5,0.269230769230769,0.0245098039215686,0,1,0,0,0,0,0,12.6
00-0035823,B.Ellefson,Ben Ellefson,TE,TE,MIN,2022,1,REG,GB,0,0,0,0,0,0,0,0,1,1,2,0,1,0.032258064516129,0.00609756097560976,0,0,0,0,0,0,0,1.2
00-0035831,J.Robinson,James Robinson,RB,RB,JAX,2022,1,REG,WAS,0,0,0,0,0,11,66,1,1,2,3,1,1,0.0526315789473684,0.00276243093922652,0,0,0,0,0,0,0,19.9
00-0035924,J.Ward,Jonathan Ward,RB,RB,ARI,2022,1,REG,KC,0,0,0,0,0,0,0,0,0,0,0,0,0,0,0,0,0,0,0,0,0,0,0
00-0035956,G.Ricci,Giovanni Ricci,TE,TE,CAR,2022,1,REG,CLE,0,0,0,0,0,0,0,0,0,0,0,0,0,0,0,0,0,0,0,0,0,0,0
00-0036005,N.Togiai,Noah Togiai,TE,TE,PHI,2022,1,REG,DET,0,0,0,0,0,0,0,0,0,1,0,0,4,0.0344827586206897,0.0307692307692308,0,0,0,0,0,0,0,0
00-0036040,J.Johnson,Juwan Johnson,TE,TE,NO,2022,1,REG,ATL,0,0,0,0,0,0,0,0,2,5,43,0,56,0.15625,0.191126279863481,0,0,0,0,0,0,0,6.3
00-0036133,J.Proche,James Proche,WR,WR,BAL,2022,1,REG,NYJ,0,0,0,0,0,0,0,0,0,0,0,0,0,0,0,0,0,0,0,0,0,0,0
00-0036139,R.Dowdle,Rico Dowdle,RB,RB,DAL,2022,1,REG,TB,0,0,0,0,0,0,0,0,0,0,0,0,0,0,0,0,0,0,0,0,0,0,0
00-0036145,L.Cager,Lawrence Cager,TE,TE,NYJ,2022,1,REG,BAL,0,0,0,0,0,0,0,0,0,1,0,0,14,0.0175438596491228,0.048951048951049,0,0,0,0,0,0,0,0
00-0036182,N.Westbrook-Ikhine,Nick Westbrook-Ikhine,WR,WR,TEN,2022,1,REG,NYG,0,0,0,0,0,0,0,0,1,2,13,0,19,0.0645161290322581,0.0641891891891892,0,0,0,0,0,0,0,2.3
00-0036196,G.Davis,Gabe Davis,WR,WR,BUF,2022,1,REG,LA,0,0,0,0,0,0,0,0,4,5,88,1,87,0.161290322580645,0.383259911894273,0,0,0,0,0,0,0,18.8
00-0036212,T.Tagovailoa,Tua Tagovailoa,QB,QB,MIA,2022,1,REG,NE,23,33,270,1,0,2,0,0,0,0,0,0,0,0,0,0,0,0,0,0,0,0,14.8
00-0036223,J.Taylor,Jonathan Taylor,RB,RB,IND,2022,1,REG,HOU,0,0,0,0,0,31,161,1,4,7,14,0,-15,0.142857142857143,-0.0479233226837061,0,0,0,0,0,0,0,27.5
00-0036232,H.Bryant,Harrison Bryant,TE,TE,CLE,2022,1,REG,CAR,0,0,0,0,0,0,0,0,2,4,18,0,54,0.133333333333333,0.217741935483871,0,0,0,0,0,0,0,3.8
00-0036233,D.Peoples-Jones,Donovan Peoples-Jones,WR,WR,CLE,2022,1,REG,CAR,0,0,0,0,0,0,0,0,6,11,60,0,87,0.366666666666667,0.350806451612903,0,0,0,0,0,0,0,12
00-0036244,C.Parkinson,Colby Parkinson,TE,TE,SEA,2022,1,REG,DEN,0,0,0,0,0,0,0,0,2,2,43,1,29,0.0740740740740741,0.201388888888889,0,0,0,0,0,0,0,12.3
00-0036250,T.Davis,Tyler Davis,TE,TE,GB,2022,1,REG,MIN,0,0,0,0,0,0,0,0,1,1,3,0,1,0.0285714285714286,0.0045662100456621,0,0,0,0,0,0,0,1.3
00-0036251,Z.Moss,Zack Moss,RB,RB,BUF,2022,1,REG,LA,0,0,0,0,0,6,15,0,6,6,21,0,-1,0.193548387096774,-0.00440528634361234,0,1,0,0,0,0,0,7.6
00-0036252,M.Pittman,Michael Pittman,WR,WR,IND,2022,1,REG,HOU,0,0,0,0,0,0,0,0,9,13,121,1,113,0.26530612244898,0.361022364217252,0,0,0,0,0,0,0,27.1
00-0036259,J.Jennings,Jauan Jennings,WR,WR,SF,2022,1,REG,CHI,0,0,0,0,0,0,0,0,4,6,62,0,60,0.230769230769231,0.294117647058824,0,0,0,0,0,0,0,10.2
00-0036261,B.Aiyuk,Brandon Aiyuk,WR,WR,SF,2022,1,REG,CHI,0,0,0,0,0,1,7,0,2,3,40,0,57,0.115384615384615,0.279411764705882,0,0,0,0,0,0,0,6.7
00-0036264,J.Love,Jordan Love,QB,QB,GB,2022,1,REG,MIN,4,5,65,0,0,0,0,0,0,0,0,0,0,0,0,0,0,0,0,0,0,0,2.6
00-0036265,A.Dillon,A.J. Dillon,RB,RB,GB,2022,1,REG,MIN,0,0,0,0,0,10,45,1,5,6,46,0,-4,0.171428571428571,-0.0182648401826484,0,0,0,0,0,0,0,20.1
00-0036271,Q.Watkins,Quez Watkins,WR,WR,PHI,2022,1,REG,DET,0,0,0,0,0,0,0,0,0,0,0,0,0,0,0,0,0,0,0,0,0,0,0
00-0036275,D.Swift,D'Andre Swift,RB,RB,DET,2022,1,REG,PHI,0,0,0,0,0,15,144,1,3,3,31,0,-10,0.0810810810810811,-0.0326797385620915,0,0,0,0,0,0,0,26.5
00-0036290,C.Kmet,Cole Kmet,TE,TE,CHI,2022,1,REG,SF,0,0,0,0,0,0,0,0,0,1,0,0,-4,0.0588235294117647,-0.0246913580246914,0,0,0,0,0,0,0,0
00-0036309,D.Mooney,Darnell Mooney,WR,WR,CHI,2022,1,REG,SF,0,0,0,0,0,0,0,0,1,3,8,0,38,0.176470588235294,0.234567901234568,0,0,0,0,0,0,0,1.8
00-0036322,J.Jefferson,Justin Jefferson,WR,WR,MIN,2022,1,REG,GB,0,0,0,0,0,0,0,0,9,11,184,2,118,0.354838709677419,0.719512195121951,0,0,0,0,0,0,0,39.4
00-0036326,C.Claypool,Chase Claypool,WR,WR,PIT,2022,1,REG,CIN,0,0,0,0,0,6,36,0,4,6,18,0,39,0.162162162162162,0.129568106312292,0,0,0,0,0,0,0,9.4
00-0036328,A.Gibson,Antonio Gibson,RB,RB,WAS,2022,1,REG,JAX,0,0,0,0,0,14,58,0,7,8,72,0,23,0.195121951219512,0.0793103448275862,0,0,0,0,0,0,0,20
00-0036331,D.Duvernay,Devin Duvernay,WR,WR,BAL,2022,1,REG,NYJ,0,0,0,0,0,0,0,0,4,4,54,2,47,0.137931034482759,0.130555555555556,0,0,0,0,0,0,0,21.4
00-0036332,J.Deguara,Josiah Deguara,TE,TE,GB,2022,1,REG,MIN,0,0,0,0,0,0,0,0,2,2,28,0,18,0.0571428571428571,0.0821917808219178,0,0,0,0,0,0,0,4.8
00-0036345,K.Osborn,K.J. Osborn,WR,WR,MIN,2022,1,REG,GB,0,0,0,0,0,0,0,0,3,4,14,0,23,0.129032258064516,0.140243902439024,0,0,0,0,0,0,0,4.4
00-0036355,J.Herbert,Justin Herbert,QB,QB,LAC,2022,1,REG,LV,26,34,279,3,0,4,1,0,0,0,0,0,0,0,0,0,0,0,0,0,0,0,23.26
00-0036358,C.Lamb,CeeDee Lamb,WR,WR,DAL,2022,1,REG,TB,0,0,0,0,0,0,0,0,2,11,29,0,108,0.268292682926829,0.302521008403361,0,0,0,0,0,0,0,4.9
00-0036360,C.Edwards-Helaire,Clyde Edwards-Helaire,RB,RB,KC,2022,1,REG,ARI,0,0,0,0,0,7,42,0,3,3,32,2,-10,0.0769230769230769,-0.0328947368421053,0,0,0,0,0,0,0,22.4
00-0036365,B.Edwards,Bryan Edwards,WR,WR,ATL,2022,1,REG,NO,0,0,0,0,0,0,0,0,0,1,0,0,9,0.03125,0.0319148936170213,0,0,0,0,0,0,0,0
00-0036370,J.Kelley,Joshua Kelley,RB,RB,LAC,2022,1,REG,LV,0,0,0,0,0,4,21,0,2,2,14,0,7,0.0588235294117647,0.0294117647058824,0,0,0,0,0,0,0,5.5
00-0036383,E.Benjamin,Eno Benjamin,RB,RB,ARI,2022,1,REG,KC,0,0,0,0,0,4,28,0,3,4,33,0,2,0.111111111111111,0.00749063670411985,0,0,0,0,0,0,0,9.1
00-0036387,J.Reagor,Jalen Reagor,WR,WR,MIN,2022,1,REG,GB,0,0,0,0,0,0,0,0,0,0,0,0,0,0,0,0,0,0,0,0,0,0,0
00-0036389,J.Hurts,Jalen Hurts,QB,QB,PHI,2022,1,REG,DET,18,32,243,0,0,17,90,1,0,0,0,0,0,0,0,0,0,0,0,0,0,0,24.72
00-0036407,J.Jeudy,Jerry Jeudy,WR,WR,DEN,2022,1,REG,SEA,0,0,0,0,0,0,0,0,4,7,102,1,73,0.170731707317073,0.265454545454545,0,0,0,0,0,0,0,20.2
00-0036410,T.Higgins,Tee Higgins,WR,WR,CIN,2022,1,REG,PIT,0,0,0,0,0,0,0,0,2,2,27,0,18,0.0377358490566038,0.0483870967741936,0,0,0,0,0,0,0,4.7
00-0036412,K.Hamler,K.J. Hamler,WR,WR,DEN,2022,1,REG,SEA,0,0,0,0,0,0,0,0,0,1,0,0,32,0.024390243902439,0.116363636363636,0,0,0,0,0,0,0,0
00-0036414,C.Akers,Cam Akers,RB,RB,LA,2022,1,REG,BUF,0,0,0,0,0,3,0,0,0,0,0,0,0,0,0,0,0,0,0,0,0,0,0
00-0036423,A.Okwuegbunam,Albert Okwuegbunam,TE,TE,DEN,2022,1,REG,SEA,0,0,0,0,0,0,0,0,5,6,33,0,7,0.146341463414634,0.0254545454545455,0,0,0,0,0,0,0,8.3
00-0036425,D.Dallas,DeeJay Dallas,RB,RB,SEA,2022,1,REG,DEN,0,0,0,0,0,0,0,0,0,0,0,0,0,0,0,0,0,0,0,0,0,0,0
00-0036439,T.Cleveland,Tyrie Cleveland,WR,WR,DEN,2022,1,REG,SEA,0,0,0,0,0,0,0,0,0,0,0,0,0,0,0,0,0,0,0,0,0,0,0
00-0036442,J.Burrow,Joe Burrow,QB,QB,CIN,2022,1,REG,PIT,33,53,338,2,4,6,47,0,0,0,0,0,0,0,0,1,0,0,1,0,0,0,18.22
00-0036482,M.Strachan,Mike Strachan,WR,WR,IND,2022,1,REG,HOU,0,0,0,0,0,0,0,0,2,2,36,0,26,0.0408163265306122,0.0830670926517572,0,0,0,0,0,0,0,5.6
00-0036550,R.Bateman,Rashod Bateman,WR,WR,BAL,2022,1,REG,NYJ,0,0,0,0,0,0,0,0,2,5,59,1,108,0.172413793103448,0.3,0,0,0,0,0,0,0,13.9
00-0036554,N.Collins,Nico Collins,WR,WR,HOU,2022,1,REG,IND,0,0,0,0,0,0,0,0,2,3,26,0,34,0.0833333333333333,0.12781954887218,0,0,0,0,0,0,0,4.6
00-0036555,C.Hubbard,Chuba Hubbard,RB,RB,CAR,2022,1,REG,CLE,0,0,0,0,0,1,3,0,0,0,0,0,0,0,0,0,0,0,0,0,0,0,0.3
00-0036556,B.Jordan,Brevin Jordan,TE,TE,HOU,2022,1,REG,IND,0,0,0,0,0,0,0,0,1,2,5,0,7,0.0555555555555556,0.0263157894736842,0,0,0,0,0,0,0,1.5
00-0036567,E.Mitchell,Elijah Mitchell,RB,RB,SF,2022,1,REG,CHI,0,0,0,0,0,6,41,0,0,0,0,0,0,0,0,0,0,0,0,0,0,0,4.1
00-0036569,G.Brightwell,Gary Brightwell,RB,RB,NYG,2022,1,REG,TEN,0,0,0,0,0,0,0,0,0,0,0,0,0,0,0,0,0,0,0,0,0,0,0
00-0036572,S.Smith,Shi Smith,WR,WR,CAR,2022,1,REG,CLE,0,0,0,0,0,0,0,0,1,3,12,0,24,0.115384615384615,0.140350877192982,0,0,0,0,0,0,0,2.2
00-0036613,J.Waddle,Jaylen Waddle,WR,WR,MIA,2022,1,REG,NE,0,0,0,0,0,1,8,0,4,5,69,1,52,0.161290322580645,0.189090909090909,0,0,0,0,0,0,0,17.7
00-0036620,D.Eskridge,D'Wayne Eskridge,WR,WR,SEA,2022,1,REG,DEN,0,0,0,0,0,0,0,0,1,2,0,0,5,0.0740740740740741,0.0347222222222222,0,0,0,0,0,0,0,1
00-0036628,J.Bates,John Bates,TE,TE,WAS,2022,1,REG,JAX,0,0,0,0,0,0,0,0,0,1,0,0,3,0.024390243902439,0.0103448275862069,0,0,0,0,0,0,0,0
00-0036630,T.Wallace,Tylan Wallace,WR,WR,BAL,2022,1,REG,NYJ,0,0,0,0,0,0,0,0,0,1,0,0,36,0.0344827586206897,0.1,0,0,0,0,0,0,0,0
00-0036637,N.Gray,Noah Gray,TE,TE,KC,2022,1,REG,ARI,0,0,0,0,0,0,0,0,1,2,10,0,14,0.0512820512820513,0.0460526315789474,0,0,0,0,0,0,0,2
00-0036646,S.Fehoko,Simi Fehoko,WR,WR,DAL,2022,1,REG,TB,0,0,0,0,0,0,0,0,2,3,12,0,43,0.0731707317073171,0.120448179271709,0,0,0,0,0,0,0,3.2
00-0036654,D.Felton,Demetric Felton,RB,RB,CLE,2022,1,REG,CAR,0,0,0,0,0,0,0,0,0,1,0,0,12,0.0333333333333333,0.0483870967741936,0,0,0,0,0,0,0,0
00-0036671,D.Milne,Dax Milne,WR,WR,WAS,2022,1,REG,JAX,0,0,0,0,0,0,0,0,0,1,0,0,14,0.024390243902439,0.0482758620689655,0,0,0,0,0,0,0,0
00-0036842,K.Nwangwu,Kene Nwangwu,RB,RB,MIN,2022,1,REG,GB,0,0,0,0,0,0,0,0,0,0,0,0,0,0,0,0,0,0,0,0,0,0,0
00-0036849,T.Atwell,Tutu Atwell,WR,WR,LA,2022,1,REG,BUF,0,0,0,0,0,0,0,0,0,1,0,0,5,0.024390243902439,0.0209205020920502,0,0,0,0,0,0,0,0
00-0036862,B.Skowronek,Ben Skowronek,WR,WR,LA,2022,1,REG,BUF,0,0,0,0,0,0,0,0,4,6,25,0,66,0.146341463414634,0.276150627615063,0,0,0,0,0,0,0,6.5
00-0036875,R.Stevenson,Rhamondre Stevenson,RB,RB,NE,2022,1,REG,MIA,0,0,0,0,0,8,25,0,2,2,2,0,-6,0.0666666666666667,-0.021505376344086,0,0,0,0,0,0,0,4.7
00-0036876,K.Granson,Kylen Granson,TE,TE,IND,2022,1,REG,HOU,0,0,0,0,0,0,0,0,3,7,22,0,37,0.142857142857143,0.118210862619808,0,0,0,0,0,0,0,5.2
00-0036877,J.Darden,Jaelon Darden,WR,WR,TB,2022,1,REG,DAL,0,0,0,0,0,1,2,0,0,0,0,0,0,0,0,0,0,0,0,0,0,0,0.2
00-0036893,N.Harris,Najee Harris,RB,RB,PIT,2022,1,REG,CIN,0,0,0,0,0,10,23,0,2,2,3,1,-4,0.0540540540540541,-0.0132890365448505,0,0,0,0,0,0,0,10.6
00-0036894,P.Freiermuth,Pat Freiermuth,TE,TE,PIT,2022,1,REG,CIN,0,0,0,0,0,0,0,0,5,10,75,0,74,0.27027027027027,0.245847176079734,0,0,0,0,0,0,0,12.5
00-0036898,D.Mills,Davis Mills,QB,QB,HOU,2022,1,REG,IND,23,37,240,2,0,2,-1,0,0,0,0,0,0,0,0,1,0,0,0,0,0,0,15.5
00-0036900,J.Chase,Ja'Marr Chase,WR,WR,CIN,2022,1,REG,PIT,0,0,0,0,0,0,0,0,10,16,129,1,123,0.30188679245283,0.330645161290323,0,0,0,0,0,0,0,28.9
00-0036906,K.Herbert,Khalil Herbert,RB,RB,CHI,2022,1,REG,SF,0,0,0,0,0,9,45,1,1,1,-2,0,-1,0.0588235294117647,-0.00617283950617284,0,0,0,0,0,0,0,11.3
00-0036912,D.Smith,DeVonta Smith,WR,WR,PHI,2022,1,REG,DET,0,0,0,0,0,0,0,0,0,4,0,0,23,0.137931034482759,0.176923076923077,0,0,0,0,0,0,0,0
00-0036913,K.Toney,Kadarius Toney,WR,WR,NYG,2022,1,REG,TEN,0,0,0,0,0,2,23,0,0,0,0,0,0,0,0,0,0,0,0,0,0,0,2.3
00-0036919,K.Gainwell,Kenneth Gainwell,RB,RB,PHI,2022,1,REG,DET,0,0,0,0,0,5,20,1,2,4,12,0,-1,0.137931034482759,-0.00769230769230769,0,0,0,0,0,0,0,11.2
00-0036924,Mi.Carter,Michael Carter,RB,RB,NYJ,2022,1,REG,BAL,0,0,0,0,0,10,60,0,7,9,40,0,-1,0.157894736842105,-0.0034965034965035,0,0,0,0,0,0,0,17
00-0036945,J.Fields,Justin Fields,QB,QB,CHI,2022,1,REG,SF,8,17,121,2,1,11,28,0,0,0,0,0,0,0,0,0,0,0,0,0,0,0,13.64
00-0036950,A.Williams,Avery Williams,RB,RB,ATL,2022,1,REG,NO,0,0,0,0,0,2,7,0,1,1,8,0,-7,0.03125,-0.024822695035461,0,0,0,0,0,0,0,2.5
00-0036963,A.St. Brown,Amon-Ra St. Brown,WR,WR,DET,2022,1,REG,PHI,0,0,0,0,0,0,0,0,8,12,64,1,65,0.324324324324324,0.212418300653595,0,0,0,0,0,0,0,20.4
00-0036970,K.Pitts,Kyle Pitts,TE,TE,ATL,2022,1,REG,NO,0,0,0,0,0,0,0,0,2,7,19,0,93,0.21875,0.329787234042553,0,0,0,0,0,0,0,3.9
00-0036971,T.Lawrence,Trevor Lawrence,QB,QB,JAX,2022,1,REG,WAS,24,42,275,1,1,2,4,0,0,0,0,0,0,0,0,0,0,0,0,0,0,0,13.4
00-0036972,M.Jones,Mac Jones,QB,QB,NE,2022,1,REG,MIA,21,30,213,1,1,2,0,0,0,0,0,0,0,0,0,1,0,0,0,0,0,0,8.52
00-0036973,T.Etienne,Travis Etienne,RB,RB,JAX,2022,1,REG,WAS,0,0,0,0,0,4,47,0,2,4,18,0,30,0.105263157894737,0.0828729281767956,0,0,0,0,0,0,0,8.5
00-0036980,E.Moore,Elijah Moore,WR,WR,NYJ,2022,1,REG,BAL,0,0,0,0,0,0,0,0,5,7,49,0,57,0.12280701754386,0.199300699300699,0,0,0,0,0,0,0,9.9
00-0036988,J.Palmer,Josh Palmer,WR,WR,LAC,2022,1,REG,LV,0,0,0,0,0,1,4,0,3,4,5,0,13,0.117647058823529,0.0546218487394958,0,0,0,0,0,0,0,3.9
00-0036991,Am.Rodgers,Amari Rodgers,WR,WR,GB,2022,1,REG,MIN,0,0,0,0,0,0,0,0,0,0,0,0,0,0,0,0,0,0,0,0,0,0,0
00-0036997,J.Williams,Javonte Williams,RB,RB,DEN,2022,1,REG,SEA,0,0,0,0,0,7,43,0,11,12,65,0,-6,0.292682926829268,-0.0218181818181818,0,1,0,0,0,0,0,19.8
00-0036999,A.Schwartz,Anthony Schwartz,WR,WR,CLE,2022,1,REG,CAR,0,0,0,0,0,2,20,0,1,2,19,0,20,0.0666666666666667,0.0806451612903226,0,0,0,0,0,0,0,4.9
00-0037005,T.Tremble,Tommy Tremble,TE,TE,CAR,2022,1,REG,CLE,0,0,0,0,0,0,0,0,1,1,1,0,-1,0.0384615384615385,-0.00584795321637427,0,0,0,0,0,0,0,1.1
00-0037011,T.McKitty,Tre' McKitty,TE,TE,LAC,2022,1,REG,LV,0,0,0,0,0,0,0,0,3,4,24,0,14,0.117647058823529,0.0588235294117647,0,0,0,0,0,0,0,5.4
00-0037012,T.Lance,Trey Lance,QB,QB,SF,2022,1,REG,CHI,13,28,164,0,1,13,54,0,0,0,0,0,0,0,0,0,0,0,0,0,0,0,9.96
00-0037087,T.Ebner,Trestan Ebner,RB,RB,CHI,2022,1,REG,SF,0,0,0,0,0,0,0,0,0,0,0,0,0,0,0,0,0,0,0,0,0,0,0
00-0037132,B.Covey,Britain Covey,WR,WR,PHI,2022,1,REG,DET,0,0,0,0,0,0,0,0,0,0,0,0,0,0,0,0,0,0,0,0,0,0,0
00-0037168,A.Rogers,Armani Rogers,TE,TE,WAS,2022,1,REG,JAX,0,0,0,0,0,0,0,0,1,1,23,0,-4,0.024390243902439,-0.0137931034482759,0,0,0,0,0,0,0,3.3
00-0037197,I.Pacheco,Isiah Pacheco,RB,RB,KC,2022,1,REG,ARI,0,0,0,0,0,12,62,1,0,0,0,0,0,0,0,0,0,0,0,0,0,0,12.2
00-0037228,J.Warren,Jaylen Warren,RB,RB,PIT,2022,1,REG,CIN,0,0,0,0,0,3,7,0,0,1,0,0,-5,0.027027027027027,-0.0166112956810631,0,0,0,0,0,0,0,0.7
00-0037238,D.London,Drake London,WR,WR,ATL,2022,1,REG,NO,0,0,0,0,0,0,0,0,5,7,74,0,88,0.21875,0.312056737588653,0,0,0,0,0,0,0,12.4
00-0037239,C.Olave,Chris Olave,WR,WR,NO,2022,1,REG,ATL,0,0,0,0,0,0,0,0,3,3,41,0,38,0.09375,0.129692832764505,0,0,0,0,0,1,0,9.1
00-0037247,G.Pickens,George Pickens,WR,WR,PIT,2022,1,REG,CIN,0,0,0,0,0,0,0,0,1,3,3,0,47,0.0810810810810811,0.156146179401993,0,0,0,0,0,0,0,1.3
00-0037248,J.Cook,James Cook,RB,RB,BUF,2022,1,REG,LA,0,0,0,0,0,1,2,0,0,0,0,0,0,0,0,0,1,0,0,0,0,0,-1.8
00-0037256,R.White,Rachaad White,RB,RB,TB,2022,1,REG,DAL,0,0,0,0,0,6,14,0,2,2,7,0,0,0.0740740740740741,0,0,0,0,0,0,0,0,4.1
00-0037258,D.Pierce,Dameon Pierce,RB,RB,HOU,2022,1,REG,IND,0,0,0,0,0,11,33,0,1,1,6,0,3,0.0277777777777778,0.0112781954887218,0,0,0,0,0,0,0,4.9
00-0037267,J.Ford,Jerome Ford,RB,RB,CLE,2022,1,REG,CAR,0,0,0,0,0,0,0,0,0,0,0,0,0,0,0,0,0,0,0,0,0,0,0
00-0037272,M.Washington,Montrell Washington,WR,WR,DEN,2022,1,REG,SEA,0,0,0,0,0,0,0,0,0,0,0,0,0,0,0,0,0,0,0,0,0,0,0
00-0037273,K.Philips,Kyle Philips,WR,WR,TEN,2022,1,REG,NYG,0,0,0,0,0,0,0,0,6,9,66,0,75,0.290322580645161,0.253378378378378,0,0,0,0,0,0,0,12.6
00-0037304,Co.Heyward,Connor Heyward,TE,TE,PIT,2022,1,REG,CIN,0,0,0,0,0,0,0,0,0,0,0,0,0,0,0,0,0,0,0,0,0,0,0
00-0037331,Z.Horvath,Zander Horvath,RB,RB,LAC,2022,1,REG,LV,0,0,0,0,0,1,2,0,2,2,6,1,5,0.0588235294117647,0.0210084033613445,0,0,0,0,0,0,0,8.8
00-0037525,J.Mason,Jordan Mason,RB,RB,SF,2022,1,REG,CHI,0,0,0,0,0,0,0,0,0,0,0,0,0,0,0,0,0,0,0,0,0,0,0
00-0037570,D.Houston,Dennis Houston,WR,WR,DAL,2022,1,REG,TB,0,0,0,0,0,0,0,0,2,5,16,0,72,0.121951219512195,0.201680672268908,0,0,0,0,0,0,0,3.6
00-0037664,A.Pierce,Alec Pierce,WR,WR,IND,2022,1,REG,HOU,0,0,0,0,0,0,0,0,0,2,0,0,15,0.0408163265306122,0.0479233226837061,0,0,0,0,0,0,0,0
00-0037740,G.Wilson,Garrett Wilson,WR,WR,NYJ,2022,1,REG,BAL,0,0,0,0,0,0,0,0,4,8,52,0,60,0.140350877192982,0.20979020979021,0,0,0,0,0,0,0,9.2
00-0037741,J.Dotson,Jahan Dotson,WR,WR,WAS,2022,1,REG,JAX,0,0,0,0,0,1,-10,0,3,5,40,2,68,0.121951219512195,0.23448275862069,0,0,0,0,0,0,0,18
00-0037742,T.Burks,Treylon Burks,WR,WR,TEN,2022,1,REG,NYG,0,0,0,0,0,0,0,0,3,5,55,0,99,0.161290322580645,0.334459459459459,0,0,0,0,0,0,0,8.5
00-0037801,K.Turpin,Kavontae Turpin,WR,WR,DAL,2022,1,REG,TB,0,0,0,0,0,0,0,0,0,0,0,0,0,0,0,0,0,0,0,0,0,0,0
00-0037809,C.Okonkwo,Chigoziem Okonkwo,TE,TE,TEN,2022,1,REG,NYG,0,0,0,0,0,1,-4,0,1,1,11,0,11,0.032258064516129,0.0371621621621622,0,0,0,0,0,0,0,1.7
00-0037816,R.Doubs,Romeo Doubs,WR,WR,GB,2022,1,REG,MIN,0,0,0,0,0,1,11,0,4,5,37,0,48,0.142857142857143,0.219178082191781,0,0,0,0,0,0,0,8.8
00-0037838,I.Likely,Isaiah Likely,TE,TE,BAL,2022,1,REG,NYJ,0,0,0,0,0,0,0,0,0,4,0,0,19,0.137931034482759,0.0527777777777778,0,0,0,0,0,0,0,0
00-0038090,S.Moore,Skyy Moore,WR,WR,KC,2022,1,REG,ARI,0,0,0,0,0,0,0,0,1,1,30,0,15,0.0256410256410256,0.0493421052631579,0,0,0,0,0,0,0,4
00-0038117,W.Robinson,Wan'Dale Robinson,WR,WR,NYG,2022,1,REG,TEN,0,0,0,0,0,0,0,0,1,1,5,0,5,0.0476190476190476,0.0416666666666667,0,0,0,0,0,0,0,1.5
00-0038120,Br.Hall,Breece Hall,RB,RB,NYJ,2022,1,REG,BAL,0,0,0,0,0,6,23,0,6,9,38,0,15,0.157894736842105,0.0524475524475525,0,0,1,0,0,0,0,10.1
00-0038124,C.Watson,Christian Watson,WR,WR,GB,2022,1,REG,MIN,0,0,0,0,0,1,7,0,2,4,34,0,59,0.114285714285714,0.269406392694064,0,0,0,0,0,0,0,6.1
00-0038129,C.Otton,Cade Otton,TE,TE,TB,2022,1,REG,DAL,0,0,0,0,0,0,0,0,0,0,0,0,0,0,0,0,0,0,0,0,0,0,0
00-0019596,T.Brady,Tom Brady,QB,QB,TB,2022,2,REG,NO,18,34,190,1,0,3,-2,0,0,0,0,0,0,0,0,0,1,0,0,0,0,0,9.4
00-0023459,A.Rodgers,Aaron Rodgers,QB,QB,GB,2022,2,REG,CHI,19,25,234,2,0,5,10,0,0,0,0,0,0,0,0,0,1,0,0,0,0,0,16.36
00-0026143,M.Ryan,Matt Ryan,QB,QB,IND,2022,2,REG,JAX,16,30,195,0,3,0,0,0,0,0,0,0,0,0,0,0,0,0,0,0,0,0,1.8
00-0026158,J.Flacco,Joe Flacco,QB,QB,NYJ,2022,2,REG,CLE,26,44,307,4,0,2,6,0,0,0,0,0,0,0,0,1,0,0,0,0,0,0,26.88
00-0026498,M.Stafford,Matthew Stafford,QB,QB,LA,2022,2,REG,ATL,27,36,272,3,2,0,0,0,0,0,0,0,0,0,0,0,0,0,0,0,0,0,18.88
00-0027942,A.Green,A.J. Green,WR,WR,ARI,2022,2,REG,LV,0,0,0,0,0,0,0,0,3,7,16,0,49,0.148936170212766,0.201646090534979,0,0,0,0,0,1,0,6.6
00-0027966,M.Ingram,Mark Ingram,RB,RB,NO,2022,2,REG,TB,0,0,0,0,0,10,58,0,2,2,3,0,-9,0.05,-0.0168539325842697,0,1,0,0,0,0,0,6.1
00-0028002,R.Cobb,Randall Cobb,WR,WR,GB,2022,2,REG,CHI,0,0,0,0,0,0,0,0,3,3,37,0,29,0.12,0.20863309352518,0,0,0,0,0,0,0,6.7
00-0028063,T.Jones,Taiwan Jones,RB,RB,BUF,2022,2,REG,TEN,0,0,0,0,0,0,0,0,0,0,0,0,0,0,0,0,0,0,0,0,0,0,0
00-0028986,C.Keenum,Case Keenum,QB,QB,BUF,2022,2,REG,TEN,0,2,0,0,0,3,2,0,0,0,0,0,0,0,0,0,0,0,0,0,0,0,0.2
00-0029263,R.Wilson,Russell Wilson,QB,QB,DEN,2022,2,REG,HOU,14,31,219,1,1,2,3,0,0,0,0,0,0,0,0,0,0,0,0,0,0,0,11.06
00-0029293,M.Jones,Marvin Jones,WR,WR,JAX,2022,2,REG,IND,0,0,0,0,0,0,0,0,3,5,33,0,66,0.166666666666667,0.33502538071066,0,0,0,0,0,0,0,6.3
00-0029604,K.Cousins,Kirk Cousins,QB,QB,MIN,2022,2,REG,PHI,27,46,221,1,3,2,20,0,0,0,0,0,0,0,0,0,0,0,0,0,0,0,8.84
00-0029664,J.Gordon,Josh Gordon,WR,WR,TEN,2022,2,REG,BUF,0,0,0,0,0,0,0,0,0,1,0,0,12,0.0434782608695652,0.0591133004926108,0,0,0,0,0,0,0,0
00-0029701,R.Tannehill,Ryan Tannehill,QB,QB,TEN,2022,2,REG,BUF,11,20,117,0,2,1,2,0,0,0,0,0,0,0,0,0,0,0,0,0,0,0,0.88
00-0030035,A.Thielen,Adam Thielen,WR,WR,MIN,2022,2,REG,PHI,0,0,0,0,0,0,0,0,4,7,52,0,80,0.155555555555556,0.296296296296296,0,0,0,0,0,0,0,9.2
00-0030061,Z.Ertz,Zach Ertz,TE,TE,ARI,2022,2,REG,LV,0,0,0,0,0,0,0,0,8,11,75,0,58,0.234042553191489,0.238683127572016,0,0,0,0,0,0,0,15.5
00-0030068,M.Goodwin,Marquise Goodwin,WR,WR,SEA,2022,2,REG,SF,0,0,0,0,0,0,0,0,0,1,0,0,4,0.0333333333333333,0.0235294117647059,0,0,0,0,0,0,0,0
00-0030108,R.Griffin,Ryan Griffin,TE,TE,CHI,2022,2,REG,GB,0,0,0,0,0,0,0,0,1,1,18,0,16,0.0909090909090909,0.132231404958678,0,0,0,0,0,0,0,2.8
00-0030288,R.Burkhead,Rex Burkhead,RB,RB,HOU,2022,2,REG,DEN,0,0,0,0,0,0,0,0,2,3,9,0,27,0.0810810810810811,0.0833333333333333,0,0,0,0,0,0,0,2.9
00-0030431,R.Woods,Robert Woods,WR,WR,TEN,2022,2,REG,BUF,0,0,0,0,0,0,0,0,4,5,39,0,44,0.217391304347826,0.216748768472906,0,0,0,0,0,0,0,7.9
00-0030456,G.Bernard,Giovani Bernard,RB,RB,TB,2022,2,REG,NO,0,0,0,0,0,0,0,0,0,0,0,0,0,0,0,0,0,0,0,0,0,0,0
00-0030506,T.Kelce,Travis Kelce,TE,TE,KC,2022,2,REG,LAC,0,0,0,0,0,0,0,0,5,7,51,0,62,0.205882352941176,0.248995983935743,0,0,0,0,0,0,0,10.1
00-0030565,G.Smith,Geno Smith,QB,QB,SEA,2022,2,REG,SF,24,30,197,0,1,2,2,0,0,0,0,0,0,0,0,0,0,0,0,0,0,0,6.08
00-0030578,C.Patterson,Cordarrelle Patterson,RB,RB,ATL,2022,2,REG,LA,0,0,0,0,0,10,41,0,0,1,0,0,4,0.04,0.0195121951219512,0,0,0,0,0,0,0,4.1
00-0031236,B.Cooks,Brandin Cooks,WR,WR,HOU,2022,2,REG,DEN,0,0,0,0,0,0,0,0,4,10,54,0,73,0.27027027027027,0.225308641975309,0,0,0,0,0,0,0,9.4
00-0031260,L.Thomas,Logan Thomas,TE,TE,WAS,2022,2,REG,DET,0,0,0,0,0,0,0,0,3,5,37,1,69,0.113636363636364,0.166265060240964,0,0,0,0,0,0,0,12.7
00-0031273,C.Brate,Cameron Brate,TE,TE,TB,2022,2,REG,NO,0,0,0,0,0,0,0,0,1,2,9,0,21,0.0606060606060606,0.0668789808917197,0,0,0,0,0,0,0,1.9
00-0031280,D.Carr,Derek Carr,QB,QB,LV,2022,2,REG,ARI,25,39,252,2,0,1,9,0,0,0,0,0,0,0,0,0,0,0,0,0,0,0,18.98
00-0031325,S.Watkins,Sammy Watkins,WR,WR,GB,2022,2,REG,CHI,0,0,0,0,0,0,0,0,3,4,93,0,70,0.16,0.503597122302158,0,0,0,0,0,0,0,12.3
00-0031345,J.Garoppolo,Jimmy Garoppolo,QB,QB,SF,2022,2,REG,SEA,13,21,154,1,0,4,5,1,0,0,0,0,0,0,0,0,0,0,0,0,0,0,16.66
00-0031376,J.McKinnon,Jerick McKinnon,RB,RB,KC,2022,2,REG,LAC,0,0,0,0,0,4,12,0,2,2,4,1,1,0.0588235294117647,0.00401606425702811,0,0,0,0,0,0,0,9.6
00-0031381,D.Adams,Davante Adams,WR,WR,LV,2022,2,REG,ARI,0,0,0,0,0,0,0,0,2,7,12,1,81,0.17948717948718,0.347639484978541,0,0,0,0,0,0,0,9.2
00-0031382,J.Landry,Jarvis Landry,WR,WR,NO,2022,2,REG,TB,0,0,0,0,0,0,0,0,4,5,25,0,20,0.125,0.0374531835205993,0,0,0,0,0,0,0,6.5
00-0031408,M.Evans,Mike Evans,WR,WR,TB,2022,2,REG,NO,0,0,0,0,0,0,0,0,3,4,61,0,61,0.121212121212121,0.194267515923567,0,0,0,0,0,0,0,9.1
00-0031428,Al.Robinson,Allen Robinson,WR,WR,LA,2022,2,REG,ATL,0,0,0,0,0,0,0,0,4,5,53,1,39,0.142857142857143,0.156626506024096,0,0,0,0,0,0,0,15.3
00-0031503,J.Winston,Jameis Winston,QB,QB,NO,2022,2,REG,TB,25,40,236,1,3,1,2,0,0,0,0,0,0,0,0,0,0,0,0,0,0,0,7.64
00-0031544,A.Cooper,Amari Cooper,WR,WR,CLE,2022,2,REG,NYJ,0,0,0,0,0,0,0,0,9,10,101,1,105,0.37037037037037,0.719178082191781,0,0,0,0,0,0,0,25.1
00-0031547,D.Parker,DeVante Parker,WR,WR,NE,2022,2,REG,PIT,0,0,0,0,0,0,0,0,0,2,0,0,53,0.0588235294117647,0.162079510703364,0,0,0,0,0,0,0,0
00-0031549,N.Agholor,Nelson Agholor,WR,WR,NE,2022,2,REG,PIT,0,0,0,0,0,0,0,0,6,6,110,1,69,0.176470588235294,0.211009174311927,0,0,0,0,0,0,0,23
00-0031588,S.Diggs,Stefon Diggs,WR,WR,BUF,2022,2,REG,TEN,0,0,0,0,0,0,0,0,12,15,148,3,141,0.384615384615385,0.463815789473684,0,0,0,0,0,0,0,44.8
00-0031610,D.Waller,Darren Waller,TE,TE,LV,2022,2,REG,ARI,0,0,0,0,0,0,0,0,6,8,50,1,66,0.205128205128205,0.283261802575107,0,0,0,0,0,0,0,17
00-0031687,R.Mostert,Raheem Mostert,RB,RB,MIA,2022,2,REG,BAL,0,0,0,0,0,11,51,0,3,3,28,0,-5,0.06,-0.0138121546961326,0,0,0,0,0,0,0,10.9
00-0031763,D.Carter,DeAndre Carter,WR,WR,LAC,2022,2,REG,KC,0,0,0,0,0,0,0,0,3,3,55,0,32,0.0652173913043478,0.127490039840637,0,0,0,0,0,0,0,8.5
00-0031787,J.Kumerow,Jake Kumerow,WR,WR,BUF,2022,2,REG,TEN,0,0,0,0,0,0,0,0,2,3,50,0,41,0.0769230769230769,0.134868421052632,0,0,0,0,0,0,0,7
00-0031941,J.Crowder,Jamison Crowder,WR,WR,BUF,2022,2,REG,TEN,0,0,0,0,0,0,0,0,1,2,16,0,8,0.0512820512820513,0.0263157894736842,0,0,0,0,0,0,0,2.6
00-0032054,B.Perriman,Breshad Perriman,WR,WR,TB,2022,2,REG,NO,0,0,0,0,0,0,0,0,3,5,45,1,61,0.151515151515152,0.194267515923567,0,0,0,0,0,0,0,13.5
00-0032063,M.Davis,Mike Davis,RB,RB,BAL,2022,2,REG,MIA,0,0,0,0,0,5,4,0,0,0,0,0,0,0,0,0,0,0,0,0,0,0,0.4
00-0032104,A.Abdullah,Ameer Abdullah,RB,RB,LV,2022,2,REG,ARI,0,0,0,0,0,0,0,0,1,1,23,0,-3,0.0256410256410256,-0.0128755364806867,0,0,0,0,0,0,0,3.3
00-0032144,M.Gordon,Melvin Gordon,RB,RB,DEN,2022,2,REG,HOU,0,0,0,0,0,10,47,0,1,1,6,0,5,0.0357142857142857,0.0181159420289855,0,0,0,0,0,0,0,6.3
00-0032211,T.Lockett,Tyler Lockett,WR,WR,SEA,2022,2,REG,SF,0,0,0,0,0,0,0,0,9,11,107,0,118,0.366666666666667,0.694117647058824,0,0,0,0,0,0,0,19.7
00-0032268,M.Mariota,Marcus Mariota,QB,QB,ATL,2022,2,REG,LA,17,26,196,2,2,6,16,0,0,0,0,0,0,0,0,1,0,0,1,0,0,0,13.44
00-0032385,S.Shepard,Sterling Shepard,WR,WR,NYG,2022,2,REG,CAR,0,0,0,0,0,0,0,0,6,10,34,0,85,0.3125,0.422885572139304,0,0,0,0,0,0,0,9.4
00-0032392,A.Hooper,Austin Hooper,TE,TE,TEN,2022,2,REG,BUF,0,0,0,0,0,0,0,0,1,5,19,0,38,0.217391304347826,0.187192118226601,0,0,0,0,0,0,0,2.9
00-0032398,C.Moore,Chris Moore,WR,WR,HOU,2022,2,REG,DEN,0,0,0,0,0,0,0,0,2,4,14,0,38,0.108108108108108,0.117283950617284,0,0,0,0,0,0,0,3.4
00-0032436,J.Driskel,Jeff Driskel,QB,QB,HOU,2022,2,REG,DEN,0,0,0,0,0,1,10,0,0,0,0,0,0,0,0,0,0,0,0,0,0,0,1
00-0032450,D.Washington,Dwayne Washington,RB,RB,NO,2022,2,REG,TB,0,0,0,0,0,4,18,0,0,0,0,0,0,0,0,0,0,0,0,0,0,0,1.8
00-0032464,K.Raymond,Kalif Raymond,WR,WR,DET,2022,2,REG,WAS,0,0,0,0,0,0,0,0,0,0,0,0,0,0,0,0,0,0,0,0,0,0,0
00-0032602,J.McKissic,J.D. McKissic,RB,RB,WAS,2022,2,REG,DET,0,0,0,0,0,3,9,0,7,7,54,0,19,0.159090909090909,0.0457831325301205,0,0,0,0,0,0,0,13.3
00-0032688,R.Anderson,Robbie Chosen,WR,WR,CAR,2022,2,REG,NYG,0,0,0,0,0,0,0,0,3,5,32,0,38,0.185185185185185,0.171171171171171,0,0,1,0,0,0,0,4.2
00-0032725,S.Anderson,Stephen Anderson,TE,TE,ARI,2022,2,REG,LV,0,0,0,0,0,0,0,0,1,1,2,0,2,0.0212765957446809,0.00823045267489712,0,0,0,0,0,0,0,1.2
00-0032764,D.Henry,Derrick Henry,RB,RB,TEN,2022,2,REG,BUF,0,0,0,0,0,13,25,1,0,0,0,0,0,0,0,0,0,0,0,0,0,0,8.5
00-0032765,M.Thomas,Michael Thomas,WR,WR,NO,2022,2,REG,TB,0,0,0,0,0,0,0,0,6,9,65,1,109,0.225,0.204119850187266,0,0,0,0,0,0,0,18.5
00-0032775,D.Robinson,Demarcus Robinson,WR,WR,BAL,2022,2,REG,MIA,0,0,0,0,0,0,0,0,1,2,12,1,24,0.0689655172413793,0.0764331210191083,0,0,0,0,0,0,0,8.2
00-0032950,C.Wentz,Carson Wentz,QB,QB,WAS,2022,2,REG,DET,30,46,337,3,1,2,23,0,0,0,0,0,0,0,0,0,0,0,1,0,0,0,27.78
00-0033009,T.Boyd,Tyler Boyd,WR,WR,CIN,2022,2,REG,DAL,0,0,0,0,0,0,0,0,2,2,17,0,14,0.0571428571428571,0.0696517412935323,0,0,0,0,0,1,0,5.7
00-0033040,T.Hill,Tyreek Hill,WR,WR,MIA,2022,2,REG,BAL,0,0,0,0,0,0,0,0,11,13,190,2,138,0.26,0.38121546961326,0,0,0,0,0,0,0,42
00-0033045,E.Elliott,Ezekiel Elliott,RB,RB,DAL,2022,2,REG,CIN,0,0,0,0,0,15,53,0,1,2,-4,0,-5,0.0666666666666667,-0.0280898876404494,0,0,0,0,0,0,0,5.9
00-0033090,H.Henry,Hunter Henry,TE,TE,NE,2022,2,REG,PIT,0,0,0,0,0,0,0,0,0,1,0,0,5,0.0294117647058824,0.0152905198776758,0,0,0,0,0,0,0,0
00-0033106,J.Goff,Jared Goff,QB,QB,DET,2022,2,REG,WAS,20,34,256,4,0,2,-2,0,0,0,0,0,0,0,0,0,0,0,0,0,0,0,26.04
00-0033110,T.Higbee,Tyler Higbee,TE,TE,LA,2022,2,REG,ATL,0,0,0,0,0,0,0,0,7,9,71,0,57,0.257142857142857,0.228915662650602,0,0,0,0,0,0,0,14.1
00-0033118,K.Drake,Kenyan Drake,RB,RB,BAL,2022,2,REG,MIA,0,0,0,0,0,6,8,0,0,0,0,0,0,0,0,0,0,0,0,0,0,0,0.8
00-0033119,J.Brissett,Jacoby Brissett,QB,QB,CLE,2022,2,REG,NYJ,22,27,229,1,1,6,43,0,0,0,0,0,0,0,0,0,0,0,0,0,0,0,15.46
00-0033217,M.Alie-Cox,Mo Alie-Cox,TE,TE,IND,2022,2,REG,JAX,0,0,0,0,0,0,0,0,1,3,9,0,16,0.103448275862069,0.0625,0,0,0,0,0,0,0,1.9
00-0033246,J.Mundt,Johnny Mundt,TE,TE,MIN,2022,2,REG,PHI,0,0,0,0,0,0,0,0,2,3,28,0,17,0.0666666666666667,0.062962962962963,0,0,0,0,0,0,0,4.8
00-0033251,Z.Pascal,Zach Pascal,WR,WR,PHI,2022,2,REG,MIN,0,0,0,0,0,0,0,0,2,2,14,0,5,0.0645161290322581,0.0174216027874564,0,0,0,0,0,0,0,3.4
00-0033280,C.McCaffrey,Christian McCaffrey,RB,RB,CAR,2022,2,REG,NYG,0,0,0,0,0,15,102,0,4,5,26,0,-1,0.185185185185185,-0.00450450450450451,0,0,0,0,0,0,0,16.8
00-0033282,C.Samuel,Curtis Samuel,WR,WR,WAS,2022,2,REG,DET,0,0,0,0,0,1,21,0,7,9,78,1,55,0.204545454545455,0.132530120481928,0,0,0,0,0,0,0,22.9
00-0033292,T.Taylor,Trent Taylor,WR,WR,CIN,2022,2,REG,DAL,0,0,0,0,0,0,0,0,0,0,0,0,0,0,0,0,0,0,0,0,0,0,0
00-0033293,A.Jones,Aaron Jones,RB,RB,GB,2022,2,REG,CHI,0,0,0,0,0,15,132,1,3,3,38,1,6,0.12,0.0431654676258993,0,0,0,0,0,0,0,32
00-0033307,K.Bourne,Kendrick Bourne,WR,WR,NE,2022,2,REG,PIT,0,0,0,0,0,0,0,0,2,3,16,0,35,0.0882352941176471,0.107033639143731,0,0,0,0,0,0,0,3.6
00-0033308,M.Breida,Matt Breida,RB,RB,NYG,2022,2,REG,CAR,0,0,0,0,0,1,-4,0,0,1,0,0,-2,0.03125,-0.0099502487562189,0,0,0,0,0,0,0,-0.4
00-0033357,T.Hill,Taysom Hill,TE,TE,NO,2022,2,REG,TB,0,0,0,0,0,3,14,0,0,0,0,0,0,0,0,0,0,0,0,0,0,0,1.4
00-0033439,P.Brown,Pharaoh Brown,TE,TE,HOU,2022,2,REG,DEN,0,0,0,0,0,0,0,0,3,5,24,0,24,0.135135135135135,0.0740740740740741,0,0,0,0,0,0,0,5.4
00-0033466,I.McKenzie,Isaiah McKenzie,WR,WR,BUF,2022,2,REG,TEN,0,0,0,0,0,0,0,0,2,3,37,0,29,0.0769230769230769,0.0953947368421053,0,0,0,0,0,0,0,5.7
00-0033526,S.Perine,Samaje Perine,RB,RB,CIN,2022,2,REG,DAL,0,0,0,0,0,1,2,0,1,1,8,0,1,0.0285714285714286,0.00497512437810945,0,0,0,0,0,0,0,2
00-0033536,M.Williams,Mike Williams,WR,WR,LAC,2022,2,REG,KC,0,0,0,0,0,0,0,0,8,10,113,1,134,0.217391304347826,0.533864541832669,0,0,0,0,0,0,0,25.3
00-0033553,J.Conner,James Conner,RB,RB,ARI,2022,2,REG,LV,0,0,0,0,0,7,25,0,2,4,26,0,19,0.0851063829787234,0.0781893004115226,0,0,0,0,0,0,0,7.1
00-0033555,M.Hollins,Mack Hollins,WR,WR,LV,2022,2,REG,ARI,0,0,0,0,0,0,0,0,5,8,66,0,61,0.205128205128205,0.261802575107296,0,0,0,0,0,0,0,11.6
00-0033572,J.Agnew,Jamal Agnew,WR,WR,JAX,2022,2,REG,IND,0,0,0,0,0,2,1,0,0,1,0,0,41,0.0333333333333333,0.208121827411168,0,0,0,0,0,0,0,0.1
00-0033576,E.Saubert,Eric Saubert,TE,TE,DEN,2022,2,REG,HOU,0,0,0,0,0,0,0,0,1,2,22,1,25,0.0714285714285714,0.0905797101449275,0,0,0,0,0,0,0,9.2
00-0033591,N.Brown,Noah Brown,WR,WR,DAL,2022,2,REG,CIN,0,0,0,0,0,0,0,0,5,5,91,1,76,0.166666666666667,0.426966292134831,0,0,0,0,0,0,0,20.1
00-0033662,C.Rush,Cooper Rush,QB,QB,DAL,2022,2,REG,CIN,19,31,235,1,0,1,2,0,0,0,0,0,0,0,0,0,0,0,0,0,0,0,13.6
00-0033699,A.Ekeler,Austin Ekeler,RB,RB,LAC,2022,2,REG,KC,0,0,0,0,0,14,39,0,9,10,55,0,-25,0.217391304347826,-0.099601593625498,0,0,0,0,0,0,0,18.4
00-0033757,R.Tonyan,Robert Tonyan,TE,TE,GB,2022,2,REG,CHI,0,0,0,0,0,0,0,0,2,2,11,0,-1,0.08,-0.00719424460431655,0,0,0,0,0,0,0,3.1
00-0033854,D.Ogunbowale,Dare Ogunbowale,RB,RB,HOU,2022,2,REG,DEN,0,0,0,0,0,0,0,0,0,0,0,0,0,0,0,0,0,0,0,0,0,0,0
00-0033856,L.Fournette,Leonard Fournette,RB,RB,TB,2022,2,REG,NO,0,0,0,0,0,24,65,0,2,4,9,0,-3,0.121212121212121,-0.00955414012738853,0,0,0,0,0,0,0,9.4
00-0033857,J.Smith-Schuster,JuJu Smith-Schuster,WR,WR,KC,2022,2,REG,LAC,0,0,0,0,0,0,0,0,3,3,10,0,4,0.0882352941176471,0.0160642570281124,0,0,0,0,0,0,0,4
00-0033858,J.Smith,Jonnu Smith,TE,TE,NE,2022,2,REG,PIT,0,0,0,0,0,0,0,0,0,3,0,0,19,0.0882352941176471,0.0581039755351682,0,0,0,0,0,0,0,0
00-0033869,M.Trubisky,Mitchell Trubisky,QB,QB,PIT,2022,2,REG,NE,21,33,168,1,1,1,7,0,0,0,0,0,0,0,0,0,0,0,1,0,0,0,11.42
00-0033871,C.Davis,Corey Davis,WR,WR,NYJ,2022,2,REG,CLE,0,0,0,0,0,0,0,0,2,4,83,1,132,0.0930232558139535,0.310588235294118,0,0,0,0,0,0,0,16.3
00-0033873,P.Mahomes,Patrick Mahomes,QB,QB,KC,2022,2,REG,LAC,24,35,235,2,0,2,-1,0,0,0,0,0,0,0,0,0,0,0,0,0,0,0,17.3
00-0033879,O.Howard,O.J. Howard,TE,TE,HOU,2022,2,REG,DEN,0,0,0,0,0,0,0,0,1,1,7,0,7,0.027027027027027,0.0216049382716049,0,0,0,0,0,0,0,1.7
00-0033881,E.Engram,Evan Engram,TE,TE,JAX,2022,2,REG,IND,0,0,0,0,0,0,0,0,7,8,46,0,30,0.266666666666667,0.152284263959391,0,0,0,0,0,0,0,11.6
00-0033885,D.Njoku,David Njoku,TE,TE,CLE,2022,2,REG,NYJ,0,0,0,0,0,0,0,0,3,5,32,0,15,0.185185185185185,0.102739726027397,0,0,0,0,0,0,0,6.2
00-0033891,Z.Jones,Zay Jones,WR,WR,JAX,2022,2,REG,IND,0,0,0,0,0,0,0,0,3,4,23,0,24,0.133333333333333,0.121827411167513,0,0,0,0,0,0,0,5.3
00-0033893,D.Cook,Dalvin Cook,RB,RB,MIN,2022,2,REG,PHI,0,0,0,0,0,6,17,0,4,6,19,0,-11,0.133333333333333,-0.0407407407407407,0,0,0,0,0,0,0,7.6
00-0033895,G.Everett,Gerald Everett,TE,TE,LAC,2022,2,REG,KC,0,0,0,0,0,0,0,0,6,10,71,0,36,0.217391304347826,0.143426294820717,0,0,0,0,0,0,0,13.1
00-0033897,J.Mixon,Joe Mixon,RB,RB,CIN,2022,2,REG,DAL,0,0,0,0,0,19,57,0,3,4,26,0,-3,0.114285714285714,-0.0149253731343284,0,0,0,0,0,0,0,11.3
00-0033908,C.Kupp,Cooper Kupp,WR,WR,LA,2022,2,REG,ATL,0,0,0,0,0,0,0,0,11,14,108,2,109,0.4,0.437751004016064,0,0,1,0,0,0,0,31.8
00-0033923,K.Hunt,Kareem Hunt,RB,RB,CLE,2022,2,REG,NYJ,0,0,0,0,0,13,58,0,2,2,16,0,-6,0.0740740740740741,-0.0410958904109589,0,0,0,0,0,0,0,9.4
00-0033925,D.Foreman,D'Onta Foreman,RB,RB,CAR,2022,2,REG,NYG,0,0,0,0,0,2,9,0,0,0,0,0,0,0,0,0,0,0,0,0,0,0,0.9
00-0033943,J.Reynolds,Josh Reynolds,WR,WR,DET,2022,2,REG,WAS,0,0,0,0,0,0,0,0,3,3,38,1,28,0.0882352941176471,0.0975609756097561,0,0,0,0,0,0,0,12.8
00-0033948,Ja.Williams,Jamaal Williams,RB,RB,DET,2022,2,REG,WAS,0,0,0,0,0,12,53,0,1,1,7,0,5,0.0294117647058824,0.0174216027874564,0,0,0,0,0,0,0,7
00-0034011,D.Arnold,Dan Arnold,TE,TE,JAX,2022,2,REG,IND,0,0,0,0,0,0,0,0,1,1,8,0,-1,0.0333333333333333,-0.0050761421319797,0,0,0,0,0,0,0,1.8
00-0034054,R.Cracraft,River Cracraft,WR,WR,MIA,2022,2,REG,BAL,0,0,0,0,0,0,0,0,1,2,2,1,4,0.04,0.0110497237569061,0,0,0,0,0,0,0,7.2
00-0034073,R.Dwelley,Ross Dwelley,TE,TE,SF,2022,2,REG,SEA,0,0,0,0,0,0,0,0,1,1,38,1,16,0.0416666666666667,0.0888888888888889,0,0,0,0,0,0,0,10.8
00-0034104,C.Sims,Cam Sims,WR,WR,WAS,2022,2,REG,DET,0,0,0,0,0,0,0,0,0,2,0,0,70,0.0454545454545455,0.168674698795181,0,0,0,0,0,0,0,0
00-0034115,J.Wilson,Jeffery Wilson,RB,RB,SF,2022,2,REG,SEA,0,0,0,0,0,18,84,0,2,2,19,0,10,0.0833333333333333,0.0555555555555556,0,0,0,0,0,0,0,12.3
00-0034159,W.Dissly,Will Dissly,TE,TE,SEA,2022,2,REG,SF,0,0,0,0,0,0,0,0,2,2,0,0,-2,0.0666666666666667,-0.0117647058823529,0,0,0,0,0,0,0,2
00-0034270,T.Conklin,Tyler Conklin,TE,TE,NYJ,2022,2,REG,CLE,0,0,0,0,0,0,0,0,6,9,40,0,28,0.209302325581395,0.0658823529411765,0,0,0,0,0,0,0,10
00-0034272,M.Valdes-Scantling,Marquez Valdes-Scantling,WR,WR,KC,2022,2,REG,LAC,0,0,0,0,0,0,0,0,2,7,13,0,74,0.205882352941176,0.29718875502008,0,0,0,0,0,0,0,3.3
00-0034279,E.St. Brown,Equanimeous St. Brown,WR,WR,CHI,2022,2,REG,GB,0,0,0,0,0,0,0,0,2,4,39,0,52,0.363636363636364,0.429752066115702,0,0,0,0,0,0,0,5.9
00-0034286,R.James,Richie James,WR,WR,NYG,2022,2,REG,CAR,0,0,0,0,0,0,0,0,5,6,51,0,52,0.1875,0.258706467661692,0,0,0,0,0,0,0,10.1
00-0034297,B.Pringle,Byron Pringle,WR,WR,CHI,2022,2,REG,GB,0,0,0,0,0,0,0,0,0,0,0,0,0,0,0,0,0,0,0,0,0,0,0
00-0034301,D.Williams,Darrel Williams,RB,RB,ARI,2022,2,REG,LV,0,0,0,0,0,8,59,1,2,3,3,0,-1,0.0638297872340426,-0.00411522633744856,0,0,0,0,0,0,0,14.2
00-0034348,C.Sutton,Courtland Sutton,WR,WR,DEN,2022,2,REG,HOU,0,0,0,0,0,1,5,0,7,11,122,0,133,0.392857142857143,0.481884057971015,0,0,0,0,0,0,0,19.7
00-0034351,D.Goedert,Dallas Goedert,TE,TE,PHI,2022,2,REG,MIN,0,0,0,0,0,0,0,0,5,6,82,0,46,0.193548387096774,0.160278745644599,0,0,0,0,0,0,0,13.2
00-0034365,I.Thomas,Ian Thomas,TE,TE,CAR,2022,2,REG,NYG,0,0,0,0,0,0,0,0,1,3,13,0,32,0.111111111111111,0.144144144144144,0,0,0,0,0,0,0,2.3
00-0034366,K.Coutee,Keke Coutee,WR,WR,IND,2022,2,REG,JAX,0,0,0,0,0,0,0,0,0,0,0,0,0,0,0,0,0,0,0,0,0,0,0
00-0034367,N.Hines,Nyheim Miller-Hines,RB,RB,IND,2022,2,REG,JAX,0,0,0,0,0,1,0,0,4,5,37,0,15,0.172413793103448,0.05859375,0,0,0,0,0,0,0,7.7
00-0034383,D.Schultz,Dalton Schultz,TE,TE,DAL,2022,2,REG,CIN,0,0,0,0,0,0,0,0,2,4,18,0,6,0.133333333333333,0.0337078651685393,0,0,1,0,0,0,0,1.8
00-0034386,Ju.Watson,Justin Watson,WR,WR,KC,2022,2,REG,LAC,0,0,0,0,0,0,0,0,2,2,50,1,44,0.0588235294117647,0.176706827309237,0,0,0,0,0,0,0,13
00-0034407,R.McCloud,Ray-Ray McCloud,WR,WR,SF,2022,2,REG,SEA,0,0,0,0,0,0,0,0,1,2,16,0,18,0.0833333333333333,0.1,0,0,0,0,0,0,0,2.6
00-0034411,R.Gage,Russell Gage,WR,WR,TB,2022,2,REG,NO,0,0,0,0,0,0,0,0,5,6,28,0,10,0.181818181818182,0.0318471337579618,0,0,0,0,0,0,0,7.8
00-0034414,B.Scott,Boston Scott,RB,RB,PHI,2022,2,REG,MIN,0,0,0,0,0,4,19,0,1,1,2,0,2,0.032258064516129,0.00696864111498258,0,0,0,0,0,0,0,3.1
00-0034418,C.Wilson,Cedrick Wilson,WR,WR,MIA,2022,2,REG,BAL,0,0,0,0,0,0,0,0,0,1,0,0,8,0.02,0.0220994475138122,0,0,0,0,0,0,0,0
00-0034419,B.Berrios,Braxton Berrios,WR,WR,NYJ,2022,2,REG,CLE,0,0,0,0,0,2,22,0,0,0,0,0,0,0,0,0,0,0,0,0,0,0,2.2
00-0034440,J.Jackson,Justin Jackson,RB,RB,DET,2022,2,REG,WAS,0,0,0,0,0,0,0,0,0,0,0,0,0,0,0,0,0,0,0,0,0,0,0
00-0034487,T.Sherfield,Trent Sherfield,WR,WR,MIA,2022,2,REG,BAL,0,0,0,0,0,0,0,0,2,2,9,0,0,0.04,0,0,0,0,0,0,0,0,2.9
00-0034521,A.Lazard,Allen Lazard,WR,WR,GB,2022,2,REG,CHI,0,0,0,0,0,0,0,0,2,3,13,1,31,0.12,0.223021582733813,0,0,0,0,0,0,0,9.3
00-0034613,T.Hudson,Tanner Hudson,TE,TE,NYG,2022,2,REG,CAR,0,0,0,0,0,0,0,0,2,3,22,0,29,0.09375,0.144278606965174,0,0,0,0,0,0,0,4.2
00-0034646,B.Powell,Brandon Powell,WR,WR,LA,2022,2,REG,ATL,0,0,0,0,0,1,-26,0,1,1,6,0,6,0.0285714285714286,0.0240963855421687,0,0,0,0,0,0,0,-1
00-0034681,C.Edmonds,Chase Edmonds,RB,RB,MIA,2022,2,REG,BAL,0,0,0,0,0,5,33,0,1,3,8,0,0,0.06,0,0,0,0,0,0,0,0,5.1
00-0034750,R.Penny,Rashaad Penny,RB,RB,SEA,2022,2,REG,SF,0,0,0,0,0,6,15,0,0,0,0,0,0,0,0,0,0,0,0,0,0,0,1.5
00-0034753,M.Andrews,Mark Andrews,TE,TE,BAL,2022,2,REG,MIA,0,0,0,0,0,1,3,0,9,11,104,1,125,0.379310344827586,0.398089171974522,0,0,0,0,0,0,0,25.7
00-0034775,C.Kirk,Christian Kirk,WR,WR,JAX,2022,2,REG,IND,0,0,0,0,0,0,0,0,6,6,78,2,44,0.2,0.223350253807107,0,0,0,0,0,0,0,25.8
00-0034777,D.Chark,D.J. Chark,WR,WR,DET,2022,2,REG,WAS,0,0,0,0,0,0,0,0,0,4,0,0,87,0.117647058823529,0.303135888501742,0,0,0,0,0,0,0,0
00-0034791,N.Chubb,Nick Chubb,RB,RB,CLE,2022,2,REG,NYJ,0,0,0,0,0,17,87,3,3,3,26,0,-2,0.111111111111111,-0.0136986301369863,0,0,0,0,0,0,0,32.3
00-0034796,L.Jackson,Lamar Jackson,QB,QB,BAL,2022,2,REG,MIA,21,29,318,3,0,9,119,1,0,0,0,0,0,0,0,0,0,0,0,0,0,0,42.62
00-0034798,D.Smythe,Durham Smythe,TE,TE,MIA,2022,2,REG,BAL,0,0,0,0,0,0,0,0,1,1,5,0,4,0.02,0.0110497237569061,0,0,0,0,0,0,0,1.5
00-0034827,D.Moore,D.J. Moore,WR,WR,CAR,2022,2,REG,NYG,0,0,0,0,0,0,0,0,3,6,43,1,62,0.222222222222222,0.279279279279279,0,0,0,0,0,0,0,13.3
00-0034829,M.Gesicki,Mike Gesicki,TE,TE,MIA,2022,2,REG,BAL,0,0,0,0,0,0,0,0,4,4,41,1,30,0.08,0.0828729281767956,0,0,0,0,0,0,0,14.1
00-0034830,H.Hurst,Hayden Hurst,TE,TE,CIN,2022,2,REG,DAL,0,0,0,0,0,0,0,0,5,7,24,0,31,0.2,0.154228855721393,0,0,0,0,0,0,0,7.4
00-0034844,S.Barkley,Saquon Barkley,RB,RB,NYG,2022,2,REG,CAR,0,0,0,0,0,21,72,0,3,4,16,0,10,0.125,0.0497512437810945,0,0,0,0,0,0,0,11.8
00-0034845,S.Michel,Sony Michel,RB,RB,LAC,2022,2,REG,KC,0,0,0,0,0,4,13,0,1,1,6,0,3,0.0217391304347826,0.0119521912350598,0,0,0,0,0,0,0,2.9
00-0034854,K.Hodge,KhaDarel Hodge,WR,WR,ATL,2022,2,REG,LA,0,0,0,0,0,0,0,0,2,3,57,0,37,0.12,0.180487804878049,0,0,0,0,0,0,0,7.7
00-0034855,B.Mayfield,Baker Mayfield,QB,QB,CAR,2022,2,REG,NYG,14,29,145,1,0,6,35,0,0,0,0,0,0,0,0,0,0,0,0,0,0,0,13.3
00-0034857,J.Allen,Josh Allen,QB,QB,BUF,2022,2,REG,TEN,26,38,317,4,0,1,10,0,0,0,0,0,0,0,0,0,0,0,0,0,0,0,29.68
00-0034860,D.Pettis,Dante Pettis,WR,WR,CHI,2022,2,REG,GB,0,0,0,0,0,0,0,0,0,0,0,0,0,0,0,0,0,0,0,0,0,0,0
00-0034960,J.Meyers,Jakobi Meyers,WR,WR,NE,2022,2,REG,PIT,0,0,0,0,0,0,0,0,9,13,95,0,115,0.382352941176471,0.351681957186544,0,0,0,0,0,0,0,18.5
00-0034970,I.Smith,Irv Smith,TE,TE,MIN,2022,2,REG,PHI,0,0,0,0,0,0,0,0,5,8,36,1,63,0.177777777777778,0.233333333333333,0,0,0,0,0,0,0,14.6
00-0034972,A.Mattison,Alexander Mattison,RB,RB,MIN,2022,2,REG,PHI,0,0,0,0,0,2,8,0,3,5,6,0,-8,0.111111111111111,-0.0296296296296296,0,0,0,0,0,0,0,4.4
00-0034975,J.Hill,Justice Hill,RB,RB,BAL,2022,2,REG,MIA,0,0,0,0,0,3,16,0,0,0,0,0,0,0,0,0,0,0,0,0,0,0,1.6
00-0034981,F.Moreau,Foster Moreau,TE,TE,LV,2022,2,REG,ARI,0,0,0,0,0,0,0,0,3,4,30,0,13,0.102564102564103,0.055793991416309,0,0,0,0,0,0,0,6
00-0034983,H.Renfrow,Hunter Renfrow,WR,WR,LV,2022,2,REG,ARI,0,0,0,0,0,0,0,0,7,10,59,0,19,0.256410256410256,0.0815450643776824,0,0,1,0,0,0,0,10.9
00-0035021,A.Dulin,Ashton Dulin,WR,WR,IND,2022,2,REG,JAX,0,0,0,0,0,1,3,0,5,7,79,0,81,0.241379310344828,0.31640625,0,0,0,0,0,0,0,13.2
00-0035140,M.Hardman,Mecole Hardman,WR,WR,KC,2022,2,REG,LAC,0,0,0,0,0,1,-4,0,3,4,49,0,46,0.117647058823529,0.184738955823293,0,0,0,0,0,0,0,7.5
00-0035208,O.Zaccheaus,Olamide Zaccheaus,WR,WR,ATL,2022,2,REG,LA,0,0,0,0,0,0,0,0,2,2,21,1,15,0.08,0.0731707317073171,0,0,0,0,0,0,0,10.1
00-0035215,D.Harty,Deonte Harty,WR,WR,NO,2022,2,REG,TB,0,0,0,0,0,0,0,0,1,1,9,0,9,0.025,0.0168539325842697,0,0,0,0,0,0,0,1.9
00-0035216,D.Johnson,Diontae Johnson,WR,WR,PIT,2022,2,REG,NE,0,0,0,0,0,0,0,0,6,10,57,0,107,0.3125,0.414728682170543,0,0,0,0,0,1,0,13.7
00-0035228,K.Murray,Kyler Murray,QB,QB,ARI,2022,2,REG,LV,31,49,277,1,1,5,28,1,0,0,0,0,0,0,0,0,0,0,1,1,0,0,25.88
00-0035229,T.Hockenson,T.J. Hockenson,TE,TE,DET,2022,2,REG,WAS,0,0,0,0,0,0,0,0,3,7,26,0,53,0.205882352941176,0.184668989547038,0,0,0,0,0,0,0,5.6
00-0035243,M.Sanders,Miles Sanders,RB,RB,PHI,2022,2,REG,MIN,0,0,0,0,0,17,80,0,3,3,6,0,-5,0.0967741935483871,-0.0174216027874564,0,0,0,0,0,0,0,11.6
00-0035250,D.Singletary,Devin Singletary,RB,RB,BUF,2022,2,REG,TEN,0,0,0,0,0,6,19,0,2,3,2,0,-4,0.0769230769230769,-0.0131578947368421,0,0,0,0,0,0,0,4.1
00-0035261,T.Pollard,Tony Pollard,RB,RB,DAL,2022,2,REG,CIN,0,0,0,0,0,9,43,1,4,7,55,0,-6,0.233333333333333,-0.0337078651685393,0,0,0,0,0,0,0,19.8
00-0035298,S.Miller,Scott Miller,WR,WR,TB,2022,2,REG,NO,0,0,0,0,0,1,8,0,3,8,34,0,139,0.242424242424242,0.442675159235669,0,0,0,0,0,0,0,7.2
00-0035345,C.Myarick,Chris Myarick,TE,TE,NYG,2022,2,REG,CAR,0,0,0,0,0,0,0,0,0,0,0,0,0,0,0,0,0,0,0,0,0,0,0
00-0035359,D.Sills,David Sills,WR,WR,NYG,2022,2,REG,CAR,0,0,0,0,0,0,0,0,3,4,37,0,29,0.125,0.144278606965174,0,0,0,0,0,0,0,6.7
00-0035406,L.Humphrey,Lil'Jordan Humphrey,WR,WR,NE,2022,2,REG,PIT,0,0,0,0,0,0,0,0,1,2,11,0,16,0.0588235294117647,0.0489296636085627,0,0,0,0,0,0,0,2.1
00-0035500,G.Dortch,Greg Dortch,WR,WR,ARI,2022,2,REG,LV,0,0,0,0,0,0,0,0,4,4,55,1,21,0.0851063829787234,0.0864197530864198,0,0,0,0,0,0,0,15.5
00-0035510,J.Smith,Jeff Smith,WR,WR,NYJ,2022,2,REG,CLE,0,0,0,0,0,0,0,0,1,1,17,0,8,0.0232558139534884,0.0188235294117647,0,0,0,0,0,0,0,2.7
00-0035537,T.Johnson,Ty Johnson,RB,RB,NYJ,2022,2,REG,CLE,0,0,0,0,0,0,0,0,1,3,4,0,1,0.0697674418604651,0.00235294117647059,0,0,0,0,0,0,0,1.4
00-0035547,J.Fortson,Joseph Fortson,TE,TE,KC,2022,2,REG,LAC,0,0,0,0,0,0,0,0,0,1,0,0,1,0.0294117647058824,0.00401606425702811,0,0,0,0,0,0,0,0
00-0035567,C.Reynolds,Craig Reynolds,RB,RB,DET,2022,2,REG,WAS,0,0,0,0,0,3,16,0,1,1,13,0,3,0.0294117647058824,0.0104529616724739,0,0,0,0,0,0,0,3.9
00-0035572,P.Hesse,Parker Hesse,TE,TE,ATL,2022,2,REG,LA,0,0,0,0,0,0,0,0,1,1,5,0,4,0.04,0.0195121951219512,0,0,0,0,0,0,0,1.5
00-0035594,T.Homer,Travis Homer,RB,RB,SEA,2022,2,REG,SF,0,0,0,0,0,2,9,0,4,4,33,0,-5,0.133333333333333,-0.0294117647058824,0,0,0,0,0,0,0,8.2
00-0035631,D.Sample,Drew Sample,TE,TE,CIN,2022,2,REG,DAL,0,0,0,0,0,0,0,0,1,1,-4,0,-4,0.0285714285714286,-0.0199004975124378,0,0,0,0,0,0,0,0.6
00-0035639,P.Campbell,Parris Campbell,WR,WR,IND,2022,2,REG,JAX,0,0,0,0,0,0,0,0,0,2,0,0,20,0.0689655172413793,0.078125,0,0,0,0,0,0,0,0
00-0035640,D.Metcalf,DK Metcalf,WR,WR,SEA,2022,2,REG,SF,0,0,0,0,0,0,0,0,4,6,35,0,49,0.2,0.288235294117647,0,0,0,0,0,0,0,7.5
00-0035644,N.Fant,Noah Fant,TE,TE,SEA,2022,2,REG,SF,0,0,0,0,0,0,0,0,2,2,11,0,6,0.0666666666666667,0.0352941176470588,0,0,0,0,0,0,0,3.1
00-0035645,G.Olszewski,Gunner Olszewski,WR,WR,PIT,2022,2,REG,NE,0,0,0,0,0,1,18,0,0,0,0,0,0,0,0,0,0,0,0,0,0,0,1.8
00-0035657,D.Harris,Damien Harris,RB,RB,NE,2022,2,REG,PIT,0,0,0,0,0,15,71,1,2,2,16,0,3,0.0588235294117647,0.0091743119266055,0,0,0,0,0,0,0,16.7
00-0035659,T.McLaurin,Terry McLaurin,WR,WR,WAS,2022,2,REG,DET,0,0,0,0,0,1,7,0,4,8,75,0,108,0.181818181818182,0.260240963855422,0,0,0,0,0,0,0,12.2
00-0035662,M.Brown,Marquise Brown,WR,WR,ARI,2022,2,REG,LV,0,0,0,0,0,0,0,0,6,11,68,0,94,0.234042553191489,0.386831275720165,0,0,0,0,0,0,0,12.8
00-0035664,D.Henderson,Darrell Henderson,RB,RB,LA,2022,2,REG,ATL,0,0,0,0,0,10,47,1,0,0,0,0,0,0,0,0,0,0,0,0,0,0,10.7
00-0035676,A.Brown,A.J. Brown,WR,WR,PHI,2022,2,REG,MIN,0,0,0,0,0,0,0,0,5,8,69,0,111,0.258064516129032,0.386759581881533,0,0,0,0,0,0,0,11.9
00-0035685,D.Montgomery,David Montgomery,RB,RB,CHI,2022,2,REG,GB,0,0,0,0,0,15,122,0,2,2,14,0,2,0.181818181818182,0.0165289256198347,0,0,0,0,0,0,0,15.6
00-0035689,D.Knox,Dawson Knox,TE,TE,BUF,2022,2,REG,TEN,0,0,0,0,0,0,0,0,4,5,41,0,34,0.128205128205128,0.111842105263158,0,0,0,0,0,0,0,8.1
00-0035700,J.Jacobs,Josh Jacobs,RB,RB,LV,2022,2,REG,ARI,0,0,0,0,0,19,69,0,1,1,12,0,-4,0.0256410256410256,-0.0171673819742489,0,0,0,0,0,0,0,9.1
00-0035703,M.Boykin,Miles Boykin,WR,WR,PIT,2022,2,REG,NE,0,0,0,0,0,0,0,0,0,0,0,0,0,0,0,0,0,0,0,0,0,0,0
00-0035710,D.Jones,Daniel Jones,QB,QB,NYG,2022,2,REG,CAR,22,34,176,1,0,10,21,0,0,0,0,0,0,0,0,0,0,0,0,0,0,0,13.14
00-0035719,D.Samuel,Deebo Samuel,WR,WR,SF,2022,2,REG,SEA,0,0,0,0,0,4,53,0,5,6,44,0,-1,0.25,-0.00555555555555556,0,0,0,0,0,0,0,14.7
00-0035771,M.Wilcox,Mitchell Wilcox,TE,TE,CIN,2022,2,REG,DAL,0,0,0,0,0,0,0,0,1,1,3,0,1,0.0285714285714286,0.00497512437810945,0,0,0,0,0,0,0,1.3
00-0035831,J.Robinson,James Robinson,RB,RB,JAX,2022,2,REG,IND,0,0,0,0,0,23,64,1,2,2,14,0,2,0.0666666666666667,0.0101522842639594,0,0,0,0,0,0,0,15.8
00-0035860,T.Jones,Tony Jones,RB,RB,NO,2022,2,REG,TB,0,0,0,0,0,2,8,0,2,2,12,0,-2,0.05,-0.00374531835205993,0,0,0,0,0,0,0,4
00-0035864,K.Hinton,Kendall Hinton,WR,WR,DEN,2022,2,REG,HOU,0,0,0,0,0,0,0,0,1,1,20,0,9,0.0357142857142857,0.0326086956521739,0,0,0,0,0,0,0,3
00-0035876,A.Baccellia,Andre Baccellia,WR,WR,ARI,2022,2,REG,LV,0,0,0,0,0,0,0,0,2,2,12,0,7,0.0425531914893617,0.0288065843621399,0,0,0,0,0,0,0,3.2
00-0035956,G.Ricci,Giovanni Ricci,TE,TE,CAR,2022,2,REG,NYG,0,0,0,0,0,0,0,0,1,1,16,0,5,0.037037037037037,0.0225225225225225,0,0,0,0,0,0,0,2.6
00-0036040,J.Johnson,Juwan Johnson,TE,TE,NO,2022,2,REG,TB,0,0,0,0,0,0,0,0,4,7,40,0,70,0.175,0.131086142322097,0,0,0,0,0,0,0,8
00-0036139,R.Dowdle,Rico Dowdle,RB,RB,DAL,2022,2,REG,CIN,0,0,0,0,0,0,0,0,0,0,0,0,0,0,0,0,0,0,0,0,0,0,0
00-0036182,N.Westbrook-Ikhine,Nick Westbrook-Ikhine,WR,WR,TEN,2022,2,REG,BUF,0,0,0,0,0,0,0,0,1,4,13,0,67,0.173913043478261,0.330049261083744,0,0,0,0,0,0,0,2.3
00-0036212,T.Tagovailoa,Tua Tagovailoa,QB,QB,MIA,2022,2,REG,BAL,36,50,469,6,2,1,1,0,0,0,0,0,0,0,0,0,0,0,0,0,0,0,38.86
00-0036223,J.Taylor,Jonathan Taylor,RB,RB,IND,2022,2,REG,JAX,0,0,0,0,0,9,54,0,1,1,9,0,1,0.0344827586206897,0.00390625,0,0,0,0,0,0,0,7.3
00-0036228,D.Patmon,Dezmon Patmon,WR,WR,IND,2022,2,REG,JAX,0,0,0,0,0,0,0,0,2,6,24,0,73,0.206896551724138,0.28515625,0,0,0,0,0,0,0,4.4
00-0036232,H.Bryant,Harrison Bryant,TE,TE,CLE,2022,2,REG,NYJ,0,0,0,0,0,0,0,0,3,4,45,0,25,0.148148148148148,0.171232876712329,0,0,0,0,0,0,0,7.5
00-0036233,D.Peoples-Jones,Donovan Peoples-Jones,WR,WR,CLE,2022,2,REG,NYJ,0,0,0,0,0,0,0,0,0,1,0,0,6,0.037037037037037,0.0410958904109589,0,0,0,0,0,0,0,0
00-0036250,T.Davis,Tyler Davis,TE,TE,GB,2022,2,REG,CHI,0,0,0,0,0,0,0,0,0,1,0,0,-3,0.04,-0.0215827338129496,0,0,0,0,0,0,0,0
00-0036251,Z.Moss,Zack Moss,RB,RB,BUF,2022,2,REG,TEN,0,0,0,0,0,3,17,0,0,1,0,0,-3,0.0256410256410256,-0.00986842105263158,0,0,0,0,0,0,0,1.7
00-0036259,J.Jennings,Jauan Jennings,WR,WR,SF,2022,2,REG,SEA,0,0,0,0,0,0,0,0,1,2,4,0,0,0.0833333333333333,0,0,0,0,0,0,0,0,1.4
00-0036261,B.Aiyuk,Brandon Aiyuk,WR,WR,SF,2022,2,REG,SEA,0,0,0,0,0,0,0,0,5,8,63,0,81,0.333333333333333,0.45,0,0,0,0,0,0,0,11.3
00-0036265,A.Dillon,A.J. Dillon,RB,RB,GB,2022,2,REG,CHI,0,0,0,0,0,18,61,0,1,3,6,0,18,0.12,0.129496402877698,0,0,0,0,0,0,0,7.7
00-0036271,Q.Watkins,Quez Watkins,WR,WR,PHI,2022,2,REG,MIN,0,0,0,0,0,0,0,0,2,2,69,1,66,0.0645161290322581,0.229965156794425,0,0,0,0,0,0,0,14.9
00-0036275,D.Swift,D'Andre Swift,RB,RB,DET,2022,2,REG,WAS,0,0,0,0,0,5,56,0,2,5,31,1,20,0.147058823529412,0.0696864111498258,0,0,0,0,0,0,0,16.7
00-0036277,Q.Cephus,Quintez Cephus,WR,WR,DET,2022,2,REG,WAS,0,0,0,0,0,0,0,0,0,0,0,0,0,0,0,0,0,0,0,0,0,0,0
00-0036290,C.Kmet,Cole Kmet,TE,TE,CHI,2022,2,REG,GB,0,0,0,0,0,0,0,0,0,1,0,0,5,0.0909090909090909,0.0413223140495868,0,0,0,0,0,0,0,0
00-0036309,D.Mooney,Darnell Mooney,WR,WR,CHI,2022,2,REG,GB,0,0,0,0,0,0,0,0,1,2,-4,0,48,0.181818181818182,0.396694214876033,0,0,0,0,0,0,0,0.6
00-0036322,J.Jefferson,Justin Jefferson,WR,WR,MIN,2022,2,REG,PHI,0,0,0,0,0,0,0,0,6,12,48,0,105,0.266666666666667,0.388888888888889,0,0,0,0,0,0,0,10.8
00-0036326,C.Claypool,Chase Claypool,WR,WR,PIT,2022,2,REG,NE,0,0,0,0,0,0,0,0,4,6,26,0,29,0.1875,0.112403100775194,0,0,0,0,0,0,0,6.6
00-0036328,A.Gibson,Antonio Gibson,RB,RB,WAS,2022,2,REG,DET,0,0,0,0,0,14,28,1,2,4,13,0,-5,0.0909090909090909,-0.0120481927710843,0,0,0,0,0,0,0,12.1
00-0036331,D.Duvernay,Devin Duvernay,WR,WR,BAL,2022,2,REG,MIA,0,0,0,0,0,0,0,0,2,2,42,0,35,0.0689655172413793,0.111464968152866,0,0,0,0,0,0,1,12.2
00-0036345,K.Osborn,K.J. Osborn,WR,WR,MIN,2022,2,REG,PHI,0,0,0,0,0,0,0,0,2,2,25,0,8,0.0444444444444444,0.0296296296296296,0,0,0,0,0,0,0,4.5
00-0036355,J.Herbert,Justin Herbert,QB,QB,LAC,2022,2,REG,KC,33,48,334,3,1,2,1,0,0,0,0,0,0,0,0,0,0,0,0,0,0,0,23.46
00-0036358,C.Lamb,CeeDee Lamb,WR,WR,DAL,2022,2,REG,CIN,0,0,0,0,0,1,6,0,7,11,75,0,100,0.366666666666667,0.561797752808989,0,0,0,0,0,0,0,15.1
00-0036360,C.Edwards-Helaire,Clyde Edwards-Helaire,RB,RB,KC,2022,2,REG,LAC,0,0,0,0,0,8,74,0,4,4,44,0,-3,0.117647058823529,-0.0120481927710843,0,0,0,0,0,0,0,15.8
00-0036365,B.Edwards,Bryan Edwards,WR,WR,ATL,2022,2,REG,LA,0,0,0,0,0,0,0,0,1,2,2,0,26,0.08,0.126829268292683,0,0,0,0,0,0,0,1.2
00-0036370,J.Kelley,Joshua Kelley,RB,RB,LAC,2022,2,REG,KC,0,0,0,0,0,4,22,0,1,2,3,0,-1,0.0434782608695652,-0.00398406374501992,0,0,0,0,0,0,0,3.5
00-0036383,E.Benjamin,Eno Benjamin,RB,RB,ARI,2022,2,REG,LV,0,0,0,0,0,8,31,0,3,4,20,0,-10,0.0851063829787234,-0.0411522633744856,0,0,0,0,0,0,0,8.1
00-0036387,J.Reagor,Jalen Reagor,WR,WR,MIN,2022,2,REG,PHI,0,0,0,0,0,1,17,0,1,2,7,0,3,0.0444444444444444,0.0111111111111111,0,0,0,0,0,0,0,3.4
00-0036389,J.Hurts,Jalen Hurts,QB,QB,PHI,2022,2,REG,MIN,26,31,333,1,1,11,57,2,0,0,0,0,0,0,0,0,0,0,0,0,0,0,33.02
00-0036407,J.Jeudy,Jerry Jeudy,WR,WR,DEN,2022,2,REG,HOU,0,0,0,0,0,1,1,0,1,3,11,0,39,0.107142857142857,0.141304347826087,0,0,0,0,0,0,0,2.2
00-0036410,T.Higgins,Tee Higgins,WR,WR,CIN,2022,2,REG,DAL,0,0,0,0,0,0,0,0,6,10,71,1,96,0.285714285714286,0.477611940298507,0,0,0,0,0,0,0,19.1
00-0036414,C.Akers,Cam Akers,RB,RB,LA,2022,2,REG,ATL,0,0,0,0,0,15,44,0,2,3,18,0,10,0.0857142857142857,0.0401606425702811,0,0,0,0,0,0,0,8.2
00-0036423,A.Okwuegbunam,Albert Okwuegbunam,TE,TE,DEN,2022,2,REG,HOU,0,0,0,0,0,0,0,0,0,2,0,0,12,0.0714285714285714,0.0434782608695652,0,0,0,0,0,0,0,0
00-0036425,D.Dallas,DeeJay Dallas,RB,RB,SEA,2022,2,REG,SF,0,1,0,0,1,0,0,0,0,0,0,0,0,0,0,0,0,0,0,0,0,0,-2
00-0036438,S.Sullivan,Stephen Sullivan,TE,TE,CAR,2022,2,REG,NYG,0,0,0,0,0,0,0,0,1,1,13,0,13,0.037037037037037,0.0585585585585586,0,0,0,0,0,0,0,2.3
00-0036439,T.Cleveland,Tyrie Cleveland,WR,WR,DEN,2022,2,REG,HOU,0,0,0,0,0,0,0,0,2,3,28,0,18,0.107142857142857,0.0652173913043478,0,0,0,0,0,0,0,4.8
00-0036442,J.Burrow,Joe Burrow,QB,QB,CIN,2022,2,REG,DAL,24,36,199,1,0,4,26,0,0,0,0,0,0,0,0,0,0,0,1,0,0,0,16.56
00-0036482,M.Strachan,Mike Strachan,WR,WR,IND,2022,2,REG,JAX,0,0,0,0,0,0,0,0,1,3,23,0,41,0.103448275862069,0.16015625,0,0,0,0,0,0,0,3.3
00-0036493,D.Jackson,Deon Jackson,RB,RB,IND,2022,2,REG,JAX,0,0,0,0,0,2,-3,0,0,0,0,0,0,0,0,0,0,0,0,0,0,0,-0.3
00-0036510,K.Yeboah,Kenny Yeboah,TE,TE,NYJ,2022,2,REG,CLE,0,0,0,0,0,0,0,0,0,0,0,0,0,0,0,0,0,0,0,0,0,0,0
00-0036550,R.Bateman,Rashod Bateman,WR,WR,BAL,2022,2,REG,MIA,0,0,0,0,0,0,0,0,4,7,108,1,85,0.241379310344828,0.270700636942675,0,0,0,0,0,0,0,20.8
00-0036554,N.Collins,Nico Collins,WR,WR,HOU,2022,2,REG,DEN,0,0,0,0,0,0,0,0,4,9,58,0,124,0.243243243243243,0.382716049382716,0,0,0,0,0,0,0,9.8
00-0036555,C.Hubbard,Chuba Hubbard,RB,RB,CAR,2022,2,REG,NYG,0,0,0,0,0,0,0,0,0,0,0,0,0,0,0,0,0,0,0,0,0,0,0
00-0036556,B.Jordan,Brevin Jordan,TE,TE,HOU,2022,2,REG,DEN,0,0,0,0,0,0,0,0,2,4,3,0,36,0.108108108108108,0.111111111111111,0,0,0,0,0,0,0,2.3
00-0036569,G.Brightwell,Gary Brightwell,RB,RB,NYG,2022,2,REG,CAR,0,0,0,0,0,1,14,0,0,0,0,0,0,0,0,0,0,0,0,0,0,0,1.4
00-0036572,S.Smith,Shi Smith,WR,WR,CAR,2022,2,REG,NYG,0,0,0,0,0,0,0,0,1,6,2,0,59,0.222222222222222,0.265765765765766,0,0,0,0,0,0,0,1.2
00-0036590,Q.Morris,Quintin Morris,TE,TE,BUF,2022,2,REG,TEN,0,0,0,0,0,0,0,0,1,1,6,0,2,0.0256410256410256,0.00657894736842105,0,0,0,0,0,0,0,1.6
00-0036613,J.Waddle,Jaylen Waddle,WR,WR,MIA,2022,2,REG,BAL,0,0,0,0,0,0,0,0,11,19,171,2,180,0.38,0.497237569060774,0,0,0,0,0,0,0,40.1
00-0036620,D.Eskridge,D'Wayne Eskridge,WR,WR,SEA,2022,2,REG,SF,0,0,0,0,0,0,0,0,1,1,6,0,-2,0.0333333333333333,-0.0117647058823529,0,0,0,0,0,0,0,1.6
00-0036628,J.Bates,John Bates,TE,TE,WAS,2022,2,REG,DET,0,0,0,0,0,0,0,0,2,3,15,0,15,0.0681818181818182,0.036144578313253,0,0,0,0,0,0,0,3.5
00-0036630,T.Wallace,Tylan Wallace,WR,WR,BAL,2022,2,REG,MIA,0,0,0,0,0,0,0,0,1,2,9,0,7,0.0689655172413793,0.0222929936305732,0,0,0,0,0,0,0,1.9
00-0036635,I.Smith-Marsette,Ihmir Smith-Marsette,WR,WR,CHI,2022,2,REG,GB,0,0,0,0,0,0,0,0,0,0,0,0,0,0,0,0,0,0,0,0,0,0,0
00-0036637,N.Gray,Noah Gray,TE,TE,KC,2022,2,REG,LAC,0,0,0,0,0,0,0,0,2,3,12,0,16,0.0882352941176471,0.0642570281124498,0,0,0,0,0,0,0,3.2
00-0036646,S.Fehoko,Simi Fehoko,WR,WR,DAL,2022,2,REG,CIN,0,0,0,0,0,0,0,0,0,0,0,0,0,0,0,0,0,0,0,0,0,0,0
00-0036654,D.Felton,Demetric Felton,RB,RB,CLE,2022,2,REG,NYJ,0,0,0,0,0,1,-4,0,1,1,3,0,-3,0.037037037037037,-0.0205479452054795,0,0,0,0,0,0,0,0.9
00-0036671,D.Milne,Dax Milne,WR,WR,WAS,2022,2,REG,DET,0,0,0,0,0,0,0,0,1,1,6,0,3,0.0227272727272727,0.0072289156626506,0,0,0,0,0,0,0,1.6
00-0036754,B.Wright,Brock Wright,TE,TE,DET,2022,2,REG,WAS,0,0,0,0,0,0,0,0,1,1,25,0,15,0.0294117647058824,0.0522648083623693,0,0,0,0,0,0,0,3.5
00-0036829,C.Huntley,Caleb Huntley,RB,RB,ATL,2022,2,REG,LA,0,0,0,0,0,1,3,0,0,0,0,0,0,0,0,0,0,0,0,0,0,0,0.3
00-0036842,K.Nwangwu,Kene Nwangwu,RB,RB,MIN,2022,2,REG,PHI,0,0,0,0,0,0,0,0,0,0,0,0,0,0,0,0,0,0,0,0,0,0,0
00-0036862,B.Skowronek,Ben Skowronek,WR,WR,LA,2022,2,REG,ATL,0,0,0,0,0,0,0,0,2,3,16,0,28,0.0857142857142857,0.112449799196787,0,0,0,0,0,0,0,3.6
00-0036875,R.Stevenson,Rhamondre Stevenson,RB,RB,NE,2022,2,REG,PIT,0,0,0,0,0,9,47,0,1,2,4,0,3,0.0588235294117647,0.0091743119266055,0,0,0,0,0,0,0,6.1
00-0036876,K.Granson,Kylen Granson,TE,TE,IND,2022,2,REG,JAX,0,0,0,0,0,0,0,0,2,2,14,0,4,0.0689655172413793,0.015625,0,0,0,0,0,0,0,3.4
00-0036877,J.Darden,Jaelon Darden,WR,WR,TB,2022,2,REG,NO,0,0,0,0,0,0,0,0,0,0,0,0,0,0,0,0,0,0,0,0,0,0,0
00-0036893,N.Harris,Najee Harris,RB,RB,PIT,2022,2,REG,NE,0,0,0,0,0,15,49,0,5,6,40,0,11,0.1875,0.0426356589147287,0,0,0,0,0,0,0,13.9
00-0036894,P.Freiermuth,Pat Freiermuth,TE,TE,PIT,2022,2,REG,NE,0,0,0,0,0,0,0,0,4,7,22,1,32,0.21875,0.124031007751938,0,0,0,0,0,0,0,12.2
00-0036898,D.Mills,Davis Mills,QB,QB,HOU,2022,2,REG,DEN,19,38,177,0,0,2,1,0,0,0,0,0,0,0,0,0,0,0,0,0,0,0,7.18
00-0036900,J.Chase,Ja'Marr Chase,WR,WR,CIN,2022,2,REG,DAL,0,0,0,0,0,1,4,0,5,9,54,0,57,0.257142857142857,0.283582089552239,0,0,0,0,0,0,0,10.8
00-0036906,K.Herbert,Khalil Herbert,RB,RB,CHI,2022,2,REG,GB,0,0,0,0,0,4,38,0,1,1,3,0,-2,0.0909090909090909,-0.0165289256198347,0,0,0,0,0,0,0,5.1
00-0036912,D.Smith,DeVonta Smith,WR,WR,PHI,2022,2,REG,MIN,0,0,0,0,0,0,0,0,7,7,80,0,56,0.225806451612903,0.195121951219512,0,0,0,0,0,0,0,15
00-0036913,K.Toney,Kadarius Toney,WR,WR,NYG,2022,2,REG,CAR,0,0,0,0,0,0,0,0,2,3,0,0,-7,0.09375,-0.0348258706467662,0,0,0,0,0,0,0,2
00-0036919,K.Gainwell,Kenneth Gainwell,RB,RB,PHI,2022,2,REG,MIN,0,0,0,0,0,2,7,0,1,2,11,0,6,0.0645161290322581,0.0209059233449477,0,0,0,0,0,0,0,2.8
00-0036924,Mi.Carter,Michael Carter,RB,RB,NYJ,2022,2,REG,CLE,0,0,0,0,0,7,23,0,5,5,27,0,-7,0.116279069767442,-0.0164705882352941,0,0,0,0,0,0,0,10
00-0036945,J.Fields,Justin Fields,QB,QB,CHI,2022,2,REG,GB,7,11,70,0,1,8,20,1,0,0,0,0,0,0,0,0,0,0,0,0,0,0,8.8
00-0036950,A.Williams,Avery Williams,RB,RB,ATL,2022,2,REG,LA,0,0,0,0,0,0,0,0,1,1,6,0,-3,0.04,-0.0146341463414634,0,0,0,0,0,0,0,1.6
00-0036963,A.St. Brown,Amon-Ra St. Brown,WR,WR,DET,2022,2,REG,WAS,0,0,0,0,0,2,68,0,9,12,116,2,76,0.352941176470588,0.264808362369338,0,0,0,0,0,0,0,39.4
00-0036970,K.Pitts,Kyle Pitts,TE,TE,ATL,2022,2,REG,LA,0,0,0,0,0,0,0,0,2,3,19,0,25,0.12,0.121951219512195,0,0,0,0,0,0,0,3.9
00-0036971,T.Lawrence,Trevor Lawrence,QB,QB,JAX,2022,2,REG,IND,25,30,235,2,0,3,11,0,0,0,0,0,0,0,0,0,0,0,0,0,0,0,18.5
00-0036972,M.Jones,Mac Jones,QB,QB,NE,2022,2,REG,PIT,21,35,252,1,1,7,6,0,0,0,0,0,0,0,0,0,0,0,0,0,0,0,12.68
00-0036973,T.Etienne,Travis Etienne,RB,RB,JAX,2022,2,REG,IND,0,0,0,0,0,9,20,0,3,3,33,0,-9,0.1,-0.0456852791878173,0,0,0,0,0,0,0,8.3
00-0036980,E.Moore,Elijah Moore,WR,WR,NYJ,2022,2,REG,CLE,0,0,0,0,0,1,-6,0,3,5,41,0,76,0.116279069767442,0.178823529411765,0,0,0,0,0,0,0,6.5
00-0036988,J.Palmer,Josh Palmer,WR,WR,LAC,2022,2,REG,KC,0,0,0,0,0,0,0,0,4,8,30,1,49,0.173913043478261,0.195219123505976,0,0,0,0,0,0,0,13
00-0036991,Am.Rodgers,Amari Rodgers,WR,WR,GB,2022,2,REG,CHI,0,0,0,0,0,0,0,0,0,0,0,0,0,0,0,0,0,0,0,0,0,0,0
00-0036997,J.Williams,Javonte Williams,RB,RB,DEN,2022,2,REG,HOU,0,0,0,0,0,15,75,0,1,4,10,0,-2,0.142857142857143,-0.0072463768115942,0,0,0,0,0,0,0,9.5
00-0037012,T.Lance,Trey Lance,QB,QB,SF,2022,2,REG,SEA,2,3,30,0,0,3,13,0,0,0,0,0,0,0,0,0,0,0,0,0,0,0,2.5
00-0037087,T.Ebner,Trestan Ebner,RB,RB,CHI,2022,2,REG,GB,0,0,0,0,0,0,0,0,0,0,0,0,0,0,0,0,0,0,0,0,0,0,0
00-0037132,B.Covey,Britain Covey,WR,WR,PHI,2022,2,REG,MIN,0,0,0,0,0,0,0,0,0,0,0,0,0,0,0,0,0,0,0,0,0,0,0
00-0037185,R.Webb,Raleigh Webb,WR,WR,BAL,2022,2,REG,MIA,0,0,0,0,0,0,0,0,0,0,0,0,0,0,0,0,0,0,0,0,0,0,0
00-0037197,I.Pacheco,Isiah Pacheco,RB,RB,KC,2022,2,REG,LAC,0,0,0,0,0,2,6,0,0,0,0,0,0,0,0,0,0,0,0,0,0,0,0.6
00-0037228,J.Warren,Jaylen Warren,RB,RB,PIT,2022,2,REG,NE,0,0,0,0,0,4,15,0,1,1,0,0,-1,0.03125,-0.00387596899224806,0,0,0,0,0,0,0,2.5
00-0037238,D.London,Drake London,WR,WR,ATL,2022,2,REG,LA,0,0,0,0,0,0,0,0,8,12,86,1,94,0.48,0.458536585365854,0,0,0,0,0,1,0,24.6
00-0037239,C.Olave,Chris Olave,WR,WR,NO,2022,2,REG,TB,0,0,0,0,0,0,0,0,5,13,80,0,334,0.325,0.625468164794008,0,0,1,0,0,0,0,11
00-0037247,G.Pickens,George Pickens,WR,WR,PIT,2022,2,REG,NE,0,0,0,0,0,0,0,0,1,2,23,0,37,0.0625,0.143410852713178,0,0,0,0,0,0,0,3.3
00-0037248,J.Cook,James Cook,RB,RB,BUF,2022,2,REG,TEN,0,0,0,0,0,11,53,0,0,1,0,0,13,0.0256410256410256,0.0427631578947368,0,0,0,0,0,0,0,5.3
00-0037256,R.White,Rachaad White,RB,RB,TB,2022,2,REG,NO,0,0,0,0,0,2,1,0,0,2,0,0,3,0.0606060606060606,0.00955414012738853,0,0,0,0,0,0,0,0.1
00-0037257,Dav.Bell,David Bell,WR,WR,CLE,2022,2,REG,NYJ,0,0,0,0,0,0,0,0,1,1,6,0,6,0.037037037037037,0.0410958904109589,0,0,0,0,0,0,0,1.6
00-0037258,D.Pierce,Dameon Pierce,RB,RB,HOU,2022,2,REG,DEN,0,0,0,0,0,15,69,0,1,1,8,0,-1,0.027027027027027,-0.00308641975308642,0,0,0,0,0,0,0,8.7
00-0037261,K.Shakir,Khalil Shakir,WR,WR,BUF,2022,2,REG,TEN,0,0,0,0,0,0,0,0,0,2,0,0,25,0.0512820512820513,0.0822368421052632,0,0,0,0,0,0,0,0
00-0037263,T.Allgeier,Tyler Allgeier,RB,RB,ATL,2022,2,REG,LA,0,0,0,0,0,10,30,0,0,0,0,0,0,0,0,0,0,0,0,0,0,0,3
00-0037267,J.Ford,Jerome Ford,RB,RB,CLE,2022,2,REG,NYJ,0,0,0,0,0,0,0,0,0,0,0,0,0,0,0,0,0,0,0,0,0,0,0
00-0037272,M.Washington,Montrell Washington,WR,WR,DEN,2022,2,REG,HOU,0,0,0,0,0,1,19,0,0,1,0,0,26,0.0357142857142857,0.0942028985507246,0,0,0,0,0,0,0,1.9
00-0037273,K.Philips,Kyle Philips,WR,WR,TEN,2022,2,REG,BUF,0,0,0,0,0,0,0,0,1,1,5,0,-3,0.0434782608695652,-0.0147783251231527,0,0,0,0,0,0,0,1.5
00-0037304,Co.Heyward,Connor Heyward,TE,TE,PIT,2022,2,REG,NE,0,0,0,0,0,0,0,0,0,0,0,0,0,0,0,0,0,0,0,0,0,0,0
00-0037331,Z.Horvath,Zander Horvath,RB,RB,LAC,2022,2,REG,KC,0,0,0,0,0,0,0,0,1,2,1,1,-3,0.0434782608695652,-0.0119521912350598,0,0,0,0,0,0,0,7.1
00-0037525,J.Mason,Jordan Mason,RB,RB,SF,2022,2,REG,SEA,0,0,0,0,0,0,0,0,0,0,0,0,0,0,0,0,0,0,0,0,0,0,0
00-0037570,D.Houston,Dennis Houston,WR,WR,DAL,2022,2,REG,CIN,0,0,0,0,0,0,0,0,0,1,0,0,7,0.0333333333333333,0.0393258426966292,0,0,0,0,0,0,0,0
00-0037617,H.Haskins,Hassan Haskins,RB,RB,TEN,2022,2,REG,BUF,0,0,0,0,0,9,37,0,1,1,0,0,-6,0.0434782608695652,-0.0295566502463054,0,0,0,0,0,0,0,4.7
00-0037740,G.Wilson,Garrett Wilson,WR,WR,NYJ,2022,2,REG,CLE,0,0,0,0,0,1,-2,0,8,14,102,2,164,0.325581395348837,0.385882352941176,0,0,0,0,0,0,0,30
00-0037741,J.Dotson,Jahan Dotson,WR,WR,WAS,2022,2,REG,DET,0,0,0,0,0,0,0,0,4,5,59,1,76,0.113636363636364,0.183132530120482,0,0,0,0,0,1,0,17.9
00-0037742,T.Burks,Treylon Burks,WR,WR,TEN,2022,2,REG,BUF,0,0,0,0,0,0,0,0,4,6,47,0,45,0.260869565217391,0.221674876847291,0,0,0,0,0,0,0,8.7
00-0037801,K.Turpin,Kavontae Turpin,WR,WR,DAL,2022,2,REG,CIN,0,0,0,0,0,1,3,0,0,0,0,0,0,0,0,0,0,0,0,0,0,0,0.3
00-0037805,J.Ruckert,Jeremy Ruckert,TE,TE,NYJ,2022,2,REG,CLE,0,0,0,0,0,0,0,0,0,1,0,0,0,0.0232558139534884,0,0,0,0,0,0,0,0,0
00-0037809,C.Okonkwo,Chigoziem Okonkwo,TE,TE,TEN,2022,2,REG,BUF,0,0,0,0,0,0,0,0,0,0,0,0,0,0,0,0,0,0,0,0,0,0,0
00-0037816,R.Doubs,Romeo Doubs,WR,WR,GB,2022,2,REG,CHI,0,0,0,0,0,0,0,0,2,3,27,0,-2,0.12,-0.0143884892086331,0,0,0,0,0,0,0,4.7
00-0037827,T.Davis-Price,Tyrion Davis-Price,RB,RB,SF,2022,2,REG,SEA,0,0,0,0,0,14,33,0,0,0,0,0,0,0,0,0,0,0,0,0,0,0,3.3
00-0037828,D.Gray,Danny Gray,WR,WR,SF,2022,2,REG,SEA,0,0,0,0,0,0,0,0,0,2,0,0,51,0.0833333333333333,0.283333333333333,0,0,0,0,0,0,0,0
00-0037838,I.Likely,Isaiah Likely,TE,TE,BAL,2022,2,REG,MIA,0,0,0,0,0,0,0,0,4,5,43,0,38,0.172413793103448,0.121019108280255,0,0,0,0,0,0,0,8.3
00-0038040,Z.White,Zamir White,RB,RB,LV,2022,2,REG,ARI,0,0,0,0,0,1,2,0,0,0,0,0,0,0,0,0,0,0,0,0,0,0,0.2
00-0038090,S.Moore,Skyy Moore,WR,WR,KC,2022,2,REG,LAC,0,0,0,0,0,0,0,0,0,0,0,0,0,0,0,0,0,0,0,0,0,0,0
00-0038098,P.Strong,Pierre Strong,RB,RB,NE,2022,2,REG,PIT,0,0,0,0,0,0,0,0,0,0,0,0,0,0,0,0,0,0,0,0,0,0,0
00-0038115,D.Bellinger,Daniel Bellinger,TE,TE,NYG,2022,2,REG,CAR,0,0,0,0,0,0,0,0,1,1,16,1,2,0.03125,0.0099502487562189,0,0,0,0,0,0,0,8.6
00-0038120,Br.Hall,Breece Hall,RB,RB,NYJ,2022,2,REG,CLE,0,0,0,0,0,7,50,0,1,1,10,1,7,0.0232558139534884,0.0164705882352941,0,0,0,0,0,0,0,13
00-0038124,C.Watson,Christian Watson,WR,WR,GB,2022,2,REG,CHI,0,0,0,0,0,0,0,0,3,3,9,0,-9,0.12,-0.0647482014388489,0,0,0,0,0,0,0,3.9
00-0038128,M.Willis,Malik Willis,QB,QB,TEN,2022,2,REG,BUF,1,4,6,0,0,4,16,0,0,0,0,0,0,0,0,0,1,0,0,0,0,0,-0.16
00-0038129,C.Otton,Cade Otton,TE,TE,TB,2022,2,REG,NO,0,0,0,0,0,0,0,0,1,2,4,0,14,0.0606060606060606,0.0445859872611465,0,0,0,0,0,0,0,1.4
00-0038134,K.Walker,Kenneth Walker,RB,RB,SEA,2022,2,REG,SF,0,0,0,0,0,4,10,0,2,3,5,0,2,0.1,0.0117647058823529,0,0,0,0,0,0,0,3.5
00-0019596,T.Brady,Tom Brady,QB,QB,TB,2022,3,REG,GB,31,42,271,1,0,1,-1,0,0,0,0,0,0,0,0,0,0,0,0,0,0,0,14.74
00-0023459,A.Rodgers,Aaron Rodgers,QB,QB,GB,2022,3,REG,TB,27,35,255,2,1,1,-1,0,0,0,0,0,0,0,0,0,0,0,0,0,0,0,16.1
00-0026143,M.Ryan,Matt Ryan,QB,QB,IND,2022,3,REG,KC,27,37,222,2,0,3,4,0,0,0,0,0,0,0,0,1,0,0,0,0,0,0,15.28
00-0026158,J.Flacco,Joe Flacco,QB,QB,NYJ,2022,3,REG,CIN,28,52,285,0,2,0,0,0,0,0,0,0,0,0,0,2,0,0,0,0,0,0,3.4
00-0026498,M.Stafford,Matthew Stafford,QB,QB,LA,2022,3,REG,ARI,18,25,249,0,0,3,2,0,0,0,0,0,0,0,0,0,0,0,0,0,0,0,10.16
00-0027942,A.Green,A.J. Green,WR,WR,ARI,2022,3,REG,LA,0,0,0,0,0,0,0,0,0,2,0,0,24,0.0363636363636364,0.0674157303370787,0,0,0,0,0,0,0,0
00-0027966,M.Ingram,Mark Ingram,RB,RB,NO,2022,3,REG,CAR,0,0,0,0,0,5,18,1,0,0,0,0,0,0,0,0,0,0,0,0,0,0,7.8
00-0027981,K.Rudolph,Kyle Rudolph,TE,TE,TB,2022,3,REG,GB,0,0,0,0,0,0,0,0,1,1,12,0,12,0.025,0.0508474576271187,0,0,0,0,0,0,0,2.2
00-0028002,R.Cobb,Randall Cobb,WR,WR,GB,2022,3,REG,TB,0,0,0,0,0,0,0,0,2,2,57,0,10,0.0588235294117647,0.0564971751412429,0,0,0,0,0,0,0,7.7
00-0029000,C.Beasley,Cole Beasley,WR,WR,TB,2022,3,REG,GB,0,0,0,0,0,0,0,0,3,4,12,0,15,0.1,0.0635593220338983,0,0,0,0,0,0,0,4.2
00-0029239,B.Bolden,Brandon Bolden,RB,RB,LV,2022,3,REG,TEN,0,0,0,0,0,3,17,0,2,2,4,0,1,0.0487804878048781,0.0025062656641604,0,0,0,0,0,0,0,4.1
00-0029263,R.Wilson,Russell Wilson,QB,QB,DEN,2022,3,REG,SF,20,33,184,0,0,6,17,0,0,0,0,0,0,0,0,0,0,0,0,0,0,0,9.06
00-0029293,M.Jones,Marvin Jones,WR,WR,JAX,2022,3,REG,LAC,0,0,0,0,0,0,0,0,4,7,33,1,91,0.184210526315789,0.489247311827957,0,0,0,0,0,0,0,13.3
00-0029604,K.Cousins,Kirk Cousins,QB,QB,MIN,2022,3,REG,DET,24,41,260,2,0,1,-1,0,0,0,0,0,0,0,0,0,0,0,0,0,0,0,18.3
00-0029701,R.Tannehill,Ryan Tannehill,QB,QB,TEN,2022,3,REG,LV,19,27,264,1,1,4,2,1,0,0,0,0,0,0,0,0,0,0,0,0,0,0,18.76
00-0030035,A.Thielen,Adam Thielen,WR,WR,MIN,2022,3,REG,DET,0,0,0,0,0,0,0,0,6,8,61,1,88,0.216216216216216,0.263473053892216,0,0,0,0,0,0,0,18.1
00-0030061,Z.Ertz,Zach Ertz,TE,TE,ARI,2022,3,REG,LA,0,0,0,0,0,0,0,0,6,10,45,0,59,0.181818181818182,0.165730337078652,0,0,0,0,0,0,0,10.5
00-0030068,M.Goodwin,Marquise Goodwin,WR,WR,SEA,2022,3,REG,ATL,0,0,0,0,0,0,0,0,2,5,31,0,68,0.113636363636364,0.16504854368932,0,0,0,0,0,0,0,5.1
00-0030288,R.Burkhead,Rex Burkhead,RB,RB,HOU,2022,3,REG,CHI,0,0,0,0,0,3,9,0,4,5,21,0,1,0.161290322580645,0.00420168067226891,0,0,0,0,0,0,0,7
00-0030431,R.Woods,Robert Woods,WR,WR,TEN,2022,3,REG,LV,0,0,0,0,0,0,0,0,4,9,85,0,99,0.346153846153846,0.515625,0,0,0,0,0,0,0,12.5
00-0030506,T.Kelce,Travis Kelce,TE,TE,KC,2022,3,REG,IND,0,0,0,0,0,1,1,0,4,8,58,1,56,0.242424242424242,0.191126279863481,0,0,0,0,0,1,0,17.9
00-0030565,G.Smith,Geno Smith,QB,QB,SEA,2022,3,REG,ATL,32,44,325,2,1,2,-1,0,0,0,0,0,0,0,0,0,0,0,0,0,0,0,18.9
00-0030578,C.Patterson,Cordarrelle Patterson,RB,RB,ATL,2022,3,REG,SEA,0,0,0,0,0,17,141,1,1,1,12,0,-2,0.0526315789473684,-0.0060790273556231,0,0,0,0,0,0,0,22.3
00-0031236,B.Cooks,Brandin Cooks,WR,WR,HOU,2022,3,REG,CHI,0,0,0,0,0,0,0,0,2,7,22,0,67,0.225806451612903,0.281512605042017,0,0,0,0,0,0,0,4.2
00-0031237,T.Bridgewater,Teddy Bridgewater,QB,QB,MIA,2022,3,REG,BUF,0,2,0,0,0,0,0,0,0,0,0,0,0,0,0,0,0,0,0,0,0,0,0
00-0031260,L.Thomas,Logan Thomas,TE,TE,WAS,2022,3,REG,PHI,0,0,0,0,0,0,0,0,2,3,5,0,12,0.0714285714285714,0.0353982300884956,0,0,0,0,0,0,0,2.5
00-0031273,C.Brate,Cameron Brate,TE,TE,TB,2022,3,REG,GB,0,0,0,0,0,0,0,0,5,6,52,0,39,0.15,0.165254237288136,0,0,0,0,0,0,0,10.2
00-0031280,D.Carr,Derek Carr,QB,QB,LV,2022,3,REG,TEN,26,44,303,2,1,2,17,0,0,0,0,0,0,0,0,0,0,0,0,0,0,0,19.82
00-0031345,J.Garoppolo,Jimmy Garoppolo,QB,QB,SF,2022,3,REG,DEN,18,29,211,1,1,1,0,0,0,0,0,0,0,0,0,0,1,0,0,0,0,0,8.44
00-0031376,J.McKinnon,Jerick McKinnon,RB,RB,KC,2022,3,REG,IND,0,0,0,0,0,7,20,0,0,1,0,0,3,0.0303030303030303,0.0102389078498294,0,0,0,0,0,0,0,2
00-0031381,D.Adams,Davante Adams,WR,WR,LV,2022,3,REG,TEN,0,0,0,0,0,1,-4,0,5,10,36,1,76,0.24390243902439,0.19047619047619,0,0,0,0,0,0,0,14.2
00-0031382,J.Landry,Jarvis Landry,WR,WR,NO,2022,3,REG,CAR,0,0,0,0,0,0,0,0,2,5,22,0,77,0.128205128205128,0.157786885245902,0,0,0,0,0,0,0,4.2
00-0031428,Al.Robinson,Allen Robinson,WR,WR,LA,2022,3,REG,ARI,0,0,0,0,0,0,0,0,2,5,23,0,37,0.2,0.168181818181818,0,0,0,0,0,0,0,4.3
00-0031503,J.Winston,Jameis Winston,QB,QB,NO,2022,3,REG,CAR,25,41,353,1,2,2,5,0,0,0,0,0,0,0,0,0,0,0,0,0,0,0,14.62
00-0031544,A.Cooper,Amari Cooper,WR,WR,CLE,2022,3,REG,PIT,0,0,0,0,0,0,0,0,7,11,101,1,132,0.354838709677419,0.656716417910448,0,0,0,0,0,0,0,23.1
00-0031547,D.Parker,DeVante Parker,WR,WR,NE,2022,3,REG,BAL,0,0,0,0,0,0,0,0,5,10,156,0,212,0.3125,0.549222797927461,0,0,0,0,0,0,0,20.6
00-0031549,N.Agholor,Nelson Agholor,WR,WR,NE,2022,3,REG,BAL,0,0,0,0,0,0,0,0,2,3,41,0,72,0.09375,0.186528497409326,0,0,1,0,0,0,0,4.1
00-0031588,S.Diggs,Stefon Diggs,WR,WR,BUF,2022,3,REG,MIA,0,0,0,0,0,0,0,0,7,11,74,0,84,0.192982456140351,0.222222222222222,0,0,0,0,0,0,0,14.4
00-0031610,D.Waller,Darren Waller,TE,TE,LV,2022,3,REG,TEN,0,0,0,0,0,0,0,0,3,5,22,0,49,0.121951219512195,0.12280701754386,0,0,0,0,0,0,0,5.2
00-0031687,R.Mostert,Raheem Mostert,RB,RB,MIA,2022,3,REG,BUF,0,0,0,0,0,8,11,0,0,2,0,0,1,0.1,0.00558659217877095,0,0,0,0,0,0,0,1.1
00-0031763,D.Carter,DeAndre Carter,WR,WR,LAC,2022,3,REG,JAX,0,0,0,0,0,1,-5,0,3,4,31,0,25,0.0975609756097561,0.0710227272727273,0,0,0,0,0,0,0,5.6
00-0031787,J.Kumerow,Jake Kumerow,WR,WR,BUF,2022,3,REG,MIA,0,0,0,0,0,0,0,0,2,2,14,0,6,0.0350877192982456,0.0158730158730159,0,0,0,0,0,0,0,3.4
00-0031941,J.Crowder,Jamison Crowder,WR,WR,BUF,2022,3,REG,MIA,0,0,0,0,0,0,0,0,1,3,9,0,51,0.0526315789473684,0.134920634920635,0,0,0,0,0,0,0,1.9
00-0032054,B.Perriman,Breshad Perriman,WR,WR,TB,2022,3,REG,GB,0,0,0,0,0,1,0,0,3,4,44,0,54,0.1,0.228813559322034,0,0,1,0,0,0,0,5.4
00-0032104,A.Abdullah,Ameer Abdullah,RB,RB,LV,2022,3,REG,TEN,0,0,0,0,0,0,0,0,0,0,0,0,0,0,0,0,0,0,0,0,0,0,0
00-0032134,C.Uzomah,C.J. Uzomah,TE,TE,NYJ,2022,3,REG,CIN,0,0,0,0,0,0,0,0,1,1,5,0,5,0.0208333333333333,0.00954198473282443,0,0,0,0,0,0,0,1.5
00-0032141,G.Swaim,Geoff Swaim,TE,TE,TEN,2022,3,REG,LV,0,0,0,0,0,0,0,0,3,3,19,1,12,0.115384615384615,0.0625,0,0,0,0,0,0,0,10.9
00-0032144,M.Gordon,Melvin Gordon,RB,RB,DEN,2022,3,REG,SF,0,0,0,0,0,12,26,1,5,6,29,0,-6,0.1875,-0.024390243902439,0,0,0,0,0,0,0,16.5
00-0032208,P.Dorsett,Phillip Dorsett,WR,WR,HOU,2022,3,REG,CHI,0,0,0,0,0,0,0,0,1,1,15,0,15,0.032258064516129,0.0630252100840336,0,0,0,0,0,0,0,2.5
00-0032211,T.Lockett,Tyler Lockett,WR,WR,SEA,2022,3,REG,ATL,0,0,0,0,0,0,0,0,9,11,76,0,123,0.25,0.298543689320388,0,0,0,0,0,0,0,16.6
00-0032268,M.Mariota,Marcus Mariota,QB,QB,ATL,2022,3,REG,SEA,13,20,229,1,1,7,4,1,0,0,0,0,0,0,0,0,1,0,0,0,0,0,15.56
00-0032355,C.Rogers,Chester Rogers,WR,WR,CLE,2022,3,REG,PIT,0,0,0,0,0,0,0,0,0,0,0,0,0,0,0,0,0,0,0,0,0,0,0
00-0032385,S.Shepard,Sterling Shepard,WR,WR,NYG,2022,3,REG,DAL,0,0,0,0,0,0,0,0,5,10,49,0,98,0.3125,0.368421052631579,0,0,0,0,0,0,0,9.9
00-0032392,A.Hooper,Austin Hooper,TE,TE,TEN,2022,3,REG,LV,0,0,0,0,0,0,0,0,2,2,19,0,10,0.0769230769230769,0.0520833333333333,0,0,0,0,0,0,0,3.9
00-0032394,N.Vannett,Nick Vannett,TE,TE,NO,2022,3,REG,CAR,0,0,0,0,0,0,0,0,1,1,5,0,3,0.0256410256410256,0.00614754098360656,0,0,0,0,0,0,0,1.5
00-0032398,C.Moore,Chris Moore,WR,WR,HOU,2022,3,REG,CHI,0,0,0,0,0,0,0,0,3,3,63,0,26,0.0967741935483871,0.109243697478992,0,0,0,0,0,0,0,9.3
00-0032450,D.Washington,Dwayne Washington,RB,RB,NO,2022,3,REG,CAR,0,0,0,0,0,0,0,0,0,0,0,0,0,0,0,0,0,0,0,0,0,0,0
00-0032464,K.Raymond,Kalif Raymond,WR,WR,DET,2022,3,REG,MIN,0,0,0,0,0,0,0,0,1,1,4,0,1,0.027027027027027,0.00286532951289398,0,0,0,0,0,0,0,1.4
00-0032602,J.McKissic,J.D. McKissic,RB,RB,WAS,2022,3,REG,PHI,0,0,0,0,0,3,8,0,6,9,32,0,21,0.214285714285714,0.0619469026548673,0,0,0,0,0,0,0,10
00-0032688,R.Anderson,Robbie Chosen,WR,WR,CAR,2022,3,REG,NO,0,0,0,0,0,0,0,0,1,4,14,0,69,0.166666666666667,0.439490445859873,0,0,0,0,0,0,0,2.4
00-0032725,S.Anderson,Stephen Anderson,TE,TE,ARI,2022,3,REG,LA,0,0,0,0,0,0,0,0,0,0,0,0,0,0,0,0,0,0,0,0,0,0,0
00-0032764,D.Henry,Derrick Henry,RB,RB,TEN,2022,3,REG,LV,0,0,0,0,0,20,85,1,5,6,58,0,0,0.230769230769231,0,0,0,0,0,0,0,0,25.3
00-0032765,M.Thomas,Michael Thomas,WR,WR,NO,2022,3,REG,CAR,0,0,0,0,0,0,0,0,5,5,49,0,40,0.128205128205128,0.0819672131147541,0,0,0,0,0,0,0,9.9
00-0032775,D.Robinson,Demarcus Robinson,WR,WR,BAL,2022,3,REG,NE,0,0,0,0,0,0,0,0,0,1,0,0,9,0.037037037037037,0.0326086956521739,0,0,0,0,0,0,0,0
00-0032950,C.Wentz,Carson Wentz,QB,QB,WAS,2022,3,REG,PHI,25,43,211,0,0,3,22,0,0,0,0,0,0,0,0,1,0,0,0,0,0,0,8.64
00-0032975,J.Williams,Jonathan Williams,RB,RB,WAS,2022,3,REG,PHI,0,0,0,0,0,1,6,0,0,0,0,0,0,0,0,0,0,0,0,0,0,0,0.6
00-0033009,T.Boyd,Tyler Boyd,WR,WR,CIN,2022,3,REG,NYJ,0,0,0,0,0,0,0,0,4,5,105,1,54,0.142857142857143,0.193548387096774,0,0,0,0,0,0,0,20.5
00-0033040,T.Hill,Tyreek Hill,WR,WR,MIA,2022,3,REG,BUF,0,0,0,0,0,0,0,0,2,4,33,0,34,0.2,0.189944134078212,0,0,0,0,0,0,0,5.3
00-0033045,E.Elliott,Ezekiel Elliott,RB,RB,DAL,2022,3,REG,NYG,0,0,0,0,0,15,73,1,1,1,2,0,-1,0.0333333333333333,-0.00398406374501992,0,0,0,0,0,0,0,14.5
00-0033090,H.Henry,Hunter Henry,TE,TE,NE,2022,3,REG,BAL,0,0,0,0,0,0,0,0,1,1,8,0,7,0.03125,0.0181347150259067,0,0,0,0,0,0,0,1.8
00-0033106,J.Goff,Jared Goff,QB,QB,DET,2022,3,REG,MIN,25,41,277,1,1,2,8,0,0,0,0,0,0,0,0,0,0,0,0,0,0,0,13.88
00-0033110,T.Higbee,Tyler Higbee,TE,TE,LA,2022,3,REG,ARI,0,0,0,0,0,0,0,0,4,4,61,0,0,0.16,0,0,0,0,0,0,0,0,10.1
00-0033119,J.Brissett,Jacoby Brissett,QB,QB,CLE,2022,3,REG,PIT,21,31,220,2,0,3,11,0,0,0,0,0,0,0,0,0,0,0,0,0,0,0,17.9
00-0033217,M.Alie-Cox,Mo Alie-Cox,TE,TE,IND,2022,3,REG,KC,0,0,0,0,0,0,0,0,1,3,9,0,6,0.0833333333333333,0.0337078651685393,0,0,0,0,0,0,0,1.9
00-0033246,J.Mundt,Johnny Mundt,TE,TE,MIN,2022,3,REG,DET,0,0,0,0,0,0,0,0,2,2,23,0,0,0.0540540540540541,0,0,0,0,0,0,0,0,4.3
00-0033251,Z.Pascal,Zach Pascal,WR,WR,PHI,2022,3,REG,WAS,0,0,0,0,0,1,0,0,3,3,18,0,6,0.0882352941176471,0.0153061224489796,0,0,0,0,0,0,0,4.8
00-0033280,C.McCaffrey,Christian McCaffrey,RB,RB,CAR,2022,3,REG,NO,0,0,0,0,0,25,108,0,2,4,7,0,1,0.166666666666667,0.00636942675159236,0,0,0,0,0,0,0,13.5
00-0033282,C.Samuel,Curtis Samuel,WR,WR,WAS,2022,3,REG,PHI,0,0,0,0,0,3,13,0,7,10,48,0,39,0.238095238095238,0.115044247787611,0,0,0,0,0,0,0,13.1
00-0033288,G.Kittle,George Kittle,TE,TE,SF,2022,3,REG,DEN,0,0,0,0,0,0,0,0,4,5,28,0,11,0.172413793103448,0.0454545454545455,0,0,0,0,0,0,0,6.8
00-0033292,T.Taylor,Trent Taylor,WR,WR,CIN,2022,3,REG,NYJ,0,0,0,0,0,0,0,0,0,0,0,0,0,0,0,0,0,0,0,0,0,0,0
00-0033293,A.Jones,Aaron Jones,RB,RB,GB,2022,3,REG,TB,0,0,0,0,0,12,36,0,3,4,11,0,2,0.117647058823529,0.0112994350282486,0,0,1,0,0,0,0,5.7
00-0033307,K.Bourne,Kendrick Bourne,WR,WR,NE,2022,3,REG,BAL,0,0,0,0,0,0,0,0,4,5,58,0,73,0.15625,0.189119170984456,0,0,0,0,0,0,0,9.8
00-0033308,M.Breida,Matt Breida,RB,RB,NYG,2022,3,REG,DAL,0,0,0,0,0,1,3,0,0,0,0,0,0,0,0,0,0,0,0,0,0,0,0.3
00-0033439,P.Brown,Pharaoh Brown,TE,TE,HOU,2022,3,REG,CHI,0,0,0,0,0,0,0,0,3,4,31,0,26,0.129032258064516,0.109243697478992,0,0,0,0,0,0,0,6.1
00-0033455,A.Firkser,Anthony Firkser,TE,TE,ATL,2022,3,REG,SEA,0,0,0,0,0,0,0,0,1,1,22,0,14,0.0526315789473684,0.0425531914893617,0,0,0,0,0,0,0,3.2
00-0033466,I.McKenzie,Isaiah McKenzie,WR,WR,BUF,2022,3,REG,MIA,0,0,0,0,0,1,6,0,7,9,76,1,59,0.157894736842105,0.156084656084656,0,0,0,0,0,0,0,21.2
00-0033526,S.Perine,Samaje Perine,RB,RB,CIN,2022,3,REG,NYJ,0,0,0,0,0,9,47,0,2,2,14,1,13,0.0571428571428571,0.0465949820788531,0,0,0,0,0,0,0,14.1
00-0033536,M.Williams,Mike Williams,WR,WR,LAC,2022,3,REG,JAX,0,0,0,0,0,0,0,0,1,6,15,1,109,0.146341463414634,0.309659090909091,0,0,0,0,0,0,0,8.5
00-0033553,J.Conner,James Conner,RB,RB,ARI,2022,3,REG,LA,0,0,0,0,0,13,39,0,3,5,18,0,-1,0.0909090909090909,-0.00280898876404494,0,0,0,0,0,0,0,8.7
00-0033555,M.Hollins,Mack Hollins,WR,WR,LV,2022,3,REG,TEN,1,1,4,0,0,0,0,0,8,11,158,1,141,0.268292682926829,0.353383458646617,0,0,0,0,0,0,0,29.96
00-0033572,J.Agnew,Jamal Agnew,WR,WR,JAX,2022,3,REG,LAC,0,0,0,0,0,0,0,0,1,1,17,0,6,0.0263157894736842,0.032258064516129,0,0,0,0,0,0,0,2.7
00-0033576,E.Saubert,Eric Saubert,TE,TE,DEN,2022,3,REG,SF,0,0,0,0,0,0,0,0,0,1,0,0,27,0.03125,0.109756097560976,0,0,0,0,0,0,0,0
00-0033591,N.Brown,Noah Brown,WR,WR,DAL,2022,3,REG,NYG,0,0,0,0,0,0,0,0,5,7,54,0,52,0.233333333333333,0.207171314741036,0,0,0,0,0,0,0,10.4
00-0033662,C.Rush,Cooper Rush,QB,QB,DAL,2022,3,REG,NYG,21,31,215,1,0,2,-2,0,0,0,0,0,0,0,0,0,0,0,0,0,0,0,12.4
00-0033681,K.Cole,Keelan Cole,WR,WR,LV,2022,3,REG,TEN,0,0,0,0,0,0,0,0,1,4,12,0,67,0.0975609756097561,0.167919799498747,0,0,0,0,0,0,0,2.2
00-0033699,A.Ekeler,Austin Ekeler,RB,RB,LAC,2022,3,REG,JAX,0,0,0,0,0,4,5,0,8,8,48,0,-14,0.195121951219512,-0.0397727272727273,0,0,0,0,0,0,0,13.3
00-0033757,R.Tonyan,Robert Tonyan,TE,TE,GB,2022,3,REG,TB,0,0,0,0,0,0,0,0,6,7,37,0,13,0.205882352941176,0.0734463276836158,0,0,0,0,0,0,0,9.7
00-0033856,L.Fournette,Leonard Fournette,RB,RB,TB,2022,3,REG,GB,0,0,0,0,0,12,35,0,5,6,35,0,-8,0.15,-0.0338983050847458,0,0,0,0,0,0,0,12
00-0033857,J.Smith-Schuster,JuJu Smith-Schuster,WR,WR,KC,2022,3,REG,IND,0,0,0,0,0,0,0,0,5,8,89,0,113,0.242424242424242,0.385665529010239,0,0,0,0,0,0,0,13.9
00-0033858,J.Smith,Jonnu Smith,TE,TE,NE,2022,3,REG,BAL,0,0,0,0,0,0,0,0,4,4,25,0,2,0.125,0.00518134715025907,0,0,0,0,0,0,0,6.5
00-0033869,M.Trubisky,Mitchell Trubisky,QB,QB,PIT,2022,3,REG,CLE,20,32,207,0,0,2,7,1,0,0,0,0,0,0,0,0,0,0,0,0,0,0,14.98
00-0033871,C.Davis,Corey Davis,WR,WR,NYJ,2022,3,REG,CIN,0,0,0,0,0,0,0,0,2,5,27,0,69,0.104166666666667,0.131679389312977,0,0,0,0,0,0,0,4.7
00-0033873,P.Mahomes,Patrick Mahomes,QB,QB,KC,2022,3,REG,IND,20,35,262,1,1,4,26,0,0,0,0,0,0,0,0,0,0,0,1,0,0,0,17.08
00-0033879,O.Howard,O.J. Howard,TE,TE,HOU,2022,3,REG,CHI,0,0,0,0,0,0,0,0,0,1,0,0,19,0.032258064516129,0.0798319327731092,0,0,0,0,0,0,0,0
00-0033881,E.Engram,Evan Engram,TE,TE,JAX,2022,3,REG,LAC,0,0,0,0,0,1,0,0,1,3,9,0,18,0.0789473684210526,0.0967741935483871,0,0,0,0,0,1,0,3.9
00-0033885,D.Njoku,David Njoku,TE,TE,CLE,2022,3,REG,PIT,0,0,0,0,0,0,0,0,9,10,89,1,46,0.32258064516129,0.228855721393035,0,0,0,0,0,0,0,23.9
00-0033891,Z.Jones,Zay Jones,WR,WR,JAX,2022,3,REG,LAC,0,0,0,0,0,1,0,0,10,11,85,1,38,0.289473684210526,0.204301075268817,0,0,0,0,0,0,0,24.5
00-0033893,D.Cook,Dalvin Cook,RB,RB,MIN,2022,3,REG,DET,0,0,0,0,0,17,96,1,0,0,0,0,0,0,0,0,1,0,0,0,0,0,13.6
00-0033895,G.Everett,Gerald Everett,TE,TE,LAC,2022,3,REG,JAX,0,0,0,0,0,0,0,0,2,6,25,0,74,0.146341463414634,0.210227272727273,0,0,0,0,0,0,0,4.5
00-0033897,J.Mixon,Joe Mixon,RB,RB,CIN,2022,3,REG,NYJ,0,0,0,0,0,12,24,0,3,7,14,0,-19,0.2,-0.0681003584229391,0,0,0,0,0,0,0,6.8
00-0033906,A.Kamara,Alvin Kamara,RB,RB,NO,2022,3,REG,CAR,0,0,0,0,0,15,61,0,2,7,12,0,26,0.17948717948718,0.0532786885245902,0,1,0,0,0,0,0,7.3
00-0033908,C.Kupp,Cooper Kupp,WR,WR,LA,2022,3,REG,ARI,0,0,0,0,0,1,20,1,4,6,44,0,101,0.24,0.459090909090909,0,0,0,0,0,0,0,16.4
00-0033923,K.Hunt,Kareem Hunt,RB,RB,CLE,2022,3,REG,PIT,0,0,0,0,0,12,47,0,3,4,14,0,-4,0.129032258064516,-0.0199004975124378,0,0,0,0,0,0,0,9.1
00-0033932,K.Golladay,Kenny Golladay,WR,WR,NYG,2022,3,REG,DAL,0,0,0,0,0,0,0,0,0,3,0,0,27,0.09375,0.101503759398496,0,0,0,0,0,0,0,0
00-0033936,C.Beathard,C.J. Beathard,QB,QB,JAX,2022,3,REG,LAC,0,0,0,0,0,1,-1,0,0,0,0,0,0,0,0,0,0,0,0,0,0,0,-0.1
00-0033943,J.Reynolds,Josh Reynolds,WR,WR,DET,2022,3,REG,MIN,0,0,0,0,0,0,0,0,6,10,96,0,172,0.27027027027027,0.492836676217765,0,0,0,0,0,0,0,15.6
00-0033948,Ja.Williams,Jamaal Williams,RB,RB,DET,2022,3,REG,MIN,0,0,0,0,0,20,87,2,2,2,20,0,4,0.0540540540540541,0.0114613180515759,0,0,0,0,0,0,0,24.7
00-0034054,R.Cracraft,River Cracraft,WR,WR,MIA,2022,3,REG,BUF,0,0,0,0,0,0,0,0,1,1,11,1,11,0.05,0.0614525139664804,0,0,0,0,0,0,0,8.1
00-0034115,J.Wilson,Jeffery Wilson,RB,RB,SF,2022,3,REG,DEN,0,0,0,0,0,12,75,0,3,3,31,0,8,0.103448275862069,0.0330578512396694,0,0,1,0,0,0,0,11.6
00-0034159,W.Dissly,Will Dissly,TE,TE,SEA,2022,3,REG,ATL,0,0,0,0,0,0,0,0,3,3,34,1,27,0.0681818181818182,0.0655339805825243,0,0,0,0,0,0,0,12.4
00-0034208,M.Boone,Mike Boone,RB,RB,DEN,2022,3,REG,SF,0,0,0,0,0,0,0,0,0,1,0,0,2,0.03125,0.00813008130081301,0,0,0,0,0,0,0,0
00-0034253,D.Hilliard,Dontrell Hilliard,RB,RB,TEN,2022,3,REG,LV,0,0,0,0,0,2,14,0,1,1,30,0,1,0.0384615384615385,0.00520833333333333,0,0,0,0,0,0,0,5.4
00-0034270,T.Conklin,Tyler Conklin,TE,TE,NYJ,2022,3,REG,CIN,0,0,0,0,0,0,0,0,8,8,84,0,26,0.166666666666667,0.049618320610687,0,0,0,0,0,0,0,16.4
00-0034272,M.Valdes-Scantling,Marquez Valdes-Scantling,WR,WR,KC,2022,3,REG,IND,0,0,0,0,0,0,0,0,4,7,48,0,93,0.212121212121212,0.31740614334471,0,0,0,0,0,0,0,8.8
00-0034279,E.St. Brown,Equanimeous St. Brown,WR,WR,CHI,2022,3,REG,HOU,0,0,0,0,0,2,43,0,1,2,20,0,24,0.125,0.156862745098039,0,0,0,0,0,0,0,7.3
00-0034286,R.James,Richie James,WR,WR,NYG,2022,3,REG,DAL,0,0,0,0,0,1,4,0,4,5,36,0,41,0.15625,0.154135338345865,0,0,0,0,0,0,0,8
00-0034297,B.Pringle,Byron Pringle,WR,WR,CHI,2022,3,REG,HOU,0,0,0,0,0,0,0,0,1,1,11,0,7,0.0625,0.0457516339869281,0,0,0,0,0,0,0,2.1
00-0034301,D.Williams,Darrel Williams,RB,RB,ARI,2022,3,REG,LA,0,0,0,0,0,1,7,0,0,1,0,0,-3,0.0181818181818182,-0.00842696629213483,0,0,0,0,0,0,0,0.7
00-0034348,C.Sutton,Courtland Sutton,WR,WR,DEN,2022,3,REG,SF,0,0,0,0,0,0,0,0,8,10,97,0,100,0.3125,0.40650406504065,0,0,0,0,0,0,0,17.7
00-0034351,D.Goedert,Dallas Goedert,TE,TE,PHI,2022,3,REG,WAS,0,0,0,0,0,0,0,0,3,4,26,1,-1,0.117647058823529,-0.00255102040816327,0,0,0,0,0,0,0,11.6
00-0034364,J.Akins,Jordan Akins,TE,TE,HOU,2022,3,REG,CHI,0,0,0,0,0,0,0,0,3,4,31,1,18,0.129032258064516,0.0756302521008403,0,0,0,0,0,0,0,12.1
00-0034365,I.Thomas,Ian Thomas,TE,TE,CAR,2022,3,REG,NO,0,0,0,0,0,0,0,0,2,3,13,0,2,0.125,0.0127388535031847,0,0,0,0,0,0,0,3.3
00-0034367,N.Hines,Nyheim Miller-Hines,RB,RB,IND,2022,3,REG,KC,0,0,0,0,0,3,7,0,5,6,23,0,-7,0.166666666666667,-0.0393258426966292,0,0,0,0,0,0,0,8
00-0034386,Ju.Watson,Justin Watson,WR,WR,KC,2022,3,REG,IND,0,0,0,0,0,0,0,0,0,1,0,0,15,0.0303030303030303,0.0511945392491468,0,0,0,0,0,0,0,0
00-0034407,R.McCloud,Ray-Ray McCloud,WR,WR,SF,2022,3,REG,DEN,0,0,0,0,0,0,0,0,1,1,11,0,8,0.0344827586206897,0.0330578512396694,0,0,0,0,0,0,0,2.1
00-0034411,R.Gage,Russell Gage,WR,WR,TB,2022,3,REG,GB,0,0,0,0,0,0,0,0,12,13,87,1,60,0.325,0.254237288135593,0,0,1,0,0,0,0,24.7
00-0034414,B.Scott,Boston Scott,RB,RB,PHI,2022,3,REG,WAS,0,0,0,0,0,2,0,0,0,0,0,0,0,0,0,0,0,0,0,0,0,0,0
00-0034419,B.Berrios,Braxton Berrios,WR,WR,NYJ,2022,3,REG,CIN,0,0,0,0,0,1,-2,0,0,1,0,0,30,0.0208333333333333,0.0572519083969466,0,0,0,0,0,0,0,-0.2
00-0034440,J.Jackson,Justin Jackson,RB,RB,DET,2022,3,REG,MIN,0,0,0,0,0,0,0,0,0,0,0,0,0,0,0,0,0,0,0,0,0,0,0
00-0034487,T.Sherfield,Trent Sherfield,WR,WR,MIA,2022,3,REG,BUF,0,0,0,0,0,0,0,0,1,1,5,0,2,0.05,0.0111731843575419,0,0,0,0,0,0,0,1.5
00-0034521,A.Lazard,Allen Lazard,WR,WR,GB,2022,3,REG,TB,0,0,0,0,0,0,0,0,4,6,45,1,92,0.176470588235294,0.519774011299435,0,0,0,0,0,0,0,14.5
00-0034646,B.Powell,Brandon Powell,WR,WR,LA,2022,3,REG,ARI,0,0,0,0,0,0,0,0,3,3,27,0,-9,0.12,-0.0409090909090909,0,0,0,0,0,0,0,5.7
00-0034681,C.Edmonds,Chase Edmonds,RB,RB,MIA,2022,3,REG,BUF,0,0,0,0,0,6,21,2,1,1,6,0,2,0.05,0.0111731843575419,0,0,0,0,0,0,0,15.7
00-0034750,R.Penny,Rashaad Penny,RB,RB,SEA,2022,3,REG,ATL,0,0,0,0,0,14,66,0,1,1,3,0,-5,0.0227272727272727,-0.0121359223300971,0,0,0,0,0,0,0,7.9
00-0034753,M.Andrews,Mark Andrews,TE,TE,BAL,2022,3,REG,NE,0,0,0,0,0,0,0,0,8,13,89,2,152,0.481481481481482,0.550724637681159,0,0,0,0,0,0,0,28.9
00-0034765,T.Smith,Tre'Quan Smith,WR,WR,NO,2022,3,REG,CAR,0,0,0,0,0,0,0,0,4,5,105,0,126,0.128205128205128,0.258196721311475,0,0,0,0,0,0,0,14.5
00-0034775,C.Kirk,Christian Kirk,WR,WR,JAX,2022,3,REG,LAC,0,0,0,0,0,0,0,0,6,9,72,1,57,0.236842105263158,0.306451612903226,0,0,0,0,0,0,0,19.2
00-0034777,D.Chark,D.J. Chark,WR,WR,DET,2022,3,REG,MIN,0,0,0,0,0,0,0,0,3,6,46,0,117,0.162162162162162,0.335243553008596,0,0,0,0,0,0,0,7.6
00-0034791,N.Chubb,Nick Chubb,RB,RB,CLE,2022,3,REG,PIT,0,0,0,0,0,23,113,1,0,1,0,0,3,0.032258064516129,0.0149253731343284,0,0,0,0,0,0,0,17.3
00-0034796,L.Jackson,Lamar Jackson,QB,QB,BAL,2022,3,REG,NE,18,29,218,4,1,11,107,1,0,0,0,0,0,0,0,0,0,0,0,0,0,0,39.42
00-0034798,D.Smythe,Durham Smythe,TE,TE,MIA,2022,3,REG,BUF,0,0,0,0,0,0,0,0,3,3,23,0,8,0.15,0.0446927374301676,0,0,0,0,0,0,0,5.3
00-0034827,D.Moore,D.J. Moore,WR,WR,CAR,2022,3,REG,NO,0,0,0,0,0,2,13,0,1,6,2,0,56,0.25,0.356687898089172,0,0,0,0,0,0,0,2.5
00-0034829,M.Gesicki,Mike Gesicki,TE,TE,MIA,2022,3,REG,BUF,0,0,0,0,0,0,0,0,1,1,6,0,0,0.05,0,0,0,0,0,0,0,0,1.6
00-0034830,H.Hurst,Hayden Hurst,TE,TE,CIN,2022,3,REG,NYJ,0,0,0,0,0,0,0,0,1,2,7,0,8,0.0571428571428571,0.028673835125448,0,0,0,0,0,0,0,1.7
00-0034844,S.Barkley,Saquon Barkley,RB,RB,NYG,2022,3,REG,DAL,0,0,0,0,0,14,81,1,4,4,45,0,-11,0.125,-0.0413533834586466,0,0,0,0,0,0,0,22.6
00-0034845,S.Michel,Sony Michel,RB,RB,LAC,2022,3,REG,JAX,0,0,0,0,0,5,22,0,1,2,9,0,8,0.0487804878048781,0.0227272727272727,0,0,0,0,0,0,0,4.1
00-0034855,B.Mayfield,Baker Mayfield,QB,QB,CAR,2022,3,REG,NO,12,25,170,1,0,1,-1,0,0,0,0,0,0,0,0,0,0,0,0,0,0,0,10.7
00-0034857,J.Allen,Josh Allen,QB,QB,BUF,2022,3,REG,MIA,42,63,400,2,0,8,47,0,0,0,0,0,0,0,0,1,0,0,0,0,0,0,26.7
00-0034860,D.Pettis,Dante Pettis,WR,WR,CHI,2022,3,REG,HOU,0,0,0,0,0,0,0,0,0,0,0,0,0,0,0,0,0,0,0,0,0,0,0
00-0034970,I.Smith,Irv Smith,TE,TE,MIN,2022,3,REG,DET,0,0,0,0,0,0,0,0,2,6,32,0,31,0.162162162162162,0.092814371257485,0,0,0,0,0,0,0,5.2
00-0034972,A.Mattison,Alexander Mattison,RB,RB,MIN,2022,3,REG,DET,0,0,0,0,0,7,28,1,1,1,16,0,3,0.027027027027027,0.00898203592814371,0,0,0,0,0,0,0,11.4
00-0034975,J.Hill,Justice Hill,RB,RB,BAL,2022,3,REG,NE,0,0,0,0,0,6,60,0,0,0,0,0,0,0,0,0,0,0,0,0,0,0,6
00-0034981,F.Moreau,Foster Moreau,TE,TE,LV,2022,3,REG,TEN,0,0,0,0,0,0,0,0,3,4,44,0,37,0.0975609756097561,0.0927318295739348,0,0,0,0,0,0,0,7.4
00-0035021,A.Dulin,Ashton Dulin,WR,WR,IND,2022,3,REG,KC,0,0,0,0,0,0,0,0,1,1,7,0,3,0.0277777777777778,0.0168539325842697,0,0,0,0,0,0,0,1.7
00-0035022,P.Hart,Penny Hart,WR,WR,SEA,2022,3,REG,ATL,0,0,0,0,0,0,0,0,1,1,15,0,7,0.0227272727272727,0.0169902912621359,0,0,0,0,0,0,0,2.5
00-0035140,M.Hardman,Mecole Hardman,WR,WR,KC,2022,3,REG,IND,0,0,0,0,0,0,0,0,1,1,2,0,-3,0.0303030303030303,-0.0102389078498294,0,0,0,0,0,0,0,1.2
00-0035208,O.Zaccheaus,Olamide Zaccheaus,WR,WR,ATL,2022,3,REG,SEA,0,0,0,0,0,0,0,0,2,2,49,0,49,0.105263157894737,0.148936170212766,0,0,0,0,0,0,0,6.9
00-0035216,D.Johnson,Diontae Johnson,WR,WR,PIT,2022,3,REG,CLE,0,0,0,0,0,0,0,0,8,11,84,0,146,0.34375,0.372448979591837,0,0,0,0,0,0,0,16.4
00-0035228,K.Murray,Kyler Murray,QB,QB,ARI,2022,3,REG,LA,37,58,314,0,0,2,8,0,0,0,0,0,0,0,0,0,0,0,0,0,0,0,13.36
00-0035229,T.Hockenson,T.J. Hockenson,TE,TE,DET,2022,3,REG,MIN,0,0,0,0,0,0,0,0,3,4,18,1,14,0.108108108108108,0.0401146131805158,0,0,0,0,0,0,0,10.8
00-0035243,M.Sanders,Miles Sanders,RB,RB,PHI,2022,3,REG,WAS,0,0,0,0,0,15,46,0,1,1,-2,0,-1,0.0294117647058824,-0.00255102040816327,0,0,0,0,0,0,0,5.4
00-0035249,J.Oliver,Josh Oliver,TE,TE,BAL,2022,3,REG,NE,0,0,0,0,0,0,0,0,2,2,8,1,-3,0.0740740740740741,-0.0108695652173913,0,0,0,0,0,0,0,8.8
00-0035250,D.Singletary,Devin Singletary,RB,RB,BUF,2022,3,REG,MIA,0,0,0,0,0,9,13,0,9,11,78,1,8,0.192982456140351,0.0211640211640212,0,0,0,0,0,0,0,24.1
00-0035261,T.Pollard,Tony Pollard,RB,RB,DAL,2022,3,REG,NYG,0,0,0,0,0,13,105,0,0,1,0,0,3,0.0333333333333333,0.0119521912350598,0,0,0,0,0,0,0,10.5
00-0035298,S.Miller,Scott Miller,WR,WR,TB,2022,3,REG,GB,0,0,0,0,0,0,0,0,1,5,4,0,42,0.125,0.177966101694915,0,0,0,0,0,0,0,1.4
00-0035345,C.Myarick,Chris Myarick,TE,TE,NYG,2022,3,REG,DAL,0,0,0,0,0,0,0,0,1,1,6,0,4,0.03125,0.0150375939849624,0,0,0,0,0,0,0,1.6
00-0035359,D.Sills,David Sills,WR,WR,NYG,2022,3,REG,DAL,0,0,0,0,0,0,0,0,2,4,20,0,48,0.125,0.180451127819549,0,0,0,0,0,0,0,4
00-0035399,S.Morgan,Stanley Morgan,WR,WR,CIN,2022,3,REG,NYJ,0,0,0,0,0,0,0,0,0,0,0,0,0,0,0,0,0,0,0,0,0,0,0
00-0035406,L.Humphrey,Lil'Jordan Humphrey,WR,WR,NE,2022,3,REG,BAL,0,0,0,0,0,0,0,0,0,1,0,0,13,0.03125,0.0336787564766839,0,0,0,0,0,0,0,0
00-0035414,J.Guyton,Jalen Guyton,WR,WR,LAC,2022,3,REG,JAX,0,0,0,0,0,0,0,0,2,3,64,0,87,0.0731707317073171,0.247159090909091,0,0,0,0,0,0,0,8.4
00-0035500,G.Dortch,Greg Dortch,WR,WR,ARI,2022,3,REG,LA,0,0,0,0,0,0,0,0,9,10,80,0,38,0.181818181818182,0.106741573033708,0,0,0,0,0,0,0,17
00-0035527,A.Isabella,Andy Isabella,WR,WR,ARI,2022,3,REG,LA,0,0,0,0,0,0,0,0,1,2,11,0,40,0.0363636363636364,0.112359550561798,0,0,0,0,0,0,0,2.1
00-0035547,J.Fortson,Joseph Fortson,TE,TE,KC,2022,3,REG,IND,0,0,0,0,0,0,0,0,0,0,0,0,0,0,0,0,0,0,0,0,0,0,0
00-0035562,J.Horsted,Jesper Horsted,TE,TE,LV,2022,3,REG,TEN,0,0,0,0,0,0,0,0,0,0,0,0,0,0,0,0,0,0,0,0,0,0,0
00-0035567,C.Reynolds,Craig Reynolds,RB,RB,DET,2022,3,REG,MIN,0,0,0,0,0,6,13,0,1,1,5,0,3,0.027027027027027,0.00859598853868195,0,0,0,0,0,0,0,2.8
00-0035572,P.Hesse,Parker Hesse,TE,TE,ATL,2022,3,REG,SEA,0,0,0,0,0,0,0,0,0,0,0,0,0,0,0,0,0,0,0,0,0,0,0
00-0035593,J.Winfree,Juwann Winfree,WR,WR,GB,2022,3,REG,TB,0,0,0,0,0,0,0,0,0,2,0,0,39,0.0588235294117647,0.220338983050847,0,0,0,0,0,0,0,0
00-0035594,T.Homer,Travis Homer,RB,RB,SEA,2022,3,REG,ATL,0,0,0,0,0,1,7,0,0,0,0,0,0,0,0,0,0,0,0,0,0,0,0.7
00-0035603,K.Blanton,Kendall Blanton,TE,TE,LA,2022,3,REG,ARI,0,0,0,0,0,0,0,0,1,1,28,0,6,0.04,0.0272727272727273,0,0,0,0,0,0,0,3.8
00-0035639,P.Campbell,Parris Campbell,WR,WR,IND,2022,3,REG,KC,0,0,0,0,0,0,0,0,2,2,10,0,6,0.0555555555555556,0.0337078651685393,0,0,0,0,0,0,0,3
00-0035640,D.Metcalf,DK Metcalf,WR,WR,SEA,2022,3,REG,ATL,0,0,0,0,0,0,0,0,5,12,64,1,150,0.272727272727273,0.364077669902913,0,0,0,0,0,0,0,17.4
00-0035644,N.Fant,Noah Fant,TE,TE,SEA,2022,3,REG,ATL,0,0,0,0,0,0,0,0,4,4,27,0,21,0.0909090909090909,0.0509708737864078,0,0,0,0,0,0,0,6.7
00-0035645,G.Olszewski,Gunner Olszewski,WR,WR,PIT,2022,3,REG,CLE,0,0,0,0,0,0,0,0,0,0,0,0,0,0,0,0,0,0,0,0,0,0,0
00-0035657,D.Harris,Damien Harris,RB,RB,NE,2022,3,REG,BAL,0,0,0,0,0,11,41,1,2,3,5,0,-3,0.09375,-0.0077720207253886,0,0,0,0,0,0,0,12.6
00-0035659,T.McLaurin,Terry McLaurin,WR,WR,WAS,2022,3,REG,PHI,0,0,0,0,0,0,0,0,6,9,102,0,147,0.214285714285714,0.433628318584071,0,0,0,0,0,0,0,16.2
00-0035662,M.Brown,Marquise Brown,WR,WR,ARI,2022,3,REG,LA,0,0,0,0,0,0,0,0,14,17,140,0,140,0.309090909090909,0.393258426966292,0,0,0,0,0,0,0,28
00-0035664,D.Henderson,Darrell Henderson,RB,RB,LA,2022,3,REG,ARI,0,0,0,0,0,4,17,0,0,1,0,0,1,0.04,0.00454545454545455,0,0,0,0,0,0,0,1.7
00-0035676,A.Brown,A.J. Brown,WR,WR,PHI,2022,3,REG,WAS,0,0,0,0,0,0,0,0,5,10,85,1,126,0.294117647058824,0.321428571428571,0,0,0,0,0,0,0,19.5
00-0035685,D.Montgomery,David Montgomery,RB,RB,CHI,2022,3,REG,HOU,0,0,0,0,0,3,11,0,0,0,0,0,0,0,0,0,0,0,0,0,0,0,1.1
00-0035689,D.Knox,Dawson Knox,TE,TE,BUF,2022,3,REG,MIA,0,0,0,0,0,0,0,0,4,4,25,0,5,0.0701754385964912,0.0132275132275132,0,0,0,0,0,0,0,6.5
00-0035700,J.Jacobs,Josh Jacobs,RB,RB,LV,2022,3,REG,TEN,0,0,0,0,0,13,66,0,5,5,31,0,6,0.121951219512195,0.0150375939849624,0,0,0,0,0,0,0,14.7
00-0035703,M.Boykin,Miles Boykin,WR,WR,PIT,2022,3,REG,CLE,0,0,0,0,0,0,0,0,0,0,0,0,0,0,0,0,0,0,0,0,0,0,0
00-0035710,D.Jones,Daniel Jones,QB,QB,NYG,2022,3,REG,DAL,20,37,196,0,1,9,79,0,0,0,0,0,0,0,0,0,0,0,0,0,0,0,13.74
00-0035719,D.Samuel,Deebo Samuel,WR,WR,SF,2022,3,REG,DEN,0,0,0,0,0,5,6,0,5,8,73,0,56,0.275862068965517,0.231404958677686,0,0,0,0,0,0,0,12.9
00-0035771,M.Wilcox,Mitchell Wilcox,TE,TE,CIN,2022,3,REG,NYJ,0,0,0,0,0,0,0,0,1,1,9,0,0,0.0285714285714286,0,0,0,0,0,0,0,0,1.9
00-0035806,J.Hasty,Jamycal Hasty,RB,RB,JAX,2022,3,REG,LAC,0,0,0,0,0,0,0,0,0,1,0,0,-6,0.0263157894736842,-0.032258064516129,0,0,0,0,0,0,0,0
00-0035823,B.Ellefson,Ben Ellefson,TE,TE,MIN,2022,3,REG,DET,0,0,0,0,0,0,0,0,2,2,24,0,14,0.0540540540540541,0.0419161676646707,0,0,0,0,0,0,0,4.4
00-0035831,J.Robinson,James Robinson,RB,RB,JAX,2022,3,REG,LAC,0,0,0,0,0,17,100,1,3,3,16,0,-10,0.0789473684210526,-0.0537634408602151,0,0,0,0,0,0,0,20.6
00-0035864,K.Hinton,Kendall Hinton,WR,WR,DEN,2022,3,REG,SF,0,0,0,0,0,0,0,0,1,1,27,0,27,0.03125,0.109756097560976,0,0,0,0,0,0,0,3.7
00-0035876,A.Baccellia,Andre Baccellia,WR,WR,ARI,2022,3,REG,LA,0,0,0,0,0,0,0,0,2,4,13,0,48,0.0727272727272727,0.134831460674157,0,0,0,0,0,0,0,3.3
00-0035956,G.Ricci,Giovanni Ricci,TE,TE,CAR,2022,3,REG,NO,0,0,0,0,0,0,0,0,1,2,15,0,5,0.0833333333333333,0.0318471337579618,0,0,0,0,0,0,0,2.5
00-0036040,J.Johnson,Juwan Johnson,TE,TE,NO,2022,3,REG,CAR,0,0,0,0,0,0,0,0,0,1,0,0,13,0.0256410256410256,0.0266393442622951,0,0,0,0,0,0,0,0
00-0036158,J.Dobbins,J.K. Dobbins,RB,RB,BAL,2022,3,REG,NE,0,0,0,0,0,7,23,0,2,2,17,0,4,0.0740740740740741,0.0144927536231884,0,0,0,0,0,0,0,6
00-0036182,N.Westbrook-Ikhine,Nick Westbrook-Ikhine,WR,WR,TEN,2022,3,REG,LV,0,0,0,0,0,0,0,0,3,3,40,0,36,0.115384615384615,0.1875,0,0,0,0,0,0,0,7
00-0036196,G.Davis,Gabe Davis,WR,WR,BUF,2022,3,REG,MIA,0,0,0,0,0,0,0,0,3,6,37,0,65,0.105263157894737,0.171957671957672,0,0,0,0,0,0,0,6.7
00-0036212,T.Tagovailoa,Tua Tagovailoa,QB,QB,MIA,2022,3,REG,BUF,13,18,186,1,0,1,0,0,0,0,0,0,0,0,0,0,0,0,0,0,0,0,11.44
00-0036219,M.Callaway,Marquez Callaway,WR,WR,NO,2022,3,REG,CAR,0,0,0,0,0,0,0,0,1,1,4,1,4,0.0256410256410256,0.00819672131147541,0,0,0,0,0,0,0,7.4
00-0036223,J.Taylor,Jonathan Taylor,RB,RB,IND,2022,3,REG,KC,0,0,0,0,0,21,71,0,3,5,20,0,-2,0.138888888888889,-0.0112359550561798,0,0,0,0,0,0,0,12.1
00-0036233,D.Peoples-Jones,Donovan Peoples-Jones,WR,WR,CLE,2022,3,REG,PIT,0,0,0,0,0,0,0,0,1,3,10,0,16,0.0967741935483871,0.0796019900497513,0,0,0,0,0,0,0,2
00-0036244,C.Parkinson,Colby Parkinson,TE,TE,SEA,2022,3,REG,ATL,0,0,0,0,0,0,0,0,2,2,44,0,25,0.0454545454545455,0.0606796116504854,0,0,0,0,0,0,0,6.4
00-0036250,T.Davis,Tyler Davis,TE,TE,GB,2022,3,REG,TB,0,0,0,0,0,0,0,0,2,2,26,0,3,0.0588235294117647,0.0169491525423729,0,0,0,0,0,0,0,4.6
00-0036251,Z.Moss,Zack Moss,RB,RB,BUF,2022,3,REG,MIA,0,0,0,0,0,4,46,0,1,1,6,0,-1,0.0175438596491228,-0.00264550264550265,0,0,0,0,0,0,0,6.2
00-0036252,M.Pittman,Michael Pittman,WR,WR,IND,2022,3,REG,KC,0,0,0,0,0,0,0,0,8,9,72,0,47,0.25,0.264044943820225,0,0,0,0,0,0,0,15.2
00-0036259,J.Jennings,Jauan Jennings,WR,WR,SF,2022,3,REG,DEN,0,0,0,0,0,0,0,0,1,3,5,0,22,0.103448275862069,0.0909090909090909,0,0,0,0,0,0,0,1.5
00-0036261,B.Aiyuk,Brandon Aiyuk,WR,WR,SF,2022,3,REG,DEN,0,0,0,0,0,0,0,0,3,8,39,1,114,0.275862068965517,0.471074380165289,0,0,0,0,0,0,0,12.9
00-0036265,A.Dillon,A.J. Dillon,RB,RB,GB,2022,3,REG,TB,0,0,0,0,0,12,32,0,2,3,6,0,-7,0.0882352941176471,-0.0395480225988701,0,0,0,0,0,0,0,5.8
00-0036268,L.Shenault,Laviska Shenault Jr.,WR,WR,CAR,2022,3,REG,NO,0,0,0,0,0,0,0,0,2,2,90,1,1,0.0833333333333333,0.00636942675159236,0,0,0,0,0,0,0,17
00-0036271,Q.Watkins,Quez Watkins,WR,WR,PHI,2022,3,REG,WAS,0,0,0,0,0,0,0,0,0,1,0,0,29,0.0294117647058824,0.0739795918367347,0,0,0,0,0,0,0,0
00-0036275,D.Swift,D'Andre Swift,RB,RB,DET,2022,3,REG,MIN,0,0,0,0,0,7,31,0,3,4,15,0,-3,0.108108108108108,-0.00859598853868195,0,0,0,0,0,0,0,7.6
00-0036277,Q.Cephus,Quintez Cephus,WR,WR,DET,2022,3,REG,MIN,0,0,0,0,0,0,0,0,0,0,0,0,0,0,0,0,0,0,0,0,0,0,0
00-0036290,C.Kmet,Cole Kmet,TE,TE,CHI,2022,3,REG,HOU,0,0,0,0,0,0,0,0,2,3,40,0,52,0.1875,0.339869281045752,0,0,0,0,0,0,0,6
00-0036309,D.Mooney,Darnell Mooney,WR,WR,CHI,2022,3,REG,HOU,0,0,0,0,0,0,0,0,2,6,23,0,57,0.375,0.372549019607843,0,0,0,0,0,0,0,4.3
00-0036322,J.Jefferson,Justin Jefferson,WR,WR,MIN,2022,3,REG,DET,0,0,0,0,0,0,0,0,3,6,14,0,32,0.162162162162162,0.0958083832335329,0,0,0,0,0,0,0,4.4
00-0036326,C.Claypool,Chase Claypool,WR,WR,PIT,2022,3,REG,CLE,0,0,0,0,0,1,11,0,3,6,35,0,86,0.1875,0.219387755102041,0,0,0,0,0,0,0,7.6
00-0036328,A.Gibson,Antonio Gibson,RB,RB,WAS,2022,3,REG,PHI,0,0,0,0,0,12,38,1,1,1,2,0,1,0.0238095238095238,0.00294985250737463,0,0,0,0,0,0,0,11
00-0036331,D.Duvernay,Devin Duvernay,WR,WR,BAL,2022,3,REG,NE,0,0,0,0,0,2,-2,0,2,2,25,1,15,0.0740740740740741,0.0543478260869565,0,0,0,0,0,0,0,10.3
00-0036345,K.Osborn,K.J. Osborn,WR,WR,MIN,2022,3,REG,DET,0,0,0,0,0,0,0,0,5,8,73,1,130,0.216216216216216,0.389221556886228,0,0,0,0,0,0,0,18.3
00-0036355,J.Herbert,Justin Herbert,QB,QB,LAC,2022,3,REG,JAX,25,45,297,1,1,1,7,0,0,0,0,0,0,0,0,1,0,0,0,0,0,0,12.58
00-0036358,C.Lamb,CeeDee Lamb,WR,WR,DAL,2022,3,REG,NYG,0,0,0,0,0,0,0,0,8,12,87,1,130,0.4,0.51792828685259,0,0,0,0,0,0,0,22.7
00-0036360,C.Edwards-Helaire,Clyde Edwards-Helaire,RB,RB,KC,2022,3,REG,IND,0,0,0,0,0,7,0,1,5,5,39,0,-1,0.151515151515152,-0.00341296928327645,0,0,0,0,0,0,0,14.9
00-0036370,J.Kelley,Joshua Kelley,RB,RB,LAC,2022,3,REG,JAX,0,0,0,0,0,1,-3,0,2,2,6,0,-12,0.0487804878048781,-0.0340909090909091,0,0,0,0,0,0,0,2.3
00-0036383,E.Benjamin,Eno Benjamin,RB,RB,ARI,2022,3,REG,LA,0,0,0,0,0,5,16,0,2,4,7,0,-13,0.0727272727272727,-0.0365168539325843,0,0,0,0,0,0,0,4.3
00-0036387,J.Reagor,Jalen Reagor,WR,WR,MIN,2022,3,REG,DET,0,0,0,0,0,0,0,0,1,1,2,0,-1,0.027027027027027,-0.0029940119760479,0,0,0,0,0,0,0,1.2
00-0036389,J.Hurts,Jalen Hurts,QB,QB,PHI,2022,3,REG,WAS,22,35,340,3,0,9,20,0,0,0,0,0,0,0,0,0,0,0,0,0,0,0,27.6
00-0036407,J.Jeudy,Jerry Jeudy,WR,WR,DEN,2022,3,REG,SF,0,0,0,0,0,0,0,0,2,6,17,0,84,0.1875,0.341463414634146,0,0,0,0,0,0,0,3.7
00-0036410,T.Higgins,Tee Higgins,WR,WR,CIN,2022,3,REG,NYJ,0,0,0,0,0,0,0,0,5,7,93,0,100,0.2,0.3584229390681,0,0,0,0,0,0,0,14.3
00-0036414,C.Akers,Cam Akers,RB,RB,LA,2022,3,REG,ARI,0,0,0,0,0,12,61,1,0,0,0,0,0,0,0,0,1,0,0,0,0,0,10.1
00-0036422,A.Trautman,Adam Trautman,TE,TE,NO,2022,3,REG,CAR,0,0,0,0,0,0,0,0,1,1,9,0,9,0.0256410256410256,0.0184426229508197,0,0,0,0,0,0,0,1.9
00-0036423,A.Okwuegbunam,Albert Okwuegbunam,TE,TE,DEN,2022,3,REG,SF,0,0,0,0,0,0,0,0,1,2,12,0,8,0.0625,0.032520325203252,0,0,0,0,0,0,0,2.2
00-0036425,D.Dallas,DeeJay Dallas,RB,RB,SEA,2022,3,REG,ATL,0,0,0,0,0,3,21,0,2,2,17,0,3,0.0454545454545455,0.00728155339805825,0,0,0,0,0,0,0,5.8
00-0036442,J.Burrow,Joe Burrow,QB,QB,CIN,2022,3,REG,NYJ,23,36,275,3,0,5,0,0,0,0,0,0,0,0,0,0,0,0,0,0,0,0,23
00-0036497,T.Jones,Tim Jones,WR,WR,JAX,2022,3,REG,LAC,0,0,0,0,0,0,0,0,0,0,0,0,0,0,0,0,0,0,0,0,0,0,0
00-0036550,R.Bateman,Rashod Bateman,WR,WR,BAL,2022,3,REG,NE,0,0,0,0,0,0,0,0,2,4,59,0,88,0.148148148148148,0.318840579710145,0,0,1,0,0,0,0,5.9
00-0036554,N.Collins,Nico Collins,WR,WR,HOU,2022,3,REG,CHI,0,0,0,0,0,0,0,0,2,4,41,0,52,0.129032258064516,0.218487394957983,0,0,0,0,0,0,0,6.1
00-0036555,C.Hubbard,Chuba Hubbard,RB,RB,CAR,2022,3,REG,NO,0,0,0,0,0,3,25,0,0,0,0,0,0,0,0,0,0,0,0,0,0,0,2.5
00-0036572,S.Smith,Shi Smith,WR,WR,CAR,2022,3,REG,NO,0,0,0,0,0,0,0,0,2,2,22,0,16,0.0833333333333333,0.101910828025478,0,0,0,0,0,0,0,4.2
00-0036590,Q.Morris,Quintin Morris,TE,TE,BUF,2022,3,REG,MIA,0,0,0,0,0,0,0,0,2,2,22,0,17,0.0350877192982456,0.044973544973545,0,0,0,0,0,0,0,4.2
00-0036613,J.Waddle,Jaylen Waddle,WR,WR,MIA,2022,3,REG,BUF,0,0,0,0,0,1,9,0,4,6,102,0,103,0.3,0.575418994413408,0,0,0,0,0,0,0,15.1
00-0036626,D.Brown,Dyami Brown,WR,WR,WAS,2022,3,REG,PHI,0,0,0,0,0,0,0,0,0,0,0,0,0,0,0,0,0,0,0,0,0,0,0
00-0036628,J.Bates,John Bates,TE,TE,WAS,2022,3,REG,PHI,0,0,0,0,0,0,0,0,0,1,0,0,4,0.0238095238095238,0.0117994100294985,0,0,0,0,0,0,0,0
00-0036637,N.Gray,Noah Gray,TE,TE,KC,2022,3,REG,IND,0,0,0,0,0,0,0,0,1,2,26,0,9,0.0606060606060606,0.0307167235494881,0,0,0,0,0,0,0,3.6
00-0036646,S.Fehoko,Simi Fehoko,WR,WR,DAL,2022,3,REG,NYG,0,0,0,0,0,0,0,0,1,1,12,0,8,0.0333333333333333,0.0318725099601594,0,0,0,0,0,0,0,2.2
00-0036671,D.Milne,Dax Milne,WR,WR,WAS,2022,3,REG,PHI,0,0,0,0,0,0,0,0,1,1,12,0,7,0.0238095238095238,0.0206489675516224,0,0,0,0,0,0,0,2.2
00-0036692,M.Forristall,Miller Forristall,TE,TE,CLE,2022,3,REG,PIT,0,0,0,0,0,0,0,0,0,1,0,0,5,0.032258064516129,0.0248756218905473,0,0,0,0,0,0,0,0
00-0036741,J.Stoll,Jack Stoll,TE,TE,PHI,2022,3,REG,WAS,0,0,0,0,0,0,0,0,1,2,4,0,1,0.0588235294117647,0.00255102040816327,0,0,0,0,0,0,0,1.4
00-0036842,K.Nwangwu,Kene Nwangwu,RB,RB,MIN,2022,3,REG,DET,0,0,0,0,0,0,0,0,0,0,0,0,0,0,0,0,0,0,0,0,0,0,0
00-0036849,T.Atwell,Tutu Atwell,WR,WR,LA,2022,3,REG,ARI,0,0,0,0,0,0,0,0,0,1,0,0,53,0.04,0.240909090909091,0,0,0,0,0,0,0,0
00-0036857,C.Evans,Chris Evans,RB,RB,CIN,2022,3,REG,NYJ,0,0,0,0,0,0,0,0,1,1,4,0,4,0.0285714285714286,0.014336917562724,0,0,0,0,0,0,0,1.4
00-0036862,B.Skowronek,Ben Skowronek,WR,WR,LA,2022,3,REG,ARI,0,0,0,0,0,0,0,0,4,4,66,0,31,0.16,0.140909090909091,0,0,0,0,0,0,0,10.6
00-0036875,R.Stevenson,Rhamondre Stevenson,RB,RB,NE,2022,3,REG,BAL,0,0,0,0,0,12,73,1,4,5,28,0,10,0.15625,0.0259067357512953,0,0,0,0,0,0,0,20.1
00-0036876,K.Granson,Kylen Granson,TE,TE,IND,2022,3,REG,KC,0,0,0,0,0,0,0,0,2,2,7,0,7,0.0555555555555556,0.0393258426966292,0,0,0,0,0,0,0,2.7
00-0036877,J.Darden,Jaelon Darden,WR,WR,TB,2022,3,REG,GB,0,0,0,0,0,0,0,0,1,1,25,0,15,0.025,0.0635593220338983,0,0,0,0,0,0,0,3.5
00-0036893,N.Harris,Najee Harris,RB,RB,PIT,2022,3,REG,CLE,0,0,0,0,0,15,56,1,3,3,5,0,-5,0.09375,-0.0127551020408163,0,0,0,0,0,0,0,15.1
00-0036894,P.Freiermuth,Pat Freiermuth,TE,TE,PIT,2022,3,REG,CLE,0,0,0,0,0,0,0,0,2,4,41,0,67,0.125,0.170918367346939,0,0,0,0,0,0,0,6.1
00-0036898,D.Mills,Davis Mills,QB,QB,HOU,2022,3,REG,CHI,20,32,245,1,2,0,0,0,0,0,0,0,0,0,0,0,0,0,0,0,0,0,9.8
00-0036900,J.Chase,Ja'Marr Chase,WR,WR,CIN,2022,3,REG,NYJ,0,0,0,0,0,2,-2,0,6,10,29,1,124,0.285714285714286,0.444444444444444,0,0,1,0,0,0,0,12.7
00-0036906,K.Herbert,Khalil Herbert,RB,RB,CHI,2022,3,REG,HOU,0,0,0,0,0,20,157,2,2,2,12,0,-5,0.125,-0.0326797385620915,0,0,0,0,0,0,0,30.9
00-0036912,D.Smith,DeVonta Smith,WR,WR,PHI,2022,3,REG,WAS,0,0,0,0,0,0,0,0,8,12,169,1,205,0.352941176470588,0.522959183673469,0,0,0,0,0,0,0,30.9
00-0036918,J.Harris,Jacob Harris,WR,WR,LA,2022,3,REG,ARI,0,0,0,0,0,0,0,0,0,0,0,0,0,0,0,0,0,0,0,0,0,0,0
00-0036919,K.Gainwell,Kenneth Gainwell,RB,RB,PHI,2022,3,REG,WAS,0,0,0,0,0,3,6,0,0,0,0,0,0,0,0,0,0,0,0,0,0,0,0.6
00-0036924,Mi.Carter,Michael Carter,RB,RB,NYJ,2022,3,REG,CIN,0,0,0,0,0,11,39,0,1,2,7,0,-3,0.0416666666666667,-0.00572519083969466,0,0,0,0,0,0,0,5.6
00-0036945,J.Fields,Justin Fields,QB,QB,CHI,2022,3,REG,HOU,8,17,106,0,2,8,47,0,0,0,0,0,0,0,0,0,0,0,0,0,0,0,4.94
00-0036950,A.Williams,Avery Williams,RB,RB,ATL,2022,3,REG,SEA,0,0,0,0,0,1,9,0,0,0,0,0,0,0,0,0,0,0,0,0,0,0,0.9
00-0036963,A.St. Brown,Amon-Ra St. Brown,WR,WR,DET,2022,3,REG,MIN,0,0,0,0,0,0,0,0,6,9,73,0,45,0.243243243243243,0.128939828080229,0,0,0,0,0,0,0,13.3
00-0036970,K.Pitts,Kyle Pitts,TE,TE,ATL,2022,3,REG,SEA,0,0,0,0,0,0,0,0,5,8,87,0,161,0.421052631578947,0.48936170212766,0,0,0,0,0,0,0,13.7
00-0036971,T.Lawrence,Trevor Lawrence,QB,QB,JAX,2022,3,REG,LAC,28,39,262,3,0,3,7,0,0,0,0,0,0,0,0,0,0,0,1,0,0,0,25.18
00-0036972,M.Jones,Mac Jones,QB,QB,NE,2022,3,REG,BAL,22,32,321,0,3,5,31,1,0,0,0,0,0,0,0,0,0,0,0,0,0,0,15.94
00-0036973,T.Etienne,Travis Etienne,RB,RB,JAX,2022,3,REG,LAC,0,0,0,0,0,13,45,0,3,3,30,0,-13,0.0789473684210526,-0.0698924731182796,0,0,0,0,0,0,0,10.5
00-0036980,E.Moore,Elijah Moore,WR,WR,NYJ,2022,3,REG,CIN,0,0,0,0,0,0,0,0,4,9,49,0,180,0.1875,0.343511450381679,0,0,0,0,0,0,0,8.9
00-0036988,J.Palmer,Josh Palmer,WR,WR,LAC,2022,3,REG,JAX,0,0,0,0,0,0,0,0,6,9,99,0,66,0.219512195121951,0.1875,0,0,0,0,0,0,0,15.9
00-0036991,Am.Rodgers,Amari Rodgers,WR,WR,GB,2022,3,REG,TB,0,0,0,0,0,0,0,0,0,0,0,0,0,0,0,0,0,0,0,0,0,0,0
00-0036997,J.Williams,Javonte Williams,RB,RB,DEN,2022,3,REG,SF,0,0,0,0,0,15,58,0,3,5,2,0,-13,0.15625,-0.0528455284552846,0,0,0,0,0,0,0,9
00-0037005,T.Tremble,Tommy Tremble,TE,TE,CAR,2022,3,REG,NO,0,0,0,0,0,0,0,0,1,1,7,0,6,0.0416666666666667,0.0382165605095541,0,0,0,0,0,0,0,1.7
00-0037011,T.McKitty,Tre' McKitty,TE,TE,LAC,2022,3,REG,JAX,0,0,0,0,0,0,0,0,0,0,0,0,0,0,0,0,0,0,0,0,0,0,0
00-0037086,G.Calcaterra,Grant Calcaterra,TE,TE,PHI,2022,3,REG,WAS,0,0,0,0,0,0,0,0,1,1,40,0,18,0.0294117647058824,0.0459183673469388,0,0,0,0,0,0,0,5
00-0037087,T.Ebner,Trestan Ebner,RB,RB,CHI,2022,3,REG,HOU,0,0,0,0,0,7,23,0,0,1,0,0,-5,0.0625,-0.0326797385620915,0,0,0,0,0,0,0,2.3
00-0037112,J.Tonges,Jake Tonges,TE,TE,CHI,2022,3,REG,HOU,0,0,0,0,0,0,0,0,0,1,0,0,13,0.0625,0.0849673202614379,0,0,0,0,0,0,0,0
00-0037132,B.Covey,Britain Covey,WR,WR,PHI,2022,3,REG,WAS,0,0,0,0,0,0,0,0,0,0,0,0,0,0,0,0,0,0,0,0,0,0,0
00-0037168,A.Rogers,Armani Rogers,TE,TE,WAS,2022,3,REG,PHI,0,0,0,0,0,0,0,0,0,0,0,0,0,0,0,0,0,0,0,0,0,0,0
00-0037197,I.Pacheco,Isiah Pacheco,RB,RB,KC,2022,3,REG,IND,0,0,0,0,0,3,9,0,0,0,0,0,0,0,0,0,0,0,0,0,0,0,0.9
00-0037228,J.Warren,Jaylen Warren,RB,RB,PIT,2022,3,REG,CLE,0,0,0,0,0,4,30,0,1,1,3,0,-3,0.03125,-0.0076530612244898,0,0,0,0,0,0,0,4.3
00-0037238,D.London,Drake London,WR,WR,ATL,2022,3,REG,SEA,0,0,0,0,0,0,0,0,3,6,54,1,90,0.315789473684211,0.27355623100304,0,0,0,0,0,0,0,14.4
00-0037239,C.Olave,Chris Olave,WR,WR,NO,2022,3,REG,CAR,0,0,0,0,0,0,0,0,9,13,147,0,164,0.333333333333333,0.336065573770492,0,0,0,0,0,0,0,23.7
00-0037247,G.Pickens,George Pickens,WR,WR,PIT,2022,3,REG,CLE,0,0,0,0,0,0,0,0,3,7,39,0,101,0.21875,0.25765306122449,0,0,0,0,0,0,0,6.9
00-0037248,J.Cook,James Cook,RB,RB,BUF,2022,3,REG,MIA,0,0,0,0,0,1,3,0,4,5,37,0,7,0.087719298245614,0.0185185185185185,0,0,0,0,0,0,0,8
00-0037256,R.White,Rachaad White,RB,RB,TB,2022,3,REG,GB,0,0,0,0,0,0,0,0,0,0,0,0,0,0,0,0,0,0,0,0,0,0,0
00-0037257,Dav.Bell,David Bell,WR,WR,CLE,2022,3,REG,PIT,0,0,0,0,0,0,0,0,1,1,6,0,3,0.032258064516129,0.0149253731343284,0,0,0,0,0,0,0,1.6
00-0037258,D.Pierce,Dameon Pierce,RB,RB,HOU,2022,3,REG,CHI,0,0,0,0,0,20,80,1,2,2,21,0,1,0.0645161290322581,0.00420168067226891,0,0,0,0,0,0,0,18.1
00-0037263,T.Allgeier,Tyler Allgeier,RB,RB,ATL,2022,3,REG,SEA,0,0,0,0,0,6,25,0,1,1,5,0,-4,0.0526315789473684,-0.0121580547112462,0,0,0,0,0,0,0,4
00-0037267,J.Ford,Jerome Ford,RB,RB,CLE,2022,3,REG,PIT,0,0,0,0,0,0,0,0,0,0,0,0,0,0,0,0,0,0,0,0,0,0,0
00-0037272,M.Washington,Montrell Washington,WR,WR,DEN,2022,3,REG,SF,0,0,0,0,0,0,0,0,0,0,0,0,0,0,0,0,0,0,0,0,0,0,0
00-0037311,K.Kieft,Ko Kieft,TE,TE,TB,2022,3,REG,GB,0,0,0,0,0,0,0,0,0,0,0,0,0,0,0,0,0,0,0,0,0,0,0
00-0037331,Z.Horvath,Zander Horvath,RB,RB,LAC,2022,3,REG,JAX,0,0,0,0,0,0,0,0,0,1,0,0,6,0.024390243902439,0.0170454545454545,0,0,0,0,0,0,0,0
00-0037525,J.Mason,Jordan Mason,RB,RB,SF,2022,3,REG,DEN,0,0,0,0,0,1,7,0,0,0,0,0,0,0,0,0,0,0,0,0,0,0,0.7
00-0037569,P.Hendershot,Peyton Hendershot,TE,TE,DAL,2022,3,REG,NYG,0,0,0,0,0,0,0,0,3,3,43,0,17,0.1,0.0677290836653386,0,0,0,0,0,0,0,7.3
00-0037617,H.Haskins,Hassan Haskins,RB,RB,TEN,2022,3,REG,LV,0,0,0,0,0,0,0,0,0,0,0,0,0,0,0,0,0,0,0,0,0,0,0
00-0037664,A.Pierce,Alec Pierce,WR,WR,IND,2022,3,REG,KC,0,0,0,0,0,0,0,0,3,5,61,0,71,0.138888888888889,0.398876404494382,0,0,0,0,0,0,0,9.1
00-0037666,J.Tolbert,Jalen Tolbert,WR,WR,DAL,2022,3,REG,NYG,0,0,0,0,0,0,0,0,1,2,4,0,38,0.0666666666666667,0.151394422310757,0,0,0,0,0,0,0,1.4
00-0037740,G.Wilson,Garrett Wilson,WR,WR,NYJ,2022,3,REG,CIN,0,0,0,0,0,0,0,0,6,11,60,0,100,0.229166666666667,0.190839694656489,0,0,0,0,0,0,0,12
00-0037741,J.Dotson,Jahan Dotson,WR,WR,WAS,2022,3,REG,PHI,0,0,0,0,0,0,0,0,2,8,10,0,101,0.19047619047619,0.297935103244838,0,0,0,0,0,0,0,3
00-0037742,T.Burks,Treylon Burks,WR,WR,TEN,2022,3,REG,LV,0,0,0,0,0,1,8,0,1,2,13,0,24,0.0769230769230769,0.125,0,0,0,0,0,0,0,3.1
00-0037755,J.Woods,Jelani Woods,TE,TE,IND,2022,3,REG,KC,0,0,0,0,0,0,0,0,2,3,13,2,32,0.0833333333333333,0.179775280898876,0,0,0,0,0,0,0,15.3
00-0037801,K.Turpin,Kavontae Turpin,WR,WR,DAL,2022,3,REG,NYG,0,0,0,0,0,0,0,0,0,0,0,0,0,0,0,0,0,0,0,0,0,0,0
00-0037816,R.Doubs,Romeo Doubs,WR,WR,GB,2022,3,REG,TB,0,0,0,0,0,0,0,0,8,8,73,1,25,0.235294117647059,0.141242937853107,0,0,0,0,0,0,0,21.3
00-0037838,I.Likely,Isaiah Likely,TE,TE,BAL,2022,3,REG,NE,0,0,0,0,0,0,0,0,1,2,8,0,-6,0.0740740740740741,-0.0217391304347826,0,0,0,0,0,0,0,1.8
00-0038041,J.Ferguson,Jake Ferguson,TE,TE,DAL,2022,3,REG,NYG,0,0,0,0,0,0,0,0,2,3,13,0,7,0.1,0.0278884462151394,0,0,0,0,0,0,0,3.3
00-0038090,S.Moore,Skyy Moore,WR,WR,KC,2022,3,REG,IND,0,0,0,0,0,0,0,0,0,0,0,0,0,0,0,0,0,0,0,0,0,0,0
00-0038115,D.Bellinger,Daniel Bellinger,TE,TE,NYG,2022,3,REG,DAL,0,0,0,0,0,0,0,0,4,5,40,0,7,0.15625,0.0263157894736842,0,0,0,0,0,0,0,8
00-0038120,Br.Hall,Breece Hall,RB,RB,NYJ,2022,3,REG,CIN,0,0,0,0,0,8,39,0,6,11,53,0,72,0.229166666666667,0.137404580152672,0,0,0,0,0,0,0,15.2
00-0038134,K.Walker,Kenneth Walker,RB,RB,SEA,2022,3,REG,ATL,0,0,0,0,0,3,19,0,3,3,14,0,-7,0.0681818181818182,-0.0169902912621359,0,0,0,0,0,0,0,6.3
00-0019596,T.Brady,Tom Brady,QB,QB,TB,2022,4,REG,KC,39,52,385,3,0,0,0,0,0,0,0,0,0,0,0,1,0,0,0,0,0,0,25.4
00-0023459,A.Rodgers,Aaron Rodgers,QB,QB,GB,2022,4,REG,NE,21,35,251,2,1,1,1,0,0,0,0,0,0,0,0,0,0,0,0,0,0,0,16.14
00-0026143,M.Ryan,Matt Ryan,QB,QB,IND,2022,4,REG,TEN,27,37,356,2,1,2,-4,0,0,0,0,0,0,0,0,1,0,0,0,0,0,0,17.84
00-0026293,M.Slater,Matt Slater,WR,WR,NE,2022,4,REG,GB,0,0,0,0,0,0,0,0,0,0,0,0,0,0,0,0,0,0,0,0,0,0,0
00-0026498,M.Stafford,Matthew Stafford,QB,QB,LA,2022,4,REG,SF,32,48,254,0,1,2,6,0,0,0,0,0,0,0,0,1,0,0,0,0,0,0,6.76
00-0026625,B.Hoyer,Brian Hoyer,QB,QB,NE,2022,4,REG,GB,5,6,37,0,0,0,0,0,0,0,0,0,0,0,0,0,0,0,0,0,0,0,1.48
00-0027944,J.Jones,Julio Jones,WR,WR,TB,2022,4,REG,KC,0,0,0,0,0,0,0,0,1,2,7,0,51,0.0384615384615385,0.156441717791411,0,0,0,0,0,0,0,1.7
00-0027966,M.Ingram,Mark Ingram,RB,RB,NO,2022,4,REG,MIN,0,0,0,0,0,10,30,0,3,3,13,0,1,0.107142857142857,0.00321543408360129,0,0,0,0,0,0,0,7.3
00-0027973,A.Dalton,Andy Dalton,QB,QB,NO,2022,4,REG,MIN,20,28,236,1,0,1,3,0,0,0,0,0,0,0,0,1,0,0,1,0,0,0,13.74
00-0028002,R.Cobb,Randall Cobb,WR,WR,GB,2022,4,REG,NE,0,0,0,0,0,0,0,0,3,4,42,0,63,0.125,0.176470588235294,0,0,0,0,0,0,0,7.2
00-0028118,T.Taylor,Tyrod Taylor,QB,QB,NYG,2022,4,REG,CHI,1,3,11,0,1,3,30,0,0,0,0,0,0,0,0,0,0,0,0,0,0,0,1.44
00-0029000,C.Beasley,Cole Beasley,WR,WR,TB,2022,4,REG,KC,0,0,0,0,0,0,0,0,1,1,5,0,-3,0.0192307692307692,-0.00920245398773006,0,0,0,0,0,0,0,1.5
00-0029239,B.Bolden,Brandon Bolden,RB,RB,LV,2022,4,REG,DEN,0,0,0,0,0,0,0,0,1,1,-1,0,-3,0.0333333333333333,-0.0107913669064748,0,0,0,0,0,0,0,0.9
00-0029263,R.Wilson,Russell Wilson,QB,QB,DEN,2022,4,REG,LV,17,25,237,2,0,4,29,1,1,1,1,0,-1,0.04,-0.00352112676056338,0,0,0,0,0,0,0,27.48
00-0029293,M.Jones,Marvin Jones,WR,WR,JAX,2022,4,REG,PHI,0,0,0,0,0,0,0,0,0,1,0,0,6,0.0434782608695652,0.0327868852459016,0,0,0,0,0,0,0,0
00-0029604,K.Cousins,Kirk Cousins,QB,QB,MIN,2022,4,REG,NO,25,38,273,1,1,0,0,0,0,0,0,0,0,0,0,0,0,0,0,0,0,0,12.92
00-0029701,R.Tannehill,Ryan Tannehill,QB,QB,TEN,2022,4,REG,IND,17,21,137,2,0,5,9,0,0,0,0,0,0,0,0,0,0,0,0,0,0,0,14.38
00-0030035,A.Thielen,Adam Thielen,WR,WR,MIN,2022,4,REG,NO,0,0,0,0,0,0,0,0,8,9,72,0,68,0.257142857142857,0.233676975945017,0,0,0,0,0,0,0,15.2
00-0030061,Z.Ertz,Zach Ertz,TE,TE,ARI,2022,4,REG,CAR,0,0,0,0,0,0,0,0,6,6,47,1,36,0.193548387096774,0.2,0,0,0,0,0,0,0,16.7
00-0030068,M.Goodwin,Marquise Goodwin,WR,WR,SEA,2022,4,REG,DET,0,0,0,0,0,0,0,0,0,0,0,0,0,0,0,0,0,0,0,0,0,0,0
00-0030288,R.Burkhead,Rex Burkhead,RB,RB,HOU,2022,4,REG,LAC,0,0,0,0,0,0,0,0,5,5,39,1,-3,0.142857142857143,-0.01171875,0,0,0,0,0,0,0,14.9
00-0030431,R.Woods,Robert Woods,WR,WR,TEN,2022,4,REG,IND,0,0,0,0,0,0,0,0,4,4,30,1,16,0.19047619047619,0.177777777777778,0,0,0,0,0,0,0,13
00-0030506,T.Kelce,Travis Kelce,TE,TE,KC,2022,4,REG,TB,0,0,0,0,0,0,0,0,9,10,92,1,56,0.294117647058824,0.213740458015267,0,0,0,0,0,0,0,24.2
00-0030513,L.Murray,Latavius Murray,RB,RB,NO,2022,4,REG,MIN,0,0,0,0,0,11,57,1,1,1,8,0,-2,0.0357142857142857,-0.00643086816720257,0,0,0,0,0,0,0,13.5
00-0030565,G.Smith,Geno Smith,QB,QB,SEA,2022,4,REG,DET,23,30,320,2,0,7,49,1,0,0,0,0,0,0,0,0,0,0,0,0,0,0,31.7
00-0030578,C.Patterson,Cordarrelle Patterson,RB,RB,ATL,2022,4,REG,CLE,0,0,0,0,0,9,38,1,0,0,0,0,0,0,0,0,0,0,0,0,0,0,9.8
00-0031236,B.Cooks,Brandin Cooks,WR,WR,HOU,2022,4,REG,LAC,0,0,0,0,0,0,0,0,7,7,57,1,45,0.2,0.17578125,0,0,0,0,0,0,0,18.7
00-0031237,T.Bridgewater,Teddy Bridgewater,QB,QB,MIA,2022,4,REG,CIN,14,23,193,1,1,1,11,0,0,0,0,0,0,0,0,0,0,0,0,0,0,0,10.82
00-0031260,L.Thomas,Logan Thomas,TE,TE,WAS,2022,4,REG,DAL,0,0,0,0,0,0,0,0,5,6,19,0,16,0.15,0.0538720538720539,0,0,0,0,0,0,0,6.9
00-0031273,C.Brate,Cameron Brate,TE,TE,TB,2022,4,REG,KC,0,0,0,0,0,0,0,0,4,8,32,0,39,0.153846153846154,0.119631901840491,0,0,0,0,0,0,0,7.2
00-0031280,D.Carr,Derek Carr,QB,QB,LV,2022,4,REG,DEN,21,34,188,0,0,7,40,0,0,0,0,0,0,0,0,0,0,0,0,0,0,0,11.52
00-0031345,J.Garoppolo,Jimmy Garoppolo,QB,QB,SF,2022,4,REG,LA,16,27,239,1,0,1,3,0,0,0,0,0,0,0,0,0,0,0,0,0,0,0,13.86
00-0031376,J.McKinnon,Jerick McKinnon,RB,RB,KC,2022,4,REG,TB,0,0,0,0,0,2,-1,0,1,1,1,0,-3,0.0294117647058824,-0.0114503816793893,0,0,0,0,0,0,0,1
00-0031381,D.Adams,Davante Adams,WR,WR,LV,2022,4,REG,DEN,0,0,0,0,0,1,4,0,9,13,101,0,104,0.433333333333333,0.37410071942446,0,0,0,0,0,0,0,19.5
00-0031382,J.Landry,Jarvis Landry,WR,WR,NO,2022,4,REG,MIN,0,0,0,0,0,0,0,0,2,2,7,0,6,0.0714285714285714,0.0192926045016077,0,0,0,0,0,1,0,4.7
00-0031408,M.Evans,Mike Evans,WR,WR,TB,2022,4,REG,KC,0,0,0,0,0,0,0,0,8,10,103,2,125,0.192307692307692,0.383435582822086,0,0,0,0,0,0,0,30.3
00-0031428,Al.Robinson,Allen Robinson,WR,WR,LA,2022,4,REG,SF,0,0,0,0,0,0,0,0,2,6,7,0,81,0.125,0.320158102766798,0,0,0,0,0,0,0,2.7
00-0031484,C.Manhertz,Chris Manhertz,TE,TE,JAX,2022,4,REG,PHI,0,0,0,0,0,0,0,0,1,1,0,0,-3,0.0434782608695652,-0.0163934426229508,0,0,0,0,0,0,0,1
00-0031544,A.Cooper,Amari Cooper,WR,WR,CLE,2022,4,REG,ATL,0,0,0,0,0,0,0,0,1,4,9,0,41,0.114285714285714,0.145907473309609,0,0,0,0,0,0,0,1.9
00-0031547,D.Parker,DeVante Parker,WR,WR,NE,2022,4,REG,GB,0,0,0,0,0,0,0,0,2,2,24,1,13,0.1,0.11304347826087,0,0,0,0,0,0,0,10.4
00-0031549,N.Agholor,Nelson Agholor,WR,WR,NE,2022,4,REG,GB,0,0,0,0,0,0,0,0,3,4,46,0,52,0.2,0.452173913043478,0,0,0,0,0,0,0,7.6
00-0031588,S.Diggs,Stefon Diggs,WR,WR,BUF,2022,4,REG,BAL,0,0,0,0,0,0,0,0,4,6,62,0,90,0.176470588235294,0.335820895522388,0,0,0,0,0,0,0,10.2
00-0031610,D.Waller,Darren Waller,TE,TE,LV,2022,4,REG,DEN,0,0,0,0,0,0,0,0,3,5,24,0,75,0.166666666666667,0.269784172661871,0,0,0,0,0,0,0,5.4
00-0031687,R.Mostert,Raheem Mostert,RB,RB,MIA,2022,4,REG,CIN,0,0,0,0,0,15,69,0,2,3,12,0,5,0.0833333333333333,0.0131578947368421,0,0,0,0,0,0,0,10.1
00-0031763,D.Carter,DeAndre Carter,WR,WR,LAC,2022,4,REG,HOU,0,0,0,0,0,0,0,0,2,3,16,0,26,0.0810810810810811,0.0884353741496599,0,0,0,0,0,0,0,3.6
00-0031868,D.Byrd,Damiere Byrd,WR,WR,ATL,2022,4,REG,CLE,0,0,0,0,0,0,0,0,0,1,0,0,40,0.0555555555555556,0.165289256198347,0,0,0,0,0,0,0,0
00-0031941,J.Crowder,Jamison Crowder,WR,WR,BUF,2022,4,REG,BAL,0,0,0,0,0,0,0,0,1,4,7,0,38,0.117647058823529,0.141791044776119,0,0,0,0,0,0,0,1.7
00-0032104,A.Abdullah,Ameer Abdullah,RB,RB,LV,2022,4,REG,DEN,0,0,0,0,0,0,0,0,0,0,0,0,0,0,0,0,0,0,0,0,0,0,0
00-0032134,C.Uzomah,C.J. Uzomah,TE,TE,NYJ,2022,4,REG,PIT,0,0,0,0,0,0,0,0,0,0,0,0,0,0,0,0,0,0,0,0,0,0,0
00-0032144,M.Gordon,Melvin Gordon,RB,RB,DEN,2022,4,REG,LV,0,0,0,0,0,3,8,0,0,1,0,0,1,0.04,0.00352112676056338,0,1,0,0,0,0,0,-1.2
00-0032208,P.Dorsett,Phillip Dorsett,WR,WR,HOU,2022,4,REG,LAC,0,0,0,0,0,0,0,0,0,2,0,0,16,0.0571428571428571,0.0625,0,0,0,0,0,0,0,0
00-0032211,T.Lockett,Tyler Lockett,WR,WR,SEA,2022,4,REG,DET,0,0,0,0,0,0,0,0,6,8,91,0,122,0.275862068965517,0.38125,0,0,0,0,0,0,0,15.1
00-0032268,M.Mariota,Marcus Mariota,QB,QB,ATL,2022,4,REG,CLE,7,19,139,0,1,5,3,0,0,0,0,0,0,0,0,0,0,0,0,0,0,0,3.86
00-0032392,A.Hooper,Austin Hooper,TE,TE,TEN,2022,4,REG,IND,0,0,0,0,0,0,0,0,1,1,4,0,3,0.0476190476190476,0.0333333333333333,0,0,0,0,0,0,0,1.4
00-0032398,C.Moore,Chris Moore,WR,WR,HOU,2022,4,REG,LAC,0,0,0,0,0,0,0,0,0,2,0,0,5,0.0571428571428571,0.01953125,0,0,0,0,0,0,0,0
00-0032464,K.Raymond,Kalif Raymond,WR,WR,DET,2022,4,REG,SEA,0,0,0,0,0,1,3,0,3,5,38,0,101,0.128205128205128,0.256997455470738,0,0,1,0,0,0,0,5.1
00-0032602,J.McKissic,J.D. McKissic,RB,RB,WAS,2022,4,REG,DAL,0,0,0,0,0,8,40,0,3,4,16,0,-5,0.1,-0.0168350168350168,0,0,0,0,0,0,0,8.6
00-0032688,R.Anderson,Robbie Chosen,WR,WR,CAR,2022,4,REG,ARI,0,0,0,0,0,0,0,0,3,5,26,0,63,0.138888888888889,0.294392523364486,0,0,0,0,0,0,0,5.6
00-0032725,S.Anderson,Stephen Anderson,TE,TE,ARI,2022,4,REG,CAR,0,0,0,0,0,0,0,0,0,0,0,0,0,0,0,0,0,0,0,0,0,0,0
00-0032764,D.Henry,Derrick Henry,RB,RB,TEN,2022,4,REG,IND,0,0,0,0,0,22,114,1,3,5,33,0,3,0.238095238095238,0.0333333333333333,0,0,0,0,0,0,0,23.7
00-0032775,D.Robinson,Demarcus Robinson,WR,WR,BAL,2022,4,REG,BUF,0,0,0,0,0,0,0,0,2,3,10,0,12,0.107142857142857,0.0902255639097744,0,0,0,0,0,0,0,3
00-0032950,C.Wentz,Carson Wentz,QB,QB,WAS,2022,4,REG,DAL,25,42,170,1,2,1,5,0,0,0,0,0,0,0,0,0,0,0,0,0,0,0,7.3
00-0032975,J.Williams,Jonathan Williams,RB,RB,WAS,2022,4,REG,DAL,0,0,0,0,0,5,48,0,0,0,0,0,0,0,0,0,0,0,0,0,0,0,4.8
00-0032986,J.Holtz,J.P. Holtz,TE,TE,NO,2022,4,REG,MIN,0,0,0,0,0,0,0,0,0,0,0,0,0,0,0,0,0,0,0,0,0,0,0
00-0033009,T.Boyd,Tyler Boyd,WR,WR,CIN,2022,4,REG,MIA,1,1,23,0,0,0,0,0,2,5,47,0,65,0.15625,0.2,0,0,0,0,0,0,0,7.62
00-0033040,T.Hill,Tyreek Hill,WR,WR,MIA,2022,4,REG,CIN,0,0,0,0,0,1,-1,0,10,14,160,0,172,0.388888888888889,0.452631578947368,0,0,0,0,0,0,0,25.9
00-0033045,E.Elliott,Ezekiel Elliott,RB,RB,DAL,2022,4,REG,WAS,0,0,0,0,0,19,49,0,2,2,32,0,-3,0.0769230769230769,-0.013953488372093,0,0,0,0,0,0,0,10.1
00-0033090,H.Henry,Hunter Henry,TE,TE,NE,2022,4,REG,GB,0,0,0,0,0,0,0,0,2,4,13,0,32,0.2,0.278260869565217,0,0,0,0,0,0,0,3.3
00-0033106,J.Goff,Jared Goff,QB,QB,DET,2022,4,REG,SEA,26,39,378,4,1,1,1,0,0,0,0,0,0,0,0,0,0,0,1,1,0,0,33.22
00-0033110,T.Higbee,Tyler Higbee,TE,TE,LA,2022,4,REG,SF,0,0,0,0,0,0,0,0,10,14,73,0,52,0.291666666666667,0.205533596837945,0,0,0,0,0,0,0,17.3
00-0033119,J.Brissett,Jacoby Brissett,QB,QB,CLE,2022,4,REG,ATL,21,35,234,0,1,5,16,1,0,0,0,0,0,0,0,0,0,0,0,0,0,0,14.96
00-0033217,M.Alie-Cox,Mo Alie-Cox,TE,TE,IND,2022,4,REG,TEN,0,0,0,0,0,0,0,0,6,6,85,2,32,0.166666666666667,0.135593220338983,0,0,0,0,0,0,0,26.5
00-0033246,J.Mundt,Johnny Mundt,TE,TE,MIN,2022,4,REG,NO,0,0,0,0,0,0,0,0,0,1,0,0,1,0.0285714285714286,0.00343642611683849,0,0,0,0,0,0,0,0
00-0033251,Z.Pascal,Zach Pascal,WR,WR,PHI,2022,4,REG,JAX,0,0,0,0,0,0,0,0,0,1,0,0,23,0.0416666666666667,0.147435897435897,0,0,0,0,0,0,0,0
00-0033280,C.McCaffrey,Christian McCaffrey,RB,RB,CAR,2022,4,REG,ARI,0,0,0,0,0,8,27,0,9,9,81,1,18,0.25,0.0841121495327103,0,0,0,0,0,0,0,25.8
00-0033282,C.Samuel,Curtis Samuel,WR,WR,WAS,2022,4,REG,DAL,0,0,0,0,0,0,0,0,4,7,38,0,46,0.175,0.154882154882155,0,0,0,0,0,0,0,7.8
00-0033288,G.Kittle,George Kittle,TE,TE,SF,2022,4,REG,LA,0,0,0,0,0,0,0,0,2,4,24,0,22,0.16,0.145695364238411,0,0,0,0,0,0,0,4.4
00-0033292,T.Taylor,Trent Taylor,WR,WR,CIN,2022,4,REG,MIA,0,0,0,0,0,0,0,0,0,0,0,0,0,0,0,0,0,0,0,0,0,0,0
00-0033293,A.Jones,Aaron Jones,RB,RB,GB,2022,4,REG,NE,0,0,0,0,0,16,110,0,3,4,5,0,-10,0.125,-0.0280112044817927,0,0,0,0,0,0,0,14.5
00-0033307,K.Bourne,Kendrick Bourne,WR,WR,NE,2022,4,REG,GB,0,0,0,0,0,1,15,0,2,3,23,0,22,0.15,0.191304347826087,0,0,0,0,0,0,0,5.8
00-0033308,M.Breida,Matt Breida,RB,RB,NYG,2022,4,REG,CHI,0,0,0,0,0,3,18,0,0,0,0,0,0,0,0,0,0,0,0,0,0,0,1.8
00-0033357,T.Hill,Taysom Hill,TE,TE,NO,2022,4,REG,MIN,0,0,0,0,0,5,21,1,0,0,0,0,0,0,0,0,0,0,0,0,0,0,8.1
00-0033466,I.McKenzie,Isaiah McKenzie,WR,WR,BUF,2022,4,REG,BAL,0,0,0,0,0,0,0,0,4,6,21,1,28,0.176470588235294,0.104477611940299,0,0,0,0,0,0,0,12.1
00-0033526,S.Perine,Samaje Perine,RB,RB,CIN,2022,4,REG,MIA,0,0,0,0,0,1,0,0,0,1,0,0,-1,0.03125,-0.00307692307692308,0,0,0,0,0,0,0,0
00-0033536,M.Williams,Mike Williams,WR,WR,LAC,2022,4,REG,HOU,0,0,0,0,0,0,0,0,7,11,120,0,122,0.297297297297297,0.414965986394558,0,0,0,0,0,0,0,19
00-0033553,J.Conner,James Conner,RB,RB,ARI,2022,4,REG,CAR,0,0,0,0,0,15,55,0,3,3,22,0,-5,0.0967741935483871,-0.0277777777777778,0,0,0,0,0,0,0,10.7
00-0033555,M.Hollins,Mack Hollins,WR,WR,LV,2022,4,REG,DEN,0,0,0,0,0,0,0,0,3,5,33,0,80,0.166666666666667,0.287769784172662,0,0,0,0,0,0,0,6.3
00-0033572,J.Agnew,Jamal Agnew,WR,WR,JAX,2022,4,REG,PHI,0,0,0,0,0,0,0,0,4,6,50,2,66,0.260869565217391,0.360655737704918,0,0,0,0,0,0,0,21
00-0033576,E.Saubert,Eric Saubert,TE,TE,DEN,2022,4,REG,LV,0,0,0,0,0,0,0,0,1,2,25,0,38,0.08,0.133802816901408,0,0,0,0,0,0,0,3.5
00-0033591,N.Brown,Noah Brown,WR,WR,DAL,2022,4,REG,WAS,0,0,0,0,0,0,0,0,3,6,61,0,72,0.230769230769231,0.334883720930233,0,0,0,0,0,0,0,9.1
00-0033662,C.Rush,Cooper Rush,QB,QB,DAL,2022,4,REG,WAS,15,27,223,2,0,2,7,0,0,0,0,0,0,0,0,0,0,0,0,0,0,0,17.62
00-0033681,K.Cole,Keelan Cole,WR,WR,LV,2022,4,REG,DEN,0,0,0,0,0,0,0,0,0,0,0,0,0,0,0,0,0,0,0,0,0,0,0
00-0033699,A.Ekeler,Austin Ekeler,RB,RB,LAC,2022,4,REG,HOU,0,0,0,0,0,13,60,2,6,7,49,1,-1,0.189189189189189,-0.00340136054421769,0,0,0,0,0,0,0,34.9
00-0033757,R.Tonyan,Robert Tonyan,TE,TE,GB,2022,4,REG,NE,0,0,0,0,0,0,0,0,2,2,22,1,18,0.0625,0.0504201680672269,0,0,0,0,0,0,0,10.2
00-0033798,M.Schreck,Mason Schreck,TE,TE,HOU,2022,4,REG,LAC,0,0,0,0,0,0,0,0,1,1,0,0,2,0.0285714285714286,0.0078125,0,0,0,0,0,0,0,1
00-0033854,D.Ogunbowale,Dare Ogunbowale,RB,RB,HOU,2022,4,REG,LAC,0,0,0,0,0,0,0,0,0,0,0,0,0,0,0,0,0,0,0,0,0,0,0
00-0033856,L.Fournette,Leonard Fournette,RB,RB,TB,2022,4,REG,KC,0,0,0,0,0,3,-3,0,7,7,57,1,-14,0.134615384615385,-0.0429447852760736,0,0,0,0,0,0,0,18.4
00-0033857,J.Smith-Schuster,JuJu Smith-Schuster,WR,WR,KC,2022,4,REG,TB,0,0,0,0,0,0,0,0,5,8,46,0,40,0.235294117647059,0.152671755725191,0,0,0,0,0,0,0,9.6
00-0033869,M.Trubisky,Mitchell Trubisky,QB,QB,PIT,2022,4,REG,NYJ,7,13,84,0,1,1,1,0,0,0,0,0,0,0,0,0,0,0,0,0,0,0,1.46
00-0033871,C.Davis,Corey Davis,WR,WR,NYJ,2022,4,REG,PIT,0,0,0,0,0,0,0,0,5,6,74,1,80,0.181818181818182,0.24024024024024,0,0,0,0,0,0,0,18.4
00-0033873,P.Mahomes,Patrick Mahomes,QB,QB,KC,2022,4,REG,TB,23,37,249,3,1,4,34,0,0,0,0,0,0,0,0,0,0,0,0,0,0,0,23.36
00-0033879,O.Howard,O.J. Howard,TE,TE,HOU,2022,4,REG,LAC,0,0,0,0,0,0,0,0,2,5,27,0,80,0.142857142857143,0.3125,0,0,0,0,0,0,0,4.7
00-0033881,E.Engram,Evan Engram,TE,TE,JAX,2022,4,REG,PHI,0,0,0,0,0,0,0,0,1,1,16,0,14,0.0434782608695652,0.0765027322404372,0,0,0,0,0,0,0,2.6
00-0033885,D.Njoku,David Njoku,TE,TE,CLE,2022,4,REG,ATL,0,0,0,0,0,1,-6,0,5,7,73,0,46,0.2,0.163701067615658,0,0,1,0,0,0,0,9.7
00-0033893,D.Cook,Dalvin Cook,RB,RB,MIN,2022,4,REG,NO,0,0,0,0,0,20,76,0,2,2,10,0,0,0.0571428571428571,0,0,0,0,0,0,0,0,10.6
00-0033895,G.Everett,Gerald Everett,TE,TE,LAC,2022,4,REG,HOU,0,0,0,0,0,0,0,0,5,6,61,1,61,0.162162162162162,0.207482993197279,0,0,0,0,0,0,0,17.1
00-0033897,J.Mixon,Joe Mixon,RB,RB,CIN,2022,4,REG,MIA,0,0,0,0,0,24,61,1,4,4,13,0,-6,0.125,-0.0184615384615385,0,0,0,0,0,0,0,17.4
00-0033908,C.Kupp,Cooper Kupp,WR,WR,LA,2022,4,REG,SF,0,0,0,0,0,0,0,0,14,19,122,0,98,0.395833333333333,0.387351778656126,0,0,0,0,0,0,0,26.2
00-0033921,C.Godwin,Chris Godwin,WR,WR,TB,2022,4,REG,KC,0,0,0,0,0,0,0,0,7,10,59,0,58,0.192307692307692,0.177914110429448,0,0,0,0,0,0,0,12.9
00-0033923,K.Hunt,Kareem Hunt,RB,RB,CLE,2022,4,REG,ATL,0,0,0,0,0,10,49,0,2,3,19,0,3,0.0857142857142857,0.0106761565836299,0,0,0,0,0,0,0,8.8
00-0033925,D.Foreman,D'Onta Foreman,RB,RB,CAR,2022,4,REG,ARI,0,0,0,0,0,1,2,0,0,0,0,0,0,0,0,0,0,0,0,0,0,0,0.2
00-0033932,K.Golladay,Kenny Golladay,WR,WR,NYG,2022,4,REG,CHI,0,0,0,0,0,0,0,0,0,1,0,0,14,0.0666666666666667,0.0903225806451613,0,0,0,0,0,0,0,0
00-0033943,J.Reynolds,Josh Reynolds,WR,WR,DET,2022,4,REG,SEA,0,0,0,0,0,0,0,0,7,8,81,1,79,0.205128205128205,0.201017811704835,0,0,0,0,0,0,0,21.1
00-0033948,Ja.Williams,Jamaal Williams,RB,RB,DET,2022,4,REG,SEA,0,0,0,0,0,19,108,2,1,3,1,0,19,0.0769230769230769,0.0483460559796438,0,0,0,0,0,0,0,23.9
00-0033951,M.Mack,Marlon Mack,RB,RB,SF,2022,4,REG,LA,0,0,0,0,0,0,0,0,0,0,0,0,0,0,0,0,0,0,0,0,0,0,0
00-0034011,D.Arnold,Dan Arnold,TE,TE,JAX,2022,4,REG,PHI,0,0,0,0,0,0,0,0,1,1,26,0,4,0.0434782608695652,0.0218579234972678,0,0,0,0,0,0,0,3.6
00-0034054,R.Cracraft,River Cracraft,WR,WR,MIA,2022,4,REG,CIN,0,0,0,0,0,0,0,0,0,1,0,0,16,0.0277777777777778,0.0421052631578947,0,0,0,0,0,0,0,0
00-0034073,R.Dwelley,Ross Dwelley,TE,TE,SF,2022,4,REG,LA,0,0,0,0,0,0,0,0,0,1,0,0,3,0.04,0.0198675496688742,0,0,0,0,0,0,0,0
00-0034115,J.Wilson,Jeffery Wilson,RB,RB,SF,2022,4,REG,LA,0,0,0,0,0,18,74,1,0,0,0,0,0,0,0,0,0,0,0,0,0,0,13.4
00-0034159,W.Dissly,Will Dissly,TE,TE,SEA,2022,4,REG,DET,0,0,0,0,0,0,0,0,4,4,39,1,22,0.137931034482759,0.06875,0,0,0,0,0,0,0,13.9
00-0034208,M.Boone,Mike Boone,RB,RB,DEN,2022,4,REG,LV,0,0,0,0,0,3,20,0,1,3,9,0,31,0.12,0.109154929577465,0,0,0,0,0,0,0,3.9
00-0034253,D.Hilliard,Dontrell Hilliard,RB,RB,TEN,2022,4,REG,IND,0,0,0,0,0,0,0,0,4,4,18,0,-1,0.19047619047619,-0.0111111111111111,0,0,0,0,0,0,0,5.8
00-0034270,T.Conklin,Tyler Conklin,TE,TE,NYJ,2022,4,REG,PIT,0,0,0,0,0,0,0,0,3,5,52,0,40,0.151515151515152,0.12012012012012,0,0,0,0,0,0,0,8.2
00-0034272,M.Valdes-Scantling,Marquez Valdes-Scantling,WR,WR,KC,2022,4,REG,TB,0,0,0,0,0,0,0,0,3,5,63,0,62,0.147058823529412,0.236641221374046,0,0,0,0,0,0,0,9.3
00-0034279,E.St. Brown,Equanimeous St. Brown,WR,WR,CHI,2022,4,REG,NYG,0,0,0,0,0,0,0,0,0,2,9,0,24,0.1,0.110091743119266,0,0,0,0,0,0,0,0.9
00-0034286,R.James,Richie James,WR,WR,NYG,2022,4,REG,CHI,0,0,0,0,0,0,0,0,1,3,9,0,30,0.2,0.193548387096774,0,0,0,0,0,0,0,1.9
00-0034301,D.Williams,Darrel Williams,RB,RB,ARI,2022,4,REG,CAR,0,0,0,0,0,4,19,0,0,1,0,0,-10,0.032258064516129,-0.0555555555555556,0,0,0,0,0,0,0,1.9
00-0034348,C.Sutton,Courtland Sutton,WR,WR,DEN,2022,4,REG,LV,0,0,0,0,0,0,0,0,5,7,52,1,66,0.28,0.232394366197183,0,0,0,0,0,0,0,16.2
00-0034351,D.Goedert,Dallas Goedert,TE,TE,PHI,2022,4,REG,JAX,0,0,0,0,0,0,0,0,5,6,72,0,9,0.25,0.0576923076923077,0,0,0,0,0,0,0,12.2
00-0034364,J.Akins,Jordan Akins,TE,TE,HOU,2022,4,REG,LAC,0,0,0,0,0,0,0,0,2,2,33,0,13,0.0571428571428571,0.05078125,0,0,0,0,0,0,0,5.3
00-0034365,I.Thomas,Ian Thomas,TE,TE,CAR,2022,4,REG,ARI,0,0,0,0,0,0,0,0,1,3,6,0,9,0.0833333333333333,0.0420560747663551,0,0,0,0,0,0,0,1.6
00-0034367,N.Hines,Nyheim Miller-Hines,RB,RB,IND,2022,4,REG,TEN,0,0,0,0,0,1,0,0,2,2,3,0,1,0.0555555555555556,0.00423728813559322,0,0,0,0,0,0,0,2.3
00-0034383,D.Schultz,Dalton Schultz,TE,TE,DAL,2022,4,REG,WAS,0,0,0,0,0,0,0,0,0,3,0,0,17,0.115384615384615,0.0790697674418605,0,0,0,0,0,0,0,0
00-0034386,Ju.Watson,Justin Watson,WR,WR,KC,2022,4,REG,TB,0,0,0,0,0,0,0,0,0,1,0,0,26,0.0294117647058824,0.099236641221374,0,0,0,0,0,0,0,0
00-0034407,R.McCloud,Ray-Ray McCloud,WR,WR,SF,2022,4,REG,LA,0,0,0,0,0,0,0,0,1,3,6,0,30,0.12,0.198675496688742,0,0,0,0,0,0,0,1.6
00-0034411,R.Gage,Russell Gage,WR,WR,TB,2022,4,REG,KC,0,0,0,0,0,0,0,0,2,4,24,0,29,0.0769230769230769,0.0889570552147239,0,0,0,0,0,0,0,4.4
00-0034419,B.Berrios,Braxton Berrios,WR,WR,NYJ,2022,4,REG,PIT,1,1,2,1,0,0,0,0,1,1,6,0,-2,0.0303030303030303,-0.00600600600600601,0,0,0,0,0,0,0,5.68
00-0034440,J.Jackson,Justin Jackson,RB,RB,DET,2022,4,REG,SEA,0,0,0,0,0,2,3,0,2,2,4,1,-8,0.0512820512820513,-0.0203562340966921,0,0,0,0,0,0,0,8.7
00-0034487,T.Sherfield,Trent Sherfield,WR,WR,MIA,2022,4,REG,CIN,0,0,0,0,0,0,0,0,4,6,55,0,91,0.166666666666667,0.239473684210526,0,0,0,0,0,0,0,9.5
00-0034521,A.Lazard,Allen Lazard,WR,WR,GB,2022,4,REG,NE,0,0,0,0,0,0,0,0,6,8,116,0,112,0.25,0.313725490196078,0,0,0,0,0,0,0,17.6
00-0034613,T.Hudson,Tanner Hudson,TE,TE,NYG,2022,4,REG,CHI,0,0,0,0,0,0,0,0,1,2,18,0,23,0.133333333333333,0.148387096774194,0,0,0,0,0,0,0,2.8
00-0034646,B.Powell,Brandon Powell,WR,WR,LA,2022,4,REG,SF,0,0,0,0,0,1,11,0,0,0,0,0,0,0,0,0,0,0,0,0,0,0,1.1
00-0034681,C.Edmonds,Chase Edmonds,RB,RB,MIA,2022,4,REG,CIN,0,0,0,0,0,5,6,0,2,3,14,1,9,0.0833333333333333,0.0236842105263158,0,0,0,0,0,0,0,10
00-0034750,R.Penny,Rashaad Penny,RB,RB,SEA,2022,4,REG,DET,0,0,0,0,0,17,151,2,1,1,6,0,1,0.0344827586206897,0.003125,0,0,0,0,0,0,0,28.7
00-0034753,M.Andrews,Mark Andrews,TE,TE,BAL,2022,4,REG,BUF,0,0,0,0,0,0,0,0,2,5,15,0,38,0.178571428571429,0.285714285714286,0,0,0,0,0,0,0,3.5
00-0034764,M.Gallup,Michael Gallup,WR,WR,DAL,2022,4,REG,WAS,0,0,0,0,0,0,0,0,2,3,24,1,29,0.115384615384615,0.134883720930233,0,0,0,0,0,0,0,10.4
00-0034765,T.Smith,Tre'Quan Smith,WR,WR,NO,2022,4,REG,MIN,0,0,0,0,0,0,0,0,1,2,18,0,22,0.0714285714285714,0.0707395498392283,0,0,0,0,0,0,0,2.8
00-0034775,C.Kirk,Christian Kirk,WR,WR,JAX,2022,4,REG,PHI,0,0,0,0,0,1,3,0,2,9,60,0,78,0.391304347826087,0.426229508196721,0,0,0,0,0,0,0,8.3
00-0034791,N.Chubb,Nick Chubb,RB,RB,CLE,2022,4,REG,ATL,0,0,0,0,0,19,118,1,2,3,9,0,-10,0.0857142857142857,-0.0355871886120997,0,0,0,0,0,0,0,20.7
00-0034796,L.Jackson,Lamar Jackson,QB,QB,BAL,2022,4,REG,BUF,20,29,144,1,2,11,73,0,0,0,0,0,0,0,0,0,0,0,0,0,0,0,13.06
00-0034798,D.Smythe,Durham Smythe,TE,TE,MIA,2022,4,REG,CIN,0,0,0,0,0,0,0,0,0,0,0,0,0,0,0,0,0,0,0,0,0,0,0
00-0034827,D.Moore,D.J. Moore,WR,WR,CAR,2022,4,REG,ARI,0,0,0,0,0,1,11,0,6,11,50,0,71,0.305555555555556,0.331775700934579,0,0,0,0,0,0,0,12.1
00-0034829,M.Gesicki,Mike Gesicki,TE,TE,MIA,2022,4,REG,CIN,0,0,0,0,0,0,0,0,2,4,23,0,38,0.111111111111111,0.1,0,0,0,0,0,0,0,4.3
00-0034830,H.Hurst,Hayden Hurst,TE,TE,CIN,2022,4,REG,MIA,0,0,0,0,0,0,0,0,3,4,27,1,8,0.125,0.0246153846153846,0,0,0,0,0,0,0,11.7
00-0034844,S.Barkley,Saquon Barkley,RB,RB,NYG,2022,4,REG,CHI,0,0,0,0,0,31,146,0,2,2,16,0,-8,0.133333333333333,-0.0516129032258065,0,0,0,0,0,0,0,18.2
00-0034845,S.Michel,Sony Michel,RB,RB,LAC,2022,4,REG,HOU,0,0,0,0,0,6,11,0,3,3,16,0,-3,0.0810810810810811,-0.0102040816326531,0,0,0,0,0,0,0,5.7
00-0034854,K.Hodge,KhaDarel Hodge,WR,WR,ATL,2022,4,REG,CLE,0,0,0,0,0,0,0,0,0,1,0,0,22,0.0555555555555556,0.0909090909090909,0,0,0,0,0,0,0,0
00-0034855,B.Mayfield,Baker Mayfield,QB,QB,CAR,2022,4,REG,ARI,22,36,197,1,2,2,0,0,0,0,0,0,0,0,0,0,1,0,0,0,0,0,5.88
00-0034857,J.Allen,Josh Allen,QB,QB,BUF,2022,4,REG,BAL,19,36,213,1,1,11,70,1,0,0,0,0,0,0,0,0,0,0,0,0,0,0,23.52
00-0034860,D.Pettis,Dante Pettis,WR,WR,CHI,2022,4,REG,NYG,0,0,0,0,0,0,0,0,0,3,0,0,36,0.15,0.165137614678899,0,0,0,0,0,0,0,0
00-0034867,M.Turner,Malik Turner,WR,WR,SF,2022,4,REG,LA,0,0,0,0,0,0,0,0,0,0,0,0,0,0,0,0,0,0,0,0,0,0,0
00-0034970,I.Smith,Irv Smith,TE,TE,MIN,2022,4,REG,NO,0,0,0,0,0,0,0,0,3,4,23,0,25,0.114285714285714,0.0859106529209622,0,0,0,0,0,0,0,5.3
00-0034972,A.Mattison,Alexander Mattison,RB,RB,MIN,2022,4,REG,NO,0,0,0,0,0,3,3,0,1,1,15,1,0,0.0285714285714286,0,0,0,0,0,0,0,0,8.8
00-0034975,J.Hill,Justice Hill,RB,RB,BAL,2022,4,REG,BUF,0,0,0,0,0,8,45,0,2,2,12,0,-6,0.0714285714285714,-0.0451127819548872,0,0,0,0,0,0,0,7.7
00-0035021,A.Dulin,Ashton Dulin,WR,WR,IND,2022,4,REG,TEN,0,0,0,0,0,0,0,0,2,3,18,0,18,0.0833333333333333,0.076271186440678,0,0,0,0,0,0,0,3.8
00-0035140,M.Hardman,Mecole Hardman,WR,WR,KC,2022,4,REG,TB,0,0,0,0,0,0,0,0,1,1,4,0,-3,0.0294117647058824,-0.0114503816793893,0,0,0,0,0,0,0,1.4
00-0035208,O.Zaccheaus,Olamide Zaccheaus,WR,WR,ATL,2022,4,REG,CLE,0,0,0,0,0,0,0,0,2,2,55,0,35,0.111111111111111,0.144628099173554,0,0,0,0,0,0,0,7.5
00-0035215,D.Harty,Deonte Harty,WR,WR,NO,2022,4,REG,MIN,0,0,0,0,0,0,0,0,0,0,0,0,0,0,0,0,0,0,0,0,0,0,0
00-0035216,D.Johnson,Diontae Johnson,WR,WR,PIT,2022,4,REG,NYJ,0,0,0,0,0,2,11,0,2,4,11,0,39,0.16,0.103723404255319,0,0,0,0,0,0,0,4.2
00-0035217,B.Snell,Benny Snell,RB,RB,PIT,2022,4,REG,NYJ,0,0,0,0,0,0,0,0,0,0,0,0,0,0,0,0,0,0,0,0,0,0,0
00-0035222,Z.Gentry,Zach Gentry,TE,TE,PIT,2022,4,REG,NYJ,0,0,0,0,0,0,0,0,1,1,2,0,-2,0.04,-0.00531914893617021,0,0,0,0,0,0,0,1.2
00-0035228,K.Murray,Kyler Murray,QB,QB,ARI,2022,4,REG,CAR,23,32,207,2,1,12,26,1,0,0,0,0,0,0,0,0,0,0,0,0,0,0,22.88
00-0035229,T.Hockenson,T.J. Hockenson,TE,TE,DET,2022,4,REG,SEA,0,0,0,0,0,0,0,0,8,12,179,2,111,0.307692307692308,0.282442748091603,0,0,0,0,0,1,0,39.9
00-0035243,M.Sanders,Miles Sanders,RB,RB,PHI,2022,4,REG,JAX,0,0,0,0,0,27,134,2,2,3,22,0,3,0.125,0.0192307692307692,0,0,0,0,0,0,0,29.6
00-0035250,D.Singletary,Devin Singletary,RB,RB,BUF,2022,4,REG,BAL,0,0,0,0,0,11,49,0,4,5,47,0,-8,0.147058823529412,-0.0298507462686567,0,1,0,0,0,0,0,11.6
00-0035259,T.Wesco,Trevon Wesco,TE,TE,CHI,2022,4,REG,NYG,0,0,0,0,0,0,0,0,1,2,23,0,15,0.1,0.0688073394495413,0,0,0,0,0,0,0,3.3
00-0035261,T.Pollard,Tony Pollard,RB,RB,DAL,2022,4,REG,WAS,0,0,0,0,0,8,6,0,1,3,2,0,1,0.115384615384615,0.00465116279069768,0,0,0,0,0,0,0,1.8
00-0035359,D.Sills,David Sills,WR,WR,NYG,2022,4,REG,CHI,0,0,0,0,0,0,0,0,1,2,5,0,13,0.133333333333333,0.0838709677419355,0,0,0,0,0,0,0,1.5
00-0035406,L.Humphrey,Lil'Jordan Humphrey,WR,WR,NE,2022,4,REG,GB,0,0,0,0,0,0,0,0,1,1,9,0,-2,0.05,-0.0173913043478261,0,0,0,0,0,0,0,1.9
00-0035457,T.Johnson,Tyron Johnson,WR,WR,LV,2022,4,REG,DEN,0,0,0,0,0,0,0,0,0,0,0,0,0,0,0,0,0,0,0,0,0,0,0
00-0035500,G.Dortch,Greg Dortch,WR,WR,ARI,2022,4,REG,CAR,0,0,0,0,0,0,0,0,1,1,6,0,6,0.032258064516129,0.0333333333333333,0,0,0,0,0,0,0,1.6
00-0035510,J.Smith,Jeff Smith,WR,WR,NYJ,2022,4,REG,PIT,0,0,0,0,0,0,0,0,0,1,0,0,25,0.0303030303030303,0.0750750750750751,0,0,0,0,0,0,0,0
00-0035535,D.Slayton,Darius Slayton,WR,WR,NYG,2022,4,REG,CHI,0,0,0,0,0,0,0,0,1,2,11,0,63,0.133333333333333,0.406451612903226,0,0,0,0,0,0,0,2.1
00-0035537,T.Johnson,Ty Johnson,RB,RB,NYJ,2022,4,REG,PIT,0,0,0,0,0,0,0,0,0,0,0,0,0,0,0,0,0,0,0,0,0,0,0
00-0035544,T.Kennedy,Tom Kennedy,WR,WR,DET,2022,4,REG,SEA,0,0,0,0,0,0,0,0,3,5,54,0,73,0.128205128205128,0.185750636132316,0,0,0,0,0,0,0,8.4
00-0035547,J.Fortson,Joseph Fortson,TE,TE,KC,2022,4,REG,TB,0,0,0,0,0,0,0,0,1,1,10,1,7,0.0294117647058824,0.0267175572519084,0,0,0,0,0,0,0,8
00-0035567,C.Reynolds,Craig Reynolds,RB,RB,DET,2022,4,REG,SEA,0,0,0,0,0,2,30,0,1,1,12,0,2,0.0256410256410256,0.00508905852417303,0,0,0,0,0,0,0,5.2
00-0035572,P.Hesse,Parker Hesse,TE,TE,ATL,2022,4,REG,CLE,0,0,0,0,0,0,0,0,1,1,22,0,17,0.0555555555555556,0.0702479338842975,0,0,0,0,0,0,0,3.2
00-0035603,K.Blanton,Kendall Blanton,TE,TE,LA,2022,4,REG,SF,0,0,0,0,0,0,0,0,1,1,7,0,6,0.0208333333333333,0.0237154150197628,0,0,0,0,0,0,0,1.7
00-0035628,D.Johnson,D'Ernest Johnson,RB,RB,CLE,2022,4,REG,ATL,0,0,0,0,0,0,0,0,0,0,0,0,0,0,0,0,0,0,0,0,0,0,0
00-0035639,P.Campbell,Parris Campbell,WR,WR,IND,2022,4,REG,TEN,0,0,0,0,0,0,0,0,4,4,43,0,20,0.111111111111111,0.0847457627118644,0,0,0,0,0,0,0,8.3
00-0035640,D.Metcalf,DK Metcalf,WR,WR,SEA,2022,4,REG,DET,0,0,0,0,0,0,0,0,7,10,149,0,159,0.344827586206897,0.496875,0,0,0,0,0,0,0,21.9
00-0035644,N.Fant,Noah Fant,TE,TE,SEA,2022,4,REG,DET,0,0,0,0,0,0,0,0,1,1,2,1,1,0.0344827586206897,0.003125,0,0,0,0,0,0,0,7.2
00-0035645,G.Olszewski,Gunner Olszewski,WR,WR,PIT,2022,4,REG,NYJ,0,0,0,0,0,1,0,0,0,0,0,0,0,0,0,0,0,0,0,0,0,0,0
00-0035657,D.Harris,Damien Harris,RB,RB,NE,2022,4,REG,GB,0,0,0,0,0,18,86,1,1,1,-2,0,-4,0.05,-0.0347826086956522,0,0,0,0,0,0,0,15.4
00-0035659,T.McLaurin,Terry McLaurin,WR,WR,WAS,2022,4,REG,DAL,0,0,0,0,0,0,0,0,2,6,15,0,86,0.15,0.28956228956229,0,0,0,0,0,0,0,3.5
00-0035662,M.Brown,Marquise Brown,WR,WR,ARI,2022,4,REG,CAR,0,0,0,0,0,0,0,0,6,11,88,1,85,0.354838709677419,0.472222222222222,0,0,0,0,0,0,0,20.8
00-0035664,D.Henderson,Darrell Henderson,RB,RB,LA,2022,4,REG,SF,0,0,0,0,0,7,27,0,3,4,12,0,-13,0.0833333333333333,-0.0513833992094862,0,0,0,0,0,0,0,6.9
00-0035676,A.Brown,A.J. Brown,WR,WR,PHI,2022,4,REG,JAX,0,0,0,0,0,0,0,0,5,7,95,0,90,0.291666666666667,0.576923076923077,0,0,0,0,0,0,0,14.5
00-0035689,D.Knox,Dawson Knox,TE,TE,BUF,2022,4,REG,BAL,0,0,0,0,0,0,0,0,3,6,40,0,62,0.176470588235294,0.23134328358209,0,0,0,0,0,0,0,7
00-0035700,J.Jacobs,Josh Jacobs,RB,RB,LV,2022,4,REG,DEN,0,0,0,0,0,28,144,2,5,6,31,0,0,0.2,0,0,0,0,0,0,0,0,34.5
00-0035710,D.Jones,Daniel Jones,QB,QB,NYG,2022,4,REG,CHI,8,13,71,0,0,6,68,2,0,0,0,0,0,0,0,0,0,0,0,0,0,0,21.64
00-0035719,D.Samuel,Deebo Samuel,WR,WR,SF,2022,4,REG,LA,0,0,0,0,0,2,2,0,6,7,115,1,14,0.28,0.0927152317880795,0,0,0,0,0,0,0,23.7
00-0035771,M.Wilcox,Mitchell Wilcox,TE,TE,CIN,2022,4,REG,MIA,0,0,0,0,0,0,0,0,1,1,18,0,3,0.03125,0.00923076923076923,0,0,0,0,0,0,0,2.8
00-0035806,J.Hasty,Jamycal Hasty,RB,RB,JAX,2022,4,REG,PHI,0,0,0,0,0,0,0,0,2,2,22,0,-3,0.0869565217391304,-0.0163934426229508,0,0,0,0,0,0,0,4.2
00-0035831,J.Robinson,James Robinson,RB,RB,JAX,2022,4,REG,PHI,0,0,0,0,0,8,29,0,0,0,0,0,0,0,0,0,0,0,0,0,0,0,2.9
00-0035864,K.Hinton,Kendall Hinton,WR,WR,DEN,2022,4,REG,LV,0,0,0,0,0,0,0,0,2,3,39,0,58,0.12,0.204225352112676,0,0,0,0,0,0,0,5.9
00-0035956,G.Ricci,Giovanni Ricci,TE,TE,CAR,2022,4,REG,ARI,0,0,0,0,0,0,0,0,0,0,0,0,0,0,0,0,0,0,0,0,0,0,0
00-0035973,P.Taylor,Patrick Taylor,RB,RB,GB,2022,4,REG,NE,0,0,0,0,0,0,0,0,0,0,0,0,0,0,0,0,0,0,0,0,0,0,0
00-0036040,J.Johnson,Juwan Johnson,TE,TE,NO,2022,4,REG,MIN,0,0,0,0,0,0,0,0,3,4,33,0,42,0.142857142857143,0.135048231511254,0,0,0,0,0,0,0,6.3
00-0036158,J.Dobbins,J.K. Dobbins,RB,RB,BAL,2022,4,REG,BUF,0,0,0,0,0,13,41,1,4,4,22,1,-1,0.142857142857143,-0.0075187969924812,0,0,0,0,0,0,0,22.3
00-0036194,D.Asiasi,Devin Asiasi,TE,TE,CIN,2022,4,REG,MIA,0,0,0,0,0,0,0,0,0,1,0,0,24,0.03125,0.0738461538461539,0,0,0,0,0,0,0,0
00-0036196,G.Davis,Gabe Davis,WR,WR,BUF,2022,4,REG,BAL,0,0,0,0,0,0,0,0,1,3,13,0,23,0.0882352941176471,0.0858208955223881,0,0,0,0,0,0,0,2.3
00-0036212,T.Tagovailoa,Tua Tagovailoa,QB,QB,MIA,2022,4,REG,CIN,8,14,110,0,1,0,0,0,0,0,0,0,0,0,0,0,0,0,0,0,0,0,2.4
00-0036219,M.Callaway,Marquez Callaway,WR,WR,NO,2022,4,REG,MIN,0,0,0,0,0,0,0,0,3,6,53,0,91,0.214285714285714,0.292604501607717,0,0,0,0,0,0,0,8.3
00-0036223,J.Taylor,Jonathan Taylor,RB,RB,IND,2022,4,REG,TEN,0,0,0,0,0,20,42,0,1,3,1,0,2,0.0833333333333333,0.00847457627118644,0,1,0,0,0,0,0,3.3
00-0036232,H.Bryant,Harrison Bryant,TE,TE,CLE,2022,4,REG,ATL,0,0,0,0,0,0,0,0,4,6,18,0,27,0.171428571428571,0.096085409252669,0,0,0,0,0,0,0,5.8
00-0036233,D.Peoples-Jones,Donovan Peoples-Jones,WR,WR,CLE,2022,4,REG,ATL,0,0,0,0,0,0,0,0,5,9,71,0,111,0.257142857142857,0.395017793594306,0,0,0,0,0,0,0,12.1
00-0036244,C.Parkinson,Colby Parkinson,TE,TE,SEA,2022,4,REG,DET,0,0,0,0,0,0,0,0,2,3,28,0,17,0.103448275862069,0.053125,0,0,0,0,0,0,0,4.8
00-0036250,T.Davis,Tyler Davis,TE,TE,GB,2022,4,REG,NE,0,0,0,0,0,0,0,0,0,0,0,0,0,0,0,0,0,0,0,0,0,0,0
00-0036251,Z.Moss,Zack Moss,RB,RB,BUF,2022,4,REG,BAL,0,0,0,0,0,3,6,0,0,0,0,0,0,0,0,0,0,0,0,0,0,0,0.6
00-0036252,M.Pittman,Michael Pittman,WR,WR,IND,2022,4,REG,TEN,0,0,0,0,0,0,0,0,3,6,31,0,20,0.166666666666667,0.0847457627118644,0,0,0,0,0,0,0,6.1
00-0036259,J.Jennings,Jauan Jennings,WR,WR,SF,2022,4,REG,LA,0,0,0,0,0,0,0,0,2,4,22,0,32,0.16,0.211920529801325,0,0,0,0,0,0,0,4.2
00-0036261,B.Aiyuk,Brandon Aiyuk,WR,WR,SF,2022,4,REG,LA,0,0,0,0,0,0,0,0,4,4,37,0,4,0.16,0.0264900662251656,0,0,0,0,0,0,0,7.7
00-0036265,A.Dillon,A.J. Dillon,RB,RB,GB,2022,4,REG,NE,0,0,0,0,0,17,73,0,1,2,11,0,2,0.0625,0.00560224089635854,0,0,0,0,0,0,0,9.4
00-0036268,L.Shenault,Laviska Shenault Jr.,WR,WR,CAR,2022,4,REG,ARI,0,0,0,0,0,1,0,0,0,0,0,0,0,0,0,0,0,0,0,0,0,0,0
00-0036271,Q.Watkins,Quez Watkins,WR,WR,PHI,2022,4,REG,JAX,0,0,0,0,0,0,0,0,0,1,0,0,0,0.0416666666666667,0,0,0,0,0,0,0,0,0
00-0036277,Q.Cephus,Quintez Cephus,WR,WR,DET,2022,4,REG,SEA,0,0,0,0,0,0,0,0,2,3,15,0,14,0.0769230769230769,0.0356234096692112,0,0,0,0,0,0,0,3.5
00-0036290,C.Kmet,Cole Kmet,TE,TE,CHI,2022,4,REG,NYG,0,0,0,0,0,0,0,0,3,3,16,0,-7,0.15,-0.0321100917431193,0,0,0,0,0,0,0,4.6
00-0036309,D.Mooney,Darnell Mooney,WR,WR,CHI,2022,4,REG,NYG,0,0,0,0,0,0,0,0,4,5,94,0,108,0.25,0.495412844036697,0,0,0,0,0,0,0,13.4
00-0036322,J.Jefferson,Justin Jefferson,WR,WR,MIN,2022,4,REG,NO,0,0,0,0,0,1,3,1,10,13,147,0,126,0.371428571428571,0.43298969072165,0,0,0,0,0,0,0,31
00-0036326,C.Claypool,Chase Claypool,WR,WR,PIT,2022,4,REG,NYJ,0,0,0,0,0,0,0,0,0,2,0,0,58,0.08,0.154255319148936,0,0,0,0,0,0,0,0
00-0036328,A.Gibson,Antonio Gibson,RB,RB,WAS,2022,4,REG,DAL,0,0,0,0,0,13,49,0,3,3,14,0,-6,0.075,-0.0202020202020202,0,0,0,0,0,0,0,9.3
00-0036331,D.Duvernay,Devin Duvernay,WR,WR,BAL,2022,4,REG,BUF,0,0,0,0,0,0,0,0,4,5,51,0,45,0.178571428571429,0.338345864661654,0,0,0,0,0,0,0,9.1
00-0036332,J.Deguara,Josiah Deguara,TE,TE,GB,2022,4,REG,NE,0,0,0,0,0,0,0,0,0,1,0,0,-7,0.03125,-0.0196078431372549,0,0,0,0,0,0,0,0
00-0036345,K.Osborn,K.J. Osborn,WR,WR,MIN,2022,4,REG,NO,0,0,0,0,0,1,-1,0,1,2,6,0,12,0.0571428571428571,0.0412371134020619,0,0,0,0,0,0,0,1.5
00-0036355,J.Herbert,Justin Herbert,QB,QB,LAC,2022,4,REG,HOU,27,39,340,2,0,4,-5,0,0,0,0,0,0,0,0,0,0,0,0,0,0,0,21.1
00-0036358,C.Lamb,CeeDee Lamb,WR,WR,DAL,2022,4,REG,WAS,0,0,0,0,0,0,0,0,6,8,97,1,102,0.307692307692308,0.474418604651163,0,0,0,0,0,0,0,21.7
00-0036360,C.Edwards-Helaire,Clyde Edwards-Helaire,RB,RB,KC,2022,4,REG,TB,0,0,0,0,0,19,92,1,1,2,2,1,6,0.0588235294117647,0.0229007633587786,0,0,0,0,0,0,0,22.4
00-0036370,J.Kelley,Joshua Kelley,RB,RB,LAC,2022,4,REG,HOU,0,0,0,0,0,4,15,0,0,2,0,0,7,0.0540540540540541,0.0238095238095238,0,0,0,0,0,0,0,1.5
00-0036383,E.Benjamin,Eno Benjamin,RB,RB,ARI,2022,4,REG,CAR,0,0,0,0,0,5,36,0,1,1,9,0,0,0.032258064516129,0,0,0,0,0,0,0,0,5.5
00-0036387,J.Reagor,Jalen Reagor,WR,WR,MIN,2022,4,REG,NO,0,0,0,0,0,0,0,0,0,1,0,0,10,0.0285714285714286,0.0343642611683849,0,0,0,0,0,0,0,0
00-0036389,J.Hurts,Jalen Hurts,QB,QB,PHI,2022,4,REG,JAX,16,25,204,0,1,16,38,1,0,0,0,0,0,0,0,0,0,0,0,0,0,0,15.96
00-0036407,J.Jeudy,Jerry Jeudy,WR,WR,DEN,2022,4,REG,LV,0,0,0,0,0,0,0,0,4,5,53,1,50,0.2,0.176056338028169,0,0,0,0,0,0,0,15.3
00-0036410,T.Higgins,Tee Higgins,WR,WR,CIN,2022,4,REG,MIA,0,0,0,0,0,0,0,0,7,9,124,1,96,0.28125,0.295384615384615,0,0,0,0,0,0,0,25.4
00-0036412,K.Hamler,K.J. Hamler,WR,WR,DEN,2022,4,REG,LV,0,0,0,0,0,0,0,0,1,1,55,0,46,0.04,0.161971830985916,0,0,0,0,0,0,0,6.5
00-0036414,C.Akers,Cam Akers,RB,RB,LA,2022,4,REG,SF,0,0,0,0,0,8,13,0,0,1,0,0,-2,0.0208333333333333,-0.00790513833992095,0,0,0,0,0,0,0,1.3
00-0036422,A.Trautman,Adam Trautman,TE,TE,NO,2022,4,REG,MIN,0,0,0,0,0,0,0,0,3,3,37,0,14,0.107142857142857,0.045016077170418,0,0,0,0,0,0,0,6.7
00-0036425,D.Dallas,DeeJay Dallas,RB,RB,SEA,2022,4,REG,DET,0,0,0,0,0,0,0,0,0,0,0,0,0,0,0,0,0,0,0,0,0,0,0
00-0036429,C.Woerner,Charlie Woerner,TE,TE,SF,2022,4,REG,LA,0,0,0,0,0,0,0,0,0,1,0,0,20,0.04,0.132450331125828,0,0,0,0,0,0,0,0
00-0036438,S.Sullivan,Stephen Sullivan,TE,TE,CAR,2022,4,REG,ARI,0,0,0,0,0,0,0,0,0,0,0,0,0,0,0,0,0,0,0,0,0,0,0
00-0036442,J.Burrow,Joe Burrow,QB,QB,CIN,2022,4,REG,MIA,20,31,287,2,0,5,6,0,0,0,0,0,0,0,0,0,0,0,0,0,0,0,20.08
00-0036482,M.Strachan,Mike Strachan,WR,WR,IND,2022,4,REG,TEN,0,0,0,0,0,0,0,0,0,1,0,0,8,0.0277777777777778,0.0338983050847458,0,0,0,0,0,0,0,0
00-0036497,T.Jones,Tim Jones,WR,WR,JAX,2022,4,REG,PHI,0,0,0,0,0,0,0,0,0,1,0,0,-2,0.0434782608695652,-0.0109289617486339,0,0,0,0,0,0,0,0
00-0036550,R.Bateman,Rashod Bateman,WR,WR,BAL,2022,4,REG,BUF,0,0,0,0,0,0,0,0,3,6,17,0,36,0.214285714285714,0.270676691729323,0,0,0,0,0,0,0,4.7
00-0036554,N.Collins,Nico Collins,WR,WR,HOU,2022,4,REG,LAC,0,0,0,0,0,0,0,0,3,5,82,0,110,0.142857142857143,0.4296875,0,0,0,0,0,0,0,11.2
00-0036555,C.Hubbard,Chuba Hubbard,RB,RB,CAR,2022,4,REG,ARI,0,0,0,0,0,0,0,0,0,0,0,0,0,0,0,0,0,0,0,0,0,0,0
00-0036569,G.Brightwell,Gary Brightwell,RB,RB,NYG,2022,4,REG,CHI,0,0,0,0,0,1,0,0,0,0,0,0,0,0,0,0,0,0,0,0,0,0,0
00-0036572,S.Smith,Shi Smith,WR,WR,CAR,2022,4,REG,ARI,0,0,0,0,0,0,0,0,0,2,0,0,7,0.0555555555555556,0.0327102803738318,0,0,0,0,0,0,0,0
00-0036590,Q.Morris,Quintin Morris,TE,TE,BUF,2022,4,REG,BAL,0,0,0,0,0,0,0,0,0,1,0,0,6,0.0294117647058824,0.0223880597014925,0,0,0,0,0,0,0,0
00-0036613,J.Waddle,Jaylen Waddle,WR,WR,MIA,2022,4,REG,CIN,0,0,0,0,0,0,0,0,2,5,39,0,53,0.138888888888889,0.139473684210526,0,0,0,0,0,0,0,5.9
00-0036620,D.Eskridge,D'Wayne Eskridge,WR,WR,SEA,2022,4,REG,DET,0,0,0,0,0,1,6,0,1,1,10,0,3,0.0344827586206897,0.009375,0,0,0,0,0,0,0,2.6
00-0036626,D.Brown,Dyami Brown,WR,WR,WAS,2022,4,REG,DAL,0,0,0,0,0,0,0,0,1,4,6,0,69,0.1,0.232323232323232,0,0,0,0,0,0,0,1.6
00-0036628,J.Bates,John Bates,TE,TE,WAS,2022,4,REG,DAL,0,0,0,0,0,0,0,0,4,6,19,0,7,0.15,0.0235690235690236,0,0,0,0,0,0,0,5.9
00-0036635,I.Smith-Marsette,Ihmir Smith-Marsette,WR,WR,CHI,2022,4,REG,NYG,0,0,0,0,0,0,0,0,0,1,0,0,4,0.05,0.018348623853211,0,0,0,0,0,0,0,0
00-0036637,N.Gray,Noah Gray,TE,TE,KC,2022,4,REG,TB,0,0,0,0,0,1,1,1,0,1,0,0,13,0.0294117647058824,0.049618320610687,0,0,0,0,0,0,0,6.1
00-0036671,D.Milne,Dax Milne,WR,WR,WAS,2022,4,REG,DAL,0,0,0,0,0,0,0,0,0,0,0,0,0,0,0,0,0,0,0,0,0,0,0
00-0036754,B.Wright,Brock Wright,TE,TE,DET,2022,4,REG,SEA,0,0,0,0,0,0,0,0,0,0,0,0,0,0,0,0,0,0,0,0,0,0,0
00-0036829,C.Huntley,Caleb Huntley,RB,RB,ATL,2022,4,REG,CLE,0,0,0,0,0,10,56,1,0,0,0,0,0,0,0,0,0,0,0,0,0,0,11.6
00-0036842,K.Nwangwu,Kene Nwangwu,RB,RB,MIN,2022,4,REG,NO,0,0,0,0,0,0,0,0,0,0,0,0,0,0,0,0,0,0,0,0,0,0,0
00-0036857,C.Evans,Chris Evans,RB,RB,CIN,2022,4,REG,MIA,0,0,0,0,0,0,0,0,0,1,0,0,25,0.03125,0.0769230769230769,0,0,0,0,0,0,0,0
00-0036860,J.Funk,Jake Funk,RB,RB,LA,2022,4,REG,SF,0,0,0,0,0,0,0,0,0,0,0,0,0,0,0,0,0,0,0,0,0,0,0
00-0036862,B.Skowronek,Ben Skowronek,WR,WR,LA,2022,4,REG,SF,0,0,0,0,0,0,0,0,2,3,33,0,31,0.0625,0.122529644268775,0,0,0,0,0,0,0,5.3
00-0036875,R.Stevenson,Rhamondre Stevenson,RB,RB,NE,2022,4,REG,GB,0,0,0,0,0,14,66,0,4,5,23,0,-3,0.25,-0.0260869565217391,0,0,0,0,0,0,0,12.9
00-0036876,K.Granson,Kylen Granson,TE,TE,IND,2022,4,REG,TEN,0,0,0,0,0,0,0,0,4,4,62,0,32,0.111111111111111,0.135593220338983,0,0,0,0,0,0,0,10.2
00-0036877,J.Darden,Jaelon Darden,WR,WR,TB,2022,4,REG,KC,0,0,0,0,0,0,0,0,0,0,0,0,0,0,0,0,0,0,0,0,0,0,0
00-0036893,N.Harris,Najee Harris,RB,RB,PIT,2022,4,REG,NYJ,0,0,0,0,0,18,74,0,0,0,0,0,0,0,0,0,0,0,0,0,0,0,7.4
00-0036894,P.Freiermuth,Pat Freiermuth,TE,TE,PIT,2022,4,REG,NYJ,0,0,0,0,0,0,0,0,7,9,85,0,73,0.36,0.194148936170213,0,0,0,0,0,0,0,15.5
00-0036898,D.Mills,Davis Mills,QB,QB,HOU,2022,4,REG,LAC,26,35,246,2,2,0,0,0,0,0,0,0,0,0,0,0,0,0,0,0,0,0,13.84
00-0036900,J.Chase,Ja'Marr Chase,WR,WR,CIN,2022,4,REG,MIA,0,0,0,0,0,0,0,0,4,6,81,0,111,0.1875,0.341538461538462,0,0,0,0,0,0,0,12.1
00-0036906,K.Herbert,Khalil Herbert,RB,RB,CHI,2022,4,REG,NYG,0,0,0,0,0,19,77,0,1,1,24,0,-2,0.05,-0.0091743119266055,0,0,0,0,0,0,0,11.1
00-0036912,D.Smith,DeVonta Smith,WR,WR,PHI,2022,4,REG,JAX,0,0,0,0,0,0,0,0,3,4,17,0,35,0.166666666666667,0.224358974358974,0,0,0,0,0,0,0,4.7
00-0036919,K.Gainwell,Kenneth Gainwell,RB,RB,PHI,2022,4,REG,JAX,0,0,0,0,0,5,19,1,1,2,-2,0,2,0.0833333333333333,0.0128205128205128,0,0,0,0,0,0,0,8.7
00-0036924,Mi.Carter,Michael Carter,RB,RB,NYJ,2022,4,REG,PIT,0,0,0,0,0,9,15,0,2,3,14,0,5,0.0909090909090909,0.015015015015015,0,0,0,0,0,0,0,4.9
00-0036936,R.Moore,Rondale Moore,WR,WR,ARI,2022,4,REG,CAR,0,0,0,0,0,1,-4,0,3,5,11,0,58,0.161290322580645,0.322222222222222,0,0,0,0,0,0,0,3.7
00-0036945,J.Fields,Justin Fields,QB,QB,CHI,2022,4,REG,NYG,11,22,174,0,0,7,52,0,0,0,0,0,0,0,0,1,0,0,0,0,0,0,10.16
00-0036950,A.Williams,Avery Williams,RB,RB,ATL,2022,4,REG,CLE,0,0,0,0,0,1,21,0,0,0,0,0,0,0,0,0,0,0,0,0,0,0,2.1
00-0036959,M.Bandy,Michael Bandy,WR,WR,LAC,2022,4,REG,HOU,0,0,0,0,0,0,0,0,2,2,49,0,43,0.0540540540540541,0.146258503401361,0,0,0,0,0,0,0,6.9
00-0036970,K.Pitts,Kyle Pitts,TE,TE,ATL,2022,4,REG,CLE,0,0,0,0,0,0,0,0,1,4,25,0,63,0.222222222222222,0.260330578512397,0,0,0,0,0,0,0,3.5
00-0036971,T.Lawrence,Trevor Lawrence,QB,QB,JAX,2022,4,REG,PHI,11,23,174,2,1,2,7,0,0,0,0,0,0,0,0,3,1,0,0,0,0,0,5.66
00-0036973,T.Etienne,Travis Etienne,RB,RB,JAX,2022,4,REG,PHI,0,0,0,0,0,8,32,0,0,1,0,0,23,0.0434782608695652,0.12568306010929,0,0,0,0,0,0,0,3.2
00-0036980,E.Moore,Elijah Moore,WR,WR,NYJ,2022,4,REG,PIT,0,0,0,0,0,1,2,0,3,4,53,0,54,0.121212121212121,0.162162162162162,0,0,0,0,0,0,0,8.5
00-0036984,T.Sermon,Trey Sermon,RB,RB,PHI,2022,4,REG,JAX,0,0,0,0,0,2,19,0,0,0,0,0,0,0,0,0,0,0,0,0,0,0,1.9
00-0036988,J.Palmer,Josh Palmer,WR,WR,LAC,2022,4,REG,HOU,0,0,0,0,0,0,0,0,1,1,25,0,23,0.027027027027027,0.0782312925170068,0,0,0,0,0,0,0,3.5
00-0036991,Am.Rodgers,Amari Rodgers,WR,WR,GB,2022,4,REG,NE,0,0,0,0,0,0,0,0,0,0,0,0,0,0,0,0,0,0,0,0,0,0,0
00-0036997,J.Williams,Javonte Williams,RB,RB,DEN,2022,4,REG,LV,0,0,0,0,0,10,28,0,1,1,-1,0,-3,0.04,-0.0105633802816901,0,0,0,0,0,0,0,3.7
00-0037005,T.Tremble,Tommy Tremble,TE,TE,CAR,2022,4,REG,ARI,0,0,0,0,0,0,0,0,3,6,34,0,46,0.166666666666667,0.214953271028037,0,0,0,0,0,0,0,6.4
00-0037011,T.McKitty,Tre' McKitty,TE,TE,LAC,2022,4,REG,HOU,0,0,0,0,0,0,0,0,1,1,4,0,2,0.027027027027027,0.00680272108843537,0,0,0,0,0,0,0,1.4
00-0037013,Z.Wilson,Zach Wilson,QB,QB,NYJ,2022,4,REG,PIT,18,36,252,1,2,2,15,0,1,1,2,1,2,0.0303030303030303,0.00600600600600601,0,0,0,0,0,0,0,18.78
00-0037087,T.Ebner,Trestan Ebner,RB,RB,CHI,2022,4,REG,NYG,0,0,0,0,0,6,20,0,2,3,8,0,14,0.15,0.0642201834862385,0,0,1,0,0,0,0,2.8
00-0037132,B.Covey,Britain Covey,WR,WR,PHI,2022,4,REG,JAX,0,0,0,0,0,0,0,0,0,0,0,0,0,0,0,0,0,0,0,0,0,0,0
00-0037197,I.Pacheco,Isiah Pacheco,RB,RB,KC,2022,4,REG,TB,0,0,0,0,0,11,63,0,0,0,0,0,0,0,0,0,0,0,0,0,0,0,6.3
00-0037228,J.Warren,Jaylen Warren,RB,RB,PIT,2022,4,REG,NYJ,0,0,0,0,0,3,18,0,1,1,4,0,4,0.04,0.0106382978723404,0,0,0,0,0,0,0,3.2
00-0037238,D.London,Drake London,WR,WR,ATL,2022,4,REG,CLE,0,0,0,0,0,0,0,0,2,7,17,0,62,0.388888888888889,0.256198347107438,0,0,0,0,0,0,0,3.7
00-0037239,C.Olave,Chris Olave,WR,WR,NO,2022,4,REG,MIN,0,0,0,0,0,0,0,0,4,7,67,1,137,0.25,0.440514469453376,0,0,0,0,0,0,0,16.7
00-0037247,G.Pickens,George Pickens,WR,WR,PIT,2022,4,REG,NYJ,0,0,0,0,0,0,0,0,6,8,102,0,156,0.32,0.414893617021277,0,0,0,0,0,0,0,16.2
00-0037248,J.Cook,James Cook,RB,RB,BUF,2022,4,REG,BAL,0,0,0,0,0,0,0,0,0,1,0,0,-3,0.0294117647058824,-0.0111940298507463,0,0,0,0,0,0,0,0
00-0037256,R.White,Rachaad White,RB,RB,TB,2022,4,REG,KC,0,0,0,0,0,3,6,1,5,5,50,0,4,0.0961538461538462,0.0122699386503067,0,0,0,0,0,0,0,16.6
00-0037257,Dav.Bell,David Bell,WR,WR,CLE,2022,4,REG,ATL,0,0,0,0,0,0,0,0,2,3,35,0,63,0.0857142857142857,0.224199288256228,0,0,0,0,0,0,0,5.5
00-0037258,D.Pierce,Dameon Pierce,RB,RB,HOU,2022,4,REG,LAC,0,0,0,0,0,14,131,1,6,6,8,0,-12,0.171428571428571,-0.046875,0,0,0,0,0,0,0,25.9
00-0037261,K.Shakir,Khalil Shakir,WR,WR,BUF,2022,4,REG,BAL,0,0,0,0,0,0,0,0,2,2,23,0,7,0.0588235294117647,0.0261194029850746,0,0,0,0,0,0,0,4.3
00-0037263,T.Allgeier,Tyler Allgeier,RB,RB,ATL,2022,4,REG,CLE,0,0,0,0,0,10,84,0,1,1,20,0,-1,0.0555555555555556,-0.00413223140495868,0,0,0,0,0,0,0,11.4
00-0037267,J.Ford,Jerome Ford,RB,RB,CLE,2022,4,REG,ATL,0,0,0,0,0,0,0,0,0,0,0,0,0,0,0,0,0,0,0,0,0,0,0
00-0037272,M.Washington,Montrell Washington,WR,WR,DEN,2022,4,REG,LV,0,0,0,0,0,0,0,0,1,1,4,0,-2,0.04,-0.00704225352112676,0,0,0,0,0,0,0,1.4
00-0037273,K.Philips,Kyle Philips,WR,WR,TEN,2022,4,REG,IND,0,0,0,0,0,0,0,0,0,1,0,0,14,0.0476190476190476,0.155555555555556,0,0,0,0,0,0,0,0
00-0037291,J.Nailor,Jalen Nailor,WR,WR,MIN,2022,4,REG,NO,0,0,0,0,0,0,0,0,1,1,13,0,13,0.0285714285714286,0.0446735395189003,0,0,0,0,0,0,0,2.3
00-0037311,K.Kieft,Ko Kieft,TE,TE,TB,2022,4,REG,KC,0,0,0,0,0,0,0,0,1,1,19,0,16,0.0192307692307692,0.049079754601227,0,0,0,0,0,0,0,2.9
00-0037331,Z.Horvath,Zander Horvath,RB,RB,LAC,2022,4,REG,HOU,0,0,0,0,0,0,0,0,0,1,0,0,-3,0.027027027027027,-0.0102040816326531,0,0,0,0,0,0,0,0
00-0037569,P.Hendershot,Peyton Hendershot,TE,TE,DAL,2022,4,REG,WAS,0,0,0,0,0,0,0,0,0,0,0,0,0,0,0,0,0,0,0,0,0,0,0
00-0037617,H.Haskins,Hassan Haskins,RB,RB,TEN,2022,4,REG,IND,0,0,0,0,0,0,0,0,0,0,0,0,0,0,0,0,0,0,0,0,0,0,0
00-0037664,A.Pierce,Alec Pierce,WR,WR,IND,2022,4,REG,TEN,0,0,0,0,0,0,0,0,4,6,80,0,87,0.166666666666667,0.36864406779661,0,0,0,0,0,0,0,12
00-0037708,M.Alexander,Maurice Alexander,WR,WR,DET,2022,4,REG,SEA,0,0,0,0,0,0,0,0,0,0,0,0,0,0,0,0,0,0,0,0,0,0,0
00-0037740,G.Wilson,Garrett Wilson,WR,WR,NYJ,2022,4,REG,PIT,0,0,0,0,0,0,0,0,2,6,41,0,45,0.181818181818182,0.135135135135135,0,0,0,0,0,0,0,6.1
00-0037741,J.Dotson,Jahan Dotson,WR,WR,WAS,2022,4,REG,DAL,0,0,0,0,0,0,0,0,3,4,43,1,85,0.1,0.286195286195286,0,0,0,0,0,0,0,13.3
00-0037742,T.Burks,Treylon Burks,WR,WR,TEN,2022,4,REG,IND,0,0,0,0,0,1,4,0,2,3,14,0,27,0.142857142857143,0.3,0,0,0,0,0,0,0,3.8
00-0037744,T.McBride,Trey McBride,TE,TE,ARI,2022,4,REG,CAR,0,0,0,0,0,0,0,0,3,3,24,0,12,0.0967741935483871,0.0666666666666667,0,0,0,0,0,0,0,5.4
00-0037745,V.Jones,Velus Jones,RB,RB,CHI,2022,4,REG,NYG,0,0,0,0,0,0,0,0,0,0,0,0,0,0,0,0,0,0,0,0,0,0,0
00-0037755,J.Woods,Jelani Woods,TE,TE,IND,2022,4,REG,TEN,0,0,0,0,0,0,0,0,1,1,33,0,15,0.0277777777777778,0.0635593220338983,0,0,0,0,0,0,0,4.3
00-0037801,K.Turpin,Kavontae Turpin,WR,WR,DAL,2022,4,REG,WAS,0,0,0,0,0,0,0,0,0,0,0,0,0,0,0,0,0,0,0,0,0,0,0
00-0037809,C.Okonkwo,Chigoziem Okonkwo,TE,TE,TEN,2022,4,REG,IND,0,0,0,0,0,0,0,0,3,3,38,1,28,0.142857142857143,0.311111111111111,0,0,0,0,0,0,0,12.8
00-0037816,R.Doubs,Romeo Doubs,WR,WR,GB,2022,4,REG,NE,0,0,0,0,0,0,0,0,5,8,47,1,94,0.25,0.263305322128852,0,0,1,0,0,0,0,13.7
00-0038040,Z.White,Zamir White,RB,RB,LV,2022,4,REG,DEN,0,0,0,0,0,2,24,0,0,0,0,0,0,0,0,0,0,0,0,0,0,0,2.4
00-0038041,J.Ferguson,Jake Ferguson,TE,TE,DAL,2022,4,REG,WAS,0,0,0,0,0,0,0,0,1,1,7,0,7,0.0384615384615385,0.0325581395348837,0,0,0,0,0,0,0,1.7
00-0038090,S.Moore,Skyy Moore,WR,WR,KC,2022,4,REG,TB,0,0,0,0,0,0,0,0,2,4,31,0,50,0.117647058823529,0.190839694656489,0,0,0,0,0,0,0,5.1
00-0038102,K.Pickett,Kenny Pickett,QB,QB,PIT,2022,4,REG,NYJ,10,13,120,0,3,6,15,2,0,0,0,0,0,0,0,0,0,0,0,0,0,0,12.3
00-0038108,B.Zappe,Bailey Zappe,QB,QB,NE,2022,4,REG,GB,10,15,99,1,0,0,0,0,0,0,0,0,0,0,0,1,0,0,0,0,0,0,5.96
00-0038115,D.Bellinger,Daniel Bellinger,TE,TE,NYG,2022,4,REG,CHI,0,0,0,0,0,0,0,0,3,3,23,0,13,0.2,0.0838709677419355,0,0,0,0,0,0,0,5.3
00-0038120,Br.Hall,Breece Hall,RB,RB,NYJ,2022,4,REG,PIT,0,0,0,0,0,17,66,1,2,6,12,0,47,0.181818181818182,0.141141141141141,0,0,0,0,0,0,0,15.8
00-0038124,C.Watson,Christian Watson,WR,WR,GB,2022,4,REG,NE,0,0,0,0,0,1,15,1,1,3,8,0,28,0.09375,0.0784313725490196,0,0,0,0,0,0,0,9.3
00-0038129,C.Otton,Cade Otton,TE,TE,TB,2022,4,REG,KC,0,0,0,0,0,0,0,0,3,4,29,0,21,0.0769230769230769,0.0644171779141104,0,0,0,0,0,0,0,5.9
00-0038134,K.Walker,Kenneth Walker,RB,RB,SEA,2022,4,REG,DET,0,0,0,0,0,8,29,0,1,1,-5,0,-6,0.0344827586206897,-0.01875,0,0,0,0,0,0,0,3.4
00-0019596,T.Brady,Tom Brady,QB,QB,TB,2022,5,REG,ATL,35,52,351,1,0,3,-3,0,0,0,0,0,0,0,0,0,0,0,1,0,0,0,19.74
00-0023459,A.Rodgers,Aaron Rodgers,QB,QB,GB,2022,5,REG,NYG,25,39,222,2,0,0,0,0,0,0,0,0,0,0,0,0,0,0,0,0,0,0,16.88
00-0024243,M.Lewis,Marcedes Lewis,TE,TE,GB,2022,5,REG,NYG,0,0,0,0,0,0,0,0,1,1,2,1,2,0.0256410256410256,0.00687285223367698,0,0,0,0,0,0,0,7.2
00-0026143,M.Ryan,Matt Ryan,QB,QB,IND,2022,5,REG,DEN,26,41,251,0,2,1,1,0,0,0,0,0,0,0,0,0,0,0,0,0,0,0,6.14
00-0026498,M.Stafford,Matthew Stafford,QB,QB,LA,2022,5,REG,DAL,28,42,308,1,1,0,0,0,0,0,0,0,0,0,0,2,0,0,0,0,0,0,10.32
00-0027942,A.Green,A.J. Green,WR,WR,ARI,2022,5,REG,PHI,0,0,0,0,0,0,0,0,3,5,20,0,79,0.131578947368421,0.26962457337884,0,0,0,0,0,0,0,5
00-0027966,M.Ingram,Mark Ingram,RB,RB,NO,2022,5,REG,SEA,0,0,0,0,0,9,16,0,0,0,0,0,0,0,0,0,0,0,0,1,0,0,3.6
00-0027973,A.Dalton,Andy Dalton,QB,QB,NO,2022,5,REG,SEA,16,24,187,1,1,7,4,0,0,0,0,0,0,0,0,0,0,0,0,0,0,0,9.88
00-0027981,K.Rudolph,Kyle Rudolph,TE,TE,TB,2022,5,REG,ATL,0,0,0,0,0,0,0,0,0,1,0,0,6,0.02,0.0165745856353591,0,0,0,0,0,0,0,0
00-0028002,R.Cobb,Randall Cobb,WR,WR,GB,2022,5,REG,NYG,0,0,0,0,0,0,0,0,7,13,99,0,122,0.333333333333333,0.419243986254296,0,0,0,0,0,0,0,16.9
00-0028063,T.Jones,Taiwan Jones,RB,RB,BUF,2022,5,REG,PIT,0,0,0,0,0,0,0,0,0,0,0,0,0,0,0,0,0,0,0,0,0,0,0
00-0028986,C.Keenum,Case Keenum,QB,QB,BUF,2022,5,REG,PIT,2,5,8,0,0,2,-2,0,0,0,0,0,0,0,0,0,0,0,0,0,0,0,0.12
00-0029239,B.Bolden,Brandon Bolden,RB,RB,LV,2022,5,REG,KC,0,0,0,0,0,1,5,0,3,3,29,0,15,0.111111111111111,0.0487012987012987,0,0,0,0,0,0,0,6.4
00-0029263,R.Wilson,Russell Wilson,QB,QB,DEN,2022,5,REG,IND,21,39,274,0,2,4,22,0,0,0,0,0,0,0,0,0,0,0,0,0,0,0,9.16
00-0029293,M.Jones,Marvin Jones,WR,WR,JAX,2022,5,REG,HOU,0,0,0,0,0,0,0,0,7,11,104,0,131,0.25,0.286652078774617,0,0,0,0,0,0,0,17.4
00-0029604,K.Cousins,Kirk Cousins,QB,QB,MIN,2022,5,REG,CHI,32,41,296,1,1,4,4,1,0,0,0,0,0,0,0,0,0,0,1,0,0,0,22.24
00-0029701,R.Tannehill,Ryan Tannehill,QB,QB,TEN,2022,5,REG,WAS,15,25,181,1,0,3,3,0,0,0,0,0,0,0,0,0,0,0,0,0,0,0,11.54
00-0030035,A.Thielen,Adam Thielen,WR,WR,MIN,2022,5,REG,CHI,0,0,0,0,0,0,0,0,4,7,27,0,37,0.17948717948718,0.205555555555556,0,0,0,0,0,0,0,6.7
00-0030061,Z.Ertz,Zach Ertz,TE,TE,ARI,2022,5,REG,PHI,0,0,0,0,0,0,0,0,6,10,48,0,98,0.263157894736842,0.334470989761092,0,0,0,0,0,0,0,10.8
00-0030108,R.Griffin,Ryan Griffin,TE,TE,CHI,2022,5,REG,MIN,0,0,0,0,0,0,0,0,1,1,1,0,0,0.0476190476190476,0,0,0,0,0,0,0,0,1.1
00-0030288,R.Burkhead,Rex Burkhead,RB,RB,HOU,2022,5,REG,JAX,0,0,0,0,0,3,15,0,2,3,13,0,-5,0.125,-0.0378787878787879,0,0,0,0,0,0,0,4.8
00-0030431,R.Woods,Robert Woods,WR,WR,TEN,2022,5,REG,WAS,0,0,0,0,0,0,0,0,4,8,37,0,44,0.347826086956522,0.192982456140351,0,0,0,0,0,0,0,7.7
00-0030506,T.Kelce,Travis Kelce,TE,TE,KC,2022,5,REG,LV,0,0,0,0,0,0,0,0,7,8,25,4,52,0.19047619047619,0.18978102189781,0,0,0,0,0,0,0,33.5
00-0030565,G.Smith,Geno Smith,QB,QB,SEA,2022,5,REG,NO,16,25,268,3,0,3,13,0,0,0,0,0,0,0,0,0,0,0,0,0,0,0,24.02
00-0031236,B.Cooks,Brandin Cooks,WR,WR,HOU,2022,5,REG,JAX,0,0,0,0,0,0,0,0,4,6,20,0,27,0.25,0.204545454545455,0,0,0,0,0,0,0,6
00-0031237,T.Bridgewater,Teddy Bridgewater,QB,QB,MIA,2022,5,REG,NYJ,0,1,0,0,0,0,0,0,0,0,0,0,0,0,0,0,0,0,0,0,0,0,0
00-0031280,D.Carr,Derek Carr,QB,QB,LV,2022,5,REG,KC,19,30,241,2,0,1,3,0,0,0,0,0,0,0,0,0,0,0,0,0,0,0,17.94
00-0031345,J.Garoppolo,Jimmy Garoppolo,QB,QB,SF,2022,5,REG,CAR,18,30,253,2,0,1,-1,0,0,0,0,0,0,0,0,0,0,0,0,0,0,0,18.02
00-0031376,J.McKinnon,Jerick McKinnon,RB,RB,KC,2022,5,REG,LV,0,0,0,0,0,8,53,0,2,3,19,0,4,0.0714285714285714,0.0145985401459854,0,0,0,0,0,0,0,9.2
00-0031381,D.Adams,Davante Adams,WR,WR,LV,2022,5,REG,KC,0,0,0,0,0,0,0,0,3,7,124,2,154,0.259259259259259,0.5,0,0,0,0,0,0,0,27.4
00-0031408,M.Evans,Mike Evans,WR,WR,TB,2022,5,REG,ATL,0,0,0,0,0,0,0,0,4,8,81,0,105,0.16,0.290055248618785,0,0,0,0,0,0,0,12.1
00-0031428,Al.Robinson,Allen Robinson,WR,WR,LA,2022,5,REG,DAL,0,0,0,0,0,0,0,0,3,5,12,0,36,0.119047619047619,0.101983002832861,0,0,0,0,0,0,0,4.2
00-0031484,C.Manhertz,Chris Manhertz,TE,TE,JAX,2022,5,REG,HOU,0,0,0,0,0,0,0,0,2,2,15,0,6,0.0454545454545455,0.013129102844639,0,0,0,0,0,0,0,3.5
00-0031544,A.Cooper,Amari Cooper,WR,WR,CLE,2022,5,REG,LAC,0,0,0,0,0,0,0,0,7,12,76,1,123,0.375,0.394230769230769,0,0,0,0,0,0,0,20.6
00-0031549,N.Agholor,Nelson Agholor,WR,WR,NE,2022,5,REG,DET,0,0,0,0,0,0,0,0,0,1,0,0,14,0.0476190476190476,0.0765027322404372,0,0,0,0,0,0,0,0
00-0031588,S.Diggs,Stefon Diggs,WR,WR,BUF,2022,5,REG,PIT,0,0,0,0,0,0,0,0,8,11,102,1,118,0.305555555555556,0.261061946902655,0,0,0,0,0,0,0,24.2
00-0031687,R.Mostert,Raheem Mostert,RB,RB,MIA,2022,5,REG,NYJ,0,0,0,0,0,18,113,1,1,3,9,0,10,0.09375,0.0448430493273543,0,0,0,0,0,0,0,19.2
00-0031690,E.Tomlinson,Eric Tomlinson,TE,TE,DEN,2022,5,REG,IND,0,0,0,0,0,0,0,0,0,1,0,0,14,0.0263157894736842,0.0382513661202186,0,0,0,0,0,0,0,0
00-0031763,D.Carter,DeAndre Carter,WR,WR,LAC,2022,5,REG,CLE,0,0,0,0,0,0,0,0,2,2,9,0,2,0.0606060606060606,0.0112994350282486,0,0,0,0,0,0,0,2.9
00-0031868,D.Byrd,Damiere Byrd,WR,WR,ATL,2022,5,REG,TB,0,0,0,0,0,0,0,0,0,1,0,0,8,0.0416666666666667,0.0352422907488987,0,0,0,0,0,0,0,0
00-0032058,T.Coleman,Tevin Coleman,RB,RB,SF,2022,5,REG,CAR,0,0,0,0,0,8,23,1,3,3,44,1,24,0.1,0.104347826086957,0,0,0,0,0,0,0,21.7
00-0032063,M.Davis,Mike Davis,RB,RB,BAL,2022,5,REG,CIN,0,0,0,0,0,1,3,0,0,0,0,0,0,0,0,0,0,0,0,0,0,0,0.3
00-0032104,A.Abdullah,Ameer Abdullah,RB,RB,LV,2022,5,REG,KC,0,0,0,0,0,0,0,0,0,0,0,0,0,0,0,0,0,0,0,0,0,0,0
00-0032134,C.Uzomah,C.J. Uzomah,TE,TE,NYJ,2022,5,REG,MIA,0,0,0,0,0,0,0,0,2,2,12,0,5,0.0952380952380952,0.0253807106598985,0,0,0,0,0,0,0,3.2
00-0032141,G.Swaim,Geoff Swaim,TE,TE,TEN,2022,5,REG,WAS,0,0,0,0,0,0,0,0,1,1,5,0,5,0.0434782608695652,0.0219298245614035,0,0,0,0,0,0,0,1.5
00-0032144,M.Gordon,Melvin Gordon,RB,RB,DEN,2022,5,REG,IND,0,0,0,0,0,15,54,0,3,3,49,0,-2,0.0789473684210526,-0.00546448087431694,0,0,0,0,0,0,0,13.3
00-0032208,P.Dorsett,Phillip Dorsett,WR,WR,HOU,2022,5,REG,JAX,0,0,0,0,0,0,0,0,0,0,0,0,0,0,0,0,0,0,0,0,0,0,0
00-0032211,T.Lockett,Tyler Lockett,WR,WR,SEA,2022,5,REG,NO,0,0,0,0,0,0,0,0,5,6,104,2,135,0.25,0.45,0,0,0,0,0,0,0,27.4
00-0032268,M.Mariota,Marcus Mariota,QB,QB,ATL,2022,5,REG,TB,14,25,147,1,0,7,61,0,0,0,0,0,0,0,0,0,0,0,1,0,0,0,17.98
00-0032355,C.Rogers,Chester Rogers,WR,WR,CLE,2022,5,REG,LAC,0,0,0,0,0,0,0,0,0,0,0,0,0,0,0,0,0,0,0,0,0,0,0
00-0032392,A.Hooper,Austin Hooper,TE,TE,TEN,2022,5,REG,WAS,0,0,0,0,0,0,0,0,1,1,7,0,7,0.0434782608695652,0.0307017543859649,0,0,0,0,0,0,0,1.7
00-0032450,D.Washington,Dwayne Washington,RB,RB,NO,2022,5,REG,SEA,0,0,0,0,0,0,0,0,0,0,0,0,0,0,0,0,0,0,0,0,0,0,0
00-0032464,K.Raymond,Kalif Raymond,WR,WR,DET,2022,5,REG,NE,0,0,0,0,0,0,0,0,5,7,45,0,50,0.225806451612903,0.172413793103448,0,0,0,0,0,0,0,9.5
00-0032602,J.McKissic,J.D. McKissic,RB,RB,WAS,2022,5,REG,TEN,0,0,0,0,0,0,0,0,5,7,37,0,4,0.189189189189189,0.0113960113960114,0,0,0,0,0,0,0,8.7
00-0032688,R.Anderson,Robbie Chosen,WR,WR,CAR,2022,5,REG,SF,0,0,0,0,0,0,0,0,1,5,32,0,81,0.125,0.23342939481268,0,0,0,0,0,0,0,4.2
00-0032764,D.Henry,Derrick Henry,RB,RB,TEN,2022,5,REG,WAS,0,0,0,0,0,28,102,2,2,2,30,0,1,0.0869565217391304,0.0043859649122807,0,0,0,0,0,0,0,27.2
00-0032775,D.Robinson,Demarcus Robinson,WR,WR,BAL,2022,5,REG,CIN,0,0,0,0,0,0,0,0,1,2,8,0,34,0.0740740740740741,0.115254237288136,0,0,0,0,0,0,0,1.8
00-0032950,C.Wentz,Carson Wentz,QB,QB,WAS,2022,5,REG,TEN,25,38,359,2,1,5,15,0,0,0,0,0,0,0,0,0,0,0,0,0,0,0,21.86
00-0032975,J.Williams,Jonathan Williams,RB,RB,WAS,2022,5,REG,TEN,0,0,0,0,0,0,0,0,0,0,0,0,0,0,0,0,0,0,0,0,0,0,0
00-0032980,M.Johnson,Marcus Johnson,WR,WR,NYG,2022,5,REG,GB,0,0,0,0,0,0,0,0,3,3,35,0,22,0.115384615384615,0.158273381294964,0,0,0,0,0,0,0,6.5
00-0033009,T.Boyd,Tyler Boyd,WR,WR,CIN,2022,5,REG,BAL,0,0,0,0,0,0,0,0,3,4,32,0,6,0.117647058823529,0.05,0,0,0,0,0,0,0,6.2
00-0033040,T.Hill,Tyreek Hill,WR,WR,MIA,2022,5,REG,NYJ,0,0,0,0,0,2,13,0,7,7,47,0,32,0.21875,0.143497757847534,0,0,0,0,0,0,0,13
00-0033045,E.Elliott,Ezekiel Elliott,RB,RB,DAL,2022,5,REG,LA,0,0,0,0,0,22,78,0,0,0,0,0,0,0,0,0,0,0,0,0,0,0,7.8
00-0033090,H.Henry,Hunter Henry,TE,TE,NE,2022,5,REG,DET,0,0,0,0,0,0,0,0,4,5,54,0,35,0.238095238095238,0.191256830601093,0,0,0,0,0,0,0,9.4
00-0033106,J.Goff,Jared Goff,QB,QB,DET,2022,5,REG,NE,19,35,229,0,1,3,7,0,0,0,0,0,0,0,0,1,0,0,0,0,0,0,5.86
00-0033110,T.Higbee,Tyler Higbee,TE,TE,LA,2022,5,REG,DAL,0,0,0,0,0,0,0,0,7,10,46,0,37,0.238095238095238,0.104815864022663,0,0,0,0,0,0,0,11.6
00-0033114,Mi.Thomas,Mike Thomas,WR,WR,CIN,2022,5,REG,BAL,0,0,0,0,0,0,0,0,1,3,33,0,37,0.0882352941176471,0.308333333333333,0,0,0,0,0,0,0,4.3
00-0033118,K.Drake,Kenyan Drake,RB,RB,BAL,2022,5,REG,CIN,0,0,0,0,0,4,26,0,1,1,1,0,-2,0.037037037037037,-0.00677966101694915,0,0,0,0,0,0,0,3.7
00-0033119,J.Brissett,Jacoby Brissett,QB,QB,CLE,2022,5,REG,LAC,21,34,230,1,1,3,32,0,0,0,0,0,0,0,0,0,0,0,0,0,0,0,14.4
00-0033217,M.Alie-Cox,Mo Alie-Cox,TE,TE,IND,2022,5,REG,DEN,0,0,0,0,0,0,0,0,1,1,7,0,3,0.0277777777777778,0.0115384615384615,0,0,0,0,0,0,0,1.7
00-0033246,J.Mundt,Johnny Mundt,TE,TE,MIN,2022,5,REG,CHI,0,0,0,0,0,0,0,0,2,2,6,0,-4,0.0512820512820513,-0.0222222222222222,0,0,0,0,0,0,0,2.6
00-0033275,P.Walker,P.J. Walker,QB,QB,CAR,2022,5,REG,SF,5,6,60,0,0,0,0,0,0,0,0,0,0,0,0,0,0,0,0,0,0,0,2.4
00-0033280,C.McCaffrey,Christian McCaffrey,RB,RB,CAR,2022,5,REG,SF,0,0,0,0,0,14,54,1,7,12,50,0,9,0.3,0.0259365994236311,0,0,0,0,0,0,0,23.4
00-0033282,C.Samuel,Curtis Samuel,WR,WR,WAS,2022,5,REG,TEN,0,0,0,0,0,0,0,0,6,8,62,0,67,0.216216216216216,0.190883190883191,0,0,0,0,0,0,0,12.2
00-0033288,G.Kittle,George Kittle,TE,TE,SF,2022,5,REG,CAR,0,0,0,0,0,0,0,0,5,6,47,0,35,0.2,0.152173913043478,0,0,1,0,0,0,0,7.7
00-0033292,T.Taylor,Trent Taylor,WR,WR,CIN,2022,5,REG,BAL,0,0,0,0,0,0,0,0,0,0,0,0,0,0,0,0,0,0,0,0,0,0,0
00-0033293,A.Jones,Aaron Jones,RB,RB,GB,2022,5,REG,NYG,0,0,0,0,0,13,63,0,2,3,17,0,1,0.0769230769230769,0.00343642611683849,0,0,0,0,0,0,0,10
00-0033307,K.Bourne,Kendrick Bourne,WR,WR,NE,2022,5,REG,DET,0,0,0,0,0,1,-1,0,1,1,1,0,0,0.0476190476190476,0,0,0,0,0,0,0,0,1
00-0033308,M.Breida,Matt Breida,RB,RB,NYG,2022,5,REG,GB,0,0,0,0,0,4,14,0,2,2,13,0,1,0.0769230769230769,0.00719424460431655,0,0,0,0,0,0,0,4.7
00-0033357,T.Hill,Taysom Hill,TE,TE,NO,2022,5,REG,SEA,1,1,22,1,0,9,112,3,0,0,0,0,0,0,0,0,0,0,0,0,0,0,34.08
00-0033386,C.Hollister,Cody Hollister,WR,WR,TEN,2022,5,REG,WAS,0,0,0,0,0,0,0,0,0,0,0,0,0,0,0,0,0,0,0,0,0,0,0
00-0033455,A.Firkser,Anthony Firkser,TE,TE,ATL,2022,5,REG,TB,0,0,0,0,0,0,0,0,1,1,11,0,11,0.0416666666666667,0.0484581497797357,0,0,0,0,0,0,0,2.1
00-0033526,S.Perine,Samaje Perine,RB,RB,CIN,2022,5,REG,BAL,0,0,0,0,0,3,17,0,4,4,39,0,-8,0.117647058823529,-0.0666666666666667,0,0,0,0,0,0,0,9.6
00-0033536,M.Williams,Mike Williams,WR,WR,LAC,2022,5,REG,CLE,0,0,0,0,0,0,0,0,10,13,134,0,117,0.393939393939394,0.661016949152542,0,0,0,0,0,0,0,23.4
00-0033553,J.Conner,James Conner,RB,RB,ARI,2022,5,REG,PHI,0,0,0,0,0,9,55,0,1,1,8,0,1,0.0263157894736842,0.00341296928327645,0,0,0,0,0,0,0,7.3
00-0033555,M.Hollins,Mack Hollins,WR,WR,LV,2022,5,REG,KC,0,0,0,0,0,0,0,0,0,4,0,0,104,0.148148148148148,0.337662337662338,0,0,0,0,0,0,0,0
00-0033572,J.Agnew,Jamal Agnew,WR,WR,JAX,2022,5,REG,HOU,0,0,0,0,0,1,3,0,0,1,0,0,4,0.0227272727272727,0.0087527352297593,0,0,0,0,0,0,0,0.3
00-0033576,E.Saubert,Eric Saubert,TE,TE,DEN,2022,5,REG,IND,0,0,0,0,0,0,0,0,5,7,36,0,33,0.184210526315789,0.0901639344262295,0,0,0,0,0,0,0,8.6
00-0033591,N.Brown,Noah Brown,WR,WR,DAL,2022,5,REG,LA,0,0,0,0,0,0,0,0,1,2,5,0,10,0.125,0.0854700854700855,0,0,0,0,0,0,0,1.5
00-0033633,T.Gentry,Tanner Gentry,WR,WR,BUF,2022,5,REG,PIT,0,0,0,0,0,0,0,0,0,1,0,0,7,0.0277777777777778,0.0154867256637168,0,0,0,0,0,0,0,0
00-0033662,C.Rush,Cooper Rush,QB,QB,DAL,2022,5,REG,LA,10,16,102,0,0,4,-1,0,0,0,0,0,0,0,0,0,0,0,0,0,0,0,3.98
00-0033681,K.Cole,Keelan Cole,WR,WR,LV,2022,5,REG,KC,0,0,0,0,0,0,0,0,0,0,0,0,0,0,0,0,0,0,0,0,0,0,0
00-0033699,A.Ekeler,Austin Ekeler,RB,RB,LAC,2022,5,REG,CLE,0,0,0,0,0,16,173,1,4,4,26,1,-18,0.121212121212121,-0.101694915254237,0,0,0,0,0,0,0,35.9
00-0033757,R.Tonyan,Robert Tonyan,TE,TE,GB,2022,5,REG,NYG,0,0,0,0,0,0,0,0,4,4,23,0,-6,0.102564102564103,-0.0206185567010309,0,0,0,0,0,0,0,6.3
00-0033798,M.Schreck,Mason Schreck,TE,TE,HOU,2022,5,REG,JAX,0,0,0,0,0,0,0,0,1,1,6,0,4,0.0416666666666667,0.0303030303030303,0,0,0,0,0,0,0,1.6
00-0033854,D.Ogunbowale,Dare Ogunbowale,RB,RB,HOU,2022,5,REG,JAX,0,0,0,0,0,0,0,0,0,0,0,0,0,0,0,0,0,0,0,0,0,0,0
00-0033856,L.Fournette,Leonard Fournette,RB,RB,TB,2022,5,REG,ATL,0,0,0,0,0,14,56,1,10,11,83,1,-4,0.22,-0.0110497237569061,0,0,0,0,0,0,0,35.9
00-0033857,J.Smith-Schuster,JuJu Smith-Schuster,WR,WR,KC,2022,5,REG,LV,0,0,0,0,0,0,0,0,3,8,33,0,60,0.19047619047619,0.218978102189781,0,0,0,0,0,0,0,6.3
00-0033871,C.Davis,Corey Davis,WR,WR,NYJ,2022,5,REG,MIA,0,0,0,0,0,0,0,0,2,4,38,0,47,0.19047619047619,0.238578680203046,0,0,0,0,0,0,0,5.8
00-0033873,P.Mahomes,Patrick Mahomes,QB,QB,KC,2022,5,REG,LV,29,43,292,4,0,4,28,0,0,0,0,0,0,0,0,0,0,0,0,0,0,0,30.48
00-0033879,O.Howard,O.J. Howard,TE,TE,HOU,2022,5,REG,JAX,0,0,0,0,0,0,0,0,0,1,0,0,8,0.0416666666666667,0.0606060606060606,0,0,0,0,0,0,0,0
00-0033881,E.Engram,Evan Engram,TE,TE,JAX,2022,5,REG,HOU,0,0,0,0,0,0,0,0,6,10,69,0,116,0.227272727272727,0.25382932166302,0,0,0,0,0,0,0,12.9
00-0033885,D.Njoku,David Njoku,TE,TE,CLE,2022,5,REG,LAC,0,0,0,0,0,0,0,0,6,6,88,0,52,0.1875,0.166666666666667,0,0,0,0,0,0,0,14.8
00-0033891,Z.Jones,Zay Jones,WR,WR,JAX,2022,5,REG,HOU,0,0,0,0,0,0,0,0,3,8,12,0,62,0.181818181818182,0.135667396061269,0,0,0,0,0,0,0,4.2
00-0033893,D.Cook,Dalvin Cook,RB,RB,MIN,2022,5,REG,CHI,0,0,0,0,0,18,94,2,2,2,27,0,-10,0.0512820512820513,-0.0555555555555556,0,0,0,0,0,0,0,26.1
00-0033895,G.Everett,Gerald Everett,TE,TE,LAC,2022,5,REG,CLE,0,0,0,0,0,0,0,0,1,3,2,0,24,0.0909090909090909,0.135593220338983,0,0,0,0,0,0,0,1.2
00-0033897,J.Mixon,Joe Mixon,RB,RB,CIN,2022,5,REG,BAL,0,0,0,0,0,14,78,0,3,3,10,0,-6,0.0882352941176471,-0.05,0,0,0,0,0,0,0,11.8
00-0033906,A.Kamara,Alvin Kamara,RB,RB,NO,2022,5,REG,SEA,0,0,0,0,0,23,103,0,6,6,91,0,5,0.24,0.025,0,0,1,0,0,0,0,23.4
00-0033908,C.Kupp,Cooper Kupp,WR,WR,LA,2022,5,REG,DAL,0,1,0,0,0,1,4,0,7,10,125,1,77,0.238095238095238,0.218130311614731,0,0,0,0,0,0,0,25.9
00-0033921,C.Godwin,Chris Godwin,WR,WR,TB,2022,5,REG,ATL,0,0,0,0,0,1,2,0,6,6,61,0,37,0.12,0.102209944751381,0,0,0,0,0,0,0,12.3
00-0033923,K.Hunt,Kareem Hunt,RB,RB,CLE,2022,5,REG,LAC,0,0,0,0,0,11,47,1,3,3,10,0,0,0.09375,0,0,0,0,0,0,0,0,14.7
00-0033925,D.Foreman,D'Onta Foreman,RB,RB,CAR,2022,5,REG,SF,0,0,0,0,0,2,2,0,0,0,0,0,0,0,0,0,0,0,0,0,0,0,0.2
00-0033943,J.Reynolds,Josh Reynolds,WR,WR,DET,2022,5,REG,NE,0,0,0,0,0,0,0,0,6,10,92,0,116,0.32258064516129,0.4,0,0,0,0,0,0,0,15.2
00-0033948,Ja.Williams,Jamaal Williams,RB,RB,DET,2022,5,REG,NE,0,0,0,0,0,15,56,0,0,0,0,0,0,0,0,0,0,0,0,0,0,0,5.6
00-0034011,D.Arnold,Dan Arnold,TE,TE,JAX,2022,5,REG,HOU,0,0,0,0,0,0,0,0,1,2,20,0,20,0.0454545454545455,0.0437636761487965,0,0,0,0,0,0,0,3
00-0034054,R.Cracraft,River Cracraft,WR,WR,MIA,2022,5,REG,NYJ,0,0,0,0,0,0,0,0,0,1,0,0,12,0.03125,0.0538116591928251,0,0,0,0,0,0,0,0
00-0034073,R.Dwelley,Ross Dwelley,TE,TE,SF,2022,5,REG,CAR,0,0,0,0,0,0,0,0,0,0,0,0,0,0,0,0,0,0,0,0,0,0,0
00-0034104,C.Sims,Cam Sims,WR,WR,WAS,2022,5,REG,TEN,0,0,0,0,0,0,0,0,1,2,7,0,28,0.0540540540540541,0.0797720797720798,0,0,0,0,0,0,0,1.7
00-0034109,P.Lindsay,Phillip Lindsay,RB,RB,IND,2022,5,REG,DEN,0,0,0,0,0,11,40,0,3,4,14,0,20,0.111111111111111,0.0769230769230769,0,0,0,0,0,0,0,8.4
00-0034115,J.Wilson,Jeffery Wilson,RB,RB,SF,2022,5,REG,CAR,0,0,0,0,0,17,120,1,1,2,12,0,-11,0.0666666666666667,-0.0478260869565217,0,0,0,0,0,0,0,20.2
00-0034159,W.Dissly,Will Dissly,TE,TE,SEA,2022,5,REG,NO,0,0,0,0,0,0,0,0,2,3,21,0,14,0.125,0.0466666666666667,0,0,0,0,0,0,0,4.1
00-0034193,K.Rader,Kevin Rader,TE,TE,TEN,2022,5,REG,WAS,0,0,0,0,0,0,0,0,0,0,0,0,0,0,0,0,0,0,0,0,0,0,0
00-0034208,M.Boone,Mike Boone,RB,RB,DEN,2022,5,REG,IND,0,0,0,0,0,7,38,0,3,3,47,0,-3,0.0789473684210526,-0.00819672131147541,0,0,0,0,0,0,0,11.5
00-0034253,D.Hilliard,Dontrell Hilliard,RB,RB,TEN,2022,5,REG,WAS,0,0,0,0,0,1,0,0,4,5,23,1,2,0.217391304347826,0.0087719298245614,0,0,0,0,0,0,0,12.3
00-0034270,T.Conklin,Tyler Conklin,TE,TE,NYJ,2022,5,REG,MIA,0,0,0,0,0,0,0,0,0,1,0,0,39,0.0476190476190476,0.197969543147208,0,0,0,0,0,0,0,0
00-0034272,M.Valdes-Scantling,Marquez Valdes-Scantling,WR,WR,KC,2022,5,REG,LV,0,0,0,0,0,0,0,0,6,8,90,0,85,0.19047619047619,0.31021897810219,0,0,0,0,0,0,0,15
00-0034279,E.St. Brown,Equanimeous St. Brown,WR,WR,CHI,2022,5,REG,MIN,0,0,0,0,0,0,0,0,2,2,24,0,17,0.0952380952380952,0.0982658959537572,0,0,0,0,0,0,0,4.4
00-0034286,R.James,Richie James,WR,WR,NYG,2022,5,REG,GB,0,0,0,0,0,0,0,0,2,2,16,0,12,0.0769230769230769,0.0863309352517986,0,0,0,0,0,0,0,3.6
00-0034301,D.Williams,Darrel Williams,RB,RB,ARI,2022,5,REG,PHI,0,0,0,0,0,3,9,0,0,0,0,0,0,0,0,0,0,0,0,0,0,0,0.9
00-0034317,K.Kirkwood,Keith Kirkwood,WR,WR,NO,2022,5,REG,SEA,0,0,0,0,0,0,0,0,1,1,4,0,2,0.04,0.01,0,0,0,0,0,0,0,1.4
00-0034348,C.Sutton,Courtland Sutton,WR,WR,DEN,2022,5,REG,IND,0,0,0,0,0,0,0,0,5,11,74,0,148,0.289473684210526,0.404371584699454,0,0,0,0,0,0,0,12.4
00-0034351,D.Goedert,Dallas Goedert,TE,TE,PHI,2022,5,REG,ARI,0,0,0,0,0,0,0,0,8,9,95,0,37,0.264705882352941,0.27007299270073,0,0,0,0,0,0,0,17.5
00-0034364,J.Akins,Jordan Akins,TE,TE,HOU,2022,5,REG,JAX,0,0,0,0,0,0,0,0,2,2,22,0,13,0.0833333333333333,0.0984848484848485,0,0,0,0,0,0,0,4.2
00-0034365,I.Thomas,Ian Thomas,TE,TE,CAR,2022,5,REG,SF,0,0,0,0,0,0,0,0,2,2,8,0,-4,0.05,-0.0115273775216138,0,0,0,0,0,0,0,2.8
00-0034367,N.Hines,Nyheim Miller-Hines,RB,RB,IND,2022,5,REG,DEN,0,0,0,0,0,1,3,0,1,2,5,0,-1,0.0555555555555556,-0.00384615384615385,0,0,0,0,0,0,0,1.8
00-0034383,D.Schultz,Dalton Schultz,TE,TE,DAL,2022,5,REG,LA,0,0,0,0,0,0,0,0,0,1,0,0,5,0.0625,0.0427350427350427,0,0,0,0,0,0,0,0
00-0034386,Ju.Watson,Justin Watson,WR,WR,KC,2022,5,REG,LV,0,0,0,0,0,0,0,0,1,1,10,0,5,0.0238095238095238,0.0182481751824818,0,0,0,0,0,0,0,2
00-0034407,R.McCloud,Ray-Ray McCloud,WR,WR,SF,2022,5,REG,CAR,0,0,0,0,0,0,0,0,0,0,0,0,0,0,0,0,0,0,0,0,0,0,0
00-0034411,R.Gage,Russell Gage,WR,WR,TB,2022,5,REG,ATL,0,0,0,0,0,0,0,0,2,6,20,0,46,0.12,0.12707182320442,0,0,0,0,0,1,0,6
00-0034418,C.Wilson,Cedrick Wilson,WR,WR,MIA,2022,5,REG,NYJ,0,0,0,0,0,0,0,0,2,4,20,0,64,0.125,0.286995515695067,0,0,0,0,0,0,0,4
00-0034419,B.Berrios,Braxton Berrios,WR,WR,NYJ,2022,5,REG,MIA,0,0,0,0,0,1,15,1,1,1,-1,0,-2,0.0476190476190476,-0.0101522842639594,0,0,0,0,0,0,0,8.4
00-0034440,J.Jackson,Justin Jackson,RB,RB,DET,2022,5,REG,NE,0,0,0,0,0,3,14,0,0,1,0,0,31,0.032258064516129,0.106896551724138,0,0,0,0,0,0,0,1.4
00-0034487,T.Sherfield,Trent Sherfield,WR,WR,MIA,2022,5,REG,NYJ,0,0,0,0,0,0,0,0,1,2,5,0,29,0.0625,0.130044843049327,0,0,0,0,0,0,0,1.5
00-0034521,A.Lazard,Allen Lazard,WR,WR,GB,2022,5,REG,NYG,0,0,0,0,0,0,0,0,4,8,35,1,95,0.205128205128205,0.326460481099656,0,0,0,0,0,0,0,13.5
00-0034646,B.Powell,Brandon Powell,WR,WR,LA,2022,5,REG,DAL,0,0,0,0,0,1,1,0,0,0,0,0,0,0,0,0,0,0,0,0,0,0,0.1
00-0034681,C.Edmonds,Chase Edmonds,RB,RB,MIA,2022,5,REG,NYJ,0,0,0,0,0,1,1,0,0,2,0,0,1,0.0625,0.00448430493273543,0,0,0,0,0,0,0,0.1
00-0034750,R.Penny,Rashaad Penny,RB,RB,SEA,2022,5,REG,NO,0,0,0,0,0,8,54,0,0,0,0,0,0,0,0,0,0,0,0,0,0,0,5.4
00-0034753,M.Andrews,Mark Andrews,TE,TE,BAL,2022,5,REG,CIN,0,0,0,0,0,0,0,0,8,10,89,1,64,0.37037037037037,0.216949152542373,0,0,0,0,0,0,0,22.9
00-0034764,M.Gallup,Michael Gallup,WR,WR,DAL,2022,5,REG,LA,0,0,0,0,0,0,0,0,4,5,44,0,41,0.3125,0.35042735042735,0,0,0,0,0,0,0,8.4
00-0034765,T.Smith,Tre'Quan Smith,WR,WR,NO,2022,5,REG,SEA,0,0,0,0,0,0,0,0,1,4,10,0,46,0.16,0.23,0,0,0,0,0,0,0,2
00-0034775,C.Kirk,Christian Kirk,WR,WR,JAX,2022,5,REG,HOU,0,0,0,0,0,0,0,0,1,3,11,0,64,0.0681818181818182,0.140043763676149,0,0,0,0,0,0,0,2.1
00-0034791,N.Chubb,Nick Chubb,RB,RB,CLE,2022,5,REG,LAC,0,0,0,0,0,17,134,2,0,1,0,0,20,0.03125,0.0641025641025641,0,0,0,0,0,0,0,25.4
00-0034796,L.Jackson,Lamar Jackson,QB,QB,BAL,2022,5,REG,CIN,19,32,174,1,1,12,58,0,0,0,0,0,0,0,0,0,0,0,0,0,0,0,14.76
00-0034798,D.Smythe,Durham Smythe,TE,TE,MIA,2022,5,REG,NYJ,0,0,0,0,0,1,1,1,1,1,8,0,6,0.03125,0.0269058295964126,0,0,0,0,0,0,0,7.9
00-0034827,D.Moore,D.J. Moore,WR,WR,CAR,2022,5,REG,SF,0,0,0,0,0,1,8,0,4,8,59,0,139,0.2,0.400576368876081,0,0,0,0,0,0,0,10.7
00-0034829,M.Gesicki,Mike Gesicki,TE,TE,MIA,2022,5,REG,NYJ,0,0,0,0,0,0,0,0,1,2,30,0,31,0.0625,0.139013452914798,0,0,0,0,0,0,0,4
00-0034830,H.Hurst,Hayden Hurst,TE,TE,CIN,2022,5,REG,BAL,0,0,0,0,0,0,0,0,6,7,53,1,36,0.205882352941176,0.3,0,0,0,0,0,0,0,17.3
00-0034844,S.Barkley,Saquon Barkley,RB,RB,NYG,2022,5,REG,GB,0,0,0,0,0,13,70,1,3,6,36,0,21,0.230769230769231,0.151079136690647,0,0,0,0,0,0,0,19.6
00-0034845,S.Michel,Sony Michel,RB,RB,LAC,2022,5,REG,CLE,0,0,0,0,0,1,0,0,0,0,0,0,0,0,0,0,0,0,0,0,0,0,0
00-0034854,K.Hodge,KhaDarel Hodge,WR,WR,ATL,2022,5,REG,TB,0,0,0,0,0,0,0,0,3,5,33,0,35,0.208333333333333,0.154185022026432,0,0,0,0,0,1,0,8.3
00-0034855,B.Mayfield,Baker Mayfield,QB,QB,CAR,2022,5,REG,SF,20,36,215,0,1,0,0,0,0,0,0,0,0,0,0,0,0,0,0,0,0,0,6.6
00-0034857,J.Allen,Josh Allen,QB,QB,BUF,2022,5,REG,PIT,20,31,424,4,1,5,42,0,0,0,0,0,0,0,0,0,0,0,0,0,0,0,35.16
00-0034860,D.Pettis,Dante Pettis,WR,WR,CHI,2022,5,REG,MIN,0,0,0,0,0,0,0,0,0,2,0,0,26,0.0952380952380952,0.15028901734104,0,0,0,0,0,0,0,0
00-0034867,M.Turner,Malik Turner,WR,WR,SF,2022,5,REG,CAR,0,0,0,0,0,0,0,0,0,0,0,0,0,0,0,0,0,0,0,0,0,0,0
00-0034928,S.Sims,Steven Sims,WR,WR,PIT,2022,5,REG,BUF,0,0,0,0,0,0,0,0,0,0,0,0,0,0,0,0,0,0,0,0,0,0,0
00-0034960,J.Meyers,Jakobi Meyers,WR,WR,NE,2022,5,REG,DET,0,0,0,0,0,0,0,0,7,8,111,1,101,0.380952380952381,0.551912568306011,0,0,0,0,0,0,0,24.1
00-0034970,I.Smith,Irv Smith,TE,TE,MIN,2022,5,REG,CHI,0,0,0,0,0,0,0,0,4,5,42,0,21,0.128205128205128,0.116666666666667,0,0,0,0,0,0,0,8.2
00-0034972,A.Mattison,Alexander Mattison,RB,RB,MIN,2022,5,REG,CHI,0,0,0,0,0,9,19,0,3,4,21,0,-2,0.102564102564103,-0.0111111111111111,0,0,0,0,0,0,0,7
00-0034983,H.Renfrow,Hunter Renfrow,WR,WR,LV,2022,5,REG,KC,0,0,0,0,0,0,0,0,4,4,25,0,22,0.148148148148148,0.0714285714285714,0,0,0,0,0,0,0,6.5
00-0035021,A.Dulin,Ashton Dulin,WR,WR,IND,2022,5,REG,DEN,0,0,0,0,0,0,0,0,1,1,18,0,18,0.0277777777777778,0.0692307692307692,0,0,0,0,0,0,0,2.8
00-0035140,M.Hardman,Mecole Hardman,WR,WR,KC,2022,5,REG,LV,0,0,0,0,0,1,7,0,4,5,73,0,61,0.119047619047619,0.222627737226277,0,0,0,0,0,0,0,12
00-0035184,D.Ozigbo,Devine Ozigbo,RB,RB,DEN,2022,5,REG,IND,0,0,0,0,0,1,2,0,0,0,0,0,0,0,0,0,0,0,0,0,0,0,0.2
00-0035208,O.Zaccheaus,Olamide Zaccheaus,WR,WR,ATL,2022,5,REG,TB,0,0,0,0,0,0,0,0,2,4,39,1,39,0.166666666666667,0.171806167400881,0,0,0,0,0,0,0,11.9
00-0035215,D.Harty,Deonte Harty,WR,WR,NO,2022,5,REG,SEA,0,0,0,0,0,0,0,0,0,0,0,0,0,0,0,0,0,0,0,0,0,0,0
00-0035216,D.Johnson,Diontae Johnson,WR,WR,PIT,2022,5,REG,BUF,0,0,0,0,0,0,0,0,5,13,60,0,155,0.254901960784314,0.426997245179063,0,0,0,0,0,0,0,11
00-0035222,Z.Gentry,Zach Gentry,TE,TE,PIT,2022,5,REG,BUF,0,0,0,0,0,0,0,0,5,6,43,0,20,0.117647058823529,0.0550964187327824,0,0,0,0,0,0,0,9.3
00-0035228,K.Murray,Kyler Murray,QB,QB,ARI,2022,5,REG,PHI,28,42,250,1,1,4,42,0,0,0,0,0,0,0,0,0,0,0,0,0,0,0,16.2
00-0035229,T.Hockenson,T.J. Hockenson,TE,TE,DET,2022,5,REG,NE,0,0,0,0,0,0,0,0,1,4,6,0,46,0.129032258064516,0.158620689655172,0,0,0,0,0,0,0,1.6
00-0035243,M.Sanders,Miles Sanders,RB,RB,PHI,2022,5,REG,ARI,0,0,0,0,0,15,58,0,2,3,6,0,2,0.0882352941176471,0.0145985401459854,0,0,0,0,0,0,0,8.4
00-0035249,J.Oliver,Josh Oliver,TE,TE,BAL,2022,5,REG,CIN,0,0,0,0,0,0,0,0,0,1,0,0,-4,0.037037037037037,-0.0135593220338983,0,0,0,0,0,0,0,0
00-0035250,D.Singletary,Devin Singletary,RB,RB,BUF,2022,5,REG,PIT,0,0,0,0,0,6,42,0,1,2,4,0,5,0.0555555555555556,0.0110619469026549,0,0,0,0,0,0,0,5.6
00-0035261,T.Pollard,Tony Pollard,RB,RB,DAL,2022,5,REG,LA,0,0,0,0,0,8,86,1,0,0,0,0,0,0,0,0,0,0,0,0,0,0,14.6
00-0035298,S.Miller,Scott Miller,WR,WR,TB,2022,5,REG,ATL,0,0,0,0,0,0,0,0,4,7,35,0,126,0.14,0.348066298342541,0,0,0,0,0,0,0,7.5
00-0035311,M.Gaskin,Myles Gaskin,RB,RB,MIA,2022,5,REG,NYJ,0,0,0,0,0,4,9,0,3,5,24,0,14,0.15625,0.062780269058296,0,0,0,0,0,0,0,6.3
00-0035329,D.Parham,Donald Parham,TE,TE,LAC,2022,5,REG,CLE,0,0,0,0,0,0,0,0,0,1,0,0,9,0.0303030303030303,0.0508474576271187,0,0,0,0,0,0,0,0
00-0035345,C.Myarick,Chris Myarick,TE,TE,NYG,2022,5,REG,GB,0,0,0,0,0,0,0,0,1,1,4,0,-2,0.0384615384615385,-0.0143884892086331,0,0,0,0,0,0,0,1.4
00-0035359,D.Sills,David Sills,WR,WR,NYG,2022,5,REG,GB,0,0,0,0,0,0,0,0,2,2,12,0,2,0.0769230769230769,0.0143884892086331,0,0,0,0,0,0,0,3.2
00-0035399,S.Morgan,Stanley Morgan,WR,WR,CIN,2022,5,REG,BAL,0,0,0,0,0,0,0,0,0,1,0,0,0,0.0294117647058824,0,0,0,0,0,0,0,0,0
00-0035406,L.Humphrey,Lil'Jordan Humphrey,WR,WR,NE,2022,5,REG,DET,0,0,0,0,0,0,0,0,0,0,0,0,0,0,0,0,0,0,0,0,0,0,0
00-0035500,G.Dortch,Greg Dortch,WR,WR,ARI,2022,5,REG,PHI,0,0,0,0,0,0,0,0,0,0,0,0,0,0,0,0,0,0,0,0,0,0,0
00-0035510,J.Smith,Jeff Smith,WR,WR,NYJ,2022,5,REG,MIA,0,0,0,0,0,0,0,0,1,1,11,0,3,0.0476190476190476,0.0152284263959391,0,0,0,0,0,0,0,2.1
00-0035535,D.Slayton,Darius Slayton,WR,WR,NYG,2022,5,REG,GB,0,0,0,0,0,0,0,0,6,7,79,0,73,0.269230769230769,0.525179856115108,0,0,0,0,0,0,0,13.9
00-0035537,T.Johnson,Ty Johnson,RB,RB,NYJ,2022,5,REG,MIA,0,0,0,0,0,0,0,0,0,0,0,0,0,0,0,0,0,0,0,0,0,0,0
00-0035562,J.Horsted,Jesper Horsted,TE,TE,LV,2022,5,REG,KC,0,0,0,0,0,0,0,0,3,3,19,0,13,0.111111111111111,0.0422077922077922,0,0,0,0,0,0,0,4.9
00-0035567,C.Reynolds,Craig Reynolds,RB,RB,DET,2022,5,REG,NE,0,0,0,0,0,6,24,0,3,3,68,0,6,0.0967741935483871,0.0206896551724138,0,0,0,0,0,0,0,12.2
00-0035572,P.Hesse,Parker Hesse,TE,TE,ATL,2022,5,REG,TB,0,0,0,0,0,0,0,0,1,1,9,0,6,0.0416666666666667,0.026431718061674,0,0,0,0,0,0,0,1.9
00-0035639,P.Campbell,Parris Campbell,WR,WR,IND,2022,5,REG,DEN,0,0,0,0,0,0,0,0,2,3,22,0,18,0.0833333333333333,0.0692307692307692,0,0,0,0,0,0,0,4.2
00-0035640,D.Metcalf,DK Metcalf,WR,WR,SEA,2022,5,REG,NO,0,0,0,0,0,0,0,0,5,8,88,1,95,0.333333333333333,0.316666666666667,0,0,1,0,0,0,0,17.8
00-0035644,N.Fant,Noah Fant,TE,TE,SEA,2022,5,REG,NO,0,0,0,0,0,0,0,0,3,5,49,0,52,0.208333333333333,0.173333333333333,0,0,0,0,0,0,0,7.9
00-0035657,D.Harris,Damien Harris,RB,RB,NE,2022,5,REG,DET,0,0,0,0,0,4,11,0,1,1,1,0,-5,0.0476190476190476,-0.0273224043715847,0,0,0,0,0,0,0,2.2
00-0035659,T.McLaurin,Terry McLaurin,WR,WR,WAS,2022,5,REG,TEN,0,0,0,0,0,0,0,0,5,6,76,0,60,0.162162162162162,0.170940170940171,0,0,0,0,0,0,0,12.6
00-0035662,M.Brown,Marquise Brown,WR,WR,ARI,2022,5,REG,PHI,0,0,0,0,0,0,0,0,8,10,78,1,98,0.263157894736842,0.334470989761092,0,0,0,0,0,0,0,21.8
00-0035664,D.Henderson,Darrell Henderson,RB,RB,LA,2022,5,REG,DAL,0,0,0,0,0,0,0,0,4,5,30,0,29,0.119047619047619,0.0821529745042493,0,0,0,0,0,0,0,7
00-0035676,A.Brown,A.J. Brown,WR,WR,PHI,2022,5,REG,ARI,0,0,0,0,0,0,0,0,3,7,32,0,48,0.205882352941176,0.35036496350365,0,0,0,0,0,0,0,6.2
00-0035685,D.Montgomery,David Montgomery,RB,RB,CHI,2022,5,REG,MIN,0,0,0,0,0,12,20,1,4,4,62,0,1,0.19047619047619,0.00578034682080925,0,0,0,0,0,0,0,18.2
00-0035700,J.Jacobs,Josh Jacobs,RB,RB,LV,2022,5,REG,KC,0,0,0,0,0,21,154,1,5,5,39,0,-12,0.185185185185185,-0.038961038961039,0,0,0,0,0,0,0,30.3
00-0035703,M.Boykin,Miles Boykin,WR,WR,PIT,2022,5,REG,BUF,0,0,0,0,0,0,0,0,1,1,11,0,11,0.0196078431372549,0.0303030303030303,0,0,0,0,0,0,0,2.1
00-0035710,D.Jones,Daniel Jones,QB,QB,NYG,2022,5,REG,GB,21,27,217,0,0,10,37,0,0,0,0,0,0,0,0,0,0,0,0,0,0,0,12.38
00-0035719,D.Samuel,Deebo Samuel,WR,WR,SF,2022,5,REG,CAR,0,0,0,0,0,2,12,0,2,9,20,1,73,0.3,0.317391304347826,0,0,0,0,0,0,0,11.2
00-0035806,J.Hasty,Jamycal Hasty,RB,RB,JAX,2022,5,REG,HOU,0,0,0,0,0,1,6,0,0,0,0,0,0,0,0,0,0,0,0,0,0,0,0.6
00-0035831,J.Robinson,James Robinson,RB,RB,JAX,2022,5,REG,HOU,0,0,0,0,0,10,27,0,2,2,12,0,2,0.0454545454545455,0.00437636761487965,0,0,0,0,0,0,0,5.9
00-0035956,G.Ricci,Giovanni Ricci,TE,TE,CAR,2022,5,REG,SF,0,0,0,0,0,0,0,0,3,3,27,0,17,0.075,0.0489913544668588,0,0,0,0,0,0,0,5.7
00-0035976,D.Chisena,Dan Chisena,WR,WR,MIN,2022,5,REG,CHI,0,0,0,0,0,0,0,0,0,0,0,0,0,0,0,0,0,0,0,0,0,0,0
00-0036040,J.Johnson,Juwan Johnson,TE,TE,NO,2022,5,REG,SEA,0,0,0,0,0,0,0,0,1,2,13,0,12,0.08,0.06,0,0,0,0,0,0,0,2.3
00-0036133,J.Proche,James Proche,WR,WR,BAL,2022,5,REG,CIN,0,0,0,0,0,0,0,0,1,2,7,0,11,0.0740740740740741,0.0372881355932203,0,0,0,0,0,0,0,1.7
00-0036158,J.Dobbins,J.K. Dobbins,RB,RB,BAL,2022,5,REG,CIN,0,0,0,0,0,8,44,0,0,0,0,0,0,0,0,0,0,0,0,0,0,0,4.4
00-0036165,I.Hodgins,Isaiah Hodgins,WR,WR,BUF,2022,5,REG,PIT,0,0,0,0,0,0,0,0,4,6,41,0,44,0.166666666666667,0.0973451327433628,0,0,0,0,0,0,0,8.1
00-0036182,N.Westbrook-Ikhine,Nick Westbrook-Ikhine,WR,WR,TEN,2022,5,REG,WAS,0,0,0,0,0,0,0,0,2,3,72,0,115,0.130434782608696,0.504385964912281,0,0,0,0,0,0,0,9.2
00-0036196,G.Davis,Gabe Davis,WR,WR,BUF,2022,5,REG,PIT,0,0,0,0,0,0,0,0,3,6,171,2,159,0.166666666666667,0.351769911504425,0,0,0,0,0,0,0,32.1
00-0036219,M.Callaway,Marquez Callaway,WR,WR,NO,2022,5,REG,SEA,0,0,0,0,0,0,0,0,2,3,5,0,24,0.12,0.12,0,0,0,0,0,0,0,2.5
00-0036232,H.Bryant,Harrison Bryant,TE,TE,CLE,2022,5,REG,LAC,0,0,0,0,0,0,0,0,0,1,0,0,5,0.03125,0.016025641025641,0,0,0,0,0,0,0,0
00-0036233,D.Peoples-Jones,Donovan Peoples-Jones,WR,WR,CLE,2022,5,REG,LAC,0,0,0,0,0,0,0,0,4,7,50,0,92,0.21875,0.294871794871795,0,0,0,0,0,0,0,9
00-0036250,T.Davis,Tyler Davis,TE,TE,GB,2022,5,REG,NYG,0,0,0,0,0,0,0,0,1,2,-3,0,16,0.0512820512820513,0.0549828178694158,0,0,0,0,0,0,0,0.7
00-0036251,Z.Moss,Zack Moss,RB,RB,BUF,2022,5,REG,PIT,0,0,0,0,0,1,7,0,0,0,0,0,0,0,0,0,0,0,0,0,0,0,0.7
00-0036252,M.Pittman,Michael Pittman,WR,WR,IND,2022,5,REG,DEN,0,0,0,0,0,0,0,0,5,8,59,0,65,0.222222222222222,0.25,0,0,0,0,0,0,0,10.9
00-0036259,J.Jennings,Jauan Jennings,WR,WR,SF,2022,5,REG,CAR,0,0,0,0,0,0,0,0,2,2,45,0,11,0.0666666666666667,0.0478260869565217,0,0,0,0,0,0,0,6.5
00-0036261,B.Aiyuk,Brandon Aiyuk,WR,WR,SF,2022,5,REG,CAR,0,0,0,0,0,0,0,0,3,4,58,0,53,0.133333333333333,0.230434782608696,0,0,0,0,0,0,0,8.8
00-0036265,A.Dillon,A.J. Dillon,RB,RB,GB,2022,5,REG,NYG,0,0,0,0,0,6,34,0,0,0,0,0,0,0,0,0,0,0,0,0,0,0,3.4
00-0036271,Q.Watkins,Quez Watkins,WR,WR,PHI,2022,5,REG,ARI,0,0,0,0,0,0,0,0,3,4,19,0,3,0.117647058823529,0.0218978102189781,0,0,0,0,0,0,0,4.9
00-0036290,C.Kmet,Cole Kmet,TE,TE,CHI,2022,5,REG,MIN,0,0,0,0,0,0,0,0,4,4,45,0,24,0.19047619047619,0.138728323699422,0,0,0,0,0,0,0,8.5
00-0036309,D.Mooney,Darnell Mooney,WR,WR,CHI,2022,5,REG,MIN,0,0,0,0,0,0,0,0,2,5,52,0,99,0.238095238095238,0.572254335260116,0,0,0,0,0,0,0,7.2
00-0036322,J.Jefferson,Justin Jefferson,WR,WR,MIN,2022,5,REG,CHI,1,1,23,0,0,0,0,0,12,13,154,0,92,0.333333333333333,0.511111111111111,0,0,0,0,0,1,0,30.32
00-0036326,C.Claypool,Chase Claypool,WR,WR,PIT,2022,5,REG,BUF,0,0,0,0,0,0,0,0,5,9,50,0,67,0.176470588235294,0.184573002754821,0,0,0,0,0,0,0,10
00-0036328,A.Gibson,Antonio Gibson,RB,RB,WAS,2022,5,REG,TEN,0,0,0,0,0,3,6,0,3,4,33,0,11,0.108108108108108,0.0313390313390313,0,0,0,0,0,0,0,6.9
00-0036331,D.Duvernay,Devin Duvernay,WR,WR,BAL,2022,5,REG,CIN,0,0,0,0,0,3,24,0,5,7,54,0,111,0.259259259259259,0.376271186440678,0,0,0,0,0,0,0,12.8
00-0036332,J.Deguara,Josiah Deguara,TE,TE,GB,2022,5,REG,NYG,0,0,0,0,0,0,0,0,2,2,19,0,2,0.0512820512820513,0.00687285223367698,0,0,0,0,0,0,0,3.9
00-0036345,K.Osborn,K.J. Osborn,WR,WR,MIN,2022,5,REG,CHI,0,0,0,0,0,0,0,0,5,5,41,0,30,0.128205128205128,0.166666666666667,0,0,0,0,0,0,0,9.1
00-0036355,J.Herbert,Justin Herbert,QB,QB,LAC,2022,5,REG,CLE,22,34,228,1,0,5,13,0,0,0,0,0,0,0,0,0,0,0,0,0,0,0,14.42
00-0036358,C.Lamb,CeeDee Lamb,WR,WR,DAL,2022,5,REG,LA,0,0,0,0,0,0,0,0,5,8,53,0,61,0.5,0.521367521367521,0,0,0,0,0,0,0,10.3
00-0036360,C.Edwards-Helaire,Clyde Edwards-Helaire,RB,RB,KC,2022,5,REG,LV,0,0,0,0,0,9,15,0,3,4,20,0,9,0.0952380952380952,0.0328467153284672,0,0,0,0,0,0,0,6.5
00-0036365,B.Edwards,Bryan Edwards,WR,WR,ATL,2022,5,REG,TB,0,0,0,0,0,0,0,0,1,1,10,0,5,0.0416666666666667,0.0220264317180617,0,0,0,0,0,0,0,2
00-0036370,J.Kelley,Joshua Kelley,RB,RB,LAC,2022,5,REG,CLE,0,0,0,0,0,10,49,1,2,2,33,0,-1,0.0606060606060606,-0.00564971751412429,0,0,0,0,0,0,0,16.2
00-0036383,E.Benjamin,Eno Benjamin,RB,RB,ARI,2022,5,REG,PHI,0,0,0,0,0,8,25,1,3,4,28,0,-1,0.105263157894737,-0.00341296928327645,0,0,0,0,0,0,0,14.3
00-0036387,J.Reagor,Jalen Reagor,WR,WR,MIN,2022,5,REG,CHI,0,0,0,0,0,0,0,0,1,1,1,1,-3,0.0256410256410256,-0.0166666666666667,0,0,0,0,0,0,0,7.1
00-0036389,J.Hurts,Jalen Hurts,QB,QB,PHI,2022,5,REG,ARI,26,36,239,0,0,15,61,2,0,0,0,0,0,0,0,0,0,0,0,0,0,0,27.66
00-0036407,J.Jeudy,Jerry Jeudy,WR,WR,DEN,2022,5,REG,IND,0,0,0,0,0,0,0,0,3,8,53,0,109,0.210526315789474,0.297814207650273,0,0,0,0,0,0,0,8.3
00-0036412,K.Hamler,K.J. Hamler,WR,WR,DEN,2022,5,REG,IND,0,0,0,0,0,0,0,0,1,2,10,0,37,0.0526315789473684,0.101092896174863,0,0,0,0,0,0,0,2
00-0036414,C.Akers,Cam Akers,RB,RB,LA,2022,5,REG,DAL,0,0,0,0,0,13,33,0,0,1,0,0,25,0.0238095238095238,0.0708215297450425,0,0,0,0,0,0,0,3.3
00-0036422,A.Trautman,Adam Trautman,TE,TE,NO,2022,5,REG,SEA,0,0,0,0,0,0,0,0,2,3,32,1,40,0.12,0.2,0,0,0,0,0,0,0,11.2
00-0036423,A.Okwuegbunam,Albert Okwuegbunam,TE,TE,DEN,2022,5,REG,IND,0,0,0,0,0,0,0,0,1,1,5,0,-2,0.0263157894736842,-0.00546448087431694,0,0,0,0,0,0,0,1.5
00-0036425,D.Dallas,DeeJay Dallas,RB,RB,SEA,2022,5,REG,NO,0,0,0,0,0,1,4,0,1,1,6,0,-3,0.0416666666666667,-0.01,0,0,0,0,0,0,0,2
00-0036429,C.Woerner,Charlie Woerner,TE,TE,SF,2022,5,REG,CAR,0,0,0,0,0,0,0,0,0,0,0,0,0,0,0,0,0,0,0,0,0,0,0
00-0036439,T.Cleveland,Tyrie Cleveland,WR,WR,DEN,2022,5,REG,IND,0,0,0,0,0,0,0,0,0,1,0,0,13,0.0263157894736842,0.0355191256830601,0,0,0,0,0,0,0,0
00-0036442,J.Burrow,Joe Burrow,QB,QB,CIN,2022,5,REG,BAL,24,35,217,1,1,3,6,1,0,0,0,0,0,0,0,0,0,0,0,0,0,0,17.28
00-0036493,D.Jackson,Deon Jackson,RB,RB,IND,2022,5,REG,DEN,0,0,0,0,0,13,62,0,4,4,29,0,-2,0.111111111111111,-0.00769230769230769,0,0,0,0,0,0,0,13.1
00-0036554,N.Collins,Nico Collins,WR,WR,HOU,2022,5,REG,JAX,0,0,0,0,0,0,0,0,4,6,65,0,80,0.25,0.606060606060606,0,0,0,0,0,0,0,10.5
00-0036569,G.Brightwell,Gary Brightwell,RB,RB,NYG,2022,5,REG,GB,0,0,0,0,0,2,5,1,0,0,0,0,0,0,0,0,0,0,0,0,0,0,6.5
00-0036572,S.Smith,Shi Smith,WR,WR,CAR,2022,5,REG,SF,0,0,0,0,0,0,0,0,4,5,69,0,68,0.125,0.195965417867435,0,0,0,0,0,0,0,10.9
00-0036590,Q.Morris,Quintin Morris,TE,TE,BUF,2022,5,REG,PIT,0,0,0,0,0,0,0,0,3,5,39,0,36,0.138888888888889,0.079646017699115,0,0,1,0,0,0,0,4.9
00-0036613,J.Waddle,Jaylen Waddle,WR,WR,MIA,2022,5,REG,NYJ,0,0,0,0,0,0,0,0,3,4,23,0,15,0.125,0.0672645739910314,0,0,0,0,0,0,0,5.3
00-0036620,D.Eskridge,D'Wayne Eskridge,WR,WR,SEA,2022,5,REG,NO,0,0,0,0,0,0,0,0,0,1,0,0,13,0.0416666666666667,0.0433333333333333,0,0,0,0,0,0,0,0
00-0036626,D.Brown,Dyami Brown,WR,WR,WAS,2022,5,REG,TEN,0,0,0,0,0,0,0,0,2,4,105,2,133,0.108108108108108,0.378917378917379,0,0,0,0,0,0,0,24.5
00-0036627,D.Fitzpatrick,Dez Fitzpatrick,WR,WR,TEN,2022,5,REG,WAS,0,0,0,0,0,0,0,0,0,0,0,0,0,0,0,0,0,0,0,0,0,0,0
00-0036628,J.Bates,John Bates,TE,TE,WAS,2022,5,REG,TEN,0,0,0,0,0,0,0,0,3,3,39,0,25,0.0810810810810811,0.0712250712250712,0,0,0,0,0,0,0,6.9
00-0036630,T.Wallace,Tylan Wallace,WR,WR,BAL,2022,5,REG,CIN,0,0,0,0,0,0,0,0,1,2,8,0,42,0.0740740740740741,0.142372881355932,0,0,0,0,0,0,0,1.8
00-0036635,I.Smith-Marsette,Ihmir Smith-Marsette,WR,WR,CHI,2022,5,REG,MIN,0,0,0,0,0,0,0,0,1,2,15,0,11,0.0952380952380952,0.0635838150289017,0,0,1,0,0,0,0,0.5
00-0036637,N.Gray,Noah Gray,TE,TE,KC,2022,5,REG,LV,0,0,0,0,0,0,0,0,1,2,7,0,4,0.0476190476190476,0.0145985401459854,0,0,0,0,0,0,0,1.7
00-0036671,D.Milne,Dax Milne,WR,WR,WAS,2022,5,REG,TEN,0,0,0,0,0,0,0,0,0,0,0,0,0,0,0,0,0,0,0,0,0,0,0
00-0036825,F.Franks,Feleipe Franks,TE,TE,ATL,2022,5,REG,TB,0,0,0,0,0,0,0,0,0,2,0,0,56,0.0833333333333333,0.246696035242291,0,0,0,0,0,0,0,0
00-0036829,C.Huntley,Caleb Huntley,RB,RB,ATL,2022,5,REG,TB,0,0,0,0,0,8,34,0,0,0,0,0,0,0,0,0,0,0,0,0,0,0,3.4
00-0036842,K.Nwangwu,Kene Nwangwu,RB,RB,MIN,2022,5,REG,CHI,0,0,0,0,0,0,0,0,0,0,0,0,0,0,0,0,0,0,0,0,0,0,0
00-0036849,T.Atwell,Tutu Atwell,WR,WR,LA,2022,5,REG,DAL,0,0,0,0,0,0,0,0,1,2,54,0,96,0.0476190476190476,0.271954674220963,0,0,0,0,0,0,0,6.4
00-0036857,C.Evans,Chris Evans,RB,RB,CIN,2022,5,REG,BAL,0,0,0,0,0,0,0,0,0,0,0,0,0,0,0,0,0,0,0,0,0,0,0
00-0036862,B.Skowronek,Ben Skowronek,WR,WR,LA,2022,5,REG,DAL,0,0,0,0,0,0,0,0,6,8,41,0,34,0.19047619047619,0.0963172804532578,0,0,0,0,0,0,0,10.1
00-0036875,R.Stevenson,Rhamondre Stevenson,RB,RB,NE,2022,5,REG,DET,0,0,0,0,0,25,161,0,2,2,14,0,-8,0.0952380952380952,-0.0437158469945355,0,0,0,0,0,0,0,19.5
00-0036876,K.Granson,Kylen Granson,TE,TE,IND,2022,5,REG,DEN,0,0,0,0,0,0,0,0,1,3,16,0,19,0.0833333333333333,0.0730769230769231,0,0,0,0,0,0,0,2.6
00-0036877,J.Darden,Jaelon Darden,WR,WR,TB,2022,5,REG,ATL,0,0,0,0,0,0,0,0,0,0,0,0,0,0,0,0,0,0,0,0,0,0,0
00-0036893,N.Harris,Najee Harris,RB,RB,PIT,2022,5,REG,BUF,0,0,0,0,0,11,20,0,3,4,16,0,3,0.0784313725490196,0.00826446280991736,0,0,0,0,0,0,0,6.6
00-0036894,P.Freiermuth,Pat Freiermuth,TE,TE,PIT,2022,5,REG,BUF,0,0,0,0,0,0,0,0,2,2,12,0,8,0.0392156862745098,0.0220385674931129,0,0,0,0,0,0,0,3.2
00-0036898,D.Mills,Davis Mills,QB,QB,HOU,2022,5,REG,JAX,16,24,140,0,0,2,2,0,0,0,0,0,0,0,0,0,0,0,0,0,0,0,5.8
00-0036900,J.Chase,Ja'Marr Chase,WR,WR,CIN,2022,5,REG,BAL,0,0,0,0,0,1,0,0,7,12,50,0,50,0.352941176470588,0.416666666666667,0,0,0,0,0,0,0,12
00-0036906,K.Herbert,Khalil Herbert,RB,RB,CHI,2022,5,REG,MIN,0,0,0,0,0,4,11,0,0,0,0,0,0,0,0,0,0,0,0,0,0,0,1.1
00-0036912,D.Smith,DeVonta Smith,WR,WR,PHI,2022,5,REG,ARI,0,0,0,0,0,0,0,0,10,11,87,0,34,0.323529411764706,0.248175182481752,0,0,0,0,0,0,0,18.7
00-0036919,K.Gainwell,Kenneth Gainwell,RB,RB,PHI,2022,5,REG,ARI,0,0,0,0,0,3,20,0,0,0,0,0,0,0,0,0,0,0,0,0,0,0,2
00-0036924,Mi.Carter,Michael Carter,RB,RB,NYJ,2022,5,REG,MIA,0,0,0,0,0,10,21,2,2,2,12,0,-1,0.0952380952380952,-0.0050761421319797,0,0,0,0,0,0,0,17.3
00-0036936,R.Moore,Rondale Moore,WR,WR,ARI,2022,5,REG,PHI,0,0,0,0,0,2,-7,0,7,8,68,0,18,0.210526315789474,0.0614334470989761,0,0,0,0,0,0,0,13.1
00-0036945,J.Fields,Justin Fields,QB,QB,CHI,2022,5,REG,MIN,15,21,208,1,0,8,47,0,0,0,0,0,0,0,0,0,0,0,0,0,0,0,17.02
00-0036950,A.Williams,Avery Williams,RB,RB,ATL,2022,5,REG,TB,0,0,0,0,0,3,11,1,2,2,10,0,-5,0.0833333333333333,-0.0220264317180617,0,0,0,0,0,0,0,10.1
00-0036955,T.Marshall,Terrace Marshall,WR,WR,CAR,2022,5,REG,SF,0,0,0,0,0,0,0,0,4,4,30,0,22,0.1,0.0634005763688761,0,0,0,0,0,0,0,7
00-0036963,A.St. Brown,Amon-Ra St. Brown,WR,WR,DET,2022,5,REG,NE,0,0,0,0,0,0,0,0,4,6,18,0,23,0.193548387096774,0.0793103448275862,0,0,0,0,0,0,0,5.8
00-0036971,T.Lawrence,Trevor Lawrence,QB,QB,JAX,2022,5,REG,HOU,25,47,286,0,2,4,29,0,0,0,0,0,0,0,0,0,0,0,0,0,0,0,10.34
00-0036973,T.Etienne,Travis Etienne,RB,RB,JAX,2022,5,REG,HOU,0,0,0,0,0,10,71,0,3,5,43,0,11,0.113636363636364,0.0240700218818381,0,0,0,0,0,0,0,14.4
00-0036980,E.Moore,Elijah Moore,WR,WR,NYJ,2022,5,REG,MIA,0,0,0,0,0,0,0,0,1,4,11,0,69,0.19047619047619,0.350253807106599,0,0,0,0,0,0,0,2.1
00-0036988,J.Palmer,Josh Palmer,WR,WR,LAC,2022,5,REG,CLE,0,0,0,0,0,0,0,0,3,6,24,0,44,0.181818181818182,0.248587570621469,0,0,0,0,0,0,0,5.4
00-0036991,Am.Rodgers,Amari Rodgers,WR,WR,GB,2022,5,REG,NYG,0,0,0,0,0,0,0,0,0,0,0,0,0,0,0,0,0,0,0,0,0,0,0
00-0036999,A.Schwartz,Anthony Schwartz,WR,WR,CLE,2022,5,REG,LAC,0,0,0,0,0,0,0,0,0,1,0,0,10,0.03125,0.0320512820512821,0,0,0,0,0,0,0,0
00-0037005,T.Tremble,Tommy Tremble,TE,TE,CAR,2022,5,REG,SF,0,0,0,0,0,0,0,0,0,1,0,0,8,0.025,0.0230547550432277,0,0,0,0,0,0,0,0
00-0037011,T.McKitty,Tre' McKitty,TE,TE,LAC,2022,5,REG,CLE,0,0,0,0,0,0,0,0,0,2,0,0,0,0.0606060606060606,0,0,0,0,0,0,0,0,0
00-0037013,Z.Wilson,Zach Wilson,QB,QB,NYJ,2022,5,REG,MIA,14,21,210,0,0,4,2,1,0,0,0,0,0,0,0,0,0,0,0,0,0,0,14.6
00-0037078,C.Turner,Cole Turner,TE,TE,WAS,2022,5,REG,TEN,0,0,0,0,0,0,0,0,0,3,0,0,21,0.0810810810810811,0.0598290598290598,0,0,0,0,0,0,0,0
00-0037132,B.Covey,Britain Covey,WR,WR,PHI,2022,5,REG,ARI,0,0,0,0,0,0,0,0,0,0,0,0,0,0,0,0,0,0,0,0,0,0,0
00-0037168,A.Rogers,Armani Rogers,TE,TE,WAS,2022,5,REG,TEN,0,0,0,0,0,0,0,0,0,0,0,0,0,0,0,0,0,0,0,0,0,0,0
00-0037197,I.Pacheco,Isiah Pacheco,RB,RB,KC,2022,5,REG,LV,0,0,0,0,0,1,0,0,0,0,0,0,0,0,0,0,0,0,0,0,0,0,0
00-0037228,J.Warren,Jaylen Warren,RB,RB,PIT,2022,5,REG,BUF,0,0,0,0,0,5,24,0,4,5,39,0,1,0.0980392156862745,0.00275482093663912,0,0,0,0,0,0,0,10.3
00-0037238,D.London,Drake London,WR,WR,ATL,2022,5,REG,TB,0,0,0,0,0,0,0,0,4,7,35,0,58,0.291666666666667,0.255506607929515,0,0,0,0,0,0,0,7.5
00-0037239,C.Olave,Chris Olave,WR,WR,NO,2022,5,REG,SEA,0,0,0,0,0,0,0,0,4,6,54,1,71,0.24,0.355,0,0,0,0,0,0,0,15.4
00-0037247,G.Pickens,George Pickens,WR,WR,PIT,2022,5,REG,BUF,0,0,0,0,0,0,0,0,6,8,83,0,89,0.156862745098039,0.245179063360882,0,0,0,0,0,0,0,14.3
00-0037248,J.Cook,James Cook,RB,RB,BUF,2022,5,REG,PIT,0,0,0,0,0,4,31,1,0,0,0,0,0,0,0,0,0,0,0,0,0,0,9.1
00-0037256,R.White,Rachaad White,RB,RB,TB,2022,5,REG,ATL,0,0,0,0,0,5,14,0,3,4,28,0,5,0.08,0.0138121546961326,0,0,0,0,0,0,0,7.2
00-0037257,Dav.Bell,David Bell,WR,WR,CLE,2022,5,REG,LAC,0,0,0,0,0,0,0,0,1,1,6,0,6,0.03125,0.0192307692307692,0,0,0,0,0,0,0,1.6
00-0037258,D.Pierce,Dameon Pierce,RB,RB,HOU,2022,5,REG,JAX,0,0,0,0,0,26,99,1,3,5,14,0,5,0.208333333333333,0.0378787878787879,0,0,0,0,0,0,0,20.3
00-0037261,K.Shakir,Khalil Shakir,WR,WR,BUF,2022,5,REG,PIT,0,0,0,0,0,0,0,0,3,5,75,1,83,0.138888888888889,0.183628318584071,0,0,0,0,0,0,0,16.5
00-0037263,T.Allgeier,Tyler Allgeier,RB,RB,ATL,2022,5,REG,TB,0,0,0,0,0,13,45,0,0,0,0,0,0,0,0,0,0,0,0,0,0,0,4.5
00-0037272,M.Washington,Montrell Washington,WR,WR,DEN,2022,5,REG,IND,0,0,0,0,0,1,9,0,0,0,0,0,0,0,0,0,0,0,0,0,0,0,0.9
00-0037273,K.Philips,Kyle Philips,WR,WR,TEN,2022,5,REG,WAS,0,0,0,0,0,0,0,0,1,2,7,0,14,0.0869565217391304,0.0614035087719298,0,0,0,0,0,0,0,1.7
00-0037276,T.Chandler,Ty Chandler,RB,RB,MIN,2022,5,REG,CHI,0,0,0,0,0,0,0,0,0,0,0,0,0,0,0,0,0,0,0,0,0,0,0
00-0037304,Co.Heyward,Connor Heyward,TE,TE,PIT,2022,5,REG,BUF,0,0,0,0,0,0,0,0,2,2,12,0,10,0.0392156862745098,0.0275482093663912,0,0,0,0,0,0,0,3.2
00-0037311,K.Kieft,Ko Kieft,TE,TE,TB,2022,5,REG,ATL,0,0,0,0,0,0,0,0,0,0,0,0,0,0,0,0,0,0,0,0,0,0,0
00-0037327,S.Thompson,Skylar Thompson,QB,QB,MIA,2022,5,REG,NYJ,19,33,166,0,1,0,0,0,0,0,0,0,0,0,0,1,0,0,0,0,0,0,2.64
00-0037331,Z.Horvath,Zander Horvath,RB,RB,LAC,2022,5,REG,CLE,0,0,0,0,0,2,3,0,0,0,0,0,0,0,0,0,0,0,0,0,0,0,0.3
00-0037348,T.Conner,Tanner Conner,WR,WR,MIA,2022,5,REG,NYJ,0,0,0,0,0,0,0,0,0,1,0,0,8,0.03125,0.0358744394618834,0,0,0,0,0,0,0,0
00-0037429,R.Blackshear,Raheem Blackshear,RB,RB,CAR,2022,5,REG,SF,0,0,0,0,0,0,0,0,0,0,0,0,0,0,0,0,0,0,0,0,0,0,0
00-0037525,J.Mason,Jordan Mason,RB,RB,SF,2022,5,REG,CAR,0,0,0,0,0,0,0,0,0,0,0,0,0,0,0,0,0,0,0,0,0,0,0
00-0037569,P.Hendershot,Peyton Hendershot,TE,TE,DAL,2022,5,REG,LA,0,0,0,0,0,0,0,0,0,0,0,0,0,0,0,0,0,0,0,0,0,0,0
00-0037617,H.Haskins,Hassan Haskins,RB,RB,TEN,2022,5,REG,WAS,0,0,0,0,0,0,0,0,0,0,0,0,0,0,0,0,0,0,0,0,0,0,0
00-0037664,A.Pierce,Alec Pierce,WR,WR,IND,2022,5,REG,DEN,0,0,0,0,0,0,0,0,8,9,81,0,73,0.25,0.280769230769231,0,0,0,0,0,0,0,16.1
00-0037708,M.Alexander,Maurice Alexander,WR,WR,DET,2022,5,REG,NE,0,0,0,0,0,0,0,0,0,0,0,0,0,0,0,0,0,0,0,0,0,0,0
00-0037740,G.Wilson,Garrett Wilson,WR,WR,NYJ,2022,5,REG,MIA,0,0,0,0,0,0,0,0,3,4,27,0,20,0.19047619047619,0.101522842639594,0,0,0,0,0,0,0,5.7
00-0037745,V.Jones,Velus Jones,RB,RB,CHI,2022,5,REG,MIN,0,0,0,0,0,0,0,0,1,1,9,1,-5,0.0476190476190476,-0.0289017341040462,0,0,0,0,0,0,0,7.9
00-0037746,B.Robinson,Brian Robinson,RB,RB,WAS,2022,5,REG,TEN,0,0,0,0,0,9,22,0,0,0,0,0,0,0,0,0,0,0,0,0,0,0,2.2
00-0037755,J.Woods,Jelani Woods,TE,TE,IND,2022,5,REG,DEN,0,0,0,0,0,0,0,0,0,1,0,0,36,0.0277777777777778,0.138461538461538,0,0,0,0,0,0,0,0
00-0037801,K.Turpin,Kavontae Turpin,WR,WR,DAL,2022,5,REG,LA,0,0,0,0,0,0,0,0,0,0,0,0,0,0,0,0,0,0,0,0,0,0,0
00-0037809,C.Okonkwo,Chigoziem Okonkwo,TE,TE,TEN,2022,5,REG,WAS,0,0,0,0,0,0,0,0,0,1,0,0,12,0.0434782608695652,0.0526315789473684,0,0,0,0,0,0,0,0
00-0037816,R.Doubs,Romeo Doubs,WR,WR,GB,2022,5,REG,NYG,0,0,0,0,0,0,0,0,3,5,29,0,63,0.128205128205128,0.216494845360825,0,0,0,0,0,0,0,5.9
00-0037828,D.Gray,Danny Gray,WR,WR,SF,2022,5,REG,CAR,0,0,0,0,0,0,0,0,0,2,0,0,45,0.0666666666666667,0.195652173913043,0,0,0,0,0,0,0,0
00-0037834,B.Purdy,Brock Purdy,QB,QB,SF,2022,5,REG,CAR,0,0,0,0,0,1,-1,0,0,0,0,0,0,0,0,0,0,0,0,0,0,0,-0.1
00-0037838,I.Likely,Isaiah Likely,TE,TE,BAL,2022,5,REG,CIN,0,0,0,0,0,0,0,0,2,2,7,0,-1,0.0740740740740741,-0.00338983050847458,0,0,0,0,0,0,0,2.7
00-0038040,Z.White,Zamir White,RB,RB,LV,2022,5,REG,KC,0,0,0,0,0,1,-7,0,0,0,0,0,0,0,0,0,0,0,0,0,0,0,-0.7
00-0038090,S.Moore,Skyy Moore,WR,WR,KC,2022,5,REG,LV,0,0,0,0,0,0,0,0,2,3,15,0,-6,0.0714285714285714,-0.0218978102189781,0,0,0,0,0,0,0,3.5
00-0038102,K.Pickett,Kenny Pickett,QB,QB,PIT,2022,5,REG,BUF,34,52,327,0,1,1,10,0,0,0,0,0,0,0,0,0,0,0,0,0,0,0,12.08
00-0038104,T.Thornton,Tyquan Thornton,WR,WR,NE,2022,5,REG,DET,0,0,0,0,0,0,0,0,2,3,7,0,46,0.142857142857143,0.251366120218579,0,0,0,0,0,0,0,2.7
00-0038108,B.Zappe,Bailey Zappe,QB,QB,NE,2022,5,REG,DET,17,21,188,1,1,5,5,0,0,0,0,0,0,0,0,0,0,0,0,0,0,0,10.02
00-0038115,D.Bellinger,Daniel Bellinger,TE,TE,NYG,2022,5,REG,GB,0,0,0,0,0,1,2,1,2,3,22,0,8,0.115384615384615,0.0575539568345324,0,0,0,0,0,0,0,10.4
00-0038120,Br.Hall,Breece Hall,RB,RB,NYJ,2022,5,REG,MIA,0,0,0,0,0,18,97,1,2,2,100,0,17,0.0952380952380952,0.0862944162436548,0,0,0,0,0,0,0,27.7
00-0038124,C.Watson,Christian Watson,WR,WR,GB,2022,5,REG,NYG,0,0,0,0,0,1,-3,0,1,1,1,0,-4,0.0256410256410256,-0.013745704467354,0,0,0,0,0,0,0,0.8
00-0038129,C.Otton,Cade Otton,TE,TE,TB,2022,5,REG,ATL,0,0,0,0,0,0,0,0,6,7,43,0,25,0.14,0.069060773480663,0,0,0,0,0,0,0,10.3
00-0038134,K.Walker,Kenneth Walker,RB,RB,SEA,2022,5,REG,NO,0,0,0,0,0,8,88,1,0,0,0,0,0,0,0,0,0,0,0,0,0,0,14.8
00-0019596,T.Brady,Tom Brady,QB,QB,TB,2022,6,REG,PIT,25,40,243,1,0,1,0,0,0,0,0,0,0,0,0,0,0,0,0,0,0,0,13.72
00-0023459,A.Rodgers,Aaron Rodgers,QB,QB,GB,2022,6,REG,NYJ,26,41,246,1,0,1,0,0,0,0,0,0,0,0,0,0,1,0,0,0,0,0,11.84
00-0026143,M.Ryan,Matt Ryan,QB,QB,IND,2022,6,REG,JAX,42,58,389,3,0,1,-4,0,0,0,0,0,0,0,0,0,0,0,0,0,0,0,27.16
00-0026498,M.Stafford,Matthew Stafford,QB,QB,LA,2022,6,REG,CAR,26,33,253,1,1,2,-3,0,0,0,0,0,0,0,0,0,0,0,0,0,0,0,11.82
00-0027942,A.Green,A.J. Green,WR,WR,ARI,2022,6,REG,SEA,0,0,0,0,0,0,0,0,2,4,7,0,36,0.111111111111111,0.108108108108108,0,0,0,0,0,0,0,2.7
00-0027966,M.Ingram,Mark Ingram,RB,RB,NO,2022,6,REG,CIN,0,0,0,0,0,9,46,0,1,2,11,0,-6,0.0645161290322581,-0.0205479452054795,0,0,0,0,0,0,0,6.7
00-0027973,A.Dalton,Andy Dalton,QB,QB,NO,2022,6,REG,CIN,17,32,162,1,0,0,0,0,0,0,0,0,0,0,0,0,0,0,0,0,0,0,10.48
00-0028002,R.Cobb,Randall Cobb,WR,WR,GB,2022,6,REG,NYJ,0,0,0,0,0,0,0,0,1,1,8,0,-1,0.0227272727272727,-0.0027027027027027,0,0,0,0,0,0,0,1.8
00-0029263,R.Wilson,Russell Wilson,QB,QB,DEN,2022,6,REG,LAC,15,28,188,1,0,4,23,0,0,0,0,0,0,0,0,0,0,0,0,0,0,0,13.82
00-0029604,K.Cousins,Kirk Cousins,QB,QB,MIN,2022,6,REG,MIA,20,30,175,2,0,2,-5,0,0,0,0,0,0,0,0,0,0,0,1,0,0,0,16.5
00-0030035,A.Thielen,Adam Thielen,WR,WR,MIN,2022,6,REG,MIA,0,0,0,0,0,0,0,0,4,8,36,1,89,0.285714285714286,0.532934131736527,0,0,0,0,0,1,0,15.6
00-0030061,Z.Ertz,Zach Ertz,TE,TE,ARI,2022,6,REG,SEA,0,0,0,0,0,0,0,0,7,10,70,0,117,0.277777777777778,0.351351351351351,0,0,0,0,0,0,0,14
00-0030068,M.Goodwin,Marquise Goodwin,WR,WR,SEA,2022,6,REG,ARI,0,0,0,0,0,0,0,0,2,2,26,0,12,0.0666666666666667,0.0563380281690141,0,0,0,0,0,0,0,4.6
00-0030108,R.Griffin,Ryan Griffin,TE,TE,CHI,2022,6,REG,WAS,0,0,0,0,0,0,0,0,0,1,0,0,3,0.0384615384615385,0.0109090909090909,0,0,0,0,0,0,0,0
00-0030506,T.Kelce,Travis Kelce,TE,TE,KC,2022,6,REG,BUF,0,0,0,0,0,1,4,0,8,10,108,0,83,0.285714285714286,0.393364928909953,0,0,0,0,0,0,0,19.2
00-0030513,L.Murray,Latavius Murray,RB,RB,DEN,2022,6,REG,LAC,0,0,0,0,0,15,66,0,1,1,-2,0,-6,0.04,-0.0224719101123596,0,0,0,0,0,0,0,7.4
00-0030565,G.Smith,Geno Smith,QB,QB,SEA,2022,6,REG,ARI,20,31,197,0,0,6,48,0,0,0,0,0,0,0,0,0,0,0,0,0,0,0,12.68
00-0031237,T.Bridgewater,Teddy Bridgewater,QB,QB,MIA,2022,6,REG,MIN,23,34,329,2,2,1,10,0,0,0,0,0,0,0,0,0,0,0,0,0,0,0,18.16
00-0031273,C.Brate,Cameron Brate,TE,TE,TB,2022,6,REG,PIT,0,0,0,0,0,0,0,0,2,3,14,0,27,0.0810810810810811,0.0894039735099338,0,0,0,0,0,0,0,3.4
00-0031345,J.Garoppolo,Jimmy Garoppolo,QB,QB,SF,2022,6,REG,ATL,29,41,296,2,2,3,11,0,0,0,0,0,0,0,0,0,0,0,0,0,0,0,16.94
00-0031376,J.McKinnon,Jerick McKinnon,RB,RB,KC,2022,6,REG,BUF,0,0,0,0,0,2,1,0,3,3,29,0,-2,0.0857142857142857,-0.00947867298578199,0,0,0,0,0,0,0,6
00-0031408,M.Evans,Mike Evans,WR,WR,TB,2022,6,REG,PIT,0,0,0,0,0,0,0,0,4,4,42,0,33,0.108108108108108,0.109271523178808,0,0,0,0,0,0,0,8.2
00-0031428,Al.Robinson,Allen Robinson,WR,WR,LA,2022,6,REG,CAR,0,0,0,0,0,0,0,0,5,6,63,1,55,0.193548387096774,0.376712328767123,0,0,0,0,0,0,0,17.3
00-0031544,A.Cooper,Amari Cooper,WR,WR,CLE,2022,6,REG,NE,0,0,0,0,0,0,0,0,4,12,44,1,157,0.285714285714286,0.297912713472486,0,0,0,0,0,0,0,14.4
00-0031545,K.White,Kevin White,WR,WR,NO,2022,6,REG,CIN,0,0,0,0,0,0,0,0,0,1,0,0,43,0.032258064516129,0.147260273972603,0,0,0,0,0,0,0,0
00-0031547,D.Parker,DeVante Parker,WR,WR,NE,2022,6,REG,CLE,0,0,0,0,0,0,0,0,4,6,64,0,78,0.193548387096774,0.453488372093023,0,0,0,0,0,0,0,10.4
00-0031585,M.Pruitt,MyCole Pruitt,TE,TE,ATL,2022,6,REG,SF,0,0,0,0,0,0,0,0,1,1,2,1,2,0.0714285714285714,0.025974025974026,0,0,0,0,0,0,0,7.2
00-0031588,S.Diggs,Stefon Diggs,WR,WR,BUF,2022,6,REG,KC,0,0,0,0,0,0,0,0,10,13,148,1,113,0.342105263157895,0.383050847457627,0,0,0,0,0,0,0,30.8
00-0031687,R.Mostert,Raheem Mostert,RB,RB,MIA,2022,6,REG,MIN,0,0,0,0,0,14,49,0,1,2,-1,0,4,0.0444444444444444,0.00975609756097561,0,0,0,0,0,0,0,5.8
00-0031690,E.Tomlinson,Eric Tomlinson,TE,TE,DEN,2022,6,REG,LAC,0,0,0,0,0,0,0,0,1,1,16,0,16,0.04,0.0599250936329588,0,0,0,0,0,0,0,2.6
00-0031763,D.Carter,DeAndre Carter,WR,WR,LAC,2022,6,REG,DEN,0,0,0,0,0,0,0,0,3,5,17,0,23,0.0909090909090909,0.0682492581602374,0,0,0,0,0,0,0,4.7
00-0031806,M.Brown,Malcolm Brown,RB,RB,LA,2022,6,REG,CAR,0,0,0,0,0,7,15,0,1,1,13,0,-5,0.032258064516129,-0.0342465753424658,0,0,0,0,0,0,0,3.8
00-0032054,B.Perriman,Breshad Perriman,WR,WR,TB,2022,6,REG,PIT,0,0,0,0,0,0,0,0,0,1,0,0,17,0.027027027027027,0.0562913907284768,0,0,0,0,0,0,0,0
00-0032058,T.Coleman,Tevin Coleman,RB,RB,SF,2022,6,REG,ATL,0,0,0,0,0,4,3,0,0,0,0,0,0,0,0,0,0,0,0,0,0,0,0.3
00-0032134,C.Uzomah,C.J. Uzomah,TE,TE,NYJ,2022,6,REG,GB,0,0,0,0,0,0,0,0,2,2,17,0,-2,0.117647058823529,-0.018018018018018,0,0,0,0,0,0,0,3.7
00-0032144,M.Gordon,Melvin Gordon,RB,RB,DEN,2022,6,REG,LAC,0,0,0,0,0,3,8,0,0,0,0,0,0,0,0,0,0,0,0,0,0,0,0.8
00-0032211,T.Lockett,Tyler Lockett,WR,WR,SEA,2022,6,REG,ARI,0,0,0,0,0,0,0,0,2,5,17,0,62,0.166666666666667,0.291079812206573,0,0,0,0,0,0,0,3.7
00-0032268,M.Mariota,Marcus Mariota,QB,QB,ATL,2022,6,REG,SF,13,14,129,2,0,6,50,1,0,0,0,0,0,0,0,0,0,0,0,0,0,0,24.16
00-0032355,C.Rogers,Chester Rogers,WR,WR,CLE,2022,6,REG,NE,0,0,0,0,0,0,0,0,0,0,0,0,0,0,0,0,0,0,0,0,0,0,0
00-0032602,J.McKissic,J.D. McKissic,RB,RB,WAS,2022,6,REG,CHI,0,0,0,0,0,2,20,0,0,3,0,0,12,0.136363636363636,0.0875912408759124,0,0,0,0,0,0,0,2
00-0032775,D.Robinson,Demarcus Robinson,WR,WR,BAL,2022,6,REG,NYG,0,0,0,0,0,0,0,0,3,5,27,0,54,0.15625,0.174193548387097,0,0,0,0,0,0,0,5.7
00-0032950,C.Wentz,Carson Wentz,QB,QB,WAS,2022,6,REG,CHI,12,22,99,0,0,2,2,0,0,0,0,0,0,0,0,0,0,0,0,0,0,0,4.16
00-0032980,M.Johnson,Marcus Johnson,WR,WR,NYG,2022,6,REG,BAL,0,0,0,0,0,0,0,0,2,4,25,0,48,0.16,0.268156424581006,0,0,0,0,0,0,0,4.5
00-0033009,T.Boyd,Tyler Boyd,WR,WR,CIN,2022,6,REG,NO,0,0,0,0,0,0,0,0,6,6,66,0,39,0.166666666666667,0.171052631578947,0,0,0,0,0,0,0,12.6
00-0033040,T.Hill,Tyreek Hill,WR,WR,MIA,2022,6,REG,MIN,0,0,0,0,0,0,0,0,12,15,177,0,181,0.333333333333333,0.441463414634146,0,0,0,0,0,0,0,29.7
00-0033045,E.Elliott,Ezekiel Elliott,RB,RB,DAL,2022,6,REG,PHI,0,0,0,0,0,13,81,1,1,1,5,0,0,0.027027027027027,0,0,0,0,0,0,0,0,15.6
00-0033090,H.Henry,Hunter Henry,TE,TE,NE,2022,6,REG,CLE,0,0,0,0,0,0,0,0,4,7,61,1,42,0.225806451612903,0.244186046511628,0,0,0,0,0,0,0,16.1
00-0033110,T.Higbee,Tyler Higbee,TE,TE,LA,2022,6,REG,CAR,0,0,0,0,0,0,0,0,1,2,7,0,12,0.0645161290322581,0.0821917808219178,0,0,0,0,0,0,0,1.7
00-0033118,K.Drake,Kenyan Drake,RB,RB,BAL,2022,6,REG,NYG,0,0,0,0,0,10,119,1,1,2,8,0,-4,0.0625,-0.0129032258064516,0,0,0,0,0,0,0,19.7
00-0033119,J.Brissett,Jacoby Brissett,QB,QB,CLE,2022,6,REG,NE,21,45,266,1,2,1,0,0,0,0,0,0,0,0,0,1,0,0,0,0,0,0,8.64
00-0033246,J.Mundt,Johnny Mundt,TE,TE,MIN,2022,6,REG,MIA,0,0,0,0,0,0,0,0,2,2,1,0,-2,0.0714285714285714,-0.0119760479041916,0,0,0,0,0,0,0,2.1
00-0033251,Z.Pascal,Zach Pascal,WR,WR,PHI,2022,6,REG,DAL,0,0,0,0,0,0,0,0,0,0,0,0,0,0,0,0,0,0,0,0,0,0,0
00-0033275,P.Walker,P.J. Walker,QB,QB,CAR,2022,6,REG,LA,10,16,60,0,0,1,-1,0,0,0,0,0,0,0,0,0,0,0,0,0,0,0,2.3
00-0033280,C.McCaffrey,Christian McCaffrey,RB,RB,CAR,2022,6,REG,LA,0,0,0,0,0,13,69,0,7,8,89,0,-16,0.380952380952381,-0.842105263157895,0,0,0,0,0,0,0,22.8
00-0033282,C.Samuel,Curtis Samuel,WR,WR,WAS,2022,6,REG,CHI,0,0,0,0,0,0,0,0,2,5,6,0,38,0.227272727272727,0.277372262773723,0,0,0,0,0,0,0,2.6
00-0033288,G.Kittle,George Kittle,TE,TE,SF,2022,6,REG,ATL,0,0,0,0,0,0,0,0,8,10,83,0,30,0.24390243902439,0.0970873786407767,0,0,0,0,0,0,0,16.3
00-0033292,T.Taylor,Trent Taylor,WR,WR,CIN,2022,6,REG,NO,0,0,0,0,0,0,0,0,0,0,0,0,0,0,0,0,0,0,0,0,0,0,0
00-0033293,A.Jones,Aaron Jones,RB,RB,GB,2022,6,REG,NYJ,0,0,0,0,0,9,19,0,3,4,25,0,-7,0.0909090909090909,-0.0189189189189189,0,0,0,0,0,0,0,7.4
00-0033307,K.Bourne,Kendrick Bourne,WR,WR,NE,2022,6,REG,CLE,0,0,0,0,0,0,0,0,1,1,17,0,6,0.032258064516129,0.0348837209302326,0,0,0,0,0,0,0,2.7
00-0033308,M.Breida,Matt Breida,RB,RB,NYG,2022,6,REG,BAL,0,0,0,0,0,3,-6,0,2,2,17,0,9,0.08,0.0502793296089386,0,0,0,0,0,0,0,3.1
00-0033357,T.Hill,Taysom Hill,TE,TE,NO,2022,6,REG,CIN,2,4,16,0,0,5,39,0,0,0,0,0,0,0,0,0,0,0,0,0,0,0,4.54
00-0033439,P.Brown,Pharaoh Brown,TE,TE,CLE,2022,6,REG,NE,0,0,0,0,0,0,0,0,2,3,21,0,36,0.0714285714285714,0.0683111954459203,0,0,0,0,0,0,0,4.1
00-0033466,I.McKenzie,Isaiah McKenzie,WR,WR,BUF,2022,6,REG,KC,0,0,0,0,0,0,0,0,2,5,9,0,29,0.131578947368421,0.0983050847457627,0,0,0,0,0,0,0,2.9
00-0033526,S.Perine,Samaje Perine,RB,RB,CIN,2022,6,REG,NO,0,0,0,0,0,2,5,0,2,2,11,0,-4,0.0555555555555556,-0.0175438596491228,0,0,0,0,0,0,0,3.6
00-0033536,M.Williams,Mike Williams,WR,WR,LAC,2022,6,REG,DEN,0,0,0,0,0,0,0,0,2,6,17,0,101,0.109090909090909,0.299703264094956,0,0,0,0,0,0,0,3.7
00-0033572,J.Agnew,Jamal Agnew,WR,WR,JAX,2022,6,REG,IND,0,0,0,0,0,1,19,0,1,1,5,0,-5,0.0454545454545455,-0.0574712643678161,0,0,0,0,0,0,0,3.4
00-0033591,N.Brown,Noah Brown,WR,WR,DAL,2022,6,REG,PHI,0,0,0,0,0,0,0,0,1,3,10,0,20,0.0810810810810811,0.0634920634920635,0,0,0,0,0,0,0,2
00-0033662,C.Rush,Cooper Rush,QB,QB,DAL,2022,6,REG,PHI,18,38,181,1,3,0,0,0,0,0,0,0,0,0,0,0,0,0,0,0,0,0,5.24
00-0033699,A.Ekeler,Austin Ekeler,RB,RB,LAC,2022,6,REG,DEN,0,0,0,0,0,14,36,1,10,16,47,0,5,0.290909090909091,0.0148367952522255,0,0,0,0,0,0,0,24.3
00-0033757,R.Tonyan,Robert Tonyan,TE,TE,GB,2022,6,REG,NYJ,0,0,0,0,0,0,0,0,10,12,90,0,94,0.272727272727273,0.254054054054054,0,0,0,0,0,0,0,19
00-0033856,L.Fournette,Leonard Fournette,RB,RB,TB,2022,6,REG,PIT,0,0,0,0,0,21,63,0,6,6,38,1,-7,0.162162162162162,-0.0231788079470199,0,0,0,0,0,0,0,22.1
00-0033857,J.Smith-Schuster,JuJu Smith-Schuster,WR,WR,KC,2022,6,REG,BUF,0,0,0,0,0,0,0,0,5,5,113,1,35,0.142857142857143,0.165876777251185,0,0,0,0,0,0,0,22.3
00-0033858,J.Smith,Jonnu Smith,TE,TE,NE,2022,6,REG,CLE,0,0,0,0,0,0,0,0,2,2,61,0,9,0.0645161290322581,0.0523255813953488,0,0,0,0,0,0,0,8.1
00-0033869,M.Trubisky,Mitchell Trubisky,QB,QB,PIT,2022,6,REG,TB,9,12,144,1,0,6,5,0,0,0,0,0,0,0,0,0,0,0,0,0,0,0,10.26
00-0033871,C.Davis,Corey Davis,WR,WR,NYJ,2022,6,REG,GB,0,0,0,0,0,0,0,0,2,4,52,0,60,0.235294117647059,0.540540540540541,0,0,0,0,0,0,0,7.2
00-0033873,P.Mahomes,Patrick Mahomes,QB,QB,KC,2022,6,REG,BUF,25,40,338,2,2,4,21,0,0,0,0,0,0,0,0,0,0,0,0,0,0,0,19.62
00-0033881,E.Engram,Evan Engram,TE,TE,JAX,2022,6,REG,IND,0,0,0,0,0,0,0,0,5,6,40,0,29,0.272727272727273,0.333333333333333,0,0,0,0,0,0,0,9
00-0033885,D.Njoku,David Njoku,TE,TE,CLE,2022,6,REG,NE,0,0,0,0,0,0,0,0,3,6,58,0,102,0.142857142857143,0.193548387096774,0,0,0,0,0,0,0,8.8
00-0033891,Z.Jones,Zay Jones,WR,WR,JAX,2022,6,REG,IND,0,0,0,0,0,0,0,0,5,5,42,0,45,0.227272727272727,0.517241379310345,0,0,0,0,0,0,0,9.2
00-0033893,D.Cook,Dalvin Cook,RB,RB,MIN,2022,6,REG,MIA,0,0,0,0,0,13,77,1,1,1,6,0,2,0.0357142857142857,0.0119760479041916,0,0,0,0,0,0,0,15.3
00-0033895,G.Everett,Gerald Everett,TE,TE,LAC,2022,6,REG,DEN,0,0,0,0,0,0,0,0,5,7,29,0,18,0.127272727272727,0.0534124629080119,0,0,0,0,0,0,0,7.9
00-0033897,J.Mixon,Joe Mixon,RB,RB,CIN,2022,6,REG,NO,0,0,0,0,0,8,45,0,4,6,23,1,1,0.166666666666667,0.0043859649122807,0,0,0,0,0,0,0,16.8
00-0033906,A.Kamara,Alvin Kamara,RB,RB,NO,2022,6,REG,CIN,0,0,0,0,0,19,99,0,6,9,25,0,14,0.290322580645161,0.0479452054794521,0,0,0,0,0,0,0,18.4
00-0033908,C.Kupp,Cooper Kupp,WR,WR,LA,2022,6,REG,CAR,0,0,0,0,0,2,17,0,7,8,80,0,37,0.258064516129032,0.253424657534247,0,0,0,0,0,0,0,16.7
00-0033921,C.Godwin,Chris Godwin,WR,WR,TB,2022,6,REG,PIT,0,0,0,0,0,0,0,0,6,12,95,0,135,0.324324324324324,0.447019867549669,0,0,0,0,0,0,0,15.5
00-0033923,K.Hunt,Kareem Hunt,RB,RB,CLE,2022,6,REG,NE,0,0,0,0,0,4,12,0,0,1,0,0,3,0.0238095238095238,0.00569259962049336,0,0,0,0,0,0,0,1.2
00-0033925,D.Foreman,D'Onta Foreman,RB,RB,CAR,2022,6,REG,LA,0,0,0,0,0,5,19,0,0,0,0,0,0,0,0,0,0,0,0,0,0,0,1.9
00-0034054,R.Cracraft,River Cracraft,WR,WR,MIA,2022,6,REG,MIN,0,0,0,0,0,0,0,0,0,1,0,0,3,0.0222222222222222,0.00731707317073171,0,0,0,0,0,0,0,0
00-0034104,C.Sims,Cam Sims,WR,WR,WAS,2022,6,REG,CHI,0,0,0,0,0,0,0,0,1,2,6,0,12,0.0909090909090909,0.0875912408759124,0,0,0,0,0,0,0,1.6
00-0034109,P.Lindsay,Phillip Lindsay,RB,RB,IND,2022,6,REG,JAX,0,0,0,0,0,3,7,0,3,3,5,0,0,0.0535714285714286,0,0,0,0,0,1,0,0,6.2
00-0034115,J.Wilson,Jeffery Wilson,RB,RB,SF,2022,6,REG,ATL,0,0,0,0,0,7,25,0,0,1,0,0,8,0.024390243902439,0.0258899676375405,0,1,0,0,0,0,0,0.5
00-0034159,W.Dissly,Will Dissly,TE,TE,SEA,2022,6,REG,ARI,0,0,0,0,0,0,0,0,1,1,12,0,3,0.0333333333333333,0.0140845070422535,0,0,0,0,0,0,0,2.2
00-0034208,M.Boone,Mike Boone,RB,RB,DEN,2022,6,REG,LAC,0,0,0,0,0,1,1,0,1,4,3,0,-5,0.16,-0.0187265917602996,0,0,0,0,0,0,0,1.4
00-0034270,T.Conklin,Tyler Conklin,TE,TE,NYJ,2022,6,REG,GB,0,0,0,0,0,1,1,0,1,2,16,0,14,0.117647058823529,0.126126126126126,0,0,0,0,0,0,0,2.7
00-0034272,M.Valdes-Scantling,Marquez Valdes-Scantling,WR,WR,KC,2022,6,REG,BUF,0,0,0,0,0,0,0,0,0,3,0,0,21,0.0857142857142857,0.0995260663507109,0,0,0,0,0,0,0,0
00-0034279,E.St. Brown,Equanimeous St. Brown,WR,WR,CHI,2022,6,REG,WAS,0,0,0,0,0,1,1,0,0,0,0,0,0,0,0,0,0,0,0,0,0,0,0.1
00-0034286,R.James,Richie James,WR,WR,NYG,2022,6,REG,BAL,0,0,0,0,0,0,0,0,2,2,18,0,8,0.08,0.0446927374301676,0,0,0,0,0,0,0,3.8
00-0034317,K.Kirkwood,Keith Kirkwood,WR,WR,NO,2022,6,REG,CIN,0,0,0,0,0,0,0,0,1,1,14,0,12,0.032258064516129,0.0410958904109589,0,0,0,0,0,0,0,2.4
00-0034348,C.Sutton,Courtland Sutton,WR,WR,DEN,2022,6,REG,LAC,0,0,0,0,0,0,0,0,2,3,14,0,14,0.12,0.052434456928839,0,0,0,0,0,0,0,3.4
00-0034351,D.Goedert,Dallas Goedert,TE,TE,PHI,2022,6,REG,DAL,0,0,0,0,0,0,0,0,2,6,22,0,46,0.272727272727273,0.345864661654135,0,0,0,0,0,0,0,4.2
00-0034365,I.Thomas,Ian Thomas,TE,TE,CAR,2022,6,REG,LA,0,0,0,0,0,0,0,0,2,2,22,0,-6,0.0952380952380952,-0.315789473684211,0,0,0,0,0,0,0,4.2
00-0034366,K.Coutee,Keke Coutee,WR,WR,IND,2022,6,REG,JAX,0,0,0,0,0,0,0,0,0,0,0,0,0,0,0,0,0,0,0,0,0,0,0
00-0034386,Ju.Watson,Justin Watson,WR,WR,KC,2022,6,REG,BUF,0,0,0,0,0,0,0,0,0,1,0,0,22,0.0285714285714286,0.104265402843602,0,0,0,0,0,0,0,0
00-0034407,R.McCloud,Ray-Ray McCloud,WR,WR,SF,2022,6,REG,ATL,0,0,0,0,0,0,0,0,0,1,0,0,44,0.024390243902439,0.142394822006473,0,0,0,0,0,0,0,0
00-0034411,R.Gage,Russell Gage,WR,WR,TB,2022,6,REG,PIT,0,0,0,0,0,0,0,0,2,4,20,0,40,0.108108108108108,0.132450331125828,0,0,0,0,0,0,0,4
00-0034414,B.Scott,Boston Scott,RB,RB,PHI,2022,6,REG,DAL,0,0,0,0,0,6,16,0,0,0,0,0,0,0,0,0,0,0,0,0,0,0,1.6
00-0034419,B.Berrios,Braxton Berrios,WR,WR,NYJ,2022,6,REG,GB,0,0,0,0,0,1,20,1,1,1,6,0,6,0.0588235294117647,0.0540540540540541,0,0,0,0,0,0,0,9.6
00-0034487,T.Sherfield,Trent Sherfield,WR,WR,MIA,2022,6,REG,MIN,0,0,0,0,0,0,0,0,1,4,6,0,25,0.0888888888888889,0.0609756097560976,0,0,0,0,0,0,0,1.6
00-0034521,A.Lazard,Allen Lazard,WR,WR,GB,2022,6,REG,NYJ,0,0,0,0,0,0,0,0,4,9,76,1,162,0.204545454545455,0.437837837837838,0,0,0,0,0,0,0,17.6
00-0034646,B.Powell,Brandon Powell,WR,WR,LA,2022,6,REG,CAR,0,0,0,0,0,3,13,0,4,5,27,0,22,0.161290322580645,0.150684931506849,0,0,0,0,0,0,0,8
00-0034681,C.Edmonds,Chase Edmonds,RB,RB,MIA,2022,6,REG,MIN,0,0,0,0,0,2,3,0,2,2,28,0,8,0.0444444444444444,0.0195121951219512,0,0,0,0,0,0,0,5.1
00-0034753,M.Andrews,Mark Andrews,TE,TE,BAL,2022,6,REG,NYG,0,0,0,0,0,0,0,0,7,11,106,1,152,0.34375,0.490322580645161,0,0,0,0,0,0,0,23.6
00-0034764,M.Gallup,Michael Gallup,WR,WR,DAL,2022,6,REG,PHI,0,0,0,0,0,0,0,0,2,7,18,0,98,0.189189189189189,0.311111111111111,0,0,0,0,0,0,0,3.8
00-0034765,T.Smith,Tre'Quan Smith,WR,WR,NO,2022,6,REG,CIN,0,0,0,0,0,0,0,0,3,3,43,1,35,0.0967741935483871,0.11986301369863,0,0,0,0,0,0,0,13.3
00-0034775,C.Kirk,Christian Kirk,WR,WR,JAX,2022,6,REG,IND,0,0,0,0,0,1,4,0,4,5,24,1,20,0.227272727272727,0.229885057471264,0,0,1,0,0,0,0,10.8
00-0034791,N.Chubb,Nick Chubb,RB,RB,CLE,2022,6,REG,NE,0,0,0,0,0,12,56,0,1,2,14,0,-6,0.0476190476190476,-0.0113851992409867,0,0,0,0,0,0,0,8
00-0034796,L.Jackson,Lamar Jackson,QB,QB,BAL,2022,6,REG,NYG,17,32,210,1,1,7,77,0,0,0,0,0,0,0,0,1,0,0,0,0,0,0,16.1
00-0034827,D.Moore,D.J. Moore,WR,WR,CAR,2022,6,REG,LA,0,0,0,0,0,0,0,0,3,7,7,0,35,0.333333333333333,1.84210526315789,0,0,0,0,0,0,0,3.7
00-0034829,M.Gesicki,Mike Gesicki,TE,TE,MIA,2022,6,REG,MIN,0,0,0,0,0,0,0,0,6,7,69,2,76,0.155555555555556,0.185365853658537,0,0,0,0,0,0,0,24.9
00-0034830,H.Hurst,Hayden Hurst,TE,TE,CIN,2022,6,REG,NO,0,0,0,0,0,0,0,0,3,3,21,0,14,0.0833333333333333,0.0614035087719298,0,0,0,0,0,0,0,5.1
00-0034844,S.Barkley,Saquon Barkley,RB,RB,NYG,2022,6,REG,BAL,0,0,0,0,0,22,83,1,3,3,12,0,9,0.12,0.0502793296089386,0,0,0,0,0,0,0,18.5
00-0034845,S.Michel,Sony Michel,RB,RB,LAC,2022,6,REG,DEN,0,0,0,0,0,8,28,0,3,3,14,0,5,0.0545454545454545,0.0148367952522255,0,0,0,0,0,0,0,7.2
00-0034854,K.Hodge,KhaDarel Hodge,WR,WR,ATL,2022,6,REG,SF,0,0,0,0,0,0,0,0,0,0,0,0,0,0,0,0,0,0,0,0,0,0,0
00-0034857,J.Allen,Josh Allen,QB,QB,BUF,2022,6,REG,KC,27,40,329,3,0,12,32,0,0,0,0,0,0,0,0,0,1,0,0,0,0,0,26.36
00-0034860,D.Pettis,Dante Pettis,WR,WR,CHI,2022,6,REG,WAS,0,0,0,0,0,0,0,0,4,7,84,1,88,0.269230769230769,0.32,0,0,0,0,0,0,0,18.4
00-0034928,S.Sims,Steven Sims,WR,WR,PIT,2022,6,REG,TB,0,0,0,0,0,1,-5,0,0,0,0,0,0,0,0,0,0,0,0,0,0,0,-0.5
00-0034960,J.Meyers,Jakobi Meyers,WR,WR,NE,2022,6,REG,CLE,0,0,0,0,0,0,0,0,4,4,60,0,44,0.129032258064516,0.255813953488372,0,0,0,0,0,0,0,10
00-0034970,I.Smith,Irv Smith,TE,TE,MIN,2022,6,REG,MIA,0,0,0,0,0,0,0,0,4,4,7,1,-2,0.142857142857143,-0.0119760479041916,0,0,0,0,0,0,0,10.7
00-0034972,A.Mattison,Alexander Mattison,RB,RB,MIN,2022,6,REG,MIA,0,0,0,0,0,1,3,0,0,0,0,0,0,0,0,0,0,0,0,0,0,0,0.3
00-0035140,M.Hardman,Mecole Hardman,WR,WR,KC,2022,6,REG,BUF,0,0,0,0,0,0,0,0,3,4,42,1,20,0.114285714285714,0.0947867298578199,0,0,0,0,0,0,0,13.2
00-0035208,O.Zaccheaus,Olamide Zaccheaus,WR,WR,ATL,2022,6,REG,SF,0,0,0,0,0,0,0,0,4,4,58,0,27,0.285714285714286,0.350649350649351,0,0,0,0,0,0,0,9.8
00-0035216,D.Johnson,Diontae Johnson,WR,WR,PIT,2022,6,REG,TB,0,0,0,0,0,2,8,0,5,7,28,0,41,0.259259259259259,0.219251336898396,0,0,0,0,0,0,0,8.6
00-0035222,Z.Gentry,Zach Gentry,TE,TE,PIT,2022,6,REG,TB,0,0,0,0,0,0,0,0,1,1,4,0,0,0.037037037037037,0,0,0,0,0,0,0,0,1.4
00-0035228,K.Murray,Kyler Murray,QB,QB,ARI,2022,6,REG,SEA,23,37,222,0,1,10,100,0,0,0,0,0,0,0,0,0,1,0,0,0,0,0,14.88
00-0035243,M.Sanders,Miles Sanders,RB,RB,PHI,2022,6,REG,DAL,0,0,0,0,0,18,71,1,1,1,1,0,-5,0.0454545454545455,-0.037593984962406,0,0,0,0,0,0,0,14.2
00-0035249,J.Oliver,Josh Oliver,TE,TE,BAL,2022,6,REG,NYG,0,0,0,0,0,0,0,0,2,3,21,0,25,0.09375,0.0806451612903226,0,0,0,0,0,0,0,4.1
00-0035250,D.Singletary,Devin Singletary,RB,RB,BUF,2022,6,REG,KC,0,0,0,0,0,17,85,0,4,5,22,0,1,0.131578947368421,0.00338983050847458,0,0,0,0,0,0,0,14.7
00-0035261,T.Pollard,Tony Pollard,RB,RB,DAL,2022,6,REG,PHI,0,0,0,0,0,11,44,0,2,3,8,0,0,0.0810810810810811,0,0,0,0,0,0,0,0,7.2
00-0035298,S.Miller,Scott Miller,WR,WR,TB,2022,6,REG,PIT,0,0,0,0,0,0,0,0,0,0,0,0,0,0,0,0,0,0,0,0,0,0,0
00-0035308,T.Sweeney,Tommy Sweeney,TE,TE,BUF,2022,6,REG,KC,0,0,0,0,0,0,0,0,1,1,7,0,-1,0.0263157894736842,-0.00338983050847458,0,0,0,0,0,0,0,1.7
00-0035329,D.Parham,Donald Parham,TE,TE,LAC,2022,6,REG,DEN,0,0,0,0,0,0,0,0,3,3,53,0,42,0.0545454545454545,0.124629080118694,0,0,0,0,0,0,0,8.3
00-0035359,D.Sills,David Sills,WR,WR,NYG,2022,6,REG,BAL,0,0,0,0,0,0,0,0,1,2,8,0,7,0.08,0.0391061452513967,0,0,0,0,0,0,0,1.8
00-0035500,G.Dortch,Greg Dortch,WR,WR,ARI,2022,6,REG,SEA,0,0,0,0,0,0,0,0,0,0,0,0,0,0,0,0,0,0,0,0,0,0,0
00-0035535,D.Slayton,Darius Slayton,WR,WR,NYG,2022,6,REG,BAL,0,0,0,0,0,0,0,0,1,3,18,0,36,0.12,0.201117318435754,0,0,0,0,0,0,0,2.8
00-0035593,J.Winfree,Juwann Winfree,WR,WR,GB,2022,6,REG,NYJ,0,0,0,0,0,0,0,0,0,1,0,0,1,0.0227272727272727,0.0027027027027027,0,0,0,0,0,0,0,0
00-0035628,D.Johnson,D'Ernest Johnson,RB,RB,CLE,2022,6,REG,NE,0,0,0,0,0,0,0,0,2,2,9,0,4,0.0476190476190476,0.00759013282732448,0,0,0,0,0,0,0,2.9
00-0035639,P.Campbell,Parris Campbell,WR,WR,IND,2022,6,REG,JAX,0,0,0,0,0,0,0,0,7,11,57,1,74,0.196428571428571,0.247491638795987,0,0,0,0,0,0,0,18.7
00-0035640,D.Metcalf,DK Metcalf,WR,WR,SEA,2022,6,REG,ARI,0,0,0,0,0,0,0,0,2,7,34,0,82,0.233333333333333,0.384976525821596,0,0,0,0,0,0,0,5.4
00-0035644,N.Fant,Noah Fant,TE,TE,SEA,2022,6,REG,ARI,0,0,0,0,0,0,0,0,6,7,45,0,24,0.233333333333333,0.112676056338028,0,0,0,0,0,0,0,10.5
00-0035645,G.Olszewski,Gunner Olszewski,WR,WR,PIT,2022,6,REG,TB,0,0,0,0,0,0,0,0,0,0,0,0,0,0,0,0,0,0,0,0,0,0,0
00-0035659,T.McLaurin,Terry McLaurin,WR,WR,WAS,2022,6,REG,CHI,0,0,0,0,0,2,11,0,3,4,41,0,21,0.181818181818182,0.153284671532847,0,0,0,0,0,0,0,8.2
00-0035662,M.Brown,Marquise Brown,WR,WR,ARI,2022,6,REG,SEA,0,0,0,0,0,0,0,0,5,9,68,0,151,0.25,0.453453453453454,0,0,0,0,0,0,0,11.8
00-0035664,D.Henderson,Darrell Henderson,RB,RB,LA,2022,6,REG,CAR,0,0,0,0,0,12,43,1,2,3,9,0,3,0.0967741935483871,0.0205479452054795,0,0,0,0,0,0,0,13.2
00-0035676,A.Brown,A.J. Brown,WR,WR,PHI,2022,6,REG,DAL,0,0,0,0,0,0,0,0,5,8,67,1,36,0.363636363636364,0.270676691729323,0,0,0,0,0,0,0,17.7
00-0035685,D.Montgomery,David Montgomery,RB,RB,CHI,2022,6,REG,WAS,0,0,0,0,0,15,67,0,1,1,13,0,-3,0.0384615384615385,-0.0109090909090909,0,0,0,0,0,0,0,9
00-0035689,D.Knox,Dawson Knox,TE,TE,BUF,2022,6,REG,KC,0,0,0,0,0,0,0,0,3,3,37,1,35,0.0789473684210526,0.11864406779661,0,0,0,0,0,0,0,12.7
00-0035703,M.Boykin,Miles Boykin,WR,WR,PIT,2022,6,REG,TB,0,0,0,0,0,0,0,0,0,0,0,0,0,0,0,0,0,0,0,0,0,0,0
00-0035710,D.Jones,Daniel Jones,QB,QB,NYG,2022,6,REG,BAL,19,27,173,2,0,6,6,0,0,0,0,0,0,0,0,1,0,0,0,0,0,0,13.52
00-0035719,D.Samuel,Deebo Samuel,WR,WR,SF,2022,6,REG,ATL,0,0,0,0,0,2,11,0,7,10,79,0,86,0.24390243902439,0.27831715210356,0,0,0,0,0,0,0,16
00-0035806,J.Hasty,Jamycal Hasty,RB,RB,JAX,2022,6,REG,IND,0,0,0,0,0,3,57,1,0,0,0,0,0,0,0,0,0,0,0,0,0,0,11.7
00-0035831,J.Robinson,James Robinson,RB,RB,JAX,2022,6,REG,IND,0,0,0,0,0,12,54,0,1,1,1,0,0,0.0454545454545455,0,0,0,0,0,0,0,0,6.5
00-0035864,K.Hinton,Kendall Hinton,WR,WR,DEN,2022,6,REG,LAC,0,0,0,0,0,0,0,0,1,1,8,0,5,0.04,0.0187265917602996,0,0,0,0,0,0,0,1.8
00-0036032,S.McKeon,Sean McKeon,TE,TE,DAL,2022,6,REG,PHI,0,0,0,0,0,0,0,0,1,1,10,0,3,0.027027027027027,0.00952380952380953,0,0,0,0,0,0,0,2
00-0036040,J.Johnson,Juwan Johnson,TE,TE,NO,2022,6,REG,CIN,0,0,0,0,0,0,0,0,4,6,41,0,33,0.193548387096774,0.113013698630137,0,0,0,0,0,0,0,8.1
00-0036158,J.Dobbins,J.K. Dobbins,RB,RB,BAL,2022,6,REG,NYG,0,0,0,0,0,7,15,0,0,0,0,0,0,0,0,0,0,0,0,0,0,0,1.5
00-0036194,D.Asiasi,Devin Asiasi,TE,TE,CIN,2022,6,REG,NO,0,0,0,0,0,0,0,0,0,0,0,0,0,0,0,0,0,0,0,0,0,0,0
00-0036196,G.Davis,Gabe Davis,WR,WR,BUF,2022,6,REG,KC,0,0,0,0,0,0,0,0,3,6,74,1,99,0.157894736842105,0.335593220338983,0,0,0,0,0,0,0,16.4
00-0036219,M.Callaway,Marquez Callaway,WR,WR,NO,2022,6,REG,CIN,0,0,0,0,0,0,0,0,3,7,36,0,90,0.225806451612903,0.308219178082192,0,0,0,0,0,0,0,6.6
00-0036226,J.Eason,Jacob Eason,QB,QB,CAR,2022,6,REG,LA,3,5,59,0,1,0,0,0,0,0,0,0,0,0,0,0,0,0,0,0,0,0,0.36
00-0036232,H.Bryant,Harrison Bryant,TE,TE,CLE,2022,6,REG,NE,0,0,0,0,0,0,0,0,3,4,18,0,31,0.0952380952380952,0.0588235294117647,0,0,0,0,0,0,0,4.8
00-0036233,D.Peoples-Jones,Donovan Peoples-Jones,WR,WR,CLE,2022,6,REG,NE,0,0,0,0,0,1,2,0,4,5,74,0,79,0.119047619047619,0.149905123339658,0,0,0,0,0,0,0,11.6
00-0036244,C.Parkinson,Colby Parkinson,TE,TE,SEA,2022,6,REG,ARI,0,0,0,0,0,0,0,0,2,2,11,0,10,0.0666666666666667,0.0469483568075117,0,0,0,0,0,0,0,3.1
00-0036252,M.Pittman,Michael Pittman,WR,WR,IND,2022,6,REG,JAX,0,0,0,0,0,0,0,0,13,16,134,0,72,0.285714285714286,0.240802675585284,0,0,0,0,0,0,0,26.4
00-0036259,J.Jennings,Jauan Jennings,WR,WR,SF,2022,6,REG,ATL,0,0,0,0,0,0,0,0,2,3,18,0,11,0.0731707317073171,0.0355987055016181,0,0,0,0,0,0,0,3.8
00-0036261,B.Aiyuk,Brandon Aiyuk,WR,WR,SF,2022,6,REG,ATL,0,0,0,0,0,0,0,0,8,11,83,2,103,0.268292682926829,0.333333333333333,0,0,0,0,0,0,0,28.3
00-0036264,J.Love,Jordan Love,QB,QB,GB,2022,6,REG,NYJ,2,4,8,0,0,0,0,0,0,0,0,0,0,0,0,0,0,0,0,0,0,0,0.32
00-0036265,A.Dillon,A.J. Dillon,RB,RB,GB,2022,6,REG,NYJ,0,0,0,0,0,10,41,0,4,6,11,0,-1,0.136363636363636,-0.0027027027027027,0,0,0,0,0,0,0,9.2
00-0036271,Q.Watkins,Quez Watkins,WR,WR,PHI,2022,6,REG,DAL,0,0,0,0,0,1,-3,0,1,1,0,0,-3,0.0454545454545455,-0.0225563909774436,0,0,0,0,0,0,0,0.7
00-0036290,C.Kmet,Cole Kmet,TE,TE,CHI,2022,6,REG,WAS,0,0,0,0,0,0,0,0,1,3,15,0,15,0.115384615384615,0.0545454545454545,0,0,0,0,0,0,0,2.5
00-0036309,D.Mooney,Darnell Mooney,WR,WR,CHI,2022,6,REG,WAS,0,0,0,0,0,0,0,0,7,12,68,0,117,0.461538461538462,0.425454545454546,0,0,0,0,0,0,0,13.8
00-0036322,J.Jefferson,Justin Jefferson,WR,WR,MIN,2022,6,REG,MIA,0,0,0,0,0,0,0,0,6,8,107,0,41,0.285714285714286,0.245508982035928,0,0,0,0,0,0,0,16.7
00-0036326,C.Claypool,Chase Claypool,WR,WR,PIT,2022,6,REG,TB,0,0,0,0,0,1,8,0,7,7,96,1,66,0.259259259259259,0.352941176470588,0,0,0,0,0,0,0,23.4
00-0036328,A.Gibson,Antonio Gibson,RB,RB,WAS,2022,6,REG,CHI,0,0,0,0,0,5,35,0,3,4,18,0,6,0.181818181818182,0.0437956204379562,0,0,0,0,0,0,0,8.3
00-0036331,D.Duvernay,Devin Duvernay,WR,WR,BAL,2022,6,REG,NYG,0,0,0,0,0,0,0,0,1,5,14,0,55,0.15625,0.17741935483871,0,0,0,0,0,0,0,2.4
00-0036332,J.Deguara,Josiah Deguara,TE,TE,GB,2022,6,REG,NYJ,0,0,0,0,0,0,0,0,1,1,9,0,4,0.0227272727272727,0.0108108108108108,0,0,0,0,0,0,0,1.9
00-0036345,K.Osborn,K.J. Osborn,WR,WR,MIN,2022,6,REG,MIA,0,0,0,0,0,0,0,0,3,5,18,0,23,0.178571428571429,0.137724550898204,0,0,0,0,0,0,0,4.8
00-0036355,J.Herbert,Justin Herbert,QB,QB,LAC,2022,6,REG,DEN,37,57,238,0,1,2,9,0,0,0,0,0,0,0,0,0,0,0,0,0,0,0,8.42
00-0036358,C.Lamb,CeeDee Lamb,WR,WR,DAL,2022,6,REG,PHI,0,0,0,0,0,2,9,0,5,10,68,0,65,0.27027027027027,0.206349206349206,0,0,0,0,0,0,0,12.7
00-0036360,C.Edwards-Helaire,Clyde Edwards-Helaire,RB,RB,KC,2022,6,REG,BUF,0,0,0,0,0,9,33,0,0,0,0,0,0,0,0,0,0,0,0,0,0,0,3.3
00-0036383,E.Benjamin,Eno Benjamin,RB,RB,ARI,2022,6,REG,SEA,0,0,0,0,0,15,37,0,3,3,28,0,-8,0.0833333333333333,-0.024024024024024,0,0,0,0,0,0,0,9.5
00-0036387,J.Reagor,Jalen Reagor,WR,WR,MIN,2022,6,REG,MIA,0,0,0,0,0,0,0,0,0,0,0,0,0,0,0,0,0,0,0,0,0,0,0
00-0036389,J.Hurts,Jalen Hurts,QB,QB,PHI,2022,6,REG,DAL,15,25,155,2,0,9,27,0,0,0,0,0,0,0,0,0,0,0,0,0,0,0,16.9
00-0036407,J.Jeudy,Jerry Jeudy,WR,WR,DEN,2022,6,REG,LAC,0,0,0,0,0,0,0,0,3,7,54,0,111,0.28,0.415730337078652,0,0,0,0,0,0,0,8.4
00-0036410,T.Higgins,Tee Higgins,WR,WR,CIN,2022,6,REG,NO,0,0,0,0,0,0,0,0,6,9,47,0,61,0.25,0.267543859649123,0,0,0,0,0,0,0,10.7
00-0036412,K.Hamler,K.J. Hamler,WR,WR,DEN,2022,6,REG,LAC,0,0,0,0,0,0,0,0,2,3,44,0,58,0.12,0.217228464419476,0,0,0,0,0,0,0,6.4
00-0036422,A.Trautman,Adam Trautman,TE,TE,NO,2022,6,REG,CIN,0,0,0,0,0,0,0,0,1,1,8,0,3,0.032258064516129,0.0102739726027397,0,0,0,0,0,0,0,1.8
00-0036425,D.Dallas,DeeJay Dallas,RB,RB,SEA,2022,6,REG,ARI,0,0,0,0,0,2,1,0,0,0,0,0,0,0,0,0,0,0,0,0,0,0,0.1
00-0036429,C.Woerner,Charlie Woerner,TE,TE,SF,2022,6,REG,ATL,0,0,0,0,0,0,0,0,0,1,0,0,23,0.024390243902439,0.0744336569579288,0,0,0,0,0,0,0,0
00-0036438,S.Sullivan,Stephen Sullivan,TE,TE,CAR,2022,6,REG,LA,0,0,0,0,0,0,0,0,0,0,0,0,0,0,0,0,0,0,0,0,0,0,0
00-0036439,T.Cleveland,Tyrie Cleveland,WR,WR,DEN,2022,6,REG,LAC,0,0,0,0,0,0,0,0,0,0,0,0,0,0,0,0,0,0,0,0,0,0,0
00-0036442,J.Burrow,Joe Burrow,QB,QB,CIN,2022,6,REG,NO,28,37,300,3,0,4,25,1,0,0,0,0,0,0,0,0,0,0,0,0,0,0,32.5
00-0036482,M.Strachan,Mike Strachan,WR,WR,IND,2022,6,REG,JAX,0,0,0,0,0,0,0,0,0,2,0,0,20,0.0357142857142857,0.0668896321070234,0,0,0,0,0,0,0,0
00-0036493,D.Jackson,Deon Jackson,RB,RB,IND,2022,6,REG,JAX,0,0,0,0,0,12,42,1,10,10,79,0,-11,0.178571428571429,-0.0367892976588629,0,0,0,0,0,0,0,28.1
00-0036497,T.Jones,Tim Jones,WR,WR,JAX,2022,6,REG,IND,0,0,0,0,0,0,0,0,1,1,20,0,6,0.0454545454545455,0.0689655172413793,0,0,0,0,0,0,0,3
00-0036555,C.Hubbard,Chuba Hubbard,RB,RB,CAR,2022,6,REG,LA,0,0,0,0,0,2,6,0,1,1,1,0,-3,0.0476190476190476,-0.157894736842105,0,0,0,0,0,0,0,1.7
00-0036569,G.Brightwell,Gary Brightwell,RB,RB,NYG,2022,6,REG,BAL,0,0,0,0,0,0,0,0,0,0,0,0,0,0,0,0,0,0,0,0,0,0,0
00-0036572,S.Smith,Shi Smith,WR,WR,CAR,2022,6,REG,LA,0,0,0,0,0,0,0,0,0,2,0,0,5,0.0952380952380952,0.263157894736842,0,0,0,0,0,0,0,0
00-0036590,Q.Morris,Quintin Morris,TE,TE,BUF,2022,6,REG,KC,0,0,0,0,0,0,0,0,0,0,0,0,0,0,0,0,0,0,0,0,0,0,0
00-0036613,J.Waddle,Jaylen Waddle,WR,WR,MIA,2022,6,REG,MIN,0,0,0,0,0,0,0,0,6,10,129,0,111,0.222222222222222,0.270731707317073,0,0,1,0,0,0,0,16.9
00-0036620,D.Eskridge,D'Wayne Eskridge,WR,WR,SEA,2022,6,REG,ARI,0,0,0,0,0,0,0,0,3,3,39,0,20,0.1,0.0938967136150235,0,0,0,0,0,0,0,6.9
00-0036626,D.Brown,Dyami Brown,WR,WR,WAS,2022,6,REG,CHI,0,0,0,0,0,0,0,0,0,1,0,0,27,0.0454545454545455,0.197080291970803,0,0,0,0,0,0,0,0
00-0036630,T.Wallace,Tylan Wallace,WR,WR,BAL,2022,6,REG,NYG,0,0,0,0,0,0,0,0,1,1,4,0,2,0.03125,0.00645161290322581,0,0,0,0,0,0,0,1.4
00-0036635,I.Smith-Marsette,Ihmir Smith-Marsette,WR,WR,CHI,2022,6,REG,WAS,0,0,0,0,0,1,-1,0,0,1,0,0,13,0.0384615384615385,0.0472727272727273,0,0,0,0,0,0,0,-0.1
00-0036637,N.Gray,Noah Gray,TE,TE,KC,2022,6,REG,BUF,0,0,0,0,0,0,0,0,3,3,13,0,6,0.0857142857142857,0.028436018957346,0,0,0,0,0,0,0,4.3
00-0036671,D.Milne,Dax Milne,WR,WR,WAS,2022,6,REG,CHI,0,0,0,0,0,0,0,0,1,1,5,0,5,0.0454545454545455,0.0364963503649635,0,0,0,0,0,0,0,1.5
00-0036741,J.Stoll,Jack Stoll,TE,TE,PHI,2022,6,REG,DAL,0,0,0,0,0,0,0,0,1,1,21,0,4,0.0454545454545455,0.0300751879699248,0,0,0,0,0,0,0,3.1
00-0036829,C.Huntley,Caleb Huntley,RB,RB,ATL,2022,6,REG,SF,0,0,0,0,0,16,59,0,0,0,0,0,0,0,0,0,0,0,0,0,0,0,5.9
00-0036842,K.Nwangwu,Kene Nwangwu,RB,RB,MIN,2022,6,REG,MIA,0,0,0,0,0,0,0,0,0,0,0,0,0,0,0,0,0,0,0,0,0,0,0
00-0036849,T.Atwell,Tutu Atwell,WR,WR,LA,2022,6,REG,CAR,0,0,0,0,0,1,9,0,0,0,0,0,0,0,0,0,0,0,0,0,0,0,0.9
00-0036857,C.Evans,Chris Evans,RB,RB,CIN,2022,6,REG,NO,0,0,0,0,0,0,0,0,0,0,0,0,0,0,0,0,0,0,0,0,0,0,0
00-0036862,B.Skowronek,Ben Skowronek,WR,WR,LA,2022,6,REG,CAR,0,0,0,0,0,1,17,1,5,5,40,0,26,0.161290322580645,0.178082191780822,0,0,0,0,0,0,0,16.7
00-0036875,R.Stevenson,Rhamondre Stevenson,RB,RB,NE,2022,6,REG,CLE,0,0,0,0,0,19,76,2,4,5,15,0,-4,0.161290322580645,-0.0232558139534884,0,0,0,0,0,0,0,25.1
00-0036876,K.Granson,Kylen Granson,TE,TE,IND,2022,6,REG,JAX,0,0,0,0,0,0,0,0,4,4,38,0,25,0.0714285714285714,0.0836120401337793,0,0,0,0,0,0,0,7.8
00-0036877,J.Darden,Jaelon Darden,WR,WR,TB,2022,6,REG,PIT,0,0,0,0,0,0,0,0,0,0,0,0,0,0,0,0,0,0,0,0,0,0,0
00-0036887,L.Farrell,Luke Farrell,TE,TE,JAX,2022,6,REG,IND,0,0,0,0,0,0,0,0,1,1,11,0,-2,0.0454545454545455,-0.0229885057471264,0,0,0,0,0,0,0,2.1
00-0036893,N.Harris,Najee Harris,RB,RB,PIT,2022,6,REG,TB,0,0,0,0,0,14,42,0,2,3,7,1,-4,0.111111111111111,-0.0213903743315508,0,0,0,0,0,0,0,12.9
00-0036900,J.Chase,Ja'Marr Chase,WR,WR,CIN,2022,6,REG,NO,0,0,0,0,0,0,0,0,7,10,132,2,108,0.277777777777778,0.473684210526316,0,0,0,0,0,0,0,32.2
00-0036906,K.Herbert,Khalil Herbert,RB,RB,CHI,2022,6,REG,WAS,0,0,0,0,0,7,74,0,0,0,0,0,0,0,0,0,0,0,0,0,0,0,7.4
00-0036912,D.Smith,DeVonta Smith,WR,WR,PHI,2022,6,REG,DAL,0,0,0,0,0,0,0,0,5,5,44,1,30,0.227272727272727,0.225563909774436,0,0,0,0,0,0,0,15.4
00-0036919,K.Gainwell,Kenneth Gainwell,RB,RB,PHI,2022,6,REG,DAL,0,0,0,0,0,5,25,0,0,0,0,0,0,0,0,0,0,0,0,0,0,0,2.5
00-0036924,Mi.Carter,Michael Carter,RB,RB,NYJ,2022,6,REG,GB,0,0,0,0,0,6,41,0,1,1,6,0,0,0.0588235294117647,0,0,0,0,0,0,0,0,5.7
00-0036936,R.Moore,Rondale Moore,WR,WR,ARI,2022,6,REG,SEA,0,0,0,0,0,0,0,0,6,10,49,0,44,0.277777777777778,0.132132132132132,0,0,0,0,0,0,0,10.9
00-0036945,J.Fields,Justin Fields,QB,QB,CHI,2022,6,REG,WAS,14,27,190,1,1,12,88,0,0,0,0,0,0,0,0,0,0,0,0,0,0,0,18.4
00-0036950,A.Williams,Avery Williams,RB,RB,ATL,2022,6,REG,SF,0,0,0,0,0,2,6,0,1,1,2,0,-6,0.0714285714285714,-0.0779220779220779,0,0,0,0,0,0,0,1.8
00-0036955,T.Marshall,Terrace Marshall,WR,WR,CAR,2022,6,REG,LA,0,0,0,0,0,0,0,0,0,1,0,0,4,0.0476190476190476,0.210526315789474,0,0,0,0,0,0,0,0
00-0036959,M.Bandy,Michael Bandy,WR,WR,LAC,2022,6,REG,DEN,0,0,0,0,0,0,0,0,1,2,4,0,40,0.0363636363636364,0.118694362017804,0,0,0,0,0,0,0,1.4
00-0036970,K.Pitts,Kyle Pitts,TE,TE,ATL,2022,6,REG,SF,0,0,0,0,0,0,0,0,3,3,19,1,18,0.214285714285714,0.233766233766234,0,0,0,0,0,0,0,10.9
00-0036971,T.Lawrence,Trevor Lawrence,QB,QB,JAX,2022,6,REG,IND,20,22,165,1,0,6,23,2,0,0,0,0,0,0,0,0,0,0,0,0,0,0,24.9
00-0036973,T.Etienne,Travis Etienne,RB,RB,JAX,2022,6,REG,IND,0,0,0,0,0,10,86,0,2,2,22,0,-6,0.0909090909090909,-0.0689655172413793,0,0,0,0,0,0,0,12.8
00-0036988,J.Palmer,Josh Palmer,WR,WR,LAC,2022,6,REG,DEN,0,0,0,0,0,0,0,0,9,12,57,0,49,0.218181818181818,0.14540059347181,0,0,0,0,0,0,0,14.7
00-0036991,Am.Rodgers,Amari Rodgers,WR,WR,GB,2022,6,REG,NYJ,0,0,0,0,0,0,0,0,1,1,14,0,10,0.0227272727272727,0.027027027027027,0,0,0,0,0,0,0,2.4
00-0036999,A.Schwartz,Anthony Schwartz,WR,WR,CLE,2022,6,REG,NE,0,0,0,0,0,0,0,0,0,3,0,0,52,0.0714285714285714,0.0986717267552182,0,0,0,0,0,0,0,0
00-0037004,H.Long,Hunter Long,TE,TE,MIA,2022,6,REG,MIN,0,0,0,0,0,0,0,0,0,0,0,0,0,0,0,0,0,0,0,0,0,0,0
00-0037011,T.McKitty,Tre' McKitty,TE,TE,LAC,2022,6,REG,DEN,0,0,0,0,0,0,0,0,0,0,0,0,0,0,0,0,0,0,0,0,0,0,0
00-0037013,Z.Wilson,Zach Wilson,QB,QB,NYJ,2022,6,REG,GB,10,18,110,0,0,5,1,0,0,0,0,0,0,0,0,0,0,0,0,0,0,0,4.5
00-0037078,C.Turner,Cole Turner,TE,TE,WAS,2022,6,REG,CHI,0,0,0,0,0,0,0,0,2,2,23,0,16,0.0909090909090909,0.116788321167883,0,0,0,0,0,0,0,4.3
00-0037132,B.Covey,Britain Covey,WR,WR,PHI,2022,6,REG,DAL,0,0,0,0,0,0,0,0,0,0,0,0,0,0,0,0,0,0,0,0,0,0,0
00-0037168,A.Rogers,Armani Rogers,TE,TE,WAS,2022,6,REG,CHI,0,0,0,0,0,0,0,0,0,0,0,0,0,0,0,0,0,0,0,0,0,0,0
00-0037197,I.Pacheco,Isiah Pacheco,RB,RB,KC,2022,6,REG,BUF,0,0,0,0,0,2,9,0,2,2,9,0,-9,0.0571428571428571,-0.042654028436019,0,0,0,0,0,0,0,3.8
00-0037228,J.Warren,Jaylen Warren,RB,RB,PIT,2022,6,REG,TB,0,0,0,0,0,2,2,0,0,0,0,0,0,0,0,0,0,0,0,0,0,0,0.2
00-0037238,D.London,Drake London,WR,WR,ATL,2022,6,REG,SF,0,0,0,0,0,0,0,0,3,4,40,0,36,0.285714285714286,0.467532467532468,0,0,0,0,0,0,0,7
00-0037247,G.Pickens,George Pickens,WR,WR,PIT,2022,6,REG,TB,0,0,0,0,0,1,1,0,3,6,27,0,51,0.222222222222222,0.272727272727273,0,0,0,0,0,0,0,5.8
00-0037248,J.Cook,James Cook,RB,RB,BUF,2022,6,REG,KC,0,0,0,0,0,2,8,0,0,0,0,0,0,0,0,0,0,0,0,0,0,0,0.8
00-0037252,G.Dulcich,Greg Dulcich,TE,TE,DEN,2022,6,REG,LAC,0,0,0,0,0,0,0,0,2,3,44,1,34,0.12,0.127340823970037,0,0,0,0,0,0,0,12.4
00-0037256,R.White,Rachaad White,RB,RB,TB,2022,6,REG,PIT,0,0,0,0,0,4,12,0,3,4,11,0,-2,0.108108108108108,-0.00662251655629139,0,0,0,0,0,0,0,5.3
00-0037257,Dav.Bell,David Bell,WR,WR,CLE,2022,6,REG,NE,0,0,0,0,0,0,0,0,1,2,13,0,11,0.0476190476190476,0.0208728652751423,0,0,0,0,0,0,0,2.3
00-0037261,K.Shakir,Khalil Shakir,WR,WR,BUF,2022,6,REG,KC,0,0,0,0,0,0,0,0,1,2,14,0,2,0.0526315789473684,0.00677966101694915,0,0,0,0,0,0,0,2.4
00-0037263,T.Allgeier,Tyler Allgeier,RB,RB,ATL,2022,6,REG,SF,0,0,0,0,0,15,51,0,0,0,0,0,0,0,0,0,0,0,0,0,0,0,5.1
00-0037272,M.Washington,Montrell Washington,WR,WR,DEN,2022,6,REG,LAC,0,0,0,0,0,0,0,0,1,1,0,0,-3,0.04,-0.0112359550561798,0,0,0,0,0,0,0,1
00-0037286,K.Harris,Kevin Harris,RB,RB,NE,2022,6,REG,CLE,0,0,0,0,0,3,5,0,0,0,0,0,0,0,0,0,0,0,0,0,0,0,0.5
00-0037299,K.Ingram,Keaontay Ingram,RB,RB,ARI,2022,6,REG,SEA,0,0,0,0,0,3,7,0,0,0,0,0,0,0,0,0,0,0,0,0,0,0,0.7
00-0037300,M.Woods,Mike Woods,WR,WR,CLE,2022,6,REG,NE,0,0,0,0,0,0,0,0,1,2,15,0,47,0.0476190476190476,0.0891840607210626,0,0,0,0,0,0,0,2.5
00-0037304,Co.Heyward,Connor Heyward,TE,TE,PIT,2022,6,REG,TB,0,0,0,0,0,0,0,0,2,3,49,0,19,0.111111111111111,0.101604278074866,0,0,0,0,0,0,0,6.9
00-0037311,K.Kieft,Ko Kieft,TE,TE,TB,2022,6,REG,PIT,0,0,0,0,0,0,0,0,0,0,0,0,0,0,0,0,0,0,0,0,0,0,0
00-0037327,S.Thompson,Skylar Thompson,QB,QB,MIA,2022,6,REG,MIN,7,13,89,0,0,1,9,0,0,0,0,0,0,0,0,0,0,0,0,0,0,0,4.46
00-0037331,Z.Horvath,Zander Horvath,RB,RB,LAC,2022,6,REG,DEN,0,0,0,0,0,0,0,0,1,1,0,0,0,0.0181818181818182,0,0,0,0,0,0,0,0,1
00-0037348,T.Conner,Tanner Conner,WR,WR,MIA,2022,6,REG,MIN,0,0,0,0,0,0,0,0,0,2,0,0,12,0.0444444444444444,0.0292682926829268,0,0,0,0,0,0,0,0
00-0037429,R.Blackshear,Raheem Blackshear,RB,RB,CAR,2022,6,REG,LA,0,0,0,0,0,0,0,0,0,0,0,0,0,0,0,0,0,0,0,0,0,0,0
00-0037545,R.Shaheed,Rashid Shaheed,WR,WR,NO,2022,6,REG,CIN,0,0,0,0,0,1,44,1,0,1,0,0,37,0.032258064516129,0.126712328767123,0,0,0,0,0,0,0,10.4
00-0037557,R.Rivers,Ronnie Rivers,RB,RB,LA,2022,6,REG,CAR,0,0,0,0,0,1,0,0,1,1,14,0,-4,0.032258064516129,-0.0273972602739726,0,0,0,0,0,0,0,2.4
00-0037569,P.Hendershot,Peyton Hendershot,TE,TE,DAL,2022,6,REG,PHI,0,0,0,0,0,0,0,0,2,5,22,0,51,0.135135135135135,0.161904761904762,0,0,0,0,0,0,0,4.2
00-0037664,A.Pierce,Alec Pierce,WR,WR,IND,2022,6,REG,JAX,0,0,0,0,0,0,0,0,3,7,49,1,87,0.125,0.290969899665552,0,0,0,0,0,0,0,13.9
00-0037740,G.Wilson,Garrett Wilson,WR,WR,NYJ,2022,6,REG,GB,0,0,0,0,0,0,0,0,1,5,8,0,33,0.294117647058824,0.297297297297297,0,0,0,0,0,0,0,1.8
00-0037744,T.McBride,Trey McBride,TE,TE,ARI,2022,6,REG,SEA,0,0,0,0,0,0,0,0,0,0,0,0,0,0,0,0,0,0,0,0,0,0,0
00-0037745,V.Jones,Velus Jones,RB,RB,CHI,2022,6,REG,WAS,0,0,0,0,0,1,8,0,1,1,10,0,-3,0.0384615384615385,-0.0109090909090909,0,0,0,0,0,0,0,2.8
00-0037746,B.Robinson,Brian Robinson,RB,RB,WAS,2022,6,REG,CHI,0,0,0,0,0,17,60,1,0,0,0,0,0,0,0,0,0,0,0,0,0,0,12
00-0037755,J.Woods,Jelani Woods,TE,TE,IND,2022,6,REG,JAX,0,0,0,0,0,0,0,0,2,3,27,1,39,0.0535714285714286,0.130434782608696,0,0,0,0,0,0,0,10.7
00-0037801,K.Turpin,Kavontae Turpin,WR,WR,DAL,2022,6,REG,PHI,0,0,0,0,0,0,0,0,0,1,0,0,9,0.027027027027027,0.0285714285714286,0,0,0,0,0,0,0,0
00-0037816,R.Doubs,Romeo Doubs,WR,WR,GB,2022,6,REG,NYJ,0,0,0,0,0,0,0,0,4,9,21,0,113,0.204545454545455,0.305405405405405,0,0,0,0,0,0,0,6.1
00-0037838,I.Likely,Isaiah Likely,TE,TE,BAL,2022,6,REG,NYG,0,0,0,0,0,0,0,0,2,4,30,0,26,0.125,0.0838709677419355,0,0,0,0,0,0,0,5
00-0038041,J.Ferguson,Jake Ferguson,TE,TE,DAL,2022,6,REG,PHI,0,0,0,0,0,0,0,0,4,6,40,1,49,0.162162162162162,0.155555555555556,0,0,0,0,0,0,0,14
00-0038090,S.Moore,Skyy Moore,WR,WR,KC,2022,6,REG,BUF,0,0,0,0,0,0,0,0,1,3,24,0,21,0.0857142857142857,0.0995260663507109,0,0,0,0,0,0,0,3.4
00-0038098,P.Strong,Pierre Strong,RB,RB,NE,2022,6,REG,CLE,0,0,0,0,0,1,5,0,0,0,0,0,0,0,0,0,0,0,0,0,0,0,0.5
00-0038102,K.Pickett,Kenny Pickett,QB,QB,PIT,2022,6,REG,TB,11,18,67,1,0,2,16,0,0,0,0,0,0,0,0,0,0,0,0,0,0,0,8.28
00-0038104,T.Thornton,Tyquan Thornton,WR,WR,NE,2022,6,REG,CLE,0,0,0,0,0,3,16,1,4,5,37,1,16,0.161290322580645,0.0930232558139535,0,0,0,0,0,0,0,21.3
00-0038108,B.Zappe,Bailey Zappe,QB,QB,NE,2022,6,REG,CLE,24,34,309,2,0,3,-4,0,1,1,-6,0,-8,0.032258064516129,-0.0465116279069768,1,0,0,0,0,0,0,18.36
00-0038115,D.Bellinger,Daniel Bellinger,TE,TE,NYG,2022,6,REG,BAL,0,0,0,0,0,0,0,0,5,5,38,1,15,0.2,0.0837988826815642,0,0,0,0,0,0,0,14.8
00-0038117,W.Robinson,Wan'Dale Robinson,WR,WR,NYG,2022,6,REG,BAL,0,0,0,0,0,0,0,0,3,4,37,1,36,0.16,0.201117318435754,0,0,0,0,0,0,0,12.7
00-0038120,Br.Hall,Breece Hall,RB,RB,NYJ,2022,6,REG,GB,0,0,0,0,0,20,116,1,2,2,5,0,-6,0.117647058823529,-0.0540540540540541,0,0,0,0,0,0,0,20.1
00-0038129,C.Otton,Cade Otton,TE,TE,TB,2022,6,REG,PIT,0,0,0,0,0,0,0,0,2,3,23,0,36,0.0810810810810811,0.119205298013245,0,0,0,0,0,0,0,4.3
00-0038134,K.Walker,Kenneth Walker,RB,RB,SEA,2022,6,REG,ARI,0,0,0,0,0,21,97,1,2,3,13,0,-9,0.1,-0.0422535211267606,0,0,0,0,0,0,0,19
00-0019596,T.Brady,Tom Brady,QB,QB,TB,2022,7,REG,CAR,32,49,290,0,0,1,1,0,0,0,0,0,0,0,0,0,0,0,0,0,0,0,11.7
00-0023459,A.Rodgers,Aaron Rodgers,QB,QB,GB,2022,7,REG,WAS,23,35,194,2,0,0,0,0,0,0,0,0,0,0,0,0,0,0,0,0,0,0,15.76
00-0026143,M.Ryan,Matt Ryan,QB,QB,IND,2022,7,REG,TEN,33,44,243,1,2,1,2,0,0,0,0,0,0,0,0,0,0,0,0,0,0,0,9.92
00-0026197,C.Henne,Chad Henne,QB,QB,KC,2022,7,REG,SF,0,2,0,0,0,3,-3,0,0,0,0,0,0,0,0,0,0,0,0,0,0,0,-0.3
00-0027966,M.Ingram,Mark Ingram,RB,RB,NO,2022,7,REG,ARI,0,0,0,0,0,4,6,0,3,3,16,0,4,0.0652173913043478,0.0103092783505155,0,0,0,0,0,0,0,5.2
00-0027973,A.Dalton,Andy Dalton,QB,QB,NO,2022,7,REG,ARI,30,47,361,4,3,4,21,0,0,0,0,0,0,0,0,0,0,0,0,0,0,0,26.54
00-0027981,K.Rudolph,Kyle Rudolph,TE,TE,TB,2022,7,REG,CAR,0,0,0,0,0,0,0,0,1,1,8,0,5,0.0208333333333333,0.0139275766016713,0,0,0,0,0,0,0,1.8
00-0029239,B.Bolden,Brandon Bolden,RB,RB,LV,2022,7,REG,HOU,0,0,0,0,0,0,0,0,0,0,0,0,0,0,0,0,0,0,0,0,0,0,0
00-0029293,M.Jones,Marvin Jones,WR,WR,JAX,2022,7,REG,NYG,0,0,0,0,0,0,0,0,4,8,57,0,122,0.186046511627907,0.257383966244726,0,0,0,0,0,0,0,9.7
00-0029701,R.Tannehill,Ryan Tannehill,QB,QB,TEN,2022,7,REG,IND,13,20,132,0,0,4,6,0,0,0,0,0,0,0,0,0,1,0,0,0,0,0,3.88
00-0030061,Z.Ertz,Zach Ertz,TE,TE,ARI,2022,7,REG,NO,0,0,0,0,0,0,0,0,2,4,21,0,28,0.137931034482759,0.12962962962963,0,0,0,0,0,1,0,6.1
00-0030068,M.Goodwin,Marquise Goodwin,WR,WR,SEA,2022,7,REG,LAC,0,0,0,0,0,0,0,0,4,5,67,2,66,0.192307692307692,0.320388349514563,0,0,0,0,0,0,0,22.7
00-0030108,R.Griffin,Ryan Griffin,TE,TE,CHI,2022,7,REG,NE,0,0,0,0,0,0,0,0,1,1,5,0,-1,0.0476190476190476,-0.00487804878048781,0,0,0,0,0,0,0,1.5
00-0030279,K.Allen,Keenan Allen,WR,WR,LAC,2022,7,REG,SEA,0,0,0,0,0,0,0,0,2,2,11,0,5,0.0392156862745098,0.0155763239875389,0,0,0,0,0,0,0,3.1
00-0030288,R.Burkhead,Rex Burkhead,RB,RB,HOU,2022,7,REG,LV,0,0,0,0,0,2,8,0,5,6,11,0,1,0.15,0.00450450450450451,0,0,0,0,0,0,0,6.9
00-0030431,R.Woods,Robert Woods,WR,WR,TEN,2022,7,REG,IND,0,0,0,0,0,0,0,0,3,4,26,0,30,0.2,0.208333333333333,0,0,0,0,0,0,0,5.6
00-0030506,T.Kelce,Travis Kelce,TE,TE,KC,2022,7,REG,SF,0,0,0,0,0,0,0,0,6,8,98,0,45,0.235294117647059,0.172413793103448,0,0,0,0,0,0,0,15.8
00-0030513,L.Murray,Latavius Murray,RB,RB,DEN,2022,7,REG,NYJ,0,0,0,0,0,8,24,1,2,3,-1,0,-7,0.0666666666666667,-0.01440329218107,0,0,0,0,0,0,0,10.3
00-0030564,D.Hopkins,DeAndre Hopkins,WR,WR,ARI,2022,7,REG,NO,0,0,0,0,0,0,0,0,10,14,103,0,131,0.482758620689655,0.606481481481482,0,0,0,0,0,0,0,20.3
00-0030565,G.Smith,Geno Smith,QB,QB,SEA,2022,7,REG,LAC,20,27,210,2,1,4,7,0,0,0,0,0,0,0,0,0,1,0,0,0,0,0,13.1
00-0031236,B.Cooks,Brandin Cooks,WR,WR,HOU,2022,7,REG,LV,0,0,0,0,0,0,0,0,4,5,46,0,35,0.125,0.157657657657658,0,0,0,0,0,0,0,8.6
00-0031280,D.Carr,Derek Carr,QB,QB,LV,2022,7,REG,HOU,21,27,241,1,0,3,-1,0,0,0,0,0,0,0,0,0,0,0,0,0,0,0,13.54
00-0031325,S.Watkins,Sammy Watkins,WR,WR,GB,2022,7,REG,WAS,0,0,0,0,0,0,0,0,2,4,36,0,85,0.121212121212121,0.44973544973545,0,0,0,0,0,0,0,5.6
00-0031345,J.Garoppolo,Jimmy Garoppolo,QB,QB,SF,2022,7,REG,KC,25,37,303,2,1,2,2,0,0,0,0,0,0,0,0,1,0,0,0,0,0,0,16.32
00-0031376,J.McKinnon,Jerick McKinnon,RB,RB,KC,2022,7,REG,SF,0,0,0,0,0,2,12,0,2,3,36,0,2,0.0882352941176471,0.00766283524904215,0,0,0,0,0,0,0,6.8
00-0031381,D.Adams,Davante Adams,WR,WR,LV,2022,7,REG,HOU,0,0,0,0,0,0,0,0,8,9,95,0,92,0.346153846153846,0.467005076142132,0,0,0,0,0,0,0,17.5
00-0031408,M.Evans,Mike Evans,WR,WR,TB,2022,7,REG,CAR,0,0,0,0,0,0,0,0,9,15,96,0,217,0.3125,0.604456824512535,0,0,0,0,0,0,0,18.6
00-0031484,C.Manhertz,Chris Manhertz,TE,TE,JAX,2022,7,REG,NYG,0,0,0,0,0,0,0,0,0,0,0,0,0,0,0,0,0,0,0,0,0,0,0
00-0031544,A.Cooper,Amari Cooper,WR,WR,CLE,2022,7,REG,BAL,0,0,0,0,0,0,0,0,3,4,74,0,84,0.16,0.471910112359551,0,0,0,0,0,0,0,10.4
00-0031545,K.White,Kevin White,WR,WR,NO,2022,7,REG,ARI,0,0,0,0,0,0,0,0,1,1,64,0,2,0.0217391304347826,0.00515463917525773,0,0,0,0,0,0,0,7.4
00-0031547,D.Parker,DeVante Parker,WR,WR,NE,2022,7,REG,CHI,0,0,0,0,0,0,0,0,3,5,68,0,84,0.178571428571429,0.344262295081967,0,0,0,0,0,0,0,9.8
00-0031549,N.Agholor,Nelson Agholor,WR,WR,NE,2022,7,REG,CHI,0,0,0,0,0,0,0,0,0,1,0,0,6,0.0357142857142857,0.0245901639344262,0,0,0,0,0,0,0,0
00-0031687,R.Mostert,Raheem Mostert,RB,RB,MIA,2022,7,REG,PIT,0,0,0,0,0,16,79,0,4,5,30,1,14,0.142857142857143,0.0405797101449275,0,0,0,0,0,0,0,20.9
00-0031690,E.Tomlinson,Eric Tomlinson,TE,TE,DEN,2022,7,REG,NYJ,0,0,0,0,0,0,0,0,2,2,21,0,4,0.0444444444444444,0.00823045267489712,0,0,0,0,0,0,0,4.1
00-0031763,D.Carter,DeAndre Carter,WR,WR,LAC,2022,7,REG,SEA,0,0,0,0,0,0,0,0,3,7,37,0,71,0.137254901960784,0.221183800623053,0,0,0,0,0,0,0,6.7
00-0031800,T.Heinicke,Taylor Heinicke,QB,QB,WAS,2022,7,REG,GB,20,33,201,2,1,2,4,0,0,0,0,0,0,0,0,0,0,0,0,0,0,0,14.44
00-0031868,D.Byrd,Damiere Byrd,WR,WR,ATL,2022,7,REG,CIN,0,0,0,0,0,0,0,0,1,1,75,1,41,0.0833333333333333,0.376146788990826,0,0,0,0,0,0,0,14.5
00-0032104,A.Abdullah,Ameer Abdullah,RB,RB,LV,2022,7,REG,HOU,0,0,0,0,0,0,0,0,2,2,7,0,-7,0.0769230769230769,-0.0355329949238579,0,0,0,0,0,0,0,2.7
00-0032134,C.Uzomah,C.J. Uzomah,TE,TE,NYJ,2022,7,REG,DEN,0,0,0,0,0,0,0,0,1,2,5,0,8,0.0869565217391304,0.0650406504065041,0,0,0,0,0,0,0,1.5
00-0032141,G.Swaim,Geoff Swaim,TE,TE,TEN,2022,7,REG,IND,0,0,0,0,0,0,0,0,0,1,0,0,13,0.05,0.0902777777777778,0,0,0,0,0,0,0,0
00-0032144,M.Gordon,Melvin Gordon,RB,RB,DEN,2022,7,REG,NYJ,0,0,0,0,0,11,33,0,2,4,17,0,9,0.0888888888888889,0.0185185185185185,0,0,0,0,0,0,0,7
00-0032208,P.Dorsett,Phillip Dorsett,WR,WR,HOU,2022,7,REG,LV,0,0,0,0,0,0,0,0,2,3,45,1,48,0.075,0.216216216216216,0,0,0,0,0,0,0,12.5
00-0032211,T.Lockett,Tyler Lockett,WR,WR,SEA,2022,7,REG,LAC,0,0,0,0,0,0,0,0,7,8,45,0,43,0.307692307692308,0.20873786407767,0,0,0,0,0,0,0,11.5
00-0032268,M.Mariota,Marcus Mariota,QB,QB,ATL,2022,7,REG,CIN,8,13,124,1,0,6,31,0,0,0,0,0,0,0,0,0,0,0,0,0,0,0,12.06
00-0032392,A.Hooper,Austin Hooper,TE,TE,TEN,2022,7,REG,IND,0,0,0,0,0,0,0,0,3,3,56,0,43,0.15,0.298611111111111,0,0,0,0,0,0,0,8.6
00-0032398,C.Moore,Chris Moore,WR,WR,HOU,2022,7,REG,LV,0,0,0,0,0,0,0,0,2,4,20,1,33,0.1,0.148648648648649,0,0,0,0,0,0,0,10
00-0032450,D.Washington,Dwayne Washington,RB,RB,NO,2022,7,REG,ARI,0,0,0,0,0,0,0,0,0,0,0,0,0,0,0,0,0,0,0,0,0,0,0
00-0032464,K.Raymond,Kalif Raymond,WR,WR,DET,2022,7,REG,DAL,0,0,0,0,0,2,20,0,5,6,75,0,48,0.24,0.307692307692308,0,0,0,0,0,0,0,14.5
00-0032602,J.McKissic,J.D. McKissic,RB,RB,WAS,2022,7,REG,GB,0,0,0,0,0,1,4,0,0,2,0,0,8,0.0625,0.0412371134020619,0,0,0,0,0,0,0,0.4
00-0032688,R.Anderson,Robbie Chosen,WR,WR,ARI,2022,7,REG,NO,0,0,0,0,0,0,0,0,0,1,0,0,42,0.0344827586206897,0.194444444444444,0,0,0,0,0,0,0,0
00-0032725,S.Anderson,Stephen Anderson,TE,TE,ARI,2022,7,REG,NO,0,0,0,0,0,0,0,0,0,0,0,0,0,0,0,0,0,0,0,0,0,0,0
00-0032764,D.Henry,Derrick Henry,RB,RB,TEN,2022,7,REG,IND,0,0,0,0,0,30,128,0,3,3,10,0,-9,0.15,-0.0625,0,0,0,0,0,0,0,16.8
00-0032980,M.Johnson,Marcus Johnson,WR,WR,NYG,2022,7,REG,JAX,0,0,0,0,0,0,0,0,0,3,0,0,22,0.103448275862069,0.105769230769231,0,0,0,0,0,0,0,0
00-0033009,T.Boyd,Tyler Boyd,WR,WR,CIN,2022,7,REG,ATL,0,0,0,0,0,0,0,0,8,9,155,1,117,0.214285714285714,0.322314049586777,0,0,0,0,0,0,0,29.5
00-0033040,T.Hill,Tyreek Hill,WR,WR,MIA,2022,7,REG,PIT,0,0,0,0,0,0,0,0,7,13,72,0,171,0.371428571428571,0.495652173913044,0,0,0,0,0,0,0,14.2
00-0033045,E.Elliott,Ezekiel Elliott,RB,RB,DAL,2022,7,REG,DET,0,0,0,0,0,15,57,2,0,0,0,0,0,0,0,0,0,0,0,0,0,0,17.7
00-0033077,D.Prescott,Dak Prescott,QB,QB,DAL,2022,7,REG,DET,19,25,207,1,0,3,0,0,0,0,0,0,0,0,0,0,0,0,0,0,0,0,12.28
00-0033090,H.Henry,Hunter Henry,TE,TE,NE,2022,7,REG,CHI,0,0,0,0,0,0,0,0,1,2,12,0,12,0.0714285714285714,0.0491803278688525,0,0,0,0,0,0,0,2.2
00-0033106,J.Goff,Jared Goff,QB,QB,DET,2022,7,REG,DAL,21,26,228,0,2,1,4,0,0,0,0,0,0,0,0,2,0,0,0,0,0,0,1.52
00-0033118,K.Drake,Kenyan Drake,RB,RB,BAL,2022,7,REG,CLE,0,0,0,0,0,11,5,0,0,1,0,0,-5,0.0625,-0.0588235294117647,0,0,0,0,0,0,0,0.5
00-0033119,J.Brissett,Jacoby Brissett,QB,QB,CLE,2022,7,REG,BAL,22,27,258,0,0,3,18,0,0,0,0,0,0,0,0,1,0,0,0,0,0,0,10.12
00-0033275,P.Walker,P.J. Walker,QB,QB,CAR,2022,7,REG,TB,16,22,177,2,0,0,0,0,0,0,0,0,0,0,0,0,0,0,0,0,0,0,15.08
00-0033280,C.McCaffrey,Christian McCaffrey,RB,RB,SF,2022,7,REG,KC,0,0,0,0,0,8,38,0,2,2,24,0,-4,0.0434782608695652,-0.0117302052785924,0,0,0,0,0,0,0,8.2
00-0033282,C.Samuel,Curtis Samuel,WR,WR,WAS,2022,7,REG,GB,0,0,0,0,0,5,26,0,5,8,53,0,39,0.25,0.201030927835052,0,0,0,0,0,0,0,12.9
00-0033288,G.Kittle,George Kittle,TE,TE,SF,2022,7,REG,KC,0,0,0,0,0,0,0,0,6,9,98,1,96,0.195652173913043,0.281524926686217,0,0,0,0,0,0,0,21.8
00-0033292,T.Taylor,Trent Taylor,WR,WR,CIN,2022,7,REG,ATL,0,0,0,0,0,0,0,0,0,0,0,0,0,0,0,0,0,0,0,0,0,0,0
00-0033293,A.Jones,Aaron Jones,RB,RB,GB,2022,7,REG,WAS,0,0,0,0,0,8,23,0,9,10,53,2,-14,0.303030303030303,-0.0740740740740741,0,0,0,0,0,0,0,28.6
00-0033308,M.Breida,Matt Breida,RB,RB,NYG,2022,7,REG,JAX,0,0,0,0,0,4,19,0,1,1,14,0,2,0.0344827586206897,0.00961538461538462,0,0,0,0,0,0,0,4.3
00-0033357,T.Hill,Taysom Hill,TE,TE,NO,2022,7,REG,ARI,2,2,48,0,0,3,9,0,1,1,3,1,-3,0.0217391304347826,-0.0077319587628866,0,0,0,0,0,0,0,10.12
00-0033386,C.Hollister,Cody Hollister,WR,WR,TEN,2022,7,REG,IND,0,0,0,0,0,0,0,0,2,2,32,0,24,0.1,0.166666666666667,0,0,0,0,0,0,0,5.2
00-0033481,M.Kemp,Marcus Kemp,WR,WR,KC,2022,7,REG,SF,0,0,0,0,0,0,0,0,0,0,0,0,0,0,0,0,0,0,0,0,0,0,0
00-0033526,S.Perine,Samaje Perine,RB,RB,CIN,2022,7,REG,ATL,0,0,0,0,0,1,0,0,2,2,8,0,-1,0.0476190476190476,-0.00275482093663912,0,0,0,0,0,0,0,2.8
00-0033536,M.Williams,Mike Williams,WR,WR,LAC,2022,7,REG,SEA,0,0,0,0,0,0,0,0,7,9,86,1,98,0.176470588235294,0.305295950155763,0,0,0,0,0,0,0,21.6
00-0033555,M.Hollins,Mack Hollins,WR,WR,LV,2022,7,REG,HOU,0,0,0,0,0,0,0,0,2,3,44,1,40,0.115384615384615,0.203045685279188,0,0,0,0,0,0,0,12.4
00-0033576,E.Saubert,Eric Saubert,TE,TE,DEN,2022,7,REG,NYJ,0,0,0,0,0,0,0,0,0,1,0,0,19,0.0222222222222222,0.0390946502057613,0,0,0,0,0,0,0,0
00-0033591,N.Brown,Noah Brown,WR,WR,DAL,2022,7,REG,DET,0,0,0,0,0,0,0,0,5,7,50,0,84,0.28,0.311111111111111,0,0,1,0,0,0,0,8
00-0033699,A.Ekeler,Austin Ekeler,RB,RB,LAC,2022,7,REG,SEA,0,0,0,0,0,9,31,1,12,12,96,1,5,0.235294117647059,0.0155763239875389,0,0,0,0,0,0,0,36.7
00-0033757,R.Tonyan,Robert Tonyan,TE,TE,GB,2022,7,REG,WAS,0,0,0,0,0,0,0,0,3,4,32,0,21,0.121212121212121,0.111111111111111,0,0,0,0,0,0,0,6.2
00-0033854,D.Ogunbowale,Dare Ogunbowale,RB,RB,HOU,2022,7,REG,LV,0,0,0,0,0,1,8,0,5,7,54,0,15,0.175,0.0675675675675676,0,0,0,0,0,0,0,11.2
00-0033856,L.Fournette,Leonard Fournette,RB,RB,TB,2022,7,REG,CAR,0,0,0,0,0,8,19,0,2,3,7,0,-12,0.0625,-0.0334261838440111,0,0,0,0,0,0,0,4.6
00-0033857,J.Smith-Schuster,JuJu Smith-Schuster,WR,WR,KC,2022,7,REG,SF,0,0,0,0,0,0,0,0,7,8,124,1,73,0.235294117647059,0.279693486590038,0,0,0,0,0,0,0,25.4
00-0033858,J.Smith,Jonnu Smith,TE,TE,NE,2022,7,REG,CHI,0,0,0,0,0,0,0,0,1,3,4,0,26,0.107142857142857,0.10655737704918,0,0,0,0,0,0,0,1.4
00-0033871,C.Davis,Corey Davis,WR,WR,NYJ,2022,7,REG,DEN,0,0,0,0,0,0,0,0,0,1,0,0,21,0.0434782608695652,0.170731707317073,0,0,0,0,0,0,0,0
00-0033873,P.Mahomes,Patrick Mahomes,QB,QB,KC,2022,7,REG,SF,25,34,423,3,1,0,0,0,0,0,0,0,0,0,0,0,0,0,0,0,0,0,26.92
00-0033881,E.Engram,Evan Engram,TE,TE,JAX,2022,7,REG,NYG,0,0,0,0,0,0,0,0,4,7,67,0,63,0.162790697674419,0.132911392405063,0,0,0,0,0,0,0,10.7
00-0033885,D.Njoku,David Njoku,TE,TE,CLE,2022,7,REG,BAL,0,0,0,0,0,0,0,0,7,7,71,0,21,0.28,0.117977528089888,0,0,0,0,0,0,0,14.1
00-0033891,Z.Jones,Zay Jones,WR,WR,JAX,2022,7,REG,NYG,0,0,0,0,0,1,14,0,4,10,54,0,102,0.232558139534884,0.215189873417722,0,0,0,0,0,0,0,10.8
00-0033895,G.Everett,Gerald Everett,TE,TE,LAC,2022,7,REG,SEA,0,0,0,0,0,0,0,0,5,9,63,0,80,0.176470588235294,0.249221183800623,0,0,0,0,0,0,0,11.3
00-0033897,J.Mixon,Joe Mixon,RB,RB,CIN,2022,7,REG,ATL,0,0,0,0,0,17,58,1,3,3,33,0,8,0.0714285714285714,0.0220385674931129,0,0,0,0,0,0,0,18.1
00-0033906,A.Kamara,Alvin Kamara,RB,RB,NO,2022,7,REG,ARI,0,0,0,0,0,11,49,0,7,9,56,0,16,0.195652173913043,0.0412371134020619,0,0,0,0,0,0,0,17.5
00-0033921,C.Godwin,Chris Godwin,WR,WR,TB,2022,7,REG,CAR,0,0,0,0,0,1,2,0,7,13,43,0,69,0.270833333333333,0.192200557103064,0,0,0,0,0,0,0,11.5
00-0033923,K.Hunt,Kareem Hunt,RB,RB,CLE,2022,7,REG,BAL,0,0,0,0,0,5,4,1,1,2,4,0,-6,0.08,-0.0337078651685393,0,0,0,0,0,0,0,7.8
00-0033925,D.Foreman,D'Onta Foreman,RB,RB,CAR,2022,7,REG,TB,0,0,0,0,0,15,118,0,2,2,27,0,0,0.0952380952380952,0,0,0,0,0,0,0,0,16.5
00-0033943,J.Reynolds,Josh Reynolds,WR,WR,DET,2022,7,REG,DAL,0,0,0,0,0,0,0,0,1,2,8,0,41,0.08,0.262820512820513,0,0,0,0,0,0,0,1.8
00-0033948,Ja.Williams,Jamaal Williams,RB,RB,DET,2022,7,REG,DAL,0,0,0,0,0,15,79,0,1,1,4,0,0,0.04,0,0,1,0,0,0,0,0,7.3
00-0034011,D.Arnold,Dan Arnold,TE,TE,JAX,2022,7,REG,NYG,0,0,0,0,0,0,0,0,1,1,24,0,0,0.0232558139534884,0,0,0,0,0,0,0,0,3.4
00-0034104,C.Sims,Cam Sims,WR,WR,WAS,2022,7,REG,GB,0,0,0,0,0,0,0,0,1,2,12,0,-10,0.0625,-0.0515463917525773,0,0,0,0,0,0,0,2.2
00-0034115,J.Wilson,Jeffery Wilson,RB,RB,SF,2022,7,REG,KC,0,0,0,0,0,7,54,0,0,1,0,0,8,0.0217391304347826,0.0234604105571848,0,0,0,0,0,0,0,5.4
00-0034159,W.Dissly,Will Dissly,TE,TE,SEA,2022,7,REG,LAC,0,0,0,0,0,0,0,0,4,4,45,0,23,0.153846153846154,0.111650485436893,0,0,0,0,0,0,0,8.5
00-0034184,G.Edwards,Gus Edwards,RB,RB,BAL,2022,7,REG,CLE,0,0,0,0,0,16,66,2,0,1,0,0,2,0.0625,0.0235294117647059,0,0,0,0,0,0,0,18.6
00-0034193,K.Rader,Kevin Rader,TE,TE,TEN,2022,7,REG,IND,0,0,0,0,0,0,0,0,0,0,0,0,0,0,0,0,0,0,0,0,0,0,0
00-0034208,M.Boone,Mike Boone,RB,RB,DEN,2022,7,REG,NYJ,0,0,0,0,0,4,23,0,0,0,0,0,0,0,0,0,0,0,0,0,0,0,2.3
00-0034253,D.Hilliard,Dontrell Hilliard,RB,RB,TEN,2022,7,REG,IND,0,0,0,0,0,1,4,0,0,2,0,0,8,0.1,0.0555555555555556,0,0,0,0,0,0,0,0.4
00-0034270,T.Conklin,Tyler Conklin,TE,TE,NYJ,2022,7,REG,DEN,0,0,0,0,0,0,0,0,4,6,22,0,54,0.260869565217391,0.439024390243902,0,0,0,0,0,0,0,6.2
00-0034272,M.Valdes-Scantling,Marquez Valdes-Scantling,WR,WR,KC,2022,7,REG,SF,0,0,0,0,0,0,0,0,3,4,111,0,106,0.117647058823529,0.406130268199234,0,0,0,0,0,0,0,14.1
00-0034279,E.St. Brown,Equanimeous St. Brown,WR,WR,CHI,2022,7,REG,NE,0,0,0,0,0,0,0,0,4,7,48,0,70,0.333333333333333,0.341463414634146,0,0,0,0,0,0,0,8.8
00-0034286,R.James,Richie James,WR,WR,NYG,2022,7,REG,JAX,0,0,0,0,0,0,0,0,1,2,2,0,13,0.0689655172413793,0.0625,0,0,0,0,0,0,0,1.2
00-0034348,C.Sutton,Courtland Sutton,WR,WR,DEN,2022,7,REG,NYJ,0,0,0,0,0,0,0,0,3,9,23,0,135,0.2,0.277777777777778,0,0,0,0,0,0,0,5.3
00-0034364,J.Akins,Jordan Akins,TE,TE,HOU,2022,7,REG,LV,0,0,0,0,0,0,0,0,3,4,68,0,31,0.1,0.13963963963964,0,0,0,0,0,0,0,9.8
00-0034365,I.Thomas,Ian Thomas,TE,TE,CAR,2022,7,REG,TB,0,0,0,0,0,0,0,0,1,1,3,0,-6,0.0476190476190476,-0.0320855614973262,0,0,0,0,0,0,0,1.3
00-0034367,N.Hines,Nyheim Miller-Hines,RB,RB,IND,2022,7,REG,TEN,0,0,0,0,0,4,2,0,5,5,41,0,1,0.121951219512195,0.00564971751412429,0,0,0,0,0,0,0,9.3
00-0034383,D.Schultz,Dalton Schultz,TE,TE,DAL,2022,7,REG,DET,0,0,0,0,0,0,0,0,5,5,49,0,25,0.2,0.0925925925925926,0,0,0,0,0,0,0,9.9
00-0034386,Ju.Watson,Justin Watson,WR,WR,KC,2022,7,REG,SF,0,0,0,0,0,0,0,0,1,2,4,1,9,0.0588235294117647,0.0344827586206897,0,0,0,0,0,0,0,7.4
00-0034407,R.McCloud,Ray-Ray McCloud,WR,WR,SF,2022,7,REG,KC,0,0,0,0,0,0,0,0,4,4,65,1,60,0.0869565217391304,0.175953079178886,0,0,0,0,0,0,0,16.5
00-0034411,R.Gage,Russell Gage,WR,WR,TB,2022,7,REG,CAR,0,0,0,0,0,0,0,0,4,5,39,0,27,0.104166666666667,0.0752089136490251,0,0,0,0,0,0,0,7.9
00-0034418,C.Wilson,Cedrick Wilson,WR,WR,MIA,2022,7,REG,PIT,0,0,0,0,0,0,0,0,0,0,0,0,0,0,0,0,0,0,0,0,0,0,0
00-0034419,B.Berrios,Braxton Berrios,WR,WR,NYJ,2022,7,REG,DEN,0,0,0,0,0,2,27,0,3,4,15,0,19,0.173913043478261,0.154471544715447,0,0,0,0,0,0,0,7.2
00-0034440,J.Jackson,Justin Jackson,RB,RB,DET,2022,7,REG,DAL,0,0,0,0,0,3,2,0,0,0,0,0,0,0,0,0,0,0,0,0,0,0,0.2
00-0034487,T.Sherfield,Trent Sherfield,WR,WR,MIA,2022,7,REG,PIT,0,0,0,0,0,0,0,0,3,3,44,0,34,0.0857142857142857,0.0985507246376812,0,0,0,0,0,0,0,7.4
00-0034521,A.Lazard,Allen Lazard,WR,WR,GB,2022,7,REG,WAS,0,0,0,0,0,0,0,0,6,7,55,0,31,0.212121212121212,0.164021164021164,0,0,0,0,0,0,0,11.5
00-0034613,T.Hudson,Tanner Hudson,TE,TE,NYG,2022,7,REG,JAX,0,0,0,0,0,0,0,0,0,1,0,0,2,0.0344827586206897,0.00961538461538462,0,0,0,0,0,0,0,0
00-0034681,C.Edmonds,Chase Edmonds,RB,RB,MIA,2022,7,REG,PIT,0,0,0,0,0,7,17,0,0,2,0,0,4,0.0571428571428571,0.0115942028985507,0,0,0,0,0,0,0,1.7
00-0034753,M.Andrews,Mark Andrews,TE,TE,BAL,2022,7,REG,CLE,0,0,0,0,0,1,4,0,0,2,0,0,21,0.125,0.247058823529412,0,0,0,0,0,0,0,0.4
00-0034764,M.Gallup,Michael Gallup,WR,WR,DAL,2022,7,REG,DET,0,0,0,0,0,0,0,0,0,2,0,0,48,0.08,0.177777777777778,0,0,0,0,0,0,0,0
00-0034765,T.Smith,Tre'Quan Smith,WR,WR,NO,2022,7,REG,ARI,0,0,0,0,0,0,0,0,5,6,59,0,47,0.130434782608696,0.121134020618557,0,0,0,0,0,0,0,10.9
00-0034775,C.Kirk,Christian Kirk,WR,WR,JAX,2022,7,REG,NYG,0,1,0,0,0,1,5,0,7,10,96,0,130,0.232558139534884,0.274261603375527,0,0,0,0,0,0,0,17.1
00-0034791,N.Chubb,Nick Chubb,RB,RB,CLE,2022,7,REG,BAL,0,0,0,0,0,16,91,1,2,3,16,0,-8,0.12,-0.0449438202247191,0,0,0,0,0,0,0,18.7
00-0034796,L.Jackson,Lamar Jackson,QB,QB,BAL,2022,7,REG,CLE,9,16,120,0,0,10,59,0,0,0,0,0,0,0,0,0,0,0,0,0,0,0,10.7
00-0034827,D.Moore,D.J. Moore,WR,WR,CAR,2022,7,REG,TB,0,0,0,0,0,1,-3,0,7,10,69,1,88,0.476190476190476,0.470588235294118,0,0,0,0,0,0,0,19.6
00-0034829,M.Gesicki,Mike Gesicki,TE,TE,MIA,2022,7,REG,PIT,0,0,0,0,0,0,0,0,3,7,27,0,64,0.2,0.185507246376812,0,0,0,0,0,0,0,5.7
00-0034830,H.Hurst,Hayden Hurst,TE,TE,CIN,2022,7,REG,ATL,0,0,0,0,0,0,0,0,6,8,48,0,51,0.19047619047619,0.140495867768595,0,0,0,0,0,0,0,10.8
00-0034844,S.Barkley,Saquon Barkley,RB,RB,NYG,2022,7,REG,JAX,0,0,0,0,0,24,110,0,4,4,25,0,0,0.137931034482759,0,0,0,0,0,0,0,0,17.5
00-0034845,S.Michel,Sony Michel,RB,RB,LAC,2022,7,REG,SEA,0,0,0,0,0,2,5,0,1,3,8,0,5,0.0588235294117647,0.0155763239875389,0,0,0,0,0,0,0,2.3
00-0034854,K.Hodge,KhaDarel Hodge,WR,WR,ATL,2022,7,REG,CIN,0,0,0,0,0,0,0,0,0,0,0,0,0,0,0,0,0,0,0,0,0,0,0
00-0034860,D.Pettis,Dante Pettis,WR,WR,CHI,2022,7,REG,NE,0,0,0,0,0,1,29,0,1,1,2,0,-2,0.0476190476190476,-0.00975609756097561,0,0,0,0,0,0,0,4.1
00-0034955,B.Rypien,Brett Rypien,QB,QB,DEN,2022,7,REG,NYJ,24,46,225,0,1,3,9,0,0,0,0,0,0,0,0,0,0,0,0,0,0,0,7.9
00-0034960,J.Meyers,Jakobi Meyers,WR,WR,NE,2022,7,REG,CHI,0,0,0,0,0,0,0,0,2,2,34,1,31,0.0714285714285714,0.127049180327869,0,0,0,0,0,0,0,11.4
00-0034975,J.Hill,Justice Hill,RB,RB,BAL,2022,7,REG,CLE,0,0,0,0,0,5,26,0,0,0,0,0,0,0,0,0,1,0,0,0,0,0,0.6
00-0034981,F.Moreau,Foster Moreau,TE,TE,LV,2022,7,REG,HOU,0,0,0,0,0,0,0,0,3,5,28,0,29,0.192307692307692,0.147208121827411,0,0,0,0,0,0,0,5.8
00-0034983,H.Renfrow,Hunter Renfrow,WR,WR,LV,2022,7,REG,HOU,0,0,0,0,0,0,0,0,3,3,55,0,42,0.115384615384615,0.213197969543147,0,0,0,0,0,0,0,8.5
00-0035140,M.Hardman,Mecole Hardman,WR,WR,KC,2022,7,REG,SF,0,0,0,0,0,2,28,2,4,4,32,1,8,0.117647058823529,0.0306513409961686,0,0,0,0,0,0,0,28
00-0035208,O.Zaccheaus,Olamide Zaccheaus,WR,WR,ATL,2022,7,REG,CIN,0,0,0,0,0,0,0,0,3,4,31,0,37,0.333333333333333,0.339449541284404,0,0,0,0,0,0,0,6.1
00-0035216,D.Johnson,Diontae Johnson,WR,WR,PIT,2022,7,REG,MIA,0,0,0,0,0,1,3,0,5,10,42,0,87,0.238095238095238,0.289036544850498,0,0,0,0,0,0,0,9.5
00-0035217,B.Snell,Benny Snell,RB,RB,PIT,2022,7,REG,MIA,0,0,0,0,0,0,0,0,0,0,0,0,0,0,0,0,0,0,0,0,0,0,0
00-0035222,Z.Gentry,Zach Gentry,TE,TE,PIT,2022,7,REG,MIA,0,0,0,0,0,0,0,0,2,2,0,0,-6,0.0476190476190476,-0.0199335548172757,0,0,0,0,0,0,0,2
00-0035228,K.Murray,Kyler Murray,QB,QB,ARI,2022,7,REG,NO,20,29,204,1,0,7,30,0,0,0,0,0,0,0,0,0,0,0,1,0,0,0,17.16
00-0035229,T.Hockenson,T.J. Hockenson,TE,TE,DET,2022,7,REG,DAL,0,0,0,0,0,0,0,0,4,5,48,0,39,0.2,0.25,0,0,0,0,0,0,0,8.8
00-0035249,J.Oliver,Josh Oliver,TE,TE,BAL,2022,7,REG,CLE,0,0,0,0,0,0,0,0,0,1,0,0,5,0.0625,0.0588235294117647,0,0,0,0,0,0,0,0
00-0035261,T.Pollard,Tony Pollard,RB,RB,DAL,2022,7,REG,DET,0,0,0,0,0,12,83,0,2,2,26,0,2,0.08,0.00740740740740741,0,0,0,0,0,0,0,12.9
00-0035298,S.Miller,Scott Miller,WR,WR,TB,2022,7,REG,CAR,0,0,0,0,0,0,0,0,2,2,6,0,6,0.0416666666666667,0.0167130919220056,0,0,0,0,0,0,0,2.6
00-0035345,C.Myarick,Chris Myarick,TE,TE,NYG,2022,7,REG,JAX,0,0,0,0,0,0,0,0,2,2,21,0,12,0.0689655172413793,0.0576923076923077,0,0,0,0,0,0,0,4.1
00-0035359,D.Sills,David Sills,WR,WR,NYG,2022,7,REG,JAX,0,0,0,0,0,0,0,0,1,1,19,0,14,0.0344827586206897,0.0673076923076923,0,0,0,0,0,0,0,2.9
00-0035432,J.Moore,Jason Moore,WR,WR,LAC,2022,7,REG,SEA,0,0,0,0,0,0,0,0,1,2,5,0,24,0.0392156862745098,0.0747663551401869,0,0,0,0,0,0,0,1.5
00-0035500,G.Dortch,Greg Dortch,WR,WR,ARI,2022,7,REG,NO,0,0,0,0,0,1,1,0,1,1,5,1,4,0.0344827586206897,0.0185185185185185,0,0,0,0,0,0,0,7.6
00-0035510,J.Smith,Jeff Smith,WR,WR,NYJ,2022,7,REG,DEN,0,0,0,0,0,0,0,0,0,1,0,0,6,0.0434782608695652,0.0487804878048781,0,0,0,0,0,0,0,0
00-0035535,D.Slayton,Darius Slayton,WR,WR,NYG,2022,7,REG,JAX,0,0,0,0,0,0,0,0,3,6,58,1,94,0.206896551724138,0.451923076923077,0,0,0,0,0,0,0,14.8
00-0035537,T.Johnson,Ty Johnson,RB,RB,NYJ,2022,7,REG,DEN,0,0,0,0,0,1,3,0,1,1,6,0,5,0.0434782608695652,0.040650406504065,0,0,0,0,0,0,0,1.9
00-0035544,T.Kennedy,Tom Kennedy,WR,WR,DET,2022,7,REG,DAL,0,0,0,0,0,0,0,0,2,3,14,0,23,0.12,0.147435897435897,0,0,0,0,0,0,0,3.4
00-0035547,J.Fortson,Joseph Fortson,TE,TE,KC,2022,7,REG,SF,0,0,0,0,0,0,0,0,1,2,8,0,12,0.0588235294117647,0.0459770114942529,0,0,0,0,0,0,0,1.8
00-0035567,C.Reynolds,Craig Reynolds,RB,RB,DET,2022,7,REG,DAL,0,0,0,0,0,4,12,0,3,3,18,0,-6,0.12,-0.0384615384615385,0,0,0,0,0,0,0,6
00-0035624,N.Harry,N'Keal Harry,TE,TE,CHI,2022,7,REG,NE,0,0,0,0,0,0,0,0,1,1,14,0,14,0.0476190476190476,0.0682926829268293,0,0,0,0,0,0,0,2.4
00-0035628,D.Johnson,D'Ernest Johnson,RB,RB,CLE,2022,7,REG,BAL,0,0,0,0,0,0,0,0,0,0,0,0,0,0,0,0,0,0,0,0,0,0,0
00-0035639,P.Campbell,Parris Campbell,WR,WR,IND,2022,7,REG,TEN,0,0,0,0,0,0,0,0,10,12,70,1,46,0.292682926829268,0.259887005649718,0,0,0,0,0,0,0,23
00-0035640,D.Metcalf,DK Metcalf,WR,WR,SEA,2022,7,REG,LAC,0,0,0,0,0,0,0,0,1,2,12,0,28,0.0769230769230769,0.135922330097087,0,0,0,0,0,0,0,2.2
00-0035644,N.Fant,Noah Fant,TE,TE,SEA,2022,7,REG,LAC,0,0,0,0,0,0,0,0,1,3,7,0,39,0.115384615384615,0.189320388349515,0,0,0,0,0,0,0,1.7
00-0035645,G.Olszewski,Gunner Olszewski,WR,WR,PIT,2022,7,REG,MIA,0,0,0,0,0,0,0,0,0,0,0,0,0,0,0,0,0,0,0,0,0,0,0
00-0035657,D.Harris,Damien Harris,RB,RB,NE,2022,7,REG,CHI,0,0,0,0,0,3,8,0,1,2,2,0,8,0.0714285714285714,0.0327868852459016,0,0,0,0,0,0,0,2
00-0035659,T.McLaurin,Terry McLaurin,WR,WR,WAS,2022,7,REG,GB,0,0,0,0,0,0,0,0,5,8,73,1,108,0.25,0.556701030927835,0,0,0,0,0,0,0,18.3
00-0035685,D.Montgomery,David Montgomery,RB,RB,CHI,2022,7,REG,NE,0,0,0,0,0,15,62,1,0,0,0,0,0,0,0,0,0,0,0,0,0,0,12.2
00-0035700,J.Jacobs,Josh Jacobs,RB,RB,LV,2022,7,REG,HOU,0,0,0,0,0,20,143,3,3,4,12,0,-12,0.153846153846154,-0.0609137055837564,0,0,0,0,0,0,0,36.5
00-0035710,D.Jones,Daniel Jones,QB,QB,NYG,2022,7,REG,JAX,19,30,202,1,0,11,107,1,0,0,0,0,0,0,0,0,0,0,0,0,0,0,28.78
00-0035719,D.Samuel,Deebo Samuel,WR,WR,SF,2022,7,REG,KC,0,0,0,0,0,1,2,0,5,7,42,0,30,0.152173913043478,0.0879765395894428,0,0,0,0,0,0,0,9.4
00-0035771,M.Wilcox,Mitchell Wilcox,TE,TE,CIN,2022,7,REG,ATL,0,0,0,0,0,0,0,0,2,2,14,0,6,0.0476190476190476,0.0165289256198347,0,0,0,0,0,0,0,3.4
00-0035806,J.Hasty,Jamycal Hasty,RB,RB,JAX,2022,7,REG,NYG,0,0,0,0,0,1,6,0,0,0,0,0,0,0,0,0,0,0,0,0,0,0,0.6
00-0035831,J.Robinson,James Robinson,RB,RB,JAX,2022,7,REG,NYG,0,0,0,0,0,0,0,0,0,1,0,0,14,0.0232558139534884,0.029535864978903,0,0,0,0,0,0,0,0
00-0035864,K.Hinton,Kendall Hinton,WR,WR,DEN,2022,7,REG,NYJ,0,0,0,0,0,0,0,0,1,1,14,0,14,0.0222222222222222,0.0288065843621399,0,0,0,0,0,0,0,2.4
00-0035956,G.Ricci,Giovanni Ricci,TE,TE,CAR,2022,7,REG,TB,0,0,0,0,0,0,0,0,0,0,0,0,0,0,0,0,0,0,0,0,0,0,0
00-0036040,J.Johnson,Juwan Johnson,TE,TE,NO,2022,7,REG,ARI,0,0,0,0,0,0,0,0,5,5,32,2,7,0.108695652173913,0.0180412371134021,0,0,0,0,0,0,0,20.2
00-0036133,J.Proche,James Proche,WR,WR,BAL,2022,7,REG,CLE,0,0,0,0,0,0,0,0,0,0,0,0,0,0,0,0,0,0,0,0,0,0,0
00-0036176,M.Kinsey,Mason Kinsey,WR,WR,TEN,2022,7,REG,IND,0,0,0,0,0,0,0,0,1,1,3,0,3,0.05,0.0208333333333333,0,0,0,0,0,0,0,1.3
00-0036182,N.Westbrook-Ikhine,Nick Westbrook-Ikhine,WR,WR,TEN,2022,7,REG,IND,0,0,0,0,0,0,0,0,0,2,0,0,34,0.1,0.236111111111111,0,0,0,0,0,0,0,0
00-0036212,T.Tagovailoa,Tua Tagovailoa,QB,QB,MIA,2022,7,REG,PIT,21,35,261,1,0,4,15,0,0,0,0,0,0,0,0,0,0,0,0,0,0,0,15.94
00-0036219,M.Callaway,Marquez Callaway,WR,WR,NO,2022,7,REG,ARI,0,0,0,0,0,0,0,0,2,6,20,0,85,0.130434782608696,0.219072164948454,0,0,0,0,0,0,0,4
00-0036223,J.Taylor,Jonathan Taylor,RB,RB,IND,2022,7,REG,TEN,0,0,0,0,0,10,58,0,7,8,27,0,-8,0.195121951219512,-0.0451977401129944,0,0,0,0,0,0,0,15.5
00-0036232,H.Bryant,Harrison Bryant,TE,TE,CLE,2022,7,REG,BAL,0,0,0,0,0,0,0,0,2,2,15,0,10,0.08,0.0561797752808989,0,0,0,0,0,0,0,3.5
00-0036233,D.Peoples-Jones,Donovan Peoples-Jones,WR,WR,CLE,2022,7,REG,BAL,0,0,0,0,0,0,0,0,6,6,71,0,59,0.24,0.331460674157303,0,0,1,0,0,0,0,11.1
00-0036244,C.Parkinson,Colby Parkinson,TE,TE,SEA,2022,7,REG,LAC,0,0,0,0,0,0,0,0,1,1,28,0,2,0.0384615384615385,0.00970873786407767,0,0,0,0,0,0,0,3.8
00-0036250,T.Davis,Tyler Davis,TE,TE,GB,2022,7,REG,WAS,0,0,0,0,0,0,0,0,0,0,0,0,0,0,0,0,0,0,0,0,0,0,0
00-0036252,M.Pittman,Michael Pittman,WR,WR,IND,2022,7,REG,TEN,0,0,0,0,0,0,0,0,6,9,58,0,68,0.219512195121951,0.384180790960452,0,0,1,0,0,0,0,9.8
00-0036255,D.Mims,Denzel Mims,WR,WR,NYJ,2022,7,REG,DEN,0,0,0,0,0,0,0,0,1,2,4,0,4,0.0869565217391304,0.032520325203252,0,0,0,0,0,0,0,1.4
00-0036259,J.Jennings,Jauan Jennings,WR,WR,SF,2022,7,REG,KC,0,0,0,0,0,0,0,0,2,4,24,0,30,0.0869565217391304,0.0879765395894428,0,0,0,0,0,0,0,4.4
00-0036261,B.Aiyuk,Brandon Aiyuk,WR,WR,SF,2022,7,REG,KC,0,0,0,0,0,0,0,0,7,11,82,0,52,0.239130434782609,0.152492668621701,0,0,0,0,0,0,0,15.2
00-0036265,A.Dillon,A.J. Dillon,RB,RB,GB,2022,7,REG,WAS,0,0,0,0,0,4,15,0,0,0,0,0,0,0,0,0,0,0,0,0,0,0,1.5
00-0036268,L.Shenault,Laviska Shenault Jr.,WR,WR,CAR,2022,7,REG,TB,0,0,0,0,0,0,0,0,1,1,8,0,-2,0.0476190476190476,-0.0106951871657754,0,0,0,0,0,0,0,1.8
00-0036290,C.Kmet,Cole Kmet,TE,TE,CHI,2022,7,REG,NE,0,0,0,0,0,0,0,0,2,3,32,0,36,0.142857142857143,0.175609756097561,0,0,0,0,0,0,0,5.2
00-0036309,D.Mooney,Darnell Mooney,WR,WR,CHI,2022,7,REG,NE,0,0,0,0,0,0,0,0,3,6,53,0,92,0.285714285714286,0.448780487804878,0,0,0,0,0,0,0,8.3
00-0036326,C.Claypool,Chase Claypool,WR,WR,PIT,2022,7,REG,MIA,0,0,0,0,0,0,0,0,5,8,41,0,85,0.19047619047619,0.282392026578073,0,0,0,0,0,0,0,9.1
00-0036328,A.Gibson,Antonio Gibson,RB,RB,WAS,2022,7,REG,GB,0,0,0,0,0,10,59,0,3,4,18,1,23,0.125,0.118556701030928,0,0,0,0,0,0,0,16.7
00-0036331,D.Duvernay,Devin Duvernay,WR,WR,BAL,2022,7,REG,CLE,0,0,0,0,0,0,0,0,2,3,42,0,21,0.1875,0.247058823529412,0,0,0,0,0,0,0,6.2
00-0036355,J.Herbert,Justin Herbert,QB,QB,LAC,2022,7,REG,SEA,33,51,293,2,1,3,22,0,1,1,-8,0,-8,0.0196078431372549,-0.0249221183800623,1,0,0,0,0,0,0,18.12
00-0036358,C.Lamb,CeeDee Lamb,WR,WR,DAL,2022,7,REG,DET,0,0,0,0,0,1,-4,0,4,6,70,0,106,0.24,0.392592592592593,0,0,0,0,0,0,0,10.6
00-0036360,C.Edwards-Helaire,Clyde Edwards-Helaire,RB,RB,KC,2022,7,REG,SF,0,0,0,0,0,6,32,1,0,1,0,0,-10,0.0294117647058824,-0.0383141762452107,0,0,0,0,0,0,0,9.2
00-0036383,E.Benjamin,Eno Benjamin,RB,RB,ARI,2022,7,REG,NO,0,0,0,0,0,12,92,1,4,5,21,0,-11,0.172413793103448,-0.0509259259259259,0,0,0,0,1,0,0,23.3
00-0036407,J.Jeudy,Jerry Jeudy,WR,WR,DEN,2022,7,REG,NYJ,0,0,0,0,0,0,0,0,7,11,96,0,114,0.244444444444444,0.234567901234568,0,0,0,0,0,0,0,16.6
00-0036410,T.Higgins,Tee Higgins,WR,WR,CIN,2022,7,REG,ATL,0,0,0,0,0,0,0,0,5,7,93,0,76,0.166666666666667,0.209366391184573,0,0,0,0,0,0,0,14.3
00-0036412,K.Hamler,K.J. Hamler,WR,WR,DEN,2022,7,REG,NYJ,0,0,0,0,0,1,14,0,1,4,4,0,109,0.0888888888888889,0.224279835390947,0,0,0,0,0,0,0,2.8
00-0036425,D.Dallas,DeeJay Dallas,RB,RB,SEA,2022,7,REG,LAC,0,0,0,0,0,6,35,0,2,2,6,0,2,0.0769230769230769,0.00970873786407767,0,0,0,0,0,0,0,6.1
00-0036442,J.Burrow,Joe Burrow,QB,QB,CIN,2022,7,REG,ATL,34,42,481,3,0,3,20,1,0,0,0,0,0,0,0,0,0,0,0,0,0,0,39.24
00-0036493,D.Jackson,Deon Jackson,RB,RB,IND,2022,7,REG,TEN,0,0,0,0,0,2,3,0,0,0,0,0,0,0,0,0,0,0,0,0,0,0,0.3
00-0036497,T.Jones,Tim Jones,WR,WR,JAX,2022,7,REG,NYG,0,0,0,0,0,0,0,0,1,1,7,0,0,0.0232558139534884,0,0,0,0,0,0,0,0,1.7
00-0036527,D.Turner,D.J. Turner,WR,WR,LV,2022,7,REG,HOU,0,0,0,0,0,3,20,0,0,0,0,0,0,0,0,0,0,0,0,0,0,0,2
00-0036550,R.Bateman,Rashod Bateman,WR,WR,BAL,2022,7,REG,CLE,0,0,0,0,0,0,0,0,4,5,42,0,33,0.3125,0.388235294117647,0,0,0,0,0,0,0,8.2
00-0036554,N.Collins,Nico Collins,WR,WR,HOU,2022,7,REG,LV,0,0,0,0,0,0,0,0,3,3,33,0,22,0.075,0.0990990990990991,0,0,0,0,0,0,0,6.3
00-0036555,C.Hubbard,Chuba Hubbard,RB,RB,CAR,2022,7,REG,TB,0,0,0,0,0,9,63,1,2,3,10,0,1,0.142857142857143,0.0053475935828877,0,0,0,0,0,0,0,15.3
00-0036556,B.Jordan,Brevin Jordan,TE,TE,HOU,2022,7,REG,LV,0,0,0,0,0,0,0,0,0,4,0,0,51,0.1,0.22972972972973,0,0,0,0,0,0,0,0
00-0036572,S.Smith,Shi Smith,WR,WR,CAR,2022,7,REG,TB,0,0,0,0,0,0,0,0,0,0,0,0,0,0,0,0,0,0,0,0,0,0,0
00-0036613,J.Waddle,Jaylen Waddle,WR,WR,MIA,2022,7,REG,PIT,0,0,0,0,0,0,0,0,4,5,88,0,58,0.142857142857143,0.168115942028986,0,0,0,0,0,0,0,12.8
00-0036620,D.Eskridge,D'Wayne Eskridge,WR,WR,SEA,2022,7,REG,LAC,0,0,0,0,0,1,4,0,0,1,0,0,6,0.0384615384615385,0.029126213592233,0,0,0,0,0,0,0,0.4
00-0036637,N.Gray,Noah Gray,TE,TE,KC,2022,7,REG,SF,0,0,0,0,0,0,0,0,1,1,10,0,7,0.0294117647058824,0.0268199233716475,0,0,0,0,0,0,0,2
00-0036671,D.Milne,Dax Milne,WR,WR,WAS,2022,7,REG,GB,0,0,0,0,0,0,0,0,1,1,4,0,1,0.03125,0.00515463917525773,0,0,0,0,0,0,0,1.4
00-0036754,B.Wright,Brock Wright,TE,TE,DET,2022,7,REG,DAL,0,0,0,0,0,0,0,0,4,4,57,0,9,0.16,0.0576923076923077,0,0,0,0,0,0,0,9.7
00-0036825,F.Franks,Feleipe Franks,TE,TE,ATL,2022,7,REG,CIN,0,0,0,0,0,0,0,0,0,0,0,0,0,0,0,0,0,0,0,0,0,0,0
00-0036829,C.Huntley,Caleb Huntley,RB,RB,ATL,2022,7,REG,CIN,0,0,0,0,0,6,22,0,0,0,0,0,0,0,0,0,0,0,0,0,0,0,2.2
00-0036857,C.Evans,Chris Evans,RB,RB,CIN,2022,7,REG,ATL,0,0,0,0,0,0,0,0,0,0,0,0,0,0,0,0,0,0,0,0,0,0,0
00-0036875,R.Stevenson,Rhamondre Stevenson,RB,RB,NE,2022,7,REG,CHI,0,0,0,0,0,11,39,1,8,8,59,0,2,0.285714285714286,0.00819672131147541,0,0,0,0,0,0,0,23.8
00-0036876,K.Granson,Kylen Granson,TE,TE,IND,2022,7,REG,TEN,0,0,0,0,0,0,0,0,1,1,6,0,5,0.024390243902439,0.0282485875706215,0,0,0,0,0,0,0,1.6
00-0036877,J.Darden,Jaelon Darden,WR,WR,TB,2022,7,REG,CAR,0,0,0,0,0,0,0,0,1,1,1,0,-5,0.0208333333333333,-0.0139275766016713,0,0,0,0,0,0,0,1.1
00-0036893,N.Harris,Najee Harris,RB,RB,PIT,2022,7,REG,MIA,0,0,0,0,0,17,65,0,3,4,15,0,3,0.0952380952380952,0.00996677740863787,0,0,0,0,0,0,0,11
00-0036894,P.Freiermuth,Pat Freiermuth,TE,TE,PIT,2022,7,REG,MIA,0,0,0,0,0,0,0,0,8,9,75,0,73,0.214285714285714,0.242524916943522,0,0,0,0,0,0,0,15.5
00-0036898,D.Mills,Davis Mills,QB,QB,HOU,2022,7,REG,LV,28,41,302,2,1,0,0,0,0,0,0,0,0,0,0,0,0,0,0,0,0,0,18.08
00-0036900,J.Chase,Ja'Marr Chase,WR,WR,CIN,2022,7,REG,ATL,0,0,0,0,0,0,0,0,8,11,130,2,106,0.261904761904762,0.292011019283747,0,0,0,0,0,0,0,33
00-0036906,K.Herbert,Khalil Herbert,RB,RB,CHI,2022,7,REG,NE,0,0,0,0,0,12,62,0,1,2,25,1,-4,0.0952380952380952,-0.0195121951219512,0,0,0,0,0,0,0,15.7
00-0036924,Mi.Carter,Michael Carter,RB,RB,NYJ,2022,7,REG,DEN,0,0,0,0,0,13,29,0,2,2,45,0,2,0.0869565217391304,0.016260162601626,0,0,0,0,0,0,0,9.4
00-0036936,R.Moore,Rondale Moore,WR,WR,ARI,2022,7,REG,NO,0,0,0,0,0,0,0,0,1,2,31,0,26,0.0689655172413793,0.12037037037037,0,0,0,0,0,0,0,4.1
00-0036945,J.Fields,Justin Fields,QB,QB,CHI,2022,7,REG,NE,13,21,179,1,1,14,82,1,0,0,0,0,0,0,0,0,0,0,0,0,0,0,23.36
00-0036950,A.Williams,Avery Williams,RB,RB,ATL,2022,7,REG,CIN,0,0,0,0,0,1,4,0,0,1,0,0,-3,0.0833333333333333,-0.0275229357798165,0,0,0,0,0,0,0,0.4
00-0036955,T.Marshall,Terrace Marshall,WR,WR,CAR,2022,7,REG,TB,0,0,0,0,0,0,0,0,2,3,31,0,62,0.142857142857143,0.331550802139037,0,0,0,0,0,0,0,5.1
00-0036959,M.Bandy,Michael Bandy,WR,WR,LAC,2022,7,REG,SEA,0,0,0,0,0,0,0,0,1,6,-5,0,41,0.117647058823529,0.127725856697819,0,0,0,0,0,0,0,0.5
00-0036963,A.St. Brown,Amon-Ra St. Brown,WR,WR,DET,2022,7,REG,DAL,0,0,0,0,0,0,0,0,1,1,4,0,-3,0.04,-0.0192307692307692,0,0,0,0,0,0,0,1.4
00-0036970,K.Pitts,Kyle Pitts,TE,TE,ATL,2022,7,REG,CIN,0,0,0,0,0,0,0,0,3,5,9,0,20,0.416666666666667,0.18348623853211,0,0,0,0,0,0,0,3.9
00-0036971,T.Lawrence,Trevor Lawrence,QB,QB,JAX,2022,7,REG,NYG,22,43,310,0,0,4,3,1,0,0,0,0,0,0,0,0,0,0,0,0,0,0,18.7
00-0036972,M.Jones,Mac Jones,QB,QB,NE,2022,7,REG,CHI,3,6,13,0,1,3,24,0,0,0,0,0,0,0,0,0,0,0,0,0,0,0,0.92
00-0036973,T.Etienne,Travis Etienne,RB,RB,JAX,2022,7,REG,NYG,0,0,0,0,0,14,114,1,1,5,5,0,-7,0.116279069767442,-0.0147679324894515,0,1,0,0,1,0,0,18.9
00-0036991,Am.Rodgers,Amari Rodgers,WR,WR,GB,2022,7,REG,WAS,0,0,0,0,0,0,0,0,2,3,14,0,48,0.0909090909090909,0.253968253968254,0,0,0,0,0,0,0,3.4
00-0037005,T.Tremble,Tommy Tremble,TE,TE,CAR,2022,7,REG,TB,0,0,0,0,0,0,0,0,1,1,29,1,29,0.0476190476190476,0.155080213903743,0,0,0,0,0,0,0,9.9
00-0037011,T.McKitty,Tre' McKitty,TE,TE,LAC,2022,7,REG,SEA,0,0,0,0,0,0,0,0,0,0,0,0,0,0,0,0,0,0,0,0,0,0,0
00-0037013,Z.Wilson,Zach Wilson,QB,QB,NYJ,2022,7,REG,DEN,16,26,121,0,0,4,24,0,0,0,0,0,0,0,0,0,0,0,0,0,0,0,7.24
00-0037078,C.Turner,Cole Turner,TE,TE,WAS,2022,7,REG,GB,0,0,0,0,0,0,0,0,0,2,0,0,19,0.0625,0.0979381443298969,0,0,0,0,0,0,0,0
00-0037087,T.Ebner,Trestan Ebner,RB,RB,CHI,2022,7,REG,NE,0,0,0,0,0,3,8,0,0,0,0,0,0,0,0,0,0,0,0,0,0,0,0.8
00-0037098,S.Toure,Samori Toure,WR,WR,GB,2022,7,REG,WAS,0,0,0,0,0,0,0,0,1,1,4,0,4,0.0303030303030303,0.0211640211640212,0,0,0,0,0,0,0,1.4
00-0037168,A.Rogers,Armani Rogers,TE,TE,WAS,2022,7,REG,GB,0,0,0,0,0,0,0,0,3,3,28,0,12,0.09375,0.0618556701030928,0,0,0,0,0,0,0,5.8
00-0037197,I.Pacheco,Isiah Pacheco,RB,RB,KC,2022,7,REG,SF,0,0,0,0,0,8,43,0,0,0,0,0,0,0,0,0,0,0,0,0,0,0,4.3
00-0037228,J.Warren,Jaylen Warren,RB,RB,PIT,2022,7,REG,MIA,0,0,0,0,0,2,7,0,2,2,17,0,-1,0.0476190476190476,-0.00332225913621262,0,0,0,0,0,0,0,4.4
00-0037238,D.London,Drake London,WR,WR,ATL,2022,7,REG,CIN,0,0,0,0,0,0,0,0,1,1,9,0,5,0.0833333333333333,0.0458715596330275,0,0,0,0,0,0,0,1.9
00-0037239,C.Olave,Chris Olave,WR,WR,NO,2022,7,REG,ARI,0,0,0,0,0,0,0,0,7,14,106,0,168,0.304347826086957,0.43298969072165,0,0,0,0,0,0,0,17.6
00-0037247,G.Pickens,George Pickens,WR,WR,PIT,2022,7,REG,MIA,0,0,0,0,0,0,0,0,6,6,61,1,55,0.142857142857143,0.182724252491694,0,0,0,0,0,0,0,18.1
00-0037252,G.Dulcich,Greg Dulcich,TE,TE,DEN,2022,7,REG,NYJ,0,0,0,0,0,0,0,0,6,9,51,0,76,0.2,0.156378600823045,0,0,0,0,0,0,0,11.1
00-0037256,R.White,Rachaad White,RB,RB,TB,2022,7,REG,CAR,0,0,0,0,0,6,24,0,1,2,8,0,5,0.0416666666666667,0.0139275766016713,0,0,0,0,0,0,0,4.2
00-0037257,Dav.Bell,David Bell,WR,WR,CLE,2022,7,REG,BAL,0,0,0,0,0,0,0,0,1,1,7,0,5,0.04,0.0280898876404494,0,0,0,0,0,0,0,1.7
00-0037258,D.Pierce,Dameon Pierce,RB,RB,HOU,2022,7,REG,LV,0,0,0,0,0,20,92,0,4,4,25,0,-10,0.1,-0.0450450450450451,0,0,0,0,0,0,0,15.7
00-0037263,T.Allgeier,Tyler Allgeier,RB,RB,ATL,2022,7,REG,CIN,0,0,0,0,0,16,50,1,0,0,0,0,0,0,0,0,0,0,0,0,0,0,11
00-0037272,M.Washington,Montrell Washington,WR,WR,DEN,2022,7,REG,NYJ,0,0,0,0,0,1,2,0,0,0,0,0,0,0,0,0,0,0,0,0,0,0,0.2
00-0037299,K.Ingram,Keaontay Ingram,RB,RB,ARI,2022,7,REG,NO,0,0,0,0,0,9,14,1,2,2,23,0,-4,0.0689655172413793,-0.0185185185185185,0,0,0,0,0,0,0,11.7
00-0037304,Co.Heyward,Connor Heyward,TE,TE,PIT,2022,7,REG,MIA,0,0,0,0,0,0,0,0,1,1,6,0,-2,0.0238095238095238,-0.00664451827242525,0,0,0,0,0,0,0,1.6
00-0037311,K.Kieft,Ko Kieft,TE,TE,TB,2022,7,REG,CAR,0,0,0,0,0,0,0,0,1,1,18,0,12,0.0208333333333333,0.0334261838440111,0,0,0,0,0,0,0,2.8
00-0037429,R.Blackshear,Raheem Blackshear,RB,RB,CAR,2022,7,REG,TB,0,0,0,0,0,2,-5,0,0,0,0,0,0,0,0,0,0,0,0,0,0,0,-0.5
00-0037545,R.Shaheed,Rashid Shaheed,WR,WR,NO,2022,7,REG,ARI,0,0,0,0,0,0,0,0,1,1,53,1,44,0.0217391304347826,0.11340206185567,0,0,0,0,0,0,0,12.3
00-0037569,P.Hendershot,Peyton Hendershot,TE,TE,DAL,2022,7,REG,DET,0,0,0,0,0,0,0,0,2,2,5,1,0,0.08,0,0,0,0,0,0,0,0,8.5
00-0037617,H.Haskins,Hassan Haskins,RB,RB,TEN,2022,7,REG,IND,0,0,0,0,0,0,0,0,1,1,5,0,-1,0.05,-0.00694444444444444,0,0,0,0,0,0,0,1.5
00-0037664,A.Pierce,Alec Pierce,WR,WR,IND,2022,7,REG,TEN,0,0,0,0,0,0,0,0,3,4,37,0,48,0.0975609756097561,0.271186440677966,0,0,0,0,0,0,0,6.7
00-0037740,G.Wilson,Garrett Wilson,WR,WR,NYJ,2022,7,REG,DEN,0,0,0,0,0,0,0,0,4,4,24,0,5,0.173913043478261,0.040650406504065,0,0,0,0,0,0,0,6.4
00-0037744,T.McBride,Trey McBride,TE,TE,ARI,2022,7,REG,NO,0,0,0,0,0,0,0,0,0,0,0,0,0,0,0,0,0,0,0,0,0,0,0
00-0037746,B.Robinson,Brian Robinson,RB,RB,WAS,2022,7,REG,GB,0,0,0,0,0,20,73,0,2,2,13,0,-8,0.0625,-0.0412371134020619,0,0,0,0,0,0,0,10.6
00-0037755,J.Woods,Jelani Woods,TE,TE,IND,2022,7,REG,TEN,0,0,0,0,0,0,0,0,1,2,4,0,4,0.0487804878048781,0.0225988700564972,0,0,0,0,0,0,0,1.4
00-0037801,K.Turpin,Kavontae Turpin,WR,WR,DAL,2022,7,REG,DET,0,0,0,0,0,1,3,0,0,0,0,0,0,0,0,0,0,0,0,0,0,0,0.3
00-0037809,C.Okonkwo,Chigoziem Okonkwo,TE,TE,TEN,2022,7,REG,IND,0,0,0,0,0,0,0,0,0,1,0,0,-1,0.05,-0.00694444444444444,0,0,0,0,0,0,0,0
00-0037816,R.Doubs,Romeo Doubs,WR,WR,GB,2022,7,REG,WAS,0,0,0,0,0,0,0,0,0,4,0,0,13,0.121212121212121,0.0687830687830688,0,0,0,0,0,0,0,0
00-0037827,T.Davis-Price,Tyrion Davis-Price,RB,RB,SF,2022,7,REG,KC,0,0,0,0,0,2,4,0,0,2,0,0,0,0.0434782608695652,0,0,0,0,0,0,0,0,0.4
00-0037828,D.Gray,Danny Gray,WR,WR,SF,2022,7,REG,KC,0,0,0,0,0,0,0,0,0,2,0,0,58,0.0434782608695652,0.170087976539589,0,0,0,0,0,0,0,0
00-0037834,B.Purdy,Brock Purdy,QB,QB,SF,2022,7,REG,KC,4,9,66,0,1,1,1,0,0,0,0,0,0,0,0,0,0,0,0,0,0,0,0.74
00-0037838,I.Likely,Isaiah Likely,TE,TE,BAL,2022,7,REG,CLE,0,0,0,0,0,0,0,0,1,1,16,0,10,0.0625,0.117647058823529,0,0,0,0,0,0,0,2.6
00-0038040,Z.White,Zamir White,RB,RB,LV,2022,7,REG,HOU,0,0,0,0,0,1,2,0,0,0,0,0,0,0,0,0,0,0,0,0,0,0,0.2
00-0038041,J.Ferguson,Jake Ferguson,TE,TE,DAL,2022,7,REG,DET,0,0,0,0,0,0,0,0,1,1,7,0,5,0.04,0.0185185185185185,0,0,0,0,0,0,0,1.7
00-0038045,I.Spiller,Isaiah Spiller,RB,RB,LAC,2022,7,REG,SEA,0,0,0,0,0,1,-5,0,0,0,0,0,0,0,0,0,0,0,0,0,0,0,-0.5
00-0038090,S.Moore,Skyy Moore,WR,WR,KC,2022,7,REG,SF,0,0,0,0,0,0,0,0,0,1,0,0,8,0.0294117647058824,0.0306513409961686,0,0,0,0,0,0,0,0
00-0038102,K.Pickett,Kenny Pickett,QB,QB,PIT,2022,7,REG,MIA,32,44,257,1,3,3,20,0,0,0,0,0,0,0,0,0,0,0,0,0,0,0,10.28
00-0038104,T.Thornton,Tyquan Thornton,WR,WR,NE,2022,7,REG,CHI,0,0,0,0,0,0,0,0,1,5,19,0,75,0.178571428571429,0.307377049180328,0,0,0,0,0,0,0,2.9
00-0038108,B.Zappe,Bailey Zappe,QB,QB,NE,2022,7,REG,CHI,14,22,185,1,2,2,-1,0,0,0,0,0,0,0,0,0,1,0,0,0,0,0,5.3
00-0038115,D.Bellinger,Daniel Bellinger,TE,TE,NYG,2022,7,REG,JAX,0,0,0,0,0,0,0,0,1,1,13,0,10,0.0344827586206897,0.0480769230769231,0,0,0,0,0,0,0,2.3
00-0038117,W.Robinson,Wan'Dale Robinson,WR,WR,NYG,2022,7,REG,JAX,0,0,0,0,0,0,0,0,6,8,50,0,24,0.275862068965517,0.115384615384615,0,0,0,0,0,0,0,11
00-0038120,Br.Hall,Breece Hall,RB,RB,NYJ,2022,7,REG,DEN,0,0,0,0,0,4,72,1,0,0,0,0,0,0,0,0,0,0,0,0,0,0,13.2
00-0038129,C.Otton,Cade Otton,TE,TE,TB,2022,7,REG,CAR,0,0,0,0,0,0,0,0,4,5,64,0,35,0.104166666666667,0.0974930362116992,0,0,0,0,0,0,0,10.4
00-0038134,K.Walker,Kenneth Walker,RB,RB,SEA,2022,7,REG,LAC,0,0,0,0,0,23,167,2,0,0,0,0,0,0,0,0,0,0,0,0,0,0,28.7
00-0019596,T.Brady,Tom Brady,QB,QB,TB,2022,8,REG,BAL,26,44,325,1,0,1,1,0,0,0,0,0,0,0,0,0,0,0,0,0,0,0,17.1
00-0023459,A.Rodgers,Aaron Rodgers,QB,QB,GB,2022,8,REG,BUF,19,30,203,2,1,1,11,0,0,0,0,0,0,0,0,0,0,0,0,0,0,0,15.22
00-0026498,M.Stafford,Matthew Stafford,QB,QB,LA,2022,8,REG,SF,22,33,187,1,0,2,-1,1,0,0,0,0,0,0,0,0,0,0,0,0,0,0,17.38
00-0027942,A.Green,A.J. Green,WR,WR,ARI,2022,8,REG,MIN,0,0,0,0,0,0,0,0,0,1,0,0,26,0.0232558139534884,0.0902777777777778,0,0,0,0,0,0,0,0
00-0027944,J.Jones,Julio Jones,WR,WR,TB,2022,8,REG,BAL,0,0,0,0,0,1,0,0,2,4,21,1,26,0.0952380952380952,0.0902777777777778,0,0,0,0,0,0,0,10.1
00-0027966,M.Ingram,Mark Ingram,RB,RB,NO,2022,8,REG,LV,0,0,0,0,0,0,0,0,1,1,2,0,0,0.0333333333333333,0,0,0,0,0,0,0,0,1.2
00-0027973,A.Dalton,Andy Dalton,QB,QB,NO,2022,8,REG,LV,22,30,229,2,0,0,0,0,0,0,0,0,0,0,0,0,0,0,0,0,0,0,17.16
00-0027981,K.Rudolph,Kyle Rudolph,TE,TE,TB,2022,8,REG,BAL,0,0,0,0,0,0,0,0,0,1,0,0,13,0.0238095238095238,0.0451388888888889,0,0,0,0,0,0,0,0
00-0029239,B.Bolden,Brandon Bolden,RB,RB,LV,2022,8,REG,NO,0,0,0,0,0,0,0,0,0,0,0,0,0,0,0,0,0,0,0,0,0,0,0
00-0029263,R.Wilson,Russell Wilson,QB,QB,DEN,2022,8,REG,JAX,18,30,252,1,1,4,17,0,0,0,0,0,0,0,0,0,0,0,0,0,0,0,13.78
00-0029293,M.Jones,Marvin Jones,WR,WR,JAX,2022,8,REG,DEN,0,0,0,0,0,0,0,0,0,3,0,0,29,0.107142857142857,0.167630057803468,0,0,0,0,0,0,0,0
00-0029604,K.Cousins,Kirk Cousins,QB,QB,MIN,2022,8,REG,ARI,24,36,232,2,0,4,22,1,0,0,0,0,0,0,0,1,0,0,0,0,0,0,23.48
00-0030035,A.Thielen,Adam Thielen,WR,WR,MIN,2022,8,REG,ARI,0,0,0,0,0,0,0,0,6,7,67,0,76,0.225806451612903,0.32618025751073,0,0,0,0,0,0,0,12.7
00-0030061,Z.Ertz,Zach Ertz,TE,TE,ARI,2022,8,REG,MIN,0,0,0,0,0,0,0,0,4,5,34,1,27,0.116279069767442,0.09375,0,0,0,0,0,0,0,13.4
00-0030068,M.Goodwin,Marquise Goodwin,WR,WR,SEA,2022,8,REG,NYG,0,0,0,0,0,0,0,0,4,5,33,0,9,0.151515151515152,0.032967032967033,0,0,0,0,0,0,0,7.3
00-0030288,R.Burkhead,Rex Burkhead,RB,RB,HOU,2022,8,REG,TEN,0,1,0,0,0,0,0,0,1,1,2,0,0,0.0333333333333333,0,0,0,0,0,0,0,0,1.2
00-0030431,R.Woods,Robert Woods,WR,WR,TEN,2022,8,REG,HOU,0,0,0,0,0,0,0,0,2,2,26,0,12,0.25,0.164383561643836,0,0,0,0,0,0,0,4.6
00-0030513,L.Murray,Latavius Murray,RB,RB,DEN,2022,8,REG,JAX,0,0,0,0,0,14,46,1,1,2,13,0,3,0.0769230769230769,0.00882352941176471,0,0,0,0,0,0,0,12.9
00-0030564,D.Hopkins,DeAndre Hopkins,WR,WR,ARI,2022,8,REG,MIN,0,0,0,0,0,0,0,0,12,13,159,1,162,0.302325581395349,0.5625,0,0,0,0,0,0,0,33.9
00-0030565,G.Smith,Geno Smith,QB,QB,SEA,2022,8,REG,NYG,23,34,212,2,0,5,26,0,0,0,0,0,0,0,0,0,0,0,0,0,0,0,19.08
00-0031236,B.Cooks,Brandin Cooks,WR,WR,HOU,2022,8,REG,TEN,0,0,0,0,0,0,0,0,4,6,73,0,105,0.2,0.444915254237288,0,0,0,0,0,0,0,11.3
00-0031280,D.Carr,Derek Carr,QB,QB,LV,2022,8,REG,NO,15,26,101,0,1,1,-1,0,0,0,0,0,0,0,0,0,0,0,0,0,0,0,1.94
00-0031325,S.Watkins,Sammy Watkins,WR,WR,GB,2022,8,REG,BUF,0,0,0,0,0,0,0,0,1,1,3,0,3,0.0344827586206897,0.0127118644067797,0,0,0,0,0,0,0,1.3
00-0031345,J.Garoppolo,Jimmy Garoppolo,QB,QB,SF,2022,8,REG,LA,21,25,235,2,0,1,3,0,0,0,0,0,0,0,0,0,0,0,0,0,0,0,17.7
00-0031381,D.Adams,Davante Adams,WR,WR,LV,2022,8,REG,NO,0,0,0,0,0,1,-1,0,1,5,3,0,85,0.128205128205128,0.260736196319018,0,0,0,0,0,0,0,1.2
00-0031408,M.Evans,Mike Evans,WR,WR,TB,2022,8,REG,BAL,0,0,0,0,0,0,0,0,6,11,123,0,184,0.261904761904762,0.638888888888889,0,0,0,0,0,0,0,18.3
00-0031428,Al.Robinson,Allen Robinson,WR,WR,LA,2022,8,REG,SF,0,0,0,0,0,0,0,0,5,7,54,0,59,0.21875,0.427536231884058,0,0,0,0,0,0,0,10.4
00-0031484,C.Manhertz,Chris Manhertz,TE,TE,JAX,2022,8,REG,DEN,0,0,0,0,0,0,0,0,1,1,-1,0,-4,0.0357142857142857,-0.023121387283237,0,0,0,0,0,0,0,0.9
00-0031544,A.Cooper,Amari Cooper,WR,WR,CLE,2022,8,REG,CIN,0,1,0,0,1,0,0,0,5,7,131,1,126,0.35,0.56,0,0,0,0,0,0,0,22.1
00-0031545,K.White,Kevin White,WR,WR,NO,2022,8,REG,LV,0,0,0,0,0,0,0,0,0,0,0,0,0,0,0,0,0,0,0,0,0,0,0
00-0031547,D.Parker,DeVante Parker,WR,WR,NE,2022,8,REG,NYJ,0,0,0,0,0,0,0,0,0,1,0,0,4,0.03125,0.025,0,0,0,0,0,0,0,0
00-0031549,N.Agholor,Nelson Agholor,WR,WR,NE,2022,8,REG,NYJ,0,0,0,0,0,0,0,0,1,1,2,0,-2,0.03125,-0.0125,0,0,0,0,0,0,0,1.2
00-0031588,S.Diggs,Stefon Diggs,WR,WR,BUF,2022,8,REG,GB,0,0,0,0,0,0,0,0,6,8,108,1,127,0.32,0.395638629283489,0,0,0,0,0,0,0,22.8
00-0031687,R.Mostert,Raheem Mostert,RB,RB,MIA,2022,8,REG,DET,0,0,0,0,0,14,64,0,1,1,3,0,3,0.0294117647058824,0.00742574257425743,0,0,0,0,0,0,0,7.7
00-0031690,E.Tomlinson,Eric Tomlinson,TE,TE,DEN,2022,8,REG,JAX,0,0,0,0,0,0,0,0,0,0,0,0,0,0,0,0,0,0,0,0,0,0,0
00-0031787,J.Kumerow,Jake Kumerow,WR,WR,BUF,2022,8,REG,GB,0,0,0,0,0,0,0,0,0,1,0,0,19,0.04,0.059190031152648,0,0,0,0,0,0,0,0
00-0031800,T.Heinicke,Taylor Heinicke,QB,QB,WAS,2022,8,REG,IND,23,31,279,1,1,6,29,1,0,0,0,0,0,0,0,0,0,0,0,0,0,0,22.06
00-0031806,M.Brown,Malcolm Brown,RB,RB,LA,2022,8,REG,SF,0,0,0,0,0,5,10,0,0,0,0,0,0,0,0,0,0,0,0,0,0,0,1
00-0031868,D.Byrd,Damiere Byrd,WR,WR,ATL,2022,8,REG,CAR,0,0,0,0,0,0,0,0,3,6,67,1,190,0.214285714285714,0.622950819672131,0,0,0,0,0,0,0,15.7
00-0032054,B.Perriman,Breshad Perriman,WR,WR,TB,2022,8,REG,BAL,0,0,0,0,0,0,0,0,1,1,11,0,-2,0.0238095238095238,-0.00694444444444444,0,0,0,0,0,0,0,2.1
00-0032104,A.Abdullah,Ameer Abdullah,RB,RB,LV,2022,8,REG,NO,0,0,0,0,0,0,0,0,4,5,28,0,12,0.128205128205128,0.0368098159509202,0,0,0,0,0,0,0,6.8
00-0032134,C.Uzomah,C.J. Uzomah,TE,TE,NYJ,2022,8,REG,NE,0,0,0,0,0,0,0,0,1,1,27,0,13,0.0294117647058824,0.0325814536340852,0,0,0,0,0,0,0,3.7
00-0032144,M.Gordon,Melvin Gordon,RB,RB,DEN,2022,8,REG,JAX,0,0,0,0,0,9,29,1,3,4,23,0,-2,0.153846153846154,-0.00588235294117647,0,0,0,0,0,0,0,14.2
00-0032156,T.Siemian,Trevor Siemian,QB,QB,CHI,2022,8,REG,DAL,1,1,5,0,0,0,0,0,0,0,0,0,0,0,0,0,0,0,0,0,0,0,0.2
00-0032208,P.Dorsett,Phillip Dorsett,WR,WR,HOU,2022,8,REG,TEN,0,0,0,0,0,0,0,0,1,5,6,0,75,0.166666666666667,0.317796610169492,0,0,0,0,0,0,0,1.6
00-0032211,T.Lockett,Tyler Lockett,WR,WR,SEA,2022,8,REG,NYG,0,0,0,0,0,0,0,0,5,8,63,1,84,0.242424242424242,0.307692307692308,0,0,1,0,0,0,0,15.3
00-0032214,T.Kroft,Tyler Kroft,TE,TE,SF,2022,8,REG,LA,0,0,0,0,0,0,0,0,1,1,6,0,6,0.0384615384615385,0.0310880829015544,0,0,0,0,0,0,0,1.6
00-0032268,M.Mariota,Marcus Mariota,QB,QB,ATL,2022,8,REG,CAR,20,28,253,3,2,6,43,0,0,0,0,0,0,0,0,0,0,0,0,0,0,0,22.42
00-0032392,A.Hooper,Austin Hooper,TE,TE,TEN,2022,8,REG,HOU,0,0,0,0,0,0,0,0,1,1,5,0,1,0.125,0.0136986301369863,0,0,0,0,0,0,0,1.5
00-0032394,N.Vannett,Nick Vannett,TE,TE,NO,2022,8,REG,LV,0,0,0,0,0,0,0,0,1,1,8,0,7,0.0333333333333333,0.0409356725146199,0,0,0,0,0,0,0,1.8
00-0032450,D.Washington,Dwayne Washington,RB,RB,NO,2022,8,REG,LV,0,0,0,0,0,4,13,0,0,0,0,0,0,0,0,0,0,0,0,0,0,0,1.3
00-0032464,K.Raymond,Kalif Raymond,WR,WR,DET,2022,8,REG,MIA,0,0,0,0,0,0,0,0,3,4,76,0,81,0.108108108108108,0.303370786516854,0,0,0,0,0,0,0,10.6
00-0032602,J.McKissic,J.D. McKissic,RB,RB,WAS,2022,8,REG,IND,0,0,0,0,0,2,6,0,3,5,14,0,-10,0.166666666666667,-0.0555555555555556,0,0,0,0,0,0,0,5
00-0032688,R.Anderson,Robbie Chosen,WR,WR,ARI,2022,8,REG,MIN,0,0,0,0,0,0,0,0,0,3,0,0,74,0.0697674418604651,0.256944444444444,0,0,0,0,0,0,0,0
00-0032764,D.Henry,Derrick Henry,RB,RB,TEN,2022,8,REG,HOU,0,0,0,0,0,32,219,2,1,1,9,0,2,0.125,0.0273972602739726,0,0,0,0,0,0,0,35.8
00-0032775,D.Robinson,Demarcus Robinson,WR,WR,BAL,2022,8,REG,TB,0,0,0,0,0,0,0,0,6,8,64,0,44,0.235294117647059,0.200913242009132,0,0,0,0,0,0,0,12.4
00-0032980,M.Johnson,Marcus Johnson,WR,WR,NYG,2022,8,REG,SEA,0,0,0,0,0,0,0,0,1,6,3,0,45,0.193548387096774,0.184426229508197,0,0,0,0,0,0,0,1.3
00-0033009,T.Boyd,Tyler Boyd,WR,WR,CIN,2022,8,REG,CLE,0,0,0,0,0,0,0,0,3,5,38,1,56,0.147058823529412,0.28,0,0,0,0,0,0,0,12.8
00-0033040,T.Hill,Tyreek Hill,WR,WR,MIA,2022,8,REG,DET,0,0,0,0,0,1,7,0,12,14,188,0,222,0.411764705882353,0.54950495049505,0,0,0,0,0,0,0,31.5
00-0033077,D.Prescott,Dak Prescott,QB,QB,DAL,2022,8,REG,CHI,21,27,250,2,1,5,34,1,0,0,0,0,0,0,0,0,0,0,0,0,0,0,25.4
00-0033090,H.Henry,Hunter Henry,TE,TE,NE,2022,8,REG,NYJ,0,0,0,0,0,0,0,0,1,1,22,0,20,0.03125,0.125,0,0,0,0,0,0,0,3.2
00-0033106,J.Goff,Jared Goff,QB,QB,DET,2022,8,REG,MIA,27,37,321,1,0,1,3,0,1,1,5,0,-4,0.027027027027027,-0.0149812734082397,0,0,0,0,0,0,0,18.64
00-0033110,T.Higbee,Tyler Higbee,TE,TE,LA,2022,8,REG,SF,0,0,0,0,0,0,0,0,2,6,15,0,-1,0.1875,-0.0072463768115942,0,0,0,0,0,0,0,3.5
00-0033114,Mi.Thomas,Mike Thomas,WR,WR,CIN,2022,8,REG,CLE,0,0,0,0,0,0,0,0,0,1,0,0,15,0.0294117647058824,0.075,0,0,0,0,0,0,0,0
00-0033118,K.Drake,Kenyan Drake,RB,RB,BAL,2022,8,REG,TB,0,0,0,0,0,7,62,0,4,4,5,1,-12,0.117647058823529,-0.0547945205479452,0,0,0,0,0,0,0,16.7
00-0033119,J.Brissett,Jacoby Brissett,QB,QB,CLE,2022,8,REG,CIN,17,22,278,1,0,6,12,1,0,0,0,0,0,0,0,1,0,0,0,0,0,0,20.32
00-0033217,M.Alie-Cox,Mo Alie-Cox,TE,TE,IND,2022,8,REG,WAS,0,0,0,0,0,0,0,0,0,1,0,0,4,0.0434782608695652,0.0208333333333333,0,0,0,0,0,0,0,0
00-0033246,J.Mundt,Johnny Mundt,TE,TE,MIN,2022,8,REG,ARI,0,0,0,0,0,0,0,0,1,1,1,1,1,0.032258064516129,0.00429184549356223,0,0,0,0,0,0,0,7.1
00-0033251,Z.Pascal,Zach Pascal,WR,WR,PHI,2022,8,REG,PIT,0,0,0,0,0,0,0,0,2,2,57,1,20,0.0666666666666667,0.0630914826498423,0,0,0,0,0,0,0,13.7
00-0033275,P.Walker,P.J. Walker,QB,QB,CAR,2022,8,REG,ATL,19,36,317,1,1,1,20,0,0,0,0,0,0,0,0,0,0,0,0,0,0,0,16.68
00-0033280,C.McCaffrey,Christian McCaffrey,RB,RB,SF,2022,8,REG,LA,1,1,34,1,0,18,94,1,8,9,55,1,4,0.346153846153846,0.0207253886010363,0,0,0,0,0,0,0,40.26
00-0033282,C.Samuel,Curtis Samuel,WR,WR,WAS,2022,8,REG,IND,0,0,0,0,0,4,29,0,3,4,50,0,37,0.133333333333333,0.205555555555556,0,0,0,0,0,0,0,10.9
00-0033288,G.Kittle,George Kittle,TE,TE,SF,2022,8,REG,LA,0,0,0,0,0,0,0,0,3,5,39,1,25,0.192307692307692,0.129533678756477,0,0,0,0,0,0,0,12.9
00-0033292,T.Taylor,Trent Taylor,WR,WR,CIN,2022,8,REG,CLE,0,0,0,0,0,0,0,0,1,1,5,0,-4,0.0294117647058824,-0.02,0,0,0,0,0,0,0,1.5
00-0033293,A.Jones,Aaron Jones,RB,RB,GB,2022,8,REG,BUF,0,0,0,0,0,20,143,0,4,5,14,0,-16,0.172413793103448,-0.0677966101694915,0,0,0,0,0,0,0,19.7
00-0033307,K.Bourne,Kendrick Bourne,WR,WR,NE,2022,8,REG,NYJ,0,0,0,0,0,0,0,0,0,1,0,0,26,0.03125,0.1625,0,0,0,0,0,0,0,0
00-0033308,M.Breida,Matt Breida,RB,RB,NYG,2022,8,REG,SEA,0,0,0,0,0,2,5,0,1,2,10,0,26,0.0645161290322581,0.10655737704918,0,0,0,0,0,0,0,2.5
00-0033357,T.Hill,Taysom Hill,TE,TE,NO,2022,8,REG,LV,1,1,2,0,0,10,61,0,1,2,11,0,9,0.0666666666666667,0.0526315789473684,0,0,0,0,0,0,0,8.28
00-0033386,C.Hollister,Cody Hollister,WR,WR,TEN,2022,8,REG,HOU,0,0,0,0,0,0,0,0,0,1,0,0,14,0.125,0.191780821917808,0,0,0,0,0,0,0,0
00-0033439,P.Brown,Pharaoh Brown,TE,TE,CLE,2022,8,REG,CIN,0,0,0,0,0,0,0,0,0,0,0,0,0,0,0,0,0,0,0,0,0,0,0
00-0033466,I.McKenzie,Isaiah McKenzie,WR,WR,BUF,2022,8,REG,GB,0,0,0,0,0,2,2,1,1,1,8,0,5,0.04,0.0155763239875389,0,0,0,0,0,0,0,8
00-0033526,S.Perine,Samaje Perine,RB,RB,CIN,2022,8,REG,CLE,0,0,0,0,0,1,7,0,3,3,10,0,-8,0.0882352941176471,-0.04,0,0,0,0,0,0,0,4.7
00-0033555,M.Hollins,Mack Hollins,WR,WR,LV,2022,8,REG,NO,0,0,0,0,0,0,0,0,7,8,64,0,71,0.205128205128205,0.217791411042945,0,0,0,0,0,0,0,13.4
00-0033576,E.Saubert,Eric Saubert,TE,TE,DEN,2022,8,REG,JAX,0,0,0,0,0,0,0,0,0,0,0,0,0,0,0,0,0,0,0,0,0,0,0
00-0033681,K.Cole,Keelan Cole,WR,WR,LV,2022,8,REG,NO,0,0,0,0,0,0,0,0,2,5,30,0,99,0.128205128205128,0.303680981595092,0,0,0,0,0,0,0,5
00-0033757,R.Tonyan,Robert Tonyan,TE,TE,GB,2022,8,REG,BUF,0,0,0,0,0,0,0,0,5,6,35,0,35,0.206896551724138,0.148305084745763,0,0,0,0,0,0,0,8.5
00-0033854,D.Ogunbowale,Dare Ogunbowale,RB,RB,HOU,2022,8,REG,TEN,0,0,0,0,0,0,0,0,1,1,0,0,-1,0.0333333333333333,-0.00423728813559322,0,0,0,0,0,0,0,1
00-0033856,L.Fournette,Leonard Fournette,RB,RB,TB,2022,8,REG,BAL,0,0,0,0,0,9,24,1,3,3,34,0,-2,0.0714285714285714,-0.00694444444444444,0,0,0,0,0,0,0,14.8
00-0033858,J.Smith,Jonnu Smith,TE,TE,NE,2022,8,REG,NYJ,0,0,0,0,0,0,0,0,3,4,10,0,10,0.125,0.0625,0,0,0,0,0,0,0,4
00-0033879,O.Howard,O.J. Howard,TE,TE,HOU,2022,8,REG,TEN,0,0,0,0,0,0,0,0,2,3,24,0,24,0.1,0.101694915254237,0,0,0,0,0,0,0,4.4
00-0033881,E.Engram,Evan Engram,TE,TE,JAX,2022,8,REG,DEN,0,0,0,0,0,0,0,0,4,6,55,1,62,0.214285714285714,0.358381502890173,0,0,0,0,0,0,0,15.5
00-0033891,Z.Jones,Zay Jones,WR,WR,JAX,2022,8,REG,DEN,0,0,0,0,0,1,7,0,3,3,28,0,24,0.107142857142857,0.138728323699422,0,0,0,0,0,0,0,6.5
00-0033893,D.Cook,Dalvin Cook,RB,RB,MIN,2022,8,REG,ARI,0,0,0,0,0,20,111,1,5,6,30,0,1,0.193548387096774,0.00429184549356223,0,0,0,0,0,0,0,25.1
00-0033897,J.Mixon,Joe Mixon,RB,RB,CIN,2022,8,REG,CLE,0,0,0,0,0,8,27,0,7,9,32,0,-23,0.264705882352941,-0.115,0,0,0,0,0,0,0,12.9
00-0033906,A.Kamara,Alvin Kamara,RB,RB,NO,2022,8,REG,LV,0,0,0,0,0,18,62,1,9,10,96,2,1,0.333333333333333,0.00584795321637427,0,0,0,0,0,0,0,42.8
00-0033908,C.Kupp,Cooper Kupp,WR,WR,LA,2022,8,REG,SF,0,0,0,0,0,2,10,0,8,12,79,1,92,0.375,0.666666666666667,0,0,0,0,0,0,0,22.9
00-0033921,C.Godwin,Chris Godwin,WR,WR,TB,2022,8,REG,BAL,0,0,0,0,0,0,0,0,6,11,75,0,18,0.261904761904762,0.0625,0,0,0,0,0,0,0,13.5
00-0033923,K.Hunt,Kareem Hunt,RB,RB,CLE,2022,8,REG,CIN,0,0,0,0,0,11,42,0,4,4,30,0,8,0.2,0.0355555555555556,0,0,0,0,0,0,0,11.2
00-0033925,D.Foreman,D'Onta Foreman,RB,RB,CAR,2022,8,REG,ATL,0,0,0,0,0,26,118,3,0,1,0,0,-9,0.0277777777777778,-0.0212765957446809,0,0,0,0,1,0,0,31.8
00-0033943,J.Reynolds,Josh Reynolds,WR,WR,DET,2022,8,REG,MIA,0,0,0,0,0,0,0,0,2,6,14,0,79,0.162162162162162,0.295880149812734,0,0,0,0,0,0,0,3.4
00-0033948,Ja.Williams,Jamaal Williams,RB,RB,DET,2022,8,REG,MIA,0,0,0,0,0,10,53,2,3,3,23,0,0,0.0810810810810811,0,0,0,0,0,0,0,0,22.6
00-0034011,D.Arnold,Dan Arnold,TE,TE,JAX,2022,8,REG,DEN,0,0,0,0,0,0,0,0,1,1,8,0,3,0.0357142857142857,0.0173410404624277,0,0,0,0,0,0,0,1.8
00-0034073,R.Dwelley,Ross Dwelley,TE,TE,SF,2022,8,REG,LA,0,0,0,0,0,0,0,0,1,1,56,0,35,0.0384615384615385,0.181347150259067,0,0,0,0,0,0,0,6.6
00-0034104,C.Sims,Cam Sims,WR,WR,WAS,2022,8,REG,IND,0,0,0,0,0,0,0,0,1,2,21,0,33,0.0666666666666667,0.183333333333333,0,0,0,0,0,0,0,3.1
00-0034115,J.Wilson,Jeffery Wilson,RB,RB,SF,2022,8,REG,LA,0,0,0,0,0,4,14,0,2,2,21,0,9,0.0769230769230769,0.0466321243523316,0,0,0,0,0,0,0,5.5
00-0034159,W.Dissly,Will Dissly,TE,TE,SEA,2022,8,REG,NYG,0,0,0,0,0,0,0,0,2,2,12,0,1,0.0606060606060606,0.00366300366300366,0,0,0,0,0,0,0,3.2
00-0034184,G.Edwards,Gus Edwards,RB,RB,BAL,2022,8,REG,TB,0,0,0,0,0,11,65,0,0,0,0,0,0,0,0,0,0,0,0,0,0,0,6.5
00-0034253,D.Hilliard,Dontrell Hilliard,RB,RB,TEN,2022,8,REG,HOU,0,0,0,0,0,8,83,0,1,1,12,0,-4,0.125,-0.0547945205479452,0,0,0,0,0,0,0,10.5
00-0034270,T.Conklin,Tyler Conklin,TE,TE,NYJ,2022,8,REG,NE,0,0,0,0,0,0,0,0,6,10,79,2,149,0.294117647058824,0.3734335839599,0,0,0,0,0,0,0,25.9
00-0034279,E.St. Brown,Equanimeous St. Brown,WR,WR,CHI,2022,8,REG,DAL,0,0,0,0,0,0,0,0,1,3,6,0,75,0.130434782608696,0.367647058823529,0,0,0,0,0,0,0,1.6
00-0034286,R.James,Richie James,WR,WR,NYG,2022,8,REG,SEA,0,0,0,0,0,0,0,0,0,0,0,0,0,0,0,0,0,0,0,0,0,0,0
00-0034301,D.Williams,Darrel Williams,RB,RB,ARI,2022,8,REG,MIN,0,0,0,0,0,5,8,0,2,3,6,0,-10,0.0697674418604651,-0.0347222222222222,0,0,0,0,0,0,0,3.4
00-0034348,C.Sutton,Courtland Sutton,WR,WR,DEN,2022,8,REG,JAX,0,0,0,0,0,0,0,0,1,4,13,0,36,0.153846153846154,0.105882352941176,0,0,0,0,0,0,0,2.3
00-0034351,D.Goedert,Dallas Goedert,TE,TE,PHI,2022,8,REG,PIT,0,0,0,0,0,0,0,0,6,6,64,0,35,0.2,0.110410094637224,0,0,0,0,0,0,0,12.4
00-0034364,J.Akins,Jordan Akins,TE,TE,HOU,2022,8,REG,TEN,0,0,0,0,0,0,0,0,1,2,5,0,12,0.0666666666666667,0.0508474576271187,0,0,0,0,0,0,0,1.5
00-0034365,I.Thomas,Ian Thomas,TE,TE,CAR,2022,8,REG,ATL,0,0,0,0,0,0,0,0,1,1,2,0,-5,0.0277777777777778,-0.0118203309692671,0,0,0,0,0,0,0,1.2
00-0034366,K.Coutee,Keke Coutee,WR,WR,IND,2022,8,REG,WAS,0,0,0,0,0,0,0,0,0,0,0,0,0,0,0,0,0,0,0,0,0,0,0
00-0034367,N.Hines,Nyheim Miller-Hines,RB,RB,IND,2022,8,REG,WAS,0,0,0,0,0,5,20,1,2,2,29,0,25,0.0869565217391304,0.130208333333333,0,0,0,0,0,0,0,12.9
00-0034383,D.Schultz,Dalton Schultz,TE,TE,DAL,2022,8,REG,CHI,0,0,0,0,0,0,0,0,6,7,74,0,56,0.269230769230769,0.299465240641711,0,0,0,0,0,0,0,13.4
00-0034407,R.McCloud,Ray-Ray McCloud,WR,WR,SF,2022,8,REG,LA,0,0,0,0,0,0,0,0,1,2,11,0,54,0.0769230769230769,0.27979274611399,0,0,0,0,0,0,0,2.1
00-0034414,B.Scott,Boston Scott,RB,RB,PHI,2022,8,REG,PIT,0,0,0,0,0,7,21,0,0,0,0,0,0,0,0,0,0,0,0,0,0,0,2.1
00-0034418,C.Wilson,Cedrick Wilson,WR,WR,MIA,2022,8,REG,DET,0,0,0,0,0,0,0,0,0,1,0,0,0,0.0294117647058824,0,0,0,0,0,0,0,0,0
00-0034419,B.Berrios,Braxton Berrios,WR,WR,NYJ,2022,8,REG,NE,0,0,0,0,0,0,0,0,0,1,0,0,13,0.0294117647058824,0.0325814536340852,0,0,0,0,0,0,0,0
00-0034440,J.Jackson,Justin Jackson,RB,RB,DET,2022,8,REG,MIA,0,0,0,0,0,0,0,0,0,0,0,0,0,0,0,0,0,0,0,0,0,0,0
00-0034487,T.Sherfield,Trent Sherfield,WR,WR,MIA,2022,8,REG,DET,0,0,0,0,0,0,0,0,2,2,25,0,20,0.0588235294117647,0.0495049504950495,0,0,0,0,0,0,0,4.5
00-0034613,T.Hudson,Tanner Hudson,TE,TE,NYG,2022,8,REG,SEA,0,0,0,0,0,0,0,0,3,5,58,0,32,0.161290322580645,0.131147540983607,0,0,0,0,0,0,0,8.8
00-0034646,B.Powell,Brandon Powell,WR,WR,LA,2022,8,REG,SF,0,0,0,0,0,0,0,0,0,0,0,0,0,0,0,0,0,0,0,0,0,0,0
00-0034681,C.Edmonds,Chase Edmonds,RB,RB,MIA,2022,8,REG,DET,0,0,0,0,0,4,14,0,0,0,0,0,0,0,0,0,0,0,0,0,0,0,1.4
00-0034753,M.Andrews,Mark Andrews,TE,TE,BAL,2022,8,REG,TB,0,0,0,0,0,0,0,0,3,5,33,0,30,0.147058823529412,0.136986301369863,0,0,0,0,0,0,0,6.3
00-0034764,M.Gallup,Michael Gallup,WR,WR,DAL,2022,8,REG,CHI,0,0,0,0,0,0,0,0,4,6,49,0,44,0.230769230769231,0.235294117647059,0,0,0,0,0,0,0,8.9
00-0034765,T.Smith,Tre'Quan Smith,WR,WR,NO,2022,8,REG,LV,0,0,0,0,0,0,0,0,0,1,0,0,20,0.0333333333333333,0.116959064327485,0,0,0,0,0,0,0,0
00-0034775,C.Kirk,Christian Kirk,WR,WR,JAX,2022,8,REG,DEN,0,0,0,0,0,0,0,0,3,7,40,0,49,0.25,0.283236994219653,0,0,0,0,0,0,0,7
00-0034791,N.Chubb,Nick Chubb,RB,RB,CLE,2022,8,REG,CIN,0,0,0,0,0,23,101,2,1,1,3,0,-7,0.05,-0.0311111111111111,0,0,0,0,1,0,0,25.4
00-0034796,L.Jackson,Lamar Jackson,QB,QB,BAL,2022,8,REG,TB,27,38,238,2,0,9,43,0,0,0,0,0,0,0,0,0,0,0,0,0,0,0,21.82
00-0034827,D.Moore,D.J. Moore,WR,WR,CAR,2022,8,REG,ATL,0,0,0,0,0,1,3,0,6,11,152,1,251,0.305555555555556,0.59338061465721,0,0,0,0,0,0,0,27.5
00-0034829,M.Gesicki,Mike Gesicki,TE,TE,MIA,2022,8,REG,DET,0,0,0,0,0,0,0,0,3,4,38,1,40,0.117647058823529,0.099009900990099,0,0,0,0,0,0,0,12.8
00-0034830,H.Hurst,Hayden Hurst,TE,TE,CIN,2022,8,REG,CLE,0,0,0,0,0,0,0,0,4,4,42,0,29,0.117647058823529,0.145,0,0,0,0,0,0,0,8.2
00-0034844,S.Barkley,Saquon Barkley,RB,RB,NYG,2022,8,REG,SEA,0,0,0,0,0,20,53,1,3,5,9,0,11,0.161290322580645,0.0450819672131148,0,0,0,0,0,0,0,15.2
00-0034857,J.Allen,Josh Allen,QB,QB,BUF,2022,8,REG,GB,13,25,218,2,2,6,49,0,0,0,0,0,0,0,0,0,0,0,0,0,0,0,17.62
00-0034860,D.Pettis,Dante Pettis,WR,WR,CHI,2022,8,REG,DAL,0,0,0,0,0,0,0,0,4,5,18,0,35,0.217391304347826,0.17156862745098,0,0,0,0,0,0,0,5.8
00-0034928,S.Sims,Steven Sims,WR,WR,PIT,2022,8,REG,PHI,0,0,0,0,0,2,21,0,2,3,-1,0,0,0.075,0,0,0,0,0,0,0,0,4
00-0034960,J.Meyers,Jakobi Meyers,WR,WR,NE,2022,8,REG,NYJ,0,0,0,0,0,0,0,0,9,13,60,1,68,0.40625,0.425,0,0,0,0,0,0,0,21
00-0034970,I.Smith,Irv Smith,TE,TE,MIN,2022,8,REG,ARI,0,0,0,0,0,0,0,0,4,4,28,0,14,0.129032258064516,0.0600858369098712,0,0,0,0,0,0,0,6.8
00-0034972,A.Mattison,Alexander Mattison,RB,RB,MIN,2022,8,REG,ARI,0,0,0,0,0,5,40,1,0,0,0,0,0,0,0,0,0,0,0,0,0,0,10
00-0034975,J.Hill,Justice Hill,RB,RB,BAL,2022,8,REG,TB,0,0,0,0,0,4,28,0,0,0,0,0,0,0,0,0,0,0,0,0,0,0,2.8
00-0034981,F.Moreau,Foster Moreau,TE,TE,LV,2022,8,REG,NO,0,0,0,0,0,0,0,0,6,9,31,0,26,0.230769230769231,0.0797546012269939,0,0,0,0,0,0,0,9.1
00-0034983,H.Renfrow,Hunter Renfrow,WR,WR,LV,2022,8,REG,NO,0,0,0,0,0,0,0,0,1,2,6,0,19,0.0512820512820513,0.0582822085889571,0,0,0,0,0,0,0,1.6
00-0035208,O.Zaccheaus,Olamide Zaccheaus,WR,WR,ATL,2022,8,REG,CAR,0,0,0,0,0,1,-6,0,1,1,10,0,0,0.0357142857142857,0,0,0,0,0,0,0,0,1.4
00-0035216,D.Johnson,Diontae Johnson,WR,WR,PIT,2022,8,REG,PHI,0,0,0,0,0,0,0,0,5,9,35,0,74,0.225,0.316239316239316,0,0,0,0,0,0,0,8.5
00-0035222,Z.Gentry,Zach Gentry,TE,TE,PIT,2022,8,REG,PHI,0,0,0,0,0,0,0,0,1,1,3,0,0,0.025,0,0,0,0,0,0,0,0,1.3
00-0035228,K.Murray,Kyler Murray,QB,QB,ARI,2022,8,REG,MIN,31,44,326,3,2,6,36,0,0,0,0,0,0,0,0,0,0,0,0,0,0,0,24.64
00-0035229,T.Hockenson,T.J. Hockenson,TE,TE,DET,2022,8,REG,MIA,0,0,0,0,0,0,0,0,3,4,80,0,34,0.108108108108108,0.127340823970037,0,0,0,0,0,0,0,11
00-0035243,M.Sanders,Miles Sanders,RB,RB,PHI,2022,8,REG,PIT,0,0,0,0,0,9,78,1,0,0,0,0,0,0,0,0,0,0,0,0,0,0,13.8
00-0035249,J.Oliver,Josh Oliver,TE,TE,BAL,2022,8,REG,TB,0,0,0,0,0,0,0,0,1,1,4,0,4,0.0294117647058824,0.0182648401826484,0,0,0,0,0,0,0,1.4
00-0035250,D.Singletary,Devin Singletary,RB,RB,BUF,2022,8,REG,GB,0,0,0,0,0,14,67,0,1,2,16,0,8,0.08,0.0249221183800623,0,0,0,0,0,0,0,9.3
00-0035259,T.Wesco,Trevon Wesco,TE,TE,CHI,2022,8,REG,DAL,0,0,0,0,0,0,0,0,0,0,0,0,0,0,0,0,0,0,0,0,0,0,0
00-0035261,T.Pollard,Tony Pollard,RB,RB,DAL,2022,8,REG,CHI,0,0,0,0,0,14,131,3,1,1,16,0,2,0.0384615384615385,0.0106951871657754,0,0,0,0,0,0,0,33.7
00-0035264,J.Stidham,Jarrett Stidham,QB,QB,LV,2022,8,REG,NO,8,13,72,0,0,0,0,0,0,0,0,0,0,0,0,0,0,0,0,0,0,0,2.88
00-0035289,G.Minshew,Gardner Minshew,QB,QB,PHI,2022,8,REG,PIT,1,2,23,0,0,1,-1,0,0,0,0,0,0,0,0,0,0,0,0,0,0,0,0.82
00-0035298,S.Miller,Scott Miller,WR,WR,TB,2022,8,REG,BAL,0,0,0,0,0,0,0,0,2,2,13,0,9,0.0476190476190476,0.03125,0,0,0,0,0,0,0,3.3
00-0035341,T.Irwin,Trenton Irwin,WR,WR,CIN,2022,8,REG,CLE,0,0,0,0,0,0,0,0,2,3,27,0,19,0.0882352941176471,0.095,0,0,0,0,0,0,0,4.7
00-0035345,C.Myarick,Chris Myarick,TE,TE,NYG,2022,8,REG,SEA,0,0,0,0,0,0,0,0,1,1,10,0,2,0.032258064516129,0.00819672131147541,0,0,0,0,0,0,0,2
00-0035359,D.Sills,David Sills,WR,WR,NYG,2022,8,REG,SEA,0,0,0,0,0,0,0,0,1,2,5,0,20,0.0645161290322581,0.0819672131147541,0,0,0,0,0,0,0,1.5
00-0035500,G.Dortch,Greg Dortch,WR,WR,ARI,2022,8,REG,MIN,0,0,0,0,0,0,0,0,2,3,12,0,2,0.0697674418604651,0.00694444444444444,0,0,0,0,0,0,0,3.2
00-0035510,J.Smith,Jeff Smith,WR,WR,NYJ,2022,8,REG,NE,0,0,0,0,0,0,0,0,1,1,23,0,12,0.0294117647058824,0.0300751879699248,0,0,0,0,0,0,0,3.3
00-0035535,D.Slayton,Darius Slayton,WR,WR,NYG,2022,8,REG,SEA,0,0,0,0,0,0,0,0,5,6,66,0,74,0.193548387096774,0.30327868852459,0,0,0,0,0,0,0,11.6
00-0035537,T.Johnson,Ty Johnson,RB,RB,NYJ,2022,8,REG,NE,0,0,0,0,0,2,6,0,0,2,0,0,3,0.0588235294117647,0.0075187969924812,0,0,0,0,0,0,0,0.6
00-0035562,J.Horsted,Jesper Horsted,TE,TE,LV,2022,8,REG,NO,0,0,0,0,0,0,0,0,0,1,0,0,13,0.0256410256410256,0.0398773006134969,0,0,0,0,0,0,0,0
00-0035567,C.Reynolds,Craig Reynolds,RB,RB,DET,2022,8,REG,MIA,0,0,0,0,0,2,7,0,0,1,0,0,4,0.027027027027027,0.0149812734082397,0,0,0,0,0,0,0,0.7
00-0035572,P.Hesse,Parker Hesse,TE,TE,ATL,2022,8,REG,CAR,0,0,0,0,0,0,0,0,1,1,9,0,8,0.0357142857142857,0.0262295081967213,0,0,0,0,0,0,0,1.9
00-0035594,T.Homer,Travis Homer,RB,RB,SEA,2022,8,REG,NYG,0,0,0,0,0,2,10,0,1,1,21,0,2,0.0303030303030303,0.00732600732600733,0,0,0,0,0,0,0,4.1
00-0035624,N.Harry,N'Keal Harry,TE,TE,CHI,2022,8,REG,DAL,0,0,0,0,0,0,0,0,2,2,24,1,14,0.0869565217391304,0.0686274509803922,0,0,0,0,0,0,0,10.4
00-0035628,D.Johnson,D'Ernest Johnson,RB,RB,CLE,2022,8,REG,CIN,0,0,0,0,0,4,17,0,0,0,0,0,0,0,0,0,0,0,0,0,0,0,1.7
00-0035639,P.Campbell,Parris Campbell,WR,WR,IND,2022,8,REG,WAS,0,0,0,0,0,1,28,0,2,2,43,0,3,0.0869565217391304,0.015625,0,0,0,0,0,0,0,9.1
00-0035640,D.Metcalf,DK Metcalf,WR,WR,SEA,2022,8,REG,NYG,0,0,0,0,0,0,0,0,6,10,55,1,149,0.303030303030303,0.545787545787546,0,0,0,0,0,0,0,17.5
00-0035644,N.Fant,Noah Fant,TE,TE,SEA,2022,8,REG,NYG,0,0,0,0,0,0,0,0,2,2,19,0,1,0.0606060606060606,0.00366300366300366,0,0,0,0,0,0,0,3.9
00-0035645,G.Olszewski,Gunner Olszewski,WR,WR,PIT,2022,8,REG,PHI,0,0,0,0,0,0,0,0,0,0,0,0,0,0,0,0,0,0,0,0,0,0,0
00-0035657,D.Harris,Damien Harris,RB,RB,NE,2022,8,REG,NYJ,0,0,0,0,0,11,37,0,2,2,15,0,-2,0.0625,-0.0125,0,0,0,0,0,0,0,7.2
00-0035659,T.McLaurin,Terry McLaurin,WR,WR,WAS,2022,8,REG,IND,0,0,0,0,0,1,-7,0,6,8,113,0,103,0.266666666666667,0.572222222222222,0,0,0,0,0,0,0,16.6
00-0035664,D.Henderson,Darrell Henderson,RB,RB,LA,2022,8,REG,SF,0,0,0,0,0,4,16,0,2,2,14,0,4,0.0625,0.0289855072463768,0,0,0,0,0,0,0,5
00-0035676,A.Brown,A.J. Brown,WR,WR,PHI,2022,8,REG,PIT,0,0,0,0,0,0,0,0,6,10,156,3,181,0.333333333333333,0.570977917981073,0,0,0,0,0,0,0,39.6
00-0035685,D.Montgomery,David Montgomery,RB,RB,CHI,2022,8,REG,DAL,0,0,0,0,0,15,53,0,3,3,22,0,1,0.130434782608696,0.00490196078431373,0,0,1,0,0,0,0,8.5
00-0035689,D.Knox,Dawson Knox,TE,TE,BUF,2022,8,REG,GB,0,0,0,0,0,0,0,0,2,3,10,1,26,0.12,0.0809968847352025,0,0,0,0,0,0,0,9
00-0035700,J.Jacobs,Josh Jacobs,RB,RB,LV,2022,8,REG,NO,0,0,0,0,0,10,43,0,2,4,11,0,1,0.102564102564103,0.00306748466257669,0,0,0,0,0,0,0,7.4
00-0035703,M.Boykin,Miles Boykin,WR,WR,PIT,2022,8,REG,PHI,0,0,0,0,0,0,0,0,0,0,0,0,0,0,0,0,0,0,0,0,0,0,0
00-0035710,D.Jones,Daniel Jones,QB,QB,NYG,2022,8,REG,SEA,17,31,176,0,0,6,20,0,0,0,0,0,0,0,0,0,0,0,0,0,0,0,9.04
00-0035771,M.Wilcox,Mitchell Wilcox,TE,TE,CIN,2022,8,REG,CLE,0,0,0,0,0,0,0,0,1,1,3,0,3,0.0294117647058824,0.015,0,0,0,0,0,0,0,1.3
00-0035806,J.Hasty,Jamycal Hasty,RB,RB,JAX,2022,8,REG,DEN,0,0,0,0,0,4,13,0,3,4,-3,0,-19,0.142857142857143,-0.109826589595376,0,0,0,0,0,0,0,4
00-0035831,J.Robinson,James Robinson,RB,RB,NYJ,2022,8,REG,NE,0,0,0,0,0,5,17,0,0,1,0,0,1,0.0294117647058824,0.0025062656641604,0,0,0,0,0,0,0,1.7
00-0035956,G.Ricci,Giovanni Ricci,TE,TE,CAR,2022,8,REG,ATL,0,0,0,0,0,0,0,0,0,0,0,0,0,0,0,0,0,0,0,0,0,0,0
00-0035973,P.Taylor,Patrick Taylor,RB,RB,GB,2022,8,REG,BUF,0,0,0,0,0,0,0,0,0,0,0,0,0,0,0,0,0,0,0,0,0,0,0
00-0036020,S.Ahmed,Salvon Ahmed,RB,RB,MIA,2022,8,REG,DET,0,0,0,0,0,1,2,0,0,0,0,0,0,0,0,0,0,0,0,0,0,0,0.2
00-0036040,J.Johnson,Juwan Johnson,TE,TE,NO,2022,8,REG,LV,0,0,0,0,0,0,0,0,2,4,14,0,43,0.133333333333333,0.251461988304094,0,0,0,0,0,0,0,3.4
00-0036133,J.Proche,James Proche,WR,WR,BAL,2022,8,REG,TB,0,0,0,0,0,0,0,0,3,4,24,0,48,0.117647058823529,0.219178082191781,0,0,0,0,0,0,0,5.4
00-0036145,L.Cager,Lawrence Cager,TE,TE,NYG,2022,8,REG,SEA,0,0,0,0,0,0,0,0,0,1,0,0,22,0.032258064516129,0.0901639344262295,0,0,0,0,0,0,0,0
00-0036182,N.Westbrook-Ikhine,Nick Westbrook-Ikhine,WR,WR,TEN,2022,8,REG,HOU,0,0,0,0,0,0,0,0,0,0,0,0,0,0,0,0,0,0,0,0,0,0,0
00-0036196,G.Davis,Gabe Davis,WR,WR,BUF,2022,8,REG,GB,0,0,0,0,0,0,0,0,2,7,35,0,94,0.28,0.292834890965732,0,0,0,0,0,0,0,5.5
00-0036212,T.Tagovailoa,Tua Tagovailoa,QB,QB,MIA,2022,8,REG,DET,29,36,382,3,0,5,19,0,0,0,0,0,0,0,0,0,0,0,0,0,0,0,29.18
00-0036219,M.Callaway,Marquez Callaway,WR,WR,NO,2022,8,REG,LV,0,0,0,0,0,0,0,0,1,1,10,0,6,0.0333333333333333,0.0350877192982456,0,0,0,0,0,0,0,2
00-0036223,J.Taylor,Jonathan Taylor,RB,RB,IND,2022,8,REG,WAS,0,0,0,0,0,16,76,0,0,1,0,0,2,0.0434782608695652,0.0104166666666667,0,1,0,0,0,0,0,5.6
00-0036233,D.Peoples-Jones,Donovan Peoples-Jones,WR,WR,CLE,2022,8,REG,CIN,0,0,0,0,0,0,0,0,4,4,81,0,52,0.2,0.231111111111111,0,0,0,0,0,0,0,12.1
00-0036244,C.Parkinson,Colby Parkinson,TE,TE,SEA,2022,8,REG,NYG,0,0,0,0,0,0,0,0,1,1,5,0,3,0.0303030303030303,0.010989010989011,0,0,0,0,0,0,0,1.5
00-0036252,M.Pittman,Michael Pittman,WR,WR,IND,2022,8,REG,WAS,0,0,0,0,0,0,0,0,7,9,53,0,58,0.391304347826087,0.302083333333333,0,0,0,0,0,0,0,12.3
00-0036255,D.Mims,Denzel Mims,WR,WR,NYJ,2022,8,REG,NE,0,0,0,0,0,0,0,0,2,3,76,0,54,0.0882352941176471,0.135338345864662,0,0,0,0,0,0,0,9.6
00-0036261,B.Aiyuk,Brandon Aiyuk,WR,WR,SF,2022,8,REG,LA,0,0,0,0,0,0,0,0,6,6,81,1,60,0.230769230769231,0.310880829015544,0,0,0,0,0,0,0,20.1
00-0036265,A.Dillon,A.J. Dillon,RB,RB,GB,2022,8,REG,BUF,0,0,0,0,0,10,54,0,1,1,9,0,0,0.0344827586206897,0,0,0,0,0,0,0,0,7.3
00-0036268,L.Shenault,Laviska Shenault Jr.,WR,WR,CAR,2022,8,REG,ATL,0,0,0,0,0,0,0,0,5,6,26,0,10,0.166666666666667,0.0236406619385343,0,0,0,0,0,0,0,7.6
00-0036271,Q.Watkins,Quez Watkins,WR,WR,PHI,2022,8,REG,PIT,0,0,0,0,0,0,0,0,0,2,0,0,29,0.0666666666666667,0.0914826498422713,0,0,0,0,0,0,0,0
00-0036275,D.Swift,D'Andre Swift,RB,RB,DET,2022,8,REG,MIA,0,0,0,0,0,5,6,0,5,5,27,1,-5,0.135135135135135,-0.0187265917602996,0,0,0,0,0,0,0,14.3
00-0036290,C.Kmet,Cole Kmet,TE,TE,CHI,2022,8,REG,DAL,0,0,0,0,0,0,0,0,2,2,11,1,8,0.0869565217391304,0.0392156862745098,0,0,0,0,0,0,0,9.1
00-0036309,D.Mooney,Darnell Mooney,WR,WR,CHI,2022,8,REG,DAL,0,0,0,0,0,0,0,0,5,5,70,0,30,0.217391304347826,0.147058823529412,0,0,0,0,0,0,0,12
00-0036322,J.Jefferson,Justin Jefferson,WR,WR,MIN,2022,8,REG,ARI,0,0,0,0,0,0,0,0,6,8,98,0,85,0.258064516129032,0.36480686695279,0,0,0,0,0,0,0,15.8
00-0036326,C.Claypool,Chase Claypool,WR,WR,PIT,2022,8,REG,PHI,1,1,1,1,0,0,0,0,4,6,45,0,43,0.15,0.183760683760684,0,0,0,0,0,0,0,12.54
00-0036328,A.Gibson,Antonio Gibson,RB,RB,WAS,2022,8,REG,IND,0,0,0,0,0,7,19,0,7,7,58,1,-4,0.233333333333333,-0.0222222222222222,0,0,0,0,0,0,0,20.7
00-0036331,D.Duvernay,Devin Duvernay,WR,WR,BAL,2022,8,REG,TB,0,0,0,0,0,2,33,1,4,4,31,0,5,0.117647058823529,0.0228310502283105,0,0,0,0,0,0,0,16.4
00-0036332,J.Deguara,Josiah Deguara,TE,TE,GB,2022,8,REG,BUF,0,0,0,0,0,0,0,0,1,1,9,0,-6,0.0344827586206897,-0.0254237288135593,0,0,0,0,0,0,0,1.9
00-0036345,K.Osborn,K.J. Osborn,WR,WR,MIN,2022,8,REG,ARI,0,0,0,0,0,0,0,0,2,5,8,1,25,0.161290322580645,0.107296137339056,0,0,0,0,0,0,0,8.8
00-0036358,C.Lamb,CeeDee Lamb,WR,WR,DAL,2022,8,REG,CHI,0,0,0,0,0,1,1,0,5,7,77,1,90,0.269230769230769,0.481283422459893,0,0,0,0,0,0,0,18.8
00-0036365,B.Edwards,Bryan Edwards,WR,WR,ATL,2022,8,REG,CAR,0,0,0,0,0,0,0,0,1,1,3,0,-1,0.0357142857142857,-0.00327868852459016,0,0,0,0,0,0,0,1.3
00-0036383,E.Benjamin,Eno Benjamin,RB,RB,ARI,2022,8,REG,MIN,0,0,0,0,0,9,22,0,4,7,23,0,-3,0.162790697674419,-0.0104166666666667,0,0,0,0,0,0,0,8.5
00-0036387,J.Reagor,Jalen Reagor,WR,WR,MIN,2022,8,REG,ARI,0,0,0,0,0,0,0,0,0,0,0,0,0,0,0,0,0,0,0,0,0,0,0
00-0036389,J.Hurts,Jalen Hurts,QB,QB,PHI,2022,8,REG,PIT,19,28,285,4,0,2,10,0,0,0,0,0,0,0,0,0,0,0,0,0,0,0,28.4
00-0036407,J.Jeudy,Jerry Jeudy,WR,WR,DEN,2022,8,REG,JAX,0,0,0,0,0,0,0,0,6,7,63,1,58,0.269230769230769,0.170588235294118,0,0,0,0,0,0,0,18.3
00-0036410,T.Higgins,Tee Higgins,WR,WR,CIN,2022,8,REG,CLE,0,0,0,0,0,0,0,0,3,6,49,1,87,0.176470588235294,0.435,0,0,0,0,0,0,0,13.9
00-0036412,K.Hamler,K.J. Hamler,WR,WR,DEN,2022,8,REG,JAX,0,0,0,0,0,1,9,0,2,3,52,0,85,0.115384615384615,0.25,0,0,0,0,0,0,0,8.1
00-0036425,D.Dallas,DeeJay Dallas,RB,RB,SEA,2022,8,REG,NYG,0,0,0,0,0,0,0,0,0,0,0,0,0,0,0,0,0,0,0,0,0,0,0
00-0036438,S.Sullivan,Stephen Sullivan,TE,TE,CAR,2022,8,REG,ATL,0,0,0,0,0,0,0,0,1,2,33,0,11,0.0555555555555556,0.0260047281323877,0,0,0,0,0,0,0,4.3
00-0036442,J.Burrow,Joe Burrow,QB,QB,CIN,2022,8,REG,CLE,25,35,232,2,1,1,2,0,0,0,0,0,0,0,0,1,0,0,0,0,0,0,13.48
00-0036493,D.Jackson,Deon Jackson,RB,RB,IND,2022,8,REG,WAS,0,0,0,0,0,1,-4,0,0,0,0,0,0,0,0,0,0,0,0,0,0,0,-0.4
00-0036527,D.Turner,D.J. Turner,WR,WR,LV,2022,8,REG,NO,0,0,0,0,0,0,0,0,0,0,0,0,0,0,0,0,0,0,0,0,0,0,0
00-0036543,S.Brown,Spencer Brown,RB,RB,CAR,2022,8,REG,ATL,0,0,0,0,0,6,27,0,0,1,0,0,6,0.0277777777777778,0.0141843971631206,0,0,0,0,0,0,0,2.7
00-0036550,R.Bateman,Rashod Bateman,WR,WR,BAL,2022,8,REG,TB,0,0,0,0,0,0,0,0,0,1,0,0,24,0.0294117647058824,0.10958904109589,0,0,0,0,0,0,0,0
00-0036556,B.Jordan,Brevin Jordan,TE,TE,HOU,2022,8,REG,TEN,0,0,0,0,0,0,0,0,2,5,19,0,6,0.166666666666667,0.0254237288135593,0,0,0,0,0,0,0,3.9
00-0036569,G.Brightwell,Gary Brightwell,RB,RB,NYG,2022,8,REG,SEA,0,0,0,0,0,0,0,0,0,0,0,0,0,0,0,0,0,0,0,0,0,0,0
00-0036572,S.Smith,Shi Smith,WR,WR,CAR,2022,8,REG,ATL,0,0,0,0,0,0,0,0,0,1,0,0,20,0.0277777777777778,0.0472813238770686,0,0,0,0,0,0,0,0
00-0036613,J.Waddle,Jaylen Waddle,WR,WR,MIA,2022,8,REG,DET,0,0,0,0,0,0,0,0,8,9,106,2,89,0.264705882352941,0.22029702970297,0,0,0,0,0,0,0,30.6
00-0036620,D.Eskridge,D'Wayne Eskridge,WR,WR,SEA,2022,8,REG,NYG,0,0,0,0,0,0,0,0,1,2,3,0,6,0.0606060606060606,0.021978021978022,0,0,0,0,0,0,0,1.3
00-0036628,J.Bates,John Bates,TE,TE,WAS,2022,8,REG,IND,0,0,0,0,0,0,0,0,1,1,6,0,1,0.0333333333333333,0.00555555555555556,0,0,0,0,0,0,0,1.6
00-0036654,D.Felton,Demetric Felton,RB,RB,CLE,2022,8,REG,CIN,0,0,0,0,0,0,0,0,0,0,0,0,0,0,0,0,0,0,0,0,0,0,0
00-0036671,D.Milne,Dax Milne,WR,WR,WAS,2022,8,REG,IND,0,0,0,0,0,0,0,0,1,1,4,0,4,0.0333333333333333,0.0222222222222222,0,0,0,0,0,0,0,1.4
00-0036741,J.Stoll,Jack Stoll,TE,TE,PHI,2022,8,REG,PIT,0,0,0,0,0,0,0,0,0,1,0,0,13,0.0333333333333333,0.0410094637223975,0,0,0,0,0,0,0,0
00-0036754,B.Wright,Brock Wright,TE,TE,DET,2022,8,REG,MIA,0,0,0,0,0,0,0,0,1,1,6,0,4,0.027027027027027,0.0149812734082397,0,0,0,0,0,0,0,1.6
00-0036825,F.Franks,Feleipe Franks,TE,TE,ATL,2022,8,REG,CAR,0,0,0,0,0,0,0,0,0,0,0,0,0,0,0,0,0,0,0,0,0,0,0
00-0036829,C.Huntley,Caleb Huntley,RB,RB,ATL,2022,8,REG,CAR,0,0,0,0,0,16,91,0,0,0,0,0,0,0,0,0,0,0,0,0,0,0,9.1
00-0036842,K.Nwangwu,Kene Nwangwu,RB,RB,MIN,2022,8,REG,ARI,0,0,0,0,0,0,0,0,0,0,0,0,0,0,0,0,0,0,0,0,0,0,0
00-0036857,C.Evans,Chris Evans,RB,RB,CIN,2022,8,REG,CLE,0,0,0,0,0,0,0,0,1,1,26,0,23,0.0294117647058824,0.115,0,0,0,0,0,0,0,3.6
00-0036862,B.Skowronek,Ben Skowronek,WR,WR,LA,2022,8,REG,SF,0,0,0,0,0,0,0,0,1,1,10,0,6,0.03125,0.0434782608695652,0,0,0,0,0,0,0,2
00-0036875,R.Stevenson,Rhamondre Stevenson,RB,RB,NE,2022,8,REG,NYJ,0,0,0,0,0,16,71,0,7,7,72,0,8,0.21875,0.05,0,0,0,0,0,0,0,21.3
00-0036876,K.Granson,Kylen Granson,TE,TE,IND,2022,8,REG,WAS,0,0,0,0,0,0,0,0,3,3,11,0,0,0.130434782608696,0,0,0,0,0,0,0,0,4.1
00-0036877,J.Darden,Jaelon Darden,WR,WR,TB,2022,8,REG,BAL,0,0,0,0,0,0,0,0,0,0,0,0,0,0,0,0,0,0,0,0,0,0,0
00-0036879,S.Ehlinger,Sam Ehlinger,QB,QB,IND,2022,8,REG,WAS,17,23,201,0,0,6,15,0,0,0,0,0,0,0,0,1,0,0,0,0,0,0,7.54
00-0036893,N.Harris,Najee Harris,RB,RB,PIT,2022,8,REG,PHI,1,1,4,0,0,8,32,0,6,6,26,0,0,0.15,0,0,0,0,0,0,0,0,11.96
00-0036894,P.Freiermuth,Pat Freiermuth,TE,TE,PIT,2022,8,REG,PHI,0,0,0,0,0,0,0,0,4,7,57,0,67,0.175,0.286324786324786,0,0,0,0,0,0,0,9.7
00-0036898,D.Mills,Davis Mills,QB,QB,HOU,2022,8,REG,TEN,17,29,152,1,1,3,8,0,0,0,0,0,0,0,0,0,0,0,0,0,0,0,8.88
00-0036906,K.Herbert,Khalil Herbert,RB,RB,CHI,2022,8,REG,DAL,0,0,0,0,0,16,99,1,0,0,0,0,0,0,0,0,0,0,0,0,0,0,15.9
00-0036912,D.Smith,DeVonta Smith,WR,WR,PHI,2022,8,REG,PIT,0,0,0,0,0,0,0,0,5,8,23,0,37,0.266666666666667,0.116719242902208,0,0,0,0,0,0,0,7.3
00-0036919,K.Gainwell,Kenneth Gainwell,RB,RB,PHI,2022,8,REG,PIT,0,0,0,0,0,1,3,0,1,1,8,0,2,0.0333333333333333,0.00630914826498423,0,0,0,0,0,0,0,2.1
00-0036924,Mi.Carter,Michael Carter,RB,RB,NYJ,2022,8,REG,NE,0,0,0,0,0,7,26,0,4,7,35,0,17,0.205882352941176,0.0426065162907268,0,0,0,0,0,0,0,10.1
00-0036936,R.Moore,Rondale Moore,WR,WR,ARI,2022,8,REG,MIN,0,0,0,0,0,2,12,0,7,8,92,1,10,0.186046511627907,0.0347222222222222,0,0,0,0,0,0,0,23.4
00-0036945,J.Fields,Justin Fields,QB,QB,CHI,2022,8,REG,DAL,17,23,151,2,0,8,60,1,0,0,0,0,0,0,0,0,0,0,0,0,0,0,26.04
00-0036950,A.Williams,Avery Williams,RB,RB,ATL,2022,8,REG,CAR,0,0,0,0,0,0,0,0,2,2,7,0,0,0.0714285714285714,0,0,0,0,0,0,0,0,2.7
00-0036955,T.Marshall,Terrace Marshall,WR,WR,CAR,2022,8,REG,ATL,0,0,0,0,0,0,0,0,4,9,87,0,90,0.25,0.212765957446809,0,0,0,0,0,0,0,12.7
00-0036963,A.St. Brown,Amon-Ra St. Brown,WR,WR,DET,2022,8,REG,MIA,0,0,0,0,0,0,0,0,7,10,69,0,71,0.27027027027027,0.265917602996255,0,0,0,0,0,0,0,13.9
00-0036970,K.Pitts,Kyle Pitts,TE,TE,ATL,2022,8,REG,CAR,0,0,0,0,0,0,0,0,5,9,80,1,57,0.321428571428571,0.186885245901639,0,0,0,0,0,0,0,19
00-0036971,T.Lawrence,Trevor Lawrence,QB,QB,JAX,2022,8,REG,DEN,18,31,133,1,2,3,15,0,0,0,0,0,0,0,0,0,0,0,0,0,0,0,6.82
00-0036972,M.Jones,Mac Jones,QB,QB,NE,2022,8,REG,NYJ,24,35,194,1,1,7,19,0,0,0,0,0,0,0,0,0,0,0,0,0,0,0,11.66
00-0036973,T.Etienne,Travis Etienne,RB,RB,JAX,2022,8,REG,DEN,0,0,0,0,0,24,156,1,3,3,6,0,-4,0.107142857142857,-0.023121387283237,0,0,0,0,0,0,0,25.2
00-0036980,E.Moore,Elijah Moore,WR,WR,NYJ,2022,8,REG,NE,0,0,0,0,0,0,0,0,0,1,0,0,-6,0.0294117647058824,-0.0150375939849624,0,0,0,0,0,0,0,0
00-0036991,Am.Rodgers,Amari Rodgers,WR,WR,GB,2022,8,REG,BUF,0,0,0,0,0,0,0,0,1,3,22,0,19,0.103448275862069,0.0805084745762712,0,0,0,0,0,0,0,3.2
00-0037005,T.Tremble,Tommy Tremble,TE,TE,CAR,2022,8,REG,ATL,0,0,0,0,0,0,0,0,2,4,17,0,49,0.111111111111111,0.115839243498818,0,0,0,0,0,0,0,3.7
00-0037013,Z.Wilson,Zach Wilson,QB,QB,NYJ,2022,8,REG,NE,20,41,355,2,3,1,2,0,0,0,0,0,0,0,0,0,0,0,0,0,0,0,16.4
00-0037087,T.Ebner,Trestan Ebner,RB,RB,CHI,2022,8,REG,DAL,0,0,0,0,0,2,-5,0,0,0,0,0,0,0,0,0,0,0,0,0,0,0,-0.5
00-0037093,D.Young,Dareke Young,WR,WR,SEA,2022,8,REG,NYG,0,0,0,0,0,0,0,0,0,0,0,0,0,0,0,0,0,0,0,0,0,0,0
00-0037098,S.Toure,Samori Toure,WR,WR,GB,2022,8,REG,BUF,0,0,0,0,0,0,0,0,1,4,37,1,69,0.137931034482759,0.292372881355932,0,0,0,0,0,0,0,10.7
00-0037132,B.Covey,Britain Covey,WR,WR,PHI,2022,8,REG,PIT,0,0,0,0,0,0,0,0,0,0,0,0,0,0,0,0,0,0,0,0,0,0,0
00-0037168,A.Rogers,Armani Rogers,TE,TE,WAS,2022,8,REG,IND,0,0,0,0,0,0,0,0,1,2,13,0,5,0.0666666666666667,0.0277777777777778,0,0,0,0,0,0,0,2.3
00-0037228,J.Warren,Jaylen Warren,RB,RB,PIT,2022,8,REG,PHI,0,0,0,0,0,6,50,0,3,3,25,0,-10,0.075,-0.0427350427350427,0,0,0,0,0,0,0,10.5
00-0037238,D.London,Drake London,WR,WR,ATL,2022,8,REG,CAR,0,0,0,0,0,0,0,0,4,5,31,0,59,0.178571428571429,0.19344262295082,0,0,0,0,0,0,0,7.1
00-0037239,C.Olave,Chris Olave,WR,WR,NO,2022,8,REG,LV,0,0,0,0,0,0,0,0,5,7,52,0,48,0.233333333333333,0.280701754385965,0,0,0,0,0,0,0,10.2
00-0037247,G.Pickens,George Pickens,WR,WR,PIT,2022,8,REG,PHI,0,0,0,0,0,0,0,0,0,3,0,0,57,0.075,0.243589743589744,0,0,0,0,0,0,0,0
00-0037248,J.Cook,James Cook,RB,RB,BUF,2022,8,REG,GB,0,0,0,0,0,5,35,0,1,1,41,0,17,0.04,0.0529595015576324,0,0,0,0,0,0,0,8.6
00-0037252,G.Dulcich,Greg Dulcich,TE,TE,DEN,2022,8,REG,JAX,0,0,0,0,0,0,0,0,4,5,87,0,114,0.192307692307692,0.335294117647059,0,0,0,0,0,0,0,12.7
00-0037256,R.White,Rachaad White,RB,RB,TB,2022,8,REG,BAL,0,0,0,0,0,4,19,0,3,3,24,0,-1,0.0714285714285714,-0.00347222222222222,0,0,0,0,0,0,0,7.3
00-0037257,Dav.Bell,David Bell,WR,WR,CLE,2022,8,REG,CIN,0,0,0,0,0,0,0,0,2,2,27,0,18,0.1,0.08,0,0,0,0,0,0,0,4.7
00-0037258,D.Pierce,Dameon Pierce,RB,RB,HOU,2022,8,REG,TEN,0,0,0,0,0,15,35,0,3,5,16,1,13,0.166666666666667,0.0550847457627119,0,0,0,0,0,0,0,14.1
00-0037261,K.Shakir,Khalil Shakir,WR,WR,BUF,2022,8,REG,GB,0,0,0,0,0,0,0,0,0,2,0,0,25,0.08,0.0778816199376947,0,0,0,0,0,0,0,0
00-0037263,T.Allgeier,Tyler Allgeier,RB,RB,ATL,2022,8,REG,CAR,0,0,0,0,0,14,39,0,3,3,46,1,-8,0.107142857142857,-0.0262295081967213,0,0,0,0,0,0,0,17.5
00-0037272,M.Washington,Montrell Washington,WR,WR,DEN,2022,8,REG,JAX,0,0,0,0,0,0,0,0,1,1,1,0,-4,0.0384615384615385,-0.0117647058823529,0,0,0,0,0,0,0,1.1
00-0037282,J.Mitchell,James Mitchell,TE,TE,DET,2022,8,REG,MIA,0,0,0,0,0,0,0,0,1,1,14,0,0,0.027027027027027,0,0,0,0,0,0,0,0,2.4
00-0037299,K.Ingram,Keaontay Ingram,RB,RB,ARI,2022,8,REG,MIN,0,0,0,0,0,0,0,0,0,0,0,0,0,0,0,0,0,0,0,0,0,0,0
00-0037300,M.Woods,Mike Woods,WR,WR,CLE,2022,8,REG,CIN,0,0,0,0,0,0,0,0,1,2,6,0,21,0.1,0.0933333333333333,0,0,0,0,0,0,0,1.6
00-0037304,Co.Heyward,Connor Heyward,TE,TE,PIT,2022,8,REG,PHI,0,0,0,0,0,0,0,0,0,0,0,0,0,0,0,0,0,0,0,0,0,0,0
00-0037311,K.Kieft,Ko Kieft,TE,TE,TB,2022,8,REG,BAL,0,0,0,0,0,0,0,0,1,1,9,0,6,0.0238095238095238,0.0208333333333333,0,0,0,0,0,0,0,1.9
00-0037355,B.Sanders,Braylon Sanders,WR,WR,MIA,2022,8,REG,DET,0,0,0,0,0,0,0,0,2,2,17,0,14,0.0588235294117647,0.0346534653465347,0,0,1,0,0,0,0,1.7
00-0037429,R.Blackshear,Raheem Blackshear,RB,RB,CAR,2022,8,REG,ATL,0,0,0,0,0,2,1,0,0,0,0,0,0,0,0,0,0,0,0,0,0,0,0.1
00-0037545,R.Shaheed,Rashid Shaheed,WR,WR,NO,2022,8,REG,LV,0,0,0,0,0,0,0,0,3,3,38,0,25,0.1,0.146198830409357,0,0,0,0,0,0,0,6.8
00-0037557,R.Rivers,Ronnie Rivers,RB,RB,LA,2022,8,REG,SF,0,0,0,0,0,8,21,0,4,4,15,0,-22,0.125,-0.159420289855072,0,0,0,0,0,0,0,7.6
00-0037563,M.Davis,Malik Davis,RB,RB,DAL,2022,8,REG,CHI,0,0,0,0,0,8,23,0,2,2,18,0,1,0.0769230769230769,0.0053475935828877,0,0,0,0,0,0,0,6.1
00-0037569,P.Hendershot,Peyton Hendershot,TE,TE,DAL,2022,8,REG,CHI,0,0,0,0,0,0,0,0,2,2,15,0,0,0.0769230769230769,0,0,0,0,0,0,0,0,3.5
00-0037617,H.Haskins,Hassan Haskins,RB,RB,TEN,2022,8,REG,HOU,0,0,0,0,0,0,0,0,0,0,0,0,0,0,0,0,0,0,0,0,0,0,0
00-0037664,A.Pierce,Alec Pierce,WR,WR,IND,2022,8,REG,WAS,0,0,0,0,0,0,0,0,3,5,65,0,100,0.217391304347826,0.520833333333333,0,0,0,0,0,0,0,9.5
00-0037708,M.Alexander,Maurice Alexander,WR,WR,DET,2022,8,REG,MIA,0,0,0,0,0,0,0,0,1,1,7,0,3,0.027027027027027,0.0112359550561798,0,0,0,0,0,0,0,1.7
00-0037740,G.Wilson,Garrett Wilson,WR,WR,NYJ,2022,8,REG,NE,0,0,0,0,0,0,0,0,6,7,115,0,60,0.205882352941176,0.150375939849624,0,0,0,0,0,0,0,17.5
00-0037744,T.McBride,Trey McBride,TE,TE,ARI,2022,8,REG,MIN,0,0,0,0,0,0,0,0,0,0,0,0,0,0,0,0,0,0,0,0,0,0,0
00-0037745,V.Jones,Velus Jones,RB,RB,CHI,2022,8,REG,DAL,0,0,0,0,0,2,33,0,1,3,5,0,41,0.130434782608696,0.200980392156863,0,0,0,0,0,0,0,4.8
00-0037746,B.Robinson,Brian Robinson,RB,RB,WAS,2022,8,REG,IND,0,0,0,0,0,8,20,0,0,0,0,0,0,0,0,0,0,0,0,0,0,0,2
00-0037801,K.Turpin,Kavontae Turpin,WR,WR,DAL,2022,8,REG,CHI,0,0,0,0,0,1,11,0,0,0,0,0,0,0,0,0,0,0,0,0,0,0,1.1
00-0037809,C.Okonkwo,Chigoziem Okonkwo,TE,TE,TEN,2022,8,REG,HOU,0,0,0,0,0,0,0,0,1,2,3,0,22,0.25,0.301369863013699,0,0,0,0,0,0,0,1.3
00-0037816,R.Doubs,Romeo Doubs,WR,WR,GB,2022,8,REG,BUF,0,0,0,0,0,0,0,0,4,7,62,1,128,0.241379310344828,0.542372881355932,0,0,0,0,0,0,0,16.2
00-0037838,I.Likely,Isaiah Likely,TE,TE,BAL,2022,8,REG,TB,0,0,0,0,0,0,0,0,6,7,77,1,64,0.205882352941176,0.292237442922374,0,0,0,0,0,0,0,19.7
00-0038041,J.Ferguson,Jake Ferguson,TE,TE,DAL,2022,8,REG,CHI,0,0,0,0,0,0,0,0,1,1,1,1,1,0.0384615384615385,0.0053475935828877,0,0,0,0,0,0,0,7.1
00-0038098,P.Strong,Pierre Strong,RB,RB,NE,2022,8,REG,NYJ,0,0,0,0,0,0,0,0,0,0,0,0,0,0,0,0,0,0,0,0,0,0,0
00-0038102,K.Pickett,Kenny Pickett,QB,QB,PIT,2022,8,REG,PHI,25,38,191,0,1,7,37,0,0,0,0,0,0,0,0,1,0,0,0,0,0,0,7.34
00-0038104,T.Thornton,Tyquan Thornton,WR,WR,NE,2022,8,REG,NYJ,0,0,0,0,0,0,0,0,1,2,13,0,17,0.0625,0.10625,0,0,0,0,0,0,0,2.3
00-0038117,W.Robinson,Wan'Dale Robinson,WR,WR,NYG,2022,8,REG,SEA,0,0,0,0,0,0,0,0,2,3,15,0,12,0.0967741935483871,0.0491803278688525,0,0,0,0,0,0,0,3.5
00-0038124,C.Watson,Christian Watson,WR,WR,GB,2022,8,REG,BUF,0,0,0,0,0,0,0,0,1,1,12,0,0,0.0344827586206897,0,0,0,0,0,0,0,0,2.2
00-0038128,M.Willis,Malik Willis,QB,QB,TEN,2022,8,REG,HOU,6,10,55,0,1,5,12,0,0,0,0,0,0,0,0,0,0,0,0,0,0,0,1.4
00-0038129,C.Otton,Cade Otton,TE,TE,TB,2022,8,REG,BAL,0,0,0,0,0,0,0,0,2,5,15,0,42,0.119047619047619,0.145833333333333,0,0,0,0,0,0,0,3.5
00-0038134,K.Walker,Kenneth Walker,RB,RB,SEA,2022,8,REG,NYG,0,0,0,0,0,18,51,1,1,2,1,0,6,0.0606060606060606,0.021978021978022,0,0,0,0,0,0,0,12.2
00-0019596,T.Brady,Tom Brady,QB,QB,TB,2022,9,REG,LA,36,58,280,1,0,0,0,0,0,0,0,0,0,0,0,0,0,0,0,0,0,0,15.2
00-0023459,A.Rodgers,Aaron Rodgers,QB,QB,GB,2022,9,REG,DET,23,43,291,1,3,4,40,0,0,0,0,0,0,0,0,0,0,0,0,0,0,0,13.64
00-0024243,M.Lewis,Marcedes Lewis,TE,TE,GB,2022,9,REG,DET,0,0,0,0,0,0,0,0,1,1,19,0,14,0.025,0.0326340326340326,0,0,0,0,0,0,0,2.9
00-0026189,D.Jackson,DeSean Jackson,WR,WR,BAL,2022,9,REG,NO,0,0,0,0,0,0,0,0,1,2,16,0,62,0.0909090909090909,0.279279279279279,0,0,0,0,0,0,0,2.6
00-0026293,M.Slater,Matt Slater,WR,WR,NE,2022,9,REG,IND,0,0,0,0,0,0,0,0,0,0,0,0,0,0,0,0,0,0,0,0,0,0,0
00-0026498,M.Stafford,Matthew Stafford,QB,QB,LA,2022,9,REG,TB,13,27,165,1,0,2,-1,0,0,0,0,0,0,0,0,0,0,0,0,0,0,0,10.5
00-0027944,J.Jones,Julio Jones,WR,WR,TB,2022,9,REG,LA,0,0,0,0,0,0,0,0,2,5,28,0,61,0.0909090909090909,0.225092250922509,0,0,0,0,0,0,0,4.8
00-0027973,A.Dalton,Andy Dalton,QB,QB,NO,2022,9,REG,BAL,19,29,210,1,1,2,5,0,0,0,0,0,0,0,0,0,0,0,0,0,0,0,10.9
00-0029239,B.Bolden,Brandon Bolden,RB,RB,LV,2022,9,REG,JAX,0,0,0,0,0,1,5,0,0,0,0,0,0,0,0,0,0,0,0,0,0,0,0.5
00-0029293,M.Jones,Marvin Jones,WR,WR,JAX,2022,9,REG,LV,0,0,0,0,0,0,0,0,5,6,48,0,67,0.206896551724138,0.380681818181818,0,0,0,0,0,0,0,9.8
00-0029604,K.Cousins,Kirk Cousins,QB,QB,MIN,2022,9,REG,WAS,22,40,265,2,1,2,-2,0,0,0,0,0,0,0,0,0,0,0,0,0,0,0,16.4
00-0030035,A.Thielen,Adam Thielen,WR,WR,MIN,2022,9,REG,WAS,0,0,0,0,0,0,0,0,3,7,67,0,120,0.17948717948718,0.3125,0,0,0,0,0,0,0,9.7
00-0030061,Z.Ertz,Zach Ertz,TE,TE,ARI,2022,9,REG,SEA,0,0,0,0,0,0,0,0,5,8,40,1,95,0.242424242424242,0.446009389671362,0,0,0,0,0,0,0,15
00-0030288,R.Burkhead,Rex Burkhead,RB,RB,HOU,2022,9,REG,PHI,0,0,0,0,0,1,9,0,1,2,6,0,13,0.0952380952380952,0.08125,0,0,0,0,0,0,0,2.5
00-0030431,R.Woods,Robert Woods,WR,WR,TEN,2022,9,REG,KC,0,0,0,0,0,0,0,0,0,2,0,0,27,0.153846153846154,0.132352941176471,0,0,0,0,0,0,0,0
00-0030506,T.Kelce,Travis Kelce,TE,TE,KC,2022,9,REG,TEN,0,0,0,0,0,0,0,0,10,17,106,0,111,0.274193548387097,0.238197424892704,0,0,0,0,0,0,0,20.6
00-0030564,D.Hopkins,DeAndre Hopkins,WR,WR,ARI,2022,9,REG,SEA,0,0,0,0,0,0,0,0,4,5,36,1,29,0.151515151515152,0.136150234741784,0,0,0,0,0,0,0,13.6
00-0030565,G.Smith,Geno Smith,QB,QB,SEA,2022,9,REG,ARI,26,34,275,2,1,6,38,0,0,0,0,0,0,0,0,0,0,0,0,0,0,0,20.8
00-0030578,C.Patterson,Cordarrelle Patterson,RB,RB,ATL,2022,9,REG,LAC,0,0,0,0,0,13,44,2,1,1,9,0,2,0.0434782608695652,0.00583090379008746,0,0,0,0,0,0,0,18.3
00-0031260,L.Thomas,Logan Thomas,TE,TE,WAS,2022,9,REG,MIN,0,0,0,0,0,0,0,0,0,3,0,0,44,0.115384615384615,0.191304347826087,0,0,0,0,0,0,0,0
00-0031280,D.Carr,Derek Carr,QB,QB,LV,2022,9,REG,JAX,21,36,259,2,0,0,0,0,0,0,0,0,0,0,0,0,0,0,0,0,0,0,18.36
00-0031325,S.Watkins,Sammy Watkins,WR,WR,GB,2022,9,REG,DET,0,0,0,0,0,0,0,0,1,5,9,0,20,0.125,0.0466200466200466,0,0,0,0,0,0,0,1.9
00-0031376,J.McKinnon,Jerick McKinnon,RB,RB,KC,2022,9,REG,TEN,0,0,0,0,0,3,4,0,6,8,40,0,4,0.129032258064516,0.00858369098712446,0,0,0,0,0,0,0,10.4
00-0031381,D.Adams,Davante Adams,WR,WR,LV,2022,9,REG,JAX,0,0,0,0,0,0,0,0,10,17,146,2,194,0.472222222222222,0.546478873239437,0,0,0,0,0,0,0,36.6
00-0031384,R.Rodgers,Richard Rodgers,TE,TE,LAC,2022,9,REG,ATL,0,0,0,0,0,0,0,0,0,2,0,0,-6,0.0465116279069768,-0.024896265560166,0,0,0,0,0,0,0,0
00-0031408,M.Evans,Mike Evans,WR,WR,TB,2022,9,REG,LA,0,0,0,0,0,0,0,0,5,11,40,0,73,0.2,0.269372693726937,0,0,0,0,0,0,0,9
00-0031428,Al.Robinson,Allen Robinson,WR,WR,LA,2022,9,REG,TB,0,0,0,0,0,0,0,0,3,5,24,0,42,0.192307692307692,0.173553719008264,0,0,0,0,0,0,0,5.4
00-0031484,C.Manhertz,Chris Manhertz,TE,TE,JAX,2022,9,REG,LV,0,0,0,0,0,0,0,0,1,2,7,0,8,0.0689655172413793,0.0454545454545455,0,0,0,0,0,0,0,1.7
00-0031545,K.White,Kevin White,WR,WR,NO,2022,9,REG,BAL,0,0,0,0,0,0,0,0,1,1,10,0,4,0.0357142857142857,0.018957345971564,0,0,0,0,0,0,0,2
00-0031585,M.Pruitt,MyCole Pruitt,TE,TE,ATL,2022,9,REG,LAC,0,0,0,0,0,0,0,0,1,1,6,0,5,0.0434782608695652,0.0145772594752187,0,0,0,0,0,0,0,1.6
00-0031588,S.Diggs,Stefon Diggs,WR,WR,BUF,2022,9,REG,NYJ,0,0,0,0,0,0,0,0,5,10,93,0,187,0.303030303030303,0.45609756097561,0,0,0,0,0,0,0,14.3
00-0031687,R.Mostert,Raheem Mostert,RB,RB,MIA,2022,9,REG,CHI,0,0,0,0,0,9,26,1,0,2,0,0,2,0.0689655172413793,0.00763358778625954,0,0,0,0,0,0,0,8.6
00-0031763,D.Carter,DeAndre Carter,WR,WR,LAC,2022,9,REG,ATL,0,0,0,0,0,0,0,0,5,6,53,0,71,0.13953488372093,0.294605809128631,0,0,0,0,0,0,0,10.3
00-0031787,J.Kumerow,Jake Kumerow,WR,WR,BUF,2022,9,REG,NYJ,0,0,0,0,0,0,0,0,0,1,0,0,24,0.0303030303030303,0.0585365853658537,0,0,0,0,0,0,0,0
00-0031800,T.Heinicke,Taylor Heinicke,QB,QB,WAS,2022,9,REG,MIN,15,28,149,2,1,4,17,0,0,0,0,0,0,0,0,0,0,0,0,0,0,0,13.66
00-0031806,M.Brown,Malcolm Brown,RB,RB,LA,2022,9,REG,TB,0,0,0,0,0,2,9,0,1,1,10,0,-1,0.0384615384615385,-0.00413223140495868,0,0,0,0,0,0,0,2.9
00-0031868,D.Byrd,Damiere Byrd,WR,WR,ATL,2022,9,REG,LAC,0,0,0,0,0,0,0,0,0,1,0,0,13,0.0434782608695652,0.0379008746355685,0,0,0,0,0,0,0,0
00-0032054,B.Perriman,Breshad Perriman,WR,WR,TB,2022,9,REG,LA,0,0,0,0,0,0,0,0,1,2,1,0,4,0.0363636363636364,0.014760147601476,0,0,0,0,0,0,0,1.1
00-0032063,M.Davis,Mike Davis,RB,RB,BAL,2022,9,REG,NO,0,0,0,0,0,0,0,0,1,1,7,0,-4,0.0454545454545455,-0.018018018018018,0,0,0,0,0,0,0,1.7
00-0032104,A.Abdullah,Ameer Abdullah,RB,RB,LV,2022,9,REG,JAX,0,0,0,0,0,0,0,0,1,3,8,0,10,0.0833333333333333,0.028169014084507,0,0,0,0,0,0,0,1.8
00-0032128,C.Conley,Chris Conley,WR,WR,TEN,2022,9,REG,KC,0,0,0,0,0,0,0,0,0,1,0,0,26,0.0769230769230769,0.127450980392157,0,0,0,0,0,0,0,0
00-0032134,C.Uzomah,C.J. Uzomah,TE,TE,NYJ,2022,9,REG,BUF,0,0,0,0,0,0,0,0,3,3,16,0,4,0.125,0.025,0,0,0,0,0,0,0,4.6
00-0032208,P.Dorsett,Phillip Dorsett,WR,WR,HOU,2022,9,REG,PHI,0,0,0,0,0,0,0,0,3,5,69,0,77,0.238095238095238,0.48125,0,0,0,0,0,0,0,9.9
00-0032211,T.Lockett,Tyler Lockett,WR,WR,SEA,2022,9,REG,ARI,0,0,0,0,0,0,0,0,5,5,67,1,24,0.15625,0.233009708737864,0,0,0,0,0,0,0,17.7
00-0032268,M.Mariota,Marcus Mariota,QB,QB,ATL,2022,9,REG,LAC,12,23,129,0,0,5,24,0,0,0,0,0,0,0,0,0,0,0,0,0,0,0,7.56
00-0032392,A.Hooper,Austin Hooper,TE,TE,TEN,2022,9,REG,KC,0,0,0,0,0,0,0,0,2,3,34,0,52,0.230769230769231,0.254901960784314,0,0,0,0,0,0,0,5.4
00-0032398,C.Moore,Chris Moore,WR,WR,HOU,2022,9,REG,PHI,0,0,0,0,0,1,2,0,4,5,43,1,19,0.238095238095238,0.11875,0,0,0,0,0,0,0,14.5
00-0032434,B.Allen,Brandon Allen,QB,QB,CIN,2022,9,REG,CAR,3,3,22,0,0,3,-1,0,0,0,0,0,0,0,0,0,0,0,0,0,0,0,0.78
00-0032450,D.Washington,Dwayne Washington,RB,RB,NO,2022,9,REG,BAL,0,0,0,0,0,3,7,0,1,1,7,0,1,0.0357142857142857,0.004739336492891,0,0,0,0,0,0,0,2.4
00-0032464,K.Raymond,Kalif Raymond,WR,WR,DET,2022,9,REG,GB,0,0,0,0,0,0,0,0,3,3,17,0,-8,0.125,-0.0754716981132076,0,0,0,0,0,0,0,4.7
00-0032688,R.Anderson,Robbie Chosen,WR,WR,ARI,2022,9,REG,SEA,0,0,0,0,0,0,0,0,1,3,-4,0,26,0.0909090909090909,0.122065727699531,0,0,0,0,0,0,0,0.6
00-0032764,D.Henry,Derrick Henry,RB,RB,TEN,2022,9,REG,KC,0,0,0,0,0,17,115,2,0,0,0,0,0,0,0,0,0,0,0,0,0,0,23.5
00-0032775,D.Robinson,Demarcus Robinson,WR,WR,BAL,2022,9,REG,NO,0,0,0,0,0,0,0,0,1,4,12,0,65,0.181818181818182,0.292792792792793,0,0,0,0,0,0,0,2.2
00-0033009,T.Boyd,Tyler Boyd,WR,WR,CIN,2022,9,REG,CAR,0,0,0,0,0,0,0,0,5,6,44,0,38,0.2,0.211111111111111,0,0,0,0,0,0,0,9.4
00-0033040,T.Hill,Tyreek Hill,WR,WR,MIA,2022,9,REG,CHI,0,0,0,0,0,0,0,0,7,8,143,1,112,0.275862068965517,0.427480916030534,0,0,0,0,0,0,0,27.3
00-0033090,H.Henry,Hunter Henry,TE,TE,NE,2022,9,REG,IND,0,0,0,0,0,0,0,0,4,4,50,0,37,0.137931034482759,0.225609756097561,0,0,0,0,0,0,0,9
00-0033106,J.Goff,Jared Goff,QB,QB,DET,2022,9,REG,GB,14,26,137,2,1,1,-1,0,0,0,0,0,0,0,0,0,0,0,0,0,0,0,11.38
00-0033110,T.Higbee,Tyler Higbee,TE,TE,LA,2022,9,REG,TB,0,0,0,0,0,0,0,0,0,1,0,0,3,0.0384615384615385,0.012396694214876,0,0,0,0,0,0,0,0
00-0033114,Mi.Thomas,Mike Thomas,WR,WR,CIN,2022,9,REG,CAR,0,0,0,0,0,0,0,0,0,0,0,0,0,0,0,0,0,0,0,0,0,0,0
00-0033118,K.Drake,Kenyan Drake,RB,RB,BAL,2022,9,REG,NO,0,0,0,0,0,24,93,2,2,2,16,0,-5,0.0909090909090909,-0.0225225225225225,0,0,0,0,0,0,0,24.9
00-0033217,M.Alie-Cox,Mo Alie-Cox,TE,TE,IND,2022,9,REG,NE,0,0,0,0,0,0,0,0,2,2,13,0,11,0.0714285714285714,0.0575916230366492,0,0,0,0,0,0,0,3.3
00-0033246,J.Mundt,Johnny Mundt,TE,TE,MIN,2022,9,REG,WAS,0,0,0,0,0,0,0,0,1,1,1,0,1,0.0256410256410256,0.00260416666666667,0,0,0,0,0,0,0,1.1
00-0033251,Z.Pascal,Zach Pascal,WR,WR,PHI,2022,9,REG,HOU,0,0,0,0,0,0,0,0,1,1,8,0,0,0.04,0,0,0,0,0,0,0,0,1.8
00-0033275,P.Walker,P.J. Walker,QB,QB,CAR,2022,9,REG,CIN,3,10,9,0,2,1,6,0,0,0,0,0,0,0,0,0,0,0,0,0,0,0,-3.04
00-0033282,C.Samuel,Curtis Samuel,WR,WR,WAS,2022,9,REG,MIN,0,0,0,0,0,1,16,0,3,4,65,1,56,0.153846153846154,0.243478260869565,0,0,0,0,0,0,0,17.1
00-0033292,T.Taylor,Trent Taylor,WR,WR,CIN,2022,9,REG,CAR,0,0,0,0,0,3,18,0,2,2,14,0,5,0.0666666666666667,0.0277777777777778,0,0,0,0,0,0,0,5.2
00-0033293,A.Jones,Aaron Jones,RB,RB,GB,2022,9,REG,DET,0,0,0,0,0,9,25,0,2,2,20,0,-5,0.05,-0.0116550116550117,0,0,0,0,0,0,0,6.5
00-0033307,K.Bourne,Kendrick Bourne,WR,WR,NE,2022,9,REG,IND,0,0,0,0,0,1,1,0,3,4,11,0,3,0.137931034482759,0.0182926829268293,0,0,0,0,0,0,0,4.2
00-0033319,N.Mullens,Nick Mullens,QB,QB,MIN,2022,9,REG,WAS,1,1,-3,0,0,0,0,0,0,0,0,0,0,0,0,0,0,0,0,0,0,0,-0.12
00-0033357,T.Hill,Taysom Hill,TE,TE,NO,2022,9,REG,BAL,1,1,13,0,0,1,6,0,0,1,0,0,0,0.0357142857142857,0,0,0,0,0,0,0,0,1.12
00-0033386,C.Hollister,Cody Hollister,WR,WR,TEN,2022,9,REG,KC,0,0,0,0,0,0,0,0,0,1,0,0,18,0.0769230769230769,0.0882352941176471,0,0,0,0,0,0,0,0
00-0033466,I.McKenzie,Isaiah McKenzie,WR,WR,BUF,2022,9,REG,NYJ,0,0,0,0,0,1,9,0,2,3,12,0,7,0.0909090909090909,0.0170731707317073,0,0,0,0,0,0,0,4.1
00-0033481,M.Kemp,Marcus Kemp,WR,WR,KC,2022,9,REG,TEN,0,0,0,0,0,0,0,0,0,0,0,0,0,0,0,0,0,0,0,0,0,0,0
00-0033526,S.Perine,Samaje Perine,RB,RB,CIN,2022,9,REG,CAR,0,0,0,0,0,6,51,0,1,2,3,0,1,0.0666666666666667,0.00555555555555556,0,0,0,0,0,0,0,6.4
00-0033553,J.Conner,James Conner,RB,RB,ARI,2022,9,REG,SEA,0,0,0,0,0,7,45,0,5,5,19,0,-12,0.151515151515152,-0.0563380281690141,0,0,0,0,0,0,0,11.4
00-0033555,M.Hollins,Mack Hollins,WR,WR,LV,2022,9,REG,JAX,0,0,0,0,0,0,0,0,2,4,17,0,65,0.111111111111111,0.183098591549296,0,0,0,0,0,0,0,3.7
00-0033572,J.Agnew,Jamal Agnew,WR,WR,JAX,2022,9,REG,LV,0,0,0,0,0,0,0,0,0,0,0,0,0,0,0,0,0,0,0,0,0,0,0
00-0033699,A.Ekeler,Austin Ekeler,RB,RB,LAC,2022,9,REG,ATL,0,0,0,0,0,14,47,1,7,8,24,1,-10,0.186046511627907,-0.04149377593361,0,1,0,0,0,0,0,24.1
00-0033757,R.Tonyan,Robert Tonyan,TE,TE,GB,2022,9,REG,DET,0,0,0,0,0,0,0,0,3,4,29,0,45,0.1,0.104895104895105,0,0,0,0,0,0,0,5.9
00-0033854,D.Ogunbowale,Dare Ogunbowale,RB,RB,HOU,2022,9,REG,PHI,0,0,0,0,0,0,0,0,0,0,0,0,0,0,0,0,0,0,0,0,0,0,0
00-0033856,L.Fournette,Leonard Fournette,RB,RB,TB,2022,9,REG,LA,0,0,0,0,0,9,19,0,5,7,41,0,11,0.127272727272727,0.040590405904059,0,0,0,0,0,0,0,11
00-0033857,J.Smith-Schuster,JuJu Smith-Schuster,WR,WR,KC,2022,9,REG,TEN,0,0,0,0,0,0,0,0,10,12,88,0,72,0.193548387096774,0.15450643776824,0,0,0,0,0,0,0,18.8
00-0033858,J.Smith,Jonnu Smith,TE,TE,NE,2022,9,REG,IND,0,0,0,0,0,0,0,0,3,3,21,0,-9,0.103448275862069,-0.0548780487804878,0,0,0,0,0,0,0,5.1
00-0033873,P.Mahomes,Patrick Mahomes,QB,QB,KC,2022,9,REG,TEN,43,68,446,1,1,6,63,1,0,0,0,0,0,0,0,0,0,0,0,1,0,0,34.14
00-0033879,O.Howard,O.J. Howard,TE,TE,HOU,2022,9,REG,PHI,0,0,0,0,0,0,0,0,1,2,14,0,16,0.0952380952380952,0.1,0,0,0,0,0,0,0,2.4
00-0033881,E.Engram,Evan Engram,TE,TE,JAX,2022,9,REG,LV,0,0,0,0,0,0,0,0,1,2,8,0,3,0.0689655172413793,0.0170454545454545,0,0,0,0,0,0,0,1.8
00-0033891,Z.Jones,Zay Jones,WR,WR,JAX,2022,9,REG,LV,0,0,0,0,0,0,0,0,5,5,40,0,20,0.172413793103448,0.113636363636364,0,0,0,0,0,0,0,9
00-0033893,D.Cook,Dalvin Cook,RB,RB,MIN,2022,9,REG,WAS,0,0,0,0,0,17,47,0,2,6,9,1,5,0.153846153846154,0.0130208333333333,0,0,0,0,0,0,0,13.6
00-0033895,G.Everett,Gerald Everett,TE,TE,LAC,2022,9,REG,ATL,0,0,0,0,0,1,0,0,5,8,36,0,40,0.186046511627907,0.16597510373444,0,0,0,0,0,0,0,8.6
00-0033897,J.Mixon,Joe Mixon,RB,RB,CIN,2022,9,REG,CAR,0,0,0,0,0,22,153,4,4,5,58,1,10,0.166666666666667,0.0555555555555556,0,0,0,0,0,0,0,55.1
00-0033906,A.Kamara,Alvin Kamara,RB,RB,NO,2022,9,REG,BAL,0,0,0,0,0,9,30,0,3,4,32,0,10,0.142857142857143,0.04739336492891,0,0,0,0,0,0,0,9.2
00-0033908,C.Kupp,Cooper Kupp,WR,WR,LA,2022,9,REG,TB,0,0,0,0,0,3,1,0,8,9,127,1,64,0.346153846153846,0.264462809917355,0,0,0,0,0,0,0,26.8
00-0033921,C.Godwin,Chris Godwin,WR,WR,TB,2022,9,REG,LA,0,0,0,0,0,1,1,0,7,10,36,0,43,0.181818181818182,0.158671586715867,0,0,0,0,0,0,0,10.7
00-0033925,D.Foreman,D'Onta Foreman,RB,RB,CAR,2022,9,REG,CIN,0,0,0,0,0,7,23,0,2,3,-2,0,0,0.1,0,0,0,0,0,0,0,0,4.1
00-0033948,Ja.Williams,Jamaal Williams,RB,RB,DET,2022,9,REG,GB,0,0,0,0,0,24,81,0,0,0,0,0,0,0,0,0,0,0,0,1,0,0,10.1
00-0034011,D.Arnold,Dan Arnold,TE,TE,JAX,2022,9,REG,LV,0,0,0,0,0,0,0,0,1,1,19,0,17,0.0344827586206897,0.0965909090909091,0,0,0,0,0,0,0,2.9
00-0034052,B.Zylstra,Brandon Zylstra,WR,WR,DET,2022,9,REG,GB,0,0,0,0,0,0,0,0,0,0,0,0,0,0,0,0,0,0,0,0,0,0,0
00-0034104,C.Sims,Cam Sims,WR,WR,WAS,2022,9,REG,MIN,0,0,0,0,0,0,0,0,1,1,12,0,9,0.0384615384615385,0.0391304347826087,0,0,0,0,0,0,0,2.2
00-0034109,P.Lindsay,Phillip Lindsay,RB,RB,IND,2022,9,REG,NE,0,0,0,0,0,1,2,0,0,1,0,0,-3,0.0357142857142857,-0.0157068062827225,0,0,0,0,0,0,0,0.2
00-0034115,J.Wilson,Jeffery Wilson,RB,RB,MIA,2022,9,REG,CHI,0,0,0,0,0,9,51,0,3,3,21,1,7,0.103448275862069,0.0267175572519084,0,0,0,0,0,0,0,16.2
00-0034159,W.Dissly,Will Dissly,TE,TE,SEA,2022,9,REG,ARI,0,0,0,0,0,0,0,0,3,4,24,0,4,0.125,0.0388349514563107,0,0,0,0,0,0,0,5.4
00-0034253,D.Hilliard,Dontrell Hilliard,RB,RB,TEN,2022,9,REG,KC,0,0,0,0,0,3,12,0,1,1,-4,0,-4,0.0769230769230769,-0.0196078431372549,0,0,0,0,0,0,0,1.8
00-0034270,T.Conklin,Tyler Conklin,TE,TE,NYJ,2022,9,REG,BUF,0,0,0,0,0,0,0,0,1,2,7,0,12,0.0833333333333333,0.075,0,0,0,0,0,0,0,1.7
00-0034272,M.Valdes-Scantling,Marquez Valdes-Scantling,WR,WR,KC,2022,9,REG,TEN,0,0,0,0,0,0,0,0,1,1,12,0,12,0.0161290322580645,0.0257510729613734,0,0,0,0,0,0,0,2.2
00-0034279,E.St. Brown,Equanimeous St. Brown,WR,WR,CHI,2022,9,REG,MIA,0,0,0,0,0,0,0,0,0,2,0,0,44,0.0740740740740741,0.194690265486726,0,0,0,0,0,0,0,0
00-0034351,D.Goedert,Dallas Goedert,TE,TE,PHI,2022,9,REG,HOU,0,0,0,0,0,0,0,0,8,9,100,1,85,0.36,0.410628019323671,0,0,0,0,0,0,0,24
00-0034364,J.Akins,Jordan Akins,TE,TE,HOU,2022,9,REG,PHI,0,0,0,0,0,0,0,0,0,1,0,0,9,0.0476190476190476,0.05625,0,0,0,0,0,0,0,0
00-0034366,K.Coutee,Keke Coutee,WR,WR,IND,2022,9,REG,NE,0,0,0,0,0,0,0,0,0,0,0,0,0,0,0,0,0,0,0,0,0,0,0
00-0034367,N.Hines,Nyheim Miller-Hines,RB,RB,BUF,2022,9,REG,NYJ,0,0,0,0,0,0,0,0,0,1,0,0,26,0.0303030303030303,0.0634146341463415,0,0,0,0,0,0,0,0
00-0034386,Ju.Watson,Justin Watson,WR,WR,KC,2022,9,REG,TEN,0,0,0,0,0,0,0,0,2,5,37,0,71,0.0806451612903226,0.152360515021459,0,0,0,0,0,0,0,5.7
00-0034400,J.Wilkins,Jordan Wilkins,RB,RB,IND,2022,9,REG,NE,0,0,0,0,0,3,13,0,4,5,15,0,-10,0.178571428571429,-0.0523560209424084,0,0,0,0,0,0,0,6.8
00-0034414,B.Scott,Boston Scott,RB,RB,PHI,2022,9,REG,HOU,0,0,0,0,0,1,5,0,0,0,0,0,0,0,0,0,0,0,0,0,0,0,0.5
00-0034418,C.Wilson,Cedrick Wilson,WR,WR,MIA,2022,9,REG,CHI,0,0,0,0,0,0,0,0,2,2,23,0,6,0.0689655172413793,0.0229007633587786,0,0,0,0,0,0,0,4.3
00-0034419,B.Berrios,Braxton Berrios,WR,WR,NYJ,2022,9,REG,BUF,0,0,0,0,0,0,0,0,1,2,6,0,-1,0.0833333333333333,-0.00625,0,0,0,0,0,0,0,1.6
00-0034440,J.Jackson,Justin Jackson,RB,RB,DET,2022,9,REG,GB,0,0,0,0,0,4,27,0,0,0,0,0,0,0,0,0,0,0,0,0,0,0,2.7
00-0034487,T.Sherfield,Trent Sherfield,WR,WR,MIA,2022,9,REG,CHI,0,0,0,0,0,0,0,0,3,3,27,0,15,0.103448275862069,0.0572519083969466,0,0,0,0,0,0,0,5.7
00-0034521,A.Lazard,Allen Lazard,WR,WR,GB,2022,9,REG,DET,0,0,0,0,0,0,0,0,4,10,87,1,150,0.25,0.34965034965035,0,0,0,0,0,0,0,18.7
00-0034646,B.Powell,Brandon Powell,WR,WR,LA,2022,9,REG,TB,0,0,0,0,0,0,0,0,1,1,4,0,-6,0.0384615384615385,-0.0247933884297521,0,0,0,0,0,0,0,1.4
00-0034765,T.Smith,Tre'Quan Smith,WR,WR,NO,2022,9,REG,BAL,0,0,0,0,0,0,0,0,3,4,29,0,23,0.142857142857143,0.109004739336493,0,0,0,0,0,0,0,5.9
00-0034775,C.Kirk,Christian Kirk,WR,WR,JAX,2022,9,REG,LV,0,0,0,0,0,0,0,0,8,9,76,1,61,0.310344827586207,0.346590909090909,0,0,0,0,0,0,0,21.6
00-0034796,L.Jackson,Lamar Jackson,QB,QB,BAL,2022,9,REG,NO,12,22,133,1,0,11,82,0,0,0,0,0,0,0,0,0,0,0,0,0,0,0,17.52
00-0034798,D.Smythe,Durham Smythe,TE,TE,MIA,2022,9,REG,CHI,0,0,0,0,0,0,0,0,0,2,0,0,-3,0.0689655172413793,-0.0114503816793893,0,0,0,0,0,0,0,0
00-0034827,D.Moore,D.J. Moore,WR,WR,CAR,2022,9,REG,CIN,0,0,0,0,0,0,0,0,2,6,24,0,69,0.2,0.372972972972973,0,0,0,0,0,0,0,4.4
00-0034829,M.Gesicki,Mike Gesicki,TE,TE,MIA,2022,9,REG,CHI,0,0,0,0,0,0,0,0,1,2,3,0,8,0.0689655172413793,0.0305343511450382,0,0,0,0,0,0,0,1.3
00-0034830,H.Hurst,Hayden Hurst,TE,TE,CIN,2022,9,REG,CAR,0,0,0,0,0,0,0,0,5,5,35,0,24,0.166666666666667,0.133333333333333,0,0,0,0,0,0,0,8.5
00-0034845,S.Michel,Sony Michel,RB,RB,LAC,2022,9,REG,ATL,0,0,0,0,0,1,12,0,0,1,0,0,4,0.0232558139534884,0.016597510373444,0,0,0,0,0,0,0,1.2
00-0034854,K.Hodge,KhaDarel Hodge,WR,WR,ATL,2022,9,REG,LAC,0,0,0,0,0,0,0,0,1,2,19,0,30,0.0869565217391304,0.087463556851312,0,0,0,0,0,0,0,2.9
00-0034855,B.Mayfield,Baker Mayfield,QB,QB,CAR,2022,9,REG,CIN,14,20,155,2,0,0,0,0,0,0,0,0,0,0,0,0,0,0,0,0,0,0,14.2
00-0034857,J.Allen,Josh Allen,QB,QB,BUF,2022,9,REG,NYJ,18,34,205,0,2,9,86,2,0,0,0,0,0,0,0,0,0,0,0,0,0,0,24.8
00-0034860,D.Pettis,Dante Pettis,WR,WR,CHI,2022,9,REG,MIA,0,0,0,0,0,0,0,0,1,1,12,0,13,0.037037037037037,0.0575221238938053,0,0,0,0,0,0,0,2.2
00-0034960,J.Meyers,Jakobi Meyers,WR,WR,NE,2022,9,REG,IND,0,0,0,0,0,1,2,0,5,6,42,0,40,0.206896551724138,0.24390243902439,0,0,1,0,0,0,0,7.4
00-0034972,A.Mattison,Alexander Mattison,RB,RB,MIN,2022,9,REG,WAS,0,0,0,0,0,2,1,0,1,1,0,0,0,0.0256410256410256,0,0,0,0,0,0,0,0,1.1
00-0034975,J.Hill,Justice Hill,RB,RB,BAL,2022,9,REG,NO,0,0,0,0,0,4,11,0,1,1,8,0,4,0.0454545454545455,0.018018018018018,0,0,0,0,0,0,0,2.9
00-0034981,F.Moreau,Foster Moreau,TE,TE,LV,2022,9,REG,JAX,0,0,0,0,0,0,2,0,2,5,42,0,61,0.138888888888889,0.171830985915493,0,0,0,0,0,0,0,6.4
00-0034983,H.Renfrow,Hunter Renfrow,WR,WR,LV,2022,9,REG,JAX,0,0,0,0,0,0,0,0,3,4,26,0,30,0.111111111111111,0.0845070422535211,0,0,0,0,0,0,0,5.6
00-0035140,M.Hardman,Mecole Hardman,WR,WR,KC,2022,9,REG,TEN,0,0,0,0,0,0,0,0,6,9,79,1,60,0.145161290322581,0.128755364806867,0,0,0,0,0,0,0,19.9
00-0035208,O.Zaccheaus,Olamide Zaccheaus,WR,WR,ATL,2022,9,REG,LAC,0,0,0,0,0,0,0,0,2,2,19,0,17,0.0869565217391304,0.0495626822157434,0,0,0,0,0,0,0,3.9
00-0035228,K.Murray,Kyler Murray,QB,QB,ARI,2022,9,REG,SEA,25,35,175,2,0,8,60,0,0,0,0,0,0,0,0,0,1,0,0,0,0,0,19
00-0035229,T.Hockenson,T.J. Hockenson,TE,TE,MIN,2022,9,REG,WAS,0,0,0,0,0,0,0,0,9,9,70,0,50,0.230769230769231,0.130208333333333,0,0,0,0,0,0,0,16
00-0035243,M.Sanders,Miles Sanders,RB,RB,PHI,2022,9,REG,HOU,0,0,0,0,0,17,93,1,0,0,0,0,0,0,0,0,0,0,0,0,0,0,15.3
00-0035249,J.Oliver,Josh Oliver,TE,TE,BAL,2022,9,REG,NO,0,0,0,0,0,0,0,0,1,3,19,0,9,0.136363636363636,0.0405405405405405,0,0,0,0,0,0,0,2.9
00-0035250,D.Singletary,Devin Singletary,RB,RB,BUF,2022,9,REG,NYJ,0,0,0,0,0,8,24,0,4,5,24,0,-4,0.151515151515152,-0.00975609756097561,0,0,0,0,0,0,0,8.8
00-0035259,T.Wesco,Trevon Wesco,TE,TE,CHI,2022,9,REG,MIA,0,0,0,0,0,0,0,0,0,0,0,0,0,0,0,0,0,0,0,0,1,0,2
00-0035298,S.Miller,Scott Miller,WR,WR,TB,2022,9,REG,LA,0,0,0,0,0,0,0,0,7,8,53,0,45,0.145454545454545,0.166051660516605,0,0,0,0,0,0,0,12.3
00-0035341,T.Irwin,Trenton Irwin,WR,WR,CIN,2022,9,REG,CAR,0,0,0,0,0,1,11,0,1,1,14,0,12,0.0333333333333333,0.0666666666666667,0,0,0,0,0,0,0,3.5
00-0035399,S.Morgan,Stanley Morgan,WR,WR,CIN,2022,9,REG,CAR,0,0,0,0,0,0,0,0,0,0,0,0,0,0,0,0,0,0,0,0,0,0,0
00-0035457,T.Johnson,Tyron Johnson,WR,WR,HOU,2022,9,REG,PHI,0,0,0,0,0,0,0,0,1,1,8,0,-2,0.0476190476190476,-0.0125,0,0,0,0,0,0,0,1.8
00-0035500,G.Dortch,Greg Dortch,WR,WR,ARI,2022,9,REG,SEA,0,0,0,0,0,1,3,0,1,1,0,0,0,0.0303030303030303,0,0,0,0,0,0,0,0,1.3
00-0035510,J.Smith,Jeff Smith,WR,WR,NYJ,2022,9,REG,BUF,0,0,0,0,0,0,0,0,1,1,6,0,6,0.0416666666666667,0.0375,0,0,0,0,0,0,0,1.6
00-0035537,T.Johnson,Ty Johnson,RB,RB,NYJ,2022,9,REG,BUF,0,0,0,0,0,2,17,0,0,0,0,0,0,0,0,0,0,0,0,0,0,0,1.7
00-0035544,T.Kennedy,Tom Kennedy,WR,WR,DET,2022,9,REG,GB,0,0,0,0,0,0,0,0,1,4,16,0,13,0.166666666666667,0.122641509433962,0,0,0,0,0,0,0,2.6
00-0035594,T.Homer,Travis Homer,RB,RB,SEA,2022,9,REG,ARI,0,0,0,0,0,1,7,0,3,3,25,0,0,0.09375,0,0,0,0,0,0,0,0,6.2
00-0035624,N.Harry,N'Keal Harry,TE,TE,CHI,2022,9,REG,MIA,0,0,0,0,0,0,0,0,1,2,6,0,22,0.0740740740740741,0.0973451327433628,0,0,0,0,0,0,0,1.6
00-0035639,P.Campbell,Parris Campbell,WR,WR,IND,2022,9,REG,NE,0,0,0,0,0,1,1,0,2,5,15,0,60,0.178571428571429,0.31413612565445,0,0,0,0,0,0,0,3.6
00-0035640,D.Metcalf,DK Metcalf,WR,WR,SEA,2022,9,REG,ARI,0,0,0,0,0,0,0,0,5,6,37,1,34,0.1875,0.330097087378641,0,0,0,0,0,0,0,14.7
00-0035644,N.Fant,Noah Fant,TE,TE,SEA,2022,9,REG,ARI,0,0,0,0,0,0,0,0,5,6,96,0,34,0.1875,0.330097087378641,0,0,0,0,0,0,0,14.6
00-0035659,T.McLaurin,Terry McLaurin,WR,WR,WAS,2022,9,REG,MIN,0,0,0,0,0,0,0,0,5,9,56,0,84,0.346153846153846,0.365217391304348,0,0,0,0,0,0,0,10.6
00-0035664,D.Henderson,Darrell Henderson,RB,RB,LA,2022,9,REG,TB,0,0,0,0,0,12,56,0,0,1,0,0,0,0.0384615384615385,0,0,0,0,0,0,0,0,5.6
00-0035676,A.Brown,A.J. Brown,WR,WR,PHI,2022,9,REG,HOU,0,0,0,0,0,0,0,0,4,6,59,1,59,0.24,0.285024154589372,0,0,0,0,0,0,0,15.9
00-0035685,D.Montgomery,David Montgomery,RB,RB,CHI,2022,9,REG,MIA,0,0,0,0,0,14,36,0,1,2,8,0,0,0.0740740740740741,0,0,0,0,0,0,0,0,5.4
00-0035689,D.Knox,Dawson Knox,TE,TE,BUF,2022,9,REG,NYJ,0,0,0,0,0,0,0,0,3,4,25,0,21,0.121212121212121,0.051219512195122,0,0,0,0,0,0,0,5.5
00-0035700,J.Jacobs,Josh Jacobs,RB,RB,LV,2022,9,REG,JAX,0,0,0,0,0,17,67,0,3,3,20,0,-5,0.0833333333333333,-0.0140845070422535,0,0,0,0,0,0,0,11.7
00-0035806,J.Hasty,Jamycal Hasty,RB,RB,JAX,2022,9,REG,LV,0,0,0,0,0,3,6,0,1,1,5,0,-1,0.0344827586206897,-0.00568181818181818,0,0,0,0,0,0,0,2.1
00-0035819,B.Victor,Binjimen Victor,WR,WR,BAL,2022,9,REG,NO,0,0,0,0,0,0,0,0,0,0,0,0,0,0,0,0,0,0,0,0,0,0,0
00-0035831,J.Robinson,James Robinson,RB,RB,NYJ,2022,9,REG,BUF,0,0,0,0,0,13,48,0,2,2,5,1,-9,0.0833333333333333,-0.05625,0,0,0,0,0,0,0,13.3
00-0035956,G.Ricci,Giovanni Ricci,TE,TE,CAR,2022,9,REG,CIN,0,0,0,0,0,0,0,0,1,1,8,0,6,0.0333333333333333,0.0324324324324324,0,0,0,0,0,0,0,1.8
00-0035976,D.Chisena,Dan Chisena,WR,WR,MIN,2022,9,REG,WAS,0,0,0,0,0,0,0,0,0,0,0,0,0,0,0,0,0,0,0,0,0,0,0
00-0036040,J.Johnson,Juwan Johnson,TE,TE,NO,2022,9,REG,BAL,0,0,0,0,0,0,0,0,2,2,42,1,11,0.0714285714285714,0.052132701421801,0,0,0,0,0,0,0,12.2
00-0036096,J.Taylor,J.J. Taylor,RB,RB,NE,2022,9,REG,IND,0,0,0,0,0,10,9,0,1,1,8,0,3,0.0344827586206897,0.0182926829268293,0,0,0,0,0,0,0,2.7
00-0036133,J.Proche,James Proche,WR,WR,BAL,2022,9,REG,NO,0,0,0,0,0,0,0,0,2,2,22,0,14,0.0909090909090909,0.0630630630630631,0,0,0,0,0,0,0,4.2
00-0036182,N.Westbrook-Ikhine,Nick Westbrook-Ikhine,WR,WR,TEN,2022,9,REG,KC,0,0,0,0,0,0,0,0,0,1,0,0,28,0.0769230769230769,0.137254901960784,0,0,0,0,0,0,0,0
00-0036194,D.Asiasi,Devin Asiasi,TE,TE,CIN,2022,9,REG,CAR,0,0,0,0,0,0,0,0,0,1,0,0,30,0.0333333333333333,0.166666666666667,0,0,0,0,0,0,0,0
00-0036196,G.Davis,Gabe Davis,WR,WR,BUF,2022,9,REG,NYJ,0,0,0,0,0,0,0,0,2,5,33,0,121,0.151515151515152,0.295121951219512,0,0,0,0,0,0,0,5.3
00-0036212,T.Tagovailoa,Tua Tagovailoa,QB,QB,MIA,2022,9,REG,CHI,21,30,302,3,0,5,0,0,0,0,0,0,0,0,0,0,0,0,0,0,0,0,24.08
00-0036219,M.Callaway,Marquez Callaway,WR,WR,NO,2022,9,REG,BAL,0,0,0,0,0,0,0,0,3,5,24,0,58,0.178571428571429,0.274881516587678,0,0,0,0,0,0,0,5.4
00-0036244,C.Parkinson,Colby Parkinson,TE,TE,SEA,2022,9,REG,ARI,0,0,0,0,0,0,0,0,2,2,6,0,-5,0.0625,-0.0485436893203884,0,0,0,0,0,0,0,2.6
00-0036252,M.Pittman,Michael Pittman,WR,WR,IND,2022,9,REG,NE,0,0,0,0,0,0,0,0,3,6,22,0,48,0.214285714285714,0.25130890052356,0,0,0,0,0,0,0,5.2
00-0036255,D.Mims,Denzel Mims,WR,WR,NYJ,2022,9,REG,BUF,0,0,0,0,0,0,0,0,1,4,12,0,67,0.166666666666667,0.41875,0,0,0,0,0,0,0,2.2
00-0036265,A.Dillon,A.J. Dillon,RB,RB,GB,2022,9,REG,DET,0,0,0,0,0,11,34,0,2,4,10,0,14,0.1,0.0326340326340326,0,0,0,0,0,0,0,6.4
00-0036268,L.Shenault,Laviska Shenault Jr.,WR,WR,CAR,2022,9,REG,CIN,0,0,0,0,0,2,6,0,0,1,0,0,-1,0.0333333333333333,-0.00540540540540541,0,0,0,0,0,0,0,0.6
00-0036271,Q.Watkins,Quez Watkins,WR,WR,PHI,2022,9,REG,HOU,0,0,0,0,0,0,0,0,2,2,25,0,11,0.08,0.0531400966183575,0,0,0,0,0,0,0,4.5
00-0036275,D.Swift,D'Andre Swift,RB,RB,DET,2022,9,REG,GB,0,0,0,0,0,2,10,0,3,4,40,0,10,0.166666666666667,0.0943396226415094,0,0,0,0,0,0,0,8
00-0036290,C.Kmet,Cole Kmet,TE,TE,CHI,2022,9,REG,MIA,0,0,0,0,0,2,9,0,5,6,41,2,51,0.222222222222222,0.225663716814159,0,0,0,0,0,0,0,22
00-0036309,D.Mooney,Darnell Mooney,WR,WR,CHI,2022,9,REG,MIA,0,0,0,0,0,1,2,0,7,8,43,1,42,0.296296296296296,0.185840707964602,0,0,0,0,0,0,0,17.5
00-0036322,J.Jefferson,Justin Jefferson,WR,WR,MIN,2022,9,REG,WAS,0,0,0,0,0,1,10,0,7,13,115,1,169,0.333333333333333,0.440104166666667,0,0,0,0,0,0,0,25.5
00-0036326,C.Claypool,Chase Claypool,WR,WR,CHI,2022,9,REG,MIA,0,0,0,0,0,1,4,0,2,6,13,0,46,0.222222222222222,0.20353982300885,0,0,0,0,0,0,0,3.7
00-0036328,A.Gibson,Antonio Gibson,RB,RB,WAS,2022,9,REG,MIN,0,0,0,0,0,11,36,0,2,3,11,0,-2,0.115384615384615,-0.00869565217391304,0,0,0,0,0,0,0,6.7
00-0036331,D.Duvernay,Devin Duvernay,WR,WR,BAL,2022,9,REG,NO,0,0,0,0,0,0,0,0,1,1,5,0,4,0.0454545454545455,0.018018018018018,0,0,0,0,0,0,0,1.5
00-0036332,J.Deguara,Josiah Deguara,TE,TE,GB,2022,9,REG,DET,0,0,0,0,0,0,0,0,5,5,41,0,28,0.125,0.0652680652680653,0,0,0,0,0,0,0,9.1
00-0036345,K.Osborn,K.J. Osborn,WR,WR,MIN,2022,9,REG,WAS,0,0,0,0,0,0,0,0,0,2,0,0,33,0.0512820512820513,0.0859375,0,0,0,0,0,0,0,0
00-0036355,J.Herbert,Justin Herbert,QB,QB,LAC,2022,9,REG,ATL,30,43,245,1,1,1,3,0,0,0,0,0,0,0,0,0,0,0,0,0,0,0,12.1
00-0036360,C.Edwards-Helaire,Clyde Edwards-Helaire,RB,RB,KC,2022,9,REG,TEN,0,0,0,0,0,4,5,0,1,2,14,0,18,0.032258064516129,0.0386266094420601,0,0,0,0,0,0,0,2.9
00-0036383,E.Benjamin,Eno Benjamin,RB,RB,ARI,2022,9,REG,SEA,0,0,0,0,0,4,12,0,1,1,15,0,5,0.0303030303030303,0.0234741784037559,0,0,0,0,0,0,0,3.7
00-0036387,J.Reagor,Jalen Reagor,WR,WR,MIN,2022,9,REG,WAS,0,0,0,0,0,0,0,0,0,0,0,0,0,0,0,0,0,0,0,0,0,0,0
00-0036389,J.Hurts,Jalen Hurts,QB,QB,PHI,2022,9,REG,HOU,21,27,243,2,0,9,23,0,0,0,0,0,0,0,0,1,0,0,0,1,0,0,20.02
00-0036410,T.Higgins,Tee Higgins,WR,WR,CIN,2022,9,REG,CAR,0,0,0,0,0,0,0,0,7,8,60,0,55,0.266666666666667,0.305555555555556,0,0,0,0,0,0,0,13
00-0036414,C.Akers,Cam Akers,RB,RB,LA,2022,9,REG,TB,0,0,0,0,0,5,3,0,0,0,0,0,0,0,0,0,0,0,0,0,0,0,0.3
00-0036415,V.Jefferson,Van Jefferson,WR,WR,LA,2022,9,REG,TB,0,0,0,0,0,0,0,0,0,5,0,0,134,0.192307692307692,0.553719008264463,0,0,0,0,0,0,0,0
00-0036422,A.Trautman,Adam Trautman,TE,TE,NO,2022,9,REG,BAL,0,0,0,0,0,0,0,0,1,1,8,0,2,0.0357142857142857,0.00947867298578199,0,0,0,0,0,0,0,1.8
00-0036424,B.Hopkins,Brycen Hopkins,TE,TE,LA,2022,9,REG,TB,0,0,0,0,0,0,0,0,0,1,0,0,2,0.0384615384615385,0.00826446280991736,0,0,0,0,0,0,0,0
00-0036425,D.Dallas,DeeJay Dallas,RB,RB,SEA,2022,9,REG,ARI,0,0,0,0,0,1,4,0,0,0,0,0,0,0,0,0,0,0,0,0,0,0,0.4
00-0036442,J.Burrow,Joe Burrow,QB,QB,CIN,2022,9,REG,CAR,22,28,206,1,0,4,9,1,0,0,0,0,0,0,0,0,0,0,0,0,0,0,19.14
00-0036450,K.Vaughn,Ke'Shawn Vaughn,RB,RB,TB,2022,9,REG,LA,0,0,0,0,0,2,4,0,0,1,0,0,-1,0.0181818181818182,-0.003690036900369,0,0,0,0,0,0,0,0.4
00-0036493,D.Jackson,Deon Jackson,RB,RB,IND,2022,9,REG,NE,0,0,0,0,0,11,23,0,2,3,13,0,10,0.107142857142857,0.0523560209424084,0,0,0,0,0,0,0,5.6
00-0036527,D.Turner,D.J. Turner,WR,WR,LV,2022,9,REG,JAX,0,0,0,0,0,0,0,0,0,0,0,0,0,0,0,0,0,0,0,0,0,0,0
00-0036534,S.Zylstra,Shane Zylstra,TE,TE,DET,2022,9,REG,GB,0,0,0,0,0,0,0,0,1,1,1,1,1,0.0416666666666667,0.00943396226415094,0,0,0,0,0,0,0,7.1
00-0036543,S.Brown,Spencer Brown,RB,RB,CAR,2022,9,REG,CIN,0,0,0,0,0,3,16,0,2,3,10,0,-7,0.1,-0.0378378378378378,0,0,0,0,0,0,0,4.6
00-0036556,B.Jordan,Brevin Jordan,TE,TE,HOU,2022,9,REG,PHI,0,0,0,0,0,0,0,0,1,2,5,0,15,0.0952380952380952,0.09375,0,0,0,0,0,0,0,1.5
00-0036572,S.Smith,Shi Smith,WR,WR,CAR,2022,9,REG,CIN,0,0,0,0,0,0,0,0,1,2,20,0,12,0.0666666666666667,0.0648648648648649,0,0,0,0,0,0,0,3
00-0036613,J.Waddle,Jaylen Waddle,WR,WR,MIA,2022,9,REG,CHI,0,0,0,0,0,0,0,0,5,7,85,1,118,0.241379310344828,0.450381679389313,0,0,0,0,0,0,0,19.5
00-0036620,D.Eskridge,D'Wayne Eskridge,WR,WR,SEA,2022,9,REG,ARI,0,0,0,0,0,0,0,0,0,2,0,0,3,0.0625,0.029126213592233,0,0,0,0,0,0,0,0
00-0036626,D.Brown,Dyami Brown,WR,WR,WAS,2022,9,REG,MIN,0,0,0,0,0,0,0,0,0,1,0,0,6,0.0384615384615385,0.0260869565217391,0,0,0,0,0,0,0,0
00-0036628,J.Bates,John Bates,TE,TE,WAS,2022,9,REG,MIN,0,0,0,0,0,0,0,0,1,2,5,0,18,0.0769230769230769,0.0782608695652174,0,0,0,0,0,0,0,1.5
00-0036637,N.Gray,Noah Gray,TE,TE,KC,2022,9,REG,TEN,0,0,0,0,0,0,0,0,3,3,45,0,39,0.0483870967741936,0.0836909871244635,0,0,0,0,0,0,0,7.5
00-0036669,K.Hill,Kylin Hill,RB,RB,GB,2022,9,REG,DET,0,0,0,0,0,1,7,0,0,0,0,0,0,0,0,0,0,0,0,0,0,0,0.7
00-0036671,D.Milne,Dax Milne,WR,WR,WAS,2022,9,REG,MIN,0,0,0,0,0,0,0,0,1,1,6,1,4,0.0384615384615385,0.0173913043478261,0,0,0,0,0,0,0,7.6
00-0036741,J.Stoll,Jack Stoll,TE,TE,PHI,2022,9,REG,HOU,0,0,0,0,0,0,0,0,1,2,13,0,13,0.08,0.0628019323671498,0,0,0,0,0,0,0,2.3
00-0036754,B.Wright,Brock Wright,TE,TE,DET,2022,9,REG,GB,0,0,0,0,0,0,0,0,0,1,0,0,-5,0.0416666666666667,-0.0471698113207547,0,0,0,0,0,0,0,0
00-0036829,C.Huntley,Caleb Huntley,RB,RB,ATL,2022,9,REG,LAC,0,0,0,0,0,7,34,0,0,0,0,0,0,0,0,0,0,0,0,0,0,0,3.4
00-0036842,K.Nwangwu,Kene Nwangwu,RB,RB,MIN,2022,9,REG,WAS,0,0,0,0,0,0,0,0,0,0,0,0,0,0,0,0,0,0,0,0,0,0,0
00-0036857,C.Evans,Chris Evans,RB,RB,CIN,2022,9,REG,CAR,0,0,0,0,0,0,0,0,0,0,0,0,0,0,0,0,0,0,0,0,0,0,0
00-0036858,J.Camp,Jalen Camp,WR,WR,HOU,2022,9,REG,PHI,0,0,0,0,0,0,0,0,1,1,7,0,7,0.0476190476190476,0.04375,0,0,0,0,0,0,0,1.7
00-0036862,B.Skowronek,Ben Skowronek,WR,WR,LA,2022,9,REG,TB,0,0,0,0,0,0,0,0,0,2,0,0,6,0.0769230769230769,0.0247933884297521,0,0,0,0,0,0,0,0
00-0036875,R.Stevenson,Rhamondre Stevenson,RB,RB,NE,2022,9,REG,IND,0,0,0,0,0,15,60,0,3,7,10,1,30,0.241379310344828,0.182926829268293,0,0,0,0,0,0,0,16
00-0036876,K.Granson,Kylen Granson,TE,TE,IND,2022,9,REG,NE,0,0,0,0,0,1,0,0,0,1,0,0,11,0.0357142857142857,0.0575916230366492,0,0,0,0,0,0,0,0
00-0036877,J.Darden,Jaelon Darden,WR,WR,TB,2022,9,REG,LA,0,0,0,0,0,0,0,0,0,0,0,0,0,0,0,0,0,0,0,0,0,0,0
00-0036879,S.Ehlinger,Sam Ehlinger,QB,QB,IND,2022,9,REG,NE,15,29,103,0,1,5,39,0,0,0,0,0,0,0,0,0,0,0,0,0,0,0,6.02
00-0036887,L.Farrell,Luke Farrell,TE,TE,JAX,2022,9,REG,LV,0,0,0,0,0,0,0,0,1,1,15,0,2,0.0344827586206897,0.0113636363636364,0,0,0,0,0,0,0,2.5
00-0036898,D.Mills,Davis Mills,QB,QB,HOU,2022,9,REG,PHI,13,22,154,2,2,3,18,0,0,0,0,0,0,0,0,0,0,0,0,0,0,0,11.96
00-0036906,K.Herbert,Khalil Herbert,RB,RB,CHI,2022,9,REG,MIA,0,0,0,0,0,7,23,0,0,0,0,0,0,0,0,0,0,0,0,0,0,0,2.3
00-0036912,D.Smith,DeVonta Smith,WR,WR,PHI,2022,9,REG,HOU,0,0,0,0,0,0,0,0,2,2,22,0,14,0.08,0.0676328502415459,0,0,0,0,0,0,0,4.2
00-0036913,K.Toney,Kadarius Toney,WR,WR,KC,2022,9,REG,TEN,0,0,0,0,0,0,0,0,2,2,12,0,2,0.032258064516129,0.00429184549356223,0,0,0,0,0,0,0,3.2
00-0036919,K.Gainwell,Kenneth Gainwell,RB,RB,PHI,2022,9,REG,HOU,0,0,0,0,0,4,22,1,3,3,16,0,2,0.12,0.00966183574879227,0,0,0,0,0,0,0,12.8
00-0036924,Mi.Carter,Michael Carter,RB,RB,NYJ,2022,9,REG,BUF,0,0,0,0,0,12,76,1,1,1,10,0,-5,0.0416666666666667,-0.03125,0,0,0,0,0,0,0,15.6
00-0036936,R.Moore,Rondale Moore,WR,WR,ARI,2022,9,REG,SEA,0,0,0,0,0,0,0,0,8,10,69,0,43,0.303030303030303,0.2018779342723,0,0,0,0,0,0,0,14.9
00-0036945,J.Fields,Justin Fields,QB,QB,CHI,2022,9,REG,MIA,17,28,123,3,0,15,178,1,0,0,0,0,0,0,0,0,0,0,1,0,0,0,42.72
00-0036950,A.Williams,Avery Williams,RB,RB,ATL,2022,9,REG,LAC,0,0,0,0,0,0,0,0,1,1,2,0,2,0.0434782608695652,0.00583090379008746,0,0,0,0,0,0,0,1.2
00-0036955,T.Marshall,Terrace Marshall,WR,WR,CAR,2022,9,REG,CIN,0,0,0,0,0,0,0,0,3,6,53,1,67,0.2,0.362162162162162,0,0,0,0,0,0,0,14.3
00-0036959,M.Bandy,Michael Bandy,WR,WR,LAC,2022,9,REG,ATL,0,0,0,0,0,0,0,0,5,8,26,0,46,0.186046511627907,0.190871369294606,0,0,0,0,0,0,0,7.6
00-0036963,A.St. Brown,Amon-Ra St. Brown,WR,WR,DET,2022,9,REG,GB,0,0,0,0,0,0,0,0,4,9,55,0,81,0.375,0.764150943396226,0,0,0,0,0,0,0,9.5
00-0036970,K.Pitts,Kyle Pitts,TE,TE,ATL,2022,9,REG,LAC,0,0,0,0,0,0,0,0,2,7,27,0,208,0.304347826086957,0.606413994169096,0,0,0,0,0,0,0,4.7
00-0036971,T.Lawrence,Trevor Lawrence,QB,QB,JAX,2022,9,REG,LV,25,31,235,1,0,6,53,0,0,0,0,0,0,0,0,0,1,0,0,0,0,0,16.7
00-0036972,M.Jones,Mac Jones,QB,QB,NE,2022,9,REG,IND,20,30,147,1,0,1,-2,0,0,0,0,0,0,0,0,0,0,0,0,0,0,0,9.68
00-0036973,T.Etienne,Travis Etienne,RB,RB,JAX,2022,9,REG,LV,0,0,0,0,0,28,109,2,2,2,17,0,1,0.0689655172413793,0.00568181818181818,0,0,0,0,0,0,0,26.6
00-0036988,J.Palmer,Josh Palmer,WR,WR,LAC,2022,9,REG,ATL,0,0,0,0,0,0,0,0,8,10,106,0,96,0.232558139534884,0.398340248962656,0,0,0,0,0,0,0,18.6
00-0036991,Am.Rodgers,Amari Rodgers,WR,WR,GB,2022,9,REG,DET,0,0,0,0,0,0,0,0,0,1,0,0,17,0.025,0.0396270396270396,0,0,0,0,0,0,0,0
00-0037005,T.Tremble,Tommy Tremble,TE,TE,CAR,2022,9,REG,CIN,0,0,0,0,0,0,0,0,2,4,11,1,40,0.133333333333333,0.216216216216216,0,0,0,0,0,0,0,9.1
00-0037013,Z.Wilson,Zach Wilson,QB,QB,NYJ,2022,9,REG,BUF,18,25,154,1,0,5,24,0,0,0,0,0,0,0,0,1,0,0,0,0,0,0,10.56
00-0037093,D.Young,Dareke Young,WR,WR,SEA,2022,9,REG,ARI,0,0,0,0,0,0,0,0,0,0,0,0,0,0,0,0,0,0,0,0,0,0,0
00-0037098,S.Toure,Samori Toure,WR,WR,GB,2022,9,REG,DET,0,0,0,0,0,0,0,0,2,4,34,0,97,0.1,0.226107226107226,0,0,0,0,0,0,0,5.4
00-0037132,B.Covey,Britain Covey,WR,WR,PHI,2022,9,REG,HOU,0,0,0,0,0,0,0,0,0,0,0,0,0,0,0,0,0,0,0,0,0,0,0
00-0037168,A.Rogers,Armani Rogers,TE,TE,WAS,2022,9,REG,MIN,0,0,0,0,0,1,24,0,0,0,0,0,0,0,0,0,0,0,0,0,0,0,2.4
00-0037197,I.Pacheco,Isiah Pacheco,RB,RB,KC,2022,9,REG,TEN,0,0,0,0,0,5,5,0,1,1,4,0,-6,0.0161290322580645,-0.0128755364806867,0,0,0,0,0,0,0,1.9
00-0037238,D.London,Drake London,WR,WR,ATL,2022,9,REG,LAC,0,0,0,0,0,0,0,0,3,7,23,0,61,0.304347826086957,0.177842565597668,0,0,1,0,0,0,0,3.3
00-0037239,C.Olave,Chris Olave,WR,WR,NO,2022,9,REG,BAL,0,0,0,0,0,0,0,0,6,9,71,0,85,0.321428571428571,0.402843601895735,0,0,0,0,0,0,0,13.1
00-0037248,J.Cook,James Cook,RB,RB,BUF,2022,9,REG,NYJ,0,0,0,0,0,4,15,0,2,4,18,0,10,0.121212121212121,0.024390243902439,0,0,0,0,0,0,0,5.3
00-0037256,R.White,Rachaad White,RB,RB,TB,2022,9,REG,LA,0,0,0,0,0,8,27,0,3,3,7,0,-7,0.0545454545454545,-0.025830258302583,0,0,0,0,0,0,0,6.4
00-0037258,D.Pierce,Dameon Pierce,RB,RB,HOU,2022,9,REG,PHI,0,0,0,0,0,27,139,0,0,0,0,0,0,0,0,0,0,0,0,0,0,0,13.9
00-0037263,T.Allgeier,Tyler Allgeier,RB,RB,ATL,2022,9,REG,LAC,0,0,0,0,0,10,99,0,1,1,24,0,5,0.0434782608695652,0.0145772594752187,0,0,0,0,0,0,0,13.3
00-0037277,T.Quitoriano,Teagan Quitoriano,TE,TE,HOU,2022,9,REG,PHI,0,0,0,0,0,0,0,0,1,1,2,1,2,0.0476190476190476,0.0125,0,0,0,0,0,0,0,7.2
00-0037282,J.Mitchell,James Mitchell,TE,TE,DET,2022,9,REG,GB,0,0,0,0,0,0,0,0,2,2,8,1,5,0.0833333333333333,0.0471698113207547,0,0,0,0,0,0,0,8.8
00-0037299,K.Ingram,Keaontay Ingram,RB,RB,ARI,2022,9,REG,SEA,0,0,0,0,0,1,2,0,0,0,0,0,0,0,0,0,0,0,0,0,0,0,0.2
00-0037311,K.Kieft,Ko Kieft,TE,TE,TB,2022,9,REG,LA,0,0,0,0,0,0,0,0,1,2,6,0,6,0.0363636363636364,0.022140221402214,0,0,0,0,0,0,0,1.6
00-0037429,R.Blackshear,Raheem Blackshear,RB,RB,CAR,2022,9,REG,CIN,0,0,0,0,0,5,13,1,4,4,40,0,-1,0.133333333333333,-0.00540540540540541,0,0,0,0,0,0,0,15.3
00-0037545,R.Shaheed,Rashid Shaheed,WR,WR,NO,2022,9,REG,BAL,0,0,0,0,0,0,0,0,0,0,0,0,0,0,0,0,0,0,0,0,0,0,0
00-0037617,H.Haskins,Hassan Haskins,RB,RB,TEN,2022,9,REG,KC,0,0,0,0,0,1,5,0,1,1,2,0,-4,0.0769230769230769,-0.0196078431372549,0,0,0,0,0,0,0,1.7
00-0037664,A.Pierce,Alec Pierce,WR,WR,IND,2022,9,REG,NE,0,0,0,0,0,0,0,0,1,2,23,0,7,0.0714285714285714,0.0366492146596859,0,0,0,0,0,0,0,3.3
00-0037740,G.Wilson,Garrett Wilson,WR,WR,NYJ,2022,9,REG,BUF,0,0,0,0,0,1,7,0,8,9,92,0,72,0.375,0.45,0,0,0,0,0,0,0,17.9
00-0037746,B.Robinson,Brian Robinson,RB,RB,WAS,2022,9,REG,MIN,0,0,0,0,0,13,44,0,2,2,-6,0,-7,0.0769230769230769,-0.0304347826086957,0,0,0,0,0,0,0,5.8
00-0037755,J.Woods,Jelani Woods,TE,TE,IND,2022,9,REG,NE,0,0,0,0,0,0,0,0,1,3,2,0,47,0.107142857142857,0.246073298429319,0,0,0,0,0,0,0,1.2
00-0037809,C.Okonkwo,Chigoziem Okonkwo,TE,TE,TEN,2022,9,REG,KC,0,0,0,0,0,0,0,0,1,3,48,0,16,0.230769230769231,0.0784313725490196,0,0,0,0,0,0,0,5.8
00-0037816,R.Doubs,Romeo Doubs,WR,WR,GB,2022,9,REG,DET,0,0,0,0,0,0,0,0,1,1,18,0,18,0.025,0.041958041958042,0,0,0,0,0,0,0,2.8
00-0037838,I.Likely,Isaiah Likely,TE,TE,BAL,2022,9,REG,NO,0,0,0,0,0,0,0,0,1,5,24,1,71,0.227272727272727,0.31981981981982,0,0,0,0,0,0,0,9.4
00-0038040,Z.White,Zamir White,RB,RB,LV,2022,9,REG,JAX,0,0,0,0,0,1,-1,0,0,0,0,0,0,0,0,0,0,0,0,0,0,0,-0.1
00-0038045,I.Spiller,Isaiah Spiller,RB,RB,LAC,2022,9,REG,ATL,0,0,0,0,0,7,29,0,0,0,0,0,0,0,0,0,0,0,0,0,0,0,2.9
00-0038090,S.Moore,Skyy Moore,WR,WR,KC,2022,9,REG,TEN,0,0,0,0,0,0,0,0,0,1,0,0,48,0.0161290322580645,0.103004291845494,0,0,0,0,0,0,0,0
00-0038098,P.Strong,Pierre Strong,RB,RB,NE,2022,9,REG,IND,0,0,0,0,0,0,0,0,0,0,0,0,0,0,0,0,0,0,0,0,0,0,0
00-0038104,T.Thornton,Tyquan Thornton,WR,WR,NE,2022,9,REG,IND,0,0,0,0,0,0,0,0,1,4,5,0,67,0.137931034482759,0.408536585365854,0,0,0,0,0,0,0,1.5
00-0038124,C.Watson,Christian Watson,WR,WR,GB,2022,9,REG,DET,0,0,0,0,0,0,0,0,2,2,24,0,15,0.05,0.034965034965035,0,0,0,0,0,0,0,4.4
00-0038128,M.Willis,Malik Willis,QB,QB,TEN,2022,9,REG,KC,5,16,80,0,0,8,40,0,0,0,0,0,0,0,0,0,0,0,0,0,0,0,7.2
00-0038129,C.Otton,Cade Otton,TE,TE,TB,2022,9,REG,LA,0,0,0,0,0,0,0,0,5,6,68,1,40,0.109090909090909,0.14760147601476,0,0,0,0,0,0,0,17.8
00-0038134,K.Walker,Kenneth Walker,RB,RB,SEA,2022,9,REG,ARI,0,0,0,0,0,26,109,2,3,4,20,0,-19,0.125,-0.184466019417476,0,0,0,0,0,0,0,27.9
00-0019596,T.Brady,Tom Brady,QB,QB,TB,2022,10,REG,SEA,22,29,258,2,1,6,-3,0,0,1,0,0,16,0.0344827586206897,0.0606060606060606,0,0,0,0,0,0,0,16.02
00-0023459,A.Rodgers,Aaron Rodgers,QB,QB,GB,2022,10,REG,DAL,14,20,224,3,0,2,4,0,0,0,0,0,0,0,0,1,0,0,0,0,0,0,19.36
00-0024243,M.Lewis,Marcedes Lewis,TE,TE,GB,2022,10,REG,DAL,0,0,0,0,0,0,0,0,1,1,-1,0,-1,0.0526315789473684,-0.00442477876106195,0,0,0,0,0,0,0,0.9
00-0026143,M.Ryan,Matt Ryan,QB,QB,IND,2022,10,REG,LV,21,28,222,1,0,4,38,1,0,0,0,0,0,0,0,0,0,0,0,0,0,0,22.68
00-0026544,C.Daniel,Chase Daniel,QB,QB,LAC,2022,10,REG,SF,0,2,0,0,0,0,0,0,0,0,0,0,0,0,0,0,0,0,0,0,0,0,0
00-0027688,C.McCoy,Colt McCoy,QB,QB,ARI,2022,10,REG,LA,26,37,238,1,0,4,4,0,0,0,0,0,0,0,0,0,0,0,0,0,0,0,13.92
00-0027942,A.Green,A.J. Green,WR,WR,ARI,2022,10,REG,LA,0,0,0,0,0,0,0,0,2,2,10,1,10,0.0571428571428571,0.0480769230769231,0,0,0,0,0,0,0,9
00-0027944,J.Jones,Julio Jones,WR,WR,TB,2022,10,REG,SEA,0,0,0,0,0,0,0,0,3,5,53,1,73,0.172413793103448,0.276515151515151,0,0,0,0,0,0,0,14.3
00-0027973,A.Dalton,Andy Dalton,QB,QB,NO,2022,10,REG,PIT,17,27,174,1,2,3,1,0,0,0,0,0,0,0,0,0,0,0,0,0,0,0,7.06
00-0029263,R.Wilson,Russell Wilson,QB,QB,DEN,2022,10,REG,TEN,21,42,286,1,1,7,8,0,0,0,0,0,0,0,0,0,0,0,0,0,0,0,14.24
00-0029293,M.Jones,Marvin Jones,WR,WR,JAX,2022,10,REG,KC,0,0,0,0,0,0,0,0,1,3,33,0,74,0.0769230769230769,0.256944444444444,0,0,0,0,0,0,0,4.3
00-0029604,K.Cousins,Kirk Cousins,QB,QB,MIN,2022,10,REG,BUF,30,50,357,1,2,6,12,0,0,0,0,0,0,0,0,0,0,0,0,0,0,0,15.48
00-0029701,R.Tannehill,Ryan Tannehill,QB,QB,TEN,2022,10,REG,DEN,19,36,255,2,0,2,12,0,0,0,0,0,0,0,0,0,0,0,0,0,0,0,19.4
00-0030035,A.Thielen,Adam Thielen,WR,WR,MIN,2022,10,REG,BUF,0,0,0,0,0,0,0,0,5,7,49,0,71,0.14,0.165116279069767,0,0,0,0,0,0,0,9.9
00-0030061,Z.Ertz,Zach Ertz,TE,TE,ARI,2022,10,REG,LA,0,0,0,0,0,0,0,0,1,1,12,0,8,0.0285714285714286,0.0384615384615385,0,0,0,0,0,0,0,2.2
00-0030068,M.Goodwin,Marquise Goodwin,WR,WR,SEA,2022,10,REG,TB,0,0,0,0,0,0,0,0,2,2,38,1,38,0.0606060606060606,0.149606299212598,0,0,0,0,0,0,0,11.8
00-0030108,R.Griffin,Ryan Griffin,TE,TE,CHI,2022,10,REG,DET,0,0,0,0,0,0,0,0,0,0,0,0,0,0,0,0,0,0,0,0,0,0,0
00-0030288,R.Burkhead,Rex Burkhead,RB,RB,HOU,2022,10,REG,NYG,0,0,0,0,0,1,2,0,2,2,28,0,0,0.0540540540540541,0,0,0,0,0,0,0,0,5
00-0030431,R.Woods,Robert Woods,WR,WR,TEN,2022,10,REG,DEN,0,0,0,0,0,0,0,0,2,7,10,0,55,0.194444444444444,0.222672064777328,0,0,0,0,0,0,0,3
00-0030506,T.Kelce,Travis Kelce,TE,TE,KC,2022,10,REG,JAX,0,0,0,0,0,0,0,0,6,7,81,1,48,0.2,0.186046511627907,0,0,0,0,0,0,0,20.1
00-0030513,L.Murray,Latavius Murray,RB,RB,DEN,2022,10,REG,TEN,0,0,0,0,0,9,24,0,3,3,23,0,-6,0.0769230769230769,-0.0137931034482759,0,0,0,0,0,0,0,7.7
00-0030564,D.Hopkins,DeAndre Hopkins,WR,WR,ARI,2022,10,REG,LA,0,0,0,0,0,0,0,0,10,14,98,0,96,0.4,0.461538461538462,0,0,0,0,0,0,0,19.8
00-0030565,G.Smith,Geno Smith,QB,QB,SEA,2022,10,REG,TB,23,33,275,2,0,4,22,0,0,0,0,0,0,0,0,1,0,0,0,0,0,0,19.2
00-0030578,C.Patterson,Cordarrelle Patterson,RB,RB,ATL,2022,10,REG,CAR,0,0,0,0,0,5,18,0,1,1,2,0,2,0.0344827586206897,0.00571428571428571,0,0,0,0,0,0,0,3
00-0031236,B.Cooks,Brandin Cooks,WR,WR,HOU,2022,10,REG,NYG,0,0,0,0,0,1,5,0,4,7,37,0,64,0.189189189189189,0.248062015503876,0,0,0,0,0,0,0,8.2
00-0031260,L.Thomas,Logan Thomas,TE,TE,WAS,2022,10,REG,PHI,0,0,0,0,0,0,0,0,2,4,12,0,19,0.16,0.0678571428571429,0,0,0,0,0,0,0,3.2
00-0031273,C.Brate,Cameron Brate,TE,TE,TB,2022,10,REG,SEA,0,0,0,0,0,0,0,0,1,2,8,0,-1,0.0689655172413793,-0.00378787878787879,0,0,0,0,0,0,0,1.8
00-0031280,D.Carr,Derek Carr,QB,QB,LV,2022,10,REG,IND,24,38,248,2,0,0,0,0,0,0,0,0,0,0,0,0,0,0,0,0,0,0,17.92
00-0031325,S.Watkins,Sammy Watkins,WR,WR,GB,2022,10,REG,DAL,0,0,0,0,0,0,0,0,3,3,47,0,46,0.157894736842105,0.20353982300885,0,0,0,0,0,0,0,7.7
00-0031345,J.Garoppolo,Jimmy Garoppolo,QB,QB,SF,2022,10,REG,LAC,19,28,240,0,0,5,3,1,0,0,0,0,0,0,0,0,0,0,0,0,0,0,15.9
00-0031376,J.McKinnon,Jerick McKinnon,RB,RB,KC,2022,10,REG,JAX,0,0,0,0,0,1,2,0,6,8,56,0,27,0.228571428571429,0.104651162790698,0,0,0,0,0,0,0,11.8
00-0031381,D.Adams,Davante Adams,WR,WR,LV,2022,10,REG,IND,0,0,0,0,0,0,0,0,9,14,126,1,119,0.368421052631579,0.381410256410256,0,0,0,0,0,0,0,27.6
00-0031382,J.Landry,Jarvis Landry,WR,WR,NO,2022,10,REG,PIT,0,0,0,0,0,0,0,0,3,6,37,0,60,0.214285714285714,0.222222222222222,0,0,0,0,0,0,0,6.7
00-0031384,R.Rodgers,Richard Rodgers,TE,TE,LAC,2022,10,REG,SF,0,0,0,0,0,0,0,0,1,1,4,0,1,0.0285714285714286,0.00485436893203884,0,0,0,0,0,0,0,1.4
00-0031408,M.Evans,Mike Evans,WR,WR,TB,2022,10,REG,SEA,0,0,0,0,0,0,0,0,5,6,54,0,60,0.206896551724138,0.227272727272727,0,0,0,0,0,0,0,10.4
00-0031428,Al.Robinson,Allen Robinson,WR,WR,LA,2022,10,REG,ARI,0,0,0,0,0,0,0,0,4,6,44,0,64,0.162162162162162,0.262295081967213,0,0,0,0,0,0,0,8.4
00-0031544,A.Cooper,Amari Cooper,WR,WR,CLE,2022,10,REG,MIA,0,0,0,0,0,0,0,0,3,3,32,0,27,0.0882352941176471,0.0841121495327103,0,0,0,0,0,0,0,6.2
00-0031545,K.White,Kevin White,WR,WR,NO,2022,10,REG,PIT,0,0,0,0,0,0,0,0,0,2,0,0,42,0.0714285714285714,0.155555555555556,0,0,0,0,0,0,0,0
00-0031585,M.Pruitt,MyCole Pruitt,TE,TE,ATL,2022,10,REG,CAR,0,0,0,0,0,0,0,0,1,1,6,0,4,0.0344827586206897,0.0114285714285714,0,0,0,0,0,0,0,1.6
00-0031588,S.Diggs,Stefon Diggs,WR,WR,BUF,2022,10,REG,MIN,0,0,0,0,0,0,0,0,12,16,128,0,135,0.390243902439024,0.376044568245125,0,0,0,0,0,0,0,24.8
00-0031687,R.Mostert,Raheem Mostert,RB,RB,MIA,2022,10,REG,CLE,0,0,0,0,0,8,65,1,4,4,22,0,7,0.121212121212121,0.0288065843621399,0,0,0,0,0,0,0,18.7
00-0031690,E.Tomlinson,Eric Tomlinson,TE,TE,DEN,2022,10,REG,TEN,0,0,0,0,0,0,0,0,0,1,0,0,5,0.0256410256410256,0.0114942528735632,0,0,0,0,0,0,0,0
00-0031763,D.Carter,DeAndre Carter,WR,WR,LAC,2022,10,REG,SF,0,0,0,0,0,0,0,0,4,4,64,1,49,0.114285714285714,0.237864077669903,0,0,0,0,0,0,0,16.4
00-0031787,J.Kumerow,Jake Kumerow,WR,WR,BUF,2022,10,REG,MIN,0,0,0,0,0,0,0,0,0,0,0,0,0,0,0,0,0,0,0,0,0,0,0
00-0031800,T.Heinicke,Taylor Heinicke,QB,QB,WAS,2022,10,REG,PHI,17,29,211,0,1,5,10,0,0,0,0,0,0,0,0,1,0,0,0,0,0,0,5.44
00-0031868,D.Byrd,Damiere Byrd,WR,WR,ATL,2022,10,REG,CAR,0,0,0,0,0,0,0,0,3,4,58,0,56,0.137931034482759,0.16,0,0,0,0,0,0,0,8.8
00-0032104,A.Abdullah,Ameer Abdullah,RB,RB,LV,2022,10,REG,IND,0,0,0,0,0,0,0,0,4,4,33,0,2,0.105263157894737,0.00641025641025641,0,0,0,0,0,0,0,7.3
00-0032141,G.Swaim,Geoff Swaim,TE,TE,TEN,2022,10,REG,DEN,0,0,0,0,0,0,0,0,0,1,0,0,1,0.0277777777777778,0.00404858299595142,0,0,0,0,0,0,0,0
00-0032144,M.Gordon,Melvin Gordon,RB,RB,DEN,2022,10,REG,TEN,0,0,0,0,0,7,24,0,4,6,46,0,8,0.153846153846154,0.0183908045977012,0,0,0,0,0,0,0,11
00-0032208,P.Dorsett,Phillip Dorsett,WR,WR,HOU,2022,10,REG,NYG,0,0,0,0,0,0,0,0,2,4,22,0,56,0.108108108108108,0.217054263565891,0,0,0,0,0,0,0,4.2
00-0032211,T.Lockett,Tyler Lockett,WR,WR,SEA,2022,10,REG,TB,0,0,0,0,0,0,0,0,3,5,42,1,59,0.151515151515152,0.232283464566929,0,0,0,0,0,0,0,13.2
00-0032257,D.Johnson,Duke Johnson,RB,RB,BUF,2022,10,REG,MIN,0,0,0,0,0,2,4,0,0,0,0,0,0,0,0,0,0,0,0,0,0,0,0.4
00-0032268,M.Mariota,Marcus Mariota,QB,QB,ATL,2022,10,REG,CAR,19,30,186,2,1,3,43,0,0,0,0,0,0,0,0,0,0,0,0,0,0,0,17.74
00-0032392,A.Hooper,Austin Hooper,TE,TE,TEN,2022,10,REG,DEN,0,0,0,0,0,0,0,0,5,7,41,0,51,0.194444444444444,0.206477732793522,0,0,0,0,0,0,0,9.1
00-0032398,C.Moore,Chris Moore,WR,WR,HOU,2022,10,REG,NYG,0,0,0,0,0,0,0,0,3,6,70,0,49,0.162162162162162,0.189922480620155,0,0,0,0,0,0,0,10
00-0032464,K.Raymond,Kalif Raymond,WR,WR,DET,2022,10,REG,CHI,0,0,0,0,0,0,0,0,3,3,47,0,30,0.12,0.171428571428571,0,0,0,0,0,0,0,7.7
00-0032725,S.Anderson,Stephen Anderson,TE,TE,ARI,2022,10,REG,LA,0,0,0,0,0,0,0,0,0,1,0,0,0,0.0285714285714286,0,0,0,0,0,0,0,0,0
00-0032764,D.Henry,Derrick Henry,RB,RB,TEN,2022,10,REG,DEN,0,0,0,0,0,19,53,0,2,3,14,0,7,0.0833333333333333,0.0283400809716599,0,0,0,0,0,0,0,8.7
00-0032780,J.Howard,Jordan Howard,RB,RB,NO,2022,10,REG,PIT,0,0,0,0,0,1,1,0,0,0,0,0,0,0,0,0,0,0,0,0,0,0,0.1
00-0033040,T.Hill,Tyreek Hill,WR,WR,MIA,2022,10,REG,CLE,0,0,0,0,0,0,0,0,5,6,44,1,80,0.181818181818182,0.329218106995885,0,0,0,0,0,0,0,15.4
00-0033077,D.Prescott,Dak Prescott,QB,QB,DAL,2022,10,REG,GB,27,46,265,3,2,4,6,0,0,0,0,0,0,0,0,0,0,0,0,0,0,0,19.2
00-0033106,J.Goff,Jared Goff,QB,QB,DET,2022,10,REG,CHI,19,26,236,1,0,4,14,0,0,0,0,0,0,0,0,0,0,0,0,0,0,0,14.84
00-0033110,T.Higbee,Tyler Higbee,TE,TE,LA,2022,10,REG,ARI,0,0,0,0,0,0,0,0,8,8,73,0,23,0.216216216216216,0.0942622950819672,0,0,0,0,0,0,0,15.3
00-0033119,J.Brissett,Jacoby Brissett,QB,QB,CLE,2022,10,REG,MIA,22,35,212,1,0,7,40,0,0,0,0,0,0,0,0,0,0,0,0,0,0,0,16.48
00-0033251,Z.Pascal,Zach Pascal,WR,WR,PHI,2022,10,REG,WAS,0,0,0,0,0,0,0,0,1,2,10,0,10,0.08,0.0480769230769231,0,0,0,0,0,0,0,2
00-0033275,P.Walker,P.J. Walker,QB,QB,CAR,2022,10,REG,ATL,10,16,108,0,0,3,14,0,0,0,0,0,0,0,0,0,0,0,0,0,0,0,5.72
00-0033280,C.McCaffrey,Christian McCaffrey,RB,RB,SF,2022,10,REG,LAC,0,0,0,0,0,14,38,1,4,6,39,0,18,0.214285714285714,0.0989010989010989,0,0,0,0,0,0,0,17.7
00-0033282,C.Samuel,Curtis Samuel,WR,WR,WAS,2022,10,REG,PHI,0,0,0,0,0,4,12,0,2,4,28,0,41,0.16,0.146428571428571,0,0,0,0,0,0,0,6
00-0033288,G.Kittle,George Kittle,TE,TE,SF,2022,10,REG,LAC,0,0,0,0,0,0,0,0,1,2,21,0,23,0.0714285714285714,0.126373626373626,0,0,0,0,0,0,0,3.1
00-0033293,A.Jones,Aaron Jones,RB,RB,GB,2022,10,REG,DAL,0,0,0,0,0,24,138,1,2,2,18,0,0,0.105263157894737,0,0,0,0,0,0,0,0,23.6
00-0033308,M.Breida,Matt Breida,RB,RB,NYG,2022,10,REG,HOU,0,0,0,0,0,6,20,0,0,0,0,0,0,0,0,0,0,0,0,0,0,0,2
00-0033357,T.Hill,Taysom Hill,TE,TE,NO,2022,10,REG,PIT,0,1,0,0,0,3,1,0,0,0,0,0,0,0,0,0,0,0,0,0,0,0,0.1
00-0033367,C.Board,C.J. Board,WR,WR,TEN,2022,10,REG,DEN,0,0,0,0,0,0,0,0,0,0,0,0,0,0,0,0,0,0,0,0,0,0,0
00-0033439,P.Brown,Pharaoh Brown,TE,TE,CLE,2022,10,REG,MIA,0,0,0,0,0,0,0,0,2,5,13,0,19,0.147058823529412,0.059190031152648,0,0,0,0,0,0,0,3.3
00-0033466,I.McKenzie,Isaiah McKenzie,WR,WR,BUF,2022,10,REG,MIN,0,0,0,0,0,1,18,0,4,4,37,0,20,0.0975609756097561,0.0557103064066852,0,0,0,0,0,0,0,9.5
00-0033553,J.Conner,James Conner,RB,RB,ARI,2022,10,REG,LA,0,0,0,0,0,21,69,2,3,3,17,0,-6,0.0857142857142857,-0.0288461538461538,0,0,0,0,0,0,0,23.6
00-0033555,M.Hollins,Mack Hollins,WR,WR,LV,2022,10,REG,IND,0,0,0,0,0,1,0,0,2,6,18,0,140,0.157894736842105,0.448717948717949,0,0,0,0,0,0,0,3.8
00-0033572,J.Agnew,Jamal Agnew,WR,WR,JAX,2022,10,REG,KC,0,0,0,0,0,0,0,0,3,4,4,0,5,0.102564102564103,0.0173611111111111,0,0,0,0,0,0,0,3.4
00-0033576,E.Saubert,Eric Saubert,TE,TE,DEN,2022,10,REG,TEN,0,0,0,0,0,0,0,0,1,1,12,0,-1,0.0256410256410256,-0.00229885057471264,0,0,0,0,0,0,0,2.2
00-0033591,N.Brown,Noah Brown,WR,WR,DAL,2022,10,REG,GB,0,0,0,0,0,0,0,0,1,4,3,0,34,0.0909090909090909,0.100890207715134,0,0,0,0,0,0,0,1.3
00-0033681,K.Cole,Keelan Cole,WR,WR,LV,2022,10,REG,IND,0,0,0,0,0,0,0,0,0,2,0,0,13,0.0526315789473684,0.0416666666666667,0,0,0,0,0,0,0,0
00-0033699,A.Ekeler,Austin Ekeler,RB,RB,LAC,2022,10,REG,SF,0,0,0,0,0,6,24,0,7,12,39,0,-15,0.342857142857143,-0.0728155339805825,0,0,0,0,0,0,0,13.3
00-0033757,R.Tonyan,Robert Tonyan,TE,TE,GB,2022,10,REG,DAL,0,0,0,0,0,0,0,0,1,1,8,0,7,0.0526315789473684,0.0309734513274336,0,0,0,0,0,0,0,1.8
00-0033854,D.Ogunbowale,Dare Ogunbowale,RB,RB,HOU,2022,10,REG,NYG,0,0,0,0,0,0,0,0,1,1,13,0,3,0.027027027027027,0.0116279069767442,0,0,0,0,0,0,0,2.3
00-0033856,L.Fournette,Leonard Fournette,RB,RB,TB,2022,10,REG,SEA,0,1,0,0,1,14,57,1,1,1,1,0,-5,0.0344827586206897,-0.0189393939393939,0,0,0,0,0,0,0,10.8
00-0033857,J.Smith-Schuster,JuJu Smith-Schuster,WR,WR,KC,2022,10,REG,JAX,0,0,0,0,0,0,0,0,2,4,33,0,46,0.114285714285714,0.178294573643411,0,0,0,0,0,0,0,5.3
00-0033873,P.Mahomes,Patrick Mahomes,QB,QB,KC,2022,10,REG,JAX,26,35,331,4,1,7,39,0,0,0,0,0,0,0,0,0,0,0,0,0,0,0,31.14
00-0033879,O.Howard,O.J. Howard,TE,TE,HOU,2022,10,REG,NYG,0,0,0,0,0,0,0,0,0,1,0,0,2,0.027027027027027,0.00775193798449612,0,0,0,0,0,0,0,0
00-0033881,E.Engram,Evan Engram,TE,TE,JAX,2022,10,REG,KC,0,0,0,0,0,0,0,0,3,4,14,0,30,0.102564102564103,0.104166666666667,0,0,0,0,0,0,0,4.4
00-0033891,Z.Jones,Zay Jones,WR,WR,JAX,2022,10,REG,KC,0,0,0,0,0,0,0,0,8,10,68,0,86,0.256410256410256,0.298611111111111,0,0,0,0,0,0,0,14.8
00-0033893,D.Cook,Dalvin Cook,RB,RB,MIN,2022,10,REG,BUF,0,0,0,0,0,14,119,1,3,5,27,0,-3,0.1,-0.00697674418604651,0,0,0,0,0,0,0,23.6
00-0033895,G.Everett,Gerald Everett,TE,TE,LAC,2022,10,REG,SF,0,0,0,0,0,0,0,0,2,2,23,0,13,0.0571428571428571,0.0631067961165049,0,0,0,0,0,0,0,4.3
00-0033906,A.Kamara,Alvin Kamara,RB,RB,NO,2022,10,REG,PIT,0,0,0,0,0,8,26,0,3,4,19,0,5,0.142857142857143,0.0185185185185185,0,0,0,0,0,0,0,7.5
00-0033908,C.Kupp,Cooper Kupp,WR,WR,LA,2022,10,REG,ARI,0,0,0,0,0,0,0,0,3,5,-1,0,19,0.135135135135135,0.0778688524590164,0,0,0,0,0,0,0,2.9
00-0033921,C.Godwin,Chris Godwin,WR,WR,TB,2022,10,REG,SEA,0,0,0,0,0,0,0,0,6,8,71,1,64,0.275862068965517,0.242424242424242,0,0,0,0,0,0,0,19.1
00-0033923,K.Hunt,Kareem Hunt,RB,RB,CLE,2022,10,REG,MIA,0,0,0,0,0,6,9,0,1,1,10,0,-3,0.0294117647058824,-0.00934579439252336,0,0,0,0,0,0,0,2.9
00-0033925,D.Foreman,D'Onta Foreman,RB,RB,CAR,2022,10,REG,ATL,0,0,0,0,0,31,130,1,0,1,0,0,7,0.0625,0.0786516853932584,0,0,0,0,0,0,0,19
00-0033932,K.Golladay,Kenny Golladay,WR,WR,NYG,2022,10,REG,HOU,0,0,0,0,0,0,0,0,0,2,0,0,19,0.117647058823529,0.197916666666667,0,0,0,0,0,0,0,0
00-0033948,Ja.Williams,Jamaal Williams,RB,RB,DET,2022,10,REG,CHI,0,0,0,0,0,16,59,1,0,0,0,0,0,0,0,0,0,0,0,0,0,0,11.9
00-0034011,D.Arnold,Dan Arnold,TE,TE,JAX,2022,10,REG,KC,0,0,0,0,0,0,0,0,1,1,8,0,5,0.0256410256410256,0.0173611111111111,0,0,0,0,0,0,0,1.8
00-0034104,C.Sims,Cam Sims,WR,WR,WAS,2022,10,REG,PHI,0,0,0,0,0,0,0,0,0,1,0,0,13,0.04,0.0464285714285714,0,0,0,0,0,0,0,0
00-0034115,J.Wilson,Jeffery Wilson,RB,RB,MIA,2022,10,REG,CLE,0,0,0,0,0,17,119,1,2,5,24,0,1,0.151515151515152,0.00411522633744856,0,0,0,0,0,0,0,22.3
00-0034159,W.Dissly,Will Dissly,TE,TE,SEA,2022,10,REG,TB,0,0,0,0,0,0,0,0,2,2,28,0,10,0.0606060606060606,0.0393700787401575,0,0,0,0,0,0,0,4.8
00-0034193,K.Rader,Kevin Rader,TE,TE,TEN,2022,10,REG,DEN,0,0,0,0,0,0,0,0,0,0,0,0,0,0,0,0,0,0,0,0,0,0,0
00-0034253,D.Hilliard,Dontrell Hilliard,RB,RB,TEN,2022,10,REG,DEN,0,0,0,0,0,1,2,0,1,2,6,0,-5,0.0555555555555556,-0.0202429149797571,0,0,0,0,0,0,0,1.8
00-0034272,M.Valdes-Scantling,Marquez Valdes-Scantling,WR,WR,KC,2022,10,REG,JAX,0,0,0,0,0,0,0,0,3,4,60,1,70,0.114285714285714,0.271317829457364,0,0,0,0,0,0,0,15
00-0034279,E.St. Brown,Equanimeous St. Brown,WR,WR,CHI,2022,10,REG,DET,0,0,0,0,0,2,9,0,0,0,0,0,0,0,0,0,0,0,0,0,0,0,0.9
00-0034297,B.Pringle,Byron Pringle,WR,WR,CHI,2022,10,REG,DET,0,0,0,0,0,0,0,0,1,2,12,0,26,0.111111111111111,0.131313131313131,0,0,0,0,0,0,0,2.2
00-0034348,C.Sutton,Courtland Sutton,WR,WR,DEN,2022,10,REG,TEN,0,0,0,0,0,0,0,0,6,11,66,0,120,0.282051282051282,0.275862068965517,0,0,0,0,0,0,0,12.6
00-0034351,D.Goedert,Dallas Goedert,TE,TE,PHI,2022,10,REG,WAS,0,0,0,0,0,0,0,0,3,3,23,1,10,0.12,0.0480769230769231,0,0,1,0,0,0,0,9.3
00-0034364,J.Akins,Jordan Akins,TE,TE,HOU,2022,10,REG,NYG,0,0,0,0,0,0,0,0,3,3,72,0,11,0.0810810810810811,0.0426356589147287,0,0,0,0,0,0,0,10.2
00-0034366,K.Coutee,Keke Coutee,WR,WR,IND,2022,10,REG,LV,0,0,0,0,0,0,0,0,1,1,20,0,12,0.037037037037037,0.0697674418604651,0,0,1,0,0,0,0,1
00-0034367,N.Hines,Nyheim Miller-Hines,RB,RB,BUF,2022,10,REG,MIN,0,0,0,0,0,0,0,0,1,1,9,0,-4,0.024390243902439,-0.011142061281337,0,0,0,0,0,0,0,1.9
00-0034383,D.Schultz,Dalton Schultz,TE,TE,DAL,2022,10,REG,GB,0,0,0,0,0,0,0,0,6,8,54,1,56,0.181818181818182,0.166172106824926,0,0,0,0,0,0,0,17.4
00-0034386,Ju.Watson,Justin Watson,WR,WR,KC,2022,10,REG,JAX,0,0,0,0,0,0,0,0,1,1,12,0,12,0.0285714285714286,0.0465116279069768,0,0,0,0,0,0,0,2.2
00-0034400,J.Wilkins,Jordan Wilkins,RB,RB,IND,2022,10,REG,LV,0,0,0,0,0,3,18,0,0,0,0,0,0,0,0,0,0,0,0,0,0,0,1.8
00-0034407,R.McCloud,Ray-Ray McCloud,WR,WR,SF,2022,10,REG,LAC,0,0,0,0,0,0,0,0,1,1,33,0,18,0.0357142857142857,0.0989010989010989,0,0,0,0,0,0,0,4.3
00-0034414,B.Scott,Boston Scott,RB,RB,PHI,2022,10,REG,WAS,0,0,0,0,0,1,5,0,0,0,0,0,0,0,0,0,0,0,0,0,0,0,0.5
00-0034418,C.Wilson,Cedrick Wilson,WR,WR,MIA,2022,10,REG,CLE,0,0,0,0,0,0,0,0,1,1,7,0,7,0.0303030303030303,0.0288065843621399,0,0,0,0,0,0,0,1.7
00-0034440,J.Jackson,Justin Jackson,RB,RB,DET,2022,10,REG,CHI,0,0,0,0,0,4,14,0,2,3,14,0,2,0.12,0.0114285714285714,0,0,0,0,0,0,0,4.8
00-0034487,T.Sherfield,Trent Sherfield,WR,WR,MIA,2022,10,REG,CLE,0,0,0,0,0,0,0,0,4,5,63,1,50,0.151515151515152,0.205761316872428,0,0,0,0,0,0,0,16.3
00-0034521,A.Lazard,Allen Lazard,WR,WR,GB,2022,10,REG,DAL,0,0,0,0,0,0,0,0,3,4,45,0,7,0.210526315789474,0.0309734513274336,0,0,0,0,0,0,0,7.5
00-0034613,T.Hudson,Tanner Hudson,TE,TE,NYG,2022,10,REG,HOU,0,0,0,0,0,0,0,0,3,3,24,0,14,0.176470588235294,0.145833333333333,0,0,0,0,0,0,0,5.4
00-0034646,B.Powell,Brandon Powell,WR,WR,LA,2022,10,REG,ARI,0,0,0,0,0,1,7,0,0,1,0,0,32,0.027027027027027,0.131147540983607,0,0,0,0,0,0,0,0.7
00-0034681,C.Edmonds,Chase Edmonds,RB,RB,DEN,2022,10,REG,TEN,0,0,0,0,0,2,9,0,1,2,0,0,-5,0.0512820512820513,-0.0114942528735632,0,0,0,0,0,0,0,1.9
00-0034764,M.Gallup,Michael Gallup,WR,WR,DAL,2022,10,REG,GB,0,0,0,0,0,0,0,0,4,7,35,0,74,0.159090909090909,0.219584569732938,0,0,0,0,0,0,0,7.5
00-0034765,T.Smith,Tre'Quan Smith,WR,WR,NO,2022,10,REG,PIT,0,0,0,0,0,0,0,0,0,0,0,0,0,0,0,0,0,0,0,0,0,0,0
00-0034775,C.Kirk,Christian Kirk,WR,WR,JAX,2022,10,REG,KC,0,0,0,0,0,0,0,0,9,12,105,2,101,0.307692307692308,0.350694444444444,0,0,0,0,0,0,0,31.5
00-0034791,N.Chubb,Nick Chubb,RB,RB,CLE,2022,10,REG,MIA,0,0,0,0,0,11,63,1,3,4,18,0,10,0.117647058823529,0.0311526479750779,0,1,0,0,0,0,0,15.1
00-0034798,D.Smythe,Durham Smythe,TE,TE,MIA,2022,10,REG,CLE,0,0,0,0,0,1,0,0,0,0,0,0,0,0,0,0,0,0,0,0,0,0,0
00-0034827,D.Moore,D.J. Moore,WR,WR,CAR,2022,10,REG,ATL,0,0,0,0,0,0,0,0,4,6,29,0,53,0.375,0.595505617977528,0,0,0,0,0,0,0,6.9
00-0034829,M.Gesicki,Mike Gesicki,TE,TE,MIA,2022,10,REG,CLE,0,0,0,0,0,0,0,0,2,3,31,0,27,0.0909090909090909,0.111111111111111,0,0,0,0,0,0,0,5.1
00-0034844,S.Barkley,Saquon Barkley,RB,RB,NYG,2022,10,REG,HOU,0,0,0,0,0,35,152,1,1,1,8,0,-1,0.0588235294117647,-0.0104166666666667,0,0,0,0,0,0,0,23
00-0034845,S.Michel,Sony Michel,RB,RB,LAC,2022,10,REG,SF,0,0,0,0,0,1,2,0,0,0,0,0,0,0,0,0,0,0,0,0,0,0,0.2
00-0034854,K.Hodge,KhaDarel Hodge,WR,WR,ATL,2022,10,REG,CAR,0,0,0,0,0,0,0,0,2,2,37,1,36,0.0689655172413793,0.102857142857143,0,0,0,0,0,0,0,11.7
00-0034857,J.Allen,Josh Allen,QB,QB,BUF,2022,10,REG,MIN,29,43,330,1,2,6,84,0,0,0,0,0,0,0,0,0,1,0,0,0,0,0,19.6
00-0034860,D.Pettis,Dante Pettis,WR,WR,CHI,2022,10,REG,DET,0,0,0,0,0,1,8,0,1,1,9,0,9,0.0555555555555556,0.0454545454545455,0,0,0,0,0,0,0,2.7
00-0034899,J.Wolford,John Wolford,QB,QB,LA,2022,10,REG,ARI,24,36,212,1,1,3,3,0,0,0,0,0,0,0,0,1,0,0,0,0,0,0,8.78
00-0034928,S.Sims,Steven Sims,WR,WR,PIT,2022,10,REG,NO,0,0,0,0,0,2,2,0,1,2,15,0,-6,0.0769230769230769,-0.0271493212669683,0,0,0,0,0,0,0,2.7
00-0034930,T.Benson,Trinity Benson,WR,WR,DET,2022,10,REG,CHI,0,0,0,0,0,0,0,0,0,0,0,0,0,0,0,0,0,0,0,0,0,0,0
00-0034972,A.Mattison,Alexander Mattison,RB,RB,MIN,2022,10,REG,BUF,0,0,0,0,0,3,11,0,1,1,8,0,-4,0.02,-0.00930232558139535,0,0,0,0,0,0,0,2.9
00-0034981,F.Moreau,Foster Moreau,TE,TE,LV,2022,10,REG,IND,0,0,0,0,0,0,0,0,3,4,43,1,32,0.105263157894737,0.102564102564103,0,0,0,0,0,0,0,13.3
00-0035022,P.Hart,Penny Hart,WR,WR,SEA,2022,10,REG,TB,0,0,0,0,0,0,0,0,0,0,0,0,0,0,0,0,0,0,0,0,0,0,0
00-0035208,O.Zaccheaus,Olamide Zaccheaus,WR,WR,ATL,2022,10,REG,CAR,0,0,0,0,0,0,0,0,2,4,34,0,65,0.137931034482759,0.185714285714286,0,0,0,0,0,0,0,5.4
00-0035216,D.Johnson,Diontae Johnson,WR,WR,PIT,2022,10,REG,NO,0,0,0,0,0,0,0,0,4,5,63,0,81,0.192307692307692,0.366515837104072,0,0,0,0,0,0,0,10.3
00-0035217,B.Snell,Benny Snell,RB,RB,PIT,2022,10,REG,NO,0,0,0,0,0,0,0,0,0,0,0,0,0,0,0,0,0,0,0,0,0,0,0
00-0035222,Z.Gentry,Zach Gentry,TE,TE,PIT,2022,10,REG,NO,0,0,0,0,0,0,0,0,0,1,0,0,0,0.0384615384615385,0,0,0,0,0,0,0,0,0
00-0035229,T.Hockenson,T.J. Hockenson,TE,TE,MIN,2022,10,REG,BUF,0,0,0,0,0,0,0,0,7,10,45,0,51,0.2,0.118604651162791,0,0,0,0,0,0,0,11.5
00-0035243,M.Sanders,Miles Sanders,RB,RB,PHI,2022,10,REG,WAS,0,0,0,0,0,12,54,0,0,1,0,0,-3,0.04,-0.0144230769230769,0,0,0,0,0,0,0,5.4
00-0035250,D.Singletary,Devin Singletary,RB,RB,BUF,2022,10,REG,MIN,0,0,0,0,0,13,47,2,1,2,0,0,-4,0.0487804878048781,-0.011142061281337,0,1,0,0,0,0,0,15.7
00-0035259,T.Wesco,Trevon Wesco,TE,TE,CHI,2022,10,REG,DET,0,0,0,0,0,0,0,0,0,1,0,0,7,0.0555555555555556,0.0353535353535354,0,0,0,0,0,0,0,0
00-0035261,T.Pollard,Tony Pollard,RB,RB,DAL,2022,10,REG,GB,0,0,0,0,0,22,115,1,3,6,13,0,-7,0.136363636363636,-0.0207715133531157,0,0,0,0,0,0,0,21.8
00-0035273,Q.Ollison,Qadree Ollison,RB,RB,DAL,2022,10,REG,GB,0,0,0,0,0,0,0,0,0,0,0,0,0,0,0,0,0,0,0,0,0,0,0
00-0035298,S.Miller,Scott Miller,WR,WR,TB,2022,10,REG,SEA,0,0,0,0,0,0,0,0,2,2,25,0,25,0.0689655172413793,0.0946969696969697,0,0,0,0,0,0,0,4.5
00-0035345,C.Myarick,Chris Myarick,TE,TE,NYG,2022,10,REG,HOU,0,0,0,0,0,0,0,0,0,1,0,0,-4,0.0588235294117647,-0.0416666666666667,0,0,0,0,0,0,0,0
00-0035500,G.Dortch,Greg Dortch,WR,WR,ARI,2022,10,REG,LA,0,0,0,0,0,0,0,0,0,0,0,0,0,0,0,0,0,0,0,0,0,0,0
00-0035535,D.Slayton,Darius Slayton,WR,WR,NYG,2022,10,REG,HOU,0,0,0,0,0,0,0,0,3,4,95,1,34,0.235294117647059,0.354166666666667,0,0,0,0,0,0,0,18.5
00-0035544,T.Kennedy,Tom Kennedy,WR,WR,DET,2022,10,REG,CHI,0,0,0,0,0,0,0,0,1,2,44,0,21,0.08,0.12,0,0,0,0,0,0,0,5.4
00-0035547,J.Fortson,Joseph Fortson,TE,TE,KC,2022,10,REG,JAX,0,0,0,0,0,0,0,0,1,1,6,0,1,0.0285714285714286,0.00387596899224806,0,0,0,0,0,0,0,1.6
00-0035572,P.Hesse,Parker Hesse,TE,TE,ATL,2022,10,REG,CAR,0,0,0,0,0,0,0,0,0,0,0,0,0,0,0,0,0,0,0,0,0,0,0
00-0035594,T.Homer,Travis Homer,RB,RB,SEA,2022,10,REG,TB,0,0,0,0,0,0,0,0,0,0,0,0,0,0,0,0,0,0,0,0,0,0,0
00-0035628,D.Johnson,D'Ernest Johnson,RB,RB,CLE,2022,10,REG,MIA,0,0,0,0,0,0,0,0,1,1,-2,0,-5,0.0294117647058824,-0.0155763239875389,0,0,0,0,0,0,0,0.8
00-0035639,P.Campbell,Parris Campbell,WR,WR,IND,2022,10,REG,LV,0,0,0,0,0,0,0,0,7,9,76,1,30,0.333333333333333,0.174418604651163,0,0,0,0,0,0,0,20.6
00-0035640,D.Metcalf,DK Metcalf,WR,WR,SEA,2022,10,REG,TB,0,0,0,0,0,0,0,0,6,9,71,0,96,0.272727272727273,0.377952755905512,0,0,0,0,0,0,0,13.1
00-0035644,N.Fant,Noah Fant,TE,TE,SEA,2022,10,REG,TB,0,0,0,0,0,0,0,0,3,4,34,0,39,0.121212121212121,0.153543307086614,0,0,0,0,0,0,0,6.4
00-0035645,G.Olszewski,Gunner Olszewski,WR,WR,PIT,2022,10,REG,NO,0,0,0,0,0,0,0,0,1,1,4,0,-3,0.0384615384615385,-0.0135746606334842,0,0,0,0,0,0,0,1.4
00-0035659,T.McLaurin,Terry McLaurin,WR,WR,WAS,2022,10,REG,PHI,0,0,0,0,0,0,0,0,8,11,128,0,188,0.44,0.671428571428571,0,0,0,0,0,0,0,20.8
00-0035664,D.Henderson,Darrell Henderson,RB,RB,LA,2022,10,REG,ARI,0,0,0,0,0,6,21,1,1,1,11,0,2,0.027027027027027,0.00819672131147541,0,0,0,0,0,0,0,10.2
00-0035676,A.Brown,A.J. Brown,WR,WR,PHI,2022,10,REG,WAS,0,0,0,0,0,0,0,0,1,4,7,0,63,0.16,0.302884615384615,0,0,0,0,0,0,0,1.7
00-0035685,D.Montgomery,David Montgomery,RB,RB,CHI,2022,10,REG,DET,0,0,0,0,0,9,37,0,1,1,7,0,5,0.0555555555555556,0.0252525252525253,0,0,0,0,0,0,0,5.4
00-0035689,D.Knox,Dawson Knox,TE,TE,BUF,2022,10,REG,MIN,0,0,0,0,0,0,0,0,4,6,57,0,58,0.146341463414634,0.161559888579387,0,0,0,0,0,0,0,9.7
00-0035700,J.Jacobs,Josh Jacobs,RB,RB,LV,2022,10,REG,IND,0,0,0,0,0,21,78,1,6,8,28,0,6,0.210526315789474,0.0192307692307692,0,0,0,0,0,0,0,22.6
00-0035710,D.Jones,Daniel Jones,QB,QB,NYG,2022,10,REG,HOU,13,17,197,2,0,5,24,0,0,0,0,0,0,0,0,0,0,0,0,0,0,0,18.28
00-0035719,D.Samuel,Deebo Samuel,WR,WR,SF,2022,10,REG,LAC,0,0,0,0,0,4,27,0,2,6,24,0,30,0.214285714285714,0.164835164835165,0,0,0,0,0,0,0,7.1
00-0035787,J.Pinkney,Jared Pinkney,TE,TE,LA,2022,10,REG,ARI,0,0,0,0,0,0,0,0,0,0,0,0,0,0,0,0,0,0,0,0,0,0,0
00-0035806,J.Hasty,Jamycal Hasty,RB,RB,JAX,2022,10,REG,KC,0,0,0,0,0,1,4,0,1,2,-1,0,-8,0.0512820512820513,-0.0277777777777778,0,0,0,0,0,0,0,1.3
00-0035864,K.Hinton,Kendall Hinton,WR,WR,DEN,2022,10,REG,TEN,0,0,0,0,0,0,0,0,4,5,62,0,42,0.128205128205128,0.096551724137931,0,0,0,0,0,0,0,10.2
00-0035939,B.Perkins,Bryce Perkins,QB,QB,LA,2022,10,REG,ARI,1,1,-3,0,0,3,4,0,0,0,0,0,0,0,0,0,0,0,0,0,0,0,0.28
00-0035956,G.Ricci,Giovanni Ricci,TE,TE,CAR,2022,10,REG,ATL,0,0,0,0,0,0,0,0,1,1,2,0,0,0.0625,0,0,0,0,0,0,0,0,1.2
00-0036020,S.Ahmed,Salvon Ahmed,RB,RB,MIA,2022,10,REG,CLE,0,0,0,0,0,3,11,0,0,0,0,0,0,0,0,0,0,0,0,0,0,0,1.1
00-0036032,S.McKeon,Sean McKeon,TE,TE,DAL,2022,10,REG,GB,0,0,0,0,0,0,0,0,1,2,1,0,-2,0.0454545454545455,-0.00593471810089021,0,0,0,0,0,0,0,1.1
00-0036040,J.Johnson,Juwan Johnson,TE,TE,NO,2022,10,REG,PIT,0,0,0,0,0,0,0,0,5,7,44,1,69,0.25,0.255555555555556,0,0,0,0,0,0,0,15.4
00-0036145,L.Cager,Lawrence Cager,TE,TE,NYG,2022,10,REG,HOU,0,0,0,0,0,0,0,0,2,2,9,1,-2,0.117647058823529,-0.0208333333333333,0,0,0,0,0,0,0,8.9
00-0036165,I.Hodgins,Isaiah Hodgins,WR,WR,NYG,2022,10,REG,HOU,0,0,0,0,0,0,0,0,2,2,41,0,29,0.117647058823529,0.302083333333333,0,0,0,0,0,0,0,6.1
00-0036182,N.Westbrook-Ikhine,Nick Westbrook-Ikhine,WR,WR,TEN,2022,10,REG,DEN,0,0,0,0,0,0,0,0,5,8,119,2,85,0.222222222222222,0.34412955465587,0,0,0,0,0,0,0,28.9
00-0036196,G.Davis,Gabe Davis,WR,WR,BUF,2022,10,REG,MIN,0,0,0,0,0,0,0,0,6,10,93,1,152,0.24390243902439,0.423398328690808,0,0,0,0,0,0,0,21.3
00-0036212,T.Tagovailoa,Tua Tagovailoa,QB,QB,MIA,2022,10,REG,CLE,25,32,285,3,0,1,0,0,0,0,0,0,0,0,0,0,0,0,0,0,0,0,23.4
00-0036223,J.Taylor,Jonathan Taylor,RB,RB,IND,2022,10,REG,LV,0,0,0,0,0,22,147,1,2,2,16,0,-7,0.0740740740740741,-0.0406976744186047,0,0,0,0,0,0,0,24.3
00-0036232,H.Bryant,Harrison Bryant,TE,TE,CLE,2022,10,REG,MIA,0,0,0,0,0,0,0,0,3,3,15,1,4,0.0882352941176471,0.0124610591900312,0,0,0,0,0,0,0,10.5
00-0036233,D.Peoples-Jones,Donovan Peoples-Jones,WR,WR,CLE,2022,10,REG,MIA,0,0,0,0,0,0,0,0,5,9,99,0,158,0.264705882352941,0.492211838006231,0,0,0,0,0,0,0,14.9
00-0036244,C.Parkinson,Colby Parkinson,TE,TE,SEA,2022,10,REG,TB,0,0,0,0,0,0,0,0,1,3,7,0,29,0.0909090909090909,0.114173228346457,0,0,0,0,0,0,0,1.7
00-0036251,Z.Moss,Zack Moss,RB,RB,IND,2022,10,REG,LV,0,0,0,0,0,1,4,0,0,0,0,0,0,0,0,0,0,0,0,0,0,0,0.4
00-0036252,M.Pittman,Michael Pittman,WR,WR,IND,2022,10,REG,LV,0,0,0,0,0,0,0,0,7,9,53,0,72,0.333333333333333,0.418604651162791,0,0,0,0,0,0,0,12.3
00-0036259,J.Jennings,Jauan Jennings,WR,WR,SF,2022,10,REG,LAC,0,0,0,0,0,0,0,0,4,4,40,0,25,0.142857142857143,0.137362637362637,0,0,0,0,0,0,0,8
00-0036261,B.Aiyuk,Brandon Aiyuk,WR,WR,SF,2022,10,REG,LAC,0,0,0,0,0,0,0,0,6,7,84,0,71,0.25,0.39010989010989,0,0,1,0,0,0,0,12.4
00-0036265,A.Dillon,A.J. Dillon,RB,RB,GB,2022,10,REG,DAL,0,0,0,0,0,13,65,0,0,0,0,0,0,0,0,0,0,0,0,0,0,0,6.5
00-0036268,L.Shenault,Laviska Shenault Jr.,WR,WR,CAR,2022,10,REG,ATL,0,0,0,0,0,2,42,1,3,4,17,0,-14,0.25,-0.157303370786517,0,0,0,0,0,0,0,14.9
00-0036271,Q.Watkins,Quez Watkins,WR,WR,PHI,2022,10,REG,WAS,0,0,0,0,0,0,0,0,4,4,80,0,61,0.16,0.293269230769231,0,0,1,0,0,0,0,10
00-0036275,D.Swift,D'Andre Swift,RB,RB,DET,2022,10,REG,CHI,0,0,0,0,0,6,6,1,1,3,6,0,-3,0.12,-0.0171428571428571,0,0,0,0,0,0,0,8.2
00-0036290,C.Kmet,Cole Kmet,TE,TE,CHI,2022,10,REG,DET,0,0,0,0,0,0,0,0,4,7,74,2,79,0.388888888888889,0.398989898989899,0,0,0,0,0,0,0,23.4
00-0036309,D.Mooney,Darnell Mooney,WR,WR,CHI,2022,10,REG,DET,0,0,0,0,0,0,0,0,4,4,57,0,39,0.222222222222222,0.196969696969697,0,0,0,0,0,0,0,9.7
00-0036322,J.Jefferson,Justin Jefferson,WR,WR,MIN,2022,10,REG,BUF,0,0,0,0,0,0,0,0,10,16,193,1,211,0.32,0.490697674418605,0,0,0,0,0,0,0,35.3
00-0036326,C.Claypool,Chase Claypool,WR,WR,CHI,2022,10,REG,DET,0,0,0,0,0,0,0,0,1,2,8,0,19,0.111111111111111,0.095959595959596,0,0,0,0,0,0,0,1.8
00-0036328,A.Gibson,Antonio Gibson,RB,RB,WAS,2022,10,REG,PHI,0,0,0,0,0,14,44,1,3,3,14,0,-2,0.12,-0.00714285714285714,0,0,0,0,0,0,0,14.8
00-0036345,K.Osborn,K.J. Osborn,WR,WR,MIN,2022,10,REG,BUF,0,0,0,0,0,1,2,0,4,11,35,0,104,0.22,0.241860465116279,0,0,0,0,0,0,0,7.7
00-0036355,J.Herbert,Justin Herbert,QB,QB,LAC,2022,10,REG,SF,21,35,196,1,1,5,22,0,0,0,0,0,0,0,0,0,0,0,0,0,0,0,12.04
00-0036358,C.Lamb,CeeDee Lamb,WR,WR,DAL,2022,10,REG,GB,0,0,0,0,0,0,0,0,11,15,150,2,148,0.340909090909091,0.439169139465875,0,0,0,0,0,0,0,38
00-0036360,C.Edwards-Helaire,Clyde Edwards-Helaire,RB,RB,KC,2022,10,REG,JAX,0,0,0,0,0,0,0,0,0,2,0,0,1,0.0571428571428571,0.00387596899224806,0,0,0,0,0,0,0,0
00-0036383,E.Benjamin,Eno Benjamin,RB,RB,ARI,2022,10,REG,LA,0,0,0,0,0,0,0,0,0,0,0,0,0,0,0,0,0,0,0,0,0,0,0
00-0036387,J.Reagor,Jalen Reagor,WR,WR,MIN,2022,10,REG,BUF,0,0,0,0,0,0,0,0,0,0,0,0,0,0,0,0,0,0,0,0,0,0,0
00-0036389,J.Hurts,Jalen Hurts,QB,QB,PHI,2022,10,REG,WAS,17,26,175,2,1,6,28,1,0,0,0,0,0,0,0,0,0,0,0,0,0,0,21.8
00-0036407,J.Jeudy,Jerry Jeudy,WR,WR,DEN,2022,10,REG,TEN,0,0,0,0,0,0,0,0,0,1,0,0,41,0.0256410256410256,0.0942528735632184,0,0,0,0,0,0,0,0
00-0036414,C.Akers,Cam Akers,RB,RB,LA,2022,10,REG,ARI,0,0,0,0,0,6,22,0,0,1,0,0,6,0.027027027027027,0.0245901639344262,0,0,0,0,0,0,0,2.2
00-0036415,V.Jefferson,Van Jefferson,WR,WR,LA,2022,10,REG,ARI,0,0,0,0,0,0,0,0,3,3,27,1,23,0.0810810810810811,0.0942622950819672,0,0,0,0,0,0,0,11.7
00-0036422,A.Trautman,Adam Trautman,TE,TE,NO,2022,10,REG,PIT,0,0,0,0,0,0,0,0,2,3,22,0,14,0.107142857142857,0.0518518518518519,0,0,0,0,0,0,0,4.2
00-0036424,B.Hopkins,Brycen Hopkins,TE,TE,LA,2022,10,REG,ARI,0,0,0,0,0,0,0,0,1,2,11,0,16,0.0540540540540541,0.0655737704918033,0,0,0,0,0,0,0,2.1
00-0036425,D.Dallas,DeeJay Dallas,RB,RB,SEA,2022,10,REG,TB,0,0,0,0,0,0,0,0,0,0,0,0,0,0,0,0,0,0,0,0,0,0,0
00-0036439,T.Cleveland,Tyrie Cleveland,WR,WR,DEN,2022,10,REG,TEN,0,0,0,0,0,0,0,0,0,3,0,0,68,0.0769230769230769,0.15632183908046,0,0,0,0,0,0,0,0
00-0036450,K.Vaughn,Ke'Shawn Vaughn,RB,RB,TB,2022,10,REG,SEA,0,0,0,0,0,2,2,0,1,1,11,0,-1,0.0344827586206897,-0.00378787878787879,0,0,0,0,0,0,0,2.3
00-0036534,S.Zylstra,Shane Zylstra,TE,TE,DET,2022,10,REG,CHI,0,0,0,0,0,0,0,0,0,1,0,0,18,0.04,0.102857142857143,0,0,0,0,0,0,0,0
00-0036554,N.Collins,Nico Collins,WR,WR,HOU,2022,10,REG,NYG,0,0,0,0,0,0,0,0,5,10,49,1,90,0.27027027027027,0.348837209302326,0,0,0,0,0,0,0,15.9
00-0036555,C.Hubbard,Chuba Hubbard,RB,RB,CAR,2022,10,REG,ATL,0,0,0,0,0,5,14,0,0,0,0,0,0,0,0,0,0,0,0,0,0,0,1.4
00-0036567,E.Mitchell,Elijah Mitchell,RB,RB,SF,2022,10,REG,LAC,0,0,0,0,0,18,89,0,1,2,-1,0,-3,0.0714285714285714,-0.0164835164835165,0,0,0,0,0,0,0,9.8
00-0036569,G.Brightwell,Gary Brightwell,RB,RB,NYG,2022,10,REG,HOU,0,0,0,0,0,0,0,0,0,0,0,0,0,0,0,0,0,0,0,0,0,0,0
00-0036572,S.Smith,Shi Smith,WR,WR,CAR,2022,10,REG,ATL,0,0,0,0,0,0,0,0,1,1,17,0,16,0.0625,0.179775280898876,0,0,0,0,0,0,0,2.7
00-0036613,J.Waddle,Jaylen Waddle,WR,WR,MIA,2022,10,REG,CLE,0,0,0,0,0,0,0,0,4,5,66,0,65,0.151515151515152,0.267489711934156,0,0,0,0,0,0,0,10.6
00-0036620,D.Eskridge,D'Wayne Eskridge,WR,WR,SEA,2022,10,REG,TB,0,0,0,0,0,0,0,0,0,0,0,0,0,0,0,0,0,0,0,0,0,0,0
00-0036626,D.Brown,Dyami Brown,WR,WR,WAS,2022,10,REG,PHI,0,0,0,0,0,0,0,0,1,1,15,0,15,0.04,0.0535714285714286,0,0,0,0,0,0,0,2.5
00-0036637,N.Gray,Noah Gray,TE,TE,KC,2022,10,REG,JAX,0,0,0,0,0,0,0,0,2,2,20,1,15,0.0571428571428571,0.0581395348837209,0,0,0,0,0,0,0,10
00-0036671,D.Milne,Dax Milne,WR,WR,WAS,2022,10,REG,PHI,0,0,0,0,0,0,0,0,0,0,0,0,0,0,0,0,0,0,0,0,0,0,0
00-0036741,J.Stoll,Jack Stoll,TE,TE,PHI,2022,10,REG,WAS,0,0,0,0,0,0,0,0,1,1,11,0,11,0.04,0.0528846153846154,0,0,0,0,0,0,0,2.1
00-0036754,B.Wright,Brock Wright,TE,TE,DET,2022,10,REG,CHI,0,0,0,0,0,0,0,0,1,1,2,1,2,0.04,0.0114285714285714,0,0,0,0,0,0,0,7.2
00-0036829,C.Huntley,Caleb Huntley,RB,RB,ATL,2022,10,REG,CAR,0,0,0,0,0,5,32,0,0,0,0,0,0,0,0,0,0,0,0,0,0,0,3.2
00-0036842,K.Nwangwu,Kene Nwangwu,RB,RB,MIN,2022,10,REG,BUF,0,0,0,0,0,0,0,0,0,0,0,0,0,0,0,0,0,0,0,0,0,0,0
00-0036862,B.Skowronek,Ben Skowronek,WR,WR,LA,2022,10,REG,ARI,0,0,0,0,0,0,0,0,2,7,14,0,50,0.189189189189189,0.204918032786885,0,0,0,0,0,0,0,3.4
00-0036876,K.Granson,Kylen Granson,TE,TE,IND,2022,10,REG,LV,0,0,0,0,0,0,0,0,4,4,57,0,28,0.148148148148148,0.162790697674419,0,0,0,0,0,0,0,9.7
00-0036877,J.Darden,Jaelon Darden,WR,WR,TB,2022,10,REG,SEA,0,0,0,0,0,0,0,0,0,0,0,0,0,0,0,0,0,0,0,0,0,0,0
00-0036893,N.Harris,Najee Harris,RB,RB,PIT,2022,10,REG,NO,0,0,0,0,0,20,99,0,0,1,0,0,21,0.0384615384615385,0.0950226244343891,0,0,0,0,0,0,0,9.9
00-0036894,P.Freiermuth,Pat Freiermuth,TE,TE,PIT,2022,10,REG,NO,0,0,0,0,0,0,0,0,4,7,36,0,65,0.269230769230769,0.294117647058824,0,0,0,0,0,0,0,7.6
00-0036898,D.Mills,Davis Mills,QB,QB,HOU,2022,10,REG,NYG,22,37,319,1,1,0,0,0,0,0,0,0,0,0,0,0,0,0,0,0,0,0,14.76
00-0036906,K.Herbert,Khalil Herbert,RB,RB,CHI,2022,10,REG,DET,0,0,0,0,0,10,57,0,0,0,0,0,0,0,0,0,0,0,0,0,0,0,5.7
00-0036912,D.Smith,DeVonta Smith,WR,WR,PHI,2022,10,REG,WAS,0,0,0,0,0,0,0,0,6,8,39,1,47,0.32,0.225961538461538,0,0,0,0,0,0,0,15.9
00-0036913,K.Toney,Kadarius Toney,WR,WR,KC,2022,10,REG,JAX,0,0,0,0,0,2,33,0,4,5,57,1,35,0.142857142857143,0.135658914728682,0,0,0,0,0,0,0,19
00-0036919,K.Gainwell,Kenneth Gainwell,RB,RB,PHI,2022,10,REG,WAS,0,0,0,0,0,1,7,0,1,2,5,0,3,0.08,0.0144230769230769,0,0,0,0,0,0,0,2.2
00-0036936,R.Moore,Rondale Moore,WR,WR,ARI,2022,10,REG,LA,0,0,0,0,0,0,0,0,9,13,94,0,110,0.371428571428571,0.528846153846154,0,0,0,0,0,0,0,18.4
00-0036945,J.Fields,Justin Fields,QB,QB,CHI,2022,10,REG,DET,12,20,167,2,1,13,147,2,0,0,0,0,0,0,0,0,0,0,0,0,0,0,39.38
00-0036950,A.Williams,Avery Williams,RB,RB,ATL,2022,10,REG,CAR,0,0,0,0,0,4,25,0,0,0,0,0,0,0,0,0,0,0,0,0,0,0,2.5
00-0036955,T.Marshall,Terrace Marshall,WR,WR,CAR,2022,10,REG,ATL,0,0,0,0,0,0,0,0,1,2,43,0,22,0.125,0.247191011235955,0,0,0,0,0,0,0,5.3
00-0036959,M.Bandy,Michael Bandy,WR,WR,LAC,2022,10,REG,SF,0,0,0,0,0,0,0,0,0,1,0,0,11,0.0285714285714286,0.0533980582524272,0,0,0,0,0,0,0,0
00-0036963,A.St. Brown,Amon-Ra St. Brown,WR,WR,DET,2022,10,REG,CHI,0,0,0,0,0,1,2,0,10,11,119,0,55,0.44,0.314285714285714,0,0,0,0,0,0,0,22.1
00-0036970,K.Pitts,Kyle Pitts,TE,TE,ATL,2022,10,REG,CAR,0,0,0,0,0,0,0,0,2,8,28,0,135,0.275862068965517,0.385714285714286,0,0,0,0,0,0,0,4.8
00-0036971,T.Lawrence,Trevor Lawrence,QB,QB,JAX,2022,10,REG,KC,29,40,259,2,0,4,26,0,0,0,0,0,0,0,0,0,0,0,0,0,0,0,20.96
00-0036973,T.Etienne,Travis Etienne,RB,RB,JAX,2022,10,REG,KC,0,0,0,0,0,11,45,0,3,3,28,0,-14,0.0769230769230769,-0.0486111111111111,0,0,0,0,0,0,0,10.3
00-0036988,J.Palmer,Josh Palmer,WR,WR,LAC,2022,10,REG,SF,0,0,0,0,0,0,0,0,3,8,44,0,105,0.228571428571429,0.509708737864078,0,0,0,0,0,0,0,7.4
00-0036991,Am.Rodgers,Amari Rodgers,WR,WR,GB,2022,10,REG,DAL,0,0,0,0,0,0,0,0,0,0,0,0,0,0,0,0,0,0,0,0,0,0,0
00-0036999,A.Schwartz,Anthony Schwartz,WR,WR,CLE,2022,10,REG,MIA,0,0,0,0,0,0,0,0,1,1,3,0,1,0.0294117647058824,0.00311526479750779,0,0,0,0,0,0,0,1.3
00-0037005,T.Tremble,Tommy Tremble,TE,TE,CAR,2022,10,REG,ATL,0,0,0,0,0,0,0,0,0,1,0,0,5,0.0625,0.0561797752808989,0,0,0,0,0,0,0,0
00-0037011,T.McKitty,Tre' McKitty,TE,TE,LAC,2022,10,REG,SF,0,0,0,0,0,0,0,0,3,6,21,0,32,0.171428571428571,0.155339805825243,0,0,0,0,0,0,0,5.1
00-0037132,B.Covey,Britain Covey,WR,WR,PHI,2022,10,REG,WAS,0,0,0,0,0,0,0,0,0,0,0,0,0,0,0,0,0,0,0,0,0,0,0
00-0037168,A.Rogers,Armani Rogers,TE,TE,WAS,2022,10,REG,PHI,0,0,0,0,0,0,0,0,0,0,0,0,0,0,0,0,0,0,0,0,0,0,0
00-0037197,I.Pacheco,Isiah Pacheco,RB,RB,KC,2022,10,REG,JAX,0,0,0,0,0,16,82,0,0,0,0,0,0,0,0,0,1,0,0,0,0,0,6.2
00-0037228,J.Warren,Jaylen Warren,RB,RB,PIT,2022,10,REG,NO,0,0,0,0,0,9,37,0,3,3,40,0,4,0.115384615384615,0.0180995475113122,0,0,0,0,0,0,0,10.7
00-0037238,D.London,Drake London,WR,WR,ATL,2022,10,REG,CAR,0,0,0,0,0,0,0,0,5,6,38,1,70,0.206896551724138,0.2,0,0,0,0,0,0,0,14.8
00-0037239,C.Olave,Chris Olave,WR,WR,NO,2022,10,REG,PIT,0,0,0,0,0,0,0,0,3,5,40,0,68,0.178571428571429,0.251851851851852,0,0,0,0,0,0,0,7
00-0037247,G.Pickens,George Pickens,WR,WR,PIT,2022,10,REG,NO,0,0,0,0,0,2,23,1,3,4,32,0,35,0.153846153846154,0.158371040723982,0,0,0,0,0,0,0,14.5
00-0037248,J.Cook,James Cook,RB,RB,BUF,2022,10,REG,MIN,0,0,0,0,0,5,22,0,0,0,0,0,0,0,0,0,0,0,0,0,0,0,2.2
00-0037252,G.Dulcich,Greg Dulcich,TE,TE,DEN,2022,10,REG,TEN,0,0,0,0,0,0,0,0,1,4,11,0,59,0.102564102564103,0.135632183908046,0,0,0,0,0,0,0,2.1
00-0037256,R.White,Rachaad White,RB,RB,TB,2022,10,REG,SEA,0,0,0,0,0,22,105,0,0,0,0,0,0,0,0,0,0,0,0,0,0,0,10.5
00-0037257,Dav.Bell,David Bell,WR,WR,CLE,2022,10,REG,MIA,0,0,0,0,0,0,0,0,3,5,24,0,38,0.147058823529412,0.118380062305296,0,0,0,0,0,0,0,5.4
00-0037258,D.Pierce,Dameon Pierce,RB,RB,HOU,2022,10,REG,NYG,0,0,0,0,0,17,94,0,2,3,28,0,-17,0.0810810810810811,-0.0658914728682171,0,1,0,0,0,0,0,12.2
00-0037261,K.Shakir,Khalil Shakir,WR,WR,BUF,2022,10,REG,MIN,0,0,0,0,0,0,0,0,1,2,6,0,7,0.0487804878048781,0.0194986072423398,0,0,0,0,0,0,0,1.6
00-0037263,T.Allgeier,Tyler Allgeier,RB,RB,ATL,2022,10,REG,CAR,0,0,0,0,0,8,20,0,3,3,-17,0,-18,0.103448275862069,-0.0514285714285714,0,0,0,0,0,0,0,3.3
00-0037267,J.Ford,Jerome Ford,RB,RB,CLE,2022,10,REG,MIA,0,0,0,0,0,0,0,0,0,0,0,0,0,0,0,0,0,0,0,0,0,0,0
00-0037272,M.Washington,Montrell Washington,WR,WR,DEN,2022,10,REG,TEN,0,0,0,0,0,0,0,0,0,1,0,0,39,0.0256410256410256,0.0896551724137931,0,0,0,0,0,0,0,0
00-0037282,J.Mitchell,James Mitchell,TE,TE,DET,2022,10,REG,CHI,0,0,0,0,0,0,0,0,1,1,4,0,4,0.04,0.0228571428571429,0,0,0,0,0,0,0,1.4
00-0037291,J.Nailor,Jalen Nailor,WR,WR,MIN,2022,10,REG,BUF,0,0,0,0,0,0,0,0,0,0,0,0,0,0,0,0,0,0,0,0,0,0,0
00-0037299,K.Ingram,Keaontay Ingram,RB,RB,ARI,2022,10,REG,LA,0,0,0,0,0,1,5,0,0,0,0,0,0,0,0,0,0,0,0,0,0,0,0.5
00-0037300,M.Woods,Mike Woods,WR,WR,CLE,2022,10,REG,MIA,0,0,0,0,0,0,0,0,0,2,0,0,72,0.0588235294117647,0.224299065420561,0,0,0,0,0,0,0,0
00-0037304,Co.Heyward,Connor Heyward,TE,TE,PIT,2022,10,REG,NO,0,0,0,0,0,0,0,0,2,2,9,0,2,0.0769230769230769,0.00904977375565611,0,0,0,0,0,0,0,2.9
00-0037327,S.Thompson,Skylar Thompson,QB,QB,MIA,2022,10,REG,CLE,1,1,17,0,0,3,0,0,0,0,0,0,0,0,0,0,0,0,0,0,0,0,0.68
00-0037331,Z.Horvath,Zander Horvath,RB,RB,LAC,2022,10,REG,SF,0,0,0,0,0,0,0,0,1,1,1,0,1,0.0285714285714286,0.00485436893203884,0,0,0,0,0,0,0,1.1
00-0037387,J.Virgil,Jalen Virgil,WR,WR,DEN,2022,10,REG,TEN,0,0,0,0,0,0,0,0,1,1,66,1,26,0.0256410256410256,0.0597701149425287,0,0,0,0,0,0,0,13.6
00-0037429,R.Blackshear,Raheem Blackshear,RB,RB,CAR,2022,10,REG,ATL,0,0,0,0,0,6,32,0,0,0,0,0,0,0,0,0,0,0,0,0,0,0,3.2
00-0037545,R.Shaheed,Rashid Shaheed,WR,WR,NO,2022,10,REG,PIT,0,0,0,0,0,0,0,0,1,1,12,0,12,0.0357142857142857,0.0444444444444444,0,0,0,0,0,0,0,2.2
00-0037563,M.Davis,Malik Davis,RB,RB,DAL,2022,10,REG,GB,0,0,0,0,0,5,38,0,0,0,0,0,0,0,0,0,0,0,0,0,0,0,3.8
00-0037569,P.Hendershot,Peyton Hendershot,TE,TE,DAL,2022,10,REG,GB,0,0,0,0,0,0,0,0,0,1,0,0,6,0.0227272727272727,0.0178041543026706,0,0,0,0,0,0,0,0
00-0037581,S.Berryhill,Stanley Berryhill,WR,WR,DET,2022,10,REG,CHI,0,0,0,0,0,0,0,0,0,0,0,0,0,0,0,0,0,0,0,0,0,0,0
00-0037617,H.Haskins,Hassan Haskins,RB,RB,TEN,2022,10,REG,DEN,0,0,0,0,0,0,0,0,0,0,0,0,0,0,0,0,0,0,0,0,0,0,0
00-0037664,A.Pierce,Alec Pierce,WR,WR,IND,2022,10,REG,LV,0,0,0,0,0,0,0,0,0,2,0,0,35,0.0740740740740741,0.203488372093023,0,0,0,0,0,0,0,0
00-0037666,J.Tolbert,Jalen Tolbert,WR,WR,DAL,2022,10,REG,GB,0,0,0,0,0,0,0,0,0,0,0,0,0,0,0,0,0,0,0,0,0,0,0
00-0037741,J.Dotson,Jahan Dotson,WR,WR,WAS,2022,10,REG,PHI,0,0,0,0,0,0,0,0,1,1,14,0,9,0.04,0.0321428571428571,0,0,0,0,0,0,0,2.4
00-0037742,T.Burks,Treylon Burks,WR,WR,TEN,2022,10,REG,DEN,0,0,0,0,0,0,0,0,3,6,24,0,20,0.166666666666667,0.0809716599190283,0,0,0,0,0,0,0,5.4
00-0037744,T.McBride,Trey McBride,TE,TE,ARI,2022,10,REG,LA,0,0,0,0,0,0,0,0,1,1,7,0,5,0.0285714285714286,0.0240384615384615,0,0,0,0,0,0,0,1.7
00-0037746,B.Robinson,Brian Robinson,RB,RB,WAS,2022,10,REG,PHI,0,0,0,0,0,26,86,1,0,0,0,0,0,0,0,0,0,0,0,0,0,0,14.6
00-0037801,K.Turpin,Kavontae Turpin,WR,WR,DAL,2022,10,REG,GB,0,0,0,0,0,0,0,0,1,1,9,0,4,0.0227272727272727,0.0118694362017804,0,0,0,0,0,0,0,1.9
00-0037809,C.Okonkwo,Chigoziem Okonkwo,TE,TE,TEN,2022,10,REG,DEN,0,0,0,0,0,0,0,0,1,2,41,0,33,0.0555555555555556,0.133603238866397,0,0,0,0,0,0,0,5.1
00-0037840,K.Williams,Kyren Williams,RB,RB,LA,2022,10,REG,ARI,0,0,0,0,0,1,9,0,3,3,30,0,9,0.0810810810810811,0.0368852459016393,0,0,0,0,0,0,0,6.9
00-0038040,Z.White,Zamir White,RB,RB,LV,2022,10,REG,IND,0,0,0,0,0,2,-1,0,0,0,0,0,0,0,0,0,0,0,0,0,0,0,-0.1
00-0038045,I.Spiller,Isaiah Spiller,RB,RB,LAC,2022,10,REG,SF,0,0,0,0,0,4,3,0,0,0,0,0,0,0,0,0,0,0,0,0,0,0,0.3
00-0038090,S.Moore,Skyy Moore,WR,WR,KC,2022,10,REG,JAX,0,0,0,0,0,0,0,0,1,1,6,0,3,0.0285714285714286,0.0116279069767442,0,0,0,0,0,0,0,1.6
00-0038102,K.Pickett,Kenny Pickett,QB,QB,PIT,2022,10,REG,NO,18,30,199,0,0,8,51,1,0,0,0,0,0,0,0,0,0,0,0,0,0,0,19.06
00-0038117,W.Robinson,Wan'Dale Robinson,WR,WR,NYG,2022,10,REG,HOU,0,0,0,0,0,1,-5,0,2,2,20,0,7,0.117647058823529,0.0729166666666667,0,0,0,0,0,0,0,3.5
00-0038124,C.Watson,Christian Watson,WR,WR,GB,2022,10,REG,DAL,0,0,0,0,0,0,0,0,4,8,107,3,164,0.421052631578947,0.725663716814159,0,0,0,0,0,0,0,32.7
00-0038128,M.Willis,Malik Willis,QB,QB,TEN,2022,10,REG,DEN,0,0,0,0,0,1,-4,0,0,0,0,0,0,0,0,0,1,0,0,0,0,0,-2.4
00-0038129,C.Otton,Cade Otton,TE,TE,TB,2022,10,REG,SEA,0,0,0,0,0,0,0,0,3,3,35,0,30,0.103448275862069,0.113636363636364,0,0,0,0,0,0,0,6.5
00-0038134,K.Walker,Kenneth Walker,RB,RB,SEA,2022,10,REG,TB,0,0,0,0,0,10,17,0,6,8,55,0,-17,0.242424242424242,-0.0669291338582677,0,0,0,0,0,0,0,13.2
00-0023459,A.Rodgers,Aaron Rodgers,QB,QB,GB,2022,11,REG,TEN,24,39,227,2,0,0,0,0,0,0,0,0,0,0,0,0,0,0,1,0,0,0,19.08
00-0026143,M.Ryan,Matt Ryan,QB,QB,IND,2022,11,REG,PHI,23,32,213,0,0,1,1,0,0,0,0,0,0,0,0,0,0,0,0,0,0,0,8.62
00-0026293,M.Slater,Matt Slater,WR,WR,NE,2022,11,REG,NYJ,0,0,0,0,0,0,0,0,0,0,0,0,0,0,0,0,0,0,0,0,0,0,0
00-0026498,M.Stafford,Matthew Stafford,QB,QB,LA,2022,11,REG,NO,11,18,159,2,0,1,4,0,0,0,0,0,0,0,0,0,0,0,0,0,0,0,14.76
00-0027688,C.McCoy,Colt McCoy,QB,QB,ARI,2022,11,REG,SF,24,34,218,0,1,3,6,0,0,0,0,0,0,0,0,0,0,0,0,0,0,0,7.32
00-0027942,A.Green,A.J. Green,WR,WR,ARI,2022,11,REG,SF,0,0,0,0,0,0,0,0,5,9,50,0,92,0.214285714285714,0.362204724409449,0,0,0,0,0,0,0,10
00-0027973,A.Dalton,Andy Dalton,QB,QB,NO,2022,11,REG,LA,21,25,260,3,0,2,-2,0,0,0,0,0,0,0,0,0,0,0,0,0,0,0,22.2
00-0028002,R.Cobb,Randall Cobb,WR,WR,GB,2022,11,REG,TEN,0,0,0,0,0,0,0,0,6,6,73,0,51,0.162162162162162,0.145714285714286,0,0,0,0,0,0,0,13.3
00-0029239,B.Bolden,Brandon Bolden,RB,RB,LV,2022,11,REG,DEN,0,0,0,0,0,0,0,0,1,1,4,0,4,0.027027027027027,0.0113636363636364,0,0,0,0,0,0,0,1.4
00-0029263,R.Wilson,Russell Wilson,QB,QB,DEN,2022,11,REG,LV,24,31,247,0,0,1,8,0,0,0,0,0,0,0,0,0,0,0,0,0,0,0,10.68
00-0029604,K.Cousins,Kirk Cousins,QB,QB,MIN,2022,11,REG,DAL,12,23,105,0,0,0,0,0,0,0,0,0,0,0,0,1,0,0,0,0,0,0,2.2
00-0029701,R.Tannehill,Ryan Tannehill,QB,QB,TEN,2022,11,REG,GB,22,27,333,2,1,3,-3,0,0,0,0,0,0,0,0,0,0,0,0,0,0,0,19.02
00-0030035,A.Thielen,Adam Thielen,WR,WR,MIN,2022,11,REG,DAL,0,0,0,0,0,0,0,0,2,3,25,0,31,0.107142857142857,0.142201834862385,0,0,0,0,0,0,0,4.5
00-0030108,R.Griffin,Ryan Griffin,TE,TE,CHI,2022,11,REG,ATL,0,0,0,0,0,0,0,0,0,0,0,0,0,0,0,0,0,0,0,0,0,0,0
00-0030279,K.Allen,Keenan Allen,WR,WR,LAC,2022,11,REG,KC,0,0,0,0,0,0,0,0,5,8,94,0,97,0.275862068965517,0.39917695473251,0,0,1,0,0,0,0,12.4
00-0030431,R.Woods,Robert Woods,WR,WR,TEN,2022,11,REG,GB,0,0,0,0,0,0,0,0,6,7,69,0,53,0.259259259259259,0.20703125,0,0,0,0,0,0,0,12.9
00-0030506,T.Kelce,Travis Kelce,TE,TE,KC,2022,11,REG,LAC,0,0,0,0,0,0,0,0,6,10,115,3,57,0.32258064516129,0.167647058823529,0,0,0,0,0,0,0,35.5
00-0030513,L.Murray,Latavius Murray,RB,RB,DEN,2022,11,REG,LV,0,0,0,0,0,17,49,1,4,4,23,0,-11,0.142857142857143,-0.0536585365853659,0,0,0,0,0,0,0,17.2
00-0030564,D.Hopkins,DeAndre Hopkins,WR,WR,ARI,2022,11,REG,SF,0,0,0,0,0,0,0,0,9,12,91,0,118,0.285714285714286,0.464566929133858,0,0,0,0,0,0,0,18.1
00-0030578,C.Patterson,Cordarrelle Patterson,RB,RB,ATL,2022,11,REG,CHI,0,0,0,0,0,10,52,0,2,2,7,0,-7,0.111111111111111,-0.0673076923076923,0,1,0,0,0,0,1,11.9
00-0031236,B.Cooks,Brandin Cooks,WR,WR,HOU,2022,11,REG,WAS,0,0,0,0,0,0,0,0,3,6,70,0,89,0.1875,0.332089552238806,0,0,0,0,0,0,0,10
00-0031260,L.Thomas,Logan Thomas,TE,TE,WAS,2022,11,REG,HOU,0,0,0,0,0,0,0,0,5,6,65,0,46,0.260869565217391,0.191666666666667,0,0,0,0,0,0,0,11.5
00-0031280,D.Carr,Derek Carr,QB,QB,LV,2022,11,REG,DEN,23,37,307,2,0,0,0,0,0,0,0,0,0,0,0,0,0,0,0,0,0,0,20.28
00-0031325,S.Watkins,Sammy Watkins,WR,WR,GB,2022,11,REG,TEN,0,0,0,0,0,0,0,0,0,2,0,0,38,0.0540540540540541,0.108571428571429,0,0,0,0,0,0,0,0
00-0031345,J.Garoppolo,Jimmy Garoppolo,QB,QB,SF,2022,11,REG,ARI,20,29,228,4,0,1,3,0,0,0,0,0,0,0,0,0,0,0,0,0,0,0,25.42
00-0031376,J.McKinnon,Jerick McKinnon,RB,RB,KC,2022,11,REG,LAC,0,0,0,0,0,6,24,0,1,1,0,0,-5,0.032258064516129,-0.0147058823529412,0,0,1,0,0,0,0,1.4
00-0031381,D.Adams,Davante Adams,WR,WR,LV,2022,11,REG,DEN,0,0,0,0,0,0,0,0,7,13,141,2,160,0.351351351351351,0.454545454545455,0,0,0,0,0,0,0,33.1
00-0031382,J.Landry,Jarvis Landry,WR,WR,NO,2022,11,REG,LA,0,0,0,0,0,0,0,0,3,4,33,1,37,0.148148148148148,0.158119658119658,0,0,0,0,0,0,0,12.3
00-0031428,Al.Robinson,Allen Robinson,WR,WR,LA,2022,11,REG,NO,0,0,0,0,0,0,0,0,4,5,47,1,61,0.185185185185185,0.219424460431655,0,0,0,0,0,0,0,14.7
00-0031544,A.Cooper,Amari Cooper,WR,WR,CLE,2022,11,REG,BUF,0,0,0,0,0,0,0,0,8,12,113,2,162,0.307692307692308,0.456338028169014,0,0,0,0,0,0,0,31.3
00-0031547,D.Parker,DeVante Parker,WR,WR,NE,2022,11,REG,NYJ,0,0,0,0,0,0,0,0,2,2,19,0,19,0.0740740740740741,0.149606299212598,0,0,0,0,0,0,0,3.9
00-0031549,N.Agholor,Nelson Agholor,WR,WR,NE,2022,11,REG,NYJ,0,0,0,0,0,0,0,0,2,3,18,0,33,0.111111111111111,0.259842519685039,0,0,0,0,0,0,0,3.8
00-0031558,M.Williams,Maxx Williams,TE,TE,ARI,2022,11,REG,SF,0,0,0,0,0,0,0,0,1,1,7,0,3,0.0238095238095238,0.0118110236220472,0,0,0,0,0,0,0,1.7
00-0031585,M.Pruitt,MyCole Pruitt,TE,TE,ATL,2022,11,REG,CHI,0,0,0,0,0,0,0,0,1,1,17,0,4,0.0555555555555556,0.0384615384615385,0,0,0,0,0,0,0,2.7
00-0031588,S.Diggs,Stefon Diggs,WR,WR,BUF,2022,11,REG,CLE,0,0,0,0,0,0,0,0,4,5,48,1,48,0.208333333333333,0.228571428571429,0,0,0,0,0,0,0,14.8
00-0031763,D.Carter,DeAndre Carter,WR,WR,LAC,2022,11,REG,KC,0,0,0,0,0,0,0,0,3,3,33,0,18,0.103448275862069,0.0740740740740741,0,0,0,0,0,0,0,6.3
00-0031800,T.Heinicke,Taylor Heinicke,QB,QB,WAS,2022,11,REG,HOU,15,27,191,0,0,3,2,0,0,0,0,0,0,0,0,0,0,0,0,0,0,0,7.84
00-0031868,D.Byrd,Damiere Byrd,WR,WR,ATL,2022,11,REG,CHI,0,0,0,0,0,0,0,0,2,2,29,0,13,0.111111111111111,0.125,0,0,0,0,0,0,0,4.9
00-0032063,M.Davis,Mike Davis,RB,RB,BAL,2022,11,REG,CAR,0,0,0,0,0,0,0,0,1,1,-3,0,-3,0.03125,-0.0202702702702703,0,0,0,0,0,0,0,0.7
00-0032104,A.Abdullah,Ameer Abdullah,RB,RB,LV,2022,11,REG,DEN,0,0,0,0,0,0,0,0,3,4,5,0,5,0.108108108108108,0.0142045454545455,0,0,0,0,0,0,0,3.5
00-0032134,C.Uzomah,C.J. Uzomah,TE,TE,NYJ,2022,11,REG,NE,0,0,0,0,0,0,0,0,0,0,0,0,0,0,0,0,0,0,0,0,0,0,0
00-0032141,G.Swaim,Geoff Swaim,TE,TE,TEN,2022,11,REG,GB,0,0,0,0,0,0,0,0,1,1,3,0,-4,0.037037037037037,-0.015625,0,0,0,0,0,0,0,1.3
00-0032144,M.Gordon,Melvin Gordon,RB,RB,DEN,2022,11,REG,LV,0,0,0,0,0,8,31,0,5,5,39,0,3,0.178571428571429,0.0146341463414634,0,0,0,0,0,0,0,12
00-0032187,D.Johnson,David Johnson,RB,RB,NO,2022,11,REG,LA,0,0,0,0,0,1,-4,0,1,1,11,0,-1,0.037037037037037,-0.00427350427350427,0,0,0,0,0,0,0,1.7
00-0032208,P.Dorsett,Phillip Dorsett,WR,WR,HOU,2022,11,REG,WAS,0,0,0,0,0,0,0,0,0,1,0,0,28,0.03125,0.104477611940299,0,0,0,0,0,0,0,0
00-0032268,M.Mariota,Marcus Mariota,QB,QB,ATL,2022,11,REG,CHI,13,20,131,1,0,13,25,1,0,0,0,0,0,0,0,0,0,0,0,0,0,0,17.74
00-0032392,A.Hooper,Austin Hooper,TE,TE,TEN,2022,11,REG,GB,0,0,0,0,0,0,0,0,4,4,36,2,32,0.148148148148148,0.125,0,0,0,0,0,0,0,19.6
00-0032398,C.Moore,Chris Moore,WR,WR,HOU,2022,11,REG,WAS,0,0,0,0,0,1,3,0,5,7,20,0,35,0.21875,0.130597014925373,0,0,0,0,0,0,0,7.3
00-0032464,K.Raymond,Kalif Raymond,WR,WR,DET,2022,11,REG,NYG,0,0,0,0,0,1,7,0,3,7,33,0,49,0.28,0.318181818181818,0,0,0,0,0,0,0,7
00-0032725,S.Anderson,Stephen Anderson,TE,TE,ARI,2022,11,REG,SF,0,0,0,0,0,0,0,0,0,1,0,0,22,0.0238095238095238,0.0866141732283465,0,0,0,0,0,0,0,0
00-0032764,D.Henry,Derrick Henry,RB,RB,TEN,2022,11,REG,GB,2,2,4,1,0,28,87,1,2,2,45,0,-7,0.0740740740740741,-0.02734375,0,0,0,0,0,0,0,25.36
00-0032775,D.Robinson,Demarcus Robinson,WR,WR,BAL,2022,11,REG,CAR,0,0,0,0,0,0,0,0,9,9,128,0,88,0.28125,0.594594594594595,0,0,0,0,0,0,0,21.8
00-0033009,T.Boyd,Tyler Boyd,WR,WR,CIN,2022,11,REG,PIT,0,0,0,0,0,0,0,0,2,7,42,0,69,0.189189189189189,0.227722772277228,0,0,0,0,0,0,0,6.2
00-0033045,E.Elliott,Ezekiel Elliott,RB,RB,DAL,2022,11,REG,MIN,0,0,0,0,0,15,42,2,1,1,5,0,2,0.0333333333333333,0.0145985401459854,0,0,0,0,0,0,0,17.7
00-0033077,D.Prescott,Dak Prescott,QB,QB,DAL,2022,11,REG,MIN,22,25,276,2,0,3,16,0,0,0,0,0,0,0,0,0,0,0,0,0,0,0,20.64
00-0033090,H.Henry,Hunter Henry,TE,TE,NE,2022,11,REG,NYJ,0,0,0,0,0,0,0,0,1,1,20,0,4,0.037037037037037,0.031496062992126,0,0,0,0,0,0,0,3
00-0033106,J.Goff,Jared Goff,QB,QB,DET,2022,11,REG,NYG,17,26,165,0,0,4,-1,0,0,0,0,0,0,0,0,0,0,0,0,0,0,0,6.5
00-0033110,T.Higbee,Tyler Higbee,TE,TE,LA,2022,11,REG,NO,0,0,0,0,0,0,0,0,4,8,45,0,52,0.296296296296296,0.18705035971223,0,0,0,0,0,0,0,8.5
00-0033114,Mi.Thomas,Mike Thomas,WR,WR,CIN,2022,11,REG,PIT,0,0,0,0,0,0,0,0,0,1,0,0,6,0.027027027027027,0.0198019801980198,0,0,0,0,0,0,0,0
00-0033118,K.Drake,Kenyan Drake,RB,RB,BAL,2022,11,REG,CAR,0,0,0,0,0,10,46,0,2,4,7,0,-12,0.125,-0.0810810810810811,0,0,0,0,0,0,0,7.3
00-0033119,J.Brissett,Jacoby Brissett,QB,QB,CLE,2022,11,REG,BUF,28,41,324,3,0,7,29,0,0,0,0,0,0,0,0,0,1,0,0,0,0,0,25.86
00-0033217,M.Alie-Cox,Mo Alie-Cox,TE,TE,IND,2022,11,REG,PHI,0,0,0,0,0,0,0,0,1,1,14,0,2,0.032258064516129,0.0103092783505155,0,0,0,0,0,0,0,2.4
00-0033246,J.Mundt,Johnny Mundt,TE,TE,MIN,2022,11,REG,DAL,0,0,0,0,0,0,0,0,1,1,8,0,7,0.0357142857142857,0.0321100917431193,0,0,0,0,0,0,0,1.8
00-0033251,Z.Pascal,Zach Pascal,WR,WR,PHI,2022,11,REG,IND,0,0,0,0,0,0,0,0,1,1,9,0,0,0.0434782608695652,0,0,0,0,0,0,0,0,1.9
00-0033280,C.McCaffrey,Christian McCaffrey,RB,RB,SF,2022,11,REG,ARI,0,0,0,0,0,7,39,0,7,7,67,0,20,0.241379310344828,0.113636363636364,0,0,0,0,0,0,0,17.6
00-0033282,C.Samuel,Curtis Samuel,WR,WR,WAS,2022,11,REG,HOU,0,0,0,0,0,2,18,1,1,2,10,0,0,0.0869565217391304,0,0,0,0,0,0,0,0,9.8
00-0033288,G.Kittle,George Kittle,TE,TE,SF,2022,11,REG,ARI,0,0,0,0,0,0,0,0,4,6,84,2,40,0.206896551724138,0.227272727272727,0,0,0,0,0,0,0,24.4
00-0033292,T.Taylor,Trent Taylor,WR,WR,CIN,2022,11,REG,PIT,0,0,0,0,0,0,0,0,1,1,1,0,3,0.027027027027027,0.0099009900990099,0,0,0,0,0,0,0,1.1
00-0033293,A.Jones,Aaron Jones,RB,RB,GB,2022,11,REG,TEN,0,0,0,0,0,12,40,0,6,7,20,0,-19,0.189189189189189,-0.0542857142857143,0,0,0,0,0,1,0,14
00-0033307,K.Bourne,Kendrick Bourne,WR,WR,NE,2022,11,REG,NYJ,0,0,0,0,0,0,0,0,1,1,8,0,4,0.037037037037037,0.031496062992126,0,0,0,0,0,0,0,1.8
00-0033308,M.Breida,Matt Breida,RB,RB,NYG,2022,11,REG,DET,0,0,0,0,0,3,13,1,1,1,16,0,7,0.025,0.0185676392572944,0,0,0,0,0,0,0,9.9
00-0033319,N.Mullens,Nick Mullens,QB,QB,MIN,2022,11,REG,DAL,5,7,54,0,0,0,0,0,0,0,0,0,0,0,0,0,0,0,0,0,0,0,2.16
00-0033357,T.Hill,Taysom Hill,TE,TE,NO,2022,11,REG,LA,1,3,14,0,0,9,52,0,1,1,8,0,5,0.037037037037037,0.0213675213675214,0,0,0,0,0,0,0,7.56
00-0033367,C.Board,C.J. Board,WR,WR,TEN,2022,11,REG,GB,0,0,0,0,0,0,0,0,0,0,0,0,0,0,0,0,0,0,0,0,0,0,0
00-0033439,P.Brown,Pharaoh Brown,TE,TE,CLE,2022,11,REG,BUF,0,0,0,0,0,0,0,0,0,1,0,0,14,0.0256410256410256,0.0394366197183099,0,0,0,0,0,0,0,0
00-0033466,I.McKenzie,Isaiah McKenzie,WR,WR,BUF,2022,11,REG,CLE,0,0,0,0,0,0,0,0,0,1,0,0,-2,0.0416666666666667,-0.00952380952380953,0,0,0,0,0,0,0,0
00-0033526,S.Perine,Samaje Perine,RB,RB,CIN,2022,11,REG,PIT,0,0,0,0,0,11,30,0,4,4,52,3,-3,0.108108108108108,-0.0099009900990099,0,0,0,0,0,0,0,30.2
00-0033536,M.Williams,Mike Williams,WR,WR,LAC,2022,11,REG,KC,0,0,0,0,0,0,0,0,1,1,15,0,15,0.0344827586206897,0.0617283950617284,0,0,0,0,0,0,0,2.5
00-0033553,J.Conner,James Conner,RB,RB,ARI,2022,11,REG,SF,0,0,0,0,0,14,42,1,2,5,12,0,-14,0.119047619047619,-0.0551181102362205,0,0,0,0,0,0,0,13.4
00-0033555,M.Hollins,Mack Hollins,WR,WR,LV,2022,11,REG,DEN,0,0,0,0,0,0,0,0,6,9,52,0,70,0.243243243243243,0.198863636363636,0,0,0,0,0,0,0,11.2
00-0033576,E.Saubert,Eric Saubert,TE,TE,DEN,2022,11,REG,LV,0,0,0,0,0,0,0,0,2,2,16,0,3,0.0714285714285714,0.0146341463414634,0,0,0,0,0,0,0,3.6
00-0033591,N.Brown,Noah Brown,WR,WR,DAL,2022,11,REG,MIN,0,0,0,0,0,0,0,0,2,2,42,0,36,0.0666666666666667,0.262773722627737,0,0,0,0,0,0,0,6.2
00-0033662,C.Rush,Cooper Rush,QB,QB,DAL,2022,11,REG,MIN,4,5,31,0,0,0,0,0,0,0,0,0,0,0,0,0,0,0,0,0,0,0,1.24
00-0033681,K.Cole,Keelan Cole,WR,WR,LV,2022,11,REG,DEN,0,0,0,0,0,0,0,0,1,2,21,0,63,0.0540540540540541,0.178977272727273,0,0,0,0,0,0,0,3.1
00-0033699,A.Ekeler,Austin Ekeler,RB,RB,LAC,2022,11,REG,KC,0,0,0,0,0,19,83,1,2,2,17,0,4,0.0689655172413793,0.0164609053497942,0,0,0,0,0,0,0,18
00-0033725,C.Clement,Corey Clement,RB,RB,ARI,2022,11,REG,SF,0,0,0,0,0,0,0,0,0,0,0,0,0,0,0,0,0,0,0,0,0,0,0
00-0033757,R.Tonyan,Robert Tonyan,TE,TE,GB,2022,11,REG,TEN,0,0,0,0,0,0,0,0,2,4,19,0,22,0.108108108108108,0.0628571428571429,0,0,0,0,0,0,0,3.9
00-0033854,D.Ogunbowale,Dare Ogunbowale,RB,RB,HOU,2022,11,REG,WAS,0,0,0,0,0,0,0,0,1,1,5,0,-2,0.03125,-0.00746268656716418,0,0,0,0,0,0,0,1.5
00-0033858,J.Smith,Jonnu Smith,TE,TE,NE,2022,11,REG,NYJ,0,0,0,0,0,1,5,0,4,4,40,0,7,0.148148148148148,0.0551181102362205,0,0,0,0,0,0,0,8.5
00-0033873,P.Mahomes,Patrick Mahomes,QB,QB,KC,2022,11,REG,LAC,20,34,329,3,0,4,23,0,0,0,0,0,0,0,0,0,0,0,0,0,0,0,27.46
00-0033879,O.Howard,O.J. Howard,TE,TE,HOU,2022,11,REG,WAS,0,0,0,0,0,0,0,0,1,3,9,0,23,0.09375,0.0858208955223881,0,0,0,0,0,0,0,1.9
00-0033885,D.Njoku,David Njoku,TE,TE,CLE,2022,11,REG,BUF,0,0,0,0,0,0,0,0,2,3,17,0,24,0.0769230769230769,0.0676056338028169,0,0,0,0,0,0,0,3.7
00-0033893,D.Cook,Dalvin Cook,RB,RB,MIN,2022,11,REG,DAL,0,0,0,0,0,11,72,0,0,1,0,0,2,0.0357142857142857,0.0091743119266055,0,0,0,0,0,0,0,7.2
00-0033897,J.Mixon,Joe Mixon,RB,RB,CIN,2022,11,REG,PIT,0,0,0,0,0,7,20,0,3,3,42,0,15,0.0810810810810811,0.0495049504950495,0,0,0,0,0,0,0,9.2
00-0033906,A.Kamara,Alvin Kamara,RB,RB,NO,2022,11,REG,LA,0,0,0,0,0,12,42,0,4,5,47,0,6,0.185185185185185,0.0256410256410256,0,0,0,0,0,0,0,12.9
00-0033923,K.Hunt,Kareem Hunt,RB,RB,CLE,2022,11,REG,BUF,0,0,0,0,0,5,32,0,2,2,22,0,-9,0.0512820512820513,-0.0253521126760563,0,0,0,0,0,0,0,7.4
00-0033925,D.Foreman,D'Onta Foreman,RB,RB,CAR,2022,11,REG,BAL,0,0,0,0,0,11,24,0,0,1,0,0,-2,0.032258064516129,-0.0118343195266272,0,0,0,0,0,0,0,2.4
00-0033932,K.Golladay,Kenny Golladay,WR,WR,NYG,2022,11,REG,DET,0,0,0,0,0,0,0,0,2,2,29,0,27,0.05,0.0716180371352785,0,0,0,0,0,0,0,4.9
00-0033948,Ja.Williams,Jamaal Williams,RB,RB,DET,2022,11,REG,NYG,0,0,0,0,0,17,64,3,0,0,0,0,0,0,0,0,0,0,0,0,0,0,24.4
00-0034104,C.Sims,Cam Sims,WR,WR,WAS,2022,11,REG,HOU,0,0,0,0,0,0,0,0,1,1,17,0,18,0.0434782608695652,0.075,0,0,0,0,0,0,0,2.7
00-0034253,D.Hilliard,Dontrell Hilliard,RB,RB,TEN,2022,11,REG,GB,0,0,0,0,0,1,4,0,1,1,14,1,9,0.037037037037037,0.03515625,0,0,0,0,0,0,0,8.8
00-0034270,T.Conklin,Tyler Conklin,TE,TE,NYJ,2022,11,REG,NE,0,0,0,0,0,0,0,0,2,3,15,0,19,0.15,0.0969387755102041,0,0,0,0,0,0,0,3.5
00-0034272,M.Valdes-Scantling,Marquez Valdes-Scantling,WR,WR,KC,2022,11,REG,LAC,0,0,0,0,0,0,0,0,1,4,18,0,62,0.129032258064516,0.182352941176471,0,0,0,0,0,0,0,2.8
00-0034279,E.St. Brown,Equanimeous St. Brown,WR,WR,CHI,2022,11,REG,ATL,0,0,0,0,0,0,0,0,2,2,24,0,11,0.105263157894737,0.0591397849462366,0,0,0,0,0,0,0,4.4
00-0034286,R.James,Richie James,WR,WR,NYG,2022,11,REG,DET,0,0,0,0,0,0,0,0,3,3,48,1,26,0.075,0.0689655172413793,0,0,0,0,0,0,0,13.8
00-0034297,B.Pringle,Byron Pringle,WR,WR,CHI,2022,11,REG,ATL,0,0,0,0,0,0,0,0,0,0,0,0,0,0,0,0,0,0,0,0,0,0,0
00-0034348,C.Sutton,Courtland Sutton,WR,WR,DEN,2022,11,REG,LV,0,0,0,0,0,0,0,0,5,7,80,0,81,0.25,0.395121951219512,0,0,0,0,0,0,0,13
00-0034364,J.Akins,Jordan Akins,TE,TE,HOU,2022,11,REG,WAS,0,0,0,0,0,0,0,0,2,3,8,0,14,0.09375,0.0522388059701493,0,0,0,0,0,0,0,2.8
00-0034365,I.Thomas,Ian Thomas,TE,TE,CAR,2022,11,REG,BAL,0,0,0,0,0,0,0,0,3,4,24,0,7,0.129032258064516,0.0414201183431953,0,0,0,0,0,0,0,5.4
00-0034366,K.Coutee,Keke Coutee,WR,WR,IND,2022,11,REG,PHI,0,0,0,0,0,0,0,0,0,0,0,0,0,0,0,0,0,0,0,0,0,0,0
00-0034367,N.Hines,Nyheim Miller-Hines,RB,RB,BUF,2022,11,REG,CLE,0,0,0,0,0,1,-8,0,0,1,0,0,7,0.0416666666666667,0.0333333333333333,0,0,0,0,0,0,0,-0.8
00-0034383,D.Schultz,Dalton Schultz,TE,TE,DAL,2022,11,REG,MIN,0,0,0,0,0,0,0,0,3,5,22,0,30,0.166666666666667,0.218978102189781,0,0,0,0,0,0,0,5.2
00-0034386,Ju.Watson,Justin Watson,WR,WR,KC,2022,11,REG,LAC,0,0,0,0,0,0,0,0,3,4,67,0,85,0.129032258064516,0.25,0,0,0,0,0,0,0,9.7
00-0034407,R.McCloud,Ray-Ray McCloud,WR,WR,SF,2022,11,REG,ARI,0,0,0,0,0,0,0,0,0,1,0,0,3,0.0344827586206897,0.0170454545454545,0,0,0,0,0,0,0,0
00-0034414,B.Scott,Boston Scott,RB,RB,PHI,2022,11,REG,IND,0,0,0,0,0,3,8,0,2,2,4,0,-9,0.0869565217391304,-0.0443349753694581,0,0,0,0,0,0,0,3.2
00-0034419,B.Berrios,Braxton Berrios,WR,WR,NYJ,2022,11,REG,NE,0,0,0,0,0,0,0,0,0,1,0,0,-4,0.05,-0.0204081632653061,0,0,0,0,0,0,0,0
00-0034440,J.Jackson,Justin Jackson,RB,RB,DET,2022,11,REG,NYG,0,0,0,0,0,9,66,0,1,1,11,0,3,0.04,0.0194805194805195,0,0,0,0,0,0,0,8.7
00-0034521,A.Lazard,Allen Lazard,WR,WR,GB,2022,11,REG,TEN,0,0,0,0,0,0,0,0,5,11,57,0,165,0.297297297297297,0.471428571428571,0,0,0,0,0,0,0,10.7
00-0034646,B.Powell,Brandon Powell,WR,WR,LA,2022,11,REG,NO,0,0,0,0,0,1,-1,0,2,2,16,0,1,0.0740740740740741,0.00359712230215827,0,0,0,0,0,0,0,3.5
00-0034681,C.Edmonds,Chase Edmonds,RB,RB,DEN,2022,11,REG,LV,0,0,0,0,0,2,6,0,0,0,0,0,0,0,0,0,0,0,0,0,0,0,0.6
00-0034753,M.Andrews,Mark Andrews,TE,TE,BAL,2022,11,REG,CAR,0,0,0,0,0,0,0,0,6,8,63,0,60,0.25,0.405405405405405,0,0,0,0,0,0,0,12.3
00-0034764,M.Gallup,Michael Gallup,WR,WR,DAL,2022,11,REG,MIN,0,0,0,0,0,0,0,0,3,4,41,0,36,0.133333333333333,0.262773722627737,0,0,0,0,0,0,0,7.1
00-0034777,D.Chark,D.J. Chark,WR,WR,DET,2022,11,REG,NYG,0,0,0,0,0,0,0,0,0,1,0,0,29,0.04,0.188311688311688,0,0,0,0,0,0,0,0
00-0034791,N.Chubb,Nick Chubb,RB,RB,CLE,2022,11,REG,BUF,0,0,0,0,0,14,19,0,3,3,48,0,-11,0.0769230769230769,-0.0309859154929577,0,0,0,0,0,0,0,9.7
00-0034796,L.Jackson,Lamar Jackson,QB,QB,BAL,2022,11,REG,CAR,24,33,209,0,1,11,31,1,0,0,0,0,0,0,0,0,0,0,0,0,0,0,15.46
00-0034827,D.Moore,D.J. Moore,WR,WR,CAR,2022,11,REG,BAL,0,0,0,0,0,0,0,0,3,5,24,0,31,0.161290322580645,0.183431952662722,0,0,0,0,0,0,0,5.4
00-0034830,H.Hurst,Hayden Hurst,TE,TE,CIN,2022,11,REG,PIT,0,0,0,0,0,0,0,0,2,3,28,0,28,0.0810810810810811,0.0924092409240924,0,0,0,0,0,0,0,4.8
00-0034844,S.Barkley,Saquon Barkley,RB,RB,NYG,2022,11,REG,DET,0,0,0,0,0,15,22,0,2,5,13,0,9,0.125,0.0238726790450928,0,0,0,0,0,0,0,5.5
00-0034845,S.Michel,Sony Michel,RB,RB,LAC,2022,11,REG,KC,0,0,0,0,0,1,1,0,0,0,0,0,0,0,0,0,0,0,0,0,0,0,0.1
00-0034854,K.Hodge,KhaDarel Hodge,WR,WR,ATL,2022,11,REG,CHI,0,0,0,0,0,0,0,0,1,1,13,0,13,0.0555555555555556,0.125,0,0,0,0,0,0,0,2.3
00-0034855,B.Mayfield,Baker Mayfield,QB,QB,CAR,2022,11,REG,BAL,21,33,196,0,2,2,12,0,0,0,0,0,0,0,0,0,0,0,0,0,0,0,5.04
00-0034857,J.Allen,Josh Allen,QB,QB,BUF,2022,11,REG,CLE,18,27,197,1,0,3,7,0,0,0,0,0,0,0,0,0,0,0,0,0,0,0,12.58
00-0034860,D.Pettis,Dante Pettis,WR,WR,CHI,2022,11,REG,ATL,0,0,0,0,0,0,0,0,0,0,0,0,0,0,0,0,0,0,0,0,0,0,0
00-0034928,S.Sims,Steven Sims,WR,WR,PIT,2022,11,REG,CIN,0,0,0,0,0,1,-3,0,0,2,0,0,24,0.0526315789473684,0.0568720379146919,0,0,0,0,0,0,0,-0.3
00-0034960,J.Meyers,Jakobi Meyers,WR,WR,NE,2022,11,REG,NYJ,0,0,0,0,0,0,0,0,4,6,52,0,53,0.222222222222222,0.417322834645669,0,0,0,0,0,0,0,9.2
00-0034972,A.Mattison,Alexander Mattison,RB,RB,MIN,2022,11,REG,DAL,0,0,0,0,0,2,0,0,1,1,8,0,-6,0.0357142857142857,-0.0275229357798165,0,0,0,0,0,0,0,1.8
00-0034975,J.Hill,Justice Hill,RB,RB,BAL,2022,11,REG,CAR,0,0,0,0,0,7,30,0,3,3,8,0,-15,0.09375,-0.101351351351351,0,0,0,0,0,0,0,6.8
00-0034981,F.Moreau,Foster Moreau,TE,TE,LV,2022,11,REG,DEN,0,0,0,0,0,0,0,0,1,3,33,0,34,0.0810810810810811,0.0965909090909091,0,0,0,0,0,0,0,4.3
00-0035021,A.Dulin,Ashton Dulin,WR,WR,IND,2022,11,REG,PHI,0,0,0,0,0,0,0,0,0,0,0,0,0,0,0,0,0,0,0,0,0,0,0
00-0035146,T.McSorley,Trace McSorley,QB,QB,ARI,2022,11,REG,SF,6,10,59,0,1,1,6,0,0,0,0,0,0,0,0,0,0,0,0,0,0,0,0.96
00-0035208,O.Zaccheaus,Olamide Zaccheaus,WR,WR,ATL,2022,11,REG,CHI,0,0,0,0,0,1,13,0,1,2,9,0,35,0.111111111111111,0.336538461538462,0,0,0,0,0,0,0,3.2
00-0035216,D.Johnson,Diontae Johnson,WR,WR,PIT,2022,11,REG,CIN,0,0,0,0,0,1,1,0,4,5,21,0,14,0.131578947368421,0.033175355450237,0,0,0,0,0,0,0,6.2
00-0035222,Z.Gentry,Zach Gentry,TE,TE,PIT,2022,11,REG,CIN,0,0,0,0,0,0,0,0,2,3,8,0,27,0.0789473684210526,0.0639810426540284,0,0,0,0,0,0,0,2.8
00-0035229,T.Hockenson,T.J. Hockenson,TE,TE,MIN,2022,11,REG,DAL,0,0,0,0,0,0,0,0,5,9,34,0,50,0.321428571428571,0.229357798165138,0,0,0,0,0,0,0,8.4
00-0035243,M.Sanders,Miles Sanders,RB,RB,PHI,2022,11,REG,IND,0,0,0,0,0,13,47,0,1,1,1,0,-7,0.0434782608695652,-0.0344827586206897,0,0,0,0,0,0,0,5.8
00-0035249,J.Oliver,Josh Oliver,TE,TE,BAL,2022,11,REG,CAR,0,0,0,0,0,0,0,0,1,1,2,0,1,0.03125,0.00675675675675676,0,0,0,0,0,0,0,1.2
00-0035250,D.Singletary,Devin Singletary,RB,RB,BUF,2022,11,REG,CLE,0,0,0,0,0,18,86,1,2,2,11,0,5,0.0833333333333333,0.0238095238095238,0,0,0,0,0,0,0,17.7
00-0035261,T.Pollard,Tony Pollard,RB,RB,DAL,2022,11,REG,MIN,0,0,0,0,0,15,80,0,6,6,109,2,6,0.2,0.0437956204379562,0,0,0,0,0,0,0,36.9
00-0035291,T.Williams,Trayveon Williams,RB,RB,CIN,2022,11,REG,PIT,0,0,0,0,0,2,7,0,0,1,0,0,-2,0.027027027027027,-0.0066006600660066,0,0,0,0,0,0,0,0.7
00-0035341,T.Irwin,Trenton Irwin,WR,WR,CIN,2022,11,REG,PIT,0,0,0,0,0,0,0,0,3,4,42,1,35,0.108108108108108,0.115511551155116,0,0,0,0,0,0,0,13.2
00-0035356,T.Jackson,Tyree Jackson,TE,TE,PHI,2022,11,REG,IND,0,0,0,0,0,0,0,0,0,0,0,0,0,0,0,0,0,0,0,0,0,0,0
00-0035399,S.Morgan,Stanley Morgan,WR,WR,CIN,2022,11,REG,PIT,0,0,0,0,0,0,0,0,0,0,0,0,0,0,0,0,0,0,0,0,0,0,0
00-0035500,G.Dortch,Greg Dortch,WR,WR,ARI,2022,11,REG,SF,0,0,0,0,0,0,0,0,9,10,103,0,24,0.238095238095238,0.0944881889763779,0,0,0,0,0,0,0,19.3
00-0035535,D.Slayton,Darius Slayton,WR,WR,NYG,2022,11,REG,DET,0,0,0,0,0,0,0,0,5,10,86,0,96,0.25,0.254641909814324,0,0,0,0,0,0,0,13.6
00-0035537,T.Johnson,Ty Johnson,RB,RB,NYJ,2022,11,REG,NE,0,0,0,0,0,4,4,0,0,1,0,0,26,0.05,0.13265306122449,0,0,0,0,0,0,0,0.4
00-0035544,T.Kennedy,Tom Kennedy,WR,WR,DET,2022,11,REG,NYG,0,0,0,0,0,0,0,0,1,1,13,0,4,0.04,0.025974025974026,0,0,0,0,0,0,0,2.3
00-0035547,J.Fortson,Joseph Fortson,TE,TE,KC,2022,11,REG,LAC,0,0,0,0,0,0,0,0,2,2,51,0,39,0.0645161290322581,0.114705882352941,0,0,0,0,0,0,0,7.1
00-0035562,J.Horsted,Jesper Horsted,TE,TE,LV,2022,11,REG,DEN,0,0,0,0,0,0,0,0,0,0,0,0,0,0,0,0,0,0,0,0,0,0,0
00-0035628,D.Johnson,D'Ernest Johnson,RB,RB,CLE,2022,11,REG,BUF,0,0,0,0,0,0,0,0,0,0,0,0,0,0,0,0,0,0,0,0,0,0,0
00-0035639,P.Campbell,Parris Campbell,WR,WR,IND,2022,11,REG,PHI,0,0,0,0,0,0,0,0,5,6,67,0,57,0.193548387096774,0.293814432989691,0,0,0,0,0,0,0,11.7
00-0035645,G.Olszewski,Gunner Olszewski,WR,WR,PIT,2022,11,REG,CIN,0,0,0,0,0,0,0,0,2,3,39,0,36,0.0789473684210526,0.0853080568720379,0,0,0,0,0,0,0,5.9
00-0035657,D.Harris,Damien Harris,RB,RB,NE,2022,11,REG,NYJ,0,0,0,0,0,8,65,0,2,2,28,0,8,0.0740740740740741,0.062992125984252,0,0,0,0,0,0,0,11.3
00-0035659,T.McLaurin,Terry McLaurin,WR,WR,WAS,2022,11,REG,HOU,0,0,0,0,0,1,1,0,4,7,55,0,106,0.304347826086957,0.441666666666667,0,0,0,0,0,0,0,9.6
00-0035664,D.Henderson,Darrell Henderson,RB,RB,LA,2022,11,REG,NO,0,0,0,0,0,2,9,0,0,0,0,0,0,0,0,0,0,0,0,0,0,0,0.9
00-0035676,A.Brown,A.J. Brown,WR,WR,PHI,2022,11,REG,IND,0,0,0,0,0,0,0,0,5,7,60,0,53,0.304347826086957,0.261083743842365,0,0,1,0,0,0,0,9
00-0035685,D.Montgomery,David Montgomery,RB,RB,CHI,2022,11,REG,ATL,0,0,0,0,0,17,67,1,3,4,54,0,41,0.210526315789474,0.220430107526882,0,0,0,0,0,0,0,21.1
00-0035689,D.Knox,Dawson Knox,TE,TE,BUF,2022,11,REG,CLE,0,0,0,0,0,0,0,0,7,7,70,0,40,0.291666666666667,0.19047619047619,0,0,0,0,0,0,0,14
00-0035700,J.Jacobs,Josh Jacobs,RB,RB,LV,2022,11,REG,DEN,0,0,0,0,0,24,109,0,3,4,51,0,16,0.108108108108108,0.0454545454545455,0,0,0,0,0,0,0,19
00-0035710,D.Jones,Daniel Jones,QB,QB,NYG,2022,11,REG,DET,27,44,341,1,2,7,50,1,0,0,0,0,0,0,0,0,0,0,0,0,0,0,24.64
00-0035719,D.Samuel,Deebo Samuel,WR,WR,SF,2022,11,REG,ARI,0,0,0,0,0,3,37,1,7,9,57,0,26,0.310344827586207,0.147727272727273,0,0,0,0,0,0,0,22.4
00-0035831,J.Robinson,James Robinson,RB,RB,NYJ,2022,11,REG,NE,0,0,0,0,0,7,10,0,0,0,0,0,0,0,0,0,0,0,0,0,0,0,1
00-0035864,K.Hinton,Kendall Hinton,WR,WR,DEN,2022,11,REG,LV,0,0,0,0,0,0,0,0,3,3,57,0,21,0.107142857142857,0.102439024390244,0,0,0,0,0,0,0,8.7
00-0035939,B.Perkins,Bryce Perkins,QB,QB,LA,2022,11,REG,NO,5,10,64,0,0,5,39,0,0,0,0,0,0,0,0,0,0,0,0,0,0,0,6.46
00-0036040,J.Johnson,Juwan Johnson,TE,TE,NO,2022,11,REG,LA,0,0,0,0,0,0,0,0,3,4,47,1,57,0.148148148148148,0.243589743589744,0,0,0,0,0,0,0,13.7
00-0036133,J.Proche,James Proche,WR,WR,BAL,2022,11,REG,CAR,0,0,0,0,0,0,0,0,0,2,0,0,1,0.0625,0.00675675675675676,0,0,0,0,0,0,0,0
00-0036145,L.Cager,Lawrence Cager,TE,TE,NYG,2022,11,REG,DET,0,0,0,0,0,0,0,0,2,3,20,0,35,0.075,0.0928381962864722,0,0,0,0,0,0,0,4
00-0036165,I.Hodgins,Isaiah Hodgins,WR,WR,NYG,2022,11,REG,DET,0,0,0,0,0,0,0,0,3,3,29,0,28,0.075,0.0742705570291777,0,0,1,0,0,0,0,3.9
00-0036182,N.Westbrook-Ikhine,Nick Westbrook-Ikhine,WR,WR,TEN,2022,11,REG,GB,0,0,0,0,0,0,0,0,2,2,28,0,18,0.0740740740740741,0.0703125,0,0,0,0,0,0,0,4.8
00-0036194,D.Asiasi,Devin Asiasi,TE,TE,CIN,2022,11,REG,PIT,0,0,0,0,0,0,0,0,0,0,0,0,0,0,0,0,0,0,0,0,0,0,0
00-0036196,G.Davis,Gabe Davis,WR,WR,BUF,2022,11,REG,CLE,0,0,0,0,0,0,0,0,5,7,68,0,95,0.291666666666667,0.452380952380952,0,0,0,0,0,0,0,11.8
00-0036219,M.Callaway,Marquez Callaway,WR,WR,NO,2022,11,REG,LA,0,0,0,0,0,0,0,0,1,1,6,0,4,0.037037037037037,0.0170940170940171,0,0,0,0,0,0,0,1.6
00-0036223,J.Taylor,Jonathan Taylor,RB,RB,IND,2022,11,REG,PHI,0,0,0,0,0,22,84,1,3,4,10,0,-13,0.129032258064516,-0.0670103092783505,0,1,0,0,0,0,0,16.4
00-0036232,H.Bryant,Harrison Bryant,TE,TE,CLE,2022,11,REG,BUF,0,0,0,0,0,0,0,0,4,7,41,0,48,0.17948717948718,0.135211267605634,0,0,0,0,0,0,0,8.1
00-0036233,D.Peoples-Jones,Donovan Peoples-Jones,WR,WR,CLE,2022,11,REG,BUF,0,0,0,0,0,0,0,0,5,6,61,1,61,0.153846153846154,0.171830985915493,0,0,0,0,0,0,0,17.1
00-0036251,Z.Moss,Zack Moss,RB,RB,IND,2022,11,REG,PHI,0,0,0,0,0,2,7,0,0,0,0,0,0,0,0,0,0,0,0,0,0,0,0.7
00-0036252,M.Pittman,Michael Pittman,WR,WR,IND,2022,11,REG,PHI,0,0,0,0,0,0,0,0,6,7,75,0,47,0.225806451612903,0.242268041237113,0,0,0,0,0,0,0,13.5
00-0036255,D.Mims,Denzel Mims,WR,WR,NYJ,2022,11,REG,NE,0,0,0,0,0,0,0,0,2,6,35,0,70,0.3,0.357142857142857,0,0,0,0,0,0,0,5.5
00-0036259,J.Jennings,Jauan Jennings,WR,WR,SF,2022,11,REG,ARI,0,0,0,0,0,0,0,0,0,2,0,0,54,0.0689655172413793,0.306818181818182,0,0,0,0,0,0,0,0
00-0036261,B.Aiyuk,Brandon Aiyuk,WR,WR,SF,2022,11,REG,ARI,0,0,0,0,0,0,0,0,2,4,20,2,33,0.137931034482759,0.1875,0,0,0,0,0,0,0,16
00-0036265,A.Dillon,A.J. Dillon,RB,RB,GB,2022,11,REG,TEN,0,0,0,0,0,6,13,0,1,1,10,0,1,0.027027027027027,0.00285714285714286,0,0,0,0,0,0,0,3.3
00-0036268,L.Shenault,Laviska Shenault Jr.,WR,WR,CAR,2022,11,REG,BAL,0,0,0,0,0,0,0,0,4,4,7,0,-8,0.129032258064516,-0.0473372781065089,0,0,0,0,0,0,0,4.7
00-0036271,Q.Watkins,Quez Watkins,WR,WR,PHI,2022,11,REG,IND,0,0,0,0,0,0,0,0,2,2,31,1,25,0.0869565217391304,0.123152709359606,0,0,0,0,0,0,0,11.1
00-0036275,D.Swift,D'Andre Swift,RB,RB,DET,2022,11,REG,NYG,0,0,0,0,0,5,20,1,3,3,12,0,1,0.12,0.00649350649350649,0,0,0,0,0,0,0,12.2
00-0036290,C.Kmet,Cole Kmet,TE,TE,CHI,2022,11,REG,ATL,0,0,0,0,0,0,0,0,3,4,35,0,34,0.210526315789474,0.182795698924731,0,0,0,0,0,0,0,6.5
00-0036309,D.Mooney,Darnell Mooney,WR,WR,CHI,2022,11,REG,ATL,0,0,0,0,0,0,0,0,4,5,29,1,57,0.263157894736842,0.306451612903226,0,0,0,0,0,0,0,12.9
00-0036322,J.Jefferson,Justin Jefferson,WR,WR,MIN,2022,11,REG,DAL,0,0,0,0,0,0,0,0,3,5,33,0,66,0.178571428571429,0.302752293577982,0,0,0,0,0,0,0,6.3
00-0036326,C.Claypool,Chase Claypool,WR,WR,CHI,2022,11,REG,ATL,0,0,0,0,0,0,0,0,2,3,11,0,8,0.157894736842105,0.0430107526881721,0,0,0,0,0,0,0,3.1
00-0036328,A.Gibson,Antonio Gibson,RB,RB,WAS,2022,11,REG,HOU,0,0,0,0,0,18,72,0,3,3,31,0,0,0.130434782608696,0,0,0,0,0,0,0,0,13.3
00-0036331,D.Duvernay,Devin Duvernay,WR,WR,BAL,2022,11,REG,CAR,0,0,0,0,0,1,4,0,1,1,3,0,-1,0.03125,-0.00675675675675676,0,0,0,0,0,0,0,1.7
00-0036345,K.Osborn,K.J. Osborn,WR,WR,MIN,2022,11,REG,DAL,0,0,0,0,0,0,0,0,2,3,17,0,25,0.107142857142857,0.114678899082569,0,0,0,0,0,0,0,3.7
00-0036355,J.Herbert,Justin Herbert,QB,QB,LAC,2022,11,REG,KC,23,30,280,2,1,5,17,0,1,1,-2,0,-7,0.0344827586206897,-0.0288065843621399,0,0,0,0,0,0,0,19.7
00-0036358,C.Lamb,CeeDee Lamb,WR,WR,DAL,2022,11,REG,MIN,0,0,0,0,0,0,0,0,5,5,45,0,26,0.166666666666667,0.18978102189781,0,0,0,0,0,0,0,9.5
00-0036360,C.Edwards-Helaire,Clyde Edwards-Helaire,RB,RB,KC,2022,11,REG,LAC,0,0,0,0,0,2,9,0,0,0,0,0,0,0,0,0,0,0,0,0,0,0,0.9
00-0036387,J.Reagor,Jalen Reagor,WR,WR,MIN,2022,11,REG,DAL,0,0,0,0,0,0,0,0,1,1,14,0,14,0.0357142857142857,0.0642201834862385,0,0,0,0,0,0,0,2.4
00-0036389,J.Hurts,Jalen Hurts,QB,QB,PHI,2022,11,REG,IND,18,25,190,1,0,16,86,1,0,0,0,0,0,0,0,1,0,0,0,0,0,0,24.2
00-0036410,T.Higgins,Tee Higgins,WR,WR,CIN,2022,11,REG,PIT,0,0,0,0,0,0,0,0,9,13,148,0,145,0.351351351351351,0.478547854785479,0,0,0,0,0,0,0,23.8
00-0036414,C.Akers,Cam Akers,RB,RB,LA,2022,11,REG,NO,0,0,0,0,0,14,61,0,0,0,0,0,0,0,0,0,0,0,0,0,0,0,6.1
00-0036415,V.Jefferson,Van Jefferson,WR,WR,LA,2022,11,REG,NO,0,0,0,0,0,0,0,0,3,5,41,0,65,0.185185185185185,0.233812949640288,0,0,0,0,0,0,0,7.1
00-0036422,A.Trautman,Adam Trautman,TE,TE,NO,2022,11,REG,LA,0,0,0,0,0,0,0,0,3,3,12,0,7,0.111111111111111,0.0299145299145299,0,0,0,0,0,0,0,4.2
00-0036442,J.Burrow,Joe Burrow,QB,QB,CIN,2022,11,REG,PIT,24,39,355,4,2,4,5,0,0,0,0,0,0,0,0,0,0,0,0,0,0,0,26.7
00-0036493,D.Jackson,Deon Jackson,RB,RB,IND,2022,11,REG,PHI,0,0,0,0,0,1,7,0,4,4,3,0,-10,0.129032258064516,-0.0515463917525773,0,0,0,0,0,0,0,5
00-0036527,D.Turner,D.J. Turner,WR,WR,LV,2022,11,REG,DEN,0,0,0,0,0,0,0,0,0,0,0,0,0,0,0,0,0,0,0,0,0,0,0
00-0036554,N.Collins,Nico Collins,WR,WR,HOU,2022,11,REG,WAS,0,0,0,0,0,0,0,0,5,7,48,0,44,0.21875,0.164179104477612,0,0,0,0,0,0,0,9.8
00-0036555,C.Hubbard,Chuba Hubbard,RB,RB,CAR,2022,11,REG,BAL,0,0,0,0,0,4,0,0,2,3,25,0,5,0.0967741935483871,0.029585798816568,0,0,0,0,0,0,0,4.5
00-0036567,E.Mitchell,Elijah Mitchell,RB,RB,SF,2022,11,REG,ARI,0,0,0,0,0,9,59,0,0,0,0,0,0,0,0,0,0,0,0,0,0,0,5.9
00-0036569,G.Brightwell,Gary Brightwell,RB,RB,NYG,2022,11,REG,DET,0,0,0,0,0,0,0,0,0,0,0,0,0,0,0,0,0,0,0,0,0,0,0
00-0036572,S.Smith,Shi Smith,WR,WR,CAR,2022,11,REG,BAL,0,0,0,0,0,0,0,0,4,5,26,0,19,0.161290322580645,0.112426035502959,0,0,1,0,0,0,0,4.6
00-0036628,J.Bates,John Bates,TE,TE,WAS,2022,11,REG,HOU,0,0,0,0,0,0,0,0,0,1,0,0,7,0.0434782608695652,0.0291666666666667,0,0,0,0,0,0,0,0
00-0036637,N.Gray,Noah Gray,TE,TE,KC,2022,11,REG,LAC,0,0,0,0,0,0,0,0,2,3,15,0,16,0.0967741935483871,0.0470588235294118,0,0,0,0,0,0,0,3.5
00-0036671,D.Milne,Dax Milne,WR,WR,WAS,2022,11,REG,HOU,0,0,0,0,0,0,0,0,0,0,0,0,0,0,0,0,0,0,0,0,0,0,0
00-0036741,J.Stoll,Jack Stoll,TE,TE,PHI,2022,11,REG,IND,0,0,0,0,0,0,0,0,1,1,7,0,5,0.0434782608695652,0.0246305418719212,0,0,0,0,0,0,0,1.7
00-0036754,B.Wright,Brock Wright,TE,TE,DET,2022,11,REG,NYG,0,0,0,0,0,0,0,0,2,2,20,0,5,0.08,0.0324675324675325,0,0,0,0,0,0,0,4
00-0036829,C.Huntley,Caleb Huntley,RB,RB,ATL,2022,11,REG,CHI,0,0,0,0,0,1,4,0,1,1,2,0,-4,0.0555555555555556,-0.0384615384615385,0,0,0,0,0,0,0,1.6
00-0036842,K.Nwangwu,Kene Nwangwu,RB,RB,MIN,2022,11,REG,DAL,0,0,0,0,0,4,1,0,1,1,5,0,3,0.0357142857142857,0.0137614678899083,0,0,0,0,0,0,0,1.6
00-0036849,T.Atwell,Tutu Atwell,WR,WR,LA,2022,11,REG,NO,0,0,0,0,0,0,0,0,1,1,62,1,46,0.037037037037037,0.165467625899281,0,0,0,0,0,0,0,13.2
00-0036862,B.Skowronek,Ben Skowronek,WR,WR,LA,2022,11,REG,NO,0,0,0,0,0,0,0,0,1,4,4,0,54,0.148148148148148,0.194244604316547,0,0,0,0,0,0,0,1.4
00-0036875,R.Stevenson,Rhamondre Stevenson,RB,RB,NE,2022,11,REG,NYJ,0,0,0,0,0,15,26,0,6,6,56,0,-6,0.222222222222222,-0.047244094488189,0,0,0,0,0,0,0,14.2
00-0036876,K.Granson,Kylen Granson,TE,TE,IND,2022,11,REG,PHI,0,0,0,0,0,0,0,0,1,1,16,0,16,0.032258064516129,0.0824742268041237,0,0,0,0,0,0,0,2.6
00-0036893,N.Harris,Najee Harris,RB,RB,PIT,2022,11,REG,CIN,0,0,0,0,0,20,90,2,4,6,26,0,29,0.157894736842105,0.0687203791469194,0,0,0,0,0,0,0,27.6
00-0036894,P.Freiermuth,Pat Freiermuth,TE,TE,PIT,2022,11,REG,CIN,0,0,0,0,0,0,0,0,8,12,79,0,119,0.315789473684211,0.281990521327014,0,0,0,0,0,0,0,15.9
00-0036898,D.Mills,Davis Mills,QB,QB,HOU,2022,11,REG,WAS,19,33,169,0,2,5,10,1,0,0,0,0,0,0,0,0,0,0,0,0,0,0,9.76
00-0036912,D.Smith,DeVonta Smith,WR,WR,PHI,2022,11,REG,IND,0,0,0,0,0,0,0,0,6,9,78,0,119,0.391304347826087,0.586206896551724,0,0,0,0,0,0,0,13.8
00-0036913,K.Toney,Kadarius Toney,WR,WR,KC,2022,11,REG,LAC,0,0,0,0,0,0,0,0,0,1,0,0,0,0.032258064516129,0,0,0,0,0,0,0,0,0
00-0036918,J.Harris,Jacob Harris,WR,WR,LA,2022,11,REG,NO,0,0,0,0,0,0,0,0,0,0,0,0,0,0,0,0,0,0,0,0,0,0,0
00-0036919,K.Gainwell,Kenneth Gainwell,RB,RB,PHI,2022,11,REG,IND,0,0,0,0,0,1,0,0,0,0,0,0,0,0,0,0,0,0,0,0,0,0,0
00-0036924,Mi.Carter,Michael Carter,RB,RB,NYJ,2022,11,REG,NE,0,0,0,0,0,8,19,0,1,2,-2,0,-8,0.1,-0.0408163265306122,0,0,0,0,0,0,0,2.7
00-0036936,R.Moore,Rondale Moore,WR,WR,ARI,2022,11,REG,SF,0,0,0,0,0,1,-6,0,0,0,0,0,0,0,0,0,0,0,0,0,0,0,-0.6
00-0036945,J.Fields,Justin Fields,QB,QB,CHI,2022,11,REG,ATL,14,21,153,1,1,18,85,1,0,0,0,0,0,0,0,0,0,0,0,0,0,0,22.62
00-0036950,A.Williams,Avery Williams,RB,RB,ATL,2022,11,REG,CHI,0,0,0,0,0,0,0,0,0,0,0,0,0,0,0,0,0,0,0,0,0,0,0
00-0036955,T.Marshall,Terrace Marshall,WR,WR,CAR,2022,11,REG,BAL,0,0,0,0,0,0,0,0,3,6,76,0,109,0.193548387096774,0.644970414201183,0,0,0,0,0,0,0,10.6
00-0036959,M.Bandy,Michael Bandy,WR,WR,LAC,2022,11,REG,KC,0,0,0,0,0,0,0,0,0,1,0,0,-8,0.0344827586206897,-0.0329218106995885,0,0,0,0,0,0,0,0
00-0036963,A.St. Brown,Amon-Ra St. Brown,WR,WR,DET,2022,11,REG,NYG,0,0,0,0,0,1,4,0,7,8,76,0,45,0.32,0.292207792207792,0,0,0,0,0,0,0,15
00-0036970,K.Pitts,Kyle Pitts,TE,TE,ATL,2022,11,REG,CHI,0,0,0,0,0,0,0,0,3,5,43,0,32,0.277777777777778,0.307692307692308,0,0,0,0,0,0,0,7.3
00-0036972,M.Jones,Mac Jones,QB,QB,NE,2022,11,REG,NYJ,23,27,246,0,0,2,3,0,0,0,0,0,0,0,0,0,0,0,0,0,0,0,10.14
00-0036980,E.Moore,Elijah Moore,WR,WR,NYJ,2022,11,REG,NE,0,0,0,0,0,0,0,0,2,4,17,0,40,0.2,0.204081632653061,0,0,0,0,0,0,0,3.7
00-0036988,J.Palmer,Josh Palmer,WR,WR,LAC,2022,11,REG,KC,0,0,0,0,0,0,0,0,8,10,106,2,111,0.344827586206897,0.45679012345679,0,0,0,0,0,0,0,30.6
00-0036999,A.Schwartz,Anthony Schwartz,WR,WR,CLE,2022,11,REG,BUF,0,0,0,0,0,0,0,0,0,0,0,0,0,0,0,0,0,0,0,0,0,0,0
00-0037005,T.Tremble,Tommy Tremble,TE,TE,CAR,2022,11,REG,BAL,0,0,0,0,0,0,0,0,0,0,0,0,0,0,0,0,0,0,0,0,0,0,0
00-0037013,Z.Wilson,Zach Wilson,QB,QB,NYJ,2022,11,REG,NE,9,22,77,0,0,3,26,0,0,0,0,0,0,0,0,0,0,0,0,0,0,0,5.68
00-0037078,C.Turner,Cole Turner,TE,TE,WAS,2022,11,REG,HOU,0,0,0,0,0,0,0,0,0,1,0,0,2,0.0434782608695652,0.00833333333333333,0,0,0,0,0,0,0,0
00-0037086,G.Calcaterra,Grant Calcaterra,TE,TE,PHI,2022,11,REG,IND,0,0,0,0,0,0,0,0,0,0,0,0,0,0,0,0,0,0,0,0,0,0,0
00-0037087,T.Ebner,Trestan Ebner,RB,RB,CHI,2022,11,REG,ATL,0,0,0,0,0,6,8,0,0,1,0,0,2,0.0526315789473684,0.010752688172043,0,0,0,0,0,0,0,0.8
00-0037132,B.Covey,Britain Covey,WR,WR,PHI,2022,11,REG,IND,0,0,0,0,0,0,0,0,0,0,0,0,0,0,0,0,0,0,0,0,0,0,0
00-0037197,I.Pacheco,Isiah Pacheco,RB,RB,KC,2022,11,REG,LAC,0,0,0,0,0,15,107,0,0,0,0,0,0,0,0,0,0,0,0,0,0,0,10.7
00-0037228,J.Warren,Jaylen Warren,RB,RB,PIT,2022,11,REG,CIN,0,0,0,0,0,0,0,0,1,1,9,0,5,0.0263157894736842,0.0118483412322275,0,0,0,0,0,0,0,1.9
00-0037238,D.London,Drake London,WR,WR,ATL,2022,11,REG,CHI,0,0,0,0,0,0,0,0,1,3,2,1,12,0.166666666666667,0.115384615384615,0,0,0,0,0,0,0,7.2
00-0037239,C.Olave,Chris Olave,WR,WR,NO,2022,11,REG,LA,0,0,0,0,0,0,0,0,5,6,102,1,103,0.222222222222222,0.44017094017094,0,0,0,0,0,0,0,21.2
00-0037247,G.Pickens,George Pickens,WR,WR,PIT,2022,11,REG,CIN,0,0,0,0,0,0,0,0,4,6,83,1,122,0.157894736842105,0.289099526066351,0,0,0,0,0,0,0,18.3
00-0037248,J.Cook,James Cook,RB,RB,BUF,2022,11,REG,CLE,0,0,0,0,0,11,86,0,0,1,0,0,-1,0.0416666666666667,-0.00476190476190476,0,0,0,0,0,0,0,8.6
00-0037252,G.Dulcich,Greg Dulcich,TE,TE,DEN,2022,11,REG,LV,0,0,0,0,0,0,0,0,4,5,30,0,42,0.178571428571429,0.204878048780488,0,0,0,0,0,0,0,7
00-0037257,Dav.Bell,David Bell,WR,WR,CLE,2022,11,REG,BUF,0,0,0,0,0,0,0,0,4,5,22,0,22,0.128205128205128,0.0619718309859155,0,0,0,0,0,0,0,6.2
00-0037258,D.Pierce,Dameon Pierce,RB,RB,HOU,2022,11,REG,WAS,0,0,0,0,0,10,8,0,2,3,9,0,6,0.09375,0.0223880597014925,0,0,0,0,0,0,0,3.7
00-0037263,T.Allgeier,Tyler Allgeier,RB,RB,ATL,2022,11,REG,CHI,0,0,0,0,0,8,55,0,1,1,9,0,6,0.0555555555555556,0.0576923076923077,0,0,0,0,0,0,0,7.4
00-0037267,J.Ford,Jerome Ford,RB,RB,CLE,2022,11,REG,BUF,0,0,0,0,0,0,0,0,0,0,0,0,0,0,0,0,0,0,0,0,0,0,0
00-0037272,M.Washington,Montrell Washington,WR,WR,DEN,2022,11,REG,LV,0,0,0,0,0,0,0,0,0,0,0,0,0,0,0,0,0,0,0,0,0,0,0
00-0037277,T.Quitoriano,Teagan Quitoriano,TE,TE,HOU,2022,11,REG,WAS,0,0,0,0,0,0,0,0,0,1,0,0,16,0.03125,0.0597014925373134,0,0,0,0,0,0,0,0
00-0037291,J.Nailor,Jalen Nailor,WR,WR,MIN,2022,11,REG,DAL,0,0,0,0,0,0,0,0,1,3,15,0,19,0.107142857142857,0.0871559633027523,0,0,0,0,0,0,0,2.5
00-0037299,K.Ingram,Keaontay Ingram,RB,RB,ARI,2022,11,REG,SF,0,0,0,0,0,5,19,0,0,0,0,0,0,0,0,0,0,0,0,0,0,0,1.9
00-0037304,Co.Heyward,Connor Heyward,TE,TE,PIT,2022,11,REG,CIN,0,0,0,0,0,0,0,0,0,0,0,0,0,0,0,0,0,0,0,0,0,0,0
00-0037329,B.Brown,Brittain Brown,RB,RB,LV,2022,11,REG,DEN,0,0,0,0,0,0,0,0,0,0,0,0,0,0,0,0,0,0,0,0,0,0,0
00-0037331,Z.Horvath,Zander Horvath,RB,RB,LAC,2022,11,REG,KC,0,0,0,0,0,1,3,0,0,0,0,0,0,0,0,0,0,0,0,0,0,0,0.3
00-0037382,B.Johnson,Brandon Johnson,WR,WR,DEN,2022,11,REG,LV,0,0,0,0,0,0,0,0,1,2,2,0,34,0.0714285714285714,0.165853658536585,0,0,0,0,0,0,0,1.2
00-0037429,R.Blackshear,Raheem Blackshear,RB,RB,CAR,2022,11,REG,BAL,0,0,0,0,0,0,0,0,2,3,14,0,-6,0.0967741935483871,-0.0355029585798817,0,0,0,0,0,0,0,3.4
00-0037475,S.Smartt,Stone Smartt,TE,TE,LAC,2022,11,REG,KC,0,0,0,0,0,0,0,0,1,1,6,0,4,0.0344827586206897,0.0164609053497942,0,0,0,0,0,0,0,1.6
00-0037525,J.Mason,Jordan Mason,RB,RB,SF,2022,11,REG,ARI,0,0,0,0,0,4,14,0,0,0,0,0,0,0,0,0,0,0,0,0,0,0,1.4
00-0037545,R.Shaheed,Rashid Shaheed,WR,WR,NO,2022,11,REG,LA,0,0,0,0,0,0,0,0,1,2,8,0,5,0.0740740740740741,0.0213675213675214,0,0,0,0,0,0,0,1.8
00-0037563,M.Davis,Malik Davis,RB,RB,DAL,2022,11,REG,MIN,0,0,0,0,0,7,13,0,2,3,22,0,-6,0.1,-0.0437956204379562,0,0,0,0,0,0,0,5.5
00-0037569,P.Hendershot,Peyton Hendershot,TE,TE,DAL,2022,11,REG,MIN,0,0,0,0,0,0,0,0,1,1,-2,0,-3,0.0333333333333333,-0.0218978102189781,0,0,0,0,0,0,0,0.8
00-0037617,H.Haskins,Hassan Haskins,RB,RB,TEN,2022,11,REG,GB,0,0,0,0,0,0,0,0,0,0,0,0,0,0,0,0,0,0,0,0,0,0,0
00-0037664,A.Pierce,Alec Pierce,WR,WR,IND,2022,11,REG,PHI,0,0,0,0,0,0,0,0,3,8,28,0,90,0.258064516129032,0.463917525773196,0,0,0,0,0,0,0,5.8
00-0037666,J.Tolbert,Jalen Tolbert,WR,WR,DAL,2022,11,REG,MIN,0,0,0,0,0,0,0,0,1,1,8,0,7,0.0333333333333333,0.0510948905109489,0,0,0,0,0,0,0,1.8
00-0037740,G.Wilson,Garrett Wilson,WR,WR,NYJ,2022,11,REG,NE,0,0,0,0,0,1,0,0,2,3,12,0,29,0.15,0.147959183673469,0,0,0,0,0,0,0,3.2
00-0037741,J.Dotson,Jahan Dotson,WR,WR,WAS,2022,11,REG,HOU,0,0,0,0,0,1,3,0,1,2,13,0,28,0.0869565217391304,0.116666666666667,0,0,0,0,0,0,0,2.6
00-0037742,T.Burks,Treylon Burks,WR,WR,TEN,2022,11,REG,GB,0,0,0,0,0,0,0,0,7,8,111,0,95,0.296296296296296,0.37109375,0,0,0,0,0,0,0,18.1
00-0037744,T.McBride,Trey McBride,TE,TE,ARI,2022,11,REG,SF,0,0,0,0,0,0,0,0,4,4,14,0,4,0.0952380952380952,0.015748031496063,0,0,0,0,0,0,0,5.4
00-0037745,V.Jones,Velus Jones,RB,RB,CHI,2022,11,REG,ATL,0,0,0,0,0,0,0,0,0,0,0,0,0,0,0,0,0,0,0,0,0,0,0
00-0037746,B.Robinson,Brian Robinson,RB,RB,WAS,2022,11,REG,HOU,0,0,0,0,0,15,57,0,0,0,0,0,0,0,0,0,0,0,0,0,0,0,5.7
00-0037801,K.Turpin,Kavontae Turpin,WR,WR,DAL,2022,11,REG,MIN,0,0,0,0,0,0,0,0,0,0,0,0,0,0,0,0,0,0,0,0,0,0,0
00-0037809,C.Okonkwo,Chigoziem Okonkwo,TE,TE,TEN,2022,11,REG,GB,0,0,0,0,0,0,0,0,1,2,31,0,37,0.0740740740740741,0.14453125,0,0,0,0,0,0,0,4.1
00-0037834,B.Purdy,Brock Purdy,QB,QB,SF,2022,11,REG,ARI,0,0,0,0,0,3,3,0,0,0,0,0,0,0,0,0,0,0,0,0,0,0,0.3
00-0037838,I.Likely,Isaiah Likely,TE,TE,BAL,2022,11,REG,CAR,0,0,0,0,0,0,0,0,1,3,1,0,15,0.09375,0.101351351351351,0,0,0,0,0,0,0,1.1
00-0037840,K.Williams,Kyren Williams,RB,RB,LA,2022,11,REG,NO,0,0,0,0,0,7,36,0,1,2,8,0,-1,0.0740740740740741,-0.00359712230215827,0,0,0,0,0,0,0,5.4
00-0038041,J.Ferguson,Jake Ferguson,TE,TE,DAL,2022,11,REG,MIN,0,0,0,0,0,0,0,0,2,2,15,0,3,0.0666666666666667,0.0218978102189781,0,0,0,0,0,0,0,3.5
00-0038045,I.Spiller,Isaiah Spiller,RB,RB,LAC,2022,11,REG,KC,0,0,0,0,0,4,11,0,2,2,11,0,-5,0.0689655172413793,-0.0205761316872428,0,0,0,0,0,0,0,4.2
00-0038090,S.Moore,Skyy Moore,WR,WR,KC,2022,11,REG,LAC,0,0,0,0,0,0,0,0,5,6,63,0,69,0.193548387096774,0.202941176470588,0,0,0,0,0,0,0,11.3
00-0038098,P.Strong,Pierre Strong,RB,RB,NE,2022,11,REG,NYJ,0,0,0,0,0,0,0,0,0,0,0,0,0,0,0,0,0,0,0,0,0,0,0
00-0038102,K.Pickett,Kenny Pickett,QB,QB,PIT,2022,11,REG,CIN,25,42,265,1,0,2,14,0,0,0,0,0,0,0,0,0,0,0,0,0,0,0,16
00-0038104,T.Thornton,Tyquan Thornton,WR,WR,NE,2022,11,REG,NYJ,0,0,0,0,0,0,0,0,1,2,5,0,5,0.0740740740740741,0.0393700787401575,0,0,0,0,0,0,0,1.5
00-0038117,W.Robinson,Wan'Dale Robinson,WR,WR,NYG,2022,11,REG,DET,0,0,0,0,0,1,4,0,9,13,100,0,108,0.325,0.286472148541114,0,0,0,0,0,0,0,19.4
00-0038124,C.Watson,Christian Watson,WR,WR,GB,2022,11,REG,TEN,0,0,0,0,0,1,3,0,4,6,48,2,100,0.162162162162162,0.285714285714286,0,0,0,0,0,0,0,21.1
00-0019596,T.Brady,Tom Brady,QB,QB,TB,2022,12,REG,CLE,29,43,246,2,0,1,2,0,0,0,0,0,0,0,0,0,0,0,0,0,0,0,18.04
00-0023459,A.Rodgers,Aaron Rodgers,QB,QB,GB,2022,12,REG,PHI,11,16,140,2,2,1,-1,0,0,0,0,0,0,0,0,0,0,0,0,0,0,0,9.5
00-0026143,M.Ryan,Matt Ryan,QB,QB,IND,2022,12,REG,PIT,22,34,199,1,1,4,22,0,0,0,0,0,0,0,0,0,1,0,0,0,0,0,10.16
00-0026189,D.Jackson,DeSean Jackson,WR,WR,BAL,2022,12,REG,JAX,0,0,0,0,0,0,0,0,2,3,74,0,79,0.1,0.210106382978723,0,0,0,0,0,0,0,9.4
00-0027942,A.Green,A.J. Green,WR,WR,ARI,2022,12,REG,LAC,0,0,0,0,0,0,0,0,1,2,5,0,31,0.0740740740740741,0.101973684210526,0,0,0,0,0,0,0,1.5
00-0027944,J.Jones,Julio Jones,WR,WR,TB,2022,12,REG,CLE,0,0,0,0,0,1,15,0,3,4,40,0,67,0.0952380952380952,0.171355498721228,0,0,0,0,0,0,0,8.5
00-0027966,M.Ingram,Mark Ingram,RB,RB,NO,2022,12,REG,SF,0,0,0,0,0,4,10,0,0,1,0,0,0,0.0333333333333333,0,0,0,0,0,0,0,0,1
00-0027973,A.Dalton,Andy Dalton,QB,QB,NO,2022,12,REG,SF,18,29,204,0,0,4,21,0,0,0,0,0,0,0,0,0,0,0,0,0,0,0,10.26
00-0028002,R.Cobb,Randall Cobb,WR,WR,GB,2022,12,REG,PHI,0,0,0,0,0,0,0,0,2,4,19,1,31,0.16,0.166666666666667,0,0,0,0,0,0,0,9.9
00-0029263,R.Wilson,Russell Wilson,QB,QB,DEN,2022,12,REG,CAR,19,35,142,1,0,2,8,0,0,0,0,0,0,0,0,1,0,0,0,0,0,0,8.48
00-0029293,M.Jones,Marvin Jones,WR,WR,JAX,2022,12,REG,BAL,0,0,0,0,0,0,0,0,3,3,22,1,18,0.0810810810810811,0.0728744939271255,0,0,0,0,0,0,0,11.2
00-0029604,K.Cousins,Kirk Cousins,QB,QB,MIN,2022,12,REG,NE,30,37,299,3,1,1,-1,0,0,0,0,0,0,0,0,0,0,0,0,0,0,0,21.86
00-0029701,R.Tannehill,Ryan Tannehill,QB,QB,TEN,2022,12,REG,CIN,22,34,291,0,0,2,9,0,0,0,0,0,0,0,0,0,0,0,0,0,0,0,12.54
00-0030035,A.Thielen,Adam Thielen,WR,WR,MIN,2022,12,REG,NE,0,0,0,0,0,0,0,0,9,10,61,1,40,0.27027027027027,0.185185185185185,0,0,0,0,0,0,0,21.1
00-0030068,M.Goodwin,Marquise Goodwin,WR,WR,SEA,2022,12,REG,LV,0,0,0,0,0,1,7,0,3,3,48,0,32,0.0810810810810811,0.110726643598616,0,0,0,0,0,0,0,8.5
00-0030279,K.Allen,Keenan Allen,WR,WR,LAC,2022,12,REG,ARI,0,0,0,0,0,0,0,0,5,7,49,1,48,0.148936170212766,0.272727272727273,0,0,0,0,0,0,0,15.9
00-0030288,R.Burkhead,Rex Burkhead,RB,RB,HOU,2022,12,REG,MIA,0,0,0,0,0,0,0,0,1,2,5,0,4,0.0526315789473684,0.0190476190476191,0,0,0,0,0,0,0,1.5
00-0030431,R.Woods,Robert Woods,WR,WR,TEN,2022,12,REG,CIN,0,0,0,0,0,0,0,0,2,6,16,0,56,0.176470588235294,0.196491228070175,0,0,0,0,0,0,0,3.6
00-0030506,T.Kelce,Travis Kelce,TE,TE,KC,2022,12,REG,LA,0,0,0,0,0,0,0,0,4,8,57,1,49,0.216216216216216,0.187739463601533,0,0,0,0,0,0,0,15.7
00-0030513,L.Murray,Latavius Murray,RB,RB,DEN,2022,12,REG,CAR,0,0,0,0,0,13,92,0,1,1,6,0,4,0.03125,0.0107816711590297,0,0,0,0,0,0,0,10.8
00-0030564,D.Hopkins,DeAndre Hopkins,WR,WR,ARI,2022,12,REG,LAC,0,0,0,0,0,0,0,0,4,6,87,1,104,0.222222222222222,0.342105263157895,0,0,0,0,0,0,0,18.7
00-0030565,G.Smith,Geno Smith,QB,QB,SEA,2022,12,REG,LV,27,37,328,2,1,5,22,0,0,0,0,0,0,0,0,0,1,0,0,0,0,0,19.32
00-0030578,C.Patterson,Cordarrelle Patterson,RB,RB,ATL,2022,12,REG,WAS,0,0,0,0,0,11,52,0,3,5,19,0,16,0.208333333333333,0.10958904109589,0,0,0,0,0,0,0,10.1
00-0031236,B.Cooks,Brandin Cooks,WR,WR,HOU,2022,12,REG,MIA,0,0,0,0,0,1,2,0,5,5,59,0,47,0.131578947368421,0.223809523809524,0,0,0,0,0,0,0,11.1
00-0031260,L.Thomas,Logan Thomas,TE,TE,WAS,2022,12,REG,ATL,0,0,0,0,0,0,0,0,1,3,7,0,-2,0.136363636363636,-0.0136986301369863,0,0,0,0,0,0,0,1.7
00-0031273,C.Brate,Cameron Brate,TE,TE,TB,2022,12,REG,CLE,0,0,0,0,0,0,0,0,2,5,15,0,23,0.119047619047619,0.0588235294117647,0,0,0,0,0,0,0,3.5
00-0031280,D.Carr,Derek Carr,QB,QB,LV,2022,12,REG,SEA,25,36,295,3,2,2,10,0,0,0,0,0,0,0,0,0,0,0,0,0,0,0,20.8
00-0031345,J.Garoppolo,Jimmy Garoppolo,QB,QB,SF,2022,12,REG,NO,26,37,222,1,0,4,4,0,0,0,0,0,0,0,0,0,0,0,0,0,0,0,13.28
00-0031376,J.McKinnon,Jerick McKinnon,RB,RB,KC,2022,12,REG,LA,0,0,0,0,0,0,0,0,3,6,26,0,0,0.162162162162162,0,0,0,0,0,0,0,0,5.6
00-0031381,D.Adams,Davante Adams,WR,WR,LV,2022,12,REG,SEA,0,0,0,0,0,0,0,0,7,11,74,0,95,0.305555555555556,0.307443365695793,0,0,0,0,0,0,0,14.4
00-0031382,J.Landry,Jarvis Landry,WR,WR,NO,2022,12,REG,SF,0,0,0,0,0,0,0,0,2,4,20,0,24,0.133333333333333,0.0975609756097561,0,0,0,0,0,0,0,4
00-0031408,M.Evans,Mike Evans,WR,WR,TB,2022,12,REG,CLE,0,0,0,0,0,0,0,0,2,9,31,0,168,0.214285714285714,0.429667519181586,0,0,0,0,0,0,0,5.1
00-0031544,A.Cooper,Amari Cooper,WR,WR,CLE,2022,12,REG,TB,0,0,0,0,0,0,0,0,7,12,94,0,188,0.333333333333333,0.447619047619048,0,0,0,0,0,0,0,16.4
00-0031545,K.White,Kevin White,WR,WR,NO,2022,12,REG,SF,0,0,0,0,0,0,0,0,0,0,0,0,0,0,0,0,0,0,0,0,0,0,0
00-0031547,D.Parker,DeVante Parker,WR,WR,NE,2022,12,REG,MIN,0,0,0,0,0,0,0,0,4,4,80,0,71,0.114285714285714,0.229032258064516,0,0,0,0,0,0,0,12
00-0031549,N.Agholor,Nelson Agholor,WR,WR,NE,2022,12,REG,MIN,0,0,0,0,0,0,0,0,6,8,65,1,79,0.228571428571429,0.254838709677419,0,0,0,0,0,0,0,18.5
00-0031585,M.Pruitt,MyCole Pruitt,TE,TE,ATL,2022,12,REG,WAS,0,0,0,0,0,0,0,0,2,3,9,1,11,0.125,0.0753424657534247,0,0,0,0,0,0,0,8.9
00-0031588,S.Diggs,Stefon Diggs,WR,WR,BUF,2022,12,REG,DET,0,0,0,0,0,0,0,0,8,15,77,1,135,0.384615384615385,0.31322505800464,0,0,0,0,0,0,0,21.7
00-0031598,N.Boyle,Nick Boyle,TE,TE,BAL,2022,12,REG,JAX,0,0,0,0,0,0,0,0,0,0,0,0,0,0,0,0,0,0,0,0,0,0,0
00-0031763,D.Carter,DeAndre Carter,WR,WR,LAC,2022,12,REG,ARI,0,0,0,0,0,0,0,0,7,10,73,1,63,0.212765957446809,0.357954545454545,0,0,0,0,0,0,0,20.3
00-0031800,T.Heinicke,Taylor Heinicke,QB,QB,WAS,2022,12,REG,ATL,14,23,138,2,1,1,-1,0,0,0,0,0,0,0,0,0,0,0,0,0,0,0,11.42
00-0032054,B.Perriman,Breshad Perriman,WR,WR,TB,2022,12,REG,CLE,0,0,0,0,0,0,0,0,0,1,0,0,9,0.0238095238095238,0.0230179028132992,0,0,0,0,0,0,0,0
00-0032104,A.Abdullah,Ameer Abdullah,RB,RB,LV,2022,12,REG,SEA,0,0,0,0,0,3,16,0,3,3,39,1,24,0.0833333333333333,0.0776699029126214,0,0,0,0,0,0,0,14.5
00-0032134,C.Uzomah,C.J. Uzomah,TE,TE,NYJ,2022,12,REG,CHI,0,0,0,0,0,0,0,0,3,3,17,0,7,0.107142857142857,0.0451612903225806,0,0,0,0,0,0,0,4.7
00-0032141,G.Swaim,Geoff Swaim,TE,TE,TEN,2022,12,REG,CIN,0,0,0,0,0,0,0,0,0,1,0,0,1,0.0294117647058824,0.00350877192982456,0,0,0,0,0,0,0,0
00-0032156,T.Siemian,Trevor Siemian,QB,QB,CHI,2022,12,REG,NYJ,14,25,179,1,1,4,8,0,0,0,0,0,0,0,0,0,0,0,0,0,0,0,9.96
00-0032208,P.Dorsett,Phillip Dorsett,WR,WR,HOU,2022,12,REG,MIA,0,0,0,0,0,0,0,0,1,2,5,0,11,0.0526315789473684,0.0523809523809524,0,0,0,0,0,0,0,1.5
00-0032211,T.Lockett,Tyler Lockett,WR,WR,SEA,2022,12,REG,LV,0,0,0,0,0,0,0,0,3,7,68,1,90,0.189189189189189,0.311418685121107,0,0,0,0,0,0,0,15.8
00-0032268,M.Mariota,Marcus Mariota,QB,QB,ATL,2022,12,REG,WAS,15,25,174,1,1,6,49,0,0,0,0,0,0,0,0,0,0,0,0,0,0,0,13.86
00-0032392,A.Hooper,Austin Hooper,TE,TE,TEN,2022,12,REG,CIN,0,0,0,0,0,0,0,0,3,4,30,0,20,0.117647058823529,0.0701754385964912,0,0,0,0,0,0,0,6
00-0032398,C.Moore,Chris Moore,WR,WR,HOU,2022,12,REG,MIA,0,0,0,0,0,0,0,0,2,3,7,0,30,0.0789473684210526,0.142857142857143,0,0,0,0,0,0,0,2.7
00-0032450,D.Washington,Dwayne Washington,RB,RB,NO,2022,12,REG,SF,0,0,0,0,0,0,0,0,0,0,0,0,0,0,0,0,0,0,0,0,0,0,0
00-0032464,K.Raymond,Kalif Raymond,WR,WR,DET,2022,12,REG,BUF,0,0,0,0,0,0,0,0,4,6,35,0,50,0.171428571428571,0.197628458498024,0,0,0,0,0,0,0,7.5
00-0032543,A.Erickson,Alex Erickson,WR,WR,WAS,2022,12,REG,ATL,0,0,0,0,0,0,0,0,0,0,0,0,0,0,0,0,0,0,0,0,0,0,0
00-0032688,R.Anderson,Robbie Chosen,WR,WR,ARI,2022,12,REG,LAC,0,0,0,0,0,0,0,0,1,3,17,0,45,0.111111111111111,0.148026315789474,0,0,0,0,0,0,0,2.7
00-0032764,D.Henry,Derrick Henry,RB,RB,TEN,2022,12,REG,CIN,0,0,0,0,0,17,38,0,3,3,79,0,-4,0.0882352941176471,-0.0140350877192982,0,0,0,0,0,0,0,14.7
00-0032775,D.Robinson,Demarcus Robinson,WR,WR,BAL,2022,12,REG,JAX,0,0,0,0,0,0,0,0,1,4,17,0,52,0.133333333333333,0.138297872340426,0,0,0,0,0,0,0,2.7
00-0032975,J.Williams,Jonathan Williams,RB,RB,WAS,2022,12,REG,ATL,0,0,0,0,0,4,22,0,0,0,0,0,0,0,0,0,0,0,0,0,0,0,2.2
00-0033009,T.Boyd,Tyler Boyd,WR,WR,CIN,2022,12,REG,TEN,0,0,0,0,0,0,0,0,2,4,16,0,29,0.111111111111111,0.118367346938776,0,0,0,0,0,0,0,3.6
00-0033040,T.Hill,Tyreek Hill,WR,WR,MIA,2022,12,REG,HOU,0,0,0,0,0,1,5,0,6,9,85,0,98,0.236842105263158,0.210752688172043,0,0,0,0,0,0,0,15
00-0033045,E.Elliott,Ezekiel Elliott,RB,RB,DAL,2022,12,REG,NYG,0,0,0,0,0,16,92,1,1,1,3,0,3,0.0344827586206897,0.00852272727272727,0,0,0,0,0,0,0,16.5
00-0033077,D.Prescott,Dak Prescott,QB,QB,DAL,2022,12,REG,NYG,21,30,261,2,2,2,4,0,0,0,0,0,0,0,0,0,0,0,0,0,0,0,14.84
00-0033090,H.Henry,Hunter Henry,TE,TE,NE,2022,12,REG,MIN,0,0,0,0,0,0,0,0,3,5,63,1,44,0.142857142857143,0.141935483870968,0,0,0,0,0,0,0,15.3
00-0033106,J.Goff,Jared Goff,QB,QB,DET,2022,12,REG,BUF,23,37,240,2,0,0,0,0,0,0,0,0,0,0,0,0,0,0,0,0,0,0,17.6
00-0033111,P.Cooper,Pharoh Cooper,WR,WR,ARI,2022,12,REG,LAC,0,0,0,0,0,0,0,0,0,0,0,0,0,0,0,0,0,0,0,0,0,0,0
00-0033118,K.Drake,Kenyan Drake,RB,RB,BAL,2022,12,REG,JAX,0,0,0,0,0,2,2,0,0,1,0,0,4,0.0333333333333333,0.0106382978723404,0,0,0,0,0,0,0,0.2
00-0033119,J.Brissett,Jacoby Brissett,QB,QB,CLE,2022,12,REG,TB,23,37,210,1,1,2,27,0,0,0,0,0,0,0,0,0,0,0,0,0,0,0,13.1
00-0033217,M.Alie-Cox,Mo Alie-Cox,TE,TE,IND,2022,12,REG,PIT,0,0,0,0,0,0,0,0,2,3,14,0,16,0.09375,0.0747663551401869,0,0,0,0,0,0,0,3.4
00-0033246,J.Mundt,Johnny Mundt,TE,TE,MIN,2022,12,REG,NE,0,0,0,0,0,0,0,0,2,2,20,0,6,0.0540540540540541,0.0277777777777778,0,0,0,0,0,0,0,4
00-0033251,Z.Pascal,Zach Pascal,WR,WR,PHI,2022,12,REG,GB,0,0,0,0,0,0,0,0,0,0,0,0,0,0,0,0,0,0,0,0,0,0,0
00-0033280,C.McCaffrey,Christian McCaffrey,RB,RB,SF,2022,12,REG,NO,0,0,0,0,0,11,32,0,4,6,17,0,21,0.162162162162162,0.100961538461538,0,0,0,0,0,0,0,8.9
00-0033282,C.Samuel,Curtis Samuel,WR,WR,WAS,2022,12,REG,ATL,0,0,0,0,0,4,13,0,0,0,0,0,0,0,0,0,0,0,0,0,0,0,1.3
00-0033288,G.Kittle,George Kittle,TE,TE,SF,2022,12,REG,NO,0,0,0,0,0,0,0,0,3,4,26,0,20,0.108108108108108,0.0961538461538462,0,0,0,0,0,0,0,5.6
00-0033292,T.Taylor,Trent Taylor,WR,WR,CIN,2022,12,REG,TEN,0,0,0,0,0,0,0,0,1,2,8,0,3,0.0555555555555556,0.0122448979591837,0,0,0,0,0,0,0,1.8
00-0033293,A.Jones,Aaron Jones,RB,RB,GB,2022,12,REG,PHI,0,0,0,0,0,12,43,0,3,4,56,1,36,0.16,0.193548387096774,0,0,0,0,0,0,0,18.9
00-0033307,K.Bourne,Kendrick Bourne,WR,WR,NE,2022,12,REG,MIN,0,0,0,0,0,1,-7,0,3,4,36,0,27,0.114285714285714,0.0870967741935484,0,0,0,0,0,0,0,5.9
00-0033308,M.Breida,Matt Breida,RB,RB,NYG,2022,12,REG,DAL,0,0,0,0,0,2,6,0,1,1,9,0,0,0.0344827586206897,0,0,0,0,0,0,0,0,2.5
00-0033357,T.Hill,Taysom Hill,TE,TE,NO,2022,12,REG,SF,0,1,0,0,0,6,13,0,1,2,7,0,10,0.0666666666666667,0.040650406504065,0,0,0,0,0,0,0,3
00-0033367,C.Board,C.J. Board,WR,WR,TEN,2022,12,REG,CIN,0,0,0,0,0,0,0,0,0,0,0,0,0,0,0,0,0,0,0,0,0,0,0
00-0033386,C.Hollister,Cody Hollister,WR,WR,TEN,2022,12,REG,CIN,0,0,0,0,0,0,0,0,0,0,0,0,0,0,0,0,0,0,0,0,0,0,0
00-0033455,A.Firkser,Anthony Firkser,TE,TE,ATL,2022,12,REG,WAS,0,0,0,0,0,0,0,0,1,1,16,0,11,0.0416666666666667,0.0753424657534247,0,0,0,0,0,0,0,2.6
00-0033466,I.McKenzie,Isaiah McKenzie,WR,WR,BUF,2022,12,REG,DET,0,0,0,0,0,2,7,0,6,10,96,1,131,0.256410256410256,0.303944315545244,0,0,0,0,0,0,0,22.3
00-0033526,S.Perine,Samaje Perine,RB,RB,CIN,2022,12,REG,TEN,0,0,0,0,0,17,58,1,4,7,35,0,-14,0.194444444444444,-0.0571428571428571,0,0,0,0,0,0,0,19.3
00-0033553,J.Conner,James Conner,RB,RB,ARI,2022,12,REG,LAC,0,0,0,0,0,25,120,0,3,3,20,1,-10,0.111111111111111,-0.0328947368421053,0,1,0,0,0,0,0,21
00-0033555,M.Hollins,Mack Hollins,WR,WR,LV,2022,12,REG,SEA,0,0,0,0,0,0,0,0,4,5,63,1,59,0.138888888888889,0.190938511326861,0,0,0,0,0,0,0,16.3
00-0033572,J.Agnew,Jamal Agnew,WR,WR,JAX,2022,12,REG,BAL,0,0,0,0,0,0,0,0,5,5,37,1,16,0.135135135135135,0.0647773279352227,0,0,0,0,0,0,0,14.7
00-0033591,N.Brown,Noah Brown,WR,WR,DAL,2022,12,REG,NYG,0,0,0,0,0,0,0,0,0,0,0,0,0,0,0,0,0,0,0,0,0,0,0
00-0033681,K.Cole,Keelan Cole,WR,WR,LV,2022,12,REG,SEA,0,0,0,0,0,0,0,0,2,2,12,0,11,0.0555555555555556,0.0355987055016181,0,0,0,0,0,0,0,3.2
00-0033699,A.Ekeler,Austin Ekeler,RB,RB,LAC,2022,12,REG,ARI,0,0,0,0,0,5,20,0,11,15,60,1,-7,0.319148936170213,-0.0397727272727273,0,0,0,0,0,0,0,25
00-0033725,C.Clement,Corey Clement,RB,RB,ARI,2022,12,REG,LAC,0,0,0,0,0,0,0,0,1,1,8,0,0,0.037037037037037,0,0,0,0,0,0,0,0,1.8
00-0033757,R.Tonyan,Robert Tonyan,TE,TE,GB,2022,12,REG,PHI,0,0,0,0,0,0,0,0,3,3,20,0,14,0.12,0.0752688172043011,0,0,0,0,0,0,0,5
00-0033854,D.Ogunbowale,Dare Ogunbowale,RB,RB,HOU,2022,12,REG,MIA,0,0,0,0,0,4,14,1,1,2,6,0,-3,0.0526315789473684,-0.0142857142857143,0,0,0,0,0,0,0,9
00-0033857,J.Smith-Schuster,JuJu Smith-Schuster,WR,WR,KC,2022,12,REG,LA,0,0,0,0,0,0,0,0,3,3,38,0,24,0.0810810810810811,0.0919540229885057,0,0,0,0,0,0,0,6.8
00-0033871,C.Davis,Corey Davis,WR,WR,NYJ,2022,12,REG,CHI,0,0,0,0,0,0,0,0,1,3,9,0,18,0.107142857142857,0.116129032258065,0,0,0,0,0,0,0,1.9
00-0033873,P.Mahomes,Patrick Mahomes,QB,QB,KC,2022,12,REG,LA,27,42,320,1,1,4,36,0,0,0,0,0,0,0,0,0,0,0,0,0,0,0,18.4
00-0033879,O.Howard,O.J. Howard,TE,TE,HOU,2022,12,REG,MIA,0,0,0,0,0,0,0,0,0,2,0,0,34,0.0526315789473684,0.161904761904762,0,0,0,0,0,0,0,0
00-0033881,E.Engram,Evan Engram,TE,TE,JAX,2022,12,REG,BAL,0,0,0,0,0,0,0,0,1,1,4,0,4,0.027027027027027,0.0161943319838057,0,0,0,0,0,0,0,1.4
00-0033885,D.Njoku,David Njoku,TE,TE,CLE,2022,12,REG,TB,0,0,0,0,0,0,0,0,5,7,29,1,57,0.194444444444444,0.135714285714286,0,0,0,0,0,0,0,13.9
00-0033891,Z.Jones,Zay Jones,WR,WR,JAX,2022,12,REG,BAL,0,0,0,0,0,0,0,0,11,14,145,0,128,0.378378378378378,0.518218623481781,0,0,0,0,0,1,0,27.5
00-0033893,D.Cook,Dalvin Cook,RB,RB,MIN,2022,12,REG,NE,0,0,0,0,0,22,42,0,4,5,14,0,-3,0.135135135135135,-0.0138888888888889,0,0,0,0,0,0,0,9.6
00-0033895,G.Everett,Gerald Everett,TE,TE,LAC,2022,12,REG,ARI,0,0,0,0,0,0,0,0,4,4,18,0,7,0.0851063829787234,0.0397727272727273,0,0,0,0,0,1,0,7.8
00-0033906,A.Kamara,Alvin Kamara,RB,RB,NO,2022,12,REG,SF,0,0,0,0,0,7,13,0,6,7,37,0,1,0.233333333333333,0.0040650406504065,0,1,1,0,0,0,0,7
00-0033921,C.Godwin,Chris Godwin,WR,WR,TB,2022,12,REG,CLE,0,0,0,0,0,0,0,0,12,13,110,1,93,0.30952380952381,0.237851662404092,0,0,0,0,0,0,0,29
00-0033923,K.Hunt,Kareem Hunt,RB,RB,CLE,2022,12,REG,TB,0,0,0,0,0,5,15,0,1,2,6,0,2,0.0555555555555556,0.00476190476190476,0,0,0,0,0,0,0,3.1
00-0033925,D.Foreman,D'Onta Foreman,RB,RB,CAR,2022,12,REG,DEN,0,0,0,0,0,24,113,0,0,0,0,0,0,0,0,0,0,0,0,0,0,0,11.3
00-0033948,Ja.Williams,Jamaal Williams,RB,RB,DET,2022,12,REG,BUF,0,0,0,0,0,18,66,1,0,0,0,0,0,0,0,0,1,0,0,0,0,0,10.6
00-0033951,M.Mack,Marlon Mack,RB,RB,DEN,2022,12,REG,CAR,0,0,0,0,0,2,7,0,1,1,5,0,0,0.03125,0,0,0,0,0,0,0,0,2.2
00-0034054,R.Cracraft,River Cracraft,WR,WR,MIA,2022,12,REG,HOU,0,0,0,0,0,0,0,0,4,4,55,0,33,0.105263157894737,0.0709677419354839,0,0,0,0,0,0,0,9.5
00-0034115,J.Wilson,Jeffery Wilson,RB,RB,MIA,2022,12,REG,HOU,0,0,0,0,0,13,39,1,1,3,13,0,10,0.0789473684210526,0.021505376344086,0,0,0,0,0,0,0,12.2
00-0034159,W.Dissly,Will Dissly,TE,TE,SEA,2022,12,REG,LV,0,0,0,0,0,0,0,0,2,3,17,0,27,0.0810810810810811,0.0934256055363322,0,0,0,0,0,0,0,3.7
00-0034184,G.Edwards,Gus Edwards,RB,RB,BAL,2022,12,REG,JAX,0,0,0,0,0,16,52,1,0,1,0,0,4,0.0333333333333333,0.0106382978723404,0,1,0,0,0,0,0,9.2
00-0034253,D.Hilliard,Dontrell Hilliard,RB,RB,TEN,2022,12,REG,CIN,0,0,0,0,0,2,16,0,3,3,3,0,1,0.0882352941176471,0.00350877192982456,0,0,0,0,0,0,0,4.9
00-0034270,T.Conklin,Tyler Conklin,TE,TE,NYJ,2022,12,REG,CHI,0,0,0,0,0,0,0,0,3,3,50,0,28,0.107142857142857,0.180645161290323,0,0,0,0,0,0,0,8
00-0034272,M.Valdes-Scantling,Marquez Valdes-Scantling,WR,WR,KC,2022,12,REG,LA,0,0,0,0,0,0,0,0,4,5,56,0,56,0.135135135135135,0.21455938697318,0,0,0,0,0,0,0,9.6
00-0034279,E.St. Brown,Equanimeous St. Brown,WR,WR,CHI,2022,12,REG,NYJ,0,0,0,0,0,0,0,0,1,2,7,0,16,0.0833333333333333,0.0930232558139535,0,0,0,0,0,0,0,1.7
00-0034286,R.James,Richie James,WR,WR,NYG,2022,12,REG,DAL,0,0,0,0,0,0,0,0,5,6,41,1,33,0.206896551724138,0.141630901287554,0,0,0,0,0,0,0,15.1
00-0034297,B.Pringle,Byron Pringle,WR,WR,CHI,2022,12,REG,NYJ,0,0,0,0,0,0,0,0,2,2,12,1,10,0.0833333333333333,0.0581395348837209,0,0,0,0,0,0,0,9.2
00-0034348,C.Sutton,Courtland Sutton,WR,WR,DEN,2022,12,REG,CAR,0,0,0,0,0,0,0,0,6,8,75,0,85,0.25,0.22911051212938,0,0,0,0,0,0,0,13.5
00-0034364,J.Akins,Jordan Akins,TE,TE,HOU,2022,12,REG,MIA,0,0,0,0,0,0,0,0,5,5,61,1,15,0.131578947368421,0.0714285714285714,0,0,1,0,0,0,0,15.1
00-0034365,I.Thomas,Ian Thomas,TE,TE,CAR,2022,12,REG,DEN,0,0,0,0,0,0,0,0,2,2,21,0,0,0.117647058823529,0,0,0,0,0,0,0,0,4.1
00-0034367,N.Hines,Nyheim Miller-Hines,RB,RB,BUF,2022,12,REG,DET,0,0,0,0,0,1,3,0,0,0,0,0,0,0,0,0,0,0,0,0,0,0,0.3
00-0034383,D.Schultz,Dalton Schultz,TE,TE,DAL,2022,12,REG,NYG,0,0,0,0,0,0,0,0,4,4,31,2,27,0.137931034482759,0.0767045454545455,0,0,0,0,0,0,0,19.1
00-0034386,Ju.Watson,Justin Watson,WR,WR,KC,2022,12,REG,LA,0,0,0,0,0,0,0,0,2,2,26,0,22,0.0540540540540541,0.0842911877394636,0,0,0,0,0,0,0,4.6
00-0034401,M.White,Mike White,QB,QB,NYJ,2022,12,REG,CHI,22,28,315,3,0,3,2,0,0,0,0,0,0,0,0,0,0,0,0,0,0,0,24.8
00-0034407,R.McCloud,Ray-Ray McCloud,WR,WR,SF,2022,12,REG,NO,0,0,0,0,0,0,0,0,1,1,12,0,12,0.027027027027027,0.0576923076923077,0,0,0,0,0,0,0,2.2
00-0034414,B.Scott,Boston Scott,RB,RB,PHI,2022,12,REG,GB,0,0,0,0,0,3,24,0,0,0,0,0,0,0,0,0,0,0,0,0,0,0,2.4
00-0034418,C.Wilson,Cedrick Wilson,WR,WR,MIA,2022,12,REG,HOU,0,0,0,0,0,0,0,0,2,3,26,0,38,0.0789473684210526,0.0817204301075269,0,0,0,0,0,0,0,4.6
00-0034419,B.Berrios,Braxton Berrios,WR,WR,NYJ,2022,12,REG,CHI,0,0,0,0,0,2,9,0,1,1,4,0,1,0.0357142857142857,0.00645161290322581,0,0,0,0,0,0,0,2.3
00-0034440,J.Jackson,Justin Jackson,RB,RB,DET,2022,12,REG,BUF,0,0,0,0,0,4,4,0,1,2,15,0,-5,0.0571428571428571,-0.0197628458498024,0,0,0,0,0,0,0,2.9
00-0034487,T.Sherfield,Trent Sherfield,WR,WR,MIA,2022,12,REG,HOU,0,0,0,0,0,0,0,0,2,5,33,0,93,0.131578947368421,0.2,0,0,0,0,0,0,0,5.3
00-0034521,A.Lazard,Allen Lazard,WR,WR,GB,2022,12,REG,PHI,0,0,0,0,0,0,0,0,2,3,24,0,34,0.12,0.182795698924731,0,0,0,0,0,0,0,4.4
00-0034577,K.Allen,Kyle Allen,QB,QB,HOU,2022,12,REG,MIA,26,39,215,1,2,4,12,0,0,0,0,0,0,0,0,0,0,0,0,0,0,0,9.8
00-0034613,T.Hudson,Tanner Hudson,TE,TE,NYG,2022,12,REG,DAL,0,0,0,0,0,0,0,0,1,1,10,0,10,0.0344827586206897,0.0429184549356223,0,0,0,0,0,0,0,2
00-0034646,B.Powell,Brandon Powell,WR,WR,LA,2022,12,REG,KC,0,0,0,0,0,0,0,0,2,2,6,0,2,0.0833333333333333,0.013986013986014,0,0,0,0,0,0,0,2.6
00-0034753,M.Andrews,Mark Andrews,TE,TE,BAL,2022,12,REG,JAX,0,0,0,0,0,0,0,0,4,7,50,0,92,0.233333333333333,0.24468085106383,0,0,0,0,0,1,0,11
00-0034764,M.Gallup,Michael Gallup,WR,WR,DAL,2022,12,REG,NYG,0,0,0,0,0,0,0,0,5,8,63,0,135,0.275862068965517,0.383522727272727,0,0,0,0,0,0,0,11.3
00-0034765,T.Smith,Tre'Quan Smith,WR,WR,NO,2022,12,REG,SF,0,0,0,0,0,0,0,0,1,1,8,0,7,0.0333333333333333,0.0284552845528455,0,0,0,0,0,0,0,1.8
00-0034775,C.Kirk,Christian Kirk,WR,WR,JAX,2022,12,REG,BAL,0,0,0,0,0,1,-5,0,4,9,46,0,63,0.243243243243243,0.255060728744939,0,0,0,0,0,0,0,8.1
00-0034777,D.Chark,D.J. Chark,WR,WR,DET,2022,12,REG,BUF,0,0,0,0,0,0,0,0,2,5,16,1,84,0.142857142857143,0.33201581027668,0,0,0,0,0,0,0,9.6
00-0034791,N.Chubb,Nick Chubb,RB,RB,CLE,2022,12,REG,TB,0,0,0,0,0,26,116,1,1,1,16,0,1,0.0277777777777778,0.00238095238095238,0,0,0,0,0,0,0,20.2
00-0034796,L.Jackson,Lamar Jackson,QB,QB,BAL,2022,12,REG,JAX,16,32,254,1,0,14,89,0,0,0,0,0,0,0,0,0,1,0,1,0,0,0,23.06
00-0034798,D.Smythe,Durham Smythe,TE,TE,MIA,2022,12,REG,HOU,0,0,0,0,0,0,0,0,1,1,4,1,4,0.0263157894736842,0.00860215053763441,0,0,0,0,0,0,0,7.4
00-0034816,R.Jones,Ronald Jones,RB,RB,KC,2022,12,REG,LA,0,0,0,0,0,4,12,0,1,1,22,0,-1,0.027027027027027,-0.00383141762452107,0,0,0,0,0,0,0,4.4
00-0034827,D.Moore,D.J. Moore,WR,WR,CAR,2022,12,REG,DEN,0,0,0,0,0,0,0,0,4,6,103,1,141,0.352941176470588,0.72680412371134,0,0,0,0,0,0,0,20.3
00-0034829,M.Gesicki,Mike Gesicki,TE,TE,MIA,2022,12,REG,HOU,0,0,0,0,0,0,0,0,0,1,0,0,5,0.0263157894736842,0.010752688172043,0,0,0,0,0,0,0,0
00-0034830,H.Hurst,Hayden Hurst,TE,TE,CIN,2022,12,REG,TEN,0,0,0,0,0,0,0,0,6,9,57,0,41,0.25,0.16734693877551,0,0,0,0,0,0,0,11.7
00-0034844,S.Barkley,Saquon Barkley,RB,RB,NYG,2022,12,REG,DAL,0,0,0,0,0,11,39,1,4,6,13,0,3,0.206896551724138,0.0128755364806867,0,0,0,0,0,0,0,15.2
00-0034857,J.Allen,Josh Allen,QB,QB,BUF,2022,12,REG,DET,24,42,253,2,1,10,78,1,0,0,0,0,0,0,0,0,0,0,0,0,0,0,29.92
00-0034860,D.Pettis,Dante Pettis,WR,WR,CHI,2022,12,REG,NYJ,0,0,0,0,0,0,0,0,1,2,12,0,18,0.0833333333333333,0.104651162790698,0,0,0,0,0,0,0,2.2
00-0034869,S.Darnold,Sam Darnold,QB,QB,CAR,2022,12,REG,DEN,11,19,164,1,0,3,3,1,0,0,0,0,0,0,0,0,0,0,0,0,0,0,16.86
00-0034928,S.Sims,Steven Sims,WR,WR,PIT,2022,12,REG,IND,0,0,0,0,0,0,0,0,2,3,9,0,8,0.107142857142857,0.049079754601227,0,0,0,0,0,0,0,2.9
00-0034960,J.Meyers,Jakobi Meyers,WR,WR,NE,2022,12,REG,MIN,0,0,0,0,0,0,0,0,3,4,62,0,86,0.114285714285714,0.27741935483871,0,0,0,0,0,0,0,9.2
00-0034972,A.Mattison,Alexander Mattison,RB,RB,MIN,2022,12,REG,NE,0,0,0,0,0,3,11,0,0,0,0,0,0,0,0,0,0,0,0,0,0,0,1.1
00-0034975,J.Hill,Justice Hill,RB,RB,BAL,2022,12,REG,JAX,0,0,0,0,0,1,3,0,0,0,0,0,0,0,0,0,0,0,0,0,0,0,0.3
00-0034981,F.Moreau,Foster Moreau,TE,TE,LV,2022,12,REG,SEA,0,0,0,0,0,0,0,0,3,7,33,1,94,0.194444444444444,0.3042071197411,0,0,0,0,0,0,0,12.3
00-0035021,A.Dulin,Ashton Dulin,WR,WR,IND,2022,12,REG,PIT,0,0,0,0,0,0,0,0,0,0,0,0,0,0,0,0,0,0,0,0,0,0,0
00-0035184,D.Ozigbo,Devine Ozigbo,RB,RB,DEN,2022,12,REG,CAR,0,0,0,0,0,0,0,0,1,1,3,0,-4,0.03125,-0.0107816711590297,0,0,0,0,0,0,0,1.3
00-0035208,O.Zaccheaus,Olamide Zaccheaus,WR,WR,ATL,2022,12,REG,WAS,0,0,0,0,0,0,0,0,5,8,91,0,82,0.333333333333333,0.561643835616438,0,0,0,0,0,0,0,14.1
00-0035216,D.Johnson,Diontae Johnson,WR,WR,PIT,2022,12,REG,IND,0,0,0,0,0,0,0,0,5,8,49,0,55,0.285714285714286,0.337423312883436,0,0,0,0,0,0,0,9.9
00-0035217,B.Snell,Benny Snell,RB,RB,PIT,2022,12,REG,IND,0,0,0,0,0,12,62,1,1,1,6,0,-4,0.0357142857142857,-0.0245398773006135,0,0,0,0,0,0,0,13.8
00-0035222,Z.Gentry,Zach Gentry,TE,TE,PIT,2022,12,REG,IND,0,0,0,0,0,0,0,0,1,1,-4,0,-4,0.0357142857142857,-0.0245398773006135,0,0,0,0,0,0,0,0.6
00-0035228,K.Murray,Kyler Murray,QB,QB,ARI,2022,12,REG,LAC,18,29,191,2,1,7,56,1,0,0,0,0,0,0,0,0,0,0,0,0,0,0,25.24
00-0035229,T.Hockenson,T.J. Hockenson,TE,TE,MIN,2022,12,REG,NE,0,0,0,0,0,0,0,0,5,6,43,1,25,0.162162162162162,0.115740740740741,0,0,0,0,0,0,0,15.3
00-0035243,M.Sanders,Miles Sanders,RB,RB,PHI,2022,12,REG,GB,0,0,0,0,0,21,143,2,3,3,17,0,9,0.12,0.0456852791878173,0,0,0,0,0,0,0,31
00-0035249,J.Oliver,Josh Oliver,TE,TE,BAL,2022,12,REG,JAX,0,0,0,0,0,0,0,0,4,6,76,1,74,0.2,0.196808510638298,0,0,0,0,0,0,0,17.6
00-0035250,D.Singletary,Devin Singletary,RB,RB,BUF,2022,12,REG,DET,0,0,0,0,0,14,72,0,1,1,8,0,0,0.0256410256410256,0,0,0,0,0,0,0,0,9
00-0035259,T.Wesco,Trevon Wesco,TE,TE,CHI,2022,12,REG,NYJ,0,0,0,0,0,0,0,0,1,1,3,0,1,0.0416666666666667,0.00581395348837209,0,0,0,0,0,0,0,1.3
00-0035261,T.Pollard,Tony Pollard,RB,RB,DAL,2022,12,REG,NYG,0,0,0,0,0,18,60,0,2,2,1,0,0,0.0689655172413793,0,0,0,0,0,0,0,0,8.1
00-0035291,T.Williams,Trayveon Williams,RB,RB,CIN,2022,12,REG,TEN,0,0,0,0,0,2,18,0,1,1,24,0,16,0.0277777777777778,0.0653061224489796,0,0,0,0,0,0,0,5.2
00-0035311,M.Gaskin,Myles Gaskin,RB,RB,MIA,2022,12,REG,HOU,0,0,0,0,0,6,17,0,1,1,4,0,3,0.0263157894736842,0.00645161290322581,0,0,0,0,0,0,0,3.1
00-0035341,T.Irwin,Trenton Irwin,WR,WR,CIN,2022,12,REG,TEN,0,0,0,0,0,0,0,0,1,4,16,0,50,0.111111111111111,0.204081632653061,0,0,0,0,0,0,0,2.6
00-0035345,C.Myarick,Chris Myarick,TE,TE,NYG,2022,12,REG,DAL,0,0,0,0,0,0,0,0,1,1,23,0,10,0.0344827586206897,0.0429184549356223,0,0,0,0,0,0,0,3.3
00-0035399,S.Morgan,Stanley Morgan,WR,WR,CIN,2022,12,REG,TEN,0,0,0,0,0,0,0,0,0,0,0,0,0,0,0,0,0,0,0,0,0,0,0
00-0035535,D.Slayton,Darius Slayton,WR,WR,NYG,2022,12,REG,DAL,0,0,0,0,0,0,0,0,3,6,63,0,108,0.206896551724138,0.463519313304721,0,0,0,0,0,0,0,9.3
00-0035537,T.Johnson,Ty Johnson,RB,RB,NYJ,2022,12,REG,CHI,0,0,0,0,0,5,62,1,1,2,16,0,3,0.0714285714285714,0.0193548387096774,0,0,0,0,0,0,0,14.8
00-0035547,J.Fortson,Joseph Fortson,TE,TE,KC,2022,12,REG,LA,0,0,0,0,0,0,0,0,2,3,26,0,26,0.0810810810810811,0.0996168582375479,0,0,0,0,0,0,0,4.6
00-0035562,J.Horsted,Jesper Horsted,TE,TE,LV,2022,12,REG,SEA,0,0,0,0,0,0,0,0,0,0,0,0,0,0,0,0,0,0,0,0,0,0,0
00-0035572,P.Hesse,Parker Hesse,TE,TE,ATL,2022,12,REG,WAS,0,0,0,0,0,0,0,0,1,2,9,0,11,0.0833333333333333,0.0753424657534247,0,0,0,0,0,0,0,1.9
00-0035594,T.Homer,Travis Homer,RB,RB,SEA,2022,12,REG,LV,0,0,0,0,0,2,8,0,2,3,45,1,19,0.0810810810810811,0.0657439446366782,0,0,0,0,0,0,0,13.3
00-0035639,P.Campbell,Parris Campbell,WR,WR,IND,2022,12,REG,PIT,0,0,0,0,0,0,0,0,2,3,14,0,23,0.09375,0.107476635514019,0,0,0,0,0,0,0,3.4
00-0035640,D.Metcalf,DK Metcalf,WR,WR,SEA,2022,12,REG,LV,0,0,0,0,0,0,0,0,11,15,90,0,97,0.405405405405405,0.335640138408305,0,0,0,0,0,0,0,20
00-0035644,N.Fant,Noah Fant,TE,TE,SEA,2022,12,REG,LV,0,0,0,0,0,0,0,0,3,3,34,0,33,0.0810810810810811,0.114186851211073,0,0,0,0,0,0,0,6.4
00-0035645,G.Olszewski,Gunner Olszewski,WR,WR,PIT,2022,12,REG,IND,0,0,0,0,0,1,9,0,0,0,0,0,0,0,0,0,0,0,0,0,0,0,0.9
00-0035657,D.Harris,Damien Harris,RB,RB,NE,2022,12,REG,MIN,0,0,0,0,0,5,16,0,0,0,0,0,0,0,0,0,0,0,0,0,0,0,1.6
00-0035659,T.McLaurin,Terry McLaurin,WR,WR,WAS,2022,12,REG,ATL,0,0,0,0,0,1,5,0,4,6,48,0,68,0.272727272727273,0.465753424657534,0,0,0,0,0,0,0,9.3
00-0035662,M.Brown,Marquise Brown,WR,WR,ARI,2022,12,REG,LAC,0,0,0,0,0,0,0,0,6,8,46,0,88,0.296296296296296,0.289473684210526,0,0,0,0,0,0,0,10.6
00-0035676,A.Brown,A.J. Brown,WR,WR,PHI,2022,12,REG,GB,0,0,0,0,0,0,0,0,4,6,46,1,46,0.24,0.233502538071066,0,0,1,0,0,0,0,12.6
00-0035685,D.Montgomery,David Montgomery,RB,RB,CHI,2022,12,REG,NYJ,0,0,0,0,0,14,79,0,3,4,34,0,0,0.166666666666667,0,0,0,0,0,0,0,0,14.3
00-0035689,D.Knox,Dawson Knox,TE,TE,BUF,2022,12,REG,DET,0,0,0,0,0,0,0,0,2,2,17,0,15,0.0512820512820513,0.0348027842227378,0,0,0,0,0,0,0,3.7
00-0035700,J.Jacobs,Josh Jacobs,RB,RB,LV,2022,12,REG,SEA,0,0,0,0,0,33,229,2,6,7,74,0,22,0.194444444444444,0.0711974110032362,0,0,0,0,0,0,0,48.3
00-0035710,D.Jones,Daniel Jones,QB,QB,NYG,2022,12,REG,DAL,21,35,228,1,0,3,14,0,0,0,0,0,0,0,0,0,0,0,0,0,0,0,14.52
00-0035719,D.Samuel,Deebo Samuel,WR,WR,SF,2022,12,REG,NO,0,0,0,0,0,2,0,0,3,7,43,0,17,0.189189189189189,0.0817307692307692,0,0,0,0,0,0,0,7.3
00-0035806,J.Hasty,Jamycal Hasty,RB,RB,JAX,2022,12,REG,BAL,0,0,0,0,0,12,28,0,5,5,67,1,18,0.135135135135135,0.0728744939271255,0,0,0,0,0,0,0,20.5
00-0035864,K.Hinton,Kendall Hinton,WR,WR,DEN,2022,12,REG,CAR,0,0,0,0,0,1,13,0,5,9,35,0,83,0.28125,0.223719676549865,0,0,0,0,0,0,0,9.8
00-0035876,A.Baccellia,Andre Baccellia,WR,WR,ARI,2022,12,REG,LAC,0,0,0,0,0,0,0,0,1,1,7,0,5,0.037037037037037,0.0164473684210526,0,0,0,0,0,0,0,1.7
00-0035891,C.White,Cody White,WR,WR,PIT,2022,12,REG,IND,0,0,0,0,0,0,0,0,1,1,2,0,0,0.0357142857142857,0,0,0,0,0,0,0,0,1.2
00-0035939,B.Perkins,Bryce Perkins,QB,QB,LA,2022,12,REG,KC,13,23,100,1,2,9,44,0,0,0,0,0,0,0,0,0,0,0,0,0,0,0,8.4
00-0036040,J.Johnson,Juwan Johnson,TE,TE,NO,2022,12,REG,SF,0,0,0,0,0,0,0,0,0,2,0,0,18,0.0666666666666667,0.0731707317073171,0,0,0,0,0,0,0,0
00-0036145,L.Cager,Lawrence Cager,TE,TE,NYG,2022,12,REG,DAL,0,0,0,0,0,0,0,0,1,2,20,0,-1,0.0689655172413793,-0.00429184549356223,0,0,0,0,0,0,0,3
00-0036165,I.Hodgins,Isaiah Hodgins,WR,WR,NYG,2022,12,REG,DAL,0,0,0,0,0,0,0,0,3,4,31,0,42,0.137931034482759,0.180257510729614,0,0,0,0,0,0,0,6.1
00-0036182,N.Westbrook-Ikhine,Nick Westbrook-Ikhine,WR,WR,TEN,2022,12,REG,CIN,0,0,0,0,0,0,0,0,4,6,58,0,56,0.176470588235294,0.196491228070175,0,0,0,0,0,0,0,9.8
00-0036196,G.Davis,Gabe Davis,WR,WR,BUF,2022,12,REG,DET,0,0,0,0,0,0,0,0,4,5,38,0,61,0.128205128205128,0.1415313225058,0,0,0,0,0,0,0,7.8
00-0036212,T.Tagovailoa,Tua Tagovailoa,QB,QB,MIA,2022,12,REG,HOU,22,36,299,1,0,0,0,0,0,0,0,0,0,0,0,0,0,0,0,0,0,0,15.96
00-0036223,J.Taylor,Jonathan Taylor,RB,RB,IND,2022,12,REG,PIT,0,0,0,0,0,20,86,1,3,4,12,0,-12,0.125,-0.0560747663551402,0,0,0,0,0,0,0,18.8
00-0036232,H.Bryant,Harrison Bryant,TE,TE,CLE,2022,12,REG,TB,0,0,0,0,0,0,0,0,2,2,9,0,9,0.0555555555555556,0.0214285714285714,0,0,0,0,0,0,0,2.9
00-0036233,D.Peoples-Jones,Donovan Peoples-Jones,WR,WR,CLE,2022,12,REG,TB,0,0,0,0,0,0,0,0,2,4,16,0,35,0.111111111111111,0.0833333333333333,0,0,0,0,0,0,0,3.6
00-0036250,T.Davis,Tyler Davis,TE,TE,GB,2022,12,REG,PHI,0,0,0,0,0,0,0,0,0,1,0,0,10,0.04,0.0537634408602151,0,0,0,0,0,0,0,0
00-0036251,Z.Moss,Zack Moss,RB,RB,IND,2022,12,REG,PIT,0,0,0,0,0,1,2,0,0,0,0,0,0,0,0,0,0,0,0,0,0,0,0.2
00-0036252,M.Pittman,Michael Pittman,WR,WR,IND,2022,12,REG,PIT,0,0,0,0,0,0,0,0,7,11,61,1,76,0.34375,0.355140186915888,0,0,0,0,0,0,0,19.1
00-0036255,D.Mims,Denzel Mims,WR,WR,NYJ,2022,12,REG,CHI,0,0,0,0,0,0,0,0,1,1,11,0,7,0.0357142857142857,0.0451612903225806,0,0,0,0,0,0,0,2.1
00-0036259,J.Jennings,Jauan Jennings,WR,WR,SF,2022,12,REG,NO,0,0,0,0,0,0,0,0,6,7,49,1,42,0.189189189189189,0.201923076923077,0,0,0,0,0,0,0,16.9
00-0036261,B.Aiyuk,Brandon Aiyuk,WR,WR,SF,2022,12,REG,NO,0,0,0,0,0,0,0,0,5,8,65,0,98,0.216216216216216,0.471153846153846,0,0,0,0,0,0,0,11.5
00-0036264,J.Love,Jordan Love,QB,QB,GB,2022,12,REG,PHI,6,9,113,1,0,0,0,0,0,0,0,0,0,0,0,0,0,0,0,0,0,0,8.52
00-0036265,A.Dillon,A.J. Dillon,RB,RB,GB,2022,12,REG,PHI,0,0,0,0,0,8,64,1,3,4,24,0,-21,0.16,-0.112903225806452,0,0,0,0,0,0,0,17.8
00-0036268,L.Shenault,Laviska Shenault Jr.,WR,WR,CAR,2022,12,REG,DEN,0,0,0,0,0,1,2,0,2,2,19,0,-6,0.117647058823529,-0.0309278350515464,0,0,0,0,0,0,0,4.1
00-0036271,Q.Watkins,Quez Watkins,WR,WR,PHI,2022,12,REG,GB,0,0,0,0,0,0,0,0,3,5,35,1,50,0.2,0.253807106598985,0,0,0,0,0,0,0,12.5
00-0036275,D.Swift,D'Andre Swift,RB,RB,DET,2022,12,REG,BUF,0,0,0,0,0,5,19,0,4,8,24,0,23,0.228571428571429,0.0909090909090909,0,0,0,0,1,0,0,10.3
00-0036290,C.Kmet,Cole Kmet,TE,TE,CHI,2022,12,REG,NYJ,0,0,0,0,0,0,0,0,3,6,27,0,42,0.25,0.244186046511628,0,0,0,0,0,0,0,5.7
00-0036297,D.Evans,Darrynton Evans,RB,RB,CHI,2022,12,REG,NYJ,0,0,0,0,0,9,34,0,1,1,33,0,2,0.0416666666666667,0.0116279069767442,0,0,0,0,0,0,0,7.7
00-0036322,J.Jefferson,Justin Jefferson,WR,WR,MIN,2022,12,REG,NE,1,1,11,0,0,0,0,0,9,11,139,1,108,0.297297297297297,0.5,0,0,0,0,0,0,0,29.34
00-0036326,C.Claypool,Chase Claypool,WR,WR,CHI,2022,12,REG,NYJ,0,0,0,0,0,0,0,0,2,5,51,0,87,0.208333333333333,0.505813953488372,0,0,0,0,0,0,0,7.1
00-0036328,A.Gibson,Antonio Gibson,RB,RB,WAS,2022,12,REG,ATL,0,0,0,0,0,9,32,0,3,3,22,0,6,0.136363636363636,0.0410958904109589,0,0,0,0,0,0,0,8.4
00-0036331,D.Duvernay,Devin Duvernay,WR,WR,BAL,2022,12,REG,JAX,0,0,0,0,0,2,16,0,3,5,23,0,53,0.166666666666667,0.140957446808511,0,0,0,0,0,0,0,6.9
00-0036336,A.McFarland,Anthony McFarland,RB,RB,PIT,2022,12,REG,IND,0,0,0,0,0,6,30,0,2,2,11,0,-4,0.0714285714285714,-0.0245398773006135,0,0,0,0,0,0,0,6.1
00-0036345,K.Osborn,K.J. Osborn,WR,WR,MIN,2022,12,REG,NE,0,0,0,0,0,1,5,0,1,2,8,0,22,0.0540540540540541,0.101851851851852,0,0,0,0,0,0,0,2.3
00-0036355,J.Herbert,Justin Herbert,QB,QB,LAC,2022,12,REG,ARI,35,47,274,3,0,4,38,0,0,0,0,0,0,0,0,0,0,0,1,0,0,0,28.76
00-0036358,C.Lamb,CeeDee Lamb,WR,WR,DAL,2022,12,REG,NYG,0,0,0,0,0,2,11,0,6,11,106,0,168,0.379310344827586,0.477272727272727,0,0,0,0,0,0,0,17.7
00-0036370,J.Kelley,Joshua Kelley,RB,RB,LAC,2022,12,REG,ARI,0,0,0,0,0,2,4,0,2,3,16,0,8,0.0638297872340426,0.0454545454545455,0,0,0,0,0,0,0,4
00-0036387,J.Reagor,Jalen Reagor,WR,WR,MIN,2022,12,REG,NE,0,0,0,0,0,0,0,0,1,1,25,0,13,0.027027027027027,0.0601851851851852,0,0,0,0,0,0,0,3.5
00-0036389,J.Hurts,Jalen Hurts,QB,QB,PHI,2022,12,REG,GB,16,28,153,2,0,17,157,0,0,0,0,0,0,0,0,0,0,0,0,0,0,0,29.82
00-0036410,T.Higgins,Tee Higgins,WR,WR,CIN,2022,12,REG,TEN,0,0,0,0,0,0,0,0,7,9,114,1,130,0.25,0.530612244897959,0,0,0,0,0,0,0,24.4
00-0036414,C.Akers,Cam Akers,RB,RB,LA,2022,12,REG,KC,0,0,0,0,0,8,37,0,0,0,0,0,0,0,0,0,0,0,0,0,0,0,3.7
00-0036415,V.Jefferson,Van Jefferson,WR,WR,LA,2022,12,REG,KC,0,0,0,0,0,0,0,0,3,6,29,1,57,0.25,0.398601398601399,0,0,0,0,0,0,0,11.9
00-0036422,A.Trautman,Adam Trautman,TE,TE,NO,2022,12,REG,SF,0,0,0,0,0,0,0,0,1,1,17,0,4,0.0333333333333333,0.016260162601626,0,0,0,0,0,0,0,2.7
00-0036424,B.Hopkins,Brycen Hopkins,TE,TE,LA,2022,12,REG,KC,0,0,0,0,0,0,0,0,1,2,12,0,12,0.0833333333333333,0.0839160839160839,0,0,0,0,0,0,0,2.2
00-0036425,D.Dallas,DeeJay Dallas,RB,RB,SEA,2022,12,REG,LV,0,0,0,0,0,1,2,0,2,2,13,0,-3,0.0540540540540541,-0.0103806228373702,0,0,0,0,0,0,0,3.5
00-0036429,C.Woerner,Charlie Woerner,TE,TE,SF,2022,12,REG,NO,0,0,0,0,0,0,0,0,0,0,0,0,0,0,0,0,0,0,0,0,0,0,0
00-0036442,J.Burrow,Joe Burrow,QB,QB,CIN,2022,12,REG,TEN,22,37,270,1,0,9,32,0,0,0,0,0,0,0,0,0,0,0,0,0,0,0,18
00-0036450,K.Vaughn,Ke'Shawn Vaughn,RB,RB,TB,2022,12,REG,CLE,0,0,0,0,0,4,15,0,0,0,0,0,0,0,0,0,0,0,0,0,0,0,1.5
00-0036497,T.Jones,Tim Jones,WR,WR,JAX,2022,12,REG,BAL,0,0,0,0,0,0,0,0,0,0,0,0,0,0,0,0,0,0,0,0,0,0,0
00-0036554,N.Collins,Nico Collins,WR,WR,HOU,2022,12,REG,MIA,0,0,0,0,0,0,0,0,6,9,44,0,46,0.236842105263158,0.219047619047619,0,0,0,0,0,0,0,10.4
00-0036555,C.Hubbard,Chuba Hubbard,RB,RB,CAR,2022,12,REG,DEN,0,0,0,0,0,17,65,0,0,0,0,0,0,0,0,0,0,0,0,0,0,0,6.5
00-0036567,E.Mitchell,Elijah Mitchell,RB,RB,SF,2022,12,REG,NO,0,0,0,0,0,7,35,0,2,2,8,0,-4,0.0540540540540541,-0.0192307692307692,0,0,0,0,0,0,0,6.3
00-0036569,G.Brightwell,Gary Brightwell,RB,RB,NYG,2022,12,REG,DAL,0,0,0,0,0,5,31,0,2,2,18,0,0,0.0689655172413793,0,0,0,0,0,0,0,0,6.9
00-0036572,S.Smith,Shi Smith,WR,WR,CAR,2022,12,REG,DEN,0,0,0,0,0,0,0,0,0,0,0,0,0,0,0,0,0,0,0,0,0,0,0
00-0036590,Q.Morris,Quintin Morris,TE,TE,BUF,2022,12,REG,DET,0,0,0,0,0,0,0,0,1,1,3,0,2,0.0256410256410256,0.00464037122969838,0,0,0,0,0,0,0,1.3
00-0036613,J.Waddle,Jaylen Waddle,WR,WR,MIA,2022,12,REG,HOU,0,0,0,0,0,0,0,0,5,10,85,0,171,0.263157894736842,0.367741935483871,0,0,0,0,0,0,0,13.5
00-0036626,D.Brown,Dyami Brown,WR,WR,WAS,2022,12,REG,ATL,0,0,0,0,0,0,0,0,1,1,17,0,17,0.0454545454545455,0.116438356164384,0,0,0,0,0,0,0,2.7
00-0036628,J.Bates,John Bates,TE,TE,WAS,2022,12,REG,ATL,0,0,0,0,0,0,0,0,3,4,24,1,34,0.181818181818182,0.232876712328767,0,0,0,0,0,0,0,11.4
00-0036637,N.Gray,Noah Gray,TE,TE,KC,2022,12,REG,LA,0,0,0,0,0,0,0,0,2,2,16,0,3,0.0540540540540541,0.0114942528735632,0,0,0,0,0,0,0,3.6
00-0036754,B.Wright,Brock Wright,TE,TE,DET,2022,12,REG,BUF,0,0,0,0,0,0,0,0,2,3,6,0,4,0.0857142857142857,0.0158102766798419,0,0,0,0,0,0,0,2.6
00-0036829,C.Huntley,Caleb Huntley,RB,RB,ATL,2022,12,REG,WAS,0,0,0,0,0,1,12,0,1,1,1,0,-2,0.0416666666666667,-0.0136986301369863,0,0,0,0,0,0,0,2.3
00-0036842,K.Nwangwu,Kene Nwangwu,RB,RB,MIN,2022,12,REG,NE,0,0,0,0,0,0,0,0,0,0,0,0,0,0,0,0,0,0,0,0,0,1,6
00-0036849,T.Atwell,Tutu Atwell,WR,WR,LA,2022,12,REG,KC,0,0,0,0,0,0,0,0,2,2,23,0,20,0.0833333333333333,0.13986013986014,0,0,0,0,0,0,0,4.3
00-0036857,C.Evans,Chris Evans,RB,RB,CIN,2022,12,REG,TEN,0,0,0,0,0,0,0,0,0,0,0,0,0,0,0,0,0,0,0,0,0,0,0
00-0036862,B.Skowronek,Ben Skowronek,WR,WR,LA,2022,12,REG,KC,0,0,0,0,0,0,0,0,2,4,5,0,4,0.166666666666667,0.027972027972028,0,0,0,0,0,0,0,2.5
00-0036875,R.Stevenson,Rhamondre Stevenson,RB,RB,NE,2022,12,REG,MIN,0,0,0,0,0,7,36,0,9,10,76,0,-12,0.285714285714286,-0.0387096774193548,0,0,0,0,0,0,0,20.2
00-0036877,J.Darden,Jaelon Darden,WR,WR,TB,2022,12,REG,CLE,0,0,0,0,0,0,0,0,0,0,0,0,0,0,0,0,0,0,0,0,0,0,0
00-0036893,N.Harris,Najee Harris,RB,RB,PIT,2022,12,REG,IND,0,0,0,0,0,10,35,1,1,1,4,0,-4,0.0357142857142857,-0.0245398773006135,0,0,0,0,0,0,0,10.9
00-0036894,P.Freiermuth,Pat Freiermuth,TE,TE,PIT,2022,12,REG,IND,0,0,0,0,0,0,0,0,3,4,39,0,28,0.142857142857143,0.171779141104294,0,0,0,0,0,0,0,6.9
00-0036912,D.Smith,DeVonta Smith,WR,WR,PHI,2022,12,REG,GB,0,0,0,0,0,0,0,0,4,9,50,0,82,0.36,0.416243654822335,0,0,0,0,0,0,0,9
00-0036918,J.Harris,Jacob Harris,WR,WR,LA,2022,12,REG,KC,0,0,0,0,0,0,0,0,1,1,6,0,4,0.0416666666666667,0.027972027972028,0,0,0,0,0,0,0,1.6
00-0036919,K.Gainwell,Kenneth Gainwell,RB,RB,PHI,2022,12,REG,GB,0,0,0,0,0,8,39,1,1,1,7,0,2,0.04,0.0101522842639594,0,0,0,0,0,0,0,11.6
00-0036924,Mi.Carter,Michael Carter,RB,RB,NYJ,2022,12,REG,CHI,0,0,0,0,0,6,21,0,2,2,15,0,8,0.0714285714285714,0.0516129032258065,0,0,0,0,0,0,0,5.6
00-0036950,A.Williams,Avery Williams,RB,RB,ATL,2022,12,REG,WAS,0,0,0,0,0,0,0,0,0,0,0,0,0,0,0,0,0,0,0,0,0,0,0
00-0036955,T.Marshall,Terrace Marshall,WR,WR,CAR,2022,12,REG,DEN,0,0,0,0,0,0,0,0,1,3,8,0,42,0.176470588235294,0.216494845360825,0,0,0,0,0,0,0,1.8
00-0036959,M.Bandy,Michael Bandy,WR,WR,LAC,2022,12,REG,ARI,0,0,0,0,0,0,0,0,0,0,0,0,0,0,0,0,0,0,0,0,0,0,0
00-0036963,A.St. Brown,Amon-Ra St. Brown,WR,WR,DET,2022,12,REG,BUF,0,0,0,0,0,1,7,0,9,10,122,1,84,0.285714285714286,0.33201581027668,0,0,0,0,0,0,0,27.9
00-0036971,T.Lawrence,Trevor Lawrence,QB,QB,JAX,2022,12,REG,BAL,29,37,321,3,0,2,1,0,0,0,0,0,0,0,0,1,0,0,1,0,0,0,24.94
00-0036972,M.Jones,Mac Jones,QB,QB,NE,2022,12,REG,MIN,28,39,382,2,0,0,0,0,0,0,0,0,0,0,0,0,0,0,0,0,0,0,23.28
00-0036973,T.Etienne,Travis Etienne,RB,RB,JAX,2022,12,REG,BAL,0,0,0,0,0,2,3,0,0,0,0,0,0,0,0,0,0,0,0,0,0,0,0.3
00-0036980,E.Moore,Elijah Moore,WR,WR,NYJ,2022,12,REG,CHI,0,0,0,0,0,1,-4,0,2,2,64,1,37,0.0714285714285714,0.238709677419355,0,0,0,0,0,0,0,14
00-0036988,J.Palmer,Josh Palmer,WR,WR,LAC,2022,12,REG,ARI,0,0,0,0,0,0,0,0,5,7,56,0,62,0.148936170212766,0.352272727272727,0,0,0,0,0,0,0,10.6
00-0036999,A.Schwartz,Anthony Schwartz,WR,WR,CLE,2022,12,REG,TB,0,0,0,0,0,1,31,1,1,2,17,0,54,0.0555555555555556,0.128571428571429,0,0,0,0,0,0,0,11.8
00-0037005,T.Tremble,Tommy Tremble,TE,TE,CAR,2022,12,REG,DEN,0,0,0,0,0,0,0,0,1,2,2,0,9,0.117647058823529,0.0463917525773196,0,0,0,0,0,0,0,1.2
00-0037011,T.McKitty,Tre' McKitty,TE,TE,LAC,2022,12,REG,ARI,0,0,0,0,0,0,0,0,0,0,0,0,0,0,0,0,0,0,0,0,0,0,0
00-0037055,L.McCutcheon,Lance McCutcheon,WR,WR,LA,2022,12,REG,KC,0,0,0,0,0,0,0,0,0,4,0,0,43,0.166666666666667,0.300699300699301,0,0,0,0,0,0,0,0
00-0037078,C.Turner,Cole Turner,TE,TE,WAS,2022,12,REG,ATL,0,0,0,0,0,0,0,0,0,1,0,0,10,0.0454545454545455,0.0684931506849315,0,0,0,0,0,0,0,0
00-0037086,G.Calcaterra,Grant Calcaterra,TE,TE,PHI,2022,12,REG,GB,0,0,0,0,0,0,0,0,1,1,-2,0,-9,0.04,-0.0456852791878173,0,0,0,0,0,0,0,0.8
00-0037132,B.Covey,Britain Covey,WR,WR,PHI,2022,12,REG,GB,0,0,0,0,0,0,0,0,0,0,0,0,0,0,0,0,0,0,0,0,0,0,0
00-0037157,Z.Knight,Zonovan Knight,RB,RB,NYJ,2022,12,REG,CHI,0,0,0,0,0,14,69,0,3,3,34,0,-2,0.107142857142857,-0.0129032258064516,0,0,0,0,0,0,0,13.3
00-0037197,I.Pacheco,Isiah Pacheco,RB,RB,KC,2022,12,REG,LA,0,0,0,0,0,22,69,1,1,1,17,0,7,0.027027027027027,0.0268199233716475,0,0,0,0,0,0,0,15.6
00-0037238,D.London,Drake London,WR,WR,ATL,2022,12,REG,WAS,0,0,0,0,0,0,0,0,2,4,29,0,11,0.166666666666667,0.0753424657534247,0,0,0,0,0,0,0,4.9
00-0037239,C.Olave,Chris Olave,WR,WR,NO,2022,12,REG,SF,0,0,0,0,0,0,0,0,5,9,62,0,131,0.3,0.532520325203252,0,0,0,0,0,0,0,11.2
00-0037247,G.Pickens,George Pickens,WR,WR,PIT,2022,12,REG,IND,0,0,0,0,0,0,0,0,3,6,57,0,87,0.214285714285714,0.533742331288344,0,0,0,0,0,1,0,10.7
00-0037248,J.Cook,James Cook,RB,RB,BUF,2022,12,REG,DET,0,0,0,0,0,2,4,0,2,5,14,0,15,0.128205128205128,0.0348027842227378,0,0,0,0,0,0,0,3.8
00-0037252,G.Dulcich,Greg Dulcich,TE,TE,DEN,2022,12,REG,CAR,0,0,0,0,0,0,0,0,2,3,11,0,31,0.09375,0.0835579514824798,0,0,0,0,0,0,0,3.1
00-0037256,R.White,Rachaad White,RB,RB,TB,2022,12,REG,CLE,0,0,0,0,0,14,64,0,9,9,45,0,-18,0.214285714285714,-0.0460358056265985,0,0,0,0,0,0,0,19.9
00-0037257,Dav.Bell,David Bell,WR,WR,CLE,2022,12,REG,TB,0,0,0,0,0,0,0,0,4,6,23,0,21,0.166666666666667,0.05,0,0,0,0,0,0,0,6.3
00-0037258,D.Pierce,Dameon Pierce,RB,RB,HOU,2022,12,REG,MIA,0,0,0,0,0,5,8,0,3,6,8,0,0,0.157894736842105,0,0,0,0,0,0,0,0,4.6
00-0037263,T.Allgeier,Tyler Allgeier,RB,RB,ATL,2022,12,REG,WAS,0,0,0,0,0,11,54,0,0,0,0,0,0,0,0,0,0,0,0,0,0,0,5.4
00-0037265,S.Conner,Snoop Conner,RB,RB,JAX,2022,12,REG,BAL,0,0,0,0,0,3,11,0,0,0,0,0,0,0,0,0,0,0,0,0,0,0,1.1
00-0037267,J.Ford,Jerome Ford,RB,RB,CLE,2022,12,REG,TB,0,0,0,0,0,0,0,0,0,0,0,0,0,0,0,0,0,0,0,0,0,0,0
00-0037272,M.Washington,Montrell Washington,WR,WR,DEN,2022,12,REG,CAR,0,0,0,0,0,1,1,0,1,3,-3,0,54,0.09375,0.1455525606469,0,0,0,0,0,0,0,0.8
00-0037277,T.Quitoriano,Teagan Quitoriano,TE,TE,HOU,2022,12,REG,MIA,0,0,0,0,0,0,0,0,2,2,20,0,7,0.0526315789473684,0.0333333333333333,0,0,0,0,0,0,0,4
00-0037282,J.Mitchell,James Mitchell,TE,TE,DET,2022,12,REG,BUF,0,0,0,0,0,0,0,0,1,1,22,0,3,0.0285714285714286,0.0118577075098814,0,0,0,0,0,0,0,3.2
00-0037291,J.Nailor,Jalen Nailor,WR,WR,MIN,2022,12,REG,NE,0,0,0,0,0,0,0,0,0,0,0,0,0,0,0,0,0,0,0,0,0,0,0
00-0037299,K.Ingram,Keaontay Ingram,RB,RB,ARI,2022,12,REG,LAC,0,0,0,0,0,2,5,0,0,0,0,0,0,0,0,0,0,0,0,0,0,0,0.5
00-0037304,Co.Heyward,Connor Heyward,TE,TE,PIT,2022,12,REG,IND,0,0,0,0,0,0,0,0,0,0,0,0,0,0,0,0,0,0,0,0,0,0,0
00-0037311,K.Kieft,Ko Kieft,TE,TE,TB,2022,12,REG,CLE,0,0,0,0,0,0,0,0,1,1,5,1,2,0.0238095238095238,0.0051150895140665,0,0,0,0,0,0,0,7.5
00-0037327,S.Thompson,Skylar Thompson,QB,QB,MIA,2022,12,REG,HOU,1,5,6,0,0,6,5,0,0,0,0,0,0,0,0,0,1,0,0,0,0,0,-1.26
00-0037382,B.Johnson,Brandon Johnson,WR,WR,DEN,2022,12,REG,CAR,0,0,0,0,0,0,0,0,2,4,10,1,41,0.125,0.110512129380054,0,0,0,0,0,0,0,9
00-0037387,J.Virgil,Jalen Virgil,WR,WR,DEN,2022,12,REG,CAR,0,0,0,0,0,0,0,0,0,2,0,0,31,0.0625,0.0835579514824798,0,0,0,0,0,0,0,0
00-0037429,R.Blackshear,Raheem Blackshear,RB,RB,CAR,2022,12,REG,DEN,0,0,0,0,0,0,0,0,1,2,11,0,-4,0.117647058823529,-0.0206185567010309,0,0,0,0,0,0,0,2.1
00-0037525,J.Mason,Jordan Mason,RB,RB,SF,2022,12,REG,NO,0,0,0,0,0,5,25,0,0,0,0,0,0,0,0,0,0,0,0,0,0,0,2.5
00-0037545,R.Shaheed,Rashid Shaheed,WR,WR,NO,2022,12,REG,SF,0,0,0,0,0,1,6,0,2,3,53,0,51,0.1,0.207317073170732,0,0,0,0,0,0,0,7.9
00-0037569,P.Hendershot,Peyton Hendershot,TE,TE,DAL,2022,12,REG,NYG,0,0,0,0,0,1,2,1,0,0,0,0,0,0,0,0,0,0,0,0,0,0,6.2
00-0037617,H.Haskins,Hassan Haskins,RB,RB,TEN,2022,12,REG,CIN,0,0,0,0,0,0,0,0,0,0,0,0,0,0,0,0,0,0,0,0,0,0,0
00-0037664,A.Pierce,Alec Pierce,WR,WR,IND,2022,12,REG,PIT,0,0,0,0,0,0,0,0,0,2,0,0,29,0.0625,0.135514018691589,0,0,0,0,0,0,0,0
00-0037740,G.Wilson,Garrett Wilson,WR,WR,NYJ,2022,12,REG,CHI,0,0,0,0,0,1,-1,0,5,8,95,2,54,0.285714285714286,0.348387096774194,0,0,0,0,0,0,0,26.4
00-0037741,J.Dotson,Jahan Dotson,WR,WR,WAS,2022,12,REG,ATL,0,0,0,0,0,0,0,0,0,1,0,0,15,0.0454545454545455,0.102739726027397,0,0,0,0,0,0,0,0
00-0037742,T.Burks,Treylon Burks,WR,WR,TEN,2022,12,REG,CIN,0,0,0,0,0,0,0,0,4,6,70,0,108,0.176470588235294,0.378947368421053,0,0,0,0,0,0,0,11
00-0037744,T.McBride,Trey McBride,TE,TE,ARI,2022,12,REG,LAC,0,0,0,0,0,0,0,0,1,3,1,0,15,0.111111111111111,0.0493421052631579,0,0,0,0,0,0,0,1.1
00-0037745,V.Jones,Velus Jones,RB,RB,CHI,2022,12,REG,NYJ,0,0,0,0,0,2,6,0,0,0,0,0,0,0,0,0,0,0,0,0,0,0,0.6
00-0037746,B.Robinson,Brian Robinson,RB,RB,WAS,2022,12,REG,ATL,0,0,0,0,0,18,105,0,2,3,20,1,4,0.136363636363636,0.0273972602739726,0,0,0,0,0,0,0,20.5
00-0037755,J.Woods,Jelani Woods,TE,TE,IND,2022,12,REG,PIT,0,0,0,0,0,0,0,0,8,9,98,0,72,0.28125,0.336448598130841,0,0,0,0,0,0,0,17.8
00-0037801,K.Turpin,Kavontae Turpin,WR,WR,DAL,2022,12,REG,NYG,0,0,0,0,0,0,0,0,0,0,0,0,0,0,0,0,0,0,0,0,0,0,0
00-0037809,C.Okonkwo,Chigoziem Okonkwo,TE,TE,TEN,2022,12,REG,CIN,0,0,0,0,0,0,0,0,3,5,35,0,47,0.147058823529412,0.164912280701754,0,0,0,0,0,0,0,6.5
00-0037840,K.Williams,Kyren Williams,RB,RB,LA,2022,12,REG,KC,0,0,0,0,0,11,35,0,3,3,25,0,1,0.125,0.00699300699300699,0,0,0,0,0,0,0,9
00-0038040,Z.White,Zamir White,RB,RB,LV,2022,12,REG,SEA,0,0,0,0,0,2,28,0,0,0,0,0,0,0,0,0,0,0,0,0,0,0,2.8
00-0038041,J.Ferguson,Jake Ferguson,TE,TE,DAL,2022,12,REG,NYG,0,0,0,0,0,0,0,0,3,3,57,0,14,0.103448275862069,0.0397727272727273,0,0,0,0,0,0,0,8.7
00-0038045,I.Spiller,Isaiah Spiller,RB,RB,LAC,2022,12,REG,ARI,0,0,0,0,0,2,3,0,1,1,2,0,-5,0.0212765957446809,-0.0284090909090909,0,0,0,0,0,0,0,1.5
00-0038090,S.Moore,Skyy Moore,WR,WR,KC,2022,12,REG,LA,0,0,0,0,0,0,0,0,5,6,36,0,25,0.162162162162162,0.0957854406130268,0,0,0,0,0,0,0,8.6
00-0038098,P.Strong,Pierre Strong,RB,RB,NE,2022,12,REG,MIN,0,0,0,0,0,0,0,0,0,0,0,0,0,0,0,0,0,0,0,0,0,0,0
00-0038102,K.Pickett,Kenny Pickett,QB,QB,PIT,2022,12,REG,IND,20,28,174,0,0,6,32,0,0,0,0,0,0,0,0,0,0,0,1,0,0,0,12.16
00-0038124,C.Watson,Christian Watson,WR,WR,GB,2022,12,REG,PHI,0,0,0,0,0,0,0,0,4,6,110,1,82,0.24,0.440860215053763,0,0,0,0,0,0,0,21
00-0038129,C.Otton,Cade Otton,TE,TE,TB,2022,12,REG,CLE,0,0,0,0,0,0,0,0,0,0,0,0,0,0,0,0,0,0,0,0,0,0,0
00-0038134,K.Walker,Kenneth Walker,RB,RB,SEA,2022,12,REG,LV,0,0,0,0,0,14,26,2,1,1,13,0,-6,0.027027027027027,-0.0207612456747405,0,0,0,0,0,0,0,16.9
00-0019596,T.Brady,Tom Brady,QB,QB,TB,2022,13,REG,NO,36,54,281,2,1,1,-1,0,0,0,0,0,0,0,0,0,0,0,0,0,0,0,17.14
00-0023459,A.Rodgers,Aaron Rodgers,QB,QB,GB,2022,13,REG,CHI,18,31,182,1,0,3,4,0,0,0,0,0,0,0,0,0,0,0,1,0,0,0,13.68
00-0024243,M.Lewis,Marcedes Lewis,TE,TE,GB,2022,13,REG,CHI,0,0,0,0,0,0,0,0,0,1,0,0,6,0.0333333333333333,0.0185185185185185,0,0,0,0,0,1,0,2
00-0026143,M.Ryan,Matt Ryan,QB,QB,IND,2022,13,REG,DAL,21,37,233,2,3,3,-2,0,0,0,0,0,0,0,0,1,0,0,0,0,0,0,9.12
00-0026189,D.Jackson,DeSean Jackson,WR,WR,BAL,2022,13,REG,DEN,0,0,0,0,0,0,0,0,2,3,10,0,39,0.0833333333333333,0.168831168831169,0,0,0,0,0,0,0,3
00-0026293,M.Slater,Matt Slater,WR,WR,NE,2022,13,REG,BUF,0,0,0,0,0,0,0,0,0,0,0,0,0,0,0,0,0,0,0,0,0,0,0
00-0027944,J.Jones,Julio Jones,WR,WR,TB,2022,13,REG,NO,0,0,0,0,0,0,0,0,3,6,28,0,97,0.113207547169811,0.315960912052117,0,0,0,0,0,0,0,5.8
00-0027966,M.Ingram,Mark Ingram,RB,RB,NO,2022,13,REG,TB,0,0,0,0,0,7,27,0,5,5,22,0,-1,0.178571428571429,-0.00476190476190476,0,0,0,0,0,0,0,9.9
00-0027973,A.Dalton,Andy Dalton,QB,QB,NO,2022,13,REG,TB,20,28,229,1,0,1,1,0,0,0,0,0,0,0,0,0,0,0,0,0,0,0,13.26
00-0028002,R.Cobb,Randall Cobb,WR,WR,GB,2022,13,REG,CHI,0,0,0,0,0,0,0,0,0,4,0,0,62,0.133333333333333,0.191358024691358,0,0,0,0,0,0,0,0
00-0029263,R.Wilson,Russell Wilson,QB,QB,DEN,2022,13,REG,BAL,17,22,189,0,0,2,21,0,0,0,0,0,0,0,0,0,0,0,0,0,0,0,9.66
00-0029293,M.Jones,Marvin Jones,WR,WR,JAX,2022,13,REG,DET,0,0,0,0,0,0,0,0,1,4,17,0,80,0.121212121212121,0.288808664259928,0,0,0,0,0,0,0,2.7
00-0029604,K.Cousins,Kirk Cousins,QB,QB,MIN,2022,13,REG,NYJ,21,35,173,1,0,3,9,0,0,0,0,0,0,0,0,0,0,0,0,0,0,0,11.82
00-0029701,R.Tannehill,Ryan Tannehill,QB,QB,TEN,2022,13,REG,PHI,14,22,141,1,0,3,34,0,0,0,0,0,0,0,0,0,0,0,0,0,0,0,13.04
00-0030035,A.Thielen,Adam Thielen,WR,WR,MIN,2022,13,REG,NYJ,0,0,0,0,0,0,0,0,2,6,27,0,75,0.181818181818182,0.227963525835866,0,0,0,0,0,0,0,4.7
00-0030068,M.Goodwin,Marquise Goodwin,WR,WR,SEA,2022,13,REG,LA,0,0,0,0,0,0,0,0,1,2,17,0,36,0.0540540540540541,0.136363636363636,0,0,0,0,0,0,0,2.7
00-0030279,K.Allen,Keenan Allen,WR,WR,LAC,2022,13,REG,LV,0,0,0,0,0,0,0,0,6,14,88,1,184,0.311111111111111,0.490666666666667,0,0,0,0,0,0,0,20.8
00-0030431,R.Woods,Robert Woods,WR,WR,TEN,2022,13,REG,PHI,0,0,0,0,0,0,0,0,1,5,6,0,37,0.2,0.225609756097561,0,0,0,0,0,0,0,1.6
00-0030506,T.Kelce,Travis Kelce,TE,TE,KC,2022,13,REG,CIN,0,0,0,0,0,0,0,0,4,6,56,0,30,0.260869565217391,0.117647058823529,0,0,1,0,0,0,0,7.6
00-0030513,L.Murray,Latavius Murray,RB,RB,DEN,2022,13,REG,BAL,0,0,0,0,0,17,47,0,4,4,14,0,-9,0.19047619047619,-0.0403587443946188,0,0,0,0,0,0,0,10.1
00-0030565,G.Smith,Geno Smith,QB,QB,SEA,2022,13,REG,LA,28,39,367,3,1,2,3,0,0,0,0,0,0,0,0,1,0,0,0,0,0,0,22.98
00-0030578,C.Patterson,Cordarrelle Patterson,RB,RB,ATL,2022,13,REG,PIT,0,0,0,0,0,11,60,0,0,0,0,0,0,0,0,0,0,0,0,0,0,0,6
00-0031260,L.Thomas,Logan Thomas,TE,TE,WAS,2022,13,REG,NYG,0,0,0,0,0,0,0,0,3,4,20,0,27,0.1,0.0846394984326019,0,0,0,0,0,0,0,5
00-0031280,D.Carr,Derek Carr,QB,QB,LV,2022,13,REG,LAC,16,30,250,2,1,0,0,0,0,0,0,0,0,0,0,0,0,0,0,0,0,0,16
00-0031345,J.Garoppolo,Jimmy Garoppolo,QB,QB,SF,2022,13,REG,MIA,2,4,56,0,0,0,0,0,0,0,0,0,0,0,0,0,0,0,0,0,0,0,2.24
00-0031376,J.McKinnon,Jerick McKinnon,RB,RB,KC,2022,13,REG,CIN,0,0,0,0,0,8,51,0,2,2,9,1,-4,0.0869565217391304,-0.0156862745098039,0,0,0,0,0,0,0,14
00-0031381,D.Adams,Davante Adams,WR,WR,LV,2022,13,REG,LAC,0,0,0,0,0,0,0,0,8,12,177,2,187,0.444444444444444,0.542028985507247,0,0,0,0,0,0,0,37.7
00-0031382,J.Landry,Jarvis Landry,WR,WR,NO,2022,13,REG,TB,0,0,0,0,0,0,0,0,2,3,14,0,19,0.107142857142857,0.0904761904761905,0,0,0,0,0,0,0,3.4
00-0031408,M.Evans,Mike Evans,WR,WR,TB,2022,13,REG,NO,0,0,0,0,0,0,0,0,4,4,59,0,56,0.0754716981132076,0.182410423452769,0,0,0,0,0,0,0,9.9
00-0031484,C.Manhertz,Chris Manhertz,TE,TE,JAX,2022,13,REG,DET,0,0,0,0,0,0,0,0,0,1,0,0,13,0.0303030303030303,0.0469314079422383,0,0,0,0,0,0,0,0
00-0031544,A.Cooper,Amari Cooper,WR,WR,CLE,2022,13,REG,HOU,0,0,0,0,0,0,0,0,4,9,40,0,82,0.428571428571429,0.602941176470588,0,0,0,0,0,0,0,8
00-0031547,D.Parker,DeVante Parker,WR,WR,NE,2022,13,REG,BUF,0,0,0,0,0,0,0,0,2,4,16,0,45,0.117647058823529,0.199115044247788,0,0,0,0,0,0,0,3.6
00-0031549,N.Agholor,Nelson Agholor,WR,WR,NE,2022,13,REG,BUF,0,0,0,0,0,0,0,0,2,3,17,0,36,0.0882352941176471,0.15929203539823,0,0,0,0,0,0,0,3.7
00-0031585,M.Pruitt,MyCole Pruitt,TE,TE,ATL,2022,13,REG,PIT,0,0,0,0,0,0,0,0,1,1,7,1,2,0.0416666666666667,0.0053475935828877,0,0,0,0,0,0,0,7.7
00-0031588,S.Diggs,Stefon Diggs,WR,WR,BUF,2022,13,REG,NE,0,0,0,0,0,0,0,0,7,9,92,1,138,0.272727272727273,0.51685393258427,0,0,0,0,0,0,0,22.2
00-0031598,N.Boyle,Nick Boyle,TE,TE,BAL,2022,13,REG,DEN,0,0,0,0,0,0,0,0,0,0,0,0,0,0,0,0,0,0,0,0,0,0,0
00-0031687,R.Mostert,Raheem Mostert,RB,RB,MIA,2022,13,REG,SF,0,0,0,0,0,7,30,0,0,0,0,0,0,0,0,0,0,0,0,0,0,0,3
00-0031763,D.Carter,DeAndre Carter,WR,WR,LAC,2022,13,REG,LV,0,0,0,0,0,0,0,0,1,2,14,0,36,0.0444444444444444,0.096,0,0,0,0,0,0,0,2.4
00-0031800,T.Heinicke,Taylor Heinicke,QB,QB,WAS,2022,13,REG,NYG,27,41,275,2,0,2,6,0,0,0,0,0,0,0,0,1,0,0,0,0,0,0,17.6
00-0031868,D.Byrd,Damiere Byrd,WR,WR,ATL,2022,13,REG,PIT,0,0,0,0,0,0,0,0,1,1,12,0,8,0.0416666666666667,0.0213903743315508,0,0,0,0,0,0,0,2.2
00-0032104,A.Abdullah,Ameer Abdullah,RB,RB,LV,2022,13,REG,LAC,0,0,0,0,0,1,4,0,0,1,0,0,21,0.037037037037037,0.0608695652173913,0,0,0,0,0,0,0,0.4
00-0032134,C.Uzomah,C.J. Uzomah,TE,TE,NYJ,2022,13,REG,MIN,0,0,0,0,0,0,0,0,1,1,31,0,17,0.0181818181818182,0.0366379310344828,0,0,0,0,0,0,0,4.1
00-0032141,G.Swaim,Geoff Swaim,TE,TE,TEN,2022,13,REG,PHI,0,0,0,0,0,0,0,0,1,1,4,0,0,0.04,0,0,0,0,0,0,0,0,1.4
00-0032208,P.Dorsett,Phillip Dorsett,WR,WR,HOU,2022,13,REG,CLE,0,0,0,0,0,0,0,0,2,3,18,0,17,0.0810810810810811,0.0485714285714286,0,0,0,0,0,0,0,3.8
00-0032211,T.Lockett,Tyler Lockett,WR,WR,SEA,2022,13,REG,LA,0,0,0,0,0,0,0,0,9,12,128,1,89,0.324324324324324,0.337121212121212,0,0,0,0,0,0,0,27.8
00-0032214,T.Kroft,Tyler Kroft,TE,TE,SF,2022,13,REG,MIA,0,0,0,0,0,0,0,0,1,1,14,0,14,0.025,0.0573770491803279,0,0,0,0,0,0,0,2.4
00-0032268,M.Mariota,Marcus Mariota,QB,QB,ATL,2022,13,REG,PIT,13,24,167,1,1,3,17,0,0,0,0,0,0,0,0,0,0,0,0,0,0,0,10.38
00-0032392,A.Hooper,Austin Hooper,TE,TE,TEN,2022,13,REG,PHI,0,0,0,0,0,0,0,0,3,5,22,0,51,0.2,0.310975609756098,0,0,0,0,0,0,0,5.2
00-0032398,C.Moore,Chris Moore,WR,WR,HOU,2022,13,REG,CLE,0,0,0,0,0,0,0,0,3,3,46,0,20,0.0810810810810811,0.0571428571428571,0,0,0,0,0,0,0,7.6
00-0032464,K.Raymond,Kalif Raymond,WR,WR,DET,2022,13,REG,JAX,0,0,0,0,0,1,-6,0,2,2,12,0,10,0.0512820512820513,0.040650406504065,0,0,0,0,0,0,0,2.6
00-0032543,A.Erickson,Alex Erickson,WR,WR,WAS,2022,13,REG,NYG,0,0,0,0,0,0,0,0,0,0,0,0,0,0,0,0,0,0,0,0,0,0,0
00-0032764,D.Henry,Derrick Henry,RB,RB,TEN,2022,13,REG,PHI,0,0,0,0,0,11,30,0,2,3,8,0,2,0.12,0.0121951219512195,0,0,0,0,0,0,0,5.8
00-0032775,D.Robinson,Demarcus Robinson,WR,WR,BAL,2022,13,REG,DEN,0,0,0,0,0,0,0,0,7,8,41,0,51,0.222222222222222,0.220779220779221,0,0,0,0,0,0,0,11.1
00-0032792,N.Sudfeld,Nate Sudfeld,QB,QB,DET,2022,13,REG,JAX,0,0,0,0,0,2,-1,0,0,0,0,0,0,0,0,0,0,0,0,0,0,0,-0.1
00-0032951,L.Treadwell,Laquon Treadwell,WR,WR,SEA,2022,13,REG,LA,0,0,0,0,0,0,0,0,1,1,1,0,-2,0.027027027027027,-0.00757575757575758,0,0,0,0,0,0,0,1.1
00-0032975,J.Williams,Jonathan Williams,RB,RB,WAS,2022,13,REG,NYG,0,0,0,0,0,1,1,0,0,0,0,0,0,0,0,0,0,0,0,0,0,0,0.1
00-0032980,M.Johnson,Marcus Johnson,WR,WR,NYG,2022,13,REG,WAS,0,0,0,0,0,0,0,0,0,0,0,0,0,0,0,0,0,0,0,0,0,0,0
00-0033009,T.Boyd,Tyler Boyd,WR,WR,CIN,2022,13,REG,KC,0,0,0,0,0,0,0,0,4,5,60,0,62,0.161290322580645,0.268398268398268,0,0,0,0,0,0,0,10
00-0033040,T.Hill,Tyreek Hill,WR,WR,MIA,2022,13,REG,SF,0,0,0,0,0,0,0,0,9,14,146,1,175,0.411764705882353,0.44529262086514,0,0,0,0,0,0,0,29.6
00-0033045,E.Elliott,Ezekiel Elliott,RB,RB,DAL,2022,13,REG,IND,0,0,0,0,0,17,77,1,3,3,14,0,2,0.1,0.00966183574879227,0,0,0,0,0,0,0,18.1
00-0033077,D.Prescott,Dak Prescott,QB,QB,DAL,2022,13,REG,IND,20,30,170,3,1,0,0,0,0,0,0,0,0,0,0,0,0,0,0,0,0,0,16.8
00-0033090,H.Henry,Hunter Henry,TE,TE,NE,2022,13,REG,BUF,0,0,0,0,0,0,0,0,2,5,13,0,31,0.147058823529412,0.13716814159292,0,0,0,0,0,0,0,3.3
00-0033106,J.Goff,Jared Goff,QB,QB,DET,2022,13,REG,JAX,31,41,340,2,0,0,0,0,0,0,0,0,0,0,0,0,0,0,0,0,0,0,21.6
00-0033110,T.Higbee,Tyler Higbee,TE,TE,LA,2022,13,REG,SEA,0,0,0,0,0,0,0,0,2,5,14,0,18,0.2,0.0700389105058366,0,0,0,0,0,0,0,3.4
00-0033118,K.Drake,Kenyan Drake,RB,RB,BAL,2022,13,REG,DEN,0,0,0,0,0,7,29,0,2,3,17,0,29,0.0833333333333333,0.125541125541126,0,0,0,0,0,0,0,6.6
00-0033217,M.Alie-Cox,Mo Alie-Cox,TE,TE,IND,2022,13,REG,DAL,0,0,0,0,0,0,0,0,1,1,6,0,-3,0.0285714285714286,-0.0137614678899083,0,0,1,0,0,0,0,-0.4
00-0033246,J.Mundt,Johnny Mundt,TE,TE,MIN,2022,13,REG,NYJ,0,0,0,0,0,0,0,0,1,1,12,0,0,0.0303030303030303,0,0,0,0,0,0,0,0,2.2
00-0033251,Z.Pascal,Zach Pascal,WR,WR,PHI,2022,13,REG,TEN,0,0,0,0,0,0,0,0,2,3,16,0,29,0.0789473684210526,0.0736040609137056,0,0,0,0,0,0,0,3.6
00-0033280,C.McCaffrey,Christian McCaffrey,RB,RB,SF,2022,13,REG,MIA,0,0,0,0,0,17,66,0,8,10,80,1,35,0.25,0.14344262295082,0,0,0,0,0,0,0,28.6
00-0033282,C.Samuel,Curtis Samuel,WR,WR,WAS,2022,13,REG,NYG,0,0,0,0,0,3,23,0,6,7,63,0,56,0.175,0.175548589341693,0,0,0,0,0,0,0,14.6
00-0033288,G.Kittle,George Kittle,TE,TE,SF,2022,13,REG,MIA,0,0,0,0,0,0,0,0,2,3,22,0,19,0.075,0.0778688524590164,0,0,0,0,0,0,0,4.2
00-0033292,T.Taylor,Trent Taylor,WR,WR,CIN,2022,13,REG,KC,0,0,0,0,0,1,-3,0,0,0,0,0,0,0,0,0,0,0,0,0,0,0,-0.3
00-0033293,A.Jones,Aaron Jones,RB,RB,GB,2022,13,REG,CHI,0,0,0,0,0,9,26,0,5,5,24,0,-11,0.166666666666667,-0.0339506172839506,0,0,0,0,0,0,0,10
00-0033307,K.Bourne,Kendrick Bourne,WR,WR,NE,2022,13,REG,BUF,0,0,0,0,0,0,0,0,1,2,15,0,12,0.0588235294117647,0.0530973451327434,0,0,0,0,0,0,0,2.5
00-0033308,M.Breida,Matt Breida,RB,RB,NYG,2022,13,REG,WAS,0,0,0,0,0,0,0,0,1,1,4,0,-1,0.0357142857142857,-0.00540540540540541,0,0,0,0,0,0,0,1.4
00-0033357,T.Hill,Taysom Hill,TE,TE,NO,2022,13,REG,TB,1,1,21,0,0,3,10,0,2,3,35,1,55,0.107142857142857,0.261904761904762,0,0,0,0,0,0,0,13.34
00-0033367,C.Board,C.J. Board,WR,WR,TEN,2022,13,REG,PHI,0,0,0,0,0,0,0,0,1,1,6,0,6,0.04,0.0365853658536585,0,0,0,0,0,0,0,1.6
00-0033439,P.Brown,Pharaoh Brown,TE,TE,CLE,2022,13,REG,HOU,0,0,0,0,0,0,0,0,1,1,11,0,-1,0.0476190476190476,-0.00735294117647059,0,0,0,0,0,0,0,2.1
00-0033455,A.Firkser,Anthony Firkser,TE,TE,ATL,2022,13,REG,PIT,0,0,0,0,0,0,0,0,2,2,24,0,19,0.0833333333333333,0.0508021390374332,0,0,0,0,0,0,0,4.4
00-0033466,I.McKenzie,Isaiah McKenzie,WR,WR,BUF,2022,13,REG,NE,0,0,0,0,0,0,0,0,5,5,44,0,21,0.151515151515152,0.0786516853932584,0,0,0,0,0,0,0,9.4
00-0033526,S.Perine,Samaje Perine,RB,RB,CIN,2022,13,REG,KC,0,0,0,0,0,21,106,0,6,7,49,0,-11,0.225806451612903,-0.0476190476190476,0,0,0,0,0,0,0,21.5
00-0033537,D.Watson,Deshaun Watson,QB,QB,CLE,2022,13,REG,HOU,12,22,131,0,1,7,21,0,0,0,0,0,0,0,0,0,0,0,0,0,0,0,5.34
00-0033555,M.Hollins,Mack Hollins,WR,WR,LV,2022,13,REG,LAC,0,0,0,0,0,0,0,0,5,9,35,0,58,0.333333333333333,0.168115942028986,0,0,0,0,0,0,0,8.5
00-0033572,J.Agnew,Jamal Agnew,WR,WR,JAX,2022,13,REG,DET,0,0,0,0,0,1,3,0,0,1,0,0,4,0.0303030303030303,0.0144404332129964,0,0,0,0,0,1,0,2.3
00-0033576,E.Saubert,Eric Saubert,TE,TE,DEN,2022,13,REG,BAL,0,0,0,0,0,0,0,0,0,0,0,0,0,0,0,0,0,0,0,0,0,0,0
00-0033591,N.Brown,Noah Brown,WR,WR,DAL,2022,13,REG,IND,0,0,0,0,0,0,0,0,2,2,15,0,12,0.0666666666666667,0.0579710144927536,0,0,0,0,0,0,0,3.5
00-0033681,K.Cole,Keelan Cole,WR,WR,LV,2022,13,REG,LAC,0,0,0,0,0,0,0,0,0,0,0,0,0,0,0,0,0,0,0,0,0,0,0
00-0033699,A.Ekeler,Austin Ekeler,RB,RB,LAC,2022,13,REG,LV,0,0,0,0,0,10,35,0,5,6,67,0,3,0.133333333333333,0.008,0,0,1,0,0,0,0,13.2
00-0033757,R.Tonyan,Robert Tonyan,TE,TE,GB,2022,13,REG,CHI,0,0,0,0,0,0,0,0,1,2,10,0,18,0.0666666666666667,0.0555555555555556,0,0,0,0,0,0,0,2
00-0033854,D.Ogunbowale,Dare Ogunbowale,RB,RB,HOU,2022,13,REG,CLE,0,0,0,0,0,2,8,0,2,3,13,0,-9,0.0810810810810811,-0.0257142857142857,0,0,0,0,0,0,0,4.1
00-0033856,L.Fournette,Leonard Fournette,RB,RB,TB,2022,13,REG,NO,0,0,0,0,0,10,49,0,6,7,32,0,-7,0.132075471698113,-0.0228013029315961,0,0,0,0,0,0,0,14.1
00-0033857,J.Smith-Schuster,JuJu Smith-Schuster,WR,WR,KC,2022,13,REG,CIN,0,0,0,0,0,0,0,0,3,4,35,0,26,0.173913043478261,0.101960784313725,0,0,0,0,0,0,0,6.5
00-0033858,J.Smith,Jonnu Smith,TE,TE,NE,2022,13,REG,BUF,0,0,0,0,0,0,0,0,2,2,6,0,0,0.0588235294117647,0,0,0,0,0,0,0,0,2.6
00-0033871,C.Davis,Corey Davis,WR,WR,NYJ,2022,13,REG,MIN,0,0,0,0,0,0,0,0,5,10,85,0,103,0.181818181818182,0.22198275862069,0,0,0,0,0,0,0,13.5
00-0033873,P.Mahomes,Patrick Mahomes,QB,QB,KC,2022,13,REG,CIN,16,27,223,1,0,2,9,1,0,0,0,0,0,0,0,0,0,0,0,0,0,0,19.82
00-0033881,E.Engram,Evan Engram,TE,TE,JAX,2022,13,REG,DET,0,0,0,0,0,0,0,0,5,7,30,1,31,0.212121212121212,0.111913357400722,0,0,0,0,0,0,0,14
00-0033891,Z.Jones,Zay Jones,WR,WR,JAX,2022,13,REG,DET,0,0,0,0,0,0,0,0,2,7,16,0,49,0.212121212121212,0.176895306859206,0,0,0,0,0,0,0,3.6
00-0033893,D.Cook,Dalvin Cook,RB,RB,MIN,2022,13,REG,NYJ,0,0,0,0,0,20,86,1,2,3,-3,0,-3,0.0909090909090909,-0.00911854103343465,0,0,0,0,0,0,0,16.3
00-0033895,G.Everett,Gerald Everett,TE,TE,LAC,2022,13,REG,LV,0,0,0,0,0,0,0,0,5,6,80,0,37,0.133333333333333,0.0986666666666667,0,0,0,0,0,0,0,13
00-0033906,A.Kamara,Alvin Kamara,RB,RB,NO,2022,13,REG,TB,0,0,0,0,0,12,26,0,2,3,11,0,-6,0.107142857142857,-0.0285714285714286,0,0,0,0,0,0,0,5.7
00-0033921,C.Godwin,Chris Godwin,WR,WR,TB,2022,13,REG,NO,0,0,0,0,0,0,0,0,8,13,63,0,62,0.245283018867925,0.201954397394137,0,0,0,0,0,0,0,14.3
00-0033923,K.Hunt,Kareem Hunt,RB,RB,CLE,2022,13,REG,HOU,0,0,0,0,0,9,56,0,2,3,18,0,18,0.142857142857143,0.132352941176471,0,0,0,0,0,0,0,9.4
00-0033936,C.Beathard,C.J. Beathard,QB,QB,JAX,2022,13,REG,DET,2,3,6,0,0,0,0,0,0,0,0,0,0,0,0,0,0,0,0,0,0,0,0.24
00-0033943,J.Reynolds,Josh Reynolds,WR,WR,DET,2022,13,REG,JAX,0,0,0,0,0,0,0,0,3,4,19,0,18,0.102564102564103,0.0731707317073171,0,0,0,0,0,0,0,4.9
00-0033948,Ja.Williams,Jamaal Williams,RB,RB,DET,2022,13,REG,JAX,0,0,0,0,0,11,35,1,0,0,0,0,0,0,0,0,0,0,0,0,0,0,9.5
00-0033951,M.Mack,Marlon Mack,RB,RB,DEN,2022,13,REG,BAL,0,0,0,0,0,2,3,0,1,1,6,0,4,0.0476190476190476,0.0179372197309417,0,0,0,0,0,0,0,1.9
00-0034011,D.Arnold,Dan Arnold,TE,TE,JAX,2022,13,REG,DET,0,0,0,0,0,0,0,0,0,0,0,0,0,0,0,0,0,0,0,0,0,0,0
00-0034054,R.Cracraft,River Cracraft,WR,WR,MIA,2022,13,REG,SF,0,0,0,0,0,0,0,0,2,3,29,0,38,0.0882352941176471,0.0966921119592875,0,0,0,0,0,0,0,4.9
00-0034104,C.Sims,Cam Sims,WR,WR,WAS,2022,13,REG,NYG,0,0,0,0,0,0,0,0,1,2,-2,0,9,0.05,0.0282131661442006,0,0,0,0,0,0,0,0.8
00-0034115,J.Wilson,Jeffery Wilson,RB,RB,MIA,2022,13,REG,SF,0,0,0,0,0,1,3,0,0,2,0,0,27,0.0588235294117647,0.0687022900763359,0,0,0,0,0,0,0,0.3
00-0034159,W.Dissly,Will Dissly,TE,TE,SEA,2022,13,REG,LA,0,0,0,0,0,0,0,0,2,2,22,0,7,0.0540540540540541,0.0265151515151515,0,0,0,0,0,0,0,4.2
00-0034184,G.Edwards,Gus Edwards,RB,RB,BAL,2022,13,REG,DEN,0,0,0,0,0,6,12,0,0,0,0,0,0,0,0,0,0,0,0,0,0,0,1.2
00-0034193,K.Rader,Kevin Rader,TE,TE,TEN,2022,13,REG,PHI,0,0,0,0,0,0,0,0,0,0,0,0,0,0,0,0,0,0,0,0,0,0,0
00-0034208,M.Boone,Mike Boone,RB,RB,DEN,2022,13,REG,BAL,0,0,0,0,0,6,18,0,1,1,8,0,5,0.0476190476190476,0.0224215246636771,0,0,0,0,0,0,0,3.6
00-0034253,D.Hilliard,Dontrell Hilliard,RB,RB,TEN,2022,13,REG,PHI,0,0,0,0,0,1,2,0,2,2,14,0,11,0.08,0.0670731707317073,0,0,0,0,0,0,0,3.6
00-0034270,T.Conklin,Tyler Conklin,TE,TE,NYJ,2022,13,REG,MIN,0,0,0,0,0,0,0,0,2,7,9,0,44,0.127272727272727,0.0948275862068965,0,0,0,0,0,0,0,2.9
00-0034272,M.Valdes-Scantling,Marquez Valdes-Scantling,WR,WR,KC,2022,13,REG,CIN,0,0,0,0,0,0,0,0,2,6,71,0,166,0.260869565217391,0.650980392156863,0,0,0,0,0,0,0,9.1
00-0034279,E.St. Brown,Equanimeous St. Brown,WR,WR,CHI,2022,13,REG,GB,0,0,0,0,0,1,1,0,3,4,85,0,87,0.16,0.334615384615385,0,0,0,0,0,0,0,11.6
00-0034286,R.James,Richie James,WR,WR,NYG,2022,13,REG,WAS,0,0,0,0,0,0,0,0,3,3,20,0,14,0.107142857142857,0.0756756756756757,0,0,0,0,0,0,0,5
00-0034348,C.Sutton,Courtland Sutton,WR,WR,DEN,2022,13,REG,BAL,0,0,0,0,0,0,0,0,0,1,0,0,11,0.0476190476190476,0.0493273542600897,0,0,0,0,0,0,0,0
00-0034364,J.Akins,Jordan Akins,TE,TE,HOU,2022,13,REG,CLE,0,0,0,0,0,0,0,0,3,6,21,0,12,0.162162162162162,0.0342857142857143,0,0,0,0,0,0,0,5.1
00-0034367,N.Hines,Nyheim Miller-Hines,RB,RB,BUF,2022,13,REG,NE,0,0,0,0,0,2,-3,0,1,2,21,0,13,0.0606060606060606,0.048689138576779,0,0,0,0,0,0,0,2.8
00-0034383,D.Schultz,Dalton Schultz,TE,TE,DAL,2022,13,REG,IND,0,0,0,0,0,0,0,0,2,6,33,0,70,0.2,0.338164251207729,0,0,0,0,0,0,0,5.3
00-0034386,Ju.Watson,Justin Watson,WR,WR,KC,2022,13,REG,CIN,0,0,0,0,0,0,0,0,1,1,15,0,14,0.0434782608695652,0.0549019607843137,0,0,0,0,0,0,0,2.5
00-0034401,M.White,Mike White,QB,QB,NYJ,2022,13,REG,MIN,31,57,369,0,2,3,7,1,0,0,0,0,0,0,0,0,0,0,0,0,0,0,17.46
00-0034407,R.McCloud,Ray-Ray McCloud,WR,WR,SF,2022,13,REG,MIA,0,0,0,0,0,0,0,0,0,0,0,0,0,0,0,0,0,0,0,0,0,0,0
00-0034411,R.Gage,Russell Gage,WR,WR,TB,2022,13,REG,NO,0,0,0,0,0,0,0,0,1,1,11,0,10,0.0188679245283019,0.0325732899022801,0,0,0,0,0,0,0,2.1
00-0034414,B.Scott,Boston Scott,RB,RB,PHI,2022,13,REG,TEN,0,0,0,0,0,6,16,0,1,1,5,0,5,0.0263157894736842,0.0126903553299492,0,0,0,0,0,0,0,3.1
00-0034418,C.Wilson,Cedrick Wilson,WR,WR,MIA,2022,13,REG,SF,0,0,0,0,0,0,0,0,0,0,0,0,0,0,0,0,0,0,0,0,0,0,0
00-0034419,B.Berrios,Braxton Berrios,WR,WR,NYJ,2022,13,REG,MIN,0,0,0,0,0,0,0,0,2,3,9,0,-4,0.0545454545454545,-0.00862068965517241,0,0,0,0,0,0,0,2.9
00-0034440,J.Jackson,Justin Jackson,RB,RB,DET,2022,13,REG,JAX,0,0,0,0,0,1,4,0,3,5,19,0,-4,0.128205128205128,-0.016260162601626,0,0,0,0,0,0,0,5.3
00-0034487,T.Sherfield,Trent Sherfield,WR,WR,MIA,2022,13,REG,SF,0,0,0,0,0,0,0,0,1,3,75,1,45,0.0882352941176471,0.114503816793893,0,0,0,0,0,0,0,14.5
00-0034521,A.Lazard,Allen Lazard,WR,WR,GB,2022,13,REG,CHI,0,0,0,0,0,0,0,0,5,6,67,0,75,0.2,0.231481481481482,0,0,0,0,0,0,0,11.7
00-0034577,K.Allen,Kyle Allen,QB,QB,HOU,2022,13,REG,CLE,20,39,201,1,2,2,1,0,0,0,0,0,0,0,0,0,1,0,0,0,0,0,6.14
00-0034646,B.Powell,Brandon Powell,WR,WR,LA,2022,13,REG,SEA,0,0,0,0,0,3,45,0,4,4,39,0,-13,0.16,-0.0505836575875486,0,0,0,0,0,0,0,12.4
00-0034753,M.Andrews,Mark Andrews,TE,TE,BAL,2022,13,REG,DEN,0,0,0,0,0,1,1,0,4,7,53,0,73,0.194444444444444,0.316017316017316,0,0,0,0,0,0,0,9.4
00-0034764,M.Gallup,Michael Gallup,WR,WR,DAL,2022,13,REG,IND,0,0,0,0,0,0,0,0,4,7,23,2,70,0.233333333333333,0.338164251207729,0,0,0,0,0,0,0,18.3
00-0034775,C.Kirk,Christian Kirk,WR,WR,JAX,2022,13,REG,DET,0,0,0,0,0,0,0,0,6,8,104,0,89,0.242424242424242,0.32129963898917,0,0,0,0,0,0,0,16.4
00-0034777,D.Chark,D.J. Chark,WR,WR,DET,2022,13,REG,JAX,0,0,0,0,0,0,0,0,5,6,98,0,108,0.153846153846154,0.439024390243902,0,0,0,0,0,0,0,14.8
00-0034791,N.Chubb,Nick Chubb,RB,RB,CLE,2022,13,REG,HOU,0,0,0,0,0,17,80,0,0,1,0,0,3,0.0476190476190476,0.0220588235294118,0,0,0,0,0,0,0,8
00-0034796,L.Jackson,Lamar Jackson,QB,QB,BAL,2022,13,REG,DEN,3,4,11,0,0,1,9,0,0,0,0,0,0,0,0,0,0,0,0,0,0,0,1.34
00-0034798,D.Smythe,Durham Smythe,TE,TE,MIA,2022,13,REG,SF,0,0,0,0,0,0,0,0,2,2,21,0,18,0.0588235294117647,0.0458015267175573,0,0,0,0,0,0,0,4.1
00-0034829,M.Gesicki,Mike Gesicki,TE,TE,MIA,2022,13,REG,SF,0,0,0,0,0,0,0,0,0,1,0,0,3,0.0294117647058824,0.00763358778625954,0,0,0,0,0,0,0,0
00-0034830,H.Hurst,Hayden Hurst,TE,TE,CIN,2022,13,REG,KC,0,0,0,0,0,0,0,0,2,3,12,0,43,0.0967741935483871,0.186147186147186,0,0,0,0,0,0,0,3.2
00-0034844,S.Barkley,Saquon Barkley,RB,RB,NYG,2022,13,REG,WAS,0,0,0,0,0,18,63,1,5,5,18,0,-21,0.178571428571429,-0.113513513513514,0,0,0,0,0,0,0,19.1
00-0034854,K.Hodge,KhaDarel Hodge,WR,WR,ATL,2022,13,REG,PIT,0,0,0,0,0,0,0,0,0,2,0,0,65,0.0833333333333333,0.17379679144385,0,0,0,0,0,0,0,0
00-0034857,J.Allen,Josh Allen,QB,QB,BUF,2022,13,REG,NE,22,33,223,2,0,8,20,0,0,0,0,0,0,0,0,1,0,0,0,0,0,0,16.92
00-0034860,D.Pettis,Dante Pettis,WR,WR,CHI,2022,13,REG,GB,0,0,0,0,0,0,0,0,1,2,14,0,36,0.08,0.138461538461538,0,0,0,0,0,0,0,2.4
00-0034899,J.Wolford,John Wolford,QB,QB,LA,2022,13,REG,SEA,14,26,178,0,2,5,29,0,0,0,0,0,0,0,0,0,0,0,0,0,0,0,6.02
00-0034928,S.Sims,Steven Sims,WR,WR,PIT,2022,13,REG,ATL,0,0,0,0,0,3,19,0,0,2,0,0,28,0.0740740740740741,0.111553784860558,0,0,0,0,0,0,0,1.9
00-0034960,J.Meyers,Jakobi Meyers,WR,WR,NE,2022,13,REG,BUF,0,0,0,0,0,0,0,0,3,5,22,0,37,0.147058823529412,0.163716814159292,0,0,0,0,0,0,0,5.2
00-0034972,A.Mattison,Alexander Mattison,RB,RB,MIN,2022,13,REG,NYJ,0,0,0,0,0,3,14,1,2,2,4,0,-11,0.0606060606060606,-0.0334346504559271,0,0,0,0,0,0,0,9.8
00-0034975,J.Hill,Justice Hill,RB,RB,BAL,2022,13,REG,DEN,0,0,0,0,0,1,2,0,2,2,4,0,-10,0.0555555555555556,-0.0432900432900433,0,0,0,0,0,0,0,2.6
00-0034981,F.Moreau,Foster Moreau,TE,TE,LV,2022,13,REG,LAC,0,0,0,0,0,0,0,0,1,3,32,0,57,0.111111111111111,0.165217391304348,0,0,0,0,0,0,0,4.2
00-0035021,A.Dulin,Ashton Dulin,WR,WR,IND,2022,13,REG,DAL,0,0,0,0,0,0,0,0,1,2,14,1,16,0.0571428571428571,0.073394495412844,0,0,0,0,0,0,0,8.4
00-0035208,O.Zaccheaus,Olamide Zaccheaus,WR,WR,ATL,2022,13,REG,PIT,0,0,0,0,0,0,0,0,2,5,13,0,99,0.208333333333333,0.264705882352941,0,0,0,0,0,0,0,3.3
00-0035216,D.Johnson,Diontae Johnson,WR,WR,PIT,2022,13,REG,ATL,0,0,0,0,0,0,0,0,5,11,60,0,120,0.407407407407407,0.478087649402391,0,0,0,0,0,0,0,11
00-0035217,B.Snell,Benny Snell,RB,RB,PIT,2022,13,REG,ATL,0,0,0,0,0,6,24,0,1,1,11,0,3,0.037037037037037,0.0119521912350598,0,0,0,0,0,0,0,4.5
00-0035222,Z.Gentry,Zach Gentry,TE,TE,PIT,2022,13,REG,ATL,0,0,0,0,0,0,0,0,1,1,8,0,5,0.037037037037037,0.0199203187250996,0,0,0,0,0,0,0,1.8
00-0035229,T.Hockenson,T.J. Hockenson,TE,TE,MIN,2022,13,REG,NYJ,0,0,0,0,0,0,0,0,4,6,33,0,52,0.181818181818182,0.158054711246201,0,0,0,0,0,0,0,7.3
00-0035243,M.Sanders,Miles Sanders,RB,RB,PHI,2022,13,REG,TEN,0,0,0,0,0,10,24,1,2,2,14,0,-1,0.0526315789473684,-0.00253807106598985,0,0,0,0,0,0,0,11.8
00-0035250,D.Singletary,Devin Singletary,RB,RB,BUF,2022,13,REG,NE,0,0,0,0,0,13,51,1,0,2,0,0,-6,0.0606060606060606,-0.0224719101123596,0,0,0,0,0,0,0,11.1
00-0035261,T.Pollard,Tony Pollard,RB,RB,DAL,2022,13,REG,IND,0,0,0,0,0,12,91,2,2,3,15,0,6,0.1,0.0289855072463768,0,0,0,0,0,0,0,24.6
00-0035289,G.Minshew,Gardner Minshew,QB,QB,PHI,2022,13,REG,TEN,1,2,11,0,0,0,0,0,0,0,0,0,0,0,0,0,0,0,0,0,0,0,0.44
00-0035291,T.Williams,Trayveon Williams,RB,RB,CIN,2022,13,REG,KC,0,0,0,0,0,1,3,0,0,0,0,0,0,0,0,0,0,0,0,0,0,0,0.3
00-0035298,S.Miller,Scott Miller,WR,WR,TB,2022,13,REG,NO,0,0,0,0,0,0,0,0,1,2,7,0,41,0.0377358490566038,0.133550488599349,0,0,0,0,0,0,0,1.7
00-0035308,T.Sweeney,Tommy Sweeney,TE,TE,BUF,2022,13,REG,NE,0,0,0,0,0,0,0,0,0,0,0,0,0,0,0,0,0,0,0,0,0,0,0
00-0035341,T.Irwin,Trenton Irwin,WR,WR,CIN,2022,13,REG,KC,0,0,0,0,0,0,0,0,1,1,12,0,8,0.032258064516129,0.0346320346320346,0,0,0,0,0,0,0,2.2
00-0035345,C.Myarick,Chris Myarick,TE,TE,NYG,2022,13,REG,WAS,0,0,0,0,0,0,0,0,0,0,0,0,0,0,0,0,0,0,0,0,0,0,0
00-0035399,S.Morgan,Stanley Morgan,WR,WR,CIN,2022,13,REG,KC,0,0,0,0,0,0,0,0,0,0,0,0,0,0,0,0,0,0,0,0,0,0,0
00-0035535,D.Slayton,Darius Slayton,WR,WR,NYG,2022,13,REG,WAS,0,0,0,0,0,0,0,0,6,8,90,0,134,0.285714285714286,0.724324324324324,0,0,0,0,0,0,0,15
00-0035537,T.Johnson,Ty Johnson,RB,RB,NYJ,2022,13,REG,MIN,0,0,0,0,0,1,3,0,6,7,38,0,12,0.127272727272727,0.0258620689655172,0,0,0,0,0,0,0,10.1
00-0035547,J.Fortson,Joseph Fortson,TE,TE,KC,2022,13,REG,CIN,0,0,0,0,0,0,0,0,1,1,6,0,-3,0.0434782608695652,-0.0117647058823529,0,0,0,0,0,0,0,1.6
00-0035572,P.Hesse,Parker Hesse,TE,TE,ATL,2022,13,REG,PIT,0,0,0,0,0,0,0,0,1,1,16,0,5,0.0416666666666667,0.0133689839572193,0,0,0,0,0,0,0,2.6
00-0035624,N.Harry,N'Keal Harry,TE,TE,CHI,2022,13,REG,GB,0,0,0,0,0,0,0,0,1,1,49,0,49,0.04,0.188461538461538,0,0,0,0,0,0,0,5.9
00-0035639,P.Campbell,Parris Campbell,WR,WR,IND,2022,13,REG,DAL,0,0,0,0,0,1,2,0,4,5,43,0,26,0.142857142857143,0.119266055045872,0,0,0,0,0,0,0,8.5
00-0035640,D.Metcalf,DK Metcalf,WR,WR,SEA,2022,13,REG,LA,0,0,0,0,0,0,0,0,8,8,127,1,112,0.216216216216216,0.424242424242424,0,0,0,0,0,0,0,26.7
00-0035644,N.Fant,Noah Fant,TE,TE,SEA,2022,13,REG,LA,0,0,0,0,0,0,0,0,4,5,42,1,31,0.135135135135135,0.117424242424242,0,0,0,0,0,0,0,14.2
00-0035645,G.Olszewski,Gunner Olszewski,WR,WR,PIT,2022,13,REG,ATL,0,0,0,0,0,2,2,0,0,0,0,0,0,0,0,0,0,0,0,0,0,0,0.2
00-0035659,T.McLaurin,Terry McLaurin,WR,WR,WAS,2022,13,REG,NYG,0,0,0,0,0,0,0,0,8,12,105,1,131,0.3,0.410658307210031,0,0,0,0,0,0,0,24.5
00-0035676,A.Brown,A.J. Brown,WR,WR,PHI,2022,13,REG,TEN,0,0,0,0,0,0,0,0,8,10,119,2,162,0.263157894736842,0.411167512690355,0,0,0,0,0,0,0,31.9
00-0035685,D.Montgomery,David Montgomery,RB,RB,CHI,2022,13,REG,GB,0,0,0,0,0,14,61,1,4,5,6,0,4,0.2,0.0153846153846154,0,0,0,0,0,0,0,16.7
00-0035689,D.Knox,Dawson Knox,TE,TE,BUF,2022,13,REG,NE,0,0,0,0,0,0,0,0,0,1,0,0,-2,0.0303030303030303,-0.00749063670411985,0,0,0,0,0,0,0,0
00-0035700,J.Jacobs,Josh Jacobs,RB,RB,LV,2022,13,REG,LAC,0,0,0,0,0,26,144,1,2,2,6,0,0,0.0740740740740741,0,0,0,1,0,0,0,0,21
00-0035710,D.Jones,Daniel Jones,QB,QB,NYG,2022,13,REG,WAS,25,31,200,1,0,12,71,0,0,0,0,0,0,0,0,0,1,0,0,0,0,0,17.1
00-0035719,D.Samuel,Deebo Samuel,WR,WR,SF,2022,13,REG,MIA,0,0,0,0,0,4,5,0,6,10,58,0,59,0.25,0.241803278688525,0,0,0,0,0,0,0,12.3
00-0035771,M.Wilcox,Mitchell Wilcox,TE,TE,CIN,2022,13,REG,KC,0,0,0,0,0,0,0,0,1,1,13,0,13,0.032258064516129,0.0562770562770563,0,0,0,0,0,0,0,2.3
00-0035831,J.Robinson,James Robinson,RB,RB,NYJ,2022,13,REG,MIN,0,0,0,0,0,4,10,0,0,0,0,0,0,0,0,0,0,0,0,0,0,0,1
00-0035860,T.Jones,Tony Jones,RB,RB,SEA,2022,13,REG,LA,0,0,0,0,0,7,14,0,2,4,18,0,-13,0.108108108108108,-0.0492424242424242,0,0,0,0,0,0,0,5.2
00-0035864,K.Hinton,Kendall Hinton,WR,WR,DEN,2022,13,REG,BAL,0,0,0,0,0,0,0,0,1,1,11,0,9,0.0476190476190476,0.0403587443946188,0,0,0,0,0,0,0,2.1
00-0035939,B.Perkins,Bryce Perkins,QB,QB,LA,2022,13,REG,SEA,0,0,0,0,0,1,5,0,0,0,0,0,0,0,0,0,0,0,0,0,0,0,0.5
00-0035973,P.Taylor,Patrick Taylor,RB,RB,GB,2022,13,REG,CHI,0,0,0,0,0,1,6,0,0,0,0,0,0,0,0,0,0,0,0,0,0,0,0.6
00-0035993,T.Huntley,Tyler Huntley,QB,QB,BAL,2022,13,REG,DEN,27,32,187,0,1,10,41,1,0,0,0,0,0,0,0,0,0,0,0,0,0,0,15.58
00-0036032,S.McKeon,Sean McKeon,TE,TE,DAL,2022,13,REG,IND,0,0,0,0,0,0,0,0,0,0,0,0,0,0,0,0,0,0,0,0,0,0,0
00-0036133,J.Proche,James Proche,WR,WR,BAL,2022,13,REG,DEN,0,1,0,0,1,0,0,0,2,2,9,0,4,0.0555555555555556,0.0173160173160173,0,0,0,0,0,0,0,0.9
00-0036165,I.Hodgins,Isaiah Hodgins,WR,WR,NYG,2022,13,REG,WAS,0,0,0,0,0,0,0,0,5,6,44,1,46,0.214285714285714,0.248648648648649,0,0,0,0,0,0,0,15.4
00-0036182,N.Westbrook-Ikhine,Nick Westbrook-Ikhine,WR,WR,TEN,2022,13,REG,PHI,0,0,0,0,0,0,0,0,1,2,4,0,10,0.08,0.0609756097560976,0,0,0,0,0,0,0,1.4
00-0036196,G.Davis,Gabe Davis,WR,WR,BUF,2022,13,REG,NE,0,0,0,0,0,0,0,0,2,7,15,1,96,0.212121212121212,0.359550561797753,0,0,0,0,0,0,0,9.5
00-0036212,T.Tagovailoa,Tua Tagovailoa,QB,QB,MIA,2022,13,REG,SF,18,33,295,2,2,0,0,0,0,0,0,0,0,0,0,1,0,0,0,0,0,0,13.8
00-0036219,M.Callaway,Marquez Callaway,WR,WR,NO,2022,13,REG,TB,0,0,0,0,0,0,0,0,0,1,0,0,1,0.0357142857142857,0.00476190476190476,0,0,0,0,0,0,0,0
00-0036223,J.Taylor,Jonathan Taylor,RB,RB,IND,2022,13,REG,DAL,0,0,0,0,0,21,82,0,3,4,21,0,-15,0.114285714285714,-0.0688073394495413,0,0,0,0,0,0,0,13.3
00-0036232,H.Bryant,Harrison Bryant,TE,TE,CLE,2022,13,REG,HOU,0,0,0,0,0,1,8,0,1,1,6,0,0,0.0476190476190476,0,0,0,0,0,0,0,0,2.4
00-0036233,D.Peoples-Jones,Donovan Peoples-Jones,WR,WR,CLE,2022,13,REG,HOU,0,0,0,0,0,0,0,0,3,3,44,0,24,0.142857142857143,0.176470588235294,0,0,0,0,0,0,1,13.4
00-0036244,C.Parkinson,Colby Parkinson,TE,TE,SEA,2022,13,REG,LA,0,0,0,0,0,0,0,0,1,1,12,0,10,0.027027027027027,0.0378787878787879,0,0,0,0,0,0,0,2.2
00-0036251,Z.Moss,Zack Moss,RB,RB,IND,2022,13,REG,DAL,0,0,0,0,0,3,18,0,0,0,0,0,0,0,0,0,0,0,0,0,0,0,1.8
00-0036252,M.Pittman,Michael Pittman,WR,WR,IND,2022,13,REG,DAL,0,0,0,0,0,0,0,0,2,4,16,0,20,0.114285714285714,0.091743119266055,0,0,0,0,0,0,0,3.6
00-0036255,D.Mims,Denzel Mims,WR,WR,NYJ,2022,13,REG,MIN,0,0,0,0,0,0,0,0,0,1,0,0,24,0.0181818181818182,0.0517241379310345,0,0,0,0,0,0,0,0
00-0036259,J.Jennings,Jauan Jennings,WR,WR,SF,2022,13,REG,MIA,0,0,0,0,0,0,0,0,2,4,34,0,35,0.1,0.14344262295082,0,0,0,0,0,0,0,5.4
00-0036261,B.Aiyuk,Brandon Aiyuk,WR,WR,SF,2022,13,REG,MIA,0,0,0,0,0,0,0,0,5,9,46,0,74,0.225,0.30327868852459,0,0,0,0,0,0,0,9.6
00-0036265,A.Dillon,A.J. Dillon,RB,RB,GB,2022,13,REG,CHI,0,0,0,0,0,18,93,1,3,3,26,0,5,0.1,0.0154320987654321,0,0,0,0,0,0,0,20.9
00-0036271,Q.Watkins,Quez Watkins,WR,WR,PHI,2022,13,REG,TEN,0,0,0,0,0,0,0,0,5,6,37,0,18,0.157894736842105,0.0456852791878173,0,0,0,0,0,0,0,8.7
00-0036275,D.Swift,D'Andre Swift,RB,RB,DET,2022,13,REG,JAX,0,0,0,0,0,14,62,1,4,6,49,0,-8,0.153846153846154,-0.032520325203252,0,0,0,0,0,0,0,21.1
00-0036290,C.Kmet,Cole Kmet,TE,TE,CHI,2022,13,REG,GB,0,0,0,0,0,0,0,0,6,7,72,0,59,0.28,0.226923076923077,0,0,0,0,0,0,0,13.2
00-0036297,D.Evans,Darrynton Evans,RB,RB,CHI,2022,13,REG,GB,0,0,0,0,0,3,21,0,0,0,0,0,0,0,0,0,0,0,0,0,0,0,2.1
00-0036322,J.Jefferson,Justin Jefferson,WR,WR,MIN,2022,13,REG,NYJ,0,0,0,0,0,2,11,0,7,11,45,1,137,0.333333333333333,0.416413373860182,0,0,0,0,0,0,0,18.6
00-0036326,C.Claypool,Chase Claypool,WR,WR,CHI,2022,13,REG,GB,0,0,0,0,0,0,0,0,5,6,28,0,25,0.24,0.0961538461538462,0,0,1,0,0,0,0,5.8
00-0036328,A.Gibson,Antonio Gibson,RB,RB,WAS,2022,13,REG,NYG,0,0,0,0,0,9,39,0,2,4,20,0,5,0.1,0.0156739811912226,0,0,0,0,0,0,0,7.9
00-0036331,D.Duvernay,Devin Duvernay,WR,WR,BAL,2022,13,REG,DEN,0,0,0,0,0,2,9,0,6,6,34,0,25,0.166666666666667,0.108225108225108,0,0,0,0,0,0,0,10.3
00-0036332,J.Deguara,Josiah Deguara,TE,TE,GB,2022,13,REG,CHI,0,0,0,0,0,0,0,0,0,1,0,0,5,0.0333333333333333,0.0154320987654321,0,0,0,0,0,0,0,0
00-0036345,K.Osborn,K.J. Osborn,WR,WR,MIN,2022,13,REG,NYJ,0,0,0,0,0,0,0,0,2,3,17,0,25,0.0909090909090909,0.0759878419452888,0,0,0,0,0,0,0,3.7
00-0036355,J.Herbert,Justin Herbert,QB,QB,LAC,2022,13,REG,LV,28,47,335,1,0,5,7,0,0,0,0,0,0,0,0,0,0,0,0,0,0,0,18.1
00-0036358,C.Lamb,CeeDee Lamb,WR,WR,DAL,2022,13,REG,IND,0,0,0,0,0,2,23,0,5,7,71,1,53,0.233333333333333,0.256038647342995,0,0,0,0,0,0,0,20.4
00-0036370,J.Kelley,Joshua Kelley,RB,RB,LAC,2022,13,REG,LV,0,0,0,0,0,7,30,0,0,1,0,0,0,0.0222222222222222,0,0,0,0,0,0,0,0,3
00-0036387,J.Reagor,Jalen Reagor,WR,WR,MIN,2022,13,REG,NYJ,0,0,0,0,0,1,8,0,1,1,38,0,38,0.0303030303030303,0.115501519756839,0,0,0,0,0,0,0,5.6
00-0036389,J.Hurts,Jalen Hurts,QB,QB,PHI,2022,13,REG,TEN,29,39,380,3,0,5,12,1,0,0,0,0,0,0,0,0,0,0,0,0,0,0,34.4
00-0036407,J.Jeudy,Jerry Jeudy,WR,WR,DEN,2022,13,REG,BAL,0,0,0,0,0,0,0,0,4,4,65,0,62,0.19047619047619,0.278026905829596,0,0,0,0,0,0,0,10.5
00-0036410,T.Higgins,Tee Higgins,WR,WR,CIN,2022,13,REG,KC,0,0,0,0,0,0,0,0,3,5,35,1,46,0.161290322580645,0.199134199134199,0,0,0,0,0,0,0,12.5
00-0036414,C.Akers,Cam Akers,RB,RB,LA,2022,13,REG,SEA,0,0,0,0,0,17,60,2,1,1,0,0,0,0.04,0,0,0,0,0,0,0,0,19
00-0036415,V.Jefferson,Van Jefferson,WR,WR,LA,2022,13,REG,SEA,0,0,0,0,0,0,0,0,2,4,39,0,71,0.16,0.276264591439689,0,0,0,0,0,0,0,5.9
00-0036422,A.Trautman,Adam Trautman,TE,TE,NO,2022,13,REG,TB,0,0,0,0,0,0,0,0,2,3,28,0,8,0.107142857142857,0.0380952380952381,0,0,0,0,0,0,0,4.8
00-0036425,D.Dallas,DeeJay Dallas,RB,RB,SEA,2022,13,REG,LA,0,0,0,0,0,10,37,0,0,1,0,0,-5,0.027027027027027,-0.0189393939393939,0,0,0,0,0,0,0,3.7
00-0036442,J.Burrow,Joe Burrow,QB,QB,CIN,2022,13,REG,KC,25,31,286,2,0,11,46,1,0,0,0,0,0,0,0,0,0,0,0,0,0,0,30.04
00-0036493,D.Jackson,Deon Jackson,RB,RB,IND,2022,13,REG,DAL,0,0,0,0,0,2,6,0,0,1,0,0,-4,0.0285714285714286,-0.018348623853211,0,0,0,0,0,0,0,0.6
00-0036497,T.Jones,Tim Jones,WR,WR,JAX,2022,13,REG,DET,0,0,0,0,0,0,0,0,1,1,3,0,3,0.0303030303030303,0.0108303249097473,0,0,0,0,0,0,0,1.3
00-0036534,S.Zylstra,Shane Zylstra,TE,TE,DET,2022,13,REG,JAX,0,0,0,0,0,0,0,0,1,1,4,0,4,0.0256410256410256,0.016260162601626,0,0,0,0,0,0,0,1.4
00-0036554,N.Collins,Nico Collins,WR,WR,HOU,2022,13,REG,CLE,0,0,0,0,0,0,0,0,3,10,35,1,173,0.27027027027027,0.494285714285714,0,0,0,0,0,0,0,12.5
00-0036556,B.Jordan,Brevin Jordan,TE,TE,HOU,2022,13,REG,CLE,0,0,0,0,0,0,0,0,4,5,46,0,32,0.135135135135135,0.0914285714285714,0,0,0,0,0,0,0,8.6
00-0036569,G.Brightwell,Gary Brightwell,RB,RB,NYG,2022,13,REG,WAS,0,0,0,0,0,0,0,0,0,0,0,0,0,0,0,0,0,0,0,0,0,0,0
00-0036613,J.Waddle,Jaylen Waddle,WR,WR,MIA,2022,13,REG,SF,0,0,0,0,0,0,0,0,1,5,9,0,81,0.147058823529412,0.206106870229008,0,0,0,0,0,0,0,1.9
00-0036637,N.Gray,Noah Gray,TE,TE,KC,2022,13,REG,CIN,0,0,0,0,0,0,0,0,1,1,15,0,13,0.0434782608695652,0.0509803921568627,0,0,0,0,0,0,0,2.5
00-0036654,D.Felton,Demetric Felton,RB,RB,CLE,2022,13,REG,HOU,0,0,0,0,0,0,0,0,0,1,0,0,7,0.0476190476190476,0.0514705882352941,0,0,0,0,0,0,0,0
00-0036741,J.Stoll,Jack Stoll,TE,TE,PHI,2022,13,REG,TEN,0,0,0,0,0,0,0,0,3,3,41,0,29,0.0789473684210526,0.0736040609137056,0,0,0,0,0,0,0,7.1
00-0036754,B.Wright,Brock Wright,TE,TE,DET,2022,13,REG,JAX,0,0,0,0,0,0,0,0,2,2,25,0,2,0.0512820512820513,0.00813008130081301,0,0,0,0,0,0,0,4.5
00-0036825,F.Franks,Feleipe Franks,TE,TE,ATL,2022,13,REG,PIT,0,0,0,0,0,0,0,0,0,0,0,0,0,0,0,0,0,0,0,0,0,0,0
00-0036829,C.Huntley,Caleb Huntley,RB,RB,ATL,2022,13,REG,PIT,0,0,0,0,0,4,17,0,0,0,0,0,0,0,0,0,0,0,0,0,0,0,1.7
00-0036841,A.Trammell,Austin Trammell,WR,WR,LA,2022,13,REG,SEA,0,0,0,0,0,0,0,0,1,2,8,0,14,0.08,0.0544747081712062,0,0,0,0,0,0,0,1.8
00-0036849,T.Atwell,Tutu Atwell,WR,WR,LA,2022,13,REG,SEA,0,0,0,0,0,4,23,0,2,5,48,0,112,0.2,0.43579766536965,0,0,0,0,0,0,0,9.1
00-0036857,C.Evans,Chris Evans,RB,RB,CIN,2022,13,REG,KC,0,0,0,0,0,0,0,0,1,1,8,1,3,0.032258064516129,0.012987012987013,0,0,0,0,0,0,0,7.8
00-0036862,B.Skowronek,Ben Skowronek,WR,WR,LA,2022,13,REG,SEA,0,0,0,0,0,0,0,0,2,3,30,0,37,0.12,0.143968871595331,0,0,0,0,0,0,0,5
00-0036875,R.Stevenson,Rhamondre Stevenson,RB,RB,NE,2022,13,REG,BUF,0,0,0,0,0,10,54,0,6,8,24,0,-15,0.235294117647059,-0.0663716814159292,0,0,0,0,0,0,0,13.8
00-0036876,K.Granson,Kylen Granson,TE,TE,IND,2022,13,REG,DAL,0,0,0,0,0,0,0,0,4,6,19,0,43,0.171428571428571,0.197247706422018,0,0,0,0,0,0,0,5.9
00-0036877,J.Darden,Jaelon Darden,WR,WR,TB,2022,13,REG,NO,0,0,0,0,0,0,0,0,0,0,0,0,0,0,0,0,0,0,0,0,0,0,0
00-0036887,L.Farrell,Luke Farrell,TE,TE,JAX,2022,13,REG,DET,0,0,0,0,0,0,0,0,1,1,3,0,3,0.0303030303030303,0.0108303249097473,0,0,0,0,0,0,0,1.3
00-0036893,N.Harris,Najee Harris,RB,RB,PIT,2022,13,REG,ATL,0,0,0,0,0,17,86,0,1,1,6,0,-1,0.037037037037037,-0.00398406374501992,0,0,0,0,0,0,0,10.2
00-0036894,P.Freiermuth,Pat Freiermuth,TE,TE,PIT,2022,13,REG,ATL,0,0,0,0,0,0,0,0,3,5,76,0,62,0.185185185185185,0.247011952191235,0,0,0,0,0,0,0,10.6
00-0036900,J.Chase,Ja'Marr Chase,WR,WR,CIN,2022,13,REG,KC,0,0,0,0,0,0,0,0,7,8,97,0,67,0.258064516129032,0.29004329004329,0,0,0,0,0,0,0,16.7
00-0036912,D.Smith,DeVonta Smith,WR,WR,PHI,2022,13,REG,TEN,0,0,0,0,0,0,0,0,5,8,102,1,111,0.210526315789474,0.281725888324873,0,0,0,0,0,0,0,21.2
00-0036919,K.Gainwell,Kenneth Gainwell,RB,RB,PHI,2022,13,REG,TEN,0,0,0,0,0,3,15,0,3,4,38,0,8,0.105263157894737,0.0203045685279188,0,0,0,0,0,0,0,8.3
00-0036945,J.Fields,Justin Fields,QB,QB,CHI,2022,13,REG,GB,20,25,254,0,2,6,71,1,0,0,0,0,0,0,0,0,0,0,0,0,0,0,19.26
00-0036950,A.Williams,Avery Williams,RB,RB,ATL,2022,13,REG,PIT,0,0,0,0,0,0,0,0,0,0,0,0,0,0,0,0,0,0,0,0,0,0,0
00-0036959,M.Bandy,Michael Bandy,WR,WR,LAC,2022,13,REG,LV,0,0,0,0,0,0,0,0,1,1,15,0,11,0.0222222222222222,0.0293333333333333,0,0,0,0,0,0,0,2.5
00-0036963,A.St. Brown,Amon-Ra St. Brown,WR,WR,DET,2022,13,REG,JAX,0,0,0,0,0,1,2,0,11,12,114,2,76,0.307692307692308,0.308943089430894,0,0,0,0,0,0,0,34.6
00-0036971,T.Lawrence,Trevor Lawrence,QB,QB,JAX,2022,13,REG,DET,17,31,179,1,0,4,32,0,0,0,0,0,0,0,0,0,0,0,1,0,0,0,16.36
00-0036972,M.Jones,Mac Jones,QB,QB,NE,2022,13,REG,BUF,22,36,195,1,0,3,7,0,0,0,0,0,0,0,0,0,0,0,0,0,0,0,12.5
00-0036973,T.Etienne,Travis Etienne,RB,RB,JAX,2022,13,REG,DET,0,0,0,0,0,13,54,0,3,3,12,0,-8,0.0909090909090909,-0.0288808664259928,0,1,0,0,0,0,0,7.6
00-0036980,E.Moore,Elijah Moore,WR,WR,NYJ,2022,13,REG,MIN,0,0,0,0,0,1,10,0,2,6,7,0,58,0.109090909090909,0.125,0,0,0,0,0,0,0,3.7
00-0036988,J.Palmer,Josh Palmer,WR,WR,LAC,2022,13,REG,LV,0,0,0,0,0,0,0,0,7,11,60,0,84,0.244444444444444,0.224,0,0,0,0,0,0,0,13
00-0036999,A.Schwartz,Anthony Schwartz,WR,WR,CLE,2022,13,REG,HOU,0,0,0,0,0,1,6,0,1,1,12,0,5,0.0476190476190476,0.0367647058823529,0,0,1,0,0,0,0,0.8
00-0037011,T.McKitty,Tre' McKitty,TE,TE,LAC,2022,13,REG,LV,0,0,0,0,0,0,0,0,1,1,8,0,-5,0.0222222222222222,-0.0133333333333333,0,0,0,0,0,0,0,1.8
00-0037078,C.Turner,Cole Turner,TE,TE,WAS,2022,13,REG,NYG,0,0,0,0,0,0,0,0,0,0,0,0,0,0,0,0,0,0,0,0,0,0,0
00-0037086,G.Calcaterra,Grant Calcaterra,TE,TE,PHI,2022,13,REG,TEN,0,0,0,0,0,0,0,0,1,1,19,0,16,0.0263157894736842,0.0406091370558376,0,0,0,0,0,0,0,2.9
00-0037087,T.Ebner,Trestan Ebner,RB,RB,CHI,2022,13,REG,GB,0,0,0,0,0,0,0,0,0,0,0,0,0,0,0,0,0,0,0,0,0,0,0
00-0037093,D.Young,Dareke Young,WR,WR,SEA,2022,13,REG,LA,0,0,0,0,0,0,0,0,0,0,0,0,0,0,0,0,0,0,0,0,0,0,0
00-0037098,S.Toure,Samori Toure,WR,WR,GB,2022,13,REG,CHI,0,0,0,0,0,0,0,0,1,1,7,0,4,0.0333333333333333,0.0123456790123457,0,0,0,0,0,0,0,1.7
00-0037132,B.Covey,Britain Covey,WR,WR,PHI,2022,13,REG,TEN,0,0,0,0,0,0,0,0,0,0,0,0,0,0,0,0,0,0,0,0,0,0,0
00-0037157,Z.Knight,Zonovan Knight,RB,RB,NYJ,2022,13,REG,MIN,0,0,0,0,0,15,90,0,5,5,28,0,-24,0.0909090909090909,-0.0517241379310345,0,0,0,0,0,0,0,16.8
00-0037197,I.Pacheco,Isiah Pacheco,RB,RB,KC,2022,13,REG,CIN,0,0,0,0,0,14,66,1,2,2,16,0,-4,0.0869565217391304,-0.0156862745098039,0,0,0,0,0,0,0,16.2
00-0037228,J.Warren,Jaylen Warren,RB,RB,PIT,2022,13,REG,ATL,0,0,0,0,0,1,5,0,2,2,14,0,-1,0.0740740740740741,-0.00398406374501992,0,0,0,0,0,0,0,3.9
00-0037238,D.London,Drake London,WR,WR,ATL,2022,13,REG,PIT,0,0,0,0,0,0,0,0,6,12,95,0,176,0.5,0.470588235294118,0,0,0,0,0,0,0,15.5
00-0037239,C.Olave,Chris Olave,WR,WR,NO,2022,13,REG,TB,0,0,0,0,0,0,0,0,4,6,65,0,72,0.214285714285714,0.342857142857143,0,0,0,0,0,0,0,10.5
00-0037240,J.Williams,Jameson Williams,WR,WR,DET,2022,13,REG,JAX,0,0,0,0,0,0,0,0,0,1,0,0,22,0.0256410256410256,0.0894308943089431,0,0,0,0,0,0,0,0
00-0037247,G.Pickens,George Pickens,WR,WR,PIT,2022,13,REG,ATL,0,0,0,0,0,0,0,0,1,2,2,0,12,0.0740740740740741,0.0478087649402391,0,0,0,0,0,0,0,1.2
00-0037248,J.Cook,James Cook,RB,RB,BUF,2022,13,REG,NE,0,0,0,0,0,14,64,0,6,6,41,0,3,0.181818181818182,0.0112359550561798,0,0,0,0,0,0,0,16.5
00-0037252,G.Dulcich,Greg Dulcich,TE,TE,DEN,2022,13,REG,BAL,0,0,0,0,0,0,0,0,6,8,85,0,91,0.380952380952381,0.408071748878924,0,0,0,0,0,0,0,14.5
00-0037256,R.White,Rachaad White,RB,RB,TB,2022,13,REG,NO,0,0,0,0,0,9,28,0,6,8,41,1,0,0.150943396226415,0,0,0,1,0,0,0,0,16.9
00-0037257,Dav.Bell,David Bell,WR,WR,CLE,2022,13,REG,HOU,0,0,0,0,0,0,0,0,0,1,0,0,6,0.0476190476190476,0.0441176470588235,0,0,0,0,0,0,0,0
00-0037258,D.Pierce,Dameon Pierce,RB,RB,HOU,2022,13,REG,CLE,0,0,0,0,0,18,73,0,3,3,22,0,1,0.0810810810810811,0.00285714285714286,0,0,0,0,0,0,0,12.5
00-0037261,K.Shakir,Khalil Shakir,WR,WR,BUF,2022,13,REG,NE,0,0,0,0,0,0,0,0,1,1,10,0,4,0.0303030303030303,0.0149812734082397,0,0,0,0,0,0,0,2
00-0037263,T.Allgeier,Tyler Allgeier,RB,RB,ATL,2022,13,REG,PIT,0,0,0,0,0,10,52,0,0,0,0,0,0,0,0,0,0,0,0,0,0,0,5.2
00-0037265,S.Conner,Snoop Conner,RB,RB,JAX,2022,13,REG,DET,0,0,0,0,0,1,6,0,0,0,0,0,0,0,0,0,0,0,0,0,0,0,0.6
00-0037267,J.Ford,Jerome Ford,RB,RB,CLE,2022,13,REG,HOU,0,0,0,0,0,3,3,0,0,0,0,0,0,0,0,0,0,0,0,0,0,0,0.3
00-0037272,M.Washington,Montrell Washington,WR,WR,DEN,2022,13,REG,BAL,0,0,0,0,0,1,-1,0,0,1,0,0,43,0.0476190476190476,0.192825112107623,0,0,0,0,0,0,0,-0.1
00-0037277,T.Quitoriano,Teagan Quitoriano,TE,TE,HOU,2022,13,REG,CLE,0,0,0,0,0,0,0,0,0,3,0,0,50,0.0810810810810811,0.142857142857143,0,0,0,0,0,0,0,0
00-0037286,K.Harris,Kevin Harris,RB,RB,NE,2022,13,REG,BUF,0,0,0,0,0,1,-1,0,0,0,0,0,0,0,0,0,0,0,0,0,0,0,-0.1
00-0037304,Co.Heyward,Connor Heyward,TE,TE,PIT,2022,13,REG,ATL,0,0,0,0,0,0,0,0,1,1,17,1,17,0.037037037037037,0.0677290836653386,0,0,0,0,0,0,0,8.7
00-0037311,K.Kieft,Ko Kieft,TE,TE,TB,2022,13,REG,NO,0,0,0,0,0,0,0,0,1,2,12,0,8,0.0377358490566038,0.0260586319218241,0,0,0,0,0,0,0,2.2
00-0037327,S.Thompson,Skylar Thompson,QB,QB,MIA,2022,13,REG,SF,0,1,0,0,1,0,0,0,0,0,0,0,0,0,0,0,0,0,0,0,0,0,-2
00-0037387,J.Virgil,Jalen Virgil,WR,WR,DEN,2022,13,REG,BAL,0,0,0,0,0,0,0,0,0,0,0,0,0,0,0,0,0,0,0,0,0,0,0
00-0037475,S.Smartt,Stone Smartt,TE,TE,LAC,2022,13,REG,LV,0,0,0,0,0,0,0,0,2,3,3,0,15,0.0666666666666667,0.04,0,0,0,0,0,0,0,2.3
00-0037525,J.Mason,Jordan Mason,RB,RB,SF,2022,13,REG,MIA,0,0,0,0,0,8,51,0,0,0,0,0,0,0,0,0,0,0,0,0,0,0,5.1
00-0037545,R.Shaheed,Rashid Shaheed,WR,WR,NO,2022,13,REG,TB,0,0,0,0,0,1,0,0,4,4,75,0,58,0.142857142857143,0.276190476190476,0,0,0,0,0,0,0,11.5
00-0037563,M.Davis,Malik Davis,RB,RB,DAL,2022,13,REG,IND,0,0,0,0,0,3,29,1,0,0,0,0,0,0,0,0,0,0,0,0,0,0,8.9
00-0037569,P.Hendershot,Peyton Hendershot,TE,TE,DAL,2022,13,REG,IND,0,0,0,0,0,0,0,0,0,0,0,0,0,0,0,0,0,0,0,0,0,0,0
00-0037594,J.Chestnut,Julius Chestnut,RB,RB,TEN,2022,13,REG,PHI,0,0,0,0,0,5,13,0,0,0,0,0,0,0,0,0,0,0,0,0,0,0,1.3
00-0037664,A.Pierce,Alec Pierce,WR,WR,IND,2022,13,REG,DAL,0,0,0,0,0,0,0,0,4,8,86,1,108,0.228571428571429,0.495412844036697,0,0,0,0,0,0,0,18.6
00-0037740,G.Wilson,Garrett Wilson,WR,WR,NYJ,2022,13,REG,MIN,0,1,0,0,0,0,0,0,8,15,162,0,231,0.272727272727273,0.497844827586207,0,0,0,0,0,0,0,24.2
00-0037741,J.Dotson,Jahan Dotson,WR,WR,WAS,2022,13,REG,NYG,0,0,0,0,0,0,0,0,5,9,54,1,89,0.225,0.278996865203762,0,0,0,0,0,0,0,16.4
00-0037742,T.Burks,Treylon Burks,WR,WR,TEN,2022,13,REG,PHI,0,0,0,0,0,0,0,0,1,1,25,1,25,0.04,0.152439024390244,0,0,0,0,0,0,0,9.5
00-0037745,V.Jones,Velus Jones,RB,RB,CHI,2022,13,REG,GB,0,0,0,0,0,1,1,0,0,0,0,0,0,0,0,0,0,0,0,0,0,0,0.1
00-0037746,B.Robinson,Brian Robinson,RB,RB,WAS,2022,13,REG,NYG,0,0,0,0,0,21,96,0,2,2,15,0,-1,0.05,-0.00313479623824451,0,0,0,0,0,0,0,13.1
00-0037755,J.Woods,Jelani Woods,TE,TE,IND,2022,13,REG,DAL,0,0,0,0,0,0,0,0,2,4,28,0,28,0.114285714285714,0.128440366972477,0,0,0,0,0,0,0,4.8
00-0037801,K.Turpin,Kavontae Turpin,WR,WR,DAL,2022,13,REG,IND,0,0,0,0,0,0,0,0,0,0,0,0,0,0,0,0,0,0,0,0,0,0,0
00-0037809,C.Okonkwo,Chigoziem Okonkwo,TE,TE,TEN,2022,13,REG,PHI,0,0,0,0,0,0,0,0,4,5,68,0,22,0.2,0.134146341463415,0,0,0,0,0,0,0,10.8
00-0037834,B.Purdy,Brock Purdy,QB,QB,SF,2022,13,REG,MIA,25,37,210,2,1,4,-1,0,0,0,0,0,0,0,0,0,0,0,0,0,0,0,14.3
00-0037838,I.Likely,Isaiah Likely,TE,TE,BAL,2022,13,REG,DEN,0,0,0,0,0,0,0,0,4,4,30,0,20,0.111111111111111,0.0865800865800866,0,0,0,0,0,0,0,7
00-0037840,K.Williams,Kyren Williams,RB,RB,LA,2022,13,REG,SEA,0,0,0,0,0,3,9,0,0,1,0,0,18,0.04,0.0700389105058366,0,0,0,0,0,0,0,0.9
00-0038040,Z.White,Zamir White,RB,RB,LV,2022,13,REG,LAC,0,0,0,0,0,2,6,0,0,0,0,0,0,0,0,0,0,0,0,0,0,0,0.6
00-0038041,J.Ferguson,Jake Ferguson,TE,TE,DAL,2022,13,REG,IND,0,0,0,0,0,0,0,0,2,2,-1,0,-6,0.0666666666666667,-0.0289855072463768,0,0,0,0,0,0,0,1.9
00-0038090,S.Moore,Skyy Moore,WR,WR,KC,2022,13,REG,CIN,0,0,0,0,0,1,12,0,0,0,0,0,0,0,0,0,0,0,0,0,0,0,1.2
00-0038102,K.Pickett,Kenny Pickett,QB,QB,PIT,2022,13,REG,ATL,16,28,197,1,0,7,14,0,0,0,0,0,0,0,0,0,0,0,0,0,0,0,13.28
00-0038104,T.Thornton,Tyquan Thornton,WR,WR,NE,2022,13,REG,BUF,0,0,0,0,0,0,0,0,2,3,31,0,72,0.0882352941176471,0.31858407079646,0,0,0,0,0,0,0,5.1
00-0038115,D.Bellinger,Daniel Bellinger,TE,TE,NYG,2022,13,REG,WAS,0,0,0,0,0,0,0,0,5,5,24,0,5,0.178571428571429,0.027027027027027,0,0,0,0,0,0,0,7.4
00-0038124,C.Watson,Christian Watson,WR,WR,GB,2022,13,REG,CHI,0,0,0,0,0,1,46,1,3,7,48,1,154,0.233333333333333,0.475308641975309,0,0,0,0,0,0,0,24.4
00-0038128,M.Willis,Malik Willis,QB,QB,TEN,2022,13,REG,PHI,2,4,16,0,0,1,8,0,0,0,0,0,0,0,0,0,0,0,0,0,0,0,1.44
00-0038129,C.Otton,Cade Otton,TE,TE,TB,2022,13,REG,NO,0,0,0,0,0,0,0,0,6,10,28,1,42,0.188679245283019,0.136807817589577,0,0,0,0,0,0,0,14.8
00-0038134,K.Walker,Kenneth Walker,RB,RB,SEA,2022,13,REG,LA,0,0,0,0,0,3,36,0,0,1,0,0,-5,0.027027027027027,-0.0189393939393939,0,0,0,0,0,0,0,3.6
00-0019596,T.Brady,Tom Brady,QB,QB,TB,2022,14,REG,SF,34,55,253,1,2,2,0,0,0,0,0,0,0,0,0,0,0,0,0,0,0,0,10.12
00-0026158,J.Flacco,Joe Flacco,QB,QB,NYJ,2022,14,REG,BUF,1,3,1,0,0,0,0,0,0,0,0,0,0,0,0,1,0,0,0,0,0,0,-1.96
00-0026189,D.Jackson,DeSean Jackson,WR,WR,BAL,2022,14,REG,PIT,0,0,0,0,0,0,0,0,2,2,34,0,29,0.117647058823529,0.216417910447761,0,0,0,0,0,0,0,5.4
00-0026293,M.Slater,Matt Slater,WR,WR,NE,2022,14,REG,ARI,0,0,0,0,0,0,0,0,0,0,0,0,0,0,0,0,0,0,0,0,0,0,0
00-0026300,J.Johnson,Josh Johnson,QB,QB,SF,2022,14,REG,TB,1,2,10,0,0,2,3,0,0,0,0,0,0,0,0,0,0,0,0,0,0,0,0.7
00-0027688,C.McCoy,Colt McCoy,QB,QB,ARI,2022,14,REG,NE,27,40,246,0,1,5,24,0,0,0,0,0,0,0,0,0,0,0,0,0,0,0,10.24
00-0027942,A.Green,A.J. Green,WR,WR,ARI,2022,14,REG,NE,0,0,0,0,0,0,0,0,1,2,7,0,17,0.0487804878048781,0.0561056105610561,0,0,0,0,0,0,0,1.7
00-0027944,J.Jones,Julio Jones,WR,WR,TB,2022,14,REG,SF,0,0,0,0,0,0,0,0,5,8,38,0,80,0.156862745098039,0.225352112676056,0,0,0,0,0,0,0,8.8
00-0028063,T.Jones,Taiwan Jones,RB,RB,BUF,2022,14,REG,NYJ,0,0,0,0,0,0,0,0,0,0,0,0,0,0,0,0,0,0,0,0,0,0,0
00-0028118,T.Taylor,Tyrod Taylor,QB,QB,NYG,2022,14,REG,PHI,5,5,47,1,0,2,40,0,0,0,0,0,0,0,0,1,0,0,1,0,0,0,9.88
00-0029239,B.Bolden,Brandon Bolden,RB,RB,LV,2022,14,REG,LA,0,0,0,0,0,0,0,0,0,0,0,0,0,0,0,0,0,0,0,0,0,0,0
00-0029263,R.Wilson,Russell Wilson,QB,QB,DEN,2022,14,REG,KC,23,36,247,3,1,4,57,0,0,0,0,0,0,0,0,0,0,0,0,0,0,0,25.58
00-0029293,M.Jones,Marvin Jones,WR,WR,JAX,2022,14,REG,TEN,0,0,0,0,0,0,0,0,1,1,22,0,13,0.0238095238095238,0.0437710437710438,0,0,0,0,0,0,0,3.2
00-0029604,K.Cousins,Kirk Cousins,QB,QB,MIN,2022,14,REG,DET,31,41,425,2,0,0,0,0,0,0,0,0,0,0,0,0,0,0,0,0,0,0,25
00-0029701,R.Tannehill,Ryan Tannehill,QB,QB,TEN,2022,14,REG,JAX,25,38,254,2,1,2,16,0,0,0,0,0,0,0,0,1,0,0,1,0,0,0,17.76
00-0030035,A.Thielen,Adam Thielen,WR,WR,MIN,2022,14,REG,DET,0,0,0,0,0,0,0,0,7,8,65,1,83,0.2,0.182017543859649,0,0,0,0,0,0,0,19.5
00-0030068,M.Goodwin,Marquise Goodwin,WR,WR,SEA,2022,14,REG,CAR,0,0,0,0,0,1,-2,0,5,6,95,1,81,0.166666666666667,0.205583756345178,0,0,0,0,0,0,0,20.3
00-0030279,K.Allen,Keenan Allen,WR,WR,LAC,2022,14,REG,MIA,0,0,0,0,0,0,0,0,12,14,92,0,59,0.291666666666667,0.213768115942029,0,0,0,0,0,0,0,21.2
00-0030288,R.Burkhead,Rex Burkhead,RB,RB,HOU,2022,14,REG,DAL,0,0,0,0,0,2,-3,0,1,1,5,0,3,0.0416666666666667,0.0151515151515152,0,0,0,0,0,0,0,1.2
00-0030431,R.Woods,Robert Woods,WR,WR,TEN,2022,14,REG,JAX,0,0,0,0,0,0,0,0,5,7,49,0,59,0.184210526315789,0.170520231213873,0,0,0,0,0,0,0,9.9
00-0030506,T.Kelce,Travis Kelce,TE,TE,KC,2022,14,REG,DEN,0,0,0,0,0,0,0,0,4,9,71,0,101,0.214285714285714,0.343537414965986,0,0,0,0,0,0,0,11.1
00-0030513,L.Murray,Latavius Murray,RB,RB,DEN,2022,14,REG,KC,0,0,0,0,0,8,32,0,3,5,-1,0,-9,0.116279069767442,-0.038961038961039,0,0,0,0,0,0,0,6.1
00-0030564,D.Hopkins,DeAndre Hopkins,WR,WR,ARI,2022,14,REG,NE,0,0,0,0,0,0,0,0,7,11,79,0,122,0.268292682926829,0.402640264026403,0,0,1,0,0,0,0,12.9
00-0030565,G.Smith,Geno Smith,QB,QB,SEA,2022,14,REG,CAR,21,36,264,3,2,3,20,0,0,0,0,0,0,0,0,0,0,0,0,0,0,0,20.56
00-0031051,J.Brown,John Brown,WR,WR,BUF,2022,14,REG,NYJ,0,0,0,0,0,0,0,0,0,1,0,0,44,0.037037037037037,0.196428571428571,0,0,0,0,0,0,0,0
00-0031273,C.Brate,Cameron Brate,TE,TE,TB,2022,14,REG,SF,0,0,0,0,0,0,0,0,2,4,12,0,35,0.0784313725490196,0.0985915492957746,0,0,0,0,0,0,0,3.2
00-0031280,D.Carr,Derek Carr,QB,QB,LV,2022,14,REG,LA,11,20,137,0,2,4,11,0,0,0,0,0,0,0,0,0,0,0,0,0,0,0,2.58
00-0031376,J.McKinnon,Jerick McKinnon,RB,RB,KC,2022,14,REG,DEN,0,0,0,0,0,6,22,0,7,9,112,2,6,0.214285714285714,0.0204081632653061,0,0,0,0,0,0,0,32.4
00-0031381,D.Adams,Davante Adams,WR,WR,LV,2022,14,REG,LA,0,0,0,0,0,0,0,0,3,7,71,0,134,0.368421052631579,0.705263157894737,0,0,0,0,0,0,0,10.1
00-0031408,M.Evans,Mike Evans,WR,WR,TB,2022,14,REG,SF,0,0,0,0,0,0,0,0,4,9,44,0,85,0.176470588235294,0.23943661971831,0,0,0,0,0,0,0,8.4
00-0031484,C.Manhertz,Chris Manhertz,TE,TE,JAX,2022,14,REG,TEN,0,0,0,0,0,0,0,0,1,1,21,0,1,0.0238095238095238,0.00336700336700337,0,0,0,0,0,0,0,3.1
00-0031544,A.Cooper,Amari Cooper,WR,WR,CLE,2022,14,REG,CIN,0,0,0,0,0,0,0,0,2,7,42,0,65,0.17948717948718,0.183098591549296,0,0,0,0,0,0,0,6.2
00-0031547,D.Parker,DeVante Parker,WR,WR,NE,2022,14,REG,ARI,0,0,0,0,0,0,0,0,2,2,24,0,20,0.0606060606060606,0.116279069767442,0,0,0,0,0,0,0,4.4
00-0031549,N.Agholor,Nelson Agholor,WR,WR,NE,2022,14,REG,ARI,0,0,0,0,0,0,0,0,5,10,32,0,90,0.303030303030303,0.523255813953488,0,0,0,0,0,0,0,8.2
00-0031588,S.Diggs,Stefon Diggs,WR,WR,BUF,2022,14,REG,NYJ,0,0,0,0,0,0,0,0,3,5,37,0,28,0.185185185185185,0.125,0,0,0,0,0,0,0,6.7
00-0031687,R.Mostert,Raheem Mostert,RB,RB,MIA,2022,14,REG,LAC,0,0,0,0,0,11,37,0,1,1,7,0,7,0.0416666666666667,0.0205278592375367,0,0,0,0,0,0,0,5.4
00-0031690,E.Tomlinson,Eric Tomlinson,TE,TE,DEN,2022,14,REG,KC,0,0,0,0,0,0,0,0,2,3,11,0,6,0.0697674418604651,0.025974025974026,0,0,0,0,0,0,0,3.1
00-0031763,D.Carter,DeAndre Carter,WR,WR,LAC,2022,14,REG,MIA,0,0,0,0,0,0,0,0,1,2,0,0,2,0.0416666666666667,0.0072463768115942,0,0,0,0,0,0,0,1
00-0031806,M.Brown,Malcolm Brown,RB,RB,LA,2022,14,REG,LV,0,0,0,0,0,1,5,0,2,2,12,0,5,0.0588235294117647,0.0174216027874564,0,0,0,0,0,0,0,3.7
00-0032104,A.Abdullah,Ameer Abdullah,RB,RB,LV,2022,14,REG,LA,0,0,0,0,0,0,0,0,2,2,17,0,1,0.105263157894737,0.00526315789473684,0,0,0,0,0,0,0,3.7
00-0032128,C.Conley,Chris Conley,WR,WR,TEN,2022,14,REG,JAX,0,0,0,0,0,0,0,0,1,1,27,0,27,0.0263157894736842,0.0780346820809249,0,0,0,0,0,0,0,3.7
00-0032134,C.Uzomah,C.J. Uzomah,TE,TE,NYJ,2022,14,REG,BUF,0,0,0,0,0,0,0,0,1,2,7,0,18,0.0454545454545455,0.0497237569060774,0,0,0,0,0,0,0,1.7
00-0032141,G.Swaim,Geoff Swaim,TE,TE,TEN,2022,14,REG,JAX,0,0,0,0,0,0,0,0,0,0,0,0,0,0,0,0,0,0,0,0,0,0,0
00-0032208,P.Dorsett,Phillip Dorsett,WR,WR,HOU,2022,14,REG,DAL,0,0,0,0,0,0,0,0,2,3,18,0,10,0.125,0.0505050505050505,0,0,0,0,0,0,0,3.8
00-0032211,T.Lockett,Tyler Lockett,WR,WR,SEA,2022,14,REG,CAR,0,0,0,0,0,0,0,0,5,9,60,1,97,0.25,0.246192893401015,0,0,0,0,0,0,0,17
00-0032214,T.Kroft,Tyler Kroft,TE,TE,SF,2022,14,REG,TB,0,0,0,0,0,0,0,0,0,0,0,0,0,0,0,0,0,0,0,0,0,0,0
00-0032392,A.Hooper,Austin Hooper,TE,TE,TEN,2022,14,REG,JAX,0,0,0,0,0,0,0,0,5,5,68,0,33,0.131578947368421,0.0953757225433526,0,0,0,0,0,0,0,11.8
00-0032394,N.Vannett,Nick Vannett,TE,TE,NYG,2022,14,REG,PHI,0,0,0,0,0,0,0,0,1,2,9,0,4,0.0625,0.0206185567010309,0,0,0,0,0,0,0,1.9
00-0032398,C.Moore,Chris Moore,WR,WR,HOU,2022,14,REG,DAL,0,0,0,0,0,0,0,0,10,11,124,0,85,0.458333333333333,0.429292929292929,0,0,0,0,0,0,0,22.4
00-0032436,J.Driskel,Jeff Driskel,QB,QB,HOU,2022,14,REG,DAL,4,6,38,1,0,7,36,0,0,0,0,0,0,0,0,0,0,0,0,0,0,0,9.12
00-0032464,K.Raymond,Kalif Raymond,WR,WR,DET,2022,14,REG,MIN,0,0,0,0,0,0,0,0,2,2,19,0,8,0.0555555555555556,0.0305343511450382,0,0,0,0,0,0,0,3.9
00-0032688,R.Anderson,Robbie Chosen,WR,WR,ARI,2022,14,REG,NE,0,0,0,0,0,0,0,0,4,4,50,0,29,0.0975609756097561,0.0957095709570957,0,0,0,0,0,0,0,9
00-0032725,S.Anderson,Stephen Anderson,TE,TE,ARI,2022,14,REG,NE,0,0,0,0,0,0,0,0,2,2,7,0,1,0.0487804878048781,0.0033003300330033,0,0,0,0,0,0,0,2.7
00-0032764,D.Henry,Derrick Henry,RB,RB,TEN,2022,14,REG,JAX,0,0,0,0,0,17,121,1,3,5,34,0,-1,0.131578947368421,-0.00289017341040462,0,1,1,0,0,0,0,20.5
00-0032775,D.Robinson,Demarcus Robinson,WR,WR,BAL,2022,14,REG,PIT,0,0,0,0,0,0,0,0,5,6,52,0,64,0.352941176470588,0.477611940298507,0,0,0,0,0,0,0,10.2
00-0033009,T.Boyd,Tyler Boyd,WR,WR,CIN,2022,14,REG,CLE,0,0,0,0,0,0,0,0,0,1,0,0,5,0.03125,0.0222222222222222,0,0,0,0,0,0,0,0
00-0033040,T.Hill,Tyreek Hill,WR,WR,MIA,2022,14,REG,LAC,0,0,0,0,0,0,0,0,4,10,81,1,152,0.416666666666667,0.44574780058651,0,0,0,0,0,0,0,18.1
00-0033045,E.Elliott,Ezekiel Elliott,RB,RB,DAL,2022,14,REG,HOU,0,0,0,0,0,15,62,1,3,5,19,0,1,0.128205128205128,0.00305810397553517,0,0,0,0,0,0,0,17.1
00-0033077,D.Prescott,Dak Prescott,QB,QB,DAL,2022,14,REG,HOU,24,39,284,1,2,6,23,0,0,0,0,0,0,0,0,0,0,0,0,0,0,0,13.66
00-0033090,H.Henry,Hunter Henry,TE,TE,NE,2022,14,REG,ARI,0,0,0,0,0,0,0,0,3,3,70,0,46,0.0909090909090909,0.267441860465116,0,0,0,0,0,0,0,10
00-0033106,J.Goff,Jared Goff,QB,QB,DET,2022,14,REG,MIN,27,39,330,3,0,2,9,0,0,0,0,0,0,0,0,0,0,0,0,0,0,0,26.1
00-0033110,T.Higbee,Tyler Higbee,TE,TE,LA,2022,14,REG,LV,0,0,0,0,0,0,0,0,2,3,11,0,6,0.0882352941176471,0.0209059233449477,0,0,0,0,0,0,0,3.1
00-0033111,P.Cooper,Pharoh Cooper,WR,WR,ARI,2022,14,REG,NE,0,0,0,0,0,0,0,0,0,0,0,0,0,0,0,0,0,0,0,0,0,0,0
00-0033118,K.Drake,Kenyan Drake,RB,RB,BAL,2022,14,REG,PIT,0,0,0,0,0,1,1,0,2,2,1,0,-4,0.117647058823529,-0.0298507462686567,0,0,0,0,0,0,0,2.2
00-0033119,J.Brissett,Jacoby Brissett,QB,QB,CLE,2022,14,REG,CIN,0,1,0,0,0,0,0,0,0,0,0,0,0,0,0,0,0,0,0,0,0,0,0
00-0033251,Z.Pascal,Zach Pascal,WR,WR,PHI,2022,14,REG,NYG,0,0,0,0,0,0,0,0,1,1,5,0,4,0.032258064516129,0.0134680134680135,0,0,0,0,0,0,0,1.5
00-0033280,C.McCaffrey,Christian McCaffrey,RB,RB,SF,2022,14,REG,TB,0,0,0,0,0,14,119,1,2,3,34,1,27,0.136363636363636,0.241071428571429,0,0,0,0,0,0,0,29.3
00-0033288,G.Kittle,George Kittle,TE,TE,SF,2022,14,REG,TB,0,0,0,0,0,0,0,0,4,5,28,0,15,0.227272727272727,0.133928571428571,0,0,0,0,0,0,0,6.8
00-0033292,T.Taylor,Trent Taylor,WR,WR,CIN,2022,14,REG,CLE,0,0,0,0,0,0,0,0,1,4,34,0,38,0.125,0.168888888888889,0,0,0,0,0,0,0,4.4
00-0033307,K.Bourne,Kendrick Bourne,WR,WR,NE,2022,14,REG,ARI,0,0,0,0,0,0,0,0,5,5,47,0,19,0.151515151515152,0.11046511627907,0,0,0,0,0,0,0,9.7
00-0033308,M.Breida,Matt Breida,RB,RB,NYG,2022,14,REG,PHI,0,0,0,0,0,3,6,0,2,4,9,0,4,0.125,0.0206185567010309,0,0,0,0,0,0,0,3.5
00-0033466,I.McKenzie,Isaiah McKenzie,WR,WR,BUF,2022,14,REG,NYJ,0,0,0,0,0,1,7,0,3,5,21,0,33,0.185185185185185,0.147321428571429,0,0,0,0,0,0,0,5.8
00-0033526,S.Perine,Samaje Perine,RB,RB,CIN,2022,14,REG,CLE,0,0,0,0,0,4,22,1,1,5,2,0,-8,0.15625,-0.0355555555555556,0,0,0,0,0,0,0,9.4
00-0033536,M.Williams,Mike Williams,WR,WR,LAC,2022,14,REG,MIA,0,0,0,0,0,0,0,0,6,6,116,1,83,0.125,0.300724637681159,0,0,0,0,0,0,0,23.6
00-0033537,D.Watson,Deshaun Watson,QB,QB,CLE,2022,14,REG,CIN,26,42,276,1,1,6,33,0,0,0,0,0,0,0,0,0,0,0,0,0,0,0,16.34
00-0033553,J.Conner,James Conner,RB,RB,ARI,2022,14,REG,NE,0,0,0,0,0,15,85,1,6,7,29,0,-5,0.170731707317073,-0.0165016501650165,0,0,0,0,0,0,0,23.4
00-0033555,M.Hollins,Mack Hollins,WR,WR,LV,2022,14,REG,LA,0,0,0,0,0,3,40,0,2,4,22,0,35,0.210526315789474,0.184210526315789,0,0,0,0,0,0,0,8.2
00-0033572,J.Agnew,Jamal Agnew,WR,WR,JAX,2022,14,REG,TEN,0,0,0,0,0,1,8,0,3,3,36,0,31,0.0714285714285714,0.104377104377104,0,0,0,0,0,0,0,7.4
00-0033576,E.Saubert,Eric Saubert,TE,TE,DEN,2022,14,REG,KC,0,0,0,0,0,0,0,0,1,2,2,0,2,0.0465116279069768,0.00865800865800866,0,0,0,0,0,0,0,1.2
00-0033591,N.Brown,Noah Brown,WR,WR,DAL,2022,14,REG,HOU,0,0,0,0,0,0,0,0,4,6,85,0,107,0.153846153846154,0.327217125382263,0,0,0,0,0,0,0,12.5
00-0033681,K.Cole,Keelan Cole,WR,WR,LV,2022,14,REG,LA,0,0,0,0,0,0,0,0,1,1,11,0,11,0.0526315789473684,0.0578947368421053,0,0,0,0,0,0,0,2.1
00-0033699,A.Ekeler,Austin Ekeler,RB,RB,LAC,2022,14,REG,MIA,0,0,0,0,0,15,45,1,8,8,59,0,-28,0.166666666666667,-0.101449275362319,0,0,0,0,0,0,0,24.4
00-0033725,C.Clement,Corey Clement,RB,RB,ARI,2022,14,REG,NE,0,0,0,0,0,0,0,0,1,1,21,0,4,0.024390243902439,0.0132013201320132,0,0,0,0,0,0,0,3.1
00-0033854,D.Ogunbowale,Dare Ogunbowale,RB,RB,HOU,2022,14,REG,DAL,0,0,0,0,0,1,-3,0,2,2,4,0,-2,0.0833333333333333,-0.0101010101010101,0,0,0,0,0,0,0,2.1
00-0033856,L.Fournette,Leonard Fournette,RB,RB,TB,2022,14,REG,SF,0,0,0,0,0,4,13,0,6,7,33,0,5,0.137254901960784,0.0140845070422535,0,0,0,0,0,0,0,10.6
00-0033857,J.Smith-Schuster,JuJu Smith-Schuster,WR,WR,KC,2022,14,REG,DEN,0,0,0,0,0,0,0,0,9,11,74,1,62,0.261904761904762,0.210884353741497,0,0,0,0,0,0,0,22.4
00-0033858,J.Smith,Jonnu Smith,TE,TE,NE,2022,14,REG,ARI,0,0,0,0,0,0,0,0,0,2,0,0,-7,0.0606060606060606,-0.0406976744186047,0,0,0,0,0,0,0,0
00-0033869,M.Trubisky,Mitchell Trubisky,QB,QB,PIT,2022,14,REG,BAL,22,30,276,1,3,0,0,0,0,0,0,0,0,0,0,0,0,0,0,0,0,0,9.04
00-0033871,C.Davis,Corey Davis,WR,WR,NYJ,2022,14,REG,BUF,0,0,0,0,0,0,0,0,1,1,15,0,15,0.0227272727272727,0.0414364640883978,0,0,0,0,0,0,0,2.5
00-0033873,P.Mahomes,Patrick Mahomes,QB,QB,KC,2022,14,REG,DEN,28,42,352,3,3,3,-3,0,0,0,0,0,0,0,0,0,0,0,0,0,0,0,19.78
00-0033881,E.Engram,Evan Engram,TE,TE,JAX,2022,14,REG,TEN,0,0,0,0,0,0,0,0,11,15,162,2,86,0.357142857142857,0.28956228956229,0,0,0,0,0,0,0,39.2
00-0033885,D.Njoku,David Njoku,TE,TE,CLE,2022,14,REG,CIN,0,0,0,0,0,1,-2,0,7,9,59,1,32,0.230769230769231,0.0901408450704225,0,0,0,0,0,0,0,18.7
00-0033891,Z.Jones,Zay Jones,WR,WR,JAX,2022,14,REG,TEN,0,0,0,0,0,0,0,0,8,12,77,1,129,0.285714285714286,0.434343434343434,0,0,0,0,0,0,0,21.7
00-0033893,D.Cook,Dalvin Cook,RB,RB,MIN,2022,14,REG,DET,0,0,0,0,0,15,23,1,1,2,13,0,3,0.05,0.00657894736842105,1,0,0,0,0,0,0,8.6
00-0033895,G.Everett,Gerald Everett,TE,TE,LAC,2022,14,REG,MIA,0,0,0,0,0,0,0,0,5,8,28,0,30,0.166666666666667,0.108695652173913,0,0,0,0,0,0,0,7.8
00-0033897,J.Mixon,Joe Mixon,RB,RB,CIN,2022,14,REG,CLE,0,0,0,0,0,14,96,0,2,2,10,0,4,0.0625,0.0177777777777778,0,0,0,0,0,0,0,12.6
00-0033921,C.Godwin,Chris Godwin,WR,WR,TB,2022,14,REG,SF,0,0,0,0,0,0,0,0,5,9,54,0,58,0.176470588235294,0.163380281690141,0,0,0,0,0,0,0,10.4
00-0033923,K.Hunt,Kareem Hunt,RB,RB,CLE,2022,14,REG,CIN,0,0,0,0,0,4,6,0,2,4,6,0,1,0.102564102564103,0.0028169014084507,0,0,0,0,0,0,0,3.2
00-0033925,D.Foreman,D'Onta Foreman,RB,RB,CAR,2022,14,REG,SEA,0,0,0,0,0,21,74,0,1,1,1,0,1,0.05,0.0113636363636364,0,0,0,0,0,0,0,8.5
00-0033943,J.Reynolds,Josh Reynolds,WR,WR,DET,2022,14,REG,MIN,0,0,0,0,0,0,0,0,5,6,51,1,68,0.166666666666667,0.259541984732824,0,0,0,0,0,0,0,16.1
00-0033948,Ja.Williams,Jamaal Williams,RB,RB,DET,2022,14,REG,MIN,0,0,0,0,0,16,37,0,0,1,0,0,-1,0.0277777777777778,-0.00381679389312977,0,0,0,0,0,0,0,3.7
00-0033951,M.Mack,Marlon Mack,RB,RB,DEN,2022,14,REG,KC,0,0,0,0,0,3,15,0,2,3,62,1,-15,0.0697674418604651,-0.0649350649350649,0,0,0,0,0,0,0,15.7
00-0034011,D.Arnold,Dan Arnold,TE,TE,JAX,2022,14,REG,TEN,0,0,0,0,0,0,0,0,1,3,5,0,2,0.0714285714285714,0.00673400673400673,0,0,0,0,0,0,0,1.5
00-0034115,J.Wilson,Jeffery Wilson,RB,RB,MIA,2022,14,REG,LAC,0,0,0,0,0,4,26,0,0,0,0,0,0,0,0,0,0,0,0,0,0,0,2.6
00-0034159,W.Dissly,Will Dissly,TE,TE,SEA,2022,14,REG,CAR,0,0,0,0,0,0,0,0,2,3,20,0,43,0.0833333333333333,0.109137055837563,0,0,0,0,0,0,0,4
00-0034184,G.Edwards,Gus Edwards,RB,RB,BAL,2022,14,REG,PIT,0,0,0,0,0,13,66,0,0,0,0,0,0,0,0,0,0,0,0,0,0,0,6.6
00-0034193,K.Rader,Kevin Rader,TE,TE,TEN,2022,14,REG,JAX,0,0,0,0,0,0,0,0,0,0,0,0,0,0,0,0,0,0,0,0,0,0,0
00-0034208,M.Boone,Mike Boone,RB,RB,DEN,2022,14,REG,KC,0,0,0,0,0,3,2,0,2,2,27,0,13,0.0465116279069768,0.0562770562770563,0,0,0,0,0,0,0,4.9
00-0034253,D.Hilliard,Dontrell Hilliard,RB,RB,TEN,2022,14,REG,JAX,0,0,0,0,0,0,0,0,0,0,0,0,0,0,0,0,0,0,0,0,0,0,0
00-0034270,T.Conklin,Tyler Conklin,TE,TE,NYJ,2022,14,REG,BUF,0,0,0,0,0,0,0,0,5,8,28,0,49,0.181818181818182,0.135359116022099,0,0,0,0,0,0,0,7.8
00-0034272,M.Valdes-Scantling,Marquez Valdes-Scantling,WR,WR,KC,2022,14,REG,DEN,0,0,0,0,0,0,0,0,1,3,20,0,31,0.0714285714285714,0.105442176870748,0,0,0,0,0,0,0,3
00-0034286,R.James,Richie James,WR,WR,NYG,2022,14,REG,PHI,0,0,0,0,0,0,0,0,7,9,61,1,61,0.28125,0.314432989690722,0,0,0,0,0,0,0,19.1
00-0034364,J.Akins,Jordan Akins,TE,TE,HOU,2022,14,REG,DAL,0,0,0,0,0,0,0,0,1,2,5,0,11,0.0833333333333333,0.0555555555555556,0,0,0,0,0,0,0,1.5
00-0034365,I.Thomas,Ian Thomas,TE,TE,CAR,2022,14,REG,SEA,0,0,0,0,0,0,0,0,2,2,11,0,-1,0.1,-0.0113636363636364,0,0,0,0,0,0,0,3.1
00-0034367,N.Hines,Nyheim Miller-Hines,RB,RB,BUF,2022,14,REG,NYJ,0,0,0,0,0,1,3,0,1,1,4,0,4,0.037037037037037,0.0178571428571429,0,0,0,0,0,0,0,1.7
00-0034383,D.Schultz,Dalton Schultz,TE,TE,DAL,2022,14,REG,HOU,0,0,0,0,0,0,0,0,6,10,87,0,106,0.256410256410256,0.324159021406728,0,0,0,0,0,0,0,14.7
00-0034386,Ju.Watson,Justin Watson,WR,WR,KC,2022,14,REG,DEN,0,0,0,0,0,0,0,0,0,2,0,0,68,0.0476190476190476,0.231292517006803,0,0,0,0,0,0,0,0
00-0034401,M.White,Mike White,QB,QB,NYJ,2022,14,REG,BUF,27,44,268,0,0,0,0,0,0,0,0,0,0,0,0,0,0,0,0,0,0,0,10.72
00-0034407,R.McCloud,Ray-Ray McCloud,WR,WR,SF,2022,14,REG,TB,0,0,0,0,0,3,7,0,1,1,11,0,9,0.0454545454545455,0.0803571428571429,0,0,0,0,0,0,0,2.8
00-0034411,R.Gage,Russell Gage,WR,WR,TB,2022,14,REG,SF,0,0,0,0,0,0,0,0,2,2,12,1,11,0.0392156862745098,0.0309859154929577,0,0,0,0,0,0,0,9.2
00-0034414,B.Scott,Boston Scott,RB,RB,PHI,2022,14,REG,NYG,0,0,0,0,0,6,33,1,1,1,4,0,-3,0.032258064516129,-0.0101010101010101,0,0,0,0,0,0,0,10.7
00-0034418,C.Wilson,Cedrick Wilson,WR,WR,MIA,2022,14,REG,LAC,0,0,0,0,0,0,0,0,2,2,19,0,19,0.0833333333333333,0.0557184750733138,0,0,0,0,0,0,0,3.9
00-0034419,B.Berrios,Braxton Berrios,WR,WR,NYJ,2022,14,REG,BUF,0,0,0,0,0,0,0,0,1,3,25,0,42,0.0681818181818182,0.116022099447514,0,0,0,0,0,0,0,3.5
00-0034440,J.Jackson,Justin Jackson,RB,RB,DET,2022,14,REG,MIN,0,0,0,0,0,4,19,1,1,1,12,0,4,0.0277777777777778,0.0152671755725191,0,0,0,0,0,0,0,10.1
00-0034487,T.Sherfield,Trent Sherfield,WR,WR,MIA,2022,14,REG,LAC,0,0,0,0,0,0,0,0,1,4,7,0,37,0.166666666666667,0.108504398826979,0,0,0,0,0,0,0,1.7
00-0034614,G.Igwebuike,Godwin Igwebuike,RB,RB,SEA,2022,14,REG,CAR,0,0,0,0,0,0,0,0,0,0,0,0,0,0,0,0,0,0,0,0,0,0,0
00-0034646,B.Powell,Brandon Powell,WR,WR,LA,2022,14,REG,LV,0,0,0,0,0,0,0,0,0,2,0,0,-6,0.0588235294117647,-0.0209059233449477,0,0,0,0,0,0,0,0
00-0034676,J.Washington,James Washington,WR,WR,DAL,2022,14,REG,HOU,0,0,0,0,0,0,0,0,0,1,0,0,6,0.0256410256410256,0.018348623853211,0,0,0,0,0,0,0,0
00-0034753,M.Andrews,Mark Andrews,TE,TE,BAL,2022,14,REG,PIT,0,0,0,0,0,0,0,0,2,6,17,0,34,0.352941176470588,0.253731343283582,0,0,0,0,0,0,0,3.7
00-0034764,M.Gallup,Michael Gallup,WR,WR,DAL,2022,14,REG,HOU,0,0,0,0,0,0,0,0,2,6,40,0,79,0.153846153846154,0.241590214067278,0,0,0,0,0,0,0,6
00-0034775,C.Kirk,Christian Kirk,WR,WR,JAX,2022,14,REG,TEN,0,0,0,0,0,0,0,0,5,7,45,0,35,0.166666666666667,0.117845117845118,0,0,0,0,0,0,0,9.5
00-0034777,D.Chark,D.J. Chark,WR,WR,DET,2022,14,REG,MIN,0,0,0,0,0,0,0,0,6,7,94,1,75,0.194444444444444,0.286259541984733,0,0,0,0,0,0,0,21.4
00-0034791,N.Chubb,Nick Chubb,RB,RB,CLE,2022,14,REG,CIN,0,0,0,0,0,14,34,0,3,3,20,0,5,0.0769230769230769,0.0140845070422535,0,0,0,0,0,0,0,8.4
00-0034827,D.Moore,D.J. Moore,WR,WR,CAR,2022,14,REG,SEA,0,0,0,0,0,2,6,0,0,3,0,0,32,0.15,0.363636363636364,0,0,0,0,0,0,0,0.6
00-0034829,M.Gesicki,Mike Gesicki,TE,TE,MIA,2022,14,REG,LAC,0,0,0,0,0,0,0,0,0,2,0,0,37,0.0833333333333333,0.108504398826979,0,0,0,0,0,0,0,0
00-0034844,S.Barkley,Saquon Barkley,RB,RB,NYG,2022,14,REG,PHI,0,0,0,0,0,9,28,0,2,2,20,0,-2,0.0625,-0.0103092783505155,0,0,0,0,0,0,0,6.8
00-0034855,B.Mayfield,Baker Mayfield,QB,QB,LA,2022,14,REG,LV,22,35,230,1,0,4,10,0,0,0,0,0,0,0,0,0,0,0,0,0,0,0,14.2
00-0034857,J.Allen,Josh Allen,QB,QB,BUF,2022,14,REG,NYJ,16,27,147,1,0,10,47,1,0,0,0,0,0,0,0,0,0,0,0,0,0,0,20.58
00-0034869,S.Darnold,Sam Darnold,QB,QB,CAR,2022,14,REG,SEA,14,24,120,1,0,4,30,0,0,0,0,0,0,0,0,0,0,0,0,0,0,0,11.8
00-0034928,S.Sims,Steven Sims,WR,WR,PIT,2022,14,REG,BAL,0,0,0,0,0,1,1,0,4,4,30,0,21,0.129032258064516,0.0632530120481928,0,0,0,0,0,0,0,7.1
00-0034955,B.Rypien,Brett Rypien,QB,QB,DEN,2022,14,REG,KC,4,8,16,1,1,1,0,0,0,0,0,0,0,0,0,0,0,0,0,0,0,0,2.64
00-0034972,A.Mattison,Alexander Mattison,RB,RB,MIN,2022,14,REG,DET,0,0,0,0,0,2,-1,0,0,0,0,0,0,0,0,0,0,0,0,0,0,0,-0.1
00-0034975,J.Hill,Justice Hill,RB,RB,BAL,2022,14,REG,PIT,0,0,0,0,0,0,0,0,0,0,0,0,0,0,0,0,0,0,0,0,0,0,0
00-0034981,F.Moreau,Foster Moreau,TE,TE,LV,2022,14,REG,LA,0,0,0,0,0,0,0,0,0,1,0,0,13,0.0526315789473684,0.068421052631579,0,0,0,0,0,0,0,0
00-0035216,D.Johnson,Diontae Johnson,WR,WR,PIT,2022,14,REG,BAL,0,0,0,0,0,0,0,0,6,8,82,0,133,0.258064516129032,0.400602409638554,0,0,0,0,0,0,0,14.2
00-0035217,B.Snell,Benny Snell,RB,RB,PIT,2022,14,REG,BAL,0,0,0,0,0,2,4,0,0,0,0,0,0,0,0,0,0,0,0,0,0,0,0.4
00-0035222,Z.Gentry,Zach Gentry,TE,TE,PIT,2022,14,REG,BAL,0,0,0,0,0,0,0,0,0,1,0,0,10,0.032258064516129,0.0301204819277108,0,0,0,0,0,0,0,0
00-0035228,K.Murray,Kyler Murray,QB,QB,ARI,2022,14,REG,NE,1,1,9,0,0,1,3,0,0,0,0,0,0,0,0,0,0,0,0,0,0,0,0.66
00-0035229,T.Hockenson,T.J. Hockenson,TE,TE,MIN,2022,14,REG,DET,0,0,0,0,0,0,0,0,6,8,77,0,65,0.2,0.142543859649123,0,0,0,0,0,0,0,13.7
00-0035243,M.Sanders,Miles Sanders,RB,RB,PHI,2022,14,REG,NYG,0,0,0,0,0,17,144,2,1,3,11,0,39,0.0967741935483871,0.131313131313131,0,0,0,0,0,0,0,28.5
00-0035250,D.Singletary,Devin Singletary,RB,RB,BUF,2022,14,REG,NYJ,0,0,0,0,0,8,39,0,1,2,4,0,8,0.0740740740740741,0.0357142857142857,0,0,0,0,0,0,0,5.3
00-0035261,T.Pollard,Tony Pollard,RB,RB,DAL,2022,14,REG,HOU,0,0,0,0,0,10,42,1,4,5,20,1,3,0.128205128205128,0.0091743119266055,0,0,0,0,0,0,0,22.2
00-0035289,G.Minshew,Gardner Minshew,QB,QB,PHI,2022,14,REG,NYG,0,0,0,0,0,1,-1,0,0,0,0,0,0,0,0,0,0,0,0,0,0,0,-0.1
00-0035291,T.Williams,Trayveon Williams,RB,RB,CIN,2022,14,REG,CLE,0,0,0,0,0,1,2,0,1,1,6,0,6,0.03125,0.0266666666666667,0,0,0,0,0,0,0,1.8
00-0035298,S.Miller,Scott Miller,WR,WR,TB,2022,14,REG,SF,0,0,0,0,0,0,0,0,0,1,0,0,27,0.0196078431372549,0.076056338028169,0,0,0,0,0,0,0,0
00-0035341,T.Irwin,Trenton Irwin,WR,WR,CIN,2022,14,REG,CLE,0,0,0,0,0,0,0,0,2,2,58,1,44,0.0625,0.195555555555556,0,0,0,0,0,0,0,13.8
00-0035345,C.Myarick,Chris Myarick,TE,TE,NYG,2022,14,REG,PHI,0,0,0,0,0,0,0,0,0,0,0,0,0,0,0,0,0,0,0,0,0,0,0
00-0035399,S.Morgan,Stanley Morgan,WR,WR,CIN,2022,14,REG,CLE,0,0,0,0,0,0,0,0,0,0,0,0,0,0,0,0,0,0,0,0,0,0,0
00-0035500,G.Dortch,Greg Dortch,WR,WR,ARI,2022,14,REG,NE,0,0,0,0,0,0,0,0,0,0,0,0,0,0,0,0,0,0,0,0,0,0,0
00-0035535,D.Slayton,Darius Slayton,WR,WR,NYG,2022,14,REG,PHI,0,0,0,0,0,0,0,0,2,3,42,0,31,0.09375,0.15979381443299,0,0,0,0,0,0,0,6.2
00-0035594,T.Homer,Travis Homer,RB,RB,SEA,2022,14,REG,CAR,0,0,0,0,0,9,26,0,2,3,8,0,10,0.0833333333333333,0.0253807106598985,0,0,0,0,0,0,0,5.4
00-0035640,D.Metcalf,DK Metcalf,WR,WR,SEA,2022,14,REG,CAR,0,0,0,0,0,0,0,0,5,10,71,1,160,0.277777777777778,0.406091370558376,0,0,0,0,0,0,0,18.1
00-0035644,N.Fant,Noah Fant,TE,TE,SEA,2022,14,REG,CAR,0,0,0,0,0,0,0,0,0,1,0,0,-5,0.0277777777777778,-0.0126903553299492,0,0,0,0,0,0,0,0
00-0035645,G.Olszewski,Gunner Olszewski,WR,WR,PIT,2022,14,REG,BAL,0,0,0,0,0,0,0,0,1,2,7,0,21,0.0645161290322581,0.0632530120481928,0,0,0,0,0,0,0,1.7
00-0035662,M.Brown,Marquise Brown,WR,WR,ARI,2022,14,REG,NE,0,0,0,0,0,0,0,0,4,8,34,0,85,0.195121951219512,0.280528052805281,0,0,0,0,0,0,0,7.4
00-0035676,A.Brown,A.J. Brown,WR,WR,PHI,2022,14,REG,NYG,0,0,0,0,0,0,0,0,4,6,70,1,79,0.193548387096774,0.265993265993266,0,0,0,0,0,0,0,17
00-0035689,D.Knox,Dawson Knox,TE,TE,BUF,2022,14,REG,NYJ,0,0,0,0,0,0,0,0,4,7,41,1,65,0.259259259259259,0.290178571428571,0,0,0,0,0,0,0,14.1
00-0035700,J.Jacobs,Josh Jacobs,RB,RB,LV,2022,14,REG,LA,0,0,0,0,0,27,99,1,2,2,15,0,-2,0.105263157894737,-0.0105263157894737,0,0,0,0,0,0,0,19.4
00-0035703,M.Boykin,Miles Boykin,WR,WR,PIT,2022,14,REG,BAL,0,0,0,0,0,0,0,0,0,0,0,0,0,0,0,0,0,0,0,0,0,0,0
00-0035710,D.Jones,Daniel Jones,QB,QB,NYG,2022,14,REG,PHI,18,27,169,1,0,4,26,1,0,0,0,0,0,0,0,0,0,0,0,0,0,0,19.36
00-0035719,D.Samuel,Deebo Samuel,WR,WR,SF,2022,14,REG,TB,0,0,0,0,0,4,21,1,4,5,43,0,12,0.227272727272727,0.107142857142857,0,1,0,0,0,0,0,14.4
00-0035771,M.Wilcox,Mitchell Wilcox,TE,TE,CIN,2022,14,REG,CLE,0,0,0,0,0,0,0,0,1,2,10,0,19,0.0625,0.0844444444444445,0,0,0,0,0,0,0,2
00-0035806,J.Hasty,Jamycal Hasty,RB,RB,JAX,2022,14,REG,TEN,0,0,0,0,0,4,13,0,0,0,0,0,0,0,0,0,0,0,0,0,0,0,1.3
00-0035860,T.Jones,Tony Jones,RB,RB,SEA,2022,14,REG,CAR,0,0,0,0,0,1,2,0,1,2,0,0,-7,0.0555555555555556,-0.0177664974619289,0,0,0,0,0,0,0,1.2
00-0035864,K.Hinton,Kendall Hinton,WR,WR,DEN,2022,14,REG,KC,0,0,0,0,0,0,0,0,5,6,38,0,21,0.13953488372093,0.0909090909090909,0,0,0,0,0,0,0,8.8
00-0035993,T.Huntley,Tyler Huntley,QB,QB,BAL,2022,14,REG,PIT,8,12,88,0,0,9,31,0,0,0,0,0,0,0,0,0,0,0,0,0,0,0,6.62
00-0036020,S.Ahmed,Salvon Ahmed,RB,RB,MIA,2022,14,REG,LAC,0,0,0,0,0,1,1,0,0,0,0,0,0,0,0,0,0,0,0,0,0,0,0.1
00-0036158,J.Dobbins,J.K. Dobbins,RB,RB,BAL,2022,14,REG,PIT,0,0,0,0,0,15,120,1,0,0,0,0,0,0,0,0,0,0,0,0,0,0,18
00-0036165,I.Hodgins,Isaiah Hodgins,WR,WR,NYG,2022,14,REG,PHI,0,0,0,0,0,0,0,0,4,6,38,1,83,0.1875,0.427835051546392,0,0,0,0,0,1,0,15.8
00-0036182,N.Westbrook-Ikhine,Nick Westbrook-Ikhine,WR,WR,TEN,2022,14,REG,JAX,0,0,0,0,0,0,0,0,3,8,23,1,90,0.210526315789474,0.260115606936416,0,0,0,0,0,0,0,11.3
00-0036196,G.Davis,Gabe Davis,WR,WR,BUF,2022,14,REG,NYJ,0,0,0,0,0,0,0,0,3,4,31,0,29,0.148148148148148,0.129464285714286,0,0,0,0,0,0,0,6.1
00-0036212,T.Tagovailoa,Tua Tagovailoa,QB,QB,MIA,2022,14,REG,LAC,10,28,145,1,0,3,28,0,0,0,0,0,0,0,0,0,0,0,0,0,0,0,12.6
00-0036232,H.Bryant,Harrison Bryant,TE,TE,CLE,2022,14,REG,CIN,0,0,0,0,0,0,0,0,1,1,8,0,2,0.0256410256410256,0.00563380281690141,0,0,0,0,0,0,0,1.8
00-0036233,D.Peoples-Jones,Donovan Peoples-Jones,WR,WR,CLE,2022,14,REG,CIN,0,0,0,0,0,0,0,0,8,12,114,0,178,0.307692307692308,0.501408450704225,0,0,0,0,0,0,0,19.4
00-0036244,C.Parkinson,Colby Parkinson,TE,TE,SEA,2022,14,REG,CAR,0,0,0,0,0,0,0,0,1,2,10,0,15,0.0555555555555556,0.0380710659898477,0,0,0,0,0,0,0,2
00-0036255,D.Mims,Denzel Mims,WR,WR,NYJ,2022,14,REG,BUF,0,0,0,0,0,0,0,0,3,5,35,0,48,0.113636363636364,0.132596685082873,0,0,0,0,0,0,0,6.5
00-0036259,J.Jennings,Jauan Jennings,WR,WR,SF,2022,14,REG,TB,0,0,0,0,0,0,0,0,1,2,5,0,1,0.0909090909090909,0.00892857142857143,0,0,0,0,0,0,0,1.5
00-0036261,B.Aiyuk,Brandon Aiyuk,WR,WR,SF,2022,14,REG,TB,0,0,0,0,0,0,0,0,2,3,57,1,48,0.136363636363636,0.428571428571429,0,0,0,0,0,0,0,13.7
00-0036268,L.Shenault,Laviska Shenault Jr.,WR,WR,CAR,2022,14,REG,SEA,0,0,0,0,0,1,7,0,4,4,31,0,-2,0.2,-0.0227272727272727,0,0,0,0,0,0,0,7.8
00-0036271,Q.Watkins,Quez Watkins,WR,WR,PHI,2022,14,REG,NYG,0,0,0,0,0,0,0,0,4,5,19,0,47,0.161290322580645,0.158249158249158,0,0,0,0,0,0,0,5.9
00-0036275,D.Swift,D'Andre Swift,RB,RB,DET,2022,14,REG,MIN,0,0,0,0,0,6,21,0,3,4,18,0,-3,0.111111111111111,-0.0114503816793893,0,0,0,0,0,0,0,6.9
00-0036322,J.Jefferson,Justin Jefferson,WR,WR,MIN,2022,14,REG,DET,0,0,0,0,0,0,0,0,11,15,223,0,230,0.375,0.504385964912281,0,0,0,0,0,0,0,33.3
00-0036331,D.Duvernay,Devin Duvernay,WR,WR,BAL,2022,14,REG,PIT,0,0,0,0,0,0,0,0,0,1,0,0,11,0.0588235294117647,0.082089552238806,0,0,0,0,0,0,0,0
00-0036345,K.Osborn,K.J. Osborn,WR,WR,MIN,2022,14,REG,DET,0,0,0,0,0,0,0,0,5,5,38,1,23,0.125,0.0504385964912281,0,0,0,0,0,0,0,14.8
00-0036355,J.Herbert,Justin Herbert,QB,QB,LAC,2022,14,REG,MIA,39,51,367,1,0,4,8,0,0,0,0,0,0,0,0,0,0,0,0,0,0,0,19.48
00-0036358,C.Lamb,CeeDee Lamb,WR,WR,DAL,2022,14,REG,HOU,0,0,0,0,0,0,0,0,5,6,33,0,25,0.153846153846154,0.0764525993883792,0,0,0,0,0,0,0,8.3
00-0036370,J.Kelley,Joshua Kelley,RB,RB,LAC,2022,14,REG,MIA,0,0,0,0,0,4,29,0,1,2,6,0,5,0.0416666666666667,0.0181159420289855,0,0,0,0,0,0,0,4.5
00-0036383,E.Benjamin,Eno Benjamin,RB,RB,HOU,2022,14,REG,DAL,0,0,0,0,0,3,1,0,0,0,0,0,0,0,0,0,0,0,0,0,0,0,0.1
00-0036387,J.Reagor,Jalen Reagor,WR,WR,MIN,2022,14,REG,DET,0,0,0,0,0,0,0,0,0,1,0,0,42,0.025,0.0921052631578947,0,0,0,0,0,0,0,0
00-0036389,J.Hurts,Jalen Hurts,QB,QB,PHI,2022,14,REG,NYG,21,31,217,2,0,7,77,1,0,0,0,0,0,0,0,0,0,0,0,0,0,0,30.38
00-0036407,J.Jeudy,Jerry Jeudy,WR,WR,DEN,2022,14,REG,KC,0,0,0,0,0,0,0,0,8,9,73,3,67,0.209302325581395,0.29004329004329,0,0,0,0,0,0,0,33.3
00-0036414,C.Akers,Cam Akers,RB,RB,LA,2022,14,REG,LV,0,0,0,0,0,12,42,1,1,1,1,0,1,0.0294117647058824,0.00348432055749129,0,1,0,0,0,0,0,9.3
00-0036415,V.Jefferson,Van Jefferson,WR,WR,LA,2022,14,REG,LV,0,0,0,0,0,0,0,0,2,4,44,1,69,0.117647058823529,0.240418118466899,0,0,0,0,0,0,0,12.4
00-0036424,B.Hopkins,Brycen Hopkins,TE,TE,LA,2022,14,REG,LV,0,0,0,0,0,0,0,0,1,1,8,0,6,0.0294117647058824,0.0209059233449477,0,0,0,0,0,0,0,1.8
00-0036429,C.Woerner,Charlie Woerner,TE,TE,SF,2022,14,REG,TB,0,0,0,0,0,0,0,0,0,0,0,0,0,0,0,0,0,0,0,0,0,0,0
00-0036438,S.Sullivan,Stephen Sullivan,TE,TE,CAR,2022,14,REG,SEA,0,0,0,0,0,0,0,0,0,1,0,0,24,0.05,0.272727272727273,0,0,0,0,0,0,0,0
00-0036442,J.Burrow,Joe Burrow,QB,QB,CIN,2022,14,REG,CLE,18,33,239,2,1,6,10,0,0,0,0,0,0,0,0,0,0,0,0,0,0,0,16.56
00-0036510,K.Yeboah,Kenny Yeboah,TE,TE,NYJ,2022,14,REG,BUF,0,0,0,0,0,0,0,0,0,0,0,0,0,0,0,0,0,0,0,0,0,0,0
00-0036527,D.Turner,D.J. Turner,WR,WR,LV,2022,14,REG,LA,0,0,0,0,0,1,6,0,0,1,0,0,-3,0.0526315789473684,-0.0157894736842105,0,0,0,0,0,0,0,0.6
00-0036534,S.Zylstra,Shane Zylstra,TE,TE,DET,2022,14,REG,MIN,0,0,0,0,0,0,0,0,2,2,18,0,17,0.0555555555555556,0.0648854961832061,0,0,0,0,0,0,0,3.8
00-0036555,C.Hubbard,Chuba Hubbard,RB,RB,CAR,2022,14,REG,SEA,0,0,0,0,0,14,74,1,3,3,25,0,3,0.15,0.0340909090909091,0,0,0,0,0,0,0,18.9
00-0036569,G.Brightwell,Gary Brightwell,RB,RB,NYG,2022,14,REG,PHI,0,0,0,0,0,5,23,0,2,3,18,0,3,0.09375,0.0154639175257732,0,0,0,0,0,0,0,6.1
00-0036572,S.Smith,Shi Smith,WR,WR,CAR,2022,14,REG,SEA,0,0,0,0,0,0,0,0,2,2,17,1,13,0.1,0.147727272727273,0,0,0,0,0,0,0,9.7
00-0036613,J.Waddle,Jaylen Waddle,WR,WR,MIA,2022,14,REG,LAC,0,0,0,0,0,0,0,0,2,4,31,0,53,0.166666666666667,0.155425219941349,0,0,0,0,0,0,0,5.1
00-0036637,N.Gray,Noah Gray,TE,TE,KC,2022,14,REG,DEN,0,0,0,0,0,0,0,0,3,3,45,0,16,0.0714285714285714,0.054421768707483,0,0,0,0,0,0,0,7.5
00-0036652,R.McMath,Racey McMath,WR,WR,TEN,2022,14,REG,JAX,0,0,0,0,0,0,0,0,0,4,0,0,107,0.105263157894737,0.309248554913295,0,0,0,0,0,0,0,0
00-0036654,D.Felton,Demetric Felton,RB,RB,CLE,2022,14,REG,CIN,0,0,0,0,0,0,0,0,0,0,0,0,0,0,0,0,0,0,0,0,0,0,0
00-0036741,J.Stoll,Jack Stoll,TE,TE,PHI,2022,14,REG,NYG,0,0,0,0,0,0,0,0,2,2,20,0,9,0.0645161290322581,0.0303030303030303,0,0,0,0,0,0,0,4
00-0036754,B.Wright,Brock Wright,TE,TE,DET,2022,14,REG,MIN,0,0,0,0,0,0,0,0,0,1,0,0,-1,0.0277777777777778,-0.00381679389312977,0,0,0,0,0,0,0,0
00-0036841,A.Trammell,Austin Trammell,WR,WR,LA,2022,14,REG,LV,0,0,0,0,0,0,0,0,1,2,5,0,16,0.0588235294117647,0.0557491289198606,0,0,0,0,0,0,0,1.5
00-0036849,T.Atwell,Tutu Atwell,WR,WR,LA,2022,14,REG,LV,0,0,0,0,0,2,-5,0,5,9,50,0,116,0.264705882352941,0.40418118466899,0,0,0,0,0,0,0,9.5
00-0036862,B.Skowronek,Ben Skowronek,WR,WR,LA,2022,14,REG,LV,0,0,0,0,0,0,0,0,7,8,89,0,78,0.235294117647059,0.271777003484321,0,0,0,0,0,0,0,15.9
00-0036875,R.Stevenson,Rhamondre Stevenson,RB,RB,NE,2022,14,REG,ARI,0,0,0,0,0,3,8,0,2,3,2,0,-12,0.0909090909090909,-0.0697674418604651,0,0,0,0,0,0,0,3
00-0036893,N.Harris,Najee Harris,RB,RB,PIT,2022,14,REG,BAL,0,0,0,0,0,12,33,1,2,3,17,0,15,0.0967741935483871,0.0451807228915663,0,0,0,0,0,0,0,13
00-0036894,P.Freiermuth,Pat Freiermuth,TE,TE,PIT,2022,14,REG,BAL,0,0,0,0,0,0,0,0,3,6,33,1,50,0.193548387096774,0.150602409638554,0,0,0,0,0,0,0,12.3
00-0036898,D.Mills,Davis Mills,QB,QB,HOU,2022,14,REG,DAL,16,21,175,0,1,1,2,0,0,0,0,0,0,0,0,0,0,0,0,0,0,0,5.2
00-0036900,J.Chase,Ja'Marr Chase,WR,WR,CIN,2022,14,REG,CLE,0,0,0,0,0,1,6,0,10,15,119,1,119,0.46875,0.528888888888889,0,0,0,0,0,0,0,28.5
00-0036912,D.Smith,DeVonta Smith,WR,WR,PHI,2022,14,REG,NYG,0,0,0,0,0,0,0,0,5,8,64,1,90,0.258064516129032,0.303030303030303,0,0,0,0,0,0,0,17.4
00-0036919,K.Gainwell,Kenneth Gainwell,RB,RB,PHI,2022,14,REG,NYG,0,0,0,0,0,0,0,0,1,1,0,0,0,0.032258064516129,0,0,0,0,0,0,0,0,1
00-0036924,Mi.Carter,Michael Carter,RB,RB,NYJ,2022,14,REG,BUF,0,0,0,0,0,5,5,0,3,6,15,0,2,0.136363636363636,0.00552486187845304,0,1,0,0,0,0,0,3
00-0036955,T.Marshall,Terrace Marshall,WR,WR,CAR,2022,14,REG,SEA,0,0,0,0,0,0,0,0,1,1,18,0,18,0.05,0.204545454545455,0,0,0,0,0,0,0,2.8
00-0036963,A.St. Brown,Amon-Ra St. Brown,WR,WR,DET,2022,14,REG,MIN,0,0,0,0,0,1,6,0,6,9,68,0,62,0.25,0.236641221374046,0,0,0,0,0,0,0,13.4
00-0036971,T.Lawrence,Trevor Lawrence,QB,QB,JAX,2022,14,REG,TEN,30,42,368,3,0,3,7,1,0,0,0,0,0,0,0,0,0,0,0,0,0,0,33.42
00-0036972,M.Jones,Mac Jones,QB,QB,NE,2022,14,REG,ARI,24,35,235,0,1,5,-1,0,0,0,0,0,0,0,0,0,0,0,0,0,0,0,7.3
00-0036973,T.Etienne,Travis Etienne,RB,RB,JAX,2022,14,REG,TEN,0,0,0,0,0,17,32,0,0,0,0,0,0,0,0,0,0,0,0,0,0,0,3.2
00-0036980,E.Moore,Elijah Moore,WR,WR,NYJ,2022,14,REG,BUF,0,0,0,0,0,0,0,0,6,10,60,0,104,0.227272727272727,0.287292817679558,0,0,0,0,0,0,0,12
00-0036988,J.Palmer,Josh Palmer,WR,WR,LAC,2022,14,REG,MIA,0,0,0,0,0,0,0,0,4,6,53,0,90,0.125,0.326086956521739,0,0,0,0,0,0,0,9.3
00-0036991,A.Rodgers,Amari Rodgers,WR,WR,HOU,2022,14,REG,DAL,0,0,0,0,0,1,3,0,4,5,57,1,43,0.208333333333333,0.217171717171717,0,0,0,0,0,0,0,16
00-0037005,T.Tremble,Tommy Tremble,TE,TE,CAR,2022,14,REG,SEA,0,0,0,0,0,0,0,0,0,2,0,0,6,0.1,0.0681818181818182,0,0,0,0,0,0,0,0
00-0037011,T.McKitty,Tre' McKitty,TE,TE,LAC,2022,14,REG,MIA,0,0,0,0,0,0,0,0,1,1,5,0,5,0.0208333333333333,0.0181159420289855,0,0,0,0,0,0,0,1.5
00-0037055,L.McCutcheon,Lance McCutcheon,WR,WR,LA,2022,14,REG,LV,0,0,0,0,0,0,0,0,0,0,0,0,0,0,0,0,0,0,0,0,0,0,0
00-0037086,G.Calcaterra,Grant Calcaterra,TE,TE,PHI,2022,14,REG,NYG,0,0,0,0,0,0,0,0,2,4,24,0,32,0.129032258064516,0.107744107744108,0,0,0,0,0,0,0,4.4
00-0037132,B.Covey,Britain Covey,WR,WR,PHI,2022,14,REG,NYG,0,0,0,0,0,0,0,0,0,0,0,0,0,0,0,0,0,0,0,0,0,0,0
00-0037157,Z.Knight,Zonovan Knight,RB,RB,NYJ,2022,14,REG,BUF,0,0,0,0,0,17,71,1,2,2,6,0,-6,0.0454545454545455,-0.0165745856353591,0,0,0,0,0,0,0,15.7
00-0037175,A.Brown,Anthony Brown,QB,QB,BAL,2022,14,REG,PIT,3,5,16,0,0,3,-5,0,0,0,0,0,0,0,0,0,0,0,0,0,0,0,0.14
00-0037185,R.Webb,Raleigh Webb,WR,WR,NE,2022,14,REG,ARI,0,0,0,0,0,0,0,0,0,0,0,0,0,0,0,0,0,0,0,0,0,0,0
00-0037197,I.Pacheco,Isiah Pacheco,RB,RB,KC,2022,14,REG,DEN,0,0,0,0,0,13,70,0,3,3,23,0,-8,0.0714285714285714,-0.0272108843537415,0,0,0,0,0,0,0,12.3
00-0037228,J.Warren,Jaylen Warren,RB,RB,PIT,2022,14,REG,BAL,0,0,0,0,0,3,11,0,2,3,16,0,-2,0.0967741935483871,-0.00602409638554217,0,0,0,0,0,0,0,4.7
00-0037240,J.Williams,Jameson Williams,WR,WR,DET,2022,14,REG,MIN,0,0,0,0,0,0,0,0,1,2,41,1,30,0.0555555555555556,0.114503816793893,0,0,0,0,0,0,0,11.1
00-0037247,G.Pickens,George Pickens,WR,WR,PIT,2022,14,REG,BAL,0,0,0,0,0,0,0,0,3,3,78,0,70,0.0967741935483871,0.210843373493976,0,0,0,0,0,0,0,10.8
00-0037248,J.Cook,James Cook,RB,RB,BUF,2022,14,REG,NYJ,0,0,0,0,0,4,6,0,1,1,9,0,1,0.037037037037037,0.00446428571428571,0,0,0,0,0,0,0,2.5
00-0037252,G.Dulcich,Greg Dulcich,TE,TE,DEN,2022,14,REG,KC,0,0,0,0,0,0,0,0,3,8,42,0,85,0.186046511627907,0.367965367965368,0,0,0,0,0,0,0,7.2
00-0037256,R.White,Rachaad White,RB,RB,TB,2022,14,REG,SF,0,0,0,0,0,13,56,0,5,5,21,0,-1,0.0980392156862745,-0.0028169014084507,0,1,0,0,0,0,0,10.7
00-0037257,Dav.Bell,David Bell,WR,WR,CLE,2022,14,REG,CIN,0,0,0,0,0,0,0,0,3,3,27,0,9,0.0769230769230769,0.0253521126760563,0,0,0,0,0,0,0,5.7
00-0037258,D.Pierce,Dameon Pierce,RB,RB,HOU,2022,14,REG,DAL,0,0,0,0,0,22,78,1,0,0,0,0,0,0,0,0,1,0,0,0,0,0,11.8
00-0037261,K.Shakir,Khalil Shakir,WR,WR,BUF,2022,14,REG,NYJ,0,0,0,0,0,0,0,0,0,1,0,0,12,0.037037037037037,0.0535714285714286,0,0,0,0,0,0,0,0
00-0037267,J.Ford,Jerome Ford,RB,RB,CLE,2022,14,REG,CIN,0,0,0,0,0,0,0,0,0,0,0,0,0,0,0,0,0,0,0,0,0,0,0
00-0037272,M.Washington,Montrell Washington,WR,WR,DEN,2022,14,REG,KC,0,0,0,0,0,0,0,0,0,0,0,0,0,0,0,0,0,0,0,0,0,0,0
00-0037286,K.Harris,Kevin Harris,RB,RB,NE,2022,14,REG,ARI,0,0,0,0,0,8,26,1,0,0,0,0,0,0,0,0,0,0,0,0,0,0,8.6
00-0037291,J.Nailor,Jalen Nailor,WR,WR,MIN,2022,14,REG,DET,0,0,0,0,0,0,0,0,0,0,0,0,0,0,0,0,0,0,0,0,0,0,0
00-0037299,K.Ingram,Keaontay Ingram,RB,RB,ARI,2022,14,REG,NE,0,0,0,0,0,1,1,0,0,0,0,0,0,0,0,0,0,0,0,0,0,0,0.1
00-0037304,Co.Heyward,Connor Heyward,TE,TE,PIT,2022,14,REG,BAL,0,0,0,0,0,0,0,0,1,1,13,0,14,0.032258064516129,0.0421686746987952,0,0,0,0,0,0,0,2.3
00-0037311,K.Kieft,Ko Kieft,TE,TE,TB,2022,14,REG,SF,0,0,0,0,0,0,0,0,1,1,11,0,5,0.0196078431372549,0.0140845070422535,0,0,0,0,0,0,0,2.1
00-0037382,B.Johnson,Brandon Johnson,WR,WR,DEN,2022,14,REG,KC,0,0,0,0,0,0,0,0,0,4,0,0,50,0.0930232558139535,0.216450216450216,0,0,0,0,0,0,0,0
00-0037387,J.Virgil,Jalen Virgil,WR,WR,DEN,2022,14,REG,KC,0,0,0,0,0,0,0,0,1,1,9,0,6,0.0232558139534884,0.025974025974026,0,0,0,0,0,0,0,1.9
00-0037429,R.Blackshear,Raheem Blackshear,RB,RB,CAR,2022,14,REG,SEA,0,0,0,0,0,4,32,1,1,1,17,0,-7,0.05,-0.0795454545454545,0,0,0,0,0,0,0,11.9
00-0037475,S.Smartt,Stone Smartt,TE,TE,LAC,2022,14,REG,MIA,0,0,0,0,0,0,0,0,1,1,8,0,4,0.0208333333333333,0.0144927536231884,0,0,0,0,0,0,0,1.8
00-0037487,D.Thompkins,Deven Thompkins,WR,WR,TB,2022,14,REG,SF,0,0,0,0,0,0,0,0,0,0,0,0,0,0,0,0,0,0,0,0,0,0,0
00-0037525,J.Mason,Jordan Mason,RB,RB,SF,2022,14,REG,TB,0,0,0,0,0,11,56,0,0,0,0,0,0,0,0,0,0,0,0,0,0,0,5.6
00-0037594,J.Chestnut,Julius Chestnut,RB,RB,TEN,2022,14,REG,JAX,0,0,0,0,0,0,0,0,2,2,8,0,4,0.0526315789473684,0.0115606936416185,0,0,0,0,0,0,0,2.8
00-0037740,G.Wilson,Garrett Wilson,WR,WR,NYJ,2022,14,REG,BUF,0,0,0,0,0,0,0,0,6,7,78,0,86,0.159090909090909,0.237569060773481,0,0,0,0,0,0,0,13.8
00-0037744,T.McBride,Trey McBride,TE,TE,ARI,2022,14,REG,NE,0,0,0,0,0,0,0,0,3,6,28,0,50,0.146341463414634,0.165016501650165,0,0,0,0,0,0,0,5.8
00-0037801,K.Turpin,Kavontae Turpin,WR,WR,DAL,2022,14,REG,HOU,0,0,0,0,0,0,0,0,0,0,0,0,0,0,0,0,0,0,0,0,0,0,0
00-0037809,C.Okonkwo,Chigoziem Okonkwo,TE,TE,TEN,2022,14,REG,JAX,0,0,0,0,0,1,0,0,6,6,45,1,27,0.157894736842105,0.0780346820809249,0,0,0,0,0,1,0,18.5
00-0037828,D.Gray,Danny Gray,WR,WR,SF,2022,14,REG,TB,0,0,0,0,0,0,0,0,1,1,10,0,6,0.0454545454545455,0.0535714285714286,0,0,0,0,0,0,0,2
00-0037834,B.Purdy,Brock Purdy,QB,QB,SF,2022,14,REG,TB,16,21,185,2,0,2,3,1,0,0,0,0,0,0,0,0,0,0,0,0,0,0,21.7
00-0037840,K.Williams,Kyren Williams,RB,RB,LA,2022,14,REG,LV,0,0,0,0,0,3,19,0,1,2,10,0,-4,0.0588235294117647,-0.0139372822299652,0,0,0,0,0,0,0,3.9
00-0038040,Z.White,Zamir White,RB,RB,LV,2022,14,REG,LA,0,0,0,0,0,3,9,0,0,0,0,0,0,0,0,0,0,0,0,0,0,0,0.9
00-0038090,S.Moore,Skyy Moore,WR,WR,KC,2022,14,REG,DEN,0,0,0,0,0,0,0,0,1,2,7,0,18,0.0476190476190476,0.0612244897959184,0,0,0,0,0,0,0,1.7
00-0038098,P.Strong,Pierre Strong,RB,RB,NE,2022,14,REG,ARI,0,0,0,0,0,5,70,1,2,2,20,0,-1,0.0606060606060606,-0.00581395348837209,0,0,0,0,0,0,0,17
00-0038102,K.Pickett,Kenny Pickett,QB,QB,PIT,2022,14,REG,BAL,0,1,0,0,0,2,16,0,0,0,0,0,0,0,0,0,0,0,0,0,0,0,1.6
00-0038104,T.Thornton,Tyquan Thornton,WR,WR,NE,2022,14,REG,ARI,0,0,0,0,0,0,0,0,4,5,28,0,16,0.151515151515152,0.0930232558139535,0,0,0,0,0,0,0,6.8
00-0038115,D.Bellinger,Daniel Bellinger,TE,TE,NYG,2022,14,REG,PHI,0,0,0,0,0,0,0,0,3,3,19,0,10,0.09375,0.0515463917525773,0,0,0,0,0,0,0,4.9
00-0038129,C.Otton,Cade Otton,TE,TE,TB,2022,14,REG,SF,0,0,0,0,0,0,0,0,4,5,28,0,31,0.0980392156862745,0.0873239436619718,0,0,0,0,0,0,0,6.8
00-0019596,T.Brady,Tom Brady,QB,QB,TB,2022,15,REG,CIN,30,44,312,3,2,2,1,0,0,0,0,0,0,0,0,1,1,0,0,0,0,0,16.58
00-0023459,A.Rodgers,Aaron Rodgers,QB,QB,GB,2022,15,REG,LA,22,30,229,1,1,3,-3,0,0,0,0,0,0,0,0,0,0,0,0,0,0,0,10.86
00-0024243,M.Lewis,Marcedes Lewis,TE,TE,GB,2022,15,REG,LA,0,0,0,0,0,0,0,0,1,1,14,0,7,0.0357142857142857,0.0486111111111111,0,0,0,0,0,0,0,2.4
00-0026143,M.Ryan,Matt Ryan,QB,QB,IND,2022,15,REG,MIN,19,33,182,1,0,3,0,0,0,0,0,0,0,0,0,0,0,0,0,0,0,0,11.28
00-0026189,D.Jackson,DeSean Jackson,WR,WR,BAL,2022,15,REG,CLE,0,0,0,0,0,0,0,0,0,3,0,0,34,0.107142857142857,0.163461538461538,0,0,0,0,0,0,0,0
00-0027688,C.McCoy,Colt McCoy,QB,QB,ARI,2022,15,REG,DEN,13,21,78,0,1,2,2,0,0,0,0,0,0,0,0,0,0,0,0,0,0,0,1.32
00-0027942,A.Green,A.J. Green,WR,WR,ARI,2022,15,REG,DEN,0,0,0,0,0,0,0,0,0,2,0,0,12,0.0571428571428571,0.0508474576271187,0,0,0,0,0,0,0,0
00-0027973,A.Dalton,Andy Dalton,QB,QB,NO,2022,15,REG,ATL,11,17,151,2,0,2,1,0,0,0,0,0,0,0,0,0,0,0,0,0,0,0,14.14
00-0028002,R.Cobb,Randall Cobb,WR,WR,GB,2022,15,REG,LA,0,0,0,0,0,0,0,0,3,4,32,0,29,0.142857142857143,0.201388888888889,0,0,0,0,0,0,0,6.2
00-0028063,T.Jones,Taiwan Jones,RB,RB,BUF,2022,15,REG,MIA,0,0,0,0,0,0,0,0,0,0,0,0,0,0,0,0,0,0,0,0,0,0,0
00-0029000,C.Beasley,Cole Beasley,WR,WR,BUF,2022,15,REG,MIA,0,0,0,0,0,0,0,0,1,1,9,0,9,0.0263157894736842,0.0210280373831776,0,0,0,0,0,0,0,1.9
00-0029239,B.Bolden,Brandon Bolden,RB,RB,LV,2022,15,REG,NE,0,0,0,0,0,0,0,0,0,0,0,0,0,0,0,0,0,0,0,0,0,0,0
00-0029293,M.Jones,Marvin Jones,WR,WR,JAX,2022,15,REG,DAL,0,0,0,0,0,0,0,0,2,6,17,1,79,0.146341463414634,0.212938005390836,0,0,0,0,0,0,0,9.7
00-0029604,K.Cousins,Kirk Cousins,QB,QB,MIN,2022,15,REG,IND,34,54,460,4,2,2,0,0,0,0,0,0,0,0,0,0,0,0,1,0,0,0,32.4
00-0029701,R.Tannehill,Ryan Tannehill,QB,QB,TEN,2022,15,REG,LAC,15,22,165,0,1,3,1,1,0,0,0,0,0,0,0,0,0,0,0,0,0,0,10.7
00-0030035,A.Thielen,Adam Thielen,WR,WR,MIN,2022,15,REG,IND,0,0,0,0,0,0,0,0,3,4,41,1,50,0.0740740740740741,0.112612612612613,0,0,0,0,0,0,0,13.1
00-0030068,M.Goodwin,Marquise Goodwin,WR,WR,SEA,2022,15,REG,SF,0,0,0,0,0,0,0,0,2,5,10,0,19,0.121951219512195,0.113095238095238,0,0,0,0,0,0,0,3
00-0030108,R.Griffin,Ryan Griffin,TE,TE,CHI,2022,15,REG,PHI,0,0,0,0,0,0,0,0,0,0,0,0,0,0,0,0,0,0,0,0,0,0,0
00-0030279,K.Allen,Keenan Allen,WR,WR,LAC,2022,15,REG,TEN,0,0,0,0,0,0,0,0,8,9,86,0,79,0.236842105263158,0.242331288343558,0,0,0,0,0,0,0,16.6
00-0030288,R.Burkhead,Rex Burkhead,RB,RB,HOU,2022,15,REG,KC,0,0,0,0,0,0,0,0,2,4,17,0,18,0.148148148148148,0.0703125,0,0,0,0,0,0,0,3.7
00-0030431,R.Woods,Robert Woods,WR,WR,TEN,2022,15,REG,LAC,0,0,0,0,0,0,0,0,2,4,12,0,19,0.153846153846154,0.118012422360248,0,0,0,0,0,0,0,3.2
00-0030456,G.Bernard,Giovani Bernard,RB,RB,TB,2022,15,REG,CIN,0,0,0,0,0,1,0,0,0,0,0,0,0,0,0,0,0,0,0,0,0,0,0
00-0030506,T.Kelce,Travis Kelce,TE,TE,KC,2022,15,REG,HOU,0,0,0,0,0,0,0,0,10,10,105,0,55,0.24390243902439,0.242290748898678,0,0,0,0,0,0,0,20.5
00-0030513,L.Murray,Latavius Murray,RB,RB,DEN,2022,15,REG,ARI,0,0,0,0,0,24,130,1,1,1,12,0,2,0.0384615384615385,0.0172413793103448,0,0,0,0,0,0,0,21.2
00-0030564,D.Hopkins,DeAndre Hopkins,WR,WR,ARI,2022,15,REG,DEN,0,0,0,0,0,0,0,0,7,11,60,0,68,0.314285714285714,0.288135593220339,0,0,0,0,0,0,0,13
00-0030565,G.Smith,Geno Smith,QB,QB,SEA,2022,15,REG,SF,31,44,238,1,0,1,18,0,0,0,0,0,0,0,0,0,0,0,0,0,0,0,15.32
00-0030578,C.Patterson,Cordarrelle Patterson,RB,RB,ATL,2022,15,REG,NO,0,0,0,0,0,14,52,1,1,3,0,0,37,0.115384615384615,0.156118143459916,0,0,0,0,0,0,0,12.2
00-0031260,L.Thomas,Logan Thomas,TE,TE,WAS,2022,15,REG,NYG,0,0,0,0,0,0,0,0,1,3,6,0,32,0.111111111111111,0.0978593272171254,0,0,0,0,0,0,0,1.6
00-0031273,C.Brate,Cameron Brate,TE,TE,TB,2022,15,REG,CIN,0,0,0,0,0,0,0,0,2,5,25,0,53,0.119047619047619,0.168789808917197,0,0,0,0,0,0,0,4.5
00-0031280,D.Carr,Derek Carr,QB,QB,LV,2022,15,REG,NE,20,38,231,3,1,0,0,0,0,0,0,0,0,0,0,0,0,0,0,0,0,0,19.24
00-0031376,J.McKinnon,Jerick McKinnon,RB,RB,KC,2022,15,REG,HOU,0,0,0,0,0,10,52,1,8,8,70,1,-9,0.195121951219512,-0.039647577092511,0,0,0,0,0,1,0,34.2
00-0031381,D.Adams,Davante Adams,WR,WR,LV,2022,15,REG,NE,0,0,0,0,0,0,0,0,4,9,28,0,109,0.28125,0.225672877846791,0,0,0,0,0,0,0,6.8
00-0031382,J.Landry,Jarvis Landry,WR,WR,NO,2022,15,REG,ATL,0,0,0,0,0,0,0,0,0,1,0,0,8,0.0526315789473684,0.0396039603960396,0,0,0,0,0,0,0,0
00-0031408,M.Evans,Mike Evans,WR,WR,TB,2022,15,REG,CIN,0,0,0,0,0,0,0,0,5,9,83,0,119,0.214285714285714,0.378980891719745,0,0,0,0,0,0,0,13.3
00-0031544,A.Cooper,Amari Cooper,WR,WR,CLE,2022,15,REG,BAL,0,0,0,0,0,0,0,0,4,6,58,0,40,0.230769230769231,0.310077519379845,0,0,0,0,0,0,0,9.8
00-0031549,N.Agholor,Nelson Agholor,WR,WR,NE,2022,15,REG,LV,0,0,0,0,0,0,0,0,1,6,3,0,96,0.2,0.326530612244898,0,0,0,0,0,0,0,1.3
00-0031558,M.Williams,Maxx Williams,TE,TE,ARI,2022,15,REG,DEN,0,0,0,0,0,0,0,0,2,2,11,0,9,0.0571428571428571,0.038135593220339,0,0,0,0,0,0,0,3.1
00-0031585,M.Pruitt,MyCole Pruitt,TE,TE,ATL,2022,15,REG,NO,0,0,0,0,0,0,0,0,2,3,20,0,17,0.115384615384615,0.0717299578059072,0,0,0,0,0,0,0,4
00-0031588,S.Diggs,Stefon Diggs,WR,WR,BUF,2022,15,REG,MIA,0,0,0,0,0,1,-3,0,5,9,60,0,109,0.236842105263158,0.254672897196262,0,0,0,0,0,0,0,10.7
00-0031610,D.Waller,Darren Waller,TE,TE,LV,2022,15,REG,NE,0,0,0,0,0,0,0,0,3,3,48,1,40,0.09375,0.082815734989648,0,0,0,0,0,0,0,13.8
00-0031687,R.Mostert,Raheem Mostert,RB,RB,MIA,2022,15,REG,BUF,0,0,0,0,0,17,136,0,1,2,20,0,-3,0.0666666666666667,-0.0120967741935484,0,0,0,0,0,0,0,16.6
00-0031690,E.Tomlinson,Eric Tomlinson,TE,TE,DEN,2022,15,REG,ARI,0,0,0,0,0,0,0,0,3,3,28,1,8,0.115384615384615,0.0689655172413793,0,0,0,0,0,0,0,11.8
00-0031763,D.Carter,DeAndre Carter,WR,WR,LAC,2022,15,REG,TEN,0,0,0,0,0,1,-10,0,1,2,15,0,18,0.0526315789473684,0.0552147239263804,0,0,0,0,0,0,0,1.5
00-0031800,T.Heinicke,Taylor Heinicke,QB,QB,WAS,2022,15,REG,NYG,17,29,249,1,0,3,33,0,0,0,0,0,0,0,0,2,0,0,0,0,0,0,13.26
00-0031806,M.Brown,Malcolm Brown,RB,RB,LA,2022,15,REG,GB,0,0,0,0,0,0,0,0,0,1,0,0,-2,0.05,-0.0206185567010309,0,0,0,0,0,0,0,0
00-0031868,D.Byrd,Damiere Byrd,WR,WR,ATL,2022,15,REG,NO,0,0,0,0,0,0,0,0,0,1,0,0,4,0.0384615384615385,0.0168776371308017,0,0,0,0,0,0,0,0
00-0032104,A.Abdullah,Ameer Abdullah,RB,RB,LV,2022,15,REG,NE,0,0,0,0,0,0,0,0,2,2,14,0,3,0.0625,0.0062111801242236,0,0,0,0,0,0,0,3.4
00-0032128,C.Conley,Chris Conley,WR,WR,TEN,2022,15,REG,LAC,0,0,0,0,0,0,0,0,3,3,19,0,16,0.115384615384615,0.0993788819875776,0,0,0,0,0,0,0,4.9
00-0032134,C.Uzomah,C.J. Uzomah,TE,TE,NYJ,2022,15,REG,DET,0,0,0,0,0,0,0,0,2,2,41,2,31,0.0588235294117647,0.0631364562118126,0,0,0,0,0,0,0,18.1
00-0032187,D.Johnson,David Johnson,RB,RB,NO,2022,15,REG,ATL,0,0,0,0,0,4,12,0,0,0,0,0,0,0,0,0,1,0,0,0,0,0,-0.8
00-0032208,P.Dorsett,Phillip Dorsett,WR,WR,HOU,2022,15,REG,KC,0,1,0,0,0,0,0,0,0,1,0,0,29,0.037037037037037,0.11328125,0,0,0,0,0,0,0,0
00-0032211,T.Lockett,Tyler Lockett,WR,WR,SEA,2022,15,REG,SF,0,0,0,0,0,0,0,0,7,9,68,0,63,0.219512195121951,0.375,0,0,0,0,0,0,0,13.8
00-0032214,T.Kroft,Tyler Kroft,TE,TE,SF,2022,15,REG,SEA,0,0,0,0,0,0,0,0,1,1,28,0,17,0.0384615384615385,0.111842105263158,0,0,0,0,0,0,0,3.8
00-0032392,A.Hooper,Austin Hooper,TE,TE,TEN,2022,15,REG,LAC,0,0,0,0,0,0,0,0,2,4,33,0,34,0.153846153846154,0.211180124223602,0,0,0,0,0,0,0,5.3
00-0032394,N.Vannett,Nick Vannett,TE,TE,NYG,2022,15,REG,WAS,0,0,0,0,0,0,0,0,1,1,15,0,2,0.0333333333333333,0.0163934426229508,0,0,0,0,0,0,0,2.5
00-0032398,C.Moore,Chris Moore,WR,WR,HOU,2022,15,REG,KC,0,0,0,0,0,0,0,0,4,8,42,0,86,0.296296296296296,0.3359375,0,0,0,0,0,0,0,8.2
00-0032436,J.Driskel,Jeff Driskel,QB,QB,HOU,2022,15,REG,KC,2,4,8,0,0,4,8,0,0,0,0,0,0,0,0,0,0,0,0,0,0,0,1.12
00-0032464,K.Raymond,Kalif Raymond,WR,WR,DET,2022,15,REG,NYJ,0,0,0,0,0,0,0,0,5,6,53,0,40,0.166666666666667,0.2,0,0,0,0,0,0,1,16.3
00-0032688,R.Anderson,Robbie Chosen,WR,WR,ARI,2022,15,REG,DEN,0,0,0,0,0,0,0,0,0,2,0,0,72,0.0571428571428571,0.305084745762712,0,0,0,0,0,0,0,0
00-0032764,D.Henry,Derrick Henry,RB,RB,TEN,2022,15,REG,LAC,0,0,0,0,0,21,104,1,4,4,59,0,6,0.153846153846154,0.0372670807453416,0,0,0,0,0,0,0,26.3
00-0032775,D.Robinson,Demarcus Robinson,WR,WR,BAL,2022,15,REG,CLE,0,0,0,0,0,0,0,0,6,6,29,0,32,0.214285714285714,0.153846153846154,0,0,1,0,0,0,0,6.9
00-0032980,M.Johnson,Marcus Johnson,WR,WR,NYG,2022,15,REG,WAS,0,0,0,0,0,0,0,0,0,0,0,0,0,0,0,0,0,0,0,0,0,0,0
00-0033009,T.Boyd,Tyler Boyd,WR,WR,CIN,2022,15,REG,TB,0,0,0,0,0,0,0,0,5,5,35,1,28,0.131578947368421,0.133971291866029,0,0,0,0,0,0,0,14.5
00-0033040,T.Hill,Tyreek Hill,WR,WR,MIA,2022,15,REG,BUF,0,0,0,0,0,0,0,0,9,13,69,1,82,0.433333333333333,0.330645161290323,0,0,0,0,0,0,0,21.9
00-0033045,E.Elliott,Ezekiel Elliott,RB,RB,DAL,2022,15,REG,JAX,0,0,0,0,0,16,58,1,2,2,13,0,2,0.0666666666666667,0.00772200772200772,0,0,0,0,0,0,0,15.1
00-0033077,D.Prescott,Dak Prescott,QB,QB,DAL,2022,15,REG,JAX,23,30,256,3,2,5,20,0,0,0,0,0,0,0,0,0,0,0,0,0,0,0,20.24
00-0033090,H.Henry,Hunter Henry,TE,TE,NE,2022,15,REG,LV,0,0,0,0,0,0,0,0,2,4,9,0,3,0.133333333333333,0.0102040816326531,0,0,0,0,0,0,0,2.9
00-0033106,J.Goff,Jared Goff,QB,QB,DET,2022,15,REG,NYJ,23,38,252,1,0,0,0,0,0,0,0,0,0,0,0,0,0,0,0,0,0,0,14.08
00-0033110,T.Higbee,Tyler Higbee,TE,TE,LA,2022,15,REG,GB,0,0,0,0,0,0,0,0,4,5,27,1,10,0.25,0.103092783505155,0,0,0,0,0,0,0,12.7
00-0033119,J.Brissett,Jacoby Brissett,QB,QB,CLE,2022,15,REG,BAL,0,0,0,0,0,1,3,0,0,0,0,0,0,0,0,0,0,0,0,0,0,0,0.3
00-0033217,M.Alie-Cox,Mo Alie-Cox,TE,TE,IND,2022,15,REG,MIN,0,0,0,0,0,0,0,0,0,1,0,0,7,0.032258064516129,0.0274509803921569,0,0,0,0,0,0,0,0
00-0033246,J.Mundt,Johnny Mundt,TE,TE,MIN,2022,15,REG,IND,0,0,0,0,0,0,0,0,1,1,7,0,0,0.0185185185185185,0,0,0,0,0,0,0,0,1.7
00-0033251,Z.Pascal,Zach Pascal,WR,WR,PHI,2022,15,REG,CHI,0,0,0,0,0,0,0,0,0,1,0,0,10,0.027027027027027,0.0214592274678112,0,0,0,0,0,0,0,0
00-0033280,C.McCaffrey,Christian McCaffrey,RB,RB,SF,2022,15,REG,SEA,0,0,0,0,0,26,108,1,6,8,30,0,6,0.307692307692308,0.0394736842105263,0,0,0,0,0,0,0,25.8
00-0033282,C.Samuel,Curtis Samuel,WR,WR,WAS,2022,15,REG,NYG,0,0,0,0,0,5,1,0,3,5,44,0,66,0.185185185185185,0.201834862385321,0,0,0,0,0,0,0,7.5
00-0033288,G.Kittle,George Kittle,TE,TE,SF,2022,15,REG,SEA,0,0,0,0,0,0,0,0,4,5,93,2,51,0.192307692307692,0.335526315789474,0,0,0,0,0,0,0,25.3
00-0033292,T.Taylor,Trent Taylor,WR,WR,CIN,2022,15,REG,TB,0,0,0,0,0,0,0,0,0,0,0,0,0,0,0,0,0,0,0,0,0,0,0
00-0033293,A.Jones,Aaron Jones,RB,RB,GB,2022,15,REG,LA,0,0,0,0,0,17,90,0,4,5,36,1,-13,0.178571428571429,-0.0902777777777778,0,1,0,0,0,0,0,20.6
00-0033307,K.Bourne,Kendrick Bourne,WR,WR,NE,2022,15,REG,LV,0,0,0,0,0,0,0,0,0,1,0,0,4,0.0333333333333333,0.0136054421768707,0,0,0,0,0,0,0,0
00-0033308,M.Breida,Matt Breida,RB,RB,NYG,2022,15,REG,WAS,0,0,0,0,0,2,6,0,1,1,6,0,1,0.0333333333333333,0.00819672131147541,0,0,0,0,0,0,0,2.2
00-0033357,T.Hill,Taysom Hill,TE,TE,NO,2022,15,REG,ATL,2,2,80,1,0,7,30,0,0,0,0,0,0,0,0,0,0,0,0,0,0,0,10.2
00-0033455,A.Firkser,Anthony Firkser,TE,TE,ATL,2022,15,REG,NO,0,0,0,0,0,0,0,0,0,2,0,0,22,0.0769230769230769,0.0928270042194093,0,0,0,0,0,0,0,0
00-0033466,I.McKenzie,Isaiah McKenzie,WR,WR,BUF,2022,15,REG,MIA,0,0,0,0,0,0,0,0,2,5,24,0,103,0.131578947368421,0.240654205607477,0,0,0,0,0,0,0,4.4
00-0033526,S.Perine,Samaje Perine,RB,RB,CIN,2022,15,REG,TB,0,0,0,0,0,7,24,0,1,1,0,0,-5,0.0263157894736842,-0.0239234449760766,0,0,0,0,0,0,0,3.4
00-0033536,M.Williams,Mike Williams,WR,WR,LAC,2022,15,REG,TEN,0,0,0,0,0,0,0,0,4,8,67,0,119,0.210526315789474,0.365030674846626,0,0,0,0,0,0,0,10.7
00-0033537,D.Watson,Deshaun Watson,QB,QB,CLE,2022,15,REG,BAL,18,28,161,1,0,6,22,0,0,0,0,0,0,0,0,0,0,0,0,0,0,0,12.64
00-0033553,J.Conner,James Conner,RB,RB,ARI,2022,15,REG,DEN,0,0,0,0,0,16,63,1,3,5,28,0,-9,0.142857142857143,-0.038135593220339,0,0,0,0,0,0,0,18.1
00-0033555,M.Hollins,Mack Hollins,WR,WR,LV,2022,15,REG,NE,0,0,0,0,0,0,0,0,4,8,40,1,176,0.25,0.364389233954451,0,0,0,0,0,0,0,14
00-0033572,J.Agnew,Jamal Agnew,WR,WR,JAX,2022,15,REG,DAL,0,0,0,0,0,3,52,0,2,3,12,0,22,0.0731707317073171,0.0592991913746631,0,0,0,0,0,0,0,8.4
00-0033576,E.Saubert,Eric Saubert,TE,TE,DEN,2022,15,REG,ARI,0,0,0,0,0,0,0,0,1,2,5,0,26,0.0769230769230769,0.224137931034483,0,0,0,0,0,0,0,1.5
00-0033591,N.Brown,Noah Brown,WR,WR,DAL,2022,15,REG,JAX,0,0,0,0,0,0,0,0,6,9,49,2,95,0.3,0.366795366795367,0,0,0,0,0,0,0,22.9
00-0033681,K.Cole,Keelan Cole,WR,WR,LV,2022,15,REG,NE,0,0,0,0,0,0,0,0,2,2,50,1,49,0.0625,0.101449275362319,0,0,0,0,0,0,0,13
00-0033699,A.Ekeler,Austin Ekeler,RB,RB,LAC,2022,15,REG,TEN,0,0,0,0,0,12,58,1,2,3,12,0,-1,0.0789473684210526,-0.00306748466257669,0,0,0,0,0,0,0,15
00-0033757,R.Tonyan,Robert Tonyan,TE,TE,GB,2022,15,REG,LA,0,0,0,0,0,0,0,0,1,2,4,0,11,0.0714285714285714,0.0763888888888889,0,0,0,0,0,0,0,1.4
00-0033854,D.Ogunbowale,Dare Ogunbowale,RB,RB,HOU,2022,15,REG,KC,0,0,0,0,0,8,14,0,0,0,0,0,0,0,0,0,0,0,0,0,0,0,1.4
00-0033856,L.Fournette,Leonard Fournette,RB,RB,TB,2022,15,REG,CIN,0,0,0,0,0,10,44,0,4,4,30,0,7,0.0952380952380952,0.0222929936305732,0,0,0,0,0,0,0,11.4
00-0033857,J.Smith-Schuster,JuJu Smith-Schuster,WR,WR,KC,2022,15,REG,HOU,0,0,0,0,0,0,0,0,10,10,88,0,68,0.24390243902439,0.299559471365639,0,0,1,0,0,0,0,16.8
00-0033858,J.Smith,Jonnu Smith,TE,TE,NE,2022,15,REG,LV,0,0,0,0,0,0,0,0,2,3,24,0,19,0.1,0.0646258503401361,0,0,0,0,0,0,0,4.4
00-0033869,M.Trubisky,Mitchell Trubisky,QB,QB,PIT,2022,15,REG,CAR,17,22,179,0,0,6,9,1,0,0,0,0,0,0,0,0,0,0,0,0,0,0,14.06
00-0033873,P.Mahomes,Patrick Mahomes,QB,QB,KC,2022,15,REG,HOU,36,41,336,2,0,5,33,1,0,0,0,0,0,0,0,0,0,0,1,0,0,0,32.74
00-0033881,E.Engram,Evan Engram,TE,TE,JAX,2022,15,REG,DAL,0,0,0,0,0,0,0,0,8,10,62,0,46,0.24390243902439,0.123989218328841,0,0,0,0,0,0,0,14.2
00-0033885,D.Njoku,David Njoku,TE,TE,CLE,2022,15,REG,BAL,0,0,0,0,0,0,0,0,3,6,28,0,13,0.230769230769231,0.10077519379845,0,0,0,0,0,0,0,5.8
00-0033891,Z.Jones,Zay Jones,WR,WR,JAX,2022,15,REG,DAL,0,0,0,0,0,0,0,0,6,8,109,3,102,0.195121951219512,0.274932614555256,0,0,0,0,0,0,0,34.9
00-0033893,D.Cook,Dalvin Cook,RB,RB,MIN,2022,15,REG,IND,0,0,0,0,0,17,95,0,4,4,95,1,-3,0.0740740740740741,-0.00675675675675676,0,1,0,0,0,0,0,27
00-0033895,G.Everett,Gerald Everett,TE,TE,LAC,2022,15,REG,TEN,0,0,0,0,0,0,0,0,4,6,42,0,23,0.157894736842105,0.0705521472392638,0,0,0,0,0,0,0,8.2
00-0033897,J.Mixon,Joe Mixon,RB,RB,CIN,2022,15,REG,TB,0,0,0,0,0,11,21,0,5,6,33,0,-6,0.157894736842105,-0.0287081339712919,0,0,0,0,0,0,0,10.4
00-0033906,A.Kamara,Alvin Kamara,RB,RB,NO,2022,15,REG,ATL,0,0,0,0,0,21,91,0,2,2,13,0,7,0.105263157894737,0.0346534653465347,0,0,0,0,0,0,0,12.4
00-0033921,C.Godwin,Chris Godwin,WR,WR,TB,2022,15,REG,CIN,0,0,0,0,0,0,0,0,8,8,83,1,55,0.19047619047619,0.17515923566879,0,0,0,0,0,0,0,22.3
00-0033923,K.Hunt,Kareem Hunt,RB,RB,CLE,2022,15,REG,BAL,0,0,0,0,0,4,24,0,1,1,3,0,-5,0.0384615384615385,-0.0387596899224806,0,0,0,0,0,0,0,3.7
00-0033925,D.Foreman,D'Onta Foreman,RB,RB,CAR,2022,15,REG,PIT,0,0,0,0,0,10,9,0,0,0,0,0,0,0,0,0,0,0,0,0,0,0,0.9
00-0033948,Ja.Williams,Jamaal Williams,RB,RB,DET,2022,15,REG,NYJ,0,0,0,0,0,13,33,0,0,0,0,0,0,0,0,0,0,0,0,0,0,0,3.3
00-0033951,M.Mack,Marlon Mack,RB,RB,DEN,2022,15,REG,ARI,0,0,0,0,0,5,37,1,4,4,26,0,-8,0.153846153846154,-0.0689655172413793,0,0,0,0,0,0,0,16.3
00-0033958,N.Peterman,Nathan Peterman,QB,QB,CHI,2022,15,REG,PHI,0,1,0,0,0,0,0,0,0,0,0,0,0,0,0,0,0,0,0,0,0,0,0
00-0034159,W.Dissly,Will Dissly,TE,TE,SEA,2022,15,REG,SF,0,0,0,0,0,0,0,0,1,1,13,0,7,0.024390243902439,0.0416666666666667,0,0,0,0,0,0,0,2.3
00-0034184,G.Edwards,Gus Edwards,RB,RB,BAL,2022,15,REG,CLE,0,0,0,0,0,7,55,0,0,0,0,0,0,0,0,0,0,0,0,0,0,0,5.5
00-0034193,K.Rader,Kevin Rader,TE,TE,TEN,2022,15,REG,LAC,0,0,0,0,0,0,0,0,0,0,0,0,0,0,0,0,0,0,0,0,0,0,0
00-0034270,T.Conklin,Tyler Conklin,TE,TE,NYJ,2022,15,REG,DET,0,0,0,0,0,1,2,0,1,2,7,0,12,0.0588235294117647,0.0244399185336049,0,0,0,0,0,0,0,1.9
00-0034272,M.Valdes-Scantling,Marquez Valdes-Scantling,WR,WR,KC,2022,15,REG,HOU,0,0,0,0,0,0,0,0,3,5,26,1,51,0.121951219512195,0.224669603524229,0,0,0,0,0,0,0,11.6
00-0034279,E.St. Brown,Equanimeous St. Brown,WR,WR,CHI,2022,15,REG,PHI,0,0,0,0,0,0,0,0,1,1,20,0,13,0.0476190476190476,0.0792682926829268,0,0,0,0,0,0,0,3
00-0034286,R.James,Richie James,WR,WR,NYG,2022,15,REG,WAS,0,0,0,0,0,0,0,0,4,5,42,0,29,0.166666666666667,0.237704918032787,0,0,0,0,0,0,0,8.2
00-0034297,B.Pringle,Byron Pringle,WR,WR,CHI,2022,15,REG,PHI,0,0,0,0,0,0,0,0,2,2,39,1,38,0.0952380952380952,0.231707317073171,0,0,0,0,0,0,0,11.9
00-0034364,J.Akins,Jordan Akins,TE,TE,HOU,2022,15,REG,KC,0,0,0,0,0,0,0,0,3,6,22,1,40,0.222222222222222,0.15625,0,0,0,0,0,0,0,11.2
00-0034367,N.Hines,Nyheim Miller-Hines,RB,RB,BUF,2022,15,REG,MIA,0,0,0,0,0,0,0,0,1,1,10,1,1,0.0263157894736842,0.00233644859813084,0,0,0,0,0,0,0,8
00-0034383,D.Schultz,Dalton Schultz,TE,TE,DAL,2022,15,REG,JAX,0,0,0,0,0,0,0,0,2,4,15,0,32,0.133333333333333,0.123552123552124,0,0,0,0,0,0,0,3.5
00-0034386,Ju.Watson,Justin Watson,WR,WR,KC,2022,15,REG,HOU,0,0,0,0,0,0,0,0,0,2,0,0,65,0.0487804878048781,0.286343612334802,0,0,0,0,0,0,0,0
00-0034407,R.McCloud,Ray-Ray McCloud,WR,WR,SF,2022,15,REG,SEA,0,0,0,0,0,0,0,0,1,3,16,0,4,0.115384615384615,0.0263157894736842,0,0,0,0,0,0,0,2.6
00-0034411,R.Gage,Russell Gage,WR,WR,TB,2022,15,REG,CIN,0,0,0,0,0,0,0,0,8,12,59,2,70,0.285714285714286,0.222929936305732,0,0,0,0,0,0,0,25.9
00-0034414,B.Scott,Boston Scott,RB,RB,PHI,2022,15,REG,CHI,0,0,0,0,0,0,0,0,0,0,0,0,0,0,0,0,0,0,0,0,0,0,0
00-0034418,C.Wilson,Cedrick Wilson,WR,WR,MIA,2022,15,REG,BUF,0,0,0,0,0,0,0,0,1,2,21,0,30,0.0666666666666667,0.120967741935484,0,0,0,0,0,0,0,3.1
00-0034419,B.Berrios,Braxton Berrios,WR,WR,NYJ,2022,15,REG,DET,0,0,0,0,0,0,0,0,1,6,14,0,101,0.176470588235294,0.205702647657841,0,0,0,0,0,0,0,2.4
00-0034440,J.Jackson,Justin Jackson,RB,RB,DET,2022,15,REG,NYJ,0,0,0,0,0,6,16,0,1,2,15,0,-8,0.0555555555555556,-0.04,0,0,0,0,0,0,0,4.1
00-0034487,T.Sherfield,Trent Sherfield,WR,WR,MIA,2022,15,REG,BUF,0,0,0,0,0,0,0,0,0,1,0,0,3,0.0333333333333333,0.0120967741935484,0,0,0,0,0,0,0,0
00-0034521,A.Lazard,Allen Lazard,WR,WR,GB,2022,15,REG,LA,0,0,0,0,0,0,0,0,1,2,7,0,37,0.0714285714285714,0.256944444444444,0,0,0,0,0,0,0,1.7
00-0034614,G.Igwebuike,Godwin Igwebuike,RB,RB,SEA,2022,15,REG,SF,0,0,0,0,0,0,0,0,0,0,0,0,0,0,0,0,0,0,0,0,0,0,0
00-0034646,B.Powell,Brandon Powell,WR,WR,LA,2022,15,REG,GB,0,0,0,0,0,1,3,0,1,2,4,0,-9,0.1,-0.0927835051546392,0,0,0,0,0,0,0,1.7
00-0034753,M.Andrews,Mark Andrews,TE,TE,BAL,2022,15,REG,CLE,0,0,0,0,0,0,0,0,3,7,31,0,59,0.25,0.283653846153846,0,0,0,0,0,0,0,6.1
00-0034764,M.Gallup,Michael Gallup,WR,WR,DAL,2022,15,REG,JAX,0,0,0,0,0,0,0,0,1,2,2,0,8,0.0666666666666667,0.0308880308880309,0,0,0,0,0,0,0,1.2
00-0034775,C.Kirk,Christian Kirk,WR,WR,JAX,2022,15,REG,DAL,0,0,0,0,0,0,0,0,6,10,92,0,135,0.24390243902439,0.363881401617251,0,0,0,0,0,0,0,15.2
00-0034777,D.Chark,D.J. Chark,WR,WR,DET,2022,15,REG,NYJ,0,0,0,0,0,0,0,0,1,2,18,0,23,0.0555555555555556,0.115,0,0,0,0,0,0,0,2.8
00-0034791,N.Chubb,Nick Chubb,RB,RB,CLE,2022,15,REG,BAL,0,0,0,0,0,21,99,0,0,2,0,0,6,0.0769230769230769,0.0465116279069768,0,0,0,0,0,0,0,9.9
00-0034798,D.Smythe,Durham Smythe,TE,TE,MIA,2022,15,REG,BUF,0,0,0,0,0,0,0,0,1,1,-2,0,-2,0.0333333333333333,-0.00806451612903226,0,0,0,0,0,0,0,0.8
00-0034816,R.Jones,Ronald Jones,RB,RB,KC,2022,15,REG,HOU,0,0,0,0,0,1,6,0,0,0,0,0,0,0,0,0,0,0,0,0,0,0,0.6
00-0034827,D.Moore,D.J. Moore,WR,WR,CAR,2022,15,REG,PIT,0,0,0,0,0,0,0,0,5,6,73,1,111,0.315789473684211,0.509174311926605,0,0,0,0,0,0,0,18.3
00-0034829,M.Gesicki,Mike Gesicki,TE,TE,MIA,2022,15,REG,BUF,0,0,0,0,0,0,0,0,1,1,5,0,3,0.0333333333333333,0.0120967741935484,0,0,0,0,0,0,0,1.5
00-0034838,R.Freeman,Royce Freeman,RB,RB,HOU,2022,15,REG,KC,0,0,0,0,0,11,51,0,1,1,5,0,-2,0.037037037037037,-0.0078125,0,0,0,0,0,0,0,6.6
00-0034844,S.Barkley,Saquon Barkley,RB,RB,NYG,2022,15,REG,WAS,0,0,0,0,0,18,87,1,5,8,33,0,-1,0.266666666666667,-0.00819672131147541,0,0,0,0,0,0,0,23
00-0034854,K.Hodge,KhaDarel Hodge,WR,WR,ATL,2022,15,REG,NO,0,0,0,0,0,0,0,0,0,0,0,0,0,0,0,0,0,0,0,0,0,0,0
00-0034855,B.Mayfield,Baker Mayfield,QB,QB,LA,2022,15,REG,GB,12,21,111,1,1,1,1,0,0,0,0,0,0,0,0,0,0,0,0,0,0,0,6.54
00-0034857,J.Allen,Josh Allen,QB,QB,BUF,2022,15,REG,MIA,25,40,304,4,0,10,77,0,0,0,0,0,0,0,0,1,0,0,0,1,0,0,35.86
00-0034860,D.Pettis,Dante Pettis,WR,WR,CHI,2022,15,REG,PHI,0,0,0,0,0,0,0,0,1,4,13,0,11,0.19047619047619,0.0670731707317073,0,0,0,0,0,0,0,2.3
00-0034869,S.Darnold,Sam Darnold,QB,QB,CAR,2022,15,REG,PIT,14,23,225,1,0,2,2,0,0,0,0,0,0,0,0,0,0,0,0,0,0,0,13.2
00-0034928,S.Sims,Steven Sims,WR,WR,PIT,2022,15,REG,CAR,0,0,0,0,0,2,19,0,1,2,10,0,17,0.0952380952380952,0.11038961038961,0,0,0,0,0,0,0,3.9
00-0034955,B.Rypien,Brett Rypien,QB,QB,DEN,2022,15,REG,ARI,21,26,197,1,1,2,-2,0,0,0,0,0,0,0,0,1,0,0,0,0,0,0,7.68
00-0034960,J.Meyers,Jakobi Meyers,WR,WR,NE,2022,15,REG,LV,0,0,0,0,0,0,-20,0,2,6,47,0,109,0.2,0.370748299319728,0,0,0,0,0,1,0,6.7
00-0034972,A.Mattison,Alexander Mattison,RB,RB,MIN,2022,15,REG,IND,0,0,0,0,0,2,1,0,0,0,0,0,0,0,0,0,0,0,0,0,0,0,0.1
00-0034975,J.Hill,Justice Hill,RB,RB,BAL,2022,15,REG,CLE,0,0,0,0,0,1,3,0,1,1,15,0,-2,0.0357142857142857,-0.00961538461538462,0,0,0,0,0,0,0,2.8
00-0034981,F.Moreau,Foster Moreau,TE,TE,LV,2022,15,REG,NE,0,0,0,0,0,0,0,0,2,2,20,0,12,0.0625,0.0248447204968944,0,0,0,0,0,0,0,4
00-0034983,H.Renfrow,Hunter Renfrow,WR,WR,LV,2022,15,REG,NE,0,0,0,0,0,0,0,0,1,3,14,0,52,0.09375,0.107660455486542,0,0,0,0,0,0,0,2.4
00-0035021,A.Dulin,Ashton Dulin,WR,WR,IND,2022,15,REG,MIN,0,0,0,0,0,1,5,0,2,2,25,0,21,0.0645161290322581,0.0823529411764706,0,0,0,0,0,0,0,5
00-0035022,P.Hart,Penny Hart,WR,WR,SEA,2022,15,REG,SF,0,0,0,0,0,0,0,0,1,1,3,0,3,0.024390243902439,0.0178571428571429,0,0,0,0,0,0,0,1.3
00-0035146,T.McSorley,Trace McSorley,QB,QB,ARI,2022,15,REG,DEN,7,15,95,0,2,1,8,0,0,0,0,0,0,0,0,0,0,0,0,0,0,0,0.6
00-0035184,D.Ozigbo,Devine Ozigbo,RB,RB,DEN,2022,15,REG,ARI,0,0,0,0,0,2,2,0,0,0,0,0,0,0,0,0,0,0,0,0,0,0,0.2
00-0035208,O.Zaccheaus,Olamide Zaccheaus,WR,WR,ATL,2022,15,REG,NO,0,0,0,0,0,0,0,0,0,3,0,0,65,0.115384615384615,0.274261603375527,0,0,0,0,0,0,0,0
00-0035216,D.Johnson,Diontae Johnson,WR,WR,PIT,2022,15,REG,CAR,0,0,0,0,0,1,2,0,10,10,98,0,69,0.476190476190476,0.448051948051948,0,0,0,0,0,0,0,20
00-0035222,Z.Gentry,Zach Gentry,TE,TE,PIT,2022,15,REG,CAR,0,0,0,0,0,0,0,0,1,1,4,0,-2,0.0476190476190476,-0.012987012987013,0,0,0,0,0,0,0,1.4
00-0035229,T.Hockenson,T.J. Hockenson,TE,TE,MIN,2022,15,REG,IND,0,0,0,0,0,0,0,0,3,9,33,0,110,0.166666666666667,0.247747747747748,0,0,0,0,0,1,0,8.3
00-0035243,M.Sanders,Miles Sanders,RB,RB,PHI,2022,15,REG,CHI,0,0,0,0,0,11,42,0,1,1,-13,0,-7,0.027027027027027,-0.0150214592274678,0,0,1,0,0,0,0,1.9
00-0035249,J.Oliver,Josh Oliver,TE,TE,BAL,2022,15,REG,CLE,0,0,0,0,0,0,0,0,2,2,13,0,2,0.0714285714285714,0.00961538461538462,0,0,0,0,0,0,0,3.3
00-0035250,D.Singletary,Devin Singletary,RB,RB,BUF,2022,15,REG,MIA,0,0,0,0,0,13,42,0,3,4,28,0,-5,0.105263157894737,-0.0116822429906542,0,0,0,0,0,0,0,10
00-0035261,T.Pollard,Tony Pollard,RB,RB,DAL,2022,15,REG,JAX,0,0,0,0,0,19,75,0,4,5,31,0,26,0.166666666666667,0.1003861003861,0,0,0,0,0,0,0,14.6
00-0035291,T.Williams,Trayveon Williams,RB,RB,CIN,2022,15,REG,TB,0,0,0,0,0,0,0,0,0,0,0,0,0,0,0,0,0,0,0,0,0,0,0
00-0035329,D.Parham,Donald Parham,TE,TE,LAC,2022,15,REG,TEN,0,0,0,0,0,0,0,0,3,3,35,0,17,0.0789473684210526,0.0521472392638037,0,0,0,0,0,0,0,6.5
00-0035341,T.Irwin,Trenton Irwin,WR,WR,CIN,2022,15,REG,TB,0,0,0,0,0,0,0,0,1,2,5,0,0,0.0526315789473684,0,0,0,0,0,0,0,0,1.5
00-0035356,T.Jackson,Tyree Jackson,TE,TE,PHI,2022,15,REG,CHI,0,0,0,0,0,0,0,0,0,0,0,0,0,0,0,0,0,0,0,0,0,0,0
00-0035399,S.Morgan,Stanley Morgan,WR,WR,CIN,2022,15,REG,TB,0,0,0,0,0,0,0,0,0,0,0,0,0,0,0,0,0,0,0,0,0,0,0
00-0035500,G.Dortch,Greg Dortch,WR,WR,ARI,2022,15,REG,DEN,0,0,0,0,0,0,0,0,0,0,0,0,0,0,0,0,0,0,0,0,0,0,0
00-0035510,J.Smith,Jeff Smith,WR,WR,NYJ,2022,15,REG,DET,0,0,0,0,0,0,0,0,4,5,77,0,84,0.147058823529412,0.171079429735234,0,0,0,0,0,0,0,11.7
00-0035535,D.Slayton,Darius Slayton,WR,WR,NYG,2022,15,REG,WAS,0,0,0,0,0,0,0,0,5,7,23,0,31,0.233333333333333,0.254098360655738,0,0,0,0,0,0,0,7.3
00-0035547,J.Fortson,Joseph Fortson,TE,TE,KC,2022,15,REG,HOU,0,0,0,0,0,0,0,0,0,1,0,0,4,0.024390243902439,0.0176211453744493,0,0,0,0,0,0,0,0
00-0035572,P.Hesse,Parker Hesse,TE,TE,ATL,2022,15,REG,NO,0,0,0,0,0,0,0,0,0,0,0,0,0,0,0,0,0,0,0,0,0,0,0
00-0035594,T.Homer,Travis Homer,RB,RB,SEA,2022,15,REG,SF,0,0,0,0,0,1,5,0,4,4,25,0,5,0.0975609756097561,0.0297619047619048,0,0,1,0,0,0,0,5
00-0035621,N.Webster,Nsimba Webster,WR,WR,CHI,2022,15,REG,PHI,0,0,0,0,0,0,0,0,2,3,14,0,22,0.142857142857143,0.134146341463415,0,0,0,0,0,0,0,3.4
00-0035628,D.Johnson,D'Ernest Johnson,RB,RB,CLE,2022,15,REG,BAL,0,0,0,0,0,0,0,0,0,0,0,0,0,0,0,0,0,0,0,0,0,0,0
00-0035639,P.Campbell,Parris Campbell,WR,WR,IND,2022,15,REG,MIN,0,0,0,0,0,0,0,0,2,3,13,0,10,0.0967741935483871,0.0392156862745098,0,0,0,0,0,0,0,3.3
00-0035640,D.Metcalf,DK Metcalf,WR,WR,SEA,2022,15,REG,SF,0,0,0,0,0,0,0,0,7,9,55,0,51,0.219512195121951,0.303571428571429,0,0,0,0,0,0,0,12.5
00-0035644,N.Fant,Noah Fant,TE,TE,SEA,2022,15,REG,SF,0,0,0,0,0,0,0,0,5,6,32,1,24,0.146341463414634,0.142857142857143,0,0,0,0,0,0,0,14.2
00-0035645,G.Olszewski,Gunner Olszewski,WR,WR,PIT,2022,15,REG,CAR,0,0,0,0,0,0,0,0,1,1,3,0,3,0.0476190476190476,0.0194805194805195,0,0,0,0,0,0,0,1.3
00-0035659,T.McLaurin,Terry McLaurin,WR,WR,WAS,2022,15,REG,NYG,0,0,0,0,0,0,0,0,6,6,70,0,38,0.222222222222222,0.116207951070336,0,0,0,0,0,0,0,13
00-0035662,M.Brown,Marquise Brown,WR,WR,ARI,2022,15,REG,DEN,0,0,0,0,0,0,0,0,4,8,19,0,62,0.228571428571429,0.26271186440678,0,0,0,0,0,0,0,5.9
00-0035676,A.Brown,A.J. Brown,WR,WR,PHI,2022,15,REG,CHI,0,0,0,0,0,0,0,0,9,16,181,0,252,0.432432432432432,0.540772532188841,0,0,0,0,0,0,0,27.1
00-0035685,D.Montgomery,David Montgomery,RB,RB,CHI,2022,15,REG,PHI,0,0,0,0,0,12,53,1,3,3,38,1,8,0.142857142857143,0.0487804878048781,0,0,0,0,0,0,0,24.1
00-0035689,D.Knox,Dawson Knox,TE,TE,BUF,2022,15,REG,MIA,0,0,0,0,0,0,0,0,6,8,98,1,86,0.210526315789474,0.200934579439252,0,0,0,0,0,0,0,21.8
00-0035700,J.Jacobs,Josh Jacobs,RB,RB,LV,2022,15,REG,NE,0,0,0,0,0,22,93,0,2,3,17,0,10,0.09375,0.020703933747412,0,0,0,0,0,0,0,13
00-0035703,M.Boykin,Miles Boykin,WR,WR,PIT,2022,15,REG,CAR,0,0,0,0,0,0,0,0,1,1,0,0,0,0.0476190476190476,0,0,0,0,0,0,0,0,1
00-0035710,D.Jones,Daniel Jones,QB,QB,NYG,2022,15,REG,WAS,21,32,160,0,0,10,35,0,0,0,0,0,0,0,0,0,0,0,0,0,0,0,9.9
00-0035771,M.Wilcox,Mitchell Wilcox,TE,TE,CIN,2022,15,REG,TB,0,0,0,0,0,0,0,0,3,3,34,1,17,0.0789473684210526,0.0813397129186603,0,0,0,0,0,0,0,12.4
00-0035806,J.Hasty,Jamycal Hasty,RB,RB,JAX,2022,15,REG,DAL,0,0,0,0,0,1,13,0,1,1,2,0,-2,0.024390243902439,-0.00539083557951483,0,0,0,0,0,0,0,2.5
00-0035973,P.Taylor,Patrick Taylor,RB,RB,GB,2022,15,REG,LA,0,0,0,0,0,4,15,0,0,0,0,0,0,0,0,0,0,0,0,0,0,0,1.5
00-0035993,T.Huntley,Tyler Huntley,QB,QB,BAL,2022,15,REG,CLE,17,30,138,0,1,6,15,0,0,0,0,0,0,0,0,0,0,0,0,0,0,0,5.02
00-0036020,S.Ahmed,Salvon Ahmed,RB,RB,MIA,2022,15,REG,BUF,0,0,0,0,0,6,43,1,0,0,0,0,0,0,0,0,0,0,0,0,0,0,10.3
00-0036040,J.Johnson,Juwan Johnson,TE,TE,NO,2022,15,REG,ATL,0,0,0,0,0,0,0,0,4,6,67,2,70,0.315789473684211,0.346534653465347,0,0,0,0,0,0,0,22.7
00-0036133,J.Proche,James Proche,WR,WR,BAL,2022,15,REG,CLE,0,0,0,0,0,0,0,0,0,2,0,0,28,0.0714285714285714,0.134615384615385,0,0,0,0,0,0,0,0
00-0036158,J.Dobbins,J.K. Dobbins,RB,RB,BAL,2022,15,REG,CLE,0,0,0,0,0,13,125,0,1,1,3,0,0,0.0357142857142857,0,0,0,0,0,0,0,0,13.8
00-0036165,I.Hodgins,Isaiah Hodgins,WR,WR,NYG,2022,15,REG,WAS,0,0,0,0,0,0,0,0,4,4,37,0,30,0.133333333333333,0.245901639344262,0,0,0,0,0,0,0,7.7
00-0036176,M.Kinsey,Mason Kinsey,WR,WR,TEN,2022,15,REG,LAC,0,0,0,0,0,0,0,0,0,0,0,0,0,0,0,0,0,0,0,0,0,0,0
00-0036182,N.Westbrook-Ikhine,Nick Westbrook-Ikhine,WR,WR,TEN,2022,15,REG,LAC,0,0,0,0,0,0,0,0,0,2,0,0,21,0.0769230769230769,0.130434782608696,0,0,0,0,0,0,0,0
00-0036196,G.Davis,Gabe Davis,WR,WR,BUF,2022,15,REG,MIA,0,0,0,0,0,0,0,0,4,6,56,0,87,0.157894736842105,0.203271028037383,0,0,0,0,0,0,0,9.6
00-0036212,T.Tagovailoa,Tua Tagovailoa,QB,QB,MIA,2022,15,REG,BUF,17,30,234,2,0,1,7,0,0,0,0,0,0,0,0,0,0,0,0,0,0,0,18.06
00-0036223,J.Taylor,Jonathan Taylor,RB,RB,IND,2022,15,REG,MIN,0,0,0,0,0,0,0,0,1,1,13,0,-6,0.032258064516129,-0.0235294117647059,0,0,0,0,0,0,0,2.3
00-0036232,H.Bryant,Harrison Bryant,TE,TE,CLE,2022,15,REG,BAL,0,0,0,0,0,0,0,0,2,2,7,0,6,0.0769230769230769,0.0465116279069768,0,0,0,0,0,0,0,2.7
00-0036233,D.Peoples-Jones,Donovan Peoples-Jones,WR,WR,CLE,2022,15,REG,BAL,0,0,0,0,0,0,0,0,4,4,31,1,19,0.153846153846154,0.147286821705426,0,0,0,0,0,0,0,13.1
00-0036244,C.Parkinson,Colby Parkinson,TE,TE,SEA,2022,15,REG,SF,0,0,0,0,0,0,0,0,0,1,0,0,19,0.024390243902439,0.113095238095238,0,0,0,0,0,0,0,0
00-0036247,F.Swain,Freddie Swain,WR,WR,DEN,2022,15,REG,ARI,0,0,0,0,0,0,0,0,1,1,9,0,-3,0.0384615384615385,-0.0258620689655172,0,0,0,0,0,0,0,1.9
00-0036250,T.Davis,Tyler Davis,TE,TE,GB,2022,15,REG,LA,0,0,0,0,0,0,0,0,0,0,0,0,0,0,0,0,0,0,0,0,0,0,0
00-0036251,Z.Moss,Zack Moss,RB,RB,IND,2022,15,REG,MIN,0,0,0,0,0,24,81,0,0,1,0,0,1,0.032258064516129,0.00392156862745098,0,0,0,0,0,0,0,8.1
00-0036252,M.Pittman,Michael Pittman,WR,WR,IND,2022,15,REG,MIN,0,0,0,0,0,2,30,0,10,14,60,0,100,0.451612903225806,0.392156862745098,0,0,0,0,0,0,0,19
00-0036255,D.Mims,Denzel Mims,WR,WR,NYJ,2022,15,REG,DET,0,0,0,0,0,0,0,0,1,2,13,0,16,0.0588235294117647,0.0325865580448065,0,0,0,0,0,0,0,2.3
00-0036259,J.Jennings,Jauan Jennings,WR,WR,SF,2022,15,REG,SEA,0,0,0,0,0,0,0,0,3,5,31,0,35,0.192307692307692,0.230263157894737,0,0,0,0,0,0,0,6.1
00-0036261,B.Aiyuk,Brandon Aiyuk,WR,WR,SF,2022,15,REG,SEA,0,0,0,0,0,0,0,0,2,4,19,0,39,0.153846153846154,0.256578947368421,0,0,0,0,0,0,0,3.9
00-0036265,A.Dillon,A.J. Dillon,RB,RB,GB,2022,15,REG,LA,0,0,0,0,0,11,36,2,3,3,35,0,0,0.107142857142857,0,0,0,0,0,0,0,0,22.1
00-0036268,L.Shenault,Laviska Shenault Jr.,WR,WR,CAR,2022,15,REG,PIT,0,0,0,0,0,0,0,0,0,1,0,0,23,0.0526315789473684,0.105504587155963,0,0,0,0,0,0,0,0
00-0036271,Q.Watkins,Quez Watkins,WR,WR,PHI,2022,15,REG,CHI,0,0,0,0,0,2,4,0,4,6,6,0,47,0.162162162162162,0.100858369098712,0,0,0,0,0,0,0,5
00-0036275,D.Swift,D'Andre Swift,RB,RB,DET,2022,15,REG,NYJ,0,0,0,0,0,8,52,0,5,9,23,0,-1,0.25,-0.005,0,0,0,0,0,0,0,12.5
00-0036290,C.Kmet,Cole Kmet,TE,TE,CHI,2022,15,REG,PHI,0,0,0,0,0,0,0,0,4,5,25,0,18,0.238095238095238,0.109756097560976,0,0,0,0,0,0,0,6.5
00-0036297,D.Evans,Darrynton Evans,RB,RB,CHI,2022,15,REG,PHI,0,0,0,0,0,2,9,0,0,0,0,0,0,0,0,0,0,0,0,0,0,0,0.9
00-0036322,J.Jefferson,Justin Jefferson,WR,WR,MIN,2022,15,REG,IND,0,0,0,0,0,0,0,0,12,16,123,1,99,0.296296296296296,0.222972972972973,0,0,0,0,0,0,0,30.3
00-0036328,A.Gibson,Antonio Gibson,RB,RB,WAS,2022,15,REG,NYG,0,0,0,0,0,5,21,0,2,4,6,0,3,0.148148148148148,0.0091743119266055,0,0,0,0,0,0,0,4.7
00-0036331,D.Duvernay,Devin Duvernay,WR,WR,BAL,2022,15,REG,CLE,0,0,0,0,0,0,0,0,2,3,29,0,11,0.107142857142857,0.0528846153846154,0,0,0,0,0,0,0,4.9
00-0036345,K.Osborn,K.J. Osborn,WR,WR,MIN,2022,15,REG,IND,0,0,0,0,0,0,0,0,10,16,157,1,123,0.296296296296296,0.277027027027027,0,0,0,0,0,0,0,31.7
00-0036355,J.Herbert,Justin Herbert,QB,QB,LAC,2022,15,REG,TEN,28,42,313,0,2,1,2,0,0,0,0,0,0,0,0,0,0,0,0,0,0,0,8.72
00-0036358,C.Lamb,CeeDee Lamb,WR,WR,DAL,2022,15,REG,JAX,0,0,0,0,0,1,1,0,7,7,126,0,76,0.233333333333333,0.293436293436293,0,0,0,0,0,0,0,19.7
00-0036370,J.Kelley,Joshua Kelley,RB,RB,LAC,2022,15,REG,TEN,0,0,0,0,0,10,24,1,1,2,7,0,13,0.0526315789473684,0.0398773006134969,0,0,0,0,0,0,0,10.1
00-0036387,J.Reagor,Jalen Reagor,WR,WR,MIN,2022,15,REG,IND,0,0,0,0,0,1,-5,0,0,2,0,0,44,0.037037037037037,0.0990990990990991,0,0,0,0,0,0,0,-0.5
00-0036389,J.Hurts,Jalen Hurts,QB,QB,PHI,2022,15,REG,CHI,22,37,315,0,2,17,61,3,0,0,0,0,0,0,0,0,0,0,0,1,0,0,34.7
00-0036407,J.Jeudy,Jerry Jeudy,WR,WR,DEN,2022,15,REG,ARI,0,0,0,0,0,0,0,0,7,8,76,0,30,0.307692307692308,0.258620689655172,0,0,0,0,0,0,0,14.6
00-0036410,T.Higgins,Tee Higgins,WR,WR,CIN,2022,15,REG,TB,0,0,0,0,0,0,0,0,5,8,33,1,62,0.210526315789474,0.296650717703349,0,0,0,0,0,1,0,16.3
00-0036414,C.Akers,Cam Akers,RB,RB,LA,2022,15,REG,GB,0,0,0,0,0,12,65,0,3,3,35,0,-4,0.15,-0.0412371134020619,0,0,0,0,0,0,0,13
00-0036415,V.Jefferson,Van Jefferson,WR,WR,LA,2022,15,REG,GB,0,0,0,0,0,0,0,0,2,2,32,0,32,0.1,0.329896907216495,0,0,0,0,0,0,0,5.2
00-0036422,A.Trautman,Adam Trautman,TE,TE,NO,2022,15,REG,ATL,0,0,0,0,0,0,0,0,0,1,0,0,8,0.0526315789473684,0.0396039603960396,0,0,0,0,0,0,0,0
00-0036438,S.Sullivan,Stephen Sullivan,TE,TE,CAR,2022,15,REG,PIT,0,0,0,0,0,0,0,0,0,0,0,0,0,0,0,0,0,0,0,0,0,0,0
00-0036442,J.Burrow,Joe Burrow,QB,QB,CIN,2022,15,REG,TB,27,39,200,4,1,3,8,0,0,0,0,0,0,0,0,0,0,0,1,0,0,0,24.8
00-0036450,K.Vaughn,Ke'Shawn Vaughn,RB,RB,TB,2022,15,REG,CIN,0,0,0,0,0,0,0,0,0,0,0,0,0,0,0,0,0,0,0,0,0,0,0
00-0036493,D.Jackson,Deon Jackson,RB,RB,IND,2022,15,REG,MIN,0,0,0,0,0,13,55,0,1,1,1,1,-1,0.032258064516129,-0.00392156862745098,0,1,0,0,0,0,0,10.6
00-0036534,S.Zylstra,Shane Zylstra,TE,TE,DET,2022,15,REG,NYJ,0,0,0,0,0,0,0,0,1,1,4,0,4,0.0277777777777778,0.02,0,0,0,0,0,0,0,1.4
00-0036555,C.Hubbard,Chuba Hubbard,RB,RB,CAR,2022,15,REG,PIT,0,0,0,0,0,4,10,0,3,3,57,0,1,0.157894736842105,0.00458715596330275,0,0,0,0,0,0,0,9.7
00-0036556,B.Jordan,Brevin Jordan,TE,TE,HOU,2022,15,REG,KC,0,0,0,0,0,0,0,0,1,1,9,0,9,0.037037037037037,0.03515625,0,0,0,0,0,0,0,1.9
00-0036569,G.Brightwell,Gary Brightwell,RB,RB,NYG,2022,15,REG,WAS,0,0,0,0,0,0,0,0,0,0,0,0,0,0,0,0,0,0,0,0,0,0,0
00-0036572,S.Smith,Shi Smith,WR,WR,CAR,2022,15,REG,PIT,0,0,0,0,0,0,0,0,1,3,24,0,23,0.157894736842105,0.105504587155963,0,0,0,0,0,0,0,3.4
00-0036590,Q.Morris,Quintin Morris,TE,TE,BUF,2022,15,REG,MIA,0,0,0,0,0,0,0,0,1,1,14,1,14,0.0263157894736842,0.0327102803738318,0,0,0,0,0,0,0,8.4
00-0036613,J.Waddle,Jaylen Waddle,WR,WR,MIA,2022,15,REG,BUF,0,0,0,0,0,0,0,0,3,7,114,1,114,0.233333333333333,0.459677419354839,0,0,0,0,0,0,0,20.4
00-0036626,D.Brown,Dyami Brown,WR,WR,WAS,2022,15,REG,NYG,0,0,0,0,0,1,15,0,0,2,0,0,94,0.0740740740740741,0.287461773700306,0,0,0,0,0,0,0,1.5
00-0036637,N.Gray,Noah Gray,TE,TE,KC,2022,15,REG,HOU,0,0,0,0,0,0,0,0,3,3,31,0,2,0.0731707317073171,0.00881057268722467,0,0,0,0,0,0,0,6.1
00-0036652,R.McMath,Racey McMath,WR,WR,TEN,2022,15,REG,LAC,0,0,0,0,0,0,0,0,1,2,1,0,33,0.0769230769230769,0.204968944099379,0,0,0,0,0,0,0,1.1
00-0036654,D.Felton,Demetric Felton,RB,RB,CLE,2022,15,REG,BAL,0,0,0,0,0,0,0,0,1,1,5,0,0,0.0384615384615385,0,0,0,0,0,0,0,0,1.5
00-0036671,D.Milne,Dax Milne,WR,WR,WAS,2022,15,REG,NYG,0,0,0,0,0,0,0,0,0,0,0,0,0,0,0,0,0,0,0,0,0,0,0
00-0036741,J.Stoll,Jack Stoll,TE,TE,PHI,2022,15,REG,CHI,0,0,0,0,0,0,0,0,1,1,6,0,5,0.027027027027027,0.0107296137339056,0,0,0,0,0,0,0,1.6
00-0036754,B.Wright,Brock Wright,TE,TE,DET,2022,15,REG,NYJ,0,0,0,0,0,0,0,0,1,2,51,1,16,0.0555555555555556,0.08,0,0,0,0,0,0,0,12.1
00-0036825,F.Franks,Feleipe Franks,TE,TE,ATL,2022,15,REG,NO,0,0,0,0,0,1,0,0,0,0,0,0,0,0,0,0,0,0,0,0,0,0,0
00-0036829,C.Huntley,Caleb Huntley,RB,RB,ATL,2022,15,REG,NO,0,0,0,0,0,1,2,0,0,0,0,0,0,0,0,0,0,0,0,0,0,0,0.2
00-0036842,K.Nwangwu,Kene Nwangwu,RB,RB,MIN,2022,15,REG,IND,0,0,0,0,0,0,0,0,0,0,0,0,0,0,0,0,0,0,0,0,0,0,0
00-0036849,T.Atwell,Tutu Atwell,WR,WR,LA,2022,15,REG,GB,0,0,0,0,0,1,-4,0,1,4,10,0,39,0.2,0.402061855670103,0,0,0,0,0,0,0,1.6
00-0036857,C.Evans,Chris Evans,RB,RB,CIN,2022,15,REG,TB,0,0,0,0,0,0,0,0,0,0,0,0,0,0,0,0,0,0,0,0,0,0,0
00-0036862,B.Skowronek,Ben Skowronek,WR,WR,LA,2022,15,REG,GB,0,0,0,0,0,0,0,0,1,3,3,0,24,0.15,0.247422680412371,0,0,0,0,0,0,0,1.3
00-0036875,R.Stevenson,Rhamondre Stevenson,RB,RB,NE,2022,15,REG,LV,0,0,0,0,0,19,172,1,2,3,-4,0,-8,0.1,-0.0272108843537415,0,0,0,0,0,0,0,24.8
00-0036876,K.Granson,Kylen Granson,TE,TE,IND,2022,15,REG,MIN,0,0,0,0,0,0,0,0,2,2,34,0,32,0.0645161290322581,0.125490196078431,0,0,0,0,0,0,0,5.4
00-0036893,N.Harris,Najee Harris,RB,RB,PIT,2022,15,REG,CAR,0,0,0,0,0,24,86,1,0,0,0,0,0,0,0,0,0,0,0,0,0,0,14.6
00-0036898,D.Mills,Davis Mills,QB,QB,HOU,2022,15,REG,KC,12,24,121,2,0,5,21,1,0,0,0,0,0,0,0,0,1,0,0,0,0,0,18.94
00-0036900,J.Chase,Ja'Marr Chase,WR,WR,CIN,2022,15,REG,TB,0,0,0,0,0,0,0,0,7,13,60,1,113,0.342105263157895,0.54066985645933,0,0,0,0,0,0,0,19
00-0036912,D.Smith,DeVonta Smith,WR,WR,PHI,2022,15,REG,CHI,0,0,0,0,0,0,0,0,5,8,126,0,134,0.216216216216216,0.28755364806867,0,0,0,0,0,0,0,17.6
00-0036913,K.Toney,Kadarius Toney,WR,WR,KC,2022,15,REG,HOU,0,0,0,0,0,0,0,0,1,1,5,0,-4,0.024390243902439,-0.0176211453744493,0,0,0,0,0,0,0,1.5
00-0036919,K.Gainwell,Kenneth Gainwell,RB,RB,PHI,2022,15,REG,CHI,0,0,0,0,0,3,5,0,2,2,9,0,1,0.0540540540540541,0.00214592274678112,0,0,0,0,0,0,0,3.4
00-0036924,Mi.Carter,Michael Carter,RB,RB,NYJ,2022,15,REG,DET,0,0,0,0,0,4,15,0,1,1,16,0,13,0.0294117647058824,0.0264765784114053,0,0,0,0,0,0,0,4.1
00-0036945,J.Fields,Justin Fields,QB,QB,CHI,2022,15,REG,PHI,14,21,152,2,0,15,95,0,0,0,0,0,0,0,0,0,0,0,0,0,0,0,23.58
00-0036950,A.Williams,Avery Williams,RB,RB,ATL,2022,15,REG,NO,0,0,0,0,0,0,0,0,2,2,10,0,1,0.0769230769230769,0.00421940928270042,0,0,0,0,0,0,0,3
00-0036955,T.Marshall,Terrace Marshall,WR,WR,CAR,2022,15,REG,PIT,0,0,0,0,0,0,0,0,3,3,51,0,38,0.157894736842105,0.174311926605505,0,0,0,0,0,0,0,8.1
00-0036963,A.St. Brown,Amon-Ra St. Brown,WR,WR,DET,2022,15,REG,NYJ,0,0,0,0,0,1,6,0,7,10,76,0,64,0.277777777777778,0.32,0,0,0,0,0,0,0,15.2
00-0036971,T.Lawrence,Trevor Lawrence,QB,QB,JAX,2022,15,REG,DAL,27,42,318,4,1,3,21,0,0,0,0,0,0,0,0,0,1,0,0,0,0,0,26.82
00-0036972,M.Jones,Mac Jones,QB,QB,NE,2022,15,REG,LV,13,31,112,0,0,4,10,0,0,0,0,0,0,0,0,0,0,0,1,0,0,0,7.48
00-0036973,T.Etienne,Travis Etienne,RB,RB,JAX,2022,15,REG,DAL,0,0,0,0,0,19,103,0,2,3,24,0,-8,0.0731707317073171,-0.0215633423180593,0,1,0,0,0,0,0,12.7
00-0036980,E.Moore,Elijah Moore,WR,WR,NYJ,2022,15,REG,DET,0,0,0,0,0,1,3,0,4,7,51,0,70,0.205882352941176,0.142566191446029,0,0,0,0,0,0,0,9.4
00-0036988,J.Palmer,Josh Palmer,WR,WR,LAC,2022,15,REG,TEN,0,0,0,0,0,0,0,0,5,5,49,0,32,0.131578947368421,0.098159509202454,0,0,0,0,0,0,0,9.9
00-0036991,A.Rodgers,Amari Rodgers,WR,WR,HOU,2022,15,REG,KC,0,0,0,0,0,0,0,0,2,4,26,0,46,0.148148148148148,0.1796875,0,0,0,0,0,0,0,4.6
00-0037005,T.Tremble,Tommy Tremble,TE,TE,CAR,2022,15,REG,PIT,0,0,0,0,0,0,0,0,2,3,20,0,18,0.157894736842105,0.0825688073394496,0,0,0,0,0,0,0,4
00-0037013,Z.Wilson,Zach Wilson,QB,QB,NYJ,2022,15,REG,DET,18,35,317,2,1,3,7,0,0,0,0,0,0,0,0,0,0,0,0,0,0,0,19.38
00-0037086,G.Calcaterra,Grant Calcaterra,TE,TE,PHI,2022,15,REG,CHI,0,0,0,0,0,0,0,0,0,2,0,0,24,0.0540540540540541,0.0515021459227468,0,0,0,0,0,0,0,0
00-0037087,T.Ebner,Trestan Ebner,RB,RB,CHI,2022,15,REG,PHI,0,0,0,0,0,0,0,0,0,1,0,0,-1,0.0476190476190476,-0.00609756097560976,0,0,0,0,0,0,0,0
00-0037132,B.Covey,Britain Covey,WR,WR,PHI,2022,15,REG,CHI,0,0,0,0,0,0,0,0,0,0,0,0,0,0,0,0,0,0,0,0,0,0,0
00-0037157,Z.Knight,Zonovan Knight,RB,RB,NYJ,2022,15,REG,DET,0,0,0,0,0,13,23,0,0,0,0,0,0,0,0,0,0,0,0,0,0,0,2.3
00-0037185,R.Webb,Raleigh Webb,WR,WR,NE,2022,15,REG,LV,0,0,0,0,0,0,0,0,0,0,0,0,0,0,0,0,0,0,0,0,0,0,0
00-0037197,I.Pacheco,Isiah Pacheco,RB,RB,KC,2022,15,REG,HOU,0,0,0,0,0,15,86,0,1,1,11,0,-5,0.024390243902439,-0.0220264317180617,0,1,0,0,0,0,0,8.7
00-0037228,J.Warren,Jaylen Warren,RB,RB,PIT,2022,15,REG,CAR,0,0,0,0,0,11,38,1,1,1,11,0,-5,0.0476190476190476,-0.0324675324675325,0,0,0,0,0,0,0,11.9
00-0037238,D.London,Drake London,WR,WR,ATL,2022,15,REG,NO,0,0,0,0,0,0,0,0,7,11,70,0,96,0.423076923076923,0.405063291139241,0,0,1,0,0,0,0,12
00-0037239,C.Olave,Chris Olave,WR,WR,NO,2022,15,REG,ATL,0,0,0,0,0,0,0,0,3,4,53,0,56,0.210526315789474,0.277227722772277,0,0,0,0,0,0,0,8.3
00-0037240,J.Williams,Jameson Williams,WR,WR,DET,2022,15,REG,NYJ,0,0,0,0,0,0,0,0,0,1,0,0,45,0.0277777777777778,0.225,0,0,0,0,0,0,0,0
00-0037247,G.Pickens,George Pickens,WR,WR,PIT,2022,15,REG,CAR,0,0,0,0,0,0,0,0,2,5,53,0,79,0.238095238095238,0.512987012987013,0,0,0,0,0,0,0,7.3
00-0037248,J.Cook,James Cook,RB,RB,BUF,2022,15,REG,MIA,0,0,0,0,0,5,34,0,2,3,5,1,14,0.0789473684210526,0.0327102803738318,0,0,0,0,0,0,0,11.9
00-0037252,G.Dulcich,Greg Dulcich,TE,TE,DEN,2022,15,REG,ARI,0,0,0,0,0,0,0,0,1,2,11,0,3,0.0769230769230769,0.0258620689655172,0,0,0,0,0,0,0,2.1
00-0037256,R.White,Rachaad White,RB,RB,TB,2022,15,REG,CIN,0,0,0,0,0,11,38,0,1,2,5,0,-1,0.0476190476190476,-0.00318471337579618,0,0,0,0,0,0,0,5.3
00-0037263,T.Allgeier,Tyler Allgeier,RB,RB,ATL,2022,15,REG,NO,0,0,0,0,0,17,139,1,1,1,-3,0,-5,0.0384615384615385,-0.0210970464135021,0,0,0,0,1,0,0,22.6
00-0037265,S.Conner,Snoop Conner,RB,RB,JAX,2022,15,REG,DAL,0,0,0,0,0,1,3,0,0,0,0,0,0,0,0,0,0,0,0,0,0,0,0.3
00-0037267,J.Ford,Jerome Ford,RB,RB,CLE,2022,15,REG,BAL,0,0,0,0,0,0,0,0,0,0,0,0,0,0,0,0,0,0,0,0,0,0,0
00-0037272,M.Washington,Montrell Washington,WR,WR,DEN,2022,15,REG,ARI,0,0,0,0,0,0,0,0,0,0,0,0,0,0,0,0,0,0,0,0,0,0,0
00-0037277,T.Quitoriano,Teagan Quitoriano,TE,TE,HOU,2022,15,REG,KC,0,0,0,0,0,0,0,0,1,2,8,1,12,0.0740740740740741,0.046875,0,0,0,0,0,0,0,7.8
00-0037282,J.Mitchell,James Mitchell,TE,TE,DET,2022,15,REG,NYJ,0,0,0,0,0,0,0,0,2,2,12,0,6,0.0555555555555556,0.03,0,0,0,0,0,0,0,3.2
00-0037286,K.Harris,Kevin Harris,RB,RB,NE,2022,15,REG,LV,0,0,0,0,0,5,19,0,0,0,0,0,0,0,0,0,0,0,0,0,0,0,1.9
00-0037291,J.Nailor,Jalen Nailor,WR,WR,MIN,2022,15,REG,IND,0,0,0,0,0,0,0,0,0,1,0,0,8,0.0185185185185185,0.018018018018018,0,0,0,0,0,0,0,0
00-0037299,K.Ingram,Keaontay Ingram,RB,RB,ARI,2022,15,REG,DEN,0,0,0,0,0,1,0,0,0,0,0,0,0,0,0,0,0,0,0,0,0,0,0
00-0037300,M.Woods,Mike Woods,WR,WR,CLE,2022,15,REG,BAL,0,0,0,0,0,1,-5,0,1,2,4,0,8,0.0769230769230769,0.062015503875969,0,0,0,0,0,0,0,0.9
00-0037304,Co.Heyward,Connor Heyward,TE,TE,PIT,2022,15,REG,CAR,0,0,0,0,0,0,0,0,0,0,0,0,0,0,0,0,0,0,0,0,0,0,0
00-0037311,K.Kieft,Ko Kieft,TE,TE,TB,2022,15,REG,CIN,0,0,0,0,0,0,0,0,0,0,0,0,0,0,0,0,0,0,0,0,0,0,0
00-0037355,B.Sanders,Braylon Sanders,WR,WR,MIA,2022,15,REG,BUF,0,0,0,0,0,0,0,0,0,1,0,0,28,0.0333333333333333,0.112903225806452,0,0,0,0,0,0,0,0
00-0037382,B.Johnson,Brandon Johnson,WR,WR,DEN,2022,15,REG,ARI,0,0,0,0,0,0,0,0,3,4,30,0,55,0.153846153846154,0.474137931034483,0,0,0,0,0,0,0,6
00-0037387,J.Virgil,Jalen Virgil,WR,WR,DEN,2022,15,REG,ARI,0,0,0,0,0,0,0,0,0,0,0,0,0,0,0,0,0,0,0,0,0,0,0
00-0037429,R.Blackshear,Raheem Blackshear,RB,RB,CAR,2022,15,REG,PIT,0,0,0,0,0,0,0,0,0,0,0,0,0,0,0,0,0,0,0,0,0,0,0
00-0037487,D.Thompkins,Deven Thompkins,WR,WR,TB,2022,15,REG,CIN,0,0,0,0,0,1,9,0,1,1,7,0,4,0.0238095238095238,0.0127388535031847,0,0,0,0,0,0,0,2.6
00-0037525,J.Mason,Jordan Mason,RB,RB,SF,2022,15,REG,SEA,0,0,0,0,0,4,64,0,0,0,0,0,0,0,0,0,0,0,0,0,0,0,6.4
00-0037545,R.Shaheed,Rashid Shaheed,WR,WR,NO,2022,15,REG,ATL,0,0,0,0,0,0,0,0,3,4,95,1,60,0.210526315789474,0.297029702970297,0,0,0,0,0,0,0,18.5
00-0037569,P.Hendershot,Peyton Hendershot,TE,TE,DAL,2022,15,REG,JAX,0,0,0,0,0,0,0,0,1,1,20,1,20,0.0333333333333333,0.0772200772200772,0,0,0,0,0,0,0,9
00-0037594,J.Chestnut,Julius Chestnut,RB,RB,TEN,2022,15,REG,LAC,0,0,0,0,0,0,0,0,0,0,0,0,0,0,0,0,0,0,0,0,0,0,0
00-0037617,H.Haskins,Hassan Haskins,RB,RB,TEN,2022,15,REG,LAC,0,0,0,0,0,1,8,0,2,2,7,0,-6,0.0769230769230769,-0.0372670807453416,0,0,0,0,0,0,0,3.5
00-0037664,A.Pierce,Alec Pierce,WR,WR,IND,2022,15,REG,MIN,0,0,0,0,0,0,0,0,0,5,0,0,77,0.161290322580645,0.301960784313726,0,0,0,0,0,0,0,0
00-0037740,G.Wilson,Garrett Wilson,WR,WR,NYJ,2022,15,REG,DET,0,0,0,0,0,0,0,0,4,9,98,0,166,0.264705882352941,0.338085539714868,0,0,0,0,0,0,0,13.8
00-0037741,J.Dotson,Jahan Dotson,WR,WR,WAS,2022,15,REG,NYG,0,0,0,0,0,0,0,0,4,6,105,1,96,0.222222222222222,0.293577981651376,0,0,0,0,0,0,0,20.5
00-0037744,T.McBride,Trey McBride,TE,TE,ARI,2022,15,REG,DEN,0,0,0,0,0,0,0,0,4,5,55,0,30,0.142857142857143,0.127118644067797,0,0,0,0,0,0,0,9.5
00-0037745,V.Jones,Velus Jones,RB,RB,CHI,2022,15,REG,PHI,0,0,0,0,0,1,0,0,1,2,3,0,49,0.0952380952380952,0.298780487804878,0,1,0,0,0,0,0,-0.7
00-0037746,B.Robinson,Brian Robinson,RB,RB,WAS,2022,15,REG,NYG,0,0,0,0,0,12,89,0,1,1,18,0,2,0.037037037037037,0.00611620795107034,0,0,0,0,0,0,0,11.7
00-0037755,J.Woods,Jelani Woods,TE,TE,IND,2022,15,REG,MIN,0,0,0,0,0,0,0,0,1,1,36,0,10,0.032258064516129,0.0392156862745098,0,0,0,0,0,0,0,4.6
00-0037801,K.Turpin,Kavontae Turpin,WR,WR,DAL,2022,15,REG,JAX,0,0,0,0,0,0,0,0,0,0,0,0,0,0,0,0,0,0,0,0,0,0,0
00-0037809,C.Okonkwo,Chigoziem Okonkwo,TE,TE,TEN,2022,15,REG,LAC,0,0,0,0,0,1,6,0,4,5,54,0,38,0.192307692307692,0.236024844720497,0,0,0,0,0,0,0,10
00-0037816,R.Doubs,Romeo Doubs,WR,WR,GB,2022,15,REG,LA,0,0,0,0,0,0,0,0,5,5,55,0,37,0.178571428571429,0.256944444444444,0,0,0,0,0,0,0,10.5
00-0037828,D.Gray,Danny Gray,WR,WR,SF,2022,15,REG,SEA,0,0,0,0,0,0,0,0,0,0,0,0,0,0,0,0,0,0,0,0,0,0,0
00-0037834,B.Purdy,Brock Purdy,QB,QB,SF,2022,15,REG,SEA,17,26,217,2,0,4,-2,0,0,0,0,0,0,0,0,0,0,0,0,0,0,0,16.48
00-0037838,I.Likely,Isaiah Likely,TE,TE,BAL,2022,15,REG,CLE,0,0,0,0,0,0,0,0,2,3,18,0,15,0.107142857142857,0.0721153846153846,0,0,0,0,0,0,0,3.8
00-0037840,K.Williams,Kyren Williams,RB,RB,LA,2022,15,REG,GB,0,0,0,0,0,2,7,0,0,0,0,0,0,0,0,0,0,0,0,0,0,0,0.7
00-0038040,Z.White,Zamir White,RB,RB,LV,2022,15,REG,NE,0,0,0,0,0,1,4,0,0,0,0,0,0,0,0,0,0,0,0,0,0,0,0.4
00-0038090,S.Moore,Skyy Moore,WR,WR,KC,2022,15,REG,HOU,0,0,0,0,0,2,12,0,0,0,0,0,0,0,0,0,0,0,0,0,0,0,1.2
00-0038098,P.Strong,Pierre Strong,RB,RB,NE,2022,15,REG,LV,0,0,0,0,0,4,25,0,3,3,12,0,0,0.1,0,0,0,0,0,0,0,0,6.7
00-0038104,T.Thornton,Tyquan Thornton,WR,WR,NE,2022,15,REG,LV,0,0,0,0,0,0,0,0,1,4,21,0,66,0.133333333333333,0.224489795918367,0,0,0,0,0,0,0,3.1
00-0038115,D.Bellinger,Daniel Bellinger,TE,TE,NYG,2022,15,REG,WAS,0,0,0,0,0,0,0,0,1,4,4,0,19,0.133333333333333,0.155737704918033,0,0,0,0,0,0,0,1.4
00-0038122,D.Ridder,Desmond Ridder,QB,QB,ATL,2022,15,REG,NO,13,26,97,0,0,6,38,0,0,0,0,0,0,0,0,0,0,0,0,0,0,0,7.68
00-0038124,C.Watson,Christian Watson,WR,WR,GB,2022,15,REG,LA,0,0,0,0,0,0,0,0,4,6,46,0,30,0.214285714285714,0.208333333333333,0,0,0,0,0,0,0,8.6
00-0038128,M.Willis,Malik Willis,QB,QB,TEN,2022,15,REG,LAC,3,4,20,0,0,1,8,0,0,0,0,0,0,0,0,0,0,0,0,0,0,0,1.6
00-0038129,C.Otton,Cade Otton,TE,TE,TB,2022,15,REG,CIN,0,0,0,0,0,0,0,0,1,1,20,0,3,0.0238095238095238,0.00955414012738853,0,0,0,0,0,0,0,3
00-0038134,K.Walker,Kenneth Walker,RB,RB,SEA,2022,15,REG,SF,0,0,0,0,0,12,47,0,4,5,32,0,-6,0.121951219512195,-0.0357142857142857,0,0,0,0,0,0,0,11.9
00-0038147,D.Baldwin,Daylen Baldwin,WR,WR,CLE,2022,15,REG,BAL,0,0,0,0,0,0,0,0,2,2,25,0,25,0.0769230769230769,0.193798449612403,0,0,0,0,0,0,0,4.5
00-0019596,T.Brady,Tom Brady,QB,QB,TB,2022,16,REG,ARI,32,48,281,1,2,2,1,0,0,0,0,0,0,0,0,0,0,0,0,0,0,0,11.34
00-0023459,A.Rodgers,Aaron Rodgers,QB,QB,GB,2022,16,REG,MIA,24,38,238,1,1,7,18,0,0,0,0,0,0,0,0,0,0,0,0,0,0,0,13.32
00-0024243,M.Lewis,Marcedes Lewis,TE,TE,GB,2022,16,REG,MIA,0,0,0,0,0,0,0,0,2,2,32,1,30,0.0526315789473684,0.0911854103343465,0,0,0,0,0,0,0,11.2
00-0026189,D.Jackson,DeSean Jackson,WR,WR,BAL,2022,16,REG,ATL,0,0,0,0,0,0,0,0,1,2,10,0,43,0.125,0.21608040201005,0,0,0,0,0,0,0,2
00-0026293,M.Slater,Matt Slater,WR,WR,NE,2022,16,REG,CIN,0,0,0,0,0,0,0,0,0,0,0,0,0,0,0,0,0,0,0,0,0,0,0
00-0027944,J.Jones,Julio Jones,WR,WR,TB,2022,16,REG,ARI,0,0,0,0,0,0,0,0,1,2,5,0,22,0.0416666666666667,0.0969162995594714,0,0,0,0,0,0,0,1.5
00-0027973,A.Dalton,Andy Dalton,QB,QB,NO,2022,16,REG,CLE,8,15,92,0,1,1,-1,0,0,0,0,0,0,0,0,0,0,0,0,0,0,0,1.58
00-0028002,R.Cobb,Randall Cobb,WR,WR,GB,2022,16,REG,MIA,0,0,0,0,0,0,0,0,1,2,5,0,10,0.0526315789473684,0.0303951367781155,0,0,0,0,0,0,0,1.5
00-0028063,T.Jones,Taiwan Jones,RB,RB,BUF,2022,16,REG,CHI,0,0,0,0,0,0,0,0,0,0,0,0,0,0,0,0,0,0,0,0,0,0,0
00-0029000,C.Beasley,Cole Beasley,WR,WR,BUF,2022,16,REG,CHI,0,0,0,0,0,0,0,0,1,1,9,0,5,0.04,0.0168918918918919,0,0,0,0,0,0,0,1.9
00-0029239,B.Bolden,Brandon Bolden,RB,RB,LV,2022,16,REG,PIT,0,0,0,0,0,1,0,0,0,0,0,0,0,0,0,0,0,0,0,0,0,0,0
00-0029263,R.Wilson,Russell Wilson,QB,QB,DEN,2022,16,REG,LA,15,27,214,1,3,2,17,0,0,0,0,0,0,0,0,0,0,0,0,0,0,0,8.26
00-0029293,M.Jones,Marvin Jones,WR,WR,JAX,2022,16,REG,NYJ,0,0,0,0,0,0,0,0,3,4,15,0,41,0.133333333333333,0.25,0,0,0,0,0,0,0,4.5
00-0029567,N.Foles,Nick Foles,QB,QB,IND,2022,16,REG,LAC,17,29,144,0,3,1,0,0,0,0,0,0,0,0,0,0,0,0,0,0,0,0,-0.24
00-0029604,K.Cousins,Kirk Cousins,QB,QB,MIN,2022,16,REG,NYG,34,48,299,3,0,1,2,0,0,0,0,0,0,0,0,0,0,0,0,0,0,0,24.16
00-0029608,T.Hilton,T.Y. Hilton,WR,WR,DAL,2022,16,REG,PHI,0,0,0,0,0,0,0,0,1,1,52,0,52,0.0285714285714286,0.205533596837945,0,0,0,0,0,0,0,6.2
00-0030035,A.Thielen,Adam Thielen,WR,WR,MIN,2022,16,REG,NYG,0,0,0,0,0,0,0,0,1,5,6,0,27,0.106382978723404,0.0838509316770186,0,0,0,0,0,0,0,1.6
00-0030068,M.Goodwin,Marquise Goodwin,WR,WR,SEA,2022,16,REG,KC,0,0,0,0,0,0,0,0,0,4,0,0,55,0.105263157894737,0.205992509363296,0,0,0,0,0,0,0,0
00-0030108,R.Griffin,Ryan Griffin,TE,TE,CHI,2022,16,REG,BUF,0,0,0,0,0,0,0,0,1,1,2,0,2,0.04,0.00930232558139535,0,0,0,0,0,0,0,1.2
00-0030279,K.Allen,Keenan Allen,WR,WR,LAC,2022,16,REG,IND,0,0,0,0,0,0,0,0,11,14,104,0,106,0.466666666666667,0.445378151260504,0,0,0,0,0,0,0,21.4
00-0030288,R.Burkhead,Rex Burkhead,RB,RB,HOU,2022,16,REG,TEN,0,0,0,0,0,0,0,0,2,2,7,0,-1,0.0689655172413793,-0.00337837837837838,0,0,0,0,0,0,0,2.7
00-0030431,R.Woods,Robert Woods,WR,WR,TEN,2022,16,REG,HOU,0,0,0,0,0,0,0,0,4,5,30,0,20,0.25,0.142857142857143,0,0,0,0,0,0,0,7
00-0030456,G.Bernard,Giovani Bernard,RB,RB,TB,2022,16,REG,ARI,0,0,0,0,0,0,0,0,0,0,0,0,0,0,0,0,0,0,0,0,0,0,0
00-0030506,T.Kelce,Travis Kelce,TE,TE,KC,2022,16,REG,SEA,0,0,0,0,0,0,0,0,6,8,113,0,83,0.296296296296296,0.397129186602871,0,0,0,0,0,0,0,17.3
00-0030513,L.Murray,Latavius Murray,RB,RB,DEN,2022,16,REG,LA,0,0,0,0,0,8,34,0,1,3,6,0,-5,0.0882352941176471,-0.013550135501355,0,0,0,0,1,0,0,7
00-0030564,D.Hopkins,DeAndre Hopkins,WR,WR,ARI,2022,16,REG,TB,0,0,0,0,0,0,0,0,1,10,4,0,146,0.238095238095238,0.414772727272727,0,0,0,0,0,0,0,1.4
00-0030565,G.Smith,Geno Smith,QB,QB,SEA,2022,16,REG,KC,25,40,215,1,1,3,16,0,0,0,0,0,0,0,0,0,0,0,0,0,0,0,12.2
00-0030578,C.Patterson,Cordarrelle Patterson,RB,RB,ATL,2022,16,REG,BAL,0,0,0,0,0,8,17,0,1,1,14,0,-7,0.032258064516129,-0.0357142857142857,0,0,0,0,0,0,0,4.1
00-0031236,B.Cooks,Brandin Cooks,WR,WR,HOU,2022,16,REG,TEN,0,0,0,0,0,0,0,0,4,9,34,1,112,0.310344827586207,0.378378378378378,0,0,0,0,0,0,0,13.4
00-0031260,L.Thomas,Logan Thomas,TE,TE,WAS,2022,16,REG,SF,0,0,0,0,0,0,0,0,6,8,35,0,54,0.235294117647059,0.170886075949367,0,0,0,0,0,0,0,9.5
00-0031280,D.Carr,Derek Carr,QB,QB,LV,2022,16,REG,PIT,16,30,174,1,3,3,14,0,0,0,0,0,0,0,0,0,0,0,0,0,0,0,6.36
00-0031325,S.Watkins,Sammy Watkins,WR,WR,BAL,2022,16,REG,ATL,0,0,0,0,0,0,0,0,1,1,40,0,26,0.0625,0.130653266331658,0,0,0,0,0,0,0,5
00-0031376,J.McKinnon,Jerick McKinnon,RB,RB,KC,2022,16,REG,SEA,0,0,0,0,0,5,7,0,3,3,31,1,8,0.111111111111111,0.0382775119617225,0,0,0,0,0,0,0,12.8
00-0031381,D.Adams,Davante Adams,WR,WR,LV,2022,16,REG,PIT,0,0,0,0,0,0,0,0,2,9,15,0,77,0.3,0.273049645390071,0,0,0,0,0,0,0,3.5
00-0031408,M.Evans,Mike Evans,WR,WR,TB,2022,16,REG,ARI,0,0,0,0,0,0,0,0,3,8,29,0,81,0.166666666666667,0.356828193832599,0,0,0,0,0,0,0,5.9
00-0031544,A.Cooper,Amari Cooper,WR,WR,CLE,2022,16,REG,NO,0,0,0,0,0,0,0,0,6,10,72,0,130,0.37037037037037,0.43046357615894,0,0,0,0,0,0,0,13.2
00-0031558,M.Williams,Maxx Williams,TE,TE,ARI,2022,16,REG,TB,0,0,0,0,0,0,0,0,0,0,0,0,0,0,0,0,0,0,0,0,0,0,0
00-0031585,M.Pruitt,MyCole Pruitt,TE,TE,ATL,2022,16,REG,BAL,0,0,0,0,0,0,0,0,0,1,0,0,6,0.032258064516129,0.0306122448979592,0,0,0,0,0,0,0,0
00-0031588,S.Diggs,Stefon Diggs,WR,WR,BUF,2022,16,REG,CHI,0,0,0,0,0,0,0,0,2,2,26,0,25,0.08,0.0844594594594595,0,0,0,0,0,0,0,4.6
00-0031598,N.Boyle,Nick Boyle,TE,TE,BAL,2022,16,REG,ATL,0,0,0,0,0,0,0,0,0,0,0,0,0,0,0,0,0,0,0,0,0,0,0
00-0031610,D.Waller,Darren Waller,TE,TE,LV,2022,16,REG,PIT,0,0,0,0,0,0,0,0,4,5,58,0,76,0.166666666666667,0.269503546099291,0,0,0,0,0,0,0,9.8
00-0031687,R.Mostert,Raheem Mostert,RB,RB,MIA,2022,16,REG,GB,0,0,0,0,0,8,45,0,2,3,4,0,1,0.125,0.00378787878787879,0,1,0,0,0,0,0,4.9
00-0031763,D.Carter,DeAndre Carter,WR,WR,LAC,2022,16,REG,IND,0,0,0,0,0,0,0,0,0,0,0,0,0,0,0,0,0,0,0,0,0,0,0
00-0031800,T.Heinicke,Taylor Heinicke,QB,QB,WAS,2022,16,REG,SF,13,18,166,2,1,2,-4,0,0,0,0,0,0,0,0,1,0,0,0,0,0,0,10.24
00-0031806,M.Brown,Malcolm Brown,RB,RB,LA,2022,16,REG,DEN,0,0,0,0,0,2,19,0,1,1,2,0,1,0.0357142857142857,0.0105263157894737,0,0,0,0,0,0,0,3.1
00-0031868,D.Byrd,Damiere Byrd,WR,WR,ATL,2022,16,REG,BAL,0,0,0,0,0,0,0,0,1,2,15,0,44,0.0645161290322581,0.224489795918367,0,0,0,0,0,0,0,2.5
00-0032104,A.Abdullah,Ameer Abdullah,RB,RB,LV,2022,16,REG,PIT,0,0,0,0,0,0,0,0,2,2,27,0,4,0.0666666666666667,0.0141843971631206,0,0,0,0,0,0,0,4.7
00-0032134,C.Uzomah,C.J. Uzomah,TE,TE,NYJ,2022,16,REG,JAX,0,0,0,0,0,0,0,0,1,1,30,0,29,0.0333333333333333,0.092948717948718,0,0,0,0,0,0,0,4
00-0032141,G.Swaim,Geoff Swaim,TE,TE,TEN,2022,16,REG,HOU,0,0,0,0,0,0,0,0,1,1,-1,0,-4,0.05,-0.0285714285714286,0,0,0,0,0,0,0,0.9
00-0032187,D.Johnson,David Johnson,RB,RB,NO,2022,16,REG,CLE,0,0,0,0,0,7,16,0,1,1,8,0,3,0.0714285714285714,0.0272727272727273,0,0,0,0,0,0,0,3.4
00-0032208,P.Dorsett,Phillip Dorsett,WR,WR,HOU,2022,16,REG,TEN,0,0,0,0,0,0,0,0,3,3,45,0,42,0.103448275862069,0.141891891891892,0,0,0,0,0,0,0,7.5
00-0032214,T.Kroft,Tyler Kroft,TE,TE,SF,2022,16,REG,WAS,0,0,0,0,0,0,0,0,0,0,0,0,0,0,0,0,0,0,0,0,0,0,0
00-0032392,A.Hooper,Austin Hooper,TE,TE,TEN,2022,16,REG,HOU,0,0,0,0,0,0,0,0,2,3,20,0,24,0.15,0.171428571428571,0,0,0,0,0,0,0,4
00-0032398,C.Moore,Chris Moore,WR,WR,HOU,2022,16,REG,TEN,0,0,0,0,0,0,0,0,2,4,25,0,39,0.137931034482759,0.131756756756757,0,0,0,0,0,0,0,4.5
00-0032436,J.Driskel,Jeff Driskel,QB,QB,HOU,2022,16,REG,TEN,3,4,40,0,0,2,2,0,1,1,4,0,-3,0.0344827586206897,-0.0101351351351351,0,0,0,0,0,0,0,3.2
00-0032464,K.Raymond,Kalif Raymond,WR,WR,DET,2022,16,REG,CAR,0,0,0,0,0,1,8,0,1,1,56,0,51,0.024390243902439,0.163461538461538,0,0,0,0,0,0,0,7.4
00-0032725,S.Anderson,Stephen Anderson,TE,TE,ARI,2022,16,REG,TB,0,0,0,0,0,0,0,0,0,2,0,0,11,0.0476190476190476,0.03125,0,0,0,0,0,0,0,0
00-0032764,D.Henry,Derrick Henry,RB,RB,TEN,2022,16,REG,HOU,0,0,0,0,0,23,126,1,2,2,0,0,-1,0.1,-0.00714285714285714,0,1,0,0,0,0,0,18.6
00-0032775,D.Robinson,Demarcus Robinson,WR,WR,BAL,2022,16,REG,ATL,0,0,0,0,0,0,0,0,1,1,6,1,6,0.0625,0.0301507537688442,0,0,0,0,0,0,0,7.6
00-0032950,C.Wentz,Carson Wentz,QB,QB,WAS,2022,16,REG,SF,12,16,123,1,0,0,0,0,0,0,0,0,0,0,0,0,0,0,0,0,0,0,8.92
00-0032951,L.Treadwell,Laquon Treadwell,WR,WR,SEA,2022,16,REG,KC,0,0,0,0,0,0,0,0,3,7,26,0,47,0.184210526315789,0.176029962546816,0,0,0,0,0,0,0,5.6
00-0032975,J.Williams,Jonathan Williams,RB,RB,WAS,2022,16,REG,SF,0,0,0,0,0,3,13,0,2,3,28,0,-2,0.0882352941176471,-0.00632911392405063,0,0,0,0,0,0,0,6.1
00-0032980,M.Johnson,Marcus Johnson,WR,WR,NYG,2022,16,REG,MIN,0,0,0,0,0,0,0,0,0,0,0,0,0,0,0,0,0,0,0,0,0,0,0
00-0033009,T.Boyd,Tyler Boyd,WR,WR,CIN,2022,16,REG,NE,0,0,0,0,0,0,0,0,3,4,21,0,13,0.0816326530612245,0.0389221556886228,0,0,0,0,0,0,0,5.1
00-0033040,T.Hill,Tyreek Hill,WR,WR,MIA,2022,16,REG,GB,0,0,0,0,0,0,0,0,4,6,103,0,135,0.25,0.511363636363636,0,0,0,0,0,0,0,14.3
00-0033045,E.Elliott,Ezekiel Elliott,RB,RB,DAL,2022,16,REG,PHI,0,0,0,0,0,16,55,1,1,1,6,0,1,0.0285714285714286,0.00395256916996047,0,0,0,0,0,0,0,13.1
00-0033077,D.Prescott,Dak Prescott,QB,QB,DAL,2022,16,REG,PHI,27,35,347,3,1,6,41,0,0,0,0,0,0,0,0,0,0,0,0,0,0,0,27.98
00-0033106,J.Goff,Jared Goff,QB,QB,DET,2022,16,REG,CAR,25,42,355,3,0,3,15,0,0,0,0,0,0,0,0,0,1,0,0,0,0,0,25.7
00-0033110,T.Higbee,Tyler Higbee,TE,TE,LA,2022,16,REG,DEN,0,0,0,0,0,0,0,0,9,11,94,2,23,0.392857142857143,0.242105263157895,0,0,0,0,0,0,0,30.4
00-0033111,P.Cooper,Pharoh Cooper,WR,WR,ARI,2022,16,REG,TB,0,0,0,0,0,0,0,0,0,0,0,0,0,0,0,0,0,0,0,0,0,0,0
00-0033217,M.Alie-Cox,Mo Alie-Cox,TE,TE,IND,2022,16,REG,LAC,0,0,0,0,0,0,0,0,1,2,2,0,27,0.0714285714285714,0.111111111111111,0,0,0,0,0,0,0,1.2
00-0033246,J.Mundt,Johnny Mundt,TE,TE,MIN,2022,16,REG,NYG,0,0,0,0,0,0,0,0,1,1,16,0,-1,0.0212765957446809,-0.0031055900621118,0,0,0,0,0,0,0,2.6
00-0033251,Z.Pascal,Zach Pascal,WR,WR,PHI,2022,16,REG,DAL,0,0,0,0,0,0,0,0,1,1,6,0,5,0.0294117647058824,0.0131578947368421,0,0,0,0,0,0,0,1.6
00-0033280,C.McCaffrey,Christian McCaffrey,RB,RB,SF,2022,16,REG,WAS,0,0,0,0,0,15,46,1,2,2,12,0,1,0.0952380952380952,0.00546448087431694,0,0,0,0,0,0,0,13.8
00-0033282,C.Samuel,Curtis Samuel,WR,WR,WAS,2022,16,REG,SF,0,0,0,0,0,1,2,0,5,5,52,1,28,0.147058823529412,0.0886075949367089,0,0,0,0,0,0,0,16.4
00-0033288,G.Kittle,George Kittle,TE,TE,SF,2022,16,REG,WAS,0,0,0,0,0,0,0,0,6,8,120,2,65,0.380952380952381,0.355191256830601,0,0,0,0,0,0,0,30
00-0033292,T.Taylor,Trent Taylor,WR,WR,CIN,2022,16,REG,NE,0,0,0,0,0,0,0,0,0,0,0,0,0,0,0,0,0,0,0,0,0,0,0
00-0033293,A.Jones,Aaron Jones,RB,RB,GB,2022,16,REG,MIA,0,0,0,0,0,6,25,0,2,2,9,0,-2,0.0526315789473684,-0.0060790273556231,0,0,0,0,0,0,0,5.4
00-0033307,K.Bourne,Kendrick Bourne,WR,WR,NE,2022,16,REG,CIN,0,0,0,0,0,1,29,0,6,9,100,1,205,0.290322580645161,0.536649214659686,0,0,0,0,0,0,0,24.9
00-0033308,M.Breida,Matt Breida,RB,RB,NYG,2022,16,REG,MIN,0,0,0,0,0,2,9,0,0,0,0,0,0,0,0,0,0,0,0,0,0,0,0.9
00-0033357,T.Hill,Taysom Hill,TE,TE,NO,2022,16,REG,CLE,0,0,0,0,0,9,56,1,0,0,0,0,0,0,0,0,0,0,0,0,0,0,11.6
00-0033455,A.Firkser,Anthony Firkser,TE,TE,ATL,2022,16,REG,BAL,0,0,0,0,0,0,0,0,2,3,10,0,12,0.0967741935483871,0.0612244897959184,0,0,0,0,0,0,0,3
00-0033466,I.McKenzie,Isaiah McKenzie,WR,WR,BUF,2022,16,REG,CHI,0,0,0,0,0,1,6,0,0,2,0,0,58,0.08,0.195945945945946,0,0,0,0,0,0,0,0.6
00-0033526,S.Perine,Samaje Perine,RB,RB,CIN,2022,16,REG,NE,0,0,0,0,0,4,3,0,3,4,19,0,11,0.0816326530612245,0.032934131736527,0,0,0,0,0,0,0,5.2
00-0033536,M.Williams,Mike Williams,WR,WR,LAC,2022,16,REG,IND,0,0,0,0,0,0,0,0,4,4,76,0,34,0.133333333333333,0.142857142857143,0,0,0,0,0,0,0,11.6
00-0033537,D.Watson,Deshaun Watson,QB,QB,CLE,2022,16,REG,NO,15,31,135,0,1,3,24,1,0,0,0,0,0,0,0,0,0,0,0,0,0,0,11.8
00-0033553,J.Conner,James Conner,RB,RB,ARI,2022,16,REG,TB,0,0,0,0,0,15,79,1,7,8,41,0,-12,0.19047619047619,-0.0340909090909091,0,0,0,0,0,0,0,25
00-0033555,M.Hollins,Mack Hollins,WR,WR,LV,2022,16,REG,PIT,0,0,0,0,0,0,0,0,1,2,7,0,3,0.0666666666666667,0.0106382978723404,0,0,0,0,0,0,0,1.7
00-0033572,J.Agnew,Jamal Agnew,WR,WR,JAX,2022,16,REG,NYJ,0,0,0,0,0,0,0,0,1,1,8,0,-1,0.0333333333333333,-0.00609756097560976,0,0,0,0,0,0,0,1.8
00-0033576,E.Saubert,Eric Saubert,TE,TE,DEN,2022,16,REG,LA,0,0,0,0,0,0,0,0,0,0,0,0,0,0,0,0,0,0,0,0,0,0,0
00-0033591,N.Brown,Noah Brown,WR,WR,DAL,2022,16,REG,PHI,0,0,0,0,0,0,0,0,1,2,5,0,2,0.0571428571428571,0.00790513833992095,0,0,0,0,0,0,0,1.5
00-0033681,K.Cole,Keelan Cole,WR,WR,LV,2022,16,REG,PIT,0,0,0,0,0,0,0,0,0,1,0,0,9,0.0333333333333333,0.0319148936170213,0,0,0,0,0,0,0,0
00-0033699,A.Ekeler,Austin Ekeler,RB,RB,LAC,2022,16,REG,IND,0,0,0,0,0,18,67,2,4,4,12,0,4,0.133333333333333,0.0168067226890756,0,0,0,0,0,0,0,23.9
00-0033757,R.Tonyan,Robert Tonyan,TE,TE,GB,2022,16,REG,MIA,0,0,0,0,0,0,0,0,1,2,13,0,11,0.0526315789473684,0.0334346504559271,0,0,0,0,0,0,0,2.3
00-0033854,D.Ogunbowale,Dare Ogunbowale,RB,RB,HOU,2022,16,REG,TEN,0,0,0,0,0,8,28,0,0,0,0,0,0,0,0,0,0,0,0,0,0,0,2.8
00-0033856,L.Fournette,Leonard Fournette,RB,RB,TB,2022,16,REG,ARI,0,0,0,0,0,20,72,0,9,10,90,0,-8,0.208333333333333,-0.0352422907488987,0,0,0,0,0,0,0,25.2
00-0033857,J.Smith-Schuster,JuJu Smith-Schuster,WR,WR,KC,2022,16,REG,SEA,0,0,0,0,0,0,0,0,3,4,27,0,5,0.148148148148148,0.0239234449760766,0,0,0,0,0,0,0,5.7
00-0033858,J.Smith,Jonnu Smith,TE,TE,NE,2022,16,REG,CIN,0,0,0,0,0,0,0,0,3,4,21,0,14,0.129032258064516,0.0366492146596859,0,0,0,0,0,0,0,5.1
00-0033871,C.Davis,Corey Davis,WR,WR,NYJ,2022,16,REG,JAX,0,0,0,0,0,0,0,0,2,7,14,0,107,0.233333333333333,0.342948717948718,0,0,0,0,0,0,0,3.4
00-0033873,P.Mahomes,Patrick Mahomes,QB,QB,KC,2022,16,REG,SEA,16,28,224,2,0,2,8,1,0,0,0,0,0,0,0,0,0,0,0,0,0,0,23.76
00-0033881,E.Engram,Evan Engram,TE,TE,JAX,2022,16,REG,NYJ,0,0,0,0,0,0,0,0,7,8,113,0,32,0.266666666666667,0.195121951219512,0,0,0,0,0,0,0,18.3
00-0033885,D.Njoku,David Njoku,TE,TE,CLE,2022,16,REG,NO,0,0,0,0,0,0,0,0,2,5,14,0,58,0.185185185185185,0.19205298013245,0,0,0,0,0,0,0,3.4
00-0033891,Z.Jones,Zay Jones,WR,WR,JAX,2022,16,REG,NYJ,0,0,0,0,0,1,-3,0,1,4,14,0,38,0.133333333333333,0.231707317073171,0,0,0,0,0,0,0,2.1
00-0033893,D.Cook,Dalvin Cook,RB,RB,MIN,2022,16,REG,NYG,0,0,0,0,0,14,64,0,3,4,13,0,-6,0.0851063829787234,-0.0186335403726708,0,0,0,0,0,0,0,10.7
00-0033897,J.Mixon,Joe Mixon,RB,RB,CIN,2022,16,REG,NE,0,0,0,0,0,16,65,0,7,9,43,0,10,0.183673469387755,0.029940119760479,0,0,0,0,0,0,0,17.8
00-0033906,A.Kamara,Alvin Kamara,RB,RB,NO,2022,16,REG,CLE,0,0,0,0,0,20,76,1,2,4,34,0,3,0.285714285714286,0.0272727272727273,0,0,0,0,0,0,0,19
00-0033921,C.Godwin,Chris Godwin,WR,WR,TB,2022,16,REG,ARI,0,0,0,0,0,0,0,0,8,10,63,0,37,0.208333333333333,0.162995594713656,0,0,0,0,0,0,0,14.3
00-0033923,K.Hunt,Kareem Hunt,RB,RB,CLE,2022,16,REG,NO,0,0,0,0,0,7,8,0,3,3,14,0,-8,0.111111111111111,-0.0264900662251656,0,0,0,0,0,0,0,5.2
00-0033925,D.Foreman,D'Onta Foreman,RB,RB,CAR,2022,16,REG,DET,0,0,0,0,0,21,165,1,0,0,0,0,0,0,0,0,0,0,0,0,0,0,22.5
00-0033936,C.Beathard,C.J. Beathard,QB,QB,JAX,2022,16,REG,NYJ,0,0,0,0,0,3,-3,0,0,0,0,0,0,0,0,0,0,0,0,0,0,0,-0.3
00-0033943,J.Reynolds,Josh Reynolds,WR,WR,DET,2022,16,REG,CAR,0,0,0,0,0,0,0,0,2,4,31,0,31,0.0975609756097561,0.0993589743589744,0,0,0,0,0,0,0,5.1
00-0033948,Ja.Williams,Jamaal Williams,RB,RB,DET,2022,16,REG,CAR,0,0,0,0,0,7,11,0,2,2,3,0,-3,0.0487804878048781,-0.00961538461538462,0,0,0,0,0,0,0,3.4
00-0033951,M.Mack,Marlon Mack,RB,RB,DEN,2022,16,REG,LA,0,0,0,0,0,4,22,0,0,1,0,0,3,0.0294117647058824,0.00813008130081301,0,0,0,0,0,0,0,2.2
00-0033958,N.Peterman,Nathan Peterman,QB,QB,CHI,2022,16,REG,BUF,3,5,25,0,1,0,0,0,0,0,0,0,0,0,0,0,0,0,0,0,0,0,-1
00-0034011,D.Arnold,Dan Arnold,TE,TE,JAX,2022,16,REG,NYJ,0,0,0,0,0,0,0,0,1,1,17,0,16,0.0333333333333333,0.0975609756097561,0,0,0,0,0,0,0,2.7
00-0034104,C.Sims,Cam Sims,WR,WR,WAS,2022,16,REG,SF,0,0,0,0,0,0,0,0,0,0,0,0,0,0,0,0,0,0,0,0,0,0,0
00-0034115,J.Wilson,Jeffery Wilson,RB,RB,MIA,2022,16,REG,GB,0,0,0,0,0,9,37,1,1,2,3,0,0,0.0833333333333333,0,0,0,0,0,0,0,0,11
00-0034159,W.Dissly,Will Dissly,TE,TE,SEA,2022,16,REG,KC,0,0,0,0,0,0,0,0,1,1,19,0,8,0.0263157894736842,0.0299625468164794,0,0,0,0,0,0,0,2.9
00-0034184,G.Edwards,Gus Edwards,RB,RB,BAL,2022,16,REG,ATL,0,0,0,0,0,11,99,0,0,0,0,0,0,0,0,0,0,0,0,0,0,0,9.9
00-0034270,T.Conklin,Tyler Conklin,TE,TE,NYJ,2022,16,REG,JAX,0,0,0,0,0,0,0,0,4,4,34,0,5,0.133333333333333,0.016025641025641,0,0,0,0,0,0,0,7.4
00-0034272,M.Valdes-Scantling,Marquez Valdes-Scantling,WR,WR,KC,2022,16,REG,SEA,0,0,0,0,0,0,0,0,0,2,0,0,26,0.0740740740740741,0.124401913875598,0,0,0,0,0,0,0,0
00-0034286,R.James,Richie James,WR,WR,NYG,2022,16,REG,MIN,0,0,0,0,0,0,0,0,8,11,90,0,81,0.268292682926829,0.303370786516854,0,0,0,0,0,0,0,17
00-0034297,B.Pringle,Byron Pringle,WR,WR,CHI,2022,16,REG,BUF,0,0,0,0,0,0,0,0,2,2,34,0,27,0.08,0.125581395348837,0,0,0,0,0,0,0,5.4
00-0034317,K.Kirkwood,Keith Kirkwood,WR,WR,NO,2022,16,REG,CLE,0,0,0,0,0,0,0,0,0,2,0,0,41,0.142857142857143,0.372727272727273,0,0,0,0,0,0,0,0
00-0034348,C.Sutton,Courtland Sutton,WR,WR,DEN,2022,16,REG,LA,0,0,0,0,0,0,0,0,5,7,64,0,123,0.205882352941176,0.333333333333333,0,0,0,0,0,0,0,11.4
00-0034351,D.Goedert,Dallas Goedert,TE,TE,PHI,2022,16,REG,DAL,0,0,0,0,0,0,0,0,3,3,67,0,50,0.0882352941176471,0.131578947368421,0,0,0,0,0,0,0,9.7
00-0034364,J.Akins,Jordan Akins,TE,TE,HOU,2022,16,REG,TEN,0,0,0,0,0,0,0,0,3,3,39,0,27,0.103448275862069,0.0912162162162162,0,0,0,0,0,0,0,6.9
00-0034365,I.Thomas,Ian Thomas,TE,TE,CAR,2022,16,REG,DET,0,0,0,0,0,0,0,0,1,3,12,0,7,0.142857142857143,0.0486111111111111,0,0,0,0,0,0,0,2.2
00-0034367,N.Hines,Nyheim Miller-Hines,RB,RB,BUF,2022,16,REG,CHI,0,0,0,0,0,1,2,0,1,2,9,0,24,0.08,0.0810810810810811,0,0,0,0,0,0,0,2.1
00-0034383,D.Schultz,Dalton Schultz,TE,TE,DAL,2022,16,REG,PHI,0,0,0,0,0,0,0,0,3,4,43,0,20,0.114285714285714,0.0790513833992095,0,0,0,0,0,0,0,7.3
00-0034386,Ju.Watson,Justin Watson,WR,WR,KC,2022,16,REG,SEA,0,0,0,0,0,0,0,0,0,4,0,0,65,0.148148148148148,0.311004784688995,0,0,0,0,0,0,0,0
00-0034400,J.Wilkins,Jordan Wilkins,RB,RB,IND,2022,16,REG,LAC,0,0,0,0,0,1,4,0,0,1,0,0,-4,0.0357142857142857,-0.0164609053497942,0,0,0,0,0,0,0,0.4
00-0034407,R.McCloud,Ray-Ray McCloud,WR,WR,SF,2022,16,REG,WAS,0,0,0,0,0,1,71,1,0,1,0,0,-6,0.0476190476190476,-0.0327868852459016,0,0,0,0,0,0,0,13.1
00-0034411,R.Gage,Russell Gage,WR,WR,TB,2022,16,REG,ARI,0,0,0,0,0,0,0,0,5,6,65,0,27,0.125,0.118942731277533,0,0,0,0,0,0,0,11.5
00-0034414,B.Scott,Boston Scott,RB,RB,PHI,2022,16,REG,DAL,0,0,0,0,0,0,0,0,0,0,0,0,0,0,0,0,0,0,0,0,0,0,0
00-0034418,C.Wilson,Cedrick Wilson,WR,WR,MIA,2022,16,REG,GB,0,0,0,0,0,0,0,0,0,0,0,0,0,0,0,0,0,0,0,0,0,0,0
00-0034419,B.Berrios,Braxton Berrios,WR,WR,NYJ,2022,16,REG,JAX,0,0,0,0,0,0,0,0,0,0,0,0,0,0,0,0,0,0,0,0,0,0,0
00-0034440,J.Jackson,Justin Jackson,RB,RB,DET,2022,16,REG,CAR,0,0,0,0,0,1,-1,0,0,1,0,0,8,0.024390243902439,0.0256410256410256,0,0,0,0,0,0,0,-0.1
00-0034487,T.Sherfield,Trent Sherfield,WR,WR,MIA,2022,16,REG,GB,0,0,0,0,0,0,0,0,2,2,25,0,24,0.0833333333333333,0.0909090909090909,0,0,0,0,0,0,0,4.5
00-0034521,A.Lazard,Allen Lazard,WR,WR,GB,2022,16,REG,MIA,0,0,0,0,0,0,0,0,5,11,61,0,143,0.289473684210526,0.434650455927052,0,0,0,0,0,0,0,11.1
00-0034614,G.Igwebuike,Godwin Igwebuike,RB,RB,SEA,2022,16,REG,KC,0,0,0,0,0,0,0,0,0,0,0,0,0,0,0,0,0,0,0,0,0,0,0
00-0034646,B.Powell,Brandon Powell,WR,WR,LA,2022,16,REG,DEN,0,0,0,0,0,2,3,0,3,3,12,0,-4,0.107142857142857,-0.0421052631578947,0,0,0,0,0,0,0,4.5
00-0034681,C.Edmonds,Chase Edmonds,RB,RB,DEN,2022,16,REG,LA,0,0,0,0,0,6,31,0,2,2,22,0,3,0.0588235294117647,0.00813008130081301,0,0,0,0,0,0,0,7.3
00-0034753,M.Andrews,Mark Andrews,TE,TE,BAL,2022,16,REG,ATL,0,0,0,0,0,0,0,0,3,5,45,0,39,0.3125,0.195979899497487,0,0,0,0,0,0,0,7.5
00-0034764,M.Gallup,Michael Gallup,WR,WR,DAL,2022,16,REG,PHI,0,0,0,0,0,0,0,0,4,7,36,1,46,0.2,0.181818181818182,0,0,0,0,0,0,0,13.6
00-0034775,C.Kirk,Christian Kirk,WR,WR,JAX,2022,16,REG,NYJ,0,0,0,0,0,1,4,0,3,6,22,0,34,0.2,0.207317073170732,0,0,0,0,0,0,0,5.6
00-0034777,D.Chark,D.J. Chark,WR,WR,DET,2022,16,REG,CAR,0,0,0,0,0,0,0,0,4,5,108,0,63,0.121951219512195,0.201923076923077,0,0,0,0,0,0,0,14.8
00-0034791,N.Chubb,Nick Chubb,RB,RB,CLE,2022,16,REG,NO,0,0,0,0,0,24,92,0,1,1,10,0,3,0.037037037037037,0.00993377483443709,0,0,0,0,0,0,0,11.2
00-0034798,D.Smythe,Durham Smythe,TE,TE,MIA,2022,16,REG,GB,0,0,0,0,0,0,0,0,1,1,8,0,-1,0.0416666666666667,-0.00378787878787879,0,0,0,0,0,0,0,1.8
00-0034816,R.Jones,Ronald Jones,RB,RB,KC,2022,16,REG,SEA,0,0,0,0,0,1,4,0,0,0,0,0,0,0,0,0,0,0,0,0,0,0,0.4
00-0034827,D.Moore,D.J. Moore,WR,WR,CAR,2022,16,REG,DET,0,0,0,0,0,1,8,0,5,7,83,1,89,0.333333333333333,0.618055555555556,0,0,0,0,0,0,0,20.1
00-0034829,M.Gesicki,Mike Gesicki,TE,TE,MIA,2022,16,REG,GB,0,0,0,0,0,0,0,0,1,2,24,0,35,0.0833333333333333,0.132575757575758,0,0,0,0,0,0,0,3.4
00-0034838,R.Freeman,Royce Freeman,RB,RB,HOU,2022,16,REG,TEN,0,0,0,0,0,16,32,0,1,1,6,0,1,0.0344827586206897,0.00337837837837838,0,0,0,0,0,0,0,4.8
00-0034844,S.Barkley,Saquon Barkley,RB,RB,NYG,2022,16,REG,MIN,0,0,0,0,0,14,84,1,8,10,49,0,-19,0.24390243902439,-0.0711610486891386,0,0,0,0,0,0,0,27.3
00-0034854,K.Hodge,KhaDarel Hodge,WR,WR,ATL,2022,16,REG,BAL,0,0,0,0,0,0,0,0,0,0,0,0,0,0,0,0,0,0,0,0,0,0,0
00-0034855,B.Mayfield,Baker Mayfield,QB,QB,LA,2022,16,REG,DEN,24,28,230,2,0,2,2,0,0,0,0,0,0,0,0,0,0,0,0,0,0,0,17.4
00-0034857,J.Allen,Josh Allen,QB,QB,BUF,2022,16,REG,CHI,15,26,172,2,2,6,41,1,0,0,0,0,0,0,0,0,0,0,1,0,0,0,22.98
00-0034860,D.Pettis,Dante Pettis,WR,WR,CHI,2022,16,REG,BUF,0,0,0,0,0,0,0,0,2,5,11,1,30,0.2,0.13953488372093,0,0,0,0,0,0,0,9.1
00-0034869,S.Darnold,Sam Darnold,QB,QB,CAR,2022,16,REG,DET,15,22,250,1,0,6,19,1,0,0,0,0,0,0,0,0,0,0,0,0,0,0,21.9
00-0034928,S.Sims,Steven Sims,WR,WR,PIT,2022,16,REG,LV,0,0,0,0,0,0,0,0,1,1,7,0,3,0.0277777777777778,0.0144230769230769,0,0,0,0,0,0,0,1.7
00-0034955,B.Rypien,Brett Rypien,QB,QB,DEN,2022,16,REG,LA,4,8,45,0,1,0,0,0,0,0,0,0,0,0,0,0,0,0,0,0,0,0,-0.2
00-0034960,J.Meyers,Jakobi Meyers,WR,WR,NE,2022,16,REG,CIN,0,0,0,0,0,0,0,0,6,7,83,1,75,0.225806451612903,0.196335078534031,0,0,0,0,0,0,0,20.3
00-0034972,A.Mattison,Alexander Mattison,RB,RB,MIN,2022,16,REG,NYG,0,0,0,0,0,4,17,0,0,0,0,0,0,0,0,0,0,0,0,0,0,0,1.7
00-0034975,J.Hill,Justice Hill,RB,RB,BAL,2022,16,REG,ATL,0,0,0,0,0,0,0,0,1,1,4,0,1,0.0625,0.0050251256281407,0,0,0,0,0,0,0,1.4
00-0034981,F.Moreau,Foster Moreau,TE,TE,LV,2022,16,REG,PIT,0,0,0,0,0,0,0,0,2,3,19,0,23,0.1,0.0815602836879433,0,0,0,0,0,0,0,3.9
00-0034983,H.Renfrow,Hunter Renfrow,WR,WR,LV,2022,16,REG,PIT,0,0,0,0,0,0,0,0,4,7,42,1,86,0.233333333333333,0.304964539007092,0,0,0,0,0,0,0,14.2
00-0035021,A.Dulin,Ashton Dulin,WR,WR,IND,2022,16,REG,LAC,0,0,0,0,0,0,0,0,0,0,0,0,0,0,0,0,0,0,0,0,0,0,0
00-0035022,P.Hart,Penny Hart,WR,WR,SEA,2022,16,REG,KC,0,0,0,0,0,0,0,0,1,2,2,0,21,0.0526315789473684,0.0786516853932584,0,0,0,0,0,0,0,1.2
00-0035146,T.McSorley,Trace McSorley,QB,QB,ARI,2022,16,REG,TB,24,45,217,0,1,7,14,0,0,0,0,0,0,0,0,1,1,0,0,0,0,0,4.08
00-0035208,O.Zaccheaus,Olamide Zaccheaus,WR,WR,ATL,2022,16,REG,BAL,0,0,0,0,0,0,0,0,4,7,18,0,39,0.225806451612903,0.198979591836735,0,0,0,0,0,0,0,5.8
00-0035216,D.Johnson,Diontae Johnson,WR,WR,PIT,2022,16,REG,LV,0,0,0,0,0,0,0,0,5,7,64,0,74,0.194444444444444,0.355769230769231,0,0,0,0,0,0,0,11.4
00-0035217,B.Snell,Benny Snell,RB,RB,PIT,2022,16,REG,LV,0,0,0,0,0,0,0,0,0,0,0,0,0,0,0,0,0,0,0,0,0,0,0
00-0035222,Z.Gentry,Zach Gentry,TE,TE,PIT,2022,16,REG,LV,0,0,0,0,0,0,0,0,1,1,1,0,1,0.0277777777777778,0.00480769230769231,0,0,0,0,0,0,0,1.1
00-0035229,T.Hockenson,T.J. Hockenson,TE,TE,MIN,2022,16,REG,NYG,0,0,0,0,0,0,0,0,13,16,109,2,135,0.340425531914894,0.419254658385093,0,0,0,0,0,0,0,35.9
00-0035243,M.Sanders,Miles Sanders,RB,RB,PHI,2022,16,REG,DAL,0,0,0,0,0,21,65,0,1,1,6,0,0,0.0294117647058824,0,0,1,0,0,0,0,0,6.1
00-0035249,J.Oliver,Josh Oliver,TE,TE,BAL,2022,16,REG,ATL,0,0,0,0,0,0,0,0,1,3,6,0,70,0.1875,0.351758793969849,0,0,0,0,0,0,0,1.6
00-0035250,D.Singletary,Devin Singletary,RB,RB,BUF,2022,16,REG,CHI,0,0,0,0,0,12,106,1,2,3,19,0,9,0.12,0.0304054054054054,0,0,0,0,0,0,0,20.5
00-0035261,T.Pollard,Tony Pollard,RB,RB,DAL,2022,16,REG,PHI,0,0,0,0,0,9,19,0,6,8,61,0,34,0.228571428571429,0.134387351778656,0,0,0,0,0,0,0,14
00-0035289,G.Minshew,Gardner Minshew,QB,QB,PHI,2022,16,REG,DAL,24,40,355,2,2,4,5,1,0,0,0,0,0,0,0,0,1,0,0,0,0,0,22.7
00-0035291,T.Williams,Trayveon Williams,RB,RB,CIN,2022,16,REG,NE,0,0,0,0,0,0,0,0,0,0,0,0,0,0,0,0,0,0,0,0,0,0,0
00-0035298,S.Miller,Scott Miller,WR,WR,TB,2022,16,REG,ARI,0,0,0,0,0,0,0,0,0,1,0,0,45,0.0208333333333333,0.198237885462555,0,0,0,0,0,0,0,0
00-0035329,D.Parham,Donald Parham,TE,TE,LAC,2022,16,REG,IND,0,0,0,0,0,0,0,0,1,2,8,0,28,0.0666666666666667,0.117647058823529,0,0,0,0,0,0,0,1.8
00-0035341,T.Irwin,Trenton Irwin,WR,WR,CIN,2022,16,REG,NE,0,0,0,0,0,0,0,0,3,4,45,2,70,0.0816326530612245,0.209580838323353,0,0,0,0,0,0,0,19.5
00-0035500,G.Dortch,Greg Dortch,WR,WR,ARI,2022,16,REG,TB,0,0,0,0,0,3,25,0,10,11,98,0,57,0.261904761904762,0.161931818181818,0,0,0,0,0,0,0,22.3
00-0035527,A.Isabella,Andy Isabella,WR,WR,BAL,2022,16,REG,ATL,0,0,0,0,0,0,0,0,0,0,0,0,0,0,0,0,0,0,0,0,0,0,0
00-0035535,D.Slayton,Darius Slayton,WR,WR,NYG,2022,16,REG,MIN,0,0,0,0,0,0,0,0,4,6,79,0,82,0.146341463414634,0.307116104868914,0,0,0,0,0,0,0,11.9
00-0035537,T.Johnson,Ty Johnson,RB,RB,NYJ,2022,16,REG,JAX,0,0,0,0,0,2,7,0,0,0,0,0,0,0,0,0,0,0,0,0,0,0,0.7
00-0035572,P.Hesse,Parker Hesse,TE,TE,ATL,2022,16,REG,BAL,0,0,0,0,0,0,0,0,1,1,8,0,7,0.032258064516129,0.0357142857142857,0,0,0,0,0,0,0,1.8
00-0035594,T.Homer,Travis Homer,RB,RB,SEA,2022,16,REG,KC,0,0,0,0,0,0,0,0,0,0,0,0,0,0,0,0,0,0,0,0,0,0,0
00-0035628,D.Johnson,D'Ernest Johnson,RB,RB,CLE,2022,16,REG,NO,0,0,0,0,0,0,0,0,0,0,0,0,0,0,0,0,0,0,0,0,0,0,0
00-0035639,P.Campbell,Parris Campbell,WR,WR,IND,2022,16,REG,LAC,0,0,0,0,0,0,0,0,2,5,19,0,45,0.178571428571429,0.185185185185185,0,0,0,0,0,0,0,3.9
00-0035640,D.Metcalf,DK Metcalf,WR,WR,SEA,2022,16,REG,KC,0,0,0,0,0,0,0,0,7,9,81,0,87,0.236842105263158,0.325842696629214,0,0,0,0,0,0,0,15.1
00-0035644,N.Fant,Noah Fant,TE,TE,SEA,2022,16,REG,KC,0,0,0,0,0,0,0,0,2,3,12,1,18,0.0789473684210526,0.0674157303370787,0,0,0,0,0,0,0,9.2
00-0035659,T.McLaurin,Terry McLaurin,WR,WR,WAS,2022,16,REG,SF,0,0,0,0,0,0,0,0,4,5,77,1,109,0.147058823529412,0.34493670886076,0,0,0,0,0,0,0,17.7
00-0035662,M.Brown,Marquise Brown,WR,WR,ARI,2022,16,REG,TB,0,0,0,0,0,1,1,0,3,6,57,0,80,0.142857142857143,0.227272727272727,0,0,0,0,0,0,0,8.8
00-0035676,A.Brown,A.J. Brown,WR,WR,PHI,2022,16,REG,DAL,0,0,0,0,0,0,0,0,6,8,103,0,93,0.235294117647059,0.244736842105263,0,0,0,0,0,0,0,16.3
00-0035685,D.Montgomery,David Montgomery,RB,RB,CHI,2022,16,REG,BUF,0,0,0,0,0,16,62,0,4,4,22,0,5,0.16,0.0232558139534884,0,1,0,0,0,0,0,10.4
00-0035689,D.Knox,Dawson Knox,TE,TE,BUF,2022,16,REG,CHI,0,0,0,0,0,0,0,0,3,5,38,1,56,0.2,0.189189189189189,0,0,0,0,0,0,0,12.8
00-0035700,J.Jacobs,Josh Jacobs,RB,RB,LV,2022,16,REG,PIT,0,0,0,0,0,15,44,0,1,1,6,0,4,0.0333333333333333,0.0141843971631206,0,0,0,0,0,0,0,6
00-0035710,D.Jones,Daniel Jones,QB,QB,NYG,2022,16,REG,MIN,30,42,334,1,1,4,34,0,0,0,0,0,0,0,0,0,0,0,1,0,0,0,20.76
00-0035752,C.Streveler,Chris Streveler,QB,QB,NYJ,2022,16,REG,JAX,10,15,90,0,0,9,54,0,0,0,0,0,0,0,0,0,0,0,0,0,0,0,9
00-0035771,M.Wilcox,Mitchell Wilcox,TE,TE,CIN,2022,16,REG,NE,0,0,0,0,0,0,0,0,6,6,35,0,19,0.122448979591837,0.0568862275449102,0,0,0,0,0,0,0,9.5
00-0035806,J.Hasty,Jamycal Hasty,RB,RB,JAX,2022,16,REG,NYJ,0,0,0,0,0,3,10,0,1,3,11,0,-2,0.1,-0.0121951219512195,0,0,0,0,0,0,0,3.1
00-0035924,J.Ward,Jonathan Ward,RB,RB,TEN,2022,16,REG,HOU,0,0,0,0,0,0,0,0,0,0,0,0,0,0,0,0,0,0,0,0,0,0,0
00-0035939,B.Perkins,Bryce Perkins,QB,QB,LA,2022,16,REG,DEN,0,0,0,0,0,1,-2,0,0,0,0,0,0,0,0,0,0,0,0,0,0,0,-0.2
00-0035973,P.Taylor,Patrick Taylor,RB,RB,GB,2022,16,REG,MIA,0,0,0,0,0,0,0,0,1,1,17,0,0,0.0263157894736842,0,0,0,0,0,0,0,0,2.7
00-0035993,T.Huntley,Tyler Huntley,QB,QB,BAL,2022,16,REG,ATL,9,17,115,1,0,11,26,0,0,0,0,0,0,0,0,0,0,0,0,1,0,0,13.2
00-0036040,J.Johnson,Juwan Johnson,TE,TE,NO,2022,16,REG,CLE,0,0,0,0,0,0,0,0,1,2,9,0,20,0.142857142857143,0.181818181818182,0,0,0,0,0,0,0,1.9
00-0036133,J.Proche,James Proche,WR,WR,BAL,2022,16,REG,ATL,0,0,0,0,0,0,0,0,0,0,0,0,0,0,0,0,0,0,0,0,0,0,0
00-0036158,J.Dobbins,J.K. Dobbins,RB,RB,BAL,2022,16,REG,ATL,0,0,0,0,0,12,59,0,0,1,0,0,1,0.0625,0.0050251256281407,0,0,0,0,0,0,0,5.9
00-0036165,I.Hodgins,Isaiah Hodgins,WR,WR,NYG,2022,16,REG,MIN,0,0,0,0,0,0,0,0,8,12,89,1,101,0.292682926829268,0.378277153558052,0,0,0,0,0,0,0,22.9
00-0036182,N.Westbrook-Ikhine,Nick Westbrook-Ikhine,WR,WR,TEN,2022,16,REG,HOU,0,0,0,0,0,0,0,0,2,3,23,0,21,0.15,0.15,0,0,0,0,0,0,0,4.3
00-0036194,D.Asiasi,Devin Asiasi,TE,TE,CIN,2022,16,REG,NE,0,0,0,0,0,0,0,0,2,2,5,0,5,0.0408163265306122,0.0149700598802395,0,0,0,0,0,0,0,2.5
00-0036196,G.Davis,Gabe Davis,WR,WR,BUF,2022,16,REG,CHI,0,0,0,0,0,0,0,0,3,6,45,1,95,0.24,0.320945945945946,0,0,1,0,0,0,0,11.5
00-0036212,T.Tagovailoa,Tua Tagovailoa,QB,QB,MIA,2022,16,REG,GB,16,25,310,1,3,1,0,0,0,0,0,0,0,0,0,0,0,0,0,0,0,0,10.4
00-0036233,D.Peoples-Jones,Donovan Peoples-Jones,WR,WR,CLE,2022,16,REG,NO,0,0,0,0,0,0,0,0,1,5,2,0,65,0.185185185185185,0.21523178807947,0,0,0,0,0,0,0,1.2
00-0036244,C.Parkinson,Colby Parkinson,TE,TE,SEA,2022,16,REG,KC,0,0,0,0,0,0,0,0,3,4,45,0,37,0.105263157894737,0.138576779026217,0,0,0,0,0,0,0,7.5
00-0036247,F.Swain,Freddie Swain,WR,WR,DEN,2022,16,REG,LA,0,0,0,0,0,0,0,0,1,2,11,0,14,0.0588235294117647,0.037940379403794,0,0,0,0,0,0,0,2.1
00-0036250,T.Davis,Tyler Davis,TE,TE,GB,2022,16,REG,MIA,0,0,0,0,0,0,0,0,0,0,0,0,0,0,0,0,0,0,0,0,0,0,0
00-0036251,Z.Moss,Zack Moss,RB,RB,IND,2022,16,REG,LAC,0,0,0,0,0,12,65,0,1,1,5,0,-1,0.0357142857142857,-0.00411522633744856,0,0,0,0,0,0,0,8
00-0036252,M.Pittman,Michael Pittman,WR,WR,IND,2022,16,REG,LAC,0,0,0,0,0,0,0,0,4,7,39,0,74,0.25,0.304526748971193,0,0,0,0,0,0,0,7.9
00-0036259,J.Jennings,Jauan Jennings,WR,WR,SF,2022,16,REG,WAS,0,0,0,0,0,0,0,0,2,3,21,0,38,0.142857142857143,0.207650273224044,0,0,0,0,0,0,0,4.1
00-0036261,B.Aiyuk,Brandon Aiyuk,WR,WR,SF,2022,16,REG,WAS,0,0,0,0,0,0,0,0,5,7,81,0,68,0.333333333333333,0.371584699453552,0,0,0,0,0,0,0,13.1
00-0036265,A.Dillon,A.J. Dillon,RB,RB,GB,2022,16,REG,MIA,0,0,0,0,0,11,36,1,2,3,12,0,1,0.0789473684210526,0.00303951367781155,0,0,0,0,0,0,0,12.8
00-0036268,L.Shenault,Laviska Shenault Jr.,WR,WR,CAR,2022,16,REG,DET,0,0,0,0,0,0,0,0,3,3,53,0,-11,0.142857142857143,-0.0763888888888889,0,0,0,0,0,0,0,8.3
00-0036271,Q.Watkins,Quez Watkins,WR,WR,PHI,2022,16,REG,DAL,0,0,0,0,0,0,0,0,1,5,19,0,60,0.147058823529412,0.157894736842105,0,0,0,0,0,0,0,2.9
00-0036275,D.Swift,D'Andre Swift,RB,RB,DET,2022,16,REG,CAR,0,0,0,0,0,4,12,0,1,5,13,0,38,0.121951219512195,0.121794871794872,0,0,0,0,0,0,0,3.5
00-0036290,C.Kmet,Cole Kmet,TE,TE,CHI,2022,16,REG,BUF,0,0,0,0,0,0,0,0,5,6,27,0,15,0.24,0.0697674418604651,0,0,0,0,0,0,0,7.7
00-0036322,J.Jefferson,Justin Jefferson,WR,WR,MIN,2022,16,REG,NYG,0,0,0,0,0,0,0,0,12,16,133,1,151,0.340425531914894,0.468944099378882,0,0,0,0,0,0,0,31.3
00-0036328,A.Gibson,Antonio Gibson,RB,RB,WAS,2022,16,REG,SF,0,0,0,0,0,5,10,0,2,3,21,0,10,0.0882352941176471,0.0316455696202532,0,0,0,0,0,0,0,5.1
00-0036332,J.Deguara,Josiah Deguara,TE,TE,GB,2022,16,REG,MIA,0,0,0,0,0,0,0,0,1,1,4,0,3,0.0263157894736842,0.00911854103343465,0,0,0,0,0,0,0,1.4
00-0036345,K.Osborn,K.J. Osborn,WR,WR,MIN,2022,16,REG,NYG,0,0,0,0,0,0,0,0,3,4,17,0,13,0.0851063829787234,0.0403726708074534,0,0,0,0,0,0,0,4.7
00-0036355,J.Herbert,Justin Herbert,QB,QB,LAC,2022,16,REG,IND,24,31,235,0,1,5,1,0,0,0,0,0,0,0,0,1,0,0,0,0,0,0,5.5
00-0036358,C.Lamb,CeeDee Lamb,WR,WR,DAL,2022,16,REG,PHI,0,0,0,0,0,0,0,0,10,11,120,2,99,0.314285714285714,0.391304347826087,0,0,0,0,0,0,0,34
00-0036370,J.Kelley,Joshua Kelley,RB,RB,LAC,2022,16,REG,IND,0,0,0,0,0,9,33,0,1,1,9,0,6,0.0333333333333333,0.0252100840336134,0,0,0,0,0,0,0,5.2
00-0036387,J.Reagor,Jalen Reagor,WR,WR,MIN,2022,16,REG,NYG,0,0,0,0,0,0,0,0,0,0,0,0,0,0,0,0,0,0,0,0,0,0,0
00-0036407,J.Jeudy,Jerry Jeudy,WR,WR,DEN,2022,16,REG,LA,0,0,0,0,0,0,0,0,6,10,117,0,135,0.294117647058824,0.365853658536585,0,0,0,0,0,0,0,17.7
00-0036410,T.Higgins,Tee Higgins,WR,WR,CIN,2022,16,REG,NE,0,0,0,0,0,0,0,0,8,9,128,1,97,0.183673469387755,0.290419161676647,0,0,0,0,0,0,0,26.8
00-0036414,C.Akers,Cam Akers,RB,RB,LA,2022,16,REG,DEN,0,0,0,0,0,23,118,3,2,2,29,0,-9,0.0714285714285714,-0.0947368421052632,0,0,0,0,0,0,0,34.7
00-0036415,V.Jefferson,Van Jefferson,WR,WR,LA,2022,16,REG,DEN,0,0,0,0,0,0,0,0,3,5,19,0,34,0.178571428571429,0.357894736842105,0,0,0,0,0,0,0,4.9
00-0036424,B.Hopkins,Brycen Hopkins,TE,TE,LA,2022,16,REG,DEN,0,0,0,0,0,0,0,0,3,3,57,0,43,0.107142857142857,0.452631578947368,0,0,0,0,0,0,0,8.7
00-0036425,D.Dallas,DeeJay Dallas,RB,RB,SEA,2022,16,REG,KC,0,0,0,0,0,2,10,0,6,6,32,0,-4,0.157894736842105,-0.0149812734082397,0,0,0,0,0,0,0,10.2
00-0036438,S.Sullivan,Stephen Sullivan,TE,TE,CAR,2022,16,REG,DET,0,0,0,0,0,0,0,0,0,0,0,0,0,0,0,0,0,0,0,0,0,0,0
00-0036442,J.Burrow,Joe Burrow,QB,QB,CIN,2022,16,REG,NE,40,52,375,3,2,4,5,0,0,0,0,0,0,0,0,0,0,0,0,0,0,0,23.5
00-0036450,K.Vaughn,Ke'Shawn Vaughn,RB,RB,TB,2022,16,REG,ARI,0,0,0,0,0,1,6,0,0,0,0,0,0,0,0,0,0,0,0,0,0,0,0.6
00-0036493,D.Jackson,Deon Jackson,RB,RB,IND,2022,16,REG,LAC,0,0,0,0,0,0,0,0,3,3,9,0,-10,0.107142857142857,-0.0411522633744856,0,0,0,0,0,0,0,3.9
00-0036497,T.Jones,Tim Jones,WR,WR,JAX,2022,16,REG,NYJ,0,0,0,0,0,0,0,0,0,0,0,0,0,0,0,0,0,0,0,0,0,0,0
00-0036510,K.Yeboah,Kenny Yeboah,TE,TE,NYJ,2022,16,REG,JAX,0,0,0,0,0,0,0,0,0,0,0,0,0,0,0,0,0,0,0,0,0,0,0
00-0036534,S.Zylstra,Shane Zylstra,TE,TE,DET,2022,16,REG,CAR,0,0,0,0,0,0,0,0,5,6,26,3,27,0.146341463414634,0.0865384615384615,0,0,0,0,0,0,0,25.6
00-0036555,C.Hubbard,Chuba Hubbard,RB,RB,CAR,2022,16,REG,DET,0,0,0,0,0,12,125,0,0,0,0,0,0,0,0,0,0,0,0,0,0,0,12.5
00-0036556,B.Jordan,Brevin Jordan,TE,TE,HOU,2022,16,REG,TEN,0,0,0,0,0,0,0,0,2,2,21,0,5,0.0689655172413793,0.0168918918918919,0,0,0,0,0,0,0,4.1
00-0036569,G.Brightwell,Gary Brightwell,RB,RB,NYG,2022,16,REG,MIN,0,0,0,0,0,1,-1,0,0,0,0,0,0,0,0,0,0,0,0,0,0,0,-0.1
00-0036572,S.Smith,Shi Smith,WR,WR,CAR,2022,16,REG,DET,0,0,0,0,0,0,0,0,1,2,17,0,12,0.0952380952380952,0.0833333333333333,0,0,0,0,0,0,0,2.7
00-0036590,Q.Morris,Quintin Morris,TE,TE,BUF,2022,16,REG,CHI,0,0,0,0,0,0,0,0,0,0,0,0,0,0,0,0,0,0,0,0,0,0,0
00-0036613,J.Waddle,Jaylen Waddle,WR,WR,MIA,2022,16,REG,GB,0,0,0,0,0,0,0,0,5,6,143,1,72,0.25,0.272727272727273,0,0,0,0,0,0,0,25.3
00-0036637,N.Gray,Noah Gray,TE,TE,KC,2022,16,REG,SEA,0,0,0,0,0,0,0,0,1,1,8,0,0,0.037037037037037,0,0,0,0,0,0,0,0,1.8
00-0036671,D.Milne,Dax Milne,WR,WR,WAS,2022,16,REG,SF,0,0,0,0,0,0,0,0,0,0,0,0,0,0,0,0,0,0,0,0,0,0,0
00-0036754,B.Wright,Brock Wright,TE,TE,DET,2022,16,REG,CAR,0,0,0,0,0,0,0,0,1,1,11,0,2,0.024390243902439,0.00641025641025641,0,0,0,0,0,0,0,2.1
00-0036849,T.Atwell,Tutu Atwell,WR,WR,LA,2022,16,REG,DEN,0,0,0,0,0,0,0,0,2,2,14,0,13,0.0714285714285714,0.136842105263158,0,0,0,0,0,0,0,3.4
00-0036875,R.Stevenson,Rhamondre Stevenson,RB,RB,NE,2022,16,REG,CIN,0,0,0,0,0,13,30,0,2,5,3,0,-1,0.161290322580645,-0.00261780104712042,0,1,0,0,0,0,0,3.3
00-0036893,N.Harris,Najee Harris,RB,RB,PIT,2022,16,REG,LV,0,0,0,0,0,16,53,0,6,9,42,0,18,0.25,0.0865384615384615,0,0,0,0,0,0,0,15.5
00-0036894,P.Freiermuth,Pat Freiermuth,TE,TE,PIT,2022,16,REG,LV,0,0,0,0,0,0,0,0,7,8,66,0,46,0.222222222222222,0.221153846153846,0,0,0,0,0,0,0,13.6
00-0036898,D.Mills,Davis Mills,QB,QB,HOU,2022,16,REG,TEN,17,28,178,1,1,4,8,0,0,0,0,0,0,0,0,0,0,0,0,0,0,0,9.92
00-0036900,J.Chase,Ja'Marr Chase,WR,WR,CIN,2022,16,REG,NE,0,0,0,0,0,0,0,0,8,11,79,0,108,0.224489795918367,0.323353293413174,0,0,1,0,0,0,0,13.9
00-0036906,K.Herbert,Khalil Herbert,RB,RB,CHI,2022,16,REG,BUF,0,0,0,0,0,6,7,0,2,3,-4,0,-7,0.12,-0.0325581395348837,0,0,0,0,0,0,0,2.3
00-0036912,D.Smith,DeVonta Smith,WR,WR,PHI,2022,16,REG,DAL,0,0,0,0,0,0,0,0,8,12,113,2,152,0.352941176470588,0.4,0,0,0,0,0,0,0,31.3
00-0036913,K.Toney,Kadarius Toney,WR,WR,KC,2022,16,REG,SEA,0,0,0,0,0,0,0,0,1,2,8,1,0,0.0740740740740741,0,0,0,0,0,0,0,0,7.8
00-0036919,K.Gainwell,Kenneth Gainwell,RB,RB,PHI,2022,16,REG,DAL,0,0,0,0,0,4,17,0,4,4,41,0,3,0.117647058823529,0.00789473684210526,0,0,0,0,0,0,0,9.8
00-0036924,Mi.Carter,Michael Carter,RB,RB,NYJ,2022,16,REG,JAX,0,0,0,0,0,2,6,0,5,5,44,0,14,0.166666666666667,0.0448717948717949,0,0,0,0,0,0,0,10
00-0036945,J.Fields,Justin Fields,QB,QB,CHI,2022,16,REG,BUF,15,23,119,1,0,7,11,0,0,0,0,0,0,0,0,0,0,0,0,0,0,0,9.86
00-0036950,A.Williams,Avery Williams,RB,RB,ATL,2022,16,REG,BAL,0,0,0,0,0,3,16,0,2,2,14,0,-2,0.0645161290322581,-0.0102040816326531,0,0,0,0,0,0,0,5
00-0036955,T.Marshall,Terrace Marshall,WR,WR,CAR,2022,16,REG,DET,0,0,0,0,0,0,0,0,2,3,55,0,47,0.142857142857143,0.326388888888889,0,0,0,0,0,0,0,7.5
00-0036963,A.St. Brown,Amon-Ra St. Brown,WR,WR,DET,2022,16,REG,CAR,0,0,0,0,0,1,0,0,7,13,76,0,67,0.317073170731707,0.21474358974359,0,0,0,0,0,0,0,14.6
00-0036971,T.Lawrence,Trevor Lawrence,QB,QB,JAX,2022,16,REG,NYJ,20,31,229,0,0,7,51,1,0,0,0,0,0,0,0,1,0,0,0,0,0,0,18.26
00-0036972,M.Jones,Mac Jones,QB,QB,NE,2022,16,REG,CIN,21,33,240,2,0,1,-1,0,0,0,0,0,0,0,0,0,0,0,0,0,0,0,17.5
00-0036973,T.Etienne,Travis Etienne,RB,RB,JAX,2022,16,REG,NYJ,0,0,0,0,0,22,83,0,3,3,29,0,-4,0.1,-0.024390243902439,0,0,0,0,0,0,0,14.2
00-0036980,E.Moore,Elijah Moore,WR,WR,NYJ,2022,16,REG,JAX,0,0,0,0,0,0,0,0,2,3,15,0,13,0.1,0.0416666666666667,0,0,0,0,0,0,0,3.5
00-0036988,J.Palmer,Josh Palmer,WR,WR,LAC,2022,16,REG,IND,0,0,0,0,0,0,0,0,2,3,16,0,51,0.1,0.214285714285714,0,0,0,0,0,0,0,3.6
00-0036991,A.Rodgers,Amari Rodgers,WR,WR,HOU,2022,16,REG,TEN,0,0,0,0,0,0,0,0,1,2,37,0,34,0.0689655172413793,0.114864864864865,0,0,0,0,0,0,0,4.7
00-0037005,T.Tremble,Tommy Tremble,TE,TE,CAR,2022,16,REG,DET,0,0,0,0,0,0,0,0,2,2,18,0,3,0.0952380952380952,0.0208333333333333,0,0,0,0,0,0,0,3.8
00-0037011,T.McKitty,Tre' McKitty,TE,TE,LAC,2022,16,REG,IND,0,0,0,0,0,0,0,0,1,2,10,0,6,0.0666666666666667,0.0252100840336134,0,0,0,0,0,0,0,2
00-0037013,Z.Wilson,Zach Wilson,QB,QB,NYJ,2022,16,REG,JAX,9,18,92,0,1,1,1,0,0,0,0,0,0,0,0,0,0,0,0,0,0,0,1.78
00-0037055,L.McCutcheon,Lance McCutcheon,WR,WR,LA,2022,16,REG,DEN,0,0,0,0,0,0,0,0,0,0,0,0,0,0,0,0,0,0,0,0,0,0,0
00-0037078,C.Turner,Cole Turner,TE,TE,WAS,2022,16,REG,SF,0,0,0,0,0,0,0,0,0,0,0,0,0,0,0,0,0,0,0,0,0,0,0
00-0037093,D.Young,Dareke Young,WR,WR,SEA,2022,16,REG,KC,0,0,0,0,0,0,0,0,0,0,0,0,0,0,0,0,0,0,0,0,0,0,0
00-0037132,B.Covey,Britain Covey,WR,WR,PHI,2022,16,REG,DAL,0,0,0,0,0,0,0,0,0,0,0,0,0,0,0,0,0,0,0,0,0,0,0
00-0037157,Z.Knight,Zonovan Knight,RB,RB,NYJ,2022,16,REG,JAX,0,0,0,0,0,6,-2,0,1,1,15,0,3,0.0333333333333333,0.00961538461538462,0,0,0,0,0,0,0,2.3
00-0037197,I.Pacheco,Isiah Pacheco,RB,RB,KC,2022,16,REG,SEA,0,0,0,0,0,14,58,0,1,2,32,0,14,0.0740740740740741,0.0669856459330144,0,0,0,0,0,0,0,10
00-0037228,J.Warren,Jaylen Warren,RB,RB,PIT,2022,16,REG,LV,0,0,0,0,0,6,23,0,1,2,7,0,-1,0.0555555555555556,-0.00480769230769231,0,0,0,0,0,0,0,4
00-0037238,D.London,Drake London,WR,WR,ATL,2022,16,REG,BAL,0,0,0,0,0,0,0,0,7,9,96,0,108,0.290322580645161,0.551020408163265,0,0,1,0,0,0,0,14.6
00-0037240,J.Williams,Jameson Williams,WR,WR,DET,2022,16,REG,CAR,0,0,0,0,0,0,0,0,0,1,0,0,13,0.024390243902439,0.0416666666666667,0,0,0,0,0,0,0,0
00-0037247,G.Pickens,George Pickens,WR,WR,PIT,2022,16,REG,LV,0,0,0,0,0,0,0,0,5,5,57,1,48,0.138888888888889,0.230769230769231,0,0,0,0,0,0,0,16.7
00-0037248,J.Cook,James Cook,RB,RB,BUF,2022,16,REG,CHI,0,0,0,0,0,11,99,1,1,2,9,0,9,0.08,0.0304054054054054,0,0,0,0,0,0,0,17.8
00-0037252,G.Dulcich,Greg Dulcich,TE,TE,DEN,2022,16,REG,LA,0,0,0,0,0,0,0,0,4,8,39,1,89,0.235294117647059,0.241192411924119,0,0,0,0,0,0,0,13.9
00-0037256,R.White,Rachaad White,RB,RB,TB,2022,16,REG,ARI,0,0,0,0,0,7,36,0,4,4,17,1,-9,0.0833333333333333,-0.039647577092511,0,0,0,0,0,0,0,15.3
00-0037257,Dav.Bell,David Bell,WR,WR,CLE,2022,16,REG,NO,0,0,0,0,0,0,0,0,1,2,18,0,21,0.0740740740740741,0.0695364238410596,0,0,0,0,0,0,0,2.8
00-0037261,K.Shakir,Khalil Shakir,WR,WR,BUF,2022,16,REG,CHI,0,0,0,0,0,0,0,0,1,1,5,0,5,0.04,0.0168918918918919,0,0,0,0,0,1,0,3.5
00-0037263,T.Allgeier,Tyler Allgeier,RB,RB,ATL,2022,16,REG,BAL,0,0,0,0,0,18,74,0,4,5,43,0,-7,0.161290322580645,-0.0357142857142857,0,0,0,0,0,0,0,15.7
00-0037265,S.Conner,Snoop Conner,RB,RB,JAX,2022,16,REG,NYJ,0,0,0,0,0,2,5,0,0,0,0,0,0,0,0,0,0,0,0,0,0,0,0.5
00-0037267,J.Ford,Jerome Ford,RB,RB,CLE,2022,16,REG,NO,0,0,0,0,0,0,0,0,0,0,0,0,0,0,0,0,0,0,0,0,0,0,0
00-0037272,M.Washington,Montrell Washington,WR,WR,DEN,2022,16,REG,LA,0,0,0,0,0,0,0,0,0,0,0,0,0,0,0,0,0,0,0,0,0,0,0
00-0037277,T.Quitoriano,Teagan Quitoriano,TE,TE,HOU,2022,16,REG,TEN,0,0,0,0,0,0,0,0,0,1,0,0,32,0.0344827586206897,0.108108108108108,0,0,0,0,0,0,0,0
00-0037282,J.Mitchell,James Mitchell,TE,TE,DET,2022,16,REG,CAR,0,0,0,0,0,0,0,0,2,2,31,0,15,0.0487804878048781,0.0480769230769231,0,0,0,0,0,0,0,5.1
00-0037286,K.Harris,Kevin Harris,RB,RB,NE,2022,16,REG,CIN,0,0,0,0,0,1,3,0,0,0,0,0,0,0,0,0,0,0,0,0,0,0,0.3
00-0037299,K.Ingram,Keaontay Ingram,RB,RB,ARI,2022,16,REG,TB,0,0,0,0,0,1,2,0,0,0,0,0,0,0,0,0,0,0,0,0,0,0,0.2
00-0037300,M.Woods,Mike Woods,WR,WR,CLE,2022,16,REG,NO,0,0,0,0,0,0,0,0,1,1,5,0,5,0.037037037037037,0.0165562913907285,0,0,0,0,0,0,0,1.5
00-0037304,Co.Heyward,Connor Heyward,TE,TE,PIT,2022,16,REG,LV,0,0,0,0,0,1,21,0,0,3,0,0,-1,0.0833333333333333,-0.00480769230769231,0,0,0,0,0,0,0,2.1
00-0037311,K.Kieft,Ko Kieft,TE,TE,TB,2022,16,REG,ARI,0,0,0,0,0,0,0,0,0,0,0,0,0,0,0,0,0,0,0,0,0,0,0
00-0037387,J.Virgil,Jalen Virgil,WR,WR,DEN,2022,16,REG,LA,0,0,0,0,0,0,0,0,0,1,0,0,7,0.0294117647058824,0.018970189701897,0,0,0,0,0,0,0,0
00-0037429,R.Blackshear,Raheem Blackshear,RB,RB,CAR,2022,16,REG,DET,0,0,0,0,0,3,3,1,1,1,12,0,-3,0.0476190476190476,-0.0208333333333333,0,0,0,0,0,0,0,8.5
00-0037487,D.Thompkins,Deven Thompkins,WR,WR,TB,2022,16,REG,ARI,0,0,0,0,0,0,0,0,0,0,0,0,0,0,0,0,0,0,0,0,0,0,0
00-0037525,J.Mason,Jordan Mason,RB,RB,SF,2022,16,REG,WAS,0,0,0,0,0,0,0,0,0,0,0,0,0,0,0,0,0,0,0,0,0,0,0
00-0037545,R.Shaheed,Rashid Shaheed,WR,WR,NO,2022,16,REG,CLE,0,0,0,0,0,0,0,0,4,5,41,0,21,0.357142857142857,0.190909090909091,0,0,0,0,0,0,0,8.1
00-0037594,J.Chestnut,Julius Chestnut,RB,RB,TEN,2022,16,REG,HOU,0,0,0,0,0,0,0,0,0,0,0,0,0,0,0,0,0,0,0,0,0,0,0
00-0037617,H.Haskins,Hassan Haskins,RB,RB,TEN,2022,16,REG,HOU,0,0,0,0,0,0,0,0,2,2,17,0,12,0.1,0.0857142857142857,0,0,0,0,0,0,0,3.7
00-0037664,A.Pierce,Alec Pierce,WR,WR,IND,2022,16,REG,LAC,0,0,0,0,0,0,0,0,3,4,26,0,18,0.142857142857143,0.0740740740740741,0,0,0,0,0,0,0,5.6
00-0037740,G.Wilson,Garrett Wilson,WR,WR,NYJ,2022,16,REG,JAX,0,0,0,0,0,0,0,0,4,9,30,0,101,0.3,0.323717948717949,0,0,1,0,0,0,0,5
00-0037741,J.Dotson,Jahan Dotson,WR,WR,WAS,2022,16,REG,SF,0,0,0,0,0,0,0,0,6,9,76,1,114,0.264705882352941,0.360759493670886,0,0,0,0,0,0,0,19.6
00-0037742,T.Burks,Treylon Burks,WR,WR,TEN,2022,16,REG,HOU,0,0,0,0,0,1,15,0,0,2,0,0,6,0.1,0.0428571428571429,0,0,0,0,0,0,0,1.5
00-0037744,T.McBride,Trey McBride,TE,TE,ARI,2022,16,REG,TB,0,0,0,0,0,0,0,0,3,4,17,0,16,0.0952380952380952,0.0454545454545455,0,0,0,0,0,0,0,4.7
00-0037745,V.Jones,Velus Jones,RB,RB,CHI,2022,16,REG,BUF,0,0,0,0,0,0,0,0,2,4,52,0,73,0.16,0.33953488372093,0,0,0,0,0,0,0,7.2
00-0037746,B.Robinson,Brian Robinson,RB,RB,WAS,2022,16,REG,SF,0,0,0,0,0,22,58,0,0,1,0,0,3,0.0294117647058824,0.00949367088607595,0,0,0,0,0,0,0,5.8
00-0037755,J.Woods,Jelani Woods,TE,TE,IND,2022,16,REG,LAC,0,0,0,0,0,0,0,0,3,5,43,0,84,0.178571428571429,0.345679012345679,0,0,0,0,0,0,0,7.3
00-0037801,K.Turpin,Kavontae Turpin,WR,WR,DAL,2022,16,REG,PHI,0,0,0,0,0,0,0,0,0,0,0,0,0,0,0,0,0,0,0,0,0,0,0
00-0037809,C.Okonkwo,Chigoziem Okonkwo,TE,TE,TEN,2022,16,REG,HOU,0,0,0,0,0,0,0,0,1,2,10,0,9,0.1,0.0642857142857143,0,0,0,0,0,0,0,2
00-0037816,R.Doubs,Romeo Doubs,WR,WR,GB,2022,16,REG,MIA,0,0,0,0,0,0,0,0,3,6,36,0,63,0.157894736842105,0.191489361702128,0,0,0,0,0,0,0,6.6
00-0037827,T.Davis-Price,Tyrion Davis-Price,RB,RB,SF,2022,16,REG,WAS,0,0,0,0,0,9,30,0,0,0,0,0,0,0,0,0,0,0,0,0,0,0,3
00-0037828,D.Gray,Danny Gray,WR,WR,SF,2022,16,REG,WAS,0,0,0,0,0,0,0,0,0,0,0,0,0,0,0,0,0,0,0,0,0,0,0
00-0037834,B.Purdy,Brock Purdy,QB,QB,SF,2022,16,REG,WAS,15,22,234,2,1,1,6,0,0,0,0,0,0,0,0,0,0,0,0,0,0,0,15.96
00-0037838,I.Likely,Isaiah Likely,TE,TE,BAL,2022,16,REG,ATL,0,0,0,0,0,0,0,0,1,2,4,0,10,0.125,0.050251256281407,0,0,0,0,0,0,0,1.4
00-0037840,K.Williams,Kyren Williams,RB,RB,LA,2022,16,REG,DEN,0,0,0,0,0,6,18,0,1,1,3,0,-6,0.0357142857142857,-0.0631578947368421,0,0,0,0,0,0,0,3.1
00-0038041,J.Ferguson,Jake Ferguson,TE,TE,DAL,2022,16,REG,PHI,0,0,0,0,0,0,0,0,1,1,24,0,-1,0.0285714285714286,-0.00395256916996047,0,0,0,0,0,0,0,3.4
00-0038090,S.Moore,Skyy Moore,WR,WR,KC,2022,16,REG,SEA,0,0,0,0,0,0,0,0,1,1,5,0,-3,0.037037037037037,-0.0143540669856459,0,0,0,0,0,0,0,1.5
00-0038098,P.Strong,Pierre Strong,RB,RB,NE,2022,16,REG,CIN,0,0,0,0,0,0,0,0,2,2,10,0,5,0.0645161290322581,0.0130890052356021,0,0,0,0,0,0,0,3
00-0038102,K.Pickett,Kenny Pickett,QB,QB,PIT,2022,16,REG,LV,26,39,244,1,1,3,9,0,0,0,0,0,0,0,0,0,0,0,0,0,0,0,12.66
00-0038104,T.Thornton,Tyquan Thornton,WR,WR,NE,2022,16,REG,CIN,0,0,0,0,0,0,0,0,1,3,8,0,97,0.0967741935483871,0.253926701570681,0,0,0,0,0,0,0,1.8
00-0038115,D.Bellinger,Daniel Bellinger,TE,TE,NYG,2022,16,REG,MIN,0,0,0,0,0,0,0,0,2,2,27,0,18,0.0487804878048781,0.0674157303370787,0,0,1,0,0,1,0,4.7
00-0038122,D.Ridder,Desmond Ridder,QB,QB,ATL,2022,16,REG,BAL,22,33,218,0,0,4,8,0,0,0,0,0,0,0,0,0,0,0,0,0,0,0,9.52
00-0038124,C.Watson,Christian Watson,WR,WR,GB,2022,16,REG,MIA,0,0,0,0,0,0,0,0,6,8,49,0,70,0.210526315789474,0.212765957446809,0,0,0,0,0,0,0,10.9
00-0038128,M.Willis,Malik Willis,QB,QB,TEN,2022,16,REG,HOU,14,23,99,0,2,7,43,1,0,0,0,0,0,0,0,0,0,0,0,0,0,0,10.26
00-0038129,C.Otton,Cade Otton,TE,TE,TB,2022,16,REG,ARI,0,0,0,0,0,0,0,0,2,7,12,0,32,0.145833333333333,0.140969162995595,0,0,0,0,0,0,0,3.2
00-0038134,K.Walker,Kenneth Walker,RB,RB,SEA,2022,16,REG,KC,0,0,0,0,0,26,107,0,2,2,-2,0,-6,0.0526315789473684,-0.0224719101123596,0,0,0,0,0,0,0,12.5
00-0019596,T.Brady,Tom Brady,QB,QB,TB,2022,17,REG,CAR,34,45,432,3,0,3,4,1,0,0,0,0,0,0,0,0,0,0,1,0,0,0,37.68
00-0023459,A.Rodgers,Aaron Rodgers,QB,QB,GB,2022,17,REG,MIN,15,24,159,1,0,1,2,1,0,0,0,0,0,0,0,0,0,0,0,0,0,0,16.56
00-0026189,D.Jackson,DeSean Jackson,WR,WR,BAL,2022,17,REG,PIT,0,0,0,0,0,0,0,0,1,2,9,0,16,0.1,0.103225806451613,0,0,0,0,0,0,0,1.9
00-0026293,M.Slater,Matt Slater,WR,WR,NE,2022,17,REG,MIA,0,0,0,0,0,0,0,0,0,0,0,0,0,0,0,0,0,0,0,0,0,0,0
00-0026544,C.Daniel,Chase Daniel,QB,QB,LAC,2022,17,REG,LA,3,3,27,0,0,0,0,0,0,0,0,0,0,0,0,0,0,0,0,0,0,0,1.08
00-0027691,A.Roberts,Andre Roberts,WR,WR,CAR,2022,17,REG,TB,0,0,0,0,0,0,0,0,0,0,0,0,0,0,0,0,0,0,0,0,0,0,0
00-0027942,A.Green,A.J. Green,WR,WR,ARI,2022,17,REG,ATL,0,0,0,0,0,0,0,0,2,2,17,0,15,0.0526315789473684,0.0396825396825397,0,0,0,0,0,0,0,3.7
00-0027944,J.Jones,Julio Jones,WR,WR,TB,2022,17,REG,CAR,0,0,0,0,0,1,13,0,1,2,10,0,16,0.0476190476190476,0.0454545454545455,0,0,0,0,0,0,0,3.3
00-0027973,A.Dalton,Andy Dalton,QB,QB,NO,2022,17,REG,PHI,18,22,205,0,1,2,-2,0,0,0,0,0,0,0,0,0,0,0,0,0,0,0,6
00-0028002,R.Cobb,Randall Cobb,WR,WR,GB,2022,17,REG,MIN,0,0,0,0,0,0,0,0,2,2,20,0,10,0.0769230769230769,0.037037037037037,0,0,0,0,0,0,0,4
00-0029239,B.Bolden,Brandon Bolden,RB,RB,LV,2022,17,REG,SF,0,0,0,0,0,8,32,0,0,0,0,0,0,0,0,0,0,0,0,0,0,0,3.2
00-0029263,R.Wilson,Russell Wilson,QB,QB,DEN,2022,17,REG,KC,26,38,222,1,1,4,27,2,0,0,0,0,0,0,0,1,0,0,0,0,0,0,23.58
00-0029293,M.Jones,Marvin Jones,WR,WR,JAX,2022,17,REG,HOU,0,0,0,0,0,0,0,0,6,7,61,0,63,0.25,0.39873417721519,0,0,0,0,0,0,0,12.1
00-0029567,N.Foles,Nick Foles,QB,QB,IND,2022,17,REG,NYG,8,13,81,0,1,1,8,0,0,0,0,0,0,0,0,0,0,0,0,0,0,0,2.04
00-0029604,K.Cousins,Kirk Cousins,QB,QB,MIN,2022,17,REG,GB,18,31,205,1,3,3,37,0,0,0,0,0,0,0,0,1,0,0,0,0,0,0,7.9
00-0029608,T.Hilton,T.Y. Hilton,WR,WR,DAL,2022,17,REG,TEN,0,0,0,0,0,0,0,0,4,5,50,0,54,0.121951219512195,0.175895765472313,0,0,0,0,0,0,0,9
00-0030035,A.Thielen,Adam Thielen,WR,WR,MIN,2022,17,REG,GB,0,0,0,0,0,0,0,0,1,4,16,0,56,0.114285714285714,0.187290969899666,0,0,0,0,0,0,0,2.6
00-0030108,R.Griffin,Ryan Griffin,TE,TE,CHI,2022,17,REG,DET,0,0,0,0,0,0,0,0,0,1,0,0,4,0.0555555555555556,0.0192307692307692,0,0,0,0,0,0,0,0
00-0030279,K.Allen,Keenan Allen,WR,WR,LAC,2022,17,REG,LA,0,0,0,0,0,1,8,0,5,6,60,0,49,0.193548387096774,0.256544502617801,0,0,0,0,0,0,0,11.8
00-0030288,R.Burkhead,Rex Burkhead,RB,RB,HOU,2022,17,REG,JAX,0,0,0,0,0,0,0,0,3,5,10,0,6,0.119047619047619,0.0171919770773639,0,0,0,0,0,0,0,4
00-0030431,R.Woods,Robert Woods,WR,WR,TEN,2022,17,REG,DAL,0,0,0,0,0,0,0,0,5,9,39,1,78,0.236842105263158,0.222222222222222,0,0,0,0,0,0,0,14.9
00-0030506,T.Kelce,Travis Kelce,TE,TE,KC,2022,17,REG,DEN,0,0,0,0,0,0,0,0,7,10,43,0,61,0.24390243902439,0.194888178913738,0,0,0,0,0,0,0,11.3
00-0030513,L.Murray,Latavius Murray,RB,RB,DEN,2022,17,REG,KC,0,0,0,0,0,12,56,0,4,6,16,0,-11,0.166666666666667,-0.0572916666666667,0,0,0,0,0,0,0,11.2
00-0030565,G.Smith,Geno Smith,QB,QB,SEA,2022,17,REG,NYJ,18,29,183,2,0,5,18,0,0,0,0,0,0,0,0,0,0,0,0,0,0,0,17.12
00-0030578,C.Patterson,Cordarrelle Patterson,RB,RB,ATL,2022,17,REG,ARI,0,0,0,0,0,9,42,1,6,8,42,0,11,0.32,0.0718954248366013,0,0,0,0,0,0,0,20.4
00-0031236,B.Cooks,Brandin Cooks,WR,WR,HOU,2022,17,REG,JAX,0,0,0,0,0,0,0,0,4,7,39,0,108,0.166666666666667,0.30945558739255,0,0,0,0,0,0,0,7.9
00-0031237,T.Bridgewater,Teddy Bridgewater,QB,QB,MIA,2022,17,REG,NE,12,19,161,1,1,1,6,0,0,0,0,0,0,0,0,0,0,0,0,0,0,0,9.04
00-0031260,L.Thomas,Logan Thomas,TE,TE,WAS,2022,17,REG,CLE,0,0,0,0,0,0,0,0,6,7,56,0,33,0.25,0.142241379310345,0,0,0,0,0,0,0,11.6
00-0031376,J.McKinnon,Jerick McKinnon,RB,RB,KC,2022,17,REG,DEN,0,0,0,0,0,2,4,0,5,6,52,2,19,0.146341463414634,0.060702875399361,0,0,0,0,0,0,0,22.6
00-0031381,D.Adams,Davante Adams,WR,WR,LV,2022,17,REG,SF,0,0,0,0,0,0,0,0,7,11,153,2,166,0.34375,0.482558139534884,0,0,0,0,0,0,0,34.3
00-0031408,M.Evans,Mike Evans,WR,WR,TB,2022,17,REG,CAR,0,0,0,0,0,0,0,0,10,12,207,3,220,0.285714285714286,0.625,0,0,0,0,0,0,0,48.7
00-0031544,A.Cooper,Amari Cooper,WR,WR,CLE,2022,17,REG,WAS,0,0,0,0,0,0,0,0,3,4,105,2,71,0.25,0.62280701754386,0,0,0,0,0,0,0,25.5
00-0031549,N.Agholor,Nelson Agholor,WR,WR,NE,2022,17,REG,MIA,0,0,0,0,0,0,0,0,0,1,0,0,37,0.03125,0.128472222222222,0,0,0,0,0,0,0,0
00-0031585,M.Pruitt,MyCole Pruitt,TE,TE,ATL,2022,17,REG,ARI,0,0,0,0,0,0,0,0,4,4,49,0,23,0.16,0.150326797385621,0,0,0,0,0,0,0,8.9
00-0031610,D.Waller,Darren Waller,TE,TE,LV,2022,17,REG,SF,0,0,0,0,0,0,0,0,3,5,72,1,105,0.15625,0.305232558139535,0,0,0,0,0,0,0,16.2
00-0031687,R.Mostert,Raheem Mostert,RB,RB,MIA,2022,17,REG,NE,0,0,0,0,0,9,29,0,8,8,62,1,6,0.2,0.0188679245283019,0,0,0,0,0,0,0,23.1
00-0031763,D.Carter,DeAndre Carter,WR,WR,LAC,2022,17,REG,LA,0,0,0,0,0,0,0,0,2,3,14,0,-4,0.0967741935483871,-0.0209424083769634,0,0,0,0,0,0,0,3.4
00-0031806,M.Brown,Malcolm Brown,RB,RB,LA,2022,17,REG,LAC,0,0,0,0,0,1,23,1,0,0,0,0,0,0,0,0,0,0,0,0,0,0,8.3
00-0031868,D.Byrd,Damiere Byrd,WR,WR,ATL,2022,17,REG,ARI,0,0,0,0,0,0,0,0,1,2,12,0,51,0.08,0.333333333333333,0,0,0,0,0,0,0,2.2
00-0032062,B.Bell,Blake Bell,TE,TE,KC,2022,17,REG,DEN,0,0,0,0,0,0,0,0,1,1,17,1,12,0.024390243902439,0.0383386581469649,0,0,0,0,0,0,0,8.7
00-0032134,C.Uzomah,C.J. Uzomah,TE,TE,NYJ,2022,17,REG,SEA,0,0,0,0,0,0,0,0,3,7,24,0,61,0.155555555555556,0.171830985915493,0,0,0,0,0,0,0,5.4
00-0032141,G.Swaim,Geoff Swaim,TE,TE,TEN,2022,17,REG,DAL,0,0,0,0,0,0,0,0,1,1,4,0,1,0.0263157894736842,0.00284900284900285,0,0,0,0,0,0,0,1.4
00-0032208,P.Dorsett,Phillip Dorsett,WR,WR,HOU,2022,17,REG,JAX,0,0,0,0,0,0,0,0,3,6,14,0,16,0.142857142857143,0.0458452722063037,0,0,0,0,0,0,0,4.4
00-0032211,T.Lockett,Tyler Lockett,WR,WR,SEA,2022,17,REG,NYJ,0,0,0,0,0,0,0,0,2,2,15,0,8,0.0714285714285714,0.0297397769516729,0,0,0,0,0,0,0,3.5
00-0032392,A.Hooper,Austin Hooper,TE,TE,TEN,2022,17,REG,DAL,0,0,0,0,0,0,0,0,1,6,6,0,41,0.157894736842105,0.116809116809117,0,0,0,0,0,0,0,1.6
00-0032398,C.Moore,Chris Moore,WR,WR,HOU,2022,17,REG,JAX,0,0,0,0,0,0,0,0,3,5,21,0,63,0.119047619047619,0.180515759312321,0,0,0,0,0,0,0,5.1
00-0032436,J.Driskel,Jeff Driskel,QB,QB,HOU,2022,17,REG,JAX,3,4,9,0,0,2,7,0,0,0,0,0,0,0,0,0,0,0,0,0,0,0,1.06
00-0032464,K.Raymond,Kalif Raymond,WR,WR,DET,2022,17,REG,CHI,0,0,0,0,0,1,4,0,3,3,40,0,22,0.103448275862069,0.114583333333333,0,0,0,0,0,0,0,7.4
00-0032688,R.Anderson,Robbie Chosen,WR,WR,ARI,2022,17,REG,ATL,0,0,0,0,0,0,0,0,1,1,13,0,12,0.0263157894736842,0.0317460317460317,0,0,0,0,0,0,0,2.3
00-0032775,D.Robinson,Demarcus Robinson,WR,WR,BAL,2022,17,REG,PIT,0,0,0,0,0,0,0,0,1,3,9,0,39,0.15,0.251612903225806,0,0,0,0,0,0,0,1.9
00-0032792,N.Sudfeld,Nate Sudfeld,QB,QB,DET,2022,17,REG,CHI,0,0,0,0,0,3,-3,0,0,0,0,0,0,0,0,0,0,0,0,0,0,0,-0.3
00-0032950,C.Wentz,Carson Wentz,QB,QB,WAS,2022,17,REG,CLE,16,28,143,0,3,3,7,1,0,0,0,0,0,0,0,0,0,0,0,0,0,0,6.42
00-0032951,L.Treadwell,Laquon Treadwell,WR,WR,SEA,2022,17,REG,NYJ,0,0,0,0,0,0,0,0,2,2,15,0,7,0.0714285714285714,0.0260223048327138,0,0,0,0,0,0,0,3.5
00-0032975,J.Williams,Jonathan Williams,RB,RB,WAS,2022,17,REG,CLE,0,0,0,0,0,9,30,0,3,5,3,0,-2,0.178571428571429,-0.00862068965517241,0,0,0,0,0,0,0,6.3
00-0033040,T.Hill,Tyreek Hill,WR,WR,MIA,2022,17,REG,NE,0,0,0,0,0,1,2,1,4,7,55,0,134,0.175,0.421383647798742,0,0,0,0,0,0,0,15.7
00-0033045,E.Elliott,Ezekiel Elliott,RB,RB,DAL,2022,17,REG,TEN,0,0,0,0,0,19,37,1,0,0,0,0,0,0,0,0,0,0,0,0,0,0,9.7
00-0033077,D.Prescott,Dak Prescott,QB,QB,DAL,2022,17,REG,TEN,29,41,282,2,2,3,11,0,0,0,0,0,0,0,0,0,1,0,0,0,0,0,14.38
00-0033090,H.Henry,Hunter Henry,TE,TE,NE,2022,17,REG,MIA,0,0,0,0,0,0,0,0,5,6,52,0,46,0.1875,0.159722222222222,0,0,0,0,0,0,0,10.2
00-0033106,J.Goff,Jared Goff,QB,QB,DET,2022,17,REG,CHI,21,29,255,3,0,1,2,0,0,0,0,0,0,0,0,0,0,0,0,0,0,0,22.4
00-0033110,T.Higbee,Tyler Higbee,TE,TE,LA,2022,17,REG,LAC,0,0,0,0,0,0,0,0,3,4,11,0,8,0.222222222222222,0.0363636363636364,0,0,0,0,0,0,0,4.1
00-0033111,P.Cooper,Pharoh Cooper,WR,WR,ARI,2022,17,REG,ATL,0,0,0,0,0,2,8,0,0,0,0,0,0,0,0,0,0,0,0,0,0,0,0.8
00-0033119,J.Brissett,Jacoby Brissett,QB,QB,CLE,2022,17,REG,WAS,0,0,0,0,0,1,2,0,0,0,0,0,0,0,0,0,0,0,0,0,0,0,0.2
00-0033217,M.Alie-Cox,Mo Alie-Cox,TE,TE,IND,2022,17,REG,NYG,0,0,0,0,0,0,0,0,0,1,0,0,13,0.037037037037037,0.0702702702702703,0,0,0,0,0,0,0,0
00-0033251,Z.Pascal,Zach Pascal,WR,WR,PHI,2022,17,REG,NO,0,0,0,0,0,0,0,0,0,0,0,0,0,0,0,0,0,0,0,0,0,0,0
00-0033280,C.McCaffrey,Christian McCaffrey,RB,RB,SF,2022,17,REG,LV,0,0,0,0,0,19,121,1,6,9,72,0,8,0.264705882352941,0.0296296296296296,0,0,0,0,0,0,0,31.3
00-0033282,C.Samuel,Curtis Samuel,WR,WR,WAS,2022,17,REG,CLE,0,0,0,0,0,0,0,0,1,2,6,0,39,0.0714285714285714,0.168103448275862,0,0,0,0,0,0,0,1.6
00-0033288,G.Kittle,George Kittle,TE,TE,SF,2022,17,REG,LV,0,0,0,0,0,0,0,0,4,8,23,1,69,0.235294117647059,0.255555555555556,0,0,0,0,0,0,0,12.3
00-0033293,A.Jones,Aaron Jones,RB,RB,GB,2022,17,REG,MIN,0,0,0,0,0,14,111,0,2,3,2,0,19,0.115384615384615,0.0703703703703704,0,0,0,0,0,0,0,13.3
00-0033307,K.Bourne,Kendrick Bourne,WR,WR,NE,2022,17,REG,MIA,0,0,0,0,0,1,2,0,1,2,16,0,-5,0.0625,-0.0173611111111111,0,0,0,0,0,0,0,2.8
00-0033308,M.Breida,Matt Breida,RB,RB,NYG,2022,17,REG,IND,0,0,0,0,0,9,59,0,1,1,8,0,-1,0.0434782608695652,-0.00694444444444444,0,0,0,0,0,0,0,7.7
00-0033319,N.Mullens,Nick Mullens,QB,QB,MIN,2022,17,REG,GB,4,4,57,1,0,0,0,0,0,0,0,0,0,0,0,0,0,0,0,0,0,0,6.28
00-0033357,T.Hill,Taysom Hill,TE,TE,NO,2022,17,REG,PHI,2,2,24,0,0,14,46,1,1,1,10,0,0,0.0434782608695652,0,0,0,0,0,0,0,0,13.56
00-0033536,M.Williams,Mike Williams,WR,WR,LAC,2022,17,REG,LA,0,0,0,0,0,0,0,0,7,10,94,0,116,0.32258064516129,0.607329842931937,0,0,0,0,0,0,0,16.4
00-0033537,D.Watson,Deshaun Watson,QB,QB,CLE,2022,17,REG,WAS,9,18,169,3,0,8,31,0,0,0,0,0,0,0,0,0,0,0,0,0,0,0,21.86
00-0033553,J.Conner,James Conner,RB,RB,ARI,2022,17,REG,ATL,0,0,0,0,0,16,79,0,3,3,31,0,0,0.0789473684210526,0,0,0,0,0,0,0,0,14
00-0033555,M.Hollins,Mack Hollins,WR,WR,LV,2022,17,REG,SF,0,0,0,0,0,0,0,0,3,4,40,0,39,0.125,0.113372093023256,0,0,0,0,0,0,0,7
00-0033572,J.Agnew,Jamal Agnew,WR,WR,JAX,2022,17,REG,HOU,0,0,0,0,0,2,-6,0,1,1,4,0,-5,0.0357142857142857,-0.0316455696202532,0,0,0,0,0,0,0,0.8
00-0033576,E.Saubert,Eric Saubert,TE,TE,DEN,2022,17,REG,KC,0,0,0,0,0,0,0,0,3,3,30,0,14,0.0833333333333333,0.0729166666666667,0,0,0,0,0,0,0,6
00-0033591,N.Brown,Noah Brown,WR,WR,DAL,2022,17,REG,TEN,0,0,0,0,0,0,0,0,1,4,7,0,25,0.0975609756097561,0.0814332247557003,0,0,0,0,0,0,0,1.7
00-0033699,A.Ekeler,Austin Ekeler,RB,RB,LAC,2022,17,REG,LA,0,0,0,0,0,10,122,2,4,4,39,0,2,0.129032258064516,0.0104712041884817,0,0,0,0,0,0,0,32.1
00-0033725,C.Clement,Corey Clement,RB,RB,ARI,2022,17,REG,ATL,0,0,0,0,0,7,32,0,0,1,0,0,3,0.0263157894736842,0.00793650793650794,0,0,0,0,0,0,0,3.2
00-0033757,R.Tonyan,Robert Tonyan,TE,TE,GB,2022,17,REG,MIN,0,0,0,0,0,0,0,0,3,4,52,1,39,0.153846153846154,0.144444444444444,0,0,0,0,0,0,0,14.2
00-0033854,D.Ogunbowale,Dare Ogunbowale,RB,RB,HOU,2022,17,REG,JAX,0,0,0,0,0,7,21,0,2,3,4,0,3,0.0714285714285714,0.00859598853868195,0,0,0,0,0,0,0,4.5
00-0033856,L.Fournette,Leonard Fournette,RB,RB,TB,2022,17,REG,CAR,0,0,0,0,0,10,28,0,4,4,19,0,3,0.0952380952380952,0.00852272727272727,0,0,0,0,0,0,0,8.7
00-0033857,J.Smith-Schuster,JuJu Smith-Schuster,WR,WR,KC,2022,17,REG,DEN,0,0,0,0,0,0,0,0,2,3,21,0,16,0.0731707317073171,0.0511182108626198,0,0,0,0,0,0,0,4.1
00-0033871,C.Davis,Corey Davis,WR,WR,NYJ,2022,17,REG,SEA,0,0,0,0,0,0,0,0,3,6,45,0,83,0.133333333333333,0.233802816901408,0,0,0,0,0,0,0,7.5
00-0033873,P.Mahomes,Patrick Mahomes,QB,QB,KC,2022,17,REG,DEN,29,42,328,3,1,4,8,0,1,1,6,0,-9,0.024390243902439,-0.0287539936102236,0,0,0,0,0,0,0,25.52
00-0033879,O.Howard,O.J. Howard,TE,TE,HOU,2022,17,REG,JAX,0,0,0,0,0,0,0,0,1,2,26,0,7,0.0476190476190476,0.0200573065902579,0,0,0,0,0,0,0,3.6
00-0033881,E.Engram,Evan Engram,TE,TE,JAX,2022,17,REG,HOU,0,0,0,0,0,1,13,0,1,2,16,0,18,0.0714285714285714,0.113924050632911,0,0,0,0,0,0,0,3.9
00-0033885,D.Njoku,David Njoku,TE,TE,CLE,2022,17,REG,WAS,0,0,0,0,0,0,0,0,1,3,21,0,34,0.1875,0.298245614035088,0,0,0,0,0,0,0,3.1
00-0033891,Z.Jones,Zay Jones,WR,WR,JAX,2022,17,REG,HOU,0,0,0,0,0,0,0,0,3,5,24,0,47,0.178571428571429,0.29746835443038,0,0,0,0,0,0,0,5.4
00-0033893,D.Cook,Dalvin Cook,RB,RB,MIN,2022,17,REG,GB,0,0,0,0,0,9,27,0,2,3,17,0,-1,0.0857142857142857,-0.00334448160535117,0,0,0,0,0,0,0,6.4
00-0033895,G.Everett,Gerald Everett,TE,TE,LAC,2022,17,REG,LA,0,0,0,0,0,0,0,0,3,3,15,1,9,0.0967741935483871,0.0471204188481675,0,0,0,0,0,0,0,10.5
00-0033906,A.Kamara,Alvin Kamara,RB,RB,NO,2022,17,REG,PHI,0,0,0,0,0,16,73,0,1,1,7,0,-5,0.0434782608695652,-0.032258064516129,0,0,0,0,0,0,0,9
00-0033921,C.Godwin,Chris Godwin,WR,WR,TB,2022,17,REG,CAR,0,0,0,0,0,0,0,0,9,9,120,0,51,0.214285714285714,0.144886363636364,0,0,1,0,0,1,0,21
00-0033923,K.Hunt,Kareem Hunt,RB,RB,CLE,2022,17,REG,WAS,0,0,0,0,0,2,0,0,1,1,-1,0,-5,0.0625,-0.043859649122807,0,0,0,0,0,0,0,0.9
00-0033925,D.Foreman,D'Onta Foreman,RB,RB,CAR,2022,17,REG,TB,0,0,0,0,0,13,35,0,0,0,0,0,0,0,0,0,0,0,0,0,0,0,3.5
00-0033936,C.Beathard,C.J. Beathard,QB,QB,JAX,2022,17,REG,HOU,5,8,29,0,1,0,0,0,0,0,0,0,0,0,0,0,0,0,0,0,0,0,-0.84
00-0033943,J.Reynolds,Josh Reynolds,WR,WR,DET,2022,17,REG,CHI,0,0,0,0,0,0,0,0,1,1,5,0,4,0.0344827586206897,0.0208333333333333,0,0,0,0,0,0,0,1.5
00-0033948,Ja.Williams,Jamaal Williams,RB,RB,DET,2022,17,REG,CHI,0,0,0,0,0,22,144,1,1,1,13,0,0,0.0344827586206897,0,0,0,0,0,0,0,0,22.7
00-0033949,J.Dobbs,Joshua Dobbs,QB,QB,TEN,2022,17,REG,DAL,20,39,232,1,1,3,12,0,0,0,0,0,0,0,0,1,0,0,0,0,0,0,10.48
00-0033951,M.Mack,Marlon Mack,RB,RB,DEN,2022,17,REG,KC,0,0,0,0,0,0,0,0,0,0,0,0,0,0,0,0,0,0,0,0,0,0,0
00-0034011,D.Arnold,Dan Arnold,TE,TE,JAX,2022,17,REG,HOU,0,0,0,0,0,0,0,0,0,1,0,0,21,0.0357142857142857,0.132911392405063,0,0,0,0,0,0,0,0
00-0034104,C.Sims,Cam Sims,WR,WR,WAS,2022,17,REG,CLE,0,0,0,0,0,0,0,0,1,1,16,0,16,0.0357142857142857,0.0689655172413793,0,0,0,0,0,0,0,2.6
00-0034115,J.Wilson,Jeffery Wilson,RB,RB,MIA,2022,17,REG,NE,0,0,0,0,0,15,45,0,3,7,31,0,20,0.175,0.0628930817610063,0,0,0,0,0,0,0,10.6
00-0034184,G.Edwards,Gus Edwards,RB,RB,BAL,2022,17,REG,PIT,0,0,0,0,0,3,2,0,0,0,0,0,0,0,0,0,0,0,0,0,0,0,0.2
00-0034270,T.Conklin,Tyler Conklin,TE,TE,NYJ,2022,17,REG,SEA,0,0,0,0,0,0,0,0,6,6,80,0,46,0.133333333333333,0.129577464788732,0,0,0,0,0,0,0,14
00-0034272,M.Valdes-Scantling,Marquez Valdes-Scantling,WR,WR,KC,2022,17,REG,DEN,0,0,0,0,0,0,0,0,2,7,28,0,114,0.170731707317073,0.364217252396166,0,0,0,0,0,0,0,4.8
00-0034279,E.St. Brown,Equanimeous St. Brown,WR,WR,CHI,2022,17,REG,DET,0,0,0,0,0,0,0,0,2,3,20,0,24,0.166666666666667,0.115384615384615,0,0,0,0,0,0,0,4
00-0034286,R.James,Richie James,WR,WR,NYG,2022,17,REG,IND,0,0,0,0,0,0,0,0,7,7,76,1,46,0.304347826086957,0.319444444444444,0,0,0,0,0,0,0,20.6
00-0034297,B.Pringle,Byron Pringle,WR,WR,CHI,2022,17,REG,DET,0,0,0,0,0,0,0,0,0,4,0,0,61,0.222222222222222,0.293269230769231,0,0,0,0,0,0,0,0
00-0034348,C.Sutton,Courtland Sutton,WR,WR,DEN,2022,17,REG,KC,0,0,0,0,0,0,0,0,4,6,44,0,66,0.166666666666667,0.34375,0,0,0,0,0,0,0,8.4
00-0034351,D.Goedert,Dallas Goedert,TE,TE,PHI,2022,17,REG,NO,0,0,0,0,0,0,0,0,3,6,45,0,71,0.1875,0.237458193979933,0,0,0,0,0,0,0,7.5
00-0034364,J.Akins,Jordan Akins,TE,TE,HOU,2022,17,REG,JAX,0,0,0,0,0,0,0,0,2,3,38,0,51,0.0714285714285714,0.146131805157593,0,0,0,0,0,0,0,5.8
00-0034365,I.Thomas,Ian Thomas,TE,TE,CAR,2022,17,REG,TB,0,0,0,0,0,0,0,0,1,1,9,0,1,0.032258064516129,0.00307692307692308,0,0,0,0,0,0,0,1.9
00-0034383,D.Schultz,Dalton Schultz,TE,TE,DAL,2022,17,REG,TEN,0,0,0,0,0,0,0,0,7,10,56,2,42,0.24390243902439,0.136807817589577,0,0,0,0,0,0,0,24.6
00-0034386,Ju.Watson,Justin Watson,WR,WR,KC,2022,17,REG,DEN,0,0,0,0,0,0,0,0,1,2,27,0,37,0.0487804878048781,0.118210862619808,0,0,0,0,0,0,0,3.7
00-0034400,J.Wilkins,Jordan Wilkins,RB,RB,IND,2022,17,REG,NYG,0,0,0,0,0,6,23,0,2,2,14,0,-4,0.0740740740740741,-0.0216216216216216,0,0,0,0,0,0,0,5.7
00-0034401,M.White,Mike White,QB,QB,NYJ,2022,17,REG,SEA,23,46,240,0,2,0,0,0,0,0,0,0,0,0,0,1,0,0,0,0,0,0,3.6
00-0034407,R.McCloud,Ray-Ray McCloud,WR,WR,SF,2022,17,REG,LV,0,0,0,0,0,0,0,0,1,2,42,0,9,0.0588235294117647,0.0333333333333333,0,0,0,0,0,0,0,5.2
00-0034411,R.Gage,Russell Gage,WR,WR,TB,2022,17,REG,CAR,0,0,0,0,0,0,0,0,3,3,33,0,15,0.0714285714285714,0.0426136363636364,0,0,0,0,0,0,0,6.3
00-0034414,B.Scott,Boston Scott,RB,RB,PHI,2022,17,REG,NO,0,0,0,0,0,2,6,0,0,1,0,0,-5,0.03125,-0.0167224080267559,0,0,0,0,0,0,0,0.6
00-0034418,C.Wilson,Cedrick Wilson,WR,WR,MIA,2022,17,REG,NE,0,0,0,0,0,0,0,0,0,0,0,0,0,0,0,0,0,0,0,0,0,0,0
00-0034419,B.Berrios,Braxton Berrios,WR,WR,NYJ,2022,17,REG,SEA,0,0,0,0,0,0,0,0,1,1,24,0,7,0.0222222222222222,0.0197183098591549,0,0,0,0,0,0,0,3.4
00-0034487,T.Sherfield,Trent Sherfield,WR,WR,MIA,2022,17,REG,NE,0,0,0,0,0,0,0,0,2,6,30,0,70,0.15,0.220125786163522,0,0,0,0,0,0,0,5
00-0034521,A.Lazard,Allen Lazard,WR,WR,GB,2022,17,REG,MIN,0,0,0,0,0,0,0,0,5,6,59,0,53,0.230769230769231,0.196296296296296,0,0,0,0,0,0,0,10.9
00-0034614,G.Igwebuike,Godwin Igwebuike,RB,RB,SEA,2022,17,REG,NYJ,0,0,0,0,0,3,4,0,1,1,3,0,3,0.0357142857142857,0.0111524163568773,0,0,0,0,0,0,0,1.7
00-0034646,B.Powell,Brandon Powell,WR,WR,LA,2022,17,REG,LAC,0,0,0,0,0,1,6,0,1,2,3,0,11,0.111111111111111,0.05,0,0,0,0,0,0,0,1.9
00-0034681,C.Edmonds,Chase Edmonds,RB,RB,DEN,2022,17,REG,KC,0,0,0,0,0,7,34,0,3,3,39,0,11,0.0833333333333333,0.0572916666666667,0,0,0,0,0,0,0,10.3
00-0034753,M.Andrews,Mark Andrews,TE,TE,BAL,2022,17,REG,PIT,0,0,0,0,0,0,0,0,9,9,100,0,67,0.45,0.432258064516129,0,0,0,0,0,0,0,19
00-0034764,M.Gallup,Michael Gallup,WR,WR,DAL,2022,17,REG,TEN,0,0,0,0,0,0,0,0,3,4,39,0,45,0.0975609756097561,0.146579804560261,0,0,0,0,0,0,0,6.9
00-0034775,C.Kirk,Christian Kirk,WR,WR,JAX,2022,17,REG,HOU,0,0,0,0,0,0,0,0,2,3,21,0,16,0.107142857142857,0.10126582278481,0,0,0,0,0,0,0,4.1
00-0034777,D.Chark,D.J. Chark,WR,WR,DET,2022,17,REG,CHI,0,0,0,0,0,0,0,0,2,4,56,0,64,0.137931034482759,0.333333333333333,0,0,0,0,0,0,0,7.6
00-0034791,N.Chubb,Nick Chubb,RB,RB,CLE,2022,17,REG,WAS,0,0,0,0,0,14,104,0,1,1,12,0,-3,0.0625,-0.0263157894736842,0,0,0,0,0,0,0,12.6
00-0034798,D.Smythe,Durham Smythe,TE,TE,MIA,2022,17,REG,NE,0,0,0,0,0,0,0,0,1,1,9,0,3,0.025,0.00943396226415094,0,0,0,0,0,0,0,1.9
00-0034816,R.Jones,Ronald Jones,RB,RB,KC,2022,17,REG,DEN,0,0,0,0,0,1,3,0,0,0,0,0,0,0,0,0,0,0,0,0,0,0,0.3
00-0034827,D.Moore,D.J. Moore,WR,WR,CAR,2022,17,REG,TB,0,0,0,0,0,0,0,0,6,10,117,1,128,0.32258064516129,0.393846153846154,0,0,0,0,0,0,0,23.7
00-0034829,M.Gesicki,Mike Gesicki,TE,TE,MIA,2022,17,REG,NE,0,0,0,0,0,0,0,0,2,4,18,1,32,0.1,0.10062893081761,0,0,0,0,0,0,0,9.8
00-0034838,R.Freeman,Royce Freeman,RB,RB,HOU,2022,17,REG,JAX,0,0,0,0,0,7,19,0,3,5,20,0,0,0.119047619047619,0,0,0,0,0,0,0,0,6.9
00-0034844,S.Barkley,Saquon Barkley,RB,RB,NYG,2022,17,REG,IND,0,0,0,0,0,12,58,0,2,4,-5,0,-12,0.173913043478261,-0.0833333333333333,0,0,0,0,0,0,0,7.3
00-0034854,K.Hodge,KhaDarel Hodge,WR,WR,ATL,2022,17,REG,ARI,0,0,0,0,0,0,0,0,1,1,5,0,5,0.04,0.0326797385620915,0,0,0,0,0,0,0,1.5
00-0034855,B.Mayfield,Baker Mayfield,QB,QB,LA,2022,17,REG,LAC,11,19,132,0,0,3,8,0,0,0,0,0,0,0,0,1,0,0,0,0,0,0,4.08
00-0034860,D.Pettis,Dante Pettis,WR,WR,CHI,2022,17,REG,DET,0,0,0,0,0,0,0,0,0,1,0,0,5,0.0555555555555556,0.0240384615384615,0,0,0,0,0,0,0,0
00-0034869,S.Darnold,Sam Darnold,QB,QB,CAR,2022,17,REG,TB,23,37,341,3,1,5,20,0,0,0,0,0,0,0,0,1,1,0,0,0,0,0,21.64
00-0034928,S.Sims,Steven Sims,WR,WR,PIT,2022,17,REG,BAL,0,0,0,0,0,0,0,0,3,4,34,0,34,0.148148148148148,0.152466367713004,0,0,0,0,0,0,0,6.4
00-0034960,J.Meyers,Jakobi Meyers,WR,WR,NE,2022,17,REG,MIA,0,0,0,0,0,0,0,0,6,9,49,1,52,0.28125,0.180555555555556,0,0,0,0,0,0,0,16.9
00-0034972,A.Mattison,Alexander Mattison,RB,RB,MIN,2022,17,REG,GB,0,0,0,0,0,8,38,0,1,1,7,0,-5,0.0285714285714286,-0.0167224080267559,0,0,0,0,0,0,0,5.5
00-0034975,J.Hill,Justice Hill,RB,RB,BAL,2022,17,REG,PIT,0,0,0,0,0,0,0,0,0,0,0,0,0,0,0,0,0,0,0,0,0,0,0
00-0034981,F.Moreau,Foster Moreau,TE,TE,LV,2022,17,REG,SF,0,0,0,0,0,0,0,0,3,3,55,0,16,0.09375,0.0465116279069768,0,0,0,0,0,0,0,8.5
00-0034983,H.Renfrow,Hunter Renfrow,WR,WR,LV,2022,17,REG,SF,0,0,0,0,0,0,0,0,3,4,19,0,5,0.125,0.0145348837209302,0,0,0,0,0,0,0,4.9
00-0035040,D.Blough,David Blough,QB,QB,ARI,2022,17,REG,ATL,24,40,222,1,0,2,7,0,0,0,0,0,0,0,0,0,0,0,0,0,0,0,13.58
00-0035216,D.Johnson,Diontae Johnson,WR,WR,PIT,2022,17,REG,BAL,0,0,0,0,0,0,0,0,2,7,35,0,82,0.259259259259259,0.367713004484305,0,0,0,0,0,0,0,5.5
00-0035229,T.Hockenson,T.J. Hockenson,TE,TE,MIN,2022,17,REG,GB,0,0,0,0,0,0,0,0,7,12,59,0,99,0.342857142857143,0.331103678929766,0,0,0,0,0,0,0,12.9
00-0035243,M.Sanders,Miles Sanders,RB,RB,PHI,2022,17,REG,NO,0,0,0,0,0,12,61,0,0,0,0,0,0,0,0,0,0,0,0,0,0,0,6.1
00-0035249,J.Oliver,Josh Oliver,TE,TE,BAL,2022,17,REG,PIT,0,0,0,0,0,0,0,0,0,1,0,0,25,0.05,0.161290322580645,0,0,0,0,0,0,0,0
00-0035259,T.Wesco,Trevon Wesco,TE,TE,CHI,2022,17,REG,DET,0,0,0,0,0,0,0,0,0,0,0,0,0,0,0,0,0,0,0,0,0,0,0
00-0035264,J.Stidham,Jarrett Stidham,QB,QB,LV,2022,17,REG,SF,23,34,365,3,2,7,34,0,0,0,0,0,0,0,0,0,0,0,0,0,0,0,26
00-0035273,Q.Ollison,Qadree Ollison,RB,RB,DAL,2022,17,REG,TEN,0,0,0,0,0,0,0,0,0,0,0,0,0,0,0,0,0,0,0,0,0,0,0
00-0035289,G.Minshew,Gardner Minshew,QB,QB,PHI,2022,17,REG,NO,18,32,274,1,1,1,0,0,0,0,0,0,0,0,0,0,0,0,0,0,0,0,12.96
00-0035329,D.Parham,Donald Parham,TE,TE,LAC,2022,17,REG,LA,0,0,0,0,0,0,0,0,1,1,3,1,3,0.032258064516129,0.0157068062827225,0,0,0,0,0,0,0,7.3
00-0035500,G.Dortch,Greg Dortch,WR,WR,ARI,2022,17,REG,ATL,0,0,0,0,0,0,0,0,4,10,15,0,97,0.263157894736842,0.256613756613757,0,0,0,0,0,0,0,5.5
00-0035527,A.Isabella,Andy Isabella,WR,WR,BAL,2022,17,REG,PIT,0,0,0,0,0,1,1,0,0,0,0,0,0,0,0,0,0,0,0,0,0,0,0.1
00-0035535,D.Slayton,Darius Slayton,WR,WR,NYG,2022,17,REG,IND,0,0,0,0,0,0,0,0,2,3,14,0,28,0.130434782608696,0.194444444444444,0,0,1,0,0,0,0,1.4
00-0035537,T.Johnson,Ty Johnson,RB,RB,NYJ,2022,17,REG,SEA,0,0,0,0,0,8,46,0,1,5,11,0,-1,0.111111111111111,-0.0028169014084507,0,0,0,0,0,0,0,6.7
00-0035624,N.Harry,N'Keal Harry,TE,TE,CHI,2022,17,REG,DET,0,0,0,0,0,0,0,0,1,1,16,0,10,0.0555555555555556,0.0480769230769231,0,0,0,0,0,0,0,2.6
00-0035628,D.Johnson,D'Ernest Johnson,RB,RB,CLE,2022,17,REG,WAS,0,0,0,0,0,0,0,0,0,0,0,0,0,0,0,0,0,0,0,0,0,0,0
00-0035639,P.Campbell,Parris Campbell,WR,WR,IND,2022,17,REG,NYG,0,0,0,0,0,1,1,0,3,6,52,0,46,0.222222222222222,0.248648648648649,0,0,0,0,0,0,0,8.3
00-0035640,D.Metcalf,DK Metcalf,WR,WR,SEA,2022,17,REG,NYJ,0,0,0,0,0,0,0,0,1,5,3,0,96,0.178571428571429,0.356877323420074,0,0,0,0,0,0,0,1.3
00-0035644,N.Fant,Noah Fant,TE,TE,SEA,2022,17,REG,NYJ,0,0,0,0,0,0,0,0,2,3,40,0,56,0.107142857142857,0.20817843866171,0,0,0,0,0,0,0,6
00-0035645,G.Olszewski,Gunner Olszewski,WR,WR,PIT,2022,17,REG,BAL,0,0,0,0,0,1,6,0,0,0,0,0,0,0,0,0,0,0,0,0,0,0,0.6
00-0035657,D.Harris,Damien Harris,RB,RB,NE,2022,17,REG,MIA,0,0,0,0,0,9,31,0,3,3,18,0,3,0.09375,0.0104166666666667,0,0,0,0,0,0,0,7.9
00-0035659,T.McLaurin,Terry McLaurin,WR,WR,WAS,2022,17,REG,CLE,0,0,0,0,0,1,12,0,2,5,25,0,38,0.178571428571429,0.163793103448276,0,0,0,0,0,0,0,5.7
00-0035662,M.Brown,Marquise Brown,WR,WR,ARI,2022,17,REG,ATL,0,0,0,0,0,0,0,0,6,9,61,0,121,0.236842105263158,0.32010582010582,0,0,0,0,0,0,0,12.1
00-0035676,A.Brown,A.J. Brown,WR,WR,PHI,2022,17,REG,NO,0,0,0,0,0,0,0,0,4,9,97,1,101,0.28125,0.337792642140468,0,0,0,0,0,0,0,19.7
00-0035685,D.Montgomery,David Montgomery,RB,RB,CHI,2022,17,REG,DET,0,0,0,0,0,6,24,0,2,3,12,0,-7,0.166666666666667,-0.0336538461538462,0,0,0,0,0,0,0,5.6
00-0035700,J.Jacobs,Josh Jacobs,RB,RB,LV,2022,17,REG,SF,0,0,0,0,0,17,69,1,4,5,26,0,10,0.15625,0.0290697674418605,0,0,0,0,0,0,0,19.5
00-0035703,M.Boykin,Miles Boykin,WR,WR,PIT,2022,17,REG,BAL,0,0,0,0,0,0,0,0,0,0,0,0,0,0,0,0,0,0,0,0,0,0,0
00-0035710,D.Jones,Daniel Jones,QB,QB,NYG,2022,17,REG,IND,19,24,177,2,0,11,91,2,0,0,0,0,0,0,0,0,0,0,0,0,0,0,36.18
00-0035806,J.Hasty,Jamycal Hasty,RB,RB,JAX,2022,17,REG,HOU,0,0,0,0,0,10,33,1,6,6,23,0,-5,0.214285714285714,-0.0316455696202532,0,0,0,0,0,0,0,17.6
00-0035864,K.Hinton,Kendall Hinton,WR,WR,DEN,2022,17,REG,KC,0,0,0,0,0,1,0,0,0,2,0,0,14,0.0555555555555556,0.0729166666666667,0,0,0,0,0,0,0,0
00-0035876,A.Baccellia,Andre Baccellia,WR,WR,ARI,2022,17,REG,ATL,0,0,0,0,0,0,0,0,1,2,7,0,25,0.0526315789473684,0.0661375661375661,0,0,0,0,0,0,0,1.7
00-0035924,J.Ward,Jonathan Ward,RB,RB,TEN,2022,17,REG,DAL,0,0,0,0,0,4,26,0,1,1,4,0,3,0.0263157894736842,0.00854700854700855,0,0,0,0,0,0,0,4
00-0035956,G.Ricci,Giovanni Ricci,TE,TE,CAR,2022,17,REG,TB,0,0,0,0,0,0,0,0,1,1,32,0,22,0.032258064516129,0.0676923076923077,0,0,0,0,0,0,0,4.2
00-0035973,P.Taylor,Patrick Taylor,RB,RB,GB,2022,17,REG,MIN,0,0,0,0,0,5,10,0,0,0,0,0,0,0,0,0,0,0,0,0,0,0,1
00-0035993,T.Huntley,Tyler Huntley,QB,QB,BAL,2022,17,REG,PIT,14,21,130,1,1,7,24,0,0,0,0,0,0,0,0,0,0,0,0,0,0,0,9.6
00-0036020,S.Ahmed,Salvon Ahmed,RB,RB,MIA,2022,17,REG,NE,0,0,0,0,0,0,0,0,1,1,8,0,1,0.025,0.00314465408805031,0,0,0,0,0,0,0,1.8
00-0036040,J.Johnson,Juwan Johnson,TE,TE,NO,2022,17,REG,PHI,0,0,0,0,0,0,0,0,5,7,62,0,64,0.304347826086957,0.412903225806452,0,0,0,0,0,0,0,11.2
00-0036059,T.Mabry,Tyler Mabry,TE,TE,SEA,2022,17,REG,NYJ,0,0,0,0,0,0,0,0,1,1,7,1,6,0.0357142857142857,0.0223048327137546,0,0,0,0,0,0,0,7.7
00-0036133,J.Proche,James Proche,WR,WR,BAL,2022,17,REG,PIT,0,0,0,0,0,0,0,0,0,0,0,0,0,0,0,0,0,0,0,0,0,0,0
00-0036158,J.Dobbins,J.K. Dobbins,RB,RB,BAL,2022,17,REG,PIT,0,0,0,0,0,17,93,0,0,0,0,0,0,0,0,0,0,0,0,0,0,0,9.3
00-0036165,I.Hodgins,Isaiah Hodgins,WR,WR,NYG,2022,17,REG,IND,0,0,0,0,0,0,0,0,4,5,42,1,32,0.217391304347826,0.222222222222222,0,0,0,0,0,0,0,14.2
00-0036182,N.Westbrook-Ikhine,Nick Westbrook-Ikhine,WR,WR,TEN,2022,17,REG,DAL,0,0,0,0,0,0,0,0,1,3,4,0,59,0.0789473684210526,0.168091168091168,0,0,0,0,0,0,0,1.4
00-0036232,H.Bryant,Harrison Bryant,TE,TE,CLE,2022,17,REG,WAS,0,0,0,0,0,0,0,0,2,3,19,0,0,0.1875,0,0,0,0,0,0,0,0,3.9
00-0036233,D.Peoples-Jones,Donovan Peoples-Jones,WR,WR,CLE,2022,17,REG,WAS,0,0,0,0,0,0,0,0,1,3,13,1,16,0.1875,0.140350877192982,0,0,0,0,0,0,0,8.3
00-0036244,C.Parkinson,Colby Parkinson,TE,TE,SEA,2022,17,REG,NYJ,0,0,0,0,0,0,0,0,5,7,36,1,50,0.25,0.185873605947955,0,0,0,0,0,0,0,14.6
00-0036250,T.Davis,Tyler Davis,TE,TE,GB,2022,17,REG,MIN,0,0,0,0,0,0,0,0,0,0,0,0,0,0,0,0,0,0,0,0,0,0,0
00-0036251,Z.Moss,Zack Moss,RB,RB,IND,2022,17,REG,NYG,0,0,0,0,0,15,74,0,0,0,0,0,0,0,0,0,0,0,0,0,0,0,7.4
00-0036252,M.Pittman,Michael Pittman,WR,WR,IND,2022,17,REG,NYG,0,0,0,0,0,0,0,0,6,8,41,1,67,0.296296296296296,0.362162162162162,0,0,0,0,0,0,0,16.1
00-0036255,D.Mims,Denzel Mims,WR,WR,NYJ,2022,17,REG,SEA,0,0,0,0,0,0,0,0,0,1,0,0,23,0.0222222222222222,0.0647887323943662,0,0,0,0,0,0,0,0
00-0036259,J.Jennings,Jauan Jennings,WR,WR,SF,2022,17,REG,LV,0,0,0,0,0,0,0,0,2,3,46,0,58,0.0882352941176471,0.214814814814815,0,0,0,0,0,0,0,6.6
00-0036261,B.Aiyuk,Brandon Aiyuk,WR,WR,SF,2022,17,REG,LV,0,0,0,0,0,1,16,0,9,12,101,1,116,0.352941176470588,0.42962962962963,0,0,0,0,0,0,0,26.7
00-0036264,J.Love,Jordan Love,QB,QB,GB,2022,17,REG,MIN,2,3,9,0,0,1,-1,0,0,0,0,0,0,0,0,0,0,0,0,0,0,0,0.26
00-0036265,A.Dillon,A.J. Dillon,RB,RB,GB,2022,17,REG,MIN,0,0,0,0,0,12,41,1,0,1,0,0,4,0.0384615384615385,0.0148148148148148,0,0,0,0,0,0,0,10.1
00-0036268,L.Shenault,Laviska Shenault Jr.,WR,WR,CAR,2022,17,REG,TB,0,0,0,0,0,1,7,0,2,3,13,0,-11,0.0967741935483871,-0.0338461538461538,0,0,0,0,0,0,0,4
00-0036271,Q.Watkins,Quez Watkins,WR,WR,PHI,2022,17,REG,NO,0,0,0,0,0,0,0,0,0,1,0,0,8,0.03125,0.0267558528428094,0,0,0,0,0,0,0,0
00-0036275,D.Swift,D'Andre Swift,RB,RB,DET,2022,17,REG,CHI,0,0,0,0,0,11,78,1,4,4,39,1,-7,0.137931034482759,-0.0364583333333333,0,0,0,0,0,0,0,27.7
00-0036290,C.Kmet,Cole Kmet,TE,TE,CHI,2022,17,REG,DET,0,0,0,0,0,0,0,0,2,3,27,1,22,0.166666666666667,0.105769230769231,0,0,0,0,0,0,0,10.7
00-0036322,J.Jefferson,Justin Jefferson,WR,WR,MIN,2022,17,REG,GB,0,0,0,0,0,0,0,0,1,5,15,0,60,0.142857142857143,0.20066889632107,0,0,0,0,0,0,0,2.5
00-0036326,C.Claypool,Chase Claypool,WR,WR,CHI,2022,17,REG,DET,0,0,0,0,0,0,0,0,0,1,0,0,18,0.0555555555555556,0.0865384615384615,0,0,0,0,0,0,0,0
00-0036332,J.Deguara,Josiah Deguara,TE,TE,GB,2022,17,REG,MIN,0,0,0,0,0,0,0,0,1,1,4,0,2,0.0384615384615385,0.00740740740740741,0,0,0,0,0,0,0,1.4
00-0036345,K.Osborn,K.J. Osborn,WR,WR,MIN,2022,17,REG,GB,0,0,0,0,0,0,0,0,7,7,59,1,32,0.2,0.107023411371237,0,0,0,0,0,0,0,18.9
00-0036355,J.Herbert,Justin Herbert,QB,QB,LAC,2022,17,REG,LA,21,28,212,2,0,1,2,0,0,0,0,0,0,0,0,0,0,0,0,0,0,0,16.68
00-0036358,C.Lamb,CeeDee Lamb,WR,WR,DAL,2022,17,REG,TEN,0,0,0,0,0,0,0,0,11,14,100,0,130,0.341463414634146,0.423452768729642,0,0,0,0,0,0,0,21
00-0036370,J.Kelley,Joshua Kelley,RB,RB,LAC,2022,17,REG,LA,0,0,0,0,0,9,45,0,1,2,1,0,4,0.0645161290322581,0.0209424083769634,0,0,0,0,0,0,0,5.6
00-0036383,E.Benjamin,Eno Benjamin,RB,RB,NO,2022,17,REG,PHI,0,0,0,0,0,2,10,0,1,1,9,0,-3,0.0434782608695652,-0.0193548387096774,0,0,0,0,0,0,0,2.9
00-0036387,J.Reagor,Jalen Reagor,WR,WR,MIN,2022,17,REG,GB,0,0,0,0,0,0,0,0,0,0,0,0,0,0,0,0,0,0,0,0,0,0,0
00-0036407,J.Jeudy,Jerry Jeudy,WR,WR,DEN,2022,17,REG,KC,0,0,0,0,0,0,0,0,7,8,38,0,16,0.222222222222222,0.0833333333333333,0,0,0,0,0,0,0,10.8
00-0036414,C.Akers,Cam Akers,RB,RB,LA,2022,17,REG,LAC,0,0,0,0,0,19,123,0,1,2,10,0,8,0.111111111111111,0.0363636363636364,0,0,0,0,0,0,0,14.3
00-0036415,V.Jefferson,Van Jefferson,WR,WR,LA,2022,17,REG,LAC,0,0,0,0,0,0,0,0,3,3,77,0,76,0.166666666666667,0.345454545454545,0,0,0,0,0,0,0,10.7
00-0036422,A.Trautman,Adam Trautman,TE,TE,NO,2022,17,REG,PHI,0,0,0,0,0,0,0,0,1,1,16,0,4,0.0434782608695652,0.0258064516129032,0,0,0,0,0,0,0,2.6
00-0036423,A.Okwuegbunam,Albert Okwuegbunam,TE,TE,DEN,2022,17,REG,KC,0,0,0,0,0,0,0,0,3,6,45,1,47,0.166666666666667,0.244791666666667,0,0,0,0,0,0,0,13.5
00-0036424,B.Hopkins,Brycen Hopkins,TE,TE,LA,2022,17,REG,LAC,0,0,0,0,0,0,0,0,1,1,21,0,19,0.0555555555555556,0.0863636363636364,0,0,0,0,0,0,0,3.1
00-0036425,D.Dallas,DeeJay Dallas,RB,RB,SEA,2022,17,REG,NYJ,0,0,0,0,0,7,43,0,3,4,55,0,23,0.142857142857143,0.0855018587360595,0,0,0,0,0,0,0,12.8
00-0036438,S.Sullivan,Stephen Sullivan,TE,TE,CAR,2022,17,REG,TB,0,0,0,0,0,0,0,0,0,2,0,0,39,0.0645161290322581,0.12,0,0,0,0,0,0,0,0
00-0036482,M.Strachan,Mike Strachan,WR,WR,IND,2022,17,REG,NYG,0,0,0,0,0,0,0,0,0,1,0,0,34,0.037037037037037,0.183783783783784,0,0,0,0,0,0,0,0
00-0036493,D.Jackson,Deon Jackson,RB,RB,IND,2022,17,REG,NYG,0,0,0,0,0,3,10,0,0,0,0,0,0,0,0,0,0,0,0,0,0,0,1
00-0036534,S.Zylstra,Shane Zylstra,TE,TE,DET,2022,17,REG,CHI,0,0,0,0,0,0,0,0,1,2,7,0,4,0.0689655172413793,0.0208333333333333,0,0,0,0,0,0,0,1.7
00-0036555,C.Hubbard,Chuba Hubbard,RB,RB,CAR,2022,17,REG,TB,0,0,0,0,0,3,12,0,3,3,53,0,1,0.0967741935483871,0.00307692307692308,0,0,0,0,0,0,0,9.5
00-0036556,B.Jordan,Brevin Jordan,TE,TE,HOU,2022,17,REG,JAX,0,0,0,0,0,0,0,0,1,3,20,0,44,0.0714285714285714,0.126074498567335,0,0,0,0,0,0,0,3
00-0036569,G.Brightwell,Gary Brightwell,RB,RB,NYG,2022,17,REG,IND,0,0,0,0,0,5,9,0,0,0,0,0,0,0,0,0,0,0,0,0,0,0,0.9
00-0036572,S.Smith,Shi Smith,WR,WR,CAR,2022,17,REG,TB,0,0,0,0,0,0,0,0,4,4,70,1,53,0.129032258064516,0.163076923076923,0,0,0,0,0,0,0,17
00-0036613,J.Waddle,Jaylen Waddle,WR,WR,MIA,2022,17,REG,NE,0,0,0,0,0,0,0,0,3,5,52,0,50,0.125,0.157232704402516,0,0,0,0,0,0,0,8.2
00-0036637,N.Gray,Noah Gray,TE,TE,KC,2022,17,REG,DEN,0,0,0,0,0,0,0,0,1,1,12,0,0,0.024390243902439,0,0,0,0,0,0,0,0,2.2
00-0036650,L.Rountree,Larry Rountree,RB,RB,LAC,2022,17,REG,LA,0,0,0,0,0,10,15,0,1,1,13,0,-10,0.032258064516129,-0.0523560209424084,0,0,0,0,0,0,0,3.8
00-0036652,R.McMath,Racey McMath,WR,WR,TEN,2022,17,REG,DAL,0,0,0,0,0,0,0,0,1,2,39,0,36,0.0526315789473684,0.102564102564103,0,0,0,0,0,0,0,4.9
00-0036671,D.Milne,Dax Milne,WR,WR,WAS,2022,17,REG,CLE,0,0,0,0,0,0,0,0,0,0,0,0,0,0,0,0,0,0,0,0,0,0,0
00-0036754,B.Wright,Brock Wright,TE,TE,DET,2022,17,REG,CHI,0,0,0,0,0,0,0,0,3,4,13,2,9,0.137931034482759,0.046875,0,0,0,0,0,0,0,16.3
00-0036755,J.Patterson,Jaret Patterson,RB,RB,WAS,2022,17,REG,CLE,0,0,0,0,0,0,0,0,0,0,0,0,0,0,0,0,0,0,0,0,0,0,0
00-0036810,C.Johnson,Cade Johnson,WR,WR,SEA,2022,17,REG,NYJ,0,0,0,0,0,0,0,0,0,2,0,0,21,0.0714285714285714,0.0780669144981413,0,0,0,0,0,0,0,0
00-0036842,K.Nwangwu,Kene Nwangwu,RB,RB,MIN,2022,17,REG,GB,0,0,0,0,0,0,0,0,0,0,0,0,0,0,0,0,0,0,0,0,0,0,0
00-0036849,T.Atwell,Tutu Atwell,WR,WR,LA,2022,17,REG,LAC,0,0,0,0,0,0,0,0,2,5,10,0,61,0.277777777777778,0.277272727272727,0,0,0,0,0,0,0,3
00-0036875,R.Stevenson,Rhamondre Stevenson,RB,RB,NE,2022,17,REG,MIA,0,0,0,0,0,8,42,0,2,4,9,0,-1,0.125,-0.00347222222222222,0,0,0,0,0,0,0,7.1
00-0036877,J.Darden,Jaelon Darden,WR,WR,CLE,2022,17,REG,WAS,0,0,0,0,0,0,0,0,0,0,0,0,0,0,0,0,0,0,0,0,0,0,0
00-0036879,S.Ehlinger,Sam Ehlinger,QB,QB,IND,2022,17,REG,NYG,9,14,60,1,0,1,12,0,0,0,0,0,0,0,0,0,0,0,0,0,0,0,7.6
00-0036893,N.Harris,Najee Harris,RB,RB,PIT,2022,17,REG,BAL,0,0,0,0,0,22,111,0,2,3,12,1,15,0.111111111111111,0.0672645739910314,0,0,0,0,0,0,0,20.3
00-0036894,P.Freiermuth,Pat Freiermuth,TE,TE,PIT,2022,17,REG,BAL,0,0,0,0,0,0,0,0,3,6,36,0,43,0.222222222222222,0.192825112107623,0,0,0,0,0,0,0,6.6
00-0036898,D.Mills,Davis Mills,QB,QB,HOU,2022,17,REG,JAX,22,40,202,0,0,4,33,0,0,0,0,0,0,0,0,1,0,0,0,0,0,0,9.38
00-0036906,K.Herbert,Khalil Herbert,RB,RB,CHI,2022,17,REG,DET,0,0,0,0,0,5,31,0,0,0,0,0,0,0,0,0,0,0,0,0,0,0,3.1
00-0036912,D.Smith,DeVonta Smith,WR,WR,PHI,2022,17,REG,NO,0,0,0,0,0,0,0,0,9,13,115,0,122,0.40625,0.408026755852843,0,0,0,0,0,0,0,20.5
00-0036913,K.Toney,Kadarius Toney,WR,WR,KC,2022,17,REG,DEN,0,0,0,0,0,0,0,0,4,4,71,0,48,0.0975609756097561,0.153354632587859,0,0,0,0,0,0,0,11.1
00-0036919,K.Gainwell,Kenneth Gainwell,RB,RB,PHI,2022,17,REG,NO,0,0,0,0,0,0,0,0,2,2,17,0,2,0.0625,0.00668896321070234,0,0,0,0,0,0,0,3.7
00-0036924,Mi.Carter,Michael Carter,RB,RB,NYJ,2022,17,REG,SEA,0,0,0,0,0,1,2,0,2,3,3,0,-3,0.0666666666666667,-0.00845070422535211,0,0,0,0,0,0,0,2.5
00-0036945,J.Fields,Justin Fields,QB,QB,CHI,2022,17,REG,DET,7,21,75,1,1,10,132,0,0,0,0,0,0,0,0,1,0,0,0,0,0,0,16.2
00-0036950,A.Williams,Avery Williams,RB,RB,ATL,2022,17,REG,ARI,0,0,0,0,0,1,-2,0,1,1,2,0,-4,0.04,-0.0261437908496732,0,0,0,0,0,0,0,1
00-0036955,T.Marshall,Terrace Marshall,WR,WR,CAR,2022,17,REG,TB,0,0,0,0,0,0,0,0,2,3,15,0,45,0.0967741935483871,0.138461538461538,0,0,0,0,0,0,0,3.5
00-0036963,A.St. Brown,Amon-Ra St. Brown,WR,WR,DET,2022,17,REG,CHI,0,0,0,0,0,0,0,0,4,5,62,0,56,0.172413793103448,0.291666666666667,0,0,0,0,0,0,0,10.2
00-0036971,T.Lawrence,Trevor Lawrence,QB,QB,JAX,2022,17,REG,HOU,17,21,152,0,1,2,4,0,0,0,0,0,0,0,0,0,0,0,0,0,0,0,4.48
00-0036972,M.Jones,Mac Jones,QB,QB,NE,2022,17,REG,MIA,20,33,204,2,0,3,1,0,0,0,0,0,0,0,0,0,0,0,0,0,0,0,16.26
00-0036973,T.Etienne,Travis Etienne,RB,RB,JAX,2022,17,REG,HOU,0,0,0,0,0,9,108,1,3,3,32,0,6,0.107142857142857,0.0379746835443038,0,0,0,0,0,0,0,23
00-0036980,E.Moore,Elijah Moore,WR,WR,NYJ,2022,17,REG,SEA,0,0,0,0,0,0,0,0,2,2,18,0,18,0.0444444444444444,0.0507042253521127,0,0,0,0,0,0,0,3.8
00-0036988,J.Palmer,Josh Palmer,WR,WR,LAC,2022,17,REG,LA,0,0,0,0,0,0,0,0,0,1,0,0,22,0.032258064516129,0.115183246073298,0,0,0,0,0,0,0,0
00-0036991,A.Rodgers,Amari Rodgers,WR,WR,HOU,2022,17,REG,JAX,0,0,0,0,0,1,4,0,2,2,12,0,5,0.0476190476190476,0.0143266475644699,0,0,0,0,0,0,0,3.6
00-0037005,T.Tremble,Tommy Tremble,TE,TE,CAR,2022,17,REG,TB,0,0,0,0,0,0,0,0,3,3,33,1,29,0.0967741935483871,0.0892307692307692,0,0,0,0,0,0,0,12.3
00-0037011,T.McKitty,Tre' McKitty,TE,TE,LAC,2022,17,REG,LA,0,0,0,0,0,0,0,0,0,0,0,0,0,0,0,0,0,0,0,0,0,0,0
00-0037031,N.Kalinic,Nikola Kalinic,TE,TE,IND,2022,17,REG,NYG,0,0,0,0,0,0,0,0,0,0,0,0,0,0,0,0,0,0,0,0,0,0,0
00-0037055,L.McCutcheon,Lance McCutcheon,WR,WR,LA,2022,17,REG,LAC,0,0,0,0,0,0,0,0,0,1,0,0,28,0.0555555555555556,0.127272727272727,0,0,0,0,0,0,0,0
00-0037087,T.Ebner,Trestan Ebner,RB,RB,CHI,2022,17,REG,DET,0,0,0,0,0,0,0,0,0,0,0,0,0,0,0,0,0,0,0,0,0,0,0
00-0037093,D.Young,Dareke Young,WR,WR,SEA,2022,17,REG,NYJ,0,0,0,0,0,0,0,0,0,0,0,0,0,0,0,0,0,0,0,0,0,0,0
00-0037132,B.Covey,Britain Covey,WR,WR,PHI,2022,17,REG,NO,0,0,0,0,0,0,0,0,0,0,0,0,0,0,0,0,0,0,0,0,0,0,0
00-0037157,Z.Knight,Zonovan Knight,RB,RB,NYJ,2022,17,REG,SEA,0,0,0,0,0,8,27,0,2,3,17,0,-1,0.0666666666666667,-0.0028169014084507,0,0,0,0,0,0,0,6.4
00-0037197,I.Pacheco,Isiah Pacheco,RB,RB,KC,2022,17,REG,DEN,0,0,0,0,0,9,31,1,2,2,18,0,2,0.0487804878048781,0.00638977635782748,0,0,0,0,0,0,0,12.9
00-0037228,J.Warren,Jaylen Warren,RB,RB,PIT,2022,17,REG,BAL,0,0,0,0,0,12,76,0,3,3,22,0,2,0.111111111111111,0.00896860986547085,0,0,0,0,0,0,0,12.8
00-0037238,D.London,Drake London,WR,WR,ATL,2022,17,REG,ARI,0,0,0,0,0,0,0,0,5,8,47,0,47,0.32,0.30718954248366,0,0,0,0,0,0,0,9.7
00-0037239,C.Olave,Chris Olave,WR,WR,NO,2022,17,REG,PHI,0,0,0,0,0,0,0,0,4,5,42,0,56,0.217391304347826,0.361290322580645,0,0,0,0,0,0,0,8.2
00-0037240,J.Williams,Jameson Williams,WR,WR,DET,2022,17,REG,CHI,0,0,0,0,0,1,40,0,0,3,0,0,26,0.103448275862069,0.135416666666667,0,0,0,0,0,0,0,4
00-0037247,G.Pickens,George Pickens,WR,WR,PIT,2022,17,REG,BAL,0,0,0,0,0,0,0,0,2,4,29,0,47,0.148148148148148,0.210762331838565,0,0,0,0,0,0,0,4.9
00-0037256,R.White,Rachaad White,RB,RB,TB,2022,17,REG,CAR,0,0,0,0,0,11,22,0,5,5,26,0,4,0.119047619047619,0.0113636363636364,0,0,0,0,0,0,0,9.8
00-0037257,Dav.Bell,David Bell,WR,WR,CLE,2022,17,REG,WAS,0,0,0,0,0,0,0,0,0,0,0,0,0,0,0,0,0,0,0,0,0,0,0
00-0037263,T.Allgeier,Tyler Allgeier,RB,RB,ATL,2022,17,REG,ARI,0,0,0,0,0,20,83,1,1,1,12,0,0,0.04,0,0,0,0,0,0,0,0,16.5
00-0037265,S.Conner,Snoop Conner,RB,RB,JAX,2022,17,REG,HOU,0,0,0,0,0,5,17,1,0,0,0,0,0,0,0,0,0,0,0,0,0,0,7.7
00-0037267,J.Ford,Jerome Ford,RB,RB,CLE,2022,17,REG,WAS,0,0,0,0,0,5,9,0,0,0,0,0,0,0,0,0,0,0,0,0,0,0,0.9
00-0037282,J.Mitchell,James Mitchell,TE,TE,DET,2022,17,REG,CHI,0,0,0,0,0,0,0,0,1,1,15,0,11,0.0344827586206897,0.0572916666666667,0,0,0,0,0,0,0,2.5
00-0037291,J.Nailor,Jalen Nailor,WR,WR,MIN,2022,17,REG,GB,0,0,0,0,0,0,0,0,3,3,89,1,58,0.0857142857142857,0.193979933110368,0,0,0,0,0,0,0,17.9
00-0037300,M.Woods,Mike Woods,WR,WR,CLE,2022,17,REG,WAS,0,0,0,0,0,0,0,0,0,0,0,0,0,0,0,0,0,0,0,0,0,0,0
00-0037304,Co.Heyward,Connor Heyward,TE,TE,PIT,2022,17,REG,BAL,0,0,0,0,0,0,0,0,0,0,0,0,0,0,0,0,0,0,0,0,0,0,0
00-0037311,K.Kieft,Ko Kieft,TE,TE,TB,2022,17,REG,CAR,0,0,0,0,0,0,0,0,0,1,0,0,2,0.0238095238095238,0.00568181818181818,0,0,0,0,0,0,0,0
00-0037327,S.Thompson,Skylar Thompson,QB,QB,MIA,2022,17,REG,NE,12,21,104,1,1,1,4,0,0,0,0,0,0,0,0,0,0,0,0,0,0,0,6.56
00-0037429,R.Blackshear,Raheem Blackshear,RB,RB,CAR,2022,17,REG,TB,0,0,0,0,0,0,0,0,1,1,-1,0,-1,0.032258064516129,-0.00307692307692308,0,0,0,0,0,0,0,0.9
00-0037487,D.Thompkins,Deven Thompkins,WR,WR,TB,2022,17,REG,CAR,0,0,0,0,0,0,0,0,0,0,0,0,0,0,0,0,0,0,0,0,0,0,0
00-0037524,T.Martin,Tay Martin,WR,WR,SF,2022,17,REG,LV,0,0,0,0,0,0,0,0,0,0,0,0,0,0,0,0,0,0,0,0,0,0,0
00-0037525,J.Mason,Jordan Mason,RB,RB,SF,2022,17,REG,LV,0,0,0,0,0,2,13,1,0,0,0,0,0,0,0,0,0,0,0,0,0,0,7.3
00-0037545,R.Shaheed,Rashid Shaheed,WR,WR,NO,2022,17,REG,PHI,0,0,0,0,0,0,0,0,6,6,79,0,44,0.260869565217391,0.283870967741936,0,0,0,0,0,0,0,13.9
00-0037563,M.Davis,Malik Davis,RB,RB,DAL,2022,17,REG,TEN,0,0,0,0,0,10,39,0,2,2,23,0,-2,0.0487804878048781,-0.00651465798045603,0,0,0,0,0,0,0,8.2
00-0037569,P.Hendershot,Peyton Hendershot,TE,TE,DAL,2022,17,REG,TEN,0,0,0,0,0,0,0,0,0,1,0,0,18,0.024390243902439,0.0586319218241042,0,0,0,0,0,0,0,0
00-0037594,J.Chestnut,Julius Chestnut,RB,RB,TEN,2022,17,REG,DAL,0,0,0,0,0,4,-1,0,1,1,33,0,-2,0.0263157894736842,-0.0056980056980057,0,0,0,0,0,0,0,4.2
00-0037617,H.Haskins,Hassan Haskins,RB,RB,TEN,2022,17,REG,DAL,0,0,0,0,0,12,40,0,2,3,13,0,-7,0.0789473684210526,-0.0199430199430199,0,0,0,0,0,0,0,7.3
00-0037664,A.Pierce,Alec Pierce,WR,WR,IND,2022,17,REG,NYG,0,0,0,0,0,0,0,0,3,5,15,0,24,0.185185185185185,0.12972972972973,0,0,0,0,0,0,0,4.5
00-0037740,G.Wilson,Garrett Wilson,WR,WR,NYJ,2022,17,REG,SEA,0,0,0,0,0,0,0,0,3,11,18,0,127,0.244444444444444,0.357746478873239,0,0,0,0,0,0,0,4.8
00-0037741,J.Dotson,Jahan Dotson,WR,WR,WAS,2022,17,REG,CLE,0,0,0,0,0,0,0,0,3,7,37,0,112,0.25,0.482758620689655,0,0,0,0,0,0,0,6.7
00-0037742,T.Burks,Treylon Burks,WR,WR,TEN,2022,17,REG,DAL,0,0,0,0,0,1,20,0,4,8,66,0,122,0.210526315789474,0.347578347578348,0,0,0,0,0,0,0,12.6
00-0037744,T.McBride,Trey McBride,TE,TE,ARI,2022,17,REG,ATL,0,0,0,0,0,0,0,0,7,10,78,1,97,0.263157894736842,0.256613756613757,0,0,0,0,0,0,0,20.8
00-0037745,V.Jones,Velus Jones,RB,RB,CHI,2022,17,REG,DET,0,0,0,0,0,1,13,0,0,1,0,0,36,0.0555555555555556,0.173076923076923,0,0,0,0,0,0,0,1.3
00-0037746,B.Robinson,Brian Robinson,RB,RB,WAS,2022,17,REG,CLE,0,0,0,0,0,24,87,0,0,1,0,0,-4,0.0357142857142857,-0.0172413793103448,0,0,0,0,0,0,0,8.7
00-0037755,J.Woods,Jelani Woods,TE,TE,IND,2022,17,REG,NYG,0,0,0,0,0,0,0,0,3,4,19,0,5,0.148148148148148,0.027027027027027,0,0,0,0,0,0,0,4.9
00-0037801,K.Turpin,Kavontae Turpin,WR,WR,DAL,2022,17,REG,TEN,0,0,0,0,0,0,0,0,0,0,0,0,0,0,0,0,0,0,0,0,0,0,0
00-0037809,C.Okonkwo,Chigoziem Okonkwo,TE,TE,TEN,2022,17,REG,DAL,0,0,0,0,0,0,0,0,3,4,24,0,14,0.105263157894737,0.0398860398860399,0,0,0,0,0,0,0,5.4
00-0037816,R.Doubs,Romeo Doubs,WR,WR,GB,2022,17,REG,MIN,0,0,0,0,0,0,0,0,3,4,20,0,12,0.153846153846154,0.0444444444444444,0,0,0,0,0,0,0,5
00-0037827,T.Davis-Price,Tyrion Davis-Price,RB,RB,SF,2022,17,REG,LV,0,0,0,0,0,1,5,0,0,0,0,0,0,0,0,0,0,0,0,0,0,0,0.5
00-0037828,D.Gray,Danny Gray,WR,WR,SF,2022,17,REG,LV,0,0,0,0,0,1,9,0,0,0,0,0,0,0,0,0,0,0,0,0,0,0,0.9
00-0037834,B.Purdy,Brock Purdy,QB,QB,SF,2022,17,REG,LV,22,35,284,2,1,2,-3,0,0,0,0,0,0,0,0,0,0,0,0,0,0,0,17.06
00-0037838,I.Likely,Isaiah Likely,TE,TE,BAL,2022,17,REG,PIT,0,0,0,0,0,0,0,0,3,5,12,1,8,0.25,0.0516129032258065,0,0,0,0,0,0,0,10.2
00-0037840,K.Williams,Kyren Williams,RB,RB,LA,2022,17,REG,LAC,0,0,0,0,0,2,6,0,0,0,0,0,0,0,0,0,0,0,0,0,0,0,0.6
00-0038041,J.Ferguson,Jake Ferguson,TE,TE,DAL,2022,17,REG,TEN,0,0,0,0,0,0,0,0,1,1,7,0,-5,0.024390243902439,-0.0162866449511401,0,0,0,0,0,0,0,1.7
00-0038090,S.Moore,Skyy Moore,WR,WR,KC,2022,17,REG,DEN,0,0,0,0,0,0,0,0,3,4,33,0,10,0.0975609756097561,0.0319488817891374,0,0,0,0,0,0,0,6.3
00-0038098,P.Strong,Pierre Strong,RB,RB,NE,2022,17,REG,MIA,0,0,0,0,0,0,0,0,0,0,0,0,0,0,0,0,0,0,0,0,0,0,0
00-0038102,K.Pickett,Kenny Pickett,QB,QB,PIT,2022,17,REG,BAL,15,27,168,1,0,5,2,0,0,0,0,0,0,0,0,0,0,0,0,0,0,0,10.92
00-0038104,T.Thornton,Tyquan Thornton,WR,WR,NE,2022,17,REG,MIA,0,0,0,0,0,0,0,0,3,7,60,1,159,0.21875,0.552083333333333,0,0,0,0,0,0,0,15
00-0038115,D.Bellinger,Daniel Bellinger,TE,TE,NYG,2022,17,REG,IND,0,0,0,0,0,0,0,0,3,3,42,0,33,0.130434782608696,0.229166666666667,0,0,0,0,0,0,0,7.2
00-0038122,D.Ridder,Desmond Ridder,QB,QB,ATL,2022,17,REG,ARI,19,26,169,0,0,4,9,0,0,0,0,0,0,0,0,0,1,0,0,0,0,0,5.66
00-0038124,C.Watson,Christian Watson,WR,WR,GB,2022,17,REG,MIN,0,0,0,0,0,0,0,0,1,5,11,0,131,0.192307692307692,0.485185185185185,0,0,0,0,0,0,0,2.1
00-0038129,C.Otton,Cade Otton,TE,TE,TB,2022,17,REG,CAR,0,0,0,0,0,0,0,0,2,6,17,0,28,0.142857142857143,0.0795454545454545,0,0,0,0,0,0,0,3.7
00-0038134,K.Walker,Kenneth Walker,RB,RB,SEA,2022,17,REG,NYJ,0,0,0,0,0,23,133,0,1,1,9,0,-1,0.0357142857142857,-0.00371747211895911,0,0,0,0,0,0,0,15.2
00-0019596,T.Brady,Tom Brady,QB,QB,TB,2022,18,REG,ATL,13,17,84,1,0,0,0,0,0,0,0,0,0,0,0,0,0,0,0,0,0,0,7.36
00-0023459,A.Rodgers,Aaron Rodgers,QB,QB,GB,2022,18,REG,DET,17,27,205,1,1,3,10,0,0,0,0,0,0,0,0,0,0,0,0,0,0,0,11.2
00-0026158,J.Flacco,Joe Flacco,QB,QB,NYJ,2022,18,REG,MIA,18,33,149,0,0,0,0,0,0,0,-3,0,0,0,0,0,0,0,0,0,0,0,5.66
00-0026197,C.Henne,Chad Henne,QB,QB,KC,2022,18,REG,LV,0,0,0,0,0,2,-2,0,0,0,0,0,0,0,0,0,0,0,0,0,0,0,-0.2
00-0026293,M.Slater,Matt Slater,WR,WR,NE,2022,18,REG,BUF,0,0,0,0,0,0,0,0,0,0,0,0,0,0,0,0,0,0,0,0,0,0,0
00-0026544,C.Daniel,Chase Daniel,QB,QB,LAC,2022,18,REG,DEN,5,7,25,1,0,1,4,0,0,0,0,0,0,0,0,0,0,0,1,0,0,0,7.4
00-0027691,A.Roberts,Andre Roberts,WR,WR,CAR,2022,18,REG,NO,0,0,0,0,0,0,0,0,0,0,0,0,0,0,0,0,0,0,0,0,0,0,0
00-0027942,A.Green,A.J. Green,WR,WR,ARI,2022,18,REG,SF,0,0,0,0,0,0,0,0,3,5,91,1,82,0.185185185185185,0.455555555555556,0,0,0,0,0,0,0,18.1
00-0027948,B.Gabbert,Blaine Gabbert,QB,QB,TB,2022,18,REG,ATL,6,8,29,1,0,0,0,0,0,0,0,0,0,0,0,0,0,0,0,0,0,0,5.16
00-0027973,A.Dalton,Andy Dalton,QB,QB,NO,2022,18,REG,CAR,15,25,171,1,0,1,2,0,0,0,0,0,0,0,0,0,0,0,0,0,0,0,11.04
00-0027981,K.Rudolph,Kyle Rudolph,TE,TE,TB,2022,18,REG,ATL,0,0,0,0,0,0,0,0,1,1,8,1,8,0.0303030303030303,0.0423280423280423,0,0,0,0,0,0,0,7.8
00-0028002,R.Cobb,Randall Cobb,WR,WR,GB,2022,18,REG,DET,0,0,0,0,0,0,0,0,2,2,11,0,4,0.0769230769230769,0.0165289256198347,0,0,0,0,0,0,0,3.1
00-0028063,T.Jones,Taiwan Jones,RB,RB,BUF,2022,18,REG,NE,0,0,0,0,0,0,0,0,0,0,0,0,0,0,0,0,0,0,0,0,0,0,0
00-0029239,B.Bolden,Brandon Bolden,RB,RB,LV,2022,18,REG,KC,0,0,0,0,0,0,0,0,0,0,0,0,0,0,0,0,0,0,0,0,0,0,0
00-0029263,R.Wilson,Russell Wilson,QB,QB,DEN,2022,18,REG,LAC,13,24,283,3,1,8,18,0,0,0,0,0,0,0,0,0,0,0,0,0,0,0,23.12
00-0029293,M.Jones,Marvin Jones,WR,WR,JAX,2022,18,REG,TEN,0,0,0,0,0,0,0,0,2,6,29,0,90,0.206896551724138,0.352941176470588,0,0,0,0,0,0,0,4.9
00-0029604,K.Cousins,Kirk Cousins,QB,QB,MIN,2022,18,REG,CHI,17,20,225,1,0,0,0,0,0,0,0,0,0,0,0,0,0,0,0,0,0,0,13
00-0029608,T.Hilton,T.Y. Hilton,WR,WR,DAL,2022,18,REG,WAS,0,0,0,0,0,0,0,0,2,4,19,0,69,0.111111111111111,0.172069825436409,0,0,0,0,0,0,0,3.9
00-0030035,A.Thielen,Adam Thielen,WR,WR,MIN,2022,18,REG,CHI,0,0,0,0,0,1,4,0,2,3,8,1,18,0.09375,0.0647482014388489,0,0,0,0,0,0,0,9.2
00-0030279,K.Allen,Keenan Allen,WR,WR,LAC,2022,18,REG,DEN,0,0,0,0,0,0,0,0,8,11,102,2,91,0.25,0.326164874551971,0,0,0,0,0,0,0,30.2
00-0030288,R.Burkhead,Rex Burkhead,RB,RB,HOU,2022,18,REG,IND,0,0,0,0,0,0,0,0,1,2,1,0,8,0.0526315789473684,0.0235988200589971,0,0,0,0,0,0,0,1.1
00-0030431,R.Woods,Robert Woods,WR,WR,TEN,2022,18,REG,JAX,0,0,0,0,0,0,0,0,4,5,40,0,37,0.185185185185185,0.197860962566845,0,0,0,0,0,0,0,8
00-0030456,G.Bernard,Giovani Bernard,RB,RB,TB,2022,18,REG,ATL,0,0,0,0,0,7,28,0,2,2,-1,0,-8,0.0606060606060606,-0.0423280423280423,0,0,0,0,0,0,0,4.7
00-0030506,T.Kelce,Travis Kelce,TE,TE,KC,2022,18,REG,LV,0,0,0,0,0,0,0,0,6,7,38,0,30,0.291666666666667,0.127659574468085,0,0,0,0,0,0,0,9.8
00-0030513,L.Murray,Latavius Murray,RB,RB,DEN,2022,18,REG,LAC,0,0,0,0,0,15,103,1,1,1,15,0,-6,0.0454545454545455,-0.0189873417721519,0,0,0,0,0,0,0,18.8
00-0030565,G.Smith,Geno Smith,QB,QB,SEA,2022,18,REG,LA,19,31,213,1,2,4,51,0,0,0,0,0,0,0,0,0,0,0,0,0,0,0,13.62
00-0030578,C.Patterson,Cordarrelle Patterson,RB,RB,ATL,2022,18,REG,TB,0,0,0,0,0,5,18,1,2,3,1,0,1,0.107142857142857,0.00282485875706215,0,0,0,0,0,0,0,9.9
00-0031051,J.Brown,John Brown,WR,WR,BUF,2022,18,REG,NE,0,0,0,0,0,0,0,0,1,1,42,1,42,0.032258064516129,0.100961538461538,0,0,0,0,0,0,0,11.2
00-0031236,B.Cooks,Brandin Cooks,WR,WR,HOU,2022,18,REG,IND,0,0,0,0,0,0,0,0,5,6,106,1,110,0.157894736842105,0.324483775811209,0,0,0,0,0,0,0,21.6
00-0031260,L.Thomas,Logan Thomas,TE,TE,WAS,2022,18,REG,DAL,0,0,0,0,0,0,0,0,2,3,16,0,10,0.166666666666667,0.0625,0,0,0,0,0,0,0,3.6
00-0031325,S.Watkins,Sammy Watkins,WR,WR,BAL,2022,18,REG,CIN,0,0,0,0,0,0,0,0,2,4,79,0,64,0.0952380952380952,0.183381088825215,0,0,1,0,0,0,0,7.9
00-0031376,J.McKinnon,Jerick McKinnon,RB,RB,KC,2022,18,REG,LV,0,0,0,0,0,2,6,0,2,3,0,1,0,0.125,0,0,0,0,0,0,0,0,8.6
00-0031381,D.Adams,Davante Adams,WR,WR,LV,2022,18,REG,KC,0,0,0,0,0,0,0,0,5,9,73,0,119,0.264705882352941,0.39016393442623,0,0,0,0,0,0,0,12.3
00-0031544,A.Cooper,Amari Cooper,WR,WR,CLE,2022,18,REG,PIT,0,0,0,0,0,0,0,0,2,3,51,0,46,0.111111111111111,0.226600985221675,0,0,0,0,0,0,0,7.1
00-0031547,D.Parker,DeVante Parker,WR,WR,NE,2022,18,REG,BUF,0,0,0,0,0,0,0,0,6,7,79,2,120,0.17948717948718,0.425531914893617,0,0,0,0,0,0,0,25.9
00-0031549,N.Agholor,Nelson Agholor,WR,WR,NE,2022,18,REG,BUF,0,0,0,0,0,0,0,0,0,1,0,0,19,0.0256410256410256,0.0673758865248227,0,0,0,0,0,0,0,0
00-0031585,M.Pruitt,MyCole Pruitt,TE,TE,ATL,2022,18,REG,TB,0,0,0,0,0,0,0,0,3,5,34,1,44,0.178571428571429,0.124293785310734,0,0,0,0,0,0,0,12.4
00-0031588,S.Diggs,Stefon Diggs,WR,WR,BUF,2022,18,REG,NE,0,0,0,0,0,0,0,0,7,10,104,1,152,0.32258064516129,0.365384615384615,0,0,0,0,0,0,0,23.4
00-0031610,D.Waller,Darren Waller,TE,TE,LV,2022,18,REG,KC,0,0,0,0,0,0,0,0,2,6,35,0,83,0.176470588235294,0.272131147540984,0,0,0,0,0,0,0,5.5
00-0031687,R.Mostert,Raheem Mostert,RB,RB,MIA,2022,18,REG,NYJ,0,0,0,0,0,11,71,0,2,2,-10,0,-6,0.0740740740740741,-0.0288461538461538,0,0,0,0,0,0,0,8.1
00-0031690,E.Tomlinson,Eric Tomlinson,TE,TE,DEN,2022,18,REG,LAC,0,0,0,0,0,0,0,0,1,1,3,1,3,0.0454545454545455,0.00949367088607595,0,0,0,0,0,0,0,7.3
00-0031763,D.Carter,DeAndre Carter,WR,WR,LAC,2022,18,REG,DEN,0,0,0,0,0,0,0,0,3,5,43,0,67,0.113636363636364,0.240143369175627,0,0,1,0,0,0,0,5.3
00-0031868,D.Byrd,Damiere Byrd,WR,WR,ATL,2022,18,REG,TB,0,0,0,0,0,0,0,0,1,1,0,0,0,0.0357142857142857,0,0,0,0,0,0,0,0,1
00-0032054,B.Perriman,Breshad Perriman,WR,WR,TB,2022,18,REG,ATL,0,0,0,0,0,0,0,0,1,2,9,0,40,0.0606060606060606,0.211640211640212,0,0,0,0,0,0,0,1.9
00-0032062,B.Bell,Blake Bell,TE,TE,KC,2022,18,REG,LV,0,0,0,0,0,0,0,0,1,1,3,0,0,0.0416666666666667,0,0,0,0,0,0,0,0,1.3
00-0032104,A.Abdullah,Ameer Abdullah,RB,RB,LV,2022,18,REG,KC,0,0,0,0,0,0,0,0,1,2,10,0,6,0.0588235294117647,0.019672131147541,0,0,0,0,0,0,0,2
00-0032141,G.Swaim,Geoff Swaim,TE,TE,TEN,2022,18,REG,JAX,0,0,0,0,0,0,0,0,1,1,5,0,5,0.037037037037037,0.0267379679144385,0,0,0,0,0,0,0,1.5
00-0032187,D.Johnson,David Johnson,RB,RB,NO,2022,18,REG,CAR,0,0,0,0,0,0,0,0,2,2,28,0,-1,0.08,-0.00425531914893617,0,0,0,0,0,0,0,4.8
00-0032211,T.Lockett,Tyler Lockett,WR,WR,SEA,2022,18,REG,LA,0,0,0,0,0,0,0,0,4,7,54,1,96,0.25,0.351648351648352,0,0,0,0,0,0,0,15.4
00-0032392,A.Hooper,Austin Hooper,TE,TE,TEN,2022,18,REG,JAX,0,0,0,0,0,0,0,0,4,4,38,0,30,0.148148148148148,0.160427807486631,0,0,0,0,0,0,0,7.8
00-0032394,N.Vannett,Nick Vannett,TE,TE,NYG,2022,18,REG,PHI,0,0,0,0,0,0,0,0,2,4,18,0,15,0.105263157894737,0.0735294117647059,0,0,0,0,0,0,0,3.8
00-0032398,C.Moore,Chris Moore,WR,WR,HOU,2022,18,REG,IND,0,0,0,0,0,1,-2,0,2,6,22,0,96,0.157894736842105,0.283185840707965,0,0,0,0,0,0,0,4
00-0032436,J.Driskel,Jeff Driskel,QB,QB,HOU,2022,18,REG,IND,2,2,13,0,0,3,7,0,0,0,0,0,0,0,0,0,0,0,0,0,0,0,1.22
00-0032464,K.Raymond,Kalif Raymond,WR,WR,DET,2022,18,REG,GB,0,0,0,0,0,0,0,0,4,6,66,0,66,0.181818181818182,0.352941176470588,0,0,0,0,0,0,0,10.6
00-0032764,D.Henry,Derrick Henry,RB,RB,TEN,2022,18,REG,JAX,0,0,0,0,0,30,109,0,1,1,19,0,-5,0.037037037037037,-0.0267379679144385,0,0,0,0,0,0,0,13.8
00-0032775,D.Robinson,Demarcus Robinson,WR,WR,BAL,2022,18,REG,CIN,0,0,0,0,0,0,0,0,2,9,24,0,61,0.214285714285714,0.174785100286533,0,0,0,0,0,0,0,4.4
00-0032975,J.Williams,Jonathan Williams,RB,RB,WAS,2022,18,REG,DAL,0,0,0,0,0,14,32,0,2,2,9,0,3,0.111111111111111,0.01875,0,0,0,0,0,0,0,6.1
00-0032980,M.Johnson,Marcus Johnson,WR,WR,NYG,2022,18,REG,PHI,0,0,0,0,0,0,0,0,3,6,36,0,96,0.157894736842105,0.470588235294118,0,0,0,0,0,0,0,6.6
00-0033009,T.Boyd,Tyler Boyd,WR,WR,CIN,2022,18,REG,BAL,0,0,0,0,0,0,0,0,5,7,51,0,73,0.175,0.20391061452514,0,0,0,0,0,0,0,10.1
00-0033040,T.Hill,Tyreek Hill,WR,WR,MIA,2022,18,REG,NYJ,0,0,0,0,0,0,0,0,2,5,23,0,80,0.185185185185185,0.384615384615385,0,0,0,0,0,0,0,4.3
00-0033045,E.Elliott,Ezekiel Elliott,RB,RB,DAL,2022,18,REG,WAS,0,0,0,0,0,8,10,0,0,2,0,0,4,0.0555555555555556,0.00997506234413965,0,0,0,0,0,0,0,1
00-0033077,D.Prescott,Dak Prescott,QB,QB,DAL,2022,18,REG,WAS,14,37,128,1,1,6,16,0,0,0,0,0,0,0,0,0,0,0,0,0,0,0,8.72
00-0033090,H.Henry,Hunter Henry,TE,TE,NE,2022,18,REG,BUF,0,0,0,0,0,0,0,0,6,7,42,0,52,0.17948717948718,0.184397163120567,0,0,0,0,0,0,0,10.2
00-0033106,J.Goff,Jared Goff,QB,QB,DET,2022,18,REG,GB,23,34,224,0,0,2,5,0,0,0,0,0,0,0,0,0,0,0,0,0,0,0,9.46
00-0033110,T.Higbee,Tyler Higbee,TE,TE,LA,2022,18,REG,SEA,0,0,0,0,0,0,0,0,4,7,33,0,8,0.291666666666667,0.0318725099601594,0,0,0,0,0,0,0,7.3
00-0033111,P.Cooper,Pharoh Cooper,WR,WR,ARI,2022,18,REG,SF,0,0,0,0,0,2,7,0,2,2,6,0,-6,0.0740740740740741,-0.0333333333333333,0,0,0,0,0,0,0,3.3
00-0033118,K.Drake,Kenyan Drake,RB,RB,BAL,2022,18,REG,CIN,0,0,0,0,0,16,60,1,2,5,19,0,-2,0.119047619047619,-0.00573065902578797,0,0,0,0,0,0,0,15.9
00-0033217,M.Alie-Cox,Mo Alie-Cox,TE,TE,IND,2022,18,REG,HOU,0,0,0,0,0,0,0,0,1,1,4,1,4,0.0294117647058824,0.015748031496063,0,0,0,0,0,0,0,7.4
00-0033280,C.McCaffrey,Christian McCaffrey,RB,RB,SF,2022,18,REG,ARI,0,0,0,0,0,10,45,0,3,3,34,1,-2,0.15,-0.0186915887850467,0,0,0,0,0,0,0,16.9
00-0033282,C.Samuel,Curtis Samuel,WR,WR,WAS,2022,18,REG,DAL,0,0,0,0,0,1,-4,0,1,1,-2,0,-3,0.0555555555555556,-0.01875,0,0,0,0,0,0,0,0.4
00-0033288,G.Kittle,George Kittle,TE,TE,SF,2022,18,REG,ARI,0,0,0,0,0,0,0,0,4,6,29,2,29,0.3,0.271028037383178,0,0,0,0,0,0,0,18.9
00-0033292,T.Taylor,Trent Taylor,WR,WR,CIN,2022,18,REG,BAL,0,0,0,0,0,0,0,0,0,0,0,0,0,0,0,0,0,0,0,0,0,0,0
00-0033293,A.Jones,Aaron Jones,RB,RB,GB,2022,18,REG,DET,0,0,0,0,0,12,48,0,3,4,20,0,21,0.153846153846154,0.0867768595041322,0,0,1,0,0,0,0,7.8
00-0033307,K.Bourne,Kendrick Bourne,WR,WR,NE,2022,18,REG,BUF,0,0,0,0,0,0,0,0,4,5,45,0,26,0.128205128205128,0.0921985815602837,0,0,0,0,0,0,0,8.5
00-0033308,M.Breida,Matt Breida,RB,RB,NYG,2022,18,REG,PHI,0,0,0,0,0,4,28,0,7,8,12,0,1,0.210526315789474,0.00490196078431373,0,0,0,0,0,0,0,11
00-0033319,N.Mullens,Nick Mullens,QB,QB,MIN,2022,18,REG,CHI,11,13,116,0,1,4,8,0,0,0,0,0,0,0,0,0,0,0,0,0,0,0,3.44
00-0033357,T.Hill,Taysom Hill,TE,TE,NO,2022,18,REG,CAR,0,0,0,0,0,5,24,0,1,1,1,0,-3,0.04,-0.0127659574468085,0,0,0,0,0,0,0,3.5
00-0033455,A.Firkser,Anthony Firkser,TE,TE,ATL,2022,18,REG,TB,0,0,0,0,0,0,0,0,1,1,11,0,11,0.0357142857142857,0.0310734463276836,0,0,0,0,0,0,0,2.1
00-0033466,I.McKenzie,Isaiah McKenzie,WR,WR,BUF,2022,18,REG,NE,0,0,0,0,0,0,0,0,2,3,19,0,20,0.0967741935483871,0.0480769230769231,0,0,0,0,0,0,0,3.9
00-0033526,S.Perine,Samaje Perine,RB,RB,CIN,2022,18,REG,BAL,0,0,0,0,0,6,18,0,1,1,4,0,1,0.025,0.00279329608938548,0,0,0,0,0,0,0,3.2
00-0033536,M.Williams,Mike Williams,WR,WR,LAC,2022,18,REG,DEN,0,0,0,0,0,0,0,0,4,5,32,0,49,0.113636363636364,0.175627240143369,0,0,0,0,0,0,0,7.2
00-0033537,D.Watson,Deshaun Watson,QB,QB,CLE,2022,18,REG,PIT,19,29,230,2,2,6,44,0,0,0,0,0,0,0,0,0,0,0,0,0,0,0,17.6
00-0033550,D.Webb,Davis Webb,QB,QB,NYG,2022,18,REG,PHI,23,40,168,1,0,6,41,1,0,0,0,0,0,0,0,0,0,0,0,0,0,0,20.82
00-0033555,M.Hollins,Mack Hollins,WR,WR,LV,2022,18,REG,KC,0,0,0,0,0,0,0,0,2,3,15,0,39,0.0882352941176471,0.127868852459016,0,0,0,0,0,0,0,3.5
00-0033572,J.Agnew,Jamal Agnew,WR,WR,JAX,2022,18,REG,TEN,0,0,0,0,0,0,0,0,1,1,8,0,-4,0.0344827586206897,-0.0156862745098039,0,0,0,0,0,0,0,1.8
00-0033591,N.Brown,Noah Brown,WR,WR,DAL,2022,18,REG,WAS,0,0,0,0,0,0,0,0,1,6,10,0,90,0.166666666666667,0.224438902743142,0,0,0,0,0,0,0,2
00-0033662,C.Rush,Cooper Rush,QB,QB,DAL,2022,18,REG,WAS,0,1,0,0,0,0,0,0,0,0,0,0,0,0,0,0,0,0,0,0,0,0,0
00-0033681,K.Cole,Keelan Cole,WR,WR,LV,2022,18,REG,KC,0,0,0,0,0,0,0,0,1,2,5,0,23,0.0588235294117647,0.0754098360655738,0,0,0,0,0,0,0,1.5
00-0033699,A.Ekeler,Austin Ekeler,RB,RB,LAC,2022,18,REG,DEN,0,0,0,0,0,11,34,0,4,4,36,0,-2,0.0909090909090909,-0.00716845878136201,0,1,0,0,0,0,0,9
00-0033725,C.Clement,Corey Clement,RB,RB,ARI,2022,18,REG,SF,0,0,0,0,0,8,23,1,3,4,25,0,-11,0.148148148148148,-0.0611111111111111,0,0,0,0,0,0,0,13.8
00-0033757,R.Tonyan,Robert Tonyan,TE,TE,GB,2022,18,REG,DET,0,0,0,0,0,0,0,0,3,3,29,0,26,0.115384615384615,0.107438016528926,0,0,0,0,0,0,0,5.9
00-0033854,D.Ogunbowale,Dare Ogunbowale,RB,RB,HOU,2022,18,REG,IND,0,0,0,0,0,11,33,0,5,6,5,0,-15,0.157894736842105,-0.0442477876106195,0,0,0,0,0,0,0,8.8
00-0033856,L.Fournette,Leonard Fournette,RB,RB,TB,2022,18,REG,ATL,0,0,0,0,0,0,0,0,1,1,4,0,-3,0.0303030303030303,-0.0158730158730159,0,0,0,0,0,0,0,1.4
00-0033857,J.Smith-Schuster,JuJu Smith-Schuster,WR,WR,KC,2022,18,REG,LV,0,0,0,0,0,0,0,0,2,2,35,0,24,0.0833333333333333,0.102127659574468,0,0,0,0,0,0,0,5.5
00-0033871,C.Davis,Corey Davis,WR,WR,NYJ,2022,18,REG,MIA,0,0,0,0,0,0,0,0,1,3,17,0,14,0.09375,0.05,0,0,0,0,0,0,0,2.7
00-0033873,P.Mahomes,Patrick Mahomes,QB,QB,KC,2022,18,REG,LV,18,26,202,1,0,3,29,0,0,0,0,0,0,0,0,0,0,0,0,0,0,0,14.98
00-0033881,E.Engram,Evan Engram,TE,TE,JAX,2022,18,REG,TEN,0,0,0,0,0,0,0,0,4,4,27,0,8,0.137931034482759,0.0313725490196078,0,0,0,0,0,0,0,6.7
00-0033885,D.Njoku,David Njoku,TE,TE,CLE,2022,18,REG,PIT,0,0,0,0,0,0,0,0,4,5,42,1,33,0.185185185185185,0.16256157635468,0,0,0,0,0,0,0,14.2
00-0033891,Z.Jones,Zay Jones,WR,WR,JAX,2022,18,REG,TEN,0,0,0,0,0,0,0,0,4,6,21,0,43,0.206896551724138,0.168627450980392,0,0,0,0,0,0,0,6.1
00-0033893,D.Cook,Dalvin Cook,RB,RB,MIN,2022,18,REG,CHI,0,0,0,0,0,11,37,0,1,1,0,0,1,0.03125,0.00359712230215827,0,1,0,0,0,0,0,2.7
00-0033895,G.Everett,Gerald Everett,TE,TE,LAC,2022,18,REG,DEN,0,0,0,0,0,0,0,0,3,5,8,1,9,0.113636363636364,0.032258064516129,0,0,0,0,0,0,0,9.8
00-0033897,J.Mixon,Joe Mixon,RB,RB,CIN,2022,18,REG,BAL,0,0,0,0,0,11,27,1,5,5,41,0,-4,0.125,-0.0111731843575419,0,0,0,0,0,0,0,17.8
00-0033906,A.Kamara,Alvin Kamara,RB,RB,NO,2022,18,REG,CAR,0,0,0,0,0,23,107,0,1,2,3,0,-7,0.08,-0.0297872340425532,0,0,0,0,0,0,0,12
00-0033921,C.Godwin,Chris Godwin,WR,WR,TB,2022,18,REG,ATL,0,0,0,0,0,0,0,0,6,7,55,0,40,0.212121212121212,0.211640211640212,0,0,1,0,0,0,0,9.5
00-0033923,K.Hunt,Kareem Hunt,RB,RB,CLE,2022,18,REG,PIT,0,0,0,0,0,4,13,0,3,4,15,0,3,0.148148148148148,0.0147783251231527,0,0,0,0,0,0,0,5.8
00-0033925,D.Foreman,D'Onta Foreman,RB,RB,CAR,2022,18,REG,NO,0,0,0,0,0,12,68,0,0,0,0,0,0,0,0,0,0,0,0,0,0,0,6.8
00-0033932,K.Golladay,Kenny Golladay,WR,WR,NYG,2022,18,REG,PHI,0,0,0,0,0,0,0,0,2,7,30,1,64,0.184210526315789,0.313725490196078,0,0,0,0,0,0,0,11
00-0033943,J.Reynolds,Josh Reynolds,WR,WR,DET,2022,18,REG,GB,0,0,0,0,0,0,0,0,1,2,16,0,27,0.0606060606060606,0.144385026737968,0,0,0,0,0,0,0,2.6
00-0033948,Ja.Williams,Jamaal Williams,RB,RB,DET,2022,18,REG,GB,0,0,0,0,0,16,72,2,0,0,0,0,0,0,0,0,0,0,0,0,0,0,19.2
00-0033949,J.Dobbs,Joshua Dobbs,QB,QB,TEN,2022,18,REG,JAX,20,29,179,1,1,5,32,0,0,0,0,0,0,0,0,1,0,0,0,0,0,0,10.36
00-0033958,N.Peterman,Nathan Peterman,QB,QB,CHI,2022,18,REG,MIN,11,19,114,1,0,2,7,0,0,0,0,0,0,0,0,0,0,0,0,0,0,0,9.26
00-0034054,R.Cracraft,River Cracraft,WR,WR,MIA,2022,18,REG,NYJ,0,0,0,0,0,0,0,0,1,1,5,0,5,0.037037037037037,0.0240384615384615,0,0,0,0,0,0,0,1.5
00-0034104,C.Sims,Cam Sims,WR,WR,WAS,2022,18,REG,DAL,0,0,0,0,0,0,0,0,0,1,0,0,5,0.0555555555555556,0.03125,0,0,0,0,0,0,0,0
00-0034115,J.Wilson,Jeffery Wilson,RB,RB,MIA,2022,18,REG,NYJ,0,0,0,0,0,16,72,0,2,2,2,0,-7,0.0740740740740741,-0.0336538461538462,0,0,0,0,0,0,0,9.4
00-0034177,T.Boyle,Tim Boyle,QB,QB,CHI,2022,18,REG,MIN,2,8,33,0,2,2,-2,0,0,0,0,0,0,0,0,0,0,0,0,0,0,0,-2.88
00-0034184,G.Edwards,Gus Edwards,RB,RB,BAL,2022,18,REG,CIN,0,0,0,0,0,4,16,0,0,0,0,0,0,0,0,0,0,0,0,0,0,0,1.6
00-0034270,T.Conklin,Tyler Conklin,TE,TE,NYJ,2022,18,REG,MIA,0,0,0,0,0,0,0,0,2,4,13,0,41,0.125,0.146428571428571,0,0,0,0,0,0,0,3.3
00-0034272,M.Valdes-Scantling,Marquez Valdes-Scantling,WR,WR,KC,2022,18,REG,LV,0,0,0,0,0,0,0,0,3,6,27,0,102,0.25,0.434042553191489,0,0,0,0,0,0,0,5.7
00-0034279,E.St. Brown,Equanimeous St. Brown,WR,WR,CHI,2022,18,REG,MIN,0,0,0,0,0,0,0,0,1,1,3,0,4,0.037037037037037,0.013986013986014,0,0,0,0,0,0,0,1.3
00-0034286,R.James,Richie James,WR,WR,NYG,2022,18,REG,PHI,0,0,0,0,0,0,0,0,0,0,0,0,0,0,0,0,0,0,0,0,0,0,0
00-0034297,B.Pringle,Byron Pringle,WR,WR,CHI,2022,18,REG,MIN,0,0,0,0,0,0,0,0,1,1,5,0,5,0.037037037037037,0.0174825174825175,0,0,0,0,0,0,0,1.5
00-0034348,C.Sutton,Courtland Sutton,WR,WR,DEN,2022,18,REG,LAC,0,0,0,0,0,0,0,0,3,7,33,1,104,0.318181818181818,0.329113924050633,0,0,0,0,0,0,0,12.3
00-0034351,D.Goedert,Dallas Goedert,TE,TE,PHI,2022,18,REG,NYG,0,0,0,0,0,0,0,0,6,7,46,0,27,0.225806451612903,0.112970711297071,0,0,0,0,0,0,0,10.6
00-0034364,J.Akins,Jordan Akins,TE,TE,HOU,2022,18,REG,IND,0,0,0,0,0,0,0,0,4,8,70,2,55,0.210526315789474,0.162241887905605,0,0,0,0,0,1,0,25
00-0034366,K.Coutee,Keke Coutee,WR,WR,IND,2022,18,REG,HOU,0,0,0,0,0,0,0,0,0,0,0,0,0,0,0,0,0,0,0,0,0,0,0
00-0034367,N.Hines,Nyheim Miller-Hines,RB,RB,BUF,2022,18,REG,NE,0,0,0,0,0,0,0,0,0,0,0,0,0,0,0,0,0,0,0,0,0,2,12
00-0034383,D.Schultz,Dalton Schultz,TE,TE,DAL,2022,18,REG,WAS,0,0,0,0,0,0,0,0,4,9,33,0,88,0.25,0.219451371571072,0,0,0,0,0,0,0,7.3
00-0034386,Ju.Watson,Justin Watson,WR,WR,KC,2022,18,REG,LV,0,0,0,0,0,0,0,0,1,2,67,0,75,0.0833333333333333,0.319148936170213,0,0,0,0,0,0,0,7.7
00-0034407,R.McCloud,Ray-Ray McCloud,WR,WR,SF,2022,18,REG,ARI,0,0,0,0,0,0,0,0,0,0,0,0,0,0,0,0,0,0,0,0,0,0,0
00-0034411,R.Gage,Russell Gage,WR,WR,TB,2022,18,REG,ATL,0,0,0,0,0,0,0,0,3,6,15,1,32,0.181818181818182,0.169312169312169,0,0,0,0,0,0,0,10.5
00-0034414,B.Scott,Boston Scott,RB,RB,PHI,2022,18,REG,NYG,0,0,0,0,0,9,54,1,0,0,0,0,0,0,0,0,0,0,0,0,0,0,11.4
00-0034419,B.Berrios,Braxton Berrios,WR,WR,NYJ,2022,18,REG,MIA,0,0,0,0,0,0,0,0,0,0,0,0,0,0,0,0,0,0,0,0,0,0,0
00-0034440,J.Jackson,Justin Jackson,RB,RB,DET,2022,18,REG,GB,0,0,0,0,0,1,2,0,1,1,11,0,-4,0.0303030303030303,-0.0213903743315508,0,0,0,0,0,0,0,2.3
00-0034521,A.Lazard,Allen Lazard,WR,WR,GB,2022,18,REG,DET,0,0,0,0,0,2,0,0,4,6,41,1,62,0.230769230769231,0.256198347107438,0,0,0,0,0,0,0,14.1
00-0034578,R.Bonnafon,Reggie Bonnafon,RB,RB,WAS,2022,18,REG,DAL,0,0,0,0,0,3,8,0,0,0,0,0,0,0,0,0,0,0,0,0,0,0,0.8
00-0034614,G.Igwebuike,Godwin Igwebuike,RB,RB,SEA,2022,18,REG,LA,0,0,0,0,0,0,0,0,0,0,0,0,0,0,0,0,0,0,0,0,0,0,0
00-0034646,B.Powell,Brandon Powell,WR,WR,LA,2022,18,REG,SEA,0,0,0,0,0,1,15,0,1,3,2,0,18,0.125,0.0717131474103586,0,0,0,0,0,0,0,2.7
00-0034681,C.Edmonds,Chase Edmonds,RB,RB,DEN,2022,18,REG,LAC,0,0,0,0,0,9,45,0,0,0,0,0,0,0,0,0,0,0,0,0,0,0,4.5
00-0034764,M.Gallup,Michael Gallup,WR,WR,DAL,2022,18,REG,WAS,0,0,0,0,0,0,0,0,1,6,10,0,66,0.166666666666667,0.164588528678304,0,0,0,0,0,0,0,2
00-0034765,T.Smith,Tre'Quan Smith,WR,WR,NO,2022,18,REG,CAR,0,0,0,0,0,0,0,0,1,1,6,0,5,0.04,0.0212765957446809,0,0,0,0,0,0,0,1.6
00-0034775,C.Kirk,Christian Kirk,WR,WR,JAX,2022,18,REG,TEN,0,0,0,0,0,0,0,0,6,8,99,1,112,0.275862068965517,0.43921568627451,0,0,0,0,0,0,0,21.9
00-0034777,D.Chark,D.J. Chark,WR,WR,DET,2022,18,REG,GB,0,0,0,0,0,0,0,0,3,4,14,0,25,0.121212121212121,0.133689839572193,0,0,0,0,0,0,0,4.4
00-0034791,N.Chubb,Nick Chubb,RB,RB,CLE,2022,18,REG,PIT,0,0,0,0,0,12,77,0,5,6,45,1,3,0.222222222222222,0.0147783251231527,0,0,0,0,0,0,0,23.2
00-0034798,D.Smythe,Durham Smythe,TE,TE,MIA,2022,18,REG,NYJ,0,0,0,0,0,0,0,0,3,5,39,0,30,0.185185185185185,0.144230769230769,0,0,0,0,0,0,0,6.9
00-0034816,R.Jones,Ronald Jones,RB,RB,KC,2022,18,REG,LV,0,0,0,0,0,10,45,1,0,0,0,0,0,0,0,0,0,0,0,0,0,0,10.5
00-0034827,D.Moore,D.J. Moore,WR,WR,CAR,2022,18,REG,NO,0,0,0,0,0,0,0,0,1,4,10,0,117,0.363636363636364,0.692307692307692,0,0,0,0,0,0,0,2
00-0034829,M.Gesicki,Mike Gesicki,TE,TE,MIA,2022,18,REG,NYJ,0,0,0,0,0,0,0,0,4,6,46,0,61,0.222222222222222,0.293269230769231,0,0,0,0,0,0,0,8.6
00-0034830,H.Hurst,Hayden Hurst,TE,TE,CIN,2022,18,REG,BAL,0,0,0,0,0,0,0,0,4,5,14,0,1,0.125,0.00279329608938548,0,0,0,0,0,0,0,5.4
00-0034838,R.Freeman,Royce Freeman,RB,RB,HOU,2022,18,REG,IND,0,0,0,0,0,7,15,0,1,1,2,0,-5,0.0263157894736842,-0.0147492625368732,0,1,0,0,0,0,0,0.7
00-0034855,B.Mayfield,Baker Mayfield,QB,QB,LA,2022,18,REG,SEA,13,26,147,0,1,5,16,0,0,0,0,0,0,0,0,0,0,0,0,0,0,0,5.48
00-0034857,J.Allen,Josh Allen,QB,QB,BUF,2022,18,REG,NE,19,31,254,3,1,9,16,0,0,0,0,0,0,0,0,0,0,0,0,0,0,0,21.76
00-0034860,D.Pettis,Dante Pettis,WR,WR,CHI,2022,18,REG,MIN,0,0,0,0,0,0,0,0,2,6,19,0,45,0.222222222222222,0.157342657342657,0,0,0,0,0,0,0,3.9
00-0034869,S.Darnold,Sam Darnold,QB,QB,CAR,2022,18,REG,NO,5,15,43,0,2,6,32,0,0,0,0,0,0,0,0,0,0,0,0,0,0,0,0.92
00-0034928,S.Sims,Steven Sims,WR,WR,PIT,2022,18,REG,CLE,0,0,0,0,0,1,16,0,0,0,0,0,0,0,0,0,0,0,0,0,0,0,1.6
00-0034960,J.Meyers,Jakobi Meyers,WR,WR,NE,2022,18,REG,BUF,0,0,0,0,0,0,0,0,3,7,32,1,49,0.17948717948718,0.173758865248227,0,0,0,0,0,0,0,12.2
00-0034970,I.Smith,Irv Smith,TE,TE,MIN,2022,18,REG,CHI,0,0,0,0,0,0,0,0,3,3,14,0,9,0.09375,0.0323741007194245,0,0,0,0,0,0,0,4.4
00-0034972,A.Mattison,Alexander Mattison,RB,RB,MIN,2022,18,REG,CHI,0,0,0,0,0,10,54,2,1,1,6,0,0,0.03125,0,0,0,0,0,0,0,0,19
00-0034975,J.Hill,Justice Hill,RB,RB,BAL,2022,18,REG,CIN,0,0,0,0,0,7,34,0,0,0,0,0,0,0,0,0,0,0,0,0,0,0,3.4
00-0034981,F.Moreau,Foster Moreau,TE,TE,LV,2022,18,REG,KC,0,0,0,0,0,0,0,0,1,1,10,0,4,0.0294117647058824,0.0131147540983607,0,0,0,0,0,0,0,2
00-0034983,H.Renfrow,Hunter Renfrow,WR,WR,LV,2022,18,REG,KC,0,0,0,0,0,0,0,0,7,7,63,1,33,0.205882352941176,0.108196721311475,0,0,0,0,0,0,0,19.3
00-0035040,D.Blough,David Blough,QB,QB,ARI,2022,18,REG,SF,14,18,180,1,2,2,-2,0,0,0,0,0,0,0,0,1,0,0,0,0,0,0,5
00-0035146,T.McSorley,Trace McSorley,QB,QB,ARI,2022,18,REG,SF,6,9,29,0,1,3,13,0,0,0,0,0,0,0,0,0,0,0,0,0,0,0,0.46
00-0035208,O.Zaccheaus,Olamide Zaccheaus,WR,WR,ATL,2022,18,REG,TB,0,0,0,0,0,0,0,0,4,7,37,1,75,0.25,0.211864406779661,0,0,0,0,0,0,0,13.7
00-0035216,D.Johnson,Diontae Johnson,WR,WR,PIT,2022,18,REG,CLE,0,0,0,0,0,0,0,0,2,10,38,0,107,0.357142857142857,0.332298136645963,0,0,0,0,0,1,0,7.8
00-0035217,B.Snell,Benny Snell,RB,RB,PIT,2022,18,REG,CLE,0,0,0,0,0,0,0,0,0,0,0,0,0,0,0,0,0,0,0,0,0,0,0
00-0035222,Z.Gentry,Zach Gentry,TE,TE,PIT,2022,18,REG,CLE,0,0,0,0,0,0,0,0,1,1,23,0,15,0.0357142857142857,0.046583850931677,0,0,0,0,0,0,0,3.3
00-0035229,T.Hockenson,T.J. Hockenson,TE,TE,MIN,2022,18,REG,CHI,0,0,0,0,0,0,0,0,1,1,16,0,5,0.03125,0.0179856115107914,0,0,0,0,0,0,0,2.6
00-0035243,M.Sanders,Miles Sanders,RB,RB,PHI,2022,18,REG,NYG,0,0,0,0,0,11,33,0,0,1,0,0,2,0.032258064516129,0.00836820083682008,0,0,0,0,0,0,0,3.3
00-0035249,J.Oliver,Josh Oliver,TE,TE,BAL,2022,18,REG,CIN,0,0,0,0,0,0,0,0,0,1,0,0,5,0.0238095238095238,0.0143266475644699,0,0,0,0,0,0,0,0
00-0035250,D.Singletary,Devin Singletary,RB,RB,BUF,2022,18,REG,NE,0,0,0,0,0,7,29,0,1,1,3,0,3,0.032258064516129,0.00721153846153846,0,1,0,0,0,0,0,2.2
00-0035261,T.Pollard,Tony Pollard,RB,RB,DAL,2022,18,REG,WAS,0,0,0,0,0,7,19,0,0,1,0,0,4,0.0277777777777778,0.00997506234413965,0,0,0,0,0,0,0,1.9
00-0035264,J.Stidham,Jarrett Stidham,QB,QB,LV,2022,18,REG,KC,22,36,219,1,1,7,50,0,0,0,0,0,0,0,0,1,0,0,0,0,0,0,13.76
00-0035291,T.Williams,Trayveon Williams,RB,RB,CIN,2022,18,REG,BAL,0,0,0,0,0,0,0,0,0,0,0,0,0,0,0,0,0,0,0,0,0,0,0
00-0035298,S.Miller,Scott Miller,WR,WR,TB,2022,18,REG,ATL,0,0,0,0,0,0,0,0,1,2,8,0,7,0.0606060606060606,0.037037037037037,0,0,0,0,0,0,0,1.8
00-0035329,D.Parham,Donald Parham,TE,TE,LAC,2022,18,REG,DEN,0,0,0,0,0,0,0,0,2,2,31,0,25,0.0454545454545455,0.0896057347670251,0,0,0,0,0,0,0,5.1
00-0035341,T.Irwin,Trenton Irwin,WR,WR,CIN,2022,18,REG,BAL,0,0,0,0,0,0,0,0,1,2,12,0,21,0.05,0.058659217877095,0,0,0,0,0,0,0,2.2
00-0035500,G.Dortch,Greg Dortch,WR,WR,ARI,2022,18,REG,SF,0,0,0,0,0,2,15,0,4,4,30,0,5,0.148148148148148,0.0277777777777778,0,0,0,0,0,0,0,8.5
00-0035537,T.Johnson,Ty Johnson,RB,RB,NYJ,2022,18,REG,MIA,0,0,0,0,0,5,12,0,2,3,13,0,-1,0.09375,-0.00357142857142857,0,0,0,0,0,0,0,4.5
00-0035572,P.Hesse,Parker Hesse,TE,TE,ATL,2022,18,REG,TB,0,0,0,0,0,0,0,0,1,1,6,0,-2,0.0357142857142857,-0.00564971751412429,0,0,0,0,0,0,0,1.6
00-0035624,N.Harry,N'Keal Harry,TE,TE,CHI,2022,18,REG,MIN,0,0,0,0,0,0,0,0,1,2,7,0,44,0.0740740740740741,0.153846153846154,0,0,0,0,0,0,0,1.7
00-0035639,P.Campbell,Parris Campbell,WR,WR,IND,2022,18,REG,HOU,0,0,0,0,0,1,26,0,6,9,42,0,78,0.264705882352941,0.307086614173228,0,0,0,0,0,0,0,12.8
00-0035640,D.Metcalf,DK Metcalf,WR,WR,SEA,2022,18,REG,LA,0,0,0,0,0,0,0,0,3,8,40,0,105,0.285714285714286,0.384615384615385,0,0,0,0,0,0,0,7
00-0035644,N.Fant,Noah Fant,TE,TE,SEA,2022,18,REG,LA,0,0,0,0,0,0,0,0,4,4,20,0,17,0.142857142857143,0.0622710622710623,0,0,0,0,0,0,0,6
00-0035645,G.Olszewski,Gunner Olszewski,WR,WR,PIT,2022,18,REG,CLE,0,0,0,0,0,2,4,0,0,0,0,0,0,0,0,0,0,0,0,0,0,0,0.4
00-0035657,D.Harris,Damien Harris,RB,RB,NE,2022,18,REG,BUF,0,0,0,0,0,13,48,0,1,4,4,0,13,0.102564102564103,0.0460992907801418,0,0,0,0,0,0,0,6.2
00-0035659,T.McLaurin,Terry McLaurin,WR,WR,WAS,2022,18,REG,DAL,0,0,0,0,0,0,0,0,3,6,74,1,79,0.333333333333333,0.49375,0,0,0,0,0,0,0,16.4
00-0035662,M.Brown,Marquise Brown,WR,WR,ARI,2022,18,REG,SF,0,0,0,0,0,0,0,0,1,4,7,0,100,0.148148148148148,0.555555555555556,0,0,0,0,0,0,0,1.7
00-0035676,A.Brown,A.J. Brown,WR,WR,PHI,2022,18,REG,NYG,0,0,0,0,0,0,0,0,4,10,95,0,156,0.32258064516129,0.652719665271967,0,0,0,0,0,0,0,13.5
00-0035685,D.Montgomery,David Montgomery,RB,RB,CHI,2022,18,REG,MIN,0,0,0,0,0,7,21,0,0,0,0,0,0,0,0,0,0,0,0,0,0,0,2.1
00-0035689,D.Knox,Dawson Knox,TE,TE,BUF,2022,18,REG,NE,0,0,0,0,0,0,0,0,2,2,13,1,3,0.0645161290322581,0.00721153846153846,0,0,0,0,0,0,0,9.3
00-0035700,J.Jacobs,Josh Jacobs,RB,RB,LV,2022,18,REG,KC,0,0,0,0,0,17,45,0,2,3,5,0,-1,0.0882352941176471,-0.00327868852459016,0,0,0,0,0,0,0,7
00-0035703,M.Boykin,Miles Boykin,WR,WR,PIT,2022,18,REG,CLE,0,0,0,0,0,0,0,0,0,0,0,0,0,0,0,0,0,0,0,0,0,0,0
00-0035719,D.Samuel,Deebo Samuel,WR,WR,SF,2022,18,REG,ARI,0,0,0,0,0,1,4,0,2,3,20,0,-11,0.15,-0.102803738317757,0,0,0,0,0,0,0,4.4
00-0035806,J.Hasty,Jamycal Hasty,RB,RB,JAX,2022,18,REG,TEN,0,0,0,0,0,3,5,0,0,1,0,0,-6,0.0344827586206897,-0.0235294117647059,0,0,0,0,0,0,0,0.5
00-0035876,A.Baccellia,Andre Baccellia,WR,WR,ARI,2022,18,REG,SF,0,0,0,0,0,0,0,0,1,1,6,0,6,0.037037037037037,0.0333333333333333,0,0,0,0,0,0,0,1.6
00-0035924,J.Ward,Jonathan Ward,RB,RB,TEN,2022,18,REG,JAX,0,0,0,0,0,1,-1,0,1,2,3,0,1,0.0740740740740741,0.0053475935828877,0,0,0,0,0,0,0,1.2
00-0035956,G.Ricci,Giovanni Ricci,TE,TE,CAR,2022,18,REG,NO,0,0,0,0,0,0,0,0,0,0,0,0,0,0,0,0,0,0,0,0,0,0,0
00-0036020,S.Ahmed,Salvon Ahmed,RB,RB,MIA,2022,18,REG,NYJ,0,0,0,0,0,1,7,0,0,0,0,0,0,0,0,0,0,0,0,0,0,0,0.7
00-0036040,J.Johnson,Juwan Johnson,TE,TE,NO,2022,18,REG,CAR,0,0,0,0,0,0,0,0,1,1,21,0,15,0.04,0.0638297872340426,0,0,0,0,0,0,0,3.1
00-0036133,J.Proche,James Proche,WR,WR,BAL,2022,18,REG,CIN,0,0,0,0,0,0,0,0,0,3,0,0,49,0.0714285714285714,0.140401146131805,0,0,0,0,0,0,0,0
00-0036145,L.Cager,Lawrence Cager,TE,TE,NYG,2022,18,REG,PHI,0,0,0,0,0,0,0,0,8,10,69,0,42,0.263157894736842,0.205882352941176,0,0,0,0,0,0,0,14.9
00-0036182,N.Westbrook-Ikhine,Nick Westbrook-Ikhine,WR,WR,TEN,2022,18,REG,JAX,0,0,0,0,0,0,0,0,0,1,0,0,3,0.037037037037037,0.0160427807486631,0,0,0,0,0,0,0,0
00-0036196,G.Davis,Gabe Davis,WR,WR,BUF,2022,18,REG,NE,0,0,0,0,0,0,0,0,3,10,39,0,165,0.32258064516129,0.396634615384615,0,0,0,0,0,0,0,6.9
00-0036219,M.Callaway,Marquez Callaway,WR,WR,NO,2022,18,REG,CAR,0,0,0,0,0,0,0,0,0,1,0,0,26,0.04,0.11063829787234,0,0,0,0,0,0,0,0
00-0036232,H.Bryant,Harrison Bryant,TE,TE,CLE,2022,18,REG,PIT,0,0,0,0,0,0,0,0,2,2,20,0,17,0.0740740740740741,0.083743842364532,0,0,0,0,0,0,0,4
00-0036233,D.Peoples-Jones,Donovan Peoples-Jones,WR,WR,CLE,2022,18,REG,PIT,0,0,0,0,0,0,0,0,2,4,42,0,49,0.148148148148148,0.241379310344828,0,0,0,0,0,0,0,6.2
00-0036244,C.Parkinson,Colby Parkinson,TE,TE,SEA,2022,18,REG,LA,0,0,0,0,0,0,0,0,2,3,47,0,37,0.107142857142857,0.135531135531136,0,0,0,0,0,0,0,6.7
00-0036247,F.Swain,Freddie Swain,WR,WR,DEN,2022,18,REG,LAC,0,0,0,0,0,0,0,0,2,3,54,0,51,0.136363636363636,0.161392405063291,0,0,0,0,0,0,0,7.4
00-0036250,T.Davis,Tyler Davis,TE,TE,GB,2022,18,REG,DET,0,0,0,0,0,0,0,0,0,0,0,0,0,0,0,0,0,0,0,0,0,0,0
00-0036251,Z.Moss,Zack Moss,RB,RB,IND,2022,18,REG,HOU,0,0,0,0,0,18,114,1,3,3,7,0,0,0.0882352941176471,0,0,0,0,0,0,0,0,21.1
00-0036252,M.Pittman,Michael Pittman,WR,WR,IND,2022,18,REG,HOU,0,0,0,0,0,1,0,0,3,5,30,1,38,0.147058823529412,0.149606299212598,0,0,0,0,0,0,0,12
00-0036259,J.Jennings,Jauan Jennings,WR,WR,SF,2022,18,REG,ARI,0,0,0,0,0,0,0,0,1,2,10,0,14,0.1,0.130841121495327,0,0,0,0,0,0,0,2
00-0036261,B.Aiyuk,Brandon Aiyuk,WR,WR,SF,2022,18,REG,ARI,0,0,0,0,0,0,0,0,4,5,59,0,72,0.25,0.672897196261682,0,0,0,0,0,0,0,9.9
00-0036265,A.Dillon,A.J. Dillon,RB,RB,GB,2022,18,REG,DET,0,0,0,0,0,9,33,0,0,3,0,0,5,0.115384615384615,0.0206611570247934,0,0,0,0,0,0,0,3.3
00-0036268,L.Shenault,Laviska Shenault Jr.,WR,WR,CAR,2022,18,REG,NO,0,0,0,0,0,1,1,0,1,1,8,0,-1,0.0909090909090909,-0.00591715976331361,0,0,0,0,0,0,0,1.9
00-0036271,Q.Watkins,Quez Watkins,WR,WR,PHI,2022,18,REG,NYG,0,0,0,0,0,0,0,0,2,4,14,0,25,0.129032258064516,0.104602510460251,0,0,0,0,0,0,0,3.4
00-0036275,D.Swift,D'Andre Swift,RB,RB,DET,2022,18,REG,GB,0,0,0,0,0,6,25,0,7,7,61,0,-20,0.212121212121212,-0.106951871657754,0,0,0,0,0,0,0,15.6
00-0036290,C.Kmet,Cole Kmet,TE,TE,CHI,2022,18,REG,MIN,0,0,0,0,0,0,0,0,4,5,57,1,14,0.185185185185185,0.048951048951049,0,0,0,0,0,0,0,15.7
00-0036322,J.Jefferson,Justin Jefferson,WR,WR,MIN,2022,18,REG,CHI,0,0,0,0,0,0,0,0,4,5,38,0,37,0.15625,0.133093525179856,0,0,0,0,0,0,0,7.8
00-0036326,C.Claypool,Chase Claypool,WR,WR,CHI,2022,18,REG,MIN,0,0,0,0,0,0,0,0,2,6,29,0,141,0.222222222222222,0.493006993006993,0,0,0,0,0,0,0,4.9
00-0036345,K.Osborn,K.J. Osborn,WR,WR,MIN,2022,18,REG,CHI,0,0,0,0,0,0,0,0,5,6,117,0,102,0.1875,0.366906474820144,0,0,0,0,0,0,0,16.7
00-0036355,J.Herbert,Justin Herbert,QB,QB,LAC,2022,18,REG,DEN,25,37,273,2,0,2,-1,0,0,0,0,0,0,0,0,0,0,0,0,0,0,0,18.82
00-0036358,C.Lamb,CeeDee Lamb,WR,WR,DAL,2022,18,REG,WAS,0,0,0,0,0,0,0,0,5,7,52,1,78,0.194444444444444,0.194513715710723,0,0,0,0,0,0,0,16.2
00-0036370,J.Kelley,Joshua Kelley,RB,RB,LAC,2022,18,REG,DEN,0,0,0,0,0,5,18,0,1,4,6,0,12,0.0909090909090909,0.0430107526881721,0,0,0,0,0,0,0,3.4
00-0036383,E.Benjamin,Eno Benjamin,RB,RB,NO,2022,18,REG,CAR,0,0,0,0,0,2,3,0,0,0,0,0,0,0,0,0,0,0,0,0,0,0,0.3
00-0036387,J.Reagor,Jalen Reagor,WR,WR,MIN,2022,18,REG,CHI,0,0,0,0,0,1,5,0,2,2,17,0,16,0.0625,0.0575539568345324,0,0,0,0,0,0,0,4.2
00-0036389,J.Hurts,Jalen Hurts,QB,QB,PHI,2022,18,REG,NYG,20,35,229,0,1,9,13,0,0,0,0,0,0,0,0,0,0,0,0,0,0,0,8.46
00-0036407,J.Jeudy,Jerry Jeudy,WR,WR,DEN,2022,18,REG,LAC,0,0,0,0,0,3,39,0,5,6,154,0,157,0.272727272727273,0.496835443037975,0,0,0,0,0,0,0,24.3
00-0036410,T.Higgins,Tee Higgins,WR,WR,CIN,2022,18,REG,BAL,0,0,0,0,0,0,0,0,1,7,7,0,116,0.175,0.324022346368715,0,0,0,0,0,0,0,1.7
00-0036414,C.Akers,Cam Akers,RB,RB,LA,2022,18,REG,SEA,0,0,0,0,0,21,104,0,3,3,24,0,-1,0.125,-0.00398406374501992,0,0,0,0,0,0,0,15.8
00-0036415,V.Jefferson,Van Jefferson,WR,WR,LA,2022,18,REG,SEA,0,0,0,0,0,0,0,0,3,7,61,0,134,0.291666666666667,0.533864541832669,0,0,0,0,0,0,0,9.1
00-0036422,A.Trautman,Adam Trautman,TE,TE,NO,2022,18,REG,CAR,0,0,0,0,0,0,0,0,1,1,18,0,5,0.04,0.0212765957446809,0,0,0,0,0,0,0,2.8
00-0036423,A.Okwuegbunam,Albert Okwuegbunam,TE,TE,DEN,2022,18,REG,LAC,0,0,0,0,0,0,0,0,0,1,0,0,27,0.0454545454545455,0.0854430379746835,0,0,0,0,0,0,0,0
00-0036424,B.Hopkins,Brycen Hopkins,TE,TE,LA,2022,18,REG,SEA,0,0,0,0,0,0,0,0,0,1,0,0,15,0.0416666666666667,0.0597609561752988,0,0,0,0,0,0,0,0
00-0036425,D.Dallas,DeeJay Dallas,RB,RB,SEA,2022,18,REG,LA,0,0,0,0,0,2,29,0,1,1,-3,0,-3,0.0357142857142857,-0.010989010989011,0,0,0,0,0,0,0,3.6
00-0036442,J.Burrow,Joe Burrow,QB,QB,CIN,2022,18,REG,BAL,25,42,215,1,0,3,10,0,0,0,0,0,0,0,0,1,0,0,0,0,0,0,11.6
00-0036450,K.Vaughn,Ke'Shawn Vaughn,RB,RB,TB,2022,18,REG,ATL,0,0,0,0,0,8,26,0,2,2,8,0,-9,0.0606060606060606,-0.0476190476190476,0,0,0,0,0,0,0,5.4
00-0036457,T.Williams,Ty'Son Williams,RB,RB,ARI,2022,18,REG,SF,0,0,0,0,0,0,0,0,1,1,5,0,-1,0.037037037037037,-0.00555555555555556,0,0,0,0,0,0,0,1.5
00-0036493,D.Jackson,Deon Jackson,RB,RB,IND,2022,18,REG,HOU,0,0,0,0,0,8,35,0,6,8,75,0,11,0.235294117647059,0.0433070866141732,0,0,0,0,0,0,0,17
00-0036534,S.Zylstra,Shane Zylstra,TE,TE,DET,2022,18,REG,GB,0,0,0,0,0,0,0,0,0,1,0,0,3,0.0303030303030303,0.0160427807486631,0,0,0,0,0,0,0,0
00-0036555,C.Hubbard,Chuba Hubbard,RB,RB,CAR,2022,18,REG,NO,0,0,0,0,0,21,69,0,0,1,0,0,1,0.0909090909090909,0.00591715976331361,0,0,0,0,0,0,0,6.9
00-0036567,E.Mitchell,Elijah Mitchell,RB,RB,SF,2022,18,REG,ARI,0,0,0,0,0,5,55,2,0,0,0,0,0,0,0,0,0,0,0,0,0,0,17.5
00-0036569,G.Brightwell,Gary Brightwell,RB,RB,NYG,2022,18,REG,PHI,0,0,0,0,0,11,60,0,1,3,3,0,4,0.0789473684210526,0.0196078431372549,0,0,0,0,0,0,0,7.3
00-0036572,S.Smith,Shi Smith,WR,WR,CAR,2022,18,REG,NO,0,0,0,0,0,0,0,0,0,1,0,0,4,0.0909090909090909,0.0236686390532544,0,0,0,0,0,0,0,0
00-0036590,Q.Morris,Quintin Morris,TE,TE,BUF,2022,18,REG,NE,0,0,0,0,0,0,0,0,0,0,0,0,0,0,0,0,0,0,0,0,0,0,0
00-0036613,J.Waddle,Jaylen Waddle,WR,WR,MIA,2022,18,REG,NYJ,0,0,0,0,0,1,9,0,5,5,44,0,30,0.185185185185185,0.144230769230769,0,0,0,0,0,0,0,10.3
00-0036626,D.Brown,Dyami Brown,WR,WR,WAS,2022,18,REG,DAL,0,0,0,0,0,0,0,0,0,0,0,0,0,0,0,0,0,0,0,0,0,0,0
00-0036630,T.Wallace,Tylan Wallace,WR,WR,BAL,2022,18,REG,CIN,0,0,0,0,0,0,0,0,1,1,12,0,7,0.0238095238095238,0.0200573065902579,0,0,0,0,0,0,0,2.2
00-0036637,N.Gray,Noah Gray,TE,TE,KC,2022,18,REG,LV,0,0,0,0,0,0,0,0,1,1,14,0,-3,0.0416666666666667,-0.0127659574468085,0,0,0,0,0,0,0,2.4
00-0036650,L.Rountree,Larry Rountree,RB,RB,LAC,2022,18,REG,DEN,0,0,0,0,0,3,4,0,1,1,1,0,-7,0.0227272727272727,-0.025089605734767,0,0,0,0,0,0,0,1.5
00-0036652,R.McMath,Racey McMath,WR,WR,TEN,2022,18,REG,JAX,0,0,0,0,0,1,4,0,0,0,0,0,0,0,0,0,0,0,0,0,0,0,0.4
00-0036671,D.Milne,Dax Milne,WR,WR,WAS,2022,18,REG,DAL,0,0,0,0,0,0,0,0,0,0,0,0,0,0,0,0,0,0,0,0,0,0,0
00-0036754,B.Wright,Brock Wright,TE,TE,DET,2022,18,REG,GB,0,0,0,0,0,0,0,0,0,1,0,0,10,0.0303030303030303,0.053475935828877,0,0,0,0,0,0,0,0
00-0036755,J.Patterson,Jaret Patterson,RB,RB,WAS,2022,18,REG,DAL,0,0,0,0,0,17,78,0,0,1,0,0,4,0.0555555555555556,0.025,0,0,0,0,0,0,0,7.8
00-0036810,C.Johnson,Cade Johnson,WR,WR,SEA,2022,18,REG,LA,0,0,0,0,0,0,0,0,2,2,21,0,15,0.0714285714285714,0.054945054945055,0,0,0,0,0,0,0,4.1
00-0036842,K.Nwangwu,Kene Nwangwu,RB,RB,MIN,2022,18,REG,CHI,0,0,0,0,0,5,13,0,1,1,16,0,-3,0.03125,-0.0107913669064748,0,0,0,0,0,0,0,3.9
00-0036849,T.Atwell,Tutu Atwell,WR,WR,LA,2022,18,REG,SEA,0,0,0,0,0,1,11,1,2,3,27,0,61,0.125,0.243027888446215,0,0,0,0,0,0,0,11.8
00-0036875,R.Stevenson,Rhamondre Stevenson,RB,RB,NE,2022,18,REG,BUF,0,0,0,0,0,6,54,0,5,6,28,0,9,0.153846153846154,0.0319148936170213,0,0,0,0,0,0,0,13.2
00-0036877,J.Darden,Jaelon Darden,WR,WR,CLE,2022,18,REG,PIT,0,0,0,0,0,0,0,0,0,0,0,0,0,0,0,0,0,0,0,0,0,0,0
00-0036879,S.Ehlinger,Sam Ehlinger,QB,QB,IND,2022,18,REG,HOU,23,35,209,2,2,5,21,0,0,0,0,0,0,0,0,0,0,0,0,0,0,0,14.46
00-0036887,L.Farrell,Luke Farrell,TE,TE,JAX,2022,18,REG,TEN,0,0,0,0,0,0,0,0,1,1,11,0,1,0.0344827586206897,0.00392156862745098,0,0,0,0,0,0,0,2.1
00-0036893,N.Harris,Najee Harris,RB,RB,PIT,2022,18,REG,CLE,0,0,0,0,0,23,80,1,1,1,10,0,-2,0.0357142857142857,-0.0062111801242236,0,1,0,0,0,0,0,14
00-0036894,P.Freiermuth,Pat Freiermuth,TE,TE,PIT,2022,18,REG,CLE,0,0,0,0,0,0,0,0,0,2,0,0,14,0.0714285714285714,0.0434782608695652,0,0,0,0,0,0,0,0
00-0036898,D.Mills,Davis Mills,QB,QB,HOU,2022,18,REG,IND,22,38,298,3,2,1,6,0,0,0,0,0,0,0,0,0,0,0,1,0,0,0,22.52
00-0036900,J.Chase,Ja'Marr Chase,WR,WR,CIN,2022,18,REG,BAL,0,0,0,0,0,0,0,0,8,13,86,1,134,0.325,0.374301675977654,0,0,0,0,0,0,0,22.6
00-0036906,K.Herbert,Khalil Herbert,RB,RB,CHI,2022,18,REG,MIN,0,0,0,0,0,10,50,0,1,2,-1,0,-8,0.0740740740740741,-0.027972027972028,0,0,0,0,0,0,0,5.9
00-0036912,D.Smith,DeVonta Smith,WR,WR,PHI,2022,18,REG,NYG,0,0,0,0,0,0,0,0,7,8,67,0,24,0.258064516129032,0.100418410041841,0,0,0,0,0,0,0,13.7
00-0036913,K.Toney,Kadarius Toney,WR,WR,KC,2022,18,REG,LV,0,0,0,0,0,3,26,1,2,2,18,0,1,0.0833333333333333,0.00425531914893617,0,0,0,0,0,0,0,12.4
00-0036919,K.Gainwell,Kenneth Gainwell,RB,RB,PHI,2022,18,REG,NYG,0,0,0,0,0,5,35,0,1,1,7,0,5,0.032258064516129,0.0209205020920502,0,0,0,0,0,0,0,5.2
00-0036924,Mi.Carter,Michael Carter,RB,RB,NYJ,2022,18,REG,MIA,0,0,0,0,0,3,4,0,2,3,1,0,-2,0.09375,-0.00714285714285714,0,0,0,0,0,0,0,2.5
00-0036928,K.Trask,Kyle Trask,QB,QB,TB,2022,18,REG,ATL,3,9,23,0,0,0,0,0,0,0,0,0,0,0,0,0,0,0,0,0,0,0,0.92
00-0036950,A.Williams,Avery Williams,RB,RB,ATL,2022,18,REG,TB,0,0,0,0,0,4,12,0,0,0,0,0,0,0,0,0,0,0,0,0,0,0,1.2
00-0036951,F.Darby,Frank Darby,WR,WR,ATL,2022,18,REG,TB,0,0,0,0,0,0,0,0,1,1,15,0,14,0.0357142857142857,0.0395480225988701,0,0,0,0,0,0,0,2.5
00-0036955,T.Marshall,Terrace Marshall,WR,WR,CAR,2022,18,REG,NO,0,0,0,0,0,0,0,0,2,3,23,0,20,0.272727272727273,0.118343195266272,0,0,0,0,0,0,0,4.3
00-0036963,A.St. Brown,Amon-Ra St. Brown,WR,WR,DET,2022,18,REG,GB,0,0,0,0,0,0,0,0,6,9,49,0,66,0.272727272727273,0.352941176470588,0,0,0,0,0,0,0,10.9
00-0036971,T.Lawrence,Trevor Lawrence,QB,QB,JAX,2022,18,REG,TEN,20,32,212,1,0,4,-3,0,0,0,0,0,0,0,0,0,1,0,0,0,0,0,10.18
00-0036972,M.Jones,Mac Jones,QB,QB,NE,2022,18,REG,BUF,26,40,243,3,3,4,5,0,0,0,0,0,0,0,0,0,0,0,0,0,0,0,16.22
00-0036973,T.Etienne,Travis Etienne,RB,RB,JAX,2022,18,REG,TEN,0,0,0,0,0,7,17,0,2,2,17,0,6,0.0689655172413793,0.0235294117647059,0,0,0,0,0,0,0,5.4
00-0036980,E.Moore,Elijah Moore,WR,WR,NYJ,2022,18,REG,MIA,0,0,0,0,0,0,0,0,1,1,11,0,15,0.03125,0.0535714285714286,0,0,0,0,0,0,0,2.1
00-0036988,J.Palmer,Josh Palmer,WR,WR,LAC,2022,18,REG,DEN,0,0,0,0,0,0,0,0,4,6,39,0,32,0.136363636363636,0.114695340501792,0,0,0,0,0,1,0,9.9
00-0036991,A.Rodgers,Amari Rodgers,WR,WR,HOU,2022,18,REG,IND,0,0,0,0,0,0,0,0,3,4,22,0,18,0.105263157894737,0.0530973451327434,0,0,0,0,0,0,0,5.2
00-0037005,T.Tremble,Tommy Tremble,TE,TE,CAR,2022,18,REG,NO,0,0,0,0,0,0,0,0,1,1,2,0,-2,0.0909090909090909,-0.0118343195266272,0,0,0,0,0,0,0,1.2
00-0037011,T.McKitty,Tre' McKitty,TE,TE,LAC,2022,18,REG,DEN,0,0,0,0,0,0,0,0,0,1,0,0,3,0.0227272727272727,0.010752688172043,0,0,0,0,0,0,0,0
00-0037077,S.Howell,Sam Howell,QB,QB,WAS,2022,18,REG,DAL,11,19,169,1,1,5,35,1,0,0,0,0,0,0,0,0,0,0,0,0,0,0,18.26
00-0037085,T.Badie,Tyler Badie,RB,RB,DEN,2022,18,REG,LAC,0,0,0,0,0,1,0,0,1,1,24,1,-7,0.0454545454545455,-0.0221518987341772,0,0,0,0,0,0,0,9.4
00-0037087,T.Ebner,Trestan Ebner,RB,RB,CHI,2022,18,REG,MIN,0,0,0,0,0,0,0,0,0,2,0,0,-2,0.0740740740740741,-0.00699300699300699,0,0,0,0,0,0,0,0
00-0037093,D.Young,Dareke Young,WR,WR,SEA,2022,18,REG,LA,0,0,0,0,0,0,0,0,2,2,24,0,1,0.0714285714285714,0.00366300366300366,0,0,0,0,0,0,0,4.4
00-0037132,B.Covey,Britain Covey,WR,WR,PHI,2022,18,REG,NYG,0,0,0,0,0,0,0,0,0,0,0,0,0,0,0,0,0,0,0,0,0,0,0
00-0037157,Z.Knight,Zonovan Knight,RB,RB,NYJ,2022,18,REG,MIA,0,0,0,0,0,12,22,0,0,0,0,0,0,0,0,0,0,0,0,0,0,0,2.2
00-0037168,A.Rogers,Armani Rogers,TE,TE,WAS,2022,18,REG,DAL,0,0,0,0,0,1,2,0,0,0,0,0,0,0,0,0,0,0,0,0,0,0,0.2
00-0037175,A.Brown,Anthony Brown,QB,QB,BAL,2022,18,REG,CIN,19,44,286,0,2,0,0,0,0,0,0,0,0,0,0,1,0,0,0,0,0,0,5.44
00-0037197,I.Pacheco,Isiah Pacheco,RB,RB,KC,2022,18,REG,LV,0,0,0,0,0,8,64,1,0,0,0,0,0,0,0,0,0,0,0,0,0,0,12.4
00-0037228,J.Warren,Jaylen Warren,RB,RB,PIT,2022,18,REG,CLE,0,0,0,0,0,6,36,0,3,4,7,0,-3,0.142857142857143,-0.0093167701863354,0,0,0,0,0,0,0,7.3
00-0037238,D.London,Drake London,WR,WR,ATL,2022,18,REG,TB,0,0,0,0,0,0,0,0,6,8,120,0,146,0.285714285714286,0.412429378531073,0,0,0,0,0,0,0,18
00-0037239,C.Olave,Chris Olave,WR,WR,NO,2022,18,REG,CAR,0,0,0,0,0,0,0,0,5,12,60,1,155,0.48,0.659574468085106,0,0,1,0,0,0,0,15
00-0037240,J.Williams,Jameson Williams,WR,WR,DET,2022,18,REG,GB,0,0,0,0,0,0,0,0,0,1,0,0,12,0.0303030303030303,0.0641711229946524,0,0,0,0,0,0,0,0
00-0037247,G.Pickens,George Pickens,WR,WR,PIT,2022,18,REG,CLE,0,0,0,0,0,0,0,0,3,6,72,1,147,0.214285714285714,0.456521739130435,0,0,0,0,0,0,0,16.2
00-0037248,J.Cook,James Cook,RB,RB,BUF,2022,18,REG,NE,0,0,0,0,0,9,45,0,2,2,6,0,-3,0.0645161290322581,-0.00721153846153846,0,0,0,0,0,0,0,7.1
00-0037256,R.White,Rachaad White,RB,RB,TB,2022,18,REG,ATL,0,0,0,0,0,4,15,0,0,0,0,0,0,0,0,0,0,0,0,0,0,0,1.5
00-0037257,Dav.Bell,David Bell,WR,WR,CLE,2022,18,REG,PIT,0,0,0,0,0,0,0,0,0,2,0,0,27,0.0740740740740741,0.133004926108374,0,0,0,0,0,0,0,0
00-0037261,K.Shakir,Khalil Shakir,WR,WR,BUF,2022,18,REG,NE,0,0,0,0,0,0,0,0,1,2,28,0,34,0.0645161290322581,0.0817307692307692,0,0,0,0,0,0,0,3.8
00-0037263,T.Allgeier,Tyler Allgeier,RB,RB,ATL,2022,18,REG,TB,0,0,0,0,0,24,135,0,0,0,0,0,0,0,0,0,0,0,0,0,0,0,13.5
00-0037267,J.Ford,Jerome Ford,RB,RB,CLE,2022,18,REG,PIT,0,0,0,0,0,0,0,0,0,0,0,0,0,0,0,0,0,0,0,0,0,0,0
00-0037276,T.Chandler,Ty Chandler,RB,RB,MIN,2022,18,REG,CHI,0,0,0,0,0,6,20,0,0,0,0,0,0,0,0,0,0,0,0,0,0,0,2
00-0037277,T.Quitoriano,Teagan Quitoriano,TE,TE,HOU,2022,18,REG,IND,0,0,0,0,0,0,0,0,3,4,83,0,56,0.105263157894737,0.165191740412979,0,0,0,0,0,0,0,11.3
00-0037282,J.Mitchell,James Mitchell,TE,TE,DET,2022,18,REG,GB,0,0,0,0,0,0,0,0,1,1,7,0,7,0.0303030303030303,0.0374331550802139,0,0,0,0,0,0,0,1.7
00-0037291,J.Nailor,Jalen Nailor,WR,WR,MIN,2022,18,REG,CHI,0,0,0,0,0,0,0,0,4,5,62,0,53,0.15625,0.190647482014389,0,0,0,0,0,0,0,10.2
00-0037299,K.Ingram,Keaontay Ingram,RB,RB,ARI,2022,18,REG,SF,0,0,0,0,0,3,5,0,2,3,-2,0,-7,0.111111111111111,-0.0388888888888889,0,0,0,0,0,0,0,2.3
00-0037300,M.Woods,Mike Woods,WR,WR,CLE,2022,18,REG,PIT,0,0,0,0,0,0,0,0,1,1,15,0,6,0.037037037037037,0.0295566502463054,0,0,0,0,0,0,0,2.5
00-0037304,Co.Heyward,Connor Heyward,TE,TE,PIT,2022,18,REG,CLE,0,0,0,0,0,1,6,0,3,4,45,0,33,0.142857142857143,0.102484472049689,0,0,0,0,0,0,0,8.1
00-0037327,S.Thompson,Skylar Thompson,QB,QB,MIA,2022,18,REG,NYJ,20,31,152,0,0,3,3,0,0,0,0,0,0,0,0,0,0,0,0,0,0,0,6.38
00-0037382,B.Johnson,Brandon Johnson,WR,WR,DEN,2022,18,REG,LAC,0,0,0,0,0,0,0,0,0,0,0,0,0,0,0,0,0,0,0,0,0,0,0
00-0037387,J.Virgil,Jalen Virgil,WR,WR,DEN,2022,18,REG,LAC,0,0,0,0,0,0,0,0,0,0,0,0,0,0,0,0,0,0,0,0,0,0,0
00-0037429,R.Blackshear,Raheem Blackshear,RB,RB,CAR,2022,18,REG,NO,0,0,0,0,0,1,1,0,0,0,0,0,0,0,0,0,0,0,0,0,0,0,0.1
00-0037487,D.Thompkins,Deven Thompkins,WR,WR,TB,2022,18,REG,ATL,0,0,0,0,0,1,17,0,4,9,25,0,75,0.272727272727273,0.396825396825397,0,0,0,0,0,0,0,8.2
00-0037525,J.Mason,Jordan Mason,RB,RB,SF,2022,18,REG,ARI,0,0,0,0,0,8,28,0,0,0,0,0,0,0,0,0,0,0,0,0,0,0,2.8
00-0037545,R.Shaheed,Rashid Shaheed,WR,WR,NO,2022,18,REG,CAR,0,0,0,0,0,1,7,0,3,4,34,0,40,0.16,0.170212765957447,0,0,0,0,0,0,0,7.1
00-0037563,M.Davis,Malik Davis,RB,RB,DAL,2022,18,REG,WAS,0,0,0,0,0,5,19,0,0,0,0,0,0,0,0,0,0,0,0,0,0,0,1.9
00-0037594,J.Chestnut,Julius Chestnut,RB,RB,TEN,2022,18,REG,JAX,0,0,0,0,0,0,0,0,0,0,0,0,0,0,0,0,0,0,0,0,0,0,0
00-0037617,H.Haskins,Hassan Haskins,RB,RB,TEN,2022,18,REG,JAX,0,0,0,0,0,2,3,0,2,2,13,0,6,0.0740740740740741,0.0320855614973262,0,0,0,0,0,0,0,3.6
00-0037664,A.Pierce,Alec Pierce,WR,WR,IND,2022,18,REG,HOU,0,0,0,0,0,0,0,0,3,4,42,0,45,0.117647058823529,0.177165354330709,0,0,0,0,0,0,0,7.2
00-0037740,G.Wilson,Garrett Wilson,WR,WR,NYJ,2022,18,REG,MIA,0,0,0,0,0,0,0,0,9,17,89,0,195,0.53125,0.696428571428571,0,0,0,0,0,0,0,17.9
00-0037741,J.Dotson,Jahan Dotson,WR,WR,WAS,2022,18,REG,DAL,0,0,0,0,0,0,0,0,3,4,72,0,60,0.222222222222222,0.375,0,0,0,0,0,0,0,10.2
00-0037742,T.Burks,Treylon Burks,WR,WR,TEN,2022,18,REG,JAX,0,0,0,0,0,0,0,0,4,7,19,0,53,0.259259259259259,0.283422459893048,0,0,0,0,0,0,0,5.9
00-0037744,T.McBride,Trey McBride,TE,TE,ARI,2022,18,REG,SF,0,0,0,0,0,0,0,0,3,3,41,0,12,0.111111111111111,0.0666666666666667,0,0,0,0,0,0,0,7.1
00-0037745,V.Jones,Velus Jones,RB,RB,CHI,2022,18,REG,MIN,0,0,0,0,0,1,42,1,1,2,28,0,43,0.0740740740740741,0.15034965034965,0,0,0,0,0,0,0,14
00-0037755,J.Woods,Jelani Woods,TE,TE,IND,2022,18,REG,HOU,0,0,0,0,0,0,0,0,1,4,9,0,26,0.117647058823529,0.102362204724409,0,0,0,0,0,0,0,1.9
00-0037801,K.Turpin,Kavontae Turpin,WR,WR,DAL,2022,18,REG,WAS,0,0,0,0,0,0,0,0,0,0,0,0,0,0,0,0,0,0,0,0,0,0,0
00-0037805,J.Ruckert,Jeremy Ruckert,TE,TE,NYJ,2022,18,REG,MIA,0,0,0,0,0,0,0,0,1,1,8,0,7,0.03125,0.025,0,0,0,0,0,0,0,1.8
00-0037809,C.Okonkwo,Chigoziem Okonkwo,TE,TE,TEN,2022,18,REG,JAX,0,0,0,0,0,0,0,0,3,4,42,1,38,0.148148148148148,0.203208556149733,0,0,0,0,0,0,0,13.2
00-0037816,R.Doubs,Romeo Doubs,WR,WR,GB,2022,18,REG,DET,0,0,0,0,0,0,0,0,0,2,0,0,25,0.0769230769230769,0.103305785123967,0,0,0,0,0,0,0,0
00-0037827,T.Davis-Price,Tyrion Davis-Price,RB,RB,SF,2022,18,REG,ARI,0,0,0,0,0,8,27,0,0,0,0,0,0,0,0,0,0,0,0,0,0,0,2.7
00-0037834,B.Purdy,Brock Purdy,QB,QB,SF,2022,18,REG,ARI,15,20,178,3,0,4,7,0,0,0,0,0,0,0,0,0,0,0,0,0,0,0,19.82
00-0037838,I.Likely,Isaiah Likely,TE,TE,BAL,2022,18,REG,CIN,0,0,0,0,0,0,0,0,8,13,103,0,116,0.30952380952381,0.332378223495702,0,0,0,0,0,0,0,18.3
00-0038040,Z.White,Zamir White,RB,RB,LV,2022,18,REG,KC,0,0,0,0,0,1,4,0,0,0,0,0,0,0,0,0,0,0,0,0,0,0,0.4
00-0038041,J.Ferguson,Jake Ferguson,TE,TE,DAL,2022,18,REG,WAS,0,0,0,0,0,0,0,0,1,1,4,0,3,0.0277777777777778,0.00748129675810474,0,0,0,0,0,0,0,1.4
00-0038046,C.Kolar,Charlie Kolar,TE,TE,BAL,2022,18,REG,CIN,0,0,0,0,0,0,0,0,4,6,49,0,49,0.142857142857143,0.140401146131805,0,0,0,0,0,0,0,8.9
00-0038092,E.Ezukanma,Erik Ezukanma,WR,WR,MIA,2022,18,REG,NYJ,0,0,0,0,0,0,0,0,1,1,3,0,-4,0.037037037037037,-0.0192307692307692,0,0,0,0,0,0,0,1.3
00-0038102,K.Pickett,Kenny Pickett,QB,QB,PIT,2022,18,REG,CLE,13,29,195,1,0,3,1,0,0,0,0,0,0,0,0,0,0,0,1,0,0,0,13.9
00-0038104,T.Thornton,Tyquan Thornton,WR,WR,NE,2022,18,REG,BUF,0,0,0,0,0,0,0,0,1,2,13,0,10,0.0512820512820513,0.0354609929078014,0,0,0,0,0,0,0,2.3
00-0038122,D.Ridder,Desmond Ridder,QB,QB,ATL,2022,18,REG,TB,19,30,224,2,0,2,9,0,0,0,0,0,0,0,0,1,0,0,0,0,0,0,15.86
00-0038124,C.Watson,Christian Watson,WR,WR,GB,2022,18,REG,DET,0,0,0,0,0,2,12,0,5,6,104,0,103,0.230769230769231,0.425619834710744,0,0,0,0,0,0,0,16.6
00-0038129,C.Otton,Cade Otton,TE,TE,TB,2022,18,REG,ATL,0,0,0,0,0,0,0,0,1,1,5,0,5,0.0303030303030303,0.0264550264550265,0,0,0,0,0,0,0,1.5
00-0038134,K.Walker,Kenneth Walker,RB,RB,SEA,2022,18,REG,LA,0,0,0,0,0,29,114,0,1,1,10,0,-1,0.0357142857142857,-0.00366300366300366,0,0,0,0,0,0,0,13.4
00-0038149,J.Ali,Josh Ali,WR,WR,ATL,2022,18,REG,TB,0,0,0,0,0,0,0,0,0,1,0,0,45,0.0357142857142857,0.127118644067797,0,0,0,0,0,0,0,0
