game_id,season,game_type,week,away_team,home_team,location
1999_01_MIN_ATL,1999,REG,1,MIN,ATL,Home
1999_01_KC_CHI,1999,REG,1,KC,CHI,Home
1999_01_PIT_CLE,1999,REG,1,PIT,CLE,Home
1999_01_OAK_GB,1999,REG,1,OAK,GB,Home
1999_01_BUF_IND,1999,REG,1,BUF,IND,Home
1999_01_SF_JAX,1999,REG,1,SF,JAX,Home
1999_01_CAR_NO,1999,REG,1,CAR,NO,Home
1999_01_NE_NYJ,1999,REG,1,NE,NYJ,Home
1999_01_ARI_PHI,1999,REG,1,ARI,PHI,Home
1999_01_DET_SEA,1999,REG,1,DET,SEA,Home
1999_01_BAL_STL,1999,REG,1,BAL,STL,Home
1999_01_NYG_TB,1999,REG,1,NYG,TB,Home
1999_01_CIN_TEN,1999,REG,1,CIN,TEN,Home
1999_01_DAL_WAS,1999,REG,1,DAL,WAS,Home
1999_01_MIA_DEN,1999,REG,1,MIA,DEN,Home
1999_02_PIT_BAL,1999,REG,2,PIT,BAL,Home
1999_02_NYJ_BUF,1999,REG,2,NYJ,BUF,Home
1999_02_JAX_CAR,1999,REG,2,JAX,CAR,Home
1999_02_SEA_CHI,1999,REG,2,SEA,CHI,Home
1999_02_SD_CIN,1999,REG,2,SD,CIN,Home
1999_02_GB_DET,1999,REG,2,GB,DET,Home
1999_02_DEN_KC,1999,REG,2,DEN,KC,Home
1999_02_ARI_MIA,1999,REG,2,ARI,MIA,Home
1999_02_OAK_MIN,1999,REG,2,OAK,MIN,Home
1999_02_IND_NE,1999,REG,2,IND,NE,Home
1999_02_WAS_NYG,1999,REG,2,WAS,NYG,Home
1999_02_TB_PHI,1999,REG,2,TB,PHI,Home
1999_02_NO_SF,1999,REG,2,NO,SF,Home
1999_02_CLE_TEN,1999,REG,2,CLE,TEN,Home
1999_02_ATL_DAL,1999,REG,2,ATL,DAL,Home
1999_03_CLE_BAL,1999,REG,3,CLE,BAL,Home
1999_03_PHI_BUF,1999,REG,3,PHI,BUF,Home
1999_03_CIN_CAR,1999,REG,3,CIN,CAR,Home
1999_03_MIN_GB,1999,REG,3,MIN,GB,Home
1999_03_TEN_JAX,1999,REG,3,TEN,JAX,Home
1999_03_DET_KC,1999,REG,3,DET,KC,Home
1999_03_NYG_NE,1999,REG,3,NYG,NE,Home
1999_03_WAS_NYJ,1999,REG,3,WAS,NYJ,Home
1999_03_CHI_OAK,1999,REG,3,CHI,OAK,Home
1999_03_SEA_PIT,1999,REG,3,SEA,PIT,Home
1999_03_IND_SD,1999,REG,3,IND,SD,Home
1999_03_ATL_STL,1999,REG,3,ATL,STL,Home
1999_03_DEN_TB,1999,REG,3,DEN,TB,Home
1999_03_SF_ARI,1999,REG,3,SF,ARI,Home
1999_04_BAL_ATL,1999,REG,4,BAL,ATL,Home
1999_04_NO_CHI,1999,REG,4,NO,CHI,Home
1999_04_STL_CIN,1999,REG,4,STL,CIN,Home
1999_04_NE_CLE,1999,REG,4,NE,CLE,Home
1999_04_ARI_DAL,1999,REG,4,ARI,DAL,Home
1999_04_NYJ_DEN,1999,REG,4,NYJ,DEN,Home
1999_04_TB_MIN,1999,REG,4,TB,MIN,Home
1999_04_PHI_NYG,1999,REG,4,PHI,NYG,Home
1999_04_JAX_PIT,1999,REG,4,JAX,PIT,Home
1999_04_KC_SD,1999,REG,4,KC,SD,Home
1999_04_OAK_SEA,1999,REG,4,OAK,SEA,Home
1999_04_TEN_SF,1999,REG,4,TEN,SF,Home
1999_04_CAR_WAS,1999,REG,4,CAR,WAS,Home
1999_04_BUF_MIA,1999,REG,4,BUF,MIA,Home
1999_05_NYG_ARI,1999,REG,5,NYG,ARI,Home
1999_05_PIT_BUF,1999,REG,5,PIT,BUF,Home
1999_05_CIN_CLE,1999,REG,5,CIN,CLE,Home
1999_05_SD_DET,1999,REG,5,SD,DET,Home
1999_05_TB_GB,1999,REG,5,TB,GB,Home
1999_05_MIA_IND,1999,REG,5,MIA,IND,Home
1999_05_NE_KC,1999,REG,5,NE,KC,Home
1999_05_CHI_MIN,1999,REG,5,CHI,MIN,Home
1999_05_ATL_NO,1999,REG,5,ATL,NO,Home
1999_05_DEN_OAK,1999,REG,5,DEN,OAK,Home
1999_05_DAL_PHI,1999,REG,5,DAL,PHI,Home
1999_05_SF_STL,1999,REG,5,SF,STL,Home
1999_05_BAL_TEN,1999,REG,5,BAL,TEN,Home
1999_05_JAX_NYJ,1999,REG,5,JAX,NYJ,Home
1999_06_WAS_ARI,1999,REG,6,WAS,ARI,Home
1999_06_STL_ATL,1999,REG,6,STL,ATL,Home
1999_06_OAK_BUF,1999,REG,6,OAK,BUF,Home
1999_06_PHI_CHI,1999,REG,6,PHI,CHI,Home
1999_06_PIT_CIN,1999,REG,6,PIT,CIN,Home
1999_06_GB_DEN,1999,REG,6,GB,DEN,Home
1999_06_MIN_DET,1999,REG,6,MIN,DET,Home
1999_06_CLE_JAX,1999,REG,6,CLE,JAX,Home
1999_06_MIA_NE,1999,REG,6,MIA,NE,Home
1999_06_TEN_NO,1999,REG,6,TEN,NO,Home
1999_06_IND_NYJ,1999,REG,6,IND,NYJ,Home
1999_06_SEA_SD,1999,REG,6,SEA,SD,Home
1999_06_CAR_SF,1999,REG,6,CAR,SF,Home
1999_06_DAL_NYG,1999,REG,6,DAL,NYG,Home
1999_07_KC_BAL,1999,REG,7,KC,BAL,Home
1999_07_DET_CAR,1999,REG,7,DET,CAR,Home
1999_07_WAS_DAL,1999,REG,7,WAS,DAL,Home
1999_07_CIN_IND,1999,REG,7,CIN,IND,Home
1999_07_PHI_MIA,1999,REG,7,PHI,MIA,Home
1999_07_SF_MIN,1999,REG,7,SF,MIN,Home
1999_07_DEN_NE,1999,REG,7,DEN,NE,Home
1999_07_NO_NYG,1999,REG,7,NO,NYG,Home
1999_07_NYJ_OAK,1999,REG,7,NYJ,OAK,Home
1999_07_GB_SD,1999,REG,7,GB,SD,Home
1999_07_BUF_SEA,1999,REG,7,BUF,SEA,Home
1999_07_CLE_STL,1999,REG,7,CLE,STL,Home
1999_07_CHI_TB,1999,REG,7,CHI,TB,Home
1999_07_ATL_PIT,1999,REG,7,ATL,PIT,Home
1999_08_NE_ARI,1999,REG,8,NE,ARI,Home
1999_08_CAR_ATL,1999,REG,8,CAR,ATL,Home
1999_08_BUF_BAL,1999,REG,8,BUF,BAL,Home
1999_08_JAX_CIN,1999,REG,8,JAX,CIN,Home
1999_08_MIN_DEN,1999,REG,8,MIN,DEN,Home
1999_08_TB_DET,1999,REG,8,TB,DET,Home
1999_08_DAL_IND,1999,REG,8,DAL,IND,Home
1999_08_SD_KC,1999,REG,8,SD,KC,Home
1999_08_CLE_NO,1999,REG,8,CLE,NO,Home
1999_08_MIA_OAK,1999,REG,8,MIA,OAK,Home
1999_08_NYG_PHI,1999,REG,8,NYG,PHI,Home
1999_08_STL_TEN,1999,REG,8,STL,TEN,Home
1999_08_CHI_WAS,1999,REG,8,CHI,WAS,Home
1999_08_SEA_GB,1999,REG,8,SEA,GB,Home
1999_09_JAX_ATL,1999,REG,9,JAX,ATL,Home
1999_09_PHI_CAR,1999,REG,9,PHI,CAR,Home
1999_09_BAL_CLE,1999,REG,9,BAL,CLE,Home
1999_09_STL_DET,1999,REG,9,STL,DET,Home
1999_09_CHI_GB,1999,REG,9,CHI,GB,Home
1999_09_KC_IND,1999,REG,9,KC,IND,Home
1999_09_TEN_MIA,1999,REG,9,TEN,MIA,Home
1999_09_TB_NO,1999,REG,9,TB,NO,Home
1999_09_ARI_NYJ,1999,REG,9,ARI,NYJ,Home
1999_09_DEN_SD,1999,REG,9,DEN,SD,Home
1999_09_CIN_SEA,1999,REG,9,CIN,SEA,Home
1999_09_PIT_SF,1999,REG,9,PIT,SF,Home
1999_09_BUF_WAS,1999,REG,9,BUF,WAS,Home
1999_09_DAL_MIN,1999,REG,9,DAL,MIN,Home
1999_10_DET_ARI,1999,REG,10,DET,ARI,Home
1999_10_MIA_BUF,1999,REG,10,MIA,BUF,Home
1999_10_MIN_CHI,1999,REG,10,MIN,CHI,Home
1999_10_TEN_CIN,1999,REG,10,TEN,CIN,Home
1999_10_GB_DAL,1999,REG,10,GB,DAL,Home
1999_10_BAL_JAX,1999,REG,10,BAL,JAX,Home
1999_10_SF_NO,1999,REG,10,SF,NO,Home
1999_10_IND_NYG,1999,REG,10,IND,NYG,Home
1999_10_SD_OAK,1999,REG,10,SD,OAK,Home
1999_10_WAS_PHI,1999,REG,10,WAS,PHI,Home
1999_10_CLE_PIT,1999,REG,10,CLE,PIT,Home
1999_10_DEN_SEA,1999,REG,10,DEN,SEA,Home
1999_10_CAR_STL,1999,REG,10,CAR,STL,Home
1999_10_KC_TB,1999,REG,10,KC,TB,Home
1999_10_NYJ_NE,1999,REG,10,NYJ,NE,Home
1999_11_DAL_ARI,1999,REG,11,DAL,ARI,Home
1999_11_BAL_CIN,1999,REG,11,BAL,CIN,Home
1999_11_CAR_CLE,1999,REG,11,CAR,CLE,Home
1999_11_DET_GB,1999,REG,11,DET,GB,Home
1999_11_NO_JAX,1999,REG,11,NO,JAX,Home
1999_11_SEA_KC,1999,REG,11,SEA,KC,Home
1999_11_NE_MIA,1999,REG,11,NE,MIA,Home
1999_11_BUF_NYJ,1999,REG,11,BUF,NYJ,Home
1999_11_IND_PHI,1999,REG,11,IND,PHI,Home
1999_11_CHI_SD,1999,REG,11,CHI,SD,Home
1999_11_STL_SF,1999,REG,11,STL,SF,Home
1999_11_ATL_TB,1999,REG,11,ATL,TB,Home
1999_11_PIT_TEN,1999,REG,11,PIT,TEN,Home
1999_11_NYG_WAS,1999,REG,11,NYG,WAS,Home
1999_11_OAK_DEN,1999,REG,11,OAK,DEN,Home
1999_12_MIA_DAL,1999,REG,12,MIA,DAL,Home
1999_12_CHI_DET,1999,REG,12,CHI,DET,Home
1999_12_JAX_BAL,1999,REG,12,JAX,BAL,Home
1999_12_NE_BUF,1999,REG,12,NE,BUF,Home
1999_12_ATL_CAR,1999,REG,12,ATL,CAR,Home
1999_12_TEN_CLE,1999,REG,12,TEN,CLE,Home
1999_12_NYJ_IND,1999,REG,12,NYJ,IND,Home
1999_12_SD_MIN,1999,REG,12,SD,MIN,Home
1999_12_ARI_NYG,1999,REG,12,ARI,NYG,Home
1999_12_KC_OAK,1999,REG,12,KC,OAK,Home
1999_12_CIN_PIT,1999,REG,12,CIN,PIT,Home
1999_12_TB_SEA,1999,REG,12,TB,SEA,Home
1999_12_NO_STL,1999,REG,12,NO,STL,Home
1999_12_PHI_WAS,1999,REG,12,PHI,WAS,Home
1999_12_GB_SF,1999,REG,12,GB,SF,Home
1999_13_PIT_JAX,1999,REG,13,PIT,JAX,Home
1999_13_PHI_ARI,1999,REG,13,PHI,ARI,Home
1999_13_NO_ATL,1999,REG,13,NO,ATL,Home
1999_13_TEN_BAL,1999,REG,13,TEN,BAL,Home
1999_13_STL_CAR,1999,REG,13,STL,CAR,Home
1999_13_GB_CHI,1999,REG,13,GB,CHI,Home
1999_13_SF_CIN,1999,REG,13,SF,CIN,Home
1999_13_KC_DEN,1999,REG,13,KC,DEN,Home
1999_13_WAS_DET,1999,REG,13,WAS,DET,Home
1999_13_IND_MIA,1999,REG,13,IND,MIA,Home
1999_13_DAL_NE,1999,REG,13,DAL,NE,Home
1999_13_NYJ_NYG,1999,REG,13,NYJ,NYG,Home
1999_13_SEA_OAK,1999,REG,13,SEA,OAK,Home
1999_13_CLE_SD,1999,REG,13,CLE,SD,Home
1999_13_MIN_TB,1999,REG,13,MIN,TB,Home
1999_14_OAK_TEN,1999,REG,14,OAK,TEN,Home
1999_14_NYG_BUF,1999,REG,14,NYG,BUF,Home
1999_14_CLE_CIN,1999,REG,14,CLE,CIN,Home
1999_14_PHI_DAL,1999,REG,14,PHI,DAL,Home
1999_14_CAR_GB,1999,REG,14,CAR,GB,Home
1999_14_NE_IND,1999,REG,14,NE,IND,Home
1999_14_MIN_KC,1999,REG,14,MIN,KC,Home
1999_14_STL_NO,1999,REG,14,STL,NO,Home
1999_14_MIA_NYJ,1999,REG,14,MIA,NYJ,Home
1999_14_BAL_PIT,1999,REG,14,BAL,PIT,Home
1999_14_SD_SEA,1999,REG,14,SD,SEA,Home
1999_14_ATL_SF,1999,REG,14,ATL,SF,Home
1999_14_DET_TB,1999,REG,14,DET,TB,Home
1999_14_ARI_WAS,1999,REG,14,ARI,WAS,Home
1999_14_DEN_JAX,1999,REG,14,DEN,JAX,Home
1999_15_SF_CAR,1999,REG,15,SF,CAR,Home
1999_15_PIT_KC,1999,REG,15,PIT,KC,Home
1999_15_BUF_ARI,1999,REG,15,BUF,ARI,Home
1999_15_NO_BAL,1999,REG,15,NO,BAL,Home
1999_15_DET_CHI,1999,REG,15,DET,CHI,Home
1999_15_JAX_CLE,1999,REG,15,JAX,CLE,Home
1999_15_NYJ_DAL,1999,REG,15,NYJ,DAL,Home
1999_15_SEA_DEN,1999,REG,15,SEA,DEN,Home
1999_15_WAS_IND,1999,REG,15,WAS,IND,Home
1999_15_SD_MIA,1999,REG,15,SD,MIA,Home
1999_15_TB_OAK,1999,REG,15,TB,OAK,Home
1999_15_NE_PHI,1999,REG,15,NE,PHI,Home
1999_15_NYG_STL,1999,REG,15,NYG,STL,Home
1999_15_ATL_TEN,1999,REG,15,ATL,TEN,Home
1999_15_GB_MIN,1999,REG,15,GB,MIN,Home
1999_16_DAL_NO,1999,REG,16,DAL,NO,Home
1999_16_DEN_DET,1999,REG,16,DEN,DET,Home
1999_16_ARI_ATL,1999,REG,16,ARI,ATL,Home
1999_16_CIN_BAL,1999,REG,16,CIN,BAL,Home
1999_16_IND_CLE,1999,REG,16,IND,CLE,Home
1999_16_BUF_NE,1999,REG,16,BUF,NE,Home
1999_16_MIN_NYG,1999,REG,16,MIN,NYG,Home
1999_16_CAR_PIT,1999,REG,16,CAR,PIT,Home
1999_16_OAK_SD,1999,REG,16,OAK,SD,Home
1999_16_KC_SEA,1999,REG,16,KC,SEA,Home
1999_16_WAS_SF,1999,REG,16,WAS,SF,Home
1999_16_CHI_STL,1999,REG,16,CHI,STL,Home
1999_16_GB_TB,1999,REG,16,GB,TB,Home
1999_16_JAX_TEN,1999,REG,16,JAX,TEN,Home
1999_16_NYJ_MIA,1999,REG,16,NYJ,MIA,Home
1999_17_IND_BUF,1999,REG,17,IND,BUF,Home
1999_17_NO_CAR,1999,REG,17,NO,CAR,Home
1999_17_TB_CHI,1999,REG,17,TB,CHI,Home
1999_17_NYG_DAL,1999,REG,17,NYG,DAL,Home
1999_17_SD_DEN,1999,REG,17,SD,DEN,Home
1999_17_ARI_GB,1999,REG,17,ARI,GB,Home
1999_17_CIN_JAX,1999,REG,17,CIN,JAX,Home
1999_17_OAK_KC,1999,REG,17,OAK,KC,Home
1999_17_DET_MIN,1999,REG,17,DET,MIN,Home
1999_17_BAL_NE,1999,REG,17,BAL,NE,Home
1999_17_SEA_NYJ,1999,REG,17,SEA,NYJ,Home
1999_17_STL_PHI,1999,REG,17,STL,PHI,Home
1999_17_TEN_PIT,1999,REG,17,TEN,PIT,Home
1999_17_MIA_WAS,1999,REG,17,MIA,WAS,Home
1999_17_SF_ATL,1999,REG,17,SF,ATL,Home
2000_01_SF_ATL,2000,REG,1,SF,ATL,Home
2000_01_JAX_CLE,2000,REG,1,JAX,CLE,Home
2000_01_IND_KC,2000,REG,1,IND,KC,Home
2000_01_CHI_MIN,2000,REG,1,CHI,MIN,Home
2000_01_TB_NE,2000,REG,1,TB,NE,Home
2000_01_DET_NO,2000,REG,1,DET,NO,Home
2000_01_ARI_NYG,2000,REG,1,ARI,NYG,Home
2000_01_BAL_PIT,2000,REG,1,BAL,PIT,Home
2000_01_CAR_WAS,2000,REG,1,CAR,WAS,Home
2000_01_PHI_DAL,2000,REG,1,PHI,DAL,Home
2000_01_NYJ_GB,2000,REG,1,NYJ,GB,Home
2000_01_SEA_MIA,2000,REG,1,SEA,MIA,Home
2000_01_SD_OAK,2000,REG,1,SD,OAK,Home
2000_01_TEN_BUF,2000,REG,1,TEN,BUF,Home
2000_01_DEN_STL,2000,REG,1,DEN,STL,Home
2000_02_OAK_IND,2000,REG,2,OAK,IND,Home
2000_02_JAX_BAL,2000,REG,2,JAX,BAL,Home
2000_02_GB_BUF,2000,REG,2,GB,BUF,Home
2000_02_CLE_CIN,2000,REG,2,CLE,CIN,Home
2000_02_MIA_MIN,2000,REG,2,MIA,MIN,Home
2000_02_NYG_PHI,2000,REG,2,NYG,PHI,Home
2000_02_CHI_TB,2000,REG,2,CHI,TB,Home
2000_02_KC_TEN,2000,REG,2,KC,TEN,Home
2000_02_ATL_DEN,2000,REG,2,ATL,DEN,Home
2000_02_WAS_DET,2000,REG,2,WAS,DET,Home
2000_02_NO_SD,2000,REG,2,NO,SD,Home
2000_02_STL_SEA,2000,REG,2,STL,SEA,Home
2000_02_CAR_SF,2000,REG,2,CAR,SF,Home
2000_02_DAL_ARI,2000,REG,2,DAL,ARI,Home
2000_02_NE_NYJ,2000,REG,2,NE,NYJ,Home
2000_03_ATL_CAR,2000,REG,3,ATL,CAR,Home
2000_03_PIT_CLE,2000,REG,3,PIT,CLE,Home
2000_03_TB_DET,2000,REG,3,TB,DET,Home
2000_03_PHI_GB,2000,REG,3,PHI,GB,Home
2000_03_CIN_JAX,2000,REG,3,CIN,JAX,Home
2000_03_SD_KC,2000,REG,3,SD,KC,Home
2000_03_BUF_NYJ,2000,REG,3,BUF,NYJ,Home
2000_03_SF_STL,2000,REG,3,SF,STL,Home
2000_03_DEN_OAK,2000,REG,3,DEN,OAK,Home
2000_03_NYG_CHI,2000,REG,3,NYG,CHI,Home
2000_03_MIN_NE,2000,REG,3,MIN,NE,Home
2000_03_NO_SEA,2000,REG,3,NO,SEA,Home
2000_03_BAL_MIA,2000,REG,3,BAL,MIA,Home
2000_03_DAL_WAS,2000,REG,3,DAL,WAS,Home
2000_04_STL_ATL,2000,REG,4,STL,ATL,Home
2000_04_CIN_BAL,2000,REG,4,CIN,BAL,Home
2000_04_DET_CHI,2000,REG,4,DET,CHI,Home
2000_04_SF_DAL,2000,REG,4,SF,DAL,Home
2000_04_NE_MIA,2000,REG,4,NE,MIA,Home
2000_04_PHI_NO,2000,REG,4,PHI,NO,Home
2000_04_TEN_PIT,2000,REG,4,TEN,PIT,Home
2000_04_GB_ARI,2000,REG,4,GB,ARI,Home
2000_04_KC_DEN,2000,REG,4,KC,DEN,Home
2000_04_CLE_OAK,2000,REG,4,CLE,OAK,Home
2000_04_SEA_SD,2000,REG,4,SEA,SD,Home
2000_04_NYJ_TB,2000,REG,4,NYJ,TB,Home
2000_04_WAS_NYG,2000,REG,4,WAS,NYG,Home
2000_04_JAX_IND,2000,REG,4,JAX,IND,Home
2000_05_IND_BUF,2000,REG,5,IND,BUF,Home
2000_05_DAL_CAR,2000,REG,5,DAL,CAR,Home
2000_05_BAL_CLE,2000,REG,5,BAL,CLE,Home
2000_05_MIN_DET,2000,REG,5,MIN,DET,Home
2000_05_PIT_JAX,2000,REG,5,PIT,JAX,Home
2000_05_SD_STL,2000,REG,5,SD,STL,Home
2000_05_NYG_TEN,2000,REG,5,NYG,TEN,Home
2000_05_MIA_CIN,2000,REG,5,MIA,CIN,Home
2000_05_NE_DEN,2000,REG,5,NE,DEN,Home
2000_05_CHI_GB,2000,REG,5,CHI,GB,Home
2000_05_ARI_SF,2000,REG,5,ARI,SF,Home
2000_05_TB_WAS,2000,REG,5,TB,WAS,Home
2000_05_ATL_PHI,2000,REG,5,ATL,PHI,Home
2000_05_SEA_KC,2000,REG,5,SEA,KC,Home
2000_06_NO_CHI,2000,REG,6,NO,CHI,Home
2000_06_TEN_CIN,2000,REG,6,TEN,CIN,Home
2000_06_GB_DET,2000,REG,6,GB,DET,Home
2000_06_BUF_MIA,2000,REG,6,BUF,MIA,Home
2000_06_IND_NE,2000,REG,6,IND,NE,Home
2000_06_PIT_NYJ,2000,REG,6,PIT,NYJ,Home
2000_06_WAS_PHI,2000,REG,6,WAS,PHI,Home
2000_06_CLE_ARI,2000,REG,6,CLE,ARI,Home
2000_06_NYG_ATL,2000,REG,6,NYG,ATL,Home
2000_06_SEA_CAR,2000,REG,6,SEA,CAR,Home
2000_06_DEN_SD,2000,REG,6,DEN,SD,Home
2000_06_OAK_SF,2000,REG,6,OAK,SF,Home
2000_06_BAL_JAX,2000,REG,6,BAL,JAX,Home
2000_06_TB_MIN,2000,REG,6,TB,MIN,Home
2000_07_SD_BUF,2000,REG,7,SD,BUF,Home
2000_07_OAK_KC,2000,REG,7,OAK,KC,Home
2000_07_CAR_NO,2000,REG,7,CAR,NO,Home
2000_07_DAL_NYG,2000,REG,7,DAL,NYG,Home
2000_07_CIN_PIT,2000,REG,7,CIN,PIT,Home
2000_07_ATL_STL,2000,REG,7,ATL,STL,Home
2000_07_BAL_WAS,2000,REG,7,BAL,WAS,Home
2000_07_PHI_ARI,2000,REG,7,PHI,ARI,Home
2000_07_CLE_DEN,2000,REG,7,CLE,DEN,Home
2000_07_NYJ_NE,2000,REG,7,NYJ,NE,Home
2000_07_IND_SEA,2000,REG,7,IND,SEA,Home
2000_07_SF_GB,2000,REG,7,SF,GB,Home
2000_07_MIN_CHI,2000,REG,7,MIN,CHI,Home
2000_07_JAX_TEN,2000,REG,7,JAX,TEN,Home
2000_08_DET_TB,2000,REG,8,DET,TB,Home
2000_08_NE_IND,2000,REG,8,NE,IND,Home
2000_08_NO_ATL,2000,REG,8,NO,ATL,Home
2000_08_TEN_BAL,2000,REG,8,TEN,BAL,Home
2000_08_SF_CAR,2000,REG,8,SF,CAR,Home
2000_08_DEN_CIN,2000,REG,8,DEN,CIN,Home
2000_08_ARI_DAL,2000,REG,8,ARI,DAL,Home
2000_08_STL_KC,2000,REG,8,STL,KC,Home
2000_08_BUF_MIN,2000,REG,8,BUF,MIN,Home
2000_08_CHI_PHI,2000,REG,8,CHI,PHI,Home
2000_08_SEA_OAK,2000,REG,8,SEA,OAK,Home
2000_08_CLE_PIT,2000,REG,8,CLE,PIT,Home
2000_08_WAS_JAX,2000,REG,8,WAS,JAX,Home
2000_08_MIA_NYJ,2000,REG,8,MIA,NYJ,Home
2000_09_CAR_ATL,2000,REG,9,CAR,ATL,Home
2000_09_PIT_BAL,2000,REG,9,PIT,BAL,Home
2000_09_NYJ_BUF,2000,REG,9,NYJ,BUF,Home
2000_09_CIN_CLE,2000,REG,9,CIN,CLE,Home
2000_09_DET_IND,2000,REG,9,DET,IND,Home
2000_09_GB_MIA,2000,REG,9,GB,MIA,Home
2000_09_MIN_TB,2000,REG,9,MIN,TB,Home
2000_09_NO_ARI,2000,REG,9,NO,ARI,Home
2000_09_PHI_NYG,2000,REG,9,PHI,NYG,Home
2000_09_STL_SF,2000,REG,9,STL,SF,Home
2000_09_JAX_DAL,2000,REG,9,JAX,DAL,Home
2000_09_KC_SEA,2000,REG,9,KC,SEA,Home
2000_09_OAK_SD,2000,REG,9,OAK,SD,Home
2000_09_TEN_WAS,2000,REG,9,TEN,WAS,Home
2000_10_TB_ATL,2000,REG,10,TB,ATL,Home
2000_10_IND_CHI,2000,REG,10,IND,CHI,Home
2000_10_BAL_CIN,2000,REG,10,BAL,CIN,Home
2000_10_NYG_CLE,2000,REG,10,NYG,CLE,Home
2000_10_MIA_DET,2000,REG,10,MIA,DET,Home
2000_10_BUF_NE,2000,REG,10,BUF,NE,Home
2000_10_SF_NO,2000,REG,10,SF,NO,Home
2000_10_DAL_PHI,2000,REG,10,DAL,PHI,Home
2000_10_PIT_TEN,2000,REG,10,PIT,TEN,Home
2000_10_WAS_ARI,2000,REG,10,WAS,ARI,Home
2000_10_DEN_NYJ,2000,REG,10,DEN,NYJ,Home
2000_10_KC_OAK,2000,REG,10,KC,OAK,Home
2000_10_SD_SEA,2000,REG,10,SD,SEA,Home
2000_10_CAR_STL,2000,REG,10,CAR,STL,Home
2000_10_MIN_GB,2000,REG,10,MIN,GB,Home
2000_11_CHI_BUF,2000,REG,11,CHI,BUF,Home
2000_11_NO_CAR,2000,REG,11,NO,CAR,Home
2000_11_CIN_DAL,2000,REG,11,CIN,DAL,Home
2000_11_ATL_DET,2000,REG,11,ATL,DET,Home
2000_11_SEA_JAX,2000,REG,11,SEA,JAX,Home
2000_11_ARI_MIN,2000,REG,11,ARI,MIN,Home
2000_11_PHI_PIT,2000,REG,11,PHI,PIT,Home
2000_11_BAL_TEN,2000,REG,11,BAL,TEN,Home
2000_11_NE_CLE,2000,REG,11,NE,CLE,Home
2000_11_MIA_SD,2000,REG,11,MIA,SD,Home
2000_11_KC_SF,2000,REG,11,KC,SF,Home
2000_11_STL_NYG,2000,REG,11,STL,NYG,Home
2000_11_GB_TB,2000,REG,11,GB,TB,Home
2000_11_NYJ_IND,2000,REG,11,NYJ,IND,Home
2000_11_OAK_DEN,2000,REG,11,OAK,DEN,Home
2000_12_TB_CHI,2000,REG,12,TB,CHI,Home
2000_12_IND_GB,2000,REG,12,IND,GB,Home
2000_12_BUF_KC,2000,REG,12,BUF,KC,Home
2000_12_CAR_MIN,2000,REG,12,CAR,MIN,Home
2000_12_CIN_NE,2000,REG,12,CIN,NE,Home
2000_12_OAK_NO,2000,REG,12,OAK,NO,Home
2000_12_DET_NYG,2000,REG,12,DET,NYG,Home
2000_12_ARI_PHI,2000,REG,12,ARI,PHI,Home
2000_12_CLE_TEN,2000,REG,12,CLE,TEN,Home
2000_12_SD_DEN,2000,REG,12,SD,DEN,Home
2000_12_NYJ_MIA,2000,REG,12,NYJ,MIA,Home
2000_12_DAL_BAL,2000,REG,12,DAL,BAL,Home
2000_12_ATL_SF,2000,REG,12,ATL,SF,Home
2000_12_JAX_PIT,2000,REG,12,JAX,PIT,Home
2000_12_WAS_STL,2000,REG,12,WAS,STL,Home
2000_13_NE_DET,2000,REG,13,NE,DET,Home
2000_13_MIN_DAL,2000,REG,13,MIN,DAL,Home
2000_13_CLE_BAL,2000,REG,13,CLE,BAL,Home
2000_13_PIT_CIN,2000,REG,13,PIT,CIN,Home
2000_13_CHI_NYJ,2000,REG,13,CHI,NYJ,Home
2000_13_NO_STL,2000,REG,13,NO,STL,Home
2000_13_BUF_TB,2000,REG,13,BUF,TB,Home
2000_13_PHI_WAS,2000,REG,13,PHI,WAS,Home
2000_13_ATL_OAK,2000,REG,13,ATL,OAK,Home
2000_13_MIA_IND,2000,REG,13,MIA,IND,Home
2000_13_TEN_JAX,2000,REG,13,TEN,JAX,Home
2000_13_KC_SD,2000,REG,13,KC,SD,Home
2000_13_DEN_SEA,2000,REG,13,DEN,SEA,Home
2000_13_NYG_ARI,2000,REG,13,NYG,ARI,Home
2000_13_GB_CAR,2000,REG,13,GB,CAR,Home
2000_14_DET_MIN,2000,REG,14,DET,MIN,Home
2000_14_SEA_ATL,2000,REG,14,SEA,ATL,Home
2000_14_MIA_BUF,2000,REG,14,MIA,BUF,Home
2000_14_STL_CAR,2000,REG,14,STL,CAR,Home
2000_14_ARI_CIN,2000,REG,14,ARI,CIN,Home
2000_14_DEN_NO,2000,REG,14,DEN,NO,Home
2000_14_TEN_PHI,2000,REG,14,TEN,PHI,Home
2000_14_OAK_PIT,2000,REG,14,OAK,PIT,Home
2000_14_DAL_TB,2000,REG,14,DAL,TB,Home
2000_14_NYG_WAS,2000,REG,14,NYG,WAS,Home
2000_14_SF_SD,2000,REG,14,SF,SD,Home
2000_14_CLE_JAX,2000,REG,14,CLE,JAX,Home
2000_14_IND_NYJ,2000,REG,14,IND,NYJ,Home
2000_14_GB_CHI,2000,REG,14,GB,CHI,Home
2000_14_KC_NE,2000,REG,14,KC,NE,Home
2000_15_SD_BAL,2000,REG,15,SD,BAL,Home
2000_15_NE_CHI,2000,REG,15,NE,CHI,Home
2000_15_PHI_CLE,2000,REG,15,PHI,CLE,Home
2000_15_DET_GB,2000,REG,15,DET,GB,Home
2000_15_ARI_JAX,2000,REG,15,ARI,JAX,Home
2000_15_CAR_KC,2000,REG,15,CAR,KC,Home
2000_15_TB_MIA,2000,REG,15,TB,MIA,Home
2000_15_PIT_NYG,2000,REG,15,PIT,NYG,Home
2000_15_CIN_TEN,2000,REG,15,CIN,TEN,Home
2000_15_SEA_DEN,2000,REG,15,SEA,DEN,Home
2000_15_WAS_DAL,2000,REG,15,WAS,DAL,Home
2000_15_NO_SF,2000,REG,15,NO,SF,Home
2000_15_MIN_STL,2000,REG,15,MIN,STL,Home
2000_15_NYJ_OAK,2000,REG,15,NYJ,OAK,Home
2000_15_BUF_IND,2000,REG,15,BUF,IND,Home
2000_16_WAS_PIT,2000,REG,16,WAS,PIT,Home
2000_16_OAK_SEA,2000,REG,16,OAK,SEA,Home
2000_16_NE_BUF,2000,REG,16,NE,BUF,Home
2000_16_SD_CAR,2000,REG,16,SD,CAR,Home
2000_16_JAX_CIN,2000,REG,16,JAX,CIN,Home
2000_16_TEN_CLE,2000,REG,16,TEN,CLE,Home
2000_16_DEN_KC,2000,REG,16,DEN,KC,Home
2000_16_GB_MIN,2000,REG,16,GB,MIN,Home
2000_16_ATL_NO,2000,REG,16,ATL,NO,Home
2000_16_DET_NYJ,2000,REG,16,DET,NYJ,Home
2000_16_CHI_SF,2000,REG,16,CHI,SF,Home
2000_16_BAL_ARI,2000,REG,16,BAL,ARI,Home
2000_16_IND_MIA,2000,REG,16,IND,MIA,Home
2000_16_NYG_DAL,2000,REG,16,NYG,DAL,Home
2000_16_STL_TB,2000,REG,16,STL,TB,Home
2000_17_JAX_NYG,2000,REG,17,JAX,NYG,Home
2000_17_SF_DEN,2000,REG,17,SF,DEN,Home
2000_17_BUF_SEA,2000,REG,17,BUF,SEA,Home
2000_17_KC_ATL,2000,REG,17,KC,ATL,Home
2000_17_NYJ_BAL,2000,REG,17,NYJ,BAL,Home
2000_17_CHI_DET,2000,REG,17,CHI,DET,Home
2000_17_TB_GB,2000,REG,17,TB,GB,Home
2000_17_MIA_NE,2000,REG,17,MIA,NE,Home
2000_17_STL_NO,2000,REG,17,STL,NO,Home
2000_17_CIN_PHI,2000,REG,17,CIN,PHI,Home
2000_17_ARI_WAS,2000,REG,17,ARI,WAS,Home
2000_17_PIT_SD,2000,REG,17,PIT,SD,Home
2000_17_MIN_IND,2000,REG,17,MIN,IND,Home
2000_17_CAR_OAK,2000,REG,17,CAR,OAK,Home
2000_17_DAL_TEN,2000,REG,17,DAL,TEN,Home
2001_01_CHI_BAL,2001,REG,1,CHI,BAL,Home
2001_01_NO_BUF,2001,REG,1,NO,BUF,Home
2001_01_NE_CIN,2001,REG,1,NE,CIN,Home
2001_01_SEA_CLE,2001,REG,1,SEA,CLE,Home
2001_01_TB_DAL,2001,REG,1,TB,DAL,Home
2001_01_DET_GB,2001,REG,1,DET,GB,Home
2001_01_PIT_JAX,2001,REG,1,PIT,JAX,Home
2001_01_OAK_KC,2001,REG,1,OAK,KC,Home
2001_01_CAR_MIN,2001,REG,1,CAR,MIN,Home
2001_01_IND_NYJ,2001,REG,1,IND,NYJ,Home
2001_01_STL_PHI,2001,REG,1,STL,PHI,Home
2001_01_WAS_SD,2001,REG,1,WAS,SD,Home
2001_01_ATL_SF,2001,REG,1,ATL,SF,Home
2001_01_MIA_TEN,2001,REG,1,MIA,TEN,Home
2001_01_NYG_DEN,2001,REG,1,NYG,DEN,Home
2001_02_CAR_ATL,2001,REG,2,CAR,ATL,Home
2001_02_MIN_CHI,2001,REG,2,MIN,CHI,Home
2001_02_BAL_CIN,2001,REG,2,BAL,CIN,Home
2001_02_DET_CLE,2001,REG,2,DET,CLE,Home
2001_02_SD_DAL,2001,REG,2,SD,DAL,Home
2001_02_BUF_IND,2001,REG,2,BUF,IND,Home
2001_02_TEN_JAX,2001,REG,2,TEN,JAX,Home
2001_02_NYG_KC,2001,REG,2,NYG,KC,Home
2001_02_OAK_MIA,2001,REG,2,OAK,MIA,Home
2001_02_NYJ_NE,2001,REG,2,NYJ,NE,Home
2001_02_PHI_SEA,2001,REG,2,PHI,SEA,Home
2001_02_STL_SF,2001,REG,2,STL,SF,Home
2001_02_DEN_ARI,2001,REG,2,DEN,ARI,Home
2001_02_WAS_GB,2001,REG,2,WAS,GB,Home
2001_03_PIT_BUF,2001,REG,3,PIT,BUF,Home
2001_03_GB_CAR,2001,REG,3,GB,CAR,Home
2001_03_TB_MIN,2001,REG,3,TB,MIN,Home
2001_03_IND_NE,2001,REG,3,IND,NE,Home
2001_03_NO_NYG,2001,REG,3,NO,NYG,Home
2001_03_MIA_STL,2001,REG,3,MIA,STL,Home
2001_03_KC_WAS,2001,REG,3,KC,WAS,Home
2001_03_ATL_ARI,2001,REG,3,ATL,ARI,Home
2001_03_BAL_DEN,2001,REG,3,BAL,DEN,Home
2001_03_CLE_JAX,2001,REG,3,CLE,JAX,Home
2001_03_SEA_OAK,2001,REG,3,SEA,OAK,Home
2001_03_CIN_SD,2001,REG,3,CIN,SD,Home
2001_03_DAL_PHI,2001,REG,3,DAL,PHI,Home
2001_03_SF_NYJ,2001,REG,3,SF,NYJ,Home
2001_04_CHI_ATL,2001,REG,4,CHI,ATL,Home
2001_04_TEN_BAL,2001,REG,4,TEN,BAL,Home
2001_04_SD_CLE,2001,REG,4,SD,CLE,Home
2001_04_NE_MIA,2001,REG,4,NE,MIA,Home
2001_04_MIN_NO,2001,REG,4,MIN,NO,Home
2001_04_WAS_NYG,2001,REG,4,WAS,NYG,Home
2001_04_ARI_PHI,2001,REG,4,ARI,PHI,Home
2001_04_CIN_PIT,2001,REG,4,CIN,PIT,Home
2001_04_NYJ_BUF,2001,REG,4,NYJ,BUF,Home
2001_04_KC_DEN,2001,REG,4,KC,DEN,Home
2001_04_JAX_SEA,2001,REG,4,JAX,SEA,Home
2001_04_DAL_OAK,2001,REG,4,DAL,OAK,Home
2001_04_GB_TB,2001,REG,4,GB,TB,Home
2001_04_CAR_SF,2001,REG,4,CAR,SF,Home
2001_04_STL_DET,2001,REG,4,STL,DET,Home
2001_05_SF_ATL,2001,REG,5,SF,ATL,Home
2001_05_NO_CAR,2001,REG,5,NO,CAR,Home
2001_05_ARI_CHI,2001,REG,5,ARI,CHI,Home
2001_05_CLE_CIN,2001,REG,5,CLE,CIN,Home
2001_05_BAL_GB,2001,REG,5,BAL,GB,Home
2001_05_PIT_KC,2001,REG,5,PIT,KC,Home
2001_05_DET_MIN,2001,REG,5,DET,MIN,Home
2001_05_SD_NE,2001,REG,5,SD,NE,Home
2001_05_NYG_STL,2001,REG,5,NYG,STL,Home
2001_05_TB_TEN,2001,REG,5,TB,TEN,Home
2001_05_MIA_NYJ,2001,REG,5,MIA,NYJ,Home
2001_05_DEN_SEA,2001,REG,5,DEN,SEA,Home
2001_05_OAK_IND,2001,REG,5,OAK,IND,Home
2001_05_WAS_DAL,2001,REG,5,WAS,DAL,Home
2001_06_BUF_JAX,2001,REG,6,BUF,JAX,Home
2001_06_CHI_CIN,2001,REG,6,CHI,CIN,Home
2001_06_BAL_CLE,2001,REG,6,BAL,CLE,Home
2001_06_TEN_DET,2001,REG,6,TEN,DET,Home
2001_06_NE_IND,2001,REG,6,NE,IND,Home
2001_06_ATL_NO,2001,REG,6,ATL,NO,Home
2001_06_STL_NYJ,2001,REG,6,STL,NYJ,Home
2001_06_PIT_TB,2001,REG,6,PIT,TB,Home
2001_06_CAR_WAS,2001,REG,6,CAR,WAS,Home
2001_06_KC_ARI,2001,REG,6,KC,ARI,Home
2001_06_DEN_SD,2001,REG,6,DEN,SD,Home
2001_06_GB_MIN,2001,REG,6,GB,MIN,Home
2001_06_PHI_NYG,2001,REG,6,PHI,NYG,Home
2001_07_IND_KC,2001,REG,7,IND,KC,Home
2001_07_JAX_BAL,2001,REG,7,JAX,BAL,Home
2001_07_NYJ_CAR,2001,REG,7,NYJ,CAR,Home
2001_07_SF_CHI,2001,REG,7,SF,CHI,Home
2001_07_CIN_DET,2001,REG,7,CIN,DET,Home
2001_07_NO_STL,2001,REG,7,NO,STL,Home
2001_07_MIN_TB,2001,REG,7,MIN,TB,Home
2001_07_ARI_DAL,2001,REG,7,ARI,DAL,Home
2001_07_NYG_WAS,2001,REG,7,NYG,WAS,Home
2001_07_NE_DEN,2001,REG,7,NE,DEN,Home
2001_07_OAK_PHI,2001,REG,7,OAK,PHI,Home
2001_07_BUF_SD,2001,REG,7,BUF,SD,Home
2001_07_MIA_SEA,2001,REG,7,MIA,SEA,Home
2001_07_TEN_PIT,2001,REG,7,TEN,PIT,Home
2001_08_NE_ATL,2001,REG,8,NE,ATL,Home
2001_08_IND_BUF,2001,REG,8,IND,BUF,Home
2001_08_TB_GB,2001,REG,8,TB,GB,Home
2001_08_CAR_MIA,2001,REG,8,CAR,MIA,Home
2001_08_DAL_NYG,2001,REG,8,DAL,NYG,Home
2001_08_BAL_PIT,2001,REG,8,BAL,PIT,Home
2001_08_JAX_TEN,2001,REG,8,JAX,TEN,Home
2001_08_PHI_ARI,2001,REG,8,PHI,ARI,Home
2001_08_DET_SF,2001,REG,8,DET,SF,Home
2001_08_CLE_CHI,2001,REG,8,CLE,CHI,Home
2001_08_KC_SD,2001,REG,8,KC,SD,Home
2001_08_SEA_WAS,2001,REG,8,SEA,WAS,Home
2001_08_NYJ_NO,2001,REG,8,NYJ,NO,Home
2001_08_DEN_OAK,2001,REG,8,DEN,OAK,Home
2001_09_DAL_ATL,2001,REG,9,DAL,ATL,Home
2001_09_GB_CHI,2001,REG,9,GB,CHI,Home
2001_09_PIT_CLE,2001,REG,9,PIT,CLE,Home
2001_09_TB_DET,2001,REG,9,TB,DET,Home
2001_09_MIA_IND,2001,REG,9,MIA,IND,Home
2001_09_CIN_JAX,2001,REG,9,CIN,JAX,Home
2001_09_BUF_NE,2001,REG,9,BUF,NE,Home
2001_09_KC_NYJ,2001,REG,9,KC,NYJ,Home
2001_09_CAR_STL,2001,REG,9,CAR,STL,Home
2001_09_SD_DEN,2001,REG,9,SD,DEN,Home
2001_09_NYG_ARI,2001,REG,9,NYG,ARI,Home
2001_09_MIN_PHI,2001,REG,9,MIN,PHI,Home
2001_09_NO_SF,2001,REG,9,NO,SF,Home
2001_09_OAK_SEA,2001,REG,9,OAK,SEA,Home
2001_09_BAL_TEN,2001,REG,9,BAL,TEN,Home
2001_10_CLE_BAL,2001,REG,10,CLE,BAL,Home
2001_10_SEA_BUF,2001,REG,10,SEA,BUF,Home
2001_10_SF_CAR,2001,REG,10,SF,CAR,Home
2001_10_TEN_CIN,2001,REG,10,TEN,CIN,Home
2001_10_PHI_DAL,2001,REG,10,PHI,DAL,Home
2001_10_ATL_GB,2001,REG,10,ATL,GB,Home
2001_10_NYJ_MIA,2001,REG,10,NYJ,MIA,Home
2001_10_IND_NO,2001,REG,10,IND,NO,Home
2001_10_SD_OAK,2001,REG,10,SD,OAK,Home
2001_10_JAX_PIT,2001,REG,10,JAX,PIT,Home
2001_10_DET_ARI,2001,REG,10,DET,ARI,Home
2001_10_WAS_DEN,2001,REG,10,WAS,DEN,Home
2001_10_CHI_TB,2001,REG,10,CHI,TB,Home
2001_10_STL_NE,2001,REG,10,STL,NE,Home
2001_10_NYG_MIN,2001,REG,10,NYG,MIN,Home
2001_11_GB_DET,2001,REG,11,GB,DET,Home
2001_11_DEN_DAL,2001,REG,11,DEN,DAL,Home
2001_11_MIA_BUF,2001,REG,11,MIA,BUF,Home
2001_11_ATL_CAR,2001,REG,11,ATL,CAR,Home
2001_11_CIN_CLE,2001,REG,11,CIN,CLE,Home
2001_11_SF_IND,2001,REG,11,SF,IND,Home
2001_11_BAL_JAX,2001,REG,11,BAL,JAX,Home
2001_11_SEA_KC,2001,REG,11,SEA,KC,Home
2001_11_WAS_PHI,2001,REG,11,WAS,PHI,Home
2001_11_PIT_TEN,2001,REG,11,PIT,TEN,Home
2001_11_NO_NE,2001,REG,11,NO,NE,Home
2001_11_ARI_SD,2001,REG,11,ARI,SD,Home
2001_11_OAK_NYG,2001,REG,11,OAK,NYG,Home
2001_11_CHI_MIN,2001,REG,11,CHI,MIN,Home
2001_11_TB_STL,2001,REG,11,TB,STL,Home
2001_12_PHI_KC,2001,REG,12,PHI,KC,Home
2001_12_IND_BAL,2001,REG,12,IND,BAL,Home
2001_12_DET_CHI,2001,REG,12,DET,CHI,Home
2001_12_TB_CIN,2001,REG,12,TB,CIN,Home
2001_12_TEN_CLE,2001,REG,12,TEN,CLE,Home
2001_12_DEN_MIA,2001,REG,12,DEN,MIA,Home
2001_12_CAR_NO,2001,REG,12,CAR,NO,Home
2001_12_NE_NYJ,2001,REG,12,NE,NYJ,Home
2001_12_MIN_PIT,2001,REG,12,MIN,PIT,Home
2001_12_SD_SEA,2001,REG,12,SD,SEA,Home
2001_12_STL_ATL,2001,REG,12,STL,ATL,Home
2001_12_ARI_OAK,2001,REG,12,ARI,OAK,Home
2001_12_DAL_WAS,2001,REG,12,DAL,WAS,Home
2001_12_BUF_SF,2001,REG,12,BUF,SF,Home
2001_12_GB_JAX,2001,REG,12,GB,JAX,Home
2001_13_NO_ATL,2001,REG,13,NO,ATL,Home
2001_13_CAR_BUF,2001,REG,13,CAR,BUF,Home
2001_13_JAX_CIN,2001,REG,13,JAX,CIN,Home
2001_13_NYG_DAL,2001,REG,13,NYG,DAL,Home
2001_13_CHI_GB,2001,REG,13,CHI,GB,Home
2001_13_TEN_MIN,2001,REG,13,TEN,MIN,Home
2001_13_CLE_NE,2001,REG,13,CLE,NE,Home
2001_13_SD_PHI,2001,REG,13,SD,PHI,Home
2001_13_SF_STL,2001,REG,13,SF,STL,Home
2001_13_DET_TB,2001,REG,13,DET,TB,Home
2001_13_WAS_ARI,2001,REG,13,WAS,ARI,Home
2001_13_KC_OAK,2001,REG,13,KC,OAK,Home
2001_13_NYJ_PIT,2001,REG,13,NYJ,PIT,Home
2001_13_SEA_DEN,2001,REG,13,SEA,DEN,Home
2001_13_IND_MIA,2001,REG,13,IND,MIA,Home
2001_14_ARI_NYG,2001,REG,14,ARI,NYG,Home
2001_14_OAK_SD,2001,REG,14,OAK,SD,Home
2001_14_NE_BUF,2001,REG,14,NE,BUF,Home
2001_14_TB_CHI,2001,REG,14,TB,CHI,Home
2001_14_JAX_CLE,2001,REG,14,JAX,CLE,Home
2001_14_MIN_DET,2001,REG,14,MIN,DET,Home
2001_14_ATL_IND,2001,REG,14,ATL,IND,Home
2001_14_DEN_KC,2001,REG,14,DEN,KC,Home
2001_14_CIN_NYJ,2001,REG,14,CIN,NYJ,Home
2001_14_PHI_WAS,2001,REG,14,PHI,WAS,Home
2001_14_MIA_SF,2001,REG,14,MIA,SF,Home
2001_14_DAL_SEA,2001,REG,14,DAL,SEA,Home
2001_14_GB_TEN,2001,REG,14,GB,TEN,Home
2001_14_PIT_BAL,2001,REG,14,PIT,BAL,Home
2001_14_STL_NO,2001,REG,14,STL,NO,Home
2001_15_TEN_OAK,2001,REG,15,TEN,OAK,Home
2001_15_MIA_NE,2001,REG,15,MIA,NE,Home
2001_15_PHI_SF,2001,REG,15,PHI,SF,Home
2001_15_BUF_ATL,2001,REG,15,BUF,ATL,Home
2001_15_CIN_BAL,2001,REG,15,CIN,BAL,Home
2001_15_STL_CAR,2001,REG,15,STL,CAR,Home
2001_15_SD_KC,2001,REG,15,SD,KC,Home
2001_15_JAX_MIN,2001,REG,15,JAX,MIN,Home
2001_15_SEA_NYG,2001,REG,15,SEA,NYG,Home
2001_15_DET_PIT,2001,REG,15,DET,PIT,Home
2001_15_NO_TB,2001,REG,15,NO,TB,Home
2001_15_CHI_WAS,2001,REG,15,CHI,WAS,Home
2001_15_DAL_ARI,2001,REG,15,DAL,ARI,Home
2001_15_CLE_GB,2001,REG,15,CLE,GB,Home
2001_15_NYJ_IND,2001,REG,15,NYJ,IND,Home
2001_16_BAL_TB,2001,REG,16,BAL,TB,Home
2001_16_ARI_CAR,2001,REG,16,ARI,CAR,Home
2001_16_PIT_CIN,2001,REG,16,PIT,CIN,Home
2001_16_SF_DAL,2001,REG,16,SF,DAL,Home
2001_16_CHI_DET,2001,REG,16,CHI,DET,Home
2001_16_MIN_GB,2001,REG,16,MIN,GB,Home
2001_16_KC_JAX,2001,REG,16,KC,JAX,Home
2001_16_ATL_MIA,2001,REG,16,ATL,MIA,Home
2001_16_BUF_NYJ,2001,REG,16,BUF,NYJ,Home
2001_16_IND_STL,2001,REG,16,IND,STL,Home
2001_16_CLE_TEN,2001,REG,16,CLE,TEN,Home
2001_16_NYG_PHI,2001,REG,16,NYG,PHI,Home
2001_16_OAK_DEN,2001,REG,16,OAK,DEN,Home
2001_16_SEA_SD,2001,REG,16,SEA,SD,Home
2001_16_WAS_NO,2001,REG,16,WAS,NO,Home
2001_17_DEN_IND,2001,REG,17,DEN,IND,Home
2001_17_NE_CAR,2001,REG,17,NE,CAR,Home
2001_17_JAX_CHI,2001,REG,17,JAX,CHI,Home
2001_17_DAL_DET,2001,REG,17,DAL,DET,Home
2001_17_SF_NO,2001,REG,17,SF,NO,Home
2001_17_GB_NYG,2001,REG,17,GB,NYG,Home
2001_17_CLE_PIT,2001,REG,17,CLE,PIT,Home
2001_17_CIN_TEN,2001,REG,17,CIN,TEN,Home
2001_17_ARI_WAS,2001,REG,17,ARI,WAS,Home
2001_17_ATL_STL,2001,REG,17,ATL,STL,Home
2001_17_BUF_MIA,2001,REG,17,BUF,MIA,Home
2001_17_NYJ_OAK,2001,REG,17,NYJ,OAK,Home
2001_17_KC_SEA,2001,REG,17,KC,SEA,Home
2001_17_PHI_TB,2001,REG,17,PHI,TB,Home
2001_17_MIN_BAL,2001,REG,17,MIN,BAL,Home
2002_01_SF_NYG,2002,REG,1,SF,NYG,Home
2002_01_NYJ_BUF,2002,REG,1,NYJ,BUF,Home
2002_01_BAL_CAR,2002,REG,1,BAL,CAR,Home
2002_01_MIN_CHI,2002,REG,1,MIN,CHI,Home
2002_01_SD_CIN,2002,REG,1,SD,CIN,Home
2002_01_KC_CLE,2002,REG,1,KC,CLE,Home
2002_01_ATL_GB,2002,REG,1,ATL,GB,Home
2002_01_IND_JAX,2002,REG,1,IND,JAX,Home
2002_01_DET_MIA,2002,REG,1,DET,MIA,Home
2002_01_PHI_TEN,2002,REG,1,PHI,TEN,Home
2002_01_ARI_WAS,2002,REG,1,ARI,WAS,Home
2002_01_STL_DEN,2002,REG,1,STL,DEN,Home
2002_01_SEA_OAK,2002,REG,1,SEA,OAK,Home
2002_01_NO_TB,2002,REG,1,NO,TB,Home
2002_01_DAL_HOU,2002,REG,1,DAL,HOU,Home
2002_01_PIT_NE,2002,REG,1,PIT,NE,Home
2002_02_CHI_ATL,2002,REG,2,CHI,ATL,Home
2002_02_TB_BAL,2002,REG,2,TB,BAL,Home
2002_02_DET_CAR,2002,REG,2,DET,CAR,Home
2002_02_CIN_CLE,2002,REG,2,CIN,CLE,Home
2002_02_TEN_DAL,2002,REG,2,TEN,DAL,Home
2002_02_MIA_IND,2002,REG,2,MIA,IND,Home
2002_02_JAX_KC,2002,REG,2,JAX,KC,Home
2002_02_GB_NO,2002,REG,2,GB,NO,Home
2002_02_NE_NYJ,2002,REG,2,NE,NYJ,Home
2002_02_ARI_SEA,2002,REG,2,ARI,SEA,Home
2002_02_NYG_STL,2002,REG,2,NYG,STL,Home
2002_02_BUF_MIN,2002,REG,2,BUF,MIN,Home
2002_02_HOU_SD,2002,REG,2,HOU,SD,Home
2002_02_DEN_SF,2002,REG,2,DEN,SF,Home
2002_02_OAK_PIT,2002,REG,2,OAK,PIT,Home
2002_02_PHI_WAS,2002,REG,2,PHI,WAS,Home
2002_03_NO_CHI,2002,REG,3,NO,CHI,Home
2002_03_IND_HOU,2002,REG,3,IND,HOU,Home
2002_03_NYJ_MIA,2002,REG,3,NYJ,MIA,Home
2002_03_CAR_MIN,2002,REG,3,CAR,MIN,Home
2002_03_KC_NE,2002,REG,3,KC,NE,Home
2002_03_DAL_PHI,2002,REG,3,DAL,PHI,Home
2002_03_CLE_TEN,2002,REG,3,CLE,TEN,Home
2002_03_SD_ARI,2002,REG,3,SD,ARI,Home
2002_03_BUF_DEN,2002,REG,3,BUF,DEN,Home
2002_03_GB_DET,2002,REG,3,GB,DET,Home
2002_03_SEA_NYG,2002,REG,3,SEA,NYG,Home
2002_03_WAS_SF,2002,REG,3,WAS,SF,Home
2002_03_CIN_ATL,2002,REG,3,CIN,ATL,Home
2002_03_STL_TB,2002,REG,3,STL,TB,Home
2002_04_CHI_BUF,2002,REG,4,CHI,BUF,Home
2002_04_NO_DET,2002,REG,4,NO,DET,Home
2002_04_CAR_GB,2002,REG,4,CAR,GB,Home
2002_04_NYJ_JAX,2002,REG,4,NYJ,JAX,Home
2002_04_MIA_KC,2002,REG,4,MIA,KC,Home
2002_04_HOU_PHI,2002,REG,4,HOU,PHI,Home
2002_04_CLE_PIT,2002,REG,4,CLE,PIT,Home
2002_04_DAL_STL,2002,REG,4,DAL,STL,Home
2002_04_NYG_ARI,2002,REG,4,NYG,ARI,Home
2002_04_TB_CIN,2002,REG,4,TB,CIN,Home
2002_04_TEN_OAK,2002,REG,4,TEN,OAK,Home
2002_04_NE_SD,2002,REG,4,NE,SD,Home
2002_04_MIN_SEA,2002,REG,4,MIN,SEA,Home
2002_04_DEN_BAL,2002,REG,4,DEN,BAL,Home
2002_05_TB_ATL,2002,REG,5,TB,ATL,Home
2002_05_OAK_BUF,2002,REG,5,OAK,BUF,Home
2002_05_ARI_CAR,2002,REG,5,ARI,CAR,Home
2002_05_NYG_DAL,2002,REG,5,NYG,DAL,Home
2002_05_CIN_IND,2002,REG,5,CIN,IND,Home
2002_05_NE_MIA,2002,REG,5,NE,MIA,Home
2002_05_PIT_NO,2002,REG,5,PIT,NO,Home
2002_05_WAS_TEN,2002,REG,5,WAS,TEN,Home
2002_05_SD_DEN,2002,REG,5,SD,DEN,Home
2002_05_KC_NYJ,2002,REG,5,KC,NYJ,Home
2002_05_PHI_JAX,2002,REG,5,PHI,JAX,Home
2002_05_STL_SF,2002,REG,5,STL,SF,Home
2002_05_BAL_CLE,2002,REG,5,BAL,CLE,Home
2002_05_GB_CHI,2002,REG,5,GB,CHI,Home
2002_06_PIT_CIN,2002,REG,6,PIT,CIN,Home
2002_06_CAR_DAL,2002,REG,6,CAR,DAL,Home
2002_06_BUF_HOU,2002,REG,6,BUF,HOU,Home
2002_06_BAL_IND,2002,REG,6,BAL,IND,Home
2002_06_DET_MIN,2002,REG,6,DET,MIN,Home
2002_06_GB_NE,2002,REG,6,GB,NE,Home
2002_06_ATL_NYG,2002,REG,6,ATL,NYG,Home
2002_06_CLE_TB,2002,REG,6,CLE,TB,Home
2002_06_NO_WAS,2002,REG,6,NO,WAS,Home
2002_06_KC_SD,2002,REG,6,KC,SD,Home
2002_06_OAK_STL,2002,REG,6,OAK,STL,Home
2002_06_JAX_TEN,2002,REG,6,JAX,TEN,Home
2002_06_MIA_DEN,2002,REG,6,MIA,DEN,Home
2002_06_SF_SEA,2002,REG,6,SF,SEA,Home
2002_07_CAR_ATL,2002,REG,7,CAR,ATL,Home
2002_07_JAX_BAL,2002,REG,7,JAX,BAL,Home
2002_07_CHI_DET,2002,REG,7,CHI,DET,Home
2002_07_DEN_KC,2002,REG,7,DEN,KC,Home
2002_07_BUF_MIA,2002,REG,7,BUF,MIA,Home
2002_07_SF_NO,2002,REG,7,SF,NO,Home
2002_07_MIN_NYJ,2002,REG,7,MIN,NYJ,Home
2002_07_SEA_STL,2002,REG,7,SEA,STL,Home
2002_07_HOU_CLE,2002,REG,7,HOU,CLE,Home
2002_07_SD_OAK,2002,REG,7,SD,OAK,Home
2002_07_DAL_ARI,2002,REG,7,DAL,ARI,Home
2002_07_WAS_GB,2002,REG,7,WAS,GB,Home
2002_07_TB_PHI,2002,REG,7,TB,PHI,Home
2002_07_IND_PIT,2002,REG,7,IND,PIT,Home
2002_08_PIT_BAL,2002,REG,8,PIT,BAL,Home
2002_08_DET_BUF,2002,REG,8,DET,BUF,Home
2002_08_TB_CAR,2002,REG,8,TB,CAR,Home
2002_08_TEN_CIN,2002,REG,8,TEN,CIN,Home
2002_08_SEA_DAL,2002,REG,8,SEA,DAL,Home
2002_08_OAK_KC,2002,REG,8,OAK,KC,Home
2002_08_CHI_MIN,2002,REG,8,CHI,MIN,Home
2002_08_ATL_NO,2002,REG,8,ATL,NO,Home
2002_08_CLE_NYJ,2002,REG,8,CLE,NYJ,Home
2002_08_ARI_SF,2002,REG,8,ARI,SF,Home
2002_08_HOU_JAX,2002,REG,8,HOU,JAX,Home
2002_08_DEN_NE,2002,REG,8,DEN,NE,Home
2002_08_IND_WAS,2002,REG,8,IND,WAS,Home
2002_08_NYG_PHI,2002,REG,8,NYG,PHI,Home
2002_09_BAL_ATL,2002,REG,9,BAL,ATL,Home
2002_09_NE_BUF,2002,REG,9,NE,BUF,Home
2002_09_PHI_CHI,2002,REG,9,PHI,CHI,Home
2002_09_PIT_CLE,2002,REG,9,PIT,CLE,Home
2002_09_DAL_DET,2002,REG,9,DAL,DET,Home
2002_09_CIN_HOU,2002,REG,9,CIN,HOU,Home
2002_09_TEN_IND,2002,REG,9,TEN,IND,Home
2002_09_MIN_TB,2002,REG,9,MIN,TB,Home
2002_09_NYJ_SD,2002,REG,9,NYJ,SD,Home
2002_09_STL_ARI,2002,REG,9,STL,ARI,Home
2002_09_SF_OAK,2002,REG,9,SF,OAK,Home
2002_09_WAS_SEA,2002,REG,9,WAS,SEA,Home
2002_09_JAX_NYG,2002,REG,9,JAX,NYG,Home
2002_09_MIA_GB,2002,REG,9,MIA,GB,Home
2002_10_CIN_BAL,2002,REG,10,CIN,BAL,Home
2002_10_NO_CAR,2002,REG,10,NO,CAR,Home
2002_10_DET_GB,2002,REG,10,DET,GB,Home
2002_10_NYG_MIN,2002,REG,10,NYG,MIN,Home
2002_10_IND_PHI,2002,REG,10,IND,PHI,Home
2002_10_ATL_PIT,2002,REG,10,ATL,PIT,Home
2002_10_SD_STL,2002,REG,10,SD,STL,Home
2002_10_HOU_TEN,2002,REG,10,HOU,TEN,Home
2002_10_SEA_ARI,2002,REG,10,SEA,ARI,Home
2002_10_WAS_JAX,2002,REG,10,WAS,JAX,Home
2002_10_NE_CHI,2002,REG,10,NE,CHI,Home
2002_10_KC_SF,2002,REG,10,KC,SF,Home
2002_10_MIA_NYJ,2002,REG,10,MIA,NYJ,Home
2002_10_OAK_DEN,2002,REG,10,OAK,DEN,Home
2002_11_NO_ATL,2002,REG,11,NO,ATL,Home
2002_11_CLE_CIN,2002,REG,11,CLE,CIN,Home
2002_11_JAX_HOU,2002,REG,11,JAX,HOU,Home
2002_11_DAL_IND,2002,REG,11,DAL,IND,Home
2002_11_BUF_KC,2002,REG,11,BUF,KC,Home
2002_11_GB_MIN,2002,REG,11,GB,MIN,Home
2002_11_WAS_NYG,2002,REG,11,WAS,NYG,Home
2002_11_ARI_PHI,2002,REG,11,ARI,PHI,Home
2002_11_PIT_TEN,2002,REG,11,PIT,TEN,Home
2002_11_SF_SD,2002,REG,11,SF,SD,Home
2002_11_CAR_TB,2002,REG,11,CAR,TB,Home
2002_11_NYJ_DET,2002,REG,11,NYJ,DET,Home
2002_11_BAL_MIA,2002,REG,11,BAL,MIA,Home
2002_11_DEN_SEA,2002,REG,11,DEN,SEA,Home
2002_11_NE_OAK,2002,REG,11,NE,OAK,Home
2002_11_CHI_STL,2002,REG,11,CHI,STL,Home
2002_12_TEN_BAL,2002,REG,12,TEN,BAL,Home
2002_12_ATL_CAR,2002,REG,12,ATL,CAR,Home
2002_12_DET_CHI,2002,REG,12,DET,CHI,Home
2002_12_JAX_DAL,2002,REG,12,JAX,DAL,Home
2002_12_SD_MIA,2002,REG,12,SD,MIA,Home
2002_12_MIN_NE,2002,REG,12,MIN,NE,Home
2002_12_CLE_NO,2002,REG,12,CLE,NO,Home
2002_12_BUF_NYJ,2002,REG,12,BUF,NYJ,Home
2002_12_CIN_PIT,2002,REG,12,CIN,PIT,Home
2002_12_STL_WAS,2002,REG,12,STL,WAS,Home
2002_12_OAK_ARI,2002,REG,12,OAK,ARI,Home
2002_12_KC_SEA,2002,REG,12,KC,SEA,Home
2002_12_NYG_HOU,2002,REG,12,NYG,HOU,Home
2002_12_GB_TB,2002,REG,12,GB,TB,Home
2002_12_IND_DEN,2002,REG,12,IND,DEN,Home
2002_12_PHI_SF,2002,REG,12,PHI,SF,Home
2002_13_NE_DET,2002,REG,13,NE,DET,Home
2002_13_WAS_DAL,2002,REG,13,WAS,DAL,Home
2002_13_MIA_BUF,2002,REG,13,MIA,BUF,Home
2002_13_BAL_CIN,2002,REG,13,BAL,CIN,Home
2002_13_CAR_CLE,2002,REG,13,CAR,CLE,Home
2002_13_CHI_GB,2002,REG,13,CHI,GB,Home
2002_13_PIT_JAX,2002,REG,13,PIT,JAX,Home
2002_13_ARI_KC,2002,REG,13,ARI,KC,Home
2002_13_ATL_MIN,2002,REG,13,ATL,MIN,Home
2002_13_TEN_NYG,2002,REG,13,TEN,NYG,Home
2002_13_HOU_IND,2002,REG,13,HOU,IND,Home
2002_13_DEN_SD,2002,REG,13,DEN,SD,Home
2002_13_STL_PHI,2002,REG,13,STL,PHI,Home
2002_13_SEA_SF,2002,REG,13,SEA,SF,Home
2002_13_TB_NO,2002,REG,13,TB,NO,Home
2002_13_NYJ_OAK,2002,REG,13,NYJ,OAK,Home
2002_14_CIN_CAR,2002,REG,14,CIN,CAR,Home
2002_14_SF_DAL,2002,REG,14,SF,DAL,Home
2002_14_CLE_JAX,2002,REG,14,CLE,JAX,Home
2002_14_STL_KC,2002,REG,14,STL,KC,Home
2002_14_BUF_NE,2002,REG,14,BUF,NE,Home
2002_14_HOU_PIT,2002,REG,14,HOU,PIT,Home
2002_14_ATL_TB,2002,REG,14,ATL,TB,Home
2002_14_IND_TEN,2002,REG,14,IND,TEN,Home
2002_14_NYG_WAS,2002,REG,14,NYG,WAS,Home
2002_14_DET_ARI,2002,REG,14,DET,ARI,Home
2002_14_NO_BAL,2002,REG,14,NO,BAL,Home
2002_14_PHI_SEA,2002,REG,14,PHI,SEA,Home
2002_14_DEN_NYJ,2002,REG,14,DEN,NYJ,Home
2002_14_OAK_SD,2002,REG,14,OAK,SD,Home
2002_14_MIN_GB,2002,REG,14,MIN,GB,Home
2002_14_CHI_MIA,2002,REG,14,CHI,MIA,Home
2002_15_SEA_ATL,2002,REG,15,SEA,ATL,Home
2002_15_SD_BUF,2002,REG,15,SD,BUF,Home
2002_15_NYJ_CHI,2002,REG,15,NYJ,CHI,Home
2002_15_JAX_CIN,2002,REG,15,JAX,CIN,Home
2002_15_IND_CLE,2002,REG,15,IND,CLE,Home
2002_15_TB_DET,2002,REG,15,TB,DET,Home
2002_15_BAL_HOU,2002,REG,15,BAL,HOU,Home
2002_15_OAK_MIA,2002,REG,15,OAK,MIA,Home
2002_15_MIN_NO,2002,REG,15,MIN,NO,Home
2002_15_WAS_PHI,2002,REG,15,WAS,PHI,Home
2002_15_CAR_PIT,2002,REG,15,CAR,PIT,Home
2002_15_KC_DEN,2002,REG,15,KC,DEN,Home
2002_15_DAL_NYG,2002,REG,15,DAL,NYG,Home
2002_15_GB_SF,2002,REG,15,GB,SF,Home
2002_15_ARI_STL,2002,REG,15,ARI,STL,Home
2002_15_NE_TEN,2002,REG,15,NE,TEN,Home
2002_16_MIA_MIN,2002,REG,16,MIA,MIN,Home
2002_16_SF_ARI,2002,REG,16,SF,ARI,Home
2002_16_PHI_DAL,2002,REG,16,PHI,DAL,Home
2002_16_DET_ATL,2002,REG,16,DET,ATL,Home
2002_16_CHI_CAR,2002,REG,16,CHI,CAR,Home
2002_16_NO_CIN,2002,REG,16,NO,CIN,Home
2002_16_BUF_GB,2002,REG,16,BUF,GB,Home
2002_16_NYG_IND,2002,REG,16,NYG,IND,Home
2002_16_TEN_JAX,2002,REG,16,TEN,JAX,Home
2002_16_SD_KC,2002,REG,16,SD,KC,Home
2002_16_HOU_WAS,2002,REG,16,HOU,WAS,Home
2002_16_STL_SEA,2002,REG,16,STL,SEA,Home
2002_16_CLE_BAL,2002,REG,16,CLE,BAL,Home
2002_16_DEN_OAK,2002,REG,16,DEN,OAK,Home
2002_16_NYJ_NE,2002,REG,16,NYJ,NE,Home
2002_16_PIT_TB,2002,REG,16,PIT,TB,Home
2002_17_PHI_NYG,2002,REG,17,PHI,NYG,Home
2002_17_KC_OAK,2002,REG,17,KC,OAK,Home
2002_17_CIN_BUF,2002,REG,17,CIN,BUF,Home
2002_17_ATL_CLE,2002,REG,17,ATL,CLE,Home
2002_17_MIN_DET,2002,REG,17,MIN,DET,Home
2002_17_TEN_HOU,2002,REG,17,TEN,HOU,Home
2002_17_MIA_NE,2002,REG,17,MIA,NE,Home
2002_17_CAR_NO,2002,REG,17,CAR,NO,Home
2002_17_BAL_PIT,2002,REG,17,BAL,PIT,Home
2002_17_DAL_WAS,2002,REG,17,DAL,WAS,Home
2002_17_JAX_IND,2002,REG,17,JAX,IND,Home
2002_17_ARI_DEN,2002,REG,17,ARI,DEN,Home
2002_17_GB_NYJ,2002,REG,17,GB,NYJ,Home
2002_17_SEA_SD,2002,REG,17,SEA,SD,Home
2002_17_TB_CHI,2002,REG,17,TB,CHI,Home
2002_17_SF_STL,2002,REG,17,SF,STL,Home
2003_01_NYJ_WAS,2003,REG,1,NYJ,WAS,Home
2003_01_NE_BUF,2003,REG,1,NE,BUF,Home
2003_01_JAX_CAR,2003,REG,1,JAX,CAR,Home
2003_01_DEN_CIN,2003,REG,1,DEN,CIN,Home
2003_01_IND_CLE,2003,REG,1,IND,CLE,Home
2003_01_ARI_DET,2003,REG,1,ARI,DET,Home
2003_01_MIN_GB,2003,REG,1,MIN,GB,Home
2003_01_SD_KC,2003,REG,1,SD,KC,Home
2003_01_HOU_MIA,2003,REG,1,HOU,MIA,Home
2003_01_STL_NYG,2003,REG,1,STL,NYG,Home
2003_01_BAL_PIT,2003,REG,1,BAL,PIT,Home
2003_01_ATL_DAL,2003,REG,1,ATL,DAL,Home
2003_01_NO_SEA,2003,REG,1,NO,SEA,Home
2003_01_CHI_SF,2003,REG,1,CHI,SF,Home
2003_01_OAK_TEN,2003,REG,1,OAK,TEN,Home
2003_01_TB_PHI,2003,REG,1,TB,PHI,Home
2003_02_WAS_ATL,2003,REG,2,WAS,ATL,Home
2003_02_CLE_BAL,2003,REG,2,CLE,BAL,Home
2003_02_DET_GB,2003,REG,2,DET,GB,Home
2003_02_TEN_IND,2003,REG,2,TEN,IND,Home
2003_02_BUF_JAX,2003,REG,2,BUF,JAX,Home
2003_02_PIT_KC,2003,REG,2,PIT,KC,Home
2003_02_HOU_NO,2003,REG,2,HOU,NO,Home
2003_02_MIA_NYJ,2003,REG,2,MIA,NYJ,Home
2003_02_SF_STL,2003,REG,2,SF,STL,Home
2003_02_SEA_ARI,2003,REG,2,SEA,ARI,Home
2003_02_CAR_TB,2003,REG,2,CAR,TB,Home
2003_02_CIN_OAK,2003,REG,2,CIN,OAK,Home
2003_02_NE_PHI,2003,REG,2,NE,PHI,Home
2003_02_DEN_SD,2003,REG,2,DEN,SD,Home
2003_02_CHI_MIN,2003,REG,2,CHI,MIN,Home
2003_02_DAL_NYG,2003,REG,2,DAL,NYG,Home
2003_03_TB_ATL,2003,REG,3,TB,ATL,Home
2003_03_PIT_CIN,2003,REG,3,PIT,CIN,Home
2003_03_MIN_DET,2003,REG,3,MIN,DET,Home
2003_03_KC_HOU,2003,REG,3,KC,HOU,Home
2003_03_JAX_IND,2003,REG,3,JAX,IND,Home
2003_03_NYJ_NE,2003,REG,3,NYJ,NE,Home
2003_03_NO_TEN,2003,REG,3,NO,TEN,Home
2003_03_GB_ARI,2003,REG,3,GB,ARI,Home
2003_03_STL_SEA,2003,REG,3,STL,SEA,Home
2003_03_NYG_WAS,2003,REG,3,NYG,WAS,Home
2003_03_BAL_SD,2003,REG,3,BAL,SD,Home
2003_03_CLE_SF,2003,REG,3,CLE,SF,Home
2003_03_BUF_MIA,2003,REG,3,BUF,MIA,Home
2003_03_OAK_DEN,2003,REG,3,OAK,DEN,Home
2003_04_PHI_BUF,2003,REG,4,PHI,BUF,Home
2003_04_CIN_CLE,2003,REG,4,CIN,CLE,Home
2003_04_JAX_HOU,2003,REG,4,JAX,HOU,Home
2003_04_SF_MIN,2003,REG,4,SF,MIN,Home
2003_04_TEN_PIT,2003,REG,4,TEN,PIT,Home
2003_04_ARI_STL,2003,REG,4,ARI,STL,Home
2003_04_NE_WAS,2003,REG,4,NE,WAS,Home
2003_04_KC_BAL,2003,REG,4,KC,BAL,Home
2003_04_SD_OAK,2003,REG,4,SD,OAK,Home
2003_04_ATL_CAR,2003,REG,4,ATL,CAR,Home
2003_04_DET_DEN,2003,REG,4,DET,DEN,Home
2003_04_DAL_NYJ,2003,REG,4,DAL,NYJ,Home
2003_04_IND_NO,2003,REG,4,IND,NO,Home
2003_04_GB_CHI,2003,REG,4,GB,CHI,Home
2003_05_MIN_ATL,2003,REG,5,MIN,ATL,Home
2003_05_CIN_BUF,2003,REG,5,CIN,BUF,Home
2003_05_NO_CAR,2003,REG,5,NO,CAR,Home
2003_05_OAK_CHI,2003,REG,5,OAK,CHI,Home
2003_05_ARI_DAL,2003,REG,5,ARI,DAL,Home
2003_05_SEA_GB,2003,REG,5,SEA,GB,Home
2003_05_DEN_KC,2003,REG,5,DEN,KC,Home
2003_05_TEN_NE,2003,REG,5,TEN,NE,Home
2003_05_MIA_NYG,2003,REG,5,MIA,NYG,Home
2003_05_SD_JAX,2003,REG,5,SD,JAX,Home
2003_05_WAS_PHI,2003,REG,5,WAS,PHI,Home
2003_05_DET_SF,2003,REG,5,DET,SF,Home
2003_05_CLE_PIT,2003,REG,5,CLE,PIT,Home
2003_05_IND_TB,2003,REG,5,IND,TB,Home
2003_06_OAK_CLE,2003,REG,6,OAK,CLE,Home
2003_06_PHI_DAL,2003,REG,6,PHI,DAL,Home
2003_06_KC_GB,2003,REG,6,KC,GB,Home
2003_06_CAR_IND,2003,REG,6,CAR,IND,Home
2003_06_MIA_JAX,2003,REG,6,MIA,JAX,Home
2003_06_NYG_NE,2003,REG,6,NYG,NE,Home
2003_06_CHI_NO,2003,REG,6,CHI,NO,Home
2003_06_HOU_TEN,2003,REG,6,HOU,TEN,Home
2003_06_TB_WAS,2003,REG,6,TB,WAS,Home
2003_06_BAL_ARI,2003,REG,6,BAL,ARI,Home
2003_06_PIT_DEN,2003,REG,6,PIT,DEN,Home
2003_06_BUF_NYJ,2003,REG,6,BUF,NYJ,Home
2003_06_SF_SEA,2003,REG,6,SF,SEA,Home
2003_06_ATL_STL,2003,REG,6,ATL,STL,Home
2003_07_NO_ATL,2003,REG,7,NO,ATL,Home
2003_07_TEN_CAR,2003,REG,7,TEN,CAR,Home
2003_07_BAL_CIN,2003,REG,7,BAL,CIN,Home
2003_07_SD_CLE,2003,REG,7,SD,CLE,Home
2003_07_DAL_DET,2003,REG,7,DAL,DET,Home
2003_07_NE_MIA,2003,REG,7,NE,MIA,Home
2003_07_DEN_MIN,2003,REG,7,DEN,MIN,Home
2003_07_PHI_NYG,2003,REG,7,PHI,NYG,Home
2003_07_GB_STL,2003,REG,7,GB,STL,Home
2003_07_NYJ_HOU,2003,REG,7,NYJ,HOU,Home
2003_07_WAS_BUF,2003,REG,7,WAS,BUF,Home
2003_07_CHI_SEA,2003,REG,7,CHI,SEA,Home
2003_07_TB_SF,2003,REG,7,TB,SF,Home
2003_07_KC_OAK,2003,REG,7,KC,OAK,Home
2003_08_DEN_BAL,2003,REG,8,DEN,BAL,Home
2003_08_DET_CHI,2003,REG,8,DET,CHI,Home
2003_08_SEA_CIN,2003,REG,8,SEA,CIN,Home
2003_08_TEN_JAX,2003,REG,8,TEN,JAX,Home
2003_08_NYG_MIN,2003,REG,8,NYG,MIN,Home
2003_08_CLE_NE,2003,REG,8,CLE,NE,Home
2003_08_CAR_NO,2003,REG,8,CAR,NO,Home
2003_08_STL_PIT,2003,REG,8,STL,PIT,Home
2003_08_DAL_TB,2003,REG,8,DAL,TB,Home
2003_08_SF_ARI,2003,REG,8,SF,ARI,Home
2003_08_HOU_IND,2003,REG,8,HOU,IND,Home
2003_08_NYJ_PHI,2003,REG,8,NYJ,PHI,Home
2003_08_BUF_KC,2003,REG,8,BUF,KC,Home
2003_08_MIA_SD,2003,REG,8,MIA,SD,Neutral
2003_09_JAX_BAL,2003,REG,9,JAX,BAL,Home
2003_09_SD_CHI,2003,REG,9,SD,CHI,Home
2003_09_OAK_DET,2003,REG,9,OAK,DET,Home
2003_09_CAR_HOU,2003,REG,9,CAR,HOU,Home
2003_09_IND_MIA,2003,REG,9,IND,MIA,Home
2003_09_NYG_NYJ,2003,REG,9,NYG,NYJ,Home
2003_09_NO_TB,2003,REG,9,NO,TB,Home
2003_09_CIN_ARI,2003,REG,9,CIN,ARI,Home
2003_09_PIT_SEA,2003,REG,9,PIT,SEA,Home
2003_09_PHI_ATL,2003,REG,9,PHI,ATL,Home
2003_09_WAS_DAL,2003,REG,9,WAS,DAL,Home
2003_09_STL_SF,2003,REG,9,STL,SF,Home
2003_09_GB_MIN,2003,REG,9,GB,MIN,Home
2003_09_NE_DEN,2003,REG,9,NE,DEN,Home
2003_10_TB_CAR,2003,REG,10,TB,CAR,Home
2003_10_HOU_CIN,2003,REG,10,HOU,CIN,Home
2003_10_CHI_DET,2003,REG,10,CHI,DET,Home
2003_10_IND_JAX,2003,REG,10,IND,JAX,Home
2003_10_CLE_KC,2003,REG,10,CLE,KC,Home
2003_10_ATL_NYG,2003,REG,10,ATL,NYG,Home
2003_10_ARI_PIT,2003,REG,10,ARI,PIT,Home
2003_10_MIA_TEN,2003,REG,10,MIA,TEN,Home
2003_10_SEA_WAS,2003,REG,10,SEA,WAS,Home
2003_10_MIN_SD,2003,REG,10,MIN,SD,Home
2003_10_BUF_DAL,2003,REG,10,BUF,DAL,Home
2003_10_NYJ_OAK,2003,REG,10,NYJ,OAK,Home
2003_10_BAL_STL,2003,REG,10,BAL,STL,Home
2003_10_PHI_GB,2003,REG,10,PHI,GB,Home
2003_11_HOU_BUF,2003,REG,11,HOU,BUF,Home
2003_11_WAS_CAR,2003,REG,11,WAS,CAR,Home
2003_11_STL_CHI,2003,REG,11,STL,CHI,Home
2003_11_KC_CIN,2003,REG,11,KC,CIN,Home
2003_11_ARI_CLE,2003,REG,11,ARI,CLE,Home
2003_11_BAL_MIA,2003,REG,11,BAL,MIA,Home
2003_11_ATL_NO,2003,REG,11,ATL,NO,Home
2003_11_NYG_PHI,2003,REG,11,NYG,PHI,Home
2003_11_JAX_TEN,2003,REG,11,JAX,TEN,Home
2003_11_SD_DEN,2003,REG,11,SD,DEN,Home
2003_11_NYJ_IND,2003,REG,11,NYJ,IND,Home
2003_11_MIN_OAK,2003,REG,11,MIN,OAK,Home
2003_11_DET_SEA,2003,REG,11,DET,SEA,Home
2003_11_GB_TB,2003,REG,11,GB,TB,Home
2003_11_DAL_NE,2003,REG,11,DAL,NE,Home
2003_11_PIT_SF,2003,REG,11,PIT,SF,Home
2003_12_SEA_BAL,2003,REG,12,SEA,BAL,Home
2003_12_IND_BUF,2003,REG,12,IND,BUF,Home
2003_12_PIT_CLE,2003,REG,12,PIT,CLE,Home
2003_12_CAR_DAL,2003,REG,12,CAR,DAL,Home
2003_12_SF_GB,2003,REG,12,SF,GB,Home
2003_12_NE_HOU,2003,REG,12,NE,HOU,Home
2003_12_DET_MIN,2003,REG,12,DET,MIN,Home
2003_12_JAX_NYJ,2003,REG,12,JAX,NYJ,Home
2003_12_NO_PHI,2003,REG,12,NO,PHI,Home
2003_12_STL_ARI,2003,REG,12,STL,ARI,Home
2003_12_CHI_DEN,2003,REG,12,CHI,DEN,Home
2003_12_TEN_ATL,2003,REG,12,TEN,ATL,Home
2003_12_OAK_KC,2003,REG,12,OAK,KC,Home
2003_12_CIN_SD,2003,REG,12,CIN,SD,Home
2003_12_WAS_MIA,2003,REG,12,WAS,MIA,Home
2003_12_NYG_TB,2003,REG,12,NYG,TB,Home
2003_13_GB_DET,2003,REG,13,GB,DET,Home
2003_13_MIA_DAL,2003,REG,13,MIA,DAL,Home
2003_13_SF_BAL,2003,REG,13,SF,BAL,Home
2003_13_PHI_CAR,2003,REG,13,PHI,CAR,Home
2003_13_ARI_CHI,2003,REG,13,ARI,CHI,Home
2003_13_ATL_HOU,2003,REG,13,ATL,HOU,Home
2003_13_NE_IND,2003,REG,13,NE,IND,Home
2003_13_BUF_NYG,2003,REG,13,BUF,NYG,Home
2003_13_CIN_PIT,2003,REG,13,CIN,PIT,Home
2003_13_MIN_STL,2003,REG,13,MIN,STL,Home
2003_13_NO_WAS,2003,REG,13,NO,WAS,Home
2003_13_DEN_OAK,2003,REG,13,DEN,OAK,Home
2003_13_KC_SD,2003,REG,13,KC,SD,Home
2003_13_CLE_SEA,2003,REG,13,CLE,SEA,Home
2003_13_TB_JAX,2003,REG,13,TB,JAX,Home
2003_13_TEN_NYJ,2003,REG,13,TEN,NYJ,Home
2003_14_CIN_BAL,2003,REG,14,CIN,BAL,Home
2003_14_SD_DET,2003,REG,14,SD,DET,Home
2003_14_CHI_GB,2003,REG,14,CHI,GB,Home
2003_14_HOU_JAX,2003,REG,14,HOU,JAX,Home
2003_14_SEA_MIN,2003,REG,14,SEA,MIN,Home
2003_14_TB_NO,2003,REG,14,TB,NO,Home
2003_14_WAS_NYG,2003,REG,14,WAS,NYG,Home
2003_14_DAL_PHI,2003,REG,14,DAL,PHI,Home
2003_14_OAK_PIT,2003,REG,14,OAK,PIT,Home
2003_14_IND_TEN,2003,REG,14,IND,TEN,Home
2003_14_ARI_SF,2003,REG,14,ARI,SF,Home
2003_14_NYJ_BUF,2003,REG,14,NYJ,BUF,Home
2003_14_KC_DEN,2003,REG,14,KC,DEN,Home
2003_14_MIA_NE,2003,REG,14,MIA,NE,Home
2003_14_CAR_ATL,2003,REG,14,CAR,ATL,Home
2003_14_STL_CLE,2003,REG,14,STL,CLE,Home
2003_15_MIN_CHI,2003,REG,15,MIN,CHI,Home
2003_15_SF_CIN,2003,REG,15,SF,CIN,Home
2003_15_ATL_IND,2003,REG,15,ATL,IND,Home
2003_15_DET_KC,2003,REG,15,DET,KC,Home
2003_15_JAX_NE,2003,REG,15,JAX,NE,Home
2003_15_PIT_NYJ,2003,REG,15,PIT,NYJ,Home
2003_15_SEA_STL,2003,REG,15,SEA,STL,Home
2003_15_HOU_TB,2003,REG,15,HOU,TB,Home
2003_15_BUF_TEN,2003,REG,15,BUF,TEN,Home
2003_15_CLE_DEN,2003,REG,15,CLE,DEN,Home
2003_15_BAL_OAK,2003,REG,15,BAL,OAK,Home
2003_15_CAR_ARI,2003,REG,15,CAR,ARI,Home
2003_15_GB_SD,2003,REG,15,GB,SD,Home
2003_15_DAL_WAS,2003,REG,15,DAL,WAS,Home
2003_15_NYG_NO,2003,REG,15,NYG,NO,Home
2003_15_PHI_MIA,2003,REG,15,PHI,MIA,Home
2003_16_ATL_TB,2003,REG,16,ATL,TB,Home
2003_16_KC_MIN,2003,REG,16,KC,MIN,Home
2003_16_NE_NYJ,2003,REG,16,NE,NYJ,Home
2003_16_MIA_BUF,2003,REG,16,MIA,BUF,Home
2003_16_DET_CAR,2003,REG,16,DET,CAR,Home
2003_16_WAS_CHI,2003,REG,16,WAS,CHI,Home
2003_16_BAL_CLE,2003,REG,16,BAL,CLE,Home
2003_16_NYG_DAL,2003,REG,16,NYG,DAL,Home
2003_16_TEN_HOU,2003,REG,16,TEN,HOU,Home
2003_16_NO_JAX,2003,REG,16,NO,JAX,Home
2003_16_CIN_STL,2003,REG,16,CIN,STL,Home
2003_16_SD_PIT,2003,REG,16,SD,PIT,Home
2003_16_SF_PHI,2003,REG,16,SF,PHI,Home
2003_16_ARI_SEA,2003,REG,16,ARI,SEA,Home
2003_16_DEN_IND,2003,REG,16,DEN,IND,Home
2003_16_GB_OAK,2003,REG,16,GB,OAK,Home
2003_17_BUF_NE,2003,REG,17,BUF,NE,Home
2003_17_SEA_SF,2003,REG,17,SEA,SF,Home
2003_17_PHI_WAS,2003,REG,17,PHI,WAS,Home
2003_17_JAX_ATL,2003,REG,17,JAX,ATL,Home
2003_17_CLE_CIN,2003,REG,17,CLE,CIN,Home
2003_17_STL_DET,2003,REG,17,STL,DET,Home
2003_17_IND_HOU,2003,REG,17,IND,HOU,Home
2003_17_CHI_KC,2003,REG,17,CHI,KC,Home
2003_17_NYJ_MIA,2003,REG,17,NYJ,MIA,Home
2003_17_DAL_NO,2003,REG,17,DAL,NO,Home
2003_17_TB_TEN,2003,REG,17,TB,TEN,Home
2003_17_MIN_ARI,2003,REG,17,MIN,ARI,Home
2003_17_CAR_NYG,2003,REG,17,CAR,NYG,Home
2003_17_DEN_GB,2003,REG,17,DEN,GB,Home
2003_17_OAK_SD,2003,REG,17,OAK,SD,Home
2003_17_PIT_BAL,2003,REG,17,PIT,BAL,Home
2004_01_IND_NE,2004,REG,1,IND,NE,Home
2004_01_TEN_MIA,2004,REG,1,TEN,MIA,Home
2004_01_JAX_BUF,2004,REG,1,JAX,BUF,Home
2004_01_DET_CHI,2004,REG,1,DET,CHI,Home
2004_01_BAL_CLE,2004,REG,1,BAL,CLE,Home
2004_01_SD_HOU,2004,REG,1,SD,HOU,Home
2004_01_SEA_NO,2004,REG,1,SEA,NO,Home
2004_01_CIN_NYJ,2004,REG,1,CIN,NYJ,Home
2004_01_OAK_PIT,2004,REG,1,OAK,PIT,Home
2004_01_ARI_STL,2004,REG,1,ARI,STL,Home
2004_01_TB_WAS,2004,REG,1,TB,WAS,Home
2004_01_DAL_MIN,2004,REG,1,DAL,MIN,Home
2004_01_NYG_PHI,2004,REG,1,NYG,PHI,Home
2004_01_ATL_SF,2004,REG,1,ATL,SF,Home
2004_01_KC_DEN,2004,REG,1,KC,DEN,Home
2004_01_GB_CAR,2004,REG,1,GB,CAR,Home
2004_02_STL_ATL,2004,REG,2,STL,ATL,Home
2004_02_PIT_BAL,2004,REG,2,PIT,BAL,Home
2004_02_HOU_DET,2004,REG,2,HOU,DET,Home
2004_02_CHI_GB,2004,REG,2,CHI,GB,Home
2004_02_DEN_JAX,2004,REG,2,DEN,JAX,Home
2004_02_CAR_KC,2004,REG,2,CAR,KC,Home
2004_02_SF_NO,2004,REG,2,SF,NO,Home
2004_02_WAS_NYG,2004,REG,2,WAS,NYG,Home
2004_02_IND_TEN,2004,REG,2,IND,TEN,Home
2004_02_SEA_TB,2004,REG,2,SEA,TB,Home
2004_02_NE_ARI,2004,REG,2,NE,ARI,Home
2004_02_CLE_DAL,2004,REG,2,CLE,DAL,Home
2004_02_BUF_OAK,2004,REG,2,BUF,OAK,Home
2004_02_NYJ_SD,2004,REG,2,NYJ,SD,Home
2004_02_MIA_CIN,2004,REG,2,MIA,CIN,Home
2004_02_MIN_PHI,2004,REG,2,MIN,PHI,Home
2004_03_ARI_ATL,2004,REG,3,ARI,ATL,Home
2004_03_BAL_CIN,2004,REG,3,BAL,CIN,Home
2004_03_PHI_DET,2004,REG,3,PHI,DET,Home
2004_03_HOU_KC,2004,REG,3,HOU,KC,Home
2004_03_CHI_MIN,2004,REG,3,CHI,MIN,Home
2004_03_CLE_NYG,2004,REG,3,CLE,NYG,Home
2004_03_NO_STL,2004,REG,3,NO,STL,Home
2004_03_JAX_TEN,2004,REG,3,JAX,TEN,Home
2004_03_SD_DEN,2004,REG,3,SD,DEN,Home
2004_03_GB_IND,2004,REG,3,GB,IND,Home
2004_03_SF_SEA,2004,REG,3,SF,SEA,Home
2004_03_PIT_MIA,2004,REG,3,PIT,MIA,Home
2004_03_TB_OAK,2004,REG,3,TB,OAK,Home
2004_03_DAL_WAS,2004,REG,3,DAL,WAS,Home
2004_04_NE_BUF,2004,REG,4,NE,BUF,Home
2004_04_PHI_CHI,2004,REG,4,PHI,CHI,Home
2004_04_WAS_CLE,2004,REG,4,WAS,CLE,Home
2004_04_NYG_GB,2004,REG,4,NYG,GB,Home
2004_04_OAK_HOU,2004,REG,4,OAK,HOU,Home
2004_04_IND_JAX,2004,REG,4,IND,JAX,Home
2004_04_CIN_PIT,2004,REG,4,CIN,PIT,Home
2004_04_NO_ARI,2004,REG,4,NO,ARI,Home
2004_04_ATL_CAR,2004,REG,4,ATL,CAR,Home
2004_04_NYJ_MIA,2004,REG,4,NYJ,MIA,Home
2004_04_TEN_SD,2004,REG,4,TEN,SD,Home
2004_04_DEN_TB,2004,REG,4,DEN,TB,Home
2004_04_STL_SF,2004,REG,4,STL,SF,Home
2004_04_KC_BAL,2004,REG,4,KC,BAL,Home
2004_05_DET_ATL,2004,REG,5,DET,ATL,Home
2004_05_NYG_DAL,2004,REG,5,NYG,DAL,Home
2004_05_MIN_HOU,2004,REG,5,MIN,HOU,Home
2004_05_OAK_IND,2004,REG,5,OAK,IND,Home
2004_05_MIA_NE,2004,REG,5,MIA,NE,Home
2004_05_TB_NO,2004,REG,5,TB,NO,Home
2004_05_CLE_PIT,2004,REG,5,CLE,PIT,Home
2004_05_BUF_NYJ,2004,REG,5,BUF,NYJ,Home
2004_05_JAX_SD,2004,REG,5,JAX,SD,Home
2004_05_CAR_DEN,2004,REG,5,CAR,DEN,Home
2004_05_STL_SEA,2004,REG,5,STL,SEA,Home
2004_05_ARI_SF,2004,REG,5,ARI,SF,Home
2004_05_BAL_WAS,2004,REG,5,BAL,WAS,Home
2004_05_TEN_GB,2004,REG,5,TEN,GB,Home
2004_06_SD_ATL,2004,REG,6,SD,ATL,Home
2004_06_MIA_BUF,2004,REG,6,MIA,BUF,Home
2004_06_WAS_CHI,2004,REG,6,WAS,CHI,Home
2004_06_CIN_CLE,2004,REG,6,CIN,CLE,Home
2004_06_GB_DET,2004,REG,6,GB,DET,Home
2004_06_KC_JAX,2004,REG,6,KC,JAX,Home
2004_06_SEA_NE,2004,REG,6,SEA,NE,Home
2004_06_SF_NYJ,2004,REG,6,SF,NYJ,Home
2004_06_CAR_PHI,2004,REG,6,CAR,PHI,Home
2004_06_HOU_TEN,2004,REG,6,HOU,TEN,Home
2004_06_PIT_DAL,2004,REG,6,PIT,DAL,Home
2004_06_DEN_OAK,2004,REG,6,DEN,OAK,Home
2004_06_MIN_NO,2004,REG,6,MIN,NO,Home
2004_06_TB_STL,2004,REG,6,TB,STL,Home
2004_07_BUF_BAL,2004,REG,7,BUF,BAL,Home
2004_07_SD_CAR,2004,REG,7,SD,CAR,Home
2004_07_PHI_CLE,2004,REG,7,PHI,CLE,Home
2004_07_JAX_IND,2004,REG,7,JAX,IND,Home
2004_07_ATL_KC,2004,REG,7,ATL,KC,Home
2004_07_STL_MIA,2004,REG,7,STL,MIA,Home
2004_07_TEN_MIN,2004,REG,7,TEN,MIN,Home
2004_07_DET_NYG,2004,REG,7,DET,NYG,Home
2004_07_CHI_TB,2004,REG,7,CHI,TB,Home
2004_07_NYJ_NE,2004,REG,7,NYJ,NE,Home
2004_07_SEA_ARI,2004,REG,7,SEA,ARI,Home
2004_07_DAL_GB,2004,REG,7,DAL,GB,Home
2004_07_NO_OAK,2004,REG,7,NO,OAK,Home
2004_07_DEN_CIN,2004,REG,7,DEN,CIN,Home
2004_08_ARI_BUF,2004,REG,8,ARI,BUF,Home
2004_08_DET_DAL,2004,REG,8,DET,DAL,Home
2004_08_JAX_HOU,2004,REG,8,JAX,HOU,Home
2004_08_IND_KC,2004,REG,8,IND,KC,Home
2004_08_NYG_MIN,2004,REG,8,NYG,MIN,Home
2004_08_BAL_PHI,2004,REG,8,BAL,PHI,Home
2004_08_CIN_TEN,2004,REG,8,CIN,TEN,Home
2004_08_GB_WAS,2004,REG,8,GB,WAS,Home
2004_08_ATL_DEN,2004,REG,8,ATL,DEN,Home
2004_08_CAR_SEA,2004,REG,8,CAR,SEA,Home
2004_08_NE_PIT,2004,REG,8,NE,PIT,Home
2004_08_OAK_SD,2004,REG,8,OAK,SD,Home
2004_08_SF_CHI,2004,REG,8,SF,CHI,Home
2004_08_MIA_NYJ,2004,REG,8,MIA,NYJ,Home
2004_09_NYJ_BUF,2004,REG,9,NYJ,BUF,Home
2004_09_OAK_CAR,2004,REG,9,OAK,CAR,Home
2004_09_DAL_CIN,2004,REG,9,DAL,CIN,Home
2004_09_WAS_DET,2004,REG,9,WAS,DET,Home
2004_09_ARI_MIA,2004,REG,9,ARI,MIA,Home
2004_09_PHI_PIT,2004,REG,9,PHI,PIT,Home
2004_09_KC_TB,2004,REG,9,KC,TB,Home
2004_09_CHI_NYG,2004,REG,9,CHI,NYG,Home
2004_09_NO_SD,2004,REG,9,NO,SD,Home
2004_09_SEA_SF,2004,REG,9,SEA,SF,Home
2004_09_HOU_DEN,2004,REG,9,HOU,DEN,Home
2004_09_NE_STL,2004,REG,9,NE,STL,Home
2004_09_CLE_BAL,2004,REG,9,CLE,BAL,Home
2004_09_MIN_IND,2004,REG,9,MIN,IND,Home
2004_10_TB_ATL,2004,REG,10,TB,ATL,Home
2004_10_PIT_CLE,2004,REG,10,PIT,CLE,Home
2004_10_HOU_IND,2004,REG,10,HOU,IND,Home
2004_10_DET_JAX,2004,REG,10,DET,JAX,Home
2004_10_KC_NO,2004,REG,10,KC,NO,Home
2004_10_BAL_NYJ,2004,REG,10,BAL,NYJ,Home
2004_10_SEA_STL,2004,REG,10,SEA,STL,Home
2004_10_CHI_TEN,2004,REG,10,CHI,TEN,Home
2004_10_CIN_WAS,2004,REG,10,CIN,WAS,Home
2004_10_NYG_ARI,2004,REG,10,NYG,ARI,Home
2004_10_MIN_GB,2004,REG,10,MIN,GB,Home
2004_10_CAR_SF,2004,REG,10,CAR,SF,Home
2004_10_BUF_NE,2004,REG,10,BUF,NE,Home
2004_10_PHI_DAL,2004,REG,10,PHI,DAL,Home
2004_11_DAL_BAL,2004,REG,11,DAL,BAL,Home
2004_11_STL_BUF,2004,REG,11,STL,BUF,Home
2004_11_ARI_CAR,2004,REG,11,ARI,CAR,Home
2004_11_IND_CHI,2004,REG,11,IND,CHI,Home
2004_11_PIT_CIN,2004,REG,11,PIT,CIN,Home
2004_11_NYJ_CLE,2004,REG,11,NYJ,CLE,Home
2004_11_TEN_JAX,2004,REG,11,TEN,JAX,Home
2004_11_DET_MIN,2004,REG,11,DET,MIN,Home
2004_11_DEN_NO,2004,REG,11,DEN,NO,Home
2004_11_SF_TB,2004,REG,11,SF,TB,Home
2004_11_SD_OAK,2004,REG,11,SD,OAK,Home
2004_11_MIA_SEA,2004,REG,11,MIA,SEA,Home
2004_11_ATL_NYG,2004,REG,11,ATL,NYG,Home
2004_11_WAS_PHI,2004,REG,11,WAS,PHI,Home
2004_11_GB_HOU,2004,REG,11,GB,HOU,Home
2004_11_NE_KC,2004,REG,11,NE,KC,Home
2004_12_IND_DET,2004,REG,12,IND,DET,Home
2004_12_CHI_DAL,2004,REG,12,CHI,DAL,Home
2004_12_TB_CAR,2004,REG,12,TB,CAR,Home
2004_12_CLE_CIN,2004,REG,12,CLE,CIN,Home
2004_12_TEN_HOU,2004,REG,12,TEN,HOU,Home
2004_12_SD_KC,2004,REG,12,SD,KC,Home
2004_12_JAX_MIN,2004,REG,12,JAX,MIN,Home
2004_12_PHI_NYG,2004,REG,12,PHI,NYG,Home
2004_12_WAS_PIT,2004,REG,12,WAS,PIT,Home
2004_12_NO_ATL,2004,REG,12,NO,ATL,Home
2004_12_NYJ_ARI,2004,REG,12,NYJ,ARI,Home
2004_12_BAL_NE,2004,REG,12,BAL,NE,Home
2004_12_BUF_SEA,2004,REG,12,BUF,SEA,Home
2004_12_MIA_SF,2004,REG,12,MIA,SF,Home
2004_12_OAK_DEN,2004,REG,12,OAK,DEN,Home
2004_12_STL_GB,2004,REG,12,STL,GB,Home
2004_13_CIN_BAL,2004,REG,13,CIN,BAL,Home
2004_13_MIN_CHI,2004,REG,13,MIN,CHI,Home
2004_13_NE_CLE,2004,REG,13,NE,CLE,Home
2004_13_ARI_DET,2004,REG,13,ARI,DET,Home
2004_13_TEN_IND,2004,REG,13,TEN,IND,Home
2004_13_BUF_MIA,2004,REG,13,BUF,MIA,Home
2004_13_CAR_NO,2004,REG,13,CAR,NO,Home
2004_13_HOU_NYJ,2004,REG,13,HOU,NYJ,Home
2004_13_SF_STL,2004,REG,13,SF,STL,Home
2004_13_ATL_TB,2004,REG,13,ATL,TB,Home
2004_13_KC_OAK,2004,REG,13,KC,OAK,Home
2004_13_DEN_SD,2004,REG,13,DEN,SD,Home
2004_13_GB_PHI,2004,REG,13,GB,PHI,Home
2004_13_NYG_WAS,2004,REG,13,NYG,WAS,Home
2004_13_PIT_JAX,2004,REG,13,PIT,JAX,Home
2004_13_DAL_SEA,2004,REG,13,DAL,SEA,Home
2004_14_OAK_ATL,2004,REG,14,OAK,ATL,Home
2004_14_NYG_BAL,2004,REG,14,NYG,BAL,Home
2004_14_CLE_BUF,2004,REG,14,CLE,BUF,Home
2004_14_NO_DAL,2004,REG,14,NO,DAL,Home
2004_14_IND_HOU,2004,REG,14,IND,HOU,Home
2004_14_CHI_JAX,2004,REG,14,CHI,JAX,Home
2004_14_SEA_MIN,2004,REG,14,SEA,MIN,Home
2004_14_CIN_NE,2004,REG,14,CIN,NE,Home
2004_14_MIA_DEN,2004,REG,14,MIA,DEN,Home
2004_14_NYJ_PIT,2004,REG,14,NYJ,PIT,Home
2004_14_SF_ARI,2004,REG,14,SF,ARI,Home
2004_14_STL_CAR,2004,REG,14,STL,CAR,Home
2004_14_DET_GB,2004,REG,14,DET,GB,Home
2004_14_TB_SD,2004,REG,14,TB,SD,Home
2004_14_PHI_WAS,2004,REG,14,PHI,WAS,Home
2004_14_KC_TEN,2004,REG,14,KC,TEN,Home
2004_15_PIT_NYG,2004,REG,15,PIT,NYG,Home
2004_15_WAS_SF,2004,REG,15,WAS,SF,Home
2004_15_CAR_ATL,2004,REG,15,CAR,ATL,Home
2004_15_HOU_CHI,2004,REG,15,HOU,CHI,Home
2004_15_BUF_CIN,2004,REG,15,BUF,CIN,Home
2004_15_SD_CLE,2004,REG,15,SD,CLE,Home
2004_15_MIN_DET,2004,REG,15,MIN,DET,Home
2004_15_DEN_KC,2004,REG,15,DEN,KC,Home
2004_15_SEA_NYJ,2004,REG,15,SEA,NYJ,Home
2004_15_DAL_PHI,2004,REG,15,DAL,PHI,Home
2004_15_STL_ARI,2004,REG,15,STL,ARI,Home
2004_15_NO_TB,2004,REG,15,NO,TB,Home
2004_15_JAX_GB,2004,REG,15,JAX,GB,Home
2004_15_TEN_OAK,2004,REG,15,TEN,OAK,Home
2004_15_BAL_IND,2004,REG,15,BAL,IND,Home
2004_15_NE_MIA,2004,REG,15,NE,MIA,Home
2004_16_GB_MIN,2004,REG,16,GB,MIN,Home
2004_16_OAK_KC,2004,REG,16,OAK,KC,Home
2004_16_DEN_TEN,2004,REG,16,DEN,TEN,Home
2004_16_NYG_CIN,2004,REG,16,NYG,CIN,Home
2004_16_CHI_DET,2004,REG,16,CHI,DET,Home
2004_16_SD_IND,2004,REG,16,SD,IND,Home
2004_16_HOU_JAX,2004,REG,16,HOU,JAX,Home
2004_16_ATL_NO,2004,REG,16,ATL,NO,Home
2004_16_BAL_PIT,2004,REG,16,BAL,PIT,Home
2004_16_NE_NYJ,2004,REG,16,NE,NYJ,Home
2004_16_BUF_SF,2004,REG,16,BUF,SF,Home
2004_16_WAS_DAL,2004,REG,16,WAS,DAL,Home
2004_16_ARI_SEA,2004,REG,16,ARI,SEA,Home
2004_16_CAR_TB,2004,REG,16,CAR,TB,Home
2004_16_CLE_MIA,2004,REG,16,CLE,MIA,Home
2004_16_PHI_STL,2004,REG,16,PHI,STL,Home
2004_17_MIA_BAL,2004,REG,17,MIA,BAL,Home
2004_17_PIT_BUF,2004,REG,17,PIT,BUF,Home
2004_17_NO_CAR,2004,REG,17,NO,CAR,Home
2004_17_GB_CHI,2004,REG,17,GB,CHI,Home
2004_17_CLE_HOU,2004,REG,17,CLE,HOU,Home
2004_17_SF_NE,2004,REG,17,SF,NE,Home
2004_17_CIN_PHI,2004,REG,17,CIN,PHI,Home
2004_17_NYJ_STL,2004,REG,17,NYJ,STL,Home
2004_17_DET_TEN,2004,REG,17,DET,TEN,Home
2004_17_MIN_WAS,2004,REG,17,MIN,WAS,Home
2004_17_TB_ARI,2004,REG,17,TB,ARI,Home
2004_17_ATL_SEA,2004,REG,17,ATL,SEA,Home
2004_17_IND_DEN,2004,REG,17,IND,DEN,Home
2004_17_JAX_OAK,2004,REG,17,JAX,OAK,Home
2004_17_KC_SD,2004,REG,17,KC,SD,Home
2004_17_DAL_NYG,2004,REG,17,DAL,NYG,Home
2005_01_OAK_NE,2005,REG,1,OAK,NE,Home
2005_01_HOU_BUF,2005,REG,1,HOU,BUF,Home
2005_01_NO_CAR,2005,REG,1,NO,CAR,Home
2005_01_CIN_CLE,2005,REG,1,CIN,CLE,Home
2005_01_SEA_JAX,2005,REG,1,SEA,JAX,Home
2005_01_NYJ_KC,2005,REG,1,NYJ,KC,Home
2005_01_DEN_MIA,2005,REG,1,DEN,MIA,Home
2005_01_TB_MIN,2005,REG,1,TB,MIN,Home
2005_01_TEN_PIT,2005,REG,1,TEN,PIT,Home
2005_01_CHI_WAS,2005,REG,1,CHI,WAS,Home
2005_01_GB_DET,2005,REG,1,GB,DET,Home
2005_01_ARI_NYG,2005,REG,1,ARI,NYG,Home
2005_01_DAL_SD,2005,REG,1,DAL,SD,Home
2005_01_STL_SF,2005,REG,1,STL,SF,Home
2005_01_IND_BAL,2005,REG,1,IND,BAL,Home
2005_01_PHI_ATL,2005,REG,1,PHI,ATL,Home
2005_02_NE_CAR,2005,REG,2,NE,CAR,Home
2005_02_DET_CHI,2005,REG,2,DET,CHI,Home
2005_02_MIN_CIN,2005,REG,2,MIN,CIN,Home
2005_02_PIT_HOU,2005,REG,2,PIT,HOU,Home
2005_02_JAX_IND,2005,REG,2,JAX,IND,Home
2005_02_SF_PHI,2005,REG,2,SF,PHI,Home
2005_02_BUF_TB,2005,REG,2,BUF,TB,Home
2005_02_BAL_TEN,2005,REG,2,BAL,TEN,Home
2005_02_STL_ARI,2005,REG,2,STL,ARI,Home
2005_02_ATL_SEA,2005,REG,2,ATL,SEA,Home
2005_02_SD_DEN,2005,REG,2,SD,DEN,Home
2005_02_CLE_GB,2005,REG,2,CLE,GB,Home
2005_02_MIA_NYJ,2005,REG,2,MIA,NYJ,Home
2005_02_KC_OAK,2005,REG,2,KC,OAK,Home
2005_02_WAS_DAL,2005,REG,2,WAS,DAL,Home
2005_02_NYG_NO,2005,REG,2,NYG,NO,Home
2005_03_ATL_BUF,2005,REG,3,ATL,BUF,Home
2005_03_CIN_CHI,2005,REG,3,CIN,CHI,Home
2005_03_TB_GB,2005,REG,3,TB,GB,Home
2005_03_CLE_IND,2005,REG,3,CLE,IND,Home
2005_03_CAR_MIA,2005,REG,3,CAR,MIA,Home
2005_03_NO_MIN,2005,REG,3,NO,MIN,Home
2005_03_JAX_NYJ,2005,REG,3,JAX,NYJ,Home
2005_03_OAK_PHI,2005,REG,3,OAK,PHI,Home
2005_03_TEN_STL,2005,REG,3,TEN,STL,Home
2005_03_ARI_SEA,2005,REG,3,ARI,SEA,Home
2005_03_DAL_SF,2005,REG,3,DAL,SF,Home
2005_03_NE_PIT,2005,REG,3,NE,PIT,Home
2005_03_NYG_SD,2005,REG,3,NYG,SD,Home
2005_03_KC_DEN,2005,REG,3,KC,DEN,Home
2005_04_HOU_CIN,2005,REG,4,HOU,CIN,Home
2005_04_DEN_JAX,2005,REG,4,DEN,JAX,Home
2005_04_SD_NE,2005,REG,4,SD,NE,Home
2005_04_BUF_NO,2005,REG,4,BUF,NO,Home
2005_04_STL_NYG,2005,REG,4,STL,NYG,Home
2005_04_DET_TB,2005,REG,4,DET,TB,Home
2005_04_IND_TEN,2005,REG,4,IND,TEN,Home
2005_04_SEA_WAS,2005,REG,4,SEA,WAS,Home
2005_04_NYJ_BAL,2005,REG,4,NYJ,BAL,Home
2005_04_MIN_ATL,2005,REG,4,MIN,ATL,Home
2005_04_PHI_KC,2005,REG,4,PHI,KC,Home
2005_04_DAL_OAK,2005,REG,4,DAL,OAK,Home
2005_04_SF_ARI,2005,REG,4,SF,ARI,Neutral
2005_04_GB_CAR,2005,REG,4,GB,CAR,Home
2005_05_NE_ATL,2005,REG,5,NE,ATL,Home
2005_05_MIA_BUF,2005,REG,5,MIA,BUF,Home
2005_05_CHI_CLE,2005,REG,5,CHI,CLE,Home
2005_05_BAL_DET,2005,REG,5,BAL,DET,Home
2005_05_NO_GB,2005,REG,5,NO,GB,Home
2005_05_TEN_HOU,2005,REG,5,TEN,HOU,Home
2005_05_TB_NYJ,2005,REG,5,TB,NYJ,Home
2005_05_SEA_STL,2005,REG,5,SEA,STL,Home
2005_05_IND_SF,2005,REG,5,IND,SF,Home
2005_05_CAR_ARI,2005,REG,5,CAR,ARI,Home
2005_05_PHI_DAL,2005,REG,5,PHI,DAL,Home
2005_05_WAS_DEN,2005,REG,5,WAS,DEN,Home
2005_05_CIN_JAX,2005,REG,5,CIN,JAX,Home
2005_05_PIT_SD,2005,REG,5,PIT,SD,Home
2005_06_CLE_BAL,2005,REG,6,CLE,BAL,Home
2005_06_MIN_CHI,2005,REG,6,MIN,CHI,Home
2005_06_NYG_DAL,2005,REG,6,NYG,DAL,Home
2005_06_CAR_DET,2005,REG,6,CAR,DET,Home
2005_06_WAS_KC,2005,REG,6,WAS,KC,Home
2005_06_ATL_NO,2005,REG,6,ATL,NO,Home
2005_06_JAX_PIT,2005,REG,6,JAX,PIT,Home
2005_06_MIA_TB,2005,REG,6,MIA,TB,Home
2005_06_CIN_TEN,2005,REG,6,CIN,TEN,Home
2005_06_NYJ_BUF,2005,REG,6,NYJ,BUF,Home
2005_06_NE_DEN,2005,REG,6,NE,DEN,Home
2005_06_SD_OAK,2005,REG,6,SD,OAK,Home
2005_06_HOU_SEA,2005,REG,6,HOU,SEA,Home
2005_06_STL_IND,2005,REG,6,STL,IND,Home
2005_07_KC_MIA,2005,REG,7,KC,MIA,Home
2005_07_PIT_CIN,2005,REG,7,PIT,CIN,Home
2005_07_DET_CLE,2005,REG,7,DET,CLE,Home
2005_07_IND_HOU,2005,REG,7,IND,HOU,Home
2005_07_GB_MIN,2005,REG,7,GB,MIN,Home
2005_07_SD_PHI,2005,REG,7,SD,PHI,Home
2005_07_NO_STL,2005,REG,7,NO,STL,Home
2005_07_SF_WAS,2005,REG,7,SF,WAS,Home
2005_07_DAL_SEA,2005,REG,7,DAL,SEA,Home
2005_07_TEN_ARI,2005,REG,7,TEN,ARI,Home
2005_07_BAL_CHI,2005,REG,7,BAL,CHI,Home
2005_07_DEN_NYG,2005,REG,7,DEN,NYG,Home
2005_07_BUF_OAK,2005,REG,7,BUF,OAK,Home
2005_07_NYJ_ATL,2005,REG,7,NYJ,ATL,Home
2005_08_MIN_CAR,2005,REG,8,MIN,CAR,Home
2005_08_GB_CIN,2005,REG,8,GB,CIN,Home
2005_08_ARI_DAL,2005,REG,8,ARI,DAL,Home
2005_08_CHI_DET,2005,REG,8,CHI,DET,Home
2005_08_CLE_HOU,2005,REG,8,CLE,HOU,Home
2005_08_WAS_NYG,2005,REG,8,WAS,NYG,Home
2005_08_JAX_STL,2005,REG,8,JAX,STL,Home
2005_08_OAK_TEN,2005,REG,8,OAK,TEN,Home
2005_08_MIA_NO,2005,REG,8,MIA,NO,Home
2005_08_KC_SD,2005,REG,8,KC,SD,Home
2005_08_PHI_DEN,2005,REG,8,PHI,DEN,Home
2005_08_TB_SF,2005,REG,8,TB,SF,Home
2005_08_BUF_NE,2005,REG,8,BUF,NE,Home
2005_08_BAL_PIT,2005,REG,8,BAL,PIT,Home
2005_09_CIN_BAL,2005,REG,9,CIN,BAL,Home
2005_09_TEN_CLE,2005,REG,9,TEN,CLE,Home
2005_09_HOU_JAX,2005,REG,9,HOU,JAX,Home
2005_09_OAK_KC,2005,REG,9,OAK,KC,Home
2005_09_ATL_MIA,2005,REG,9,ATL,MIA,Home
2005_09_DET_MIN,2005,REG,9,DET,MIN,Home
2005_09_SD_NYJ,2005,REG,9,SD,NYJ,Home
2005_09_CAR_TB,2005,REG,9,CAR,TB,Home
2005_09_SEA_ARI,2005,REG,9,SEA,ARI,Home
2005_09_CHI_NO,2005,REG,9,CHI,NO,Home
2005_09_NYG_SF,2005,REG,9,NYG,SF,Home
2005_09_PIT_GB,2005,REG,9,PIT,GB,Home
2005_09_PHI_WAS,2005,REG,9,PHI,WAS,Home
2005_09_IND_NE,2005,REG,9,IND,NE,Home
2005_10_KC_BUF,2005,REG,10,KC,BUF,Home
2005_10_SF_CHI,2005,REG,10,SF,CHI,Home
2005_10_ARI_DET,2005,REG,10,ARI,DET,Home
2005_10_HOU_IND,2005,REG,10,HOU,IND,Home
2005_10_BAL_JAX,2005,REG,10,BAL,JAX,Home
2005_10_NE_MIA,2005,REG,10,NE,MIA,Home
2005_10_MIN_NYG,2005,REG,10,MIN,NYG,Home
2005_10_NYJ_CAR,2005,REG,10,NYJ,CAR,Home
2005_10_DEN_OAK,2005,REG,10,DEN,OAK,Home
2005_10_GB_ATL,2005,REG,10,GB,ATL,Home
2005_10_STL_SEA,2005,REG,10,STL,SEA,Home
2005_10_WAS_TB,2005,REG,10,WAS,TB,Home
2005_10_CLE_PIT,2005,REG,10,CLE,PIT,Home
2005_10_DAL_PHI,2005,REG,10,DAL,PHI,Home
2005_11_TB_ATL,2005,REG,11,TB,ATL,Home
2005_11_PIT_BAL,2005,REG,11,PIT,BAL,Home
2005_11_CAR_CHI,2005,REG,11,CAR,CHI,Home
2005_11_MIA_CLE,2005,REG,11,MIA,CLE,Home
2005_11_DET_DAL,2005,REG,11,DET,DAL,Home
2005_11_NO_NE,2005,REG,11,NO,NE,Home
2005_11_PHI_NYG,2005,REG,11,PHI,NYG,Home
2005_11_ARI_STL,2005,REG,11,ARI,STL,Home
2005_11_JAX_TEN,2005,REG,11,JAX,TEN,Home
2005_11_OAK_WAS,2005,REG,11,OAK,WAS,Home
2005_11_SEA_SF,2005,REG,11,SEA,SF,Home
2005_11_IND_CIN,2005,REG,11,IND,CIN,Home
2005_11_NYJ_DEN,2005,REG,11,NYJ,DEN,Home
2005_11_BUF_SD,2005,REG,11,BUF,SD,Home
2005_11_KC_HOU,2005,REG,11,KC,HOU,Home
2005_11_MIN_GB,2005,REG,11,MIN,GB,Home
2005_12_ATL_DET,2005,REG,12,ATL,DET,Home
2005_12_DEN_DAL,2005,REG,12,DEN,DAL,Home
2005_12_CAR_BUF,2005,REG,12,CAR,BUF,Home
2005_12_BAL_CIN,2005,REG,12,BAL,CIN,Home
2005_12_STL_HOU,2005,REG,12,STL,HOU,Home
2005_12_NE_KC,2005,REG,12,NE,KC,Home
2005_12_CLE_MIN,2005,REG,12,CLE,MIN,Home
2005_12_CHI_TB,2005,REG,12,CHI,TB,Home
2005_12_SF_TEN,2005,REG,12,SF,TEN,Home
2005_12_SD_WAS,2005,REG,12,SD,WAS,Home
2005_12_JAX_ARI,2005,REG,12,JAX,ARI,Home
2005_12_MIA_OAK,2005,REG,12,MIA,OAK,Home
2005_12_GB_PHI,2005,REG,12,GB,PHI,Home
2005_12_NYG_SEA,2005,REG,12,NYG,SEA,Home
2005_12_NO_NYJ,2005,REG,12,NO,NYJ,Home
2005_12_PIT_IND,2005,REG,12,PIT,IND,Home
2005_13_HOU_BAL,2005,REG,13,HOU,BAL,Home
2005_13_ATL_CAR,2005,REG,13,ATL,CAR,Home
2005_13_GB_CHI,2005,REG,13,GB,CHI,Home
2005_13_JAX_CLE,2005,REG,13,JAX,CLE,Home
2005_13_MIN_DET,2005,REG,13,MIN,DET,Home
2005_13_TEN_IND,2005,REG,13,TEN,IND,Home
2005_13_BUF_MIA,2005,REG,13,BUF,MIA,Home
2005_13_TB_NO,2005,REG,13,TB,NO,Home
2005_13_DAL_NYG,2005,REG,13,DAL,NYG,Home
2005_13_CIN_PIT,2005,REG,13,CIN,PIT,Home
2005_13_ARI_SF,2005,REG,13,ARI,SF,Home
2005_13_WAS_STL,2005,REG,13,WAS,STL,Home
2005_13_DEN_KC,2005,REG,13,DEN,KC,Home
2005_13_NYJ_NE,2005,REG,13,NYJ,NE,Home
2005_13_OAK_SD,2005,REG,13,OAK,SD,Home
2005_13_SEA_PHI,2005,REG,13,SEA,PHI,Home
2005_14_NE_BUF,2005,REG,14,NE,BUF,Home
2005_14_TB_CAR,2005,REG,14,TB,CAR,Home
2005_14_CLE_CIN,2005,REG,14,CLE,CIN,Home
2005_14_IND_JAX,2005,REG,14,IND,JAX,Home
2005_14_STL_MIN,2005,REG,14,STL,MIN,Home
2005_14_OAK_NYJ,2005,REG,14,OAK,NYJ,Home
2005_14_CHI_PIT,2005,REG,14,CHI,PIT,Home
2005_14_HOU_TEN,2005,REG,14,HOU,TEN,Home
2005_14_WAS_ARI,2005,REG,14,WAS,ARI,Home
2005_14_NYG_PHI,2005,REG,14,NYG,PHI,Home
2005_14_SF_SEA,2005,REG,14,SF,SEA,Home
2005_14_KC_DAL,2005,REG,14,KC,DAL,Home
2005_14_BAL_DEN,2005,REG,14,BAL,DEN,Home
2005_14_MIA_SD,2005,REG,14,MIA,SD,Home
2005_14_DET_GB,2005,REG,14,DET,GB,Home
2005_14_NO_ATL,2005,REG,14,NO,ATL,Home
2005_15_TB_NE,2005,REG,15,TB,NE,Home
2005_15_KC_NYG,2005,REG,15,KC,NYG,Home
2005_15_DEN_BUF,2005,REG,15,DEN,BUF,Home
2005_15_ARI_HOU,2005,REG,15,ARI,HOU,Home
2005_15_SD_IND,2005,REG,15,SD,IND,Home
2005_15_SF_JAX,2005,REG,15,SF,JAX,Home
2005_15_NYJ_MIA,2005,REG,15,NYJ,MIA,Home
2005_15_PIT_MIN,2005,REG,15,PIT,MIN,Home
2005_15_CAR_NO,2005,REG,15,CAR,NO,Home
2005_15_PHI_STL,2005,REG,15,PHI,STL,Home
2005_15_SEA_TEN,2005,REG,15,SEA,TEN,Home
2005_15_CIN_DET,2005,REG,15,CIN,DET,Home
2005_15_CLE_OAK,2005,REG,15,CLE,OAK,Home
2005_15_DAL_WAS,2005,REG,15,DAL,WAS,Home
2005_15_ATL_CHI,2005,REG,15,ATL,CHI,Home
2005_15_GB_BAL,2005,REG,15,GB,BAL,Home
2005_16_DAL_CAR,2005,REG,16,DAL,CAR,Home
2005_16_BUF_CIN,2005,REG,16,BUF,CIN,Home
2005_16_PIT_CLE,2005,REG,16,PIT,CLE,Home
2005_16_JAX_HOU,2005,REG,16,JAX,HOU,Home
2005_16_SD_KC,2005,REG,16,SD,KC,Home
2005_16_TEN_MIA,2005,REG,16,TEN,MIA,Home
2005_16_DET_NO,2005,REG,16,DET,NO,Home
2005_16_SF_STL,2005,REG,16,SF,STL,Home
2005_16_ATL_TB,2005,REG,16,ATL,TB,Home
2005_16_NYG_WAS,2005,REG,16,NYG,WAS,Home
2005_16_PHI_ARI,2005,REG,16,PHI,ARI,Home
2005_16_OAK_DEN,2005,REG,16,OAK,DEN,Home
2005_16_IND_SEA,2005,REG,16,IND,SEA,Home
2005_16_CHI_GB,2005,REG,16,CHI,GB,Home
2005_16_MIN_BAL,2005,REG,16,MIN,BAL,Home
2005_16_NE_NYJ,2005,REG,16,NE,NYJ,Home
2005_17_DEN_SD,2005,REG,17,DEN,SD,Home
2005_17_NYG_OAK,2005,REG,17,NYG,OAK,Home
2005_17_CAR_ATL,2005,REG,17,CAR,ATL,Home
2005_17_BAL_CLE,2005,REG,17,BAL,CLE,Home
2005_17_SEA_GB,2005,REG,17,SEA,GB,Home
2005_17_ARI_IND,2005,REG,17,ARI,IND,Home
2005_17_CIN_KC,2005,REG,17,CIN,KC,Home
2005_17_MIA_NE,2005,REG,17,MIA,NE,Home
2005_17_BUF_NYJ,2005,REG,17,BUF,NYJ,Home
2005_17_DET_PIT,2005,REG,17,DET,PIT,Home
2005_17_NO_TB,2005,REG,17,NO,TB,Home
2005_17_TEN_JAX,2005,REG,17,TEN,JAX,Home
2005_17_HOU_SF,2005,REG,17,HOU,SF,Home
2005_17_CHI_MIN,2005,REG,17,CHI,MIN,Home
2005_17_WAS_PHI,2005,REG,17,WAS,PHI,Home
2005_17_STL_DAL,2005,REG,17,STL,DAL,Home
2006_01_MIA_PIT,2006,REG,1,MIA,PIT,Home
2006_01_ATL_CAR,2006,REG,1,ATL,CAR,Home
2006_01_NO_CLE,2006,REG,1,NO,CLE,Home
2006_01_SEA_DET,2006,REG,1,SEA,DET,Home
2006_01_PHI_HOU,2006,REG,1,PHI,HOU,Home
2006_01_CIN_KC,2006,REG,1,CIN,KC,Home
2006_01_BUF_NE,2006,REG,1,BUF,NE,Home
2006_01_DEN_STL,2006,REG,1,DEN,STL,Home
2006_01_BAL_TB,2006,REG,1,BAL,TB,Home
2006_01_NYJ_TEN,2006,REG,1,NYJ,TEN,Home
2006_01_SF_ARI,2006,REG,1,SF,ARI,Home
2006_01_CHI_GB,2006,REG,1,CHI,GB,Home
2006_01_DAL_JAX,2006,REG,1,DAL,JAX,Home
2006_01_IND_NYG,2006,REG,1,IND,NYG,Home
2006_01_MIN_WAS,2006,REG,1,MIN,WAS,Home
2006_01_SD_OAK,2006,REG,1,SD,OAK,Home
2006_02_TB_ATL,2006,REG,2,TB,ATL,Home
2006_02_OAK_BAL,2006,REG,2,OAK,BAL,Home
2006_02_DET_CHI,2006,REG,2,DET,CHI,Home
2006_02_CLE_CIN,2006,REG,2,CLE,CIN,Home
2006_02_NO_GB,2006,REG,2,NO,GB,Home
2006_02_HOU_IND,2006,REG,2,HOU,IND,Home
2006_02_BUF_MIA,2006,REG,2,BUF,MIA,Home
2006_02_CAR_MIN,2006,REG,2,CAR,MIN,Home
2006_02_NYG_PHI,2006,REG,2,NYG,PHI,Home
2006_02_ARI_SEA,2006,REG,2,ARI,SEA,Home
2006_02_STL_SF,2006,REG,2,STL,SF,Home
2006_02_KC_DEN,2006,REG,2,KC,DEN,Home
2006_02_NE_NYJ,2006,REG,2,NE,NYJ,Home
2006_02_TEN_SD,2006,REG,2,TEN,SD,Home
2006_02_WAS_DAL,2006,REG,2,WAS,DAL,Home
2006_02_PIT_JAX,2006,REG,2,PIT,JAX,Home
2006_03_NYJ_BUF,2006,REG,3,NYJ,BUF,Home
2006_03_GB_DET,2006,REG,3,GB,DET,Home
2006_03_WAS_HOU,2006,REG,3,WAS,HOU,Home
2006_03_JAX_IND,2006,REG,3,JAX,IND,Home
2006_03_TEN_MIA,2006,REG,3,TEN,MIA,Home
2006_03_CHI_MIN,2006,REG,3,CHI,MIN,Home
2006_03_CIN_PIT,2006,REG,3,CIN,PIT,Home
2006_03_CAR_TB,2006,REG,3,CAR,TB,Home
2006_03_BAL_CLE,2006,REG,3,BAL,CLE,Home
2006_03_STL_ARI,2006,REG,3,STL,ARI,Home
2006_03_NYG_SEA,2006,REG,3,NYG,SEA,Home
2006_03_PHI_SF,2006,REG,3,PHI,SF,Home
2006_03_DEN_NE,2006,REG,3,DEN,NE,Home
2006_03_ATL_NO,2006,REG,3,ATL,NO,Home
2006_04_ARI_ATL,2006,REG,4,ARI,ATL,Home
2006_04_SD_BAL,2006,REG,4,SD,BAL,Home
2006_04_MIN_BUF,2006,REG,4,MIN,BUF,Home
2006_04_NO_CAR,2006,REG,4,NO,CAR,Home
2006_04_MIA_HOU,2006,REG,4,MIA,HOU,Home
2006_04_SF_KC,2006,REG,4,SF,KC,Home
2006_04_IND_NYJ,2006,REG,4,IND,NYJ,Home
2006_04_DAL_TEN,2006,REG,4,DAL,TEN,Home
2006_04_DET_STL,2006,REG,4,DET,STL,Home
2006_04_NE_CIN,2006,REG,4,NE,CIN,Home
2006_04_CLE_OAK,2006,REG,4,CLE,OAK,Home
2006_04_JAX_WAS,2006,REG,4,JAX,WAS,Home
2006_04_SEA_CHI,2006,REG,4,SEA,CHI,Home
2006_04_GB_PHI,2006,REG,4,GB,PHI,Home
2006_05_CLE_CAR,2006,REG,5,CLE,CAR,Home
2006_05_BUF_CHI,2006,REG,5,BUF,CHI,Home
2006_05_STL_GB,2006,REG,5,STL,GB,Home
2006_05_TEN_IND,2006,REG,5,TEN,IND,Home
2006_05_DET_MIN,2006,REG,5,DET,MIN,Home
2006_05_MIA_NE,2006,REG,5,MIA,NE,Home
2006_05_TB_NO,2006,REG,5,TB,NO,Home
2006_05_WAS_NYG,2006,REG,5,WAS,NYG,Home
2006_05_KC_ARI,2006,REG,5,KC,ARI,Home
2006_05_NYJ_JAX,2006,REG,5,NYJ,JAX,Home
2006_05_OAK_SF,2006,REG,5,OAK,SF,Home
2006_05_DAL_PHI,2006,REG,5,DAL,PHI,Home
2006_05_PIT_SD,2006,REG,5,PIT,SD,Home
2006_05_BAL_DEN,2006,REG,5,BAL,DEN,Home
2006_06_NYG_ATL,2006,REG,6,NYG,ATL,Home
2006_06_CAR_BAL,2006,REG,6,CAR,BAL,Home
2006_06_HOU_DAL,2006,REG,6,HOU,DAL,Home
2006_06_BUF_DET,2006,REG,6,BUF,DET,Home
2006_06_PHI_NO,2006,REG,6,PHI,NO,Home
2006_06_SEA_STL,2006,REG,6,SEA,STL,Home
2006_06_CIN_TB,2006,REG,6,CIN,TB,Home
2006_06_TEN_WAS,2006,REG,6,TEN,WAS,Home
2006_06_MIA_NYJ,2006,REG,6,MIA,NYJ,Home
2006_06_KC_PIT,2006,REG,6,KC,PIT,Home
2006_06_SD_SF,2006,REG,6,SD,SF,Home
2006_06_OAK_DEN,2006,REG,6,OAK,DEN,Home
2006_06_CHI_ARI,2006,REG,6,CHI,ARI,Home
2006_07_PIT_ATL,2006,REG,7,PIT,ATL,Home
2006_07_NE_BUF,2006,REG,7,NE,BUF,Home
2006_07_CAR_CIN,2006,REG,7,CAR,CIN,Home
2006_07_JAX_HOU,2006,REG,7,JAX,HOU,Home
2006_07_SD_KC,2006,REG,7,SD,KC,Home
2006_07_GB_MIA,2006,REG,7,GB,MIA,Home
2006_07_DET_NYJ,2006,REG,7,DET,NYJ,Home
2006_07_PHI_TB,2006,REG,7,PHI,TB,Home
2006_07_DEN_CLE,2006,REG,7,DEN,CLE,Home
2006_07_WAS_IND,2006,REG,7,WAS,IND,Home
2006_07_ARI_OAK,2006,REG,7,ARI,OAK,Home
2006_07_MIN_SEA,2006,REG,7,MIN,SEA,Home
2006_07_NYG_DAL,2006,REG,7,NYG,DAL,Home
2006_08_SF_CHI,2006,REG,8,SF,CHI,Home
2006_08_ATL_CIN,2006,REG,8,ATL,CIN,Home
2006_08_ARI_GB,2006,REG,8,ARI,GB,Home
2006_08_SEA_KC,2006,REG,8,SEA,KC,Home
2006_08_BAL_NO,2006,REG,8,BAL,NO,Home
2006_08_TB_NYG,2006,REG,8,TB,NYG,Home
2006_08_JAX_PHI,2006,REG,8,JAX,PHI,Home
2006_08_HOU_TEN,2006,REG,8,HOU,TEN,Home
2006_08_STL_SD,2006,REG,8,STL,SD,Home
2006_08_NYJ_CLE,2006,REG,8,NYJ,CLE,Home
2006_08_IND_DEN,2006,REG,8,IND,DEN,Home
2006_08_PIT_OAK,2006,REG,8,PIT,OAK,Home
2006_08_DAL_CAR,2006,REG,8,DAL,CAR,Home
2006_08_NE_MIN,2006,REG,8,NE,MIN,Home
2006_09_CIN_BAL,2006,REG,9,CIN,BAL,Home
2006_09_GB_BUF,2006,REG,9,GB,BUF,Home
2006_09_MIA_CHI,2006,REG,9,MIA,CHI,Home
2006_09_ATL_DET,2006,REG,9,ATL,DET,Home
2006_09_TEN_JAX,2006,REG,9,TEN,JAX,Home
2006_09_HOU_NYG,2006,REG,9,HOU,NYG,Home
2006_09_KC_STL,2006,REG,9,KC,STL,Home
2006_09_NO_TB,2006,REG,9,NO,TB,Home
2006_09_DAL_WAS,2006,REG,9,DAL,WAS,Home
2006_09_MIN_SF,2006,REG,9,MIN,SF,Home
2006_09_DEN_PIT,2006,REG,9,DEN,PIT,Home
2006_09_CLE_SD,2006,REG,9,CLE,SD,Home
2006_09_IND_NE,2006,REG,9,IND,NE,Home
2006_09_OAK_SEA,2006,REG,9,OAK,SEA,Home
2006_10_CLE_ATL,2006,REG,10,CLE,ATL,Home
2006_10_SD_CIN,2006,REG,10,SD,CIN,Home
2006_10_SF_DET,2006,REG,10,SF,DET,Home
2006_10_BUF_IND,2006,REG,10,BUF,IND,Home
2006_10_HOU_JAX,2006,REG,10,HOU,JAX,Home
2006_10_KC_MIA,2006,REG,10,KC,MIA,Home
2006_10_GB_MIN,2006,REG,10,GB,MIN,Home
2006_10_NYJ_NE,2006,REG,10,NYJ,NE,Home
2006_10_WAS_PHI,2006,REG,10,WAS,PHI,Home
2006_10_BAL_TEN,2006,REG,10,BAL,TEN,Home
2006_10_DEN_OAK,2006,REG,10,DEN,OAK,Home
2006_10_DAL_ARI,2006,REG,10,DAL,ARI,Home
2006_10_NO_PIT,2006,REG,10,NO,PIT,Home
2006_10_STL_SEA,2006,REG,10,STL,SEA,Home
2006_10_CHI_NYG,2006,REG,10,CHI,NYG,Home
2006_10_TB_CAR,2006,REG,10,TB,CAR,Home
2006_11_ATL_BAL,2006,REG,11,ATL,BAL,Home
2006_11_STL_CAR,2006,REG,11,STL,CAR,Home
2006_11_PIT_CLE,2006,REG,11,PIT,CLE,Home
2006_11_NE_GB,2006,REG,11,NE,GB,Home
2006_11_BUF_HOU,2006,REG,11,BUF,HOU,Home
2006_11_OAK_KC,2006,REG,11,OAK,KC,Home
2006_11_MIN_MIA,2006,REG,11,MIN,MIA,Home
2006_11_CIN_NO,2006,REG,11,CIN,NO,Home
2006_11_CHI_NYJ,2006,REG,11,CHI,NYJ,Home
2006_11_TEN_PHI,2006,REG,11,TEN,PHI,Home
2006_11_WAS_TB,2006,REG,11,WAS,TB,Home
2006_11_DET_ARI,2006,REG,11,DET,ARI,Home
2006_11_SEA_SF,2006,REG,11,SEA,SF,Home
2006_11_IND_DAL,2006,REG,11,IND,DAL,Home
2006_11_SD_DEN,2006,REG,11,SD,DEN,Home
2006_11_NYG_JAX,2006,REG,11,NYG,JAX,Home
2006_12_MIA_DET,2006,REG,12,MIA,DET,Home
2006_12_TB_DAL,2006,REG,12,TB,DAL,Home
2006_12_DEN_KC,2006,REG,12,DEN,KC,Home
2006_12_NO_ATL,2006,REG,12,NO,ATL,Home
2006_12_PIT_BAL,2006,REG,12,PIT,BAL,Home
2006_12_JAX_BUF,2006,REG,12,JAX,BUF,Home
2006_12_CIN_CLE,2006,REG,12,CIN,CLE,Home
2006_12_ARI_MIN,2006,REG,12,ARI,MIN,Home
2006_12_HOU_NYJ,2006,REG,12,HOU,NYJ,Home
2006_12_SF_STL,2006,REG,12,SF,STL,Home
2006_12_CAR_WAS,2006,REG,12,CAR,WAS,Home
2006_12_OAK_SD,2006,REG,12,OAK,SD,Home
2006_12_CHI_NE,2006,REG,12,CHI,NE,Home
2006_12_NYG_TEN,2006,REG,12,NYG,TEN,Home
2006_12_PHI_IND,2006,REG,12,PHI,IND,Home
2006_12_GB_SEA,2006,REG,12,GB,SEA,Home
2006_13_BAL_CIN,2006,REG,13,BAL,CIN,Home
2006_13_SD_BUF,2006,REG,13,SD,BUF,Home
2006_13_MIN_CHI,2006,REG,13,MIN,CHI,Home
2006_13_KC_CLE,2006,REG,13,KC,CLE,Home
2006_13_NYJ_GB,2006,REG,13,NYJ,GB,Home
2006_13_DET_NE,2006,REG,13,DET,NE,Home
2006_13_SF_NO,2006,REG,13,SF,NO,Home
2006_13_ARI_STL,2006,REG,13,ARI,STL,Home
2006_13_IND_TEN,2006,REG,13,IND,TEN,Home
2006_13_ATL_WAS,2006,REG,13,ATL,WAS,Home
2006_13_JAX_MIA,2006,REG,13,JAX,MIA,Home
2006_13_HOU_OAK,2006,REG,13,HOU,OAK,Home
2006_13_DAL_NYG,2006,REG,13,DAL,NYG,Home
2006_13_TB_PIT,2006,REG,13,TB,PIT,Home
2006_13_SEA_DEN,2006,REG,13,SEA,DEN,Home
2006_13_CAR_PHI,2006,REG,13,CAR,PHI,Home
2006_14_CLE_PIT,2006,REG,14,CLE,PIT,Home
2006_14_NYG_CAR,2006,REG,14,NYG,CAR,Home
2006_14_OAK_CIN,2006,REG,14,OAK,CIN,Home
2006_14_MIN_DET,2006,REG,14,MIN,DET,Home
2006_14_TEN_HOU,2006,REG,14,TEN,HOU,Home
2006_14_IND_JAX,2006,REG,14,IND,JAX,Home
2006_14_BAL_KC,2006,REG,14,BAL,KC,Home
2006_14_NE_MIA,2006,REG,14,NE,MIA,Home
2006_14_ATL_TB,2006,REG,14,ATL,TB,Home
2006_14_PHI_WAS,2006,REG,14,PHI,WAS,Home
2006_14_SEA_ARI,2006,REG,14,SEA,ARI,Home
2006_14_GB_SF,2006,REG,14,GB,SF,Home
2006_14_BUF_NYJ,2006,REG,14,BUF,NYJ,Home
2006_14_DEN_SD,2006,REG,14,DEN,SD,Home
2006_14_NO_DAL,2006,REG,14,NO,DAL,Home
2006_14_CHI_STL,2006,REG,14,CHI,STL,Home
2006_15_SF_SEA,2006,REG,15,SF,SEA,Home
2006_15_DAL_ATL,2006,REG,15,DAL,ATL,Home
2006_15_CLE_BAL,2006,REG,15,CLE,BAL,Home
2006_15_MIA_BUF,2006,REG,15,MIA,BUF,Home
2006_15_PIT_CAR,2006,REG,15,PIT,CAR,Home
2006_15_TB_CHI,2006,REG,15,TB,CHI,Home
2006_15_DET_GB,2006,REG,15,DET,GB,Home
2006_15_NYJ_MIN,2006,REG,15,NYJ,MIN,Home
2006_15_HOU_NE,2006,REG,15,HOU,NE,Home
2006_15_WAS_NO,2006,REG,15,WAS,NO,Home
2006_15_JAX_TEN,2006,REG,15,JAX,TEN,Home
2006_15_DEN_ARI,2006,REG,15,DEN,ARI,Home
2006_15_PHI_NYG,2006,REG,15,PHI,NYG,Home
2006_15_STL_OAK,2006,REG,15,STL,OAK,Home
2006_15_KC_SD,2006,REG,15,KC,SD,Home
2006_15_CIN_IND,2006,REG,15,CIN,IND,Home
2006_16_MIN_GB,2006,REG,16,MIN,GB,Home
2006_16_KC_OAK,2006,REG,16,KC,OAK,Home
2006_16_CAR_ATL,2006,REG,16,CAR,ATL,Home
2006_16_TEN_BUF,2006,REG,16,TEN,BUF,Home
2006_16_TB_CLE,2006,REG,16,TB,CLE,Home
2006_16_CHI_DET,2006,REG,16,CHI,DET,Home
2006_16_IND_HOU,2006,REG,16,IND,HOU,Home
2006_16_NE_JAX,2006,REG,16,NE,JAX,Home
2006_16_NO_NYG,2006,REG,16,NO,NYG,Home
2006_16_BAL_PIT,2006,REG,16,BAL,PIT,Home
2006_16_WAS_STL,2006,REG,16,WAS,STL,Home
2006_16_ARI_SF,2006,REG,16,ARI,SF,Home
2006_16_CIN_DEN,2006,REG,16,CIN,DEN,Home
2006_16_SD_SEA,2006,REG,16,SD,SEA,Home
2006_16_PHI_DAL,2006,REG,16,PHI,DAL,Home
2006_16_NYJ_MIA,2006,REG,16,NYJ,MIA,Home
2006_17_NYG_WAS,2006,REG,17,NYG,WAS,Home
2006_17_PIT_CIN,2006,REG,17,PIT,CIN,Home
2006_17_DET_DAL,2006,REG,17,DET,DAL,Home
2006_17_CLE_HOU,2006,REG,17,CLE,HOU,Home
2006_17_JAX_KC,2006,REG,17,JAX,KC,Home
2006_17_STL_MIN,2006,REG,17,STL,MIN,Home
2006_17_CAR_NO,2006,REG,17,CAR,NO,Home
2006_17_OAK_NYJ,2006,REG,17,OAK,NYJ,Home
2006_17_SEA_TB,2006,REG,17,SEA,TB,Home
2006_17_NE_TEN,2006,REG,17,NE,TEN,Home
2006_17_BUF_BAL,2006,REG,17,BUF,BAL,Home
2006_17_SF_DEN,2006,REG,17,SF,DEN,Home
2006_17_MIA_IND,2006,REG,17,MIA,IND,Home
2006_17_ATL_PHI,2006,REG,17,ATL,PHI,Home
2006_17_ARI_SD,2006,REG,17,ARI,SD,Home
2006_17_GB_CHI,2006,REG,17,GB,CHI,Home
2007_01_NO_IND,2007,REG,1,NO,IND,Home
2007_01_DEN_BUF,2007,REG,1,DEN,BUF,Home
2007_01_PIT_CLE,2007,REG,1,PIT,CLE,Home
2007_01_PHI_GB,2007,REG,1,PHI,GB,Home
2007_01_KC_HOU,2007,REG,1,KC,HOU,Home
2007_01_TEN_JAX,2007,REG,1,TEN,JAX,Home
2007_01_ATL_MIN,2007,REG,1,ATL,MIN,Home
2007_01_NE_NYJ,2007,REG,1,NE,NYJ,Home
2007_01_CAR_STL,2007,REG,1,CAR,STL,Home
2007_01_MIA_WAS,2007,REG,1,MIA,WAS,Home
2007_01_DET_OAK,2007,REG,1,DET,OAK,Home
2007_01_CHI_SD,2007,REG,1,CHI,SD,Home
2007_01_TB_SEA,2007,REG,1,TB,SEA,Home
2007_01_NYG_DAL,2007,REG,1,NYG,DAL,Home
2007_01_BAL_CIN,2007,REG,1,BAL,CIN,Home
2007_01_ARI_SF,2007,REG,1,ARI,SF,Home
2007_02_HOU_CAR,2007,REG,2,HOU,CAR,Home
2007_02_CIN_CLE,2007,REG,2,CIN,CLE,Home
2007_02_ATL_JAX,2007,REG,2,ATL,JAX,Home
2007_02_GB_NYG,2007,REG,2,GB,NYG,Home
2007_02_BUF_PIT,2007,REG,2,BUF,PIT,Home
2007_02_SF_STL,2007,REG,2,SF,STL,Home
2007_02_NO_TB,2007,REG,2,NO,TB,Home
2007_02_IND_TEN,2007,REG,2,IND,TEN,Home
2007_02_SEA_ARI,2007,REG,2,SEA,ARI,Home
2007_02_MIN_DET,2007,REG,2,MIN,DET,Home
2007_02_DAL_MIA,2007,REG,2,DAL,MIA,Home
2007_02_NYJ_BAL,2007,REG,2,NYJ,BAL,Home
2007_02_KC_CHI,2007,REG,2,KC,CHI,Home
2007_02_OAK_DEN,2007,REG,2,OAK,DEN,Home
2007_02_SD_NE,2007,REG,2,SD,NE,Home
2007_02_WAS_PHI,2007,REG,2,WAS,PHI,Home
2007_03_ARI_BAL,2007,REG,3,ARI,BAL,Home
2007_03_SD_GB,2007,REG,3,SD,GB,Home
2007_03_IND_HOU,2007,REG,3,IND,HOU,Home
2007_03_MIN_KC,2007,REG,3,MIN,KC,Home
2007_03_BUF_NE,2007,REG,3,BUF,NE,Home
2007_03_MIA_NYJ,2007,REG,3,MIA,NYJ,Home
2007_03_DET_PHI,2007,REG,3,DET,PHI,Home
2007_03_SF_PIT,2007,REG,3,SF,PIT,Home
2007_03_STL_TB,2007,REG,3,STL,TB,Home
2007_03_JAX_DEN,2007,REG,3,JAX,DEN,Home
2007_03_CLE_OAK,2007,REG,3,CLE,OAK,Home
2007_03_CIN_SEA,2007,REG,3,CIN,SEA,Home
2007_03_CAR_ATL,2007,REG,3,CAR,ATL,Home
2007_03_NYG_WAS,2007,REG,3,NYG,WAS,Home
2007_03_DAL_CHI,2007,REG,3,DAL,CHI,Home
2007_03_TEN_NO,2007,REG,3,TEN,NO,Home
2007_04_HOU_ATL,2007,REG,4,HOU,ATL,Home
2007_04_NYJ_BUF,2007,REG,4,NYJ,BUF,Home
2007_04_BAL_CLE,2007,REG,4,BAL,CLE,Home
2007_04_STL_DAL,2007,REG,4,STL,DAL,Home
2007_04_CHI_DET,2007,REG,4,CHI,DET,Home
2007_04_OAK_MIA,2007,REG,4,OAK,MIA,Home
2007_04_GB_MIN,2007,REG,4,GB,MIN,Home
2007_04_TB_CAR,2007,REG,4,TB,CAR,Home
2007_04_SEA_SF,2007,REG,4,SEA,SF,Home
2007_04_PIT_ARI,2007,REG,4,PIT,ARI,Home
2007_04_DEN_IND,2007,REG,4,DEN,IND,Home
2007_04_KC_SD,2007,REG,4,KC,SD,Home
2007_04_PHI_NYG,2007,REG,4,PHI,NYG,Home
2007_04_NE_CIN,2007,REG,4,NE,CIN,Home
2007_05_MIA_HOU,2007,REG,5,MIA,HOU,Home
2007_05_JAX_KC,2007,REG,5,JAX,KC,Home
2007_05_CLE_NE,2007,REG,5,CLE,NE,Home
2007_05_CAR_NO,2007,REG,5,CAR,NO,Home
2007_05_NYJ_NYG,2007,REG,5,NYJ,NYG,Home
2007_05_SEA_PIT,2007,REG,5,SEA,PIT,Home
2007_05_ARI_STL,2007,REG,5,ARI,STL,Home
2007_05_ATL_TEN,2007,REG,5,ATL,TEN,Home
2007_05_DET_WAS,2007,REG,5,DET,WAS,Home
2007_05_TB_IND,2007,REG,5,TB,IND,Home
2007_05_SD_DEN,2007,REG,5,SD,DEN,Home
2007_05_BAL_SF,2007,REG,5,BAL,SF,Home
2007_05_CHI_GB,2007,REG,5,CHI,GB,Home
2007_05_DAL_BUF,2007,REG,5,DAL,BUF,Home
2007_06_STL_BAL,2007,REG,6,STL,BAL,Home
2007_06_MIN_CHI,2007,REG,6,MIN,CHI,Home
2007_06_MIA_CLE,2007,REG,6,MIA,CLE,Home
2007_06_WAS_GB,2007,REG,6,WAS,GB,Home
2007_06_HOU_JAX,2007,REG,6,HOU,JAX,Home
2007_06_CIN_KC,2007,REG,6,CIN,KC,Home
2007_06_PHI_NYJ,2007,REG,6,PHI,NYJ,Home
2007_06_TEN_TB,2007,REG,6,TEN,TB,Home
2007_06_CAR_ARI,2007,REG,6,CAR,ARI,Home
2007_06_NE_DAL,2007,REG,6,NE,DAL,Home
2007_06_OAK_SD,2007,REG,6,OAK,SD,Home
2007_06_NO_SEA,2007,REG,6,NO,SEA,Home
2007_06_NYG_ATL,2007,REG,6,NYG,ATL,Home
2007_07_BAL_BUF,2007,REG,7,BAL,BUF,Home
2007_07_TB_DET,2007,REG,7,TB,DET,Home
2007_07_TEN_HOU,2007,REG,7,TEN,HOU,Home
2007_07_NE_MIA,2007,REG,7,NE,MIA,Home
2007_07_ATL_NO,2007,REG,7,ATL,NO,Home
2007_07_SF_NYG,2007,REG,7,SF,NYG,Home
2007_07_ARI_WAS,2007,REG,7,ARI,WAS,Home
2007_07_NYJ_CIN,2007,REG,7,NYJ,CIN,Home
2007_07_KC_OAK,2007,REG,7,KC,OAK,Home
2007_07_MIN_DAL,2007,REG,7,MIN,DAL,Home
2007_07_CHI_PHI,2007,REG,7,CHI,PHI,Home
2007_07_STL_SEA,2007,REG,7,STL,SEA,Home
2007_07_PIT_DEN,2007,REG,7,PIT,DEN,Home
2007_07_IND_JAX,2007,REG,7,IND,JAX,Home
2007_08_IND_CAR,2007,REG,8,IND,CAR,Home
2007_08_DET_CHI,2007,REG,8,DET,CHI,Home
2007_08_PIT_CIN,2007,REG,8,PIT,CIN,Home
2007_08_NYG_MIA,2007,REG,8,NYG,MIA,Neutral
2007_08_PHI_MIN,2007,REG,8,PHI,MIN,Home
2007_08_CLE_STL,2007,REG,8,CLE,STL,Home
2007_08_OAK_TEN,2007,REG,8,OAK,TEN,Home
2007_08_BUF_NYJ,2007,REG,8,BUF,NYJ,Home
2007_08_HOU_SD,2007,REG,8,HOU,SD,Home
2007_08_JAX_TB,2007,REG,8,JAX,TB,Home
2007_08_WAS_NE,2007,REG,8,WAS,NE,Home
2007_08_NO_SF,2007,REG,8,NO,SF,Home
2007_08_GB_DEN,2007,REG,8,GB,DEN,Home
2007_09_SF_ATL,2007,REG,9,SF,ATL,Home
2007_09_CIN_BUF,2007,REG,9,CIN,BUF,Home
2007_09_DEN_DET,2007,REG,9,DEN,DET,Home
2007_09_GB_KC,2007,REG,9,GB,KC,Home
2007_09_SD_MIN,2007,REG,9,SD,MIN,Home
2007_09_JAX_NO,2007,REG,9,JAX,NO,Home
2007_09_WAS_NYJ,2007,REG,9,WAS,NYJ,Home
2007_09_ARI_TB,2007,REG,9,ARI,TB,Home
2007_09_CAR_TEN,2007,REG,9,CAR,TEN,Home
2007_09_SEA_CLE,2007,REG,9,SEA,CLE,Home
2007_09_NE_IND,2007,REG,9,NE,IND,Home
2007_09_HOU_OAK,2007,REG,9,HOU,OAK,Home
2007_09_DAL_PHI,2007,REG,9,DAL,PHI,Home
2007_09_BAL_PIT,2007,REG,9,BAL,PIT,Home
2007_10_ATL_CAR,2007,REG,10,ATL,CAR,Home
2007_10_MIN_GB,2007,REG,10,MIN,GB,Home
2007_10_DEN_KC,2007,REG,10,DEN,KC,Home
2007_10_BUF_MIA,2007,REG,10,BUF,MIA,Home
2007_10_STL_NO,2007,REG,10,STL,NO,Home
2007_10_CLE_PIT,2007,REG,10,CLE,PIT,Home
2007_10_JAX_TEN,2007,REG,10,JAX,TEN,Home
2007_10_PHI_WAS,2007,REG,10,PHI,WAS,Home
2007_10_CIN_BAL,2007,REG,10,CIN,BAL,Home
2007_10_DET_ARI,2007,REG,10,DET,ARI,Home
2007_10_DAL_NYG,2007,REG,10,DAL,NYG,Home
2007_10_CHI_OAK,2007,REG,10,CHI,OAK,Home
2007_10_IND_SD,2007,REG,10,IND,SD,Home
2007_10_SF_SEA,2007,REG,10,SF,SEA,Home
2007_11_TB_ATL,2007,REG,11,TB,ATL,Home
2007_11_CLE_BAL,2007,REG,11,CLE,BAL,Home
2007_11_ARI_CIN,2007,REG,11,ARI,CIN,Home
2007_11_NYG_DET,2007,REG,11,NYG,DET,Home
2007_11_CAR_GB,2007,REG,11,CAR,GB,Home
2007_11_NO_HOU,2007,REG,11,NO,HOU,Home
2007_11_KC_IND,2007,REG,11,KC,IND,Home
2007_11_SD_JAX,2007,REG,11,SD,JAX,Home
2007_11_OAK_MIN,2007,REG,11,OAK,MIN,Home
2007_11_MIA_PHI,2007,REG,11,MIA,PHI,Home
2007_11_PIT_NYJ,2007,REG,11,PIT,NYJ,Home
2007_11_WAS_DAL,2007,REG,11,WAS,DAL,Home
2007_11_CHI_SEA,2007,REG,11,CHI,SEA,Home
2007_11_STL_SF,2007,REG,11,STL,SF,Home
2007_11_NE_BUF,2007,REG,11,NE,BUF,Home
2007_11_TEN_DEN,2007,REG,11,TEN,DEN,Home
2007_12_GB_DET,2007,REG,12,GB,DET,Home
2007_12_NYJ_DAL,2007,REG,12,NYJ,DAL,Home
2007_12_IND_ATL,2007,REG,12,IND,ATL,Home
2007_12_NO_CAR,2007,REG,12,NO,CAR,Home
2007_12_TEN_CIN,2007,REG,12,TEN,CIN,Home
2007_12_HOU_CLE,2007,REG,12,HOU,CLE,Home
2007_12_BUF_JAX,2007,REG,12,BUF,JAX,Home
2007_12_OAK_KC,2007,REG,12,OAK,KC,Home
2007_12_MIN_NYG,2007,REG,12,MIN,NYG,Home
2007_12_SEA_STL,2007,REG,12,SEA,STL,Home
2007_12_WAS_TB,2007,REG,12,WAS,TB,Home
2007_12_SF_ARI,2007,REG,12,SF,ARI,Home
2007_12_DEN_CHI,2007,REG,12,DEN,CHI,Home
2007_12_BAL_SD,2007,REG,12,BAL,SD,Home
2007_12_PHI_NE,2007,REG,12,PHI,NE,Home
2007_12_MIA_PIT,2007,REG,12,MIA,PIT,Home
2007_13_GB_DAL,2007,REG,13,GB,DAL,Home
2007_13_SF_CAR,2007,REG,13,SF,CAR,Home
2007_13_JAX_IND,2007,REG,13,JAX,IND,Home
2007_13_SD_KC,2007,REG,13,SD,KC,Home
2007_13_NYJ_MIA,2007,REG,13,NYJ,MIA,Home
2007_13_DET_MIN,2007,REG,13,DET,MIN,Home
2007_13_SEA_PHI,2007,REG,13,SEA,PHI,Home
2007_13_ATL_STL,2007,REG,13,ATL,STL,Home
2007_13_HOU_TEN,2007,REG,13,HOU,TEN,Home
2007_13_BUF_WAS,2007,REG,13,BUF,WAS,Home
2007_13_CLE_ARI,2007,REG,13,CLE,ARI,Home
2007_13_DEN_OAK,2007,REG,13,DEN,OAK,Home
2007_13_NYG_CHI,2007,REG,13,NYG,CHI,Home
2007_13_TB_NO,2007,REG,13,TB,NO,Home
2007_13_CIN_PIT,2007,REG,13,CIN,PIT,Home
2007_13_NE_BAL,2007,REG,13,NE,BAL,Home
2007_14_CHI_WAS,2007,REG,14,CHI,WAS,Home
2007_14_MIA_BUF,2007,REG,14,MIA,BUF,Home
2007_14_STL_CIN,2007,REG,14,STL,CIN,Home
2007_14_DAL_DET,2007,REG,14,DAL,DET,Home
2007_14_OAK_GB,2007,REG,14,OAK,GB,Home
2007_14_TB_HOU,2007,REG,14,TB,HOU,Home
2007_14_CAR_JAX,2007,REG,14,CAR,JAX,Home
2007_14_NYG_PHI,2007,REG,14,NYG,PHI,Home
2007_14_SD_TEN,2007,REG,14,SD,TEN,Home
2007_14_ARI_SEA,2007,REG,14,ARI,SEA,Home
2007_14_MIN_SF,2007,REG,14,MIN,SF,Home
2007_14_KC_DEN,2007,REG,14,KC,DEN,Home
2007_14_PIT_NE,2007,REG,14,PIT,NE,Home
2007_14_CLE_NYJ,2007,REG,14,CLE,NYJ,Home
2007_14_IND_BAL,2007,REG,14,IND,BAL,Home
2007_14_NO_ATL,2007,REG,14,NO,ATL,Home
2007_15_DEN_HOU,2007,REG,15,DEN,HOU,Home
2007_15_CIN_SF,2007,REG,15,CIN,SF,Home
2007_15_SEA_CAR,2007,REG,15,SEA,CAR,Home
2007_15_BUF_CLE,2007,REG,15,BUF,CLE,Home
2007_15_TEN_KC,2007,REG,15,TEN,KC,Home
2007_15_BAL_MIA,2007,REG,15,BAL,MIA,Home
2007_15_NYJ_NE,2007,REG,15,NYJ,NE,Home
2007_15_ARI_NO,2007,REG,15,ARI,NO,Home
2007_15_JAX_PIT,2007,REG,15,JAX,PIT,Home
2007_15_GB_STL,2007,REG,15,GB,STL,Home
2007_15_ATL_TB,2007,REG,15,ATL,TB,Home
2007_15_IND_OAK,2007,REG,15,IND,OAK,Home
2007_15_PHI_DAL,2007,REG,15,PHI,DAL,Home
2007_15_DET_SD,2007,REG,15,DET,SD,Home
2007_15_WAS_NYG,2007,REG,15,WAS,NYG,Home
2007_15_CHI_MIN,2007,REG,15,CHI,MIN,Home
2007_16_PIT_STL,2007,REG,16,PIT,STL,Home
2007_16_DAL_CAR,2007,REG,16,DAL,CAR,Home
2007_16_NYG_BUF,2007,REG,16,NYG,BUF,Home
2007_16_GB_CHI,2007,REG,16,GB,CHI,Home
2007_16_CLE_CIN,2007,REG,16,CLE,CIN,Home
2007_16_KC_DET,2007,REG,16,KC,DET,Home
2007_16_HOU_IND,2007,REG,16,HOU,IND,Home
2007_16_OAK_JAX,2007,REG,16,OAK,JAX,Home
2007_16_PHI_NO,2007,REG,16,PHI,NO,Home
2007_16_ATL_ARI,2007,REG,16,ATL,ARI,Home
2007_16_TB_SF,2007,REG,16,TB,SF,Home
2007_16_MIA_NE,2007,REG,16,MIA,NE,Home
2007_16_BAL_SEA,2007,REG,16,BAL,SEA,Home
2007_16_NYJ_TEN,2007,REG,16,NYJ,TEN,Home
2007_16_WAS_MIN,2007,REG,16,WAS,MIN,Home
2007_16_DEN_SD,2007,REG,16,DEN,SD,Home
2007_17_NE_NYG,2007,REG,17,NE,NYG,Home
2007_17_SEA_ATL,2007,REG,17,SEA,ATL,Home
2007_17_NO_CHI,2007,REG,17,NO,CHI,Home
2007_17_SF_CLE,2007,REG,17,SF,CLE,Home
2007_17_DET_GB,2007,REG,17,DET,GB,Home
2007_17_JAX_HOU,2007,REG,17,JAX,HOU,Home
2007_17_CIN_MIA,2007,REG,17,CIN,MIA,Home
2007_17_BUF_PHI,2007,REG,17,BUF,PHI,Home
2007_17_CAR_TB,2007,REG,17,CAR,TB,Home
2007_17_STL_ARI,2007,REG,17,STL,ARI,Home
2007_17_PIT_BAL,2007,REG,17,PIT,BAL,Home
2007_17_MIN_DEN,2007,REG,17,MIN,DEN,Home
2007_17_KC_NYJ,2007,REG,17,KC,NYJ,Home
2007_17_SD_OAK,2007,REG,17,SD,OAK,Home
2007_17_DAL_WAS,2007,REG,17,DAL,WAS,Home
2007_17_TEN_IND,2007,REG,17,TEN,IND,Home
2008_01_WAS_NYG,2008,REG,1,WAS,NYG,Home
2008_01_DET_ATL,2008,REG,1,DET,ATL,Home
2008_01_CIN_BAL,2008,REG,1,CIN,BAL,Home
2008_01_SEA_BUF,2008,REG,1,SEA,BUF,Home
2008_01_NYJ_MIA,2008,REG,1,NYJ,MIA,Home
2008_01_KC_NE,2008,REG,1,KC,NE,Home
2008_01_TB_NO,2008,REG,1,TB,NO,Home
2008_01_STL_PHI,2008,REG,1,STL,PHI,Home
2008_01_HOU_PIT,2008,REG,1,HOU,PIT,Home
2008_01_JAX_TEN,2008,REG,1,JAX,TEN,Home
2008_01_DAL_CLE,2008,REG,1,DAL,CLE,Home
2008_01_CAR_SD,2008,REG,1,CAR,SD,Home
2008_01_ARI_SF,2008,REG,1,ARI,SF,Home
2008_01_CHI_IND,2008,REG,1,CHI,IND,Home
2008_01_MIN_GB,2008,REG,1,MIN,GB,Home
2008_01_DEN_OAK,2008,REG,1,DEN,OAK,Home
2008_02_CHI_CAR,2008,REG,2,CHI,CAR,Home
2008_02_TEN_CIN,2008,REG,2,TEN,CIN,Home
2008_02_GB_DET,2008,REG,2,GB,DET,Home
2008_02_BUF_JAX,2008,REG,2,BUF,JAX,Home
2008_02_OAK_KC,2008,REG,2,OAK,KC,Home
2008_02_IND_MIN,2008,REG,2,IND,MIN,Home
2008_02_NYG_STL,2008,REG,2,NYG,STL,Home
2008_02_NO_WAS,2008,REG,2,NO,WAS,Home
2008_02_SF_SEA,2008,REG,2,SF,SEA,Home
2008_02_ATL_TB,2008,REG,2,ATL,TB,Home
2008_02_MIA_ARI,2008,REG,2,MIA,ARI,Home
2008_02_SD_DEN,2008,REG,2,SD,DEN,Home
2008_02_NE_NYJ,2008,REG,2,NE,NYJ,Home
2008_02_PIT_CLE,2008,REG,2,PIT,CLE,Home
2008_02_PHI_DAL,2008,REG,2,PHI,DAL,Home
2008_03_KC_ATL,2008,REG,3,KC,ATL,Home
2008_03_OAK_BUF,2008,REG,3,OAK,BUF,Home
2008_03_TB_CHI,2008,REG,3,TB,CHI,Home
2008_03_CAR_MIN,2008,REG,3,CAR,MIN,Home
2008_03_MIA_NE,2008,REG,3,MIA,NE,Home
2008_03_CIN_NYG,2008,REG,3,CIN,NYG,Home
2008_03_HOU_TEN,2008,REG,3,HOU,TEN,Home
2008_03_ARI_WAS,2008,REG,3,ARI,WAS,Home
2008_03_NO_DEN,2008,REG,3,NO,DEN,Home
2008_03_STL_SEA,2008,REG,3,STL,SEA,Home
2008_03_DET_SF,2008,REG,3,DET,SF,Home
2008_03_CLE_BAL,2008,REG,3,CLE,BAL,Home
2008_03_JAX_IND,2008,REG,3,JAX,IND,Home
2008_03_PIT_PHI,2008,REG,3,PIT,PHI,Home
2008_03_DAL_GB,2008,REG,3,DAL,GB,Home
2008_03_NYJ_SD,2008,REG,3,NYJ,SD,Home
2008_04_ATL_CAR,2008,REG,4,ATL,CAR,Home
2008_04_CLE_CIN,2008,REG,4,CLE,CIN,Home
2008_04_HOU_JAX,2008,REG,4,HOU,JAX,Home
2008_04_DEN_KC,2008,REG,4,DEN,KC,Home
2008_04_SF_NO,2008,REG,4,SF,NO,Home
2008_04_ARI_NYJ,2008,REG,4,ARI,NYJ,Home
2008_04_GB_TB,2008,REG,4,GB,TB,Home
2008_04_MIN_TEN,2008,REG,4,MIN,TEN,Home
2008_04_SD_OAK,2008,REG,4,SD,OAK,Home
2008_04_BUF_STL,2008,REG,4,BUF,STL,Home
2008_04_WAS_DAL,2008,REG,4,WAS,DAL,Home
2008_04_PHI_CHI,2008,REG,4,PHI,CHI,Home
2008_04_BAL_PIT,2008,REG,4,BAL,PIT,Home
2008_05_TEN_BAL,2008,REG,5,TEN,BAL,Home
2008_05_KC_CAR,2008,REG,5,KC,CAR,Home
2008_05_CHI_DET,2008,REG,5,CHI,DET,Home
2008_05_ATL_GB,2008,REG,5,ATL,GB,Home
2008_05_IND_HOU,2008,REG,5,IND,HOU,Home
2008_05_SD_MIA,2008,REG,5,SD,MIA,Home
2008_05_SEA_NYG,2008,REG,5,SEA,NYG,Home
2008_05_WAS_PHI,2008,REG,5,WAS,PHI,Home
2008_05_TB_DEN,2008,REG,5,TB,DEN,Home
2008_05_BUF_ARI,2008,REG,5,BUF,ARI,Home
2008_05_CIN_DAL,2008,REG,5,CIN,DAL,Home
2008_05_NE_SF,2008,REG,5,NE,SF,Home
2008_05_PIT_JAX,2008,REG,5,PIT,JAX,Home
2008_05_MIN_NO,2008,REG,5,MIN,NO,Home
2008_06_CHI_ATL,2008,REG,6,CHI,ATL,Home
2008_06_MIA_HOU,2008,REG,6,MIA,HOU,Home
2008_06_BAL_IND,2008,REG,6,BAL,IND,Home
2008_06_DET_MIN,2008,REG,6,DET,MIN,Home
2008_06_OAK_NO,2008,REG,6,OAK,NO,Home
2008_06_CIN_NYJ,2008,REG,6,CIN,NYJ,Home
2008_06_CAR_TB,2008,REG,6,CAR,TB,Home
2008_06_STL_WAS,2008,REG,6,STL,WAS,Home
2008_06_JAX_DEN,2008,REG,6,JAX,DEN,Home
2008_06_DAL_ARI,2008,REG,6,DAL,ARI,Home
2008_06_GB_SEA,2008,REG,6,GB,SEA,Home
2008_06_PHI_SF,2008,REG,6,PHI,SF,Home
2008_06_NE_SD,2008,REG,6,NE,SD,Home
2008_06_NYG_CLE,2008,REG,6,NYG,CLE,Home
2008_07_SD_BUF,2008,REG,7,SD,BUF,Home
2008_07_NO_CAR,2008,REG,7,NO,CAR,Home
2008_07_MIN_CHI,2008,REG,7,MIN,CHI,Home
2008_07_PIT_CIN,2008,REG,7,PIT,CIN,Home
2008_07_TEN_KC,2008,REG,7,TEN,KC,Home
2008_07_BAL_MIA,2008,REG,7,BAL,MIA,Home
2008_07_SF_NYG,2008,REG,7,SF,NYG,Home
2008_07_DAL_STL,2008,REG,7,DAL,STL,Home
2008_07_DET_HOU,2008,REG,7,DET,HOU,Home
2008_07_IND_GB,2008,REG,7,IND,GB,Home
2008_07_NYJ_OAK,2008,REG,7,NYJ,OAK,Home
2008_07_CLE_WAS,2008,REG,7,CLE,WAS,Home
2008_07_SEA_TB,2008,REG,7,SEA,TB,Home
2008_07_DEN_NE,2008,REG,7,DEN,NE,Home
2008_08_OAK_BAL,2008,REG,8,OAK,BAL,Home
2008_08_ARI_CAR,2008,REG,8,ARI,CAR,Home
2008_08_TB_DAL,2008,REG,8,TB,DAL,Home
2008_08_WAS_DET,2008,REG,8,WAS,DET,Home
2008_08_BUF_MIA,2008,REG,8,BUF,MIA,Home
2008_08_STL_NE,2008,REG,8,STL,NE,Home
2008_08_SD_NO,2008,REG,8,SD,NO,Neutral
2008_08_KC_NYJ,2008,REG,8,KC,NYJ,Home
2008_08_ATL_PHI,2008,REG,8,ATL,PHI,Home
2008_08_CIN_HOU,2008,REG,8,CIN,HOU,Home
2008_08_CLE_JAX,2008,REG,8,CLE,JAX,Home
2008_08_NYG_PIT,2008,REG,8,NYG,PIT,Home
2008_08_SEA_SF,2008,REG,8,SEA,SF,Home
2008_08_IND_TEN,2008,REG,8,IND,TEN,Home
2008_09_NYJ_BUF,2008,REG,9,NYJ,BUF,Home
2008_09_DET_CHI,2008,REG,9,DET,CHI,Home
2008_09_JAX_CIN,2008,REG,9,JAX,CIN,Home
2008_09_BAL_CLE,2008,REG,9,BAL,CLE,Home
2008_09_TB_KC,2008,REG,9,TB,KC,Home
2008_09_HOU_MIN,2008,REG,9,HOU,MIN,Home
2008_09_ARI_STL,2008,REG,9,ARI,STL,Home
2008_09_GB_TEN,2008,REG,9,GB,TEN,Home
2008_09_MIA_DEN,2008,REG,9,MIA,DEN,Home
2008_09_DAL_NYG,2008,REG,9,DAL,NYG,Home
2008_09_ATL_OAK,2008,REG,9,ATL,OAK,Home
2008_09_PHI_SEA,2008,REG,9,PHI,SEA,Home
2008_09_NE_IND,2008,REG,9,NE,IND,Home
2008_09_PIT_WAS,2008,REG,9,PIT,WAS,Home
2008_10_DEN_CLE,2008,REG,10,DEN,CLE,Home
2008_10_NO_ATL,2008,REG,10,NO,ATL,Home
2008_10_TEN_CHI,2008,REG,10,TEN,CHI,Home
2008_10_JAX_DET,2008,REG,10,JAX,DET,Home
2008_10_BAL_HOU,2008,REG,10,BAL,HOU,Home
2008_10_SEA_MIA,2008,REG,10,SEA,MIA,Home
2008_10_GB_MIN,2008,REG,10,GB,MIN,Home
2008_10_BUF_NE,2008,REG,10,BUF,NE,Home
2008_10_STL_NYJ,2008,REG,10,STL,NYJ,Home
2008_10_CAR_OAK,2008,REG,10,CAR,OAK,Home
2008_10_IND_PIT,2008,REG,10,IND,PIT,Home
2008_10_KC_SD,2008,REG,10,KC,SD,Home
2008_10_NYG_PHI,2008,REG,10,NYG,PHI,Home
2008_10_SF_ARI,2008,REG,10,SF,ARI,Home
2008_11_NYJ_NE,2008,REG,11,NYJ,NE,Home
2008_11_DEN_ATL,2008,REG,11,DEN,ATL,Home
2008_11_DET_CAR,2008,REG,11,DET,CAR,Home
2008_11_PHI_CIN,2008,REG,11,PHI,CIN,Home
2008_11_CHI_GB,2008,REG,11,CHI,GB,Home
2008_11_HOU_IND,2008,REG,11,HOU,IND,Home
2008_11_NO_KC,2008,REG,11,NO,KC,Home
2008_11_OAK_MIA,2008,REG,11,OAK,MIA,Home
2008_11_BAL_NYG,2008,REG,11,BAL,NYG,Home
2008_11_MIN_TB,2008,REG,11,MIN,TB,Home
2008_11_ARI_SEA,2008,REG,11,ARI,SEA,Home
2008_11_STL_SF,2008,REG,11,STL,SF,Home
2008_11_TEN_JAX,2008,REG,11,TEN,JAX,Home
2008_11_SD_PIT,2008,REG,11,SD,PIT,Home
2008_11_DAL_WAS,2008,REG,11,DAL,WAS,Home
2008_11_CLE_BUF,2008,REG,11,CLE,BUF,Home
2008_12_CIN_PIT,2008,REG,12,CIN,PIT,Home
2008_12_PHI_BAL,2008,REG,12,PHI,BAL,Home
2008_12_HOU_CLE,2008,REG,12,HOU,CLE,Home
2008_12_SF_DAL,2008,REG,12,SF,DAL,Home
2008_12_TB_DET,2008,REG,12,TB,DET,Home
2008_12_MIN_JAX,2008,REG,12,MIN,JAX,Home
2008_12_BUF_KC,2008,REG,12,BUF,KC,Home
2008_12_NE_MIA,2008,REG,12,NE,MIA,Home
2008_12_CHI_STL,2008,REG,12,CHI,STL,Home
2008_12_NYJ_TEN,2008,REG,12,NYJ,TEN,Home
2008_12_OAK_DEN,2008,REG,12,OAK,DEN,Home
2008_12_NYG_ARI,2008,REG,12,NYG,ARI,Home
2008_12_CAR_ATL,2008,REG,12,CAR,ATL,Home
2008_12_WAS_SEA,2008,REG,12,WAS,SEA,Home
2008_12_IND_SD,2008,REG,12,IND,SD,Home
2008_12_GB_NO,2008,REG,12,GB,NO,Home
2008_13_TEN_DET,2008,REG,13,TEN,DET,Home
2008_13_SEA_DAL,2008,REG,13,SEA,DAL,Home
2008_13_ARI_PHI,2008,REG,13,ARI,PHI,Home
2008_13_SF_BUF,2008,REG,13,SF,BUF,Home
2008_13_BAL_CIN,2008,REG,13,BAL,CIN,Home
2008_13_IND_CLE,2008,REG,13,IND,CLE,Home
2008_13_CAR_GB,2008,REG,13,CAR,GB,Home
2008_13_MIA_STL,2008,REG,13,MIA,STL,Home
2008_13_NO_TB,2008,REG,13,NO,TB,Home
2008_13_NYG_WAS,2008,REG,13,NYG,WAS,Home
2008_13_ATL_SD,2008,REG,13,ATL,SD,Home
2008_13_PIT_NE,2008,REG,13,PIT,NE,Home
2008_13_DEN_NYJ,2008,REG,13,DEN,NYJ,Home
2008_13_KC_OAK,2008,REG,13,KC,OAK,Home
2008_13_CHI_MIN,2008,REG,13,CHI,MIN,Home
2008_13_JAX_HOU,2008,REG,13,JAX,HOU,Home
2008_14_OAK_SD,2008,REG,14,OAK,SD,Home
2008_14_JAX_CHI,2008,REG,14,JAX,CHI,Home
2008_14_MIN_DET,2008,REG,14,MIN,DET,Home
2008_14_HOU_GB,2008,REG,14,HOU,GB,Home
2008_14_CIN_IND,2008,REG,14,CIN,IND,Home
2008_14_ATL_NO,2008,REG,14,ATL,NO,Home
2008_14_PHI_NYG,2008,REG,14,PHI,NYG,Home
2008_14_CLE_TEN,2008,REG,14,CLE,TEN,Home
2008_14_MIA_BUF,2008,REG,14,MIA,BUF,Neutral
2008_14_KC_DEN,2008,REG,14,KC,DEN,Home
2008_14_NE_SEA,2008,REG,14,NE,SEA,Home
2008_14_NYJ_SF,2008,REG,14,NYJ,SF,Home
2008_14_STL_ARI,2008,REG,14,STL,ARI,Home
2008_14_DAL_PIT,2008,REG,14,DAL,PIT,Home
2008_14_WAS_BAL,2008,REG,14,WAS,BAL,Home
2008_14_TB_CAR,2008,REG,14,TB,CAR,Home
2008_15_NO_CHI,2008,REG,15,NO,CHI,Home
2008_15_TB_ATL,2008,REG,15,TB,ATL,Home
2008_15_WAS_CIN,2008,REG,15,WAS,CIN,Home
2008_15_TEN_HOU,2008,REG,15,TEN,HOU,Home
2008_15_DET_IND,2008,REG,15,DET,IND,Home
2008_15_GB_JAX,2008,REG,15,GB,JAX,Home
2008_15_SD_KC,2008,REG,15,SD,KC,Home
2008_15_SF_MIA,2008,REG,15,SF,MIA,Home
2008_15_BUF_NYJ,2008,REG,15,BUF,NYJ,Home
2008_15_SEA_STL,2008,REG,15,SEA,STL,Home
2008_15_MIN_ARI,2008,REG,15,MIN,ARI,Home
2008_15_PIT_BAL,2008,REG,15,PIT,BAL,Home
2008_15_DEN_CAR,2008,REG,15,DEN,CAR,Home
2008_15_NE_OAK,2008,REG,15,NE,OAK,Home
2008_15_NYG_DAL,2008,REG,15,NYG,DAL,Home
2008_15_CLE_PHI,2008,REG,15,CLE,PHI,Home
2008_16_IND_JAX,2008,REG,16,IND,JAX,Home
2008_16_BAL_DAL,2008,REG,16,BAL,DAL,Home
2008_16_CIN_CLE,2008,REG,16,CIN,CLE,Home
2008_16_NO_DET,2008,REG,16,NO,DET,Home
2008_16_MIA_KC,2008,REG,16,MIA,KC,Home
2008_16_ARI_NE,2008,REG,16,ARI,NE,Home
2008_16_SF_STL,2008,REG,16,SF,STL,Home
2008_16_SD_TB,2008,REG,16,SD,TB,Home
2008_16_PIT_TEN,2008,REG,16,PIT,TEN,Home
2008_16_BUF_DEN,2008,REG,16,BUF,DEN,Home
2008_16_HOU_OAK,2008,REG,16,HOU,OAK,Home
2008_16_NYJ_SEA,2008,REG,16,NYJ,SEA,Home
2008_16_ATL_MIN,2008,REG,16,ATL,MIN,Home
2008_16_PHI_WAS,2008,REG,16,PHI,WAS,Home
2008_16_CAR_NYG,2008,REG,16,CAR,NYG,Home
2008_16_GB_CHI,2008,REG,16,GB,CHI,Home
2008_17_STL_ATL,2008,REG,17,STL,ATL,Home
2008_17_NE_BUF,2008,REG,17,NE,BUF,Home
2008_17_KC_CIN,2008,REG,17,KC,CIN,Home
2008_17_DET_GB,2008,REG,17,DET,GB,Home
2008_17_CHI_HOU,2008,REG,17,CHI,HOU,Home
2008_17_TEN_IND,2008,REG,17,TEN,IND,Home
2008_17_NYG_MIN,2008,REG,17,NYG,MIN,Home
2008_17_CAR_NO,2008,REG,17,CAR,NO,Home
2008_17_CLE_PIT,2008,REG,17,CLE,PIT,Home
2008_17_OAK_TB,2008,REG,17,OAK,TB,Home
2008_17_SEA_ARI,2008,REG,17,SEA,ARI,Home
2008_17_JAX_BAL,2008,REG,17,JAX,BAL,Home
2008_17_MIA_NYJ,2008,REG,17,MIA,NYJ,Home
2008_17_DAL_PHI,2008,REG,17,DAL,PHI,Home
2008_17_WAS_SF,2008,REG,17,WAS,SF,Home
2008_17_DEN_SD,2008,REG,17,DEN,SD,Home
2009_01_TEN_PIT,2009,REG,1,TEN,PIT,Home
2009_01_MIA_ATL,2009,REG,1,MIA,ATL,Home
2009_01_KC_BAL,2009,REG,1,KC,BAL,Home
2009_01_PHI_CAR,2009,REG,1,PHI,CAR,Home
2009_01_DEN_CIN,2009,REG,1,DEN,CIN,Home
2009_01_MIN_CLE,2009,REG,1,MIN,CLE,Home
2009_01_NYJ_HOU,2009,REG,1,NYJ,HOU,Home
2009_01_JAX_IND,2009,REG,1,JAX,IND,Home
2009_01_DET_NO,2009,REG,1,DET,NO,Home
2009_01_DAL_TB,2009,REG,1,DAL,TB,Home
2009_01_SF_ARI,2009,REG,1,SF,ARI,Home
2009_01_WAS_NYG,2009,REG,1,WAS,NYG,Home
2009_01_STL_SEA,2009,REG,1,STL,SEA,Home
2009_01_CHI_GB,2009,REG,1,CHI,GB,Home
2009_01_BUF_NE,2009,REG,1,BUF,NE,Home
2009_01_SD_OAK,2009,REG,1,SD,OAK,Home
2009_02_CAR_ATL,2009,REG,2,CAR,ATL,Home
2009_02_MIN_DET,2009,REG,2,MIN,DET,Home
2009_02_CIN_GB,2009,REG,2,CIN,GB,Home
2009_02_ARI_JAX,2009,REG,2,ARI,JAX,Home
2009_02_OAK_KC,2009,REG,2,OAK,KC,Home
2009_02_NE_NYJ,2009,REG,2,NE,NYJ,Home
2009_02_NO_PHI,2009,REG,2,NO,PHI,Home
2009_02_HOU_TEN,2009,REG,2,HOU,TEN,Home
2009_02_STL_WAS,2009,REG,2,STL,WAS,Home
2009_02_TB_BUF,2009,REG,2,TB,BUF,Home
2009_02_SEA_SF,2009,REG,2,SEA,SF,Home
2009_02_PIT_CHI,2009,REG,2,PIT,CHI,Home
2009_02_CLE_DEN,2009,REG,2,CLE,DEN,Home
2009_02_BAL_SD,2009,REG,2,BAL,SD,Home
2009_02_NYG_DAL,2009,REG,2,NYG,DAL,Home
2009_02_IND_MIA,2009,REG,2,IND,MIA,Home
2009_03_CLE_BAL,2009,REG,3,CLE,BAL,Home
2009_03_WAS_DET,2009,REG,3,WAS,DET,Home
2009_03_JAX_HOU,2009,REG,3,JAX,HOU,Home
2009_03_SF_MIN,2009,REG,3,SF,MIN,Home
2009_03_ATL_NE,2009,REG,3,ATL,NE,Home
2009_03_TEN_NYJ,2009,REG,3,TEN,NYJ,Home
2009_03_KC_PHI,2009,REG,3,KC,PHI,Home
2009_03_GB_STL,2009,REG,3,GB,STL,Home
2009_03_NYG_TB,2009,REG,3,NYG,TB,Home
2009_03_NO_BUF,2009,REG,3,NO,BUF,Home
2009_03_CHI_SEA,2009,REG,3,CHI,SEA,Home
2009_03_PIT_CIN,2009,REG,3,PIT,CIN,Home
2009_03_DEN_OAK,2009,REG,3,DEN,OAK,Home
2009_03_MIA_SD,2009,REG,3,MIA,SD,Home
2009_03_IND_ARI,2009,REG,3,IND,ARI,Home
2009_03_CAR_DAL,2009,REG,3,CAR,DAL,Home
2009_04_DET_CHI,2009,REG,4,DET,CHI,Home
2009_04_CIN_CLE,2009,REG,4,CIN,CLE,Home
2009_04_OAK_HOU,2009,REG,4,OAK,HOU,Home
2009_04_SEA_IND,2009,REG,4,SEA,IND,Home
2009_04_TEN_JAX,2009,REG,4,TEN,JAX,Home
2009_04_NYG_KC,2009,REG,4,NYG,KC,Home
2009_04_BAL_NE,2009,REG,4,BAL,NE,Home
2009_04_TB_WAS,2009,REG,4,TB,WAS,Home
2009_04_BUF_MIA,2009,REG,4,BUF,MIA,Home
2009_04_NYJ_NO,2009,REG,4,NYJ,NO,Home
2009_04_DAL_DEN,2009,REG,4,DAL,DEN,Home
2009_04_STL_SF,2009,REG,4,STL,SF,Home
2009_04_SD_PIT,2009,REG,4,SD,PIT,Home
2009_04_GB_MIN,2009,REG,4,GB,MIN,Home
2009_05_CIN_BAL,2009,REG,5,CIN,BAL,Home
2009_05_CLE_BUF,2009,REG,5,CLE,BUF,Home
2009_05_WAS_CAR,2009,REG,5,WAS,CAR,Home
2009_05_PIT_DET,2009,REG,5,PIT,DET,Home
2009_05_DAL_KC,2009,REG,5,DAL,KC,Home
2009_05_OAK_NYG,2009,REG,5,OAK,NYG,Home
2009_05_TB_PHI,2009,REG,5,TB,PHI,Home
2009_05_MIN_STL,2009,REG,5,MIN,STL,Home
2009_05_ATL_SF,2009,REG,5,ATL,SF,Home
2009_05_HOU_ARI,2009,REG,5,HOU,ARI,Home
2009_05_NE_DEN,2009,REG,5,NE,DEN,Home
2009_05_JAX_SEA,2009,REG,5,JAX,SEA,Home
2009_05_IND_TEN,2009,REG,5,IND,TEN,Home
2009_05_NYJ_MIA,2009,REG,5,NYJ,MIA,Home
2009_06_HOU_CIN,2009,REG,6,HOU,CIN,Home
2009_06_DET_GB,2009,REG,6,DET,GB,Home
2009_06_STL_JAX,2009,REG,6,STL,JAX,Home
2009_06_BAL_MIN,2009,REG,6,BAL,MIN,Home
2009_06_NYG_NO,2009,REG,6,NYG,NO,Home
2009_06_CLE_PIT,2009,REG,6,CLE,PIT,Home
2009_06_CAR_TB,2009,REG,6,CAR,TB,Home
2009_06_KC_WAS,2009,REG,6,KC,WAS,Home
2009_06_PHI_OAK,2009,REG,6,PHI,OAK,Home
2009_06_ARI_SEA,2009,REG,6,ARI,SEA,Home
2009_06_TEN_NE,2009,REG,6,TEN,NE,Home
2009_06_BUF_NYJ,2009,REG,6,BUF,NYJ,Home
2009_06_CHI_ATL,2009,REG,6,CHI,ATL,Home
2009_06_DEN_SD,2009,REG,6,DEN,SD,Home
2009_07_GB_CLE,2009,REG,7,GB,CLE,Home
2009_07_SF_HOU,2009,REG,7,SF,HOU,Home
2009_07_SD_KC,2009,REG,7,SD,KC,Home
2009_07_MIN_PIT,2009,REG,7,MIN,PIT,Home
2009_07_IND_STL,2009,REG,7,IND,STL,Home
2009_07_NE_TB,2009,REG,7,NE,TB,Neutral
2009_07_BUF_CAR,2009,REG,7,BUF,CAR,Home
2009_07_NYJ_OAK,2009,REG,7,NYJ,OAK,Home
2009_07_CHI_CIN,2009,REG,7,CHI,CIN,Home
2009_07_ATL_DAL,2009,REG,7,ATL,DAL,Home
2009_07_NO_MIA,2009,REG,7,NO,MIA,Home
2009_07_ARI_NYG,2009,REG,7,ARI,NYG,Home
2009_07_PHI_WAS,2009,REG,7,PHI,WAS,Home
2009_08_DEN_BAL,2009,REG,8,DEN,BAL,Home
2009_08_HOU_BUF,2009,REG,8,HOU,BUF,Home
2009_08_CLE_CHI,2009,REG,8,CLE,CHI,Home
2009_08_SEA_DAL,2009,REG,8,SEA,DAL,Home
2009_08_STL_DET,2009,REG,8,STL,DET,Home
2009_08_SF_IND,2009,REG,8,SF,IND,Home
2009_08_MIA_NYJ,2009,REG,8,MIA,NYJ,Home
2009_08_NYG_PHI,2009,REG,8,NYG,PHI,Home
2009_08_OAK_SD,2009,REG,8,OAK,SD,Home
2009_08_JAX_TEN,2009,REG,8,JAX,TEN,Home
2009_08_CAR_ARI,2009,REG,8,CAR,ARI,Home
2009_08_MIN_GB,2009,REG,8,MIN,GB,Home
2009_08_ATL_NO,2009,REG,8,ATL,NO,Home
2009_09_WAS_ATL,2009,REG,9,WAS,ATL,Home
2009_09_ARI_CHI,2009,REG,9,ARI,CHI,Home
2009_09_BAL_CIN,2009,REG,9,BAL,CIN,Home
2009_09_HOU_IND,2009,REG,9,HOU,IND,Home
2009_09_KC_JAX,2009,REG,9,KC,JAX,Home
2009_09_MIA_NE,2009,REG,9,MIA,NE,Home
2009_09_GB_TB,2009,REG,9,GB,TB,Home
2009_09_CAR_NO,2009,REG,9,CAR,NO,Home
2009_09_DET_SEA,2009,REG,9,DET,SEA,Home
2009_09_SD_NYG,2009,REG,9,SD,NYG,Home
2009_09_TEN_SF,2009,REG,9,TEN,SF,Home
2009_09_DAL_PHI,2009,REG,9,DAL,PHI,Home
2009_09_PIT_DEN,2009,REG,9,PIT,DEN,Home
2009_10_CHI_SF,2009,REG,10,CHI,SF,Home
2009_10_ATL_CAR,2009,REG,10,ATL,CAR,Home
2009_10_TB_MIA,2009,REG,10,TB,MIA,Home
2009_10_DET_MIN,2009,REG,10,DET,MIN,Home
2009_10_JAX_NYJ,2009,REG,10,JAX,NYJ,Home
2009_10_CIN_PIT,2009,REG,10,CIN,PIT,Home
2009_10_NO_STL,2009,REG,10,NO,STL,Home
2009_10_BUF_TEN,2009,REG,10,BUF,TEN,Home
2009_10_DEN_WAS,2009,REG,10,DEN,WAS,Home
2009_10_KC_OAK,2009,REG,10,KC,OAK,Home
2009_10_SEA_ARI,2009,REG,10,SEA,ARI,Home
2009_10_DAL_GB,2009,REG,10,DAL,GB,Home
2009_10_PHI_SD,2009,REG,10,PHI,SD,Home
2009_10_NE_IND,2009,REG,10,NE,IND,Home
2009_10_BAL_CLE,2009,REG,10,BAL,CLE,Home
2009_11_MIA_CAR,2009,REG,11,MIA,CAR,Home
2009_11_IND_BAL,2009,REG,11,IND,BAL,Home
2009_11_WAS_DAL,2009,REG,11,WAS,DAL,Home
2009_11_CLE_DET,2009,REG,11,CLE,DET,Home
2009_11_SF_GB,2009,REG,11,SF,GB,Home
2009_11_BUF_JAX,2009,REG,11,BUF,JAX,Home
2009_11_PIT_KC,2009,REG,11,PIT,KC,Home
2009_11_SEA_MIN,2009,REG,11,SEA,MIN,Home
2009_11_ATL_NYG,2009,REG,11,ATL,NYG,Home
2009_11_NO_TB,2009,REG,11,NO,TB,Home
2009_11_ARI_STL,2009,REG,11,ARI,STL,Home
2009_11_SD_DEN,2009,REG,11,SD,DEN,Home
2009_11_NYJ_NE,2009,REG,11,NYJ,NE,Home
2009_11_CIN_OAK,2009,REG,11,CIN,OAK,Home
2009_11_PHI_CHI,2009,REG,11,PHI,CHI,Home
2009_11_TEN_HOU,2009,REG,11,TEN,HOU,Home
2009_12_GB_DET,2009,REG,12,GB,DET,Home
2009_12_OAK_DAL,2009,REG,12,OAK,DAL,Home
2009_12_NYG_DEN,2009,REG,12,NYG,DEN,Home
2009_12_TB_ATL,2009,REG,12,TB,ATL,Home
2009_12_MIA_BUF,2009,REG,12,MIA,BUF,Home
2009_12_CLE_CIN,2009,REG,12,CLE,CIN,Home
2009_12_IND_HOU,2009,REG,12,IND,HOU,Home
2009_12_CAR_NYJ,2009,REG,12,CAR,NYJ,Home
2009_12_WAS_PHI,2009,REG,12,WAS,PHI,Home
2009_12_SEA_STL,2009,REG,12,SEA,STL,Home
2009_12_KC_SD,2009,REG,12,KC,SD,Home
2009_12_JAX_SF,2009,REG,12,JAX,SF,Home
2009_12_CHI_MIN,2009,REG,12,CHI,MIN,Home
2009_12_ARI_TEN,2009,REG,12,ARI,TEN,Home
2009_12_PIT_BAL,2009,REG,12,PIT,BAL,Home
2009_12_NE_NO,2009,REG,12,NE,NO,Home
2009_13_NYJ_BUF,2009,REG,13,NYJ,BUF,Home
2009_13_PHI_ATL,2009,REG,13,PHI,ATL,Home
2009_13_TB_CAR,2009,REG,13,TB,CAR,Home
2009_13_STL_CHI,2009,REG,13,STL,CHI,Home
2009_13_DET_CIN,2009,REG,13,DET,CIN,Home
2009_13_TEN_IND,2009,REG,13,TEN,IND,Home
2009_13_HOU_JAX,2009,REG,13,HOU,JAX,Home
2009_13_DEN_KC,2009,REG,13,DEN,KC,Home
2009_13_NE_MIA,2009,REG,13,NE,MIA,Home
2009_13_OAK_PIT,2009,REG,13,OAK,PIT,Home
2009_13_NO_WAS,2009,REG,13,NO,WAS,Home
2009_13_SD_CLE,2009,REG,13,SD,CLE,Home
2009_13_DAL_NYG,2009,REG,13,DAL,NYG,Home
2009_13_SF_SEA,2009,REG,13,SF,SEA,Home
2009_13_MIN_ARI,2009,REG,13,MIN,ARI,Home
2009_13_BAL_GB,2009,REG,13,BAL,GB,Home
2009_14_PIT_CLE,2009,REG,14,PIT,CLE,Home
2009_14_NO_ATL,2009,REG,14,NO,ATL,Home
2009_14_DET_BAL,2009,REG,14,DET,BAL,Home
2009_14_GB_CHI,2009,REG,14,GB,CHI,Home
2009_14_SEA_HOU,2009,REG,14,SEA,HOU,Home
2009_14_DEN_IND,2009,REG,14,DEN,IND,Home
2009_14_MIA_JAX,2009,REG,14,MIA,JAX,Home
2009_14_BUF_KC,2009,REG,14,BUF,KC,Home
2009_14_CIN_MIN,2009,REG,14,CIN,MIN,Home
2009_14_CAR_NE,2009,REG,14,CAR,NE,Home
2009_14_NYJ_TB,2009,REG,14,NYJ,TB,Home
2009_14_WAS_OAK,2009,REG,14,WAS,OAK,Home
2009_14_STL_TEN,2009,REG,14,STL,TEN,Home
2009_14_SD_DAL,2009,REG,14,SD,DAL,Home
2009_14_PHI_NYG,2009,REG,14,PHI,NYG,Home
2009_14_ARI_SF,2009,REG,14,ARI,SF,Home
2009_15_IND_JAX,2009,REG,15,IND,JAX,Home
2009_15_DAL_NO,2009,REG,15,DAL,NO,Home
2009_15_NE_BUF,2009,REG,15,NE,BUF,Home
2009_15_ARI_DET,2009,REG,15,ARI,DET,Home
2009_15_CLE_KC,2009,REG,15,CLE,KC,Home
2009_15_ATL_NYJ,2009,REG,15,ATL,NYJ,Home
2009_15_HOU_STL,2009,REG,15,HOU,STL,Home
2009_15_MIA_TEN,2009,REG,15,MIA,TEN,Home
2009_15_OAK_DEN,2009,REG,15,OAK,DEN,Home
2009_15_CIN_SD,2009,REG,15,CIN,SD,Home
2009_15_CHI_BAL,2009,REG,15,CHI,BAL,Home
2009_15_SF_PHI,2009,REG,15,SF,PHI,Home
2009_15_GB_PIT,2009,REG,15,GB,PIT,Home
2009_15_TB_SEA,2009,REG,15,TB,SEA,Home
2009_15_MIN_CAR,2009,REG,15,MIN,CAR,Home
2009_15_NYG_WAS,2009,REG,15,NYG,WAS,Home
2009_16_SD_TEN,2009,REG,16,SD,TEN,Home
2009_16_BUF_ATL,2009,REG,16,BUF,ATL,Home
2009_16_KC_CIN,2009,REG,16,KC,CIN,Home
2009_16_OAK_CLE,2009,REG,16,OAK,CLE,Home
2009_16_SEA_GB,2009,REG,16,SEA,GB,Home
2009_16_HOU_MIA,2009,REG,16,HOU,MIA,Home
2009_16_JAX_NE,2009,REG,16,JAX,NE,Home
2009_16_TB_NO,2009,REG,16,TB,NO,Home
2009_16_CAR_NYG,2009,REG,16,CAR,NYG,Home
2009_16_BAL_PIT,2009,REG,16,BAL,PIT,Home
2009_16_STL_ARI,2009,REG,16,STL,ARI,Home
2009_16_DET_SF,2009,REG,16,DET,SF,Home
2009_16_NYJ_IND,2009,REG,16,NYJ,IND,Home
2009_16_DEN_PHI,2009,REG,16,DEN,PHI,Home
2009_16_DAL_WAS,2009,REG,16,DAL,WAS,Home
2009_16_MIN_CHI,2009,REG,16,MIN,CHI,Home
2009_17_IND_BUF,2009,REG,17,IND,BUF,Home
2009_17_NO_CAR,2009,REG,17,NO,CAR,Home
2009_17_JAX_CLE,2009,REG,17,JAX,CLE,Home
2009_17_CHI_DET,2009,REG,17,CHI,DET,Home
2009_17_NE_HOU,2009,REG,17,NE,HOU,Home
2009_17_PIT_MIA,2009,REG,17,PIT,MIA,Home
2009_17_NYG_MIN,2009,REG,17,NYG,MIN,Home
2009_17_SF_STL,2009,REG,17,SF,STL,Home
2009_17_ATL_TB,2009,REG,17,ATL,TB,Home
2009_17_GB_ARI,2009,REG,17,GB,ARI,Home
2009_17_PHI_DAL,2009,REG,17,PHI,DAL,Home
2009_17_KC_DEN,2009,REG,17,KC,DEN,Home
2009_17_BAL_OAK,2009,REG,17,BAL,OAK,Home
2009_17_WAS_SD,2009,REG,17,WAS,SD,Home
2009_17_TEN_SEA,2009,REG,17,TEN,SEA,Home
2009_17_CIN_NYJ,2009,REG,17,CIN,NYJ,Home
2010_01_MIN_NO,2010,REG,1,MIN,NO,Home
2010_01_MIA_BUF,2010,REG,1,MIA,BUF,Home
2010_01_DET_CHI,2010,REG,1,DET,CHI,Home
2010_01_IND_HOU,2010,REG,1,IND,HOU,Home
2010_01_DEN_JAX,2010,REG,1,DEN,JAX,Home
2010_01_CIN_NE,2010,REG,1,CIN,NE,Home
2010_01_CAR_NYG,2010,REG,1,CAR,NYG,Home
2010_01_ATL_PIT,2010,REG,1,ATL,PIT,Home
2010_01_CLE_TB,2010,REG,1,CLE,TB,Home
2010_01_OAK_TEN,2010,REG,1,OAK,TEN,Home
2010_01_GB_PHI,2010,REG,1,GB,PHI,Home
2010_01_SF_SEA,2010,REG,1,SF,SEA,Home
2010_01_ARI_STL,2010,REG,1,ARI,STL,Home
2010_01_DAL_WAS,2010,REG,1,DAL,WAS,Home
2010_01_BAL_NYJ,2010,REG,1,BAL,NYJ,Home
2010_01_SD_KC,2010,REG,1,SD,KC,Home
2010_02_ARI_ATL,2010,REG,2,ARI,ATL,Home
2010_02_TB_CAR,2010,REG,2,TB,CAR,Home
2010_02_BAL_CIN,2010,REG,2,BAL,CIN,Home
2010_02_KC_CLE,2010,REG,2,KC,CLE,Home
2010_02_CHI_DAL,2010,REG,2,CHI,DAL,Home
2010_02_PHI_DET,2010,REG,2,PHI,DET,Home
2010_02_BUF_GB,2010,REG,2,BUF,GB,Home
2010_02_MIA_MIN,2010,REG,2,MIA,MIN,Home
2010_02_PIT_TEN,2010,REG,2,PIT,TEN,Home
2010_02_SEA_DEN,2010,REG,2,SEA,DEN,Home
2010_02_STL_OAK,2010,REG,2,STL,OAK,Home
2010_02_NE_NYJ,2010,REG,2,NE,NYJ,Home
2010_02_JAX_SD,2010,REG,2,JAX,SD,Home
2010_02_HOU_WAS,2010,REG,2,HOU,WAS,Home
2010_02_NYG_IND,2010,REG,2,NYG,IND,Home
2010_02_NO_SF,2010,REG,2,NO,SF,Home
2010_03_CLE_BAL,2010,REG,3,CLE,BAL,Home
2010_03_CIN_CAR,2010,REG,3,CIN,CAR,Home
2010_03_DAL_HOU,2010,REG,3,DAL,HOU,Home
2010_03_SF_KC,2010,REG,3,SF,KC,Home
2010_03_DET_MIN,2010,REG,3,DET,MIN,Home
2010_03_BUF_NE,2010,REG,3,BUF,NE,Home
2010_03_ATL_NO,2010,REG,3,ATL,NO,Home
2010_03_TEN_NYG,2010,REG,3,TEN,NYG,Home
2010_03_PIT_TB,2010,REG,3,PIT,TB,Home
2010_03_PHI_JAX,2010,REG,3,PHI,JAX,Home
2010_03_WAS_STL,2010,REG,3,WAS,STL,Home
2010_03_OAK_ARI,2010,REG,3,OAK,ARI,Home
2010_03_IND_DEN,2010,REG,3,IND,DEN,Home
2010_03_SD_SEA,2010,REG,3,SD,SEA,Home
2010_03_NYJ_MIA,2010,REG,3,NYJ,MIA,Home
2010_03_GB_CHI,2010,REG,3,GB,CHI,Home
2010_04_SF_ATL,2010,REG,4,SF,ATL,Home
2010_04_NYJ_BUF,2010,REG,4,NYJ,BUF,Home
2010_04_CIN_CLE,2010,REG,4,CIN,CLE,Home
2010_04_DET_GB,2010,REG,4,DET,GB,Home
2010_04_CAR_NO,2010,REG,4,CAR,NO,Home
2010_04_BAL_PIT,2010,REG,4,BAL,PIT,Home
2010_04_SEA_STL,2010,REG,4,SEA,STL,Home
2010_04_DEN_TEN,2010,REG,4,DEN,TEN,Home
2010_04_IND_JAX,2010,REG,4,IND,JAX,Home
2010_04_HOU_OAK,2010,REG,4,HOU,OAK,Home
2010_04_WAS_PHI,2010,REG,4,WAS,PHI,Home
2010_04_ARI_SD,2010,REG,4,ARI,SD,Home
2010_04_CHI_NYG,2010,REG,4,CHI,NYG,Home
2010_04_NE_MIA,2010,REG,4,NE,MIA,Home
2010_05_DEN_BAL,2010,REG,5,DEN,BAL,Home
2010_05_JAX_BUF,2010,REG,5,JAX,BUF,Home
2010_05_CHI_CAR,2010,REG,5,CHI,CAR,Home
2010_05_TB_CIN,2010,REG,5,TB,CIN,Home
2010_05_ATL_CLE,2010,REG,5,ATL,CLE,Home
2010_05_STL_DET,2010,REG,5,STL,DET,Home
2010_05_NYG_HOU,2010,REG,5,NYG,HOU,Home
2010_05_KC_IND,2010,REG,5,KC,IND,Home
2010_05_GB_WAS,2010,REG,5,GB,WAS,Home
2010_05_NO_ARI,2010,REG,5,NO,ARI,Home
2010_05_TEN_DAL,2010,REG,5,TEN,DAL,Home
2010_05_SD_OAK,2010,REG,5,SD,OAK,Home
2010_05_PHI_SF,2010,REG,5,PHI,SF,Home
2010_05_MIN_NYJ,2010,REG,5,MIN,NYJ,Home
2010_06_SEA_CHI,2010,REG,6,SEA,CHI,Home
2010_06_MIA_GB,2010,REG,6,MIA,GB,Home
2010_06_KC_HOU,2010,REG,6,KC,HOU,Home
2010_06_BAL_NE,2010,REG,6,BAL,NE,Home
2010_06_DET_NYG,2010,REG,6,DET,NYG,Home
2010_06_ATL_PHI,2010,REG,6,ATL,PHI,Home
2010_06_CLE_PIT,2010,REG,6,CLE,PIT,Home
2010_06_SD_STL,2010,REG,6,SD,STL,Home
2010_06_NO_TB,2010,REG,6,NO,TB,Home
2010_06_NYJ_DEN,2010,REG,6,NYJ,DEN,Home
2010_06_OAK_SF,2010,REG,6,OAK,SF,Home
2010_06_DAL_MIN,2010,REG,6,DAL,MIN,Home
2010_06_IND_WAS,2010,REG,6,IND,WAS,Home
2010_06_TEN_JAX,2010,REG,6,TEN,JAX,Home
2010_07_CIN_ATL,2010,REG,7,CIN,ATL,Home
2010_07_BUF_BAL,2010,REG,7,BUF,BAL,Home
2010_07_SF_CAR,2010,REG,7,SF,CAR,Home
2010_07_WAS_CHI,2010,REG,7,WAS,CHI,Home
2010_07_JAX_KC,2010,REG,7,JAX,KC,Home
2010_07_PIT_MIA,2010,REG,7,PIT,MIA,Home
2010_07_CLE_NO,2010,REG,7,CLE,NO,Home
2010_07_STL_TB,2010,REG,7,STL,TB,Home
2010_07_PHI_TEN,2010,REG,7,PHI,TEN,Home
2010_07_ARI_SEA,2010,REG,7,ARI,SEA,Home
2010_07_OAK_DEN,2010,REG,7,OAK,DEN,Home
2010_07_NE_SD,2010,REG,7,NE,SD,Home
2010_07_MIN_GB,2010,REG,7,MIN,GB,Home
2010_07_NYG_DAL,2010,REG,7,NYG,DAL,Home
2010_08_MIA_CIN,2010,REG,8,MIA,CIN,Home
2010_08_JAX_DAL,2010,REG,8,JAX,DAL,Home
2010_08_WAS_DET,2010,REG,8,WAS,DET,Home
2010_08_BUF_KC,2010,REG,8,BUF,KC,Home
2010_08_GB_NYJ,2010,REG,8,GB,NYJ,Home
2010_08_DEN_SF,2010,REG,8,DEN,SF,Neutral
2010_08_CAR_STL,2010,REG,8,CAR,STL,Home
2010_08_TEN_SD,2010,REG,8,TEN,SD,Home
2010_08_TB_ARI,2010,REG,8,TB,ARI,Home
2010_08_MIN_NE,2010,REG,8,MIN,NE,Home
2010_08_SEA_OAK,2010,REG,8,SEA,OAK,Home
2010_08_PIT_NO,2010,REG,8,PIT,NO,Home
2010_08_HOU_IND,2010,REG,8,HOU,IND,Home
2010_09_TB_ATL,2010,REG,9,TB,ATL,Home
2010_09_MIA_BAL,2010,REG,9,MIA,BAL,Home
2010_09_CHI_BUF,2010,REG,9,CHI,BUF,Home
2010_09_NO_CAR,2010,REG,9,NO,CAR,Home
2010_09_NE_CLE,2010,REG,9,NE,CLE,Home
2010_09_NYJ_DET,2010,REG,9,NYJ,DET,Home
2010_09_SD_HOU,2010,REG,9,SD,HOU,Home
2010_09_ARI_MIN,2010,REG,9,ARI,MIN,Home
2010_09_NYG_SEA,2010,REG,9,NYG,SEA,Home
2010_09_KC_OAK,2010,REG,9,KC,OAK,Home
2010_09_IND_PHI,2010,REG,9,IND,PHI,Home
2010_09_DAL_GB,2010,REG,9,DAL,GB,Home
2010_09_PIT_CIN,2010,REG,9,PIT,CIN,Home
2010_10_BAL_ATL,2010,REG,10,BAL,ATL,Home
2010_10_DET_BUF,2010,REG,10,DET,BUF,Home
2010_10_MIN_CHI,2010,REG,10,MIN,CHI,Home
2010_10_NYJ_CLE,2010,REG,10,NYJ,CLE,Home
2010_10_CIN_IND,2010,REG,10,CIN,IND,Home
2010_10_HOU_JAX,2010,REG,10,HOU,JAX,Home
2010_10_TEN_MIA,2010,REG,10,TEN,MIA,Home
2010_10_CAR_TB,2010,REG,10,CAR,TB,Home
2010_10_KC_DEN,2010,REG,10,KC,DEN,Home
2010_10_SEA_ARI,2010,REG,10,SEA,ARI,Home
2010_10_DAL_NYG,2010,REG,10,DAL,NYG,Home
2010_10_STL_SF,2010,REG,10,STL,SF,Home
2010_10_NE_PIT,2010,REG,10,NE,PIT,Home
2010_10_PHI_WAS,2010,REG,10,PHI,WAS,Home
2010_11_CHI_MIA,2010,REG,11,CHI,MIA,Home
2010_11_BAL_CAR,2010,REG,11,BAL,CAR,Home
2010_11_BUF_CIN,2010,REG,11,BUF,CIN,Home
2010_11_DET_DAL,2010,REG,11,DET,DAL,Home
2010_11_CLE_JAX,2010,REG,11,CLE,JAX,Home
2010_11_ARI_KC,2010,REG,11,ARI,KC,Home
2010_11_GB_MIN,2010,REG,11,GB,MIN,Home
2010_11_HOU_NYJ,2010,REG,11,HOU,NYJ,Home
2010_11_OAK_PIT,2010,REG,11,OAK,PIT,Home
2010_11_WAS_TEN,2010,REG,11,WAS,TEN,Home
2010_11_SEA_NO,2010,REG,11,SEA,NO,Home
2010_11_TB_SF,2010,REG,11,TB,SF,Home
2010_11_ATL_STL,2010,REG,11,ATL,STL,Home
2010_11_IND_NE,2010,REG,11,IND,NE,Home
2010_11_NYG_PHI,2010,REG,11,NYG,PHI,Home
2010_11_DEN_SD,2010,REG,11,DEN,SD,Home
2010_12_NE_DET,2010,REG,12,NE,DET,Home
2010_12_NO_DAL,2010,REG,12,NO,DAL,Home
2010_12_CIN_NYJ,2010,REG,12,CIN,NYJ,Home
2010_12_GB_ATL,2010,REG,12,GB,ATL,Home
2010_12_PIT_BUF,2010,REG,12,PIT,BUF,Home
2010_12_CAR_CLE,2010,REG,12,CAR,CLE,Home
2010_12_TEN_HOU,2010,REG,12,TEN,HOU,Home
2010_12_JAX_NYG,2010,REG,12,JAX,NYG,Home
2010_12_MIN_WAS,2010,REG,12,MIN,WAS,Home
2010_12_MIA_OAK,2010,REG,12,MIA,OAK,Home
2010_12_KC_SEA,2010,REG,12,KC,SEA,Home
2010_12_TB_BAL,2010,REG,12,TB,BAL,Home
2010_12_PHI_CHI,2010,REG,12,PHI,CHI,Home
2010_12_STL_DEN,2010,REG,12,STL,DEN,Home
2010_12_SD_IND,2010,REG,12,SD,IND,Home
2010_12_SF_ARI,2010,REG,12,SF,ARI,Home
2010_13_HOU_PHI,2010,REG,13,HOU,PHI,Home
2010_13_NO_CIN,2010,REG,13,NO,CIN,Home
2010_13_CHI_DET,2010,REG,13,CHI,DET,Home
2010_13_SF_GB,2010,REG,13,SF,GB,Home
2010_13_DEN_KC,2010,REG,13,DEN,KC,Home
2010_13_CLE_MIA,2010,REG,13,CLE,MIA,Home
2010_13_BUF_MIN,2010,REG,13,BUF,MIN,Home
2010_13_WAS_NYG,2010,REG,13,WAS,NYG,Home
2010_13_JAX_TEN,2010,REG,13,JAX,TEN,Home
2010_13_OAK_SD,2010,REG,13,OAK,SD,Home
2010_13_STL_ARI,2010,REG,13,STL,ARI,Home
2010_13_DAL_IND,2010,REG,13,DAL,IND,Home
2010_13_CAR_SEA,2010,REG,13,CAR,SEA,Home
2010_13_ATL_TB,2010,REG,13,ATL,TB,Home
2010_13_PIT_BAL,2010,REG,13,PIT,BAL,Home
2010_13_NYJ_NE,2010,REG,13,NYJ,NE,Home
2010_14_IND_TEN,2010,REG,14,IND,TEN,Home
2010_14_CLE_BUF,2010,REG,14,CLE,BUF,Home
2010_14_ATL_CAR,2010,REG,14,ATL,CAR,Home
2010_14_GB_DET,2010,REG,14,GB,DET,Home
2010_14_OAK_JAX,2010,REG,14,OAK,JAX,Home
2010_14_CIN_PIT,2010,REG,14,CIN,PIT,Home
2010_14_TB_WAS,2010,REG,14,TB,WAS,Home
2010_14_STL_NO,2010,REG,14,STL,NO,Home
2010_14_SEA_SF,2010,REG,14,SEA,SF,Home
2010_14_DEN_ARI,2010,REG,14,DEN,ARI,Home
2010_14_NE_CHI,2010,REG,14,NE,CHI,Home
2010_14_MIA_NYJ,2010,REG,14,MIA,NYJ,Home
2010_14_KC_SD,2010,REG,14,KC,SD,Home
2010_14_PHI_DAL,2010,REG,14,PHI,DAL,Home
2010_14_NYG_MIN,2010,REG,14,NYG,MIN,Neutral
2010_14_BAL_HOU,2010,REG,14,BAL,HOU,Home
2010_15_SF_SD,2010,REG,15,SF,SD,Home
2010_15_NO_BAL,2010,REG,15,NO,BAL,Home
2010_15_ARI_CAR,2010,REG,15,ARI,CAR,Home
2010_15_CLE_CIN,2010,REG,15,CLE,CIN,Home
2010_15_WAS_DAL,2010,REG,15,WAS,DAL,Home
2010_15_JAX_IND,2010,REG,15,JAX,IND,Home
2010_15_BUF_MIA,2010,REG,15,BUF,MIA,Home
2010_15_PHI_NYG,2010,REG,15,PHI,NYG,Home
2010_15_KC_STL,2010,REG,15,KC,STL,Home
2010_15_DET_TB,2010,REG,15,DET,TB,Home
2010_15_HOU_TEN,2010,REG,15,HOU,TEN,Home
2010_15_ATL_SEA,2010,REG,15,ATL,SEA,Home
2010_15_DEN_OAK,2010,REG,15,DEN,OAK,Home
2010_15_NYJ_PIT,2010,REG,15,NYJ,PIT,Home
2010_15_GB_NE,2010,REG,15,GB,NE,Home
2010_15_CHI_MIN,2010,REG,15,CHI,MIN,Home
2010_16_CAR_PIT,2010,REG,16,CAR,PIT,Home
2010_16_DAL_ARI,2010,REG,16,DAL,ARI,Home
2010_16_NE_BUF,2010,REG,16,NE,BUF,Home
2010_16_NYJ_CHI,2010,REG,16,NYJ,CHI,Home
2010_16_BAL_CLE,2010,REG,16,BAL,CLE,Home
2010_16_WAS_JAX,2010,REG,16,WAS,JAX,Home
2010_16_TEN_KC,2010,REG,16,TEN,KC,Home
2010_16_DET_MIA,2010,REG,16,DET,MIA,Home
2010_16_SF_STL,2010,REG,16,SF,STL,Home
2010_16_SD_CIN,2010,REG,16,SD,CIN,Home
2010_16_HOU_DEN,2010,REG,16,HOU,DEN,Home
2010_16_IND_OAK,2010,REG,16,IND,OAK,Home
2010_16_NYG_GB,2010,REG,16,NYG,GB,Home
2010_16_SEA_TB,2010,REG,16,SEA,TB,Home
2010_16_NO_ATL,2010,REG,16,NO,ATL,Home
2010_16_MIN_PHI,2010,REG,16,MIN,PHI,Home
2010_17_CAR_ATL,2010,REG,17,CAR,ATL,Home
2010_17_CIN_BAL,2010,REG,17,CIN,BAL,Home
2010_17_PIT_CLE,2010,REG,17,PIT,CLE,Home
2010_17_MIN_DET,2010,REG,17,MIN,DET,Home
2010_17_OAK_KC,2010,REG,17,OAK,KC,Home
2010_17_MIA_NE,2010,REG,17,MIA,NE,Home
2010_17_TB_NO,2010,REG,17,TB,NO,Home
2010_17_BUF_NYJ,2010,REG,17,BUF,NYJ,Home
2010_17_SD_DEN,2010,REG,17,SD,DEN,Home
2010_17_CHI_GB,2010,REG,17,CHI,GB,Home
2010_17_JAX_HOU,2010,REG,17,JAX,HOU,Home
2010_17_TEN_IND,2010,REG,17,TEN,IND,Home
2010_17_DAL_PHI,2010,REG,17,DAL,PHI,Home
2010_17_ARI_SF,2010,REG,17,ARI,SF,Home
2010_17_NYG_WAS,2010,REG,17,NYG,WAS,Home
2010_17_STL_SEA,2010,REG,17,STL,SEA,Home
2011_01_NO_GB,2011,REG,1,NO,GB,Home
2011_01_PIT_BAL,2011,REG,1,PIT,BAL,Home
2011_01_ATL_CHI,2011,REG,1,ATL,CHI,Home
2011_01_CIN_CLE,2011,REG,1,CIN,CLE,Home
2011_01_IND_HOU,2011,REG,1,IND,HOU,Home
2011_01_TEN_JAX,2011,REG,1,TEN,JAX,Home
2011_01_BUF_KC,2011,REG,1,BUF,KC,Home
2011_01_PHI_STL,2011,REG,1,PHI,STL,Home
2011_01_DET_TB,2011,REG,1,DET,TB,Home
2011_01_CAR_ARI,2011,REG,1,CAR,ARI,Home
2011_01_MIN_SD,2011,REG,1,MIN,SD,Home
2011_01_SEA_SF,2011,REG,1,SEA,SF,Home
2011_01_NYG_WAS,2011,REG,1,NYG,WAS,Home
2011_01_DAL_NYJ,2011,REG,1,DAL,NYJ,Home
2011_01_NE_MIA,2011,REG,1,NE,MIA,Home
2011_01_OAK_DEN,2011,REG,1,OAK,DEN,Home
2011_02_OAK_BUF,2011,REG,2,OAK,BUF,Home
2011_02_GB_CAR,2011,REG,2,GB,CAR,Home
2011_02_KC_DET,2011,REG,2,KC,DET,Home
2011_02_CLE_IND,2011,REG,2,CLE,IND,Home
2011_02_TB_MIN,2011,REG,2,TB,MIN,Home
2011_02_CHI_NO,2011,REG,2,CHI,NO,Home
2011_02_JAX_NYJ,2011,REG,2,JAX,NYJ,Home
2011_02_SEA_PIT,2011,REG,2,SEA,PIT,Home
2011_02_BAL_TEN,2011,REG,2,BAL,TEN,Home
2011_02_ARI_WAS,2011,REG,2,ARI,WAS,Home
2011_02_DAL_SF,2011,REG,2,DAL,SF,Home
2011_02_CIN_DEN,2011,REG,2,CIN,DEN,Home
2011_02_HOU_MIA,2011,REG,2,HOU,MIA,Home
2011_02_SD_NE,2011,REG,2,SD,NE,Home
2011_02_PHI_ATL,2011,REG,2,PHI,ATL,Home
2011_02_STL_NYG,2011,REG,2,STL,NYG,Home
2011_03_NE_BUF,2011,REG,3,NE,BUF,Home
2011_03_JAX_CAR,2011,REG,3,JAX,CAR,Home
2011_03_SF_CIN,2011,REG,3,SF,CIN,Home
2011_03_MIA_CLE,2011,REG,3,MIA,CLE,Home
2011_03_DET_MIN,2011,REG,3,DET,MIN,Home
2011_03_HOU_NO,2011,REG,3,HOU,NO,Home
2011_03_NYG_PHI,2011,REG,3,NYG,PHI,Home
2011_03_DEN_TEN,2011,REG,3,DEN,TEN,Home
2011_03_NYJ_OAK,2011,REG,3,NYJ,OAK,Home
2011_03_KC_SD,2011,REG,3,KC,SD,Home
2011_03_BAL_STL,2011,REG,3,BAL,STL,Home
2011_03_GB_CHI,2011,REG,3,GB,CHI,Home
2011_03_ARI_SEA,2011,REG,3,ARI,SEA,Home
2011_03_ATL_TB,2011,REG,3,ATL,TB,Home
2011_03_PIT_IND,2011,REG,3,PIT,IND,Home
2011_03_WAS_DAL,2011,REG,3,WAS,DAL,Home
2011_04_CAR_CHI,2011,REG,4,CAR,CHI,Home
2011_04_BUF_CIN,2011,REG,4,BUF,CIN,Home
2011_04_TEN_CLE,2011,REG,4,TEN,CLE,Home
2011_04_DET_DAL,2011,REG,4,DET,DAL,Home
2011_04_PIT_HOU,2011,REG,4,PIT,HOU,Home
2011_04_NO_JAX,2011,REG,4,NO,JAX,Home
2011_04_MIN_KC,2011,REG,4,MIN,KC,Home
2011_04_SF_PHI,2011,REG,4,SF,PHI,Home
2011_04_WAS_STL,2011,REG,4,WAS,STL,Home
2011_04_NYG_ARI,2011,REG,4,NYG,ARI,Home
2011_04_ATL_SEA,2011,REG,4,ATL,SEA,Home
2011_04_DEN_GB,2011,REG,4,DEN,GB,Home
2011_04_NE_OAK,2011,REG,4,NE,OAK,Home
2011_04_MIA_SD,2011,REG,4,MIA,SD,Home
2011_04_NYJ_BAL,2011,REG,4,NYJ,BAL,Home
2011_04_IND_TB,2011,REG,4,IND,TB,Home
2011_05_PHI_BUF,2011,REG,5,PHI,BUF,Home
2011_05_NO_CAR,2011,REG,5,NO,CAR,Home
2011_05_OAK_HOU,2011,REG,5,OAK,HOU,Home
2011_05_KC_IND,2011,REG,5,KC,IND,Home
2011_05_CIN_JAX,2011,REG,5,CIN,JAX,Home
2011_05_ARI_MIN,2011,REG,5,ARI,MIN,Home
2011_05_SEA_NYG,2011,REG,5,SEA,NYG,Home
2011_05_TEN_PIT,2011,REG,5,TEN,PIT,Home
2011_05_TB_SF,2011,REG,5,TB,SF,Home
2011_05_SD_DEN,2011,REG,5,SD,DEN,Home
2011_05_NYJ_NE,2011,REG,5,NYJ,NE,Home
2011_05_GB_ATL,2011,REG,5,GB,ATL,Home
2011_05_CHI_DET,2011,REG,5,CHI,DET,Home
2011_06_CAR_ATL,2011,REG,6,CAR,ATL,Home
2011_06_IND_CIN,2011,REG,6,IND,CIN,Home
2011_06_SF_DET,2011,REG,6,SF,DET,Home
2011_06_STL_GB,2011,REG,6,STL,GB,Home
2011_06_BUF_NYG,2011,REG,6,BUF,NYG,Home
2011_06_JAX_PIT,2011,REG,6,JAX,PIT,Home
2011_06_PHI_WAS,2011,REG,6,PHI,WAS,Home
2011_06_HOU_BAL,2011,REG,6,HOU,BAL,Home
2011_06_CLE_OAK,2011,REG,6,CLE,OAK,Home
2011_06_DAL_NE,2011,REG,6,DAL,NE,Home
2011_06_NO_TB,2011,REG,6,NO,TB,Home
2011_06_MIN_CHI,2011,REG,6,MIN,CHI,Home
2011_06_MIA_NYJ,2011,REG,6,MIA,NYJ,Home
2011_07_WAS_CAR,2011,REG,7,WAS,CAR,Home
2011_07_SEA_CLE,2011,REG,7,SEA,CLE,Home
2011_07_ATL_DET,2011,REG,7,ATL,DET,Home
2011_07_DEN_MIA,2011,REG,7,DEN,MIA,Home
2011_07_SD_NYJ,2011,REG,7,SD,NYJ,Home
2011_07_CHI_TB,2011,REG,7,CHI,TB,Neutral
2011_07_HOU_TEN,2011,REG,7,HOU,TEN,Home
2011_07_PIT_ARI,2011,REG,7,PIT,ARI,Home
2011_07_KC_OAK,2011,REG,7,KC,OAK,Home
2011_07_STL_DAL,2011,REG,7,STL,DAL,Home
2011_07_GB_MIN,2011,REG,7,GB,MIN,Home
2011_07_IND_NO,2011,REG,7,IND,NO,Home
2011_07_BAL_JAX,2011,REG,7,BAL,JAX,Home
2011_08_ARI_BAL,2011,REG,8,ARI,BAL,Home
2011_08_MIN_CAR,2011,REG,8,MIN,CAR,Home
2011_08_JAX_HOU,2011,REG,8,JAX,HOU,Home
2011_08_MIA_NYG,2011,REG,8,MIA,NYG,Home
2011_08_NO_STL,2011,REG,8,NO,STL,Home
2011_08_IND_TEN,2011,REG,8,IND,TEN,Home
2011_08_WAS_BUF,2011,REG,8,WAS,BUF,Home
2011_08_DET_DEN,2011,REG,8,DET,DEN,Home
2011_08_NE_PIT,2011,REG,8,NE,PIT,Home
2011_08_CIN_SEA,2011,REG,8,CIN,SEA,Home
2011_08_CLE_SF,2011,REG,8,CLE,SF,Home
2011_08_DAL_PHI,2011,REG,8,DAL,PHI,Home
2011_08_SD_KC,2011,REG,8,SD,KC,Home
2011_09_NYJ_BUF,2011,REG,9,NYJ,BUF,Home
2011_09_SEA_DAL,2011,REG,9,SEA,DAL,Home
2011_09_CLE_HOU,2011,REG,9,CLE,HOU,Home
2011_09_ATL_IND,2011,REG,9,ATL,IND,Home
2011_09_MIA_KC,2011,REG,9,MIA,KC,Home
2011_09_TB_NO,2011,REG,9,TB,NO,Home
2011_09_SF_WAS,2011,REG,9,SF,WAS,Home
2011_09_DEN_OAK,2011,REG,9,DEN,OAK,Home
2011_09_CIN_TEN,2011,REG,9,CIN,TEN,Home
2011_09_STL_ARI,2011,REG,9,STL,ARI,Home
2011_09_NYG_NE,2011,REG,9,NYG,NE,Home
2011_09_GB_SD,2011,REG,9,GB,SD,Home
2011_09_BAL_PIT,2011,REG,9,BAL,PIT,Home
2011_09_CHI_PHI,2011,REG,9,CHI,PHI,Home
2011_10_OAK_SD,2011,REG,10,OAK,SD,Home
2011_10_NO_ATL,2011,REG,10,NO,ATL,Home
2011_10_TEN_CAR,2011,REG,10,TEN,CAR,Home
2011_10_PIT_CIN,2011,REG,10,PIT,CIN,Home
2011_10_STL_CLE,2011,REG,10,STL,CLE,Home
2011_10_BUF_DAL,2011,REG,10,BUF,DAL,Home
2011_10_JAX_IND,2011,REG,10,JAX,IND,Home
2011_10_DEN_KC,2011,REG,10,DEN,KC,Home
2011_10_WAS_MIA,2011,REG,10,WAS,MIA,Home
2011_10_ARI_PHI,2011,REG,10,ARI,PHI,Home
2011_10_HOU_TB,2011,REG,10,HOU,TB,Home
2011_10_BAL_SEA,2011,REG,10,BAL,SEA,Home
2011_10_DET_CHI,2011,REG,10,DET,CHI,Home
2011_10_NYG_SF,2011,REG,10,NYG,SF,Home
2011_10_NE_NYJ,2011,REG,10,NE,NYJ,Home
2011_10_MIN_GB,2011,REG,10,MIN,GB,Home
2011_11_NYJ_DEN,2011,REG,11,NYJ,DEN,Home
2011_11_CIN_BAL,2011,REG,11,CIN,BAL,Home
2011_11_JAX_CLE,2011,REG,11,JAX,CLE,Home
2011_11_CAR_DET,2011,REG,11,CAR,DET,Home
2011_11_TB_GB,2011,REG,11,TB,GB,Home
2011_11_BUF_MIA,2011,REG,11,BUF,MIA,Home
2011_11_OAK_MIN,2011,REG,11,OAK,MIN,Home
2011_11_DAL_WAS,2011,REG,11,DAL,WAS,Home
2011_11_ARI_SF,2011,REG,11,ARI,SF,Home
2011_11_SEA_STL,2011,REG,11,SEA,STL,Home
2011_11_TEN_ATL,2011,REG,11,TEN,ATL,Home
2011_11_SD_CHI,2011,REG,11,SD,CHI,Home
2011_11_PHI_NYG,2011,REG,11,PHI,NYG,Home
2011_11_KC_NE,2011,REG,11,KC,NE,Home
2011_12_GB_DET,2011,REG,12,GB,DET,Home
2011_12_MIA_DAL,2011,REG,12,MIA,DAL,Home
2011_12_SF_BAL,2011,REG,12,SF,BAL,Home
2011_12_MIN_ATL,2011,REG,12,MIN,ATL,Home
2011_12_CLE_CIN,2011,REG,12,CLE,CIN,Home
2011_12_CAR_IND,2011,REG,12,CAR,IND,Home
2011_12_HOU_JAX,2011,REG,12,HOU,JAX,Home
2011_12_BUF_NYJ,2011,REG,12,BUF,NYJ,Home
2011_12_ARI_STL,2011,REG,12,ARI,STL,Home
2011_12_TB_TEN,2011,REG,12,TB,TEN,Home
2011_12_CHI_OAK,2011,REG,12,CHI,OAK,Home
2011_12_WAS_SEA,2011,REG,12,WAS,SEA,Home
2011_12_NE_PHI,2011,REG,12,NE,PHI,Home
2011_12_DEN_SD,2011,REG,12,DEN,SD,Home
2011_12_PIT_KC,2011,REG,12,PIT,KC,Home
2011_12_NYG_NO,2011,REG,12,NYG,NO,Home
2011_13_PHI_SEA,2011,REG,13,PHI,SEA,Home
2011_13_TEN_BUF,2011,REG,13,TEN,BUF,Home
2011_13_KC_CHI,2011,REG,13,KC,CHI,Home
2011_13_ATL_HOU,2011,REG,13,ATL,HOU,Home
2011_13_OAK_MIA,2011,REG,13,OAK,MIA,Home
2011_13_DEN_MIN,2011,REG,13,DEN,MIN,Home
2011_13_IND_NE,2011,REG,13,IND,NE,Home
2011_13_CIN_PIT,2011,REG,13,CIN,PIT,Home
2011_13_CAR_TB,2011,REG,13,CAR,TB,Home
2011_13_NYJ_WAS,2011,REG,13,NYJ,WAS,Home
2011_13_BAL_CLE,2011,REG,13,BAL,CLE,Home
2011_13_DAL_ARI,2011,REG,13,DAL,ARI,Home
2011_13_GB_NYG,2011,REG,13,GB,NYG,Home
2011_13_STL_SF,2011,REG,13,STL,SF,Home
2011_13_DET_NO,2011,REG,13,DET,NO,Home
2011_13_SD_JAX,2011,REG,13,SD,JAX,Home
2011_14_CLE_PIT,2011,REG,14,CLE,PIT,Home
2011_14_IND_BAL,2011,REG,14,IND,BAL,Home
2011_14_ATL_CAR,2011,REG,14,ATL,CAR,Home
2011_14_HOU_CIN,2011,REG,14,HOU,CIN,Home
2011_14_MIN_DET,2011,REG,14,MIN,DET,Home
2011_14_TB_JAX,2011,REG,14,TB,JAX,Home
2011_14_PHI_MIA,2011,REG,14,PHI,MIA,Home
2011_14_KC_NYJ,2011,REG,14,KC,NYJ,Home
2011_14_NO_TEN,2011,REG,14,NO,TEN,Home
2011_14_NE_WAS,2011,REG,14,NE,WAS,Home
2011_14_SF_ARI,2011,REG,14,SF,ARI,Home
2011_14_CHI_DEN,2011,REG,14,CHI,DEN,Home
2011_14_OAK_GB,2011,REG,14,OAK,GB,Home
2011_14_BUF_SD,2011,REG,14,BUF,SD,Home
2011_14_NYG_DAL,2011,REG,14,NYG,DAL,Home
2011_14_STL_SEA,2011,REG,14,STL,SEA,Home
2011_15_JAX_ATL,2011,REG,15,JAX,ATL,Home
2011_15_DAL_TB,2011,REG,15,DAL,TB,Home
2011_15_MIA_BUF,2011,REG,15,MIA,BUF,Home
2011_15_SEA_CHI,2011,REG,15,SEA,CHI,Home
2011_15_CAR_HOU,2011,REG,15,CAR,HOU,Home
2011_15_TEN_IND,2011,REG,15,TEN,IND,Home
2011_15_GB_KC,2011,REG,15,GB,KC,Home
2011_15_NO_MIN,2011,REG,15,NO,MIN,Home
2011_15_WAS_NYG,2011,REG,15,WAS,NYG,Home
2011_15_CIN_STL,2011,REG,15,CIN,STL,Home
2011_15_DET_OAK,2011,REG,15,DET,OAK,Home
2011_15_CLE_ARI,2011,REG,15,CLE,ARI,Home
2011_15_NE_DEN,2011,REG,15,NE,DEN,Home
2011_15_NYJ_PHI,2011,REG,15,NYJ,PHI,Home
2011_15_BAL_SD,2011,REG,15,BAL,SD,Home
2011_15_PIT_SF,2011,REG,15,PIT,SF,Home
2011_16_HOU_IND,2011,REG,16,HOU,IND,Home
2011_16_CLE_BAL,2011,REG,16,CLE,BAL,Home
2011_16_DEN_BUF,2011,REG,16,DEN,BUF,Home
2011_16_TB_CAR,2011,REG,16,TB,CAR,Home
2011_16_ARI_CIN,2011,REG,16,ARI,CIN,Home
2011_16_OAK_KC,2011,REG,16,OAK,KC,Home
2011_16_MIA_NE,2011,REG,16,MIA,NE,Home
2011_16_NYG_NYJ,2011,REG,16,NYG,NYJ,Home
2011_16_STL_PIT,2011,REG,16,STL,PIT,Home
2011_16_JAX_TEN,2011,REG,16,JAX,TEN,Home
2011_16_MIN_WAS,2011,REG,16,MIN,WAS,Home
2011_16_SD_DET,2011,REG,16,SD,DET,Home
2011_16_PHI_DAL,2011,REG,16,PHI,DAL,Home
2011_16_SF_SEA,2011,REG,16,SF,SEA,Home
2011_16_CHI_GB,2011,REG,16,CHI,GB,Home
2011_16_ATL_NO,2011,REG,16,ATL,NO,Home
2011_17_DET_GB,2011,REG,17,DET,GB,Home
2011_17_TEN_HOU,2011,REG,17,TEN,HOU,Home
2011_17_IND_JAX,2011,REG,17,IND,JAX,Home
2011_17_NYJ_MIA,2011,REG,17,NYJ,MIA,Home
2011_17_CHI_MIN,2011,REG,17,CHI,MIN,Home
2011_17_BUF_NE,2011,REG,17,BUF,NE,Home
2011_17_CAR_NO,2011,REG,17,CAR,NO,Home
2011_17_WAS_PHI,2011,REG,17,WAS,PHI,Home
2011_17_SF_STL,2011,REG,17,SF,STL,Home
2011_17_SEA_ARI,2011,REG,17,SEA,ARI,Home
2011_17_TB_ATL,2011,REG,17,TB,ATL,Home
2011_17_BAL_CIN,2011,REG,17,BAL,CIN,Home
2011_17_PIT_CLE,2011,REG,17,PIT,CLE,Home
2011_17_KC_DEN,2011,REG,17,KC,DEN,Home
2011_17_SD_OAK,2011,REG,17,SD,OAK,Home
2011_17_DAL_NYG,2011,REG,17,DAL,NYG,Home
2012_01_DAL_NYG,2012,REG,1,DAL,NYG,Home
2012_01_IND_CHI,2012,REG,1,IND,CHI,Home
2012_01_PHI_CLE,2012,REG,1,PHI,CLE,Home
2012_01_STL_DET,2012,REG,1,STL,DET,Home
2012_01_MIA_HOU,2012,REG,1,MIA,HOU,Home
2012_01_ATL_KC,2012,REG,1,ATL,KC,Home
2012_01_JAX_MIN,2012,REG,1,JAX,MIN,Home
2012_01_WAS_NO,2012,REG,1,WAS,NO,Home
2012_01_BUF_NYJ,2012,REG,1,BUF,NYJ,Home
2012_01_NE_TEN,2012,REG,1,NE,TEN,Home
2012_01_SEA_ARI,2012,REG,1,SEA,ARI,Home
2012_01_SF_GB,2012,REG,1,SF,GB,Home
2012_01_CAR_TB,2012,REG,1,CAR,TB,Home
2012_01_PIT_DEN,2012,REG,1,PIT,DEN,Home
2012_01_CIN_BAL,2012,REG,1,CIN,BAL,Home
2012_01_SD_OAK,2012,REG,1,SD,OAK,Home
2012_02_CHI_GB,2012,REG,2,CHI,GB,Home
2012_02_KC_BUF,2012,REG,2,KC,BUF,Home
2012_02_NO_CAR,2012,REG,2,NO,CAR,Home
2012_02_CLE_CIN,2012,REG,2,CLE,CIN,Home
2012_02_MIN_IND,2012,REG,2,MIN,IND,Home
2012_02_HOU_JAX,2012,REG,2,HOU,JAX,Home
2012_02_OAK_MIA,2012,REG,2,OAK,MIA,Home
2012_02_ARI_NE,2012,REG,2,ARI,NE,Home
2012_02_TB_NYG,2012,REG,2,TB,NYG,Home
2012_02_BAL_PHI,2012,REG,2,BAL,PHI,Home
2012_02_DAL_SEA,2012,REG,2,DAL,SEA,Home
2012_02_WAS_STL,2012,REG,2,WAS,STL,Home
2012_02_NYJ_PIT,2012,REG,2,NYJ,PIT,Home
2012_02_TEN_SD,2012,REG,2,TEN,SD,Home
2012_02_DET_SF,2012,REG,2,DET,SF,Home
2012_02_DEN_ATL,2012,REG,2,DEN,ATL,Home
2012_03_NYG_CAR,2012,REG,3,NYG,CAR,Home
2012_03_STL_CHI,2012,REG,3,STL,CHI,Home
2012_03_BUF_CLE,2012,REG,3,BUF,CLE,Home
2012_03_TB_DAL,2012,REG,3,TB,DAL,Home
2012_03_JAX_IND,2012,REG,3,JAX,IND,Home
2012_03_NYJ_MIA,2012,REG,3,NYJ,MIA,Home
2012_03_SF_MIN,2012,REG,3,SF,MIN,Home
2012_03_KC_NO,2012,REG,3,KC,NO,Home
2012_03_DET_TEN,2012,REG,3,DET,TEN,Home
2012_03_CIN_WAS,2012,REG,3,CIN,WAS,Home
2012_03_PHI_ARI,2012,REG,3,PHI,ARI,Home
2012_03_ATL_SD,2012,REG,3,ATL,SD,Home
2012_03_HOU_DEN,2012,REG,3,HOU,DEN,Home
2012_03_PIT_OAK,2012,REG,3,PIT,OAK,Home
2012_03_NE_BAL,2012,REG,3,NE,BAL,Home
2012_03_GB_SEA,2012,REG,3,GB,SEA,Home
2012_04_CLE_BAL,2012,REG,4,CLE,BAL,Home
2012_04_CAR_ATL,2012,REG,4,CAR,ATL,Home
2012_04_NE_BUF,2012,REG,4,NE,BUF,Home
2012_04_MIN_DET,2012,REG,4,MIN,DET,Home
2012_04_TEN_HOU,2012,REG,4,TEN,HOU,Home
2012_04_SD_KC,2012,REG,4,SD,KC,Home
2012_04_SF_NYJ,2012,REG,4,SF,NYJ,Home
2012_04_SEA_STL,2012,REG,4,SEA,STL,Home
2012_04_MIA_ARI,2012,REG,4,MIA,ARI,Home
2012_04_OAK_DEN,2012,REG,4,OAK,DEN,Home
2012_04_CIN_JAX,2012,REG,4,CIN,JAX,Home
2012_04_NO_GB,2012,REG,4,NO,GB,Home
2012_04_WAS_TB,2012,REG,4,WAS,TB,Home
2012_04_NYG_PHI,2012,REG,4,NYG,PHI,Home
2012_04_CHI_DAL,2012,REG,4,CHI,DAL,Home
2012_05_ARI_STL,2012,REG,5,ARI,STL,Home
2012_05_MIA_CIN,2012,REG,5,MIA,CIN,Home
2012_05_GB_IND,2012,REG,5,GB,IND,Home
2012_05_BAL_KC,2012,REG,5,BAL,KC,Home
2012_05_CLE_NYG,2012,REG,5,CLE,NYG,Home
2012_05_PHI_PIT,2012,REG,5,PHI,PIT,Home
2012_05_ATL_WAS,2012,REG,5,ATL,WAS,Home
2012_05_SEA_CAR,2012,REG,5,SEA,CAR,Home
2012_05_CHI_JAX,2012,REG,5,CHI,JAX,Home
2012_05_TEN_MIN,2012,REG,5,TEN,MIN,Home
2012_05_DEN_NE,2012,REG,5,DEN,NE,Home
2012_05_BUF_SF,2012,REG,5,BUF,SF,Home
2012_05_SD_NO,2012,REG,5,SD,NO,Home
2012_05_HOU_NYJ,2012,REG,5,HOU,NYJ,Home
2012_06_PIT_TEN,2012,REG,6,PIT,TEN,Home
2012_06_OAK_ATL,2012,REG,6,OAK,ATL,Home
2012_06_DAL_BAL,2012,REG,6,DAL,BAL,Home
2012_06_CIN_CLE,2012,REG,6,CIN,CLE,Home
2012_06_STL_MIA,2012,REG,6,STL,MIA,Home
2012_06_IND_NYJ,2012,REG,6,IND,NYJ,Home
2012_06_DET_PHI,2012,REG,6,DET,PHI,Home
2012_06_KC_TB,2012,REG,6,KC,TB,Home
2012_06_BUF_ARI,2012,REG,6,BUF,ARI,Home
2012_06_NE_SEA,2012,REG,6,NE,SEA,Home
2012_06_NYG_SF,2012,REG,6,NYG,SF,Home
2012_06_MIN_WAS,2012,REG,6,MIN,WAS,Home
2012_06_GB_HOU,2012,REG,6,GB,HOU,Home
2012_06_DEN_SD,2012,REG,6,DEN,SD,Home
2012_07_SEA_SF,2012,REG,7,SEA,SF,Home
2012_07_TEN_BUF,2012,REG,7,TEN,BUF,Home
2012_07_DAL_CAR,2012,REG,7,DAL,CAR,Home
2012_07_BAL_HOU,2012,REG,7,BAL,HOU,Home
2012_07_CLE_IND,2012,REG,7,CLE,IND,Home
2012_07_ARI_MIN,2012,REG,7,ARI,MIN,Home
2012_07_WAS_NYG,2012,REG,7,WAS,NYG,Home
2012_07_GB_STL,2012,REG,7,GB,STL,Home
2012_07_NO_TB,2012,REG,7,NO,TB,Home
2012_07_NYJ_NE,2012,REG,7,NYJ,NE,Home
2012_07_JAX_OAK,2012,REG,7,JAX,OAK,Home
2012_07_PIT_CIN,2012,REG,7,PIT,CIN,Home
2012_07_DET_CHI,2012,REG,7,DET,CHI,Home
2012_08_TB_MIN,2012,REG,8,TB,MIN,Home
2012_08_CAR_CHI,2012,REG,8,CAR,CHI,Home
2012_08_SD_CLE,2012,REG,8,SD,CLE,Home
2012_08_SEA_DET,2012,REG,8,SEA,DET,Home
2012_08_JAX_GB,2012,REG,8,JAX,GB,Home
2012_08_MIA_NYJ,2012,REG,8,MIA,NYJ,Home
2012_08_ATL_PHI,2012,REG,8,ATL,PHI,Home
2012_08_WAS_PIT,2012,REG,8,WAS,PIT,Home
2012_08_NE_STL,2012,REG,8,NE,STL,Neutral
2012_08_IND_TEN,2012,REG,8,IND,TEN,Home
2012_08_OAK_KC,2012,REG,8,OAK,KC,Home
2012_08_NYG_DAL,2012,REG,8,NYG,DAL,Home
2012_08_NO_DEN,2012,REG,8,NO,DEN,Home
2012_08_SF_ARI,2012,REG,8,SF,ARI,Home
2012_09_KC_SD,2012,REG,9,KC,SD,Home
2012_09_DEN_CIN,2012,REG,9,DEN,CIN,Home
2012_09_BAL_CLE,2012,REG,9,BAL,CLE,Home
2012_09_ARI_GB,2012,REG,9,ARI,GB,Home
2012_09_BUF_HOU,2012,REG,9,BUF,HOU,Home
2012_09_MIA_IND,2012,REG,9,MIA,IND,Home
2012_09_DET_JAX,2012,REG,9,DET,JAX,Home
2012_09_CHI_TEN,2012,REG,9,CHI,TEN,Home
2012_09_CAR_WAS,2012,REG,9,CAR,WAS,Home
2012_09_TB_OAK,2012,REG,9,TB,OAK,Home
2012_09_MIN_SEA,2012,REG,9,MIN,SEA,Home
2012_09_PIT_NYG,2012,REG,9,PIT,NYG,Home
2012_09_DAL_ATL,2012,REG,9,DAL,ATL,Home
2012_09_PHI_NO,2012,REG,9,PHI,NO,Home
2012_10_IND_JAX,2012,REG,10,IND,JAX,Home
2012_10_OAK_BAL,2012,REG,10,OAK,BAL,Home
2012_10_DEN_CAR,2012,REG,10,DEN,CAR,Home
2012_10_NYG_CIN,2012,REG,10,NYG,CIN,Home
2012_10_TEN_MIA,2012,REG,10,TEN,MIA,Home
2012_10_DET_MIN,2012,REG,10,DET,MIN,Home
2012_10_BUF_NE,2012,REG,10,BUF,NE,Home
2012_10_ATL_NO,2012,REG,10,ATL,NO,Home
2012_10_SD_TB,2012,REG,10,SD,TB,Home
2012_10_NYJ_SEA,2012,REG,10,NYJ,SEA,Home
2012_10_DAL_PHI,2012,REG,10,DAL,PHI,Home
2012_10_STL_SF,2012,REG,10,STL,SF,Home
2012_10_HOU_CHI,2012,REG,10,HOU,CHI,Home
2012_10_KC_PIT,2012,REG,10,KC,PIT,Home
2012_11_MIA_BUF,2012,REG,11,MIA,BUF,Home
2012_11_ARI_ATL,2012,REG,11,ARI,ATL,Home
2012_11_TB_CAR,2012,REG,11,TB,CAR,Home
2012_11_CLE_DAL,2012,REG,11,CLE,DAL,Home
2012_11_GB_DET,2012,REG,11,GB,DET,Home
2012_11_JAX_HOU,2012,REG,11,JAX,HOU,Home
2012_11_CIN_KC,2012,REG,11,CIN,KC,Home
2012_11_NYJ_STL,2012,REG,11,NYJ,STL,Home
2012_11_PHI_WAS,2012,REG,11,PHI,WAS,Home
2012_11_NO_OAK,2012,REG,11,NO,OAK,Home
2012_11_SD_DEN,2012,REG,11,SD,DEN,Home
2012_11_IND_NE,2012,REG,11,IND,NE,Home
2012_11_BAL_PIT,2012,REG,11,BAL,PIT,Home
2012_11_CHI_SF,2012,REG,11,CHI,SF,Home
2012_12_HOU_DET,2012,REG,12,HOU,DET,Home
2012_12_WAS_DAL,2012,REG,12,WAS,DAL,Home
2012_12_NE_NYJ,2012,REG,12,NE,NYJ,Home
2012_12_MIN_CHI,2012,REG,12,MIN,CHI,Home
2012_12_OAK_CIN,2012,REG,12,OAK,CIN,Home
2012_12_PIT_CLE,2012,REG,12,PIT,CLE,Home
2012_12_BUF_IND,2012,REG,12,BUF,IND,Home
2012_12_TEN_JAX,2012,REG,12,TEN,JAX,Home
2012_12_DEN_KC,2012,REG,12,DEN,KC,Home
2012_12_SEA_MIA,2012,REG,12,SEA,MIA,Home
2012_12_ATL_TB,2012,REG,12,ATL,TB,Home
2012_12_BAL_SD,2012,REG,12,BAL,SD,Home
2012_12_STL_ARI,2012,REG,12,STL,ARI,Home
2012_12_SF_NO,2012,REG,12,SF,NO,Home
2012_12_GB_NYG,2012,REG,12,GB,NYG,Home
2012_12_CAR_PHI,2012,REG,12,CAR,PHI,Home
2012_13_NO_ATL,2012,REG,13,NO,ATL,Home
2012_13_JAX_BUF,2012,REG,13,JAX,BUF,Home
2012_13_SEA_CHI,2012,REG,13,SEA,CHI,Home
2012_13_IND_DET,2012,REG,13,IND,DET,Home
2012_13_MIN_GB,2012,REG,13,MIN,GB,Home
2012_13_CAR_KC,2012,REG,13,CAR,KC,Home
2012_13_NE_MIA,2012,REG,13,NE,MIA,Home
2012_13_ARI_NYJ,2012,REG,13,ARI,NYJ,Home
2012_13_SF_STL,2012,REG,13,SF,STL,Home
2012_13_HOU_TEN,2012,REG,13,HOU,TEN,Home
2012_13_TB_DEN,2012,REG,13,TB,DEN,Home
2012_13_PIT_BAL,2012,REG,13,PIT,BAL,Home
2012_13_CLE_OAK,2012,REG,13,CLE,OAK,Home
2012_13_CIN_SD,2012,REG,13,CIN,SD,Home
2012_13_PHI_DAL,2012,REG,13,PHI,DAL,Home
2012_13_NYG_WAS,2012,REG,13,NYG,WAS,Home
2012_14_DEN_OAK,2012,REG,14,DEN,OAK,Home
2012_14_STL_BUF,2012,REG,14,STL,BUF,Home
2012_14_ATL_CAR,2012,REG,14,ATL,CAR,Home
2012_14_DAL_CIN,2012,REG,14,DAL,CIN,Home
2012_14_KC_CLE,2012,REG,14,KC,CLE,Home
2012_14_TEN_IND,2012,REG,14,TEN,IND,Home
2012_14_NYJ_JAX,2012,REG,14,NYJ,JAX,Home
2012_14_CHI_MIN,2012,REG,14,CHI,MIN,Home
2012_14_SD_PIT,2012,REG,14,SD,PIT,Home
2012_14_PHI_TB,2012,REG,14,PHI,TB,Home
2012_14_BAL_WAS,2012,REG,14,BAL,WAS,Home
2012_14_MIA_SF,2012,REG,14,MIA,SF,Home
2012_14_NO_NYG,2012,REG,14,NO,NYG,Home
2012_14_ARI_SEA,2012,REG,14,ARI,SEA,Home
2012_14_DET_GB,2012,REG,14,DET,GB,Home
2012_14_HOU_NE,2012,REG,14,HOU,NE,Home
2012_15_CIN_PHI,2012,REG,15,CIN,PHI,Home
2012_15_NYG_ATL,2012,REG,15,NYG,ATL,Home
2012_15_DEN_BAL,2012,REG,15,DEN,BAL,Home
2012_15_GB_CHI,2012,REG,15,GB,CHI,Home
2012_15_WAS_CLE,2012,REG,15,WAS,CLE,Home
2012_15_IND_HOU,2012,REG,15,IND,HOU,Home
2012_15_JAX_MIA,2012,REG,15,JAX,MIA,Home
2012_15_TB_NO,2012,REG,15,TB,NO,Home
2012_15_MIN_STL,2012,REG,15,MIN,STL,Home
2012_15_DET_ARI,2012,REG,15,DET,ARI,Home
2012_15_SEA_BUF,2012,REG,15,SEA,BUF,Home
2012_15_CAR_SD,2012,REG,15,CAR,SD,Home
2012_15_PIT_DAL,2012,REG,15,PIT,DAL,Home
2012_15_KC_OAK,2012,REG,15,KC,OAK,Home
2012_15_SF_NE,2012,REG,15,SF,NE,Home
2012_15_NYJ_TEN,2012,REG,15,NYJ,TEN,Home
2012_16_ATL_DET,2012,REG,16,ATL,DET,Home
2012_16_OAK_CAR,2012,REG,16,OAK,CAR,Home
2012_16_NO_DAL,2012,REG,16,NO,DAL,Home
2012_16_TEN_GB,2012,REG,16,TEN,GB,Home
2012_16_MIN_HOU,2012,REG,16,MIN,HOU,Home
2012_16_NE_JAX,2012,REG,16,NE,JAX,Home
2012_16_IND_KC,2012,REG,16,IND,KC,Home
2012_16_BUF_MIA,2012,REG,16,BUF,MIA,Home
2012_16_SD_NYJ,2012,REG,16,SD,NYJ,Home
2012_16_WAS_PHI,2012,REG,16,WAS,PHI,Home
2012_16_CIN_PIT,2012,REG,16,CIN,PIT,Home
2012_16_STL_TB,2012,REG,16,STL,TB,Home
2012_16_CLE_DEN,2012,REG,16,CLE,DEN,Home
2012_16_CHI_ARI,2012,REG,16,CHI,ARI,Home
2012_16_NYG_BAL,2012,REG,16,NYG,BAL,Home
2012_16_SF_SEA,2012,REG,16,SF,SEA,Home
2012_17_TB_ATL,2012,REG,17,TB,ATL,Home
2012_17_NYJ_BUF,2012,REG,17,NYJ,BUF,Home
2012_17_BAL_CIN,2012,REG,17,BAL,CIN,Home
2012_17_CHI_DET,2012,REG,17,CHI,DET,Home
2012_17_HOU_IND,2012,REG,17,HOU,IND,Home
2012_17_CAR_NO,2012,REG,17,CAR,NO,Home
2012_17_PHI_NYG,2012,REG,17,PHI,NYG,Home
2012_17_CLE_PIT,2012,REG,17,CLE,PIT,Home
2012_17_JAX_TEN,2012,REG,17,JAX,TEN,Home
2012_17_KC_DEN,2012,REG,17,KC,DEN,Home
2012_17_GB_MIN,2012,REG,17,GB,MIN,Home
2012_17_MIA_NE,2012,REG,17,MIA,NE,Home
2012_17_OAK_SD,2012,REG,17,OAK,SD,Home
2012_17_STL_SEA,2012,REG,17,STL,SEA,Home
2012_17_ARI_SF,2012,REG,17,ARI,SF,Home
2012_17_DAL_WAS,2012,REG,17,DAL,WAS,Home
2013_01_BAL_DEN,2013,REG,1,BAL,DEN,Home
2013_01_NE_BUF,2013,REG,1,NE,BUF,Home
2013_01_SEA_CAR,2013,REG,1,SEA,CAR,Home
2013_01_CIN_CHI,2013,REG,1,CIN,CHI,Home
2013_01_MIA_CLE,2013,REG,1,MIA,CLE,Home
2013_01_MIN_DET,2013,REG,1,MIN,DET,Home
2013_01_OAK_IND,2013,REG,1,OAK,IND,Home
2013_01_KC_JAX,2013,REG,1,KC,JAX,Home
2013_01_ATL_NO,2013,REG,1,ATL,NO,Home
2013_01_TB_NYJ,2013,REG,1,TB,NYJ,Home
2013_01_TEN_PIT,2013,REG,1,TEN,PIT,Home
2013_01_GB_SF,2013,REG,1,GB,SF,Home
2013_01_ARI_STL,2013,REG,1,ARI,STL,Home
2013_01_NYG_DAL,2013,REG,1,NYG,DAL,Home
2013_01_PHI_WAS,2013,REG,1,PHI,WAS,Home
2013_01_HOU_SD,2013,REG,1,HOU,SD,Home
2013_02_NYJ_NE,2013,REG,2,NYJ,NE,Home
2013_02_STL_ATL,2013,REG,2,STL,ATL,Home
2013_02_CLE_BAL,2013,REG,2,CLE,BAL,Home
2013_02_CAR_BUF,2013,REG,2,CAR,BUF,Home
2013_02_MIN_CHI,2013,REG,2,MIN,CHI,Home
2013_02_WAS_GB,2013,REG,2,WAS,GB,Home
2013_02_TEN_HOU,2013,REG,2,TEN,HOU,Home
2013_02_MIA_IND,2013,REG,2,MIA,IND,Home
2013_02_DAL_KC,2013,REG,2,DAL,KC,Home
2013_02_SD_PHI,2013,REG,2,SD,PHI,Home
2013_02_DET_ARI,2013,REG,2,DET,ARI,Home
2013_02_NO_TB,2013,REG,2,NO,TB,Home
2013_02_DEN_NYG,2013,REG,2,DEN,NYG,Home
2013_02_JAX_OAK,2013,REG,2,JAX,OAK,Home
2013_02_SF_SEA,2013,REG,2,SF,SEA,Home
2013_02_PIT_CIN,2013,REG,2,PIT,CIN,Home
2013_03_KC_PHI,2013,REG,3,KC,PHI,Home
2013_03_HOU_BAL,2013,REG,3,HOU,BAL,Home
2013_03_NYG_CAR,2013,REG,3,NYG,CAR,Home
2013_03_GB_CIN,2013,REG,3,GB,CIN,Home
2013_03_STL_DAL,2013,REG,3,STL,DAL,Home
2013_03_CLE_MIN,2013,REG,3,CLE,MIN,Home
2013_03_TB_NE,2013,REG,3,TB,NE,Home
2013_03_ARI_NO,2013,REG,3,ARI,NO,Home
2013_03_SD_TEN,2013,REG,3,SD,TEN,Home
2013_03_DET_WAS,2013,REG,3,DET,WAS,Home
2013_03_ATL_MIA,2013,REG,3,ATL,MIA,Home
2013_03_BUF_NYJ,2013,REG,3,BUF,NYJ,Home
2013_03_JAX_SEA,2013,REG,3,JAX,SEA,Home
2013_03_IND_SF,2013,REG,3,IND,SF,Home
2013_03_CHI_PIT,2013,REG,3,CHI,PIT,Home
2013_03_OAK_DEN,2013,REG,3,OAK,DEN,Home
2013_04_SF_STL,2013,REG,4,SF,STL,Home
2013_04_BAL_BUF,2013,REG,4,BAL,BUF,Home
2013_04_CIN_CLE,2013,REG,4,CIN,CLE,Home
2013_04_CHI_DET,2013,REG,4,CHI,DET,Home
2013_04_SEA_HOU,2013,REG,4,SEA,HOU,Home
2013_04_IND_JAX,2013,REG,4,IND,JAX,Home
2013_04_NYG_KC,2013,REG,4,NYG,KC,Home
2013_04_PIT_MIN,2013,REG,4,PIT,MIN,Neutral
2013_04_ARI_TB,2013,REG,4,ARI,TB,Home
2013_04_NYJ_TEN,2013,REG,4,NYJ,TEN,Home
2013_04_PHI_DEN,2013,REG,4,PHI,DEN,Home
2013_04_WAS_OAK,2013,REG,4,WAS,OAK,Home
2013_04_DAL_SD,2013,REG,4,DAL,SD,Home
2013_04_NE_ATL,2013,REG,4,NE,ATL,Home
2013_04_MIA_NO,2013,REG,4,MIA,NO,Home
2013_05_BUF_CLE,2013,REG,5,BUF,CLE,Home
2013_05_NO_CHI,2013,REG,5,NO,CHI,Home
2013_05_NE_CIN,2013,REG,5,NE,CIN,Home
2013_05_DET_GB,2013,REG,5,DET,GB,Home
2013_05_SEA_IND,2013,REG,5,SEA,IND,Home
2013_05_BAL_MIA,2013,REG,5,BAL,MIA,Home
2013_05_PHI_NYG,2013,REG,5,PHI,NYG,Home
2013_05_JAX_STL,2013,REG,5,JAX,STL,Home
2013_05_KC_TEN,2013,REG,5,KC,TEN,Home
2013_05_CAR_ARI,2013,REG,5,CAR,ARI,Home
2013_05_DEN_DAL,2013,REG,5,DEN,DAL,Home
2013_05_HOU_SF,2013,REG,5,HOU,SF,Home
2013_05_SD_OAK,2013,REG,5,SD,OAK,Home
2013_05_NYJ_ATL,2013,REG,5,NYJ,ATL,Home
2013_06_NYG_CHI,2013,REG,6,NYG,CHI,Home
2013_06_GB_BAL,2013,REG,6,GB,BAL,Home
2013_06_CIN_BUF,2013,REG,6,CIN,BUF,Home
2013_06_DET_CLE,2013,REG,6,DET,CLE,Home
2013_06_STL_HOU,2013,REG,6,STL,HOU,Home
2013_06_OAK_KC,2013,REG,6,OAK,KC,Home
2013_06_CAR_MIN,2013,REG,6,CAR,MIN,Home
2013_06_PIT_NYJ,2013,REG,6,PIT,NYJ,Home
2013_06_PHI_TB,2013,REG,6,PHI,TB,Home
2013_06_JAX_DEN,2013,REG,6,JAX,DEN,Home
2013_06_TEN_SEA,2013,REG,6,TEN,SEA,Home
2013_06_NO_NE,2013,REG,6,NO,NE,Home
2013_06_ARI_SF,2013,REG,6,ARI,SF,Home
2013_06_WAS_DAL,2013,REG,6,WAS,DAL,Home
2013_06_IND_SD,2013,REG,6,IND,SD,Home
2013_07_SEA_ARI,2013,REG,7,SEA,ARI,Home
2013_07_TB_ATL,2013,REG,7,TB,ATL,Home
2013_07_STL_CAR,2013,REG,7,STL,CAR,Home
2013_07_CIN_DET,2013,REG,7,CIN,DET,Home
2013_07_SD_JAX,2013,REG,7,SD,JAX,Home
2013_07_BUF_MIA,2013,REG,7,BUF,MIA,Home
2013_07_NE_NYJ,2013,REG,7,NE,NYJ,Home
2013_07_DAL_PHI,2013,REG,7,DAL,PHI,Home
2013_07_CHI_WAS,2013,REG,7,CHI,WAS,Home
2013_07_SF_TEN,2013,REG,7,SF,TEN,Home
2013_07_CLE_GB,2013,REG,7,CLE,GB,Home
2013_07_HOU_KC,2013,REG,7,HOU,KC,Home
2013_07_BAL_PIT,2013,REG,7,BAL,PIT,Home
2013_07_DEN_IND,2013,REG,7,DEN,IND,Home
2013_07_MIN_NYG,2013,REG,7,MIN,NYG,Home
2013_08_CAR_TB,2013,REG,8,CAR,TB,Home
2013_08_DAL_DET,2013,REG,8,DAL,DET,Home
2013_08_SF_JAX,2013,REG,8,SF,JAX,Neutral
2013_08_CLE_KC,2013,REG,8,CLE,KC,Home
2013_08_MIA_NE,2013,REG,8,MIA,NE,Home
2013_08_BUF_NO,2013,REG,8,BUF,NO,Home
2013_08_NYG_PHI,2013,REG,8,NYG,PHI,Home
2013_08_NYJ_CIN,2013,REG,8,NYJ,CIN,Home
2013_08_PIT_OAK,2013,REG,8,PIT,OAK,Home
2013_08_ATL_ARI,2013,REG,8,ATL,ARI,Home
2013_08_WAS_DEN,2013,REG,8,WAS,DEN,Home
2013_08_GB_MIN,2013,REG,8,GB,MIN,Home
2013_08_SEA_STL,2013,REG,8,SEA,STL,Home
2013_09_CIN_MIA,2013,REG,9,CIN,MIA,Home
2013_09_KC_BUF,2013,REG,9,KC,BUF,Home
2013_09_ATL_CAR,2013,REG,9,ATL,CAR,Home
2013_09_MIN_DAL,2013,REG,9,MIN,DAL,Home
2013_09_NO_NYJ,2013,REG,9,NO,NYJ,Home
2013_09_TEN_STL,2013,REG,9,TEN,STL,Home
2013_09_SD_WAS,2013,REG,9,SD,WAS,Home
2013_09_PHI_OAK,2013,REG,9,PHI,OAK,Home
2013_09_TB_SEA,2013,REG,9,TB,SEA,Home
2013_09_BAL_CLE,2013,REG,9,BAL,CLE,Home
2013_09_PIT_NE,2013,REG,9,PIT,NE,Home
2013_09_IND_HOU,2013,REG,9,IND,HOU,Home
2013_09_CHI_GB,2013,REG,9,CHI,GB,Home
2013_10_WAS_MIN,2013,REG,10,WAS,MIN,Home
2013_10_SEA_ATL,2013,REG,10,SEA,ATL,Home
2013_10_CIN_BAL,2013,REG,10,CIN,BAL,Home
2013_10_DET_CHI,2013,REG,10,DET,CHI,Home
2013_10_PHI_GB,2013,REG,10,PHI,GB,Home
2013_10_STL_IND,2013,REG,10,STL,IND,Home
2013_10_OAK_NYG,2013,REG,10,OAK,NYG,Home
2013_10_BUF_PIT,2013,REG,10,BUF,PIT,Home
2013_10_JAX_TEN,2013,REG,10,JAX,TEN,Home
2013_10_CAR_SF,2013,REG,10,CAR,SF,Home
2013_10_HOU_ARI,2013,REG,10,HOU,ARI,Home
2013_10_DEN_SD,2013,REG,10,DEN,SD,Home
2013_10_DAL_NO,2013,REG,10,DAL,NO,Home
2013_10_MIA_TB,2013,REG,10,MIA,TB,Home
2013_11_IND_TEN,2013,REG,11,IND,TEN,Home
2013_11_NYJ_BUF,2013,REG,11,NYJ,BUF,Home
2013_11_BAL_CHI,2013,REG,11,BAL,CHI,Home
2013_11_CLE_CIN,2013,REG,11,CLE,CIN,Home
2013_11_OAK_HOU,2013,REG,11,OAK,HOU,Home
2013_11_ARI_JAX,2013,REG,11,ARI,JAX,Home
2013_11_WAS_PHI,2013,REG,11,WAS,PHI,Home
2013_11_DET_PIT,2013,REG,11,DET,PIT,Home
2013_11_ATL_TB,2013,REG,11,ATL,TB,Home
2013_11_SD_MIA,2013,REG,11,SD,MIA,Home
2013_11_SF_NO,2013,REG,11,SF,NO,Home
2013_11_GB_NYG,2013,REG,11,GB,NYG,Home
2013_11_MIN_SEA,2013,REG,11,MIN,SEA,Home
2013_11_KC_DEN,2013,REG,11,KC,DEN,Home
2013_11_NE_CAR,2013,REG,11,NE,CAR,Home
2013_12_NO_ATL,2013,REG,12,NO,ATL,Home
2013_12_NYJ_BAL,2013,REG,12,NYJ,BAL,Home
2013_12_PIT_CLE,2013,REG,12,PIT,CLE,Home
2013_12_TB_DET,2013,REG,12,TB,DET,Home
2013_12_MIN_GB,2013,REG,12,MIN,GB,Home
2013_12_JAX_HOU,2013,REG,12,JAX,HOU,Home
2013_12_SD_KC,2013,REG,12,SD,KC,Home
2013_12_CAR_MIA,2013,REG,12,CAR,MIA,Home
2013_12_CHI_STL,2013,REG,12,CHI,STL,Home
2013_12_IND_ARI,2013,REG,12,IND,ARI,Home
2013_12_TEN_OAK,2013,REG,12,TEN,OAK,Home
2013_12_DAL_NYG,2013,REG,12,DAL,NYG,Home
2013_12_DEN_NE,2013,REG,12,DEN,NE,Home
2013_12_SF_WAS,2013,REG,12,SF,WAS,Home
2013_13_GB_DET,2013,REG,13,GB,DET,Home
2013_13_OAK_DAL,2013,REG,13,OAK,DAL,Home
2013_13_PIT_BAL,2013,REG,13,PIT,BAL,Home
2013_13_TB_CAR,2013,REG,13,TB,CAR,Home
2013_13_JAX_CLE,2013,REG,13,JAX,CLE,Home
2013_13_NE_HOU,2013,REG,13,NE,HOU,Home
2013_13_TEN_IND,2013,REG,13,TEN,IND,Home
2013_13_CHI_MIN,2013,REG,13,CHI,MIN,Home
2013_13_MIA_NYJ,2013,REG,13,MIA,NYJ,Home
2013_13_ARI_PHI,2013,REG,13,ARI,PHI,Home
2013_13_ATL_BUF,2013,REG,13,ATL,BUF,Neutral
2013_13_STL_SF,2013,REG,13,STL,SF,Home
2013_13_DEN_KC,2013,REG,13,DEN,KC,Home
2013_13_CIN_SD,2013,REG,13,CIN,SD,Home
2013_13_NYG_WAS,2013,REG,13,NYG,WAS,Home
2013_13_NO_SEA,2013,REG,13,NO,SEA,Home
2013_14_HOU_JAX,2013,REG,14,HOU,JAX,Home
2013_14_MIN_BAL,2013,REG,14,MIN,BAL,Home
2013_14_IND_CIN,2013,REG,14,IND,CIN,Home
2013_14_ATL_GB,2013,REG,14,ATL,GB,Home
2013_14_CLE_NE,2013,REG,14,CLE,NE,Home
2013_14_OAK_NYJ,2013,REG,14,OAK,NYJ,Home
2013_14_DET_PHI,2013,REG,14,DET,PHI,Home
2013_14_MIA_PIT,2013,REG,14,MIA,PIT,Home
2013_14_BUF_TB,2013,REG,14,BUF,TB,Home
2013_14_KC_WAS,2013,REG,14,KC,WAS,Home
2013_14_TEN_DEN,2013,REG,14,TEN,DEN,Home
2013_14_STL_ARI,2013,REG,14,STL,ARI,Home
2013_14_NYG_SD,2013,REG,14,NYG,SD,Home
2013_14_SEA_SF,2013,REG,14,SEA,SF,Home
2013_14_CAR_NO,2013,REG,14,CAR,NO,Home
2013_14_DAL_CHI,2013,REG,14,DAL,CHI,Home
2013_15_SD_DEN,2013,REG,15,SD,DEN,Home
2013_15_WAS_ATL,2013,REG,15,WAS,ATL,Home
2013_15_CHI_CLE,2013,REG,15,CHI,CLE,Home
2013_15_HOU_IND,2013,REG,15,HOU,IND,Home
2013_15_BUF_JAX,2013,REG,15,BUF,JAX,Home
2013_15_NE_MIA,2013,REG,15,NE,MIA,Home
2013_15_PHI_MIN,2013,REG,15,PHI,MIN,Home
2013_15_SEA_NYG,2013,REG,15,SEA,NYG,Home
2013_15_SF_TB,2013,REG,15,SF,TB,Home
2013_15_NYJ_CAR,2013,REG,15,NYJ,CAR,Home
2013_15_KC_OAK,2013,REG,15,KC,OAK,Home
2013_15_GB_DAL,2013,REG,15,GB,DAL,Home
2013_15_NO_STL,2013,REG,15,NO,STL,Home
2013_15_ARI_TEN,2013,REG,15,ARI,TEN,Home
2013_15_CIN_PIT,2013,REG,15,CIN,PIT,Home
2013_15_BAL_DET,2013,REG,15,BAL,DET,Home
2013_16_MIA_BUF,2013,REG,16,MIA,BUF,Home
2013_16_NO_CAR,2013,REG,16,NO,CAR,Home
2013_16_MIN_CIN,2013,REG,16,MIN,CIN,Home
2013_16_DEN_HOU,2013,REG,16,DEN,HOU,Home
2013_16_TEN_JAX,2013,REG,16,TEN,JAX,Home
2013_16_IND_KC,2013,REG,16,IND,KC,Home
2013_16_CLE_NYJ,2013,REG,16,CLE,NYJ,Home
2013_16_TB_STL,2013,REG,16,TB,STL,Home
2013_16_DAL_WAS,2013,REG,16,DAL,WAS,Home
2013_16_NYG_DET,2013,REG,16,NYG,DET,Home
2013_16_ARI_SEA,2013,REG,16,ARI,SEA,Home
2013_16_NE_BAL,2013,REG,16,NE,BAL,Home
2013_16_PIT_GB,2013,REG,16,PIT,GB,Home
2013_16_OAK_SD,2013,REG,16,OAK,SD,Home
2013_16_CHI_PHI,2013,REG,16,CHI,PHI,Home
2013_16_ATL_SF,2013,REG,16,ATL,SF,Home
2013_17_CAR_ATL,2013,REG,17,CAR,ATL,Home
2013_17_BAL_CIN,2013,REG,17,BAL,CIN,Home
2013_17_JAX_IND,2013,REG,17,JAX,IND,Home
2013_17_NYJ_MIA,2013,REG,17,NYJ,MIA,Home
2013_17_DET_MIN,2013,REG,17,DET,MIN,Home
2013_17_WAS_NYG,2013,REG,17,WAS,NYG,Home
2013_17_CLE_PIT,2013,REG,17,CLE,PIT,Home
2013_17_HOU_TEN,2013,REG,17,HOU,TEN,Home
2013_17_SF_ARI,2013,REG,17,SF,ARI,Home
2013_17_GB_CHI,2013,REG,17,GB,CHI,Home
2013_17_BUF_NE,2013,REG,17,BUF,NE,Home
2013_17_TB_NO,2013,REG,17,TB,NO,Home
2013_17_DEN_OAK,2013,REG,17,DEN,OAK,Home
2013_17_KC_SD,2013,REG,17,KC,SD,Home
2013_17_STL_SEA,2013,REG,17,STL,SEA,Home
2013_17_PHI_DAL,2013,REG,17,PHI,DAL,Home
2014_01_GB_SEA,2014,REG,1,GB,SEA,Home
2014_01_NO_ATL,2014,REG,1,NO,ATL,Home
2014_01_CIN_BAL,2014,REG,1,CIN,BAL,Home
2014_01_BUF_CHI,2014,REG,1,BUF,CHI,Home
2014_01_WAS_HOU,2014,REG,1,WAS,HOU,Home
2014_01_TEN_KC,2014,REG,1,TEN,KC,Home
2014_01_NE_MIA,2014,REG,1,NE,MIA,Home
2014_01_OAK_NYJ,2014,REG,1,OAK,NYJ,Home
2014_01_JAX_PHI,2014,REG,1,JAX,PHI,Home
2014_01_CLE_PIT,2014,REG,1,CLE,PIT,Home
2014_01_MIN_STL,2014,REG,1,MIN,STL,Home
2014_01_SF_DAL,2014,REG,1,SF,DAL,Home
2014_01_CAR_TB,2014,REG,1,CAR,TB,Home
2014_01_IND_DEN,2014,REG,1,IND,DEN,Home
2014_01_NYG_DET,2014,REG,1,NYG,DET,Home
2014_01_SD_ARI,2014,REG,1,SD,ARI,Home
2014_02_PIT_BAL,2014,REG,2,PIT,BAL,Home
2014_02_MIA_BUF,2014,REG,2,MIA,BUF,Home
2014_02_DET_CAR,2014,REG,2,DET,CAR,Home
2014_02_ATL_CIN,2014,REG,2,ATL,CIN,Home
2014_02_NO_CLE,2014,REG,2,NO,CLE,Home
2014_02_NE_MIN,2014,REG,2,NE,MIN,Home
2014_02_ARI_NYG,2014,REG,2,ARI,NYG,Home
2014_02_DAL_TEN,2014,REG,2,DAL,TEN,Home
2014_02_JAX_WAS,2014,REG,2,JAX,WAS,Home
2014_02_SEA_SD,2014,REG,2,SEA,SD,Home
2014_02_STL_TB,2014,REG,2,STL,TB,Home
2014_02_KC_DEN,2014,REG,2,KC,DEN,Home
2014_02_NYJ_GB,2014,REG,2,NYJ,GB,Home
2014_02_HOU_OAK,2014,REG,2,HOU,OAK,Home
2014_02_CHI_SF,2014,REG,2,CHI,SF,Home
2014_02_PHI_IND,2014,REG,2,PHI,IND,Home
2014_03_TB_ATL,2014,REG,3,TB,ATL,Home
2014_03_SD_BUF,2014,REG,3,SD,BUF,Home
2014_03_TEN_CIN,2014,REG,3,TEN,CIN,Home
2014_03_BAL_CLE,2014,REG,3,BAL,CLE,Home
2014_03_GB_DET,2014,REG,3,GB,DET,Home
2014_03_IND_JAX,2014,REG,3,IND,JAX,Home
2014_03_OAK_NE,2014,REG,3,OAK,NE,Home
2014_03_MIN_NO,2014,REG,3,MIN,NO,Home
2014_03_HOU_NYG,2014,REG,3,HOU,NYG,Home
2014_03_WAS_PHI,2014,REG,3,WAS,PHI,Home
2014_03_DAL_STL,2014,REG,3,DAL,STL,Home
2014_03_SF_ARI,2014,REG,3,SF,ARI,Home
2014_03_KC_MIA,2014,REG,3,KC,MIA,Home
2014_03_DEN_SEA,2014,REG,3,DEN,SEA,Home
2014_03_PIT_CAR,2014,REG,3,PIT,CAR,Home
2014_03_CHI_NYJ,2014,REG,3,CHI,NYJ,Home
2014_04_NYG_WAS,2014,REG,4,NYG,WAS,Home
2014_04_CAR_BAL,2014,REG,4,CAR,BAL,Home
2014_04_GB_CHI,2014,REG,4,GB,CHI,Home
2014_04_BUF_HOU,2014,REG,4,BUF,HOU,Home
2014_04_TEN_IND,2014,REG,4,TEN,IND,Home
2014_04_DET_NYJ,2014,REG,4,DET,NYJ,Home
2014_04_MIA_OAK,2014,REG,4,MIA,OAK,Neutral
2014_04_TB_PIT,2014,REG,4,TB,PIT,Home
2014_04_JAX_SD,2014,REG,4,JAX,SD,Home
2014_04_ATL_MIN,2014,REG,4,ATL,MIN,Home
2014_04_PHI_SF,2014,REG,4,PHI,SF,Home
2014_04_NO_DAL,2014,REG,4,NO,DAL,Home
2014_04_NE_KC,2014,REG,4,NE,KC,Home
2014_05_MIN_GB,2014,REG,5,MIN,GB,Home
2014_05_CHI_CAR,2014,REG,5,CHI,CAR,Home
2014_05_HOU_DAL,2014,REG,5,HOU,DAL,Home
2014_05_BUF_DET,2014,REG,5,BUF,DET,Home
2014_05_BAL_IND,2014,REG,5,BAL,IND,Home
2014_05_PIT_JAX,2014,REG,5,PIT,JAX,Home
2014_05_TB_NO,2014,REG,5,TB,NO,Home
2014_05_ATL_NYG,2014,REG,5,ATL,NYG,Home
2014_05_STL_PHI,2014,REG,5,STL,PHI,Home
2014_05_CLE_TEN,2014,REG,5,CLE,TEN,Home
2014_05_ARI_DEN,2014,REG,5,ARI,DEN,Home
2014_05_NYJ_SD,2014,REG,5,NYJ,SD,Home
2014_05_KC_SF,2014,REG,5,KC,SF,Home
2014_05_CIN_NE,2014,REG,5,CIN,NE,Home
2014_05_SEA_WAS,2014,REG,5,SEA,WAS,Home
2014_06_IND_HOU,2014,REG,6,IND,HOU,Home
2014_06_NE_BUF,2014,REG,6,NE,BUF,Home
2014_06_CAR_CIN,2014,REG,6,CAR,CIN,Home
2014_06_PIT_CLE,2014,REG,6,PIT,CLE,Home
2014_06_GB_MIA,2014,REG,6,GB,MIA,Home
2014_06_DET_MIN,2014,REG,6,DET,MIN,Home
2014_06_DEN_NYJ,2014,REG,6,DEN,NYJ,Home
2014_06_BAL_TB,2014,REG,6,BAL,TB,Home
2014_06_JAX_TEN,2014,REG,6,JAX,TEN,Home
2014_06_SD_OAK,2014,REG,6,SD,OAK,Home
2014_06_WAS_ARI,2014,REG,6,WAS,ARI,Home
2014_06_CHI_ATL,2014,REG,6,CHI,ATL,Home
2014_06_DAL_SEA,2014,REG,6,DAL,SEA,Home
2014_06_NYG_PHI,2014,REG,6,NYG,PHI,Home
2014_06_SF_STL,2014,REG,6,SF,STL,Home
2014_07_NYJ_NE,2014,REG,7,NYJ,NE,Home
2014_07_ATL_BAL,2014,REG,7,ATL,BAL,Home
2014_07_MIN_BUF,2014,REG,7,MIN,BUF,Home
2014_07_MIA_CHI,2014,REG,7,MIA,CHI,Home
2014_07_NO_DET,2014,REG,7,NO,DET,Home
2014_07_CAR_GB,2014,REG,7,CAR,GB,Home
2014_07_CIN_IND,2014,REG,7,CIN,IND,Home
2014_07_CLE_JAX,2014,REG,7,CLE,JAX,Home
2014_07_SEA_STL,2014,REG,7,SEA,STL,Home
2014_07_TEN_WAS,2014,REG,7,TEN,WAS,Home
2014_07_KC_SD,2014,REG,7,KC,SD,Home
2014_07_NYG_DAL,2014,REG,7,NYG,DAL,Home
2014_07_ARI_OAK,2014,REG,7,ARI,OAK,Home
2014_07_SF_DEN,2014,REG,7,SF,DEN,Home
2014_07_HOU_PIT,2014,REG,7,HOU,PIT,Home
2014_08_SD_DEN,2014,REG,8,SD,DEN,Home
2014_08_DET_ATL,2014,REG,8,DET,ATL,Neutral
2014_08_SEA_CAR,2014,REG,8,SEA,CAR,Home
2014_08_BAL_CIN,2014,REG,8,BAL,CIN,Home
2014_08_MIA_JAX,2014,REG,8,MIA,JAX,Home
2014_08_STL_KC,2014,REG,8,STL,KC,Home
2014_08_CHI_NE,2014,REG,8,CHI,NE,Home
2014_08_BUF_NYJ,2014,REG,8,BUF,NYJ,Home
2014_08_MIN_TB,2014,REG,8,MIN,TB,Home
2014_08_HOU_TEN,2014,REG,8,HOU,TEN,Home
2014_08_PHI_ARI,2014,REG,8,PHI,ARI,Home
2014_08_OAK_CLE,2014,REG,8,OAK,CLE,Home
2014_08_IND_PIT,2014,REG,8,IND,PIT,Home
2014_08_GB_NO,2014,REG,8,GB,NO,Home
2014_08_WAS_DAL,2014,REG,8,WAS,DAL,Home
2014_09_NO_CAR,2014,REG,9,NO,CAR,Home
2014_09_JAX_CIN,2014,REG,9,JAX,CIN,Home
2014_09_TB_CLE,2014,REG,9,TB,CLE,Home
2014_09_ARI_DAL,2014,REG,9,ARI,DAL,Home
2014_09_PHI_HOU,2014,REG,9,PHI,HOU,Home
2014_09_NYJ_KC,2014,REG,9,NYJ,KC,Home
2014_09_SD_MIA,2014,REG,9,SD,MIA,Home
2014_09_WAS_MIN,2014,REG,9,WAS,MIN,Home
2014_09_STL_SF,2014,REG,9,STL,SF,Home
2014_09_DEN_NE,2014,REG,9,DEN,NE,Home
2014_09_OAK_SEA,2014,REG,9,OAK,SEA,Home
2014_09_BAL_PIT,2014,REG,9,BAL,PIT,Home
2014_09_IND_NYG,2014,REG,9,IND,NYG,Home
2014_10_CLE_CIN,2014,REG,10,CLE,CIN,Home
2014_10_TEN_BAL,2014,REG,10,TEN,BAL,Home
2014_10_KC_BUF,2014,REG,10,KC,BUF,Home
2014_10_MIA_DET,2014,REG,10,MIA,DET,Home
2014_10_DAL_JAX,2014,REG,10,DAL,JAX,Neutral
2014_10_SF_NO,2014,REG,10,SF,NO,Home
2014_10_PIT_NYJ,2014,REG,10,PIT,NYJ,Home
2014_10_ATL_TB,2014,REG,10,ATL,TB,Home
2014_10_DEN_OAK,2014,REG,10,DEN,OAK,Home
2014_10_STL_ARI,2014,REG,10,STL,ARI,Home
2014_10_NYG_SEA,2014,REG,10,NYG,SEA,Home
2014_10_CHI_GB,2014,REG,10,CHI,GB,Home
2014_10_CAR_PHI,2014,REG,10,CAR,PHI,Home
2014_11_BUF_MIA,2014,REG,11,BUF,MIA,Home
2014_11_ATL_CAR,2014,REG,11,ATL,CAR,Home
2014_11_MIN_CHI,2014,REG,11,MIN,CHI,Home
2014_11_HOU_CLE,2014,REG,11,HOU,CLE,Home
2014_11_SEA_KC,2014,REG,11,SEA,KC,Home
2014_11_CIN_NO,2014,REG,11,CIN,NO,Home
2014_11_SF_NYG,2014,REG,11,SF,NYG,Home
2014_11_DEN_STL,2014,REG,11,DEN,STL,Home
2014_11_TB_WAS,2014,REG,11,TB,WAS,Home
2014_11_OAK_SD,2014,REG,11,OAK,SD,Home
2014_11_DET_ARI,2014,REG,11,DET,ARI,Home
2014_11_PHI_GB,2014,REG,11,PHI,GB,Home
2014_11_NE_IND,2014,REG,11,NE,IND,Home
2014_11_PIT_TEN,2014,REG,11,PIT,TEN,Home
2014_12_KC_OAK,2014,REG,12,KC,OAK,Home
2014_12_CLE_ATL,2014,REG,12,CLE,ATL,Home
2014_12_TB_CHI,2014,REG,12,TB,CHI,Home
2014_12_CIN_HOU,2014,REG,12,CIN,HOU,Home
2014_12_JAX_IND,2014,REG,12,JAX,IND,Home
2014_12_GB_MIN,2014,REG,12,GB,MIN,Home
2014_12_DET_NE,2014,REG,12,DET,NE,Home
2014_12_TEN_PHI,2014,REG,12,TEN,PHI,Home
2014_12_STL_SD,2014,REG,12,STL,SD,Home
2014_12_ARI_SEA,2014,REG,12,ARI,SEA,Home
2014_12_MIA_DEN,2014,REG,12,MIA,DEN,Home
2014_12_WAS_SF,2014,REG,12,WAS,SF,Home
2014_12_DAL_NYG,2014,REG,12,DAL,NYG,Home
2014_12_NYJ_BUF,2014,REG,12,NYJ,BUF,Neutral
2014_12_BAL_NO,2014,REG,12,BAL,NO,Home
2014_13_CHI_DET,2014,REG,13,CHI,DET,Home
2014_13_PHI_DAL,2014,REG,13,PHI,DAL,Home
2014_13_SEA_SF,2014,REG,13,SEA,SF,Home
2014_13_SD_BAL,2014,REG,13,SD,BAL,Home
2014_13_CLE_BUF,2014,REG,13,CLE,BUF,Home
2014_13_TEN_HOU,2014,REG,13,TEN,HOU,Home
2014_13_WAS_IND,2014,REG,13,WAS,IND,Home
2014_13_NYG_JAX,2014,REG,13,NYG,JAX,Home
2014_13_CAR_MIN,2014,REG,13,CAR,MIN,Home
2014_13_NO_PIT,2014,REG,13,NO,PIT,Home
2014_13_OAK_STL,2014,REG,13,OAK,STL,Home
2014_13_CIN_TB,2014,REG,13,CIN,TB,Home
2014_13_ARI_ATL,2014,REG,13,ARI,ATL,Home
2014_13_NE_GB,2014,REG,13,NE,GB,Home
2014_13_DEN_KC,2014,REG,13,DEN,KC,Home
2014_13_MIA_NYJ,2014,REG,13,MIA,NYJ,Home
2014_14_DAL_CHI,2014,REG,14,DAL,CHI,Home
2014_14_PIT_CIN,2014,REG,14,PIT,CIN,Home
2014_14_IND_CLE,2014,REG,14,IND,CLE,Home
2014_14_TB_DET,2014,REG,14,TB,DET,Home
2014_14_HOU_JAX,2014,REG,14,HOU,JAX,Home
2014_14_BAL_MIA,2014,REG,14,BAL,MIA,Home
2014_14_NYJ_MIN,2014,REG,14,NYJ,MIN,Home
2014_14_CAR_NO,2014,REG,14,CAR,NO,Home
2014_14_NYG_TEN,2014,REG,14,NYG,TEN,Home
2014_14_STL_WAS,2014,REG,14,STL,WAS,Home
2014_14_KC_ARI,2014,REG,14,KC,ARI,Home
2014_14_BUF_DEN,2014,REG,14,BUF,DEN,Home
2014_14_SF_OAK,2014,REG,14,SF,OAK,Home
2014_14_SEA_PHI,2014,REG,14,SEA,PHI,Home
2014_14_NE_SD,2014,REG,14,NE,SD,Home
2014_14_ATL_GB,2014,REG,14,ATL,GB,Home
2014_15_ARI_STL,2014,REG,15,ARI,STL,Home
2014_15_PIT_ATL,2014,REG,15,PIT,ATL,Home
2014_15_JAX_BAL,2014,REG,15,JAX,BAL,Home
2014_15_GB_BUF,2014,REG,15,GB,BUF,Home
2014_15_TB_CAR,2014,REG,15,TB,CAR,Home
2014_15_CIN_CLE,2014,REG,15,CIN,CLE,Home
2014_15_HOU_IND,2014,REG,15,HOU,IND,Home
2014_15_OAK_KC,2014,REG,15,OAK,KC,Home
2014_15_MIA_NE,2014,REG,15,MIA,NE,Home
2014_15_WAS_NYG,2014,REG,15,WAS,NYG,Home
2014_15_DEN_SD,2014,REG,15,DEN,SD,Home
2014_15_NYJ_TEN,2014,REG,15,NYJ,TEN,Home
2014_15_MIN_DET,2014,REG,15,MIN,DET,Home
2014_15_SF_SEA,2014,REG,15,SF,SEA,Home
2014_15_DAL_PHI,2014,REG,15,DAL,PHI,Home
2014_15_NO_CHI,2014,REG,15,NO,CHI,Home
2014_16_TEN_JAX,2014,REG,16,TEN,JAX,Home
2014_16_PHI_WAS,2014,REG,16,PHI,WAS,Home
2014_16_SD_SF,2014,REG,16,SD,SF,Home
2014_16_CLE_CAR,2014,REG,16,CLE,CAR,Home
2014_16_DET_CHI,2014,REG,16,DET,CHI,Home
2014_16_BAL_HOU,2014,REG,16,BAL,HOU,Home
2014_16_MIN_MIA,2014,REG,16,MIN,MIA,Home
2014_16_ATL_NO,2014,REG,16,ATL,NO,Home
2014_16_NE_NYJ,2014,REG,16,NE,NYJ,Home
2014_16_KC_PIT,2014,REG,16,KC,PIT,Home
2014_16_GB_TB,2014,REG,16,GB,TB,Home
2014_16_NYG_STL,2014,REG,16,NYG,STL,Home
2014_16_IND_DAL,2014,REG,16,IND,DAL,Home
2014_16_BUF_OAK,2014,REG,16,BUF,OAK,Home
2014_16_SEA_ARI,2014,REG,16,SEA,ARI,Home
2014_16_DEN_CIN,2014,REG,16,DEN,CIN,Home
2014_17_CLE_BAL,2014,REG,17,CLE,BAL,Home
2014_17_JAX_HOU,2014,REG,17,JAX,HOU,Home
2014_17_SD_KC,2014,REG,17,SD,KC,Home
2014_17_NYJ_MIA,2014,REG,17,NYJ,MIA,Home
2014_17_CHI_MIN,2014,REG,17,CHI,MIN,Home
2014_17_BUF_NE,2014,REG,17,BUF,NE,Home
2014_17_PHI_NYG,2014,REG,17,PHI,NYG,Home
2014_17_NO_TB,2014,REG,17,NO,TB,Home
2014_17_IND_TEN,2014,REG,17,IND,TEN,Home
2014_17_DAL_WAS,2014,REG,17,DAL,WAS,Home
2014_17_CAR_ATL,2014,REG,17,CAR,ATL,Home
2014_17_OAK_DEN,2014,REG,17,OAK,DEN,Home
2014_17_DET_GB,2014,REG,17,DET,GB,Home
2014_17_STL_SEA,2014,REG,17,STL,SEA,Home
2014_17_ARI_SF,2014,REG,17,ARI,SF,Home
2014_17_CIN_PIT,2014,REG,17,CIN,PIT,Home
2015_01_PIT_NE,2015,REG,1,PIT,NE,Home
2015_01_IND_BUF,2015,REG,1,IND,BUF,Home
2015_01_GB_CHI,2015,REG,1,GB,CHI,Home
2015_01_KC_HOU,2015,REG,1,KC,HOU,Home
2015_01_CAR_JAX,2015,REG,1,CAR,JAX,Home
2015_01_CLE_NYJ,2015,REG,1,CLE,NYJ,Home
2015_01_SEA_STL,2015,REG,1,SEA,STL,Home
2015_01_MIA_WAS,2015,REG,1,MIA,WAS,Home
2015_01_NO_ARI,2015,REG,1,NO,ARI,Home
2015_01_DET_SD,2015,REG,1,DET,SD,Home
2015_01_BAL_DEN,2015,REG,1,BAL,DEN,Home
2015_01_CIN_OAK,2015,REG,1,CIN,OAK,Home
2015_01_TEN_TB,2015,REG,1,TEN,TB,Home
2015_01_NYG_DAL,2015,REG,1,NYG,DAL,Home
2015_01_PHI_ATL,2015,REG,1,PHI,ATL,Home
2015_01_MIN_SF,2015,REG,1,MIN,SF,Home
2015_02_DEN_KC,2015,REG,2,DEN,KC,Home
2015_02_NE_BUF,2015,REG,2,NE,BUF,Home
2015_02_HOU_CAR,2015,REG,2,HOU,CAR,Home
2015_02_ARI_CHI,2015,REG,2,ARI,CHI,Home
2015_02_SD_CIN,2015,REG,2,SD,CIN,Home
2015_02_TEN_CLE,2015,REG,2,TEN,CLE,Home
2015_02_DET_MIN,2015,REG,2,DET,MIN,Home
2015_02_TB_NO,2015,REG,2,TB,NO,Home
2015_02_ATL_NYG,2015,REG,2,ATL,NYG,Home
2015_02_SF_PIT,2015,REG,2,SF,PIT,Home
2015_02_STL_WAS,2015,REG,2,STL,WAS,Home
2015_02_MIA_JAX,2015,REG,2,MIA,JAX,Home
2015_02_BAL_OAK,2015,REG,2,BAL,OAK,Home
2015_02_DAL_PHI,2015,REG,2,DAL,PHI,Home
2015_02_SEA_GB,2015,REG,2,SEA,GB,Home
2015_02_NYJ_IND,2015,REG,2,NYJ,IND,Home
2015_03_WAS_NYG,2015,REG,3,WAS,NYG,Home
2015_03_CIN_BAL,2015,REG,3,CIN,BAL,Home
2015_03_NO_CAR,2015,REG,3,NO,CAR,Home
2015_03_OAK_CLE,2015,REG,3,OAK,CLE,Home
2015_03_ATL_DAL,2015,REG,3,ATL,DAL,Home
2015_03_TB_HOU,2015,REG,3,TB,HOU,Home
2015_03_SD_MIN,2015,REG,3,SD,MIN,Home
2015_03_JAX_NE,2015,REG,3,JAX,NE,Home
2015_03_PHI_NYJ,2015,REG,3,PHI,NYJ,Home
2015_03_PIT_STL,2015,REG,3,PIT,STL,Home
2015_03_IND_TEN,2015,REG,3,IND,TEN,Home
2015_03_SF_ARI,2015,REG,3,SF,ARI,Home
2015_03_BUF_MIA,2015,REG,3,BUF,MIA,Home
2015_03_CHI_SEA,2015,REG,3,CHI,SEA,Home
2015_03_DEN_DET,2015,REG,3,DEN,DET,Home
2015_03_KC_GB,2015,REG,3,KC,GB,Home
2015_04_BAL_PIT,2015,REG,4,BAL,PIT,Home
2015_04_NYJ_MIA,2015,REG,4,NYJ,MIA,Neutral
2015_04_HOU_ATL,2015,REG,4,HOU,ATL,Home
2015_04_NYG_BUF,2015,REG,4,NYG,BUF,Home
2015_04_OAK_CHI,2015,REG,4,OAK,CHI,Home
2015_04_KC_CIN,2015,REG,4,KC,CIN,Home
2015_04_JAX_IND,2015,REG,4,JAX,IND,Home
2015_04_CAR_TB,2015,REG,4,CAR,TB,Home
2015_04_PHI_WAS,2015,REG,4,PHI,WAS,Home
2015_04_CLE_SD,2015,REG,4,CLE,SD,Home
2015_04_STL_ARI,2015,REG,4,STL,ARI,Home
2015_04_MIN_DEN,2015,REG,4,MIN,DEN,Home
2015_04_GB_SF,2015,REG,4,GB,SF,Home
2015_04_DAL_NO,2015,REG,4,DAL,NO,Home
2015_04_DET_SEA,2015,REG,4,DET,SEA,Home
2015_05_IND_HOU,2015,REG,5,IND,HOU,Home
2015_05_WAS_ATL,2015,REG,5,WAS,ATL,Home
2015_05_CLE_BAL,2015,REG,5,CLE,BAL,Home
2015_05_SEA_CIN,2015,REG,5,SEA,CIN,Home
2015_05_STL_GB,2015,REG,5,STL,GB,Home
2015_05_CHI_KC,2015,REG,5,CHI,KC,Home
2015_05_NO_PHI,2015,REG,5,NO,PHI,Home
2015_05_JAX_TB,2015,REG,5,JAX,TB,Home
2015_05_BUF_TEN,2015,REG,5,BUF,TEN,Home
2015_05_ARI_DET,2015,REG,5,ARI,DET,Home
2015_05_NE_DAL,2015,REG,5,NE,DAL,Home
2015_05_DEN_OAK,2015,REG,5,DEN,OAK,Home
2015_05_SF_NYG,2015,REG,5,SF,NYG,Home
2015_05_PIT_SD,2015,REG,5,PIT,SD,Home
2015_06_ATL_NO,2015,REG,6,ATL,NO,Home
2015_06_CIN_BUF,2015,REG,6,CIN,BUF,Home
2015_06_DEN_CLE,2015,REG,6,DEN,CLE,Home
2015_06_CHI_DET,2015,REG,6,CHI,DET,Home
2015_06_HOU_JAX,2015,REG,6,HOU,JAX,Home
2015_06_KC_MIN,2015,REG,6,KC,MIN,Home
2015_06_WAS_NYJ,2015,REG,6,WAS,NYJ,Home
2015_06_ARI_PIT,2015,REG,6,ARI,PIT,Home
2015_06_MIA_TEN,2015,REG,6,MIA,TEN,Home
2015_06_CAR_SEA,2015,REG,6,CAR,SEA,Home
2015_06_SD_GB,2015,REG,6,SD,GB,Home
2015_06_BAL_SF,2015,REG,6,BAL,SF,Home
2015_06_NE_IND,2015,REG,6,NE,IND,Home
2015_06_NYG_PHI,2015,REG,6,NYG,PHI,Home
2015_07_SEA_SF,2015,REG,7,SEA,SF,Home
2015_07_BUF_JAX,2015,REG,7,BUF,JAX,Neutral
2015_07_MIN_DET,2015,REG,7,MIN,DET,Home
2015_07_NO_IND,2015,REG,7,NO,IND,Home
2015_07_PIT_KC,2015,REG,7,PIT,KC,Home
2015_07_HOU_MIA,2015,REG,7,HOU,MIA,Home
2015_07_NYJ_NE,2015,REG,7,NYJ,NE,Home
2015_07_CLE_STL,2015,REG,7,CLE,STL,Home
2015_07_ATL_TEN,2015,REG,7,ATL,TEN,Home
2015_07_TB_WAS,2015,REG,7,TB,WAS,Home
2015_07_OAK_SD,2015,REG,7,OAK,SD,Home
2015_07_DAL_NYG,2015,REG,7,DAL,NYG,Home
2015_07_PHI_CAR,2015,REG,7,PHI,CAR,Home
2015_07_BAL_ARI,2015,REG,7,BAL,ARI,Home
2015_08_MIA_NE,2015,REG,8,MIA,NE,Home
2015_08_DET_KC,2015,REG,8,DET,KC,Neutral
2015_08_TB_ATL,2015,REG,8,TB,ATL,Home
2015_08_SD_BAL,2015,REG,8,SD,BAL,Home
2015_08_MIN_CHI,2015,REG,8,MIN,CHI,Home
2015_08_ARI_CLE,2015,REG,8,ARI,CLE,Home
2015_08_TEN_HOU,2015,REG,8,TEN,HOU,Home
2015_08_NYG_NO,2015,REG,8,NYG,NO,Home
2015_08_CIN_PIT,2015,REG,8,CIN,PIT,Home
2015_08_SF_STL,2015,REG,8,SF,STL,Home
2015_08_NYJ_OAK,2015,REG,8,NYJ,OAK,Home
2015_08_SEA_DAL,2015,REG,8,SEA,DAL,Home
2015_08_GB_DEN,2015,REG,8,GB,DEN,Home
2015_08_IND_CAR,2015,REG,8,IND,CAR,Home
2015_09_CLE_CIN,2015,REG,9,CLE,CIN,Home
2015_09_MIA_BUF,2015,REG,9,MIA,BUF,Home
2015_09_GB_CAR,2015,REG,9,GB,CAR,Home
2015_09_STL_MIN,2015,REG,9,STL,MIN,Home
2015_09_WAS_NE,2015,REG,9,WAS,NE,Home
2015_09_TEN_NO,2015,REG,9,TEN,NO,Home
2015_09_JAX_NYJ,2015,REG,9,JAX,NYJ,Home
2015_09_OAK_PIT,2015,REG,9,OAK,PIT,Home
2015_09_ATL_SF,2015,REG,9,ATL,SF,Home
2015_09_NYG_TB,2015,REG,9,NYG,TB,Home
2015_09_DEN_IND,2015,REG,9,DEN,IND,Home
2015_09_PHI_DAL,2015,REG,9,PHI,DAL,Home
2015_09_CHI_SD,2015,REG,9,CHI,SD,Home
2015_10_BUF_NYJ,2015,REG,10,BUF,NYJ,Home
2015_10_JAX_BAL,2015,REG,10,JAX,BAL,Home
2015_10_DET_GB,2015,REG,10,DET,GB,Home
2015_10_MIA_PHI,2015,REG,10,MIA,PHI,Home
2015_10_CLE_PIT,2015,REG,10,CLE,PIT,Home
2015_10_CHI_STL,2015,REG,10,CHI,STL,Home
2015_10_DAL_TB,2015,REG,10,DAL,TB,Home
2015_10_CAR_TEN,2015,REG,10,CAR,TEN,Home
2015_10_NO_WAS,2015,REG,10,NO,WAS,Home
2015_10_MIN_OAK,2015,REG,10,MIN,OAK,Home
2015_10_KC_DEN,2015,REG,10,KC,DEN,Home
2015_10_NE_NYG,2015,REG,10,NE,NYG,Home
2015_10_ARI_SEA,2015,REG,10,ARI,SEA,Home
2015_10_HOU_CIN,2015,REG,10,HOU,CIN,Home
2015_11_TEN_JAX,2015,REG,11,TEN,JAX,Home
2015_11_IND_ATL,2015,REG,11,IND,ATL,Home
2015_11_STL_BAL,2015,REG,11,STL,BAL,Home
2015_11_WAS_CAR,2015,REG,11,WAS,CAR,Home
2015_11_DEN_CHI,2015,REG,11,DEN,CHI,Home
2015_11_OAK_DET,2015,REG,11,OAK,DET,Home
2015_11_NYJ_HOU,2015,REG,11,NYJ,HOU,Home
2015_11_DAL_MIA,2015,REG,11,DAL,MIA,Home
2015_11_TB_PHI,2015,REG,11,TB,PHI,Home
2015_11_KC_SD,2015,REG,11,KC,SD,Home
2015_11_GB_MIN,2015,REG,11,GB,MIN,Home
2015_11_SF_SEA,2015,REG,11,SF,SEA,Home
2015_11_CIN_ARI,2015,REG,11,CIN,ARI,Home
2015_11_BUF_NE,2015,REG,11,BUF,NE,Home
2015_12_PHI_DET,2015,REG,12,PHI,DET,Home
2015_12_CAR_DAL,2015,REG,12,CAR,DAL,Home
2015_12_CHI_GB,2015,REG,12,CHI,GB,Home
2015_12_MIN_ATL,2015,REG,12,MIN,ATL,Home
2015_12_STL_CIN,2015,REG,12,STL,CIN,Home
2015_12_NO_HOU,2015,REG,12,NO,HOU,Home
2015_12_TB_IND,2015,REG,12,TB,IND,Home
2015_12_SD_JAX,2015,REG,12,SD,JAX,Home
2015_12_BUF_KC,2015,REG,12,BUF,KC,Home
2015_12_MIA_NYJ,2015,REG,12,MIA,NYJ,Home
2015_12_OAK_TEN,2015,REG,12,OAK,TEN,Home
2015_12_NYG_WAS,2015,REG,12,NYG,WAS,Home
2015_12_ARI_SF,2015,REG,12,ARI,SF,Home
2015_12_PIT_SEA,2015,REG,12,PIT,SEA,Home
2015_12_NE_DEN,2015,REG,12,NE,DEN,Home
2015_12_BAL_CLE,2015,REG,12,BAL,CLE,Home
2015_13_GB_DET,2015,REG,13,GB,DET,Home
2015_13_HOU_BUF,2015,REG,13,HOU,BUF,Home
2015_13_SF_CHI,2015,REG,13,SF,CHI,Home
2015_13_CIN_CLE,2015,REG,13,CIN,CLE,Home
2015_13_BAL_MIA,2015,REG,13,BAL,MIA,Home
2015_13_SEA_MIN,2015,REG,13,SEA,MIN,Home
2015_13_NYJ_NYG,2015,REG,13,NYJ,NYG,Home
2015_13_ARI_STL,2015,REG,13,ARI,STL,Home
2015_13_ATL_TB,2015,REG,13,ATL,TB,Home
2015_13_JAX_TEN,2015,REG,13,JAX,TEN,Home
2015_13_KC_OAK,2015,REG,13,KC,OAK,Home
2015_13_DEN_SD,2015,REG,13,DEN,SD,Home
2015_13_PHI_NE,2015,REG,13,PHI,NE,Home
2015_13_CAR_NO,2015,REG,13,CAR,NO,Home
2015_13_IND_PIT,2015,REG,13,IND,PIT,Home
2015_13_DAL_WAS,2015,REG,13,DAL,WAS,Home
2015_14_MIN_ARI,2015,REG,14,MIN,ARI,Home
2015_14_SEA_BAL,2015,REG,14,SEA,BAL,Home
2015_14_ATL_CAR,2015,REG,14,ATL,CAR,Home
2015_14_WAS_CHI,2015,REG,14,WAS,CHI,Home
2015_14_PIT_CIN,2015,REG,14,PIT,CIN,Home
2015_14_SF_CLE,2015,REG,14,SF,CLE,Home
2015_14_IND_JAX,2015,REG,14,IND,JAX,Home
2015_14_SD_KC,2015,REG,14,SD,KC,Home
2015_14_TEN_NYJ,2015,REG,14,TEN,NYJ,Home
2015_14_BUF_PHI,2015,REG,14,BUF,PHI,Home
2015_14_DET_STL,2015,REG,14,DET,STL,Home
2015_14_NO_TB,2015,REG,14,NO,TB,Home
2015_14_OAK_DEN,2015,REG,14,OAK,DEN,Home
2015_14_DAL_GB,2015,REG,14,DAL,GB,Home
2015_14_NE_HOU,2015,REG,14,NE,HOU,Home
2015_14_NYG_MIA,2015,REG,14,NYG,MIA,Home
2015_15_TB_STL,2015,REG,15,TB,STL,Home
2015_15_NYJ_DAL,2015,REG,15,NYJ,DAL,Home
2015_15_KC_BAL,2015,REG,15,KC,BAL,Home
2015_15_HOU_IND,2015,REG,15,HOU,IND,Home
2015_15_ATL_JAX,2015,REG,15,ATL,JAX,Home
2015_15_CHI_MIN,2015,REG,15,CHI,MIN,Home
2015_15_TEN_NE,2015,REG,15,TEN,NE,Home
2015_15_CAR_NYG,2015,REG,15,CAR,NYG,Home
2015_15_BUF_WAS,2015,REG,15,BUF,WAS,Home
2015_15_GB_OAK,2015,REG,15,GB,OAK,Home
2015_15_CLE_SEA,2015,REG,15,CLE,SEA,Home
2015_15_DEN_PIT,2015,REG,15,DEN,PIT,Home
2015_15_MIA_SD,2015,REG,15,MIA,SD,Home
2015_15_CIN_SF,2015,REG,15,CIN,SF,Home
2015_15_ARI_PHI,2015,REG,15,ARI,PHI,Home
2015_15_DET_NO,2015,REG,15,DET,NO,Home
2015_16_SD_OAK,2015,REG,16,SD,OAK,Home
2015_16_WAS_PHI,2015,REG,16,WAS,PHI,Home
2015_16_CAR_ATL,2015,REG,16,CAR,ATL,Home
2015_16_PIT_BAL,2015,REG,16,PIT,BAL,Home
2015_16_DAL_BUF,2015,REG,16,DAL,BUF,Home
2015_16_SF_DET,2015,REG,16,SF,DET,Home
2015_16_CLE_KC,2015,REG,16,CLE,KC,Home
2015_16_IND_MIA,2015,REG,16,IND,MIA,Home
2015_16_NE_NYJ,2015,REG,16,NE,NYJ,Home
2015_16_CHI_TB,2015,REG,16,CHI,TB,Home
2015_16_HOU_TEN,2015,REG,16,HOU,TEN,Home
2015_16_JAX_NO,2015,REG,16,JAX,NO,Home
2015_16_GB_ARI,2015,REG,16,GB,ARI,Home
2015_16_STL_SEA,2015,REG,16,STL,SEA,Home
2015_16_NYG_MIN,2015,REG,16,NYG,MIN,Home
2015_16_CIN_DEN,2015,REG,16,CIN,DEN,Home
2015_17_NO_ATL,2015,REG,17,NO,ATL,Home
2015_17_NYJ_BUF,2015,REG,17,NYJ,BUF,Home
2015_17_DET_CHI,2015,REG,17,DET,CHI,Home
2015_17_BAL_CIN,2015,REG,17,BAL,CIN,Home
2015_17_PIT_CLE,2015,REG,17,PIT,CLE,Home
2015_17_WAS_DAL,2015,REG,17,WAS,DAL,Home
2015_17_JAX_HOU,2015,REG,17,JAX,HOU,Home
2015_17_TEN_IND,2015,REG,17,TEN,IND,Home
2015_17_NE_MIA,2015,REG,17,NE,MIA,Home
2015_17_PHI_NYG,2015,REG,17,PHI,NYG,Home
2015_17_SEA_ARI,2015,REG,17,SEA,ARI,Home
2015_17_TB_CAR,2015,REG,17,TB,CAR,Home
2015_17_SD_DEN,2015,REG,17,SD,DEN,Home
2015_17_OAK_KC,2015,REG,17,OAK,KC,Home
2015_17_STL_SF,2015,REG,17,STL,SF,Home
2015_17_MIN_GB,2015,REG,17,MIN,GB,Home
2016_01_CAR_DEN,2016,REG,1,CAR,DEN,Home
2016_01_TB_ATL,2016,REG,1,TB,ATL,Home
2016_01_BUF_BAL,2016,REG,1,BUF,BAL,Home
2016_01_CHI_HOU,2016,REG,1,CHI,HOU,Home
2016_01_GB_JAX,2016,REG,1,GB,JAX,Home
2016_01_SD_KC,2016,REG,1,SD,KC,Home
2016_01_OAK_NO,2016,REG,1,OAK,NO,Home
2016_01_CIN_NYJ,2016,REG,1,CIN,NYJ,Home
2016_01_CLE_PHI,2016,REG,1,CLE,PHI,Home
2016_01_MIN_TEN,2016,REG,1,MIN,TEN,Home
2016_01_MIA_SEA,2016,REG,1,MIA,SEA,Home
2016_01_NYG_DAL,2016,REG,1,NYG,DAL,Home
2016_01_DET_IND,2016,REG,1,DET,IND,Home
2016_01_NE_ARI,2016,REG,1,NE,ARI,Home
2016_01_PIT_WAS,2016,REG,1,PIT,WAS,Home
2016_01_LA_SF,2016,REG,1,LA,SF,Home
2016_02_NYJ_BUF,2016,REG,2,NYJ,BUF,Home
2016_02_TB_ARI,2016,REG,2,TB,ARI,Home
2016_02_SF_CAR,2016,REG,2,SF,CAR,Home
2016_02_BAL_CLE,2016,REG,2,BAL,CLE,Home
2016_02_TEN_DET,2016,REG,2,TEN,DET,Home
2016_02_KC_HOU,2016,REG,2,KC,HOU,Home
2016_02_MIA_NE,2016,REG,2,MIA,NE,Home
2016_02_NO_NYG,2016,REG,2,NO,NYG,Home
2016_02_CIN_PIT,2016,REG,2,CIN,PIT,Home
2016_02_DAL_WAS,2016,REG,2,DAL,WAS,Home
2016_02_SEA_LA,2016,REG,2,SEA,LA,Home
2016_02_IND_DEN,2016,REG,2,IND,DEN,Home
2016_02_ATL_OAK,2016,REG,2,ATL,OAK,Home
2016_02_JAX_SD,2016,REG,2,JAX,SD,Home
2016_02_GB_MIN,2016,REG,2,GB,MIN,Home
2016_02_PHI_CHI,2016,REG,2,PHI,CHI,Home
2016_03_HOU_NE,2016,REG,3,HOU,NE,Home
2016_03_ARI_BUF,2016,REG,3,ARI,BUF,Home
2016_03_MIN_CAR,2016,REG,3,MIN,CAR,Home
2016_03_DEN_CIN,2016,REG,3,DEN,CIN,Home
2016_03_DET_GB,2016,REG,3,DET,GB,Home
2016_03_BAL_JAX,2016,REG,3,BAL,JAX,Home
2016_03_CLE_MIA,2016,REG,3,CLE,MIA,Home
2016_03_WAS_NYG,2016,REG,3,WAS,NYG,Home
2016_03_OAK_TEN,2016,REG,3,OAK,TEN,Home
2016_03_SF_SEA,2016,REG,3,SF,SEA,Home
2016_03_LA_TB,2016,REG,3,LA,TB,Home
2016_03_SD_IND,2016,REG,3,SD,IND,Home
2016_03_NYJ_KC,2016,REG,3,NYJ,KC,Home
2016_03_PIT_PHI,2016,REG,3,PIT,PHI,Home
2016_03_CHI_DAL,2016,REG,3,CHI,DAL,Home
2016_03_ATL_NO,2016,REG,3,ATL,NO,Home
2016_04_MIA_CIN,2016,REG,4,MIA,CIN,Home
2016_04_IND_JAX,2016,REG,4,IND,JAX,Neutral
2016_04_CAR_ATL,2016,REG,4,CAR,ATL,Home
2016_04_OAK_BAL,2016,REG,4,OAK,BAL,Home
2016_04_DET_CHI,2016,REG,4,DET,CHI,Home
2016_04_TEN_HOU,2016,REG,4,TEN,HOU,Home
2016_04_BUF_NE,2016,REG,4,BUF,NE,Home
2016_04_SEA_NYJ,2016,REG,4,SEA,NYJ,Home
2016_04_CLE_WAS,2016,REG,4,CLE,WAS,Home
2016_04_DEN_TB,2016,REG,4,DEN,TB,Home
2016_04_LA_ARI,2016,REG,4,LA,ARI,Home
2016_04_NO_SD,2016,REG,4,NO,SD,Home
2016_04_DAL_SF,2016,REG,4,DAL,SF,Home
2016_04_KC_PIT,2016,REG,4,KC,PIT,Home
2016_04_NYG_MIN,2016,REG,4,NYG,MIN,Home
2016_05_ARI_SF,2016,REG,5,ARI,SF,Home
2016_05_WAS_BAL,2016,REG,5,WAS,BAL,Home
2016_05_NE_CLE,2016,REG,5,NE,CLE,Home
2016_05_PHI_DET,2016,REG,5,PHI,DET,Home
2016_05_CHI_IND,2016,REG,5,CHI,IND,Home
2016_05_TEN_MIA,2016,REG,5,TEN,MIA,Home
2016_05_HOU_MIN,2016,REG,5,HOU,MIN,Home
2016_05_NYJ_PIT,2016,REG,5,NYJ,PIT,Home
2016_05_ATL_DEN,2016,REG,5,ATL,DEN,Home
2016_05_CIN_DAL,2016,REG,5,CIN,DAL,Home
2016_05_BUF_LA,2016,REG,5,BUF,LA,Home
2016_05_SD_OAK,2016,REG,5,SD,OAK,Home
2016_05_NYG_GB,2016,REG,5,NYG,GB,Home
2016_05_TB_CAR,2016,REG,5,TB,CAR,Home
2016_06_DEN_SD,2016,REG,6,DEN,SD,Home
2016_06_SF_BUF,2016,REG,6,SF,BUF,Home
2016_06_JAX_CHI,2016,REG,6,JAX,CHI,Home
2016_06_LA_DET,2016,REG,6,LA,DET,Home
2016_06_PIT_MIA,2016,REG,6,PIT,MIA,Home
2016_06_CIN_NE,2016,REG,6,CIN,NE,Home
2016_06_CAR_NO,2016,REG,6,CAR,NO,Home
2016_06_BAL_NYG,2016,REG,6,BAL,NYG,Home
2016_06_CLE_TEN,2016,REG,6,CLE,TEN,Home
2016_06_PHI_WAS,2016,REG,6,PHI,WAS,Home
2016_06_KC_OAK,2016,REG,6,KC,OAK,Home
2016_06_DAL_GB,2016,REG,6,DAL,GB,Home
2016_06_ATL_SEA,2016,REG,6,ATL,SEA,Home
2016_06_IND_HOU,2016,REG,6,IND,HOU,Home
2016_06_NYJ_ARI,2016,REG,6,NYJ,ARI,Home
2016_07_CHI_GB,2016,REG,7,CHI,GB,Home
2016_07_NYG_LA,2016,REG,7,NYG,LA,Neutral
2016_07_CLE_CIN,2016,REG,7,CLE,CIN,Home
2016_07_WAS_DET,2016,REG,7,WAS,DET,Home
2016_07_OAK_JAX,2016,REG,7,OAK,JAX,Home
2016_07_NO_KC,2016,REG,7,NO,KC,Home
2016_07_BUF_MIA,2016,REG,7,BUF,MIA,Home
2016_07_BAL_NYJ,2016,REG,7,BAL,NYJ,Home
2016_07_MIN_PHI,2016,REG,7,MIN,PHI,Home
2016_07_IND_TEN,2016,REG,7,IND,TEN,Home
2016_07_SD_ATL,2016,REG,7,SD,ATL,Home
2016_07_TB_SF,2016,REG,7,TB,SF,Home
2016_07_NE_PIT,2016,REG,7,NE,PIT,Home
2016_07_SEA_ARI,2016,REG,7,SEA,ARI,Home
2016_07_HOU_DEN,2016,REG,7,HOU,DEN,Home
2016_08_JAX_TEN,2016,REG,8,JAX,TEN,Home
2016_08_WAS_CIN,2016,REG,8,WAS,CIN,Neutral
2016_08_NE_BUF,2016,REG,8,NE,BUF,Home
2016_08_ARI_CAR,2016,REG,8,ARI,CAR,Home
2016_08_NYJ_CLE,2016,REG,8,NYJ,CLE,Home
2016_08_DET_HOU,2016,REG,8,DET,HOU,Home
2016_08_KC_IND,2016,REG,8,KC,IND,Home
2016_08_SEA_NO,2016,REG,8,SEA,NO,Home
2016_08_OAK_TB,2016,REG,8,OAK,TB,Home
2016_08_SD_DEN,2016,REG,8,SD,DEN,Home
2016_08_GB_ATL,2016,REG,8,GB,ATL,Home
2016_08_PHI_DAL,2016,REG,8,PHI,DAL,Home
2016_08_MIN_CHI,2016,REG,8,MIN,CHI,Home
2016_09_ATL_TB,2016,REG,9,ATL,TB,Home
2016_09_PIT_BAL,2016,REG,9,PIT,BAL,Home
2016_09_DAL_CLE,2016,REG,9,DAL,CLE,Home
2016_09_JAX_KC,2016,REG,9,JAX,KC,Home
2016_09_NYJ_MIA,2016,REG,9,NYJ,MIA,Home
2016_09_DET_MIN,2016,REG,9,DET,MIN,Home
2016_09_PHI_NYG,2016,REG,9,PHI,NYG,Home
2016_09_CAR_LA,2016,REG,9,CAR,LA,Home
2016_09_NO_SF,2016,REG,9,NO,SF,Home
2016_09_IND_GB,2016,REG,9,IND,GB,Home
2016_09_TEN_SD,2016,REG,9,TEN,SD,Home
2016_09_DEN_OAK,2016,REG,9,DEN,OAK,Home
2016_09_BUF_SEA,2016,REG,9,BUF,SEA,Home
2016_10_CLE_BAL,2016,REG,10,CLE,BAL,Home
2016_10_KC_CAR,2016,REG,10,KC,CAR,Home
2016_10_HOU_JAX,2016,REG,10,HOU,JAX,Home
2016_10_DEN_NO,2016,REG,10,DEN,NO,Home
2016_10_LA_NYJ,2016,REG,10,LA,NYJ,Home
2016_10_ATL_PHI,2016,REG,10,ATL,PHI,Home
2016_10_CHI_TB,2016,REG,10,CHI,TB,Home
2016_10_GB_TEN,2016,REG,10,GB,TEN,Home
2016_10_MIN_WAS,2016,REG,10,MIN,WAS,Home
2016_10_MIA_SD,2016,REG,10,MIA,SD,Home
2016_10_SF_ARI,2016,REG,10,SF,ARI,Home
2016_10_DAL_PIT,2016,REG,10,DAL,PIT,Home
2016_10_SEA_NE,2016,REG,10,SEA,NE,Home
2016_10_CIN_NYG,2016,REG,10,CIN,NYG,Home
2016_11_NO_CAR,2016,REG,11,NO,CAR,Home
2016_11_BUF_CIN,2016,REG,11,BUF,CIN,Home
2016_11_PIT_CLE,2016,REG,11,PIT,CLE,Home
2016_11_BAL_DAL,2016,REG,11,BAL,DAL,Home
2016_11_JAX_DET,2016,REG,11,JAX,DET,Home
2016_11_TEN_IND,2016,REG,11,TEN,IND,Home
2016_11_TB_KC,2016,REG,11,TB,KC,Home
2016_11_ARI_MIN,2016,REG,11,ARI,MIN,Home
2016_11_CHI_NYG,2016,REG,11,CHI,NYG,Home
2016_11_MIA_LA,2016,REG,11,MIA,LA,Home
2016_11_PHI_SEA,2016,REG,11,PHI,SEA,Home
2016_11_NE_SF,2016,REG,11,NE,SF,Home
2016_11_GB_WAS,2016,REG,11,GB,WAS,Home
2016_11_HOU_OAK,2016,REG,11,HOU,OAK,Neutral
2016_12_MIN_DET,2016,REG,12,MIN,DET,Home
2016_12_WAS_DAL,2016,REG,12,WAS,DAL,Home
2016_12_PIT_IND,2016,REG,12,PIT,IND,Home
2016_12_ARI_ATL,2016,REG,12,ARI,ATL,Home
2016_12_CIN_BAL,2016,REG,12,CIN,BAL,Home
2016_12_JAX_BUF,2016,REG,12,JAX,BUF,Home
2016_12_TEN_CHI,2016,REG,12,TEN,CHI,Home
2016_12_NYG_CLE,2016,REG,12,NYG,CLE,Home
2016_12_SD_HOU,2016,REG,12,SD,HOU,Home
2016_12_SF_MIA,2016,REG,12,SF,MIA,Home
2016_12_LA_NO,2016,REG,12,LA,NO,Home
2016_12_SEA_TB,2016,REG,12,SEA,TB,Home
2016_12_NE_NYJ,2016,REG,12,NE,NYJ,Home
2016_12_CAR_OAK,2016,REG,12,CAR,OAK,Home
2016_12_KC_DEN,2016,REG,12,KC,DEN,Home
2016_12_GB_PHI,2016,REG,12,GB,PHI,Home
2016_13_DAL_MIN,2016,REG,13,DAL,MIN,Home
2016_13_KC_ATL,2016,REG,13,KC,ATL,Home
2016_13_MIA_BAL,2016,REG,13,MIA,BAL,Home
2016_13_SF_CHI,2016,REG,13,SF,CHI,Home
2016_13_PHI_CIN,2016,REG,13,PHI,CIN,Home
2016_13_HOU_GB,2016,REG,13,HOU,GB,Home
2016_13_DEN_JAX,2016,REG,13,DEN,JAX,Home
2016_13_LA_NE,2016,REG,13,LA,NE,Home
2016_13_DET_NO,2016,REG,13,DET,NO,Home
2016_13_BUF_OAK,2016,REG,13,BUF,OAK,Home
2016_13_WAS_ARI,2016,REG,13,WAS,ARI,Home
2016_13_NYG_PIT,2016,REG,13,NYG,PIT,Home
2016_13_TB_SD,2016,REG,13,TB,SD,Home
2016_13_CAR_SEA,2016,REG,13,CAR,SEA,Home
2016_13_IND_NYJ,2016,REG,13,IND,NYJ,Home
2016_14_OAK_KC,2016,REG,14,OAK,KC,Home
2016_14_PIT_BUF,2016,REG,14,PIT,BUF,Home
2016_14_SD_CAR,2016,REG,14,SD,CAR,Home
2016_14_CIN_CLE,2016,REG,14,CIN,CLE,Home
2016_14_CHI_DET,2016,REG,14,CHI,DET,Home
2016_14_HOU_IND,2016,REG,14,HOU,IND,Home
2016_14_MIN_JAX,2016,REG,14,MIN,JAX,Home
2016_14_ARI_MIA,2016,REG,14,ARI,MIA,Home
2016_14_WAS_PHI,2016,REG,14,WAS,PHI,Home
2016_14_DEN_TEN,2016,REG,14,DEN,TEN,Home
2016_14_NYJ_SF,2016,REG,14,NYJ,SF,Home
2016_14_SEA_GB,2016,REG,14,SEA,GB,Home
2016_14_ATL_LA,2016,REG,14,ATL,LA,Home
2016_14_NO_TB,2016,REG,14,NO,TB,Home
2016_14_DAL_NYG,2016,REG,14,DAL,NYG,Home
2016_14_BAL_NE,2016,REG,14,BAL,NE,Home
2016_15_LA_SEA,2016,REG,15,LA,SEA,Home
2016_15_MIA_NYJ,2016,REG,15,MIA,NYJ,Home
2016_15_PHI_BAL,2016,REG,15,PHI,BAL,Home
2016_15_CLE_BUF,2016,REG,15,CLE,BUF,Home
2016_15_GB_CHI,2016,REG,15,GB,CHI,Home
2016_15_PIT_CIN,2016,REG,15,PIT,CIN,Home
2016_15_JAX_HOU,2016,REG,15,JAX,HOU,Home
2016_15_TEN_KC,2016,REG,15,TEN,KC,Home
2016_15_IND_MIN,2016,REG,15,IND,MIN,Home
2016_15_DET_NYG,2016,REG,15,DET,NYG,Home
2016_15_NO_ARI,2016,REG,15,NO,ARI,Home
2016_15_SF_ATL,2016,REG,15,SF,ATL,Home
2016_15_NE_DEN,2016,REG,15,NE,DEN,Home
2016_15_OAK_SD,2016,REG,15,OAK,SD,Home
2016_15_TB_DAL,2016,REG,15,TB,DAL,Home
2016_15_CAR_WAS,2016,REG,15,CAR,WAS,Home
2016_16_NYG_PHI,2016,REG,16,NYG,PHI,Home
2016_16_MIA_BUF,2016,REG,16,MIA,BUF,Home
2016_16_ATL_CAR,2016,REG,16,ATL,CAR,Home
2016_16_WAS_CHI,2016,REG,16,WAS,CHI,Home
2016_16_SD_CLE,2016,REG,16,SD,CLE,Home
2016_16_MIN_GB,2016,REG,16,MIN,GB,Home
2016_16_TEN_JAX,2016,REG,16,TEN,JAX,Home
2016_16_NYJ_NE,2016,REG,16,NYJ,NE,Home
2016_16_IND_OAK,2016,REG,16,IND,OAK,Home
2016_16_SF_LA,2016,REG,16,SF,LA,Home
2016_16_TB_NO,2016,REG,16,TB,NO,Home
2016_16_ARI_SEA,2016,REG,16,ARI,SEA,Home
2016_16_CIN_HOU,2016,REG,16,CIN,HOU,Home
2016_16_BAL_PIT,2016,REG,16,BAL,PIT,Home
2016_16_DEN_KC,2016,REG,16,DEN,KC,Home
2016_16_DET_DAL,2016,REG,16,DET,DAL,Home
2016_17_BAL_CIN,2016,REG,17,BAL,CIN,Home
2016_17_JAX_IND,2016,REG,17,JAX,IND,Home
2016_17_NE_MIA,2016,REG,17,NE,MIA,Home
2016_17_CHI_MIN,2016,REG,17,CHI,MIN,Home
2016_17_BUF_NYJ,2016,REG,17,BUF,NYJ,Home
2016_17_DAL_PHI,2016,REG,17,DAL,PHI,Home
2016_17_CLE_PIT,2016,REG,17,CLE,PIT,Home
2016_17_CAR_TB,2016,REG,17,CAR,TB,Home
2016_17_HOU_TEN,2016,REG,17,HOU,TEN,Home
2016_17_NO_ATL,2016,REG,17,NO,ATL,Home
2016_17_OAK_DEN,2016,REG,17,OAK,DEN,Home
2016_17_ARI_LA,2016,REG,17,ARI,LA,Home
2016_17_KC_SD,2016,REG,17,KC,SD,Home
2016_17_SEA_SF,2016,REG,17,SEA,SF,Home
2016_17_NYG_WAS,2016,REG,17,NYG,WAS,Home
2016_17_GB_DET,2016,REG,17,GB,DET,Home
2017_01_KC_NE,2017,REG,1,KC,NE,Home
2017_01_NYJ_BUF,2017,REG,1,NYJ,BUF,Home
2017_01_ATL_CHI,2017,REG,1,ATL,CHI,Home
2017_01_BAL_CIN,2017,REG,1,BAL,CIN,Home
2017_01_PIT_CLE,2017,REG,1,PIT,CLE,Home
2017_01_ARI_DET,2017,REG,1,ARI,DET,Home
2017_01_JAX_HOU,2017,REG,1,JAX,HOU,Home
2017_01_OAK_TEN,2017,REG,1,OAK,TEN,Home
2017_01_PHI_WAS,2017,REG,1,PHI,WAS,Home
2017_01_IND_LA,2017,REG,1,IND,LA,Home
2017_01_SEA_GB,2017,REG,1,SEA,GB,Home
2017_01_CAR_SF,2017,REG,1,CAR,SF,Home
2017_01_NYG_DAL,2017,REG,1,NYG,DAL,Home
2017_01_NO_MIN,2017,REG,1,NO,MIN,Home
2017_01_LAC_DEN,2017,REG,1,LAC,DEN,Home
2017_02_HOU_CIN,2017,REG,2,HOU,CIN,Home
2017_02_CLE_BAL,2017,REG,2,CLE,BAL,Home
2017_02_BUF_CAR,2017,REG,2,BUF,CAR,Home
2017_02_ARI_IND,2017,REG,2,ARI,IND,Home
2017_02_TEN_JAX,2017,REG,2,TEN,JAX,Home
2017_02_PHI_KC,2017,REG,2,PHI,KC,Home
2017_02_NE_NO,2017,REG,2,NE,NO,Home
2017_02_MIN_PIT,2017,REG,2,MIN,PIT,Home
2017_02_CHI_TB,2017,REG,2,CHI,TB,Home
2017_02_MIA_LAC,2017,REG,2,MIA,LAC,Home
2017_02_NYJ_OAK,2017,REG,2,NYJ,OAK,Home
2017_02_DAL_DEN,2017,REG,2,DAL,DEN,Home
2017_02_WAS_LA,2017,REG,2,WAS,LA,Home
2017_02_SF_SEA,2017,REG,2,SF,SEA,Home
2017_02_GB_ATL,2017,REG,2,GB,ATL,Home
2017_02_DET_NYG,2017,REG,2,DET,NYG,Home
2017_03_LA_SF,2017,REG,3,LA,SF,Home
2017_03_DEN_BUF,2017,REG,3,DEN,BUF,Home
2017_03_NO_CAR,2017,REG,3,NO,CAR,Home
2017_03_PIT_CHI,2017,REG,3,PIT,CHI,Home
2017_03_ATL_DET,2017,REG,3,ATL,DET,Home
2017_03_CLE_IND,2017,REG,3,CLE,IND,Home
2017_03_TB_MIN,2017,REG,3,TB,MIN,Home
2017_03_HOU_NE,2017,REG,3,HOU,NE,Home
2017_03_MIA_NYJ,2017,REG,3,MIA,NYJ,Home
2017_03_NYG_PHI,2017,REG,3,NYG,PHI,Home
2017_03_SEA_TEN,2017,REG,3,SEA,TEN,Home
2017_03_CIN_GB,2017,REG,3,CIN,GB,Home
2017_03_KC_LAC,2017,REG,3,KC,LAC,Home
2017_03_OAK_WAS,2017,REG,3,OAK,WAS,Home
2017_03_BAL_JAX,2017,REG,3,BAL,JAX,Neutral
2017_03_DAL_ARI,2017,REG,3,DAL,ARI,Home
2017_04_CHI_GB,2017,REG,4,CHI,GB,Home
2017_04_BUF_ATL,2017,REG,4,BUF,ATL,Home
2017_04_PIT_BAL,2017,REG,4,PIT,BAL,Home
2017_04_CIN_CLE,2017,REG,4,CIN,CLE,Home
2017_04_LA_DAL,2017,REG,4,LA,DAL,Home
2017_04_TEN_HOU,2017,REG,4,TEN,HOU,Home
2017_04_DET_MIN,2017,REG,4,DET,MIN,Home
2017_04_CAR_NE,2017,REG,4,CAR,NE,Home
2017_04_JAX_NYJ,2017,REG,4,JAX,NYJ,Home
2017_04_SF_ARI,2017,REG,4,SF,ARI,Home
2017_04_PHI_LAC,2017,REG,4,PHI,LAC,Home
2017_04_NYG_TB,2017,REG,4,NYG,TB,Home
2017_04_OAK_DEN,2017,REG,4,OAK,DEN,Home
2017_04_IND_SEA,2017,REG,4,IND,SEA,Home
2017_04_NO_MIA,2017,REG,4,NO,MIA,Neutral
2017_04_WAS_KC,2017,REG,4,WAS,KC,Home
2017_05_NE_TB,2017,REG,5,NE,TB,Home
2017_05_BUF_CIN,2017,REG,5,BUF,CIN,Home
2017_05_NYJ_CLE,2017,REG,5,NYJ,CLE,Home
2017_05_CAR_DET,2017,REG,5,CAR,DET,Home
2017_05_SF_IND,2017,REG,5,SF,IND,Home
2017_05_TEN_MIA,2017,REG,5,TEN,MIA,Home
2017_05_LAC_NYG,2017,REG,5,LAC,NYG,Home
2017_05_ARI_PHI,2017,REG,5,ARI,PHI,Home
2017_05_JAX_PIT,2017,REG,5,JAX,PIT,Home
2017_05_SEA_LA,2017,REG,5,SEA,LA,Home
2017_05_BAL_OAK,2017,REG,5,BAL,OAK,Home
2017_05_GB_DAL,2017,REG,5,GB,DAL,Home
2017_05_KC_HOU,2017,REG,5,KC,HOU,Home
2017_05_MIN_CHI,2017,REG,5,MIN,CHI,Home
2017_06_PHI_CAR,2017,REG,6,PHI,CAR,Home
2017_06_MIA_ATL,2017,REG,6,MIA,ATL,Home
2017_06_CHI_BAL,2017,REG,6,CHI,BAL,Home
2017_06_CLE_HOU,2017,REG,6,CLE,HOU,Home
2017_06_GB_MIN,2017,REG,6,GB,MIN,Home
2017_06_DET_NO,2017,REG,6,DET,NO,Home
2017_06_NE_NYJ,2017,REG,6,NE,NYJ,Home
2017_06_SF_WAS,2017,REG,6,SF,WAS,Home
2017_06_TB_ARI,2017,REG,6,TB,ARI,Home
2017_06_LA_JAX,2017,REG,6,LA,JAX,Home
2017_06_PIT_KC,2017,REG,6,PIT,KC,Home
2017_06_LAC_OAK,2017,REG,6,LAC,OAK,Home
2017_06_NYG_DEN,2017,REG,6,NYG,DEN,Home
2017_06_IND_TEN,2017,REG,6,IND,TEN,Home
2017_07_KC_OAK,2017,REG,7,KC,OAK,Home
2017_07_TB_BUF,2017,REG,7,TB,BUF,Home
2017_07_CAR_CHI,2017,REG,7,CAR,CHI,Home
2017_07_TEN_CLE,2017,REG,7,TEN,CLE,Home
2017_07_NO_GB,2017,REG,7,NO,GB,Home
2017_07_JAX_IND,2017,REG,7,JAX,IND,Home
2017_07_ARI_LA,2017,REG,7,ARI,LA,Neutral
2017_07_NYJ_MIA,2017,REG,7,NYJ,MIA,Home
2017_07_BAL_MIN,2017,REG,7,BAL,MIN,Home
2017_07_DAL_SF,2017,REG,7,DAL,SF,Home
2017_07_DEN_LAC,2017,REG,7,DEN,LAC,Home
2017_07_SEA_NYG,2017,REG,7,SEA,NYG,Home
2017_07_CIN_PIT,2017,REG,7,CIN,PIT,Home
2017_07_ATL_NE,2017,REG,7,ATL,NE,Home
2017_07_WAS_PHI,2017,REG,7,WAS,PHI,Home
2017_08_MIA_BAL,2017,REG,8,MIA,BAL,Home
2017_08_OAK_BUF,2017,REG,8,OAK,BUF,Home
2017_08_IND_CIN,2017,REG,8,IND,CIN,Home
2017_08_LAC_NE,2017,REG,8,LAC,NE,Home
2017_08_CHI_NO,2017,REG,8,CHI,NO,Home
2017_08_ATL_NYJ,2017,REG,8,ATL,NYJ,Home
2017_08_SF_PHI,2017,REG,8,SF,PHI,Home
2017_08_CAR_TB,2017,REG,8,CAR,TB,Home
2017_08_HOU_SEA,2017,REG,8,HOU,SEA,Home
2017_08_DAL_WAS,2017,REG,8,DAL,WAS,Home
2017_08_PIT_DET,2017,REG,8,PIT,DET,Home
2017_08_MIN_CLE,2017,REG,8,MIN,CLE,Neutral
2017_08_DEN_KC,2017,REG,8,DEN,KC,Home
2017_09_BUF_NYJ,2017,REG,9,BUF,NYJ,Home
2017_09_ATL_CAR,2017,REG,9,ATL,CAR,Home
2017_09_IND_HOU,2017,REG,9,IND,HOU,Home
2017_09_CIN_JAX,2017,REG,9,CIN,JAX,Home
2017_09_TB_NO,2017,REG,9,TB,NO,Home
2017_09_LA_NYG,2017,REG,9,LA,NYG,Home
2017_09_DEN_PHI,2017,REG,9,DEN,PHI,Home
2017_09_BAL_TEN,2017,REG,9,BAL,TEN,Home
2017_09_WAS_SEA,2017,REG,9,WAS,SEA,Home
2017_09_ARI_SF,2017,REG,9,ARI,SF,Home
2017_09_KC_DAL,2017,REG,9,KC,DAL,Home
2017_09_OAK_MIA,2017,REG,9,OAK,MIA,Home
2017_09_DET_GB,2017,REG,9,DET,GB,Home
2017_10_SEA_ARI,2017,REG,10,SEA,ARI,Home
2017_10_NO_BUF,2017,REG,10,NO,BUF,Home
2017_10_GB_CHI,2017,REG,10,GB,CHI,Home
2017_10_CLE_DET,2017,REG,10,CLE,DET,Home
2017_10_PIT_IND,2017,REG,10,PIT,IND,Home
2017_10_LAC_JAX,2017,REG,10,LAC,JAX,Home
2017_10_NYJ_TB,2017,REG,10,NYJ,TB,Home
2017_10_CIN_TEN,2017,REG,10,CIN,TEN,Home
2017_10_MIN_WAS,2017,REG,10,MIN,WAS,Home
2017_10_HOU_LA,2017,REG,10,HOU,LA,Home
2017_10_DAL_ATL,2017,REG,10,DAL,ATL,Home
2017_10_NYG_SF,2017,REG,10,NYG,SF,Home
2017_10_NE_DEN,2017,REG,10,NE,DEN,Home
2017_10_MIA_CAR,2017,REG,10,MIA,CAR,Home
2017_11_TEN_PIT,2017,REG,11,TEN,PIT,Home
2017_11_DET_CHI,2017,REG,11,DET,CHI,Home
2017_11_JAX_CLE,2017,REG,11,JAX,CLE,Home
2017_11_BAL_GB,2017,REG,11,BAL,GB,Home
2017_11_ARI_HOU,2017,REG,11,ARI,HOU,Home
2017_11_TB_MIA,2017,REG,11,TB,MIA,Home
2017_11_LA_MIN,2017,REG,11,LA,MIN,Home
2017_11_WAS_NO,2017,REG,11,WAS,NO,Home
2017_11_KC_NYG,2017,REG,11,KC,NYG,Home
2017_11_BUF_LAC,2017,REG,11,BUF,LAC,Home
2017_11_CIN_DEN,2017,REG,11,CIN,DEN,Home
2017_11_NE_OAK,2017,REG,11,NE,OAK,Neutral
2017_11_PHI_DAL,2017,REG,11,PHI,DAL,Home
2017_11_ATL_SEA,2017,REG,11,ATL,SEA,Home
2017_12_MIN_DET,2017,REG,12,MIN,DET,Home
2017_12_LAC_DAL,2017,REG,12,LAC,DAL,Home
2017_12_NYG_WAS,2017,REG,12,NYG,WAS,Home
2017_12_TB_ATL,2017,REG,12,TB,ATL,Home
2017_12_CLE_CIN,2017,REG,12,CLE,CIN,Home
2017_12_TEN_IND,2017,REG,12,TEN,IND,Home
2017_12_BUF_KC,2017,REG,12,BUF,KC,Home
2017_12_MIA_NE,2017,REG,12,MIA,NE,Home
2017_12_CAR_NYJ,2017,REG,12,CAR,NYJ,Home
2017_12_CHI_PHI,2017,REG,12,CHI,PHI,Home
2017_12_SEA_SF,2017,REG,12,SEA,SF,Home
2017_12_JAX_ARI,2017,REG,12,JAX,ARI,Home
2017_12_NO_LA,2017,REG,12,NO,LA,Home
2017_12_DEN_OAK,2017,REG,12,DEN,OAK,Home
2017_12_GB_PIT,2017,REG,12,GB,PIT,Home
2017_12_HOU_BAL,2017,REG,12,HOU,BAL,Home
2017_13_WAS_DAL,2017,REG,13,WAS,DAL,Home
2017_13_MIN_ATL,2017,REG,13,MIN,ATL,Home
2017_13_DET_BAL,2017,REG,13,DET,BAL,Home
2017_13_NE_BUF,2017,REG,13,NE,BUF,Home
2017_13_SF_CHI,2017,REG,13,SF,CHI,Home
2017_13_TB_GB,2017,REG,13,TB,GB,Home
2017_13_IND_JAX,2017,REG,13,IND,JAX,Home
2017_13_DEN_MIA,2017,REG,13,DEN,MIA,Home
2017_13_KC_NYJ,2017,REG,13,KC,NYJ,Home
2017_13_HOU_TEN,2017,REG,13,HOU,TEN,Home
2017_13_CLE_LAC,2017,REG,13,CLE,LAC,Home
2017_13_LA_ARI,2017,REG,13,LA,ARI,Home
2017_13_CAR_NO,2017,REG,13,CAR,NO,Home
2017_13_NYG_OAK,2017,REG,13,NYG,OAK,Home
2017_13_PHI_SEA,2017,REG,13,PHI,SEA,Home
2017_13_PIT_CIN,2017,REG,13,PIT,CIN,Home
2017_14_NO_ATL,2017,REG,14,NO,ATL,Home
2017_14_IND_BUF,2017,REG,14,IND,BUF,Home
2017_14_MIN_CAR,2017,REG,14,MIN,CAR,Home
2017_14_CHI_CIN,2017,REG,14,CHI,CIN,Home
2017_14_GB_CLE,2017,REG,14,GB,CLE,Home
2017_14_SF_HOU,2017,REG,14,SF,HOU,Home
2017_14_OAK_KC,2017,REG,14,OAK,KC,Home
2017_14_DAL_NYG,2017,REG,14,DAL,NYG,Home
2017_14_DET_TB,2017,REG,14,DET,TB,Home
2017_14_TEN_ARI,2017,REG,14,TEN,ARI,Home
2017_14_NYJ_DEN,2017,REG,14,NYJ,DEN,Home
2017_14_WAS_LAC,2017,REG,14,WAS,LAC,Home
2017_14_SEA_JAX,2017,REG,14,SEA,JAX,Home
2017_14_PHI_LA,2017,REG,14,PHI,LA,Home
2017_14_BAL_PIT,2017,REG,14,BAL,PIT,Home
2017_14_NE_MIA,2017,REG,14,NE,MIA,Home
2017_15_DEN_IND,2017,REG,15,DEN,IND,Home
2017_15_CHI_DET,2017,REG,15,CHI,DET,Home
2017_15_LAC_KC,2017,REG,15,LAC,KC,Home
2017_15_MIA_BUF,2017,REG,15,MIA,BUF,Home
2017_15_GB_CAR,2017,REG,15,GB,CAR,Home
2017_15_BAL_CLE,2017,REG,15,BAL,CLE,Home
2017_15_HOU_JAX,2017,REG,15,HOU,JAX,Home
2017_15_CIN_MIN,2017,REG,15,CIN,MIN,Home
2017_15_NYJ_NO,2017,REG,15,NYJ,NO,Home
2017_15_PHI_NYG,2017,REG,15,PHI,NYG,Home
2017_15_ARI_WAS,2017,REG,15,ARI,WAS,Home
2017_15_LA_SEA,2017,REG,15,LA,SEA,Home
2017_15_NE_PIT,2017,REG,15,NE,PIT,Home
2017_15_TEN_SF,2017,REG,15,TEN,SF,Home
2017_15_DAL_OAK,2017,REG,15,DAL,OAK,Home
2017_15_ATL_TB,2017,REG,15,ATL,TB,Home
2017_16_IND_BAL,2017,REG,16,IND,BAL,Home
2017_16_MIN_GB,2017,REG,16,MIN,GB,Home
2017_16_TB_CAR,2017,REG,16,TB,CAR,Home
2017_16_CLE_CHI,2017,REG,16,CLE,CHI,Home
2017_16_DET_CIN,2017,REG,16,DET,CIN,Home
2017_16_MIA_KC,2017,REG,16,MIA,KC,Home
2017_16_BUF_NE,2017,REG,16,BUF,NE,Home
2017_16_ATL_NO,2017,REG,16,ATL,NO,Home
2017_16_LAC_NYJ,2017,REG,16,LAC,NYJ,Home
2017_16_LA_TEN,2017,REG,16,LA,TEN,Home
2017_16_DEN_WAS,2017,REG,16,DEN,WAS,Home
2017_16_JAX_SF,2017,REG,16,JAX,SF,Home
2017_16_NYG_ARI,2017,REG,16,NYG,ARI,Home
2017_16_SEA_DAL,2017,REG,16,SEA,DAL,Home
2017_16_PIT_HOU,2017,REG,16,PIT,HOU,Home
2017_16_OAK_PHI,2017,REG,16,OAK,PHI,Home
2017_17_GB_DET,2017,REG,17,GB,DET,Home
2017_17_HOU_IND,2017,REG,17,HOU,IND,Home
2017_17_CHI_MIN,2017,REG,17,CHI,MIN,Home
2017_17_NYJ_NE,2017,REG,17,NYJ,NE,Home
2017_17_WAS_NYG,2017,REG,17,WAS,NYG,Home
2017_17_DAL_PHI,2017,REG,17,DAL,PHI,Home
2017_17_CLE_PIT,2017,REG,17,CLE,PIT,Home
2017_17_CAR_ATL,2017,REG,17,CAR,ATL,Home
2017_17_CIN_BAL,2017,REG,17,CIN,BAL,Home
2017_17_KC_DEN,2017,REG,17,KC,DEN,Home
2017_17_SF_LA,2017,REG,17,SF,LA,Home
2017_17_OAK_LAC,2017,REG,17,OAK,LAC,Home
2017_17_BUF_MIA,2017,REG,17,BUF,MIA,Home
2017_17_ARI_SEA,2017,REG,17,ARI,SEA,Home
2017_17_NO_TB,2017,REG,17,NO,TB,Home
2017_17_JAX_TEN,2017,REG,17,JAX,TEN,Home
2018_01_ATL_PHI,2018,REG,1,ATL,PHI,Home
2018_01_BUF_BAL,2018,REG,1,BUF,BAL,Home
2018_01_PIT_CLE,2018,REG,1,PIT,CLE,Home
2018_01_CIN_IND,2018,REG,1,CIN,IND,Home
2018_01_TEN_MIA,2018,REG,1,TEN,MIA,Home
2018_01_SF_MIN,2018,REG,1,SF,MIN,Home
2018_01_HOU_NE,2018,REG,1,HOU,NE,Home
2018_01_TB_NO,2018,REG,1,TB,NO,Home
2018_01_JAX_NYG,2018,REG,1,JAX,NYG,Home
2018_01_KC_LAC,2018,REG,1,KC,LAC,Home
2018_01_WAS_ARI,2018,REG,1,WAS,ARI,Home
2018_01_DAL_CAR,2018,REG,1,DAL,CAR,Home
2018_01_SEA_DEN,2018,REG,1,SEA,DEN,Home
2018_01_CHI_GB,2018,REG,1,CHI,GB,Home
2018_01_NYJ_DET,2018,REG,1,NYJ,DET,Home
2018_01_LA_OAK,2018,REG,1,LA,OAK,Home
2018_02_BAL_CIN,2018,REG,2,BAL,CIN,Home
2018_02_CAR_ATL,2018,REG,2,CAR,ATL,Home
2018_02_LAC_BUF,2018,REG,2,LAC,BUF,Home
2018_02_MIN_GB,2018,REG,2,MIN,GB,Home
2018_02_CLE_NO,2018,REG,2,CLE,NO,Home
2018_02_MIA_NYJ,2018,REG,2,MIA,NYJ,Home
2018_02_KC_PIT,2018,REG,2,KC,PIT,Home
2018_02_PHI_TB,2018,REG,2,PHI,TB,Home
2018_02_HOU_TEN,2018,REG,2,HOU,TEN,Home
2018_02_IND_WAS,2018,REG,2,IND,WAS,Home
2018_02_ARI_LA,2018,REG,2,ARI,LA,Home
2018_02_DET_SF,2018,REG,2,DET,SF,Home
2018_02_OAK_DEN,2018,REG,2,OAK,DEN,Home
2018_02_NE_JAX,2018,REG,2,NE,JAX,Home
2018_02_NYG_DAL,2018,REG,2,NYG,DAL,Home
2018_02_SEA_CHI,2018,REG,2,SEA,CHI,Home
2018_03_NYJ_CLE,2018,REG,3,NYJ,CLE,Home
2018_03_NO_ATL,2018,REG,3,NO,ATL,Home
2018_03_DEN_BAL,2018,REG,3,DEN,BAL,Home
2018_03_CIN_CAR,2018,REG,3,CIN,CAR,Home
2018_03_NYG_HOU,2018,REG,3,NYG,HOU,Home
2018_03_TEN_JAX,2018,REG,3,TEN,JAX,Home
2018_03_SF_KC,2018,REG,3,SF,KC,Home
2018_03_OAK_MIA,2018,REG,3,OAK,MIA,Home
2018_03_BUF_MIN,2018,REG,3,BUF,MIN,Home
2018_03_IND_PHI,2018,REG,3,IND,PHI,Home
2018_03_GB_WAS,2018,REG,3,GB,WAS,Home
2018_03_LAC_LA,2018,REG,3,LAC,LA,Home
2018_03_CHI_ARI,2018,REG,3,CHI,ARI,Home
2018_03_DAL_SEA,2018,REG,3,DAL,SEA,Home
2018_03_NE_DET,2018,REG,3,NE,DET,Home
2018_03_PIT_TB,2018,REG,3,PIT,TB,Home
2018_04_MIN_LA,2018,REG,4,MIN,LA,Home
2018_04_CIN_ATL,2018,REG,4,CIN,ATL,Home
2018_04_TB_CHI,2018,REG,4,TB,CHI,Home
2018_04_DET_DAL,2018,REG,4,DET,DAL,Home
2018_04_BUF_GB,2018,REG,4,BUF,GB,Home
2018_04_HOU_IND,2018,REG,4,HOU,IND,Home
2018_04_NYJ_JAX,2018,REG,4,NYJ,JAX,Home
2018_04_MIA_NE,2018,REG,4,MIA,NE,Home
2018_04_PHI_TEN,2018,REG,4,PHI,TEN,Home
2018_04_SEA_ARI,2018,REG,4,SEA,ARI,Home
2018_04_CLE_OAK,2018,REG,4,CLE,OAK,Home
2018_04_SF_LAC,2018,REG,4,SF,LAC,Home
2018_04_NO_NYG,2018,REG,4,NO,NYG,Home
2018_04_BAL_PIT,2018,REG,4,BAL,PIT,Home
2018_04_KC_DEN,2018,REG,4,KC,DEN,Home
2018_05_IND_NE,2018,REG,5,IND,NE,Home
2018_05_TEN_BUF,2018,REG,5,TEN,BUF,Home
2018_05_NYG_CAR,2018,REG,5,NYG,CAR,Home
2018_05_MIA_CIN,2018,REG,5,MIA,CIN,Home
2018_05_BAL_CLE,2018,REG,5,BAL,CLE,Home
2018_05_GB_DET,2018,REG,5,GB,DET,Home
2018_05_JAX_KC,2018,REG,5,JAX,KC,Home
2018_05_DEN_NYJ,2018,REG,5,DEN,NYJ,Home
2018_05_ATL_PIT,2018,REG,5,ATL,PIT,Home
2018_05_OAK_LAC,2018,REG,5,OAK,LAC,Home
2018_05_MIN_PHI,2018,REG,5,MIN,PHI,Home
2018_05_LA_SEA,2018,REG,5,LA,SEA,Home
2018_05_ARI_SF,2018,REG,5,ARI,SF,Home
2018_05_DAL_HOU,2018,REG,5,DAL,HOU,Home
2018_05_WAS_NO,2018,REG,5,WAS,NO,Home
2018_06_PHI_NYG,2018,REG,6,PHI,NYG,Home
2018_06_TB_ATL,2018,REG,6,TB,ATL,Home
2018_06_PIT_CIN,2018,REG,6,PIT,CIN,Home
2018_06_LAC_CLE,2018,REG,6,LAC,CLE,Home
2018_06_BUF_HOU,2018,REG,6,BUF,HOU,Home
2018_06_CHI_MIA,2018,REG,6,CHI,MIA,Home
2018_06_ARI_MIN,2018,REG,6,ARI,MIN,Home
2018_06_IND_NYJ,2018,REG,6,IND,NYJ,Home
2018_06_SEA_OAK,2018,REG,6,SEA,OAK,Neutral
2018_06_CAR_WAS,2018,REG,6,CAR,WAS,Home
2018_06_LA_DEN,2018,REG,6,LA,DEN,Home
2018_06_JAX_DAL,2018,REG,6,JAX,DAL,Home
2018_06_BAL_TEN,2018,REG,6,BAL,TEN,Home
2018_06_KC_NE,2018,REG,6,KC,NE,Home
2018_06_SF_GB,2018,REG,6,SF,GB,Home
2018_07_DEN_ARI,2018,REG,7,DEN,ARI,Home
2018_07_NE_CHI,2018,REG,7,NE,CHI,Home
2018_07_BUF_IND,2018,REG,7,BUF,IND,Home
2018_07_HOU_JAX,2018,REG,7,HOU,JAX,Home
2018_07_DET_MIA,2018,REG,7,DET,MIA,Home
2018_07_MIN_NYJ,2018,REG,7,MIN,NYJ,Home
2018_07_CAR_PHI,2018,REG,7,CAR,PHI,Home
2018_07_CLE_TB,2018,REG,7,CLE,TB,Home
2018_07_NO_BAL,2018,REG,7,NO,BAL,Home
2018_07_LA_SF,2018,REG,7,LA,SF,Home
2018_07_DAL_WAS,2018,REG,7,DAL,WAS,Home
2018_07_CIN_KC,2018,REG,7,CIN,KC,Home
2018_07_TEN_LAC,2018,REG,7,TEN,LAC,Neutral
2018_07_NYG_ATL,2018,REG,7,NYG,ATL,Home
2018_08_MIA_HOU,2018,REG,8,MIA,HOU,Home
2018_08_BAL_CAR,2018,REG,8,BAL,CAR,Home
2018_08_NYJ_CHI,2018,REG,8,NYJ,CHI,Home
2018_08_TB_CIN,2018,REG,8,TB,CIN,Home
2018_08_SEA_DET,2018,REG,8,SEA,DET,Home
2018_08_DEN_KC,2018,REG,8,DEN,KC,Home
2018_08_WAS_NYG,2018,REG,8,WAS,NYG,Home
2018_08_CLE_PIT,2018,REG,8,CLE,PIT,Home
2018_08_IND_OAK,2018,REG,8,IND,OAK,Home
2018_08_SF_ARI,2018,REG,8,SF,ARI,Home
2018_08_GB_LA,2018,REG,8,GB,LA,Home
2018_08_NO_MIN,2018,REG,8,NO,MIN,Home
2018_08_PHI_JAX,2018,REG,8,PHI,JAX,Neutral
2018_08_NE_BUF,2018,REG,8,NE,BUF,Home
2018_09_OAK_SF,2018,REG,9,OAK,SF,Home
2018_09_PIT_BAL,2018,REG,9,PIT,BAL,Home
2018_09_CHI_BUF,2018,REG,9,CHI,BUF,Home
2018_09_TB_CAR,2018,REG,9,TB,CAR,Home
2018_09_KC_CLE,2018,REG,9,KC,CLE,Home
2018_09_NYJ_MIA,2018,REG,9,NYJ,MIA,Home
2018_09_DET_MIN,2018,REG,9,DET,MIN,Home
2018_09_ATL_WAS,2018,REG,9,ATL,WAS,Home
2018_09_HOU_DEN,2018,REG,9,HOU,DEN,Home
2018_09_LAC_SEA,2018,REG,9,LAC,SEA,Home
2018_09_LA_NO,2018,REG,9,LA,NO,Home
2018_09_GB_NE,2018,REG,9,GB,NE,Home
2018_09_TEN_DAL,2018,REG,9,TEN,DAL,Home
2018_10_CAR_PIT,2018,REG,10,CAR,PIT,Home
2018_10_DET_CHI,2018,REG,10,DET,CHI,Home
2018_10_NO_CIN,2018,REG,10,NO,CIN,Home
2018_10_ATL_CLE,2018,REG,10,ATL,CLE,Home
2018_10_JAX_IND,2018,REG,10,JAX,IND,Home
2018_10_ARI_KC,2018,REG,10,ARI,KC,Home
2018_10_BUF_NYJ,2018,REG,10,BUF,NYJ,Home
2018_10_WAS_TB,2018,REG,10,WAS,TB,Home
2018_10_NE_TEN,2018,REG,10,NE,TEN,Home
2018_10_LAC_OAK,2018,REG,10,LAC,OAK,Home
2018_10_MIA_GB,2018,REG,10,MIA,GB,Home
2018_10_SEA_LA,2018,REG,10,SEA,LA,Home
2018_10_DAL_PHI,2018,REG,10,DAL,PHI,Home
2018_10_NYG_SF,2018,REG,10,NYG,SF,Home
2018_11_GB_SEA,2018,REG,11,GB,SEA,Home
2018_11_DAL_ATL,2018,REG,11,DAL,ATL,Home
2018_11_CIN_BAL,2018,REG,11,CIN,BAL,Home
2018_11_CAR_DET,2018,REG,11,CAR,DET,Home
2018_11_TEN_IND,2018,REG,11,TEN,IND,Home
2018_11_PIT_JAX,2018,REG,11,PIT,JAX,Home
2018_11_TB_NYG,2018,REG,11,TB,NYG,Home
2018_11_HOU_WAS,2018,REG,11,HOU,WAS,Home
2018_11_OAK_ARI,2018,REG,11,OAK,ARI,Home
2018_11_DEN_LAC,2018,REG,11,DEN,LAC,Home
2018_11_PHI_NO,2018,REG,11,PHI,NO,Home
2018_11_MIN_CHI,2018,REG,11,MIN,CHI,Home
2018_11_KC_LA,2018,REG,11,KC,LA,Home
2018_12_CHI_DET,2018,REG,12,CHI,DET,Home
2018_12_WAS_DAL,2018,REG,12,WAS,DAL,Home
2018_12_ATL_NO,2018,REG,12,ATL,NO,Home
2018_12_OAK_BAL,2018,REG,12,OAK,BAL,Home
2018_12_JAX_BUF,2018,REG,12,JAX,BUF,Home
2018_12_SEA_CAR,2018,REG,12,SEA,CAR,Home
2018_12_CLE_CIN,2018,REG,12,CLE,CIN,Home
2018_12_NE_NYJ,2018,REG,12,NE,NYJ,Home
2018_12_NYG_PHI,2018,REG,12,NYG,PHI,Home
2018_12_SF_TB,2018,REG,12,SF,TB,Home
2018_12_ARI_LAC,2018,REG,12,ARI,LAC,Home
2018_12_PIT_DEN,2018,REG,12,PIT,DEN,Home
2018_12_MIA_IND,2018,REG,12,MIA,IND,Home
2018_12_GB_MIN,2018,REG,12,GB,MIN,Home
2018_12_TEN_HOU,2018,REG,12,TEN,HOU,Home
2018_13_NO_DAL,2018,REG,13,NO,DAL,Home
2018_13_BAL_ATL,2018,REG,13,BAL,ATL,Home
2018_13_DEN_CIN,2018,REG,13,DEN,CIN,Home
2018_13_LA_DET,2018,REG,13,LA,DET,Home
2018_13_ARI_GB,2018,REG,13,ARI,GB,Home
2018_13_CLE_HOU,2018,REG,13,CLE,HOU,Home
2018_13_IND_JAX,2018,REG,13,IND,JAX,Home
2018_13_BUF_MIA,2018,REG,13,BUF,MIA,Home
2018_13_CHI_NYG,2018,REG,13,CHI,NYG,Home
2018_13_CAR_TB,2018,REG,13,CAR,TB,Home
2018_13_KC_OAK,2018,REG,13,KC,OAK,Home
2018_13_NYJ_TEN,2018,REG,13,NYJ,TEN,Home
2018_13_MIN_NE,2018,REG,13,MIN,NE,Home
2018_13_SF_SEA,2018,REG,13,SF,SEA,Home
2018_13_LAC_PIT,2018,REG,13,LAC,PIT,Home
2018_13_WAS_PHI,2018,REG,13,WAS,PHI,Home
2018_14_JAX_TEN,2018,REG,14,JAX,TEN,Home
2018_14_NYJ_BUF,2018,REG,14,NYJ,BUF,Home
2018_14_CAR_CLE,2018,REG,14,CAR,CLE,Home
2018_14_ATL_GB,2018,REG,14,ATL,GB,Home
2018_14_IND_HOU,2018,REG,14,IND,HOU,Home
2018_14_BAL_KC,2018,REG,14,BAL,KC,Home
2018_14_NE_MIA,2018,REG,14,NE,MIA,Home
2018_14_NO_TB,2018,REG,14,NO,TB,Home
2018_14_NYG_WAS,2018,REG,14,NYG,WAS,Home
2018_14_CIN_LAC,2018,REG,14,CIN,LAC,Home
2018_14_DEN_SF,2018,REG,14,DEN,SF,Home
2018_14_DET_ARI,2018,REG,14,DET,ARI,Home
2018_14_PHI_DAL,2018,REG,14,PHI,DAL,Home
2018_14_PIT_OAK,2018,REG,14,PIT,OAK,Home
2018_14_LA_CHI,2018,REG,14,LA,CHI,Home
2018_14_MIN_SEA,2018,REG,14,MIN,SEA,Home
2018_15_LAC_KC,2018,REG,15,LAC,KC,Home
2018_15_HOU_NYJ,2018,REG,15,HOU,NYJ,Home
2018_15_CLE_DEN,2018,REG,15,CLE,DEN,Home
2018_15_ARI_ATL,2018,REG,15,ARI,ATL,Home
2018_15_TB_BAL,2018,REG,15,TB,BAL,Home
2018_15_DET_BUF,2018,REG,15,DET,BUF,Home
2018_15_GB_CHI,2018,REG,15,GB,CHI,Home
2018_15_OAK_CIN,2018,REG,15,OAK,CIN,Home
2018_15_DAL_IND,2018,REG,15,DAL,IND,Home
2018_15_WAS_JAX,2018,REG,15,WAS,JAX,Home
2018_15_MIA_MIN,2018,REG,15,MIA,MIN,Home
2018_15_TEN_NYG,2018,REG,15,TEN,NYG,Home
2018_15_SEA_SF,2018,REG,15,SEA,SF,Home
2018_15_NE_PIT,2018,REG,15,NE,PIT,Home
2018_15_PHI_LA,2018,REG,15,PHI,LA,Home
2018_15_NO_CAR,2018,REG,15,NO,CAR,Home
2018_16_WAS_TEN,2018,REG,16,WAS,TEN,Home
2018_16_BAL_LAC,2018,REG,16,BAL,LAC,Home
2018_16_ATL_CAR,2018,REG,16,ATL,CAR,Home
2018_16_CIN_CLE,2018,REG,16,CIN,CLE,Home
2018_16_TB_DAL,2018,REG,16,TB,DAL,Home
2018_16_MIN_DET,2018,REG,16,MIN,DET,Home
2018_16_NYG_IND,2018,REG,16,NYG,IND,Home
2018_16_JAX_MIA,2018,REG,16,JAX,MIA,Home
2018_16_BUF_NE,2018,REG,16,BUF,NE,Home
2018_16_GB_NYJ,2018,REG,16,GB,NYJ,Home
2018_16_HOU_PHI,2018,REG,16,HOU,PHI,Home
2018_16_LA_ARI,2018,REG,16,LA,ARI,Home
2018_16_CHI_SF,2018,REG,16,CHI,SF,Home
2018_16_PIT_NO,2018,REG,16,PIT,NO,Home
2018_16_KC_SEA,2018,REG,16,KC,SEA,Home
2018_16_DEN_OAK,2018,REG,16,DEN,OAK,Home
2018_17_MIA_BUF,2018,REG,17,MIA,BUF,Home
2018_17_DET_GB,2018,REG,17,DET,GB,Home
2018_17_JAX_HOU,2018,REG,17,JAX,HOU,Home
2018_17_NYJ_NE,2018,REG,17,NYJ,NE,Home
2018_17_CAR_NO,2018,REG,17,CAR,NO,Home
2018_17_DAL_NYG,2018,REG,17,DAL,NYG,Home
2018_17_ATL_TB,2018,REG,17,ATL,TB,Home
2018_17_CLE_BAL,2018,REG,17,CLE,BAL,Home
2018_17_LAC_DEN,2018,REG,17,LAC,DEN,Home
2018_17_OAK_KC,2018,REG,17,OAK,KC,Home
2018_17_SF_LA,2018,REG,17,SF,LA,Home
2018_17_CHI_MIN,2018,REG,17,CHI,MIN,Home
2018_17_CIN_PIT,2018,REG,17,CIN,PIT,Home
2018_17_ARI_SEA,2018,REG,17,ARI,SEA,Home
2018_17_PHI_WAS,2018,REG,17,PHI,WAS,Home
2018_17_IND_TEN,2018,REG,17,IND,TEN,Home
2019_01_GB_CHI,2019,REG,1,GB,CHI,Home
2019_01_LA_CAR,2019,REG,1,LA,CAR,Home
2019_01_TEN_CLE,2019,REG,1,TEN,CLE,Home
2019_01_KC_JAX,2019,REG,1,KC,JAX,Home
2019_01_BAL_MIA,2019,REG,1,BAL,MIA,Home
2019_01_ATL_MIN,2019,REG,1,ATL,MIN,Home
2019_01_BUF_NYJ,2019,REG,1,BUF,NYJ,Home
2019_01_WAS_PHI,2019,REG,1,WAS,PHI,Home
2019_01_IND_LAC,2019,REG,1,IND,LAC,Home
2019_01_CIN_SEA,2019,REG,1,CIN,SEA,Home
2019_01_DET_ARI,2019,REG,1,DET,ARI,Home
2019_01_NYG_DAL,2019,REG,1,NYG,DAL,Home
2019_01_SF_TB,2019,REG,1,SF,TB,Home
2019_01_PIT_NE,2019,REG,1,PIT,NE,Home
2019_01_HOU_NO,2019,REG,1,HOU,NO,Home
2019_01_DEN_OAK,2019,REG,1,DEN,OAK,Home
2019_02_TB_CAR,2019,REG,2,TB,CAR,Home
2019_02_ARI_BAL,2019,REG,2,ARI,BAL,Home
2019_02_SF_CIN,2019,REG,2,SF,CIN,Home
2019_02_LAC_DET,2019,REG,2,LAC,DET,Home
2019_02_MIN_GB,2019,REG,2,MIN,GB,Home
2019_02_JAX_HOU,2019,REG,2,JAX,HOU,Home
2019_02_NE_MIA,2019,REG,2,NE,MIA,Home
2019_02_BUF_NYG,2019,REG,2,BUF,NYG,Home
2019_02_SEA_PIT,2019,REG,2,SEA,PIT,Home
2019_02_IND_TEN,2019,REG,2,IND,TEN,Home
2019_02_DAL_WAS,2019,REG,2,DAL,WAS,Home
2019_02_KC_OAK,2019,REG,2,KC,OAK,Home
2019_02_CHI_DEN,2019,REG,2,CHI,DEN,Home
2019_02_NO_LA,2019,REG,2,NO,LA,Home
2019_02_PHI_ATL,2019,REG,2,PHI,ATL,Home
2019_02_CLE_NYJ,2019,REG,2,CLE,NYJ,Home
2019_03_TEN_JAX,2019,REG,3,TEN,JAX,Home
2019_03_CIN_BUF,2019,REG,3,CIN,BUF,Home
2019_03_MIA_DAL,2019,REG,3,MIA,DAL,Home
2019_03_DEN_GB,2019,REG,3,DEN,GB,Home
2019_03_ATL_IND,2019,REG,3,ATL,IND,Home
2019_03_BAL_KC,2019,REG,3,BAL,KC,Home
2019_03_OAK_MIN,2019,REG,3,OAK,MIN,Home
2019_03_NYJ_NE,2019,REG,3,NYJ,NE,Home
2019_03_DET_PHI,2019,REG,3,DET,PHI,Home
2019_03_CAR_ARI,2019,REG,3,CAR,ARI,Home
2019_03_NYG_TB,2019,REG,3,NYG,TB,Home
2019_03_HOU_LAC,2019,REG,3,HOU,LAC,Home
2019_03_NO_SEA,2019,REG,3,NO,SEA,Home
2019_03_PIT_SF,2019,REG,3,PIT,SF,Home
2019_03_LA_CLE,2019,REG,3,LA,CLE,Home
2019_03_CHI_WAS,2019,REG,3,CHI,WAS,Home
2019_04_PHI_GB,2019,REG,4,PHI,GB,Home
2019_04_TEN_ATL,2019,REG,4,TEN,ATL,Home
2019_04_CLE_BAL,2019,REG,4,CLE,BAL,Home
2019_04_NE_BUF,2019,REG,4,NE,BUF,Home
2019_04_KC_DET,2019,REG,4,KC,DET,Home
2019_04_CAR_HOU,2019,REG,4,CAR,HOU,Home
2019_04_OAK_IND,2019,REG,4,OAK,IND,Home
2019_04_LAC_MIA,2019,REG,4,LAC,MIA,Home
2019_04_WAS_NYG,2019,REG,4,WAS,NYG,Home
2019_04_SEA_ARI,2019,REG,4,SEA,ARI,Home
2019_04_TB_LA,2019,REG,4,TB,LA,Home
2019_04_MIN_CHI,2019,REG,4,MIN,CHI,Home
2019_04_JAX_DEN,2019,REG,4,JAX,DEN,Home
2019_04_DAL_NO,2019,REG,4,DAL,NO,Home
2019_04_CIN_PIT,2019,REG,4,CIN,PIT,Home
2019_05_LA_SEA,2019,REG,5,LA,SEA,Home
2019_05_JAX_CAR,2019,REG,5,JAX,CAR,Home
2019_05_ARI_CIN,2019,REG,5,ARI,CIN,Home
2019_05_ATL_HOU,2019,REG,5,ATL,HOU,Home
2019_05_TB_NO,2019,REG,5,TB,NO,Home
2019_05_MIN_NYG,2019,REG,5,MIN,NYG,Home
2019_05_CHI_OAK,2019,REG,5,CHI,OAK,Neutral
2019_05_NYJ_PHI,2019,REG,5,NYJ,PHI,Home
2019_05_BAL_PIT,2019,REG,5,BAL,PIT,Home
2019_05_BUF_TEN,2019,REG,5,BUF,TEN,Home
2019_05_NE_WAS,2019,REG,5,NE,WAS,Home
2019_05_DEN_LAC,2019,REG,5,DEN,LAC,Home
2019_05_GB_DAL,2019,REG,5,GB,DAL,Home
2019_05_IND_KC,2019,REG,5,IND,KC,Home
2019_05_CLE_SF,2019,REG,5,CLE,SF,Home
2019_06_NYG_NE,2019,REG,6,NYG,NE,Home
2019_06_CAR_TB,2019,REG,6,CAR,TB,Neutral
2019_06_CIN_BAL,2019,REG,6,CIN,BAL,Home
2019_06_SEA_CLE,2019,REG,6,SEA,CLE,Home
2019_06_NO_JAX,2019,REG,6,NO,JAX,Home
2019_06_HOU_KC,2019,REG,6,HOU,KC,Home
2019_06_WAS_MIA,2019,REG,6,WAS,MIA,Home
2019_06_PHI_MIN,2019,REG,6,PHI,MIN,Home
2019_06_ATL_ARI,2019,REG,6,ATL,ARI,Home
2019_06_SF_LA,2019,REG,6,SF,LA,Home
2019_06_TEN_DEN,2019,REG,6,TEN,DEN,Home
2019_06_DAL_NYJ,2019,REG,6,DAL,NYJ,Home
2019_06_PIT_LAC,2019,REG,6,PIT,LAC,Home
2019_06_DET_GB,2019,REG,6,DET,GB,Home
2019_07_KC_DEN,2019,REG,7,KC,DEN,Home
2019_07_LA_ATL,2019,REG,7,LA,ATL,Home
2019_07_MIA_BUF,2019,REG,7,MIA,BUF,Home
2019_07_JAX_CIN,2019,REG,7,JAX,CIN,Home
2019_07_MIN_DET,2019,REG,7,MIN,DET,Home
2019_07_OAK_GB,2019,REG,7,OAK,GB,Home
2019_07_HOU_IND,2019,REG,7,HOU,IND,Home
2019_07_ARI_NYG,2019,REG,7,ARI,NYG,Home
2019_07_SF_WAS,2019,REG,7,SF,WAS,Home
2019_07_LAC_TEN,2019,REG,7,LAC,TEN,Home
2019_07_NO_CHI,2019,REG,7,NO,CHI,Home
2019_07_BAL_SEA,2019,REG,7,BAL,SEA,Home
2019_07_PHI_DAL,2019,REG,7,PHI,DAL,Home
2019_07_NE_NYJ,2019,REG,7,NE,NYJ,Home
2019_08_WAS_MIN,2019,REG,8,WAS,MIN,Home
2019_08_SEA_ATL,2019,REG,8,SEA,ATL,Home
2019_08_PHI_BUF,2019,REG,8,PHI,BUF,Home
2019_08_LAC_CHI,2019,REG,8,LAC,CHI,Home
2019_08_NYG_DET,2019,REG,8,NYG,DET,Home
2019_08_DEN_IND,2019,REG,8,DEN,IND,Home
2019_08_NYJ_JAX,2019,REG,8,NYJ,JAX,Home
2019_08_CIN_LA,2019,REG,8,CIN,LA,Neutral
2019_08_ARI_NO,2019,REG,8,ARI,NO,Home
2019_08_TB_TEN,2019,REG,8,TB,TEN,Home
2019_08_CAR_SF,2019,REG,8,CAR,SF,Home
2019_08_OAK_HOU,2019,REG,8,OAK,HOU,Home
2019_08_CLE_NE,2019,REG,8,CLE,NE,Home
2019_08_GB_KC,2019,REG,8,GB,KC,Home
2019_08_MIA_PIT,2019,REG,8,MIA,PIT,Home
2019_09_SF_ARI,2019,REG,9,SF,ARI,Home
2019_09_HOU_JAX,2019,REG,9,HOU,JAX,Neutral
2019_09_WAS_BUF,2019,REG,9,WAS,BUF,Home
2019_09_TEN_CAR,2019,REG,9,TEN,CAR,Home
2019_09_MIN_KC,2019,REG,9,MIN,KC,Home
2019_09_NYJ_MIA,2019,REG,9,NYJ,MIA,Home
2019_09_CHI_PHI,2019,REG,9,CHI,PHI,Home
2019_09_IND_PIT,2019,REG,9,IND,PIT,Home
2019_09_DET_OAK,2019,REG,9,DET,OAK,Home
2019_09_TB_SEA,2019,REG,9,TB,SEA,Home
2019_09_CLE_DEN,2019,REG,9,CLE,DEN,Home
2019_09_GB_LAC,2019,REG,9,GB,LAC,Home
2019_09_NE_BAL,2019,REG,9,NE,BAL,Home
2019_09_DAL_NYG,2019,REG,9,DAL,NYG,Home
2019_10_LAC_OAK,2019,REG,10,LAC,OAK,Home
2019_10_DET_CHI,2019,REG,10,DET,CHI,Home
2019_10_BAL_CIN,2019,REG,10,BAL,CIN,Home
2019_10_BUF_CLE,2019,REG,10,BUF,CLE,Home
2019_10_ATL_NO,2019,REG,10,ATL,NO,Home
2019_10_NYG_NYJ,2019,REG,10,NYG,NYJ,Home
2019_10_ARI_TB,2019,REG,10,ARI,TB,Home
2019_10_KC_TEN,2019,REG,10,KC,TEN,Home
2019_10_MIA_IND,2019,REG,10,MIA,IND,Home
2019_10_CAR_GB,2019,REG,10,CAR,GB,Home
2019_10_LA_PIT,2019,REG,10,LA,PIT,Home
2019_10_MIN_DAL,2019,REG,10,MIN,DAL,Home
2019_10_SEA_SF,2019,REG,10,SEA,SF,Home
2019_11_PIT_CLE,2019,REG,11,PIT,CLE,Home
2019_11_HOU_BAL,2019,REG,11,HOU,BAL,Home
2019_11_ATL_CAR,2019,REG,11,ATL,CAR,Home
2019_11_DAL_DET,2019,REG,11,DAL,DET,Home
2019_11_JAX_IND,2019,REG,11,JAX,IND,Home
2019_11_BUF_MIA,2019,REG,11,BUF,MIA,Home
2019_11_DEN_MIN,2019,REG,11,DEN,MIN,Home
2019_11_NO_TB,2019,REG,11,NO,TB,Home
2019_11_NYJ_WAS,2019,REG,11,NYJ,WAS,Home
2019_11_ARI_SF,2019,REG,11,ARI,SF,Home
2019_11_CIN_OAK,2019,REG,11,CIN,OAK,Home
2019_11_NE_PHI,2019,REG,11,NE,PHI,Home
2019_11_CHI_LA,2019,REG,11,CHI,LA,Home
2019_11_KC_LAC,2019,REG,11,KC,LAC,Neutral
2019_12_IND_HOU,2019,REG,12,IND,HOU,Home
2019_12_TB_ATL,2019,REG,12,TB,ATL,Home
2019_12_DEN_BUF,2019,REG,12,DEN,BUF,Home
2019_12_NYG_CHI,2019,REG,12,NYG,CHI,Home
2019_12_PIT_CIN,2019,REG,12,PIT,CIN,Home
2019_12_MIA_CLE,2019,REG,12,MIA,CLE,Home
2019_12_CAR_NO,2019,REG,12,CAR,NO,Home
2019_12_OAK_NYJ,2019,REG,12,OAK,NYJ,Home
2019_12_SEA_PHI,2019,REG,12,SEA,PHI,Home
2019_12_DET_WAS,2019,REG,12,DET,WAS,Home
2019_12_JAX_TEN,2019,REG,12,JAX,TEN,Home
2019_12_DAL_NE,2019,REG,12,DAL,NE,Home
2019_12_GB_SF,2019,REG,12,GB,SF,Home
2019_12_BAL_LA,2019,REG,12,BAL,LA,Home
2019_13_CHI_DET,2019,REG,13,CHI,DET,Home
2019_13_BUF_DAL,2019,REG,13,BUF,DAL,Home
2019_13_NO_ATL,2019,REG,13,NO,ATL,Home
2019_13_SF_BAL,2019,REG,13,SF,BAL,Home
2019_13_WAS_CAR,2019,REG,13,WAS,CAR,Home
2019_13_NYJ_CIN,2019,REG,13,NYJ,CIN,Home
2019_13_TEN_IND,2019,REG,13,TEN,IND,Home
2019_13_TB_JAX,2019,REG,13,TB,JAX,Home
2019_13_PHI_MIA,2019,REG,13,PHI,MIA,Home
2019_13_GB_NYG,2019,REG,13,GB,NYG,Home
2019_13_CLE_PIT,2019,REG,13,CLE,PIT,Home
2019_13_LA_ARI,2019,REG,13,LA,ARI,Home
2019_13_LAC_DEN,2019,REG,13,LAC,DEN,Home
2019_13_OAK_KC,2019,REG,13,OAK,KC,Home
2019_13_NE_HOU,2019,REG,13,NE,HOU,Home
2019_13_MIN_SEA,2019,REG,13,MIN,SEA,Home
2019_14_DAL_CHI,2019,REG,14,DAL,CHI,Home
2019_14_CAR_ATL,2019,REG,14,CAR,ATL,Home
2019_14_BAL_BUF,2019,REG,14,BAL,BUF,Home
2019_14_CIN_CLE,2019,REG,14,CIN,CLE,Home
2019_14_WAS_GB,2019,REG,14,WAS,GB,Home
2019_14_DEN_HOU,2019,REG,14,DEN,HOU,Home
2019_14_DET_MIN,2019,REG,14,DET,MIN,Home
2019_14_SF_NO,2019,REG,14,SF,NO,Home
2019_14_MIA_NYJ,2019,REG,14,MIA,NYJ,Home
2019_14_IND_TB,2019,REG,14,IND,TB,Home
2019_14_LAC_JAX,2019,REG,14,LAC,JAX,Home
2019_14_PIT_ARI,2019,REG,14,PIT,ARI,Home
2019_14_KC_NE,2019,REG,14,KC,NE,Home
2019_14_TEN_OAK,2019,REG,14,TEN,OAK,Home
2019_14_SEA_LA,2019,REG,14,SEA,LA,Home
2019_14_NYG_PHI,2019,REG,14,NYG,PHI,Home
2019_15_NYJ_BAL,2019,REG,15,NYJ,BAL,Home
2019_15_SEA_CAR,2019,REG,15,SEA,CAR,Home
2019_15_NE_CIN,2019,REG,15,NE,CIN,Home
2019_15_TB_DET,2019,REG,15,TB,DET,Home
2019_15_CHI_GB,2019,REG,15,CHI,GB,Home
2019_15_DEN_KC,2019,REG,15,DEN,KC,Home
2019_15_MIA_NYG,2019,REG,15,MIA,NYG,Home
2019_15_HOU_TEN,2019,REG,15,HOU,TEN,Home
2019_15_PHI_WAS,2019,REG,15,PHI,WAS,Home
2019_15_CLE_ARI,2019,REG,15,CLE,ARI,Home
2019_15_MIN_LAC,2019,REG,15,MIN,LAC,Home
2019_15_JAX_OAK,2019,REG,15,JAX,OAK,Home
2019_15_LA_DAL,2019,REG,15,LA,DAL,Home
2019_15_ATL_SF,2019,REG,15,ATL,SF,Home
2019_15_BUF_PIT,2019,REG,15,BUF,PIT,Home
2019_15_IND_NO,2019,REG,15,IND,NO,Home
2019_16_HOU_TB,2019,REG,16,HOU,TB,Home
2019_16_BUF_NE,2019,REG,16,BUF,NE,Home
2019_16_LA_SF,2019,REG,16,LA,SF,Home
2019_16_JAX_ATL,2019,REG,16,JAX,ATL,Home
2019_16_BAL_CLE,2019,REG,16,BAL,CLE,Home
2019_16_CAR_IND,2019,REG,16,CAR,IND,Home
2019_16_CIN_MIA,2019,REG,16,CIN,MIA,Home
2019_16_PIT_NYJ,2019,REG,16,PIT,NYJ,Home
2019_16_NO_TEN,2019,REG,16,NO,TEN,Home
2019_16_NYG_WAS,2019,REG,16,NYG,WAS,Home
2019_16_DET_DEN,2019,REG,16,DET,DEN,Home
2019_16_OAK_LAC,2019,REG,16,OAK,LAC,Home
2019_16_DAL_PHI,2019,REG,16,DAL,PHI,Home
2019_16_ARI_SEA,2019,REG,16,ARI,SEA,Home
2019_16_KC_CHI,2019,REG,16,KC,CHI,Home
2019_16_GB_MIN,2019,REG,16,GB,MIN,Home
2019_17_NYJ_BUF,2019,REG,17,NYJ,BUF,Home
2019_17_NO_CAR,2019,REG,17,NO,CAR,Home
2019_17_CLE_CIN,2019,REG,17,CLE,CIN,Home
2019_17_GB_DET,2019,REG,17,GB,DET,Home
2019_17_LAC_KC,2019,REG,17,LAC,KC,Home
2019_17_CHI_MIN,2019,REG,17,CHI,MIN,Home
2019_17_MIA_NE,2019,REG,17,MIA,NE,Home
2019_17_ATL_TB,2019,REG,17,ATL,TB,Home
2019_17_PIT_BAL,2019,REG,17,PIT,BAL,Home
2019_17_WAS_DAL,2019,REG,17,WAS,DAL,Home
2019_17_OAK_DEN,2019,REG,17,OAK,DEN,Home
2019_17_TEN_HOU,2019,REG,17,TEN,HOU,Home
2019_17_IND_JAX,2019,REG,17,IND,JAX,Home
2019_17_ARI_LA,2019,REG,17,ARI,LA,Home
2019_17_PHI_NYG,2019,REG,17,PHI,NYG,Home
2019_17_SF_SEA,2019,REG,17,SF,SEA,Home
2020_01_HOU_KC,2020,REG,1,HOU,KC,Home
2020_01_SEA_ATL,2020,REG,1,SEA,ATL,Home
2020_01_CLE_BAL,2020,REG,1,CLE,BAL,Home
2020_01_NYJ_BUF,2020,REG,1,NYJ,BUF,Home
2020_01_LV_CAR,2020,REG,1,LV,CAR,Home
2020_01_CHI_DET,2020,REG,1,CHI,DET,Home
2020_01_IND_JAX,2020,REG,1,IND,JAX,Home
2020_01_GB_MIN,2020,REG,1,GB,MIN,Home
2020_01_MIA_NE,2020,REG,1,MIA,NE,Home
2020_01_PHI_WAS,2020,REG,1,PHI,WAS,Home
2020_01_LAC_CIN,2020,REG,1,LAC,CIN,Home
2020_01_TB_NO,2020,REG,1,TB,NO,Home
2020_01_ARI_SF,2020,REG,1,ARI,SF,Home
2020_01_DAL_LA,2020,REG,1,DAL,LA,Home
2020_01_PIT_NYG,2020,REG,1,PIT,NYG,Home
2020_01_TEN_DEN,2020,REG,1,TEN,DEN,Home
2020_02_CIN_CLE,2020,REG,2,CIN,CLE,Home
2020_02_NYG_CHI,2020,REG,2,NYG,CHI,Home
2020_02_ATL_DAL,2020,REG,2,ATL,DAL,Home
2020_02_DET_GB,2020,REG,2,DET,GB,Home
2020_02_MIN_IND,2020,REG,2,MIN,IND,Home
2020_02_BUF_MIA,2020,REG,2,BUF,MIA,Home
2020_02_SF_NYJ,2020,REG,2,SF,NYJ,Home
2020_02_LA_PHI,2020,REG,2,LA,PHI,Home
2020_02_DEN_PIT,2020,REG,2,DEN,PIT,Home
2020_02_CAR_TB,2020,REG,2,CAR,TB,Home
2020_02_JAX_TEN,2020,REG,2,JAX,TEN,Home
2020_02_WAS_ARI,2020,REG,2,WAS,ARI,Home
2020_02_BAL_HOU,2020,REG,2,BAL,HOU,Home
2020_02_KC_LAC,2020,REG,2,KC,LAC,Home
2020_02_NE_SEA,2020,REG,2,NE,SEA,Home
2020_02_NO_LV,2020,REG,2,NO,LV,Home
2020_03_MIA_JAX,2020,REG,3,MIA,JAX,Home
2020_03_CHI_ATL,2020,REG,3,CHI,ATL,Home
2020_03_LA_BUF,2020,REG,3,LA,BUF,Home
2020_03_WAS_CLE,2020,REG,3,WAS,CLE,Home
2020_03_TEN_MIN,2020,REG,3,TEN,MIN,Home
2020_03_LV_NE,2020,REG,3,LV,NE,Home
2020_03_SF_NYG,2020,REG,3,SF,NYG,Home
2020_03_CIN_PHI,2020,REG,3,CIN,PHI,Home
2020_03_HOU_PIT,2020,REG,3,HOU,PIT,Home
2020_03_NYJ_IND,2020,REG,3,NYJ,IND,Home
2020_03_CAR_LAC,2020,REG,3,CAR,LAC,Home
2020_03_DET_ARI,2020,REG,3,DET,ARI,Home
2020_03_TB_DEN,2020,REG,3,TB,DEN,Home
2020_03_DAL_SEA,2020,REG,3,DAL,SEA,Home
2020_03_GB_NO,2020,REG,3,GB,NO,Home
2020_03_KC_BAL,2020,REG,3,KC,BAL,Home
2020_04_DEN_NYJ,2020,REG,4,DEN,NYJ,Home
2020_04_ARI_CAR,2020,REG,4,ARI,CAR,Home
2020_04_JAX_CIN,2020,REG,4,JAX,CIN,Home
2020_04_CLE_DAL,2020,REG,4,CLE,DAL,Home
2020_04_NO_DET,2020,REG,4,NO,DET,Home
2020_04_MIN_HOU,2020,REG,4,MIN,HOU,Home
2020_04_SEA_MIA,2020,REG,4,SEA,MIA,Home
2020_04_LAC_TB,2020,REG,4,LAC,TB,Home
2020_04_BAL_WAS,2020,REG,4,BAL,WAS,Home
2020_04_NYG_LA,2020,REG,4,NYG,LA,Home
2020_04_IND_CHI,2020,REG,4,IND,CHI,Home
2020_04_BUF_LV,2020,REG,4,BUF,LV,Home
2020_04_PHI_SF,2020,REG,4,PHI,SF,Home
2020_04_NE_KC,2020,REG,4,NE,KC,Home
2020_04_ATL_GB,2020,REG,4,ATL,GB,Home
2020_05_TB_CHI,2020,REG,5,TB,CHI,Home
2020_05_CAR_ATL,2020,REG,5,CAR,ATL,Home
2020_05_CIN_BAL,2020,REG,5,CIN,BAL,Home
2020_05_JAX_HOU,2020,REG,5,JAX,HOU,Home
2020_05_LV_KC,2020,REG,5,LV,KC,Home
2020_05_ARI_NYJ,2020,REG,5,ARI,NYJ,Home
2020_05_PHI_PIT,2020,REG,5,PHI,PIT,Home
2020_05_LA_WAS,2020,REG,5,LA,WAS,Home
2020_05_MIA_SF,2020,REG,5,MIA,SF,Home
2020_05_IND_CLE,2020,REG,5,IND,CLE,Home
2020_05_NYG_DAL,2020,REG,5,NYG,DAL,Home
2020_05_MIN_SEA,2020,REG,5,MIN,SEA,Home
2020_05_LAC_NO,2020,REG,5,LAC,NO,Home
2020_05_BUF_TEN,2020,REG,5,BUF,TEN,Home
2020_06_CHI_CAR,2020,REG,6,CHI,CAR,Home
2020_06_CIN_IND,2020,REG,6,CIN,IND,Home
2020_06_DET_JAX,2020,REG,6,DET,JAX,Home
2020_06_ATL_MIN,2020,REG,6,ATL,MIN,Home
2020_06_DEN_NE,2020,REG,6,DEN,NE,Home
2020_06_WAS_NYG,2020,REG,6,WAS,NYG,Home
2020_06_BAL_PHI,2020,REG,6,BAL,PHI,Home
2020_06_CLE_PIT,2020,REG,6,CLE,PIT,Home
2020_06_HOU_TEN,2020,REG,6,HOU,TEN,Home
2020_06_NYJ_MIA,2020,REG,6,NYJ,MIA,Home
2020_06_GB_TB,2020,REG,6,GB,TB,Home
2020_06_LA_SF,2020,REG,6,LA,SF,Home
2020_06_KC_BUF,2020,REG,6,KC,BUF,Home
2020_06_ARI_DAL,2020,REG,6,ARI,DAL,Home
2020_07_NYG_PHI,2020,REG,7,NYG,PHI,Home
2020_07_DET_ATL,2020,REG,7,DET,ATL,Home
2020_07_CLE_CIN,2020,REG,7,CLE,CIN,Home
2020_07_GB_HOU,2020,REG,7,GB,HOU,Home
2020_07_CAR_NO,2020,REG,7,CAR,NO,Home
2020_07_BUF_NYJ,2020,REG,7,BUF,NYJ,Home
2020_07_PIT_TEN,2020,REG,7,PIT,TEN,Home
2020_07_DAL_WAS,2020,REG,7,DAL,WAS,Home
2020_07_TB_LV,2020,REG,7,TB,LV,Home
2020_07_KC_DEN,2020,REG,7,KC,DEN,Home
2020_07_JAX_LAC,2020,REG,7,JAX,LAC,Home
2020_07_SF_NE,2020,REG,7,SF,NE,Home
2020_07_SEA_ARI,2020,REG,7,SEA,ARI,Home
2020_07_CHI_LA,2020,REG,7,CHI,LA,Home
2020_08_ATL_CAR,2020,REG,8,ATL,CAR,Home
2020_08_PIT_BAL,2020,REG,8,PIT,BAL,Home
2020_08_NE_BUF,2020,REG,8,NE,BUF,Home
2020_08_TEN_CIN,2020,REG,8,TEN,CIN,Home
2020_08_LV_CLE,2020,REG,8,LV,CLE,Home
2020_08_IND_DET,2020,REG,8,IND,DET,Home
2020_08_MIN_GB,2020,REG,8,MIN,GB,Home
2020_08_NYJ_KC,2020,REG,8,NYJ,KC,Home
2020_08_LA_MIA,2020,REG,8,LA,MIA,Home
2020_08_LAC_DEN,2020,REG,8,LAC,DEN,Home
2020_08_NO_CHI,2020,REG,8,NO,CHI,Home
2020_08_SF_SEA,2020,REG,8,SF,SEA,Home
2020_08_DAL_PHI,2020,REG,8,DAL,PHI,Home
2020_08_TB_NYG,2020,REG,8,TB,NYG,Home
2020_09_GB_SF,2020,REG,9,GB,SF,Home
2020_09_DEN_ATL,2020,REG,9,DEN,ATL,Home
2020_09_SEA_BUF,2020,REG,9,SEA,BUF,Home
2020_09_BAL_IND,2020,REG,9,BAL,IND,Home
2020_09_HOU_JAX,2020,REG,9,HOU,JAX,Home
2020_09_CAR_KC,2020,REG,9,CAR,KC,Home
2020_09_DET_MIN,2020,REG,9,DET,MIN,Home
2020_09_CHI_TEN,2020,REG,9,CHI,TEN,Home
2020_09_NYG_WAS,2020,REG,9,NYG,WAS,Home
2020_09_LV_LAC,2020,REG,9,LV,LAC,Home
2020_09_MIA_ARI,2020,REG,9,MIA,ARI,Home
2020_09_PIT_DAL,2020,REG,9,PIT,DAL,Home
2020_09_NO_TB,2020,REG,9,NO,TB,Home
2020_09_NE_NYJ,2020,REG,9,NE,NYJ,Home
2020_10_IND_TEN,2020,REG,10,IND,TEN,Home
2020_10_TB_CAR,2020,REG,10,TB,CAR,Home
2020_10_HOU_CLE,2020,REG,10,HOU,CLE,Home
2020_10_WAS_DET,2020,REG,10,WAS,DET,Home
2020_10_JAX_GB,2020,REG,10,JAX,GB,Home
2020_10_PHI_NYG,2020,REG,10,PHI,NYG,Home
2020_10_BUF_ARI,2020,REG,10,BUF,ARI,Home
2020_10_DEN_LV,2020,REG,10,DEN,LV,Home
2020_10_LAC_MIA,2020,REG,10,LAC,MIA,Home
2020_10_SEA_LA,2020,REG,10,SEA,LA,Home
2020_10_SF_NO,2020,REG,10,SF,NO,Home
2020_10_CIN_PIT,2020,REG,10,CIN,PIT,Home
2020_10_BAL_NE,2020,REG,10,BAL,NE,Home
2020_10_MIN_CHI,2020,REG,10,MIN,CHI,Home
2020_11_ARI_SEA,2020,REG,11,ARI,SEA,Home
2020_11_TEN_BAL,2020,REG,11,TEN,BAL,Home
2020_11_DET_CAR,2020,REG,11,DET,CAR,Home
2020_11_PHI_CLE,2020,REG,11,PHI,CLE,Home
2020_11_NE_HOU,2020,REG,11,NE,HOU,Home
2020_11_PIT_JAX,2020,REG,11,PIT,JAX,Home
2020_11_ATL_NO,2020,REG,11,ATL,NO,Home
2020_11_CIN_WAS,2020,REG,11,CIN,WAS,Home
2020_11_MIA_DEN,2020,REG,11,MIA,DEN,Home
2020_11_NYJ_LAC,2020,REG,11,NYJ,LAC,Home
2020_11_GB_IND,2020,REG,11,GB,IND,Home
2020_11_DAL_MIN,2020,REG,11,DAL,MIN,Home
2020_11_KC_LV,2020,REG,11,KC,LV,Home
2020_11_LA_TB,2020,REG,11,LA,TB,Home
2020_12_HOU_DET,2020,REG,12,HOU,DET,Home
2020_12_WAS_DAL,2020,REG,12,WAS,DAL,Home
2020_12_LV_ATL,2020,REG,12,LV,ATL,Home
2020_12_LAC_BUF,2020,REG,12,LAC,BUF,Home
2020_12_NYG_CIN,2020,REG,12,NYG,CIN,Home
2020_12_TEN_IND,2020,REG,12,TEN,IND,Home
2020_12_CLE_JAX,2020,REG,12,CLE,JAX,Home
2020_12_CAR_MIN,2020,REG,12,CAR,MIN,Home
2020_12_ARI_NE,2020,REG,12,ARI,NE,Home
2020_12_MIA_NYJ,2020,REG,12,MIA,NYJ,Home
2020_12_NO_DEN,2020,REG,12,NO,DEN,Home
2020_12_SF_LA,2020,REG,12,SF,LA,Home
2020_12_KC_TB,2020,REG,12,KC,TB,Home
2020_12_CHI_GB,2020,REG,12,CHI,GB,Home
2020_12_SEA_PHI,2020,REG,12,SEA,PHI,Home
2020_12_BAL_PIT,2020,REG,12,BAL,PIT,Home
2020_13_NO_ATL,2020,REG,13,NO,ATL,Home
2020_13_DET_CHI,2020,REG,13,DET,CHI,Home
2020_13_IND_HOU,2020,REG,13,IND,HOU,Home
2020_13_CIN_MIA,2020,REG,13,CIN,MIA,Home
2020_13_JAX_MIN,2020,REG,13,JAX,MIN,Home
2020_13_LV_NYJ,2020,REG,13,LV,NYJ,Home
2020_13_CLE_TEN,2020,REG,13,CLE,TEN,Home
2020_13_LA_ARI,2020,REG,13,LA,ARI,Home
2020_13_NYG_SEA,2020,REG,13,NYG,SEA,Home
2020_13_PHI_GB,2020,REG,13,PHI,GB,Home
2020_13_NE_LAC,2020,REG,13,NE,LAC,Home
2020_13_DEN_KC,2020,REG,13,DEN,KC,Home
2020_13_WAS_PIT,2020,REG,13,WAS,PIT,Home
2020_13_BUF_SF,2020,REG,13,BUF,SF,Neutral
2020_13_DAL_BAL,2020,REG,13,DAL,BAL,Home
2020_14_NE_LA,2020,REG,14,NE,LA,Home
2020_14_DEN_CAR,2020,REG,14,DEN,CAR,Home
2020_14_HOU_CHI,2020,REG,14,HOU,CHI,Home
2020_14_DAL_CIN,2020,REG,14,DAL,CIN,Home
2020_14_TEN_JAX,2020,REG,14,TEN,JAX,Home
2020_14_KC_MIA,2020,REG,14,KC,MIA,Home
2020_14_ARI_NYG,2020,REG,14,ARI,NYG,Home
2020_14_MIN_TB,2020,REG,14,MIN,TB,Home
2020_14_IND_LV,2020,REG,14,IND,LV,Home
2020_14_NYJ_SEA,2020,REG,14,NYJ,SEA,Home
2020_14_GB_DET,2020,REG,14,GB,DET,Home
2020_14_ATL_LAC,2020,REG,14,ATL,LAC,Home
2020_14_NO_PHI,2020,REG,14,NO,PHI,Home
2020_14_WAS_SF,2020,REG,14,WAS,SF,Neutral
2020_14_PIT_BUF,2020,REG,14,PIT,BUF,Home
2020_14_BAL_CLE,2020,REG,14,BAL,CLE,Home
2020_15_LAC_LV,2020,REG,15,LAC,LV,Home
2020_15_BUF_DEN,2020,REG,15,BUF,DEN,Home
2020_15_CAR_GB,2020,REG,15,CAR,GB,Home
2020_15_TB_ATL,2020,REG,15,TB,ATL,Home
2020_15_JAX_BAL,2020,REG,15,JAX,BAL,Home
2020_15_SF_DAL,2020,REG,15,SF,DAL,Home
2020_15_HOU_IND,2020,REG,15,HOU,IND,Home
2020_15_NE_MIA,2020,REG,15,NE,MIA,Home
2020_15_CHI_MIN,2020,REG,15,CHI,MIN,Home
2020_15_DET_TEN,2020,REG,15,DET,TEN,Home
2020_15_SEA_WAS,2020,REG,15,SEA,WAS,Home
2020_15_PHI_ARI,2020,REG,15,PHI,ARI,Home
2020_15_NYJ_LA,2020,REG,15,NYJ,LA,Home
2020_15_KC_NO,2020,REG,15,KC,NO,Home
2020_15_CLE_NYG,2020,REG,15,CLE,NYG,Home
2020_15_PIT_CIN,2020,REG,15,PIT,CIN,Home
2020_16_MIN_NO,2020,REG,16,MIN,NO,Home
2020_16_TB_DET,2020,REG,16,TB,DET,Home
2020_16_SF_ARI,2020,REG,16,SF,ARI,Home
2020_16_MIA_LV,2020,REG,16,MIA,LV,Home
2020_16_NYG_BAL,2020,REG,16,NYG,BAL,Home
2020_16_CIN_HOU,2020,REG,16,CIN,HOU,Home
2020_16_CHI_JAX,2020,REG,16,CHI,JAX,Home
2020_16_ATL_KC,2020,REG,16,ATL,KC,Home
2020_16_CLE_NYJ,2020,REG,16,CLE,NYJ,Home
2020_16_IND_PIT,2020,REG,16,IND,PIT,Home
2020_16_DEN_LAC,2020,REG,16,DEN,LAC,Home
2020_16_CAR_WAS,2020,REG,16,CAR,WAS,Home
2020_16_PHI_DAL,2020,REG,16,PHI,DAL,Home
2020_16_LA_SEA,2020,REG,16,LA,SEA,Home
2020_16_TEN_GB,2020,REG,16,TEN,GB,Home
2020_16_BUF_NE,2020,REG,16,BUF,NE,Home
2020_17_MIA_BUF,2020,REG,17,MIA,BUF,Home
2020_17_BAL_CIN,2020,REG,17,BAL,CIN,Home
2020_17_PIT_CLE,2020,REG,17,PIT,CLE,Home
2020_17_MIN_DET,2020,REG,17,MIN,DET,Home
2020_17_NYJ_NE,2020,REG,17,NYJ,NE,Home
2020_17_DAL_NYG,2020,REG,17,DAL,NYG,Home
2020_17_ATL_TB,2020,REG,17,ATL,TB,Home
2020_17_NO_CAR,2020,REG,17,NO,CAR,Home
2020_17_GB_CHI,2020,REG,17,GB,CHI,Home
2020_17_LV_DEN,2020,REG,17,LV,DEN,Home
2020_17_TEN_HOU,2020,REG,17,TEN,HOU,Home
2020_17_JAX_IND,2020,REG,17,JAX,IND,Home
2020_17_LAC_KC,2020,REG,17,LAC,KC,Home
2020_17_ARI_LA,2020,REG,17,ARI,LA,Home
2020_17_SEA_SF,2020,REG,17,SEA,SF,Neutral
2020_17_WAS_PHI,2020,REG,17,WAS,PHI,Home
2021_01_DAL_TB,2021,REG,1,DAL,TB,Home
2021_01_PHI_ATL,2021,REG,1,PHI,ATL,Home
2021_01_PIT_BUF,2021,REG,1,PIT,BUF,Home
2021_01_NYJ_CAR,2021,REG,1,NYJ,CAR,Home
2021_01_MIN_CIN,2021,REG,1,MIN,CIN,Home
2021_01_SF_DET,2021,REG,1,SF,DET,Home
2021_01_JAX_HOU,2021,REG,1,JAX,HOU,Home
2021_01_SEA_IND,2021,REG,1,SEA,IND,Home
2021_01_ARI_TEN,2021,REG,1,ARI,TEN,Home
2021_01_LAC_WAS,2021,REG,1,LAC,WAS,Home
2021_01_CLE_KC,2021,REG,1,CLE,KC,Home
2021_01_MIA_NE,2021,REG,1,MIA,NE,Home
2021_01_GB_NO,2021,REG,1,GB,NO,Neutral
2021_01_DEN_NYG,2021,REG,1,DEN,NYG,Home
2021_01_CHI_LA,2021,REG,1,CHI,LA,Home
2021_01_BAL_LV,2021,REG,1,BAL,LV,Home
2021_02_NYG_WAS,2021,REG,2,NYG,WAS,Home
2021_02_NO_CAR,2021,REG,2,NO,CAR,Home
2021_02_CIN_CHI,2021,REG,2,CIN,CHI,Home
2021_02_HOU_CLE,2021,REG,2,HOU,CLE,Home
2021_02_LA_IND,2021,REG,2,LA,IND,Home
2021_02_DEN_JAX,2021,REG,2,DEN,JAX,Home
2021_02_BUF_MIA,2021,REG,2,BUF,MIA,Home
2021_02_NE_NYJ,2021,REG,2,NE,NYJ,Home
2021_02_SF_PHI,2021,REG,2,SF,PHI,Home
2021_02_LV_PIT,2021,REG,2,LV,PIT,Home
2021_02_MIN_ARI,2021,REG,2,MIN,ARI,Home
2021_02_ATL_TB,2021,REG,2,ATL,TB,Home
2021_02_DAL_LAC,2021,REG,2,DAL,LAC,Home
2021_02_TEN_SEA,2021,REG,2,TEN,SEA,Home
2021_02_KC_BAL,2021,REG,2,KC,BAL,Home
2021_02_DET_GB,2021,REG,2,DET,GB,Home
2021_03_CAR_HOU,2021,REG,3,CAR,HOU,Home
2021_03_WAS_BUF,2021,REG,3,WAS,BUF,Home
2021_03_CHI_CLE,2021,REG,3,CHI,CLE,Home
2021_03_BAL_DET,2021,REG,3,BAL,DET,Home
2021_03_ARI_JAX,2021,REG,3,ARI,JAX,Home
2021_03_LAC_KC,2021,REG,3,LAC,KC,Home
2021_03_NO_NE,2021,REG,3,NO,NE,Home
2021_03_ATL_NYG,2021,REG,3,ATL,NYG,Home
2021_03_CIN_PIT,2021,REG,3,CIN,PIT,Home
2021_03_IND_TEN,2021,REG,3,IND,TEN,Home
2021_03_NYJ_DEN,2021,REG,3,NYJ,DEN,Home
2021_03_MIA_LV,2021,REG,3,MIA,LV,Home
2021_03_TB_LA,2021,REG,3,TB,LA,Home
2021_03_SEA_MIN,2021,REG,3,SEA,MIN,Home
2021_03_GB_SF,2021,REG,3,GB,SF,Home
2021_03_PHI_DAL,2021,REG,3,PHI,DAL,Home
2021_04_JAX_CIN,2021,REG,4,JAX,CIN,Home
2021_04_WAS_ATL,2021,REG,4,WAS,ATL,Home
2021_04_HOU_BUF,2021,REG,4,HOU,BUF,Home
2021_04_DET_CHI,2021,REG,4,DET,CHI,Home
2021_04_CAR_DAL,2021,REG,4,CAR,DAL,Home
2021_04_IND_MIA,2021,REG,4,IND,MIA,Home
2021_04_CLE_MIN,2021,REG,4,CLE,MIN,Home
2021_04_NYG_NO,2021,REG,4,NYG,NO,Home
2021_04_TEN_NYJ,2021,REG,4,TEN,NYJ,Home
2021_04_KC_PHI,2021,REG,4,KC,PHI,Home
2021_04_ARI_LA,2021,REG,4,ARI,LA,Home
2021_04_SEA_SF,2021,REG,4,SEA,SF,Home
2021_04_BAL_DEN,2021,REG,4,BAL,DEN,Home
2021_04_PIT_GB,2021,REG,4,PIT,GB,Home
2021_04_TB_NE,2021,REG,4,TB,NE,Home
2021_04_LV_LAC,2021,REG,4,LV,LAC,Home
2021_05_LA_SEA,2021,REG,5,LA,SEA,Home
2021_05_NYJ_ATL,2021,REG,5,NYJ,ATL,Neutral
2021_05_PHI_CAR,2021,REG,5,PHI,CAR,Home
2021_05_GB_CIN,2021,REG,5,GB,CIN,Home
2021_05_NE_HOU,2021,REG,5,NE,HOU,Home
2021_05_TEN_JAX,2021,REG,5,TEN,JAX,Home
2021_05_DET_MIN,2021,REG,5,DET,MIN,Home
2021_05_DEN_PIT,2021,REG,5,DEN,PIT,Home
2021_05_MIA_TB,2021,REG,5,MIA,TB,Home
2021_05_NO_WAS,2021,REG,5,NO,WAS,Home
2021_05_CLE_LAC,2021,REG,5,CLE,LAC,Home
2021_05_CHI_LV,2021,REG,5,CHI,LV,Home
2021_05_SF_ARI,2021,REG,5,SF,ARI,Home
2021_05_NYG_DAL,2021,REG,5,NYG,DAL,Home
2021_05_BUF_KC,2021,REG,5,BUF,KC,Home
2021_05_IND_BAL,2021,REG,5,IND,BAL,Home
2021_06_TB_PHI,2021,REG,6,TB,PHI,Home
2021_06_MIA_JAX,2021,REG,6,MIA,JAX,Neutral
2021_06_LAC_BAL,2021,REG,6,LAC,BAL,Home
2021_06_MIN_CAR,2021,REG,6,MIN,CAR,Home
2021_06_GB_CHI,2021,REG,6,GB,CHI,Home
2021_06_CIN_DET,2021,REG,6,CIN,DET,Home
2021_06_HOU_IND,2021,REG,6,HOU,IND,Home
2021_06_LA_NYG,2021,REG,6,LA,NYG,Home
2021_06_KC_WAS,2021,REG,6,KC,WAS,Home
2021_06_ARI_CLE,2021,REG,6,ARI,CLE,Home
2021_06_LV_DEN,2021,REG,6,LV,DEN,Home
2021_06_DAL_NE,2021,REG,6,DAL,NE,Home
2021_06_SEA_PIT,2021,REG,6,SEA,PIT,Home
2021_06_BUF_TEN,2021,REG,6,BUF,TEN,Home
2021_07_DEN_CLE,2021,REG,7,DEN,CLE,Home
2021_07_CIN_BAL,2021,REG,7,CIN,BAL,Home
2021_07_WAS_GB,2021,REG,7,WAS,GB,Home
2021_07_ATL_MIA,2021,REG,7,ATL,MIA,Home
2021_07_NYJ_NE,2021,REG,7,NYJ,NE,Home
2021_07_CAR_NYG,2021,REG,7,CAR,NYG,Home
2021_07_KC_TEN,2021,REG,7,KC,TEN,Home
2021_07_DET_LA,2021,REG,7,DET,LA,Home
2021_07_PHI_LV,2021,REG,7,PHI,LV,Home
2021_07_HOU_ARI,2021,REG,7,HOU,ARI,Home
2021_07_CHI_TB,2021,REG,7,CHI,TB,Home
2021_07_IND_SF,2021,REG,7,IND,SF,Home
2021_07_NO_SEA,2021,REG,7,NO,SEA,Home
2021_08_GB_ARI,2021,REG,8,GB,ARI,Home
2021_08_CAR_ATL,2021,REG,8,CAR,ATL,Home
2021_08_MIA_BUF,2021,REG,8,MIA,BUF,Home
2021_08_SF_CHI,2021,REG,8,SF,CHI,Home
2021_08_PIT_CLE,2021,REG,8,PIT,CLE,Home
2021_08_PHI_DET,2021,REG,8,PHI,DET,Home
2021_08_LA_HOU,2021,REG,8,LA,HOU,Home
2021_08_TEN_IND,2021,REG,8,TEN,IND,Home
2021_08_CIN_NYJ,2021,REG,8,CIN,NYJ,Home
2021_08_NE_LAC,2021,REG,8,NE,LAC,Home
2021_08_JAX_SEA,2021,REG,8,JAX,SEA,Home
2021_08_WAS_DEN,2021,REG,8,WAS,DEN,Home
2021_08_TB_NO,2021,REG,8,TB,NO,Home
2021_08_DAL_MIN,2021,REG,8,DAL,MIN,Home
2021_08_NYG_KC,2021,REG,8,NYG,KC,Home
2021_09_NYJ_IND,2021,REG,9,NYJ,IND,Home
2021_09_MIN_BAL,2021,REG,9,MIN,BAL,Home
2021_09_NE_CAR,2021,REG,9,NE,CAR,Home
2021_09_CLE_CIN,2021,REG,9,CLE,CIN,Home
2021_09_DEN_DAL,2021,REG,9,DEN,DAL,Home
2021_09_BUF_JAX,2021,REG,9,BUF,JAX,Home
2021_09_HOU_MIA,2021,REG,9,HOU,MIA,Home
2021_09_ATL_NO,2021,REG,9,ATL,NO,Home
2021_09_LV_NYG,2021,REG,9,LV,NYG,Home
2021_09_LAC_PHI,2021,REG,9,LAC,PHI,Home
2021_09_GB_KC,2021,REG,9,GB,KC,Home
2021_09_ARI_SF,2021,REG,9,ARI,SF,Home
2021_09_TEN_LA,2021,REG,9,TEN,LA,Home
2021_09_CHI_PIT,2021,REG,9,CHI,PIT,Home
2021_10_BAL_MIA,2021,REG,10,BAL,MIA,Home
2021_10_ATL_DAL,2021,REG,10,ATL,DAL,Home
2021_10_JAX_IND,2021,REG,10,JAX,IND,Home
2021_10_CLE_NE,2021,REG,10,CLE,NE,Home
2021_10_BUF_NYJ,2021,REG,10,BUF,NYJ,Home
2021_10_DET_PIT,2021,REG,10,DET,PIT,Home
2021_10_NO_TEN,2021,REG,10,NO,TEN,Home
2021_10_TB_WAS,2021,REG,10,TB,WAS,Home
2021_10_CAR_ARI,2021,REG,10,CAR,ARI,Home
2021_10_MIN_LAC,2021,REG,10,MIN,LAC,Home
2021_10_PHI_DEN,2021,REG,10,PHI,DEN,Home
2021_10_SEA_GB,2021,REG,10,SEA,GB,Home
2021_10_KC_LV,2021,REG,10,KC,LV,Home
2021_10_LA_SF,2021,REG,10,LA,SF,Home
2021_11_NE_ATL,2021,REG,11,NE,ATL,Home
2021_11_IND_BUF,2021,REG,11,IND,BUF,Home
2021_11_WAS_CAR,2021,REG,11,WAS,CAR,Home
2021_11_BAL_CHI,2021,REG,11,BAL,CHI,Home
2021_11_DET_CLE,2021,REG,11,DET,CLE,Home
2021_11_SF_JAX,2021,REG,11,SF,JAX,Home
2021_11_GB_MIN,2021,REG,11,GB,MIN,Home
2021_11_MIA_NYJ,2021,REG,11,MIA,NYJ,Home
2021_11_NO_PHI,2021,REG,11,NO,PHI,Home
2021_11_HOU_TEN,2021,REG,11,HOU,TEN,Home
2021_11_CIN_LV,2021,REG,11,CIN,LV,Home
2021_11_DAL_KC,2021,REG,11,DAL,KC,Home
2021_11_ARI_SEA,2021,REG,11,ARI,SEA,Home
2021_11_PIT_LAC,2021,REG,11,PIT,LAC,Home
2021_11_NYG_TB,2021,REG,11,NYG,TB,Home
2021_12_CHI_DET,2021,REG,12,CHI,DET,Home
2021_12_LV_DAL,2021,REG,12,LV,DAL,Home
2021_12_BUF_NO,2021,REG,12,BUF,NO,Home
2021_12_PIT_CIN,2021,REG,12,PIT,CIN,Home
2021_12_NYJ_HOU,2021,REG,12,NYJ,HOU,Home
2021_12_TB_IND,2021,REG,12,TB,IND,Home
2021_12_ATL_JAX,2021,REG,12,ATL,JAX,Home
2021_12_CAR_MIA,2021,REG,12,CAR,MIA,Home
2021_12_TEN_NE,2021,REG,12,TEN,NE,Home
2021_12_PHI_NYG,2021,REG,12,PHI,NYG,Home
2021_12_LAC_DEN,2021,REG,12,LAC,DEN,Home
2021_12_LA_GB,2021,REG,12,LA,GB,Home
2021_12_MIN_SF,2021,REG,12,MIN,SF,Home
2021_12_CLE_BAL,2021,REG,12,CLE,BAL,Home
2021_12_SEA_WAS,2021,REG,12,SEA,WAS,Home
2021_13_DAL_NO,2021,REG,13,DAL,NO,Home
2021_13_TB_ATL,2021,REG,13,TB,ATL,Home
2021_13_ARI_CHI,2021,REG,13,ARI,CHI,Home
2021_13_LAC_CIN,2021,REG,13,LAC,CIN,Home
2021_13_MIN_DET,2021,REG,13,MIN,DET,Home
2021_13_IND_HOU,2021,REG,13,IND,HOU,Home
2021_13_NYG_MIA,2021,REG,13,NYG,MIA,Home
2021_13_PHI_NYJ,2021,REG,13,PHI,NYJ,Home
2021_13_JAX_LA,2021,REG,13,JAX,LA,Home
2021_13_WAS_LV,2021,REG,13,WAS,LV,Home
2021_13_BAL_PIT,2021,REG,13,BAL,PIT,Home
2021_13_SF_SEA,2021,REG,13,SF,SEA,Home
2021_13_DEN_KC,2021,REG,13,DEN,KC,Home
2021_13_NE_BUF,2021,REG,13,NE,BUF,Home
2021_14_PIT_MIN,2021,REG,14,PIT,MIN,Home
2021_14_ATL_CAR,2021,REG,14,ATL,CAR,Home
2021_14_BAL_CLE,2021,REG,14,BAL,CLE,Home
2021_14_SEA_HOU,2021,REG,14,SEA,HOU,Home
2021_14_LV_KC,2021,REG,14,LV,KC,Home
2021_14_NO_NYJ,2021,REG,14,NO,NYJ,Home
2021_14_JAX_TEN,2021,REG,14,JAX,TEN,Home
2021_14_DAL_WAS,2021,REG,14,DAL,WAS,Home
2021_14_DET_DEN,2021,REG,14,DET,DEN,Home
2021_14_NYG_LAC,2021,REG,14,NYG,LAC,Home
2021_14_SF_CIN,2021,REG,14,SF,CIN,Home
2021_14_BUF_TB,2021,REG,14,BUF,TB,Home
2021_14_CHI_GB,2021,REG,14,CHI,GB,Home
2021_14_LA_ARI,2021,REG,14,LA,ARI,Home
2021_15_KC_LAC,2021,REG,15,KC,LAC,Home
2021_15_NE_IND,2021,REG,15,NE,IND,Home
2021_15_CAR_BUF,2021,REG,15,CAR,BUF,Home
2021_15_ARI_DET,2021,REG,15,ARI,DET,Home
2021_15_HOU_JAX,2021,REG,15,HOU,JAX,Home
2021_15_NYJ_MIA,2021,REG,15,NYJ,MIA,Home
2021_15_DAL_NYG,2021,REG,15,DAL,NYG,Home
2021_15_TEN_PIT,2021,REG,15,TEN,PIT,Home
2021_15_CIN_DEN,2021,REG,15,CIN,DEN,Home
2021_15_ATL_SF,2021,REG,15,ATL,SF,Home
2021_15_GB_BAL,2021,REG,15,GB,BAL,Home
2021_15_NO_TB,2021,REG,15,NO,TB,Home
2021_15_LV_CLE,2021,REG,15,LV,CLE,Home
2021_15_MIN_CHI,2021,REG,15,MIN,CHI,Home
2021_15_SEA_LA,2021,REG,15,SEA,LA,Home
2021_15_WAS_PHI,2021,REG,15,WAS,PHI,Home
2021_16_SF_TEN,2021,REG,16,SF,TEN,Home
2021_16_CLE_GB,2021,REG,16,CLE,GB,Home
2021_16_IND_ARI,2021,REG,16,IND,ARI,Home
2021_16_DET_ATL,2021,REG,16,DET,ATL,Home
2021_16_TB_CAR,2021,REG,16,TB,CAR,Home
2021_16_BAL_CIN,2021,REG,16,BAL,CIN,Home
2021_16_LAC_HOU,2021,REG,16,LAC,HOU,Home
2021_16_LA_MIN,2021,REG,16,LA,MIN,Home
2021_16_BUF_NE,2021,REG,16,BUF,NE,Home
2021_16_JAX_NYJ,2021,REG,16,JAX,NYJ,Home
2021_16_NYG_PHI,2021,REG,16,NYG,PHI,Home
2021_16_CHI_SEA,2021,REG,16,CHI,SEA,Home
2021_16_PIT_KC,2021,REG,16,PIT,KC,Home
2021_16_DEN_LV,2021,REG,16,DEN,LV,Home
2021_16_WAS_DAL,2021,REG,16,WAS,DAL,Home
2021_16_MIA_NO,2021,REG,16,MIA,NO,Home
2021_17_LA_BAL,2021,REG,17,LA,BAL,Home
2021_17_ATL_BUF,2021,REG,17,ATL,BUF,Home
2021_17_NYG_CHI,2021,REG,17,NYG,CHI,Home
2021_17_KC_CIN,2021,REG,17,KC,CIN,Home
2021_17_LV_IND,2021,REG,17,LV,IND,Home
2021_17_JAX_NE,2021,REG,17,JAX,NE,Home
2021_17_TB_NYJ,2021,REG,17,TB,NYJ,Home
2021_17_MIA_TEN,2021,REG,17,MIA,TEN,Home
2021_17_PHI_WAS,2021,REG,17,PHI,WAS,Home
2021_17_DEN_LAC,2021,REG,17,DEN,LAC,Home
2021_17_HOU_SF,2021,REG,17,HOU,SF,Home
2021_17_ARI_DAL,2021,REG,17,ARI,DAL,Home
2021_17_CAR_NO,2021,REG,17,CAR,NO,Home
2021_17_DET_SEA,2021,REG,17,DET,SEA,Home
2021_17_MIN_GB,2021,REG,17,MIN,GB,Home
2021_17_CLE_PIT,2021,REG,17,CLE,PIT,Home
2021_18_KC_DEN,2021,REG,18,KC,DEN,Home
2021_18_DAL_PHI,2021,REG,18,DAL,PHI,Home
2021_18_PIT_BAL,2021,REG,18,PIT,BAL,Home
2021_18_CIN_CLE,2021,REG,18,CIN,CLE,Home
2021_18_GB_DET,2021,REG,18,GB,DET,Home
2021_18_TEN_HOU,2021,REG,18,TEN,HOU,Home
2021_18_IND_JAX,2021,REG,18,IND,JAX,Home
2021_18_CHI_MIN,2021,REG,18,CHI,MIN,Home
2021_18_WAS_NYG,2021,REG,18,WAS,NYG,Home
2021_18_SEA_ARI,2021,REG,18,SEA,ARI,Home
2021_18_NO_ATL,2021,REG,18,NO,ATL,Home
2021_18_NYJ_BUF,2021,REG,18,NYJ,BUF,Home
2021_18_SF_LA,2021,REG,18,SF,LA,Home
2021_18_NE_MIA,2021,REG,18,NE,MIA,Home
2021_18_CAR_TB,2021,REG,18,CAR,TB,Home
2021_18_LAC_LV,2021,REG,18,LAC,LV,Home
2022_01_BUF_LA,2022,REG,1,BUF,LA,Home
2022_01_NO_ATL,2022,REG,1,NO,ATL,Home
2022_01_CLE_CAR,2022,REG,1,CLE,CAR,Home
2022_01_SF_CHI,2022,REG,1,SF,CHI,Home
2022_01_PIT_CIN,2022,REG,1,PIT,CIN,Home
2022_01_PHI_DET,2022,REG,1,PHI,DET,Home
2022_01_IND_HOU,2022,REG,1,IND,HOU,Home
2022_01_NE_MIA,2022,REG,1,NE,MIA,Home
2022_01_BAL_NYJ,2022,REG,1,BAL,NYJ,Home
2022_01_JAX_WAS,2022,REG,1,JAX,WAS,Home
2022_01_KC_ARI,2022,REG,1,KC,ARI,Home
2022_01_LV_LAC,2022,REG,1,LV,LAC,Home
2022_01_GB_MIN,2022,REG,1,GB,MIN,Home
2022_01_NYG_TEN,2022,REG,1,NYG,TEN,Home
2022_01_TB_DAL,2022,REG,1,TB,DAL,Home
2022_01_DEN_SEA,2022,REG,1,DEN,SEA,Home
2022_02_LAC_KC,2022,REG,2,LAC,KC,Home
2022_02_MIA_BAL,2022,REG,2,MIA,BAL,Home
2022_02_NYJ_CLE,2022,REG,2,NYJ,CLE,Home
2022_02_WAS_DET,2022,REG,2,WAS,DET,Home
2022_02_IND_JAX,2022,REG,2,IND,JAX,Home
2022_02_TB_NO,2022,REG,2,TB,NO,Home
2022_02_CAR_NYG,2022,REG,2,CAR,NYG,Home
2022_02_NE_PIT,2022,REG,2,NE,PIT,Home
2022_02_ATL_LA,2022,REG,2,ATL,LA,Home
2022_02_SEA_SF,2022,REG,2,SEA,SF,Home
2022_02_CIN_DAL,2022,REG,2,CIN,DAL,Home
2022_02_HOU_DEN,2022,REG,2,HOU,DEN,Home
2022_02_ARI_LV,2022,REG,2,ARI,LV,Home
2022_02_CHI_GB,2022,REG,2,CHI,GB,Home
2022_02_TEN_BUF,2022,REG,2,TEN,BUF,Home
2022_02_MIN_PHI,2022,REG,2,MIN,PHI,Home
2022_03_PIT_CLE,2022,REG,3,PIT,CLE,Home
2022_03_NO_CAR,2022,REG,3,NO,CAR,Home
2022_03_HOU_CHI,2022,REG,3,HOU,CHI,Home
2022_03_KC_IND,2022,REG,3,KC,IND,Home
2022_03_BUF_MIA,2022,REG,3,BUF,MIA,Home
2022_03_DET_MIN,2022,REG,3,DET,MIN,Home
2022_03_BAL_NE,2022,REG,3,BAL,NE,Home
2022_03_CIN_NYJ,2022,REG,3,CIN,NYJ,Home
2022_03_LV_TEN,2022,REG,3,LV,TEN,Home
2022_03_PHI_WAS,2022,REG,3,PHI,WAS,Home
2022_03_JAX_LAC,2022,REG,3,JAX,LAC,Home
2022_03_LA_ARI,2022,REG,3,LA,ARI,Home
2022_03_ATL_SEA,2022,REG,3,ATL,SEA,Home
2022_03_GB_TB,2022,REG,3,GB,TB,Home
2022_03_SF_DEN,2022,REG,3,SF,DEN,Home
2022_03_DAL_NYG,2022,REG,3,DAL,NYG,Home
2022_04_MIA_CIN,2022,REG,4,MIA,CIN,Home
2022_04_MIN_NO,2022,REG,4,MIN,NO,Neutral
2022_04_CLE_ATL,2022,REG,4,CLE,ATL,Home
2022_04_BUF_BAL,2022,REG,4,BUF,BAL,Home
2022_04_WAS_DAL,2022,REG,4,WAS,DAL,Home
2022_04_SEA_DET,2022,REG,4,SEA,DET,Home
2022_04_LAC_HOU,2022,REG,4,LAC,HOU,Home
2022_04_TEN_IND,2022,REG,4,TEN,IND,Home
2022_04_CHI_NYG,2022,REG,4,CHI,NYG,Home
2022_04_JAX_PHI,2022,REG,4,JAX,PHI,Home
2022_04_NYJ_PIT,2022,REG,4,NYJ,PIT,Home
2022_04_ARI_CAR,2022,REG,4,ARI,CAR,Home
2022_04_NE_GB,2022,REG,4,NE,GB,Home
2022_04_DEN_LV,2022,REG,4,DEN,LV,Home
2022_04_KC_TB,2022,REG,4,KC,TB,Home
2022_04_LA_SF,2022,REG,4,LA,SF,Home
2022_05_IND_DEN,2022,REG,5,IND,DEN,Home
2022_05_NYG_GB,2022,REG,5,NYG,GB,Neutral
2022_05_PIT_BUF,2022,REG,5,PIT,BUF,Home
2022_05_LAC_CLE,2022,REG,5,LAC,CLE,Home
2022_05_HOU_JAX,2022,REG,5,HOU,JAX,Home
2022_05_CHI_MIN,2022,REG,5,CHI,MIN,Home
2022_05_DET_NE,2022,REG,5,DET,NE,Home
2022_05_SEA_NO,2022,REG,5,SEA,NO,Home
2022_05_MIA_NYJ,2022,REG,5,MIA,NYJ,Home
2022_05_ATL_TB,2022,REG,5,ATL,TB,Home
2022_05_TEN_WAS,2022,REG,5,TEN,WAS,Home
2022_05_SF_CAR,2022,REG,5,SF,CAR,Home
2022_05_PHI_ARI,2022,REG,5,PHI,ARI,Home
2022_05_DAL_LA,2022,REG,5,DAL,LA,Home
2022_05_CIN_BAL,2022,REG,5,CIN,BAL,Home
2022_05_LV_KC,2022,REG,5,LV,KC,Home
2022_06_WAS_CHI,2022,REG,6,WAS,CHI,Home
2022_06_SF_ATL,2022,REG,6,SF,ATL,Home
2022_06_NE_CLE,2022,REG,6,NE,CLE,Home
2022_06_NYJ_GB,2022,REG,6,NYJ,GB,Home
2022_06_JAX_IND,2022,REG,6,JAX,IND,Home
2022_06_MIN_MIA,2022,REG,6,MIN,MIA,Home
2022_06_CIN_NO,2022,REG,6,CIN,NO,Home
2022_06_BAL_NYG,2022,REG,6,BAL,NYG,Home
2022_06_TB_PIT,2022,REG,6,TB,PIT,Home
2022_06_CAR_LA,2022,REG,6,CAR,LA,Home
2022_06_ARI_SEA,2022,REG,6,ARI,SEA,Home
2022_06_BUF_KC,2022,REG,6,BUF,KC,Home
2022_06_DAL_PHI,2022,REG,6,DAL,PHI,Home
2022_06_DEN_LAC,2022,REG,6,DEN,LAC,Home
2022_07_NO_ARI,2022,REG,7,NO,ARI,Home
2022_07_CLE_BAL,2022,REG,7,CLE,BAL,Home
2022_07_TB_CAR,2022,REG,7,TB,CAR,Home
2022_07_ATL_CIN,2022,REG,7,ATL,CIN,Home
2022_07_DET_DAL,2022,REG,7,DET,DAL,Home
2022_07_NYG_JAX,2022,REG,7,NYG,JAX,Home
2022_07_IND_TEN,2022,REG,7,IND,TEN,Home
2022_07_GB_WAS,2022,REG,7,GB,WAS,Home
2022_07_NYJ_DEN,2022,REG,7,NYJ,DEN,Home
2022_07_HOU_LV,2022,REG,7,HOU,LV,Home
2022_07_SEA_LAC,2022,REG,7,SEA,LAC,Home
2022_07_KC_SF,2022,REG,7,KC,SF,Home
2022_07_PIT_MIA,2022,REG,7,PIT,MIA,Home
2022_07_CHI_NE,2022,REG,7,CHI,NE,Home
2022_08_BAL_TB,2022,REG,8,BAL,TB,Home
2022_08_DEN_JAX,2022,REG,8,DEN,JAX,Neutral
2022_08_CAR_ATL,2022,REG,8,CAR,ATL,Home
2022_08_CHI_DAL,2022,REG,8,CHI,DAL,Home
2022_08_MIA_DET,2022,REG,8,MIA,DET,Home
2022_08_ARI_MIN,2022,REG,8,ARI,MIN,Home
2022_08_LV_NO,2022,REG,8,LV,NO,Home
2022_08_NE_NYJ,2022,REG,8,NE,NYJ,Home
2022_08_PIT_PHI,2022,REG,8,PIT,PHI,Home
2022_08_TEN_HOU,2022,REG,8,TEN,HOU,Home
2022_08_WAS_IND,2022,REG,8,WAS,IND,Home
2022_08_SF_LA,2022,REG,8,SF,LA,Home
2022_08_NYG_SEA,2022,REG,8,NYG,SEA,Home
2022_08_GB_BUF,2022,REG,8,GB,BUF,Home
2022_08_CIN_CLE,2022,REG,8,CIN,CLE,Home
2022_09_PHI_HOU,2022,REG,9,PHI,HOU,Home
2022_09_LAC_ATL,2022,REG,9,LAC,ATL,Home
2022_09_MIA_CHI,2022,REG,9,MIA,CHI,Home
2022_09_CAR_CIN,2022,REG,9,CAR,CIN,Home
2022_09_GB_DET,2022,REG,9,GB,DET,Home
2022_09_LV_JAX,2022,REG,9,LV,JAX,Home
2022_09_IND_NE,2022,REG,9,IND,NE,Home
2022_09_BUF_NYJ,2022,REG,9,BUF,NYJ,Home
2022_09_MIN_WAS,2022,REG,9,MIN,WAS,Home
2022_09_SEA_ARI,2022,REG,9,SEA,ARI,Home
2022_09_LA_TB,2022,REG,9,LA,TB,Home
2022_09_TEN_KC,2022,REG,9,TEN,KC,Home
2022_09_BAL_NO,2022,REG,9,BAL,NO,Home
2022_10_ATL_CAR,2022,REG,10,ATL,CAR,Home
2022_10_SEA_TB,2022,REG,10,SEA,TB,Neutral
2022_10_MIN_BUF,2022,REG,10,MIN,BUF,Home
2022_10_DET_CHI,2022,REG,10,DET,CHI,Home
2022_10_JAX_KC,2022,REG,10,JAX,KC,Home
2022_10_CLE_MIA,2022,REG,10,CLE,MIA,Home
2022_10_HOU_NYG,2022,REG,10,HOU,NYG,Home
2022_10_NO_PIT,2022,REG,10,NO,PIT,Home
2022_10_DEN_TEN,2022,REG,10,DEN,TEN,Home
2022_10_IND_LV,2022,REG,10,IND,LV,Home
2022_10_DAL_GB,2022,REG,10,DAL,GB,Home
2022_10_ARI_LA,2022,REG,10,ARI,LA,Home
2022_10_LAC_SF,2022,REG,10,LAC,SF,Home
2022_10_WAS_PHI,2022,REG,10,WAS,PHI,Home
2022_11_TEN_GB,2022,REG,11,TEN,GB,Home
2022_11_CHI_ATL,2022,REG,11,CHI,ATL,Home
2022_11_CAR_BAL,2022,REG,11,CAR,BAL,Home
2022_11_CLE_BUF,2022,REG,11,CLE,BUF,Neutral
2022_11_WAS_HOU,2022,REG,11,WAS,HOU,Home
2022_11_PHI_IND,2022,REG,11,PHI,IND,Home
2022_11_NYJ_NE,2022,REG,11,NYJ,NE,Home
2022_11_LA_NO,2022,REG,11,LA,NO,Home
2022_11_DET_NYG,2022,REG,11,DET,NYG,Home
2022_11_LV_DEN,2022,REG,11,LV,DEN,Home
2022_11_DAL_MIN,2022,REG,11,DAL,MIN,Home
2022_11_CIN_PIT,2022,REG,11,CIN,PIT,Home
2022_11_KC_LAC,2022,REG,11,KC,LAC,Home
2022_11_SF_ARI,2022,REG,11,SF,ARI,Neutral
2022_12_BUF_DET,2022,REG,12,BUF,DET,Home
2022_12_NYG_DAL,2022,REG,12,NYG,DAL,Home
2022_12_NE_MIN,2022,REG,12,NE,MIN,Home
2022_12_DEN_CAR,2022,REG,12,DEN,CAR,Home
2022_12_TB_CLE,2022,REG,12,TB,CLE,Home
2022_12_BAL_JAX,2022,REG,12,BAL,JAX,Home
2022_12_HOU_MIA,2022,REG,12,HOU,MIA,Home
2022_12_CHI_NYJ,2022,REG,12,CHI,NYJ,Home
2022_12_CIN_TEN,2022,REG,12,CIN,TEN,Home
2022_12_ATL_WAS,2022,REG,12,ATL,WAS,Home
2022_12_LAC_ARI,2022,REG,12,LAC,ARI,Home
2022_12_LV_SEA,2022,REG,12,LV,SEA,Home
2022_12_LA_KC,2022,REG,12,LA,KC,Home
2022_12_NO_SF,2022,REG,12,NO,SF,Home
2022_12_GB_PHI,2022,REG,12,GB,PHI,Home
2022_12_PIT_IND,2022,REG,12,PIT,IND,Home
2022_13_BUF_NE,2022,REG,13,BUF,NE,Home
2022_13_PIT_ATL,2022,REG,13,PIT,ATL,Home
2022_13_DEN_BAL,2022,REG,13,DEN,BAL,Home
2022_13_GB_CHI,2022,REG,13,GB,CHI,Home
2022_13_JAX_DET,2022,REG,13,JAX,DET,Home
2022_13_CLE_HOU,2022,REG,13,CLE,HOU,Home
2022_13_NYJ_MIN,2022,REG,13,NYJ,MIN,Home
2022_13_WAS_NYG,2022,REG,13,WAS,NYG,Home
2022_13_TEN_PHI,2022,REG,13,TEN,PHI,Home
2022_13_SEA_LA,2022,REG,13,SEA,LA,Home
2022_13_MIA_SF,2022,REG,13,MIA,SF,Home
2022_13_KC_CIN,2022,REG,13,KC,CIN,Home
2022_13_LAC_LV,2022,REG,13,LAC,LV,Home
2022_13_IND_DAL,2022,REG,13,IND,DAL,Home
2022_13_NO_TB,2022,REG,13,NO,TB,Home
2022_14_LV_LA,2022,REG,14,LV,LA,Home
2022_14_NYJ_BUF,2022,REG,14,NYJ,BUF,Home
2022_14_CLE_CIN,2022,REG,14,CLE,CIN,Home
2022_14_HOU_DAL,2022,REG,14,HOU,DAL,Home
2022_14_MIN_DET,2022,REG,14,MIN,DET,Home
2022_14_PHI_NYG,2022,REG,14,PHI,NYG,Home
2022_14_BAL_PIT,2022,REG,14,BAL,PIT,Home
2022_14_JAX_TEN,2022,REG,14,JAX,TEN,Home
2022_14_KC_DEN,2022,REG,14,KC,DEN,Home
2022_14_CAR_SEA,2022,REG,14,CAR,SEA,Home
2022_14_TB_SF,2022,REG,14,TB,SF,Home
2022_14_MIA_LAC,2022,REG,14,MIA,LAC,Home
2022_14_NE_ARI,2022,REG,14,NE,ARI,Home
2022_15_SF_SEA,2022,REG,15,SF,SEA,Home
2022_15_IND_MIN,2022,REG,15,IND,MIN,Home
2022_15_BAL_CLE,2022,REG,15,BAL,CLE,Home
2022_15_MIA_BUF,2022,REG,15,MIA,BUF,Home
2022_15_PIT_CAR,2022,REG,15,PIT,CAR,Home
2022_15_PHI_CHI,2022,REG,15,PHI,CHI,Home
2022_15_KC_HOU,2022,REG,15,KC,HOU,Home
2022_15_DAL_JAX,2022,REG,15,DAL,JAX,Home
2022_15_ATL_NO,2022,REG,15,ATL,NO,Home
2022_15_DET_NYJ,2022,REG,15,DET,NYJ,Home
2022_15_ARI_DEN,2022,REG,15,ARI,DEN,Home
2022_15_NE_LV,2022,REG,15,NE,LV,Home
2022_15_TEN_LAC,2022,REG,15,TEN,LAC,Home
2022_15_CIN_TB,2022,REG,15,CIN,TB,Home
2022_15_NYG_WAS,2022,REG,15,NYG,WAS,Home
2022_15_LA_GB,2022,REG,15,LA,GB,Home
2022_16_JAX_NYJ,2022,REG,16,JAX,NYJ,Home
2022_16_ATL_BAL,2022,REG,16,ATL,BAL,Home
2022_16_DET_CAR,2022,REG,16,DET,CAR,Home
2022_16_BUF_CHI,2022,REG,16,BUF,CHI,Home
2022_16_NO_CLE,2022,REG,16,NO,CLE,Home
2022_16_SEA_KC,2022,REG,16,SEA,KC,Home
2022_16_NYG_MIN,2022,REG,16,NYG,MIN,Home
2022_16_CIN_NE,2022,REG,16,CIN,NE,Home
2022_16_HOU_TEN,2022,REG,16,HOU,TEN,Home
2022_16_WAS_SF,2022,REG,16,WAS,SF,Home
2022_16_PHI_DAL,2022,REG,16,PHI,DAL,Home
2022_16_LV_PIT,2022,REG,16,LV,PIT,Home
2022_16_GB_MIA,2022,REG,16,GB,MIA,Home
2022_16_DEN_LA,2022,REG,16,DEN,LA,Home
2022_16_TB_ARI,2022,REG,16,TB,ARI,Home
2022_16_LAC_IND,2022,REG,16,LAC,IND,Home
2022_17_DAL_TEN,2022,REG,17,DAL,TEN,Home
2022_17_ARI_ATL,2022,REG,17,ARI,ATL,Home
2022_17_CHI_DET,2022,REG,17,CHI,DET,Home
2022_17_JAX_HOU,2022,REG,17,JAX,HOU,Home
2022_17_DEN_KC,2022,REG,17,DEN,KC,Home
2022_17_MIA_NE,2022,REG,17,MIA,NE,Home
2022_17_IND_NYG,2022,REG,17,IND,NYG,Home
2022_17_NO_PHI,2022,REG,17,NO,PHI,Home
2022_17_CAR_TB,2022,REG,17,CAR,TB,Home
2022_17_CLE_WAS,2022,REG,17,CLE,WAS,Home
2022_17_SF_LV,2022,REG,17,SF,LV,Home
2022_17_NYJ_SEA,2022,REG,17,NYJ,SEA,Home
2022_17_MIN_GB,2022,REG,17,MIN,GB,Home
2022_17_LA_LAC,2022,REG,17,LA,LAC,Home
2022_17_PIT_BAL,2022,REG,17,PIT,BAL,Home
2022_18_KC_LV,2022,REG,18,KC,LV,Home
2022_18_TEN_JAX,2022,REG,18,TEN,JAX,Home
2022_18_TB_ATL,2022,REG,18,TB,ATL,Home
2022_18_NE_BUF,2022,REG,18,NE,BUF,Home
2022_18_MIN_CHI,2022,REG,18,MIN,CHI,Home
2022_18_BAL_CIN,2022,REG,18,BAL,CIN,Home
2022_18_HOU_IND,2022,REG,18,HOU,IND,Home
2022_18_NYJ_MIA,2022,REG,18,NYJ,MIA,Home
2022_18_CAR_NO,2022,REG,18,CAR,NO,Home
2022_18_CLE_PIT,2022,REG,18,CLE,PIT,Home
2022_18_LAC_DEN,2022,REG,18,LAC,DEN,Home
2022_18_NYG_PHI,2022,REG,18,NYG,PHI,Home
2022_18_LA_SEA,2022,REG,18,LA,SEA,Home
2022_18_ARI_SF,2022,REG,18,ARI,SF,Home
2022_18_DAL_WAS,2022,REG,18,DAL,WAS,Home
2022_18_DET_GB,2022,REG,18,DET,GB,Home
2023_01_DET_KC,2023,REG,1,DET,KC,Home
2023_01_CAR_ATL,2023,REG,1,CAR,ATL,Home
2023_01_HOU_BAL,2023,REG,1,HOU,BAL,Home
2023_01_CIN_CLE,2023,REG,1,CIN,CLE,Home
2023_01_JAX_IND,2023,REG,1,JAX,IND,Home
2023_01_TB_MIN,2023,REG,1,TB,MIN,Home
2023_01_TEN_NO,2023,REG,1,TEN,NO,Home
2023_01_SF_PIT,2023,REG,1,SF,PIT,Home
2023_01_ARI_WAS,2023,REG,1,ARI,WAS,Home
2023_01_GB_CHI,2023,REG,1,GB,CHI,Home
2023_01_LV_DEN,2023,REG,1,LV,DEN,Home
2023_01_MIA_LAC,2023,REG,1,MIA,LAC,Home
2023_01_PHI_NE,2023,REG,1,PHI,NE,Home
2023_01_LA_SEA,2023,REG,1,LA,SEA,Home
2023_01_DAL_NYG,2023,REG,1,DAL,NYG,Home
2023_01_BUF_NYJ,2023,REG,1,BUF,NYJ,Home
2023_02_MIN_PHI,2023,REG,2,MIN,PHI,Home
2023_02_GB_ATL,2023,REG,2,GB,ATL,Home
2023_02_LV_BUF,2023,REG,2,LV,BUF,Home
2023_02_BAL_CIN,2023,REG,2,BAL,CIN,Home
2023_02_SEA_DET,2023,REG,2,SEA,DET,Home
2023_02_IND_HOU,2023,REG,2,IND,HOU,Home
2023_02_KC_JAX,2023,REG,2,KC,JAX,Home
2023_02_CHI_TB,2023,REG,2,CHI,TB,Home
2023_02_LAC_TEN,2023,REG,2,LAC,TEN,Home
2023_02_NYG_ARI,2023,REG,2,NYG,ARI,Home
2023_02_SF_LA,2023,REG,2,SF,LA,Home
2023_02_NYJ_DAL,2023,REG,2,NYJ,DAL,Home
2023_02_WAS_DEN,2023,REG,2,WAS,DEN,Home
2023_02_MIA_NE,2023,REG,2,MIA,NE,Home
2023_02_NO_CAR,2023,REG,2,NO,CAR,Home
2023_02_CLE_PIT,2023,REG,2,CLE,PIT,Home
2023_03_NYG_SF,2023,REG,3,NYG,SF,Home
2023_03_IND_BAL,2023,REG,3,IND,BAL,Home
2023_03_TEN_CLE,2023,REG,3,TEN,CLE,Home
2023_03_ATL_DET,2023,REG,3,ATL,DET,Home
2023_03_NO_GB,2023,REG,3,NO,GB,Home
2023_03_HOU_JAX,2023,REG,3,HOU,JAX,Home
2023_03_DEN_MIA,2023,REG,3,DEN,MIA,Home
2023_03_LAC_MIN,2023,REG,3,LAC,MIN,Home
2023_03_NE_NYJ,2023,REG,3,NE,NYJ,Home
2023_03_BUF_WAS,2023,REG,3,BUF,WAS,Home
2023_03_CAR_SEA,2023,REG,3,CAR,SEA,Home
2023_03_DAL_ARI,2023,REG,3,DAL,ARI,Home
2023_03_CHI_KC,2023,REG,3,CHI,KC,Home
2023_03_PIT_LV,2023,REG,3,PIT,LV,Home
2023_03_PHI_TB,2023,REG,3,PHI,TB,Home
2023_03_LA_CIN,2023,REG,3,LA,CIN,Home
2023_04_DET_GB,2023,REG,4,DET,GB,Home
2023_04_ATL_JAX,2023,REG,4,ATL,JAX,Neutral
2023_04_MIA_BUF,2023,REG,4,MIA,BUF,Home
2023_04_MIN_CAR,2023,REG,4,MIN,CAR,Home
2023_04_DEN_CHI,2023,REG,4,DEN,CHI,Home
2023_04_BAL_CLE,2023,REG,4,BAL,CLE,Home
2023_04_PIT_HOU,2023,REG,4,PIT,HOU,Home
2023_04_LA_IND,2023,REG,4,LA,IND,Home
2023_04_TB_NO,2023,REG,4,TB,NO,Home
2023_04_WAS_PHI,2023,REG,4,WAS,PHI,Home
2023_04_CIN_TEN,2023,REG,4,CIN,TEN,Home
2023_04_LV_LAC,2023,REG,4,LV,LAC,Home
2023_04_NE_DAL,2023,REG,4,NE,DAL,Home
2023_04_ARI_SF,2023,REG,4,ARI,SF,Home
2023_04_KC_NYJ,2023,REG,4,KC,NYJ,Home
2023_04_SEA_NYG,2023,REG,4,SEA,NYG,Home
2023_05_CHI_WAS,2023,REG,5,CHI,WAS,Home
2023_05_JAX_BUF,2023,REG,5,JAX,BUF,Neutral
2023_05_HOU_ATL,2023,REG,5,HOU,ATL,Home
2023_05_CAR_DET,2023,REG,5,CAR,DET,Home
2023_05_TEN_IND,2023,REG,5,TEN,IND,Home
2023_05_NYG_MIA,2023,REG,5,NYG,MIA,Home
2023_05_NO_NE,2023,REG,5,NO,NE,Home
2023_05_BAL_PIT,2023,REG,5,BAL,PIT,Home
2023_05_CIN_ARI,2023,REG,5,CIN,ARI,Home
2023_05_PHI_LA,2023,REG,5,PHI,LA,Home
2023_05_NYJ_DEN,2023,REG,5,NYJ,DEN,Home
2023_05_KC_MIN,2023,REG,5,KC,MIN,Home
2023_05_DAL_SF,2023,REG,5,DAL,SF,Home
2023_05_GB_LV,2023,REG,5,GB,LV,Home
2023_06_DEN_KC,2023,REG,6,DEN,KC,Home
2023_06_BAL_TEN,2023,REG,6,BAL,TEN,Neutral
2023_06_WAS_ATL,2023,REG,6,WAS,ATL,Home
2023_06_MIN_CHI,2023,REG,6,MIN,CHI,Home
2023_06_SEA_CIN,2023,REG,6,SEA,CIN,Home
2023_06_SF_CLE,2023,REG,6,SF,CLE,Home
2023_06_NO_HOU,2023,REG,6,NO,HOU,Home
2023_06_IND_JAX,2023,REG,6,IND,JAX,Home
2023_06_CAR_MIA,2023,REG,6,CAR,MIA,Home
2023_06_NE_LV,2023,REG,6,NE,LV,Home
2023_06_ARI_LA,2023,REG,6,ARI,LA,Home
2023_06_PHI_NYJ,2023,REG,6,PHI,NYJ,Home
2023_06_DET_TB,2023,REG,6,DET,TB,Home
2023_06_NYG_BUF,2023,REG,6,NYG,BUF,Home
2023_06_DAL_LAC,2023,REG,6,DAL,LAC,Home
2023_07_JAX_NO,2023,REG,7,JAX,NO,Home
2023_07_DET_BAL,2023,REG,7,DET,BAL,Home
2023_07_LV_CHI,2023,REG,7,LV,CHI,Home
2023_07_CLE_IND,2023,REG,7,CLE,IND,Home
2023_07_BUF_NE,2023,REG,7,BUF,NE,Home
2023_07_WAS_NYG,2023,REG,7,WAS,NYG,Home
2023_07_ATL_TB,2023,REG,7,ATL,TB,Home
2023_07_PIT_LA,2023,REG,7,PIT,LA,Home
2023_07_ARI_SEA,2023,REG,7,ARI,SEA,Home
2023_07_GB_DEN,2023,REG,7,GB,DEN,Home
2023_07_LAC_KC,2023,REG,7,LAC,KC,Home
2023_07_MIA_PHI,2023,REG,7,MIA,PHI,Home
2023_07_SF_MIN,2023,REG,7,SF,MIN,Home
2023_08_TB_BUF,2023,REG,8,TB,BUF,Home
2023_08_HOU_CAR,2023,REG,8,HOU,CAR,Home
2023_08_LA_DAL,2023,REG,8,LA,DAL,Home
2023_08_MIN_GB,2023,REG,8,MIN,GB,Home
2023_08_NO_IND,2023,REG,8,NO,IND,Home
2023_08_NE_MIA,2023,REG,8,NE,MIA,Home
2023_08_NYJ_NYG,2023,REG,8,NYJ,NYG,Home
2023_08_JAX_PIT,2023,REG,8,JAX,PIT,Home
2023_08_ATL_TEN,2023,REG,8,ATL,TEN,Home
2023_08_PHI_WAS,2023,REG,8,PHI,WAS,Home
2023_08_CLE_SEA,2023,REG,8,CLE,SEA,Home
2023_08_BAL_ARI,2023,REG,8,BAL,ARI,Home
2023_08_KC_DEN,2023,REG,8,KC,DEN,Home
2023_08_CIN_SF,2023,REG,8,CIN,SF,Home
2023_08_CHI_LAC,2023,REG,8,CHI,LAC,Home
2023_08_LV_DET,2023,REG,8,LV,DET,Home
2023_09_TEN_PIT,2023,REG,9,TEN,PIT,Home
2023_09_MIA_KC,2023,REG,9,MIA,KC,Neutral
2023_09_MIN_ATL,2023,REG,9,MIN,ATL,Home
2023_09_SEA_BAL,2023,REG,9,SEA,BAL,Home
2023_09_ARI_CLE,2023,REG,9,ARI,CLE,Home
2023_09_LA_GB,2023,REG,9,LA,GB,Home
2023_09_TB_HOU,2023,REG,9,TB,HOU,Home
2023_09_WAS_NE,2023,REG,9,WAS,NE,Home
2023_09_CHI_NO,2023,REG,9,CHI,NO,Home
2023_09_IND_CAR,2023,REG,9,IND,CAR,Home
2023_09_NYG_LV,2023,REG,9,NYG,LV,Home
2023_09_DAL_PHI,2023,REG,9,DAL,PHI,Home
2023_09_BUF_CIN,2023,REG,9,BUF,CIN,Home
2023_09_LAC_NYJ,2023,REG,9,LAC,NYJ,Home
2023_10_CAR_CHI,2023,REG,10,CAR,CHI,Home
2023_10_IND_NE,2023,REG,10,IND,NE,Neutral
2023_10_CLE_BAL,2023,REG,10,CLE,BAL,Home
2023_10_HOU_CIN,2023,REG,10,HOU,CIN,Home
2023_10_SF_JAX,2023,REG,10,SF,JAX,Home
2023_10_NO_MIN,2023,REG,10,NO,MIN,Home
2023_10_GB_PIT,2023,REG,10,GB,PIT,Home
2023_10_TEN_TB,2023,REG,10,TEN,TB,Home
2023_10_ATL_ARI,2023,REG,10,ATL,ARI,Home
2023_10_DET_LAC,2023,REG,10,DET,LAC,Home
2023_10_NYG_DAL,2023,REG,10,NYG,DAL,Home
2023_10_WAS_SEA,2023,REG,10,WAS,SEA,Home
2023_10_NYJ_LV,2023,REG,10,NYJ,LV,Home
2023_10_DEN_BUF,2023,REG,10,DEN,BUF,Home
2023_11_CIN_BAL,2023,REG,11,CIN,BAL,Home
2023_11_DAL_CAR,2023,REG,11,DAL,CAR,Home
2023_11_PIT_CLE,2023,REG,11,PIT,CLE,Home
2023_11_CHI_DET,2023,REG,11,CHI,DET,Home
2023_11_LAC_GB,2023,REG,11,LAC,GB,Home
2023_11_ARI_HOU,2023,REG,11,ARI,HOU,Home
2023_11_TEN_JAX,2023,REG,11,TEN,JAX,Home
2023_11_LV_MIA,2023,REG,11,LV,MIA,Home
2023_11_NYG_WAS,2023,REG,11,NYG,WAS,Home
2023_11_TB_SF,2023,REG,11,TB,SF,Home
2023_11_NYJ_BUF,2023,REG,11,NYJ,BUF,Home
2023_11_SEA_LA,2023,REG,11,SEA,LA,Home
2023_11_MIN_DEN,2023,REG,11,MIN,DEN,Home
2023_11_PHI_KC,2023,REG,11,PHI,KC,Home
2023_12_GB_DET,2023,REG,12,GB,DET,Home
2023_12_WAS_DAL,2023,REG,12,WAS,DAL,Home
2023_12_SF_SEA,2023,REG,12,SF,SEA,Home
2023_12_MIA_NYJ,2023,REG,12,MIA,NYJ,Home
2023_12_NO_ATL,2023,REG,12,NO,ATL,Home
2023_12_PIT_CIN,2023,REG,12,PIT,CIN,Home
2023_12_JAX_HOU,2023,REG,12,JAX,HOU,Home
2023_12_TB_IND,2023,REG,12,TB,IND,Home
2023_12_NE_NYG,2023,REG,12,NE,NYG,Home
2023_12_CAR_TEN,2023,REG,12,CAR,TEN,Home
2023_12_LA_ARI,2023,REG,12,LA,ARI,Home
2023_12_CLE_DEN,2023,REG,12,CLE,DEN,Home
2023_12_KC_LV,2023,REG,12,KC,LV,Home
2023_12_BUF_PHI,2023,REG,12,BUF,PHI,Home
2023_12_BAL_LAC,2023,REG,12,BAL,LAC,Home
2023_12_CHI_MIN,2023,REG,12,CHI,MIN,Home
2023_13_SEA_DAL,2023,REG,13,SEA,DAL,Home
2023_13_DEN_HOU,2023,REG,13,DEN,HOU,Home
2023_13_LAC_NE,2023,REG,13,LAC,NE,Home
2023_13_DET_NO,2023,REG,13,DET,NO,Home
2023_13_ATL_NYJ,2023,REG,13,ATL,NYJ,Home
2023_13_ARI_PIT,2023,REG,13,ARI,PIT,Home
2023_13_IND_TEN,2023,REG,13,IND,TEN,Home
2023_13_MIA_WAS,2023,REG,13,MIA,WAS,Home
2023_13_CAR_TB,2023,REG,13,CAR,TB,Home
2023_13_CLE_LA,2023,REG,13,CLE,LA,Home
2023_13_SF_PHI,2023,REG,13,SF,PHI,Home
2023_13_KC_GB,2023,REG,13,KC,GB,Home
2023_13_CIN_JAX,2023,REG,13,CIN,JAX,Home
2023_14_NE_PIT,2023,REG,14,NE,PIT,Home
2023_14_TB_ATL,2023,REG,14,TB,ATL,Home
2023_14_LA_BAL,2023,REG,14,LA,BAL,Home
2023_14_DET_CHI,2023,REG,14,DET,CHI,Home
2023_14_IND_CIN,2023,REG,14,IND,CIN,Home
2023_14_JAX_CLE,2023,REG,14,JAX,CLE,Home
2023_14_CAR_NO,2023,REG,14,CAR,NO,Home
2023_14_HOU_NYJ,2023,REG,14,HOU,NYJ,Home
2023_14_MIN_LV,2023,REG,14,MIN,LV,Home
2023_14_SEA_SF,2023,REG,14,SEA,SF,Home
2023_14_BUF_KC,2023,REG,14,BUF,KC,Home
2023_14_DEN_LAC,2023,REG,14,DEN,LAC,Home
2023_14_PHI_DAL,2023,REG,14,PHI,DAL,Home
2023_14_TEN_MIA,2023,REG,14,TEN,MIA,Home
2023_14_GB_NYG,2023,REG,14,GB,NYG,Home
2023_15_LAC_LV,2023,REG,15,LAC,LV,Home
2023_15_MIN_CIN,2023,REG,15,MIN,CIN,Home
2023_15_PIT_IND,2023,REG,15,PIT,IND,Home
2023_15_DEN_DET,2023,REG,15,DEN,DET,Home
2023_15_ATL_CAR,2023,REG,15,ATL,CAR,Home
2023_15_CHI_CLE,2023,REG,15,CHI,CLE,Home
2023_15_TB_GB,2023,REG,15,TB,GB,Home
2023_15_NYJ_MIA,2023,REG,15,NYJ,MIA,Home
2023_15_KC_NE,2023,REG,15,KC,NE,Home
2023_15_NYG_NO,2023,REG,15,NYG,NO,Home
2023_15_HOU_TEN,2023,REG,15,HOU,TEN,Home
2023_15_SF_ARI,2023,REG,15,SF,ARI,Home
2023_15_WAS_LA,2023,REG,15,WAS,LA,Home
2023_15_DAL_BUF,2023,REG,15,DAL,BUF,Home
2023_15_BAL_JAX,2023,REG,15,BAL,JAX,Home
2023_15_PHI_SEA,2023,REG,15,PHI,SEA,Home
2023_16_NO_LA,2023,REG,16,NO,LA,Home
2023_16_CIN_PIT,2023,REG,16,CIN,PIT,Home
2023_16_BUF_LAC,2023,REG,16,BUF,LAC,Home
2023_16_IND_ATL,2023,REG,16,IND,ATL,Home
2023_16_GB_CAR,2023,REG,16,GB,CAR,Home
2023_16_CLE_HOU,2023,REG,16,CLE,HOU,Home
2023_16_DET_MIN,2023,REG,16,DET,MIN,Home
2023_16_WAS_NYJ,2023,REG,16,WAS,NYJ,Home
2023_16_SEA_TEN,2023,REG,16,SEA,TEN,Home
2023_16_JAX_TB,2023,REG,16,JAX,TB,Home
2023_16_ARI_CHI,2023,REG,16,ARI,CHI,Home
2023_16_DAL_MIA,2023,REG,16,DAL,MIA,Home
2023_16_NE_DEN,2023,REG,16,NE,DEN,Home
2023_16_LV_KC,2023,REG,16,LV,KC,Home
2023_16_NYG_PHI,2023,REG,16,NYG,PHI,Home
2023_16_BAL_SF,2023,REG,16,BAL,SF,Home
2023_17_NYJ_CLE,2023,REG,17,NYJ,CLE,Home
2023_17_DET_DAL,2023,REG,17,DET,DAL,Home
2023_17_MIA_BAL,2023,REG,17,MIA,BAL,Home
2023_17_NE_BUF,2023,REG,17,NE,BUF,Home
2023_17_ATL_CHI,2023,REG,17,ATL,CHI,Home
2023_17_TEN_HOU,2023,REG,17,TEN,HOU,Home
2023_17_LV_IND,2023,REG,17,LV,IND,Home
2023_17_CAR_JAX,2023,REG,17,CAR,JAX,Home
2023_17_LA_NYG,2023,REG,17,LA,NYG,Home
2023_17_ARI_PHI,2023,REG,17,ARI,PHI,Home
2023_17_NO_TB,2023,REG,17,NO,TB,Home
2023_17_SF_WAS,2023,REG,17,SF,WAS,Home
2023_17_PIT_SEA,2023,REG,17,PIT,SEA,Home
2023_17_LAC_DEN,2023,REG,17,LAC,DEN,Home
2023_17_CIN_KC,2023,REG,17,CIN,KC,Home
2023_17_GB_MIN,2023,REG,17,GB,MIN,Home
2023_18_PIT_BAL,2023,REG,18,PIT,BAL,Home
2023_18_HOU_IND,2023,REG,18,HOU,IND,Home
2023_18_TB_CAR,2023,REG,18,TB,CAR,Home
2023_18_CLE_CIN,2023,REG,18,CLE,CIN,Home
2023_18_MIN_DET,2023,REG,18,MIN,DET,Home
2023_18_NYJ_NE,2023,REG,18,NYJ,NE,Home
2023_18_ATL_NO,2023,REG,18,ATL,NO,Home
2023_18_JAX_TEN,2023,REG,18,JAX,TEN,Home
2023_18_SEA_ARI,2023,REG,18,SEA,ARI,Home
2023_18_CHI_GB,2023,REG,18,CHI,GB,Home
2023_18_KC_LAC,2023,REG,18,KC,LAC,Home
2023_18_DEN_LV,2023,REG,18,DEN,LV,Home
2023_18_PHI_NYG,2023,REG,18,PHI,NYG,Home
2023_18_LA_SF,2023,REG,18,LA,SF,Home
2023_18_DAL_WAS,2023,REG,18,DAL,WAS,Home
2023_18_BUF_MIA,2023,REG,18,BUF,MIA,Home
2024_01_BAL_KC,2024,REG,1,BAL,KC,Home
2024_01_GB_PHI,2024,REG,1,GB,PHI,Neutral
2024_01_PIT_ATL,2024,REG,1,PIT,ATL,Home
2024_01_ARI_BUF,2024,REG,1,ARI,BUF,Home
2024_01_TEN_CHI,2024,REG,1,TEN,CHI,Home
2024_01_NE_CIN,2024,REG,1,NE,CIN,Home
2024_01_HOU_IND,2024,REG,1,HOU,IND,Home
2024_01_JAX_MIA,2024,REG,1,JAX,MIA,Home
2024_01_CAR_NO,2024,REG,1,CAR,NO,Home
2024_01_MIN_NYG,2024,REG,1,MIN,NYG,Home
2024_01_LV_LAC,2024,REG,1,LV,LAC,Home
2024_01_DEN_SEA,2024,REG,1,DEN,SEA,Home
2024_01_DAL_CLE,2024,REG,1,DAL,CLE,Home
2024_01_WAS_TB,2024,REG,1,WAS,TB,Home
2024_01_LA_DET,2024,REG,1,LA,DET,Home
2024_01_NYJ_SF,2024,REG,1,NYJ,SF,Home
2024_02_BUF_MIA,2024,REG,2,BUF,MIA,Home
2024_02_LV_BAL,2024,REG,2,LV,BAL,Home
2024_02_LAC_CAR,2024,REG,2,LAC,CAR,Home
2024_02_NO_DAL,2024,REG,2,NO,DAL,Home
2024_02_TB_DET,2024,REG,2,TB,DET,Home
2024_02_IND_GB,2024,REG,2,IND,GB,Home
2024_02_CLE_JAX,2024,REG,2,CLE,JAX,Home
2024_02_SF_MIN,2024,REG,2,SF,MIN,Home
2024_02_SEA_NE,2024,REG,2,SEA,NE,Home
2024_02_NYJ_TEN,2024,REG,2,NYJ,TEN,Home
2024_02_NYG_WAS,2024,REG,2,NYG,WAS,Home
2024_02_LA_ARI,2024,REG,2,LA,ARI,Home
2024_02_PIT_DEN,2024,REG,2,PIT,DEN,Home
2024_02_CIN_KC,2024,REG,2,CIN,KC,Home
2024_02_CHI_HOU,2024,REG,2,CHI,HOU,Home
2024_02_ATL_PHI,2024,REG,2,ATL,PHI,Home
2024_03_NE_NYJ,2024,REG,3,NE,NYJ,Home
2024_03_NYG_CLE,2024,REG,3,NYG,CLE,Home
2024_03_CHI_IND,2024,REG,3,CHI,IND,Home
2024_03_HOU_MIN,2024,REG,3,HOU,MIN,Home
2024_03_PHI_NO,2024,REG,3,PHI,NO,Home
2024_03_LAC_PIT,2024,REG,3,LAC,PIT,Home
2024_03_DEN_TB,2024,REG,3,DEN,TB,Home
2024_03_GB_TEN,2024,REG,3,GB,TEN,Home
2024_03_CAR_LV,2024,REG,3,CAR,LV,Home
2024_03_MIA_SEA,2024,REG,3,MIA,SEA,Home
2024_03_DET_ARI,2024,REG,3,DET,ARI,Home
2024_03_BAL_DAL,2024,REG,3,BAL,DAL,Home
2024_03_SF_LA,2024,REG,3,SF,LA,Home
2024_03_KC_ATL,2024,REG,3,KC,ATL,Home
2024_03_JAX_BUF,2024,REG,3,JAX,BUF,Home
2024_03_WAS_CIN,2024,REG,3,WAS,CIN,Home
2024_04_DAL_NYG,2024,REG,4,DAL,NYG,Home
2024_04_NO_ATL,2024,REG,4,NO,ATL,Home
2024_04_CIN_CAR,2024,REG,4,CIN,CAR,Home
2024_04_LA_CHI,2024,REG,4,LA,CHI,Home
2024_04_MIN_GB,2024,REG,4,MIN,GB,Home
2024_04_JAX_HOU,2024,REG,4,JAX,HOU,Home
2024_04_PIT_IND,2024,REG,4,PIT,IND,Home
2024_04_DEN_NYJ,2024,REG,4,DEN,NYJ,Home
2024_04_PHI_TB,2024,REG,4,PHI,TB,Home
2024_04_WAS_ARI,2024,REG,4,WAS,ARI,Home
2024_04_NE_SF,2024,REG,4,NE,SF,Home
2024_04_KC_LAC,2024,REG,4,KC,LAC,Home
2024_04_CLE_LV,2024,REG,4,CLE,LV,Home
2024_04_BUF_BAL,2024,REG,4,BUF,BAL,Home
2024_04_TEN_MIA,2024,REG,4,TEN,MIA,Home
2024_04_SEA_DET,2024,REG,4,SEA,DET,Home
2024_05_TB_ATL,2024,REG,5,TB,ATL,Home
2024_05_NYJ_MIN,2024,REG,5,NYJ,MIN,Neutral
2024_05_CAR_CHI,2024,REG,5,CAR,CHI,Home
2024_05_BAL_CIN,2024,REG,5,BAL,CIN,Home
2024_05_BUF_HOU,2024,REG,5,BUF,HOU,Home
2024_05_IND_JAX,2024,REG,5,IND,JAX,Home
2024_05_MIA_NE,2024,REG,5,MIA,NE,Home
2024_05_CLE_WAS,2024,REG,5,CLE,WAS,Home
2024_05_LV_DEN,2024,REG,5,LV,DEN,Home
2024_05_ARI_SF,2024,REG,5,ARI,SF,Home
2024_05_GB_LA,2024,REG,5,GB,LA,Home
2024_05_NYG_SEA,2024,REG,5,NYG,SEA,Home
2024_05_DAL_PIT,2024,REG,5,DAL,PIT,Home
2024_05_NO_KC,2024,REG,5,NO,KC,Home
2024_06_SF_SEA,2024,REG,6,SF,SEA,Home
2024_06_JAX_CHI,2024,REG,6,JAX,CHI,Neutral
2024_06_WAS_BAL,2024,REG,6,WAS,BAL,Home
2024_06_ARI_GB,2024,REG,6,ARI,GB,Home
2024_06_HOU_NE,2024,REG,6,HOU,NE,Home
2024_06_TB_NO,2024,REG,6,TB,NO,Home
2024_06_CLE_PHI,2024,REG,6,CLE,PHI,Home
2024_06_IND_TEN,2024,REG,6,IND,TEN,Home
2024_06_LAC_DEN,2024,REG,6,LAC,DEN,Home
2024_06_PIT_LV,2024,REG,6,PIT,LV,Home
2024_06_ATL_CAR,2024,REG,6,ATL,CAR,Home
2024_06_DET_DAL,2024,REG,6,DET,DAL,Home
2024_06_CIN_NYG,2024,REG,6,CIN,NYG,Home
2024_06_BUF_NYJ,2024,REG,6,BUF,NYJ,Home
2024_07_DEN_NO,2024,REG,7,DEN,NO,Home
2024_07_NE_JAX,2024,REG,7,NE,JAX,Neutral
2024_07_SEA_ATL,2024,REG,7,SEA,ATL,Home
2024_07_TEN_BUF,2024,REG,7,TEN,BUF,Home
2024_07_CIN_CLE,2024,REG,7,CIN,CLE,Home
2024_07_HOU_GB,2024,REG,7,HOU,GB,Home
2024_07_MIA_IND,2024,REG,7,MIA,IND,Home
2024_07_DET_MIN,2024,REG,7,DET,MIN,Home
2024_07_PHI_NYG,2024,REG,7,PHI,NYG,Home
2024_07_LV_LA,2024,REG,7,LV,LA,Home
2024_07_CAR_WAS,2024,REG,7,CAR,WAS,Home
2024_07_KC_SF,2024,REG,7,KC,SF,Home
2024_07_NYJ_PIT,2024,REG,7,NYJ,PIT,Home
2024_07_BAL_TB,2024,REG,7,BAL,TB,Home
2024_07_LAC_ARI,2024,REG,7,LAC,ARI,Home
2024_08_MIN_LA,2024,REG,8,MIN,LA,Home
2024_08_PHI_CIN,2024,REG,8,PHI,CIN,Home
2024_08_BAL_CLE,2024,REG,8,BAL,CLE,Home
2024_08_TEN_DET,2024,REG,8,TEN,DET,Home
2024_08_IND_HOU,2024,REG,8,IND,HOU,Home
2024_08_GB_JAX,2024,REG,8,GB,JAX,Home
2024_08_ARI_MIA,2024,REG,8,ARI,MIA,Home
2024_08_NYJ_NE,2024,REG,8,NYJ,NE,Home
2024_08_ATL_TB,2024,REG,8,ATL,TB,Home
2024_08_NO_LAC,2024,REG,8,NO,LAC,Home
2024_08_BUF_SEA,2024,REG,8,BUF,SEA,Home
2024_08_CAR_DEN,2024,REG,8,CAR,DEN,Home
2024_08_KC_LV,2024,REG,8,KC,LV,Home
2024_08_CHI_WAS,2024,REG,8,CHI,WAS,Home
2024_08_DAL_SF,2024,REG,8,DAL,SF,Home
2024_08_NYG_PIT,2024,REG,8,NYG,PIT,Home
2024_09_HOU_NYJ,2024,REG,9,HOU,NYJ,Home
2024_09_DAL_ATL,2024,REG,9,DAL,ATL,Home
2024_09_DEN_BAL,2024,REG,9,DEN,BAL,Home
2024_09_MIA_BUF,2024,REG,9,MIA,BUF,Home
2024_09_NO_CAR,2024,REG,9,NO,CAR,Home
2024_09_LV_CIN,2024,REG,9,LV,CIN,Home
2024_09_LAC_CLE,2024,REG,9,LAC,CLE,Home
2024_09_WAS_NYG,2024,REG,9,WAS,NYG,Home
2024_09_NE_TEN,2024,REG,9,NE,TEN,Home
2024_09_CHI_ARI,2024,REG,9,CHI,ARI,Home
2024_09_JAX_PHI,2024,REG,9,JAX,PHI,Home
2024_09_DET_GB,2024,REG,9,DET,GB,Home
2024_09_LA_SEA,2024,REG,9,LA,SEA,Home
2024_09_IND_MIN,2024,REG,9,IND,MIN,Home
2024_09_TB_KC,2024,REG,9,TB,KC,Home
2024_10_CIN_BAL,2024,REG,10,CIN,BAL,Home
2024_10_NYG_CAR,2024,REG,10,NYG,CAR,Neutral
2024_10_NE_CHI,2024,REG,10,NE,CHI,Home
2024_10_BUF_IND,2024,REG,10,BUF,IND,Home
2024_10_MIN_JAX,2024,REG,10,MIN,JAX,Home
2024_10_DEN_KC,2024,REG,10,DEN,KC,Home
2024_10_ATL_NO,2024,REG,10,ATL,NO,Home
2024_10_SF_TB,2024,REG,10,SF,TB,Home
2024_10_PIT_WAS,2024,REG,10,PIT,WAS,Home
2024_10_TEN_LAC,2024,REG,10,TEN,LAC,Home
2024_10_NYJ_ARI,2024,REG,10,NYJ,ARI,Home
2024_10_PHI_DAL,2024,REG,10,PHI,DAL,Home
2024_10_DET_HOU,2024,REG,10,DET,HOU,Home
2024_10_MIA_LA,2024,REG,10,MIA,LA,Home
2024_11_WAS_PHI,2024,REG,11,WAS,PHI,Home
2024_11_GB_CHI,2024,REG,11,GB,CHI,Home
2024_11_JAX_DET,2024,REG,11,JAX,DET,Home
2024_11_LV_MIA,2024,REG,11,LV,MIA,Home
2024_11_LA_NE,2024,REG,11,LA,NE,Home
2024_11_CLE_NO,2024,REG,11,CLE,NO,Home
2024_11_IND_NYJ,2024,REG,11,IND,NYJ,Home
2024_11_BAL_PIT,2024,REG,11,BAL,PIT,Home
2024_11_MIN_TEN,2024,REG,11,MIN,TEN,Home
2024_11_ATL_DEN,2024,REG,11,ATL,DEN,Home
2024_11_SEA_SF,2024,REG,11,SEA,SF,Home
2024_11_KC_BUF,2024,REG,11,KC,BUF,Home
2024_11_CIN_LAC,2024,REG,11,CIN,LAC,Home
2024_11_HOU_DAL,2024,REG,11,HOU,DAL,Home
2024_12_PIT_CLE,2024,REG,12,PIT,CLE,Home
2024_12_KC_CAR,2024,REG,12,KC,CAR,Home
2024_12_MIN_CHI,2024,REG,12,MIN,CHI,Home
2024_12_TEN_HOU,2024,REG,12,TEN,HOU,Home
2024_12_DET_IND,2024,REG,12,DET,IND,Home
2024_12_NE_MIA,2024,REG,12,NE,MIA,Home
2024_12_TB_NYG,2024,REG,12,TB,NYG,Home
2024_12_DAL_WAS,2024,REG,12,DAL,WAS,Home
2024_12_DEN_LV,2024,REG,12,DEN,LV,Home
2024_12_SF_GB,2024,REG,12,SF,GB,Home
2024_12_ARI_SEA,2024,REG,12,ARI,SEA,Home
2024_12_PHI_LA,2024,REG,12,PHI,LA,Home
2024_12_BAL_LAC,2024,REG,12,BAL,LAC,Home
2024_13_CHI_DET,2024,REG,13,CHI,DET,Home
2024_13_NYG_DAL,2024,REG,13,NYG,DAL,Home
2024_13_MIA_GB,2024,REG,13,MIA,GB,Home
2024_13_LV_KC,2024,REG,13,LV,KC,Home
2024_13_LAC_ATL,2024,REG,13,LAC,ATL,Home
2024_13_PIT_CIN,2024,REG,13,PIT,CIN,Home
2024_13_HOU_JAX,2024,REG,13,HOU,JAX,Home
2024_13_ARI_MIN,2024,REG,13,ARI,MIN,Home
2024_13_IND_NE,2024,REG,13,IND,NE,Home
2024_13_SEA_NYJ,2024,REG,13,SEA,NYJ,Home
2024_13_TEN_WAS,2024,REG,13,TEN,WAS,Home
2024_13_TB_CAR,2024,REG,13,TB,CAR,Home
2024_13_LA_NO,2024,REG,13,LA,NO,Home
2024_13_PHI_BAL,2024,REG,13,PHI,BAL,Home
2024_13_SF_BUF,2024,REG,13,SF,BUF,Home
2024_13_CLE_DEN,2024,REG,13,CLE,DEN,Home
2024_14_GB_DET,2024,REG,14,GB,DET,Home
2024_14_NYJ_MIA,2024,REG,14,NYJ,MIA,Home
2024_14_ATL_MIN,2024,REG,14,ATL,MIN,Home
2024_14_NO_NYG,2024,REG,14,NO,NYG,Home
2024_14_CAR_PHI,2024,REG,14,CAR,PHI,Home
2024_14_CLE_PIT,2024,REG,14,CLE,PIT,Home
2024_14_LV_TB,2024,REG,14,LV,TB,Home
2024_14_JAX_TEN,2024,REG,14,JAX,TEN,Home
2024_14_SEA_ARI,2024,REG,14,SEA,ARI,Home
2024_14_BUF_LA,2024,REG,14,BUF,LA,Home
2024_14_CHI_SF,2024,REG,14,CHI,SF,Home
2024_14_LAC_KC,2024,REG,14,LAC,KC,Home
2024_14_CIN_DAL,2024,REG,14,CIN,DAL,Home
2024_15_LA_SF,2024,REG,15,LA,SF,Home
2024_15_DAL_CAR,2024,REG,15,DAL,CAR,Home
2024_15_KC_CLE,2024,REG,15,KC,CLE,Home
2024_15_MIA_HOU,2024,REG,15,MIA,HOU,Home
2024_15_NYJ_JAX,2024,REG,15,NYJ,JAX,Home
2024_15_WAS_NO,2024,REG,15,WAS,NO,Home
2024_15_BAL_NYG,2024,REG,15,BAL,NYG,Home
2024_15_CIN_TEN,2024,REG,15,CIN,TEN,Home
2024_15_NE_ARI,2024,REG,15,NE,ARI,Home
2024_15_IND_DEN,2024,REG,15,IND,DEN,Home
2024_15_BUF_DET,2024,REG,15,BUF,DET,Home
2024_15_TB_LAC,2024,REG,15,TB,LAC,Home
2024_15_PIT_PHI,2024,REG,15,PIT,PHI,Home
2024_15_GB_SEA,2024,REG,15,GB,SEA,Home
2024_15_CHI_MIN,2024,REG,15,CHI,MIN,Home
2024_15_ATL_LV,2024,REG,15,ATL,LV,Home
2024_16_DEN_LAC,2024,REG,16,DEN,LAC,Home
2024_16_HOU_KC,2024,REG,16,HOU,KC,Home
2024_16_PIT_BAL,2024,REG,16,PIT,BAL,Home
2024_16_NYG_ATL,2024,REG,16,NYG,ATL,Home
2024_16_ARI_CAR,2024,REG,16,ARI,CAR,Home
2024_16_DET_CHI,2024,REG,16,DET,CHI,Home
2024_16_CLE_CIN,2024,REG,16,CLE,CIN,Home
2024_16_TEN_IND,2024,REG,16,TEN,IND,Home
2024_16_LA_NYJ,2024,REG,16,LA,NYJ,Home
2024_16_PHI_WAS,2024,REG,16,PHI,WAS,Home
2024_16_MIN_SEA,2024,REG,16,MIN,SEA,Home
2024_16_NE_BUF,2024,REG,16,NE,BUF,Home
2024_16_JAX_LV,2024,REG,16,JAX,LV,Home
2024_16_SF_MIA,2024,REG,16,SF,MIA,Home
2024_16_TB_DAL,2024,REG,16,TB,DAL,Home
2024_16_NO_GB,2024,REG,16,NO,GB,Home
2024_17_KC_PIT,2024,REG,17,KC,PIT,Home
2024_17_BAL_HOU,2024,REG,17,BAL,HOU,Home
2024_17_SEA_CHI,2024,REG,17,SEA,CHI,Home
2024_17_LAC_NE,2024,REG,17,LAC,NE,Home
2024_17_DEN_CIN,2024,REG,17,DEN,CIN,Home
2024_17_ARI_LA,2024,REG,17,ARI,LA,Home
2024_17_NYJ_BUF,2024,REG,17,NYJ,BUF,Home
2024_17_TEN_JAX,2024,REG,17,TEN,JAX,Home
2024_17_LV_NO,2024,REG,17,LV,NO,Home
2024_17_IND_NYG,2024,REG,17,IND,NYG,Home
2024_17_DAL_PHI,2024,REG,17,DAL,PHI,Home
2024_17_CAR_TB,2024,REG,17,CAR,TB,Home
2024_17_MIA_CLE,2024,REG,17,MIA,CLE,Home
2024_17_GB_MIN,2024,REG,17,GB,MIN,Home
2024_17_ATL_WAS,2024,REG,17,ATL,WAS,Home
2024_17_DET_SF,2024,REG,17,DET,SF,Home
2024_18_CLE_BAL,2024,REG,18,CLE,BAL,Home
2024_18_CIN_PIT,2024,REG,18,CIN,PIT,Home
2024_18_CAR_ATL,2024,REG,18,CAR,ATL,Home
2024_18_WAS_DAL,2024,REG,18,WAS,DAL,Home
2024_18_CHI_GB,2024,REG,18,CHI,GB,Home
2024_18_JAX_IND,2024,REG,18,JAX,IND,Home
2024_18_BUF_NE,2024,REG,18,BUF,NE,Home
2024_18_NYG_PHI,2024,REG,18,NYG,PHI,Home
2024_18_NO_TB,2024,REG,18,NO,TB,Home
2024_18_HOU_TEN,2024,REG,18,HOU,TEN,Home
2024_18_SF_ARI,2024,REG,18,SF,ARI,Home
2024_18_KC_DEN,2024,REG,18,KC,DEN,Home
2024_18_SEA_LA,2024,REG,18,SEA,LA,Home
2024_18_LAC_LV,2024,REG,18,LAC,LV,Home
2024_18_MIA_NYJ,2024,REG,18,MIA,NYJ,Home
2024_18_MIN_DET,2024,REG,18,MIN,DET,Home
2025_01_DAL_PHI,2025,REG,1,DAL,PHI,Home
2025_01_KC_LAC,2025,REG,1,KC,LAC,Neutral
2025_01_TB_ATL,2025,REG,1,TB,ATL,Home
2025_01_CIN_CLE,2025,REG,1,CIN,CLE,Home
2025_01_MIA_IND,2025,REG,1,MIA,IND,Home
2025_01_CAR_JAX,2025,REG,1,CAR,JAX,Home
2025_01_LV_NE,2025,REG,1,LV,NE,Home
2025_01_ARI_NO,2025,REG,1,ARI,NO,Home
2025_01_PIT_NYJ,2025,REG,1,PIT,NYJ,Home
2025_01_NYG_WAS,2025,REG,1,NYG,WAS,Home
2025_01_TEN_DEN,2025,REG,1,TEN,DEN,Home
2025_01_SF_SEA,2025,REG,1,SF,SEA,Home
2025_01_DET_GB,2025,REG,1,DET,GB,Home
2025_01_HOU_LA,2025,REG,1,HOU,LA,Home
2025_01_BAL_BUF,2025,REG,1,BAL,BUF,Home
2025_01_MIN_CHI,2025,REG,1,MIN,CHI,Home
2025_02_WAS_GB,2025,REG,2,WAS,GB,Home
2025_02_CLE_BAL,2025,REG,2,CLE,BAL,Home
2025_02_JAX_CIN,2025,REG,2,JAX,CIN,Home
2025_02_NYG_DAL,2025,REG,2,NYG,DAL,Home
2025_02_CHI_DET,2025,REG,2,CHI,DET,Home
2025_02_NE_MIA,2025,REG,2,NE,MIA,Home
2025_02_SF_NO,2025,REG,2,SF,NO,Home
2025_02_BUF_NYJ,2025,REG,2,BUF,NYJ,Home
2025_02_SEA_PIT,2025,REG,2,SEA,PIT,Home
2025_02_LA_TEN,2025,REG,2,LA,TEN,Home
2025_02_CAR_ARI,2025,REG,2,CAR,ARI,Home
2025_02_DEN_IND,2025,REG,2,DEN,IND,Home
2025_02_PHI_KC,2025,REG,2,PHI,KC,Home
2025_02_ATL_MIN,2025,REG,2,ATL,MIN,Home
2025_02_TB_HOU,2025,REG,2,TB,HOU,Home
2025_02_LAC_LV,2025,REG,2,LAC,LV,Home
2025_03_MIA_BUF,2025,REG,3,MIA,BUF,Home
2025_03_ATL_CAR,2025,REG,3,ATL,CAR,Home
2025_03_GB_CLE,2025,REG,3,GB,CLE,Home
2025_03_HOU_JAX,2025,REG,3,HOU,JAX,Home
2025_03_CIN_MIN,2025,REG,3,CIN,MIN,Home
2025_03_PIT_NE,2025,REG,3,PIT,NE,Home
2025_03_LA_PHI,2025,REG,3,LA,PHI,Home
2025_03_NYJ_TB,2025,REG,3,NYJ,TB,Home
2025_03_IND_TEN,2025,REG,3,IND,TEN,Home
2025_03_LV_WAS,2025,REG,3,LV,WAS,Home
2025_03_DEN_LAC,2025,REG,3,DEN,LAC,Home
2025_03_NO_SEA,2025,REG,3,NO,SEA,Home
2025_03_DAL_CHI,2025,REG,3,DAL,CHI,Home
2025_03_ARI_SF,2025,REG,3,ARI,SF,Home
2025_03_KC_NYG,2025,REG,3,KC,NYG,Home
2025_03_DET_BAL,2025,REG,3,DET,BAL,Home
2025_04_SEA_ARI,2025,REG,4,SEA,ARI,Home
2025_04_MIN_PIT,2025,REG,4,MIN,PIT,Neutral
2025_04_WAS_ATL,2025,REG,4,WAS,ATL,Home
2025_04_NO_BUF,2025,REG,4,NO,BUF,Home
2025_04_CLE_DET,2025,REG,4,CLE,DET,Home
2025_04_TEN_HOU,2025,REG,4,TEN,HOU,Home
2025_04_CAR_NE,2025,REG,4,CAR,NE,Home
2025_04_LAC_NYG,2025,REG,4,LAC,NYG,Home
2025_04_PHI_TB,2025,REG,4,PHI,TB,Home
2025_04_IND_LA,2025,REG,4,IND,LA,Home
2025_04_JAX_SF,2025,REG,4,JAX,SF,Home
2025_04_BAL_KC,2025,REG,4,BAL,KC,Home
2025_04_CHI_LV,2025,REG,4,CHI,LV,Home
2025_04_GB_DAL,2025,REG,4,GB,DAL,Home
2025_04_NYJ_MIA,2025,REG,4,NYJ,MIA,Home
2025_04_CIN_DEN,2025,REG,4,CIN,DEN,Home
2025_05_SF_LA,2025,REG,5,SF,LA,Home
2025_05_MIN_CLE,2025,REG,5,MIN,CLE,Neutral
2025_05_HOU_BAL,2025,REG,5,HOU,BAL,Home
2025_05_MIA_CAR,2025,REG,5,MIA,CAR,Home
2025_05_LV_IND,2025,REG,5,LV,IND,Home
2025_05_NYG_NO,2025,REG,5,NYG,NO,Home
2025_05_DAL_NYJ,2025,REG,5,DAL,NYJ,Home
2025_05_DEN_PHI,2025,REG,5,DEN,PHI,Home
2025_05_TEN_ARI,2025,REG,5,TEN,ARI,Home
2025_05_TB_SEA,2025,REG,5,TB,SEA,Home
2025_05_DET_CIN,2025,REG,5,DET,CIN,Home
2025_05_WAS_LAC,2025,REG,5,WAS,LAC,Home
2025_05_NE_BUF,2025,REG,5,NE,BUF,Home
2025_05_KC_JAX,2025,REG,5,KC,JAX,Home
2025_06_PHI_NYG,2025,REG,6,PHI,NYG,Home
2025_06_DEN_NYJ,2025,REG,6,DEN,NYJ,Neutral
2025_06_LA_BAL,2025,REG,6,LA,BAL,Home
2025_06_DAL_CAR,2025,REG,6,DAL,CAR,Home
2025_06_ARI_IND,2025,REG,6,ARI,IND,Home
2025_06_SEA_JAX,2025,REG,6,SEA,JAX,Home
2025_06_LAC_MIA,2025,REG,6,LAC,MIA,Home
2025_06_NE_NO,2025,REG,6,NE,NO,Home
2025_06_CLE_PIT,2025,REG,6,CLE,PIT,Home
2025_06_TEN_LV,2025,REG,6,TEN,LV,Home
2025_06_CIN_GB,2025,REG,6,CIN,GB,Home
2025_06_SF_TB,2025,REG,6,SF,TB,Home
2025_06_DET_KC,2025,REG,6,DET,KC,Home
2025_06_BUF_ATL,2025,REG,6,BUF,ATL,Home
2025_06_CHI_WAS,2025,REG,6,CHI,WAS,Home
2025_07_PIT_CIN,2025,REG,7,PIT,CIN,Home
2025_07_LA_JAX,2025,REG,7,LA,JAX,Neutral
2025_07_NO_CHI,2025,REG,7,NO,CHI,Home
2025_07_MIA_CLE,2025,REG,7,MIA,CLE,Home
2025_07_LV_KC,2025,REG,7,LV,KC,Home
2025_07_PHI_MIN,2025,REG,7,PHI,MIN,Home
2025_07_CAR_NYJ,2025,REG,7,CAR,NYJ,Home
2025_07_NE_TEN,2025,REG,7,NE,TEN,Home
2025_07_NYG_DEN,2025,REG,7,NYG,DEN,Home
2025_07_IND_LAC,2025,REG,7,IND,LAC,Home
2025_07_GB_ARI,2025,REG,7,GB,ARI,Home
2025_07_WAS_DAL,2025,REG,7,WAS,DAL,Home
2025_07_ATL_SF,2025,REG,7,ATL,SF,Home
2025_07_TB_DET,2025,REG,7,TB,DET,Home
2025_07_HOU_SEA,2025,REG,7,HOU,SEA,Home
2025_08_MIN_LAC,2025,REG,8,MIN,LAC,Home
2025_08_MIA_ATL,2025,REG,8,MIA,ATL,Home
2025_08_CHI_BAL,2025,REG,8,CHI,BAL,Home
2025_08_BUF_CAR,2025,REG,8,BUF,CAR,Home
2025_08_NYJ_CIN,2025,REG,8,NYJ,CIN,Home
2025_08_SF_HOU,2025,REG,8,SF,HOU,Home
2025_08_CLE_NE,2025,REG,8,CLE,NE,Home
2025_08_NYG_PHI,2025,REG,8,NYG,PHI,Home
2025_08_TB_NO,2025,REG,8,TB,NO,Home
2025_08_DAL_DEN,2025,REG,8,DAL,DEN,Home
2025_08_TEN_IND,2025,REG,8,TEN,IND,Home
2025_08_GB_PIT,2025,REG,8,GB,PIT,Home
2025_08_WAS_KC,2025,REG,8,WAS,KC,Home
2025_09_BAL_MIA,2025,REG,9,BAL,MIA,Home
2025_09_CHI_CIN,2025,REG,9,CHI,CIN,Home
2025_09_MIN_DET,2025,REG,9,MIN,DET,Home
2025_09_CAR_GB,2025,REG,9,CAR,GB,Home
2025_09_DEN_HOU,2025,REG,9,DEN,HOU,Home
2025_09_ATL_NE,2025,REG,9,ATL,NE,Home
2025_09_SF_NYG,2025,REG,9,SF,NYG,Home
2025_09_IND_PIT,2025,REG,9,IND,PIT,Home
2025_09_LAC_TEN,2025,REG,9,LAC,TEN,Home
2025_09_NO_LA,2025,REG,9,NO,LA,Home
2025_09_JAX_LV,2025,REG,9,JAX,LV,Home
2025_09_KC_BUF,2025,REG,9,KC,BUF,Home
2025_09_SEA_WAS,2025,REG,9,SEA,WAS,Home
2025_09_ARI_DAL,2025,REG,9,ARI,DAL,Home
2025_10_LV_DEN,2025,REG,10,LV,DEN,Home
2025_10_ATL_IND,2025,REG,10,ATL,IND,Neutral
2025_10_NO_CAR,2025,REG,10,NO,CAR,Home
2025_10_NYG_CHI,2025,REG,10,NYG,CHI,Home
2025_10_JAX_HOU,2025,REG,10,JAX,HOU,Home
2025_10_BUF_MIA,2025,REG,10,BUF,MIA,Home
2025_10_BAL_MIN,2025,REG,10,BAL,MIN,Home
2025_10_CLE_NYJ,2025,REG,10,CLE,NYJ,Home
2025_10_NE_TB,2025,REG,10,NE,TB,Home
2025_10_ARI_SEA,2025,REG,10,ARI,SEA,Home
2025_10_LA_SF,2025,REG,10,LA,SF,Home
2025_10_DET_WAS,2025,REG,10,DET,WAS,Home
2025_10_PIT_LAC,2025,REG,10,PIT,LAC,Home
2025_10_PHI_GB,2025,REG,10,PHI,GB,Home
2025_11_NYJ_NE,2025,REG,11,NYJ,NE,Home
2025_11_WAS_MIA,2025,REG,11,WAS,MIA,Neutral
2025_11_CAR_ATL,2025,REG,11,CAR,ATL,Home
2025_11_TB_BUF,2025,REG,11,TB,BUF,Home
2025_11_LAC_JAX,2025,REG,11,LAC,JAX,Home
2025_11_CHI_MIN,2025,REG,11,CHI,MIN,Home
2025_11_GB_NYG,2025,REG,11,GB,NYG,Home
2025_11_CIN_PIT,2025,REG,11,CIN,PIT,Home
2025_11_HOU_TEN,2025,REG,11,HOU,TEN,Home
2025_11_SF_ARI,2025,REG,11,SF,ARI,Home
2025_11_SEA_LA,2025,REG,11,SEA,LA,Home
2025_11_BAL_CLE,2025,REG,11,BAL,CLE,Home
2025_11_KC_DEN,2025,REG,11,KC,DEN,Home
2025_11_DET_PHI,2025,REG,11,DET,PHI,Home
2025_11_DAL_LV,2025,REG,11,DAL,LV,Home
2025_12_BUF_HOU,2025,REG,12,BUF,HOU,Home
2025_12_NYJ_BAL,2025,REG,12,NYJ,BAL,Home
2025_12_PIT_CHI,2025,REG,12,PIT,CHI,Home
2025_12_NE_CIN,2025,REG,12,NE,CIN,Home
2025_12_NYG_DET,2025,REG,12,NYG,DET,Home
2025_12_MIN_GB,2025,REG,12,MIN,GB,Home
2025_12_IND_KC,2025,REG,12,IND,KC,Home
2025_12_SEA_TEN,2025,REG,12,SEA,TEN,Home
2025_12_JAX_ARI,2025,REG,12,JAX,ARI,Home
2025_12_CLE_LV,2025,REG,12,CLE,LV,Home
2025_12_PHI_DAL,2025,REG,12,PHI,DAL,Home
2025_12_ATL_NO,2025,REG,12,ATL,NO,Home
2025_12_TB_LA,2025,REG,12,TB,LA,Home
2025_12_CAR_SF,2025,REG,12,CAR,SF,Home
2025_13_GB_DET,2025,REG,13,GB,DET,Home
2025_13_KC_DAL,2025,REG,13,KC,DAL,Home
2025_13_CIN_BAL,2025,REG,13,CIN,BAL,Home
2025_13_CHI_PHI,2025,REG,13,CHI,PHI,Home
2025_13_LA_CAR,2025,REG,13,LA,CAR,Home
2025_13_SF_CLE,2025,REG,13,SF,CLE,Home
2025_13_HOU_IND,2025,REG,13,HOU,IND,Home
2025_13_NO_MIA,2025,REG,13,NO,MIA,Home
2025_13_ATL_NYJ,2025,REG,13,ATL,NYJ,Home
2025_13_ARI_TB,2025,REG,13,ARI,TB,Home
2025_13_JAX_TEN,2025,REG,13,JAX,TEN,Home
2025_13_MIN_SEA,2025,REG,13,MIN,SEA,Home
2025_13_LV_LAC,2025,REG,13,LV,LAC,Home
2025_13_BUF_PIT,2025,REG,13,BUF,PIT,Home
2025_13_DEN_WAS,2025,REG,13,DEN,WAS,Home
2025_13_NYG_NE,2025,REG,13,NYG,NE,Home
2025_14_DAL_DET,2025,REG,14,DAL,DET,Home
2025_14_SEA_ATL,2025,REG,14,SEA,ATL,Home
2025_14_PIT_BAL,2025,REG,14,PIT,BAL,Home
2025_14_TEN_CLE,2025,REG,14,TEN,CLE,Home
2025_14_CHI_GB,2025,REG,14,CHI,GB,Home
2025_14_IND_JAX,2025,REG,14,IND,JAX,Home
2025_14_WAS_MIN,2025,REG,14,WAS,MIN,Home
2025_14_MIA_NYJ,2025,REG,14,MIA,NYJ,Home
2025_14_NO_TB,2025,REG,14,NO,TB,Home
2025_14_DEN_LV,2025,REG,14,DEN,LV,Home
2025_14_LA_ARI,2025,REG,14,LA,ARI,Home
2025_14_CIN_BUF,2025,REG,14,CIN,BUF,Home
2025_14_HOU_KC,2025,REG,14,HOU,KC,Home
2025_14_PHI_LAC,2025,REG,14,PHI,LAC,Home
2025_15_ATL_TB,2025,REG,15,ATL,TB,Home
2025_15_CLE_CHI,2025,REG,15,CLE,CHI,Home
2025_15_BAL_CIN,2025,REG,15,BAL,CIN,Home
2025_15_ARI_HOU,2025,REG,15,ARI,HOU,Home
2025_15_NYJ_JAX,2025,REG,15,NYJ,JAX,Home
2025_15_LAC_KC,2025,REG,15,LAC,KC,Home
2025_15_BUF_NE,2025,REG,15,BUF,NE,Home
2025_15_WAS_NYG,2025,REG,15,WAS,NYG,Home
2025_15_LV_PHI,2025,REG,15,LV,PHI,Home
2025_15_GB_DEN,2025,REG,15,GB,DEN,Home
2025_15_DET_LA,2025,REG,15,DET,LA,Home
2025_15_CAR_NO,2025,REG,15,CAR,NO,Home
2025_15_IND_SEA,2025,REG,15,IND,SEA,Home
2025_15_TEN_SF,2025,REG,15,TEN,SF,Home
2025_15_MIN_DAL,2025,REG,15,MIN,DAL,Home
2025_15_MIA_PIT,2025,REG,15,MIA,PIT,Home
2025_16_LA_SEA,2025,REG,16,LA,SEA,Home
2025_16_GB_CHI,2025,REG,16,GB,CHI,Home
2025_16_PHI_WAS,2025,REG,16,PHI,WAS,Home
2025_16_NE_BAL,2025,REG,16,NE,BAL,Home
2025_16_TB_CAR,2025,REG,16,TB,CAR,Home
2025_16_BUF_CLE,2025,REG,16,BUF,CLE,Home
2025_16_LAC_DAL,2025,REG,16,LAC,DAL,Home
2025_16_NYJ_NO,2025,REG,16,NYJ,NO,Home
2025_16_MIN_NYG,2025,REG,16,MIN,NYG,Home
2025_16_KC_TEN,2025,REG,16,KC,TEN,Home
2025_16_ATL_ARI,2025,REG,16,ATL,ARI,Home
2025_16_JAX_DEN,2025,REG,16,JAX,DEN,Home
2025_16_PIT_DET,2025,REG,16,PIT,DET,Home
2025_16_LV_HOU,2025,REG,16,LV,HOU,Home
2025_16_CIN_MIA,2025,REG,16,CIN,MIA,Home
2025_16_SF_IND,2025,REG,16,SF,IND,Home
2025_17_DAL_WAS,2025,REG,17,DAL,WAS,Home
2025_17_DET_MIN,2025,REG,17,DET,MIN,Home
2025_17_DEN_KC,2025,REG,17,DEN,KC,Home
2025_17_SEA_CAR,2025,REG,17,SEA,CAR,Home
2025_17_ARI_CIN,2025,REG,17,ARI,CIN,Home
2025_17_PIT_CLE,2025,REG,17,PIT,CLE,Home
2025_17_BAL_GB,2025,REG,17,BAL,GB,Home
2025_17_JAX_IND,2025,REG,17,JAX,IND,Home
2025_17_HOU_LAC,2025,REG,17,HOU,LAC,Home
2025_17_NYG_LV,2025,REG,17,NYG,LV,Home
2025_17_TB_MIA,2025,REG,17,TB,MIA,Home
2025_17_NE_NYJ,2025,REG,17,NE,NYJ,Home
2025_17_NO_TEN,2025,REG,17,NO,TEN,Home
2025_17_PHI_BUF,2025,REG,17,PHI,BUF,Home
2025_17_CHI_SF,2025,REG,17,CHI,SF,Home
2025_17_LA_ATL,2025,REG,17,LA,ATL,Home
2025_18_NO_ATL,2025,REG,18,NO,ATL,Home
2025_18_NYJ_BUF,2025,REG,18,NYJ,BUF,Home
2025_18_DET_CHI,2025,REG,18,DET,CHI,Home
2025_18_CLE_CIN,2025,REG,18,CLE,CIN,Home
2025_18_LAC_DEN,2025,REG,18,LAC,DEN,Home
2025_18_IND_HOU,2025,REG,18,IND,HOU,Home
2025_18_TEN_JAX,2025,REG,18,TEN,JAX,Home
2025_18_ARI_LA,2025,REG,18,ARI,LA,Home
2025_18_KC_LV,2025,REG,18,KC,LV,Home
2025_18_GB_MIN,2025,REG,18,GB,MIN,Home
2025_18_MIA_NE,2025,REG,18,MIA,NE,Home
2025_18_DAL_NYG,2025,REG,18,DAL,NYG,Home
2025_18_WAS_PHI,2025,REG,18,WAS,PHI,Home
2025_18_BAL_PIT,2025,REG,18,BAL,PIT,Home
2025_18_SEA_SF,2025,REG,18,SEA,SF,Home
2025_18_CAR_TB,2025,REG,18,CAR,TB,Home
2026_01_NE_SEA,2026,REG,1,NE,SEA,Home
2026_01_SF_LA,2026,REG,1,SF,LA,Neutral
2026_01_CHI_CAR,2026,REG,1,CHI,CAR,Home
2026_01_TB_CIN,2026,REG,1,TB,CIN,Home
2026_01_NO_DET,2026,REG,1,NO,DET,Home
2026_01_BUF_HOU,2026,REG,1,BUF,HOU,Home
2026_01_BAL_IND,2026,REG,1,BAL,IND,Home
2026_01_CLE_JAX,2026,REG,1,CLE,JAX,Home
2026_01_ATL_PIT,2026,REG,1,ATL,PIT,Home
2026_01_NYJ_TEN,2026,REG,1,NYJ,TEN,Home
2026_01_ARI_LAC,2026,REG,1,ARI,LAC,Home
2026_01_MIA_LV,2026,REG,1,MIA,LV,Home
2026_01_GB_MIN,2026,REG,1,GB,MIN,Home
2026_01_WAS_PHI,2026,REG,1,WAS,PHI,Home
2026_01_DAL_NYG,2026,REG,1,DAL,NYG,Home
2026_01_DEN_KC,2026,REG,1,DEN,KC,Home
2026_02_DET_BUF,2026,REG,2,DET,BUF,Home
2026_02_CAR_ATL,2026,REG,2,CAR,ATL,Home
2026_02_NO_BAL,2026,REG,2,NO,BAL,Home
2026_02_MIN_CHI,2026,REG,2,MIN,CHI,Home
2026_02_CIN_HOU,2026,REG,2,CIN,HOU,Home
2026_02_PIT_NE,2026,REG,2,PIT,NE,Home
2026_02_GB_NYJ,2026,REG,2,GB,NYJ,Home
2026_02_CLE_TB,2026,REG,2,CLE,TB,Home
2026_02_PHI_TEN,2026,REG,2,PHI,TEN,Home
2026_02_JAX_DEN,2026,REG,2,JAX,DEN,Home
2026_02_LV_LAC,2026,REG,2,LV,LAC,Home
2026_02_SEA_ARI,2026,REG,2,SEA,ARI,Home
2026_02_WAS_DAL,2026,REG,2,WAS,DAL,Home
2026_02_MIA_SF,2026,REG,2,MIA,SF,Home
2026_02_IND_KC,2026,REG,2,IND,KC,Home
2026_02_NYG_LA,2026,REG,2,NYG,LA,Home
2026_03_ATL_GB,2026,REG,3,ATL,GB,Home
2026_03_LAC_BUF,2026,REG,3,LAC,BUF,Home
2026_03_CAR_CLE,2026,REG,3,CAR,CLE,Home
2026_03_NYJ_DET,2026,REG,3,NYJ,DET,Home
2026_03_HOU_IND,2026,REG,3,HOU,IND,Home
2026_03_NE_JAX,2026,REG,3,NE,JAX,Home
2026_03_KC_MIA,2026,REG,3,KC,MIA,Home
2026_03_TEN_NYG,2026,REG,3,TEN,NYG,Home
2026_03_CIN_PIT,2026,REG,3,CIN,PIT,Home
2026_03_SEA_WAS,2026,REG,3,SEA,WAS,Home
2026_03_ARI_SF,2026,REG,3,ARI,SF,Home
2026_03_MIN_TB,2026,REG,3,MIN,TB,Home
2026_03_BAL_DAL,2026,REG,3,BAL,DAL,Neutral
2026_03_LV_NO,2026,REG,3,LV,NO,Home
2026_03_LA_DEN,2026,REG,3,LA,DEN,Home
2026_03_PHI_CHI,2026,REG,3,PHI,CHI,Home
2026_04_PIT_CLE,2026,REG,4,PIT,CLE,Home
2026_04_IND_WAS,2026,REG,4,IND,WAS,Neutral
2026_04_TEN_BAL,2026,REG,4,TEN,BAL,Home
2026_04_NE_BUF,2026,REG,4,NE,BUF,Home
2026_04_NYJ_CHI,2026,REG,4,NYJ,CHI,Home
2026_04_JAX_CIN,2026,REG,4,JAX,CIN,Home
2026_04_DAL_HOU,2026,REG,4,DAL,HOU,Home
2026_04_ARI_NYG,2026,REG,4,ARI,NYG,Home
2026_04_LA_PHI,2026,REG,4,LA,PHI,Home
2026_04_GB_TB,2026,REG,4,GB,TB,Home
2026_04_MIA_MIN,2026,REG,4,MIA,MIN,Home
2026_04_KC_LV,2026,REG,4,KC,LV,Home
2026_04_LAC_SEA,2026,REG,4,LAC,SEA,Home
2026_04_DEN_SF,2026,REG,4,DEN,SF,Home
2026_04_DET_CAR,2026,REG,4,DET,CAR,Home
2026_04_ATL_NO,2026,REG,4,ATL,NO,Home
2026_05_TB_DAL,2026,REG,5,TB,DAL,Home
2026_05_PHI_JAX,2026,REG,5,PHI,JAX,Home
2026_05_CIN_MIA,2026,REG,5,CIN,MIA,Home
2026_05_LV_NE,2026,REG,5,LV,NE,Home
2026_05_MIN_NO,2026,REG,5,MIN,NO,Home
2026_05_CLE_NYJ,2026,REG,5,CLE,NYJ,Home
2026_05_IND_PIT,2026,REG,5,IND,PIT,Home
2026_05_HOU_TEN,2026,REG,5,HOU,TEN,Home
2026_05_NYG_WAS,2026,REG,5,NYG,WAS,Home
2026_05_DEN_LAC,2026,REG,5,DEN,LAC,Home
2026_05_DET_ARI,2026,REG,5,DET,ARI,Home
2026_05_CHI_GB,2026,REG,5,CHI,GB,Home
2026_05_SF_SEA,2026,REG,5,SF,SEA,Home
2026_05_BAL_ATL,2026,REG,5,BAL,ATL,Home
2026_05_BUF_LA,2026,REG,5,BUF,LA,Home
2026_06_SEA_DEN,2026,REG,6,SEA,DEN,Home
2026_06_HOU_JAX,2026,REG,6,HOU,JAX,Neutral
2026_06_CHI_ATL,2026,REG,6,CHI,ATL,Home
2026_06_BAL_CLE,2026,REG,6,BAL,CLE,Home
2026_06_TEN_IND,2026,REG,6,TEN,IND,Home
2026_06_NYJ_NE,2026,REG,6,NYJ,NE,Home
2026_06_NO_NYG,2026,REG,6,NO,NYG,Home
2026_06_CAR_PHI,2026,REG,6,CAR,PHI,Home
2026_06_PIT_TB,2026,REG,6,PIT,TB,Home
2026_06_ARI_LA,2026,REG,6,ARI,LA,Home
2026_06_LAC_KC,2026,REG,6,LAC,KC,Home
2026_06_BUF_LV,2026,REG,6,BUF,LV,Home
2026_06_DAL_GB,2026,REG,6,DAL,GB,Home
2026_06_WAS_SF,2026,REG,6,WAS,SF,Home
2026_07_NE_CHI,2026,REG,7,NE,CHI,Home
2026_07_PIT_NO,2026,REG,7,PIT,NO,Neutral
2026_07_SF_ATL,2026,REG,7,SF,ATL,Home
2026_07_CIN_BAL,2026,REG,7,CIN,BAL,Home
2026_07_TB_CAR,2026,REG,7,TB,CAR,Home
2026_07_NYG_HOU,2026,REG,7,NYG,HOU,Home
2026_07_IND_MIN,2026,REG,7,IND,MIN,Home
2026_07_MIA_NYJ,2026,REG,7,MIA,NYJ,Home
2026_07_CLE_TEN,2026,REG,7,CLE,TEN,Home
2026_07_DEN_ARI,2026,REG,7,DEN,ARI,Home
2026_07_GB_DET,2026,REG,7,GB,DET,Home
2026_07_LA_LV,2026,REG,7,LA,LV,Home
2026_07_KC_SEA,2026,REG,7,KC,SEA,Home
2026_07_DAL_PHI,2026,REG,7,DAL,PHI,Home
2026_08_CAR_GB,2026,REG,8,CAR,GB,Home
2026_08_BAL_BUF,2026,REG,8,BAL,BUF,Home
2026_08_TEN_CIN,2026,REG,8,TEN,CIN,Home
2026_08_ARI_DAL,2026,REG,8,ARI,DAL,Home
2026_08_MIN_DET,2026,REG,8,MIN,DET,Home
2026_08_IND_JAX,2026,REG,8,IND,JAX,Home
2026_08_LV_NYJ,2026,REG,8,LV,NYJ,Home
2026_08_CLE_PIT,2026,REG,8,CLE,PIT,Home
2026_08_ATL_TB,2026,REG,8,ATL,TB,Home
2026_08_LAC_LA,2026,REG,8,LAC,LA,Home
2026_08_KC_DEN,2026,REG,8,KC,DEN,Home
2026_08_NE_MIA,2026,REG,8,NE,MIA,Home
2026_08_PHI_WAS,2026,REG,8,PHI,WAS,Home
2026_08_CHI_SEA,2026,REG,8,CHI,SEA,Home
2026_09_JAX_BAL,2026,REG,9,JAX,BAL,Home
2026_09_CIN_ATL,2026,REG,9,CIN,ATL,Neutral
2026_09_DEN_CAR,2026,REG,9,DEN,CAR,Home
2026_09_DAL_IND,2026,REG,9,DAL,IND,Home
2026_09_NYJ_KC,2026,REG,9,NYJ,KC,Home
2026_09_DET_MIA,2026,REG,9,DET,MIA,Home
2026_09_CLE_NO,2026,REG,9,CLE,NO,Home
2026_09_NYG_PHI,2026,REG,9,NYG,PHI,Home
2026_09_LA_WAS,2026,REG,9,LA,WAS,Home
2026_09_HOU_LAC,2026,REG,9,HOU,LAC,Home
2026_09_LV_SF,2026,REG,9,LV,SF,Home
2026_09_GB_NE,2026,REG,9,GB,NE,Home
2026_09_ARI_SEA,2026,REG,9,ARI,SEA,Home
2026_09_TB_CHI,2026,REG,9,TB,CHI,Home
2026_09_BUF_MIN,2026,REG,9,BUF,MIN,Home
2026_10_WAS_NYG,2026,REG,10,WAS,NYG,Home
2026_10_NE_DET,2026,REG,10,NE,DET,Neutral
2026_10_KC_ATL,2026,REG,10,KC,ATL,Home
2026_10_HOU_CLE,2026,REG,10,HOU,CLE,Home
2026_10_MIN_GB,2026,REG,10,MIN,GB,Home
2026_10_MIA_IND,2026,REG,10,MIA,IND,Home
2026_10_CAR_NO,2026,REG,10,CAR,NO,Home
2026_10_BUF_NYJ,2026,REG,10,BUF,NYJ,Home
2026_10_JAX_TEN,2026,REG,10,JAX,TEN,Home
2026_10_LA_ARI,2026,REG,10,LA,ARI,Home
2026_10_SEA_LV,2026,REG,10,SEA,LV,Home
2026_10_SF_DAL,2026,REG,10,SF,DAL,Home
2026_10_PIT_CIN,2026,REG,10,PIT,CIN,Home
2026_10_LAC_BAL,2026,REG,10,LAC,BAL,Home
2026_11_IND_HOU,2026,REG,11,IND,HOU,Home
2026_11_MIA_BUF,2026,REG,11,MIA,BUF,Home
2026_11_BAL_CAR,2026,REG,11,BAL,CAR,Home
2026_11_NO_CHI,2026,REG,11,NO,CHI,Home
2026_11_TEN_DAL,2026,REG,11,TEN,DAL,Home
2026_11_TB_DET,2026,REG,11,TB,DET,Home
2026_11_ARI_KC,2026,REG,11,ARI,KC,Home
2026_11_JAX_NYG,2026,REG,11,JAX,NYG,Home
2026_11_NYJ_LAC,2026,REG,11,NYJ,LAC,Home
2026_11_LV_DEN,2026,REG,11,LV,DEN,Home
2026_11_PIT_PHI,2026,REG,11,PIT,PHI,Home
2026_11_MIN_SF,2026,REG,11,MIN,SF,Neutral
2026_11_CIN_WAS,2026,REG,11,CIN,WAS,Home
2026_12_GB_LA,2026,REG,12,GB,LA,Home
2026_12_CHI_DET,2026,REG,12,CHI,DET,Home
2026_12_PHI_DAL,2026,REG,12,PHI,DAL,Home
2026_12_KC_BUF,2026,REG,12,KC,BUF,Home
2026_12_DEN_PIT,2026,REG,12,DEN,PIT,Home
2026_12_NO_CIN,2026,REG,12,NO,CIN,Home
2026_12_LV_CLE,2026,REG,12,LV,CLE,Home
2026_12_BAL_HOU,2026,REG,12,BAL,HOU,Home
2026_12_NYG_IND,2026,REG,12,NYG,IND,Home
2026_12_NYJ_MIA,2026,REG,12,NYJ,MIA,Home
2026_12_ATL_MIN,2026,REG,12,ATL,MIN,Home
2026_12_TEN_JAX,2026,REG,12,TEN,JAX,Home
2026_12_WAS_ARI,2026,REG,12,WAS,ARI,Home
2026_12_SEA_SF,2026,REG,12,SEA,SF,Home
2026_12_NE_LAC,2026,REG,12,NE,LAC,Home
2026_12_CAR_TB,2026,REG,12,CAR,TB,Home
2026_13_KC_LA,2026,REG,13,KC,LA,Home
2026_13_DET_ATL,2026,REG,13,DET,ATL,Home
2026_13_JAX_CHI,2026,REG,13,JAX,CHI,Home
2026_13_CIN_CLE,2026,REG,13,CIN,CLE,Home
2026_13_GB_NO,2026,REG,13,GB,NO,Home
2026_13_SF_NYG,2026,REG,13,SF,NYG,Home
2026_13_LAC_TB,2026,REG,13,LAC,TB,Home
2026_13_WAS_TEN,2026,REG,13,WAS,TEN,Home
2026_13_PHI_ARI,2026,REG,13,PHI,ARI,Home
2026_13_MIA_DEN,2026,REG,13,MIA,DEN,Home
2026_13_CAR_MIN,2026,REG,13,CAR,MIN,Home
2026_13_BUF_NE,2026,REG,13,BUF,NE,Home
2026_13_HOU_PIT,2026,REG,13,HOU,PIT,Home
2026_13_DAL_SEA,2026,REG,13,DAL,SEA,Home
2026_14_MIN_NE,2026,REG,14,MIN,NE,Home
2026_14_TB_BAL,2026,REG,14,TB,BAL,Home
2026_14_NO_CAR,2026,REG,14,NO,CAR,Home
2026_14_ATL_CLE,2026,REG,14,ATL,CLE,Home
2026_14_TEN_DET,2026,REG,14,TEN,DET,Home
2026_14_CHI_MIA,2026,REG,14,CHI,MIA,Home
2026_14_DEN_NYJ,2026,REG,14,DEN,NYJ,Home
2026_14_IND_PHI,2026,REG,14,IND,PHI,Home
2026_14_HOU_WAS,2026,REG,14,HOU,WAS,Home
2026_14_LAC_LV,2026,REG,14,LAC,LV,Home
2026_14_KC_CIN,2026,REG,14,KC,CIN,Home
2026_14_NYG_SEA,2026,REG,14,NYG,SEA,Home
2026_14_LA_SF,2026,REG,14,LA,SF,Home
2026_14_BUF_GB,2026,REG,14,BUF,GB,Home
2026_14_PIT_JAX,2026,REG,14,PIT,JAX,Home
2026_15_SF_LAC,2026,REG,15,SF,LAC,Home
2026_15_SEA_PHI,2026,REG,15,SEA,PHI,Home
2026_15_CHI_BUF,2026,REG,15,CHI,BUF,Home
2026_15_CIN_CAR,2026,REG,15,CIN,CAR,Home
2026_15_MIA_GB,2026,REG,15,MIA,GB,Home
2026_15_JAX_HOU,2026,REG,15,JAX,HOU,Home
2026_15_CLE_NYG,2026,REG,15,CLE,NYG,Home
2026_15_BAL_PIT,2026,REG,15,BAL,PIT,Home
2026_15_NO_TB,2026,REG,15,NO,TB,Home
2026_15_IND_TEN,2026,REG,15,IND,TEN,Home
2026_15_ATL_WAS,2026,REG,15,ATL,WAS,Home
2026_15_NYJ_ARI,2026,REG,15,NYJ,ARI,Home
2026_15_DAL_LA,2026,REG,15,DAL,LA,Home
2026_15_DEN_LV,2026,REG,15,DEN,LV,Home
2026_15_DET_MIN,2026,REG,15,DET,MIN,Home
2026_15_NE_KC,2026,REG,15,NE,KC,Home
2026_16_HOU_PHI,2026,REG,16,HOU,PHI,Home
2026_16_GB_CHI,2026,REG,16,GB,CHI,Home
2026_16_BUF_DEN,2026,REG,16,BUF,DEN,Home
2026_16_LA_SEA,2026,REG,16,LA,SEA,Home
2026_16_TB_ATL,2026,REG,16,TB,ATL,Home
2026_16_CLE_BAL,2026,REG,16,CLE,BAL,Home
2026_16_CIN_IND,2026,REG,16,CIN,IND,Home
2026_16_LAC_MIA,2026,REG,16,LAC,MIA,Home
2026_16_WAS_MIN,2026,REG,16,WAS,MIN,Home
2026_16_ARI_NO,2026,REG,16,ARI,NO,Home
2026_16_NE_NYJ,2026,REG,16,NE,NYJ,Home
2026_16_CAR_PIT,2026,REG,16,CAR,PIT,Home
2026_16_TEN_LV,2026,REG,16,TEN,LV,Home
2026_16_SF_KC,2026,REG,16,SF,KC,Home
2026_16_JAX_DAL,2026,REG,16,JAX,DAL,Home
2026_16_NYG_DET,2026,REG,16,NYG,DET,Home
2026_17_BAL_CIN,2026,REG,17,BAL,CIN,Home
2026_17_NO_ATL,2026,REG,17,NO,ATL,Home
2026_17_SEA_CAR,2026,REG,17,SEA,CAR,Home
2026_17_IND_CLE,2026,REG,17,IND,CLE,Home
2026_17_NYG_DAL,2026,REG,17,NYG,DAL,Home
2026_17_WAS_JAX,2026,REG,17,WAS,JAX,Home
2026_17_KC_LAC,2026,REG,17,KC,LAC,Home
2026_17_BUF_MIA,2026,REG,17,BUF,MIA,Home
2026_17_DEN_NE,2026,REG,17,DEN,NE,Home
2026_17_MIN_NYJ,2026,REG,17,MIN,NYJ,Home
2026_17_LA_TB,2026,REG,17,LA,TB,Home
2026_17_PIT_TEN,2026,REG,17,PIT,TEN,Home
2026_17_LV_ARI,2026,REG,17,LV,ARI,Home
2026_17_DET_CHI,2026,REG,17,DET,CHI,Home
2026_17_PHI_SF,2026,REG,17,PHI,SF,Home
2026_17_HOU_GB,2026,REG,17,HOU,GB,Home
2026_18_SF_ARI,2026,REG,18,SF,ARI,Home
2026_18_PIT_BAL,2026,REG,18,PIT,BAL,Home
2026_18_NYJ_BUF,2026,REG,18,NYJ,BUF,Home
2026_18_ATL_CAR,2026,REG,18,ATL,CAR,Home
2026_18_CLE_CIN,2026,REG,18,CLE,CIN,Home
2026_18_LAC_DEN,2026,REG,18,LAC,DEN,Home
2026_18_DET_GB,2026,REG,18,DET,GB,Home
2026_18_TEN_HOU,2026,REG,18,TEN,HOU,Home
2026_18_JAX_IND,2026,REG,18,JAX,IND,Home
2026_18_LV_KC,2026,REG,18,LV,KC,Home
2026_18_SEA_LA,2026,REG,18,SEA,LA,Home
2026_18_CHI_MIN,2026,REG,18,CHI,MIN,Home
2026_18_MIA_NE,2026,REG,18,MIA,NE,Home
2026_18_TB_NO,2026,REG,18,TB,NO,Home
2026_18_PHI_NYG,2026,REG,18,PHI,NYG,Home
2026_18_DAL_WAS,2026,REG,18,DAL,WAS,Home
