player_id,player_name,player_display_name,position,season,week,season_type,game_id,team,opponent_team,completions,attempts,passing_yards,passing_tds,passing_interceptions,sack_fumbles_lost,passing_2pt_conversions,carries,rushing_yards,rushing_tds,rushing_fumbles_lost,rushing_2pt_conversions,receptions,targets,receiving_yards,receiving_tds,receiving_fumbles_lost,receiving_2pt_conversions,receiving_air_yards,target_share,air_yards_share,special_teams_tds
00-0023459,A.Rodgers,Aaron Rodgers,QB,2025,1,REG,2025_01_PIT_NYJ,PIT,NYJ,22,30,244,4,0,0,0,1,-1,0,0,0,0,0,0,0,0,0,0,0,0,0
00-0026158,J.Flacco,Joe Flacco,QB,2025,1,REG,2025_01_CIN_CLE,CLE,CIN,31,45,290,1,2,0,0,2,6,0,0,0,0,0,0,0,0,0,0,0,0,0
00-0026498,M.Stafford,Matthew Stafford,QB,2025,1,REG,2025_01_HOU_LA,LA,HOU,21,29,245,1,0,0,0,4,-2,0,0,0,0,0,0,0,0,0,0,0,0,0
00-0029263,R.Wilson,Russell Wilson,QB,2025,1,REG,2025_01_NYG_WAS,NYG,WAS,17,37,168,0,0,0,0,8,44,0,0,0,0,0,0,0,0,0,0,0,0,0
00-0030035,A.Thielen,Adam Thielen,WR,2025,1,REG,2025_01_MIN_CHI,MIN,CHI,0,0,0,0,0,0,0,0,0,0,0,0,0,1,0,0,0,1,7,0.05,0.0598290598290598,0
00-0030061,Z.Ertz,Zach Ertz,TE,2025,1,REG,2025_01_NYG_WAS,WAS,NYG,0,0,0,0,0,0,0,0,0,0,0,0,3,5,26,1,0,0,42,0.172413793103448,0.150537634408602,0
00-0030279,K.Allen,Keenan Allen,WR,2025,1,REG,2025_01_KC_LAC,LAC,KC,0,0,0,0,0,0,0,0,0,0,0,0,7,10,68,1,0,0,89,0.294117647058824,0.260233918128655,0
00-0030506,T.Kelce,Travis Kelce,TE,2025,1,REG,2025_01_KC_LAC,KC,LAC,0,0,0,0,0,0,0,0,0,0,0,0,2,4,47,1,0,0,24,0.105263157894737,0.0885608856088561,0
00-0030564,D.Hopkins,DeAndre Hopkins,WR,2025,1,REG,2025_01_BAL_BUF,BAL,BUF,0,0,0,0,0,0,0,0,0,0,0,0,2,2,35,1,0,0,33,0.105263157894737,0.190751445086705,0
00-0030565,G.Smith,Geno Smith,QB,2025,1,REG,2025_01_LV_NE,LV,NE,24,34,362,1,1,0,0,2,10,0,0,0,0,0,0,0,0,0,0,0,0,0
00-0031236,B.Cooks,Brandin Cooks,WR,2025,1,REG,2025_01_ARI_NO,NO,ARI,0,0,0,0,0,0,0,0,0,0,0,0,3,4,26,0,0,0,18,0.0975609756097561,0.0535714285714286,0
00-0031381,D.Adams,Davante Adams,WR,2025,1,REG,2025_01_HOU_LA,LA,HOU,0,0,0,0,0,0,0,0,0,0,0,0,4,8,51,0,0,0,70,0.285714285714286,0.309734513274336,0
00-0031408,M.Evans,Mike Evans,WR,2025,1,REG,2025_01_TB_ATL,TB,ATL,0,0,0,0,0,0,0,0,0,0,0,0,5,8,51,0,0,0,106,0.266666666666667,0.317365269461078,0
00-0031588,S.Diggs,Stefon Diggs,WR,2025,1,REG,2025_01_LV_NE,NE,LV,0,0,0,0,0,0,0,0,0,0,0,0,6,7,57,0,0,0,61,0.155555555555556,0.172804532577904,0
00-0031763,D.Carter,DeAndre Carter,WR,2025,1,REG,2025_01_CIN_CLE,CLE,CIN,0,0,0,0,0,0,0,0,0,0,0,0,0,0,0,0,0,0,0,0,0,0
00-0032211,T.Lockett,Tyler Lockett,WR,2025,1,REG,2025_01_TEN_DEN,TEN,DEN,0,0,0,0,0,0,0,0,0,0,0,0,0,1,0,0,0,0,16,0.04,0.054421768707483,0
00-0032385,S.Shepard,Sterling Shepard,WR,2025,1,REG,2025_01_TB_ATL,TB,ATL,0,0,0,0,0,0,0,0,0,0,0,0,3,6,39,0,0,0,86,0.2,0.25748502994012,0
00-0032392,A.Hooper,Austin Hooper,TE,2025,1,REG,2025_01_LV_NE,NE,LV,0,0,0,0,0,0,0,0,0,0,0,0,1,1,10,0,0,0,3,0.0222222222222222,0.0084985835694051,0
00-0032398,C.Moore,Chris Moore,WR,2025,1,REG,2025_01_NYG_WAS,WAS,NYG,0,0,0,0,0,0,0,0,0,0,0,0,1,1,34,0,0,0,34,0.0344827586206897,0.121863799283154,0
00-0032464,K.Raymond,Kalif Raymond,WR,2025,1,REG,2025_01_DET_GB,DET,GB,0,0,0,0,0,0,0,0,0,0,0,0,2,3,16,0,0,0,23,0.0789473684210526,0.141104294478528,0
00-0032764,D.Henry,Derrick Henry,RB,2025,1,REG,2025_01_BAL_BUF,BAL,BUF,0,0,0,0,0,0,0,18,169,2,1,0,1,1,13,0,0,0,5,0.0526315789473684,0.0289017341040462,0
00-0033040,T.Hill,Tyreek Hill,WR,2025,1,REG,2025_01_MIA_IND,MIA,IND,0,0,0,0,0,0,0,0,0,0,0,0,4,6,40,0,0,0,86,0.193548387096774,0.367521367521368,0
00-0033077,D.Prescott,Dak Prescott,QB,2025,1,REG,2025_01_DAL_PHI,DAL,PHI,21,34,188,0,0,0,0,1,3,0,0,0,0,0,0,0,0,0,0,0,0,0
00-0033090,H.Henry,Hunter Henry,TE,2025,1,REG,2025_01_LV_NE,NE,LV,0,0,0,0,0,0,0,0,0,0,0,0,4,8,66,0,0,0,117,0.177777777777778,0.331444759206799,0
00-0033106,J.Goff,Jared Goff,QB,2025,1,REG,2025_01_DET_GB,DET,GB,31,39,225,1,1,0,0,1,-1,0,0,0,0,0,0,0,0,0,0,0,0,0
00-0033110,T.Higbee,Tyler Higbee,TE,2025,1,REG,2025_01_HOU_LA,LA,HOU,0,0,0,0,0,0,0,0,0,0,0,0,0,0,0,0,0,0,0,0,0,0
00-0033217,M.Alie-Cox,Mo Alie-Cox,TE,2025,1,REG,2025_01_MIA_IND,IND,MIA,0,0,0,0,0,0,0,0,0,0,0,0,1,1,20,0,0,0,2,0.0344827586206897,0.0102040816326531,0
00-0033246,J.Mundt,Johnny Mundt,TE,2025,1,REG,2025_01_CAR_JAX,JAX,CAR,0,0,0,0,0,0,0,0,0,0,0,0,0,1,0,0,0,0,-3,0.0344827586206897,-0.0134529147982063,0
00-0033280,C.McCaffrey,Christian McCaffrey,RB,2025,1,REG,2025_01_SF_SEA,SF,SEA,0,0,0,0,0,0,0,22,69,0,0,0,9,10,73,0,0,0,20,0.294117647058824,0.0769230769230769,0
00-0033288,G.Kittle,George Kittle,TE,2025,1,REG,2025_01_SF_SEA,SF,SEA,0,0,0,0,0,0,0,0,0,0,0,0,4,4,25,1,0,0,22,0.117647058823529,0.0846153846153846,0
00-0033293,A.Jones,Aaron Jones,RB,2025,1,REG,2025_01_MIN_CHI,MIN,CHI,0,0,0,0,0,0,0,8,23,0,0,0,3,3,44,1,0,0,21,0.15,0.17948717948718,0
00-0033526,S.Perine,Samaje Perine,RB,2025,1,REG,2025_01_CIN_CLE,CIN,CLE,0,0,0,0,0,0,0,0,0,0,0,0,2,2,6,0,0,0,2,0.0869565217391304,0.0118343195266272,0
00-0033553,J.Conner,James Conner,RB,2025,1,REG,2025_01_ARI_NO,ARI,NO,0,0,0,0,0,0,0,12,39,0,0,0,4,4,5,1,0,0,-15,0.137931034482759,-0.0903614457831325,0
00-0033555,M.Hollins,Mack Hollins,WR,2025,1,REG,2025_01_LV_NE,NE,LV,0,0,0,0,0,0,0,0,0,0,0,0,1,2,3,0,0,0,13,0.0444444444444444,0.0368271954674221,0
00-0033572,J.Agnew,Jamal Agnew,WR,2025,1,REG,2025_01_TB_ATL,ATL,TB,0,0,0,0,0,0,0,0,0,0,0,0,0,0,0,0,0,0,0,0,0,0
00-0033576,E.Saubert,Eric Saubert,TE,2025,1,REG,2025_01_SF_SEA,SEA,SF,0,0,0,0,0,0,0,0,0,0,0,0,0,0,0,0,0,0,0,0,0,0
00-0033589,D.Moore,David Moore,WR,2025,1,REG,2025_01_CAR_JAX,CAR,JAX,0,0,0,0,0,0,0,0,0,0,0,0,0,0,0,0,0,0,0,0,0,0
00-0033591,N.Brown,Noah Brown,WR,2025,1,REG,2025_01_NYG_WAS,WAS,NYG,0,0,0,0,0,0,0,0,0,0,0,0,2,3,27,0,0,0,34,0.103448275862069,0.121863799283154,0
00-0033699,A.Ekeler,Austin Ekeler,RB,2025,1,REG,2025_01_NYG_WAS,WAS,NYG,0,0,0,0,0,0,0,6,26,0,0,0,3,3,31,0,0,0,-7,0.103448275862069,-0.025089605734767,0
00-0033854,D.Ogunbowale,Dare Ogunbowale,RB,2025,1,REG,2025_01_HOU_LA,HOU,LA,0,0,0,0,0,0,0,2,9,0,0,0,2,2,17,0,1,0,5,0.0740740740740741,0.0290697674418605,0
00-0033857,J.Smith-Schuster,JuJu Smith-Schuster,WR,2025,1,REG,2025_01_KC_LAC,KC,LAC,0,0,0,0,0,0,0,0,0,0,0,0,5,5,55,0,0,0,29,0.131578947368421,0.107011070110701,0
00-0033858,J.Smith,Jonnu Smith,TE,2025,1,REG,2025_01_PIT_NYJ,PIT,NYJ,0,0,0,0,0,0,0,0,0,0,0,0,5,6,15,1,0,0,-6,0.206896551724138,-0.0431654676258993,0
00-0033873,P.Mahomes,Patrick Mahomes,QB,2025,1,REG,2025_01_KC_LAC,KC,LAC,24,39,258,1,0,0,0,6,57,1,0,0,0,0,0,0,0,0,0,0,0,0
00-0033881,E.Engram,Evan Engram,TE,2025,1,REG,2025_01_TEN_DEN,DEN,TEN,0,0,0,0,0,0,0,0,0,0,0,0,3,4,21,0,0,0,10,0.108108108108108,0.0469483568075117,0
00-0033885,D.Njoku,David Njoku,TE,2025,1,REG,2025_01_CIN_CLE,CLE,CIN,0,0,0,0,0,0,0,0,0,0,0,0,3,6,37,0,0,0,41,0.142857142857143,0.15018315018315,0
00-0033891,Z.Jones,Zay Jones,WR,2025,1,REG,2025_01_ARI_NO,ARI,NO,0,0,0,0,0,0,0,0,0,0,0,0,1,1,4,0,0,0,2,0.0344827586206897,0.0120481927710843,0
00-0033906,A.Kamara,Alvin Kamara,RB,2025,1,REG,2025_01_ARI_NO,NO,ARI,0,0,0,0,0,0,0,11,45,1,0,0,2,2,12,0,0,0,-3,0.0487804878048781,-0.00892857142857143,0
00-0033908,C.Kupp,Cooper Kupp,WR,2025,1,REG,2025_01_SF_SEA,SEA,SF,0,0,0,0,0,0,0,0,0,0,0,0,2,3,15,0,0,0,20,0.136363636363636,0.101522842639594,0
00-0033923,K.Hunt,Kareem Hunt,RB,2025,1,REG,2025_01_KC_LAC,KC,LAC,0,0,0,0,0,0,0,5,16,0,0,0,2,3,10,0,0,0,-2,0.0789473684210526,-0.00738007380073801,0
00-0033943,J.Reynolds,Josh Reynolds,WR,2025,1,REG,2025_01_PIT_NYJ,NYJ,PIT,0,0,0,0,0,0,0,0,0,0,0,0,2,3,18,0,0,0,30,0.142857142857143,0.177514792899408,0
00-0033955,J.McNichols,Jeremy McNichols,RB,2025,1,REG,2025_01_NYG_WAS,WAS,NYG,0,0,0,0,0,0,0,4,25,0,0,0,0,0,0,0,0,0,0,0,0,0
00-0034159,W.Dissly,Will Dissly,TE,2025,1,REG,2025_01_KC_LAC,LAC,KC,0,0,0,0,0,0,0,0,0,0,0,0,1,1,18,0,0,0,5,0.0294117647058824,0.0146198830409357,0
00-0034270,T.Conklin,Tyler Conklin,TE,2025,1,REG,2025_01_KC_LAC,LAC,KC,0,0,0,0,0,0,0,1,2,0,0,0,2,2,50,0,0,0,28,0.0588235294117647,0.0818713450292398,0
00-0034348,C.Sutton,Courtland Sutton,WR,2025,1,REG,2025_01_TEN_DEN,DEN,TEN,0,0,0,0,0,0,0,0,0,0,0,0,6,9,61,1,0,0,107,0.243243243243243,0.502347417840376,0
00-0034351,D.Goedert,Dallas Goedert,TE,2025,1,REG,2025_01_DAL_PHI,PHI,DAL,0,0,0,0,0,0,0,0,0,0,0,0,7,7,44,0,0,0,34,0.35,0.303571428571429,0
00-0034383,D.Schultz,Dalton Schultz,TE,2025,1,REG,2025_01_HOU_LA,HOU,LA,0,0,0,0,0,0,0,0,0,0,0,0,3,5,28,0,0,0,25,0.185185185185185,0.145348837209302,0
00-0034386,J.Watson,Justin Watson,WR,2025,1,REG,2025_01_HOU_LA,HOU,LA,0,0,0,0,0,0,0,0,0,0,0,0,2,2,27,0,0,0,14,0.0740740740740741,0.0813953488372093,0
00-0034407,R.McCloud,Ray-Ray McCloud,WR,2025,1,REG,2025_01_TB_ATL,ATL,TB,0,0,0,0,0,0,0,0,0,0,0,0,3,5,51,0,0,0,36,0.119047619047619,0.125,0
00-0034487,T.Sherfield,Trent Sherfield,WR,2025,1,REG,2025_01_TEN_DEN,DEN,TEN,0,0,0,0,0,0,0,0,0,0,0,0,1,1,3,0,0,0,-2,0.027027027027027,-0.00938967136150235,0
00-0034753,M.Andrews,Mark Andrews,TE,2025,1,REG,2025_01_BAL_BUF,BAL,BUF,0,0,0,0,0,0,0,0,0,0,0,0,1,1,5,0,0,0,4,0.0526315789473684,0.023121387283237,0
00-0034791,N.Chubb,Nick Chubb,RB,2025,1,REG,2025_01_HOU_LA,HOU,LA,0,0,0,0,0,0,0,13,60,0,0,0,0,1,0,0,0,0,5,0.037037037037037,0.0290697674418605,0
00-0034796,L.Jackson,Lamar Jackson,QB,2025,1,REG,2025_01_BAL_BUF,BAL,BUF,14,19,209,2,0,0,0,6,70,1,0,0,0,0,0,0,0,0,0,0,0,0
00-0034827,D.Moore,DJ Moore,WR,2025,1,REG,2025_01_MIN_CHI,CHI,MIN,0,0,0,0,0,0,0,3,8,0,0,0,3,5,68,0,0,0,94,0.147058823529412,0.357414448669202,0
00-0034829,M.Gesicki,Mike Gesicki,TE,2025,1,REG,2025_01_CIN_CLE,CIN,CLE,0,0,0,0,0,0,0,0,0,0,0,0,1,3,14,0,0,0,26,0.130434782608696,0.153846153846154,0
00-0034837,C.Ridley,Calvin Ridley,WR,2025,1,REG,2025_01_TEN_DEN,TEN,DEN,0,0,0,0,0,0,0,0,0,0,0,0,4,8,27,0,0,0,69,0.32,0.23469387755102,0
00-0034844,S.Barkley,Saquon Barkley,RB,2025,1,REG,2025_01_DAL_PHI,PHI,DAL,0,0,0,0,0,0,0,18,60,1,0,0,4,5,24,0,0,0,-5,0.25,-0.0446428571428571,0
00-0034854,K.Hodge,KhaDarel Hodge,WR,2025,1,REG,2025_01_TB_ATL,ATL,TB,0,0,0,0,0,0,0,0,0,0,0,0,0,1,0,0,0,0,26,0.0238095238095238,0.0902777777777778,0
00-0034855,B.Mayfield,Baker Mayfield,QB,2025,1,REG,2025_01_TB_ATL,TB,ATL,17,32,167,3,0,0,0,5,39,0,0,0,0,0,0,0,0,0,0,0,0,0
00-0034857,J.Allen,Josh Allen,QB,2025,1,REG,2025_01_BAL_BUF,BUF,BAL,33,46,394,2,0,0,0,14,30,2,0,0,0,0,0,0,0,0,0,0,0,0
00-0034869,S.Darnold,Sam Darnold,QB,2025,1,REG,2025_01_SF_SEA,SEA,SF,16,23,150,0,0,1,0,2,14,0,0,0,0,0,0,0,0,0,0,0,0,0
00-0034960,J.Meyers,Jakobi Meyers,WR,2025,1,REG,2025_01_LV_NE,LV,NE,0,0,0,0,0,0,0,0,0,0,0,0,8,10,97,0,0,0,81,0.303030303030303,0.231428571428571,0
00-0034975,J.Hill,Justice Hill,RB,2025,1,REG,2025_01_BAL_BUF,BAL,BUF,0,0,0,0,0,0,0,2,-14,0,0,0,1,2,3,0,0,0,-2,0.105263157894737,-0.0115606936416185,0
00-0034983,H.Renfrow,Hunter Renfrow,WR,2025,1,REG,2025_01_CAR_JAX,CAR,JAX,0,0,0,0,0,0,0,0,0,0,0,0,2,6,11,0,0,0,66,0.176470588235294,0.245353159851301,0
00-0035021,A.Dulin,Ashton Dulin,WR,2025,1,REG,2025_01_MIA_IND,IND,MIA,0,0,0,0,0,0,0,1,15,0,0,0,0,0,0,0,0,0,0,0,0,0
00-0035208,O.Zaccheaus,Olamide Zaccheaus,WR,2025,1,REG,2025_01_MIN_CHI,CHI,MIN,0,0,0,0,0,0,0,0,0,0,0,0,4,7,42,0,0,0,59,0.205882352941176,0.224334600760456,0
00-0035228,K.Murray,Kyler Murray,QB,2025,1,REG,2025_01_ARI_NO,ARI,NO,21,29,163,2,0,0,0,7,38,0,0,0,0,0,0,0,0,0,0,0,0,0
00-0035229,T.Hockenson,T.J. Hockenson,TE,2025,1,REG,2025_01_MIN_CHI,MIN,CHI,0,0,0,0,0,0,0,0,0,0,0,0,3,4,15,0,0,0,13,0.2,0.111111111111111,0
00-0035243,M.Sanders,Miles Sanders,RB,2025,1,REG,2025_01_DAL_PHI,DAL,PHI,0,0,0,0,0,0,0,4,53,0,1,0,1,1,-3,0,0,0,-5,0.0303030303030303,-0.0151975683890578,0
00-0035249,J.Oliver,Josh Oliver,TE,2025,1,REG,2025_01_MIN_CHI,MIN,CHI,0,0,0,0,0,0,0,0,0,0,0,0,1,1,5,0,0,0,-3,0.05,-0.0256410256410256,0
00-0035250,D.Singletary,Devin Singletary,RB,2025,1,REG,2025_01_NYG_WAS,NYG,WAS,0,0,0,0,0,0,0,3,9,0,0,0,0,0,0,0,0,0,0,0,0,0
00-0035261,T.Pollard,Tony Pollard,RB,2025,1,REG,2025_01_TEN_DEN,TEN,DEN,0,0,0,0,0,0,0,18,60,0,1,0,1,1,29,0,0,0,-1,0.04,-0.00340136054421769,0
00-0035500,G.Dortch,Greg Dortch,WR,2025,1,REG,2025_01_ARI_NO,ARI,NO,0,0,0,0,0,0,0,0,0,0,0,0,1,1,-2,0,0,0,-2,0.0344827586206897,-0.0120481927710843,0
00-0035535,D.Slayton,Darius Slayton,WR,2025,1,REG,2025_01_NYG_WAS,NYG,WAS,0,0,0,0,0,0,0,0,0,0,0,0,0,1,0,0,0,0,16,0.03125,0.0707964601769912,0
00-0035537,Ty.Johnson,Ty Johnson,RB,2025,1,REG,2025_01_BAL_BUF,BUF,BAL,0,0,0,0,0,0,0,2,24,0,0,0,0,2,0,0,0,0,9,0.0444444444444444,0.0225,0
00-0035567,C.Reynolds,Craig Reynolds,RB,2025,1,REG,2025_01_DET_GB,DET,GB,0,0,0,0,0,0,0,0,0,0,0,0,0,0,0,0,0,0,0,0,0,0
00-0035602,A.Bachman,Alex Bachman,WR,2025,1,REG,2025_01_LV_NE,LV,NE,0,0,0,0,0,0,0,0,0,0,0,0,0,1,0,0,0,0,4,0.0303030303030303,0.0114285714285714,0
00-0035631,D.Sample,Drew Sample,TE,2025,1,REG,2025_01_CIN_CLE,CIN,CLE,0,0,0,0,0,0,0,0,0,0,0,0,0,1,0,0,0,0,2,0.0434782608695652,0.0118343195266272,0
00-0035640,D.Metcalf,DK Metcalf,WR,2025,1,REG,2025_01_PIT_NYJ,PIT,NYJ,0,0,0,0,0,0,0,0,0,0,0,0,4,7,83,0,0,0,28,0.241379310344828,0.201438848920863,0
00-0035644,N.Fant,Noah Fant,TE,2025,1,REG,2025_01_CIN_CLE,CIN,CLE,0,0,0,0,0,0,0,0,0,0,0,0,4,5,26,1,0,0,2,0.217391304347826,0.0118343195266272,0
00-0035645,G.Olszewski,Gunner Olszewski,WR,2025,1,REG,2025_01_NYG_WAS,NYG,WAS,0,0,0,0,0,0,0,0,0,0,0,0,0,0,0,0,0,0,0,0,0,0
00-0035659,T.McLaurin,Terry McLaurin,WR,2025,1,REG,2025_01_NYG_WAS,WAS,NYG,0,0,0,0,0,0,0,0,0,0,0,0,2,4,27,0,0,0,77,0.137931034482759,0.275985663082437,0
00-0035662,M.Brown,Marquise Brown,WR,2025,1,REG,2025_01_KC_LAC,KC,LAC,0,0,0,0,0,0,0,0,0,0,0,0,10,16,99,0,0,0,101,0.421052631578947,0.372693726937269,0
00-0035676,A.Brown,A.J. Brown,WR,2025,1,REG,2025_01_DAL_PHI,PHI,DAL,0,0,0,0,0,0,0,0,0,0,0,0,1,1,8,0,0,0,8,0.05,0.0714285714285714,0
00-0035685,D.Montgomery,David Montgomery,RB,2025,1,REG,2025_01_DET_GB,DET,GB,0,0,0,0,0,0,0,11,25,0,0,0,4,4,18,0,0,0,4,0.105263157894737,0.0245398773006135,0
00-0035689,D.Knox,Dawson Knox,TE,2025,1,REG,2025_01_BAL_BUF,BUF,BAL,0,0,0,0,0,0,0,0,0,0,0,0,2,2,20,0,0,0,3,0.0444444444444444,0.0075,0
00-0035700,J.Jacobs,Josh Jacobs,RB,2025,1,REG,2025_01_DET_GB,GB,DET,0,0,0,0,0,0,0,19,66,1,0,0,1,1,4,0,0,0,1,0.0454545454545455,0.00395256916996047,0
00-0035710,D.Jones,Daniel Jones,QB,2025,1,REG,2025_01_MIA_IND,IND,MIA,22,29,272,1,0,0,0,7,26,2,0,0,0,0,0,0,0,0,0,0,0,0
00-0035719,D.Samuel,Deebo Samuel Sr.,WR,2025,1,REG,2025_01_NYG_WAS,WAS,NYG,0,0,0,0,0,0,0,1,19,1,0,0,7,10,77,0,0,0,80,0.344827586206897,0.28673835125448,0
00-0035891,C.White,Cody White,WR,2025,1,REG,2025_01_SF_SEA,SEA,SF,0,0,0,0,0,0,0,0,0,0,0,0,0,0,0,0,0,0,0,0,0,0
00-0036040,J.Johnson,Juwan Johnson,TE,2025,1,REG,2025_01_ARI_NO,NO,ARI,0,0,0,0,0,0,0,0,0,0,0,0,8,11,76,0,0,0,89,0.268292682926829,0.264880952380952,0
00-0036139,R.Dowdle,Rico Dowdle,RB,2025,1,REG,2025_01_CAR_JAX,CAR,JAX,0,0,0,0,0,0,0,3,12,0,0,0,2,3,4,0,0,0,-1,0.0882352941176471,-0.00371747211895911,0
00-0036158,J.Dobbins,J.K. Dobbins,RB,2025,1,REG,2025_01_TEN_DEN,DEN,TEN,0,0,0,0,0,0,0,16,63,1,0,0,2,2,5,0,0,0,-3,0.0540540540540541,-0.0140845070422535,0
00-0036182,N.Westbrook-Ikhine,Nick Westbrook-Ikhine,WR,2025,1,REG,2025_01_MIA_IND,MIA,IND,0,0,0,0,0,0,0,0,0,0,0,0,1,2,7,0,0,0,13,0.0645161290322581,0.0555555555555556,0
00-0036212,T.Tagovailoa,Tua Tagovailoa,QB,2025,1,REG,2025_01_MIA_IND,MIA,IND,14,23,114,1,2,1,1,1,7,0,0,0,0,0,0,0,0,0,0,0,0,0
00-0036223,J.Taylor,Jonathan Taylor,RB,2025,1,REG,2025_01_MIA_IND,IND,MIA,0,0,0,0,0,0,0,18,71,0,0,0,3,3,27,0,0,0,-2,0.103448275862069,-0.0102040816326531,0
00-0036244,C.Parkinson,Colby Parkinson,TE,2025,1,REG,2025_01_HOU_LA,LA,HOU,0,0,0,0,0,0,0,0,0,0,0,0,2,2,-6,0,1,0,0,0.0714285714285714,0,0
00-0036252,M.Pittman,Michael Pittman,WR,2025,1,REG,2025_01_MIA_IND,IND,MIA,0,0,0,0,0,0,0,0,0,0,0,0,6,8,80,1,0,0,54,0.275862068965517,0.275510204081633,0
00-0036259,J.Jennings,Jauan Jennings,WR,2025,1,REG,2025_01_SF_SEA,SF,SEA,0,0,0,0,0,0,0,0,0,0,0,0,2,5,16,0,0,0,42,0.147058823529412,0.161538461538462,0
00-0036264,J.Love,Jordan Love,QB,2025,1,REG,2025_01_DET_GB,GB,DET,16,22,188,2,0,0,0,3,4,0,0,0,0,0,0,0,0,0,0,0,0,0
00-0036265,A.Dillon,AJ Dillon,RB,2025,1,REG,2025_01_DAL_PHI,PHI,DAL,0,0,0,0,0,0,0,3,10,0,0,0,0,0,0,0,0,0,0,0,0,0
00-0036275,D.Swift,D'Andre Swift,RB,2025,1,REG,2025_01_MIN_CHI,CHI,MIN,0,0,0,0,0,0,0,17,53,0,0,0,3,5,12,0,0,0,-3,0.147058823529412,-0.0114068441064639,0
00-0036290,C.Kmet,Cole Kmet,TE,2025,1,REG,2025_01_MIN_CHI,CHI,MIN,0,0,0,0,0,0,0,0,0,0,0,0,1,4,31,0,0,0,57,0.117647058823529,0.216730038022814,0
00-0036322,J.Jefferson,Justin Jefferson,WR,2025,1,REG,2025_01_MIN_CHI,MIN,CHI,0,0,0,0,0,0,0,1,4,0,0,0,4,7,44,1,0,0,69,0.35,0.58974358974359,0
00-0036328,A.Gibson,Antonio Gibson,RB,2025,1,REG,2025_01_LV_NE,NE,LV,0,0,0,0,0,0,0,1,3,0,0,0,0,1,0,0,0,0,4,0.0222222222222222,0.0113314447592068,0
00-0036331,D.Duvernay,Devin Duvernay,WR,2025,1,REG,2025_01_MIN_CHI,CHI,MIN,0,0,0,0,0,0,0,0,0,0,0,0,0,0,0,0,0,0,0,0,0,0
00-0036355,J.Herbert,Justin Herbert,QB,2025,1,REG,2025_01_KC_LAC,LAC,KC,25,34,318,3,0,0,0,7,32,0,0,0,0,0,0,0,0,0,0,0,0,0
00-0036358,C.Lamb,CeeDee Lamb,WR,2025,1,REG,2025_01_DAL_PHI,DAL,PHI,0,0,0,0,0,0,0,0,0,0,0,0,7,13,110,0,0,0,182,0.393939393939394,0.553191489361702,0
00-0036389,J.Hurts,Jalen Hurts,QB,2025,1,REG,2025_01_DAL_PHI,PHI,DAL,19,23,152,0,0,0,0,14,62,2,0,0,0,0,0,0,0,0,0,0,0,0
00-0036407,J.Jeudy,Jerry Jeudy,WR,2025,1,REG,2025_01_CIN_CLE,CLE,CIN,0,0,0,0,0,0,0,0,0,0,0,0,5,8,66,0,0,0,97,0.19047619047619,0.355311355311355,0
00-0036410,T.Higgins,Tee Higgins,WR,2025,1,REG,2025_01_CIN_CLE,CIN,CLE,0,0,0,0,0,0,0,0,0,0,0,0,3,4,33,0,0,0,49,0.173913043478261,0.289940828402367,0
00-0036422,A.Trautman,Adam Trautman,TE,2025,1,REG,2025_01_TEN_DEN,DEN,TEN,0,0,0,0,0,0,0,0,0,0,0,0,1,1,5,0,0,0,5,0.027027027027027,0.0234741784037559,0
00-0036427,T.Johnson,Tyler Johnson,WR,2025,1,REG,2025_01_PIT_NYJ,NYJ,PIT,0,0,0,0,0,0,0,0,0,0,0,0,2,2,31,0,0,0,20,0.0952380952380952,0.118343195266272,0
00-0036442,J.Burrow,Joe Burrow,QB,2025,1,REG,2025_01_CIN_CLE,CIN,CLE,14,23,113,1,0,0,0,2,3,0,0,0,0,0,0,0,0,0,0,0,0,0
00-0036550,R.Bateman,Rashod Bateman,WR,2025,1,REG,2025_01_BAL_BUF,BAL,BUF,0,0,0,0,0,0,0,0,0,0,0,0,2,4,10,0,0,0,42,0.210526315789474,0.242774566473988,0
00-0036554,N.Collins,Nico Collins,WR,2025,1,REG,2025_01_HOU_LA,HOU,LA,0,0,0,0,0,0,0,0,0,0,0,0,3,5,25,0,0,0,35,0.185185185185185,0.203488372093023,0
00-0036555,C.Hubbard,Chuba Hubbard,RB,2025,1,REG,2025_01_CAR_JAX,CAR,JAX,0,0,0,0,0,0,0,16,57,0,0,0,3,5,32,1,0,0,-14,0.147058823529412,-0.0520446096654275,0
00-0036613,J.Waddle,Jaylen Waddle,WR,2025,1,REG,2025_01_MIA_IND,MIA,IND,0,0,0,0,0,0,0,0,0,0,0,0,4,5,30,0,0,0,21,0.161290322580645,0.0897435897435897,0
00-0036620,D.Eskridge,Dee Eskridge,WR,2025,1,REG,2025_01_MIA_IND,MIA,IND,0,0,0,0,0,0,0,0,0,0,0,0,1,2,9,0,0,0,33,0.0645161290322581,0.141025641025641,0
00-0036626,D.Brown,Dyami Brown,WR,2025,1,REG,2025_01_CAR_JAX,JAX,CAR,0,0,0,0,0,0,0,2,6,0,0,0,3,4,52,0,0,0,54,0.137931034482759,0.242152466367713,0
00-0036630,T.Wallace,Tylan Wallace,WR,2025,1,REG,2025_01_BAL_BUF,BAL,BUF,0,0,0,0,0,0,0,0,0,0,0,0,0,0,0,0,0,0,0,0,0,0
00-0036637,N.Gray,Noah Gray,TE,2025,1,REG,2025_01_KC_LAC,KC,LAC,0,0,0,0,0,0,0,0,0,0,0,0,1,1,3,0,0,0,3,0.0263157894736842,0.011070110701107,0
00-0036741,J.Stoll,Jack Stoll,TE,2025,1,REG,2025_01_ARI_NO,NO,ARI,0,0,0,0,0,0,0,0,0,0,0,0,0,0,0,0,0,0,0,0,0,0
00-0036825,F.Franks,Feleipe Franks,TE,2025,1,REG,2025_01_TB_ATL,ATL,TB,0,0,0,0,0,0,0,0,0,0,0,0,0,0,0,0,0,0,0,0,0,0
00-0036842,K.Nwangwu,Kene Nwangwu,RB,2025,1,REG,2025_01_PIT_NYJ,NYJ,PIT,0,0,0,0,0,0,0,0,0,0,0,0,0,0,0,0,0,0,0,0,0,0
00-0036849,T.Atwell,Tutu Atwell,WR,2025,1,REG,2025_01_HOU_LA,LA,HOU,0,0,0,0,0,0,0,0,0,0,0,0,1,1,4,0,0,0,4,0.0357142857142857,0.0176991150442478,0
00-0036862,B.Skowronek,Ben Skowronek,WR,2025,1,REG,2025_01_PIT_NYJ,PIT,NYJ,0,0,0,0,0,0,0,0,0,0,0,0,1,1,22,1,0,0,9,0.0344827586206897,0.0647482014388489,0
00-0036875,R.Stevenson,Rhamondre Stevenson,RB,2025,1,REG,2025_01_LV_NE,NE,LV,0,0,0,0,0,0,0,7,15,0,0,0,2,3,12,0,0,0,3,0.0666666666666667,0.0084985835694051,0
00-0036876,K.Granson,Kylen Granson,TE,2025,1,REG,2025_01_DAL_PHI,PHI,DAL,0,0,0,0,0,0,0,0,0,0,0,0,1,1,1,0,0,0,0,0.05,0,0
00-0036887,L.Farrell,Luke Farrell,TE,2025,1,REG,2025_01_SF_SEA,SF,SEA,0,0,0,0,0,0,0,0,0,0,0,0,1,1,4,0,0,0,4,0.0294117647058824,0.0153846153846154,0
00-0036893,N.Harris,Najee Harris,RB,2025,1,REG,2025_01_KC_LAC,LAC,KC,0,0,0,0,0,0,0,1,5,0,0,0,1,1,5,0,0,0,5,0.0294117647058824,0.0146198830409357,0
00-0036894,P.Freiermuth,Pat Freiermuth,TE,2025,1,REG,2025_01_PIT_NYJ,PIT,NYJ,0,0,0,0,0,0,0,0,0,0,0,0,3,3,28,0,0,0,20,0.103448275862069,0.143884892086331,0
00-0036900,J.Chase,Ja'Marr Chase,WR,2025,1,REG,2025_01_CIN_CLE,CIN,CLE,0,0,0,0,0,0,0,0,0,0,0,0,2,5,26,0,0,0,88,0.217391304347826,0.520710059171598,0
00-0036912,D.Smith,DeVonta Smith,WR,2025,1,REG,2025_01_DAL_PHI,PHI,DAL,0,0,0,0,0,0,0,0,0,0,0,0,3,3,16,0,0,0,4,0.15,0.0357142857142857,0
00-0036919,K.Gainwell,Kenny Gainwell,RB,2025,1,REG,2025_01_PIT_NYJ,PIT,NYJ,0,0,0,0,0,0,0,7,19,0,0,0,3,4,4,0,0,0,-10,0.137931034482759,-0.0719424460431655,0
00-0036945,J.Fields,Justin Fields,QB,2025,1,REG,2025_01_PIT_NYJ,NYJ,PIT,16,22,218,1,0,0,0,12,48,2,0,0,0,0,0,0,0,0,0,0,0,0
00-0036963,A.St. Brown,Amon-Ra St. Brown,WR,2025,1,REG,2025_01_DET_GB,DET,GB,0,0,0,0,0,0,0,0,0,0,0,0,4,6,45,0,0,0,53,0.157894736842105,0.325153374233129,0
00-0036970,K.Pitts,Kyle Pitts,TE,2025,1,REG,2025_01_TB_ATL,ATL,TB,0,0,0,0,0,0,0,0,0,0,0,0,7,8,59,0,0,0,37,0.19047619047619,0.128472222222222,0
00-0036971,T.Lawrence,Trevor Lawrence,QB,2025,1,REG,2025_01_CAR_JAX,JAX,CAR,19,31,178,1,1,0,0,4,12,0,0,0,0,0,0,0,0,0,0,0,0,0
00-0036973,T.Etienne,Travis Etienne,RB,2025,1,REG,2025_01_CAR_JAX,JAX,CAR,0,0,0,0,0,0,0,16,143,0,0,0,3,3,13,0,0,0,-10,0.103448275862069,-0.0448430493273543,0
00-0036980,E.Moore,Elijah Moore,WR,2025,1,REG,2025_01_BAL_BUF,BUF,BAL,0,0,0,0,0,0,0,1,8,0,0,0,1,1,3,0,0,0,3,0.0222222222222222,0.0075,0
00-0036988,J.Palmer,Josh Palmer,WR,2025,1,REG,2025_01_BAL_BUF,BUF,BAL,0,0,0,0,0,0,0,0,0,0,0,0,5,9,61,0,0,0,115,0.2,0.2875,0
00-0036997,J.Williams,Javonte Williams,RB,2025,1,REG,2025_01_DAL_PHI,DAL,PHI,0,0,0,0,0,0,0,15,54,2,0,0,2,3,10,0,0,0,3,0.0909090909090909,0.00911854103343465,0
00-0037004,H.Long,Hunter Long,TE,2025,1,REG,2025_01_CAR_JAX,JAX,CAR,0,0,0,0,0,0,0,0,0,0,0,0,1,1,6,1,0,0,6,0.0344827586206897,0.0269058295964126,0
00-0037005,T.Tremble,Tommy Tremble,TE,2025,1,REG,2025_01_CAR_JAX,CAR,JAX,0,0,0,0,0,0,0,0,0,0,0,0,1,1,2,0,0,0,0,0.0294117647058824,0,0
00-0037013,Z.Wilson,Zach Wilson,QB,2025,1,REG,2025_01_MIA_IND,MIA,IND,5,8,32,0,0,0,0,1,3,0,0,0,0,0,0,0,0,0,0,0,0,0
00-0037085,T.Badie,Tyler Badie,RB,2025,1,REG,2025_01_TEN_DEN,DEN,TEN,0,0,0,0,0,0,0,0,0,0,0,0,2,6,16,0,0,0,18,0.162162162162162,0.0845070422535211,0
00-0037091,B.Melton,Bo Melton,WR,2025,1,REG,2025_01_DET_GB,GB,DET,0,0,0,0,0,0,0,0,0,0,0,0,0,0,0,0,0,0,0,0,0,0
00-0037112,J.Tonges,Jake Tonges,TE,2025,1,REG,2025_01_SF_SEA,SF,SEA,0,0,0,0,0,0,0,0,0,0,0,0,3,3,15,1,0,0,9,0.0882352941176471,0.0346153846153846,0
00-0037197,I.Pacheco,Isiah Pacheco,RB,2025,1,REG,2025_01_KC_LAC,KC,LAC,0,0,0,0,0,0,0,5,25,0,0,0,2,3,3,0,0,0,-12,0.0789473684210526,-0.044280442804428,0
00-0037228,J.Warren,Jaylen Warren,RB,2025,1,REG,2025_01_PIT_NYJ,PIT,NYJ,0,0,0,0,0,0,0,11,37,0,0,0,2,2,22,1,0,0,3,0.0689655172413793,0.0215827338129496,0
00-0037238,D.London,Drake London,WR,2025,1,REG,2025_01_TB_ATL,ATL,TB,0,0,0,0,0,0,0,0,0,0,0,0,8,15,55,0,0,0,99,0.357142857142857,0.34375,0
00-0037239,C.Olave,Chris Olave,WR,2025,1,REG,2025_01_ARI_NO,NO,ARI,0,0,0,0,0,0,0,0,0,0,0,0,7,13,54,0,0,0,97,0.317073170731707,0.288690476190476,0
00-0037240,J.Williams,Jameson Williams,WR,2025,1,REG,2025_01_DET_GB,DET,GB,0,0,0,0,0,0,0,1,3,0,0,0,4,5,23,0,0,0,26,0.131578947368421,0.159509202453988,0
00-0037247,G.Pickens,George Pickens,WR,2025,1,REG,2025_01_DAL_PHI,DAL,PHI,0,0,0,0,0,0,0,0,0,0,0,0,3,4,30,0,0,0,52,0.121212121212121,0.158054711246201,0
00-0037248,J.Cook,James Cook,RB,2025,1,REG,2025_01_BAL_BUF,BUF,BAL,0,0,0,0,0,0,0,13,44,1,0,0,5,5,58,0,0,0,-6,0.111111111111111,-0.015,0
00-0037256,R.White,Rachaad White,RB,2025,1,REG,2025_01_TB_ATL,TB,ATL,0,0,0,0,0,0,0,2,14,0,0,0,1,1,2,0,0,0,-3,0.0333333333333333,-0.00898203592814371,0
00-0037258,D.Pierce,Dameon Pierce,RB,2025,1,REG,2025_01_HOU_LA,HOU,LA,0,0,0,0,0,0,0,3,5,0,0,0,0,1,0,0,0,0,-4,0.037037037037037,-0.0232558139534884,0
00-0037261,K.Shakir,Khalil Shakir,WR,2025,1,REG,2025_01_BAL_BUF,BUF,BAL,0,0,0,0,0,0,0,0,0,0,0,0,6,9,64,0,0,0,85,0.2,0.2125,0
00-0037263,T.Allgeier,Tyler Allgeier,RB,2025,1,REG,2025_01_TB_ATL,ATL,TB,0,0,0,0,0,0,0,10,24,0,0,0,0,0,0,0,0,0,0,0,0,0
00-0037267,J.Ford,Jerome Ford,RB,2025,1,REG,2025_01_CIN_CLE,CLE,CIN,0,0,0,0,0,0,0,6,8,0,0,0,1,1,-3,0,0,0,-5,0.0238095238095238,-0.0183150183150183,0
00-0037276,T.Chandler,Ty Chandler,RB,2025,1,REG,2025_01_MIN_CHI,MIN,CHI,0,0,0,0,0,0,0,0,0,0,0,0,0,0,0,0,0,0,0,0,0,0
00-0037291,J.Nailor,Jalen Nailor,WR,2025,1,REG,2025_01_MIN_CHI,MIN,CHI,0,0,0,0,0,0,0,0,0,0,0,0,1,3,28,0,0,0,15,0.15,0.128205128205128,0
00-0037292,A.Ogletree,Andrew Ogletree,TE,2025,1,REG,2025_01_MIA_IND,IND,MIA,0,0,0,0,0,0,0,0,0,0,0,0,0,0,0,0,0,0,0,0,0,0
00-0037306,J.FitzPatrick,John FitzPatrick,TE,2025,1,REG,2025_01_DET_GB,GB,DET,0,0,0,0,0,0,0,0,0,0,0,0,1,1,2,0,0,0,2,0.0454545454545455,0.00790513833992095,0
00-0037311,K.Kieft,Ko Kieft,TE,2025,1,REG,2025_01_TB_ATL,TB,ATL,0,0,0,0,0,0,0,0,0,0,0,0,0,0,0,0,0,0,0,0,0,0
00-0037348,T.Conner,Tanner Conner,TE,2025,1,REG,2025_01_MIA_IND,MIA,IND,0,0,0,0,0,0,0,0,0,0,0,0,2,4,20,0,0,0,27,0.129032258064516,0.115384615384615,0
00-0037525,J.Mason,Jordan Mason,RB,2025,1,REG,2025_01_MIN_CHI,MIN,CHI,0,0,0,0,0,0,0,15,68,0,0,0,1,1,7,0,0,0,-5,0.05,-0.0427350427350427,0
00-0037539,L.Krull,Lucas Krull,TE,2025,1,REG,2025_01_TEN_DEN,DEN,TEN,0,0,0,0,0,0,0,0,0,0,0,0,1,2,6,0,0,0,9,0.0540540540540541,0.0422535211267606,0
00-0037545,R.Shaheed,Rashid Shaheed,WR,2025,1,REG,2025_01_ARI_NO,NO,ARI,0,0,0,0,0,0,0,0,0,0,0,0,6,9,33,0,0,0,79,0.219512195121951,0.235119047619048,0
00-0037594,J.Chestnut,Julius Chestnut,RB,2025,1,REG,2025_01_TEN_DEN,TEN,DEN,0,0,0,0,0,0,0,2,2,0,0,0,0,0,0,0,0,0,0,0,0,0
00-0037614,J.Metchie,John Metchie III,WR,2025,1,REG,2025_01_DAL_PHI,PHI,DAL,0,0,0,0,0,0,0,0,0,0,0,0,0,0,0,0,0,0,0,0,0,0
00-0037617,H.Haskins,Hassan Haskins,RB,2025,1,REG,2025_01_KC_LAC,LAC,KC,0,0,0,0,0,0,0,0,0,0,0,0,0,0,0,0,0,0,0,0,0,0
00-0037664,A.Pierce,Alec Pierce,WR,2025,1,REG,2025_01_MIA_IND,IND,MIA,0,0,0,0,0,0,0,0,0,0,0,0,1,3,36,0,0,0,61,0.103448275862069,0.311224489795918,0
00-0037666,J.Tolbert,Jalen Tolbert,WR,2025,1,REG,2025_01_DAL_PHI,DAL,PHI,0,0,0,0,0,0,0,0,0,0,0,0,1,2,0,0,0,0,9,0.0606060606060606,0.027355623100304,0
00-0037740,G.Wilson,Garrett Wilson,WR,2025,1,REG,2025_01_PIT_NYJ,NYJ,PIT,0,0,0,0,0,0,0,0,0,0,0,0,7,9,95,1,0,0,86,0.428571428571429,0.50887573964497,0
00-0037741,J.Dotson,Jahan Dotson,WR,2025,1,REG,2025_01_DAL_PHI,PHI,DAL,0,0,0,0,0,0,0,0,0,0,0,0,3,3,59,0,0,0,48,0.15,0.428571428571429,0
00-0037744,T.McBride,Trey McBride,TE,2025,1,REG,2025_01_ARI_NO,ARI,NO,0,0,0,0,0,0,0,0,0,0,0,0,6,9,61,0,0,0,35,0.310344827586207,0.210843373493976,0
00-0037745,V.Jones,Velus Jones Jr.,WR,2025,1,REG,2025_01_ARI_NO,NO,ARI,0,0,0,0,0,0,0,0,0,0,0,0,0,0,0,0,0,0,0,0,0,0
00-0037746,B.Robinson,Brian Robinson,RB,2025,1,REG,2025_01_SF_SEA,SF,SEA,0,0,0,0,0,0,0,9,33,0,0,0,1,2,4,0,0,0,0,0.0588235294117647,0,0
00-0037801,K.Turpin,KaVontae Turpin,WR,2025,1,REG,2025_01_DAL_PHI,DAL,PHI,0,0,0,0,0,0,0,2,9,0,0,0,2,2,18,0,0,0,7,0.0606060606060606,0.0212765957446809,0
00-0037805,J.Ruckert,Jeremy Ruckert,TE,2025,1,REG,2025_01_PIT_NYJ,NYJ,PIT,0,0,0,0,0,0,0,0,0,0,0,0,2,2,16,0,0,0,14,0.0952380952380952,0.0828402366863906,0
00-0037809,C.Okonkwo,Chig Okonkwo,TE,2025,1,REG,2025_01_TEN_DEN,TEN,DEN,0,0,0,0,0,0,0,0,0,0,0,0,3,4,19,0,0,0,15,0.16,0.0510204081632653,0
00-0037816,R.Doubs,Romeo Doubs,WR,2025,1,REG,2025_01_DET_GB,GB,DET,0,0,0,0,0,0,0,0,0,0,0,0,2,4,68,0,0,0,92,0.181818181818182,0.363636363636364,0
00-0037834,B.Purdy,Brock Purdy,QB,2025,1,REG,2025_01_SF_SEA,SF,SEA,26,35,277,2,2,0,0,5,17,0,0,0,0,0,0,0,0,0,0,0,0,0
00-0037837,C.Austin,Calvin Austin III,WR,2025,1,REG,2025_01_PIT_NYJ,PIT,NYJ,0,0,0,0,0,0,0,0,0,0,0,0,4,6,70,1,0,0,84,0.206896551724138,0.60431654676259,0
00-0037840,K.Williams,Kyren Williams,RB,2025,1,REG,2025_01_HOU_LA,LA,HOU,0,0,0,0,0,0,0,18,66,1,0,0,1,2,3,0,0,0,-12,0.0714285714285714,-0.0530973451327434,0
00-0038040,Z.White,Zamir White,RB,2025,1,REG,2025_01_LV_NE,LV,NE,0,0,0,0,0,0,0,3,8,0,0,0,0,0,0,0,0,0,0,0,0,0
00-0038041,J.Ferguson,Jake Ferguson,TE,2025,1,REG,2025_01_DAL_PHI,DAL,PHI,0,0,0,0,0,0,0,0,0,0,0,0,5,6,23,0,0,0,35,0.181818181818182,0.106382978723404,0
00-0038090,S.Moore,Skyy Moore,WR,2025,1,REG,2025_01_SF_SEA,SF,SEA,0,0,0,0,0,0,0,0,0,0,0,0,0,0,0,0,0,0,0,0,0,0
00-0038104,T.Thornton,Tyquan Thornton,WR,2025,1,REG,2025_01_KC_LAC,KC,LAC,0,0,0,0,0,0,0,0,0,0,0,0,2,4,41,0,0,0,115,0.105263157894737,0.424354243542435,0
00-0038115,D.Bellinger,Daniel Bellinger,TE,2025,1,REG,2025_01_NYG_WAS,NYG,WAS,0,0,0,0,0,0,0,0,0,0,0,0,1,1,14,0,0,0,14,0.03125,0.0619469026548673,0
00-0038117,W.Robinson,Wan'Dale Robinson,WR,2025,1,REG,2025_01_NYG_WAS,NYG,WAS,0,0,0,0,0,0,0,0,0,0,0,0,6,8,55,0,0,0,25,0.25,0.110619469026549,0
00-0038120,B.Hall,Breece Hall,RB,2025,1,REG,2025_01_PIT_NYJ,NYJ,PIT,0,0,0,0,0,0,0,19,107,0,0,0,2,4,38,0,0,0,-13,0.19047619047619,-0.0769230769230769,0
00-0038129,C.Otton,Cade Otton,TE,2025,1,REG,2025_01_TB_ATL,TB,ATL,0,0,0,0,0,0,0,0,0,0,0,0,0,3,0,0,0,0,37,0.1,0.110778443113772,0
00-0038134,K.Walker,Kenneth Walker III,RB,2025,1,REG,2025_01_SF_SEA,SEA,SF,0,0,0,0,0,0,0,10,20,0,0,0,3,3,4,0,0,0,-9,0.136363636363636,-0.0456852791878173,0
00-0038359,X.Smith,Xavier Smith,WR,2025,1,REG,2025_01_HOU_LA,LA,HOU,0,0,0,0,0,0,0,0,0,0,0,0,1,1,36,0,0,0,36,0.0357142857142857,0.15929203539823,0
00-0038393,D.Wicks,Dontayvion Wicks,WR,2025,1,REG,2025_01_DET_GB,GB,DET,0,0,0,0,0,0,0,0,0,0,0,0,2,2,30,0,0,0,27,0.0909090909090909,0.106719367588933,0
00-0038488,B.Russell,Brady Russell,RB,2025,1,REG,2025_01_SF_SEA,SEA,SF,0,0,0,0,0,0,0,0,0,0,0,0,0,0,0,0,0,0,0,0,0,0
00-0038492,J.Brownlee,Jason Brownlee,WR,2025,1,REG,2025_01_KC_LAC,KC,LAC,0,0,0,0,0,0,0,0,0,0,0,0,0,1,0,0,0,0,9,0.0263157894736842,0.033210332103321,0
00-0038496,X.Gipson,Xavier Gipson,WR,2025,1,REG,2025_01_PIT_NYJ,NYJ,PIT,0,0,0,0,0,0,0,0,0,0,0,0,0,0,0,0,0,0,0,0,0,0
00-0038519,N.Remigio,Nikko Remigio,WR,2025,1,REG,2025_01_KC_LAC,KC,LAC,0,0,0,0,0,0,0,0,0,0,0,0,0,0,0,0,0,0,0,0,0,0
00-0038542,B.Robinson,Bijan Robinson,RB,2025,1,REG,2025_01_TB_ATL,ATL,TB,0,0,0,0,0,0,0,12,24,0,0,0,6,7,100,1,0,0,-9,0.166666666666667,-0.03125,0
00-0038543,J.Smith-Njigba,Jaxon Smith-Njigba,WR,2025,1,REG,2025_01_SF_SEA,SEA,SF,0,0,0,0,0,0,0,0,0,0,0,0,9,13,124,0,1,0,178,0.590909090909091,0.903553299492386,0
00-0038544,Q.Johnston,Quentin Johnston,WR,2025,1,REG,2025_01_KC_LAC,LAC,KC,0,0,0,0,0,0,0,0,0,0,0,0,5,7,79,2,0,0,87,0.205882352941176,0.254385964912281,0
00-0038547,L.Schoonmaker,Luke Schoonmaker,TE,2025,1,REG,2025_01_DAL_PHI,DAL,PHI,0,0,0,0,0,0,0,0,0,0,0,0,0,1,0,0,0,0,22,0.0303030303030303,0.0668693009118541,0
00-0038551,K.Miller,Kendre Miller,RB,2025,1,REG,2025_01_ARI_NO,NO,ARI,0,0,0,0,0,0,0,5,24,0,0,0,0,0,0,0,0,0,0,0,0,0
00-0038555,T.Bigsby,Tank Bigsby,RB,2025,1,REG,2025_01_CAR_JAX,JAX,CAR,0,0,0,0,0,0,0,5,12,0,0,0,0,0,0,0,0,0,0,0,0,0
00-0038559,Mi.Wilson,Michael Wilson,WR,2025,1,REG,2025_01_ARI_NO,ARI,NO,0,0,0,0,0,0,0,0,0,0,0,0,1,4,5,0,0,0,62,0.137931034482759,0.373493975903614,0
00-0038563,T.Tucker,Tre Tucker,WR,2025,1,REG,2025_01_LV_NE,LV,NE,0,0,0,0,0,0,0,0,0,0,0,0,2,3,54,1,0,0,63,0.0909090909090909,0.18,0
00-0038573,D.Davis,Derius Davis,WR,2025,1,REG,2025_01_KC_LAC,LAC,KC,0,0,0,0,0,0,0,1,3,0,0,0,0,0,0,0,0,0,0,0,0,0
00-0038576,C.Jones,Charlie Jones,WR,2025,1,REG,2025_01_CIN_CLE,CIN,CLE,0,0,0,0,0,0,0,0,0,0,0,0,0,0,0,0,0,0,0,0,0,0
00-0038590,J.Shorter,Justin Shorter,TE,2025,1,REG,2025_01_LV_NE,LV,NE,0,0,0,0,0,0,0,0,0,0,0,0,0,0,0,0,0,0,0,0,0,0
00-0038597,C.Brown,Chase Brown,RB,2025,1,REG,2025_01_CIN_CLE,CIN,CLE,0,0,0,0,0,0,0,21,43,1,0,0,2,3,8,0,0,0,0,0.130434782608696,0,0
00-0038606,P.Washington,Parker Washington,WR,2025,1,REG,2025_01_CAR_JAX,JAX,CAR,0,0,0,0,0,0,0,0,0,0,0,0,0,0,0,0,0,0,0,0,0,0
00-0038608,K.Boutte,Kayshon Boutte,WR,2025,1,REG,2025_01_LV_NE,NE,LV,0,0,0,0,0,0,0,0,0,0,0,0,6,8,103,0,0,0,137,0.177777777777778,0.388101983002833,0
00-0038618,X.Hutchinson,Xavier Hutchinson,WR,2025,1,REG,2025_01_HOU_LA,HOU,LA,0,0,0,0,0,0,0,1,5,0,0,0,2,2,30,0,0,0,29,0.0740740740740741,0.168604651162791,0
00-0038621,D.Douglas,DeMario Douglas,WR,2025,1,REG,2025_01_LV_NE,NE,LV,0,0,0,0,0,0,0,1,4,0,0,0,2,7,-2,1,0,0,22,0.155555555555556,0.0623229461756374,0
00-0038685,C.Brooks,Chris Brooks,RB,2025,1,REG,2025_01_DET_GB,GB,DET,0,0,0,0,0,0,0,1,1,0,0,0,1,1,2,0,0,0,2,0.0454545454545455,0.00790513833992095,0
00-0038705,E.Demercado,Emari Demercado,RB,2025,1,REG,2025_01_ARI_NO,ARI,NO,0,0,0,0,0,0,0,0,0,0,0,0,0,0,0,0,0,0,0,0,0,0
00-0038720,J.Hill,Julian Hill,TE,2025,1,REG,2025_01_MIA_IND,MIA,IND,0,0,0,0,0,0,0,0,0,0,0,0,0,0,0,0,0,1,0,0,0,0
00-0038797,E.Wilson,Emanuel Wilson,RB,2025,1,REG,2025_01_DET_GB,GB,DET,0,0,0,0,0,0,0,1,4,0,0,0,0,0,0,0,0,0,0,0,0,0
00-0038824,R.Miller,Ryan Miller,WR,2025,1,REG,2025_01_TB_ATL,TB,ATL,0,0,0,0,0,0,0,0,0,0,0,0,0,1,0,0,0,0,15,0.0333333333333333,0.0449101796407186,0
00-0038840,B.Tremayne,Brycen Tremayne,WR,2025,1,REG,2025_01_CAR_JAX,CAR,JAX,0,0,0,0,0,0,0,0,0,0,0,0,0,0,0,0,0,0,0,0,0,0
00-0038896,J.Saylors,Jacob Saylors,RB,2025,1,REG,2025_01_DET_GB,DET,GB,0,0,0,0,0,0,0,0,0,0,0,0,0,0,0,0,0,0,0,0,0,0
00-0038933,D.Kincaid,Dalton Kincaid,TE,2025,1,REG,2025_01_BAL_BUF,BUF,BAL,0,0,0,0,0,0,0,0,0,0,0,0,4,4,48,1,0,0,40,0.0888888888888889,0.1,0
00-0038935,B.Strange,Brenton Strange,TE,2025,1,REG,2025_01_CAR_JAX,JAX,CAR,0,0,0,0,0,0,0,0,0,0,0,0,4,4,59,0,0,0,36,0.137931034482759,0.161434977578475,0
00-0038951,S.Tucker,Sean Tucker,RB,2025,1,REG,2025_01_TB_ATL,TB,ATL,0,0,0,0,0,0,0,1,2,0,0,0,0,0,0,0,0,0,0,0,0,0
00-0038976,M.Mims,Marvin Mims Jr.,WR,2025,1,REG,2025_01_TEN_DEN,DEN,TEN,0,0,0,0,0,0,0,0,0,0,0,0,3,4,12,0,0,0,35,0.108108108108108,0.164319248826291,0
00-0038979,C.Tillman,Cedric Tillman,WR,2025,1,REG,2025_01_CIN_CLE,CLE,CIN,0,0,0,0,0,0,0,0,0,0,0,0,5,8,52,1,0,0,67,0.19047619047619,0.245421245421245,0
00-0038996,T.Kraft,Tucker Kraft,TE,2025,1,REG,2025_01_DET_GB,GB,DET,0,0,0,0,0,0,0,1,3,0,0,0,2,4,16,1,0,0,51,0.181818181818182,0.201581027667984,0
00-0038997,J.Downs,Josh Downs,WR,2025,1,REG,2025_01_MIA_IND,IND,MIA,0,0,0,0,0,0,0,0,0,0,0,0,2,3,12,0,0,0,13,0.103448275862069,0.0663265306122449,0
00-0039040,D.Achane,De'Von Achane,RB,2025,1,REG,2025_01_MIA_IND,MIA,IND,0,0,0,0,0,0,0,7,55,0,0,0,3,4,20,1,0,0,-3,0.129032258064516,-0.0128205128205128,0
00-0039041,E.Higgins,Elijah Higgins,TE,2025,1,REG,2025_01_ARI_NO,ARI,NO,0,0,0,0,0,0,0,0,0,0,0,0,1,2,3,0,0,0,5,0.0689655172413793,0.0301204819277108,0
00-0039050,P.Durham,Payne Durham,TE,2025,1,REG,2025_01_TB_ATL,TB,ATL,0,0,0,0,0,0,0,0,0,0,0,0,0,0,0,0,0,0,0,0,0,0
00-0039064,Z.Flowers,Zay Flowers,WR,2025,1,REG,2025_01_BAL_BUF,BAL,BUF,0,0,0,0,0,0,0,2,8,0,0,0,7,9,143,1,0,0,91,0.473684210526316,0.526011560693642,0
00-0039065,S.LaPorta,Sam LaPorta,TE,2025,1,REG,2025_01_DET_GB,DET,GB,0,0,0,0,0,0,0,0,0,0,0,0,6,9,79,0,0,0,45,0.236842105263158,0.276073619631902,0
00-0039066,M.Mayer,Michael Mayer,TE,2025,1,REG,2025_01_LV_NE,LV,NE,0,0,0,0,0,0,0,0,0,0,0,0,4,4,38,0,0,0,14,0.121212121212121,0.04,0
00-0039074,D.Allen,Davis Allen,TE,2025,1,REG,2025_01_HOU_LA,LA,HOU,0,0,0,0,0,0,0,0,0,0,0,0,1,2,13,1,0,0,35,0.0714285714285714,0.154867256637168,0
00-0039075,P.Nacua,Puka Nacua,WR,2025,1,REG,2025_01_HOU_LA,LA,HOU,0,0,0,0,0,0,0,1,1,0,0,0,10,11,130,0,0,0,98,0.392857142857143,0.433628318584071,0
00-0039139,J.Gibbs,Jahmyr Gibbs,RB,2025,1,REG,2025_01_DET_GB,DET,GB,0,0,0,0,0,0,0,9,19,0,0,0,10,10,31,0,0,0,0,0.263157894736842,0,0
00-0039144,L.Musgrave,Luke Musgrave,TE,2025,1,REG,2025_01_DET_GB,GB,DET,0,0,0,0,0,0,0,0,0,0,0,0,1,1,4,0,0,0,1,0.0454545454545455,0.00395256916996047,0
00-0039146,J.Reed,Jayden Reed,WR,2025,1,REG,2025_01_DET_GB,GB,DET,0,0,0,0,0,0,0,0,0,0,0,0,3,5,45,1,0,0,70,0.227272727272727,0.276679841897233,0
00-0039150,B.Young,Bryce Young,QB,2025,1,REG,2025_01_CAR_JAX,CAR,JAX,18,35,154,1,2,0,0,5,40,0,1,0,0,0,0,0,0,0,0,0,0,0
00-0039163,C.Stroud,C.J. Stroud,QB,2025,1,REG,2025_01_HOU_LA,HOU,LA,19,27,188,0,1,0,0,5,32,0,0,0,0,0,0,0,0,0,0,0,0,0
00-0039165,Z.Charbonnet,Zach Charbonnet,RB,2025,1,REG,2025_01_SF_SEA,SEA,SF,0,0,0,0,0,0,0,12,47,1,0,0,0,0,0,0,0,0,0,0,0,0
00-0039299,G.Holani,George Holani,RB,2025,1,REG,2025_01_SF_SEA,SEA,SF,0,0,0,0,0,0,0,0,0,0,0,0,0,0,0,0,0,0,0,0,0,0
00-0039337,M.Nabers,Malik Nabers,WR,2025,1,REG,2025_01_NYG_WAS,NYG,WAS,0,0,0,0,0,0,0,0,0,0,0,0,5,12,71,0,0,0,122,0.375,0.539823008849558,0
00-0039338,B.Bowers,Brock Bowers,TE,2025,1,REG,2025_01_LV_NE,LV,NE,0,0,0,0,0,0,0,0,0,0,0,0,5,8,103,0,0,0,80,0.242424242424242,0.228571428571429,0
00-0039342,X.Legette,Xavier Legette,WR,2025,1,REG,2025_01_CAR_JAX,CAR,JAX,0,0,0,0,0,0,0,0,0,0,0,0,3,7,10,0,0,0,61,0.205882352941176,0.226765799256506,0
00-0039355,L.McCaffrey,Luke McCaffrey,WR,2025,1,REG,2025_01_NYG_WAS,WAS,NYG,0,0,0,0,0,0,0,0,0,0,0,0,0,0,0,0,0,0,0,0,0,0
00-0039356,J.Sanders,Ja'Tavion Sanders,TE,2025,1,REG,2025_01_CAR_JAX,CAR,JAX,0,0,0,0,0,0,0,0,0,0,0,0,2,3,27,0,0,0,41,0.0882352941176471,0.152416356877323,0
00-0039359,C.Stover,Cade Stover,TE,2025,1,REG,2025_01_HOU_LA,HOU,LA,0,0,0,0,0,0,0,0,0,0,0,0,4,4,22,0,0,0,9,0.148148148148148,0.0523255813953488,0
00-0039361,B.Irving,Bucky Irving,RB,2025,1,REG,2025_01_TB_ATL,TB,ATL,0,0,0,0,0,0,0,14,37,0,0,0,4,4,8,1,0,0,-5,0.133333333333333,-0.0149700598802395,0
00-0039363,I.Guerendo,Isaac Guerendo,RB,2025,1,REG,2025_01_SF_SEA,SF,SEA,0,0,0,0,0,0,0,0,0,0,0,0,0,0,0,0,0,0,0,0,0,0
00-0039376,S.Rattler,Spencer Rattler,QB,2025,1,REG,2025_01_ARI_NO,NO,ARI,27,46,214,0,0,0,0,4,29,0,0,0,0,0,0,0,0,0,0,0,0,0
00-0039379,J.Thrash,Jamari Thrash,WR,2025,1,REG,2025_01_CIN_CLE,CLE,CIN,0,0,0,0,0,0,0,0,0,0,0,0,1,1,6,0,0,0,6,0.0238095238095238,0.021978021978022,0
00-0039384,T.Tracy,Tyrone Tracy Jr.,RB,2025,1,REG,2025_01_NYG_WAS,NYG,WAS,0,0,0,0,0,0,0,10,24,0,0,0,2,5,11,0,0,0,-1,0.15625,-0.00442477876106195,0
00-0039394,Cas.Washington,Casey Washington,WR,2025,1,REG,2025_01_TB_ATL,ATL,TB,0,0,0,0,0,0,0,0,0,0,0,0,3,6,33,0,0,0,99,0.142857142857143,0.34375,0
00-0039407,D.Laube,Dylan Laube,RB,2025,1,REG,2025_01_LV_NE,LV,NE,0,0,0,0,0,0,0,0,0,0,0,0,0,0,0,0,0,0,0,0,0,0
00-0039424,D.Vele,Devaughn Vele,WR,2025,1,REG,2025_01_ARI_NO,NO,ARI,0,0,0,0,0,0,0,0,0,0,0,0,1,2,13,0,0,0,16,0.0487804878048781,0.0476190476190476,0
00-0039530,B.Spann-Ford,Brevyn Spann-Ford,TE,2025,1,REG,2025_01_DAL_PHI,DAL,PHI,0,0,0,0,0,0,0,0,0,0,0,0,0,1,0,0,0,0,26,0.0303030303030303,0.0790273556231003,0
00-0039589,K.Johnson,Kameron Johnson,WR,2025,1,REG,2025_01_TB_ATL,TB,ATL,0,0,0,0,0,0,0,0,0,0,0,0,0,0,0,0,0,0,0,0,0,0
00-0039648,D.Martin-Robinson,David Martin-Robinson,TE,2025,1,REG,2025_01_TEN_DEN,TEN,DEN,0,0,0,0,0,0,0,0,0,0,0,0,0,0,0,0,0,0,0,0,0,0
00-0039650,B.Oliver,Bryce Oliver,WR,2025,1,REG,2025_01_TEN_DEN,TEN,DEN,0,0,0,0,0,0,0,0,0,0,0,0,1,1,8,0,0,0,6,0.04,0.0204081632653061,0
00-0039686,C.Yankoff,Colson Yankoff,TE,2025,1,REG,2025_01_NYG_WAS,WAS,NYG,0,0,0,0,0,0,0,0,0,0,0,0,0,0,0,0,0,0,0,0,0,0
00-0039732,B.Nix,Bo Nix,QB,2025,1,REG,2025_01_TEN_DEN,DEN,TEN,25,40,176,1,2,1,0,8,18,0,0,0,0,0,0,0,0,0,0,0,0,0
00-0039737,T.Reiman,Tip Reiman,TE,2025,1,REG,2025_01_ARI_NO,ARI,NO,0,0,0,0,0,0,0,0,0,0,0,0,1,1,10,0,0,0,5,0.0344827586206897,0.0301204819277108,0
00-0039738,B.Corum,Blake Corum,RB,2025,1,REG,2025_01_HOU_LA,LA,HOU,0,0,0,0,0,0,0,1,2,0,0,0,1,1,14,0,0,0,-2,0.0357142857142857,-0.00884955752212389,0
00-0039746,W.Shipley,Will Shipley,RB,2025,1,REG,2025_01_DAL_PHI,PHI,DAL,0,0,0,0,0,0,0,3,26,0,0,0,0,0,0,0,0,0,0,0,0,0
00-0039751,J.Whittington,Jordan Whittington,WR,2025,1,REG,2025_01_HOU_LA,LA,HOU,0,0,0,0,0,0,0,1,5,0,0,0,0,0,0,0,0,0,0,0,0,0
00-0039793,A.Barner,AJ Barner,TE,2025,1,REG,2025_01_SF_SEA,SEA,SF,0,0,0,0,0,0,0,1,2,0,0,0,1,2,0,0,0,0,3,0.0909090909090909,0.0152284263959391,0
00-0039794,B.Allen,Braelon Allen,RB,2025,1,REG,2025_01_PIT_NYJ,NYJ,PIT,0,0,0,0,0,0,0,6,9,1,0,0,0,0,0,0,0,0,0,0,0,0
00-0039796,R.Ali,Rasheen Ali,RB,2025,1,REG,2025_01_BAL_BUF,BAL,BUF,0,0,0,0,0,0,0,1,5,0,0,0,0,0,0,0,0,0,0,0,0,0
00-0039798,I.Davis,Isaiah Davis,RB,2025,1,REG,2025_01_PIT_NYJ,NYJ,PIT,0,0,0,0,0,0,0,2,18,0,0,0,0,0,0,0,0,0,0,0,0,0
00-0039816,A.Gould,Anthony Gould,WR,2025,1,REG,2025_01_MIA_IND,IND,MIA,0,0,0,0,0,0,0,0,0,0,0,0,0,0,0,0,0,0,0,0,0,0
00-0039847,T.Johnson,Theo Johnson,TE,2025,1,REG,2025_01_NYG_WAS,NYG,WAS,0,0,0,0,0,0,0,0,0,0,0,0,1,3,5,0,0,0,-2,0.09375,-0.00884955752212389,0
00-0039849,M.Harrison,Marvin Harrison Jr.,WR,2025,1,REG,2025_01_ARI_NO,ARI,NO,0,0,0,0,0,0,0,0,0,0,0,0,5,6,71,1,0,0,76,0.206896551724138,0.457831325301205,0
00-0039851,D.Maye,Drake Maye,QB,2025,1,REG,2025_01_LV_NE,NE,LV,30,46,287,1,1,0,0,4,11,0,0,0,1,1,2,0,0,0,-8,0.0222222222222222,-0.0226628895184136,0
00-0039868,T.Franklin,Troy Franklin,WR,2025,1,REG,2025_01_TEN_DEN,DEN,TEN,0,0,0,0,0,0,0,0,0,0,0,0,4,6,44,0,0,0,45,0.162162162162162,0.211267605633803,0
00-0039875,R.Davis,Ray Davis,RB,2025,1,REG,2025_01_BAL_BUF,BUF,BAL,0,0,0,0,0,0,0,1,2,0,0,0,1,1,-1,0,0,0,-7,0.0222222222222222,-0.0175,0
00-0039880,M.Washington,Malik Washington,WR,2025,1,REG,2025_01_MIA_IND,MIA,IND,0,0,0,0,0,0,0,1,9,0,0,0,2,5,20,0,0,0,51,0.161290322580645,0.217948717948718,0
00-0039890,A.Mitchell,Adonai Mitchell,WR,2025,1,REG,2025_01_MIA_IND,IND,MIA,0,0,0,0,0,0,0,0,0,0,0,0,2,2,21,0,0,0,21,0.0689655172413793,0.107142857142857,0
00-0039893,B.Thomas,Brian Thomas Jr.,WR,2025,1,REG,2025_01_CAR_JAX,JAX,CAR,0,0,0,0,0,0,0,1,9,1,0,0,1,7,11,0,0,0,92,0.241379310344828,0.412556053811659,0
00-0039894,X.Worthy,Xavier Worthy,WR,2025,1,REG,2025_01_KC_LAC,KC,LAC,0,0,0,0,0,0,0,1,0,0,0,0,0,1,0,0,0,0,4,0.0263157894736842,0.014760147601476,0
00-0039901,K.Coleman,Keon Coleman,WR,2025,1,REG,2025_01_BAL_BUF,BUF,BAL,0,0,0,0,0,0,0,0,0,0,0,0,8,11,112,1,0,0,132,0.244444444444444,0.33,0
00-0039910,J.Daniels,Jayden Daniels,QB,2025,1,REG,2025_01_NYG_WAS,WAS,NYG,19,30,233,1,0,0,0,11,68,0,0,0,0,0,0,0,0,0,0,0,0,0
00-0039915,L.McConkey,Ladd McConkey,WR,2025,1,REG,2025_01_KC_LAC,LAC,KC,0,0,0,0,0,0,0,0,0,0,0,0,6,9,74,0,0,0,97,0.264705882352941,0.283625730994152,0
00-0039916,R.Pearsall,Ricky Pearsall,WR,2025,1,REG,2025_01_SF_SEA,SF,SEA,0,0,0,0,0,0,0,0,0,0,0,0,4,7,108,0,0,0,136,0.205882352941176,0.523076923076923,0
00-0039917,M.Penix,Michael Penix Jr.,QB,2025,1,REG,2025_01_TB_ATL,ATL,TB,27,42,298,1,0,0,0,6,21,1,0,0,0,0,0,0,0,0,0,0,0,0
00-0039918,C.Williams,Caleb Williams,QB,2025,1,REG,2025_01_MIN_CHI,CHI,MIN,21,35,210,1,0,0,0,6,58,1,0,0,0,0,0,0,0,0,0,0,0,0
00-0039919,R.Odunze,Rome Odunze,WR,2025,1,REG,2025_01_MIN_CHI,CHI,MIN,0,0,0,0,0,0,0,0,0,0,0,0,6,9,37,1,0,0,55,0.264705882352941,0.209125475285171,0
00-0039921,T.Benson,Trey Benson,RB,2025,1,REG,2025_01_ARI_NO,ARI,NO,0,0,0,0,0,0,0,8,69,0,0,0,1,1,6,0,0,0,-2,0.0344827586206897,-0.0120481927710843,0
00-0039923,J.McCarthy,J.J. McCarthy,QB,2025,1,REG,2025_01_MIN_CHI,MIN,CHI,13,20,143,2,1,0,1,2,25,1,0,0,0,0,0,0,0,0,0,0,0,0
00-0040009,S.Williams,Savion Williams,WR,2025,1,REG,2025_01_DET_GB,GB,DET,0,0,0,0,0,0,0,0,0,0,0,0,1,1,1,0,0,0,-3,0.0454545454545455,-0.0118577075098814,0
00-0040075,L.Wester,LaJohntay Wester,WR,2025,1,REG,2025_01_BAL_BUF,BAL,BUF,0,0,0,0,0,0,0,0,0,0,0,0,0,0,0,0,0,0,0,0,0,0
00-0040078,B.Smith,Brashard Smith,RB,2025,1,REG,2025_01_KC_LAC,KC,LAC,0,0,0,0,0,0,0,0,0,0,0,0,0,0,0,0,0,0,0,0,0,0
00-0040122,A.Jeanty,Ashton Jeanty,RB,2025,1,REG,2025_01_LV_NE,LV,NE,0,0,0,0,0,0,0,19,38,1,0,0,2,2,2,0,0,0,-4,0.0606060606060606,-0.0114285714285714,0
00-0040124,T.McMillan,Tetairoa McMillan,WR,2025,1,REG,2025_01_CAR_JAX,CAR,JAX,0,0,0,0,0,0,0,0,0,0,0,0,5,9,68,0,0,0,104,0.264705882352941,0.386617100371747,0
00-0040126,C.Loveland,Colston Loveland,TE,2025,1,REG,2025_01_MIN_CHI,CHI,MIN,0,0,0,0,0,0,0,0,0,0,0,0,2,2,12,0,0,0,5,0.0588235294117647,0.0190114068441065,0
00-0040128,T.Warren,Tyler Warren,TE,2025,1,REG,2025_01_MIA_IND,IND,MIA,0,0,0,0,0,0,0,1,3,0,0,0,7,9,76,0,0,0,47,0.310344827586207,0.239795918367347,0
00-0040129,E.Egbuka,Emeka Egbuka,WR,2025,1,REG,2025_01_TB_ATL,TB,ATL,0,0,0,0,0,0,0,1,9,0,0,0,4,6,67,2,0,0,71,0.2,0.212574850299401,0
00-0040130,J.Higgins,Jayden Higgins,WR,2025,1,REG,2025_01_HOU_LA,HOU,LA,0,0,0,0,0,0,0,0,0,0,0,0,2,3,32,0,0,0,52,0.111111111111111,0.302325581395349,0
00-0040131,K.Williams,Kyle Williams,WR,2025,1,REG,2025_01_LV_NE,NE,LV,0,0,0,0,0,0,0,0,0,0,0,0,1,1,12,0,0,0,12,0.0222222222222222,0.0339943342776204,0
00-0040138,J.Noel,Jaylin Noel,WR,2025,1,REG,2025_01_HOU_LA,HOU,LA,0,0,0,0,0,0,0,0,0,0,0,0,1,2,7,0,0,0,2,0.0740740740740741,0.0116279069767442,0
00-0040142,K.Johnson,Kaleb Johnson,RB,2025,1,REG,2025_01_PIT_NYJ,PIT,NYJ,0,0,0,0,0,0,0,1,-2,0,0,0,0,0,0,0,0,0,0,0,0,0
00-0040154,T.Felton,Tai Felton,WR,2025,1,REG,2025_01_MIN_CHI,MIN,CHI,0,0,0,0,0,0,0,0,0,0,0,0,0,0,0,0,0,0,0,0,0,0
00-0040162,D.Sampson,Dylan Sampson,RB,2025,1,REG,2025_01_CIN_CLE,CLE,CIN,0,0,0,0,0,0,0,12,29,0,0,0,8,8,64,0,0,0,-25,0.19047619047619,-0.0915750915750916,0
00-0040164,J.Lane,Jaylin Lane,WR,2025,1,REG,2025_01_NYG_WAS,WAS,NYG,0,0,0,0,0,0,0,0,0,0,0,0,1,2,11,0,0,0,20,0.0689655172413793,0.0716845878136201,0
00-0040170,E.Ayomanor,Elic Ayomanor,WR,2025,1,REG,2025_01_TEN_DEN,TEN,DEN,0,0,0,0,0,0,0,0,0,0,0,0,2,7,13,0,0,0,133,0.28,0.452380952380952,0
00-0040179,D.Giddens,DJ Giddens,RB,2025,1,REG,2025_01_MIA_IND,IND,MIA,0,0,0,0,0,0,0,12,41,0,0,0,0,0,0,0,0,0,0,0,0,0
00-0040184,K.Lambert-Smith,KeAndre Lambert-Smith,WR,2025,1,REG,2025_01_KC_LAC,LAC,KC,0,0,0,0,0,0,0,0,0,0,0,0,0,1,0,0,0,0,30,0.0294117647058824,0.087719298245614,0
00-0040194,J.Hawes,Jackson Hawes,TE,2025,1,REG,2025_01_BAL_BUF,BUF,BAL,0,0,0,0,0,0,0,0,0,0,0,0,1,1,29,0,0,0,26,0.0222222222222222,0.065,0
00-0040198,O.Gordon,Ollie Gordon II,RB,2025,1,REG,2025_01_MIA_IND,MIA,IND,0,0,0,0,0,0,0,2,4,0,0,0,1,1,-1,0,0,0,-5,0.032258064516129,-0.0213675213675214,0
00-0040202,D.Neal,Devin Neal,RB,2025,1,REG,2025_01_ARI_NO,NO,ARI,0,0,0,0,0,0,0,2,9,0,0,0,0,0,0,0,0,0,0,0,0,0
00-0040208,T.Brooks,Tahj Brooks,RB,2025,1,REG,2025_01_CIN_CLE,CIN,CLE,0,0,0,0,0,0,0,0,0,0,0,0,0,0,0,0,0,0,0,0,0,0
00-0040236,K.Monangai,Kyle Monangai,RB,2025,1,REG,2025_01_MIN_CHI,CHI,MIN,0,0,0,0,0,0,0,0,0,0,0,0,1,1,11,0,0,0,5,0.0294117647058824,0.0190114068441065,0
00-0040237,T.Johnson,Tez Johnson,WR,2025,1,REG,2025_01_TB_ATL,TB,ATL,0,0,0,0,0,0,0,0,0,0,0,0,0,1,0,0,0,0,5,0.0333333333333333,0.0149700598802395,0
00-0040238,L.Allen,LeQuint Allen Jr.,RB,2025,1,REG,2025_01_CAR_JAX,JAX,CAR,0,0,0,0,0,0,0,1,7,0,0,0,1,1,4,0,0,0,-4,0.0344827586206897,-0.0179372197309417,0
00-0040242,J.Croskey-Merritt,Jacory Croskey-Merritt,RB,2025,1,REG,2025_01_NYG_WAS,WAS,NYG,0,0,0,0,0,0,0,10,82,1,0,0,0,1,0,0,0,0,-5,0.0344827586206897,-0.017921146953405,0
00-0040466,R.Sanders,Raheim Sanders,RB,2025,1,REG,2025_01_CIN_CLE,CLE,CIN,0,0,0,0,0,0,0,3,3,1,0,0,0,0,0,0,0,0,0,0,0,0
00-0040476,U.Bentley,Ulysses Bentley IV,RB,2025,1,REG,2025_01_MIA_IND,IND,MIA,0,0,0,0,0,0,0,1,0,0,0,0,0,0,0,0,0,0,0,0,0,0
00-0040506,M.Price,Myles Price,WR,2025,1,REG,2025_01_MIN_CHI,MIN,CHI,0,0,0,0,0,0,0,0,0,0,0,0,0,0,0,0,0,0,0,0,0,0
00-0040581,D.Thornton,Dont'e Thornton Jr.,WR,2025,1,REG,2025_01_LV_NE,LV,NE,0,0,0,0,0,0,0,0,0,0,0,0,2,4,45,0,0,0,100,0.121212121212121,0.285714285714286,0
00-0040582,Ar.Smith,Arian Smith,WR,2025,1,REG,2025_01_PIT_NYJ,NYJ,PIT,0,0,0,0,0,0,0,0,0,0,0,0,0,0,0,0,0,0,0,0,0,0
00-0040583,W.Marks,Woody Marks,RB,2025,1,REG,2025_01_HOU_LA,HOU,LA,0,0,0,0,0,0,0,3,3,0,0,0,0,0,0,0,0,0,0,0,0,0
00-0040584,G.Helm,Gunnar Helm,TE,2025,1,REG,2025_01_TEN_DEN,TEN,DEN,0,0,0,0,0,0,0,0,0,0,0,0,1,2,16,0,0,0,32,0.08,0.108843537414966,0
00-0040644,T.Etienne,Trevor Etienne,RB,2025,1,REG,2025_01_CAR_JAX,CAR,JAX,0,0,0,0,0,0,0,1,4,0,0,0,0,0,0,0,0,0,0,0,0,0
00-0040648,T.Horton,Tory Horton,WR,2025,1,REG,2025_01_SF_SEA,SEA,SF,0,0,0,0,0,0,0,0,0,0,0,0,0,0,0,0,0,0,0,0,0,0
00-0040663,H.Fannin,Harold Fannin Jr.,TE,2025,1,REG,2025_01_CIN_CLE,CLE,CIN,0,0,0,0,0,0,0,1,3,0,0,0,7,9,63,0,0,0,65,0.214285714285714,0.238095238095238,0
00-0040666,O.Hampton,Omarion Hampton,RB,2025,1,REG,2025_01_KC_LAC,LAC,KC,0,0,0,0,0,0,0,15,48,0,0,0,2,2,13,0,0,0,-4,0.0588235294117647,-0.0116959064327485,0
00-0040667,M.Golden,Matthew Golden,WR,2025,1,REG,2025_01_DET_GB,GB,DET,0,0,0,0,0,0,0,0,0,0,0,0,2,2,16,0,0,0,10,0.0909090909090909,0.0395256916996047,0
00-0040669,I.TeSlaa,Isaac TeSlaa,WR,2025,1,REG,2025_01_DET_GB,DET,GB,0,0,0,0,0,0,0,0,0,0,0,0,1,1,13,1,0,0,13,0.0263157894736842,0.0797546012269939,0
00-0040673,J.Milroe,Jalen Milroe,QB,2025,1,REG,2025_01_SF_SEA,SEA,SF,0,0,0,0,0,0,0,1,1,0,0,0,0,0,0,0,0,0,0,0,0,0
00-0040676,C.Ward,Cam Ward,QB,2025,1,REG,2025_01_TEN_DEN,TEN,DEN,12,28,112,0,0,1,0,0,0,0,0,0,0,0,0,0,0,0,0,0,0,0
00-0040705,C.Dike,Chimere Dike,WR,2025,1,REG,2025_01_TEN_DEN,TEN,DEN,0,0,0,0,0,0,0,1,9,0,0,0,0,1,0,0,0,0,20,0.04,0.0680272108843538,0
00-0040715,C.Skattebo,Cam Skattebo,RB,2025,1,REG,2025_01_NYG_WAS,NYG,WAS,0,0,0,0,0,0,0,2,-3,0,0,0,2,2,12,0,0,0,1,0.0625,0.00442477876106195,0
00-0040719,B.Tuten,Bhayshul Tuten,RB,2025,1,REG,2025_01_CAR_JAX,JAX,CAR,0,0,0,0,0,0,0,3,11,0,0,0,0,0,0,0,0,0,0,0,0,0
00-0040727,T.Harris,Tre Harris,WR,2025,1,REG,2025_01_KC_LAC,LAC,KC,0,0,0,0,0,0,0,0,0,0,0,0,1,1,11,0,0,0,5,0.0294117647058824,0.0146198830409357,0
00-0040729,J.Bech,Jack Bech,WR,2025,1,REG,2025_01_LV_NE,LV,NE,0,0,0,0,0,0,0,0,0,0,0,0,1,1,23,0,0,0,13,0.0303030303030303,0.0371428571428571,0
00-0040730,R.Harvey,RJ Harvey,RB,2025,1,REG,2025_01_TEN_DEN,DEN,TEN,0,0,0,0,0,0,0,6,70,0,0,0,1,1,-1,0,0,0,-2,0.027027027027027,-0.00938967136150235,0
00-0040734,T.Henderson,TreVeyon Henderson,RB,2025,1,REG,2025_01_LV_NE,NE,LV,0,0,0,0,0,0,0,5,27,0,0,0,6,6,24,0,0,0,-19,0.133333333333333,-0.0538243626062323,0
00-0040735,L.Burden,Luther Burden III,WR,2025,1,REG,2025_01_MIN_CHI,CHI,MIN,0,0,0,0,0,0,0,0,0,0,0,0,1,1,-3,0,0,0,-5,0.0294117647058824,-0.0190114068441065,0
00-0040736,M.Taylor,Mason Taylor,TE,2025,1,REG,2025_01_PIT_NYJ,NYJ,PIT,0,0,0,0,0,0,0,0,0,0,0,0,1,1,20,0,0,0,18,0.0476190476190476,0.106508875739645,0
00-0040739,E.Arroyo,Elijah Arroyo,TE,2025,1,REG,2025_01_SF_SEA,SEA,SF,0,0,0,0,0,0,0,0,0,0,0,0,1,1,7,0,0,0,5,0.0454545454545455,0.0253807106598985,0
00-0040782,I.Bond,Isaiah Bond,WR,2025,1,REG,2025_01_CIN_CLE,CLE,CIN,0,0,0,0,0,0,0,0,0,0,0,0,1,1,5,0,0,0,-4,0.0238095238095238,-0.0146520146520147,0
00-0023459,A.Rodgers,Aaron Rodgers,QB,2025,2,REG,2025_02_SEA_PIT,PIT,SEA,18,33,203,1,2,0,1,1,3,0,0,0,0,0,0,0,0,0,0,0,0,0
00-0026158,J.Flacco,Joe Flacco,QB,2025,2,REG,2025_02_CLE_BAL,CLE,BAL,25,45,199,1,1,1,0,1,8,0,0,0,0,0,0,0,0,0,0,0,0,0
00-0026498,M.Stafford,Matthew Stafford,QB,2025,2,REG,2025_02_LA_TEN,LA,TEN,23,33,298,2,1,0,0,2,-6,0,0,0,0,0,0,0,0,0,0,0,0,0
00-0028118,T.Taylor,Tyrod Taylor,QB,2025,2,REG,2025_02_BUF_NYJ,NYJ,BUF,7,11,56,1,0,0,0,3,21,0,0,0,0,0,0,0,0,0,0,0,0,0
00-0029263,R.Wilson,Russell Wilson,QB,2025,2,REG,2025_02_NYG_DAL,NYG,DAL,30,41,450,3,1,0,0,3,23,0,0,0,0,0,0,0,0,0,0,0,0,0
00-0030035,A.Thielen,Adam Thielen,WR,2025,2,REG,2025_02_ATL_MIN,MIN,ATL,0,0,0,0,0,0,0,0,0,0,0,0,2,3,26,0,0,0,58,0.142857142857143,0.23015873015873,0
00-0030061,Z.Ertz,Zach Ertz,TE,2025,2,REG,2025_02_WAS_GB,WAS,GB,0,0,0,0,0,0,0,0,0,0,0,0,6,8,64,1,0,0,45,0.2,0.161290322580645,0
00-0030279,K.Allen,Keenan Allen,WR,2025,2,REG,2025_02_LAC_LV,LAC,LV,0,0,0,0,0,0,0,0,0,0,0,0,5,7,61,1,0,0,54,0.259259259259259,0.221311475409836,0
00-0030506,T.Kelce,Travis Kelce,TE,2025,2,REG,2025_02_PHI_KC,KC,PHI,0,0,0,0,0,0,0,0,0,0,0,0,4,6,61,0,0,0,37,0.206896551724138,0.119741100323625,0
00-0030564,D.Hopkins,DeAndre Hopkins,WR,2025,2,REG,2025_02_CLE_BAL,BAL,CLE,0,0,0,0,0,0,0,0,0,0,0,0,2,2,64,1,0,0,64,0.0714285714285714,0.234432234432234,0
00-0030565,G.Smith,Geno Smith,QB,2025,2,REG,2025_02_LAC_LV,LV,LAC,24,43,180,0,3,0,0,5,20,0,0,0,0,0,0,0,0,0,0,0,0,0
00-0031236,B.Cooks,Brandin Cooks,WR,2025,2,REG,2025_02_SF_NO,NO,SF,0,0,0,0,0,0,0,0,0,0,0,0,2,2,26,0,0,0,25,0.0588235294117647,0.1,0
00-0031381,D.Adams,Davante Adams,WR,2025,2,REG,2025_02_LA_TEN,LA,TEN,0,0,0,0,0,0,0,0,0,0,0,0,6,13,106,1,0,0,138,0.40625,0.526717557251908,0
00-0031408,M.Evans,Mike Evans,WR,2025,2,REG,2025_02_TB_HOU,TB,HOU,0,0,0,0,0,0,0,0,0,0,0,0,5,11,56,0,0,0,162,0.305555555555556,0.532894736842105,0
00-0031588,S.Diggs,Stefon Diggs,WR,2025,2,REG,2025_02_NE_MIA,NE,MIA,0,0,0,0,0,0,0,0,0,0,0,0,4,5,32,0,0,0,34,0.217391304347826,0.253731343283582,0
00-0031763,D.Carter,DeAndre Carter,WR,2025,2,REG,2025_02_CLE_BAL,CLE,BAL,0,0,0,0,0,0,0,0,0,0,0,0,0,0,0,0,0,0,0,0,0,0
00-0032211,T.Lockett,Tyler Lockett,WR,2025,2,REG,2025_02_LA_TEN,TEN,LA,0,0,0,0,0,0,0,0,0,0,0,0,2,3,9,0,0,0,11,0.0967741935483871,0.0511627906976744,0
00-0032385,S.Shepard,Sterling Shepard,WR,2025,2,REG,2025_02_TB_HOU,TB,HOU,0,0,0,0,0,0,0,0,0,0,0,0,4,4,34,0,0,0,29,0.111111111111111,0.0953947368421053,0
00-0032392,A.Hooper,Austin Hooper,TE,2025,2,REG,2025_02_NE_MIA,NE,MIA,0,0,0,0,0,0,0,0,0,0,0,0,3,3,38,0,0,0,28,0.130434782608696,0.208955223880597,0
00-0032464,K.Raymond,Kalif Raymond,WR,2025,2,REG,2025_02_CHI_DET,DET,CHI,0,0,0,0,0,0,0,1,9,0,0,0,1,1,14,0,0,0,14,0.0357142857142857,0.0510948905109489,0
00-0032764,D.Henry,Derrick Henry,RB,2025,2,REG,2025_02_CLE_BAL,BAL,CLE,0,0,0,0,0,0,0,11,23,0,0,0,0,0,0,0,0,0,0,0,0,0
00-0033040,T.Hill,Tyreek Hill,WR,2025,2,REG,2025_02_NE_MIA,MIA,NE,0,0,0,0,0,0,0,0,0,0,0,0,6,7,109,0,0,0,125,0.21875,0.49800796812749,0
00-0033077,D.Prescott,Dak Prescott,QB,2025,2,REG,2025_02_NYG_DAL,DAL,NYG,38,52,361,2,1,0,0,3,17,0,0,0,0,0,0,0,0,0,0,0,0,0
00-0033090,H.Henry,Hunter Henry,TE,2025,2,REG,2025_02_NE_MIA,NE,MIA,0,0,0,0,0,0,0,0,0,0,0,0,1,3,9,0,0,0,12,0.130434782608696,0.0895522388059701,0
00-0033106,J.Goff,Jared Goff,QB,2025,2,REG,2025_02_CHI_DET,DET,CHI,23,28,334,5,0,0,0,1,6,0,0,0,0,0,0,0,0,0,0,0,0,0
00-0033110,T.Higbee,Tyler Higbee,TE,2025,2,REG,2025_02_LA_TEN,LA,TEN,0,0,0,0,0,0,0,0,0,0,0,0,4,4,37,0,0,0,-4,0.125,-0.0152671755725191,0
00-0033119,J.Brissett,Jacoby Brissett,QB,2025,2,REG,2025_02_CAR_ARI,ARI,CAR,0,0,0,0,0,0,0,1,2,0,0,0,0,0,0,0,0,0,0,0,0,0
00-0033217,M.Alie-Cox,Mo Alie-Cox,TE,2025,2,REG,2025_02_DEN_IND,IND,DEN,0,0,0,0,0,0,0,0,0,0,0,0,1,1,8,0,0,0,0,0.0303030303030303,0,0
00-0033280,C.McCaffrey,Christian McCaffrey,RB,2025,2,REG,2025_02_SF_NO,SF,NO,0,0,0,0,0,0,0,13,55,0,0,0,6,7,52,1,0,0,22,0.184210526315789,0.0866141732283465,0
00-0033293,A.Jones,Aaron Jones,RB,2025,2,REG,2025_02_ATL_MIN,MIN,ATL,0,0,0,0,0,0,0,5,23,0,0,0,0,1,0,0,0,0,-5,0.0476190476190476,-0.0198412698412698,0
00-0033307,K.Bourne,Kendrick Bourne,WR,2025,2,REG,2025_02_SF_NO,SF,NO,0,0,0,0,0,0,0,0,0,0,0,0,3,3,32,0,0,0,23,0.0789473684210526,0.0905511811023622,0
00-0033375,T.Patrick,Tim Patrick,WR,2025,2,REG,2025_02_JAX_CIN,JAX,CIN,0,0,0,0,0,0,0,0,0,0,0,0,0,1,0,0,0,0,10,0.024390243902439,0.0324675324675325,0
00-0033526,S.Perine,Samaje Perine,RB,2025,2,REG,2025_02_JAX_CIN,CIN,JAX,0,0,0,0,0,0,0,0,0,0,0,0,0,0,0,0,0,0,0,0,0,0
00-0033553,J.Conner,James Conner,RB,2025,2,REG,2025_02_CAR_ARI,ARI,CAR,0,0,0,0,0,0,0,11,34,1,0,0,1,1,18,0,0,0,0,0.04,0,0
00-0033555,M.Hollins,Mack Hollins,WR,2025,2,REG,2025_02_NE_MIA,NE,MIA,0,0,0,0,0,0,0,0,0,0,0,0,1,2,8,1,0,0,16,0.0869565217391304,0.119402985074627,0
00-0033576,E.Saubert,Eric Saubert,TE,2025,2,REG,2025_02_SEA_PIT,SEA,PIT,0,0,0,0,0,0,0,0,0,0,0,0,0,0,0,0,0,0,0,0,0,0
00-0033591,N.Brown,Noah Brown,WR,2025,2,REG,2025_02_WAS_GB,WAS,GB,0,0,0,0,0,0,0,0,0,0,0,0,1,4,9,0,0,0,62,0.1,0.222222222222222,0
00-0033662,C.Rush,Cooper Rush,QB,2025,2,REG,2025_02_CLE_BAL,BAL,CLE,0,0,0,0,0,0,0,3,-4,0,0,0,0,0,0,0,0,0,0,0,0,0
00-0033699,A.Ekeler,Austin Ekeler,RB,2025,2,REG,2025_02_WAS_GB,WAS,GB,0,0,0,0,0,0,0,8,17,0,0,0,2,4,7,0,0,0,19,0.1,0.0681003584229391,0
00-0033854,D.Ogunbowale,Dare Ogunbowale,RB,2025,2,REG,2025_02_TB_HOU,HOU,TB,0,0,0,0,0,0,0,0,0,0,0,0,0,0,0,0,0,0,0,0,0,0
00-0033857,J.Smith-Schuster,JuJu Smith-Schuster,WR,2025,2,REG,2025_02_PHI_KC,KC,PHI,0,0,0,0,0,0,0,0,0,0,0,0,1,3,5,0,0,0,19,0.103448275862069,0.0614886731391586,0
00-0033858,J.Smith,Jonnu Smith,TE,2025,2,REG,2025_02_SEA_PIT,PIT,SEA,0,0,0,0,0,0,0,0,0,0,0,0,4,4,27,0,0,0,2,0.129032258064516,0.010752688172043,0
00-0033869,M.Trubisky,Mitchell Trubisky,QB,2025,2,REG,2025_02_BUF_NYJ,BUF,NYJ,1,2,32,0,0,0,0,3,-3,0,0,0,0,0,0,0,0,0,0,0,0,0
00-0033873,P.Mahomes,Patrick Mahomes,QB,2025,2,REG,2025_02_PHI_KC,KC,PHI,16,29,187,1,1,0,0,7,66,1,0,0,0,0,0,0,0,0,0,0,0,0
00-0033881,E.Engram,Evan Engram,TE,2025,2,REG,2025_02_DEN_IND,DEN,IND,0,0,0,0,0,0,0,0,0,0,0,0,1,2,12,0,0,0,9,0.0666666666666667,0.0612244897959184,0
00-0033885,D.Njoku,David Njoku,TE,2025,2,REG,2025_02_CLE_BAL,CLE,BAL,0,0,0,0,0,0,0,0,0,0,0,0,4,5,40,0,0,0,48,0.121951219512195,0.153846153846154,0
00-0033906,A.Kamara,Alvin Kamara,RB,2025,2,REG,2025_02_SF_NO,NO,SF,0,0,0,0,0,0,0,21,99,0,0,0,6,6,21,0,1,0,-13,0.176470588235294,-0.052,0
00-0033908,C.Kupp,Cooper Kupp,WR,2025,2,REG,2025_02_SEA_PIT,SEA,PIT,0,0,0,0,0,0,0,0,0,0,0,0,7,9,90,0,0,0,60,0.3,0.226415094339623,0
00-0033923,K.Hunt,Kareem Hunt,RB,2025,2,REG,2025_02_PHI_KC,KC,PHI,0,0,0,0,0,0,0,8,31,0,0,0,1,1,3,0,0,0,-3,0.0344827586206897,-0.00970873786407767,0
00-0034159,W.Dissly,Will Dissly,TE,2025,2,REG,2025_02_LAC_LV,LAC,LV,0,0,0,0,0,0,0,0,0,0,0,0,1,1,7,0,0,0,4,0.037037037037037,0.0163934426229508,0
00-0034272,M.Valdes-Scantling,Marquez Valdes-Scantling,WR,2025,2,REG,2025_02_SF_NO,SF,NO,0,0,0,0,0,0,0,0,0,0,0,0,0,1,0,0,0,0,16,0.0263157894736842,0.062992125984252,0
00-0034348,C.Sutton,Courtland Sutton,WR,2025,2,REG,2025_02_DEN_IND,DEN,IND,0,0,0,0,0,0,0,0,0,0,0,0,1,4,6,0,0,0,47,0.133333333333333,0.319727891156463,0
00-0034365,I.Thomas,Ian Thomas,TE,2025,2,REG,2025_02_LAC_LV,LV,LAC,0,0,0,0,0,0,0,0,0,0,0,0,0,0,0,0,0,0,0,0,0,0
00-0034383,D.Schultz,Dalton Schultz,TE,2025,2,REG,2025_02_TB_HOU,HOU,TB,0,0,0,0,0,0,0,0,0,0,0,0,3,4,29,0,0,0,20,0.173913043478261,0.102564102564103,0
00-0034386,J.Watson,Justin Watson,WR,2025,2,REG,2025_02_TB_HOU,HOU,TB,0,0,0,0,0,0,0,0,0,0,0,0,1,2,3,0,0,0,19,0.0869565217391304,0.0974358974358974,0
00-0034407,R.McCloud,Ray-Ray McCloud,WR,2025,2,REG,2025_02_ATL_MIN,ATL,MIN,0,0,0,0,0,0,0,0,0,0,0,0,0,2,0,0,0,0,20,0.0952380952380952,0.151515151515152,0
00-0034487,T.Sherfield,Trent Sherfield,WR,2025,2,REG,2025_02_DEN_IND,DEN,IND,0,0,0,0,0,0,0,0,0,0,0,0,1,1,3,0,0,0,3,0.0333333333333333,0.0204081632653061,0
00-0034753,M.Andrews,Mark Andrews,TE,2025,2,REG,2025_02_CLE_BAL,BAL,CLE,0,0,0,0,0,0,0,1,2,0,0,0,1,3,2,0,0,0,6,0.107142857142857,0.021978021978022,0
00-0034771,M.Rudolph,Mason Rudolph,QB,2025,2,REG,2025_02_SEA_PIT,PIT,SEA,2,2,12,0,0,0,0,0,0,0,0,0,0,0,0,0,0,0,0,0,0,0
00-0034791,N.Chubb,Nick Chubb,RB,2025,2,REG,2025_02_TB_HOU,HOU,TB,0,0,0,0,0,0,0,12,43,1,0,0,2,2,29,0,0,0,-7,0.0869565217391304,-0.0358974358974359,0
00-0034796,L.Jackson,Lamar Jackson,QB,2025,2,REG,2025_02_CLE_BAL,BAL,CLE,19,29,225,4,0,0,0,2,13,0,0,0,0,0,0,0,0,0,0,0,0,0
00-0034827,D.Moore,DJ Moore,WR,2025,2,REG,2025_02_CHI_DET,CHI,DET,0,0,0,0,0,0,0,0,0,0,0,0,5,6,46,0,0,0,38,0.181818181818182,0.112759643916914,0
00-0034829,M.Gesicki,Mike Gesicki,TE,2025,2,REG,2025_02_JAX_CIN,CIN,JAX,0,0,0,0,0,0,0,0,0,0,0,0,3,4,18,0,0,0,46,0.0930232558139535,0.127777777777778,0
00-0034837,C.Ridley,Calvin Ridley,WR,2025,2,REG,2025_02_LA_TEN,TEN,LA,0,0,0,0,0,0,0,0,0,0,0,0,3,6,57,0,0,0,71,0.193548387096774,0.330232558139535,0
00-0034844,S.Barkley,Saquon Barkley,RB,2025,2,REG,2025_02_PHI_KC,PHI,KC,0,0,0,0,0,0,0,22,88,1,0,0,2,2,6,0,0,0,-9,0.0952380952380952,-0.0538922155688623,0
00-0034855,B.Mayfield,Baker Mayfield,QB,2025,2,REG,2025_02_TB_HOU,TB,HOU,25,38,215,2,0,0,0,3,33,0,0,0,0,0,0,0,0,0,0,0,0,0
00-0034857,J.Allen,Josh Allen,QB,2025,2,REG,2025_02_BUF_NYJ,BUF,NYJ,14,25,148,0,0,0,0,6,59,0,0,0,0,0,0,0,0,0,0,0,0,0
00-0034869,S.Darnold,Sam Darnold,QB,2025,2,REG,2025_02_SEA_PIT,SEA,PIT,22,33,295,2,2,0,0,0,0,0,0,0,0,0,0,0,0,0,0,0,0,0
00-0034960,J.Meyers,Jakobi Meyers,WR,2025,2,REG,2025_02_LAC_LV,LV,LAC,0,0,0,0,0,0,0,0,0,0,0,0,6,12,68,0,0,0,101,0.27906976744186,0.347079037800687,0
00-0034975,J.Hill,Justice Hill,RB,2025,2,REG,2025_02_CLE_BAL,BAL,CLE,0,0,0,0,0,0,0,3,7,0,0,0,3,3,18,0,0,0,-8,0.107142857142857,-0.0293040293040293,0
00-0034983,H.Renfrow,Hunter Renfrow,WR,2025,2,REG,2025_02_CAR_ARI,CAR,ARI,0,0,0,0,0,0,0,0,0,0,0,0,7,9,48,2,0,0,64,0.169811320754717,0.170666666666667,0
00-0035021,A.Dulin,Ashton Dulin,WR,2025,2,REG,2025_02_DEN_IND,IND,DEN,0,0,0,0,0,0,0,0,0,0,0,0,0,0,0,0,0,0,0,0,0,0
00-0035100,J.Browning,Jake Browning,QB,2025,2,REG,2025_02_JAX_CIN,CIN,JAX,21,32,241,2,3,0,0,1,1,1,0,0,0,0,0,0,0,0,0,0,0,0
00-0035208,O.Zaccheaus,Olamide Zaccheaus,WR,2025,2,REG,2025_02_CHI_DET,CHI,DET,0,0,0,0,0,0,0,1,9,0,0,0,2,5,12,0,0,0,53,0.151515151515152,0.157270029673591,0
00-0035228,K.Murray,Kyler Murray,QB,2025,2,REG,2025_02_CAR_ARI,ARI,CAR,17,25,220,1,1,0,0,7,32,0,0,0,0,0,0,0,0,0,0,0,0,0
00-0035229,T.Hockenson,T.J. Hockenson,TE,2025,2,REG,2025_02_ATL_MIN,MIN,ATL,0,0,0,0,0,0,0,0,0,0,0,0,1,3,12,0,0,0,19,0.142857142857143,0.0753968253968254,0
00-0035243,M.Sanders,Miles Sanders,RB,2025,2,REG,2025_02_NYG_DAL,DAL,NYG,0,0,0,0,0,0,0,5,15,1,0,0,2,2,4,0,0,0,-12,0.0384615384615385,-0.0342857142857143,0
00-0035250,D.Singletary,Devin Singletary,RB,2025,2,REG,2025_02_NYG_DAL,NYG,DAL,0,0,0,0,0,0,0,1,4,0,0,0,1,1,-4,0,0,0,-7,0.025,-0.0134099616858238,0
00-0035261,T.Pollard,Tony Pollard,RB,2025,2,REG,2025_02_LA_TEN,TEN,LA,0,0,0,0,0,0,0,20,92,0,0,0,0,1,0,0,0,0,-3,0.032258064516129,-0.013953488372093,0
00-0035500,G.Dortch,Greg Dortch,WR,2025,2,REG,2025_02_CAR_ARI,ARI,CAR,0,0,0,0,0,0,0,0,0,0,0,0,1,1,11,0,0,0,11,0.04,0.06875,0
00-0035535,D.Slayton,Darius Slayton,WR,2025,2,REG,2025_02_NYG_DAL,NYG,DAL,0,0,0,0,0,0,0,0,0,0,0,0,2,3,61,0,0,0,43,0.075,0.0823754789272031,0
00-0035537,Ty.Johnson,Ty Johnson,RB,2025,2,REG,2025_02_BUF_NYJ,BUF,NYJ,0,0,0,0,0,0,0,2,6,0,0,0,0,1,0,0,0,0,-4,0.04,-0.0273972602739726,0
00-0035567,C.Reynolds,Craig Reynolds,RB,2025,2,REG,2025_02_CHI_DET,DET,CHI,0,0,0,0,0,0,0,3,4,0,0,0,0,0,0,0,0,0,0,0,0,0
00-0035631,D.Sample,Drew Sample,TE,2025,2,REG,2025_02_JAX_CIN,CIN,JAX,0,0,0,0,0,0,0,0,0,0,0,0,1,2,7,0,0,0,-6,0.0465116279069768,-0.0166666666666667,0
00-0035640,D.Metcalf,DK Metcalf,WR,2025,2,REG,2025_02_SEA_PIT,PIT,SEA,0,0,0,0,0,0,0,0,0,0,0,0,3,6,20,1,0,0,45,0.193548387096774,0.241935483870968,0
00-0035644,N.Fant,Noah Fant,TE,2025,2,REG,2025_02_JAX_CIN,CIN,JAX,0,0,0,0,0,0,0,0,0,0,0,0,3,4,28,0,0,0,25,0.0930232558139535,0.0694444444444445,0
00-0035645,G.Olszewski,Gunner Olszewski,WR,2025,2,REG,2025_02_NYG_DAL,NYG,DAL,0,0,0,0,0,0,0,0,0,0,0,0,0,0,0,0,0,0,0,0,0,0
00-0035659,T.McLaurin,Terry McLaurin,WR,2025,2,REG,2025_02_WAS_GB,WAS,GB,0,0,0,0,0,0,0,0,0,0,0,0,5,9,48,0,0,0,110,0.225,0.39426523297491,0
00-0035662,M.Brown,Marquise Brown,WR,2025,2,REG,2025_02_PHI_KC,KC,PHI,0,0,0,0,0,0,0,0,0,0,0,0,5,5,30,0,0,0,22,0.172413793103448,0.0711974110032362,0
00-0035676,A.Brown,A.J. Brown,WR,2025,2,REG,2025_02_PHI_KC,PHI,KC,0,0,0,0,0,0,0,0,0,0,0,0,5,8,27,0,0,0,59,0.380952380952381,0.353293413173653,0
00-0035685,D.Montgomery,David Montgomery,RB,2025,2,REG,2025_02_CHI_DET,DET,CHI,0,0,0,0,0,0,0,11,57,1,0,0,1,1,4,0,0,0,-7,0.0357142857142857,-0.0255474452554745,0
00-0035689,D.Knox,Dawson Knox,TE,2025,2,REG,2025_02_BUF_NYJ,BUF,NYJ,0,0,0,0,0,0,0,0,0,0,0,0,2,5,19,0,0,0,12,0.2,0.0821917808219178,0
00-0035700,J.Jacobs,Josh Jacobs,RB,2025,2,REG,2025_02_WAS_GB,GB,WAS,0,0,0,0,0,0,0,23,84,1,0,0,0,0,0,0,0,0,0,0,0,0
00-0035710,D.Jones,Daniel Jones,QB,2025,2,REG,2025_02_DEN_IND,IND,DEN,23,34,316,1,0,0,0,6,2,1,0,0,0,0,0,0,0,0,0,0,0,0
00-0035719,D.Samuel,Deebo Samuel Sr.,WR,2025,2,REG,2025_02_WAS_GB,WAS,GB,0,0,0,0,0,0,0,0,0,0,0,0,7,8,44,1,0,0,5,0.2,0.017921146953405,0
00-0035726,J.Johnson,Jakob Johnson,RB,2025,2,REG,2025_02_TB_HOU,HOU,TB,0,0,0,0,0,0,0,0,0,0,0,0,0,0,0,0,0,0,0,0,0,0
00-0036040,J.Johnson,Juwan Johnson,TE,2025,2,REG,2025_02_SF_NO,NO,SF,0,0,0,0,0,0,0,0,0,0,0,0,5,9,49,1,0,0,55,0.264705882352941,0.22,0
00-0036139,R.Dowdle,Rico Dowdle,RB,2025,2,REG,2025_02_CAR_ARI,CAR,ARI,0,0,0,0,0,0,0,6,9,0,0,0,1,1,10,0,0,0,4,0.0188679245283019,0.0106666666666667,0
00-0036158,J.Dobbins,J.K. Dobbins,RB,2025,2,REG,2025_02_DEN_IND,DEN,IND,0,0,0,0,0,0,0,14,76,1,0,0,1,2,9,0,0,0,0,0.0666666666666667,0,0
00-0036182,N.Westbrook-Ikhine,Nick Westbrook-Ikhine,WR,2025,2,REG,2025_02_NE_MIA,MIA,NE,0,0,0,0,0,0,0,0,0,0,0,0,2,3,18,0,0,0,18,0.09375,0.0717131474103586,0
00-0036187,R.Gilliam,Reggie Gilliam,RB,2025,2,REG,2025_02_BUF_NYJ,BUF,NYJ,0,0,0,0,0,0,0,0,0,0,0,0,0,0,0,0,0,0,0,0,0,0
00-0036212,T.Tagovailoa,Tua Tagovailoa,QB,2025,2,REG,2025_02_NE_MIA,MIA,NE,26,32,315,2,1,0,0,0,0,0,0,0,0,0,0,0,0,0,0,0,0,0
00-0036223,J.Taylor,Jonathan Taylor,RB,2025,2,REG,2025_02_DEN_IND,IND,DEN,0,0,0,0,0,0,0,25,165,0,0,0,2,2,50,1,0,0,2,0.0606060606060606,0.0060790273556231,0
00-0036232,H.Bryant,Harrison Bryant,TE,2025,2,REG,2025_02_TB_HOU,HOU,TB,0,0,0,0,0,0,0,0,0,0,0,0,0,1,0,0,0,0,14,0.0434782608695652,0.0717948717948718,0
00-0036252,M.Pittman,Michael Pittman,WR,2025,2,REG,2025_02_DEN_IND,IND,DEN,0,0,0,0,0,0,0,0,0,0,0,0,4,5,40,0,0,0,37,0.151515151515152,0.112462006079027,0
00-0036259,J.Jennings,Jauan Jennings,WR,2025,2,REG,2025_02_SF_NO,SF,NO,0,0,0,0,0,0,0,0,0,0,0,0,5,10,89,1,0,0,91,0.263157894736842,0.358267716535433,0
00-0036264,J.Love,Jordan Love,QB,2025,2,REG,2025_02_WAS_GB,GB,WAS,19,31,292,2,0,0,0,3,12,0,0,0,0,0,0,0,0,0,0,0,0,0
00-0036265,A.Dillon,AJ Dillon,RB,2025,2,REG,2025_02_PHI_KC,PHI,KC,0,0,0,0,0,0,0,3,19,0,0,0,0,0,0,0,0,0,0,0,0,0
00-0036275,D.Swift,D'Andre Swift,RB,2025,2,REG,2025_02_CHI_DET,CHI,DET,0,0,0,0,0,0,0,12,63,1,1,0,3,3,6,0,0,0,-5,0.0909090909090909,-0.0148367952522255,0
00-0036290,C.Kmet,Cole Kmet,TE,2025,2,REG,2025_02_CHI_DET,CHI,DET,0,0,0,0,0,0,0,0,0,0,0,0,2,2,29,0,0,0,17,0.0606060606060606,0.0504451038575668,0
00-0036309,D.Mooney,Darnell Mooney,WR,2025,2,REG,2025_02_ATL_MIN,ATL,MIN,0,0,0,0,0,0,0,0,0,0,0,0,2,4,20,0,0,0,40,0.19047619047619,0.303030303030303,0
00-0036322,J.Jefferson,Justin Jefferson,WR,2025,2,REG,2025_02_ATL_MIN,MIN,ATL,0,0,0,0,0,0,0,0,0,0,0,0,3,6,81,0,0,0,102,0.285714285714286,0.404761904761905,0
00-0036328,A.Gibson,Antonio Gibson,RB,2025,2,REG,2025_02_NE_MIA,NE,MIA,0,0,0,0,0,0,0,5,27,0,0,0,1,1,1,0,0,0,-4,0.0434782608695652,-0.0298507462686567,1
00-0036331,D.Duvernay,Devin Duvernay,WR,2025,2,REG,2025_02_CHI_DET,CHI,DET,0,0,0,0,0,0,0,0,0,0,0,0,0,0,0,0,0,0,0,0,0,0
00-0036332,J.Deguara,Josiah Deguara,TE,2025,2,REG,2025_02_CAR_ARI,ARI,CAR,0,0,0,0,0,0,0,0,0,0,0,0,0,0,0,0,0,0,0,0,0,0
00-0036355,J.Herbert,Justin Herbert,QB,2025,2,REG,2025_02_LAC_LV,LAC,LV,19,27,242,2,0,0,0,9,31,0,1,0,0,0,0,0,0,0,0,0,0,0
00-0036358,C.Lamb,CeeDee Lamb,WR,2025,2,REG,2025_02_NYG_DAL,DAL,NYG,0,0,0,0,0,0,0,0,0,0,0,0,9,11,112,0,0,0,121,0.211538461538462,0.345714285714286,0
00-0036389,J.Hurts,Jalen Hurts,QB,2025,2,REG,2025_02_PHI_KC,PHI,KC,15,22,101,0,0,0,0,9,15,1,0,0,0,0,0,0,0,0,0,0,0,0
00-0036407,J.Jeudy,Jerry Jeudy,WR,2025,2,REG,2025_02_CLE_BAL,CLE,BAL,0,0,0,0,0,0,0,0,0,0,0,0,4,8,51,0,0,0,105,0.195121951219512,0.336538461538462,0
00-0036410,T.Higgins,Tee Higgins,WR,2025,2,REG,2025_02_JAX_CIN,CIN,JAX,0,0,0,0,0,0,0,0,0,0,0,0,3,8,56,1,0,0,105,0.186046511627907,0.291666666666667,0
00-0036415,V.Jefferson,Van Jefferson,WR,2025,2,REG,2025_02_LA_TEN,TEN,LA,0,0,0,0,0,0,0,0,0,0,0,0,2,2,10,0,0,0,9,0.0645161290322581,0.0418604651162791,0
00-0036422,A.Trautman,Adam Trautman,TE,2025,2,REG,2025_02_DEN_IND,DEN,IND,0,0,0,0,0,0,0,0,0,0,0,0,3,3,10,1,0,0,7,0.1,0.0476190476190476,0
00-0036427,T.Johnson,Tyler Johnson,WR,2025,2,REG,2025_02_BUF_NYJ,NYJ,BUF,0,0,0,0,0,0,0,0,0,0,0,0,0,1,0,0,0,0,22,0.0476190476190476,0.127906976744186,0
00-0036442,J.Burrow,Joe Burrow,QB,2025,2,REG,2025_02_JAX_CIN,CIN,JAX,7,13,76,1,0,0,0,0,0,0,0,0,0,0,0,0,0,0,0,0,0,0
00-0036550,R.Bateman,Rashod Bateman,WR,2025,2,REG,2025_02_CLE_BAL,BAL,CLE,0,0,0,0,0,0,0,0,0,0,0,0,2,4,15,0,0,0,31,0.142857142857143,0.113553113553114,0
00-0036554,N.Collins,Nico Collins,WR,2025,2,REG,2025_02_TB_HOU,HOU,TB,0,0,0,0,0,0,0,0,0,0,0,0,3,9,52,1,0,0,88,0.391304347826087,0.451282051282051,0
00-0036555,C.Hubbard,Chuba Hubbard,RB,2025,2,REG,2025_02_CAR_ARI,CAR,ARI,0,0,0,0,0,0,0,10,38,0,0,0,5,6,39,1,0,0,16,0.113207547169811,0.0426666666666667,0
00-0036590,Q.Morris,Quintin Morris,TE,2025,2,REG,2025_02_JAX_CIN,JAX,CIN,0,0,0,0,0,0,0,0,0,0,0,0,0,0,0,0,0,0,0,0,0,0
00-0036613,J.Waddle,Jaylen Waddle,WR,2025,2,REG,2025_02_NE_MIA,MIA,NE,0,0,0,0,0,0,0,0,0,0,0,0,5,6,68,1,0,0,98,0.1875,0.390438247011952,0
00-0036620,D.Eskridge,Dee Eskridge,WR,2025,2,REG,2025_02_NE_MIA,MIA,NE,0,0,0,0,0,0,0,0,0,0,0,0,1,1,8,0,0,0,7,0.03125,0.0278884462151394,0
00-0036626,D.Brown,Dyami Brown,WR,2025,2,REG,2025_02_JAX_CIN,JAX,CIN,0,0,0,0,0,0,0,1,9,0,0,0,5,7,57,1,0,0,57,0.170731707317073,0.185064935064935,0
00-0036630,T.Wallace,Tylan Wallace,WR,2025,2,REG,2025_02_CLE_BAL,BAL,CLE,0,0,0,0,0,0,0,0,0,0,0,0,2,2,25,1,0,0,18,0.0714285714285714,0.0659340659340659,0
00-0036637,N.Gray,Noah Gray,TE,2025,2,REG,2025_02_PHI_KC,KC,PHI,0,0,0,0,0,0,0,0,0,0,0,0,1,5,1,0,0,0,51,0.172413793103448,0.16504854368932,0
00-0036754,B.Wright,Brock Wright,TE,2025,2,REG,2025_02_CHI_DET,DET,CHI,0,0,0,0,0,0,0,0,0,0,0,0,3,3,28,1,0,0,3,0.107142857142857,0.0109489051094891,0
00-0036849,T.Atwell,Tutu Atwell,WR,2025,2,REG,2025_02_LA_TEN,LA,TEN,0,0,0,0,0,0,0,0,0,0,0,0,0,1,0,0,0,0,11,0.03125,0.0419847328244275,0
00-0036862,B.Skowronek,Ben Skowronek,WR,2025,2,REG,2025_02_SEA_PIT,PIT,SEA,0,0,0,0,0,0,0,0,0,0,0,0,0,0,0,0,0,0,0,0,0,0
00-0036875,R.Stevenson,Rhamondre Stevenson,RB,2025,2,REG,2025_02_NE_MIA,NE,MIA,0,0,0,0,0,0,0,11,54,0,0,1,5,5,88,0,0,0,25,0.217391304347826,0.186567164179104,0
00-0036876,K.Granson,Kylen Granson,TE,2025,2,REG,2025_02_PHI_KC,PHI,KC,0,0,0,0,0,0,0,0,0,0,0,0,1,1,5,0,0,0,3,0.0476190476190476,0.0179640718562874,0
00-0036887,L.Farrell,Luke Farrell,TE,2025,2,REG,2025_02_SF_NO,SF,NO,0,0,0,0,0,0,0,0,0,0,0,0,2,3,15,1,0,0,-3,0.0789473684210526,-0.0118110236220472,0
00-0036893,N.Harris,Najee Harris,RB,2025,2,REG,2025_02_LAC_LV,LAC,LV,0,0,0,0,0,0,0,8,28,0,0,0,2,2,20,0,0,0,5,0.0740740740740741,0.0204918032786885,0
00-0036894,P.Freiermuth,Pat Freiermuth,TE,2025,2,REG,2025_02_SEA_PIT,PIT,SEA,0,0,0,0,0,0,0,0,0,0,0,0,3,4,31,0,0,0,30,0.129032258064516,0.161290322580645,0
00-0036900,J.Chase,Ja'Marr Chase,WR,2025,2,REG,2025_02_JAX_CIN,CIN,JAX,0,0,0,0,0,0,0,0,0,0,0,0,14,16,165,1,0,0,112,0.372093023255814,0.311111111111111,0
00-0036912,D.Smith,DeVonta Smith,WR,2025,2,REG,2025_02_PHI_KC,PHI,KC,0,0,0,0,0,0,0,0,0,0,0,0,4,6,53,0,0,0,104,0.285714285714286,0.622754491017964,0
00-0036919,K.Gainwell,Kenny Gainwell,RB,2025,2,REG,2025_02_SEA_PIT,PIT,SEA,0,0,0,0,0,0,0,5,20,0,0,0,3,5,16,0,0,0,-1,0.161290322580645,-0.00537634408602151,0
00-0036945,J.Fields,Justin Fields,QB,2025,2,REG,2025_02_BUF_NYJ,NYJ,BUF,3,11,27,0,0,0,0,5,49,0,1,0,0,0,0,0,0,0,0,0,0,0
00-0036963,A.St. Brown,Amon-Ra St. Brown,WR,2025,2,REG,2025_02_CHI_DET,DET,CHI,0,0,0,0,0,0,0,2,7,0,0,0,9,11,115,3,0,0,88,0.392857142857143,0.321167883211679,0
00-0036970,K.Pitts,Kyle Pitts,TE,2025,2,REG,2025_02_ATL_MIN,ATL,MIN,0,0,0,0,0,0,0,0,0,0,0,0,4,5,37,0,0,0,29,0.238095238095238,0.21969696969697,0
00-0036971,T.Lawrence,Trevor Lawrence,QB,2025,2,REG,2025_02_JAX_CIN,JAX,CIN,24,42,271,3,2,0,0,2,4,0,0,0,0,0,0,0,0,0,0,0,0,0
00-0036972,M.Jones,Mac Jones,QB,2025,2,REG,2025_02_SF_NO,SF,NO,26,39,279,3,0,1,0,6,6,0,0,0,0,0,0,0,0,0,0,0,0,0
00-0036973,T.Etienne,Travis Etienne,RB,2025,2,REG,2025_02_JAX_CIN,JAX,CIN,0,0,0,0,0,0,0,14,71,0,0,0,2,3,18,1,0,0,-10,0.0731707317073171,-0.0324675324675325,0
00-0036980,E.Moore,Elijah Moore,WR,2025,2,REG,2025_02_BUF_NYJ,BUF,NYJ,0,0,0,0,0,0,0,2,6,1,0,0,1,1,31,0,0,0,12,0.04,0.0821917808219178,0
00-0036988,J.Palmer,Josh Palmer,WR,2025,2,REG,2025_02_BUF_NYJ,BUF,NYJ,0,0,0,0,0,0,0,0,0,0,0,0,2,3,47,0,0,0,47,0.12,0.321917808219178,0
00-0036997,J.Williams,Javonte Williams,RB,2025,2,REG,2025_02_NYG_DAL,DAL,NYG,0,0,0,0,0,0,0,18,97,1,0,0,6,7,33,0,0,0,-15,0.134615384615385,-0.0428571428571429,0
00-0037005,T.Tremble,Tommy Tremble,TE,2025,2,REG,2025_02_CAR_ARI,CAR,ARI,0,0,0,0,0,0,0,0,0,0,0,0,3,3,20,0,0,0,18,0.0566037735849057,0.048,0
00-0037085,T.Badie,Tyler Badie,RB,2025,2,REG,2025_02_DEN_IND,DEN,IND,0,0,0,0,0,0,0,1,3,0,0,0,2,2,19,0,0,0,-10,0.0666666666666667,-0.0680272108843538,0
00-0037086,G.Calcaterra,Grant Calcaterra,TE,2025,2,REG,2025_02_PHI_KC,PHI,KC,0,0,0,0,0,0,0,0,0,0,0,0,1,2,6,0,0,0,9,0.0952380952380952,0.0538922155688623,0
00-0037093,D.Young,Dareke Young,WR,2025,2,REG,2025_02_SEA_PIT,SEA,PIT,0,0,0,0,0,0,0,0,0,0,0,0,0,0,0,0,0,0,0,0,0,0
00-0037112,J.Tonges,Jake Tonges,TE,2025,2,REG,2025_02_SF_NO,SF,NO,0,0,0,0,0,0,0,0,0,0,0,0,4,5,31,0,0,0,7,0.131578947368421,0.0275590551181102,0
00-0037157,Z.Knight,Bam Knight,RB,2025,2,REG,2025_02_CAR_ARI,ARI,CAR,0,0,0,0,0,0,0,0,0,0,0,0,0,0,0,0,0,0,0,0,0,0
00-0037197,I.Pacheco,Isiah Pacheco,RB,2025,2,REG,2025_02_PHI_KC,KC,PHI,0,0,0,0,0,0,0,10,22,0,0,0,1,2,7,0,0,0,-4,0.0689655172413793,-0.0129449838187702,0
00-0037228,J.Warren,Jaylen Warren,RB,2025,2,REG,2025_02_SEA_PIT,PIT,SEA,0,0,0,0,0,0,0,14,48,0,0,0,4,4,86,0,0,0,0,0.129032258064516,0,0
00-0037238,D.London,Drake London,WR,2025,2,REG,2025_02_ATL_MIN,ATL,MIN,0,0,0,0,0,0,0,0,0,0,0,0,3,4,49,0,1,0,33,0.19047619047619,0.25,0
00-0037239,C.Olave,Chris Olave,WR,2025,2,REG,2025_02_SF_NO,NO,SF,0,0,0,0,0,0,0,0,0,0,0,0,6,10,54,0,0,0,122,0.294117647058824,0.488,0
00-0037240,J.Williams,Jameson Williams,WR,2025,2,REG,2025_02_CHI_DET,DET,CHI,0,0,0,0,0,0,0,0,0,0,0,0,2,4,108,1,0,0,134,0.142857142857143,0.489051094890511,0
00-0037247,G.Pickens,George Pickens,WR,2025,2,REG,2025_02_NYG_DAL,DAL,NYG,0,0,0,0,0,0,0,0,0,0,0,0,5,9,68,1,0,0,100,0.173076923076923,0.285714285714286,0
00-0037248,J.Cook,James Cook,RB,2025,2,REG,2025_02_BUF_NYJ,BUF,NYJ,0,0,0,0,0,0,0,21,132,2,0,0,1,1,3,0,0,0,-6,0.04,-0.0410958904109589,0
00-0037256,R.White,Rachaad White,RB,2025,2,REG,2025_02_TB_HOU,TB,HOU,0,0,0,0,0,0,0,10,65,1,0,0,2,2,1,0,0,0,-6,0.0555555555555556,-0.0197368421052632,0
00-0037261,K.Shakir,Khalil Shakir,WR,2025,2,REG,2025_02_BUF_NYJ,BUF,NYJ,0,0,0,0,0,0,0,0,0,0,0,0,1,2,12,0,0,0,15,0.08,0.102739726027397,0
00-0037263,T.Allgeier,Tyler Allgeier,RB,2025,2,REG,2025_02_ATL_MIN,ATL,MIN,0,0,0,0,0,0,0,16,76,1,0,0,1,1,4,0,0,0,3,0.0476190476190476,0.0227272727272727,0
00-0037267,J.Ford,Jerome Ford,RB,2025,2,REG,2025_02_CLE_BAL,CLE,BAL,0,0,0,0,0,0,0,6,31,0,0,0,5,6,23,0,0,0,-8,0.146341463414634,-0.0256410256410256,0
00-0037291,J.Nailor,Jalen Nailor,WR,2025,2,REG,2025_02_ATL_MIN,MIN,ATL,0,0,0,0,0,0,0,0,0,0,0,0,3,5,31,0,0,0,82,0.238095238095238,0.325396825396825,0
00-0037292,A.Ogletree,Andrew Ogletree,TE,2025,2,REG,2025_02_DEN_IND,IND,DEN,0,0,0,0,0,0,0,0,0,0,0,0,0,0,0,0,0,0,0,0,0,0
00-0037306,J.FitzPatrick,John FitzPatrick,TE,2025,2,REG,2025_02_WAS_GB,GB,WAS,0,0,0,0,0,0,0,0,0,0,0,0,0,0,0,0,0,0,0,0,0,0
00-0037340,Z.Mitchell-Paden,Zaire Mitchell-Paden,TE,2025,2,REG,2025_02_CLE_BAL,BAL,CLE,0,0,0,0,0,0,0,0,0,0,0,0,0,1,0,0,0,0,1,0.0357142857142857,0.00366300366300366,0
00-0037525,J.Mason,Jordan Mason,RB,2025,2,REG,2025_02_ATL_MIN,MIN,ATL,0,0,0,0,0,0,0,9,30,0,0,0,2,3,8,0,0,0,-4,0.142857142857143,-0.0158730158730159,0
00-0037545,R.Shaheed,Rashid Shaheed,WR,2025,2,REG,2025_02_SF_NO,NO,SF,0,0,0,0,0,0,0,0,0,0,0,0,4,5,52,1,0,0,56,0.147058823529412,0.224,0
00-0037614,J.Metchie,John Metchie III,WR,2025,2,REG,2025_02_PHI_KC,PHI,KC,0,0,0,0,0,0,0,0,0,0,0,0,1,1,0,0,0,0,-3,0.0476190476190476,-0.0179640718562874,0
00-0037617,H.Haskins,Hassan Haskins,RB,2025,2,REG,2025_02_LAC_LV,LAC,LV,0,0,0,0,0,0,0,0,0,0,0,0,0,0,0,0,0,0,0,0,0,0
00-0037664,A.Pierce,Alec Pierce,WR,2025,2,REG,2025_02_DEN_IND,IND,DEN,0,0,0,0,0,0,0,0,0,0,0,0,4,5,68,0,0,0,80,0.151515151515152,0.243161094224924,0
00-0037666,J.Tolbert,Jalen Tolbert,WR,2025,2,REG,2025_02_NYG_DAL,DAL,NYG,0,0,0,0,0,0,0,0,0,0,0,0,2,4,16,0,0,0,30,0.0769230769230769,0.0857142857142857,0
00-0037740,G.Wilson,Garrett Wilson,WR,2025,2,REG,2025_02_BUF_NYJ,NYJ,BUF,0,0,0,0,0,0,0,0,0,0,0,0,4,8,50,0,0,0,73,0.380952380952381,0.424418604651163,0
00-0037741,J.Dotson,Jahan Dotson,WR,2025,2,REG,2025_02_PHI_KC,PHI,KC,0,0,0,0,0,0,0,0,0,0,0,0,1,1,4,0,0,0,-6,0.0476190476190476,-0.0359281437125749,0
00-0037744,T.McBride,Trey McBride,TE,2025,2,REG,2025_02_CAR_ARI,ARI,CAR,0,0,0,0,0,0,0,0,0,0,0,0,6,7,78,0,0,0,62,0.28,0.3875,0
00-0037746,B.Robinson,Brian Robinson,RB,2025,2,REG,2025_02_SF_NO,SF,NO,0,0,0,0,0,0,0,6,20,0,0,0,1,1,-1,0,0,0,-6,0.0263157894736842,-0.0236220472440945,0
00-0037801,K.Turpin,KaVontae Turpin,WR,2025,2,REG,2025_02_NYG_DAL,DAL,NYG,0,0,0,0,0,0,0,2,6,0,0,0,4,4,47,1,0,0,31,0.0769230769230769,0.0885714285714286,0
00-0037805,J.Ruckert,Jeremy Ruckert,TE,2025,2,REG,2025_02_BUF_NYJ,NYJ,BUF,0,0,0,0,0,0,0,0,0,0,0,0,1,1,5,1,0,0,5,0.0476190476190476,0.0290697674418605,0
00-0037809,C.Okonkwo,Chig Okonkwo,TE,2025,2,REG,2025_02_LA_TEN,TEN,LA,0,0,0,0,0,0,0,0,0,0,0,0,4,6,35,0,0,0,15,0.193548387096774,0.0697674418604651,0
00-0037816,R.Doubs,Romeo Doubs,WR,2025,2,REG,2025_02_WAS_GB,GB,WAS,0,0,0,0,0,0,0,0,0,0,0,0,3,5,28,1,0,0,85,0.185185185185185,0.208333333333333,0
00-0037837,C.Austin,Calvin Austin III,WR,2025,2,REG,2025_02_SEA_PIT,PIT,SEA,0,0,0,0,0,0,0,0,0,0,0,0,1,4,22,0,0,0,89,0.129032258064516,0.478494623655914,0
00-0037840,K.Williams,Kyren Williams,RB,2025,2,REG,2025_02_LA_TEN,LA,TEN,0,0,0,0,0,0,0,17,66,0,0,0,2,2,14,0,0,0,7,0.0625,0.0267175572519084,0
00-0038040,Z.White,Zamir White,RB,2025,2,REG,2025_02_LAC_LV,LV,LAC,0,0,0,0,0,0,0,2,-2,0,0,0,2,3,15,0,0,0,-3,0.0697674418604651,-0.0103092783505155,0
00-0038041,J.Ferguson,Jake Ferguson,TE,2025,2,REG,2025_02_NYG_DAL,DAL,NYG,0,0,0,0,0,0,0,0,0,0,0,0,9,12,78,0,0,0,77,0.230769230769231,0.22,0
00-0038090,S.Moore,Skyy Moore,WR,2025,2,REG,2025_02_SF_NO,SF,NO,0,0,0,0,0,0,0,0,0,0,0,0,0,0,0,0,0,0,0,0,0,0
00-0038104,T.Thornton,Tyquan Thornton,WR,2025,2,REG,2025_02_PHI_KC,KC,PHI,0,0,0,0,0,0,0,0,0,0,0,0,2,5,59,1,0,0,169,0.172413793103448,0.546925566343042,0
00-0038115,D.Bellinger,Daniel Bellinger,TE,2025,2,REG,2025_02_NYG_DAL,NYG,DAL,0,0,0,0,0,0,0,0,0,0,0,0,0,0,0,0,0,0,0,0,0,0
00-0038117,W.Robinson,Wan'Dale Robinson,WR,2025,2,REG,2025_02_NYG_DAL,NYG,DAL,0,0,0,0,0,0,0,0,0,0,0,0,8,10,142,1,0,0,162,0.25,0.310344827586207,0
00-0038120,B.Hall,Breece Hall,RB,2025,2,REG,2025_02_BUF_NYJ,NYJ,BUF,0,0,0,0,0,0,0,10,29,0,0,0,2,3,9,0,0,0,-2,0.142857142857143,-0.0116279069767442,0
00-0038129,C.Otton,Cade Otton,TE,2025,2,REG,2025_02_TB_HOU,TB,HOU,0,0,0,0,0,0,0,0,0,0,0,0,3,4,25,0,0,0,16,0.111111111111111,0.0526315789473684,0
00-0038134,K.Walker,Kenneth Walker III,RB,2025,2,REG,2025_02_SEA_PIT,SEA,PIT,0,0,0,0,0,0,0,13,105,1,0,0,1,1,13,0,0,0,0,0.0333333333333333,0,0
00-0038359,X.Smith,Xavier Smith,WR,2025,2,REG,2025_02_LA_TEN,LA,TEN,0,0,0,0,0,0,0,0,0,0,0,0,0,0,0,0,0,0,0,0,0,0
00-0038393,D.Wicks,Dontayvion Wicks,WR,2025,2,REG,2025_02_WAS_GB,GB,WAS,0,0,0,0,0,0,0,0,0,0,0,0,4,6,44,0,0,0,124,0.222222222222222,0.303921568627451,0
00-0038416,T.Bagent,Tyson Bagent,QB,2025,2,REG,2025_02_CHI_DET,CHI,DET,2,3,27,0,0,0,0,2,7,0,0,0,0,0,0,0,0,0,0,0,0,0
00-0038465,M.Heath,Malik Heath,WR,2025,2,REG,2025_02_WAS_GB,GB,WAS,0,0,0,0,0,0,0,0,0,0,0,0,1,1,37,0,0,0,37,0.037037037037037,0.0906862745098039,0
00-0038488,B.Russell,Brady Russell,RB,2025,2,REG,2025_02_SEA_PIT,SEA,PIT,0,0,0,0,0,0,0,0,0,0,0,0,0,0,0,0,0,0,0,0,0,0
00-0038519,N.Remigio,Nikko Remigio,WR,2025,2,REG,2025_02_PHI_KC,KC,PHI,0,0,0,0,0,0,0,0,0,0,0,0,1,1,21,0,0,0,18,0.0344827586206897,0.058252427184466,0
00-0038542,B.Robinson,Bijan Robinson,RB,2025,2,REG,2025_02_ATL_MIN,ATL,MIN,0,0,0,0,0,0,0,22,143,0,0,0,3,5,25,0,0,0,7,0.238095238095238,0.053030303030303,0
00-0038543,J.Smith-Njigba,Jaxon Smith-Njigba,WR,2025,2,REG,2025_02_SEA_PIT,SEA,PIT,0,0,0,0,0,0,0,0,0,0,0,0,8,10,103,0,0,0,103,0.333333333333333,0.388679245283019,0
00-0038544,Q.Johnston,Quentin Johnston,WR,2025,2,REG,2025_02_LAC_LV,LAC,LV,0,0,0,0,0,0,0,1,-2,0,0,0,3,7,71,1,0,0,115,0.259259259259259,0.471311475409836,0
00-0038547,L.Schoonmaker,Luke Schoonmaker,TE,2025,2,REG,2025_02_NYG_DAL,DAL,NYG,0,0,0,0,0,0,0,0,0,0,0,0,0,2,0,0,0,0,17,0.0384615384615385,0.0485714285714286,0
00-0038551,K.Miller,Kendre Miller,RB,2025,2,REG,2025_02_SF_NO,NO,SF,0,0,0,0,0,0,0,5,8,0,0,0,1,1,2,0,0,0,2,0.0294117647058824,0.008,0
00-0038558,D.Washington,Darnell Washington,TE,2025,2,REG,2025_02_SEA_PIT,PIT,SEA,0,0,0,0,0,0,0,0,0,0,0,0,0,1,0,0,0,1,14,0.032258064516129,0.0752688172043011,0
00-0038559,Mi.Wilson,Michael Wilson,WR,2025,2,REG,2025_02_CAR_ARI,ARI,CAR,0,0,0,0,0,0,0,0,0,0,0,0,1,2,11,1,0,0,43,0.08,0.26875,0
00-0038563,T.Tucker,Tre Tucker,WR,2025,2,REG,2025_02_LAC_LV,LV,LAC,0,0,0,0,0,0,0,1,7,0,0,0,3,8,12,0,0,0,60,0.186046511627907,0.206185567010309,0
00-0038573,D.Davis,Derius Davis,WR,2025,2,REG,2025_02_LAC_LV,LAC,LV,0,0,0,0,0,0,0,0,0,0,0,0,0,0,0,0,0,0,0,0,0,0
00-0038576,C.Jones,Charlie Jones,WR,2025,2,REG,2025_02_JAX_CIN,CIN,JAX,0,0,0,0,0,0,0,0,0,0,0,0,0,0,0,0,0,0,0,0,0,0
00-0038597,C.Brown,Chase Brown,RB,2025,2,REG,2025_02_JAX_CIN,CIN,JAX,0,0,0,0,0,0,0,16,47,0,0,0,2,3,18,0,0,0,8,0.0697674418604651,0.0222222222222222,0
00-0038606,P.Washington,Parker Washington,WR,2025,2,REG,2025_02_JAX_CIN,JAX,CIN,0,0,0,0,0,0,0,0,0,0,0,0,5,5,76,0,0,0,33,0.121951219512195,0.107142857142857,0
00-0038608,K.Boutte,Kayshon Boutte,WR,2025,2,REG,2025_02_NE_MIA,NE,MIA,0,0,0,0,0,0,0,0,0,0,0,0,1,1,16,1,0,0,16,0.0434782608695652,0.119402985074627,0
00-0038618,X.Hutchinson,Xavier Hutchinson,WR,2025,2,REG,2025_02_TB_HOU,HOU,TB,0,0,0,0,0,0,0,0,0,0,0,0,2,3,29,0,0,0,33,0.130434782608696,0.169230769230769,0
00-0038619,A.Iosivas,Andrei Iosivas,WR,2025,2,REG,2025_02_JAX_CIN,CIN,JAX,0,0,0,0,0,0,0,0,0,0,0,0,1,5,12,0,0,0,62,0.116279069767442,0.172222222222222,0
00-0038621,D.Douglas,DeMario Douglas,WR,2025,2,REG,2025_02_NE_MIA,NE,MIA,0,0,0,0,0,0,0,0,0,0,0,0,1,1,8,0,0,0,5,0.0434782608695652,0.0373134328358209,0
00-0038643,B.Willis,Brayden Willis,TE,2025,2,REG,2025_02_SF_NO,SF,NO,0,0,0,0,0,0,0,0,0,0,0,0,0,1,0,0,0,0,2,0.0263157894736842,0.0078740157480315,0
00-0038678,J.Mims,Jordan Mims,RB,2025,2,REG,2025_02_LA_TEN,TEN,LA,0,0,0,0,0,0,0,0,0,0,0,0,0,0,0,0,0,0,0,0,0,0
00-0038679,T.Shavers,Tyrell Shavers,WR,2025,2,REG,2025_02_BUF_NYJ,BUF,NYJ,0,0,0,0,0,0,0,0,0,0,0,0,0,2,0,0,0,0,25,0.08,0.171232876712329,0
00-0038685,C.Brooks,Chris Brooks,RB,2025,2,REG,2025_02_WAS_GB,GB,WAS,0,0,0,0,0,0,0,0,0,0,0,0,3,4,27,0,0,0,-11,0.148148148148148,-0.0269607843137255,0
00-0038738,H.Luepke,Hunter Luepke,RB,2025,2,REG,2025_02_NYG_DAL,DAL,NYG,0,0,0,0,0,0,0,0,0,0,0,0,0,0,0,0,0,0,0,0,0,0
00-0038797,E.Wilson,Emanuel Wilson,RB,2025,2,REG,2025_02_WAS_GB,GB,WAS,0,0,0,0,0,0,0,0,0,0,0,0,0,0,0,0,0,0,0,0,0,0
00-0038824,R.Miller,Ryan Miller,WR,2025,2,REG,2025_02_TB_HOU,TB,HOU,0,0,0,0,0,0,0,0,0,0,0,0,1,1,20,1,0,0,20,0.0277777777777778,0.0657894736842105,0
00-0038839,M.Tinsley,Mitchell Tinsley,WR,2025,2,REG,2025_02_JAX_CIN,CIN,JAX,0,0,0,0,0,0,0,0,0,0,0,0,1,1,13,1,0,0,13,0.0232558139534884,0.0361111111111111,0
00-0038840,B.Tremayne,Brycen Tremayne,WR,2025,2,REG,2025_02_CAR_ARI,CAR,ARI,0,0,0,0,0,0,0,0,0,0,0,0,3,5,48,0,0,0,62,0.0943396226415094,0.165333333333333,0
00-0038896,J.Saylors,Jacob Saylors,RB,2025,2,REG,2025_02_CHI_DET,DET,CHI,0,0,0,0,0,0,0,0,0,0,0,0,0,0,0,0,0,0,0,0,0,0
00-0038933,D.Kincaid,Dalton Kincaid,TE,2025,2,REG,2025_02_BUF_NYJ,BUF,NYJ,0,0,0,0,0,0,0,0,0,0,0,0,4,6,37,0,0,0,29,0.24,0.198630136986301,0
00-0038935,B.Strange,Brenton Strange,TE,2025,2,REG,2025_02_JAX_CIN,JAX,CIN,0,0,0,0,0,0,0,0,0,0,0,0,3,5,17,0,0,0,31,0.121951219512195,0.100649350649351,0
00-0038951,S.Tucker,Sean Tucker,RB,2025,2,REG,2025_02_TB_HOU,TB,HOU,0,0,0,0,0,0,0,0,0,0,0,0,0,0,0,0,0,0,0,0,0,0
00-0038976,M.Mims,Marvin Mims Jr.,WR,2025,2,REG,2025_02_DEN_IND,DEN,IND,0,0,0,0,0,0,0,0,0,0,0,0,2,2,24,1,0,0,18,0.0666666666666667,0.122448979591837,0
00-0038979,C.Tillman,Cedric Tillman,WR,2025,2,REG,2025_02_CLE_BAL,CLE,BAL,0,0,0,0,0,0,0,0,0,0,0,0,2,7,22,1,0,0,72,0.170731707317073,0.230769230769231,0
00-0038996,T.Kraft,Tucker Kraft,TE,2025,2,REG,2025_02_WAS_GB,GB,WAS,0,0,0,0,0,0,0,0,0,0,0,0,6,7,124,1,0,0,56,0.259259259259259,0.137254901960784,0
00-0038997,J.Downs,Josh Downs,WR,2025,2,REG,2025_02_DEN_IND,IND,DEN,0,0,0,0,0,0,0,0,0,0,0,0,6,8,51,0,0,0,58,0.242424242424242,0.17629179331307,0
00-0039021,R.Johnson,Roschon Johnson,RB,2025,2,REG,2025_02_CHI_DET,CHI,DET,0,0,0,0,0,0,0,0,0,0,0,0,0,0,0,0,0,0,0,0,0,0
00-0039040,D.Achane,De'Von Achane,RB,2025,2,REG,2025_02_NE_MIA,MIA,NE,0,0,0,0,0,0,0,11,30,0,0,0,8,10,92,1,0,0,-9,0.3125,-0.0358565737051793,0
00-0039041,E.Higgins,Elijah Higgins,TE,2025,2,REG,2025_02_CAR_ARI,ARI,CAR,0,0,0,0,0,0,0,0,0,0,0,0,2,3,45,0,0,0,15,0.12,0.09375,0
00-0039050,P.Durham,Payne Durham,TE,2025,2,REG,2025_02_TB_HOU,TB,HOU,0,0,0,0,0,0,0,0,0,0,0,0,0,1,0,0,0,0,5,0.0277777777777778,0.0164473684210526,0
00-0039064,Z.Flowers,Zay Flowers,WR,2025,2,REG,2025_02_CLE_BAL,BAL,CLE,0,0,0,0,0,0,0,1,4,0,0,0,7,11,75,0,0,0,134,0.392857142857143,0.490842490842491,0
00-0039065,S.LaPorta,Sam LaPorta,TE,2025,2,REG,2025_02_CHI_DET,DET,CHI,0,0,0,0,0,0,0,0,0,0,0,0,3,4,26,0,0,0,18,0.142857142857143,0.0656934306569343,0
00-0039066,M.Mayer,Michael Mayer,TE,2025,2,REG,2025_02_LAC_LV,LV,LAC,0,0,0,0,0,0,0,0,0,0,0,0,2,2,9,0,0,0,7,0.0465116279069768,0.0240549828178694,0
00-0039074,D.Allen,Davis Allen,TE,2025,2,REG,2025_02_LA_TEN,LA,TEN,0,0,0,0,0,0,0,0,0,0,0,0,1,1,8,1,0,0,5,0.03125,0.0190839694656489,0
00-0039075,P.Nacua,Puka Nacua,WR,2025,2,REG,2025_02_LA_TEN,LA,TEN,0,0,0,0,0,0,0,1,45,1,0,0,8,9,91,0,0,0,68,0.28125,0.259541984732824,0
00-0039139,J.Gibbs,Jahmyr Gibbs,RB,2025,2,REG,2025_02_CHI_DET,DET,CHI,0,0,0,0,0,0,0,12,94,1,0,0,3,3,10,0,0,0,-3,0.107142857142857,-0.0109489051094891,0
00-0039144,L.Musgrave,Luke Musgrave,TE,2025,2,REG,2025_02_WAS_GB,GB,WAS,0,0,0,0,0,0,0,0,0,0,0,0,2,2,32,0,0,0,25,0.0740740740740741,0.0612745098039216,0
00-0039150,B.Young,Bryce Young,QB,2025,2,REG,2025_02_CAR_ARI,CAR,ARI,35,55,328,3,1,1,0,2,2,0,0,0,0,0,0,0,0,0,0,0,0,0
00-0039163,C.Stroud,C.J. Stroud,QB,2025,2,REG,2025_02_TB_HOU,HOU,TB,13,24,207,1,0,0,0,4,27,0,0,0,0,0,0,0,0,0,0,0,0,0
00-0039165,Z.Charbonnet,Zach Charbonnet,RB,2025,2,REG,2025_02_SEA_PIT,SEA,PIT,0,0,0,0,0,0,0,15,10,0,0,0,0,0,0,0,0,0,0,0,0,0
00-0039299,G.Holani,George Holani,RB,2025,2,REG,2025_02_SEA_PIT,SEA,PIT,0,0,0,0,0,0,0,0,0,0,0,0,0,0,0,0,0,0,0,0,0,1
00-0039337,M.Nabers,Malik Nabers,WR,2025,2,REG,2025_02_NYG_DAL,NYG,DAL,0,0,0,0,0,0,0,0,0,0,0,0,9,13,167,2,0,0,263,0.325,0.503831417624521,0
00-0039338,B.Bowers,Brock Bowers,TE,2025,2,REG,2025_02_LAC_LV,LV,LAC,0,0,0,0,0,0,0,0,0,0,0,0,5,8,38,0,0,0,51,0.186046511627907,0.175257731958763,0
00-0039342,X.Legette,Xavier Legette,WR,2025,2,REG,2025_02_CAR_ARI,CAR,ARI,0,0,0,0,0,0,0,1,0,0,0,0,1,8,-2,0,0,0,33,0.150943396226415,0.088,0
00-0039355,L.McCaffrey,Luke McCaffrey,WR,2025,2,REG,2025_02_WAS_GB,WAS,GB,0,0,0,0,0,0,0,0,0,0,0,0,1,1,19,0,0,1,17,0.025,0.0609318996415771,0
00-0039356,J.Sanders,Ja'Tavion Sanders,TE,2025,2,REG,2025_02_CAR_ARI,CAR,ARI,0,0,0,0,0,0,0,0,0,0,0,0,7,9,54,0,0,0,56,0.169811320754717,0.149333333333333,0
00-0039361,B.Irving,Bucky Irving,RB,2025,2,REG,2025_02_TB_HOU,TB,HOU,0,0,0,0,0,0,0,17,71,0,0,0,6,6,50,0,0,0,-13,0.166666666666667,-0.0427631578947368,0
00-0039363,I.Guerendo,Isaac Guerendo,RB,2025,2,REG,2025_02_SF_NO,SF,NO,0,0,0,0,0,0,0,0,0,0,0,0,0,0,0,0,0,0,0,0,0,0
00-0039376,S.Rattler,Spencer Rattler,QB,2025,2,REG,2025_02_SF_NO,NO,SF,25,34,207,3,0,0,0,4,14,0,0,0,0,0,0,0,0,0,0,0,0,0
00-0039379,J.Thrash,Jamari Thrash,WR,2025,2,REG,2025_02_CLE_BAL,CLE,BAL,0,0,0,0,0,0,0,0,0,0,0,0,1,1,5,0,0,0,3,0.024390243902439,0.00961538461538462,0
00-0039384,T.Tracy,Tyrone Tracy Jr.,RB,2025,2,REG,2025_02_NYG_DAL,NYG,DAL,0,0,0,0,0,0,0,5,15,0,0,0,4,5,36,0,0,0,1,0.125,0.00191570881226054,0
00-0039407,D.Laube,Dylan Laube,RB,2025,2,REG,2025_02_LAC_LV,LV,LAC,0,0,0,0,0,0,0,0,0,0,0,0,2,2,17,0,0,0,-3,0.0465116279069768,-0.0103092783505155,0
00-0039410,R.Flournoy,Ryan Flournoy,WR,2025,2,REG,2025_02_NYG_DAL,DAL,NYG,0,0,0,0,0,0,0,0,0,0,0,0,0,0,0,0,0,0,0,0,0,0
00-0039424,D.Vele,Devaughn Vele,WR,2025,2,REG,2025_02_SF_NO,NO,SF,0,0,0,0,0,0,0,0,0,0,0,0,1,1,3,1,0,0,3,0.0294117647058824,0.012,0
00-0039451,I.Williams,Isaiah Williams,WR,2025,2,REG,2025_02_BUF_NYJ,NYJ,BUF,0,0,0,0,0,0,0,0,0,0,0,0,0,0,0,0,0,0,0,0,0,0
00-0039530,B.Spann-Ford,Brevyn Spann-Ford,TE,2025,2,REG,2025_02_NYG_DAL,DAL,NYG,0,0,0,0,0,0,0,0,0,0,0,0,1,1,3,0,0,0,1,0.0192307692307692,0.00285714285714286,0
00-0039589,K.Johnson,Kameron Johnson,WR,2025,2,REG,2025_02_TB_HOU,TB,HOU,0,0,0,0,0,0,0,0,0,0,0,0,0,0,0,0,0,0,0,0,0,0
00-0039650,B.Oliver,Bryce Oliver,WR,2025,2,REG,2025_02_LA_TEN,TEN,LA,0,0,0,0,0,0,0,0,0,0,0,0,0,0,0,0,0,0,0,0,0,0
00-0039732,B.Nix,Bo Nix,QB,2025,2,REG,2025_02_DEN_IND,DEN,IND,22,30,206,3,1,0,0,3,20,0,0,0,0,0,0,0,0,0,0,0,0,0
00-0039738,B.Corum,Blake Corum,RB,2025,2,REG,2025_02_LA_TEN,LA,TEN,0,0,0,0,0,0,0,5,44,1,0,0,0,0,0,0,0,0,0,0,0,0
00-0039739,R.Wilson,Roman Wilson,WR,2025,2,REG,2025_02_SEA_PIT,PIT,SEA,0,0,0,0,0,0,0,0,0,0,0,0,1,2,7,0,0,0,23,0.0645161290322581,0.123655913978495,0
00-0039751,J.Whittington,Jordan Whittington,WR,2025,2,REG,2025_02_LA_TEN,LA,TEN,0,0,0,0,0,0,0,0,0,0,0,0,2,2,42,0,0,0,29,0.0625,0.110687022900763,0
00-0039792,D.Walker,Devontez Walker,WR,2025,2,REG,2025_02_CLE_BAL,BAL,CLE,0,0,0,0,0,0,0,0,0,0,0,0,2,2,26,2,0,0,26,0.0714285714285714,0.0952380952380952,0
00-0039793,A.Barner,AJ Barner,TE,2025,2,REG,2025_02_SEA_PIT,SEA,PIT,0,0,0,0,0,0,0,1,2,0,0,0,2,3,26,1,0,0,-1,0.1,-0.00377358490566038,0
00-0039794,B.Allen,Braelon Allen,RB,2025,2,REG,2025_02_BUF_NYJ,NYJ,BUF,0,0,0,0,0,0,0,2,11,0,0,0,0,1,0,0,0,0,0,0.0476190476190476,0,0
00-0039796,R.Ali,Rasheen Ali,RB,2025,2,REG,2025_02_CLE_BAL,BAL,CLE,0,0,0,0,0,0,0,0,0,0,0,0,0,0,0,0,0,0,0,0,0,0
00-0039798,I.Davis,Isaiah Davis,RB,2025,2,REG,2025_02_BUF_NYJ,NYJ,BUF,0,0,0,0,0,0,0,0,0,0,0,0,1,3,6,0,0,0,25,0.142857142857143,0.145348837209302,0
00-0039816,A.Gould,Anthony Gould,WR,2025,2,REG,2025_02_DEN_IND,IND,DEN,0,0,0,0,0,0,0,0,0,0,0,0,0,0,0,0,0,0,0,0,0,0
00-0039847,T.Johnson,Theo Johnson,TE,2025,2,REG,2025_02_NYG_DAL,NYG,DAL,0,0,0,0,0,0,0,0,0,0,0,0,4,5,34,0,0,0,42,0.125,0.0804597701149425,0
00-0039849,M.Harrison,Marvin Harrison Jr.,WR,2025,2,REG,2025_02_CAR_ARI,ARI,CAR,0,0,0,0,0,0,0,0,0,0,0,0,2,5,27,0,0,0,27,0.2,0.16875,0
00-0039851,D.Maye,Drake Maye,QB,2025,2,REG,2025_02_NE_MIA,NE,MIA,19,23,230,2,0,0,0,10,31,1,0,0,0,0,0,0,0,0,0,0,0,0
00-0039868,T.Franklin,Troy Franklin,WR,2025,2,REG,2025_02_DEN_IND,DEN,IND,0,0,0,0,0,0,0,1,11,0,0,0,8,9,89,1,0,0,60,0.3,0.408163265306122,0
00-0039875,R.Davis,Ray Davis,RB,2025,2,REG,2025_02_BUF_NYJ,BUF,NYJ,0,0,0,0,0,0,0,9,24,0,0,0,0,0,0,0,0,0,0,0,0,0
00-0039880,M.Washington,Malik Washington,WR,2025,2,REG,2025_02_NE_MIA,MIA,NE,0,0,0,0,0,0,0,3,23,0,0,0,1,2,2,0,0,0,6,0.0625,0.0239043824701195,1
00-0039890,A.Mitchell,Adonai Mitchell,WR,2025,2,REG,2025_02_DEN_IND,IND,DEN,0,0,0,0,0,0,0,0,0,0,0,0,2,4,20,0,0,0,107,0.121212121212121,0.325227963525836,0
00-0039893,B.Thomas,Brian Thomas Jr.,WR,2025,2,REG,2025_02_JAX_CIN,JAX,CIN,0,0,0,0,0,0,0,0,0,0,0,0,4,12,49,0,0,0,166,0.292682926829268,0.538961038961039,0
00-0039901,K.Coleman,Keon Coleman,WR,2025,2,REG,2025_02_BUF_NYJ,BUF,NYJ,0,0,0,0,0,0,0,0,0,0,0,0,3,3,26,0,0,0,26,0.12,0.178082191780822,0
00-0039910,J.Daniels,Jayden Daniels,QB,2025,2,REG,2025_02_WAS_GB,WAS,GB,24,42,200,2,0,0,1,7,17,0,0,0,0,0,0,0,0,0,0,0,0,0
00-0039912,B.Sinnott,Ben Sinnott,TE,2025,2,REG,2025_02_WAS_GB,WAS,GB,0,0,0,0,0,0,0,0,0,0,0,0,1,1,7,0,0,0,7,0.025,0.025089605734767,0
00-0039915,L.McConkey,Ladd McConkey,WR,2025,2,REG,2025_02_LAC_LV,LAC,LV,0,0,0,0,0,0,0,0,0,0,0,0,5,5,48,0,0,0,32,0.185185185185185,0.131147540983607,0
00-0039916,R.Pearsall,Ricky Pearsall,WR,2025,2,REG,2025_02_SF_NO,SF,NO,0,0,0,0,0,0,0,1,-4,0,0,0,4,6,56,0,0,0,99,0.157894736842105,0.389763779527559,0
00-0039917,M.Penix,Michael Penix Jr.,QB,2025,2,REG,2025_02_ATL_MIN,ATL,MIN,13,21,135,0,0,0,0,1,-1,0,0,0,0,0,0,0,0,0,0,0,0,0
00-0039918,C.Williams,Caleb Williams,QB,2025,2,REG,2025_02_CHI_DET,CHI,DET,19,30,207,2,1,0,0,5,27,0,0,0,0,0,0,0,0,0,0,0,0,0
00-0039919,R.Odunze,Rome Odunze,WR,2025,2,REG,2025_02_CHI_DET,CHI,DET,0,0,0,0,0,0,0,0,0,0,0,0,7,11,128,2,0,0,200,0.333333333333333,0.593471810089021,0
00-0039921,T.Benson,Trey Benson,RB,2025,2,REG,2025_02_CAR_ARI,ARI,CAR,0,0,0,0,0,0,0,3,14,0,0,0,4,6,30,0,0,0,2,0.24,0.0125,0
00-0039923,J.McCarthy,J.J. McCarthy,QB,2025,2,REG,2025_02_ATL_MIN,MIN,ATL,11,21,158,0,2,1,0,5,25,0,0,0,0,0,0,0,0,0,0,0,0,0
00-0040009,S.Williams,Savion Williams,WR,2025,2,REG,2025_02_WAS_GB,GB,WAS,0,0,0,0,0,0,0,2,24,0,0,0,0,0,0,0,0,0,0,0,0,0
00-0040075,L.Wester,LaJohntay Wester,WR,2025,2,REG,2025_02_CLE_BAL,BAL,CLE,0,0,0,0,0,0,0,0,0,0,0,0,0,0,0,0,0,0,0,0,0,0
00-0040078,B.Smith,Brashard Smith,RB,2025,2,REG,2025_02_PHI_KC,KC,PHI,0,0,0,0,0,0,0,1,2,0,0,0,0,1,0,0,0,0,0,0.0344827586206897,0,0
00-0040122,A.Jeanty,Ashton Jeanty,RB,2025,2,REG,2025_02_LAC_LV,LV,LAC,0,0,0,0,0,0,0,11,43,0,0,0,3,4,1,0,0,0,-27,0.0930232558139535,-0.0927835051546392,0
00-0040124,T.McMillan,Tetairoa McMillan,WR,2025,2,REG,2025_02_CAR_ARI,CAR,ARI,0,0,0,0,0,0,0,0,0,0,0,0,6,10,100,0,0,0,82,0.188679245283019,0.218666666666667,0
00-0040126,C.Loveland,Colston Loveland,TE,2025,2,REG,2025_02_CHI_DET,CHI,DET,0,0,0,0,0,0,0,0,0,0,0,0,0,1,0,0,0,0,22,0.0303030303030303,0.0652818991097923,0
00-0040128,T.Warren,Tyler Warren,TE,2025,2,REG,2025_02_DEN_IND,IND,DEN,0,0,0,0,0,0,0,1,0,0,0,0,4,7,79,0,0,0,55,0.212121212121212,0.167173252279635,0
00-0040129,E.Egbuka,Emeka Egbuka,WR,2025,2,REG,2025_02_TB_HOU,TB,HOU,0,0,0,0,0,0,0,0,0,0,0,0,4,7,29,1,0,0,81,0.194444444444444,0.266447368421053,0
00-0040130,J.Higgins,Jayden Higgins,WR,2025,2,REG,2025_02_TB_HOU,HOU,TB,0,0,0,0,0,0,0,0,0,0,0,0,1,1,28,0,0,0,4,0.0434782608695652,0.0205128205128205,0
00-0040134,P.Bryant,Pat Bryant,WR,2025,2,REG,2025_02_DEN_IND,DEN,IND,0,0,0,0,0,0,0,0,0,0,0,0,2,3,18,0,0,0,8,0.1,0.054421768707483,0
00-0040138,J.Noel,Jaylin Noel,WR,2025,2,REG,2025_02_TB_HOU,HOU,TB,0,0,0,0,0,0,0,0,0,0,0,0,0,0,0,0,0,0,0,0,0,0
00-0040142,K.Johnson,Kaleb Johnson,RB,2025,2,REG,2025_02_SEA_PIT,PIT,SEA,0,0,0,0,0,0,0,1,1,0,0,0,0,0,0,0,0,0,0,0,0,0
00-0040162,D.Sampson,Dylan Sampson,RB,2025,2,REG,2025_02_CLE_BAL,CLE,BAL,0,0,0,0,0,0,0,4,6,0,0,0,3,3,13,1,0,0,7,0.0731707317073171,0.0224358974358974,0
00-0040164,J.Lane,Jaylin Lane,WR,2025,2,REG,2025_02_WAS_GB,WAS,GB,0,0,0,0,0,0,0,0,0,0,0,0,1,4,2,0,0,0,16,0.1,0.0573476702508961,0
00-0040170,E.Ayomanor,Elic Ayomanor,WR,2025,2,REG,2025_02_LA_TEN,TEN,LA,0,0,0,0,0,0,0,0,0,0,0,0,4,6,56,1,0,0,69,0.193548387096774,0.32093023255814,0
00-0040179,D.Giddens,DJ Giddens,RB,2025,2,REG,2025_02_DEN_IND,IND,DEN,0,0,0,0,0,0,0,0,0,0,0,0,0,1,0,0,0,0,-6,0.0303030303030303,-0.0182370820668693,0
00-0040184,K.Lambert-Smith,KeAndre Lambert-Smith,WR,2025,2,REG,2025_02_LAC_LV,LAC,LV,0,0,0,0,0,0,0,0,0,0,0,0,0,0,0,0,0,0,0,0,0,0
00-0040187,M.Evans,Mitchell Evans,TE,2025,2,REG,2025_02_CAR_ARI,CAR,ARI,0,0,0,0,0,0,0,0,0,0,0,0,1,1,9,0,0,0,5,0.0188679245283019,0.0133333333333333,0
00-0040194,J.Hawes,Jackson Hawes,TE,2025,2,REG,2025_02_BUF_NYJ,BUF,NYJ,0,0,0,0,0,0,0,0,0,0,0,0,1,1,5,0,0,0,-2,0.04,-0.0136986301369863,0
00-0040198,O.Gordon,Ollie Gordon II,RB,2025,2,REG,2025_02_NE_MIA,MIA,NE,0,0,0,0,0,0,0,1,8,0,0,0,1,1,5,0,0,0,-3,0.03125,-0.0119521912350598,0
00-0040208,T.Brooks,Tahj Brooks,RB,2025,2,REG,2025_02_JAX_CIN,CIN,JAX,0,0,0,0,0,0,0,0,0,0,0,0,0,0,0,0,0,0,0,0,0,0
00-0040236,K.Monangai,Kyle Monangai,RB,2025,2,REG,2025_02_CHI_DET,CHI,DET,0,0,0,0,0,0,0,7,28,0,0,0,1,3,8,0,0,0,6,0.0909090909090909,0.0178041543026706,0
00-0040238,L.Allen,LeQuint Allen Jr.,RB,2025,2,REG,2025_02_JAX_CIN,JAX,CIN,0,0,0,0,0,0,0,2,13,0,0,0,0,0,0,0,0,0,0,0,0,0
00-0040242,J.Croskey-Merritt,Jacory Croskey-Merritt,RB,2025,2,REG,2025_02_WAS_GB,WAS,GB,0,0,0,0,0,0,0,4,17,0,0,0,0,1,0,0,0,0,6,0.025,0.021505376344086,0
00-0040432,B.Collins,Beaux Collins,WR,2025,2,REG,2025_02_NYG_DAL,NYG,DAL,0,0,0,0,0,0,0,0,0,0,0,0,0,0,0,0,0,0,0,0,0,0
00-0040506,M.Price,Myles Price,WR,2025,2,REG,2025_02_ATL_MIN,MIN,ATL,0,0,0,0,0,0,0,0,0,0,0,0,0,0,0,0,0,0,0,0,0,0
00-0040509,B.Yurosek,Ben Yurosek,TE,2025,2,REG,2025_02_ATL_MIN,MIN,ATL,0,0,0,0,0,0,0,0,0,0,0,0,0,0,0,0,0,0,0,0,0,0
00-0040581,D.Thornton,Dont'e Thornton Jr.,WR,2025,2,REG,2025_02_LAC_LV,LV,LAC,0,0,0,0,0,0,0,0,0,0,0,0,1,4,20,0,0,0,105,0.0930232558139535,0.360824742268041,0
00-0040582,A.Smith,Arian Smith,WR,2025,2,REG,2025_02_BUF_NYJ,NYJ,BUF,0,0,0,0,0,0,0,1,-10,0,0,0,1,2,8,0,0,0,22,0.0952380952380952,0.127906976744186,0
00-0040583,W.Marks,Woody Marks,RB,2025,2,REG,2025_02_TB_HOU,HOU,TB,0,0,0,0,0,0,0,3,14,0,0,0,1,1,37,0,0,0,5,0.0434782608695652,0.0256410256410256,0
00-0040584,G.Helm,Gunnar Helm,TE,2025,2,REG,2025_02_LA_TEN,TEN,LA,0,0,0,0,0,0,0,0,0,0,0,0,2,2,9,0,0,0,-1,0.0645161290322581,-0.00465116279069768,0
00-0040644,T.Etienne,Trevor Etienne,RB,2025,2,REG,2025_02_CAR_ARI,CAR,ARI,0,0,0,0,0,0,0,0,0,0,0,0,1,1,2,0,0,0,-3,0.0188679245283019,-0.008,0
00-0040648,T.Horton,Tory Horton,WR,2025,2,REG,2025_02_SEA_PIT,SEA,PIT,0,0,0,0,0,0,0,0,0,0,0,0,2,4,32,1,0,0,79,0.133333333333333,0.29811320754717,0
00-0040649,R.Ouzts,Robbie Ouzts,RB,2025,2,REG,2025_02_SEA_PIT,SEA,PIT,0,0,0,0,0,0,0,0,0,0,0,0,0,0,0,0,0,0,0,0,0,0
00-0040663,H.Fannin,Harold Fannin Jr.,TE,2025,2,REG,2025_02_CLE_BAL,CLE,BAL,0,0,0,0,0,0,0,0,0,0,0,0,5,5,48,0,0,0,27,0.121951219512195,0.0865384615384615,0
00-0040666,O.Hampton,Omarion Hampton,RB,2025,2,REG,2025_02_LAC_LV,LAC,LV,0,0,0,0,0,0,0,8,24,0,0,0,1,2,1,0,0,0,2,0.0740740740740741,0.00819672131147541,0
00-0040667,M.Golden,Matthew Golden,WR,2025,2,REG,2025_02_WAS_GB,GB,WAS,0,0,0,0,0,0,0,2,15,0,0,0,0,2,0,0,0,0,81,0.0740740740740741,0.198529411764706,0
00-0040669,I.TeSlaa,Isaac TeSlaa,WR,2025,2,REG,2025_02_CHI_DET,DET,CHI,0,0,0,0,0,0,0,0,0,0,0,0,1,1,29,0,0,0,27,0.0357142857142857,0.0985401459854015,0
00-0040676,C.Ward,Cam Ward,QB,2025,2,REG,2025_02_LA_TEN,TEN,LA,19,33,175,1,0,1,0,4,8,0,0,0,0,0,0,0,0,0,0,0,0,0
00-0040691,J.Dart,Jaxson Dart,QB,2025,2,REG,2025_02_NYG_DAL,NYG,DAL,0,0,0,0,0,0,0,1,-3,0,0,0,0,0,0,0,0,0,0,0,0,0
00-0040704,D.Gabriel,Dillon Gabriel,QB,2025,2,REG,2025_02_CLE_BAL,CLE,BAL,3,3,19,1,0,0,0,0,0,0,0,0,0,0,0,0,0,0,0,0,0,0
00-0040705,C.Dike,Chimere Dike,WR,2025,2,REG,2025_02_LA_TEN,TEN,LA,0,0,0,0,0,0,0,2,9,0,0,0,2,5,-1,0,0,0,38,0.161290322580645,0.176744186046512,0
00-0040715,C.Skattebo,Cam Skattebo,RB,2025,2,REG,2025_02_NYG_DAL,NYG,DAL,0,0,0,0,0,0,0,11,45,1,0,0,2,3,14,0,0,0,8,0.075,0.0153256704980843,0
00-0040719,B.Tuten,Bhayshul Tuten,RB,2025,2,REG,2025_02_JAX_CIN,JAX,CIN,0,0,0,0,0,0,0,8,42,0,0,0,2,2,32,1,0,0,-11,0.0487804878048781,-0.0357142857142857,0
00-0040727,T.Harris,Tre Harris,WR,2025,2,REG,2025_02_LAC_LV,LAC,LV,0,0,0,0,0,0,0,0,0,0,0,0,2,3,34,0,0,0,32,0.111111111111111,0.131147540983607,0
00-0040730,R.Harvey,RJ Harvey,RB,2025,2,REG,2025_02_DEN_IND,DEN,IND,0,0,0,0,0,0,0,5,8,0,0,0,1,2,16,0,0,0,5,0.0666666666666667,0.0340136054421769,0
00-0040734,T.Henderson,TreVeyon Henderson,RB,2025,2,REG,2025_02_NE_MIA,NE,MIA,0,0,0,0,0,0,0,3,10,0,0,0,2,2,30,0,0,0,2,0.0869565217391304,0.0149253731343284,0
00-0040735,L.Burden,Luther Burden III,WR,2025,2,REG,2025_02_CHI_DET,CHI,DET,0,0,0,0,0,0,0,0,0,0,0,0,1,2,5,0,0,0,6,0.0606060606060606,0.0178041543026706,0
00-0040736,M.Taylor,Mason Taylor,TE,2025,2,REG,2025_02_BUF_NYJ,NYJ,BUF,0,0,0,0,0,0,0,0,0,0,0,0,1,2,5,0,0,0,8,0.0952380952380952,0.0465116279069768,0
00-0040739,E.Arroyo,Elijah Arroyo,TE,2025,2,REG,2025_02_SEA_PIT,SEA,PIT,0,0,0,0,0,0,0,0,0,0,0,0,2,3,31,0,0,0,6,0.1,0.0226415094339623,0
00-0040782,I.Bond,Isaiah Bond,WR,2025,2,REG,2025_02_CLE_BAL,CLE,BAL,0,0,0,0,0,0,0,1,9,0,0,0,1,3,6,0,0,0,9,0.0731707317073171,0.0288461538461538,0
00-0040784,Q.Judkins,Quinshon Judkins,RB,2025,2,REG,2025_02_CLE_BAL,CLE,BAL,0,0,0,0,0,0,0,10,61,0,0,0,3,3,10,0,0,0,2,0.0731707317073171,0.00641025641025641,0
00-0023459,A.Rodgers,Aaron Rodgers,QB,2025,3,REG,2025_03_PIT_NE,PIT,NE,16,23,139,2,1,0,0,4,1,0,0,0,0,0,0,0,0,0,0,0,0,0
00-0026158,J.Flacco,Joe Flacco,QB,2025,3,REG,2025_03_GB_CLE,CLE,GB,21,36,142,0,1,0,0,0,0,0,0,0,0,0,0,0,0,0,0,0,0,0
00-0026498,M.Stafford,Matthew Stafford,QB,2025,3,REG,2025_03_LA_PHI,LA,PHI,19,33,196,2,1,0,0,0,0,0,0,0,0,0,0,0,0,0,0,0,0,0
00-0027973,A.Dalton,Andy Dalton,QB,2025,3,REG,2025_03_ATL_CAR,CAR,ATL,0,0,0,0,0,0,0,1,-1,0,0,0,0,0,0,0,0,0,0,0,0,0
00-0028118,T.Taylor,Tyrod Taylor,QB,2025,3,REG,2025_03_NYJ_TB,NYJ,TB,26,36,197,2,1,1,0,8,48,0,0,0,0,0,0,0,0,0,0,0,0,0
00-0029263,R.Wilson,Russell Wilson,QB,2025,3,REG,2025_03_KC_NYG,NYG,KC,18,32,160,0,2,0,0,5,27,0,0,0,0,0,0,0,0,0,0,0,0,0
00-0029604,K.Cousins,Kirk Cousins,QB,2025,3,REG,2025_03_ATL_CAR,ATL,CAR,5,7,29,0,0,0,0,0,0,0,0,0,0,0,0,0,0,0,0,0,0,0
00-0030035,A.Thielen,Adam Thielen,WR,2025,3,REG,2025_03_CIN_MIN,MIN,CIN,0,0,0,0,0,0,0,0,0,0,0,0,0,2,0,0,0,0,29,0.0833333333333333,0.154255319148936,0
00-0030061,Z.Ertz,Zach Ertz,TE,2025,3,REG,2025_03_LV_WAS,WAS,LV,0,0,0,0,0,0,0,0,0,0,0,0,3,3,38,0,0,0,33,0.166666666666667,0.208860759493671,0
00-0030279,K.Allen,Keenan Allen,WR,2025,3,REG,2025_03_DEN_LAC,LAC,DEN,0,0,0,0,0,0,0,0,0,0,0,0,7,11,65,1,0,0,108,0.244444444444444,0.251748251748252,0
00-0030506,T.Kelce,Travis Kelce,TE,2025,3,REG,2025_03_KC_NYG,KC,NYG,0,0,0,0,0,0,0,0,0,0,0,0,4,7,26,0,0,0,31,0.2,0.0971786833855799,0
00-0030564,D.Hopkins,DeAndre Hopkins,WR,2025,3,REG,2025_03_DET_BAL,BAL,DET,0,0,0,0,0,0,0,0,0,0,0,0,1,2,13,0,0,0,24,0.0714285714285714,0.0845070422535211,0
00-0030565,G.Smith,Geno Smith,QB,2025,3,REG,2025_03_LV_WAS,LV,WAS,19,29,289,3,0,0,1,2,5,0,0,0,0,0,0,0,0,0,0,0,0,0
00-0031236,B.Cooks,Brandin Cooks,WR,2025,3,REG,2025_03_NO_SEA,NO,SEA,0,0,0,0,0,0,0,0,0,0,0,0,3,5,24,0,0,0,85,0.121951219512195,0.244956772334294,0
00-0031381,D.Adams,Davante Adams,WR,2025,3,REG,2025_03_LA_PHI,LA,PHI,0,0,0,0,0,0,0,0,0,0,0,0,3,8,56,1,0,0,125,0.242424242424242,0.466417910447761,0
00-0031408,M.Evans,Mike Evans,WR,2025,3,REG,2025_03_NYJ_TB,TB,NYJ,0,0,0,0,0,0,0,0,0,0,0,0,4,9,33,1,0,0,65,0.310344827586207,0.280172413793103,0
00-0031484,C.Manhertz,Chris Manhertz,TE,2025,3,REG,2025_03_KC_NYG,NYG,KC,0,0,0,0,0,0,0,0,0,0,0,0,1,1,7,0,0,0,1,0.0333333333333333,0.00352112676056338,0
00-0031588,S.Diggs,Stefon Diggs,WR,2025,3,REG,2025_03_PIT_NE,NE,PIT,0,0,0,0,0,0,0,0,0,0,0,0,3,3,23,0,0,0,12,0.0833333333333333,0.0579710144927536,0
00-0031763,D.Carter,DeAndre Carter,WR,2025,3,REG,2025_03_GB_CLE,CLE,GB,0,0,0,0,0,0,0,0,0,0,0,0,0,0,0,0,0,0,0,0,0,0
00-0032211,T.Lockett,Tyler Lockett,WR,2025,3,REG,2025_03_IND_TEN,TEN,IND,0,0,0,0,0,0,0,0,0,0,0,0,4,4,37,0,0,0,28,0.117647058823529,0.151351351351351,0
00-0032268,M.Mariota,Marcus Mariota,QB,2025,3,REG,2025_03_LV_WAS,WAS,LV,15,21,207,1,0,0,0,6,40,1,1,0,0,0,0,0,0,0,0,0,0,0
00-0032385,S.Shepard,Sterling Shepard,WR,2025,3,REG,2025_03_NYJ_TB,TB,NYJ,0,0,0,0,0,0,0,0,0,0,0,0,4,5,80,0,0,0,39,0.172413793103448,0.168103448275862,0
00-0032392,A.Hooper,Austin Hooper,TE,2025,3,REG,2025_03_PIT_NE,NE,PIT,0,0,0,0,0,0,0,0,0,0,0,0,2,3,28,0,0,0,34,0.0833333333333333,0.164251207729469,0
00-0032398,C.Moore,Chris Moore,WR,2025,3,REG,2025_03_LV_WAS,WAS,LV,0,0,0,0,0,0,0,0,0,0,0,0,2,2,25,0,0,0,17,0.111111111111111,0.107594936708861,0
00-0032464,K.Raymond,Kalif Raymond,WR,2025,3,REG,2025_03_DET_BAL,DET,BAL,0,0,0,0,0,0,0,0,0,0,0,0,1,2,4,0,0,0,9,0.0769230769230769,0.042654028436019,0
00-0032764,D.Henry,Derrick Henry,RB,2025,3,REG,2025_03_DET_BAL,BAL,DET,0,1,0,0,0,0,0,12,50,1,1,0,1,1,7,0,0,0,-2,0.0357142857142857,-0.00704225352112676,0
00-0032950,C.Wentz,Carson Wentz,QB,2025,3,REG,2025_03_CIN_MIN,MIN,CIN,14,20,173,2,0,0,0,2,4,0,0,0,0,0,0,0,0,0,0,0,0,0
00-0033040,T.Hill,Tyreek Hill,WR,2025,3,REG,2025_03_MIA_BUF,MIA,BUF,0,0,0,0,0,0,0,0,0,0,0,0,5,10,49,1,0,0,148,0.303030303030303,0.725490196078431,0
00-0033077,D.Prescott,Dak Prescott,QB,2025,3,REG,2025_03_DAL_CHI,DAL,CHI,31,40,251,1,2,0,1,0,0,0,0,0,0,0,0,0,0,0,0,0,0,0
00-0033090,H.Henry,Hunter Henry,TE,2025,3,REG,2025_03_PIT_NE,NE,PIT,0,0,0,0,0,0,0,0,0,0,0,0,8,11,90,2,0,0,67,0.305555555555556,0.323671497584541,0
00-0033106,J.Goff,Jared Goff,QB,2025,3,REG,2025_03_DET_BAL,DET,BAL,20,28,202,1,0,0,0,4,6,0,0,0,0,0,0,0,0,0,0,0,0,0
00-0033110,T.Higbee,Tyler Higbee,TE,2025,3,REG,2025_03_LA_PHI,LA,PHI,0,0,0,0,0,0,0,0,0,0,0,0,0,2,0,0,0,0,8,0.0606060606060606,0.0298507462686567,0
00-0033246,J.Mundt,Johnny Mundt,TE,2025,3,REG,2025_03_HOU_JAX,JAX,HOU,0,0,0,0,0,0,0,0,0,0,0,0,1,1,7,0,0,0,2,0.0263157894736842,0.00634920634920635,0
00-0033280,C.McCaffrey,Christian McCaffrey,RB,2025,3,REG,2025_03_ARI_SF,SF,ARI,0,0,0,0,0,0,0,17,52,0,0,0,10,15,88,0,0,0,35,0.394736842105263,0.11326860841424,0
00-0033307,K.Bourne,Kendrick Bourne,WR,2025,3,REG,2025_03_ARI_SF,SF,ARI,0,0,0,0,0,0,0,0,0,0,0,0,4,6,38,0,0,0,43,0.157894736842105,0.13915857605178,0
00-0033375,T.Patrick,Tim Patrick,WR,2025,3,REG,2025_03_HOU_JAX,JAX,HOU,0,0,0,0,0,0,0,0,0,0,0,0,1,1,16,0,0,0,3,0.0263157894736842,0.00952380952380953,0
00-0033526,S.Perine,Samaje Perine,RB,2025,3,REG,2025_03_CIN_MIN,CIN,MIN,0,0,0,0,0,0,0,4,21,0,1,0,0,0,0,0,0,0,0,0,0,0
00-0033553,J.Conner,James Conner,RB,2025,3,REG,2025_03_ARI_SF,ARI,SF,0,0,0,0,0,0,0,9,22,0,0,0,3,4,15,0,0,0,6,0.117647058823529,0.0338983050847458,0
00-0033555,M.Hollins,Mack Hollins,WR,2025,3,REG,2025_03_PIT_NE,NE,PIT,0,0,0,0,0,0,0,0,0,0,0,0,4,4,27,0,0,0,21,0.111111111111111,0.101449275362319,0
00-0033576,E.Saubert,Eric Saubert,TE,2025,3,REG,2025_03_NO_SEA,SEA,NO,0,0,0,0,0,0,0,0,0,0,0,0,1,1,12,0,0,0,6,0.05,0.0352941176470588,0
00-0033589,D.Moore,David Moore,WR,2025,3,REG,2025_03_ATL_CAR,CAR,ATL,0,0,0,0,0,0,0,0,0,0,0,0,1,1,5,0,0,0,5,0.0416666666666667,0.037593984962406,0
00-0033854,D.Ogunbowale,Dare Ogunbowale,RB,2025,3,REG,2025_03_HOU_JAX,HOU,JAX,0,0,0,0,0,0,0,0,0,0,0,0,0,0,0,0,0,0,0,0,0,0
00-0033857,J.Smith-Schuster,JuJu Smith-Schuster,WR,2025,3,REG,2025_03_KC_NYG,KC,NYG,0,0,0,0,0,0,0,0,0,0,0,0,4,4,55,0,0,0,18,0.114285714285714,0.0564263322884013,0
00-0033858,J.Smith,Jonnu Smith,TE,2025,3,REG,2025_03_PIT_NE,PIT,NE,0,0,0,0,0,0,0,0,0,0,0,0,3,3,23,0,0,0,8,0.136363636363636,0.0701754385964912,0
00-0033873,P.Mahomes,Patrick Mahomes,QB,2025,3,REG,2025_03_KC_NYG,KC,NYG,22,37,224,1,0,0,0,5,2,0,0,0,0,0,0,0,0,0,0,0,0,0
00-0033885,D.Njoku,David Njoku,TE,2025,3,REG,2025_03_GB_CLE,CLE,GB,0,0,0,0,0,0,0,0,0,0,0,0,5,7,40,0,0,0,24,0.212121212121212,0.0944881889763779,0
00-0033891,Z.Jones,Zay Jones,WR,2025,3,REG,2025_03_ARI_SF,ARI,SF,0,0,0,0,0,0,0,0,0,0,0,0,2,3,25,0,0,0,37,0.0882352941176471,0.209039548022599,0
00-0033906,A.Kamara,Alvin Kamara,RB,2025,3,REG,2025_03_NO_SEA,NO,SEA,0,0,0,0,0,0,0,18,42,0,0,0,1,2,14,0,0,0,28,0.0487804878048781,0.0806916426512968,0
00-0033908,C.Kupp,Cooper Kupp,WR,2025,3,REG,2025_03_NO_SEA,SEA,NO,0,0,0,0,0,0,0,0,0,0,0,0,2,3,31,0,0,0,10,0.15,0.0588235294117647,0
00-0033923,K.Hunt,Kareem Hunt,RB,2025,3,REG,2025_03_KC_NYG,KC,NYG,0,0,0,0,0,0,0,10,34,1,0,0,1,1,10,0,0,0,-3,0.0285714285714286,-0.00940438871473354,0
00-0033955,J.McNichols,Jeremy McNichols,RB,2025,3,REG,2025_03_LV_WAS,WAS,LV,0,0,0,0,0,0,0,4,78,1,0,0,0,0,0,0,0,0,0,0,0,0
00-0034270,T.Conklin,Tyler Conklin,TE,2025,3,REG,2025_03_DEN_LAC,LAC,DEN,0,0,0,0,0,0,0,0,0,0,0,0,0,2,0,0,0,0,-1,0.0444444444444444,-0.00233100233100233,0
00-0034272,M.Valdes-Scantling,Marquez Valdes-Scantling,WR,2025,3,REG,2025_03_ARI_SF,SF,ARI,0,0,0,0,0,0,0,0,0,0,0,0,1,1,9,0,0,0,8,0.0263157894736842,0.0258899676375405,0
00-0034348,C.Sutton,Courtland Sutton,WR,2025,3,REG,2025_03_DEN_LAC,DEN,LAC,0,0,0,0,0,0,0,0,0,0,0,0,6,8,118,1,0,0,146,0.347826086956522,0.54275092936803,0
00-0034351,D.Goedert,Dallas Goedert,TE,2025,3,REG,2025_03_LA_PHI,PHI,LA,0,0,0,0,0,0,0,0,0,0,0,0,1,2,33,1,0,0,30,0.0666666666666667,0.109489051094891,0
00-0034383,D.Schultz,Dalton Schultz,TE,2025,3,REG,2025_03_HOU_JAX,HOU,JAX,0,0,0,0,0,0,0,0,0,0,0,0,5,6,39,0,0,0,37,0.166666666666667,0.128472222222222,0
00-0034407,R.McCloud,Ray-Ray McCloud,WR,2025,3,REG,2025_03_ATL_CAR,ATL,CAR,0,0,0,0,0,0,0,0,0,0,0,0,2,5,20,0,0,0,33,0.121951219512195,0.107843137254902,0
00-0034521,A.Lazard,Allen Lazard,WR,2025,3,REG,2025_03_NYJ_TB,NYJ,TB,0,0,0,0,0,0,0,0,0,0,0,0,2,3,13,1,0,0,12,0.0857142857142857,0.0745341614906832,0
00-0034753,M.Andrews,Mark Andrews,TE,2025,3,REG,2025_03_DET_BAL,BAL,DET,0,0,0,0,0,0,0,0,0,0,0,0,6,6,91,2,0,0,65,0.214285714285714,0.22887323943662,0
00-0034775,C.Kirk,Christian Kirk,WR,2025,3,REG,2025_03_HOU_JAX,HOU,JAX,0,0,0,0,0,0,0,0,0,0,0,0,3,8,25,0,0,0,98,0.222222222222222,0.340277777777778,0
00-0034791,N.Chubb,Nick Chubb,RB,2025,3,REG,2025_03_HOU_JAX,HOU,JAX,0,0,0,0,0,0,0,9,38,0,0,0,3,4,2,0,0,0,-7,0.111111111111111,-0.0243055555555556,0
00-0034796,L.Jackson,Lamar Jackson,QB,2025,3,REG,2025_03_DET_BAL,BAL,DET,21,27,288,3,0,0,0,7,35,0,0,0,0,0,0,0,0,0,0,0,0,0
00-0034827,D.Moore,DJ Moore,WR,2025,3,REG,2025_03_DAL_CHI,CHI,DAL,0,0,0,0,0,0,0,3,7,0,0,0,4,5,21,1,0,0,30,0.178571428571429,0.12,0
00-0034829,M.Gesicki,Mike Gesicki,TE,2025,3,REG,2025_03_CIN_MIN,CIN,MIN,0,0,0,0,0,0,0,0,0,0,0,0,1,3,6,0,0,0,18,0.115384615384615,0.13953488372093,0
00-0034837,C.Ridley,Calvin Ridley,WR,2025,3,REG,2025_03_IND_TEN,TEN,IND,0,0,0,0,0,0,0,0,0,0,0,0,1,7,27,0,0,0,89,0.205882352941176,0.481081081081081,0
00-0034844,S.Barkley,Saquon Barkley,RB,2025,3,REG,2025_03_LA_PHI,PHI,LA,0,0,0,0,0,0,0,18,46,0,0,0,4,5,9,0,0,0,-2,0.166666666666667,-0.0072992700729927,0
00-0034855,B.Mayfield,Baker Mayfield,QB,2025,3,REG,2025_03_NYJ_TB,TB,NYJ,19,29,233,1,0,0,0,4,44,0,0,0,0,0,0,0,0,0,0,0,0,0
00-0034857,J.Allen,Josh Allen,QB,2025,3,REG,2025_03_MIA_BUF,BUF,MIA,22,28,213,3,0,0,0,4,25,0,0,0,0,0,0,0,0,0,0,0,0,0
00-0034869,S.Darnold,Sam Darnold,QB,2025,3,REG,2025_03_NO_SEA,SEA,NO,14,18,218,2,0,0,0,0,0,0,0,0,0,0,0,0,0,0,0,0,0,0
00-0034955,B.Rypien,Brett Rypien,QB,2025,3,REG,2025_03_CIN_MIN,CIN,MIN,0,0,0,0,0,0,0,0,0,0,0,0,0,0,0,0,0,0,0,0,0,0
00-0034960,J.Meyers,Jakobi Meyers,WR,2025,3,REG,2025_03_LV_WAS,LV,WAS,0,0,0,0,0,0,0,0,0,0,0,0,3,4,63,0,0,0,65,0.148148148148148,0.213114754098361,0
00-0034975,J.Hill,Justice Hill,RB,2025,3,REG,2025_03_DET_BAL,BAL,DET,0,0,0,0,0,0,0,0,0,0,0,0,3,4,45,0,0,0,17,0.142857142857143,0.0598591549295775,0
00-0034983,H.Renfrow,Hunter Renfrow,WR,2025,3,REG,2025_03_ATL_CAR,CAR,ATL,0,0,0,0,0,0,0,0,0,0,0,0,2,4,6,0,0,0,23,0.166666666666667,0.172932330827068,0
00-0035021,A.Dulin,Ashton Dulin,WR,2025,3,REG,2025_03_IND_TEN,IND,TEN,0,0,0,0,0,0,0,0,0,0,0,0,0,0,0,0,0,0,0,0,0,0
00-0035100,J.Browning,Jake Browning,QB,2025,3,REG,2025_03_CIN_MIN,CIN,MIN,19,27,140,1,2,0,0,1,3,0,0,0,0,0,0,0,0,0,0,0,0,0
00-0035208,O.Zaccheaus,Olamide Zaccheaus,WR,2025,3,REG,2025_03_DAL_CHI,CHI,DAL,0,0,0,0,0,0,0,1,12,0,0,0,3,4,24,0,0,0,13,0.142857142857143,0.052,0
00-0035228,K.Murray,Kyler Murray,QB,2025,3,REG,2025_03_ARI_SF,ARI,SF,22,35,159,1,0,0,0,6,37,0,0,0,0,0,0,0,0,0,0,0,0,0
00-0035229,T.Hockenson,T.J. Hockenson,TE,2025,3,REG,2025_03_CIN_MIN,MIN,CIN,0,0,0,0,0,0,0,0,0,0,0,0,5,6,49,1,0,0,45,0.25,0.23936170212766,0
00-0035243,M.Sanders,Miles Sanders,RB,2025,3,REG,2025_03_DAL_CHI,DAL,CHI,0,0,0,0,0,0,0,9,41,0,0,0,3,3,12,0,0,0,10,0.0681818181818182,0.0373134328358209,0
00-0035249,J.Oliver,Josh Oliver,TE,2025,3,REG,2025_03_CIN_MIN,MIN,CIN,0,0,0,0,0,0,0,0,0,0,0,0,1,1,12,1,0,0,6,0.0416666666666667,0.0319148936170213,0
00-0035250,D.Singletary,Devin Singletary,RB,2025,3,REG,2025_03_KC_NYG,NYG,KC,0,0,0,0,0,0,0,4,11,0,0,0,0,0,0,0,0,0,0,0,0,0
00-0035261,T.Pollard,Tony Pollard,RB,2025,3,REG,2025_03_IND_TEN,TEN,IND,0,0,0,0,0,0,0,16,45,1,0,0,2,4,14,0,0,0,-1,0.117647058823529,-0.00540540540540541,0
00-0035359,D.Sills,David Sills,WR,2025,3,REG,2025_03_ATL_CAR,ATL,CAR,0,0,0,0,0,0,0,0,0,0,0,0,1,2,9,0,0,0,36,0.0487804878048781,0.117647058823529,0
00-0035500,G.Dortch,Greg Dortch,WR,2025,3,REG,2025_03_ARI_SF,ARI,SF,0,0,0,0,0,0,0,1,5,0,0,0,2,2,3,0,0,0,-5,0.0588235294117647,-0.0282485875706215,0
00-0035535,D.Slayton,Darius Slayton,WR,2025,3,REG,2025_03_KC_NYG,NYG,KC,0,0,0,0,0,0,0,0,0,0,0,0,4,4,30,0,0,0,25,0.133333333333333,0.0880281690140845,0
00-0035537,Ty.Johnson,Ty Johnson,RB,2025,3,REG,2025_03_MIA_BUF,BUF,MIA,0,0,0,0,0,0,0,3,13,0,0,0,1,2,8,0,0,0,1,0.0740740740740741,0.00900900900900901,0
00-0035631,D.Sample,Drew Sample,TE,2025,3,REG,2025_03_CIN_MIN,CIN,MIN,0,0,0,0,0,0,0,0,0,0,0,0,2,3,20,1,0,0,9,0.115384615384615,0.0697674418604651,0
00-0035640,D.Metcalf,DK Metcalf,WR,2025,3,REG,2025_03_PIT_NE,PIT,NE,0,0,0,0,0,0,0,0,0,0,0,0,3,4,32,1,0,0,34,0.181818181818182,0.298245614035088,0
00-0035644,N.Fant,Noah Fant,TE,2025,3,REG,2025_03_CIN_MIN,CIN,MIN,0,0,0,0,0,0,0,0,0,0,0,0,5,5,26,0,1,0,13,0.192307692307692,0.10077519379845,0
00-0035645,G.Olszewski,Gunner Olszewski,WR,2025,3,REG,2025_03_KC_NYG,NYG,KC,0,0,0,0,0,0,0,0,0,0,0,0,0,0,0,0,0,0,0,0,0,0
00-0035659,T.McLaurin,Terry McLaurin,WR,2025,3,REG,2025_03_LV_WAS,WAS,LV,0,0,0,0,0,0,0,0,0,0,0,0,3,4,74,0,0,0,57,0.222222222222222,0.360759493670886,0
00-0035662,M.Brown,Marquise Brown,WR,2025,3,REG,2025_03_KC_NYG,KC,NYG,0,0,0,0,0,0,0,0,0,0,0,0,4,6,42,0,0,0,85,0.171428571428571,0.266457680250784,0
00-0035676,A.Brown,A.J. Brown,WR,2025,3,REG,2025_03_LA_PHI,PHI,LA,0,0,0,0,0,0,0,0,0,0,0,0,6,10,109,1,0,0,120,0.333333333333333,0.437956204379562,0
00-0035685,D.Montgomery,David Montgomery,RB,2025,3,REG,2025_03_DET_BAL,DET,BAL,0,0,0,0,0,0,0,12,151,2,0,0,1,1,13,0,0,0,4,0.0384615384615385,0.018957345971564,0
00-0035700,J.Jacobs,Josh Jacobs,RB,2025,3,REG,2025_03_GB_CLE,GB,CLE,0,0,0,0,0,0,0,16,30,0,0,0,5,9,44,0,0,0,-24,0.36,-0.5,0
00-0035704,D.Lock,Drew Lock,QB,2025,3,REG,2025_03_NO_SEA,SEA,NO,2,3,15,0,0,0,0,1,-1,0,0,0,0,0,0,0,0,0,0,0,0,0
00-0035710,D.Jones,Daniel Jones,QB,2025,3,REG,2025_03_IND_TEN,IND,TEN,18,25,228,1,0,0,0,4,27,0,0,0,0,0,0,0,0,0,0,0,0,0
00-0035719,D.Samuel,Deebo Samuel Sr.,WR,2025,3,REG,2025_03_LV_WAS,WAS,LV,0,0,0,0,0,0,0,3,18,0,0,0,2,3,11,0,0,0,6,0.166666666666667,0.0379746835443038,0
00-0035726,J.Johnson,Jakob Johnson,RB,2025,3,REG,2025_03_HOU_JAX,HOU,JAX,0,0,0,0,0,0,0,0,0,0,0,0,0,0,0,0,0,0,0,0,0,0
00-0036040,J.Johnson,Juwan Johnson,TE,2025,3,REG,2025_03_NO_SEA,NO,SEA,0,0,0,0,0,0,0,0,0,0,0,0,6,8,51,0,0,0,33,0.195121951219512,0.0951008645533141,0
00-0036139,R.Dowdle,Rico Dowdle,RB,2025,3,REG,2025_03_ATL_CAR,CAR,ATL,0,0,0,0,0,0,0,10,30,1,0,0,1,1,8,0,0,0,-7,0.0416666666666667,-0.0526315789473684,0
00-0036158,J.Dobbins,J.K. Dobbins,RB,2025,3,REG,2025_03_DEN_LAC,DEN,LAC,0,0,0,0,0,0,0,11,83,1,0,0,1,2,0,0,0,0,-13,0.0869565217391304,-0.0483271375464684,0
00-0036182,N.Westbrook-Ikhine,Nick Westbrook-Ikhine,WR,2025,3,REG,2025_03_MIA_BUF,MIA,BUF,0,0,0,0,0,0,0,0,0,0,0,0,0,0,0,0,0,0,0,0,0,0
00-0036212,T.Tagovailoa,Tua Tagovailoa,QB,2025,3,REG,2025_03_MIA_BUF,MIA,BUF,22,34,146,2,1,0,0,2,10,0,0,0,0,0,0,0,0,0,0,0,0,0
00-0036223,J.Taylor,Jonathan Taylor,RB,2025,3,REG,2025_03_IND_TEN,IND,TEN,0,0,0,0,0,0,0,17,102,3,0,0,3,4,16,0,0,0,-11,0.16,-0.0628571428571429,0
00-0036252,M.Pittman,Michael Pittman,WR,2025,3,REG,2025_03_IND_TEN,IND,TEN,0,0,0,0,0,0,0,0,0,0,0,0,6,6,73,1,0,0,32,0.24,0.182857142857143,0
00-0036264,J.Love,Jordan Love,QB,2025,3,REG,2025_03_GB_CLE,GB,CLE,18,25,183,1,1,0,0,4,18,0,0,0,0,0,0,0,0,0,0,0,0,0
00-0036275,D.Swift,D'Andre Swift,RB,2025,3,REG,2025_03_DAL_CHI,CHI,DAL,0,0,0,0,0,0,0,13,33,0,0,0,3,4,45,0,0,0,-9,0.142857142857143,-0.036,0
00-0036290,C.Kmet,Cole Kmet,TE,2025,3,REG,2025_03_DAL_CHI,CHI,DAL,0,0,0,0,0,0,0,0,0,0,0,0,1,1,10,1,0,0,10,0.0357142857142857,0.04,0
00-0036309,D.Mooney,Darnell Mooney,WR,2025,3,REG,2025_03_ATL_CAR,ATL,CAR,0,0,0,0,0,0,0,0,0,0,0,0,4,11,44,0,0,0,125,0.268292682926829,0.408496732026144,0
00-0036322,J.Jefferson,Justin Jefferson,WR,2025,3,REG,2025_03_CIN_MIN,MIN,CIN,0,0,0,0,0,0,0,0,0,0,0,0,5,7,75,0,0,0,49,0.291666666666667,0.26063829787234,0
00-0036328,A.Gibson,Antonio Gibson,RB,2025,3,REG,2025_03_PIT_NE,NE,PIT,0,0,0,0,0,0,0,7,28,0,1,0,0,0,0,0,0,0,0,0,0,0
00-0036331,D.Duvernay,Devin Duvernay,WR,2025,3,REG,2025_03_DAL_CHI,CHI,DAL,0,0,0,0,0,0,0,0,0,0,0,0,0,0,0,0,0,0,0,0,0,0
00-0036355,J.Herbert,Justin Herbert,QB,2025,3,REG,2025_03_DEN_LAC,LAC,DEN,28,47,300,1,1,0,0,2,6,0,0,0,0,0,0,0,0,0,0,0,0,0
00-0036389,J.Hurts,Jalen Hurts,QB,2025,3,REG,2025_03_LA_PHI,PHI,LA,21,32,226,3,0,1,0,9,40,1,0,0,0,0,0,0,0,0,0,0,0,0
00-0036407,J.Jeudy,Jerry Jeudy,WR,2025,3,REG,2025_03_GB_CLE,CLE,GB,0,0,0,0,0,0,0,0,0,0,0,0,1,5,17,0,0,0,90,0.151515151515152,0.354330708661417,0
00-0036410,T.Higgins,Tee Higgins,WR,2025,3,REG,2025_03_CIN_MIN,CIN,MIN,0,0,0,0,0,0,0,0,0,0,0,0,1,2,15,0,0,0,39,0.0769230769230769,0.302325581395349,0
00-0036414,C.Akers,Cam Akers,RB,2025,3,REG,2025_03_CIN_MIN,MIN,CIN,0,0,0,0,0,0,0,5,19,0,0,0,0,1,0,0,0,0,-6,0.0416666666666667,-0.0319148936170213,0
00-0036415,V.Jefferson,Van Jefferson,WR,2025,3,REG,2025_03_IND_TEN,TEN,IND,0,0,0,0,0,0,0,0,0,0,0,0,1,1,8,0,0,0,1,0.0294117647058824,0.00540540540540541,0
00-0036422,A.Trautman,Adam Trautman,TE,2025,3,REG,2025_03_DEN_LAC,DEN,LAC,0,0,0,0,0,0,0,0,0,0,0,0,0,0,0,0,0,0,0,0,0,0
00-0036427,T.Johnson,Tyler Johnson,WR,2025,3,REG,2025_03_NYJ_TB,NYJ,TB,0,0,0,0,0,0,0,0,0,0,0,0,2,3,32,0,0,0,36,0.0857142857142857,0.22360248447205,0
00-0036429,C.Woerner,Charlie Woerner,TE,2025,3,REG,2025_03_ATL_CAR,ATL,CAR,0,0,0,0,0,0,0,0,0,0,0,0,1,1,-5,0,0,0,-5,0.024390243902439,-0.0163398692810458,0
00-0036550,R.Bateman,Rashod Bateman,WR,2025,3,REG,2025_03_DET_BAL,BAL,DET,0,0,0,0,0,0,0,0,0,0,0,0,5,7,63,1,0,0,95,0.25,0.334507042253521,0
00-0036554,N.Collins,Nico Collins,WR,2025,3,REG,2025_03_HOU_JAX,HOU,JAX,0,0,0,0,0,0,0,0,0,0,0,0,8,11,104,1,1,0,139,0.305555555555556,0.482638888888889,0
00-0036555,C.Hubbard,Chuba Hubbard,RB,2025,3,REG,2025_03_ATL_CAR,CAR,ATL,0,0,0,0,0,0,0,17,73,0,0,0,2,3,3,0,0,0,13,0.125,0.0977443609022556,0
00-0036613,J.Waddle,Jaylen Waddle,WR,2025,3,REG,2025_03_MIA_BUF,MIA,BUF,0,0,0,0,0,0,0,0,0,0,0,0,5,6,39,1,0,0,25,0.181818181818182,0.122549019607843,0
00-0036620,D.Eskridge,Dee Eskridge,WR,2025,3,REG,2025_03_MIA_BUF,MIA,BUF,0,0,0,0,0,0,0,0,0,0,0,0,0,0,0,0,0,0,0,0,0,0
00-0036626,D.Brown,Dyami Brown,WR,2025,3,REG,2025_03_HOU_JAX,JAX,HOU,0,0,0,0,0,0,0,0,0,0,0,0,2,3,7,0,0,0,51,0.0789473684210526,0.161904761904762,0
00-0036630,T.Wallace,Tylan Wallace,WR,2025,3,REG,2025_03_DET_BAL,BAL,DET,0,0,0,0,0,0,0,0,0,0,0,0,0,1,0,0,0,0,10,0.0357142857142857,0.0352112676056338,0
00-0036637,N.Gray,Noah Gray,TE,2025,3,REG,2025_03_KC_NYG,KC,NYG,0,0,0,0,0,0,0,0,0,0,0,0,3,6,17,0,0,0,17,0.171428571428571,0.0532915360501567,0
00-0036646,S.Fehoko,Simi Fehoko,WR,2025,3,REG,2025_03_ARI_SF,ARI,SF,0,0,0,0,0,0,0,0,0,0,0,0,0,0,0,0,0,0,0,0,0,0
00-0036741,J.Stoll,Jack Stoll,TE,2025,3,REG,2025_03_NO_SEA,NO,SEA,0,0,0,0,0,0,0,0,0,0,0,0,2,3,21,1,0,0,27,0.0731707317073171,0.0778097982708934,0
00-0036849,T.Atwell,Tutu Atwell,WR,2025,3,REG,2025_03_LA_PHI,LA,PHI,0,0,0,0,0,0,0,0,0,0,0,0,0,1,0,0,0,0,3,0.0303030303030303,0.0111940298507463,0
00-0036862,B.Skowronek,Ben Skowronek,WR,2025,3,REG,2025_03_PIT_NE,PIT,NE,0,0,0,0,0,0,0,0,0,0,0,0,0,0,0,0,0,0,0,0,0,0
00-0036875,R.Stevenson,Rhamondre Stevenson,RB,2025,3,REG,2025_03_PIT_NE,NE,PIT,0,0,0,0,0,0,0,4,18,0,2,0,3,3,38,0,0,0,7,0.0833333333333333,0.0338164251207729,0
00-0036876,K.Granson,Kylen Granson,TE,2025,3,REG,2025_03_LA_PHI,PHI,LA,0,0,0,0,0,0,0,0,0,0,0,0,0,0,0,0,0,0,0,0,0,0
00-0036893,N.Harris,Najee Harris,RB,2025,3,REG,2025_03_DEN_LAC,LAC,DEN,0,0,0,0,0,0,0,6,28,0,0,0,0,0,0,0,0,0,0,0,0,0
00-0036894,P.Freiermuth,Pat Freiermuth,TE,2025,3,REG,2025_03_PIT_NE,PIT,NE,0,0,0,0,0,0,0,0,0,0,0,0,1,3,6,0,0,0,23,0.136363636363636,0.201754385964912,0
00-0036900,J.Chase,Ja'Marr Chase,WR,2025,3,REG,2025_03_CIN_MIN,CIN,MIN,0,0,0,0,0,0,0,1,9,0,0,0,5,6,50,0,1,0,30,0.230769230769231,0.232558139534884,0
00-0036912,D.Smith,DeVonta Smith,WR,2025,3,REG,2025_03_LA_PHI,PHI,LA,0,0,0,0,0,0,0,0,0,0,0,0,8,9,60,1,0,0,68,0.3,0.248175182481752,0
00-0036919,K.Gainwell,Kenny Gainwell,RB,2025,3,REG,2025_03_PIT_NE,PIT,NE,0,0,0,0,0,0,0,4,16,1,0,0,1,1,10,0,0,0,-4,0.0454545454545455,-0.0350877192982456,0
00-0036963,A.St. Brown,Amon-Ra St. Brown,WR,2025,3,REG,2025_03_DET_BAL,DET,BAL,0,0,0,0,0,0,0,0,0,0,0,0,7,8,77,1,0,0,79,0.307692307692308,0.374407582938389,0
00-0036970,K.Pitts,Kyle Pitts,TE,2025,3,REG,2025_03_ATL_CAR,ATL,CAR,0,0,0,0,0,0,0,0,0,0,0,0,4,6,39,0,0,0,38,0.146341463414634,0.124183006535948,0
00-0036971,T.Lawrence,Trevor Lawrence,QB,2025,3,REG,2025_03_HOU_JAX,JAX,HOU,20,40,222,0,1,0,0,2,9,0,0,0,0,0,0,0,0,0,0,0,0,0
00-0036972,M.Jones,Mac Jones,QB,2025,3,REG,2025_03_ARI_SF,SF,ARI,27,41,284,1,1,0,0,1,-1,0,0,0,0,0,0,0,0,0,0,0,0,0
00-0036973,T.Etienne,Travis Etienne,RB,2025,3,REG,2025_03_HOU_JAX,JAX,HOU,0,0,0,0,0,0,0,16,56,1,0,0,0,2,0,0,0,0,-10,0.0526315789473684,-0.0317460317460317,0
00-0036980,E.Moore,Elijah Moore,WR,2025,3,REG,2025_03_MIA_BUF,BUF,MIA,0,0,0,0,0,0,0,1,11,0,0,0,2,3,30,0,0,0,7,0.111111111111111,0.0630630630630631,0
00-0036988,J.Palmer,Josh Palmer,WR,2025,3,REG,2025_03_MIA_BUF,BUF,MIA,0,0,0,0,0,0,0,0,0,0,0,0,1,1,5,0,0,0,5,0.037037037037037,0.0450450450450451,0
00-0036997,J.Williams,Javonte Williams,RB,2025,3,REG,2025_03_DAL_CHI,DAL,CHI,0,0,0,0,0,0,0,10,76,0,1,0,5,5,16,0,0,0,-16,0.113636363636364,-0.0597014925373134,0
00-0037004,H.Long,Hunter Long,TE,2025,3,REG,2025_03_HOU_JAX,JAX,HOU,0,0,0,0,0,0,0,0,0,0,0,0,2,3,12,0,0,0,9,0.0789473684210526,0.0285714285714286,0
00-0037005,T.Tremble,Tommy Tremble,TE,2025,3,REG,2025_03_ATL_CAR,CAR,ATL,0,0,0,0,0,0,0,0,0,0,0,0,2,2,16,0,0,0,4,0.0833333333333333,0.0300751879699248,0
00-0037085,T.Badie,Tyler Badie,RB,2025,3,REG,2025_03_DEN_LAC,DEN,LAC,0,0,0,0,0,0,0,0,0,0,0,0,0,0,0,0,0,0,0,0,0,0
00-0037086,G.Calcaterra,Grant Calcaterra,TE,2025,3,REG,2025_03_LA_PHI,PHI,LA,0,0,0,0,0,0,0,0,0,0,0,0,0,0,0,0,0,0,0,0,0,0
00-0037093,D.Young,Dareke Young,WR,2025,3,REG,2025_03_NO_SEA,SEA,NO,0,0,0,0,0,0,0,0,0,0,0,0,1,1,12,0,0,0,12,0.05,0.0705882352941176,0
00-0037112,J.Tonges,Jake Tonges,TE,2025,3,REG,2025_03_ARI_SF,SF,ARI,0,0,0,0,0,0,0,0,0,0,0,0,2,3,21,0,0,0,24,0.0789473684210526,0.0776699029126214,0
00-0037120,T.Goodson,Tyler Goodson,RB,2025,3,REG,2025_03_IND_TEN,IND,TEN,0,0,0,0,0,0,0,2,6,0,0,0,0,0,0,0,0,0,0,0,0,0
00-0037197,I.Pacheco,Isiah Pacheco,RB,2025,3,REG,2025_03_KC_NYG,KC,NYG,0,0,0,0,0,0,0,10,45,0,0,0,1,1,3,0,0,0,-3,0.0285714285714286,-0.00940438871473354,0
00-0037228,J.Warren,Jaylen Warren,RB,2025,3,REG,2025_03_PIT_NE,PIT,NE,0,0,0,0,0,0,0,18,47,0,0,0,5,6,34,0,0,0,-20,0.272727272727273,-0.175438596491228,0
00-0037231,K.Austin,Kevin Austin Jr.,WR,2025,3,REG,2025_03_NO_SEA,NO,SEA,0,0,0,0,0,0,0,0,0,0,0,0,0,1,0,0,0,0,23,0.024390243902439,0.0662824207492795,0
00-0037238,D.London,Drake London,WR,2025,3,REG,2025_03_ATL_CAR,ATL,CAR,0,0,0,0,0,0,0,0,0,0,0,0,5,8,55,0,0,0,101,0.195121951219512,0.330065359477124,0
00-0037239,C.Olave,Chris Olave,WR,2025,3,REG,2025_03_NO_SEA,NO,SEA,0,0,0,0,0,0,0,0,0,0,0,0,10,14,57,0,0,0,92,0.341463414634146,0.265129682997118,0
00-0037240,J.Williams,Jameson Williams,WR,2025,3,REG,2025_03_DET_BAL,DET,BAL,0,0,0,0,0,0,0,0,0,0,0,0,2,3,43,0,0,0,54,0.115384615384615,0.255924170616114,0
00-0037247,G.Pickens,George Pickens,WR,2025,3,REG,2025_03_DAL_CHI,DAL,CHI,0,0,0,0,0,0,0,0,0,0,0,0,5,9,68,1,0,0,76,0.204545454545455,0.283582089552239,0
00-0037248,J.Cook,James Cook,RB,2025,3,REG,2025_03_MIA_BUF,BUF,MIA,0,0,0,0,0,0,0,19,108,1,0,0,3,3,10,0,0,0,5,0.111111111111111,0.0450450450450451,0
00-0037256,R.White,Rachaad White,RB,2025,3,REG,2025_03_NYJ_TB,TB,NYJ,0,0,0,0,0,0,0,5,12,0,0,0,1,1,2,0,0,0,-7,0.0344827586206897,-0.0301724137931035,0
00-0037261,K.Shakir,Khalil Shakir,WR,2025,3,REG,2025_03_MIA_BUF,BUF,MIA,0,0,0,0,0,0,0,0,0,0,0,0,4,4,45,1,0,0,0,0.148148148148148,0,0
00-0037263,T.Allgeier,Tyler Allgeier,RB,2025,3,REG,2025_03_ATL_CAR,ATL,CAR,0,0,0,0,0,0,0,1,4,0,0,0,1,2,0,0,0,0,-5,0.0487804878048781,-0.0163398692810458,0
00-0037267,J.Ford,Jerome Ford,RB,2025,3,REG,2025_03_GB_CLE,CLE,GB,0,0,0,0,0,0,0,0,0,0,0,0,4,4,10,0,0,0,-5,0.121212121212121,-0.0196850393700787,0
00-0037291,J.Nailor,Jalen Nailor,WR,2025,3,REG,2025_03_CIN_MIN,MIN,CIN,0,0,0,0,0,0,0,0,0,0,0,0,3,5,37,0,0,0,64,0.208333333333333,0.340425531914894,0
00-0037306,J.FitzPatrick,John FitzPatrick,TE,2025,3,REG,2025_03_GB_CLE,GB,CLE,0,0,0,0,0,0,0,0,0,0,0,0,2,2,12,1,0,0,5,0.08,0.104166666666667,0
00-0037311,K.Kieft,Ko Kieft,TE,2025,3,REG,2025_03_NYJ_TB,TB,NYJ,0,0,0,0,0,0,0,0,0,0,0,0,0,0,0,0,0,0,0,0,0,0
00-0037348,T.Conner,Tanner Conner,TE,2025,3,REG,2025_03_MIA_BUF,MIA,BUF,0,0,0,0,0,0,0,0,0,0,0,0,1,2,13,0,0,0,7,0.0606060606060606,0.0343137254901961,0
00-0037380,K.Davis,Kaden Davis,WR,2025,3,REG,2025_03_GB_CLE,CLE,GB,0,0,0,0,0,0,0,0,0,0,0,0,0,0,0,0,0,0,0,0,0,0
00-0037525,J.Mason,Jordan Mason,RB,2025,3,REG,2025_03_CIN_MIN,MIN,CIN,0,0,0,0,0,0,0,16,116,2,0,0,0,0,0,0,0,0,0,0,0,0
00-0037539,L.Krull,Lucas Krull,TE,2025,3,REG,2025_03_DEN_LAC,DEN,LAC,0,0,0,0,0,0,0,0,0,0,0,0,1,2,9,0,0,0,11,0.0869565217391304,0.0408921933085502,0
00-0037545,R.Shaheed,Rashid Shaheed,WR,2025,3,REG,2025_03_NO_SEA,NO,SEA,0,0,0,0,0,0,0,0,0,0,0,0,4,6,42,0,0,0,68,0.146341463414634,0.195965417867435,0
00-0037594,J.Chestnut,Julius Chestnut,RB,2025,3,REG,2025_03_IND_TEN,TEN,IND,0,0,0,0,0,0,0,2,26,0,0,0,0,0,0,0,0,0,0,0,0,0
00-0037614,J.Metchie,John Metchie III,WR,2025,3,REG,2025_03_LA_PHI,PHI,LA,0,0,0,0,0,0,0,0,0,0,0,0,1,1,8,0,0,0,4,0.0333333333333333,0.0145985401459854,0
00-0037617,H.Haskins,Hassan Haskins,RB,2025,3,REG,2025_03_DEN_LAC,LAC,DEN,0,0,0,0,0,0,0,0,0,0,0,0,0,0,0,0,0,0,0,0,0,0
00-0037654,T.Fisk,Tucker Fisk,TE,2025,3,REG,2025_03_DEN_LAC,LAC,DEN,0,0,0,0,0,0,0,0,0,0,0,0,0,1,0,0,0,0,20,0.0222222222222222,0.0466200466200466,0
00-0037664,A.Pierce,Alec Pierce,WR,2025,3,REG,2025_03_IND_TEN,IND,TEN,0,0,0,0,0,0,0,0,0,0,0,0,4,5,67,0,0,0,101,0.2,0.577142857142857,0
00-0037666,J.Tolbert,Jalen Tolbert,WR,2025,3,REG,2025_03_DAL_CHI,DAL,CHI,0,0,0,0,0,0,0,0,0,0,0,0,3,6,24,0,0,1,40,0.136363636363636,0.149253731343284,0
00-0037740,G.Wilson,Garrett Wilson,WR,2025,3,REG,2025_03_NYJ_TB,NYJ,TB,0,0,0,0,0,0,0,0,0,0,0,0,10,13,84,1,0,0,75,0.371428571428571,0.46583850931677,0
00-0037741,J.Dotson,Jahan Dotson,WR,2025,3,REG,2025_03_LA_PHI,PHI,LA,0,0,0,0,0,0,0,0,0,0,0,0,1,3,7,0,0,0,37,0.1,0.135036496350365,0
00-0037744,T.McBride,Trey McBride,TE,2025,3,REG,2025_03_ARI_SF,ARI,SF,0,0,0,0,0,0,0,0,0,0,0,0,5,8,43,1,0,0,28,0.235294117647059,0.15819209039548,0
00-0037745,V.Jones,Velus Jones Jr.,WR,2025,3,REG,2025_03_NO_SEA,NO,SEA,0,0,0,0,0,0,0,0,0,0,0,0,0,0,0,0,0,0,0,0,0,0
00-0037746,B.Robinson,Brian Robinson,RB,2025,3,REG,2025_03_ARI_SF,SF,ARI,0,0,0,0,0,0,0,2,22,0,0,0,0,0,0,0,0,0,0,0,0,0
00-0037801,K.Turpin,KaVontae Turpin,WR,2025,3,REG,2025_03_DAL_CHI,DAL,CHI,0,0,0,0,0,0,0,1,4,0,0,0,2,3,64,0,0,0,73,0.0681818181818182,0.272388059701493,0
00-0037809,C.Okonkwo,Chig Okonkwo,TE,2025,3,REG,2025_03_IND_TEN,TEN,IND,0,0,0,0,0,0,0,0,0,0,0,0,5,6,66,0,0,0,39,0.176470588235294,0.210810810810811,0
00-0037816,R.Doubs,Romeo Doubs,WR,2025,3,REG,2025_03_GB_CLE,GB,CLE,0,0,0,0,0,0,0,0,0,0,0,0,2,2,25,0,0,0,10,0.08,0.208333333333333,0
00-0037837,C.Austin,Calvin Austin III,WR,2025,3,REG,2025_03_PIT_NE,PIT,NE,0,0,0,0,0,0,0,0,0,0,0,0,3,5,34,1,0,0,71,0.227272727272727,0.62280701754386,0
00-0037840,K.Williams,Kyren Williams,RB,2025,3,REG,2025_03_LA_PHI,LA,PHI,0,0,0,0,0,0,0,20,94,0,0,0,2,3,18,1,0,0,-5,0.0909090909090909,-0.0186567164179104,0
00-0038040,Z.White,Zamir White,RB,2025,3,REG,2025_03_LV_WAS,LV,WAS,0,0,0,0,0,0,0,5,19,0,0,0,1,2,4,0,0,0,3,0.0740740740740741,0.00983606557377049,0
00-0038041,J.Ferguson,Jake Ferguson,TE,2025,3,REG,2025_03_DAL_CHI,DAL,CHI,0,0,0,0,0,0,0,0,0,0,0,0,13,14,82,0,0,0,42,0.318181818181818,0.156716417910448,0
00-0038046,C.Kolar,Charlie Kolar,TE,2025,3,REG,2025_03_DET_BAL,BAL,DET,0,0,0,0,0,0,0,0,0,0,0,0,2,3,22,0,0,0,34,0.107142857142857,0.119718309859155,0
00-0038090,S.Moore,Skyy Moore,WR,2025,3,REG,2025_03_ARI_SF,SF,ARI,0,0,0,0,0,0,0,0,0,0,0,0,1,1,10,0,0,0,10,0.0263157894736842,0.0323624595469256,0
00-0038104,T.Thornton,Tyquan Thornton,WR,2025,3,REG,2025_03_KC_NYG,KC,NYG,0,0,0,0,0,0,0,0,0,0,0,0,5,9,71,1,0,0,169,0.257142857142857,0.529780564263323,0
00-0038115,D.Bellinger,Daniel Bellinger,TE,2025,3,REG,2025_03_KC_NYG,NYG,KC,0,0,0,0,0,0,0,0,0,0,0,0,1,1,6,0,0,0,6,0.0333333333333333,0.0211267605633803,0
00-0038117,W.Robinson,Wan'Dale Robinson,WR,2025,3,REG,2025_03_KC_NYG,NYG,KC,0,0,0,0,0,0,0,0,0,0,0,0,1,4,26,0,0,0,88,0.133333333333333,0.309859154929577,0
00-0038120,B.Hall,Breece Hall,RB,2025,3,REG,2025_03_NYJ_TB,NYJ,TB,0,0,0,0,0,0,0,9,21,0,0,0,4,6,31,0,0,0,12,0.171428571428571,0.0745341614906832,0
00-0038134,K.Walker,Kenneth Walker III,RB,2025,3,REG,2025_03_NO_SEA,SEA,NO,0,0,0,0,0,0,0,16,38,2,0,0,1,1,12,0,0,0,2,0.05,0.0117647058823529,0
00-0038359,X.Smith,Xavier Smith,WR,2025,3,REG,2025_03_LA_PHI,LA,PHI,0,0,0,0,0,0,0,0,0,0,0,0,0,0,0,0,0,0,0,0,0,0
00-0038393,D.Wicks,Dontayvion Wicks,WR,2025,3,REG,2025_03_GB_CLE,GB,CLE,0,0,0,0,0,0,0,0,0,0,0,0,2,4,21,0,0,0,23,0.16,0.479166666666667,0
00-0038440,Z.Scott,Zavier Scott,RB,2025,3,REG,2025_03_CIN_MIN,MIN,CIN,0,0,0,0,0,0,0,8,30,0,0,0,1,1,20,0,0,0,-6,0.0416666666666667,-0.0319148936170213,0
00-0038465,M.Heath,Malik Heath,WR,2025,3,REG,2025_03_GB_CLE,GB,CLE,0,0,0,0,0,0,0,0,0,0,0,0,0,0,0,0,0,0,0,0,0,0
00-0038488,B.Russell,Brady Russell,RB,2025,3,REG,2025_03_NO_SEA,SEA,NO,0,0,0,0,0,0,0,0,0,0,0,0,0,0,0,0,0,0,0,0,0,0
00-0038519,N.Remigio,Nikko Remigio,WR,2025,3,REG,2025_03_KC_NYG,KC,NYG,0,0,0,0,0,0,0,1,11,0,0,0,0,0,0,0,0,0,0,0,0,0
00-0038542,B.Robinson,Bijan Robinson,RB,2025,3,REG,2025_03_ATL_CAR,ATL,CAR,0,0,0,0,0,0,0,13,72,0,0,0,5,6,39,0,0,0,-4,0.146341463414634,-0.0130718954248366,0
00-0038543,J.Smith-Njigba,Jaxon Smith-Njigba,WR,2025,3,REG,2025_03_NO_SEA,SEA,NO,0,0,0,0,0,0,0,0,0,0,0,0,5,6,96,1,0,0,87,0.3,0.511764705882353,0
00-0038544,Q.Johnston,Quentin Johnston,WR,2025,3,REG,2025_03_DEN_LAC,LAC,DEN,0,0,0,0,0,0,0,0,0,0,0,0,6,9,89,0,0,0,113,0.2,0.263403263403263,0
00-0038547,L.Schoonmaker,Luke Schoonmaker,TE,2025,3,REG,2025_03_DAL_CHI,DAL,CHI,0,0,0,0,0,0,0,0,0,0,0,0,1,1,5,0,0,0,5,0.0227272727272727,0.0186567164179104,0
00-0038551,K.Miller,Kendre Miller,RB,2025,3,REG,2025_03_NO_SEA,NO,SEA,0,0,0,0,0,0,0,7,27,0,0,0,2,2,9,0,0,0,-9,0.0487804878048781,-0.0259365994236311,0
00-0038555,T.Bigsby,Tank Bigsby,RB,2025,3,REG,2025_03_LA_PHI,PHI,LA,0,0,0,0,0,0,0,0,0,0,0,0,0,0,0,0,0,0,0,0,0,0
00-0038559,Mi.Wilson,Michael Wilson,WR,2025,3,REG,2025_03_ARI_SF,ARI,SF,0,0,0,0,0,0,0,0,0,0,0,0,1,2,5,0,0,0,17,0.0588235294117647,0.096045197740113,0
00-0038563,T.Tucker,Tre Tucker,WR,2025,3,REG,2025_03_LV_WAS,LV,WAS,0,0,0,0,0,0,0,1,4,0,0,0,8,9,145,3,0,0,127,0.333333333333333,0.416393442622951,0
00-0038573,D.Davis,Derius Davis,WR,2025,3,REG,2025_03_DEN_LAC,LAC,DEN,0,0,0,0,0,0,0,1,2,0,0,0,0,0,0,0,0,0,0,0,0,0
00-0038576,C.Jones,Charlie Jones,WR,2025,3,REG,2025_03_CIN_MIN,CIN,MIN,0,0,0,0,0,0,0,0,0,0,0,0,0,0,0,0,0,0,0,0,0,0
00-0038597,C.Brown,Chase Brown,RB,2025,3,REG,2025_03_CIN_MIN,CIN,MIN,0,0,0,0,0,0,0,10,3,0,0,0,4,5,17,0,0,0,17,0.192307692307692,0.131782945736434,0
00-0038606,P.Washington,Parker Washington,WR,2025,3,REG,2025_03_HOU_JAX,JAX,HOU,0,0,0,0,0,0,0,0,0,0,0,0,4,11,34,0,0,0,137,0.289473684210526,0.434920634920635,0
00-0038608,K.Boutte,Kayshon Boutte,WR,2025,3,REG,2025_03_PIT_NE,NE,PIT,0,0,0,0,0,0,0,0,0,0,0,0,2,3,28,0,0,0,28,0.0833333333333333,0.135265700483092,0
00-0038611,C.Rodriguez,Chris Rodriguez Jr.,RB,2025,3,REG,2025_03_LV_WAS,WAS,LV,0,0,0,0,0,0,0,11,39,0,0,0,0,0,0,0,0,0,0,0,0,0
00-0038618,X.Hutchinson,Xavier Hutchinson,WR,2025,3,REG,2025_03_HOU_JAX,HOU,JAX,0,0,0,0,0,0,0,0,0,0,0,0,3,3,16,0,0,0,9,0.0833333333333333,0.03125,0
00-0038621,D.Douglas,DeMario Douglas,WR,2025,3,REG,2025_03_PIT_NE,NE,PIT,0,0,0,0,0,0,0,0,0,0,0,0,2,5,7,0,0,0,27,0.138888888888889,0.130434782608696,0
00-0038643,B.Willis,Brayden Willis,TE,2025,3,REG,2025_03_ARI_SF,SF,ARI,0,0,0,0,0,0,0,0,0,0,0,0,0,0,0,0,0,0,0,0,0,0
00-0038679,T.Shavers,Tyrell Shavers,WR,2025,3,REG,2025_03_MIA_BUF,BUF,MIA,0,0,0,0,0,0,0,0,0,0,0,0,2,2,24,0,0,0,8,0.0740740740740741,0.0720720720720721,0
00-0038685,C.Brooks,Chris Brooks,RB,2025,3,REG,2025_03_GB_CLE,GB,CLE,0,0,0,0,0,0,0,0,0,0,0,0,0,0,0,0,0,0,0,0,0,0
00-0038705,E.Demercado,Emari Demercado,RB,2025,3,REG,2025_03_ARI_SF,ARI,SF,0,0,0,0,0,0,0,2,0,0,0,0,0,1,0,0,0,0,1,0.0294117647058824,0.00564971751412429,0
00-0038710,B.Whiteheart,Blake Whiteheart,TE,2025,3,REG,2025_03_GB_CLE,CLE,GB,0,0,0,0,0,0,0,0,0,0,0,0,0,0,0,0,0,0,0,0,0,0
00-0038720,J.Hill,Julian Hill,TE,2025,3,REG,2025_03_MIA_BUF,MIA,BUF,0,0,0,0,0,0,0,0,0,0,0,0,1,1,4,0,0,0,1,0.0303030303030303,0.00490196078431373,0
00-0038797,E.Wilson,Emanuel Wilson,RB,2025,3,REG,2025_03_GB_CLE,GB,CLE,0,0,0,0,0,0,0,6,25,0,0,0,0,0,0,0,0,0,0,0,0,0
00-0038824,R.Miller,Ryan Miller,WR,2025,3,REG,2025_03_NYJ_TB,TB,NYJ,0,0,0,0,0,0,0,0,0,0,0,0,0,1,0,0,0,0,21,0.0344827586206897,0.0905172413793103,0
00-0038839,M.Tinsley,Mitchell Tinsley,WR,2025,3,REG,2025_03_CIN_MIN,CIN,MIN,0,0,0,0,0,0,0,0,0,0,0,0,0,1,0,0,0,0,0,0.0384615384615385,0,0
00-0038840,B.Tremayne,Brycen Tremayne,WR,2025,3,REG,2025_03_ATL_CAR,CAR,ATL,0,0,0,0,0,0,0,0,0,0,0,0,2,2,15,0,0,0,9,0.0833333333333333,0.0676691729323308,0
00-0038896,J.Saylors,Jacob Saylors,RB,2025,3,REG,2025_03_DET_BAL,DET,BAL,0,0,0,0,0,0,0,0,0,0,0,0,0,0,0,0,0,0,0,0,0,0
00-0038933,D.Kincaid,Dalton Kincaid,TE,2025,3,REG,2025_03_MIA_BUF,BUF,MIA,0,0,0,0,0,0,0,0,0,0,0,0,5,6,66,1,0,0,41,0.222222222222222,0.369369369369369,0
00-0038935,B.Strange,Brenton Strange,TE,2025,3,REG,2025_03_HOU_JAX,JAX,HOU,0,0,0,0,0,0,0,0,0,0,0,0,6,7,61,0,0,0,41,0.184210526315789,0.13015873015873,0
00-0038951,S.Tucker,Sean Tucker,RB,2025,3,REG,2025_03_NYJ_TB,TB,NYJ,0,0,0,0,0,0,0,0,0,0,0,0,0,0,0,0,0,0,0,0,0,0
00-0038976,M.Mims,Marvin Mims Jr.,WR,2025,3,REG,2025_03_DEN_LAC,DEN,LAC,0,0,0,0,0,0,0,0,0,0,0,0,1,4,4,0,0,0,88,0.173913043478261,0.327137546468401,0
00-0038979,C.Tillman,Cedric Tillman,WR,2025,3,REG,2025_03_GB_CLE,CLE,GB,0,0,0,0,0,0,0,0,0,0,0,0,3,3,26,0,0,0,23,0.0909090909090909,0.0905511811023622,0
00-0038996,T.Kraft,Tucker Kraft,TE,2025,3,REG,2025_03_GB_CLE,GB,CLE,0,0,0,0,0,0,0,0,0,0,0,0,3,4,29,0,0,0,0,0.16,0,0
00-0038997,J.Downs,Josh Downs,WR,2025,3,REG,2025_03_IND_TEN,IND,TEN,0,0,0,0,0,0,0,0,0,0,0,0,2,3,34,0,0,0,47,0.12,0.268571428571429,0
00-0039021,R.Johnson,Roschon Johnson,RB,2025,3,REG,2025_03_DAL_CHI,CHI,DAL,0,0,0,0,0,0,0,0,0,0,0,0,0,0,0,0,0,0,0,0,0,0
00-0039040,D.Achane,De'Von Achane,RB,2025,3,REG,2025_03_MIA_BUF,MIA,BUF,0,0,0,0,0,0,0,12,62,0,0,0,7,9,29,0,0,0,-5,0.272727272727273,-0.0245098039215686,0
00-0039041,E.Higgins,Elijah Higgins,TE,2025,3,REG,2025_03_ARI_SF,ARI,SF,0,0,0,0,0,0,0,0,0,0,0,0,1,1,7,0,0,0,5,0.0294117647058824,0.0282485875706215,0
00-0039064,Z.Flowers,Zay Flowers,WR,2025,3,REG,2025_03_DET_BAL,BAL,DET,0,0,0,0,0,0,0,0,0,0,0,0,2,3,13,0,0,0,9,0.107142857142857,0.0316901408450704,0
00-0039065,S.LaPorta,Sam LaPorta,TE,2025,3,REG,2025_03_DET_BAL,DET,BAL,0,0,0,0,0,0,0,0,0,0,0,0,4,4,33,0,0,0,25,0.153846153846154,0.118483412322275,0
00-0039066,M.Mayer,Michael Mayer,TE,2025,3,REG,2025_03_LV_WAS,LV,WAS,0,0,0,0,0,0,0,0,0,0,0,0,0,1,0,0,0,0,1,0.037037037037037,0.00327868852459016,0
00-0039074,D.Allen,Davis Allen,TE,2025,3,REG,2025_03_LA_PHI,LA,PHI,0,0,0,0,0,0,0,0,0,0,0,0,1,1,3,0,0,0,0,0.0303030303030303,0,0
00-0039075,P.Nacua,Puka Nacua,WR,2025,3,REG,2025_03_LA_PHI,LA,PHI,0,0,0,0,0,0,0,1,6,0,0,0,11,15,112,0,0,0,131,0.454545454545455,0.488805970149254,0
00-0039139,J.Gibbs,Jahmyr Gibbs,RB,2025,3,REG,2025_03_DET_BAL,DET,BAL,0,0,0,0,0,0,0,22,67,2,0,0,5,6,32,0,0,0,1,0.230769230769231,0.004739336492891,0
00-0039150,B.Young,Bryce Young,QB,2025,3,REG,2025_03_ATL_CAR,CAR,ATL,16,24,121,0,0,0,0,2,8,1,0,0,0,0,0,0,0,0,0,0,0,0
00-0039163,C.Stroud,C.J. Stroud,QB,2025,3,REG,2025_03_HOU_JAX,HOU,JAX,25,38,204,1,2,0,0,4,22,0,0,0,0,0,0,0,0,0,0,0,0,0
00-0039164,A.Richardson,Anthony Richardson,QB,2025,3,REG,2025_03_IND_TEN,IND,TEN,0,0,0,0,0,0,0,4,-1,0,0,0,0,0,0,0,0,0,0,0,0,0
00-0039299,G.Holani,George Holani,RB,2025,3,REG,2025_03_NO_SEA,SEA,NO,0,0,0,0,0,0,0,10,27,0,1,0,2,2,15,0,0,0,-1,0.1,-0.00588235294117647,0
00-0039337,M.Nabers,Malik Nabers,WR,2025,3,REG,2025_03_KC_NYG,NYG,KC,0,0,0,0,0,0,0,0,0,0,0,0,2,7,13,0,0,0,146,0.233333333333333,0.514084507042254,0
00-0039338,B.Bowers,Brock Bowers,TE,2025,3,REG,2025_03_LV_WAS,LV,WAS,0,0,0,0,0,0,0,0,0,0,0,0,4,5,38,0,0,1,31,0.185185185185185,0.101639344262295,0
00-0039355,L.McCaffrey,Luke McCaffrey,WR,2025,3,REG,2025_03_LV_WAS,WAS,LV,0,0,0,0,0,0,0,0,0,0,0,0,3,3,56,1,0,0,14,0.166666666666667,0.0886075949367089,0
00-0039356,J.Sanders,Ja'Tavion Sanders,TE,2025,3,REG,2025_03_ATL_CAR,CAR,ATL,0,0,0,0,0,0,0,0,0,0,0,0,2,2,11,0,0,0,1,0.0833333333333333,0.0075187969924812,0
00-0039361,B.Irving,Bucky Irving,RB,2025,3,REG,2025_03_NYJ_TB,TB,NYJ,0,0,0,0,0,0,0,25,66,0,0,0,4,4,33,0,0,0,-19,0.137931034482759,-0.0818965517241379,0
00-0039363,I.Guerendo,Isaac Guerendo,RB,2025,3,REG,2025_03_ARI_SF,SF,ARI,0,0,0,0,0,0,0,0,0,0,0,0,0,0,0,0,0,0,0,0,0,0
00-0039364,S.Vaki,Sione Vaki,RB,2025,3,REG,2025_03_DET_BAL,DET,BAL,0,0,0,0,0,0,0,0,0,0,0,0,0,0,0,0,0,0,0,0,0,0
00-0039376,S.Rattler,Spencer Rattler,QB,2025,3,REG,2025_03_NO_SEA,NO,SEA,28,39,218,1,1,0,0,2,10,0,0,0,0,0,0,0,0,0,0,0,0,0
00-0039379,J.Thrash,Jamari Thrash,WR,2025,3,REG,2025_03_GB_CLE,CLE,GB,0,0,0,0,0,0,0,0,0,0,0,0,2,3,7,0,0,0,30,0.0909090909090909,0.118110236220472,0
00-0039384,T.Tracy,Tyrone Tracy Jr.,RB,2025,3,REG,2025_03_KC_NYG,NYG,KC,0,0,0,0,0,0,0,7,29,0,0,0,2,3,7,0,0,0,-8,0.1,-0.028169014084507,0
00-0039398,J.Milton,Joe Milton III,QB,2025,3,REG,2025_03_DAL_CHI,DAL,CHI,3,5,41,0,1,0,0,0,0,0,0,0,0,0,0,0,0,0,0,0,0,0
00-0039407,D.Laube,Dylan Laube,RB,2025,3,REG,2025_03_LV_WAS,LV,WAS,0,0,0,0,0,0,0,3,2,0,0,0,0,1,0,0,0,0,0,0.037037037037037,0,0
00-0039410,R.Flournoy,Ryan Flournoy,WR,2025,3,REG,2025_03_DAL_CHI,DAL,CHI,0,0,0,0,0,0,0,0,0,0,0,0,2,3,21,0,0,0,25,0.0681818181818182,0.0932835820895522,0
00-0039451,I.Williams,Isaiah Williams,WR,2025,3,REG,2025_03_NYJ_TB,NYJ,TB,0,0,0,0,0,0,0,0,0,0,0,0,0,0,0,0,0,0,0,0,0,0
00-0039530,B.Spann-Ford,Brevyn Spann-Ford,TE,2025,3,REG,2025_03_DAL_CHI,DAL,CHI,0,0,0,0,0,0,0,0,0,0,0,0,0,0,0,0,0,0,0,0,0,0
00-0039589,K.Johnson,Kameron Johnson,WR,2025,3,REG,2025_03_NYJ_TB,TB,NYJ,0,0,0,0,0,0,0,0,0,0,0,0,0,0,0,0,0,0,0,0,0,0
00-0039631,C.Grandy,Cam Grandy,TE,2025,3,REG,2025_03_CIN_MIN,CIN,MIN,0,0,0,0,0,0,0,0,0,0,0,0,1,1,6,0,0,0,-2,0.0384615384615385,-0.0155038759689922,0
00-0039686,C.Yankoff,Colson Yankoff,TE,2025,3,REG,2025_03_LV_WAS,WAS,LV,0,0,0,0,0,0,0,0,0,0,0,0,0,0,0,0,0,0,0,0,0,0
00-0039732,B.Nix,Bo Nix,QB,2025,3,REG,2025_03_DEN_LAC,DEN,LAC,14,25,153,1,0,0,0,8,33,0,0,0,0,0,0,0,0,0,0,0,0,0
00-0039737,T.Reiman,Tip Reiman,TE,2025,3,REG,2025_03_ARI_SF,ARI,SF,0,0,0,0,0,0,0,0,0,0,0,0,2,3,8,0,0,0,12,0.0882352941176471,0.0677966101694915,0
00-0039738,B.Corum,Blake Corum,RB,2025,3,REG,2025_03_LA_PHI,LA,PHI,0,0,0,0,0,0,0,8,53,0,0,0,0,0,0,0,0,0,0,0,0,0
00-0039751,J.Whittington,Jordan Whittington,WR,2025,3,REG,2025_03_LA_PHI,LA,PHI,0,0,0,0,0,0,0,2,7,0,0,0,2,3,7,0,0,0,6,0.0909090909090909,0.0223880597014925,0
00-0039792,D.Walker,Devontez Walker,WR,2025,3,REG,2025_03_DET_BAL,BAL,DET,0,0,0,0,0,0,0,0,0,0,0,0,1,1,34,0,0,0,32,0.0357142857142857,0.112676056338028,0
00-0039793,A.Barner,AJ Barner,TE,2025,3,REG,2025_03_NO_SEA,SEA,NO,0,0,0,0,0,0,0,0,0,0,0,0,1,1,23,0,0,0,20,0.05,0.117647058823529,0
00-0039794,B.Allen,Braelon Allen,RB,2025,3,REG,2025_03_NYJ_TB,NYJ,TB,0,0,0,0,0,0,0,6,30,0,0,0,2,2,17,0,0,0,8,0.0571428571428571,0.0496894409937888,0
00-0039796,R.Ali,Rasheen Ali,RB,2025,3,REG,2025_03_DET_BAL,BAL,DET,0,0,0,0,0,0,0,0,0,0,0,0,0,0,0,0,0,0,0,0,0,0
00-0039798,I.Davis,Isaiah Davis,RB,2025,3,REG,2025_03_NYJ_TB,NYJ,TB,0,0,0,0,0,0,0,0,0,0,0,0,0,0,0,0,0,0,0,0,0,0
00-0039816,A.Gould,Anthony Gould,WR,2025,3,REG,2025_03_IND_TEN,IND,TEN,0,0,0,0,0,0,0,0,0,0,0,0,0,0,0,0,0,0,0,0,0,0
00-0039847,T.Johnson,Theo Johnson,TE,2025,3,REG,2025_03_KC_NYG,NYG,KC,0,0,0,0,0,0,0,0,0,0,0,0,1,2,10,0,0,0,7,0.0666666666666667,0.0246478873239437,0
00-0039849,M.Harrison,Marvin Harrison Jr.,WR,2025,3,REG,2025_03_ARI_SF,ARI,SF,0,0,0,0,0,0,0,0,0,0,0,0,3,6,44,0,0,0,90,0.176470588235294,0.508474576271186,0
00-0039851,D.Maye,Drake Maye,QB,2025,3,REG,2025_03_PIT_NE,NE,PIT,28,37,268,2,1,1,0,7,45,0,0,0,0,0,0,0,0,0,0,0,0,0
00-0039868,T.Franklin,Troy Franklin,WR,2025,3,REG,2025_03_DEN_LAC,DEN,LAC,0,0,0,0,0,0,0,0,0,0,0,0,2,4,8,0,0,0,12,0.173913043478261,0.0446096654275093,0
00-0039875,R.Davis,Ray Davis,RB,2025,3,REG,2025_03_MIA_BUF,BUF,MIA,0,0,0,0,0,0,0,0,0,0,0,0,0,1,0,0,0,0,7,0.037037037037037,0.0630630630630631,0
00-0039880,M.Washington,Malik Washington,WR,2025,3,REG,2025_03_MIA_BUF,MIA,BUF,0,0,0,0,0,0,0,2,20,0,0,0,3,5,12,0,0,0,17,0.151515151515152,0.0833333333333333,0
00-0039890,A.Mitchell,Adonai Mitchell,WR,2025,3,REG,2025_03_IND_TEN,IND,TEN,0,0,0,0,0,0,0,0,0,0,0,0,0,2,0,0,0,0,-1,0.08,-0.00571428571428571,0
00-0039893,B.Thomas,Brian Thomas Jr.,WR,2025,3,REG,2025_03_HOU_JAX,JAX,HOU,0,0,0,0,0,0,0,0,0,0,0,0,2,6,55,0,0,0,64,0.157894736842105,0.203174603174603,0
00-0039901,K.Coleman,Keon Coleman,WR,2025,3,REG,2025_03_MIA_BUF,BUF,MIA,0,0,0,0,0,0,0,0,0,0,0,0,3,4,20,0,0,0,13,0.148148148148148,0.117117117117117,0
00-0039915,L.McConkey,Ladd McConkey,WR,2025,3,REG,2025_03_DEN_LAC,LAC,DEN,0,0,0,0,0,0,0,0,0,0,0,0,4,7,41,0,0,0,60,0.155555555555556,0.13986013986014,0
00-0039916,R.Pearsall,Ricky Pearsall,WR,2025,3,REG,2025_03_ARI_SF,SF,ARI,0,0,0,0,0,0,0,0,0,0,0,0,8,11,117,0,0,0,163,0.289473684210526,0.527508090614887,0
00-0039917,M.Penix,Michael Penix Jr.,QB,2025,3,REG,2025_03_ATL_CAR,ATL,CAR,18,36,172,0,2,0,0,2,9,0,0,0,0,0,0,0,0,0,0,0,0,0
00-0039918,C.Williams,Caleb Williams,QB,2025,3,REG,2025_03_DAL_CHI,CHI,DAL,19,28,298,4,0,0,0,5,12,0,0,0,0,0,0,0,0,0,0,0,0,0
00-0039919,R.Odunze,Rome Odunze,WR,2025,3,REG,2025_03_DAL_CHI,CHI,DAL,0,0,0,0,0,0,0,0,0,0,0,0,3,7,62,1,0,0,79,0.25,0.316,0
00-0039921,T.Benson,Trey Benson,RB,2025,3,REG,2025_03_ARI_SF,ARI,SF,0,0,0,0,0,0,0,10,42,0,0,0,3,4,9,0,0,0,-12,0.117647058823529,-0.0677966101694915,0
00-0040009,S.Williams,Savion Williams,WR,2025,3,REG,2025_03_GB_CLE,GB,CLE,0,0,0,0,0,0,0,2,-1,0,0,0,0,0,0,0,0,0,0,0,0,0
00-0040067,J.Wright,Jacardia Wright,RB,2025,3,REG,2025_03_NO_SEA,SEA,NO,0,0,0,0,0,0,0,5,20,0,0,0,0,0,0,0,0,0,0,0,0,0
00-0040075,L.Wester,LaJohntay Wester,WR,2025,3,REG,2025_03_DET_BAL,BAL,DET,0,0,0,0,0,0,0,0,0,0,0,0,0,0,0,0,0,0,0,0,0,0
00-0040078,B.Smith,Brashard Smith,RB,2025,3,REG,2025_03_KC_NYG,KC,NYG,0,0,0,0,0,0,0,2,13,0,0,0,0,1,0,0,0,0,0,0.0285714285714286,0,0
00-0040122,A.Jeanty,Ashton Jeanty,RB,2025,3,REG,2025_03_LV_WAS,LV,WAS,0,0,0,0,0,0,0,17,63,0,0,0,0,0,0,0,0,0,0,0,0,0
00-0040124,T.McMillan,Tetairoa McMillan,WR,2025,3,REG,2025_03_ATL_CAR,CAR,ATL,0,0,0,0,0,0,0,0,0,0,0,0,3,8,48,0,0,0,78,0.333333333333333,0.586466165413534,0
00-0040126,C.Loveland,Colston Loveland,TE,2025,3,REG,2025_03_DAL_CHI,CHI,DAL,0,0,0,0,0,0,0,0,0,0,0,0,1,3,31,0,0,0,65,0.107142857142857,0.26,0
00-0040128,T.Warren,Tyler Warren,TE,2025,3,REG,2025_03_IND_TEN,IND,TEN,0,0,0,0,0,0,0,0,0,0,0,0,3,5,38,0,0,0,7,0.2,0.04,0
00-0040129,E.Egbuka,Emeka Egbuka,WR,2025,3,REG,2025_03_NYJ_TB,TB,NYJ,0,0,0,0,0,0,0,0,0,0,0,0,6,8,85,0,0,0,92,0.275862068965517,0.396551724137931,0
00-0040130,J.Higgins,Jayden Higgins,WR,2025,3,REG,2025_03_HOU_JAX,HOU,JAX,0,0,0,0,0,0,0,0,0,0,0,0,1,1,5,0,0,0,5,0.0277777777777778,0.0173611111111111,0
00-0040131,K.Williams,Kyle Williams,WR,2025,3,REG,2025_03_PIT_NE,NE,PIT,0,0,0,0,0,0,0,0,0,0,0,0,1,1,8,0,0,0,7,0.0277777777777778,0.0338164251207729,0
00-0040138,J.Noel,Jaylin Noel,WR,2025,3,REG,2025_03_HOU_JAX,HOU,JAX,0,0,0,0,0,0,0,0,0,0,0,0,1,1,4,0,0,0,-4,0.0277777777777778,-0.0138888888888889,0
00-0040154,T.Felton,Tai Felton,WR,2025,3,REG,2025_03_CIN_MIN,MIN,CIN,0,0,0,0,0,0,0,0,0,0,0,0,1,1,9,0,0,0,7,0.0416666666666667,0.0372340425531915,0
00-0040162,D.Sampson,Dylan Sampson,RB,2025,3,REG,2025_03_GB_CLE,CLE,GB,0,0,0,0,0,0,0,1,2,0,0,0,0,0,0,0,0,0,0,0,0,0
00-0040164,J.Lane,Jaylin Lane,WR,2025,3,REG,2025_03_LV_WAS,WAS,LV,0,0,0,0,0,0,0,0,0,0,0,0,1,2,-2,0,0,0,15,0.111111111111111,0.0949367088607595,1
00-0040170,E.Ayomanor,Elic Ayomanor,WR,2025,3,REG,2025_03_IND_TEN,TEN,IND,0,0,0,0,0,0,0,0,0,0,0,0,4,5,38,1,0,0,39,0.147058823529412,0.210810810810811,0
00-0040179,D.Giddens,DJ Giddens,RB,2025,3,REG,2025_03_IND_TEN,IND,TEN,0,0,0,0,0,0,0,1,3,0,0,0,0,0,0,0,0,0,0,0,0,0
00-0040187,M.Evans,Mitchell Evans,TE,2025,3,REG,2025_03_ATL_CAR,CAR,ATL,0,0,0,0,0,0,0,0,0,0,0,0,1,1,9,0,0,0,7,0.0416666666666667,0.0526315789473684,0
00-0040189,O.Gadsden,Oronde Gadsden II,TE,2025,3,REG,2025_03_DEN_LAC,LAC,DEN,0,0,0,0,0,0,0,0,0,0,0,0,5,7,46,0,0,0,58,0.155555555555556,0.135198135198135,0
00-0040194,J.Hawes,Jackson Hawes,TE,2025,3,REG,2025_03_MIA_BUF,BUF,MIA,0,0,0,0,0,0,0,0,0,0,0,0,1,1,5,1,0,0,5,0.037037037037037,0.0450450450450451,0
00-0040198,O.Gordon,Ollie Gordon II,RB,2025,3,REG,2025_03_MIA_BUF,MIA,BUF,0,0,0,0,0,0,0,9,38,1,0,0,0,0,0,0,0,0,0,0,0,0
00-0040208,T.Brooks,Tahj Brooks,RB,2025,3,REG,2025_03_CIN_MIN,CIN,MIN,0,0,0,0,0,0,0,5,17,0,0,0,0,0,0,0,0,0,0,0,0,0
00-0040236,K.Monangai,Kyle Monangai,RB,2025,3,REG,2025_03_DAL_CHI,CHI,DAL,0,0,0,0,0,0,0,6,16,0,0,0,1,1,4,0,0,0,-2,0.0357142857142857,-0.008,0
00-0040237,T.Johnson,Tez Johnson,WR,2025,3,REG,2025_03_NYJ_TB,TB,NYJ,0,0,0,0,0,0,0,0,0,0,0,0,0,1,0,0,0,0,41,0.0344827586206897,0.176724137931034,0
00-0040238,L.Allen,LeQuint Allen Jr.,RB,2025,3,REG,2025_03_HOU_JAX,JAX,HOU,0,0,0,0,0,0,0,0,0,0,0,0,1,1,9,0,0,0,3,0.0263157894736842,0.00952380952380953,0
00-0040242,J.Croskey-Merritt,Jacory Croskey-Merritt,RB,2025,3,REG,2025_03_LV_WAS,WAS,LV,0,0,0,0,0,0,0,8,26,1,0,0,1,1,5,0,0,0,-6,0.0555555555555556,-0.0379746835443038,0
00-0040494,M.Brosmer,Max Brosmer,QB,2025,3,REG,2025_03_CIN_MIN,MIN,CIN,2,4,29,0,0,0,0,0,0,0,0,0,0,0,0,0,0,0,0,0,0,0
00-0040506,M.Price,Myles Price,WR,2025,3,REG,2025_03_CIN_MIN,MIN,CIN,0,0,0,0,0,0,0,0,0,0,0,0,0,0,0,0,0,0,0,0,0,0
00-0040509,B.Yurosek,Ben Yurosek,TE,2025,3,REG,2025_03_CIN_MIN,MIN,CIN,0,0,0,0,0,0,0,0,0,0,0,0,0,0,0,0,0,0,0,0,0,0
00-0040547,N.Carter,Nate Carter,RB,2025,3,REG,2025_03_ATL_CAR,ATL,CAR,0,0,0,0,0,0,0,7,46,0,1,0,0,0,0,0,0,0,0,0,0,0
00-0040581,D.Thornton,Dont'e Thornton Jr.,WR,2025,3,REG,2025_03_LV_WAS,LV,WAS,0,0,0,0,0,0,0,0,0,0,0,0,2,4,29,0,0,0,53,0.148148148148148,0.173770491803279,0
00-0040582,A.Smith,Arian Smith,WR,2025,3,REG,2025_03_NYJ_TB,NYJ,TB,0,0,0,0,0,0,0,0,0,0,0,0,2,2,2,0,0,0,1,0.0571428571428571,0.0062111801242236,0
00-0040583,W.Marks,Woody Marks,RB,2025,3,REG,2025_03_HOU_JAX,HOU,JAX,0,0,0,0,0,0,0,6,27,0,0,0,1,2,9,0,0,0,-1,0.0555555555555556,-0.00347222222222222,0
00-0040584,G.Helm,Gunnar Helm,TE,2025,3,REG,2025_03_IND_TEN,TEN,IND,0,0,0,0,0,0,0,0,0,0,0,0,3,3,27,0,0,0,7,0.0882352941176471,0.0378378378378378,0
00-0040629,D.Campbell,Dalevon Campbell,WR,2025,3,REG,2025_03_ATL_CAR,CAR,ATL,0,0,0,0,0,0,0,0,0,0,0,0,0,0,0,0,0,0,0,0,0,0
00-0040644,T.Etienne,Trevor Etienne,RB,2025,3,REG,2025_03_ATL_CAR,CAR,ATL,0,0,0,0,0,0,0,0,0,0,0,0,0,0,0,0,0,0,0,0,0,0
00-0040648,T.Horton,Tory Horton,WR,2025,3,REG,2025_03_NO_SEA,SEA,NO,0,0,0,0,0,0,0,0,0,0,0,0,3,4,32,1,0,0,30,0.2,0.176470588235294,1
00-0040663,H.Fannin,Harold Fannin Jr.,TE,2025,3,REG,2025_03_GB_CLE,CLE,GB,0,0,0,0,0,0,0,0,0,0,0,0,3,4,25,0,0,0,6,0.121212121212121,0.0236220472440945,0
00-0040666,O.Hampton,Omarion Hampton,RB,2025,3,REG,2025_03_DEN_LAC,LAC,DEN,0,0,0,0,0,0,0,19,70,1,0,0,6,7,59,0,0,0,-5,0.155555555555556,-0.0116550116550117,0
00-0040667,M.Golden,Matthew Golden,WR,2025,3,REG,2025_03_GB_CLE,GB,CLE,0,0,0,0,0,0,0,3,9,0,0,0,4,4,52,0,0,0,34,0.16,0.708333333333333,0
00-0040669,I.TeSlaa,Isaac TeSlaa,WR,2025,3,REG,2025_03_DET_BAL,DET,BAL,0,0,0,0,0,0,0,0,0,0,0,0,0,2,0,0,0,0,31,0.0769230769230769,0.146919431279621,0
00-0040673,J.Milroe,Jalen Milroe,QB,2025,3,REG,2025_03_NO_SEA,SEA,NO,0,0,0,0,0,0,0,1,3,0,0,0,0,0,0,0,0,0,0,0,0,0
00-0040676,C.Ward,Cam Ward,QB,2025,3,REG,2025_03_IND_TEN,TEN,IND,23,38,219,1,1,0,0,3,12,0,0,0,0,0,0,0,0,0,0,0,0,0
00-0040691,J.Dart,Jaxson Dart,QB,2025,3,REG,2025_03_KC_NYG,NYG,KC,0,0,0,0,0,0,0,1,3,0,0,0,0,0,0,0,0,0,0,0,0,0
00-0040705,C.Dike,Chimere Dike,WR,2025,3,REG,2025_03_IND_TEN,TEN,IND,0,0,0,0,0,0,0,2,3,0,0,0,3,4,2,0,0,0,-6,0.117647058823529,-0.0324324324324324,0
00-0040715,C.Skattebo,Cam Skattebo,RB,2025,3,REG,2025_03_KC_NYG,NYG,KC,0,0,0,0,0,0,0,10,60,1,0,0,6,8,61,0,0,0,5,0.266666666666667,0.0176056338028169,0
00-0040719,B.Tuten,Bhayshul Tuten,RB,2025,3,REG,2025_03_HOU_JAX,JAX,HOU,0,0,0,0,0,0,0,6,21,1,0,0,0,1,0,0,0,0,3,0.0263157894736842,0.00952380952380953,0
00-0040727,T.Harris,Tre Harris,WR,2025,3,REG,2025_03_DEN_LAC,LAC,DEN,0,0,0,0,0,0,0,0,0,0,0,0,0,1,0,0,0,0,34,0.0222222222222222,0.0792540792540793,0
00-0040729,J.Bech,Jack Bech,WR,2025,3,REG,2025_03_LV_WAS,LV,WAS,0,0,0,0,0,0,0,0,0,0,0,0,1,1,10,0,0,0,10,0.037037037037037,0.0327868852459016,0
00-0040730,R.Harvey,RJ Harvey,RB,2025,3,REG,2025_03_DEN_LAC,DEN,LAC,0,0,0,0,0,0,0,2,2,0,0,0,3,3,14,0,0,0,-6,0.130434782608696,-0.0223048327137546,0
00-0040734,T.Henderson,TreVeyon Henderson,RB,2025,3,REG,2025_03_PIT_NE,NE,PIT,0,0,0,0,0,0,0,11,28,0,0,0,3,3,19,0,0,0,2,0.0833333333333333,0.00966183574879227,0
00-0040735,L.Burden,Luther Burden III,WR,2025,3,REG,2025_03_DAL_CHI,CHI,DAL,0,0,0,0,0,0,0,1,7,0,0,0,3,3,101,1,0,0,64,0.107142857142857,0.256,0
00-0040736,M.Taylor,Mason Taylor,TE,2025,3,REG,2025_03_NYJ_TB,NYJ,TB,0,0,0,0,0,0,0,0,0,0,0,0,4,6,18,0,0,0,17,0.171428571428571,0.105590062111801,0
00-0040739,E.Arroyo,Elijah Arroyo,TE,2025,3,REG,2025_03_NO_SEA,SEA,NO,0,0,0,0,0,0,0,0,0,0,0,0,0,1,0,0,0,0,10,0.05,0.0588235294117647,0
00-0040743,T.Shough,Tyler Shough,QB,2025,3,REG,2025_03_NO_SEA,NO,SEA,0,2,0,0,0,0,0,0,0,0,0,0,0,0,0,0,0,0,0,0,0,0
00-0040782,I.Bond,Isaiah Bond,WR,2025,3,REG,2025_03_GB_CLE,CLE,GB,0,0,0,0,0,0,0,0,0,0,0,0,2,4,16,0,0,0,66,0.121212121212121,0.259842519685039,0
00-0040784,Q.Judkins,Quinshon Judkins,RB,2025,3,REG,2025_03_GB_CLE,CLE,GB,0,0,0,0,0,0,0,18,94,1,0,0,1,2,1,0,0,0,7,0.0606060606060606,0.0275590551181102,0
00-0023459,A.Rodgers,Aaron Rodgers,QB,2025,4,REG,2025_04_MIN_PIT,PIT,MIN,18,22,200,1,0,0,0,3,8,0,0,0,0,0,0,0,0,0,0,0,0,0
00-0026158,J.Flacco,Joe Flacco,QB,2025,4,REG,2025_04_CLE_DET,CLE,DET,16,34,184,0,2,1,0,3,-1,0,0,0,0,0,0,0,0,0,0,0,0,0
00-0026498,M.Stafford,Matthew Stafford,QB,2025,4,REG,2025_04_IND_LA,LA,IND,29,41,375,3,0,0,0,4,4,0,0,0,0,0,0,0,0,0,0,0,0,0
00-0027973,A.Dalton,Andy Dalton,QB,2025,4,REG,2025_04_CAR_NE,CAR,NE,5,6,58,1,0,0,0,0,0,0,0,0,0,0,0,0,0,0,0,0,0,0
00-0029263,R.Wilson,Russell Wilson,QB,2025,4,REG,2025_04_LAC_NYG,NYG,LAC,1,1,8,0,0,0,0,0,0,0,0,0,0,0,0,0,0,0,0,0,0,0
00-0030035,A.Thielen,Adam Thielen,WR,2025,4,REG,2025_04_MIN_PIT,MIN,PIT,0,0,0,0,0,0,0,0,0,0,0,0,2,2,11,0,0,0,11,0.0476190476190476,0.0328358208955224,0
00-0030061,Z.Ertz,Zach Ertz,TE,2025,4,REG,2025_04_WAS_ATL,WAS,ATL,0,0,0,0,0,0,0,0,0,0,0,0,2,4,21,0,0,1,36,0.166666666666667,0.125874125874126,0
00-0030279,K.Allen,Keenan Allen,WR,2025,4,REG,2025_04_LAC_NYG,LAC,NYG,0,0,0,0,0,0,0,0,0,0,0,0,5,7,37,0,0,0,30,0.184210526315789,0.113207547169811,0
00-0030506,T.Kelce,Travis Kelce,TE,2025,4,REG,2025_04_BAL_KC,KC,BAL,0,0,0,0,0,0,0,0,0,0,0,0,5,5,48,0,0,0,16,0.142857142857143,0.0617760617760618,0
00-0030564,D.Hopkins,DeAndre Hopkins,WR,2025,4,REG,2025_04_BAL_KC,BAL,KC,0,0,0,0,0,0,0,0,0,0,0,0,0,1,0,0,0,0,20,0.0333333333333333,0.126582278481013,0
00-0030565,G.Smith,Geno Smith,QB,2025,4,REG,2025_04_CHI_LV,LV,CHI,14,21,117,2,3,0,0,4,31,0,0,0,0,0,0,0,0,0,0,0,0,0
00-0031236,B.Cooks,Brandin Cooks,WR,2025,4,REG,2025_04_NO_BUF,NO,BUF,0,0,0,0,0,0,0,0,0,0,0,0,3,4,22,0,0,0,33,0.16,0.266129032258065,0
00-0031381,D.Adams,Davante Adams,WR,2025,4,REG,2025_04_IND_LA,LA,IND,0,0,0,0,0,0,0,0,0,0,0,0,4,6,56,1,0,0,69,0.15,0.201754385964912,0
00-0031484,C.Manhertz,Chris Manhertz,TE,2025,4,REG,2025_04_LAC_NYG,NYG,LAC,0,0,0,0,0,0,0,0,0,0,0,0,0,0,0,0,0,0,0,0,0,0
00-0031588,S.Diggs,Stefon Diggs,WR,2025,4,REG,2025_04_CAR_NE,NE,CAR,0,0,0,0,0,0,0,0,0,0,0,0,6,7,101,0,0,0,91,0.411764705882353,0.602649006622517,0
00-0031610,D.Waller,Darren Waller,TE,2025,4,REG,2025_04_NYJ_MIA,MIA,NYJ,0,0,0,0,0,0,0,0,0,0,0,0,3,4,27,2,0,0,45,0.16,0.328467153284672,0
00-0031687,R.Mostert,Raheem Mostert,RB,2025,4,REG,2025_04_CHI_LV,LV,CHI,0,0,0,0,0,0,0,4,62,0,0,0,1,1,11,0,0,0,2,0.05,0.0206185567010309,0
00-0031763,D.Carter,DeAndre Carter,WR,2025,4,REG,2025_04_CLE_DET,CLE,DET,0,0,0,0,0,0,0,0,0,0,0,0,0,0,0,0,0,0,0,0,0,0
00-0032211,T.Lockett,Tyler Lockett,WR,2025,4,REG,2025_04_TEN_HOU,TEN,HOU,0,0,0,0,0,0,0,0,0,0,0,0,0,4,0,0,0,0,36,0.173913043478261,0.189473684210526,0
00-0032268,M.Mariota,Marcus Mariota,QB,2025,4,REG,2025_04_WAS_ATL,WAS,ATL,16,27,156,2,1,0,1,2,20,0,0,0,0,0,0,0,0,0,0,0,0,0
00-0032385,S.Shepard,Sterling Shepard,WR,2025,4,REG,2025_04_PHI_TB,TB,PHI,0,0,0,0,0,0,0,1,6,0,0,0,2,4,14,0,0,0,22,0.102564102564103,0.0689655172413793,0
00-0032392,A.Hooper,Austin Hooper,TE,2025,4,REG,2025_04_CAR_NE,NE,CAR,0,0,0,0,0,0,0,0,0,0,0,0,1,1,24,0,0,0,-3,0.0588235294117647,-0.0198675496688742,0
00-0032398,C.Moore,Chris Moore,WR,2025,4,REG,2025_04_WAS_ATL,WAS,ATL,0,0,0,0,0,0,0,1,9,0,0,0,0,3,0,0,0,0,45,0.125,0.157342657342657,0
00-0032464,K.Raymond,Kalif Raymond,WR,2025,4,REG,2025_04_CLE_DET,DET,CLE,0,0,0,0,0,0,0,0,0,0,0,0,2,3,13,0,0,0,16,0.12,0.0511182108626198,1
00-0032764,D.Henry,Derrick Henry,RB,2025,4,REG,2025_04_BAL_KC,BAL,KC,0,0,0,0,0,0,0,8,42,0,0,0,2,3,16,0,0,0,-2,0.1,-0.0126582278481013,0
00-0032775,D.Robinson,Demarcus Robinson,WR,2025,4,REG,2025_04_JAX_SF,SF,JAX,0,0,0,0,0,0,0,0,0,0,0,0,1,2,20,0,0,0,31,0.0540540540540541,0.101307189542484,0
00-0032950,C.Wentz,Carson Wentz,QB,2025,4,REG,2025_04_MIN_PIT,MIN,PIT,30,46,350,2,2,0,1,2,12,0,0,0,0,0,0,0,0,0,0,0,0,0
00-0033040,T.Hill,Tyreek Hill,WR,2025,4,REG,2025_04_NYJ_MIA,MIA,NYJ,0,0,0,0,0,0,0,0,0,0,0,0,6,6,67,0,0,0,40,0.24,0.291970802919708,0
00-0033077,D.Prescott,Dak Prescott,QB,2025,4,REG,2025_04_GB_DAL,DAL,GB,31,40,319,3,0,0,0,1,2,1,0,0,0,0,0,0,0,0,0,0,0,0
00-0033090,H.Henry,Hunter Henry,TE,2025,4,REG,2025_04_CAR_NE,NE,CAR,0,0,0,0,0,0,0,0,0,0,0,0,2,2,39,1,0,0,12,0.117647058823529,0.0794701986754967,0
00-0033106,J.Goff,Jared Goff,QB,2025,4,REG,2025_04_CLE_DET,DET,CLE,16,27,168,2,1,0,0,0,0,0,0,0,0,0,0,0,0,0,0,0,0,0
00-0033110,T.Higbee,Tyler Higbee,TE,2025,4,REG,2025_04_IND_LA,LA,IND,0,0,0,0,0,0,0,0,0,0,0,0,2,5,25,0,0,0,45,0.125,0.131578947368421,0
00-0033246,J.Mundt,Johnny Mundt,TE,2025,4,REG,2025_04_JAX_SF,JAX,SF,0,0,0,0,0,0,0,0,0,0,0,0,0,1,0,0,0,0,9,0.0333333333333333,0.0459183673469388,0
00-0033280,C.McCaffrey,Christian McCaffrey,RB,2025,4,REG,2025_04_JAX_SF,SF,JAX,0,0,0,0,0,0,0,17,49,0,0,0,6,11,92,1,0,0,50,0.297297297297297,0.163398692810458,0
00-0033282,C.Samuel,Curtis Samuel,WR,2025,4,REG,2025_04_NO_BUF,BUF,NO,0,0,0,0,0,0,0,0,0,0,0,0,1,2,9,0,0,0,47,0.0909090909090909,0.209821428571429,0
00-0033307,K.Bourne,Kendrick Bourne,WR,2025,4,REG,2025_04_JAX_SF,SF,JAX,0,0,0,0,0,0,0,0,0,0,0,0,1,4,17,0,0,0,32,0.108108108108108,0.104575163398693,0
00-0033375,T.Patrick,Tim Patrick,WR,2025,4,REG,2025_04_JAX_SF,JAX,SF,0,0,0,0,0,0,0,0,0,0,0,0,1,1,-1,0,0,0,-4,0.0333333333333333,-0.0204081632653061,0
00-0033526,S.Perine,Samaje Perine,RB,2025,4,REG,2025_04_CIN_DEN,CIN,DEN,0,0,0,0,0,0,0,1,4,0,0,0,0,1,0,0,0,0,-3,0.0454545454545455,-0.015,0
00-0033555,M.Hollins,Mack Hollins,WR,2025,4,REG,2025_04_CAR_NE,NE,CAR,0,0,0,0,0,0,0,0,0,0,0,0,1,1,4,1,0,0,4,0.0588235294117647,0.0264900662251656,0
00-0033572,J.Agnew,Jamal Agnew,WR,2025,4,REG,2025_04_WAS_ATL,ATL,WAS,0,0,0,0,0,0,0,0,0,0,0,0,0,0,0,0,0,0,0,0,0,0
00-0033576,E.Saubert,Eric Saubert,TE,2025,4,REG,2025_04_SEA_ARI,SEA,ARI,0,0,0,0,0,0,0,0,0,0,0,0,0,0,0,0,0,0,0,0,0,0
00-0033589,D.Moore,David Moore,WR,2025,4,REG,2025_04_CAR_NE,CAR,NE,0,0,0,0,0,0,0,1,12,0,0,0,0,0,0,0,0,0,0,0,0,0
00-0033662,C.Rush,Cooper Rush,QB,2025,4,REG,2025_04_BAL_KC,BAL,KC,9,13,52,0,0,0,0,0,0,0,0,0,0,0,0,0,0,0,0,0,0,0
00-0033757,R.Tonyan,Robert Tonyan,TE,2025,4,REG,2025_04_BAL_KC,KC,BAL,0,0,0,0,0,0,0,0,0,0,0,0,0,0,0,0,0,0,0,0,0,0
00-0033857,J.Smith-Schuster,JuJu Smith-Schuster,WR,2025,4,REG,2025_04_BAL_KC,KC,BAL,0,0,0,0,0,0,0,0,0,0,0,0,4,6,36,1,0,0,44,0.171428571428571,0.16988416988417,0
00-0033858,J.Smith,Jonnu Smith,TE,2025,4,REG,2025_04_MIN_PIT,PIT,MIN,0,0,0,0,0,0,0,0,0,0,0,0,2,3,6,0,0,0,2,0.136363636363636,0.0273972602739726,0
00-0033873,P.Mahomes,Patrick Mahomes,QB,2025,4,REG,2025_04_BAL_KC,KC,BAL,25,37,270,4,0,0,0,4,5,0,0,0,0,0,0,0,0,0,0,0,0,0
00-0033881,E.Engram,Evan Engram,TE,2025,4,REG,2025_04_CIN_DEN,DEN,CIN,0,0,0,0,0,0,0,0,0,0,0,0,4,7,29,0,0,0,62,0.166666666666667,0.221428571428571,0
00-0033885,D.Njoku,David Njoku,TE,2025,4,REG,2025_04_CLE_DET,CLE,DET,0,0,0,0,0,0,0,0,0,0,0,0,2,3,11,0,0,0,2,0.0882352941176471,0.00576368876080692,0
00-0033906,A.Kamara,Alvin Kamara,RB,2025,4,REG,2025_04_NO_BUF,NO,BUF,0,0,0,0,0,0,0,15,70,0,0,0,4,5,2,0,0,0,-7,0.2,-0.0564516129032258,0
00-0033908,C.Kupp,Cooper Kupp,WR,2025,4,REG,2025_04_SEA_ARI,SEA,ARI,0,0,0,0,0,0,0,0,0,0,0,0,4,5,26,0,0,0,15,0.208333333333333,0.0632911392405063,0
00-0033921,C.Godwin,Chris Godwin Jr.,WR,2025,4,REG,2025_04_PHI_TB,TB,PHI,0,0,0,0,0,0,0,0,0,0,0,0,3,10,26,0,0,0,146,0.256410256410256,0.457680250783699,0
00-0033923,K.Hunt,Kareem Hunt,RB,2025,4,REG,2025_04_BAL_KC,KC,BAL,0,0,0,0,0,0,0,13,34,0,0,0,1,1,13,0,0,0,5,0.0285714285714286,0.0193050193050193,0
00-0033943,J.Reynolds,Josh Reynolds,WR,2025,4,REG,2025_04_NYJ_MIA,NYJ,MIA,0,0,0,0,0,0,0,0,0,0,0,0,0,2,0,0,0,0,28,0.0740740740740741,0.136585365853659,0
00-0033949,J.Dobbs,Joshua Dobbs,QB,2025,4,REG,2025_04_CAR_NE,NE,CAR,0,1,0,0,0,0,0,3,-2,0,0,0,0,0,0,0,0,0,0,0,0,0
00-0033955,J.McNichols,Jeremy McNichols,RB,2025,4,REG,2025_04_WAS_ATL,WAS,ATL,0,0,0,0,0,0,0,2,3,0,0,0,1,2,0,0,0,0,1,0.0833333333333333,0.0034965034965035,0
00-0034270,T.Conklin,Tyler Conklin,TE,2025,4,REG,2025_04_LAC_NYG,LAC,NYG,0,0,0,0,0,0,0,0,0,0,0,0,1,1,3,0,0,0,-4,0.0263157894736842,-0.0150943396226415,0
00-0034348,C.Sutton,Courtland Sutton,WR,2025,4,REG,2025_04_CIN_DEN,DEN,CIN,0,0,0,0,0,0,0,0,0,0,0,0,5,6,81,1,0,0,49,0.142857142857143,0.175,0
00-0034351,D.Goedert,Dallas Goedert,TE,2025,4,REG,2025_04_PHI_TB,PHI,TB,0,0,0,0,0,0,0,0,0,0,0,0,4,4,37,2,0,0,20,0.166666666666667,0.119760479041916,0
00-0034365,I.Thomas,Ian Thomas,TE,2025,4,REG,2025_04_CHI_LV,LV,CHI,0,0,0,0,0,0,0,0,0,0,0,0,0,0,0,0,0,0,0,0,0,0
00-0034383,D.Schultz,Dalton Schultz,TE,2025,4,REG,2025_04_TEN_HOU,HOU,TEN,0,0,0,0,0,0,0,0,0,0,0,0,5,6,30,0,0,0,49,0.214285714285714,0.269230769230769,0
00-0034407,R.McCloud,Ray-Ray McCloud,WR,2025,4,REG,2025_04_WAS_ATL,ATL,WAS,0,0,0,0,0,0,0,0,0,0,0,0,1,2,-7,0,0,0,-10,0.0769230769230769,-0.0364963503649635,0
00-0034521,A.Lazard,Allen Lazard,WR,2025,4,REG,2025_04_NYJ_MIA,NYJ,MIA,0,0,0,0,0,0,0,0,0,0,0,0,1,1,8,0,0,0,5,0.037037037037037,0.024390243902439,0
00-0034577,K.Allen,Kyle Allen,QB,2025,4,REG,2025_04_CLE_DET,DET,CLE,0,0,0,0,0,0,0,2,-2,0,0,0,0,0,0,0,0,0,0,0,0,0
00-0034753,M.Andrews,Mark Andrews,TE,2025,4,REG,2025_04_BAL_KC,BAL,KC,0,0,0,0,0,0,0,0,0,0,0,0,7,8,30,0,0,0,41,0.266666666666667,0.259493670886076,0
00-0034775,C.Kirk,Christian Kirk,WR,2025,4,REG,2025_04_TEN_HOU,HOU,TEN,0,0,0,0,0,0,0,0,0,0,0,0,3,4,20,0,0,0,18,0.142857142857143,0.0989010989010989,0
00-0034791,N.Chubb,Nick Chubb,RB,2025,4,REG,2025_04_TEN_HOU,HOU,TEN,0,0,0,0,0,0,0,13,47,0,0,0,2,2,15,0,0,0,9,0.0714285714285714,0.0494505494505495,0
00-0034796,L.Jackson,Lamar Jackson,QB,2025,4,REG,2025_04_BAL_KC,BAL,KC,14,20,147,1,1,1,0,6,48,0,0,0,0,0,0,0,0,0,0,0,0,0
00-0034827,D.Moore,DJ Moore,WR,2025,4,REG,2025_04_CHI_LV,CHI,LV,0,0,0,0,0,0,0,0,0,0,0,0,4,5,38,0,0,0,12,0.138888888888889,0.0487804878048781,0
00-0034829,M.Gesicki,Mike Gesicki,TE,2025,4,REG,2025_04_CIN_DEN,CIN,DEN,0,0,0,0,0,0,0,0,0,0,0,0,1,1,8,0,0,0,5,0.0454545454545455,0.025,0
00-0034837,C.Ridley,Calvin Ridley,WR,2025,4,REG,2025_04_TEN_HOU,TEN,HOU,0,0,0,0,0,0,0,0,0,0,0,0,2,3,30,0,0,0,34,0.130434782608696,0.178947368421053,0
00-0034844,S.Barkley,Saquon Barkley,RB,2025,4,REG,2025_04_PHI_TB,PHI,TB,0,0,0,0,0,0,0,19,43,1,0,0,4,4,31,0,0,0,-5,0.166666666666667,-0.029940119760479,0
00-0034855,B.Mayfield,Baker Mayfield,QB,2025,4,REG,2025_04_PHI_TB,TB,PHI,22,40,289,2,1,0,0,2,13,0,0,0,0,0,0,0,0,0,0,0,0,0
00-0034857,J.Allen,Josh Allen,QB,2025,4,REG,2025_04_NO_BUF,BUF,NO,16,22,209,2,1,0,0,7,45,1,0,0,0,0,0,0,0,0,0,0,0,0
00-0034869,S.Darnold,Sam Darnold,QB,2025,4,REG,2025_04_SEA_ARI,SEA,ARI,18,26,242,1,0,0,0,1,24,0,0,0,0,0,0,0,0,0,0,0,0,0
00-0034960,J.Meyers,Jakobi Meyers,WR,2025,4,REG,2025_04_CHI_LV,LV,CHI,0,0,0,0,0,0,0,0,0,0,0,0,4,7,30,0,0,0,56,0.35,0.577319587628866,0
00-0034975,J.Hill,Justice Hill,RB,2025,4,REG,2025_04_BAL_KC,BAL,KC,0,0,0,0,0,0,0,3,76,1,0,0,5,6,41,1,0,0,-20,0.2,-0.126582278481013,0
00-0034983,H.Renfrow,Hunter Renfrow,WR,2025,4,REG,2025_04_CAR_NE,CAR,NE,0,0,0,0,0,0,0,0,0,0,0,0,2,2,10,0,0,0,7,0.0625,0.0351758793969849,0
00-0035021,A.Dulin,Ashton Dulin,WR,2025,4,REG,2025_04_IND_LA,IND,LA,0,0,0,0,0,0,0,1,7,0,0,0,1,1,11,0,0,0,5,0.03125,0.0159744408945687,0
00-0035100,J.Browning,Jake Browning,QB,2025,4,REG,2025_04_CIN_DEN,CIN,DEN,14,25,125,0,0,0,0,3,4,0,0,0,0,0,0,0,0,0,0,0,0,0
00-0035208,O.Zaccheaus,Olamide Zaccheaus,WR,2025,4,REG,2025_04_CHI_LV,CHI,LV,0,0,0,0,0,0,0,0,0,0,0,0,5,6,41,0,0,0,20,0.166666666666667,0.0813008130081301,0
00-0035228,K.Murray,Kyler Murray,QB,2025,4,REG,2025_04_SEA_ARI,ARI,SEA,27,41,200,2,2,0,0,5,41,0,0,0,0,0,0,0,0,0,0,0,0,0
00-0035229,T.Hockenson,T.J. Hockenson,TE,2025,4,REG,2025_04_MIN_PIT,MIN,PIT,0,0,0,0,0,0,0,0,0,0,0,0,4,5,39,0,0,0,23,0.119047619047619,0.0686567164179105,0
00-0035243,M.Sanders,Miles Sanders,RB,2025,4,REG,2025_04_GB_DAL,DAL,GB,0,0,0,0,0,0,0,2,8,0,0,0,2,2,17,0,0,0,-7,0.0526315789473684,-0.0214067278287462,0
00-0035249,J.Oliver,Josh Oliver,TE,2025,4,REG,2025_04_MIN_PIT,MIN,PIT,0,0,0,0,0,0,0,0,0,0,0,0,0,1,0,0,0,0,0,0.0238095238095238,0,0
00-0035250,D.Singletary,Devin Singletary,RB,2025,4,REG,2025_04_LAC_NYG,NYG,LAC,0,0,0,0,0,0,0,7,28,0,0,0,0,0,0,0,0,0,0,0,0,0
00-0035261,T.Pollard,Tony Pollard,RB,2025,4,REG,2025_04_TEN_HOU,TEN,HOU,0,0,0,0,0,0,0,14,64,0,0,0,3,3,12,0,0,0,-9,0.130434782608696,-0.0473684210526316,0
00-0035289,G.Minshew,Gardner Minshew,QB,2025,4,REG,2025_04_BAL_KC,KC,BAL,0,0,0,0,0,0,0,2,-3,0,0,0,0,0,0,0,0,0,0,0,0,0
00-0035298,S.Miller,Scott Miller,WR,2025,4,REG,2025_04_MIN_PIT,PIT,MIN,0,0,0,0,0,0,0,0,0,0,0,0,0,1,0,0,0,0,8,0.0454545454545455,0.10958904109589,0
00-0035500,G.Dortch,Greg Dortch,WR,2025,4,REG,2025_04_SEA_ARI,ARI,SEA,0,0,0,0,0,0,0,1,4,0,0,0,4,5,35,0,0,0,-7,0.125,-0.0294117647058824,0
00-0035535,D.Slayton,Darius Slayton,WR,2025,4,REG,2025_04_LAC_NYG,NYG,LAC,0,0,0,0,0,0,0,0,0,0,0,0,3,4,44,0,0,0,66,0.2,0.540983606557377,0
00-0035537,Ty.Johnson,Ty Johnson,RB,2025,4,REG,2025_04_NO_BUF,BUF,NO,0,0,0,0,0,0,0,1,0,0,0,0,0,0,0,0,0,0,0,0,0,0
00-0035567,C.Reynolds,Craig Reynolds,RB,2025,4,REG,2025_04_CLE_DET,DET,CLE,0,0,0,0,0,0,0,0,0,0,0,0,0,0,0,0,0,0,0,0,0,0
00-0035640,D.Metcalf,DK Metcalf,WR,2025,4,REG,2025_04_MIN_PIT,PIT,MIN,0,0,0,0,0,0,0,0,0,0,0,0,5,5,126,1,0,0,34,0.227272727272727,0.465753424657534,0
00-0035645,G.Olszewski,Gunner Olszewski,WR,2025,4,REG,2025_04_LAC_NYG,NYG,LAC,0,0,0,0,0,0,0,0,0,0,0,0,0,0,0,0,0,0,0,0,0,0
00-0035662,M.Brown,Marquise Brown,WR,2025,4,REG,2025_04_BAL_KC,KC,BAL,0,0,0,0,0,0,0,0,0,0,0,0,3,5,38,1,0,0,39,0.142857142857143,0.150579150579151,0
00-0035676,A.Brown,A.J. Brown,WR,2025,4,REG,2025_04_PHI_TB,PHI,TB,0,0,0,0,0,0,0,0,0,0,0,0,2,9,7,0,0,0,119,0.375,0.712574850299401,0
00-0035685,D.Montgomery,David Montgomery,RB,2025,4,REG,2025_04_CLE_DET,DET,CLE,0,0,0,0,0,0,0,9,12,0,0,0,0,1,0,0,0,0,3,0.04,0.00958466453674121,0
00-0035689,D.Knox,Dawson Knox,TE,2025,4,REG,2025_04_NO_BUF,BUF,NO,0,0,0,0,0,0,0,0,0,0,0,0,0,1,0,0,0,0,22,0.0454545454545455,0.0982142857142857,0
00-0035700,J.Jacobs,Josh Jacobs,RB,2025,4,REG,2025_04_GB_DAL,GB,DAL,0,0,0,0,0,0,0,22,86,2,0,0,4,4,71,0,0,0,-5,0.111111111111111,-0.0196078431372549,0
00-0035710,D.Jones,Daniel Jones,QB,2025,4,REG,2025_04_IND_LA,IND,LA,24,33,262,1,2,0,0,1,-1,0,0,0,0,0,0,0,0,0,0,0,0,0
00-0035719,D.Samuel,Deebo Samuel Sr.,WR,2025,4,REG,2025_04_WAS_ATL,WAS,ATL,0,0,0,0,0,0,0,3,9,0,0,0,6,6,72,1,0,0,69,0.25,0.241258741258741,0
00-0036040,J.Johnson,Juwan Johnson,TE,2025,4,REG,2025_04_NO_BUF,NO,BUF,0,0,0,0,0,0,0,0,0,0,0,0,3,3,28,0,0,0,14,0.12,0.112903225806452,0
00-0036139,R.Dowdle,Rico Dowdle,RB,2025,4,REG,2025_04_CAR_NE,CAR,NE,0,0,0,0,0,0,0,9,32,0,0,0,1,1,-2,0,0,0,-2,0.03125,-0.0100502512562814,0
00-0036158,J.Dobbins,J.K. Dobbins,RB,2025,4,REG,2025_04_CIN_DEN,DEN,CIN,0,0,0,0,0,0,0,16,101,0,0,0,1,1,4,0,0,0,-3,0.0238095238095238,-0.0107142857142857,0
00-0036182,N.Westbrook-Ikhine,Nick Westbrook-Ikhine,WR,2025,4,REG,2025_04_NYJ_MIA,MIA,NYJ,0,0,0,0,0,0,0,0,0,0,0,0,1,1,1,0,0,0,-4,0.04,-0.0291970802919708,0
00-0036212,T.Tagovailoa,Tua Tagovailoa,QB,2025,4,REG,2025_04_NYJ_MIA,MIA,NYJ,17,25,177,2,0,0,0,3,6,0,0,0,0,0,0,0,0,0,0,0,0,0
00-0036223,J.Taylor,Jonathan Taylor,RB,2025,4,REG,2025_04_IND_LA,IND,LA,0,0,0,0,0,0,0,17,76,0,0,0,5,5,20,0,0,0,-16,0.15625,-0.0511182108626198,0
00-0036244,C.Parkinson,Colby Parkinson,TE,2025,4,REG,2025_04_IND_LA,LA,IND,0,0,0,0,0,0,0,0,0,0,0,0,2,2,17,0,0,0,9,0.05,0.0263157894736842,0
00-0036252,M.Pittman,Michael Pittman,WR,2025,4,REG,2025_04_IND_LA,IND,LA,0,0,0,0,0,0,0,0,0,0,0,0,5,10,41,1,0,0,158,0.3125,0.504792332268371,0
00-0036259,J.Jennings,Jauan Jennings,WR,2025,4,REG,2025_04_JAX_SF,SF,JAX,0,0,0,0,0,0,0,0,0,0,0,0,2,4,24,0,0,1,41,0.108108108108108,0.133986928104575,0
00-0036264,J.Love,Jordan Love,QB,2025,4,REG,2025_04_GB_DAL,GB,DAL,31,43,337,3,0,1,0,3,28,0,0,0,0,0,0,0,0,0,0,0,0,0
00-0036265,A.Dillon,AJ Dillon,RB,2025,4,REG,2025_04_PHI_TB,PHI,TB,0,0,0,0,0,0,0,3,17,0,0,0,0,0,0,0,0,0,0,0,0,0
00-0036275,D.Swift,D'Andre Swift,RB,2025,4,REG,2025_04_CHI_LV,CHI,LV,0,0,0,0,0,0,0,14,38,1,0,0,4,6,22,0,0,0,4,0.166666666666667,0.016260162601626,0
00-0036290,C.Kmet,Cole Kmet,TE,2025,4,REG,2025_04_CHI_LV,CHI,LV,0,0,0,0,0,0,0,0,0,0,0,0,3,9,46,0,0,0,94,0.25,0.382113821138211,0
00-0036309,D.Mooney,Darnell Mooney,WR,2025,4,REG,2025_04_WAS_ATL,ATL,WAS,0,0,0,0,0,0,0,0,0,0,0,0,1,1,15,0,0,0,13,0.0384615384615385,0.0474452554744526,0
00-0036322,J.Jefferson,Justin Jefferson,WR,2025,4,REG,2025_04_MIN_PIT,MIN,PIT,0,0,0,0,0,0,0,0,0,0,0,0,10,11,126,0,0,0,132,0.261904761904762,0.394029850746269,0
00-0036328,A.Gibson,Antonio Gibson,RB,2025,4,REG,2025_04_CAR_NE,NE,CAR,0,0,0,0,0,0,0,6,27,1,0,0,0,0,0,0,0,0,0,0,0,0
00-0036331,D.Duvernay,Devin Duvernay,WR,2025,4,REG,2025_04_CHI_LV,CHI,LV,0,0,0,0,0,0,0,0,0,0,0,0,0,0,0,0,0,0,0,0,0,0
00-0036355,J.Herbert,Justin Herbert,QB,2025,4,REG,2025_04_LAC_NYG,LAC,NYG,23,41,203,1,2,0,0,1,24,0,0,1,0,0,0,0,0,0,0,0,0,0
00-0036389,J.Hurts,Jalen Hurts,QB,2025,4,REG,2025_04_PHI_TB,PHI,TB,15,24,130,2,0,0,0,9,62,0,0,0,0,0,0,0,0,0,0,0,0,0
00-0036407,J.Jeudy,Jerry Jeudy,WR,2025,4,REG,2025_04_CLE_DET,CLE,DET,0,0,0,0,0,0,0,0,0,0,0,0,3,9,48,0,0,0,149,0.264705882352941,0.429394812680115,0
00-0036410,T.Higgins,Tee Higgins,WR,2025,4,REG,2025_04_CIN_DEN,CIN,DEN,0,0,0,0,0,0,0,0,0,0,0,0,3,6,32,0,0,0,79,0.272727272727273,0.395,0
00-0036415,V.Jefferson,Van Jefferson,WR,2025,4,REG,2025_04_TEN_HOU,TEN,HOU,0,0,0,0,0,0,0,0,0,0,0,0,1,1,6,0,0,0,5,0.0434782608695652,0.0263157894736842,0
00-0036422,A.Trautman,Adam Trautman,TE,2025,4,REG,2025_04_CIN_DEN,DEN,CIN,0,0,0,0,0,0,0,0,0,0,0,0,2,3,32,0,0,0,11,0.0714285714285714,0.0392857142857143,0
00-0036550,R.Bateman,Rashod Bateman,WR,2025,4,REG,2025_04_BAL_KC,BAL,KC,0,0,0,0,0,0,0,0,0,0,0,0,1,2,24,0,0,0,30,0.0666666666666667,0.189873417721519,0
00-0036554,N.Collins,Nico Collins,WR,2025,4,REG,2025_04_TEN_HOU,HOU,TEN,0,0,0,0,0,0,0,0,0,0,0,0,4,6,79,0,0,0,71,0.214285714285714,0.39010989010989,0
00-0036555,C.Hubbard,Chuba Hubbard,RB,2025,4,REG,2025_04_CAR_NE,CAR,NE,0,0,0,0,0,0,0,10,49,0,0,0,3,3,20,0,0,0,-6,0.09375,-0.0301507537688442,0
00-0036590,Q.Morris,Quintin Morris,TE,2025,4,REG,2025_04_JAX_SF,JAX,SF,0,0,0,0,0,0,0,0,0,0,0,0,0,0,0,0,0,0,0,0,0,0
00-0036613,J.Waddle,Jaylen Waddle,WR,2025,4,REG,2025_04_NYJ_MIA,MIA,NYJ,0,0,0,0,0,0,0,0,0,0,0,0,3,6,48,0,0,0,41,0.24,0.299270072992701,0
00-0036630,T.Wallace,Tylan Wallace,WR,2025,4,REG,2025_04_BAL_KC,BAL,KC,0,0,0,0,0,0,0,0,0,0,0,0,1,2,14,0,0,0,21,0.0666666666666667,0.132911392405063,0
00-0036637,N.Gray,Noah Gray,TE,2025,4,REG,2025_04_BAL_KC,KC,BAL,0,0,0,0,0,0,0,0,0,0,0,0,1,1,1,0,0,0,-3,0.0285714285714286,-0.0115830115830116,0
00-0036646,S.Fehoko,Simi Fehoko,WR,2025,4,REG,2025_04_SEA_ARI,ARI,SEA,0,0,0,0,0,0,0,0,0,0,0,0,0,0,0,0,0,0,0,0,0,0
00-0036741,J.Stoll,Jack Stoll,TE,2025,4,REG,2025_04_NO_BUF,NO,BUF,0,0,0,0,0,0,0,0,0,0,0,0,1,1,7,0,0,0,1,0.04,0.00806451612903226,0
00-0036754,B.Wright,Brock Wright,TE,2025,4,REG,2025_04_CLE_DET,DET,CLE,0,0,0,0,0,0,0,0,0,0,0,0,0,0,0,0,0,0,0,0,0,0
00-0036825,F.Franks,Feleipe Franks,TE,2025,4,REG,2025_04_WAS_ATL,ATL,WAS,0,0,0,0,0,0,0,0,0,0,0,0,0,0,0,0,0,0,0,0,0,0
00-0036849,T.Atwell,Tutu Atwell,WR,2025,4,REG,2025_04_IND_LA,LA,IND,0,0,0,0,0,0,0,0,0,0,0,0,1,2,88,1,0,0,42,0.05,0.12280701754386,0
00-0036862,B.Skowronek,Ben Skowronek,WR,2025,4,REG,2025_04_MIN_PIT,PIT,MIN,0,0,0,0,0,0,0,0,0,0,0,0,0,1,0,0,0,0,11,0.0454545454545455,0.150684931506849,0
00-0036875,R.Stevenson,Rhamondre Stevenson,RB,2025,4,REG,2025_04_CAR_NE,NE,CAR,0,0,0,0,0,0,0,9,38,0,0,0,1,1,3,0,0,0,-5,0.0588235294117647,-0.033112582781457,0
00-0036876,K.Granson,Kylen Granson,TE,2025,4,REG,2025_04_PHI_TB,PHI,TB,0,0,0,0,0,0,0,0,0,0,0,0,0,0,0,0,0,0,0,0,0,0
00-0036887,L.Farrell,Luke Farrell,TE,2025,4,REG,2025_04_JAX_SF,SF,JAX,0,0,0,0,0,0,0,0,0,0,0,0,2,2,20,0,1,0,5,0.0540540540540541,0.0163398692810458,0
00-0036900,J.Chase,Ja'Marr Chase,WR,2025,4,REG,2025_04_CIN_DEN,CIN,DEN,0,0,0,0,0,0,0,0,0,0,0,0,5,8,23,0,0,0,46,0.363636363636364,0.23,0
00-0036912,D.Smith,DeVonta Smith,WR,2025,4,REG,2025_04_PHI_TB,PHI,TB,0,0,0,0,0,0,0,0,0,0,0,0,2,2,29,0,0,0,22,0.0833333333333333,0.131736526946108,0
00-0036919,K.Gainwell,Kenny Gainwell,RB,2025,4,REG,2025_04_MIN_PIT,PIT,MIN,0,0,0,0,0,0,0,19,99,2,0,0,6,6,35,0,0,0,7,0.272727272727273,0.0958904109589041,0
00-0036924,M.Carter,Michael Carter,RB,2025,4,REG,2025_04_SEA_ARI,ARI,SEA,0,0,0,0,0,0,0,1,1,0,0,0,0,0,0,0,0,0,0,0,0,0
00-0036945,J.Fields,Justin Fields,QB,2025,4,REG,2025_04_NYJ_MIA,NYJ,MIA,20,27,226,1,0,1,0,7,81,1,0,1,0,0,0,0,0,0,0,0,0,0
00-0036963,A.St. Brown,Amon-Ra St. Brown,WR,2025,4,REG,2025_04_CLE_DET,DET,CLE,0,0,0,0,0,0,0,0,0,0,0,0,7,7,70,2,0,0,36,0.28,0.115015974440895,0
00-0036970,K.Pitts,Kyle Pitts,TE,2025,4,REG,2025_04_WAS_ATL,ATL,WAS,0,0,0,0,0,0,0,0,0,0,0,0,5,5,70,1,0,0,42,0.192307692307692,0.153284671532847,0
00-0036971,T.Lawrence,Trevor Lawrence,QB,2025,4,REG,2025_04_JAX_SF,JAX,SF,21,31,174,1,0,0,0,7,7,0,0,0,0,0,0,0,0,0,0,0,0,0
00-0036973,T.Etienne,Travis Etienne,RB,2025,4,REG,2025_04_JAX_SF,JAX,SF,0,0,0,0,0,0,0,19,124,1,0,0,1,2,1,0,0,0,-5,0.0666666666666667,-0.0255102040816327,0
00-0036980,E.Moore,Elijah Moore,WR,2025,4,REG,2025_04_NO_BUF,BUF,NO,0,0,0,0,0,0,0,1,0,0,0,0,0,0,0,0,0,0,0,0,0,0
00-0036984,T.Sermon,Trey Sermon,RB,2025,4,REG,2025_04_MIN_PIT,PIT,MIN,0,0,0,0,0,0,0,0,0,0,0,0,0,0,0,0,0,0,0,0,0,0
00-0036988,J.Palmer,Josh Palmer,WR,2025,4,REG,2025_04_NO_BUF,BUF,NO,0,0,0,0,0,0,0,0,0,0,0,0,2,3,25,0,0,0,22,0.136363636363636,0.0982142857142857,0
00-0036997,J.Williams,Javonte Williams,RB,2025,4,REG,2025_04_GB_DAL,DAL,GB,0,0,0,0,0,0,0,20,85,1,0,0,3,3,15,0,0,0,-9,0.0789473684210526,-0.0275229357798165,0
00-0037004,H.Long,Hunter Long,TE,2025,4,REG,2025_04_JAX_SF,JAX,SF,0,0,0,0,0,0,0,0,0,0,0,0,3,3,23,1,0,0,15,0.1,0.076530612244898,0
00-0037005,T.Tremble,Tommy Tremble,TE,2025,4,REG,2025_04_CAR_NE,CAR,NE,0,0,0,0,0,0,0,0,0,0,0,0,5,8,42,1,0,0,38,0.25,0.190954773869347,0
00-0037085,T.Badie,Tyler Badie,RB,2025,4,REG,2025_04_CIN_DEN,DEN,CIN,0,0,0,0,0,0,0,0,0,0,0,0,1,2,11,0,0,0,8,0.0476190476190476,0.0285714285714286,0
00-0037086,G.Calcaterra,Grant Calcaterra,TE,2025,4,REG,2025_04_PHI_TB,PHI,TB,0,0,0,0,0,0,0,0,0,0,0,0,1,2,16,0,0,0,7,0.0833333333333333,0.0419161676646707,0
00-0037091,B.Melton,Bo Melton,WR,2025,4,REG,2025_04_GB_DAL,GB,DAL,0,0,0,0,0,0,0,0,0,0,0,0,0,0,0,0,0,0,0,0,0,0
00-0037093,D.Young,Dareke Young,WR,2025,4,REG,2025_04_SEA_ARI,SEA,ARI,0,0,0,0,0,0,0,0,0,0,0,0,0,0,0,0,0,0,0,0,0,0
00-0037112,J.Tonges,Jake Tonges,TE,2025,4,REG,2025_04_JAX_SF,SF,JAX,0,0,0,0,0,0,0,0,0,0,0,0,3,5,58,1,0,0,56,0.135135135135135,0.183006535947712,0
00-0037120,T.Goodson,Tyler Goodson,RB,2025,4,REG,2025_04_IND_LA,IND,LA,0,0,0,0,0,0,0,0,0,0,0,0,1,1,0,0,0,0,-1,0.03125,-0.00319488817891374,0
00-0037157,Z.Knight,Bam Knight,RB,2025,4,REG,2025_04_SEA_ARI,ARI,SEA,0,0,0,0,0,0,0,0,0,0,0,0,0,0,0,0,0,0,0,0,0,0
00-0037197,I.Pacheco,Isiah Pacheco,RB,2025,4,REG,2025_04_BAL_KC,KC,BAL,0,0,0,0,0,0,0,7,35,0,0,0,2,3,13,1,0,0,-2,0.0857142857142857,-0.00772200772200772,0
00-0037238,D.London,Drake London,WR,2025,4,REG,2025_04_WAS_ATL,ATL,WAS,0,0,0,0,0,0,0,0,0,0,0,0,8,10,110,1,0,0,122,0.384615384615385,0.445255474452555,0
00-0037239,C.Olave,Chris Olave,WR,2025,4,REG,2025_04_NO_BUF,NO,BUF,0,1,0,0,1,0,0,0,0,0,0,0,3,6,20,1,0,0,32,0.24,0.258064516129032,0
00-0037240,J.Williams,Jameson Williams,WR,2025,4,REG,2025_04_CLE_DET,DET,CLE,0,0,0,0,0,0,0,1,-3,0,0,0,2,8,40,0,0,0,215,0.32,0.686900958466454,0
00-0037247,G.Pickens,George Pickens,WR,2025,4,REG,2025_04_GB_DAL,DAL,GB,0,0,0,0,0,0,0,0,0,0,0,0,8,11,134,2,0,0,161,0.289473684210526,0.492354740061162,0
00-0037248,J.Cook,James Cook,RB,2025,4,REG,2025_04_NO_BUF,BUF,NO,0,0,0,0,0,0,0,22,117,1,0,0,3,4,18,0,0,0,4,0.181818181818182,0.0178571428571429,0
00-0037256,R.White,Rachaad White,RB,2025,4,REG,2025_04_PHI_TB,TB,PHI,0,0,0,0,0,0,0,6,17,0,0,0,4,5,29,0,0,0,-8,0.128205128205128,-0.0250783699059561,0
00-0037261,K.Shakir,Khalil Shakir,WR,2025,4,REG,2025_04_NO_BUF,BUF,NO,0,0,0,0,0,0,0,0,0,0,0,0,5,5,69,1,0,0,8,0.227272727272727,0.0357142857142857,0
00-0037263,T.Allgeier,Tyler Allgeier,RB,2025,4,REG,2025_04_WAS_ATL,ATL,WAS,0,0,0,0,0,0,0,16,51,1,0,0,0,0,0,0,0,0,0,0,0,0
00-0037267,J.Ford,Jerome Ford,RB,2025,4,REG,2025_04_CLE_DET,CLE,DET,0,0,0,0,0,0,0,1,-1,0,0,0,1,2,4,0,0,0,-2,0.0588235294117647,-0.00576368876080692,0
00-0037282,J.Mitchell,James Mitchell,TE,2025,4,REG,2025_04_CAR_NE,CAR,NE,0,0,0,0,0,0,0,0,0,0,0,0,2,2,17,0,0,0,6,0.0625,0.0301507537688442,0
00-0037291,J.Nailor,Jalen Nailor,WR,2025,4,REG,2025_04_MIN_PIT,MIN,PIT,0,0,0,0,0,0,0,0,0,0,0,0,1,4,2,1,0,1,21,0.0952380952380952,0.0626865671641791,0
00-0037292,A.Ogletree,Andrew Ogletree,TE,2025,4,REG,2025_04_IND_LA,IND,LA,0,0,0,0,0,0,0,0,0,0,0,0,0,0,0,0,0,0,0,0,0,0
00-0037348,T.Conner,Tanner Conner,TE,2025,4,REG,2025_04_NYJ_MIA,MIA,NYJ,0,0,0,0,0,0,0,0,0,0,0,0,0,0,0,0,0,0,0,0,0,0
00-0037524,T.Martin,Tay Martin,WR,2025,4,REG,2025_04_WAS_ATL,WAS,ATL,0,0,0,0,0,0,0,0,0,0,0,0,1,1,14,0,0,0,14,0.0416666666666667,0.048951048951049,0
00-0037525,J.Mason,Jordan Mason,RB,2025,4,REG,2025_04_MIN_PIT,MIN,PIT,0,0,0,0,0,0,0,16,57,0,0,0,3,3,15,0,0,0,-10,0.0714285714285714,-0.0298507462686567,0
00-0037545,R.Shaheed,Rashid Shaheed,WR,2025,4,REG,2025_04_NO_BUF,NO,BUF,0,0,0,0,0,0,0,2,5,0,0,0,4,5,47,0,0,0,47,0.2,0.379032258064516,0
00-0037594,J.Chestnut,Julius Chestnut,RB,2025,4,REG,2025_04_TEN_HOU,TEN,HOU,0,0,0,0,0,0,0,1,0,0,0,0,0,1,0,0,0,0,9,0.0434782608695652,0.0473684210526316,0
00-0037614,J.Metchie,John Metchie III,WR,2025,4,REG,2025_04_PHI_TB,PHI,TB,0,0,0,0,0,0,0,0,0,0,0,0,2,2,10,0,0,0,5,0.0833333333333333,0.029940119760479,0
00-0037617,H.Haskins,Hassan Haskins,RB,2025,4,REG,2025_04_LAC_NYG,LAC,NYG,0,0,0,0,0,0,0,0,0,0,0,0,0,0,0,0,0,0,0,0,0,0
00-0037654,T.Fisk,Tucker Fisk,TE,2025,4,REG,2025_04_LAC_NYG,LAC,NYG,0,0,0,0,0,0,0,0,0,0,0,0,0,1,0,0,0,0,4,0.0263157894736842,0.0150943396226415,0
00-0037666,J.Tolbert,Jalen Tolbert,WR,2025,4,REG,2025_04_GB_DAL,DAL,GB,0,0,0,0,0,0,0,0,0,0,0,0,4,6,61,0,0,0,113,0.157894736842105,0.345565749235474,0
00-0037740,G.Wilson,Garrett Wilson,WR,2025,4,REG,2025_04_NYJ_MIA,NYJ,MIA,0,0,0,0,0,0,0,0,0,0,0,0,6,8,82,1,0,0,78,0.296296296296296,0.380487804878049,0
00-0037741,J.Dotson,Jahan Dotson,WR,2025,4,REG,2025_04_PHI_TB,PHI,TB,0,0,0,0,0,0,0,0,0,0,0,0,0,0,0,0,0,0,0,0,0,0
00-0037744,T.McBride,Trey McBride,TE,2025,4,REG,2025_04_SEA_ARI,ARI,SEA,0,0,0,0,0,0,0,0,0,0,0,0,7,11,52,0,0,0,79,0.275,0.331932773109244,0
00-0037745,V.Jones,Velus Jones Jr.,WR,2025,4,REG,2025_04_NO_BUF,NO,BUF,0,0,0,0,0,0,0,0,0,0,0,0,0,0,0,0,0,0,0,0,0,0
00-0037746,B.Robinson,Brian Robinson,RB,2025,4,REG,2025_04_JAX_SF,SF,JAX,0,0,0,0,0,0,0,5,21,0,0,0,0,0,0,0,0,0,0,0,0,0
00-0037801,K.Turpin,KaVontae Turpin,WR,2025,4,REG,2025_04_GB_DAL,DAL,GB,0,0,0,0,0,0,0,1,4,0,0,0,3,4,30,0,0,0,37,0.105263157894737,0.113149847094801,0
00-0037805,J.Ruckert,Jeremy Ruckert,TE,2025,4,REG,2025_04_NYJ_MIA,NYJ,MIA,0,0,0,0,0,0,0,0,0,0,0,0,1,1,23,0,0,0,3,0.037037037037037,0.0146341463414634,0
00-0037809,C.Okonkwo,Chig Okonkwo,TE,2025,4,REG,2025_04_TEN_HOU,TEN,HOU,0,0,0,0,0,0,0,0,0,0,0,0,1,3,4,0,0,0,11,0.130434782608696,0.0578947368421053,0
00-0037816,R.Doubs,Romeo Doubs,WR,2025,4,REG,2025_04_GB_DAL,GB,DAL,0,0,0,0,0,0,0,0,0,0,0,0,6,8,58,3,0,0,84,0.222222222222222,0.329411764705882,0
00-0037834,B.Purdy,Brock Purdy,QB,2025,4,REG,2025_04_JAX_SF,SF,JAX,22,38,309,2,2,1,1,2,13,0,0,0,0,0,0,0,0,0,0,0,0,0
00-0037837,C.Austin,Calvin Austin III,WR,2025,4,REG,2025_04_MIN_PIT,PIT,MIN,0,0,0,0,0,0,0,0,0,0,0,0,2,2,13,0,0,0,4,0.0909090909090909,0.0547945205479452,0
00-0037840,K.Williams,Kyren Williams,RB,2025,4,REG,2025_04_IND_LA,LA,IND,0,0,0,0,0,0,0,13,77,0,1,0,3,4,17,0,0,0,0,0.1,0,0
00-0038041,J.Ferguson,Jake Ferguson,TE,2025,4,REG,2025_04_GB_DAL,DAL,GB,0,0,0,0,0,0,0,0,0,0,0,0,7,7,40,1,0,0,16,0.184210526315789,0.0489296636085627,0
00-0038090,S.Moore,Skyy Moore,WR,2025,4,REG,2025_04_JAX_SF,SF,JAX,0,0,0,0,0,0,0,0,0,0,0,0,0,1,0,0,0,0,8,0.027027027027027,0.0261437908496732,0
00-0038104,T.Thornton,Tyquan Thornton,WR,2025,4,REG,2025_04_BAL_KC,KC,BAL,0,0,0,0,0,0,0,0,0,0,0,0,1,2,11,1,0,0,16,0.0571428571428571,0.0617760617760618,0
00-0038115,D.Bellinger,Daniel Bellinger,TE,2025,4,REG,2025_04_LAC_NYG,NYG,LAC,0,0,0,0,0,0,0,0,0,0,0,0,1,1,13,0,0,0,10,0.05,0.0819672131147541,0
00-0038117,W.Robinson,Wan'Dale Robinson,WR,2025,4,REG,2025_04_LAC_NYG,NYG,LAC,0,0,0,0,0,0,0,0,0,0,0,0,3,5,14,0,0,0,-5,0.25,-0.040983606557377,0
00-0038120,B.Hall,Breece Hall,RB,2025,4,REG,2025_04_NYJ_MIA,NYJ,MIA,0,0,0,0,0,0,0,14,81,0,0,0,5,6,30,0,0,0,27,0.222222222222222,0.131707317073171,0
00-0038129,C.Otton,Cade Otton,TE,2025,4,REG,2025_04_PHI_TB,TB,PHI,0,0,0,0,0,0,0,0,0,0,0,0,3,4,9,0,0,0,15,0.102564102564103,0.0470219435736677,0
00-0038134,K.Walker,Kenneth Walker III,RB,2025,4,REG,2025_04_SEA_ARI,SEA,ARI,0,0,0,0,0,0,0,19,81,0,0,0,1,2,29,0,0,0,-2,0.0833333333333333,-0.00843881856540084,0
00-0038359,X.Smith,Xavier Smith,WR,2025,4,REG,2025_04_IND_LA,LA,IND,0,0,0,0,0,0,0,0,0,0,0,0,0,0,0,0,0,0,0,0,0,0
00-0038393,D.Wicks,Dontayvion Wicks,WR,2025,4,REG,2025_04_GB_DAL,GB,DAL,0,0,0,0,0,0,0,0,0,0,0,0,2,4,19,0,0,0,67,0.111111111111111,0.262745098039216,0
00-0038440,Z.Scott,Zavier Scott,RB,2025,4,REG,2025_04_MIN_PIT,MIN,PIT,0,0,0,0,0,0,0,2,1,0,0,0,6,8,43,1,0,0,46,0.19047619047619,0.137313432835821,0
00-0038465,M.Heath,Malik Heath,WR,2025,4,REG,2025_04_GB_DAL,GB,DAL,0,0,0,0,0,0,0,0,0,0,0,0,1,1,9,0,0,0,8,0.0277777777777778,0.0313725490196078,0
00-0038519,N.Remigio,Nikko Remigio,WR,2025,4,REG,2025_04_BAL_KC,KC,BAL,0,0,0,0,0,0,0,0,0,0,0,0,0,0,0,0,0,0,0,0,0,0
00-0038542,B.Robinson,Bijan Robinson,RB,2025,4,REG,2025_04_WAS_ATL,ATL,WAS,0,0,0,0,0,0,0,17,75,1,0,0,4,5,106,0,0,0,32,0.192307692307692,0.116788321167883,0
00-0038543,J.Smith-Njigba,Jaxon Smith-Njigba,WR,2025,4,REG,2025_04_SEA_ARI,SEA,ARI,0,0,0,0,0,0,0,3,11,0,0,0,4,5,79,0,0,0,78,0.208333333333333,0.329113924050633,0
00-0038544,Q.Johnston,Quentin Johnston,WR,2025,4,REG,2025_04_LAC_NYG,LAC,NYG,0,0,0,0,0,0,0,0,0,0,0,0,8,13,98,1,0,0,143,0.342105263157895,0.539622641509434,0
00-0038547,L.Schoonmaker,Luke Schoonmaker,TE,2025,4,REG,2025_04_GB_DAL,DAL,GB,0,0,0,0,0,0,0,0,0,0,0,0,2,2,8,0,0,0,4,0.0526315789473684,0.0122324159021407,0
00-0038551,K.Miller,Kendre Miller,RB,2025,4,REG,2025_04_NO_BUF,NO,BUF,0,0,0,0,0,0,0,11,65,1,0,0,0,0,0,0,0,0,0,0,0,0
00-0038555,T.Bigsby,Tank Bigsby,RB,2025,4,REG,2025_04_PHI_TB,PHI,TB,0,0,0,0,0,0,0,0,0,0,0,0,0,0,0,0,0,0,0,0,0,0
00-0038558,D.Washington,Darnell Washington,TE,2025,4,REG,2025_04_MIN_PIT,PIT,MIN,0,0,0,0,0,0,0,0,0,0,0,0,3,3,20,0,0,0,10,0.136363636363636,0.136986301369863,0
00-0038559,Mi.Wilson,Michael Wilson,WR,2025,4,REG,2025_04_SEA_ARI,ARI,SEA,0,0,0,0,0,0,0,0,0,0,0,0,3,6,15,0,0,0,45,0.15,0.189075630252101,0
00-0038563,T.Tucker,Tre Tucker,WR,2025,4,REG,2025_04_CHI_LV,LV,CHI,0,0,0,0,0,0,0,2,9,0,0,0,2,2,13,0,0,0,-2,0.1,-0.0206185567010309,0
00-0038564,C.Latu,Cameron Latu,TE,2025,4,REG,2025_04_PHI_TB,PHI,TB,0,0,0,0,0,0,0,0,0,0,0,0,0,0,0,0,0,0,0,0,0,0
00-0038576,C.Jones,Charlie Jones,WR,2025,4,REG,2025_04_CIN_DEN,CIN,DEN,0,0,0,0,0,0,0,0,0,0,0,0,0,0,0,0,0,0,0,0,0,0
00-0038590,J.Shorter,Justin Shorter,TE,2025,4,REG,2025_04_CHI_LV,LV,CHI,0,0,0,0,0,0,0,0,0,0,0,0,0,0,0,0,0,0,0,0,0,0
00-0038597,C.Brown,Chase Brown,RB,2025,4,REG,2025_04_CIN_DEN,CIN,DEN,0,0,0,0,0,0,0,10,40,0,0,0,3,3,31,0,0,0,-2,0.136363636363636,-0.01,0
00-0038606,P.Washington,Parker Washington,WR,2025,4,REG,2025_04_JAX_SF,JAX,SF,0,0,0,0,0,0,0,1,-1,0,0,0,0,2,0,0,0,0,27,0.0666666666666667,0.137755102040816,1
00-0038608,K.Boutte,Kayshon Boutte,WR,2025,4,REG,2025_04_CAR_NE,NE,CAR,0,0,0,0,0,0,0,0,0,0,0,0,1,3,18,0,0,0,54,0.176470588235294,0.357615894039735,0
00-0038611,C.Rodriguez,Chris Rodriguez Jr.,RB,2025,4,REG,2025_04_WAS_ATL,WAS,ATL,0,0,0,0,0,0,0,7,59,0,0,0,0,0,0,0,0,0,0,0,0,0
00-0038618,X.Hutchinson,Xavier Hutchinson,WR,2025,4,REG,2025_04_TEN_HOU,HOU,TEN,0,0,0,0,0,0,0,0,0,0,0,0,2,3,17,0,0,0,13,0.107142857142857,0.0714285714285714,0
00-0038619,A.Iosivas,Andrei Iosivas,WR,2025,4,REG,2025_04_CIN_DEN,CIN,DEN,0,0,0,0,0,0,0,1,5,0,0,0,1,1,22,0,0,0,14,0.0454545454545455,0.07,0
00-0038643,B.Willis,Brayden Willis,TE,2025,4,REG,2025_04_JAX_SF,SF,JAX,0,0,0,0,0,0,0,0,0,0,0,0,0,0,0,0,0,0,0,0,0,0
00-0038679,T.Shavers,Tyrell Shavers,WR,2025,4,REG,2025_04_NO_BUF,BUF,NO,0,0,0,0,0,0,0,0,0,0,0,0,0,0,0,0,0,0,0,0,0,0
00-0038685,C.Brooks,Chris Brooks,RB,2025,4,REG,2025_04_GB_DAL,GB,DAL,0,0,0,0,0,0,0,0,0,0,0,0,1,1,1,0,0,0,-5,0.0277777777777778,-0.0196078431372549,0
00-0038705,E.Demercado,Emari Demercado,RB,2025,4,REG,2025_04_SEA_ARI,ARI,SEA,0,0,0,0,0,0,0,2,8,0,0,0,2,2,13,1,0,0,-8,0.05,-0.0336134453781513,0
00-0038710,B.Whiteheart,Blake Whiteheart,TE,2025,4,REG,2025_04_CLE_DET,CLE,DET,0,0,0,0,0,0,0,0,0,0,0,0,0,1,0,0,0,0,26,0.0294117647058824,0.0749279538904899,0
00-0038720,J.Hill,Julian Hill,TE,2025,4,REG,2025_04_NYJ_MIA,MIA,NYJ,0,0,0,0,0,0,0,0,0,0,0,0,1,2,19,0,0,0,2,0.08,0.0145985401459854,0
00-0038738,H.Luepke,Hunter Luepke,RB,2025,4,REG,2025_04_GB_DAL,DAL,GB,0,0,0,0,0,0,0,1,6,0,0,0,0,1,0,0,0,0,5,0.0263157894736842,0.0152905198776758,0
00-0038752,J.Bobo,Jake Bobo,WR,2025,4,REG,2025_04_SEA_ARI,SEA,ARI,0,0,0,0,0,0,0,0,0,0,0,0,1,1,17,0,0,0,13,0.0416666666666667,0.0548523206751055,0
00-0038783,N.Adkins,Nate Adkins,TE,2025,4,REG,2025_04_CIN_DEN,DEN,CIN,0,0,0,0,0,0,0,0,0,0,0,0,2,3,5,0,0,0,-3,0.0714285714285714,-0.0107142857142857,0
00-0038797,E.Wilson,Emanuel Wilson,RB,2025,4,REG,2025_04_GB_DAL,GB,DAL,0,0,0,0,0,0,0,8,44,0,0,0,3,3,37,0,0,0,-13,0.0833333333333333,-0.0509803921568627,0
00-0038839,M.Tinsley,Mitchell Tinsley,WR,2025,4,REG,2025_04_CIN_DEN,CIN,DEN,0,0,0,0,0,0,0,0,0,0,0,0,1,2,9,0,0,0,27,0.0909090909090909,0.135,0
00-0038840,B.Tremayne,Brycen Tremayne,WR,2025,4,REG,2025_04_CAR_NE,CAR,NE,0,0,0,0,0,0,0,0,0,0,0,0,3,4,36,0,0,0,30,0.125,0.150753768844221,0
00-0038896,J.Saylors,Jacob Saylors,RB,2025,4,REG,2025_04_CLE_DET,DET,CLE,0,0,0,0,0,0,0,2,11,0,0,0,0,0,0,0,0,0,0,0,0,0
00-0038933,D.Kincaid,Dalton Kincaid,TE,2025,4,REG,2025_04_NO_BUF,BUF,NO,0,0,0,0,0,0,0,0,0,0,0,0,1,2,28,1,0,0,37,0.0909090909090909,0.165178571428571,0
00-0038935,B.Strange,Brenton Strange,TE,2025,4,REG,2025_04_JAX_SF,JAX,SF,0,0,0,0,0,0,0,0,0,0,0,0,6,7,45,0,0,0,27,0.233333333333333,0.137755102040816,0
00-0038951,S.Tucker,Sean Tucker,RB,2025,4,REG,2025_04_PHI_TB,TB,PHI,0,0,0,0,0,0,0,0,0,0,0,0,0,0,0,0,0,0,0,0,0,0
00-0038976,M.Mims,Marvin Mims Jr.,WR,2025,4,REG,2025_04_CIN_DEN,DEN,CIN,0,0,0,0,0,0,0,1,16,1,0,0,6,6,69,0,0,0,21,0.142857142857143,0.075,0
00-0038979,C.Tillman,Cedric Tillman,WR,2025,4,REG,2025_04_CLE_DET,CLE,DET,0,0,0,0,0,0,0,0,0,0,0,0,1,2,6,0,0,0,24,0.0588235294117647,0.069164265129683,0
00-0038994,J.Addison,Jordan Addison,WR,2025,4,REG,2025_04_MIN_PIT,MIN,PIT,0,0,0,0,0,0,0,0,0,0,0,0,4,8,114,0,0,0,113,0.19047619047619,0.337313432835821,0
00-0038996,T.Kraft,Tucker Kraft,TE,2025,4,REG,2025_04_GB_DAL,GB,DAL,0,0,0,0,0,0,0,0,0,0,0,0,5,5,56,0,0,0,1,0.138888888888889,0.00392156862745098,0
00-0038997,J.Downs,Josh Downs,WR,2025,4,REG,2025_04_IND_LA,IND,LA,0,0,0,0,0,0,0,0,0,0,0,0,4,5,24,0,0,0,21,0.15625,0.0670926517571885,0
00-0039021,R.Johnson,Roschon Johnson,RB,2025,4,REG,2025_04_CHI_LV,CHI,LV,0,0,0,0,0,0,0,0,0,0,0,0,0,0,0,0,0,0,0,0,0,0
00-0039040,D.Achane,De'Von Achane,RB,2025,4,REG,2025_04_NYJ_MIA,MIA,NYJ,0,0,0,0,0,0,0,20,99,1,0,0,1,2,2,0,0,0,2,0.08,0.0145985401459854,0
00-0039041,E.Higgins,Elijah Higgins,TE,2025,4,REG,2025_04_SEA_ARI,ARI,SEA,0,0,0,0,0,0,0,0,0,0,0,0,0,0,0,0,0,0,0,0,0,0
00-0039050,P.Durham,Payne Durham,TE,2025,4,REG,2025_04_PHI_TB,TB,PHI,0,0,0,0,0,0,0,0,0,0,0,0,0,0,0,0,0,0,0,0,0,0
00-0039064,Z.Flowers,Zay Flowers,WR,2025,4,REG,2025_04_BAL_KC,BAL,KC,0,0,0,0,0,0,0,0,0,0,0,0,7,8,74,0,0,0,59,0.266666666666667,0.373417721518987,0
00-0039065,S.LaPorta,Sam LaPorta,TE,2025,4,REG,2025_04_CLE_DET,DET,CLE,0,0,0,0,0,0,0,0,0,0,0,0,3,4,39,0,0,0,42,0.16,0.134185303514377,0
00-0039074,D.Allen,Davis Allen,TE,2025,4,REG,2025_04_IND_LA,LA,IND,0,0,0,0,0,0,0,0,0,0,0,0,1,1,0,0,0,0,-1,0.025,-0.00292397660818713,0
00-0039075,P.Nacua,Puka Nacua,WR,2025,4,REG,2025_04_IND_LA,LA,IND,0,0,0,0,0,0,0,0,0,0,0,0,13,15,170,1,0,0,172,0.375,0.502923976608187,0
00-0039139,J.Gibbs,Jahmyr Gibbs,RB,2025,4,REG,2025_04_CLE_DET,DET,CLE,0,0,0,0,0,0,0,15,91,1,0,0,2,2,6,0,0,0,-6,0.08,-0.0191693290734824,0
00-0039144,L.Musgrave,Luke Musgrave,TE,2025,4,REG,2025_04_GB_DAL,GB,DAL,0,0,0,0,0,0,0,0,0,0,0,0,1,1,6,0,0,0,6,0.0277777777777778,0.0235294117647059,0
00-0039150,B.Young,Bryce Young,QB,2025,4,REG,2025_04_CAR_NE,CAR,NE,18,30,150,1,0,0,0,1,3,0,0,0,0,0,0,0,0,0,0,0,0,0
00-0039163,C.Stroud,C.J. Stroud,QB,2025,4,REG,2025_04_TEN_HOU,HOU,TEN,22,28,233,2,0,0,0,4,11,0,0,0,0,0,0,0,0,0,0,0,0,0
00-0039165,Z.Charbonnet,Zach Charbonnet,RB,2025,4,REG,2025_04_SEA_ARI,SEA,ARI,0,0,0,0,0,0,0,12,39,1,0,0,2,2,5,0,0,0,0,0.0833333333333333,0,0
00-0039299,G.Holani,George Holani,RB,2025,4,REG,2025_04_SEA_ARI,SEA,ARI,0,0,0,0,0,0,0,0,0,0,0,0,0,0,0,0,0,0,0,0,0,0
00-0039337,M.Nabers,Malik Nabers,WR,2025,4,REG,2025_04_LAC_NYG,NYG,LAC,0,0,0,0,0,0,0,0,0,0,0,0,2,3,20,0,0,0,24,0.15,0.19672131147541,0
00-0039338,B.Bowers,Brock Bowers,TE,2025,4,REG,2025_04_CHI_LV,LV,CHI,0,0,0,0,0,0,0,0,0,0,0,0,5,6,46,0,0,0,12,0.3,0.123711340206186,0
00-0039355,L.McCaffrey,Luke McCaffrey,WR,2025,4,REG,2025_04_WAS_ATL,WAS,ATL,0,0,0,0,0,0,0,0,0,0,0,0,2,3,21,1,0,0,52,0.125,0.181818181818182,0
00-0039361,B.Irving,Bucky Irving,RB,2025,4,REG,2025_04_PHI_TB,TB,PHI,0,0,0,0,0,0,0,15,63,0,1,0,5,5,102,1,0,0,-4,0.128205128205128,-0.0125391849529781,0
00-0039376,S.Rattler,Spencer Rattler,QB,2025,4,REG,2025_04_NO_BUF,NO,BUF,18,27,126,1,0,0,0,6,49,0,0,0,0,1,0,0,0,0,4,0.04,0.032258064516129,0
00-0039391,K.Vidal,Kimani Vidal,RB,2025,4,REG,2025_04_LAC_NYG,LAC,NYG,0,0,0,0,0,0,0,0,0,0,0,0,0,0,0,0,0,0,0,0,0,0
00-0039394,Cas.Washington,Casey Washington,WR,2025,4,REG,2025_04_WAS_ATL,ATL,WAS,0,0,0,0,0,0,0,0,0,0,0,0,1,3,19,0,0,0,75,0.115384615384615,0.273722627737226,0
00-0039407,D.Laube,Dylan Laube,RB,2025,4,REG,2025_04_CHI_LV,LV,CHI,0,0,0,0,0,0,0,0,0,0,0,0,0,0,0,0,0,0,0,0,0,0
00-0039410,R.Flournoy,Ryan Flournoy,WR,2025,4,REG,2025_04_GB_DAL,DAL,GB,0,0,0,0,0,0,0,1,12,0,0,0,2,2,14,0,0,0,7,0.0526315789473684,0.0214067278287462,0
00-0039451,I.Williams,Isaiah Williams,WR,2025,4,REG,2025_04_NYJ_MIA,NYJ,MIA,0,0,0,0,0,0,0,0,0,0,0,0,0,0,0,0,0,0,0,0,0,0
00-0039521,X.Weaver,Xavier Weaver,WR,2025,4,REG,2025_04_SEA_ARI,ARI,SEA,0,0,0,0,0,0,0,0,0,0,0,0,0,1,0,0,0,0,27,0.025,0.113445378151261,0
00-0039589,K.Johnson,Kameron Johnson,WR,2025,4,REG,2025_04_PHI_TB,TB,PHI,0,0,0,0,0,0,0,0,0,0,0,0,0,0,0,0,0,0,0,0,0,0
00-0039686,C.Yankoff,Colson Yankoff,TE,2025,4,REG,2025_04_WAS_ATL,WAS,ATL,0,0,0,0,0,0,0,0,0,0,0,0,0,0,0,0,0,0,0,0,0,0
00-0039732,B.Nix,Bo Nix,QB,2025,4,REG,2025_04_CIN_DEN,DEN,CIN,29,42,326,2,1,0,0,6,7,1,0,0,0,0,0,0,0,0,0,0,0,0
00-0039738,B.Corum,Blake Corum,RB,2025,4,REG,2025_04_IND_LA,LA,IND,0,0,0,0,0,0,0,9,21,0,0,0,2,4,-5,0,0,0,1,0.1,0.00292397660818713,0
00-0039746,W.Shipley,Will Shipley,RB,2025,4,REG,2025_04_PHI_TB,PHI,TB,0,0,0,0,0,0,0,0,0,0,0,0,0,1,0,0,0,0,-1,0.0416666666666667,-0.00598802395209581,0
00-0039751,J.Whittington,Jordan Whittington,WR,2025,4,REG,2025_04_IND_LA,LA,IND,0,0,0,0,0,0,0,0,0,0,0,0,1,1,7,0,0,0,5,0.025,0.0146198830409357,0
00-0039754,D.Culp,Devin Culp,TE,2025,4,REG,2025_04_PHI_TB,TB,PHI,0,0,0,0,0,0,0,0,0,0,0,0,0,0,0,0,0,0,0,0,0,0
00-0039792,D.Walker,Devontez Walker,WR,2025,4,REG,2025_04_BAL_KC,BAL,KC,0,0,0,0,0,0,0,0,0,0,0,0,0,0,0,0,0,0,0,0,0,0
00-0039793,A.Barner,AJ Barner,TE,2025,4,REG,2025_04_SEA_ARI,SEA,ARI,0,0,0,0,0,0,0,0,0,0,0,0,3,3,32,1,0,0,22,0.125,0.0928270042194093,0
00-0039794,B.Allen,Braelon Allen,RB,2025,4,REG,2025_04_NYJ_MIA,NYJ,MIA,0,0,0,0,0,0,0,4,26,0,1,0,0,0,0,0,0,0,0,0,0,0
00-0039796,R.Ali,Rasheen Ali,RB,2025,4,REG,2025_04_BAL_KC,BAL,KC,0,0,0,0,0,0,0,0,0,0,0,0,0,0,0,0,0,0,0,0,0,0
00-0039798,I.Davis,Isaiah Davis,RB,2025,4,REG,2025_04_NYJ_MIA,NYJ,MIA,0,0,0,0,0,0,0,3,9,0,0,0,2,2,18,0,0,0,9,0.0740740740740741,0.0439024390243902,0
00-0039816,A.Gould,Anthony Gould,WR,2025,4,REG,2025_04_IND_LA,IND,LA,0,0,0,0,0,0,0,0,0,0,0,0,0,0,0,0,0,0,0,0,0,0
00-0039847,T.Johnson,Theo Johnson,TE,2025,4,REG,2025_04_LAC_NYG,NYG,LAC,0,0,0,0,0,0,0,0,0,0,0,0,3,5,17,1,0,0,38,0.25,0.311475409836066,0
00-0039849,M.Harrison,Marvin Harrison Jr.,WR,2025,4,REG,2025_04_SEA_ARI,ARI,SEA,0,0,0,0,0,0,0,0,0,0,0,0,6,10,66,1,0,0,99,0.25,0.415966386554622,0
00-0039851,D.Maye,Drake Maye,QB,2025,4,REG,2025_04_CAR_NE,NE,CAR,14,17,203,2,0,0,0,3,11,1,0,0,0,0,0,0,0,0,0,0,0,0
00-0039868,T.Franklin,Troy Franklin,WR,2025,4,REG,2025_04_CIN_DEN,DEN,CIN,0,0,0,0,0,0,0,0,0,0,0,0,4,8,55,0,0,0,114,0.19047619047619,0.407142857142857,0
00-0039875,R.Davis,Ray Davis,RB,2025,4,REG,2025_04_NO_BUF,BUF,NO,0,0,0,0,0,0,0,1,3,0,0,0,0,0,0,0,0,0,0,0,0,0
00-0039880,M.Washington,Malik Washington,WR,2025,4,REG,2025_04_NYJ_MIA,MIA,NYJ,0,0,0,0,0,0,0,2,8,0,0,0,2,3,13,0,0,0,9,0.12,0.0656934306569343,0
00-0039890,A.Mitchell,Adonai Mitchell,WR,2025,4,REG,2025_04_IND_LA,IND,LA,0,0,0,0,0,0,0,0,0,0,0,0,3,4,96,0,1,0,87,0.125,0.277955271565495,0
00-0039893,B.Thomas,Brian Thomas Jr.,WR,2025,4,REG,2025_04_JAX_SF,JAX,SF,0,0,0,0,0,0,0,1,7,0,0,0,5,7,49,0,0,0,68,0.233333333333333,0.346938775510204,0
00-0039894,X.Worthy,Xavier Worthy,WR,2025,4,REG,2025_04_BAL_KC,KC,BAL,0,0,0,0,0,0,0,2,38,0,0,0,5,8,83,0,0,0,136,0.228571428571429,0.525096525096525,0
00-0039901,K.Coleman,Keon Coleman,WR,2025,4,REG,2025_04_NO_BUF,BUF,NO,0,0,0,0,0,0,0,0,0,0,0,0,3,4,45,0,0,0,81,0.181818181818182,0.361607142857143,0
00-0039912,B.Sinnott,Ben Sinnott,TE,2025,4,REG,2025_04_WAS_ATL,WAS,ATL,0,0,0,0,0,0,0,0,0,0,0,0,0,0,0,0,0,0,0,0,0,0
00-0039915,L.McConkey,Ladd McConkey,WR,2025,4,REG,2025_04_LAC_NYG,LAC,NYG,0,0,0,0,0,0,0,0,0,0,0,0,1,6,11,0,0,0,57,0.157894736842105,0.215094339622642,0
00-0039916,R.Pearsall,Ricky Pearsall,WR,2025,4,REG,2025_04_JAX_SF,SF,JAX,0,0,0,0,0,0,0,0,0,0,0,0,4,5,46,0,0,0,66,0.135135135135135,0.215686274509804,0
00-0039917,M.Penix,Michael Penix Jr.,QB,2025,4,REG,2025_04_WAS_ATL,ATL,WAS,20,26,313,2,1,0,0,4,2,0,0,0,0,0,0,0,0,0,0,0,0,0
00-0039918,C.Williams,Caleb Williams,QB,2025,4,REG,2025_04_CHI_LV,CHI,LV,22,37,212,1,1,0,0,8,13,0,0,0,0,0,0,0,0,0,0,0,0,0
00-0039919,R.Odunze,Rome Odunze,WR,2025,4,REG,2025_04_CHI_LV,CHI,LV,0,0,0,0,0,0,0,0,0,0,0,0,4,8,69,1,0,0,96,0.222222222222222,0.390243902439024,0
00-0039921,T.Benson,Trey Benson,RB,2025,4,REG,2025_04_SEA_ARI,ARI,SEA,0,0,0,0,0,0,0,8,35,0,0,0,5,5,19,0,0,0,-10,0.125,-0.0420168067226891,0
00-0040009,S.Williams,Savion Williams,WR,2025,4,REG,2025_04_GB_DAL,GB,DAL,0,0,0,0,0,0,0,1,1,0,0,0,3,3,22,0,0,0,-6,0.0833333333333333,-0.0235294117647059,0
00-0040078,B.Smith,Brashard Smith,RB,2025,4,REG,2025_04_BAL_KC,KC,BAL,0,0,0,0,0,0,0,4,9,0,0,0,3,4,27,0,0,0,-4,0.114285714285714,-0.0154440154440154,0
00-0040122,A.Jeanty,Ashton Jeanty,RB,2025,4,REG,2025_04_CHI_LV,LV,CHI,0,0,0,0,0,0,0,21,138,1,1,0,2,2,17,2,0,0,7,0.1,0.0721649484536082,0
00-0040124,T.McMillan,Tetairoa McMillan,WR,2025,4,REG,2025_04_CAR_NE,CAR,NE,0,0,0,0,0,0,0,0,0,0,0,0,4,8,62,0,0,0,106,0.25,0.532663316582915,0
00-0040128,T.Warren,Tyler Warren,TE,2025,4,REG,2025_04_IND_LA,IND,LA,0,0,0,0,0,0,0,2,3,1,0,0,5,6,70,0,0,0,59,0.1875,0.188498402555911,0
00-0040129,E.Egbuka,Emeka Egbuka,WR,2025,4,REG,2025_04_PHI_TB,TB,PHI,0,0,0,0,0,0,0,1,0,0,0,0,4,10,101,1,0,0,148,0.256410256410256,0.463949843260188,0
00-0040130,J.Higgins,Jayden Higgins,WR,2025,4,REG,2025_04_TEN_HOU,HOU,TEN,0,0,0,0,0,0,0,0,0,0,0,0,1,1,24,1,0,0,24,0.0357142857142857,0.131868131868132,0
00-0040131,K.Williams,Kyle Williams,WR,2025,4,REG,2025_04_CAR_NE,NE,CAR,0,0,0,0,0,0,0,1,-2,0,0,0,0,0,0,0,0,0,0,0,0,0
00-0040134,P.Bryant,Pat Bryant,WR,2025,4,REG,2025_04_CIN_DEN,DEN,CIN,0,0,0,0,0,0,0,0,0,0,0,0,0,1,0,0,0,0,6,0.0238095238095238,0.0214285714285714,0
00-0040138,J.Noel,Jaylin Noel,WR,2025,4,REG,2025_04_TEN_HOU,HOU,TEN,0,0,0,0,0,0,0,1,2,0,0,0,1,1,-2,0,0,0,-9,0.0357142857142857,-0.0494505494505495,0
00-0040142,K.Johnson,Kaleb Johnson,RB,2025,4,REG,2025_04_MIN_PIT,PIT,MIN,0,0,0,0,0,0,0,6,22,0,0,0,0,1,0,0,0,0,-3,0.0454545454545455,-0.0410958904109589,0
00-0040154,T.Felton,Tai Felton,WR,2025,4,REG,2025_04_MIN_PIT,MIN,PIT,0,0,0,0,0,0,0,0,0,0,0,0,0,0,0,0,0,0,0,0,0,0
00-0040162,D.Sampson,Dylan Sampson,RB,2025,4,REG,2025_04_CLE_DET,CLE,DET,0,0,0,0,0,0,0,1,-2,0,0,0,0,1,0,0,0,0,-1,0.0294117647058824,-0.00288184438040346,0
00-0040164,J.Lane,Jaylin Lane,WR,2025,4,REG,2025_04_WAS_ATL,WAS,ATL,0,0,0,0,0,0,0,0,0,0,0,0,2,3,18,0,0,0,56,0.125,0.195804195804196,0
00-0040170,E.Ayomanor,Elic Ayomanor,WR,2025,4,REG,2025_04_TEN_HOU,TEN,HOU,0,0,0,0,0,0,0,0,0,0,0,0,2,7,44,0,0,0,102,0.304347826086957,0.536842105263158,0
00-0040184,K.Lambert-Smith,KeAndre Lambert-Smith,WR,2025,4,REG,2025_04_LAC_NYG,LAC,NYG,0,0,0,0,0,0,0,0,0,0,0,0,0,0,0,0,0,0,0,0,0,0
00-0040187,M.Evans,Mitchell Evans,TE,2025,4,REG,2025_04_CAR_NE,CAR,NE,0,0,0,0,0,0,0,0,0,0,0,0,3,4,23,1,0,0,4,0.125,0.0201005025125628,0
00-0040189,O.Gadsden,Oronde Gadsden II,TE,2025,4,REG,2025_04_LAC_NYG,LAC,NYG,0,0,0,0,0,0,0,0,0,0,0,0,2,3,16,0,0,0,19,0.0789473684210526,0.0716981132075472,0
00-0040194,J.Hawes,Jackson Hawes,TE,2025,4,REG,2025_04_NO_BUF,BUF,NO,0,0,0,0,0,0,0,0,0,0,0,0,1,1,15,0,0,0,3,0.0454545454545455,0.0133928571428571,0
00-0040198,O.Gordon,Ollie Gordon II,RB,2025,4,REG,2025_04_NYJ_MIA,MIA,NYJ,0,0,0,0,0,0,0,6,10,0,0,0,0,1,0,0,0,0,2,0.04,0.0145985401459854,0
00-0040208,T.Brooks,Tahj Brooks,RB,2025,4,REG,2025_04_CIN_DEN,CIN,DEN,0,0,0,0,0,0,0,0,0,0,0,0,0,0,0,0,0,0,0,0,0,0
00-0040236,K.Monangai,Kyle Monangai,RB,2025,4,REG,2025_04_CHI_LV,CHI,LV,0,0,0,0,0,0,0,4,18,0,0,0,0,0,0,0,0,0,0,0,0,0
00-0040237,T.Johnson,Tez Johnson,WR,2025,4,REG,2025_04_PHI_TB,TB,PHI,0,0,0,0,0,0,0,1,5,0,0,0,1,1,8,0,0,0,0,0.0256410256410256,0,0
00-0040238,L.Allen,LeQuint Allen Jr.,RB,2025,4,REG,2025_04_JAX_SF,JAX,SF,0,0,0,0,0,0,0,0,0,0,0,0,1,1,7,0,0,0,1,0.0333333333333333,0.00510204081632653,0
00-0040242,J.Croskey-Merritt,Jacory Croskey-Merritt,RB,2025,4,REG,2025_04_WAS_ATL,WAS,ATL,0,0,0,0,0,0,0,7,47,0,0,0,2,2,10,0,0,0,-1,0.0833333333333333,-0.0034965034965035,0
00-0040277,J.Walker,Jahdae Walker,WR,2025,4,REG,2025_04_CHI_LV,CHI,LV,0,0,0,0,0,0,0,0,0,0,0,0,0,0,0,0,0,0,0,0,0,0
00-0040506,M.Price,Myles Price,WR,2025,4,REG,2025_04_MIN_PIT,MIN,PIT,0,0,0,0,0,0,0,0,0,0,0,0,0,0,0,0,0,0,0,0,0,0
00-0040581,D.Thornton,Dont'e Thornton Jr.,WR,2025,4,REG,2025_04_CHI_LV,LV,CHI,0,0,0,0,0,0,0,0,0,0,0,0,0,2,0,0,0,0,22,0.1,0.22680412371134,0
00-0040583,W.Marks,Woody Marks,RB,2025,4,REG,2025_04_TEN_HOU,HOU,TEN,0,0,0,0,0,0,0,17,69,1,0,0,4,5,50,1,0,0,7,0.178571428571429,0.0384615384615385,0
00-0040584,G.Helm,Gunnar Helm,TE,2025,4,REG,2025_04_TEN_HOU,TEN,HOU,0,0,0,0,0,0,0,0,0,0,0,0,1,1,12,0,0,0,10,0.0434782608695652,0.0526315789473684,0
00-0040644,T.Etienne,Trevor Etienne,RB,2025,4,REG,2025_04_CAR_NE,CAR,NE,0,0,0,0,0,0,0,7,33,0,0,0,0,0,0,0,0,0,0,0,0,0
00-0040646,J.Royals,Jalen Royals,WR,2025,4,REG,2025_04_BAL_KC,KC,BAL,0,0,0,0,0,0,0,0,0,0,0,0,0,0,0,0,0,0,0,0,0,0
00-0040648,T.Horton,Tory Horton,WR,2025,4,REG,2025_04_SEA_ARI,SEA,ARI,0,0,0,0,0,0,0,0,0,0,0,0,1,2,10,0,0,0,50,0.0833333333333333,0.210970464135021,0
00-0040663,H.Fannin,Harold Fannin Jr.,TE,2025,4,REG,2025_04_CLE_DET,CLE,DET,0,0,0,0,0,0,0,1,1,0,0,0,2,6,24,0,0,0,69,0.176470588235294,0.198847262247839,0
00-0040666,O.Hampton,Omarion Hampton,RB,2025,4,REG,2025_04_LAC_NYG,LAC,NYG,0,0,0,0,0,0,0,12,128,1,0,0,5,5,37,0,0,0,-4,0.131578947368421,-0.0150943396226415,0
00-0040667,M.Golden,Matthew Golden,WR,2025,4,REG,2025_04_GB_DAL,GB,DAL,0,0,0,0,0,0,0,1,5,0,0,0,5,6,58,0,0,0,64,0.166666666666667,0.250980392156863,0
00-0040676,C.Ward,Cam Ward,QB,2025,4,REG,2025_04_TEN_HOU,TEN,HOU,10,26,108,0,1,0,0,2,22,0,0,0,0,0,0,0,0,0,0,0,0,0
00-0040691,J.Dart,Jaxson Dart,QB,2025,4,REG,2025_04_LAC_NYG,NYG,LAC,13,20,111,1,0,0,0,10,54,1,0,0,0,0,0,0,0,0,0,0,0,0
00-0040704,D.Gabriel,Dillon Gabriel,QB,2025,4,REG,2025_04_CLE_DET,CLE,DET,0,1,0,0,0,0,0,0,0,0,0,0,0,0,0,0,0,0,0,0,0,0
00-0040705,C.Dike,Chimere Dike,WR,2025,4,REG,2025_04_TEN_HOU,TEN,HOU,0,0,0,0,0,0,0,1,-4,0,0,0,0,0,0,0,0,0,0,0,0,0
00-0040715,C.Skattebo,Cam Skattebo,RB,2025,4,REG,2025_04_LAC_NYG,NYG,LAC,0,0,0,0,0,0,0,25,79,0,0,1,2,2,11,0,0,0,-11,0.1,-0.0901639344262295,0
00-0040719,B.Tuten,Bhayshul Tuten,RB,2025,4,REG,2025_04_JAX_SF,JAX,SF,0,0,0,0,0,0,0,4,14,0,0,0,1,1,8,0,0,0,1,0.0333333333333333,0.00510204081632653,0
00-0040727,T.Harris,Tre Harris,WR,2025,4,REG,2025_04_LAC_NYG,LAC,NYG,0,0,0,0,0,0,0,0,0,0,0,0,0,1,0,0,0,0,-5,0.0263157894736842,-0.0188679245283019,0
00-0040729,J.Bech,Jack Bech,WR,2025,4,REG,2025_04_CHI_LV,LV,CHI,0,0,0,0,0,0,0,0,0,0,0,0,0,0,0,0,0,0,0,0,0,0
00-0040730,R.Harvey,RJ Harvey,RB,2025,4,REG,2025_04_CIN_DEN,DEN,CIN,0,0,0,0,0,0,0,14,58,0,0,0,4,5,40,1,0,0,15,0.119047619047619,0.0535714285714286,0
00-0040734,T.Henderson,TreVeyon Henderson,RB,2025,4,REG,2025_04_CAR_NE,NE,CAR,0,0,0,0,0,0,0,7,32,1,0,0,2,2,14,0,0,0,-6,0.117647058823529,-0.0397350993377483,0
00-0040735,L.Burden,Luther Burden III,WR,2025,4,REG,2025_04_CHI_LV,CHI,LV,0,0,0,0,0,0,0,0,0,0,0,0,2,2,-4,0,0,0,-7,0.0555555555555556,-0.0284552845528455,0
00-0040736,M.Taylor,Mason Taylor,TE,2025,4,REG,2025_04_NYJ_MIA,NYJ,MIA,0,0,0,0,0,0,0,0,0,0,0,0,5,7,65,0,0,0,55,0.259259259259259,0.268292682926829,0
00-0040739,E.Arroyo,Elijah Arroyo,TE,2025,4,REG,2025_04_SEA_ARI,SEA,ARI,0,0,0,0,0,0,0,0,0,0,0,0,2,4,44,0,0,0,47,0.166666666666667,0.19831223628692,0
00-0040782,I.Bond,Isaiah Bond,WR,2025,4,REG,2025_04_CLE_DET,CLE,DET,0,0,0,0,0,0,0,0,0,0,0,0,3,6,58,0,0,0,84,0.176470588235294,0.24207492795389,0
00-0040784,Q.Judkins,Quinshon Judkins,RB,2025,4,REG,2025_04_CLE_DET,CLE,DET,0,0,0,0,0,0,0,21,82,1,0,0,4,4,33,0,0,0,-1,0.117647058823529,-0.00288184438040346,0
00-0026498,M.Stafford,Matthew Stafford,QB,2025,5,REG,2025_05_SF_LA,LA,SF,30,47,389,3,0,0,0,1,0,0,1,0,0,0,0,0,0,0,0,0,0,0
00-0030061,Z.Ertz,Zach Ertz,TE,2025,5,REG,2025_05_WAS_LAC,WAS,LAC,0,0,0,0,0,0,0,0,0,0,0,0,0,1,0,0,0,0,9,0.0434782608695652,0.0376569037656904,0
00-0030279,K.Allen,Keenan Allen,WR,2025,5,REG,2025_05_WAS_LAC,LAC,WAS,0,0,0,0,0,0,0,0,0,0,0,0,5,9,58,0,0,0,58,0.28125,0.456692913385827,0
00-0030506,T.Kelce,Travis Kelce,TE,2025,5,REG,2025_05_KC_JAX,KC,JAX,0,0,0,0,0,0,0,0,0,0,0,0,7,8,61,1,0,0,33,0.2,0.0822942643391521,0
00-0030564,D.Hopkins,DeAndre Hopkins,WR,2025,5,REG,2025_05_HOU_BAL,BAL,HOU,0,0,0,0,0,0,0,0,0,0,0,0,2,2,46,0,0,0,23,0.1,0.141104294478528,0
00-0030565,G.Smith,Geno Smith,QB,2025,5,REG,2025_05_LV_IND,LV,IND,25,36,228,0,2,0,0,3,8,0,0,0,0,0,0,0,0,0,0,0,0,0
00-0031236,B.Cooks,Brandin Cooks,WR,2025,5,REG,2025_05_NYG_NO,NO,NYG,0,0,0,0,0,0,0,0,0,0,0,0,1,1,5,0,0,0,5,0.032258064516129,0.0208333333333333,0
00-0031381,D.Adams,Davante Adams,WR,2025,5,REG,2025_05_SF_LA,LA,SF,0,0,0,0,0,0,0,0,0,0,0,0,5,11,88,0,0,0,171,0.239130434782609,0.323863636363636,0
00-0031588,S.Diggs,Stefon Diggs,WR,2025,5,REG,2025_05_NE_BUF,NE,BUF,0,0,0,0,0,0,0,0,0,0,0,0,10,12,146,0,0,0,102,0.428571428571429,0.47887323943662,0
00-0031610,D.Waller,Darren Waller,TE,2025,5,REG,2025_05_MIA_CAR,MIA,CAR,0,0,0,0,0,0,0,0,0,0,0,0,5,5,78,1,0,0,58,0.147058823529412,0.202090592334495,0
00-0031687,R.Mostert,Raheem Mostert,RB,2025,5,REG,2025_05_LV_IND,LV,IND,0,0,0,0,0,0,0,7,22,0,0,0,0,0,0,0,0,0,0,0,0,0
00-0032104,A.Abdullah,Ameer Abdullah,RB,2025,5,REG,2025_05_LV_IND,IND,LV,0,0,0,0,0,0,0,2,6,1,0,0,0,0,0,0,0,0,0,0,0,0
00-0032211,T.Lockett,Tyler Lockett,WR,2025,5,REG,2025_05_TEN_ARI,TEN,ARI,0,0,0,0,0,0,0,0,0,0,0,0,1,4,6,0,0,0,34,0.108108108108108,0.0807600950118765,0
00-0032385,S.Shepard,Sterling Shepard,WR,2025,5,REG,2025_05_TB_SEA,TB,SEA,0,0,0,0,0,0,0,1,-5,0,0,0,4,5,24,1,0,0,43,0.15625,0.167315175097276,0
00-0032398,C.Moore,Chris Moore,WR,2025,5,REG,2025_05_WAS_LAC,WAS,LAC,0,0,0,0,0,0,0,0,0,0,0,0,0,1,0,0,0,0,13,0.0434782608695652,0.0543933054393306,0
00-0032464,K.Raymond,Kalif Raymond,WR,2025,5,REG,2025_05_DET_CIN,DET,CIN,0,0,0,0,0,0,0,0,0,0,0,0,0,0,0,0,0,0,0,0,0,0
00-0032764,D.Henry,Derrick Henry,RB,2025,5,REG,2025_05_HOU_BAL,BAL,HOU,0,0,0,0,0,0,0,15,33,1,0,0,0,1,0,0,0,0,0,0.05,0,0
00-0032775,D.Robinson,Demarcus Robinson,WR,2025,5,REG,2025_05_SF_LA,SF,LA,0,0,0,0,0,0,0,0,0,0,0,0,3,7,39,0,0,0,90,0.145833333333333,0.310344827586207,0
00-0032950,C.Wentz,Carson Wentz,QB,2025,5,REG,2025_05_MIN_CLE,MIN,CLE,25,34,236,1,0,0,0,3,13,0,0,0,0,0,0,0,0,0,0,0,0,0
00-0033077,D.Prescott,Dak Prescott,QB,2025,5,REG,2025_05_DAL_NYJ,DAL,NYJ,18,29,237,4,0,0,0,7,28,0,0,0,0,0,0,0,0,0,0,0,0,0
00-0033090,H.Henry,Hunter Henry,TE,2025,5,REG,2025_05_NE_BUF,NE,BUF,0,0,0,0,0,0,0,0,0,0,0,0,2,4,46,0,0,0,71,0.142857142857143,0.333333333333333,0
00-0033106,J.Goff,Jared Goff,QB,2025,5,REG,2025_05_DET_CIN,DET,CIN,19,23,258,3,0,1,0,2,-2,0,0,0,0,0,0,0,0,0,0,0,0,0
00-0033119,J.Brissett,Jacoby Brissett,QB,2025,5,REG,2025_05_TEN_ARI,ARI,TEN,0,1,0,0,0,0,0,0,0,0,0,0,0,0,0,0,0,0,0,0,0,0
00-0033246,J.Mundt,Johnny Mundt,TE,2025,5,REG,2025_05_KC_JAX,JAX,KC,0,0,0,0,0,0,0,0,0,0,0,0,1,1,7,0,0,0,5,0.04,0.0239234449760766,0
00-0033280,C.McCaffrey,Christian McCaffrey,RB,2025,5,REG,2025_05_SF_LA,SF,LA,0,0,0,0,0,0,0,22,57,0,0,0,8,9,82,1,0,0,24,0.1875,0.0827586206896552,0
00-0033282,C.Samuel,Curtis Samuel,WR,2025,5,REG,2025_05_NE_BUF,BUF,NE,0,0,0,0,0,0,0,0,0,0,0,0,2,2,26,1,0,0,19,0.0666666666666667,0.0772357723577236,0
00-0033307,K.Bourne,Kendrick Bourne,WR,2025,5,REG,2025_05_SF_LA,SF,LA,0,0,0,0,0,0,0,0,0,0,0,0,10,11,142,0,0,0,90,0.229166666666667,0.310344827586207,0
00-0033357,T.Hill,Taysom Hill,TE,2025,5,REG,2025_05_NYG_NO,NO,NYG,1,1,19,0,0,0,0,6,-1,0,0,0,0,0,0,0,0,0,0,0,0,0
00-0033375,T.Patrick,Tim Patrick,WR,2025,5,REG,2025_05_KC_JAX,JAX,KC,0,0,0,0,0,0,0,0,0,0,0,0,0,1,0,0,0,0,19,0.04,0.0909090909090909,0
00-0033526,S.Perine,Samaje Perine,RB,2025,5,REG,2025_05_DET_CIN,CIN,DET,0,0,0,0,0,0,0,4,27,0,0,0,2,2,2,0,0,0,-4,0.05,-0.0117994100294985,0
00-0033662,C.Rush,Cooper Rush,QB,2025,5,REG,2025_05_HOU_BAL,BAL,HOU,14,20,179,0,3,0,0,0,0,0,0,0,0,0,0,0,0,0,0,0,0,0
00-0033854,D.Ogunbowale,Dare Ogunbowale,RB,2025,5,REG,2025_05_HOU_BAL,HOU,BAL,0,0,0,0,0,0,0,0,0,0,0,0,0,0,0,0,0,0,0,0,0,0
00-0033857,J.Smith-Schuster,JuJu Smith-Schuster,WR,2025,5,REG,2025_05_KC_JAX,KC,JAX,0,0,0,0,0,0,0,0,0,0,0,0,2,3,17,0,0,0,9,0.075,0.0224438902743142,0
00-0033873,P.Mahomes,Patrick Mahomes,QB,2025,5,REG,2025_05_KC_JAX,KC,JAX,29,41,318,1,1,0,0,6,60,1,0,0,0,0,0,0,0,0,0,0,0,0
00-0033881,E.Engram,Evan Engram,TE,2025,5,REG,2025_05_DEN_PHI,DEN,PHI,0,0,0,0,0,0,0,0,0,0,0,0,4,6,33,1,0,0,29,0.166666666666667,0.0911949685534591,0
00-0033885,D.Njoku,David Njoku,TE,2025,5,REG,2025_05_MIN_CLE,CLE,MIN,0,0,0,0,0,0,0,0,0,0,0,0,6,9,67,1,0,0,55,0.28125,0.264423076923077,0
00-0033891,Z.Jones,Zay Jones,WR,2025,5,REG,2025_05_TEN_ARI,ARI,TEN,0,0,0,0,0,0,0,0,0,0,0,0,2,3,8,0,0,0,35,0.1,0.167464114832536,0
00-0033906,A.Kamara,Alvin Kamara,RB,2025,5,REG,2025_05_NYG_NO,NO,NYG,0,0,0,0,0,0,0,8,27,0,0,0,4,6,28,0,0,0,19,0.193548387096774,0.0791666666666667,0
00-0033908,C.Kupp,Cooper Kupp,WR,2025,5,REG,2025_05_TB_SEA,SEA,TB,0,0,0,0,0,0,0,0,0,0,0,0,6,9,59,0,0,0,59,0.264705882352941,0.214545454545455,0
00-0033921,C.Godwin,Chris Godwin Jr.,WR,2025,5,REG,2025_05_TB_SEA,TB,SEA,0,0,0,0,0,0,0,0,0,0,0,0,3,4,26,0,0,0,11,0.125,0.0428015564202335,0
00-0033923,K.Hunt,Kareem Hunt,RB,2025,5,REG,2025_05_KC_JAX,KC,JAX,0,0,0,0,0,0,0,7,49,2,0,0,1,1,8,0,0,0,2,0.025,0.00498753117206983,0
00-0033943,J.Reynolds,Josh Reynolds,WR,2025,5,REG,2025_05_DAL_NYJ,NYJ,DAL,0,0,0,0,0,0,0,0,0,0,0,0,3,4,29,0,0,1,33,0.0909090909090909,0.107142857142857,0
00-0033955,J.McNichols,Jeremy McNichols,RB,2025,5,REG,2025_05_WAS_LAC,WAS,LAC,0,0,0,0,0,0,0,1,6,0,0,0,1,2,12,0,0,0,-11,0.0869565217391304,-0.0460251046025105,0
00-0034270,T.Conklin,Tyler Conklin,TE,2025,5,REG,2025_05_WAS_LAC,LAC,WAS,0,0,0,0,0,0,0,0,0,0,0,0,2,3,30,0,0,0,13,0.09375,0.102362204724409,0
00-0034272,M.Valdes-Scantling,Marquez Valdes-Scantling,WR,2025,5,REG,2025_05_SF_LA,SF,LA,0,0,0,0,0,0,0,0,0,0,0,0,1,3,9,0,0,0,28,0.0625,0.096551724137931,0
00-0034348,C.Sutton,Courtland Sutton,WR,2025,5,REG,2025_05_DEN_PHI,DEN,PHI,0,0,0,0,0,0,0,0,0,0,0,0,8,10,99,0,0,0,107,0.277777777777778,0.336477987421384,0
00-0034351,D.Goedert,Dallas Goedert,TE,2025,5,REG,2025_05_DEN_PHI,PHI,DEN,0,0,0,0,0,0,0,0,0,0,0,0,3,9,19,1,0,0,97,0.243243243243243,0.233173076923077,0
00-0034365,I.Thomas,Ian Thomas,TE,2025,5,REG,2025_05_LV_IND,LV,IND,0,0,0,0,0,0,0,0,0,0,0,0,3,3,20,0,0,0,3,0.0833333333333333,0.0122950819672131,0
00-0034383,D.Schultz,Dalton Schultz,TE,2025,5,REG,2025_05_HOU_BAL,HOU,BAL,0,0,0,0,0,0,0,0,0,0,0,0,5,6,60,0,0,0,44,0.193548387096774,0.16988416988417,0
00-0034487,T.Sherfield,Trent Sherfield,WR,2025,5,REG,2025_05_DEN_PHI,DEN,PHI,0,0,0,0,0,0,0,0,0,0,0,0,1,2,15,0,0,0,38,0.0555555555555556,0.119496855345912,0
00-0034521,A.Lazard,Allen Lazard,WR,2025,5,REG,2025_05_DAL_NYJ,NYJ,DAL,0,0,0,0,0,0,0,0,0,0,0,0,1,2,3,0,0,0,31,0.0454545454545455,0.100649350649351,0
00-0034753,M.Andrews,Mark Andrews,TE,2025,5,REG,2025_05_HOU_BAL,BAL,HOU,0,0,0,0,0,0,0,0,0,0,0,0,2,3,22,0,0,0,31,0.15,0.190184049079755,0
00-0034775,C.Kirk,Christian Kirk,WR,2025,5,REG,2025_05_HOU_BAL,HOU,BAL,0,0,0,0,0,0,0,0,0,0,0,0,4,4,64,0,0,0,45,0.129032258064516,0.173745173745174,0
00-0034791,N.Chubb,Nick Chubb,RB,2025,5,REG,2025_05_HOU_BAL,HOU,BAL,0,0,0,0,0,0,0,11,61,1,0,0,0,1,0,0,0,0,3,0.032258064516129,0.0115830115830116,0
00-0034829,M.Gesicki,Mike Gesicki,TE,2025,5,REG,2025_05_DET_CIN,CIN,DET,0,0,0,0,0,0,0,0,0,0,0,0,2,5,15,0,0,0,38,0.125,0.112094395280236,0
00-0034837,C.Ridley,Calvin Ridley,WR,2025,5,REG,2025_05_TEN_ARI,TEN,ARI,0,0,0,0,0,0,0,0,0,0,0,0,5,10,131,0,0,0,168,0.27027027027027,0.399049881235154,0
00-0034844,S.Barkley,Saquon Barkley,RB,2025,5,REG,2025_05_DEN_PHI,PHI,DEN,0,0,0,0,0,0,0,6,30,0,0,0,3,3,58,1,0,0,31,0.0810810810810811,0.0745192307692308,0
00-0034855,B.Mayfield,Baker Mayfield,QB,2025,5,REG,2025_05_TB_SEA,TB,SEA,29,33,379,2,0,0,1,5,15,0,0,0,0,0,0,0,0,0,0,0,0,0
00-0034857,J.Allen,Josh Allen,QB,2025,5,REG,2025_05_NE_BUF,BUF,NE,22,31,253,2,1,0,0,9,53,0,1,0,0,0,0,0,0,0,0,0,0,0
00-0034867,M.Turner,Malik Turner,WR,2025,5,REG,2025_05_SF_LA,SF,LA,0,0,0,0,0,0,0,0,0,0,0,0,0,1,0,0,0,0,-5,0.0208333333333333,-0.0172413793103448,0
00-0034869,S.Darnold,Sam Darnold,QB,2025,5,REG,2025_05_TB_SEA,SEA,TB,28,34,341,4,1,0,0,0,0,0,0,0,0,0,0,0,0,0,0,0,0,0
00-0034960,J.Meyers,Jakobi Meyers,WR,2025,5,REG,2025_05_LV_IND,LV,IND,0,0,0,0,0,0,0,0,0,0,0,0,4,6,32,0,0,0,63,0.166666666666667,0.258196721311475,0
00-0034975,J.Hill,Justice Hill,RB,2025,5,REG,2025_05_HOU_BAL,BAL,HOU,0,0,0,0,0,0,0,1,3,0,0,0,1,2,9,0,0,0,-7,0.1,-0.0429447852760736,0
00-0034983,H.Renfrow,Hunter Renfrow,WR,2025,5,REG,2025_05_MIA_CAR,CAR,MIA,0,0,0,0,0,0,0,0,0,0,0,0,1,3,7,0,0,0,21,0.111111111111111,0.0860655737704918,0
00-0035021,A.Dulin,Ashton Dulin,WR,2025,5,REG,2025_05_LV_IND,IND,LV,0,0,0,0,0,0,0,0,0,0,0,0,2,5,55,0,0,0,102,0.161290322580645,0.382022471910112,0
00-0035100,J.Browning,Jake Browning,QB,2025,5,REG,2025_05_DET_CIN,CIN,DET,26,40,251,3,3,0,0,4,31,0,0,0,0,0,0,0,0,0,0,0,0,0
00-0035228,K.Murray,Kyler Murray,QB,2025,5,REG,2025_05_TEN_ARI,ARI,TEN,23,31,220,0,0,0,0,4,25,1,1,0,0,0,0,0,0,0,0,0,0,0
00-0035229,T.Hockenson,T.J. Hockenson,TE,2025,5,REG,2025_05_MIN_CLE,MIN,CLE,0,0,0,0,0,0,0,0,0,0,0,0,6,6,38,0,0,0,7,0.176470588235294,0.0277777777777778,0
00-0035249,J.Oliver,Josh Oliver,TE,2025,5,REG,2025_05_MIN_CLE,MIN,CLE,0,0,0,0,0,0,0,0,0,0,0,0,2,3,35,1,0,0,11,0.0882352941176471,0.0436507936507936,0
00-0035250,D.Singletary,Devin Singletary,RB,2025,5,REG,2025_05_NYG_NO,NYG,NO,0,0,0,0,0,0,0,6,20,0,0,0,1,2,4,0,0,0,-3,0.0512820512820513,-0.00914634146341463,0
00-0035261,T.Pollard,Tony Pollard,RB,2025,5,REG,2025_05_TEN_ARI,TEN,ARI,0,0,0,0,0,0,0,14,67,1,1,0,3,3,11,0,0,0,2,0.0810810810810811,0.00475059382422803,0
00-0035500,G.Dortch,Greg Dortch,WR,2025,5,REG,2025_05_TEN_ARI,ARI,TEN,0,0,0,0,0,0,0,0,0,0,0,0,2,2,12,0,0,0,-6,0.0666666666666667,-0.0287081339712919,0
00-0035535,D.Slayton,Darius Slayton,WR,2025,5,REG,2025_05_NYG_NO,NYG,NO,0,0,0,0,0,0,0,0,0,0,0,0,3,6,31,0,1,0,103,0.153846153846154,0.314024390243902,0
00-0035537,Ty.Johnson,Ty Johnson,RB,2025,5,REG,2025_05_NE_BUF,BUF,NE,0,0,0,0,0,0,0,2,10,0,0,0,0,0,0,0,0,0,0,0,0,0
00-0035567,C.Reynolds,Craig Reynolds,RB,2025,5,REG,2025_05_DET_CIN,DET,CIN,0,0,0,0,0,0,0,0,0,0,0,0,0,0,0,0,0,0,0,0,0,0
00-0035602,A.Bachman,Alex Bachman,WR,2025,5,REG,2025_05_LV_IND,LV,IND,0,0,0,0,0,0,0,0,0,0,0,0,1,1,9,0,0,0,7,0.0277777777777778,0.0286885245901639,0
00-0035631,D.Sample,Drew Sample,TE,2025,5,REG,2025_05_DET_CIN,CIN,DET,0,0,0,0,0,0,0,0,0,0,0,0,1,1,-1,0,0,0,-1,0.025,-0.00294985250737463,0
00-0035645,G.Olszewski,Gunner Olszewski,WR,2025,5,REG,2025_05_NYG_NO,NYG,NO,0,0,0,0,0,0,0,0,0,0,0,0,0,0,0,0,0,0,0,0,0,0
00-0035662,M.Brown,Marquise Brown,WR,2025,5,REG,2025_05_KC_JAX,KC,JAX,0,0,0,0,0,0,0,0,0,0,0,0,4,8,48,0,0,0,119,0.2,0.296758104738155,0
00-0035676,A.Brown,A.J. Brown,WR,2025,5,REG,2025_05_DEN_PHI,PHI,DEN,0,0,0,0,0,0,0,0,0,0,0,0,5,8,43,0,0,0,83,0.216216216216216,0.199519230769231,0
00-0035685,D.Montgomery,David Montgomery,RB,2025,5,REG,2025_05_DET_CIN,DET,CIN,1,1,3,1,0,0,0,18,65,1,0,0,1,1,6,0,0,0,3,0.0434782608695652,0.0283018867924528,0
00-0035689,D.Knox,Dawson Knox,TE,2025,5,REG,2025_05_NE_BUF,BUF,NE,0,0,0,0,0,0,0,0,0,0,0,0,2,2,15,0,0,0,7,0.0666666666666667,0.0284552845528455,0
00-0035710,D.Jones,Daniel Jones,QB,2025,5,REG,2025_05_LV_IND,IND,LV,20,29,212,2,0,0,0,1,2,0,0,0,0,0,0,0,0,0,0,0,0,0
00-0035719,D.Samuel,Deebo Samuel Sr.,WR,2025,5,REG,2025_05_WAS_LAC,WAS,LAC,0,0,0,0,0,0,0,0,0,0,0,0,8,11,96,1,0,0,104,0.478260869565217,0.435146443514644,0
00-0036040,J.Johnson,Juwan Johnson,TE,2025,5,REG,2025_05_NYG_NO,NO,NYG,0,0,0,0,0,0,0,0,0,0,0,0,2,4,17,0,0,0,30,0.129032258064516,0.125,0
00-0036139,R.Dowdle,Rico Dowdle,RB,2025,5,REG,2025_05_MIA_CAR,CAR,MIA,0,0,0,0,0,0,0,23,206,1,0,0,3,4,28,0,0,0,-3,0.148148148148148,-0.0122950819672131,0
00-0036158,J.Dobbins,J.K. Dobbins,RB,2025,5,REG,2025_05_DEN_PHI,DEN,PHI,0,0,0,0,0,0,0,20,79,1,0,0,1,1,5,0,0,0,-3,0.0277777777777778,-0.00943396226415094,0
00-0036187,R.Gilliam,Reggie Gilliam,RB,2025,5,REG,2025_05_NE_BUF,BUF,NE,0,0,0,0,0,0,0,0,0,0,0,0,0,0,0,0,0,0,0,0,0,0
00-0036212,T.Tagovailoa,Tua Tagovailoa,QB,2025,5,REG,2025_05_MIA_CAR,MIA,CAR,27,36,256,3,0,0,0,1,5,0,0,0,0,0,0,0,0,0,0,0,0,0
00-0036223,J.Taylor,Jonathan Taylor,RB,2025,5,REG,2025_05_LV_IND,IND,LV,0,0,0,0,0,0,0,17,66,3,0,1,3,4,20,0,0,0,5,0.129032258064516,0.0187265917602996,0
00-0036232,H.Bryant,Harrison Bryant,TE,2025,5,REG,2025_05_HOU_BAL,HOU,BAL,0,0,0,0,0,0,0,0,0,0,0,0,1,2,5,0,0,0,18,0.0645161290322581,0.0694980694980695,0
00-0036244,C.Parkinson,Colby Parkinson,TE,2025,5,REG,2025_05_SF_LA,LA,SF,0,0,0,0,0,0,0,0,0,0,0,0,0,1,0,0,0,0,8,0.0217391304347826,0.0151515151515152,0
00-0036252,M.Pittman,Michael Pittman,WR,2025,5,REG,2025_05_LV_IND,IND,LV,0,0,0,0,0,0,0,0,0,0,0,0,5,6,39,1,0,0,25,0.193548387096774,0.0936329588014981,0
00-0036265,A.Dillon,AJ Dillon,RB,2025,5,REG,2025_05_DEN_PHI,PHI,DEN,0,0,0,0,0,0,0,2,12,0,0,0,0,0,0,0,0,0,0,0,0,0
00-0036322,J.Jefferson,Justin Jefferson,WR,2025,5,REG,2025_05_MIN_CLE,MIN,CLE,0,0,0,0,0,0,0,0,0,0,0,0,7,11,123,0,0,0,166,0.323529411764706,0.658730158730159,0
00-0036328,A.Gibson,Antonio Gibson,RB,2025,5,REG,2025_05_NE_BUF,NE,BUF,0,0,0,0,0,0,0,6,21,0,0,0,1,1,5,0,0,0,-6,0.0357142857142857,-0.028169014084507,0
00-0036355,J.Herbert,Justin Herbert,QB,2025,5,REG,2025_05_WAS_LAC,LAC,WAS,22,29,166,1,1,0,0,4,60,0,0,0,0,0,0,0,0,0,0,0,0,0
00-0036389,J.Hurts,Jalen Hurts,QB,2025,5,REG,2025_05_DEN_PHI,PHI,DEN,23,38,280,2,0,0,0,2,3,0,0,0,0,0,0,0,0,0,0,0,0,0
00-0036407,J.Jeudy,Jerry Jeudy,WR,2025,5,REG,2025_05_MIN_CLE,CLE,MIN,0,0,0,0,0,0,0,0,0,0,0,0,2,5,15,0,0,0,49,0.15625,0.235576923076923,0
00-0036410,T.Higgins,Tee Higgins,WR,2025,5,REG,2025_05_DET_CIN,CIN,DET,0,0,0,0,0,0,0,0,0,0,0,0,3,7,22,1,0,0,88,0.175,0.259587020648968,0
00-0036414,C.Akers,Cam Akers,RB,2025,5,REG,2025_05_MIN_CLE,MIN,CLE,1,1,32,1,0,0,0,0,0,0,0,0,0,0,0,0,0,0,0,0,0,0
00-0036422,A.Trautman,Adam Trautman,TE,2025,5,REG,2025_05_DEN_PHI,DEN,PHI,0,0,0,0,0,0,0,0,0,0,0,0,1,1,11,0,0,0,3,0.0277777777777778,0.00943396226415094,0
00-0036423,A.Okwuegbunam,Albert Okwuegbunam,TE,2025,5,REG,2025_05_LV_IND,LV,IND,0,0,0,0,0,0,0,0,0,0,0,0,5,6,36,0,0,0,18,0.166666666666667,0.0737704918032787,0
00-0036425,D.Dallas,DeeJay Dallas,RB,2025,5,REG,2025_05_MIA_CAR,CAR,MIA,0,0,0,0,0,0,0,0,0,0,0,0,0,0,0,0,0,0,0,0,0,0
00-0036550,R.Bateman,Rashod Bateman,WR,2025,5,REG,2025_05_HOU_BAL,BAL,HOU,0,0,0,0,0,0,0,0,0,0,0,0,0,3,0,0,0,0,55,0.15,0.337423312883436,0
00-0036554,N.Collins,Nico Collins,WR,2025,5,REG,2025_05_HOU_BAL,HOU,BAL,0,0,0,0,0,0,0,1,8,0,0,0,4,5,52,1,0,0,64,0.161290322580645,0.247104247104247,0
00-0036590,Q.Morris,Quintin Morris,TE,2025,5,REG,2025_05_KC_JAX,JAX,KC,0,0,0,0,0,0,0,0,0,0,0,0,0,0,0,0,0,0,0,0,0,0
00-0036613,J.Waddle,Jaylen Waddle,WR,2025,5,REG,2025_05_MIA_CAR,MIA,CAR,0,0,0,0,0,0,0,0,0,0,0,0,6,9,110,1,0,0,144,0.264705882352941,0.501742160278746,0
00-0036620,D.Eskridge,Dee Eskridge,WR,2025,5,REG,2025_05_MIA_CAR,MIA,CAR,0,0,0,0,0,0,0,0,0,0,0,0,0,0,0,0,0,0,0,0,0,0
00-0036626,D.Brown,Dyami Brown,WR,2025,5,REG,2025_05_KC_JAX,JAX,KC,0,0,0,0,0,0,0,0,0,0,0,0,2,4,15,0,0,0,34,0.16,0.162679425837321,0
00-0036628,J.Bates,John Bates,TE,2025,5,REG,2025_05_WAS_LAC,WAS,LAC,0,0,0,0,0,0,0,0,0,0,0,0,1,1,9,0,0,0,2,0.0434782608695652,0.00836820083682008,0
00-0036646,S.Fehoko,Simi Fehoko,WR,2025,5,REG,2025_05_TEN_ARI,ARI,TEN,0,0,0,0,0,0,0,0,0,0,0,0,0,0,0,0,0,0,0,0,0,0
00-0036754,B.Wright,Brock Wright,TE,2025,5,REG,2025_05_DET_CIN,DET,CIN,0,0,0,0,0,0,0,0,0,0,0,0,2,3,9,1,0,0,0,0.130434782608696,0,0
00-0036849,T.Atwell,Tutu Atwell,WR,2025,5,REG,2025_05_SF_LA,LA,SF,0,0,0,0,0,0,0,0,0,0,0,0,2,4,72,0,0,0,117,0.0869565217391304,0.221590909090909,0
00-0036875,R.Stevenson,Rhamondre Stevenson,RB,2025,5,REG,2025_05_NE_BUF,NE,BUF,0,0,0,0,0,0,0,7,14,2,0,0,2,2,13,0,1,0,8,0.0714285714285714,0.0375586854460094,0
00-0036876,K.Granson,Kylen Granson,TE,2025,5,REG,2025_05_DEN_PHI,PHI,DEN,0,0,0,0,0,0,0,0,0,0,0,0,0,0,0,0,0,0,0,0,0,0
00-0036887,L.Farrell,Luke Farrell,TE,2025,5,REG,2025_05_SF_LA,SF,LA,0,0,0,0,0,0,0,0,0,0,0,0,1,2,8,0,0,0,14,0.0416666666666667,0.0482758620689655,0
00-0036898,D.Mills,Davis Mills,QB,2025,5,REG,2025_05_HOU_BAL,HOU,BAL,2,4,23,0,0,0,0,3,3,0,0,0,0,0,0,0,0,0,0,0,0,0
00-0036900,J.Chase,Ja'Marr Chase,WR,2025,5,REG,2025_05_DET_CIN,CIN,DET,0,0,0,0,0,0,0,0,0,0,0,0,6,10,110,2,0,0,159,0.25,0.469026548672566,0
00-0036906,K.Herbert,Khalil Herbert,RB,2025,5,REG,2025_05_DAL_NYJ,NYJ,DAL,0,0,0,0,0,0,0,0,0,0,0,0,0,0,0,0,0,0,0,0,0,0
00-0036912,D.Smith,DeVonta Smith,WR,2025,5,REG,2025_05_DEN_PHI,PHI,DEN,0,0,0,0,0,0,0,0,0,0,0,0,8,10,114,0,0,0,88,0.27027027027027,0.211538461538462,0
00-0036924,M.Carter,Michael Carter,RB,2025,5,REG,2025_05_TEN_ARI,ARI,TEN,0,0,0,0,0,0,0,18,51,1,0,0,5,5,22,0,0,0,-1,0.166666666666667,-0.00478468899521531,0
00-0036945,J.Fields,Justin Fields,QB,2025,5,REG,2025_05_DAL_NYJ,NYJ,DAL,32,46,283,2,0,0,2,7,26,0,0,0,0,0,0,0,0,0,0,0,0,0
00-0036950,A.Williams,Avery Williams,RB,2025,5,REG,2025_05_DAL_NYJ,NYJ,DAL,0,0,0,0,0,0,0,0,0,0,0,0,0,0,0,0,0,0,0,0,0,0
00-0036963,A.St. Brown,Amon-Ra St. Brown,WR,2025,5,REG,2025_05_DET_CIN,DET,CIN,0,0,0,0,0,0,0,0,0,0,0,0,8,9,100,0,0,0,62,0.391304347826087,0.584905660377359,0
00-0036971,T.Lawrence,Trevor Lawrence,QB,2025,5,REG,2025_05_KC_JAX,JAX,KC,18,25,221,1,1,0,0,10,54,2,1,0,0,0,0,0,0,0,0,0,0,0
00-0036972,M.Jones,Mac Jones,QB,2025,5,REG,2025_05_SF_LA,SF,LA,33,49,342,2,0,0,0,4,5,0,0,0,0,0,0,0,0,0,0,0,0,0
00-0036973,T.Etienne,Travis Etienne,RB,2025,5,REG,2025_05_KC_JAX,JAX,KC,0,0,0,0,0,0,0,12,49,0,0,0,3,4,9,0,0,0,3,0.16,0.0143540669856459,0
00-0036988,J.Palmer,Josh Palmer,WR,2025,5,REG,2025_05_NE_BUF,BUF,NE,0,0,0,0,0,0,0,0,0,0,0,0,2,2,36,0,0,0,36,0.0666666666666667,0.146341463414634,0
00-0036997,J.Williams,Javonte Williams,RB,2025,5,REG,2025_05_DAL_NYJ,DAL,NYJ,0,0,0,0,0,0,0,16,135,1,0,0,1,2,4,1,0,0,2,0.0714285714285714,0.00862068965517241,0
00-0037004,H.Long,Hunter Long,TE,2025,5,REG,2025_05_KC_JAX,JAX,KC,0,0,0,0,0,0,0,0,0,0,0,0,1,1,3,0,0,0,3,0.04,0.0143540669856459,0
00-0037005,T.Tremble,Tommy Tremble,TE,2025,5,REG,2025_05_MIA_CAR,CAR,MIA,0,0,0,0,0,0,0,0,0,0,0,0,1,2,7,0,0,0,16,0.0740740740740741,0.0655737704918033,0
00-0037012,T.Lance,Trey Lance,QB,2025,5,REG,2025_05_WAS_LAC,LAC,WAS,3,4,44,0,0,0,0,1,11,0,0,0,0,0,0,0,0,0,0,0,0,0
00-0037085,T.Badie,Tyler Badie,RB,2025,5,REG,2025_05_DEN_PHI,DEN,PHI,0,0,0,0,0,0,0,0,0,0,0,0,1,2,16,0,0,0,-2,0.0555555555555556,-0.00628930817610063,0
00-0037086,G.Calcaterra,Grant Calcaterra,TE,2025,5,REG,2025_05_DEN_PHI,PHI,DEN,0,0,0,0,0,0,0,0,0,0,0,0,2,2,18,0,0,0,6,0.0540540540540541,0.0144230769230769,0
00-0037093,D.Young,Dareke Young,WR,2025,5,REG,2025_05_TB_SEA,SEA,TB,0,0,0,0,0,0,0,0,0,0,0,0,1,1,36,0,0,0,36,0.0294117647058824,0.130909090909091,0
00-0037112,J.Tonges,Jake Tonges,TE,2025,5,REG,2025_05_SF_LA,SF,LA,0,0,0,0,0,0,0,0,0,0,0,0,7,11,41,1,0,0,27,0.229166666666667,0.0931034482758621,0
00-0037157,Z.Knight,Bam Knight,RB,2025,5,REG,2025_05_TEN_ARI,ARI,TEN,0,0,0,0,0,0,0,4,11,1,0,0,1,1,13,0,0,0,0,0.0333333333333333,0,0
00-0037197,I.Pacheco,Isiah Pacheco,RB,2025,5,REG,2025_05_KC_JAX,KC,JAX,0,0,0,0,0,0,0,7,36,0,0,0,3,3,20,0,0,0,-8,0.075,-0.0199501246882793,0
00-0037239,C.Olave,Chris Olave,WR,2025,5,REG,2025_05_NYG_NO,NO,NYG,0,0,0,0,0,0,0,0,0,0,0,0,7,11,59,0,0,0,85,0.354838709677419,0.354166666666667,0
00-0037240,J.Williams,Jameson Williams,WR,2025,5,REG,2025_05_DET_CIN,DET,CIN,0,0,0,0,0,0,0,1,1,0,0,0,1,1,9,0,0,0,7,0.0434782608695652,0.0660377358490566,0
00-0037247,G.Pickens,George Pickens,WR,2025,5,REG,2025_05_DAL_NYJ,DAL,NYJ,0,0,0,0,0,0,0,0,0,0,0,0,2,4,57,1,0,0,72,0.142857142857143,0.310344827586207,0
00-0037248,J.Cook,James Cook,RB,2025,5,REG,2025_05_NE_BUF,BUF,NE,0,0,0,0,0,0,0,15,49,0,0,0,0,1,0,0,0,0,-4,0.0333333333333333,-0.016260162601626,0
00-0037256,R.White,Rachaad White,RB,2025,5,REG,2025_05_TB_SEA,TB,SEA,0,0,0,0,0,0,0,14,41,2,0,0,4,4,30,0,0,0,-18,0.125,-0.0700389105058366,0
00-0037258,D.Pierce,Dameon Pierce,RB,2025,5,REG,2025_05_HOU_BAL,HOU,BAL,0,0,0,0,0,0,0,7,21,0,0,0,0,0,0,0,0,0,0,0,0,0
00-0037261,K.Shakir,Khalil Shakir,WR,2025,5,REG,2025_05_NE_BUF,BUF,NE,0,0,0,0,0,0,0,1,5,0,0,0,6,9,45,0,0,0,13,0.3,0.0528455284552846,0
00-0037267,J.Ford,Jerome Ford,RB,2025,5,REG,2025_05_MIN_CLE,CLE,MIN,0,0,0,0,0,0,0,5,18,0,0,0,2,2,20,0,0,0,-7,0.0625,-0.0336538461538462,0
00-0037282,J.Mitchell,James Mitchell,TE,2025,5,REG,2025_05_MIA_CAR,CAR,MIA,0,0,0,0,0,0,0,0,0,0,0,0,1,1,11,0,0,0,1,0.037037037037037,0.00409836065573771,0
00-0037291,J.Nailor,Jalen Nailor,WR,2025,5,REG,2025_05_MIN_CLE,MIN,CLE,0,0,0,0,0,0,0,1,15,0,0,0,3,4,27,0,0,0,29,0.117647058823529,0.115079365079365,0
00-0037340,Z.Mitchell-Paden,Zaire Mitchell-Paden,TE,2025,5,REG,2025_05_HOU_BAL,BAL,HOU,0,0,0,0,0,0,0,0,0,0,0,0,1,1,3,0,0,0,3,0.05,0.0184049079754601,0
00-0037348,T.Conner,Tanner Conner,TE,2025,5,REG,2025_05_MIA_CAR,MIA,CAR,0,0,0,0,0,0,0,0,0,0,0,0,2,2,16,0,0,0,13,0.0588235294117647,0.0452961672473868,0
00-0037524,T.Martin,Tay Martin,WR,2025,5,REG,2025_05_WAS_LAC,WAS,LAC,0,0,0,0,0,0,0,0,0,0,0,0,1,1,9,0,0,0,4,0.0434782608695652,0.0167364016736402,0
00-0037525,J.Mason,Jordan Mason,RB,2025,5,REG,2025_05_MIN_CLE,MIN,CLE,0,0,0,0,0,0,0,13,52,1,1,0,3,4,4,0,0,0,-19,0.117647058823529,-0.0753968253968254,0
00-0037545,R.Shaheed,Rashid Shaheed,WR,2025,5,REG,2025_05_NYG_NO,NO,NYG,0,0,0,0,0,0,0,0,0,0,0,0,4,5,114,1,0,0,85,0.161290322580645,0.354166666666667,0
00-0037594,J.Chestnut,Julius Chestnut,RB,2025,5,REG,2025_05_TEN_ARI,TEN,ARI,0,0,0,0,0,0,0,1,3,0,0,0,0,1,0,0,0,0,13,0.027027027027027,0.0308788598574822,0
00-0037617,H.Haskins,Hassan Haskins,RB,2025,5,REG,2025_05_WAS_LAC,LAC,WAS,0,0,0,0,0,0,0,5,13,0,0,0,1,1,2,0,0,0,2,0.03125,0.015748031496063,0
00-0037666,J.Tolbert,Jalen Tolbert,WR,2025,5,REG,2025_05_DAL_NYJ,DAL,NYJ,0,0,0,0,0,0,0,0,0,0,0,0,0,1,0,0,0,0,19,0.0357142857142857,0.0818965517241379,0
00-0037740,G.Wilson,Garrett Wilson,WR,2025,5,REG,2025_05_DAL_NYJ,NYJ,DAL,0,0,0,0,0,0,0,0,0,0,0,0,6,10,71,1,0,0,135,0.227272727272727,0.438311688311688,0
00-0037741,J.Dotson,Jahan Dotson,WR,2025,5,REG,2025_05_DEN_PHI,PHI,DEN,0,0,0,0,0,0,0,0,0,0,0,0,1,3,24,0,0,0,92,0.0810810810810811,0.221153846153846,0
00-0037744,T.McBride,Trey McBride,TE,2025,5,REG,2025_05_TEN_ARI,ARI,TEN,0,0,0,0,0,0,0,0,0,0,0,0,5,7,41,0,0,0,44,0.233333333333333,0.210526315789474,0
00-0037745,V.Jones,Velus Jones Jr.,WR,2025,5,REG,2025_05_NYG_NO,NO,NYG,0,0,0,0,0,0,0,0,0,0,0,0,0,0,0,0,0,0,0,0,0,0
00-0037746,B.Robinson,Brian Robinson,RB,2025,5,REG,2025_05_SF_LA,SF,LA,0,0,0,0,0,0,0,5,12,0,0,0,0,0,0,0,0,0,0,0,0,0
00-0037805,J.Ruckert,Jeremy Ruckert,TE,2025,5,REG,2025_05_DAL_NYJ,NYJ,DAL,0,0,0,0,0,0,0,0,0,0,0,0,4,4,28,0,0,0,16,0.0909090909090909,0.051948051948052,0
00-0037809,C.Okonkwo,Chig Okonkwo,TE,2025,5,REG,2025_05_TEN_ARI,TEN,ARI,0,0,0,0,0,0,0,0,0,0,0,0,4,5,48,0,0,0,24,0.135135135135135,0.0570071258907364,0
00-0037838,I.Likely,Isaiah Likely,TE,2025,5,REG,2025_05_HOU_BAL,BAL,HOU,0,0,0,0,0,0,0,0,0,0,0,0,1,1,12,0,0,0,11,0.05,0.0674846625766871,0
00-0037840,K.Williams,Kyren Williams,RB,2025,5,REG,2025_05_SF_LA,LA,SF,0,0,0,0,0,0,0,14,65,0,1,0,8,10,66,2,0,0,36,0.217391304347826,0.0681818181818182,0
00-0038041,J.Ferguson,Jake Ferguson,TE,2025,5,REG,2025_05_DAL_NYJ,DAL,NYJ,0,0,0,0,0,0,0,0,0,0,0,0,7,9,49,2,0,0,21,0.321428571428571,0.0905172413793103,0
00-0038046,C.Kolar,Charlie Kolar,TE,2025,5,REG,2025_05_HOU_BAL,BAL,HOU,0,0,0,0,0,0,0,0,0,0,0,0,1,1,10,0,0,0,10,0.05,0.0613496932515337,0
00-0038090,S.Moore,Skyy Moore,WR,2025,5,REG,2025_05_SF_LA,SF,LA,0,0,0,0,0,0,0,1,1,0,0,0,0,0,0,0,0,0,0,0,0,0
00-0038104,T.Thornton,Tyquan Thornton,WR,2025,5,REG,2025_05_KC_JAX,KC,JAX,0,0,0,0,0,0,0,0,0,0,0,0,3,5,90,0,0,0,129,0.125,0.321695760598504,0
00-0038115,D.Bellinger,Daniel Bellinger,TE,2025,5,REG,2025_05_NYG_NO,NYG,NO,0,0,0,0,0,0,0,0,0,0,0,0,4,4,52,0,0,0,28,0.102564102564103,0.0853658536585366,0
00-0038117,W.Robinson,Wan'Dale Robinson,WR,2025,5,REG,2025_05_NYG_NO,NYG,NO,0,0,0,0,0,0,0,1,2,0,0,0,5,7,30,0,0,0,44,0.17948717948718,0.134146341463415,0
00-0038120,B.Hall,Breece Hall,RB,2025,5,REG,2025_05_DAL_NYJ,NYJ,DAL,0,0,0,0,0,0,0,14,113,0,1,0,4,5,42,0,0,0,13,0.113636363636364,0.0422077922077922,0
00-0038129,C.Otton,Cade Otton,TE,2025,5,REG,2025_05_TB_SEA,TB,SEA,0,0,0,0,0,0,0,0,0,0,0,0,4,5,81,0,0,0,44,0.15625,0.171206225680934,0
00-0038134,K.Walker,Kenneth Walker III,RB,2025,5,REG,2025_05_TB_SEA,SEA,TB,0,0,0,0,0,0,0,10,86,0,0,0,1,1,0,0,0,0,0,0.0294117647058824,0,0
00-0038359,X.Smith,Xavier Smith,WR,2025,5,REG,2025_05_SF_LA,LA,SF,0,0,0,0,0,0,0,0,0,0,0,0,0,0,0,0,0,0,0,0,0,0
00-0038440,Z.Scott,Zavier Scott,RB,2025,5,REG,2025_05_MIN_CLE,MIN,CLE,0,0,0,0,0,0,0,5,18,0,1,0,0,0,0,0,0,0,0,0,0,0
00-0038454,K.Mitchell,Keaton Mitchell,RB,2025,5,REG,2025_05_HOU_BAL,BAL,HOU,0,0,0,0,0,0,0,3,8,0,0,0,1,1,5,0,0,0,-5,0.05,-0.0306748466257669,0
00-0038456,T.Vokolek,Travis Vokolek,TE,2025,5,REG,2025_05_TEN_ARI,ARI,TEN,0,0,0,0,0,0,0,0,0,0,0,0,0,0,0,0,0,0,0,0,0,0
00-0038492,J.Brownlee,Jason Brownlee,WR,2025,5,REG,2025_05_KC_JAX,KC,JAX,0,0,0,0,0,0,0,0,0,0,0,0,0,0,0,0,0,0,0,0,0,0
00-0038519,N.Remigio,Nikko Remigio,WR,2025,5,REG,2025_05_KC_JAX,KC,JAX,0,0,0,0,0,0,0,0,0,0,0,0,0,0,0,0,0,0,0,0,0,0
00-0038543,J.Smith-Njigba,Jaxon Smith-Njigba,WR,2025,5,REG,2025_05_TB_SEA,SEA,TB,0,0,0,0,0,0,0,0,0,0,0,0,8,9,132,1,0,0,106,0.264705882352941,0.385454545454545,0
00-0038544,Q.Johnston,Quentin Johnston,WR,2025,5,REG,2025_05_WAS_LAC,LAC,WAS,0,0,0,0,0,0,0,1,9,0,0,0,4,4,40,0,1,0,25,0.125,0.196850393700787,0
00-0038547,L.Schoonmaker,Luke Schoonmaker,TE,2025,5,REG,2025_05_DAL_NYJ,DAL,NYJ,0,0,0,0,0,0,0,0,0,0,0,0,1,2,3,0,0,0,26,0.0714285714285714,0.112068965517241,0
00-0038551,K.Miller,Kendre Miller,RB,2025,5,REG,2025_05_NYG_NO,NO,NYG,0,0,0,0,0,0,0,10,41,0,0,0,1,1,8,0,0,0,-1,0.032258064516129,-0.00416666666666667,0
00-0038555,T.Bigsby,Tank Bigsby,RB,2025,5,REG,2025_05_DEN_PHI,PHI,DEN,0,0,0,0,0,0,0,0,0,0,0,0,0,0,0,0,0,0,0,0,0,0
00-0038559,Mi.Wilson,Michael Wilson,WR,2025,5,REG,2025_05_TEN_ARI,ARI,TEN,0,0,0,0,0,0,0,0,0,0,0,0,2,4,16,0,0,0,45,0.133333333333333,0.215311004784689,0
00-0038563,T.Tucker,Tre Tucker,WR,2025,5,REG,2025_05_LV_IND,LV,IND,0,0,0,0,0,0,0,1,9,0,0,0,4,6,62,0,0,0,77,0.166666666666667,0.315573770491803,0
00-0038564,C.Latu,Cameron Latu,TE,2025,5,REG,2025_05_DEN_PHI,PHI,DEN,0,0,0,0,0,0,0,0,0,0,0,0,0,0,0,0,0,0,0,0,0,0
00-0038576,C.Jones,Charlie Jones,WR,2025,5,REG,2025_05_DET_CIN,CIN,DET,0,0,0,0,0,0,0,0,0,0,0,0,0,0,0,0,0,0,0,0,0,0
00-0038597,C.Brown,Chase Brown,RB,2025,5,REG,2025_05_DET_CIN,CIN,DET,0,0,0,0,0,0,0,8,27,0,0,0,7,8,21,0,0,0,-2,0.2,-0.00589970501474926,0
00-0038606,P.Washington,Parker Washington,WR,2025,5,REG,2025_05_KC_JAX,JAX,KC,0,0,0,0,0,0,0,0,0,0,0,0,2,3,16,1,0,0,12,0.12,0.0574162679425837,0
00-0038608,K.Boutte,Kayshon Boutte,WR,2025,5,REG,2025_05_NE_BUF,NE,BUF,0,0,0,0,0,0,0,0,0,0,0,0,3,3,43,0,0,0,39,0.107142857142857,0.183098591549296,0
00-0038611,C.Rodriguez,Chris Rodriguez Jr.,RB,2025,5,REG,2025_05_WAS_LAC,WAS,LAC,0,0,0,0,0,0,0,5,7,0,0,0,0,0,0,0,0,0,0,0,0,0
00-0038618,X.Hutchinson,Xavier Hutchinson,WR,2025,5,REG,2025_05_HOU_BAL,HOU,BAL,0,0,0,0,0,0,0,0,0,0,0,0,3,3,18,2,0,0,17,0.0967741935483871,0.0656370656370656,0
00-0038619,A.Iosivas,Andrei Iosivas,WR,2025,5,REG,2025_05_DET_CIN,CIN,DET,0,0,0,0,0,0,0,0,0,0,0,0,5,7,82,0,0,0,61,0.175,0.179941002949853,0
00-0038621,D.Douglas,DeMario Douglas,WR,2025,5,REG,2025_05_NE_BUF,NE,BUF,0,0,0,0,0,0,0,0,0,0,0,0,2,3,17,0,0,0,12,0.107142857142857,0.0563380281690141,0
00-0038640,J.Brooks,Jalen Brooks,WR,2025,5,REG,2025_05_DAL_NYJ,DAL,NYJ,0,0,0,0,0,0,0,0,0,0,0,0,0,0,0,0,0,0,0,0,0,0
00-0038643,B.Willis,Brayden Willis,TE,2025,5,REG,2025_05_SF_LA,SF,LA,0,0,0,0,0,0,0,0,0,0,0,0,0,0,0,0,0,0,0,0,0,0
00-0038679,T.Shavers,Tyrell Shavers,WR,2025,5,REG,2025_05_NE_BUF,BUF,NE,0,0,0,0,0,0,0,0,0,0,0,0,0,1,0,0,0,0,18,0.0333333333333333,0.0731707317073171,0
00-0038705,E.Demercado,Emari Demercado,RB,2025,5,REG,2025_05_TEN_ARI,ARI,TEN,0,0,0,0,0,0,0,3,81,0,1,0,0,0,0,0,0,0,0,0,0,0
00-0038720,J.Hill,Julian Hill,TE,2025,5,REG,2025_05_MIA_CAR,MIA,CAR,0,0,0,0,0,0,0,0,0,0,0,0,4,5,22,0,0,0,30,0.147058823529412,0.104529616724739,0
00-0038738,H.Luepke,Hunter Luepke,RB,2025,5,REG,2025_05_DAL_NYJ,DAL,NYJ,0,0,0,0,0,0,0,0,0,0,0,0,1,1,10,0,0,0,-5,0.0357142857142857,-0.021551724137931,0
00-0038740,J.Moreno-Cropper,Jalen Moreno-Cropper,WR,2025,5,REG,2025_05_DAL_NYJ,DAL,NYJ,0,0,0,0,0,0,0,0,0,0,0,0,0,0,0,0,0,0,0,0,0,0
00-0038752,J.Bobo,Jake Bobo,WR,2025,5,REG,2025_05_TB_SEA,SEA,TB,0,0,0,0,0,0,0,0,0,0,0,0,0,0,0,0,0,0,0,0,0,0
00-0038783,N.Adkins,Nate Adkins,TE,2025,5,REG,2025_05_DEN_PHI,DEN,PHI,0,0,0,0,0,0,0,0,0,0,0,0,0,1,0,0,0,0,1,0.0277777777777778,0.00314465408805031,0
00-0038840,B.Tremayne,Brycen Tremayne,WR,2025,5,REG,2025_05_MIA_CAR,CAR,MIA,0,0,0,0,0,0,0,0,0,0,0,0,1,1,9,0,0,0,8,0.037037037037037,0.0327868852459016,0
00-0038896,J.Saylors,Jacob Saylors,RB,2025,5,REG,2025_05_DET_CIN,DET,CIN,0,0,0,0,0,0,0,0,0,0,0,0,0,0,0,0,0,0,0,0,0,0
00-0038933,D.Kincaid,Dalton Kincaid,TE,2025,5,REG,2025_05_NE_BUF,BUF,NE,0,0,0,0,0,0,0,0,0,0,0,0,6,6,108,0,0,0,75,0.2,0.304878048780488,0
00-0038935,B.Strange,Brenton Strange,TE,2025,5,REG,2025_05_KC_JAX,JAX,KC,0,0,0,0,0,0,0,0,0,0,0,0,1,1,22,0,0,0,-2,0.04,-0.00956937799043062,0
00-0038938,J.Hyatt,Jalin Hyatt,WR,2025,5,REG,2025_05_NYG_NO,NYG,NO,0,0,0,0,0,0,0,0,0,0,0,0,0,3,0,0,0,0,113,0.0769230769230769,0.344512195121951,0
00-0038951,S.Tucker,Sean Tucker,RB,2025,5,REG,2025_05_TB_SEA,TB,SEA,0,0,0,0,0,0,0,3,3,0,0,0,3,3,-4,0,0,0,-12,0.09375,-0.0466926070038911,0
00-0038976,M.Mims,Marvin Mims Jr.,WR,2025,5,REG,2025_05_DEN_PHI,DEN,PHI,0,0,0,0,0,0,0,1,9,0,0,0,2,5,10,0,0,0,85,0.138888888888889,0.267295597484277,0
00-0038994,J.Addison,Jordan Addison,WR,2025,5,REG,2025_05_MIN_CLE,MIN,CLE,0,0,0,0,0,0,0,0,0,0,0,0,5,6,41,1,0,0,46,0.176470588235294,0.182539682539683,0
00-0038997,J.Downs,Josh Downs,WR,2025,5,REG,2025_05_LV_IND,IND,LV,0,0,0,0,0,0,0,0,0,0,0,0,6,8,54,0,0,0,58,0.258064516129032,0.217228464419476,0
00-0039032,T.Spears,Tyjae Spears,RB,2025,5,REG,2025_05_TEN_ARI,TEN,ARI,0,0,0,0,0,0,0,4,14,0,0,0,0,0,0,0,0,0,0,0,0,0
00-0039040,D.Achane,De'Von Achane,RB,2025,5,REG,2025_05_MIA_CAR,MIA,CAR,0,0,0,0,0,0,0,10,16,0,0,0,6,7,30,1,0,0,11,0.205882352941176,0.0383275261324042,0
00-0039041,E.Higgins,Elijah Higgins,TE,2025,5,REG,2025_05_TEN_ARI,ARI,TEN,0,0,0,0,0,0,0,0,0,0,0,0,2,2,10,0,0,0,-4,0.0666666666666667,-0.0191387559808612,0
00-0039050,P.Durham,Payne Durham,TE,2025,5,REG,2025_05_TB_SEA,TB,SEA,0,0,0,0,0,0,0,0,0,0,0,0,0,0,0,0,0,0,0,0,0,0
00-0039064,Z.Flowers,Zay Flowers,WR,2025,5,REG,2025_05_HOU_BAL,BAL,HOU,0,0,0,0,0,0,0,0,0,0,0,0,5,5,72,0,0,0,42,0.25,0.257668711656442,0
00-0039065,S.LaPorta,Sam LaPorta,TE,2025,5,REG,2025_05_DET_CIN,DET,CIN,0,0,0,0,0,0,0,0,0,0,0,0,5,6,92,1,0,0,26,0.260869565217391,0.245283018867925,0
00-0039074,D.Allen,Davis Allen,TE,2025,5,REG,2025_05_SF_LA,LA,SF,0,0,0,0,0,0,0,0,0,0,0,0,2,2,24,0,0,0,18,0.0434782608695652,0.0340909090909091,0
00-0039075,P.Nacua,Puka Nacua,WR,2025,5,REG,2025_05_SF_LA,LA,SF,0,0,0,0,0,0,0,0,0,0,0,0,10,12,85,1,0,0,121,0.260869565217391,0.229166666666667,0
00-0039139,J.Gibbs,Jahmyr Gibbs,RB,2025,5,REG,2025_05_DET_CIN,DET,CIN,0,0,0,0,0,0,0,12,54,0,0,0,2,2,33,1,0,0,-1,0.0869565217391304,-0.00943396226415094,0
00-0039150,B.Young,Bryce Young,QB,2025,5,REG,2025_05_MIA_CAR,CAR,MIA,19,30,198,2,1,1,0,3,1,0,0,0,0,0,0,0,0,0,0,0,0,0
00-0039163,C.Stroud,C.J. Stroud,QB,2025,5,REG,2025_05_HOU_BAL,HOU,BAL,23,27,244,4,0,0,0,1,30,0,0,0,0,0,0,0,0,0,0,0,0,0
00-0039164,A.Richardson,Anthony Richardson,QB,2025,5,REG,2025_05_LV_IND,IND,LV,1,2,9,0,0,0,0,0,0,0,0,0,1,1,9,0,0,0,2,0.032258064516129,0.00749063670411985,0
00-0039165,Z.Charbonnet,Zach Charbonnet,RB,2025,5,REG,2025_05_TB_SEA,SEA,TB,0,0,0,0,0,0,0,9,36,1,0,0,1,2,12,0,0,0,6,0.0588235294117647,0.0218181818181818,0
00-0039299,G.Holani,George Holani,RB,2025,5,REG,2025_05_TB_SEA,SEA,TB,0,0,0,0,0,0,0,0,0,0,0,0,0,0,0,0,0,0,0,0,0,0
00-0039342,X.Legette,Xavier Legette,WR,2025,5,REG,2025_05_MIA_CAR,CAR,MIA,0,0,0,0,0,0,0,0,0,0,0,0,2,3,31,1,0,0,51,0.111111111111111,0.209016393442623,0
00-0039355,L.McCaffrey,Luke McCaffrey,WR,2025,5,REG,2025_05_WAS_LAC,WAS,LAC,0,0,0,0,0,0,0,0,0,0,0,0,1,2,50,0,0,0,68,0.0869565217391304,0.284518828451883,0
00-0039363,I.Guerendo,Isaac Guerendo,RB,2025,5,REG,2025_05_SF_LA,SF,LA,0,0,0,0,0,0,0,0,0,0,0,0,0,0,0,0,0,0,0,0,0,0
00-0039376,S.Rattler,Spencer Rattler,QB,2025,5,REG,2025_05_NYG_NO,NO,NYG,21,31,225,1,0,0,0,6,21,0,0,0,1,1,0,0,0,0,0,0.032258064516129,0,0
00-0039379,J.Thrash,Jamari Thrash,WR,2025,5,REG,2025_05_MIN_CLE,CLE,MIN,0,0,0,0,0,0,0,0,0,0,0,0,1,1,22,0,0,0,15,0.03125,0.0721153846153846,0
00-0039391,K.Vidal,Kimani Vidal,RB,2025,5,REG,2025_05_WAS_LAC,LAC,WAS,0,0,0,0,0,0,0,4,18,0,0,0,1,1,1,0,0,0,0,0.03125,0,0
00-0039407,D.Laube,Dylan Laube,RB,2025,5,REG,2025_05_LV_IND,LV,IND,0,0,0,0,0,0,0,0,0,0,0,0,0,0,0,0,0,0,0,0,0,0
00-0039410,R.Flournoy,Ryan Flournoy,WR,2025,5,REG,2025_05_DAL_NYJ,DAL,NYJ,0,0,0,0,0,0,0,2,10,0,0,0,6,9,114,0,0,0,86,0.321428571428571,0.370689655172414,0
00-0039424,D.Vele,Devaughn Vele,WR,2025,5,REG,2025_05_NYG_NO,NO,NYG,0,0,0,0,0,0,0,0,0,0,0,0,2,2,13,0,0,0,6,0.0645161290322581,0.025,0
00-0039458,B.Bates,Brenden Bates,TE,2025,5,REG,2025_05_HOU_BAL,HOU,BAL,0,0,0,0,0,0,0,0,0,0,0,0,2,2,23,0,0,0,23,0.0645161290322581,0.0888030888030888,0
00-0039530,B.Spann-Ford,Brevyn Spann-Ford,TE,2025,5,REG,2025_05_DAL_NYJ,DAL,NYJ,0,0,0,0,0,0,0,0,0,0,0,0,0,0,0,0,0,0,0,0,0,0
00-0039589,K.Johnson,Kameron Johnson,WR,2025,5,REG,2025_05_TB_SEA,TB,SEA,0,0,0,0,0,0,0,1,2,0,0,0,0,0,0,0,0,0,0,0,0,0
00-0039603,B.Brooks,British Brooks,RB,2025,5,REG,2025_05_HOU_BAL,HOU,BAL,0,0,0,0,0,0,0,2,15,0,0,0,0,0,0,0,0,0,0,0,0,0
00-0039686,C.Yankoff,Colson Yankoff,TE,2025,5,REG,2025_05_WAS_LAC,WAS,LAC,0,0,0,0,0,0,0,0,0,0,0,0,0,0,0,0,0,0,0,0,0,0
00-0039732,B.Nix,Bo Nix,QB,2025,5,REG,2025_05_DEN_PHI,DEN,PHI,24,39,242,1,0,0,1,3,22,0,0,0,0,0,0,0,0,0,0,0,0,0
00-0039737,T.Reiman,Tip Reiman,TE,2025,5,REG,2025_05_TEN_ARI,ARI,TEN,0,0,0,0,0,0,0,0,0,0,0,0,0,1,0,0,0,0,9,0.0333333333333333,0.0430622009569378,0
00-0039738,B.Corum,Blake Corum,RB,2025,5,REG,2025_05_SF_LA,LA,SF,0,0,0,0,0,0,0,1,13,0,0,0,0,2,0,0,0,0,15,0.0434782608695652,0.0284090909090909,0
00-0039746,W.Shipley,Will Shipley,RB,2025,5,REG,2025_05_DEN_PHI,PHI,DEN,0,0,0,0,0,0,0,1,0,0,0,0,1,2,4,0,0,0,-10,0.0540540540540541,-0.0240384615384615,0
00-0039751,J.Whittington,Jordan Whittington,WR,2025,5,REG,2025_05_SF_LA,LA,SF,0,0,0,0,0,0,0,0,0,0,0,0,2,3,33,0,0,0,24,0.0652173913043478,0.0454545454545455,0
00-0039792,D.Walker,Devontez Walker,WR,2025,5,REG,2025_05_HOU_BAL,BAL,HOU,0,0,0,0,0,0,0,0,0,0,0,0,0,0,0,0,0,0,0,0,0,0
00-0039793,A.Barner,AJ Barner,TE,2025,5,REG,2025_05_TB_SEA,SEA,TB,0,0,0,0,0,0,0,0,0,0,0,0,7,7,53,2,0,0,29,0.205882352941176,0.105454545454545,0
00-0039796,R.Ali,Rasheen Ali,RB,2025,5,REG,2025_05_HOU_BAL,BAL,HOU,0,0,0,0,0,0,0,0,0,0,0,0,0,0,0,0,0,0,0,0,0,0
00-0039798,I.Davis,Isaiah Davis,RB,2025,5,REG,2025_05_DAL_NYJ,NYJ,DAL,0,0,0,0,0,0,0,1,5,0,0,0,3,4,28,0,0,0,8,0.0909090909090909,0.025974025974026,0
00-0039816,A.Gould,Anthony Gould,WR,2025,5,REG,2025_05_LV_IND,IND,LV,0,0,0,0,0,0,0,0,0,0,0,0,0,0,0,0,0,0,0,0,0,0
00-0039847,T.Johnson,Theo Johnson,TE,2025,5,REG,2025_05_NYG_NO,NYG,NO,0,0,0,0,0,0,0,0,0,0,0,0,6,7,33,2,0,0,40,0.17948717948718,0.121951219512195,0
00-0039849,M.Harrison,Marvin Harrison Jr.,WR,2025,5,REG,2025_05_TEN_ARI,ARI,TEN,0,0,0,0,0,0,0,0,0,0,0,0,4,5,98,0,0,0,95,0.166666666666667,0.454545454545455,0
00-0039851,D.Maye,Drake Maye,QB,2025,5,REG,2025_05_NE_BUF,NE,BUF,22,30,273,0,0,0,0,3,12,0,0,0,0,0,0,0,0,0,0,0,0,0
00-0039868,T.Franklin,Troy Franklin,WR,2025,5,REG,2025_05_DEN_PHI,DEN,PHI,0,0,0,0,0,0,0,0,0,0,0,0,3,5,35,0,0,1,66,0.138888888888889,0.207547169811321,0
00-0039875,R.Davis,Ray Davis,RB,2025,5,REG,2025_05_NE_BUF,BUF,NE,0,0,0,0,0,0,0,2,1,0,0,0,0,0,0,0,0,0,0,0,0,0
00-0039880,M.Washington,Malik Washington,WR,2025,5,REG,2025_05_MIA_CAR,MIA,CAR,0,0,0,0,0,0,0,0,0,0,0,0,4,5,0,0,0,0,21,0.147058823529412,0.0731707317073171,0
00-0039890,A.Mitchell,Adonai Mitchell,WR,2025,5,REG,2025_05_LV_IND,IND,LV,0,0,0,0,0,0,0,0,0,0,0,0,0,1,0,0,0,0,29,0.032258064516129,0.108614232209738,0
00-0039893,B.Thomas,Brian Thomas Jr.,WR,2025,5,REG,2025_05_KC_JAX,JAX,KC,0,0,0,0,0,0,0,0,0,0,0,0,4,6,80,0,0,0,92,0.24,0.440191387559809,0
00-0039894,X.Worthy,Xavier Worthy,WR,2025,5,REG,2025_05_KC_JAX,KC,JAX,0,0,0,0,0,0,0,1,9,0,0,0,6,9,42,0,0,0,117,0.225,0.291770573566085,0
00-0039901,K.Coleman,Keon Coleman,WR,2025,5,REG,2025_05_NE_BUF,BUF,NE,0,0,0,0,0,0,0,0,0,0,0,0,4,7,23,1,1,0,76,0.233333333333333,0.308943089430894,0
00-0039910,J.Daniels,Jayden Daniels,QB,2025,5,REG,2025_05_WAS_LAC,WAS,LAC,15,26,231,1,0,0,0,8,39,0,0,0,0,0,0,0,0,0,0,0,0,0
00-0039915,L.McConkey,Ladd McConkey,WR,2025,5,REG,2025_05_WAS_LAC,LAC,WAS,0,0,0,0,0,0,0,0,0,0,0,0,5,7,39,1,0,0,41,0.21875,0.322834645669291,0
00-0039920,M.Corley,Malachi Corley,WR,2025,5,REG,2025_05_MIN_CLE,CLE,MIN,0,0,0,0,0,0,0,1,11,0,0,0,0,0,0,0,0,0,0,0,0,0
00-0040075,L.Wester,LaJohntay Wester,WR,2025,5,REG,2025_05_HOU_BAL,BAL,HOU,0,0,0,0,0,0,0,0,0,0,0,0,0,0,0,0,0,0,0,0,0,0
00-0040078,B.Smith,Brashard Smith,RB,2025,5,REG,2025_05_KC_JAX,KC,JAX,0,0,0,0,0,0,0,1,4,0,0,0,3,3,32,0,0,0,-6,0.075,-0.0149625935162095,0
00-0040122,A.Jeanty,Ashton Jeanty,RB,2025,5,REG,2025_05_LV_IND,LV,IND,0,0,0,0,0,0,0,14,67,0,0,0,5,7,42,0,0,0,-5,0.194444444444444,-0.0204918032786885,0
00-0040124,T.McMillan,Tetairoa McMillan,WR,2025,5,REG,2025_05_MIA_CAR,CAR,MIA,0,0,0,0,0,0,0,0,0,0,0,0,6,8,73,0,0,0,120,0.296296296296296,0.491803278688525,0
00-0040128,T.Warren,Tyler Warren,TE,2025,5,REG,2025_05_LV_IND,IND,LV,0,1,0,0,0,0,0,0,0,0,0,0,4,4,44,1,0,0,33,0.129032258064516,0.123595505617978,0
00-0040129,E.Egbuka,Emeka Egbuka,WR,2025,5,REG,2025_05_TB_SEA,TB,SEA,0,0,0,0,0,0,0,0,0,0,0,0,7,7,163,1,0,1,131,0.21875,0.509727626459144,0
00-0040130,J.Higgins,Jayden Higgins,WR,2025,5,REG,2025_05_HOU_BAL,HOU,BAL,0,0,0,0,0,0,0,0,0,0,0,0,4,4,32,0,0,0,25,0.129032258064516,0.0965250965250965,0
00-0040134,P.Bryant,Pat Bryant,WR,2025,5,REG,2025_05_DEN_PHI,DEN,PHI,0,0,0,0,0,0,0,0,0,0,0,0,0,0,0,0,0,0,0,0,0,0
00-0040138,J.Noel,Jaylin Noel,WR,2025,5,REG,2025_05_HOU_BAL,HOU,BAL,0,0,0,0,0,0,0,1,5,0,0,0,2,3,13,1,0,0,20,0.0967741935483871,0.0772200772200772,0
00-0040154,T.Felton,Tai Felton,WR,2025,5,REG,2025_05_MIN_CLE,MIN,CLE,0,0,0,0,0,0,0,0,0,0,0,0,0,0,0,0,0,0,0,0,0,0
00-0040162,D.Sampson,Dylan Sampson,RB,2025,5,REG,2025_05_MIN_CLE,CLE,MIN,0,0,0,0,0,0,0,1,-4,0,0,0,1,2,6,0,0,0,-4,0.0625,-0.0192307692307692,0
00-0040164,J.Lane,Jaylin Lane,WR,2025,5,REG,2025_05_WAS_LAC,WAS,LAC,0,0,0,0,0,0,0,0,0,0,0,0,1,2,16,0,0,0,30,0.0869565217391304,0.125523012552301,0
00-0040170,E.Ayomanor,Elic Ayomanor,WR,2025,5,REG,2025_05_TEN_ARI,TEN,ARI,0,0,0,0,0,0,0,0,0,0,0,0,2,4,18,0,0,0,38,0.108108108108108,0.0902612826603325,0
00-0040179,D.Giddens,DJ Giddens,RB,2025,5,REG,2025_05_LV_IND,IND,LV,0,0,0,0,0,0,0,5,22,0,0,0,0,1,0,0,0,0,0,0.032258064516129,0,0
00-0040184,K.Lambert-Smith,KeAndre Lambert-Smith,WR,2025,5,REG,2025_05_WAS_LAC,LAC,WAS,0,0,0,0,0,0,0,0,0,0,0,0,0,0,0,0,0,0,0,0,0,0
00-0040187,M.Evans,Mitchell Evans,TE,2025,5,REG,2025_05_MIA_CAR,CAR,MIA,0,0,0,0,0,0,0,0,0,0,0,0,1,1,4,1,0,0,2,0.037037037037037,0.00819672131147541,0
00-0040189,O.Gadsden,Oronde Gadsden II,TE,2025,5,REG,2025_05_WAS_LAC,LAC,WAS,0,0,0,0,0,0,0,0,0,0,0,0,1,1,14,0,0,0,6,0.03125,0.047244094488189,0
00-0040198,O.Gordon,Ollie Gordon II,RB,2025,5,REG,2025_05_MIA_CAR,MIA,CAR,0,0,0,0,0,0,0,3,-2,0,0,0,0,0,0,0,0,0,0,0,0,0
00-0040218,Ji.Horn,Jimmy Horn Jr.,WR,2025,5,REG,2025_05_MIA_CAR,CAR,MIA,0,0,0,0,0,0,0,2,10,0,0,0,2,3,21,0,0,0,25,0.111111111111111,0.102459016393443,0
00-0040237,T.Johnson,Tez Johnson,WR,2025,5,REG,2025_05_TB_SEA,TB,SEA,0,0,0,0,0,0,0,0,0,0,0,0,4,4,59,0,0,0,28,0.125,0.108949416342412,0
00-0040238,L.Allen,LeQuint Allen Jr.,RB,2025,5,REG,2025_05_KC_JAX,JAX,KC,0,0,0,0,0,0,0,0,0,0,0,0,0,0,0,0,0,0,0,0,0,0
00-0040242,J.Croskey-Merritt,Jacory Croskey-Merritt,RB,2025,5,REG,2025_05_WAS_LAC,WAS,LAC,0,0,0,0,0,0,0,14,111,2,1,0,2,2,39,0,0,0,2,0.0869565217391304,0.00836820083682008,0
00-0040259,G.Larvadain,Gage Larvadain,WR,2025,5,REG,2025_05_MIN_CLE,CLE,MIN,0,0,0,0,0,0,0,0,0,0,0,0,0,0,0,0,0,0,0,0,0,0
00-0040429,J.Williams,Josh Williams,RB,2025,5,REG,2025_05_TB_SEA,TB,SEA,0,0,0,0,0,0,0,0,0,0,0,0,0,0,0,0,0,0,0,0,0,0
00-0040432,B.Collins,Beaux Collins,WR,2025,5,REG,2025_05_NYG_NO,NYG,NO,0,0,0,0,0,0,0,0,0,0,0,0,1,3,7,0,0,0,14,0.0769230769230769,0.0426829268292683,0
00-0040494,M.Brosmer,Max Brosmer,QB,2025,5,REG,2025_05_MIN_CLE,MIN,CLE,0,0,0,0,0,0,0,1,-1,0,0,0,0,0,0,0,0,0,0,0,0,0
00-0040506,M.Price,Myles Price,WR,2025,5,REG,2025_05_MIN_CLE,MIN,CLE,0,0,0,0,0,0,0,0,0,0,0,0,0,0,0,0,0,0,0,0,0,0
00-0040581,D.Thornton,Dont'e Thornton Jr.,WR,2025,5,REG,2025_05_LV_IND,LV,IND,0,0,0,0,0,0,0,0,0,0,0,0,0,2,0,0,0,0,34,0.0555555555555556,0.139344262295082,0
00-0040582,A.Smith,Arian Smith,WR,2025,5,REG,2025_05_DAL_NYJ,NYJ,DAL,0,0,0,0,0,0,0,0,0,0,0,0,1,1,14,0,0,0,4,0.0227272727272727,0.012987012987013,0
00-0040583,W.Marks,Woody Marks,RB,2025,5,REG,2025_05_HOU_BAL,HOU,BAL,0,0,0,0,0,0,0,7,24,0,0,0,0,1,0,0,0,0,0,0.032258064516129,0,0
00-0040584,G.Helm,Gunnar Helm,TE,2025,5,REG,2025_05_TEN_ARI,TEN,ARI,0,0,0,0,0,0,0,0,0,0,0,0,4,5,34,0,0,0,31,0.135135135135135,0.0736342042755344,0
00-0040586,J.Blue,Jaydon Blue,RB,2025,5,REG,2025_05_DAL_NYJ,DAL,NYJ,0,0,0,0,0,0,0,4,7,0,0,0,0,0,0,0,0,0,0,0,0,0
00-0040644,T.Etienne,Trevor Etienne,RB,2025,5,REG,2025_05_MIA_CAR,CAR,MIA,0,0,0,0,0,0,0,4,22,0,0,0,1,1,7,0,0,0,4,0.037037037037037,0.0163934426229508,0
00-0040648,T.Horton,Tory Horton,WR,2025,5,REG,2025_05_TB_SEA,SEA,TB,0,0,0,0,0,0,0,0,0,0,0,0,3,4,39,1,0,0,33,0.117647058823529,0.12,0
00-0040663,H.Fannin,Harold Fannin Jr.,TE,2025,5,REG,2025_05_MIN_CLE,CLE,MIN,0,0,0,0,0,0,0,0,0,0,0,0,4,4,13,1,0,0,5,0.125,0.0240384615384615,0
00-0040666,O.Hampton,Omarion Hampton,RB,2025,5,REG,2025_05_WAS_LAC,LAC,WAS,0,0,0,0,0,0,0,12,44,0,0,0,6,6,26,0,0,0,-18,0.1875,-0.141732283464567,0
00-0040669,I.TeSlaa,Isaac TeSlaa,WR,2025,5,REG,2025_05_DET_CIN,DET,CIN,0,0,0,0,0,0,0,0,0,0,0,0,1,1,12,1,0,0,12,0.0434782608695652,0.113207547169811,0
00-0040673,J.Milroe,Jalen Milroe,QB,2025,5,REG,2025_05_TB_SEA,SEA,TB,0,0,0,0,0,0,0,1,0,0,1,0,0,0,0,0,0,0,0,0,0,0
00-0040676,C.Ward,Cam Ward,QB,2025,5,REG,2025_05_TEN_ARI,TEN,ARI,21,39,265,0,1,0,0,5,-6,0,0,0,0,0,0,0,0,0,0,0,0,0
00-0040691,J.Dart,Jaxson Dart,QB,2025,5,REG,2025_05_NYG_NO,NYG,NO,26,40,202,2,2,1,0,7,55,0,0,0,0,0,0,0,0,0,0,0,0,0
00-0040704,D.Gabriel,Dillon Gabriel,QB,2025,5,REG,2025_05_MIN_CLE,CLE,MIN,19,33,190,2,0,0,0,2,5,0,0,0,0,0,0,0,0,0,0,0,0,0
00-0040705,C.Dike,Chimere Dike,WR,2025,5,REG,2025_05_TEN_ARI,TEN,ARI,0,0,0,0,0,0,0,0,0,0,0,0,2,5,17,0,0,0,95,0.135135135135135,0.225653206650831,0
00-0040715,C.Skattebo,Cam Skattebo,RB,2025,5,REG,2025_05_NYG_NO,NYG,NO,0,0,0,0,0,0,0,15,59,0,1,0,6,7,45,0,0,0,-11,0.17948717948718,-0.0335365853658537,0
00-0040719,B.Tuten,Bhayshul Tuten,RB,2025,5,REG,2025_05_KC_JAX,JAX,KC,0,0,0,0,0,0,0,4,6,0,0,0,1,1,5,0,0,0,-5,0.04,-0.0239234449760766,0
00-0040729,J.Bech,Jack Bech,WR,2025,5,REG,2025_05_LV_IND,LV,IND,0,0,0,0,0,0,0,0,0,0,0,0,3,5,27,0,0,0,47,0.138888888888889,0.192622950819672,0
00-0040730,R.Harvey,RJ Harvey,RB,2025,5,REG,2025_05_DEN_PHI,DEN,PHI,0,0,0,0,0,0,0,4,12,0,0,0,3,3,18,0,0,0,6,0.0833333333333333,0.0188679245283019,0
00-0040734,T.Henderson,TreVeyon Henderson,RB,2025,5,REG,2025_05_NE_BUF,NE,BUF,0,0,0,0,0,0,0,6,24,0,0,0,2,3,3,0,0,0,-3,0.107142857142857,-0.0140845070422535,0
00-0040736,M.Taylor,Mason Taylor,TE,2025,5,REG,2025_05_DAL_NYJ,NYJ,DAL,0,0,0,0,0,0,0,0,0,0,0,0,9,12,67,0,0,1,65,0.272727272727273,0.211038961038961,0
00-0040737,T.Ferguson,Terrance Ferguson,TE,2025,5,REG,2025_05_SF_LA,LA,SF,0,0,0,0,0,0,0,0,0,0,0,0,1,1,21,0,0,0,18,0.0217391304347826,0.0340909090909091,0
00-0040739,E.Arroyo,Elijah Arroyo,TE,2025,5,REG,2025_05_TB_SEA,SEA,TB,0,0,0,0,0,0,0,0,0,0,0,0,1,1,10,0,0,0,6,0.0294117647058824,0.0218181818181818,0
00-0040782,I.Bond,Isaiah Bond,WR,2025,5,REG,2025_05_MIN_CLE,CLE,MIN,0,0,0,0,0,0,0,0,0,0,0,0,2,7,29,0,0,0,94,0.21875,0.451923076923077,0
00-0040784,Q.Judkins,Quinshon Judkins,RB,2025,5,REG,2025_05_MIN_CLE,CLE,MIN,0,0,0,0,0,0,0,23,110,0,0,0,1,2,18,0,0,0,1,0.0625,0.00480769230769231,0
00-0023459,A.Rodgers,Aaron Rodgers,QB,2025,6,REG,2025_06_CLE_PIT,PIT,CLE,21,30,235,2,0,0,0,1,1,0,0,0,0,0,0,0,0,0,0,0,0,0
00-0026158,J.Flacco,Joe Flacco,QB,2025,6,REG,2025_06_CIN_GB,CIN,GB,29,45,219,2,0,0,1,0,0,0,0,0,0,0,0,0,0,0,0,0,0,0
00-0026498,M.Stafford,Matthew Stafford,QB,2025,6,REG,2025_06_LA_BAL,LA,BAL,17,26,181,1,0,1,0,4,1,0,0,0,0,0,0,0,0,0,0,0,0,0
00-0029263,R.Wilson,Russell Wilson,QB,2025,6,REG,2025_06_PHI_NYG,NYG,PHI,0,1,0,0,0,0,0,0,0,0,0,0,0,0,0,0,0,0,0,0,0,0
00-0030061,Z.Ertz,Zach Ertz,TE,2025,6,REG,2025_06_CHI_WAS,WAS,CHI,0,0,0,0,0,0,0,0,0,0,0,0,6,6,43,1,0,0,32,0.25,0.150943396226415,0
00-0030279,K.Allen,Keenan Allen,WR,2025,6,REG,2025_06_LAC_MIA,LAC,MIA,0,0,0,0,0,0,0,0,0,0,0,0,4,7,27,0,0,0,66,0.184210526315789,0.3,0
00-0030506,T.Kelce,Travis Kelce,TE,2025,6,REG,2025_06_DET_KC,KC,DET,0,0,0,0,0,0,0,0,0,0,0,0,6,7,78,0,0,0,52,0.25,0.337662337662338,0
00-0030564,D.Hopkins,DeAndre Hopkins,WR,2025,6,REG,2025_06_LA_BAL,BAL,LA,0,0,0,0,0,0,0,0,0,0,0,0,2,4,20,0,0,0,58,0.125,0.26605504587156,0
00-0030565,G.Smith,Geno Smith,QB,2025,6,REG,2025_06_TEN_LV,LV,TEN,17,23,174,1,1,0,0,4,-3,0,0,0,0,0,0,0,0,0,0,0,0,0
00-0031236,B.Cooks,Brandin Cooks,WR,2025,6,REG,2025_06_NE_NO,NO,NE,0,0,0,0,0,0,0,0,0,0,0,0,1,1,21,0,0,0,21,0.0384615384615385,0.0950226244343891,0
00-0031381,D.Adams,Davante Adams,WR,2025,6,REG,2025_06_LA_BAL,LA,BAL,0,0,0,0,0,0,0,0,0,0,0,0,4,9,39,0,0,0,95,0.346153846153846,0.414847161572052,0
00-0031588,S.Diggs,Stefon Diggs,WR,2025,6,REG,2025_06_NE_NO,NE,NO,0,0,0,0,0,0,0,0,0,0,0,0,3,3,28,0,0,0,14,0.125,0.0492957746478873,0
00-0031610,D.Waller,Darren Waller,TE,2025,6,REG,2025_06_LAC_MIA,MIA,LAC,0,0,0,0,0,0,0,0,0,0,0,0,2,3,12,1,0,0,30,0.1,0.143540669856459,0
00-0031687,R.Mostert,Raheem Mostert,RB,2025,6,REG,2025_06_TEN_LV,LV,TEN,0,0,0,0,0,0,0,5,-4,0,0,0,0,0,0,0,0,0,0,0,0,0
00-0032104,A.Abdullah,Ameer Abdullah,RB,2025,6,REG,2025_06_ARI_IND,IND,ARI,0,0,0,0,0,0,0,1,7,0,0,0,1,1,9,0,0,0,-2,0.0333333333333333,-0.00980392156862745,0
00-0032211,T.Lockett,Tyler Lockett,WR,2025,6,REG,2025_06_TEN_LV,TEN,LV,0,0,0,0,0,0,0,0,0,0,0,0,1,3,0,0,0,0,27,0.0882352941176471,0.106719367588933,0
00-0032385,S.Shepard,Sterling Shepard,WR,2025,6,REG,2025_06_SF_TB,TB,SF,0,0,0,0,0,0,0,0,0,0,0,0,2,3,51,0,0,0,41,0.130434782608696,0.171548117154812,0
00-0032392,A.Hooper,Austin Hooper,TE,2025,6,REG,2025_06_NE_NO,NE,NO,0,0,0,0,0,0,0,0,0,0,0,0,1,1,5,0,0,0,4,0.0416666666666667,0.0140845070422535,0
00-0032398,C.Moore,Chris Moore,WR,2025,6,REG,2025_06_CHI_WAS,WAS,CHI,0,0,0,0,0,0,0,0,0,0,0,0,3,5,46,1,0,0,56,0.208333333333333,0.264150943396226,0
00-0032464,K.Raymond,Kalif Raymond,WR,2025,6,REG,2025_06_DET_KC,DET,KC,0,0,0,0,0,0,0,0,0,0,0,0,0,0,0,0,0,0,0,0,0,0
00-0032764,D.Henry,Derrick Henry,RB,2025,6,REG,2025_06_LA_BAL,BAL,LA,0,0,0,0,0,0,0,24,122,0,0,0,1,2,8,0,0,0,8,0.0625,0.036697247706422,0
00-0032775,D.Robinson,Demarcus Robinson,WR,2025,6,REG,2025_06_SF_TB,SF,TB,0,0,0,0,0,0,0,0,0,0,0,0,2,3,44,0,0,0,51,0.0810810810810811,0.134920634920635,0
00-0033077,D.Prescott,Dak Prescott,QB,2025,6,REG,2025_06_DAL_CAR,DAL,CAR,25,34,261,3,0,0,0,2,-1,0,0,0,0,0,0,0,0,0,0,0,0,0
00-0033090,H.Henry,Hunter Henry,TE,2025,6,REG,2025_06_NE_NO,NE,NO,0,0,0,0,0,0,0,0,0,0,0,0,3,3,27,0,0,0,13,0.125,0.045774647887324,0
00-0033106,J.Goff,Jared Goff,QB,2025,6,REG,2025_06_DET_KC,DET,KC,23,29,203,2,0,0,0,1,7,0,0,0,0,0,0,0,0,0,0,0,0,0
00-0033110,T.Higbee,Tyler Higbee,TE,2025,6,REG,2025_06_LA_BAL,LA,BAL,0,0,0,0,0,0,0,0,0,0,0,0,4,4,40,1,0,0,25,0.153846153846154,0.109170305676856,0
00-0033119,J.Brissett,Jacoby Brissett,QB,2025,6,REG,2025_06_ARI_IND,ARI,IND,27,44,320,2,1,0,0,3,19,0,0,0,0,0,0,0,0,0,0,0,0,0
00-0033217,M.Alie-Cox,Mo Alie-Cox,TE,2025,6,REG,2025_06_ARI_IND,IND,ARI,0,0,0,0,0,0,0,0,0,0,0,0,1,2,16,0,0,0,9,0.0666666666666667,0.0441176470588235,0
00-0033246,J.Mundt,Johnny Mundt,TE,2025,6,REG,2025_06_SEA_JAX,JAX,SEA,0,0,0,0,0,0,0,0,0,0,0,0,1,2,14,0,0,0,11,0.0476190476190476,0.034375,0
00-0033280,C.McCaffrey,Christian McCaffrey,RB,2025,6,REG,2025_06_SF_TB,SF,TB,0,0,0,0,0,0,0,17,54,1,0,0,7,8,57,0,0,0,21,0.216216216216216,0.0555555555555556,0
00-0033307,K.Bourne,Kendrick Bourne,WR,2025,6,REG,2025_06_SF_TB,SF,TB,0,0,0,0,0,0,0,0,0,0,0,0,5,9,142,0,0,0,137,0.243243243243243,0.362433862433862,0
00-0033357,T.Hill,Taysom Hill,TE,2025,6,REG,2025_06_NE_NO,NO,NE,0,0,0,0,0,0,0,1,1,1,0,0,0,0,0,0,0,0,0,0,0,0
00-0033375,T.Patrick,Tim Patrick,WR,2025,6,REG,2025_06_SEA_JAX,JAX,SEA,0,0,0,0,0,0,0,0,0,0,0,0,1,1,26,1,0,0,16,0.0238095238095238,0.05,0
00-0033526,S.Perine,Samaje Perine,RB,2025,6,REG,2025_06_CIN_GB,CIN,GB,0,0,0,0,0,0,0,6,16,0,0,0,2,3,16,0,0,0,-4,0.075,-0.0148698884758364,0
00-0033555,M.Hollins,Mack Hollins,WR,2025,6,REG,2025_06_NE_NO,NE,NO,0,0,0,0,0,0,0,0,0,0,0,0,2,3,28,0,0,0,73,0.125,0.257042253521127,0
00-0033572,J.Agnew,Jamal Agnew,WR,2025,6,REG,2025_06_BUF_ATL,ATL,BUF,0,0,0,0,0,0,0,0,0,0,0,0,0,0,0,0,0,0,0,0,0,0
00-0033576,E.Saubert,Eric Saubert,TE,2025,6,REG,2025_06_SEA_JAX,SEA,JAX,0,0,0,0,0,0,0,0,0,0,0,0,0,0,0,0,0,0,0,0,0,0
00-0033662,C.Rush,Cooper Rush,QB,2025,6,REG,2025_06_LA_BAL,BAL,LA,11,19,72,0,1,0,0,1,0,0,1,0,0,0,0,0,0,0,0,0,0,0
00-0033857,J.Smith-Schuster,JuJu Smith-Schuster,WR,2025,6,REG,2025_06_DET_KC,KC,DET,0,0,0,0,0,0,0,0,0,0,0,0,3,3,57,0,0,0,8,0.107142857142857,0.051948051948052,0
00-0033858,J.Smith,Jonnu Smith,TE,2025,6,REG,2025_06_CLE_PIT,PIT,CLE,0,0,0,0,0,0,0,1,10,0,0,0,3,4,18,0,0,0,16,0.137931034482759,0.0717488789237668,0
00-0033873,P.Mahomes,Patrick Mahomes,QB,2025,6,REG,2025_06_DET_KC,KC,DET,22,30,257,3,0,0,0,10,32,1,0,0,0,0,0,0,0,0,0,0,0,0
00-0033881,E.Engram,Evan Engram,TE,2025,6,REG,2025_06_DEN_NYJ,DEN,NYJ,0,0,0,0,0,0,0,1,7,0,0,0,5,6,42,0,0,0,30,0.230769230769231,0.196078431372549,0
00-0033885,D.Njoku,David Njoku,TE,2025,6,REG,2025_06_CLE_PIT,CLE,PIT,0,0,0,0,0,0,0,0,0,0,0,0,3,6,28,0,0,0,49,0.117647058823529,0.156050955414013,0
00-0033891,Z.Jones,Zay Jones,WR,2025,6,REG,2025_06_ARI_IND,ARI,IND,0,0,0,0,0,0,0,0,0,0,0,0,5,8,79,0,0,0,108,0.205128205128205,0.276214833759591,0
00-0033906,A.Kamara,Alvin Kamara,RB,2025,6,REG,2025_06_NE_NO,NO,NE,0,0,0,0,0,0,0,10,31,0,0,0,5,5,45,0,0,0,10,0.192307692307692,0.0452488687782805,0
00-0033908,C.Kupp,Cooper Kupp,WR,2025,6,REG,2025_06_SEA_JAX,SEA,JAX,0,0,0,0,0,0,0,0,0,0,0,0,2,3,40,1,0,0,48,0.125,0.132963988919668,0
00-0033923,K.Hunt,Kareem Hunt,RB,2025,6,REG,2025_06_DET_KC,KC,DET,0,0,0,0,0,0,0,6,23,0,0,0,1,1,11,0,0,0,-4,0.0357142857142857,-0.025974025974026,0
00-0033943,J.Reynolds,Josh Reynolds,WR,2025,6,REG,2025_06_DEN_NYJ,NYJ,DEN,0,0,0,0,0,0,0,0,0,0,0,0,3,3,25,0,0,0,19,0.1875,0.202127659574468,0
00-0033955,J.McNichols,Jeremy McNichols,RB,2025,6,REG,2025_06_CHI_WAS,WAS,CHI,0,0,0,0,0,0,0,2,5,0,0,0,3,4,30,0,0,0,10,0.166666666666667,0.0471698113207547,0
00-0034159,W.Dissly,Will Dissly,TE,2025,6,REG,2025_06_LAC_MIA,LAC,MIA,0,0,0,0,0,0,0,0,0,0,0,0,2,2,18,0,0,0,0,0.0526315789473684,0,0
00-0034272,M.Valdes-Scantling,Marquez Valdes-Scantling,WR,2025,6,REG,2025_06_SF_TB,SF,TB,0,0,0,0,0,0,0,0,0,0,0,0,2,3,22,0,0,0,36,0.0810810810810811,0.0952380952380952,0
00-0034348,C.Sutton,Courtland Sutton,WR,2025,6,REG,2025_06_DEN_NYJ,DEN,NYJ,0,0,0,0,0,0,0,0,0,0,0,0,1,3,17,0,0,0,30,0.115384615384615,0.196078431372549,0
00-0034351,D.Goedert,Dallas Goedert,TE,2025,6,REG,2025_06_PHI_NYG,PHI,NYG,0,0,0,0,0,0,0,0,0,0,0,0,9,11,110,1,0,0,107,0.34375,0.338607594936709,0
00-0034365,I.Thomas,Ian Thomas,TE,2025,6,REG,2025_06_TEN_LV,LV,TEN,0,0,0,0,0,0,0,0,0,0,0,0,1,1,4,0,0,0,3,0.0434782608695652,0.0517241379310345,0
00-0034367,N.Miller-Hines,Nyheim Hines,RB,2025,6,REG,2025_06_LAC_MIA,LAC,MIA,0,0,0,0,0,0,0,0,0,0,0,0,0,0,0,0,0,0,0,0,0,0
00-0034613,T.Hudson,Tanner Hudson,TE,2025,6,REG,2025_06_CIN_GB,CIN,GB,0,0,0,0,0,0,0,0,0,0,0,0,4,5,10,1,0,0,6,0.125,0.0223048327137546,0
00-0034753,M.Andrews,Mark Andrews,TE,2025,6,REG,2025_06_LA_BAL,BAL,LA,0,0,0,0,0,0,0,3,2,0,0,0,4,6,24,0,0,0,34,0.1875,0.155963302752294,0
00-0034771,M.Rudolph,Mason Rudolph,QB,2025,6,REG,2025_06_CLE_PIT,PIT,CLE,0,0,0,0,0,0,0,3,0,0,0,0,0,0,0,0,0,0,0,0,0,0
00-0034827,D.Moore,DJ Moore,WR,2025,6,REG,2025_06_CHI_WAS,CHI,WAS,0,0,0,0,0,0,0,2,10,0,0,0,3,5,42,0,0,0,53,0.172413793103448,0.215447154471545,0
00-0034837,C.Ridley,Calvin Ridley,WR,2025,6,REG,2025_06_TEN_LV,TEN,LV,0,0,0,0,0,0,0,0,0,0,0,0,1,1,18,0,0,0,14,0.0294117647058824,0.0553359683794466,0
00-0034844,S.Barkley,Saquon Barkley,RB,2025,6,REG,2025_06_PHI_NYG,PHI,NYG,0,0,0,0,0,0,0,12,58,0,0,0,2,3,9,0,0,0,-2,0.09375,-0.00632911392405063,0
00-0034854,K.Hodge,KhaDarel Hodge,WR,2025,6,REG,2025_06_BUF_ATL,ATL,BUF,0,0,0,0,0,0,0,0,0,0,0,0,0,0,0,0,0,0,0,0,0,0
00-0034855,B.Mayfield,Baker Mayfield,QB,2025,6,REG,2025_06_SF_TB,TB,SF,17,23,256,2,0,0,0,3,14,0,0,0,0,0,0,0,0,0,0,0,0,0
00-0034857,J.Allen,Josh Allen,QB,2025,6,REG,2025_06_BUF_ATL,BUF,ATL,15,26,180,2,2,0,0,6,42,0,0,0,0,0,0,0,0,0,0,0,0,0
00-0034869,S.Darnold,Sam Darnold,QB,2025,6,REG,2025_06_SEA_JAX,SEA,JAX,16,27,295,2,0,0,0,4,2,0,0,0,0,0,0,0,0,0,0,0,0,0
00-0034960,J.Meyers,Jakobi Meyers,WR,2025,6,REG,2025_06_TEN_LV,LV,TEN,0,0,0,0,0,0,0,0,0,0,0,0,4,4,39,0,0,0,34,0.173913043478261,0.586206896551724,0
00-0034975,J.Hill,Justice Hill,RB,2025,6,REG,2025_06_LA_BAL,BAL,LA,0,0,0,0,0,0,0,6,16,0,0,0,5,6,28,0,0,0,12,0.1875,0.055045871559633,0
00-0034981,F.Moreau,Foster Moreau,TE,2025,6,REG,2025_06_NE_NO,NO,NE,0,0,0,0,0,0,0,0,0,0,0,0,1,1,9,0,0,0,3,0.0384615384615385,0.0135746606334842,0
00-0034983,H.Renfrow,Hunter Renfrow,WR,2025,6,REG,2025_06_DAL_CAR,CAR,DAL,0,0,0,0,0,0,0,0,0,0,0,0,1,2,7,0,0,0,13,0.0952380952380952,0.0844155844155844,0
00-0035021,A.Dulin,Ashton Dulin,WR,2025,6,REG,2025_06_ARI_IND,IND,ARI,0,0,0,0,0,0,0,0,0,0,0,0,0,0,0,0,0,0,0,0,0,0
00-0035208,O.Zaccheaus,Olamide Zaccheaus,WR,2025,6,REG,2025_06_CHI_WAS,CHI,WAS,0,0,0,0,0,0,0,1,4,0,0,0,2,6,24,0,0,0,53,0.206896551724138,0.215447154471545,0
00-0035250,D.Singletary,Devin Singletary,RB,2025,6,REG,2025_06_PHI_NYG,NYG,PHI,0,0,0,0,0,0,0,3,10,0,0,0,0,0,0,0,0,0,0,0,0,0
00-0035261,T.Pollard,Tony Pollard,RB,2025,6,REG,2025_06_TEN_LV,TEN,LV,0,0,0,0,0,0,0,10,34,0,0,0,2,2,13,0,0,0,5,0.0588235294117647,0.0197628458498024,0
00-0035406,L.Humphrey,Lil'Jordan Humphrey,WR,2025,6,REG,2025_06_PHI_NYG,NYG,PHI,0,0,0,0,0,0,0,0,0,0,0,0,4,8,55,0,0,0,118,0.307692307692308,0.493723849372385,0
00-0035500,G.Dortch,Greg Dortch,WR,2025,6,REG,2025_06_ARI_IND,ARI,IND,0,0,0,0,0,0,0,0,0,0,0,0,3,3,9,1,0,0,2,0.0769230769230769,0.0051150895140665,0
00-0035537,Ty.Johnson,Ty Johnson,RB,2025,6,REG,2025_06_BUF_ATL,BUF,ATL,0,0,0,0,0,0,0,1,5,0,0,0,1,2,11,0,0,0,4,0.0769230769230769,0.0139372822299652,0
00-0035567,C.Reynolds,Craig Reynolds,RB,2025,6,REG,2025_06_DET_KC,DET,KC,0,0,0,0,0,0,0,0,0,0,0,0,0,0,0,0,0,0,0,0,0,0
00-0035602,A.Bachman,Alex Bachman,WR,2025,6,REG,2025_06_TEN_LV,LV,TEN,0,0,0,0,0,0,0,0,0,0,0,0,0,0,0,0,0,0,0,0,0,0
00-0035631,D.Sample,Drew Sample,TE,2025,6,REG,2025_06_CIN_GB,CIN,GB,0,0,0,0,0,0,0,0,0,0,0,0,1,2,-2,0,0,0,-5,0.05,-0.0185873605947955,0
00-0035639,P.Campbell,Parris Campbell,WR,2025,6,REG,2025_06_DAL_CAR,DAL,CAR,0,0,0,0,0,0,0,0,0,0,0,0,0,0,0,0,0,0,0,0,0,0
00-0035640,D.Metcalf,DK Metcalf,WR,2025,6,REG,2025_06_CLE_PIT,PIT,CLE,0,0,0,0,0,0,0,0,0,0,0,0,4,9,95,1,0,0,151,0.310344827586207,0.677130044843049,0
00-0035644,N.Fant,Noah Fant,TE,2025,6,REG,2025_06_CIN_GB,CIN,GB,0,0,0,0,0,0,0,0,0,0,0,0,4,4,27,0,0,0,11,0.1,0.0408921933085502,0
00-0035645,G.Olszewski,Gunner Olszewski,WR,2025,6,REG,2025_06_PHI_NYG,NYG,PHI,0,0,0,0,0,0,0,0,0,0,0,0,0,0,0,0,0,0,0,0,0,0
00-0035662,M.Brown,Marquise Brown,WR,2025,6,REG,2025_06_DET_KC,KC,DET,0,0,0,0,0,0,0,0,0,0,0,0,4,4,45,2,0,0,31,0.142857142857143,0.201298701298701,0
00-0035676,A.Brown,A.J. Brown,WR,2025,6,REG,2025_06_PHI_NYG,PHI,NYG,0,0,0,0,0,0,0,0,0,0,0,0,6,9,80,0,0,0,109,0.28125,0.34493670886076,0
00-0035685,D.Montgomery,David Montgomery,RB,2025,6,REG,2025_06_DET_KC,DET,KC,0,0,0,0,0,0,0,4,24,0,0,0,2,2,37,0,0,0,-3,0.0740740740740741,-0.0275229357798165,0
00-0035689,D.Knox,Dawson Knox,TE,2025,6,REG,2025_06_BUF_ATL,BUF,ATL,0,0,0,0,0,0,0,0,0,0,0,0,1,2,19,1,0,0,32,0.0769230769230769,0.111498257839721,0
00-0035700,J.Jacobs,Josh Jacobs,RB,2025,6,REG,2025_06_CIN_GB,GB,CIN,0,0,0,0,0,0,0,18,93,2,0,0,5,5,57,0,0,0,5,0.192307692307692,0.0203252032520325,0
00-0035710,D.Jones,Daniel Jones,QB,2025,6,REG,2025_06_ARI_IND,IND,ARI,22,30,212,2,1,0,0,5,20,1,0,0,0,0,0,0,0,0,0,0,0,0
00-0035719,D.Samuel,Deebo Samuel Sr.,WR,2025,6,REG,2025_06_CHI_WAS,WAS,CHI,0,0,0,0,0,0,0,1,-1,0,0,0,4,5,15,0,0,0,24,0.208333333333333,0.113207547169811,0
00-0035993,T.Huntley,Tyler Huntley,QB,2025,6,REG,2025_06_LA_BAL,BAL,LA,10,15,68,0,0,0,0,3,39,0,0,0,0,0,0,0,0,0,0,0,0,0
00-0036040,J.Johnson,Juwan Johnson,TE,2025,6,REG,2025_06_NE_NO,NO,NE,0,0,0,0,0,0,0,0,0,0,0,0,2,2,15,0,1,0,4,0.0769230769230769,0.0180995475113122,0
00-0036139,R.Dowdle,Rico Dowdle,RB,2025,6,REG,2025_06_DAL_CAR,CAR,DAL,0,0,0,0,0,0,0,30,183,0,0,0,4,5,56,1,0,0,26,0.238095238095238,0.168831168831169,0
00-0036158,J.Dobbins,J.K. Dobbins,RB,2025,6,REG,2025_06_DEN_NYJ,DEN,NYJ,0,0,0,0,0,0,0,14,40,0,0,0,0,1,0,0,0,0,-4,0.0384615384615385,-0.0261437908496732,0
00-0036182,N.Westbrook-Ikhine,Nick Westbrook-Ikhine,WR,2025,6,REG,2025_06_LAC_MIA,MIA,LAC,0,0,0,0,0,0,0,0,0,0,0,0,0,1,0,0,0,0,5,0.0333333333333333,0.0239234449760766,0
00-0036212,T.Tagovailoa,Tua Tagovailoa,QB,2025,6,REG,2025_06_LAC_MIA,MIA,LAC,21,32,205,1,3,0,0,1,4,0,0,0,0,0,0,0,0,0,0,0,0,0
00-0036223,J.Taylor,Jonathan Taylor,RB,2025,6,REG,2025_06_ARI_IND,IND,ARI,0,0,0,0,0,0,0,21,123,1,0,0,4,4,14,0,0,0,-1,0.133333333333333,-0.00490196078431373,0
00-0036252,M.Pittman,Michael Pittman,WR,2025,6,REG,2025_06_ARI_IND,IND,ARI,0,0,0,0,0,0,0,0,0,0,0,0,2,3,20,0,0,0,25,0.1,0.122549019607843,0
00-0036259,J.Jennings,Jauan Jennings,WR,2025,6,REG,2025_06_SF_TB,SF,TB,0,0,0,0,0,0,0,0,0,0,0,0,1,3,7,0,0,0,50,0.0810810810810811,0.132275132275132,0
00-0036264,J.Love,Jordan Love,QB,2025,6,REG,2025_06_CIN_GB,GB,CIN,19,26,259,1,1,0,0,7,26,0,0,0,0,0,0,0,0,0,0,0,0,0
00-0036265,A.Dillon,AJ Dillon,RB,2025,6,REG,2025_06_PHI_NYG,PHI,NYG,0,0,0,0,0,0,0,1,2,0,0,0,2,2,18,0,1,0,9,0.0625,0.0284810126582279,0
00-0036275,D.Swift,D'Andre Swift,RB,2025,6,REG,2025_06_CHI_WAS,CHI,WAS,0,0,0,0,0,0,0,14,108,0,0,0,2,3,67,1,0,0,-6,0.103448275862069,-0.024390243902439,0
00-0036290,C.Kmet,Cole Kmet,TE,2025,6,REG,2025_06_CHI_WAS,CHI,WAS,0,0,0,0,0,0,0,0,0,0,0,0,1,2,0,0,0,0,20,0.0689655172413793,0.0813008130081301,0
00-0036331,D.Duvernay,Devin Duvernay,WR,2025,6,REG,2025_06_CHI_WAS,CHI,WAS,0,0,0,0,0,0,0,0,0,0,0,0,0,0,0,0,0,0,0,0,0,0
00-0036355,J.Herbert,Justin Herbert,QB,2025,6,REG,2025_06_LAC_MIA,LAC,MIA,29,38,264,2,0,0,0,1,2,0,0,0,0,0,0,0,0,0,0,0,0,0
00-0036389,J.Hurts,Jalen Hurts,QB,2025,6,REG,2025_06_PHI_NYG,PHI,NYG,24,33,283,1,1,0,0,7,13,1,0,0,0,0,0,0,0,0,0,0,0,0
00-0036407,J.Jeudy,Jerry Jeudy,WR,2025,6,REG,2025_06_CLE_PIT,CLE,PIT,0,0,0,0,0,0,0,0,0,0,0,0,5,13,43,0,0,0,134,0.254901960784314,0.426751592356688,0
00-0036410,T.Higgins,Tee Higgins,WR,2025,6,REG,2025_06_CIN_GB,CIN,GB,0,0,0,0,0,0,0,0,0,0,0,0,5,8,62,0,0,0,106,0.2,0.394052044609665,0
00-0036415,V.Jefferson,Van Jefferson,WR,2025,6,REG,2025_06_TEN_LV,TEN,LV,0,0,0,0,0,0,0,0,0,0,0,0,4,6,75,0,0,0,118,0.176470588235294,0.466403162055336,0
00-0036425,D.Dallas,DeeJay Dallas,RB,2025,6,REG,2025_06_DAL_CAR,CAR,DAL,0,0,0,0,0,0,0,1,0,0,0,0,0,0,0,0,0,0,0,0,0,0
00-0036427,T.Johnson,Tyler Johnson,WR,2025,6,REG,2025_06_DEN_NYJ,NYJ,DEN,0,0,0,0,0,0,0,0,0,0,0,0,0,1,0,0,0,0,-2,0.0625,-0.0212765957446809,0
00-0036550,R.Bateman,Rashod Bateman,WR,2025,6,REG,2025_06_LA_BAL,BAL,LA,0,0,0,0,0,0,0,0,0,0,0,0,1,1,8,0,0,0,3,0.03125,0.0137614678899083,0
00-0036613,J.Waddle,Jaylen Waddle,WR,2025,6,REG,2025_06_LAC_MIA,MIA,LAC,1,1,8,0,0,0,0,0,0,0,0,0,6,8,95,0,0,0,120,0.266666666666667,0.574162679425837,0
00-0036620,D.Eskridge,Dee Eskridge,WR,2025,6,REG,2025_06_LAC_MIA,MIA,LAC,0,0,0,0,0,0,0,0,0,0,0,0,0,1,0,0,0,0,16,0.0333333333333333,0.076555023923445,0
00-0036626,D.Brown,Dyami Brown,WR,2025,6,REG,2025_06_SEA_JAX,JAX,SEA,0,0,0,0,0,0,0,1,7,0,0,0,2,5,13,0,0,0,85,0.119047619047619,0.265625,0
00-0036630,T.Wallace,Tylan Wallace,WR,2025,6,REG,2025_06_LA_BAL,BAL,LA,0,0,0,0,0,0,0,0,0,0,0,0,0,0,0,0,0,0,0,0,0,0
00-0036637,N.Gray,Noah Gray,TE,2025,6,REG,2025_06_DET_KC,KC,DET,0,0,0,0,0,0,0,0,0,0,0,0,2,2,25,0,0,0,7,0.0714285714285714,0.0454545454545455,0
00-0036646,S.Fehoko,Simi Fehoko,WR,2025,6,REG,2025_06_ARI_IND,ARI,IND,0,0,0,0,0,0,0,0,0,0,0,0,0,0,0,0,0,0,0,0,0,0
00-0036825,F.Franks,Feleipe Franks,TE,2025,6,REG,2025_06_BUF_ATL,ATL,BUF,0,0,0,0,0,0,0,1,2,0,0,0,0,0,0,0,0,0,0,0,0,0
00-0036842,K.Nwangwu,Kene Nwangwu,RB,2025,6,REG,2025_06_DEN_NYJ,NYJ,DEN,0,0,0,0,0,0,0,0,0,0,0,0,0,0,0,0,0,0,0,0,0,0
00-0036862,B.Skowronek,Ben Skowronek,WR,2025,6,REG,2025_06_CLE_PIT,PIT,CLE,0,0,0,0,0,0,0,0,0,0,0,0,0,0,0,0,0,0,0,0,0,0
00-0036875,R.Stevenson,Rhamondre Stevenson,RB,2025,6,REG,2025_06_NE_NO,NE,NO,0,0,0,0,0,0,0,13,18,0,0,0,0,1,0,0,0,0,3,0.0416666666666667,0.0105633802816901,0
00-0036887,L.Farrell,Luke Farrell,TE,2025,6,REG,2025_06_SF_TB,SF,TB,0,0,0,0,0,0,0,0,0,0,0,0,0,0,0,0,0,0,0,0,0,0
00-0036894,P.Freiermuth,Pat Freiermuth,TE,2025,6,REG,2025_06_CLE_PIT,PIT,CLE,0,0,0,0,0,0,0,0,0,0,0,0,1,1,11,0,0,0,4,0.0344827586206897,0.0179372197309417,0
00-0036900,J.Chase,Ja'Marr Chase,WR,2025,6,REG,2025_06_CIN_GB,CIN,GB,0,0,0,0,0,0,0,1,-3,0,0,0,10,12,94,1,0,0,114,0.3,0.423791821561338,0
00-0036912,D.Smith,DeVonta Smith,WR,2025,6,REG,2025_06_PHI_NYG,PHI,NYG,0,0,0,0,0,0,0,0,0,0,0,0,4,5,49,0,0,0,57,0.15625,0.180379746835443,0
00-0036919,K.Gainwell,Kenny Gainwell,RB,2025,6,REG,2025_06_CLE_PIT,PIT,CLE,0,0,0,0,0,0,0,6,22,0,0,0,6,6,14,0,0,0,-11,0.206896551724138,-0.0493273542600897,0
00-0036924,M.Carter,Michael Carter,RB,2025,6,REG,2025_06_ARI_IND,ARI,IND,0,0,0,0,0,0,0,9,34,0,0,0,2,5,30,0,0,0,44,0.128205128205128,0.112531969309463,0
00-0036945,J.Fields,Justin Fields,QB,2025,6,REG,2025_06_DEN_NYJ,NYJ,DEN,9,17,45,0,0,0,0,7,31,0,0,0,0,0,0,0,0,0,0,0,0,0
00-0036963,A.St. Brown,Amon-Ra St. Brown,WR,2025,6,REG,2025_06_DET_KC,DET,KC,0,0,0,0,0,0,0,1,2,0,0,0,9,10,45,0,0,0,41,0.37037037037037,0.376146788990826,0
00-0036970,K.Pitts,Kyle Pitts,TE,2025,6,REG,2025_06_BUF_ATL,ATL,BUF,0,0,0,0,0,0,0,0,0,0,0,0,3,4,18,0,0,0,4,0.129032258064516,0.0172413793103448,0
00-0036971,T.Lawrence,Trevor Lawrence,QB,2025,6,REG,2025_06_SEA_JAX,JAX,SEA,27,42,258,2,0,0,0,3,9,0,0,0,0,0,0,0,0,0,0,0,0,0
00-0036972,M.Jones,Mac Jones,QB,2025,6,REG,2025_06_SF_TB,SF,TB,27,39,347,0,2,0,0,5,13,0,0,0,0,0,0,0,0,0,0,0,0,0
00-0036973,T.Etienne,Travis Etienne,RB,2025,6,REG,2025_06_SEA_JAX,JAX,SEA,0,0,0,0,0,0,0,12,27,0,0,0,4,5,28,0,0,0,-13,0.119047619047619,-0.040625,0
00-0036980,E.Moore,Elijah Moore,WR,2025,6,REG,2025_06_BUF_ATL,BUF,ATL,0,0,0,0,0,0,0,0,0,0,0,0,0,2,0,0,0,0,29,0.0769230769230769,0.101045296167247,0
00-0036988,J.Palmer,Josh Palmer,WR,2025,6,REG,2025_06_BUF_ATL,BUF,ATL,0,0,0,0,0,0,0,0,0,0,0,0,2,2,60,0,0,0,55,0.0769230769230769,0.191637630662021,0
00-0036997,J.Williams,Javonte Williams,RB,2025,6,REG,2025_06_DAL_CAR,DAL,CAR,0,0,0,0,0,0,0,13,29,0,0,0,5,8,5,0,0,0,0,0.235294117647059,0,0
00-0037004,H.Long,Hunter Long,TE,2025,6,REG,2025_06_SEA_JAX,JAX,SEA,0,0,0,0,0,0,0,0,0,0,0,0,2,3,19,0,0,0,16,0.0714285714285714,0.05,0
00-0037005,T.Tremble,Tommy Tremble,TE,2025,6,REG,2025_06_DAL_CAR,CAR,DAL,0,0,0,0,0,0,0,0,0,0,0,0,4,4,39,0,0,0,7,0.19047619047619,0.0454545454545455,0
00-0037091,B.Melton,Bo Melton,WR,2025,6,REG,2025_06_CIN_GB,GB,CIN,0,0,0,0,0,0,0,1,3,0,0,0,0,0,0,0,0,0,0,0,0,0
00-0037093,D.Young,Dareke Young,WR,2025,6,REG,2025_06_SEA_JAX,SEA,JAX,0,0,0,0,0,0,0,0,0,0,0,0,0,0,0,0,0,0,0,0,0,0
00-0037112,J.Tonges,Jake Tonges,TE,2025,6,REG,2025_06_SF_TB,SF,TB,0,0,0,0,0,0,0,0,0,0,0,0,6,7,58,0,0,0,37,0.189189189189189,0.0978835978835979,0
00-0037157,Z.Knight,Bam Knight,RB,2025,6,REG,2025_06_ARI_IND,ARI,IND,0,0,0,0,0,0,0,11,34,1,0,0,1,2,20,0,0,0,6,0.0512820512820513,0.0153452685421995,0
00-0037197,I.Pacheco,Isiah Pacheco,RB,2025,6,REG,2025_06_DET_KC,KC,DET,0,0,0,0,0,0,0,12,51,0,0,0,1,3,0,0,0,0,3,0.107142857142857,0.0194805194805195,0
00-0037228,J.Warren,Jaylen Warren,RB,2025,6,REG,2025_06_CLE_PIT,PIT,CLE,0,0,0,0,0,0,0,11,52,0,0,0,2,2,11,0,0,0,9,0.0689655172413793,0.0403587443946188,0
00-0037238,D.London,Drake London,WR,2025,6,REG,2025_06_BUF_ATL,ATL,BUF,0,0,0,0,0,0,0,0,0,0,0,0,10,16,158,1,0,0,172,0.516129032258065,0.741379310344828,0
00-0037239,C.Olave,Chris Olave,WR,2025,6,REG,2025_06_NE_NO,NO,NE,0,0,0,0,0,0,0,0,0,0,0,0,6,10,98,0,0,0,123,0.384615384615385,0.556561085972851,0
00-0037240,J.Williams,Jameson Williams,WR,2025,6,REG,2025_06_DET_KC,DET,KC,0,0,0,0,0,0,0,0,0,0,0,0,6,7,66,1,0,0,34,0.259259259259259,0.311926605504587,0
00-0037247,G.Pickens,George Pickens,WR,2025,6,REG,2025_06_DAL_CAR,DAL,CAR,0,0,0,0,0,0,0,0,0,0,0,0,9,11,168,1,0,0,120,0.323529411764706,0.634920634920635,0
00-0037248,J.Cook,James Cook,RB,2025,6,REG,2025_06_BUF_ATL,BUF,ATL,0,0,0,0,0,0,0,17,87,0,0,0,0,0,0,0,0,0,0,0,0,0
00-0037256,R.White,Rachaad White,RB,2025,6,REG,2025_06_SF_TB,TB,SF,0,0,0,0,0,0,0,17,65,1,0,0,3,3,21,0,0,0,-4,0.130434782608696,-0.0167364016736402,0
00-0037261,K.Shakir,Khalil Shakir,WR,2025,6,REG,2025_06_BUF_ATL,BUF,ATL,0,0,0,0,0,0,0,0,0,0,0,0,3,5,33,0,0,0,51,0.192307692307692,0.177700348432056,0
00-0037263,T.Allgeier,Tyler Allgeier,RB,2025,6,REG,2025_06_BUF_ATL,ATL,BUF,0,0,0,0,0,0,0,10,32,1,0,0,1,1,6,0,0,0,-8,0.032258064516129,-0.0344827586206897,0
00-0037267,J.Ford,Jerome Ford,RB,2025,6,REG,2025_06_CLE_PIT,CLE,PIT,0,0,0,0,0,0,0,2,17,0,0,0,5,6,13,0,0,0,-12,0.117647058823529,-0.0382165605095541,0
00-0037348,T.Conner,Tanner Conner,TE,2025,6,REG,2025_06_LAC_MIA,MIA,LAC,0,0,0,0,0,0,0,0,0,0,0,0,1,1,8,0,0,0,7,0.0333333333333333,0.0334928229665072,0
00-0037475,S.Smartt,Stone Smartt,TE,2025,6,REG,2025_06_DEN_NYJ,NYJ,DEN,0,0,0,0,0,0,0,0,0,0,0,0,0,0,0,0,0,0,0,0,0,0
00-0037487,D.Thompkins,Deven Thompkins,WR,2025,6,REG,2025_06_BUF_ATL,ATL,BUF,0,0,0,0,0,0,0,0,0,0,0,0,0,0,0,0,0,0,0,0,0,0
00-0037545,R.Shaheed,Rashid Shaheed,WR,2025,6,REG,2025_06_NE_NO,NO,NE,0,0,0,0,0,0,0,0,0,0,0,0,4,6,28,0,0,0,57,0.230769230769231,0.257918552036199,0
00-0037594,J.Chestnut,Julius Chestnut,RB,2025,6,REG,2025_06_TEN_LV,TEN,LV,0,0,0,0,0,0,0,0,0,0,0,0,0,0,0,0,0,0,0,0,0,0
00-0037617,H.Haskins,Hassan Haskins,RB,2025,6,REG,2025_06_LAC_MIA,LAC,MIA,0,0,0,0,0,0,0,6,14,0,0,0,1,1,9,0,0,0,2,0.0263157894736842,0.00909090909090909,0
00-0037664,A.Pierce,Alec Pierce,WR,2025,6,REG,2025_06_ARI_IND,IND,ARI,0,0,0,0,0,0,0,0,0,0,0,0,2,4,48,0,0,0,85,0.133333333333333,0.416666666666667,0
00-0037666,J.Tolbert,Jalen Tolbert,WR,2025,6,REG,2025_06_DAL_CAR,DAL,CAR,0,0,0,0,0,0,0,0,0,0,0,0,1,1,8,0,0,0,3,0.0294117647058824,0.0158730158730159,0
00-0037740,G.Wilson,Garrett Wilson,WR,2025,6,REG,2025_06_DEN_NYJ,NYJ,DEN,0,0,0,0,0,0,0,0,0,0,0,0,3,8,13,0,0,0,38,0.5,0.404255319148936,0
00-0037741,J.Dotson,Jahan Dotson,WR,2025,6,REG,2025_06_PHI_NYG,PHI,NYG,0,0,0,0,0,0,0,0,0,0,0,0,1,2,17,0,0,0,18,0.0625,0.0569620253164557,0
00-0037744,T.McBride,Trey McBride,TE,2025,6,REG,2025_06_ARI_IND,ARI,IND,0,0,0,0,0,0,0,0,0,0,0,0,8,11,72,1,0,0,89,0.282051282051282,0.227621483375959,0
00-0037746,B.Robinson,Brian Robinson,RB,2025,6,REG,2025_06_SF_TB,SF,TB,0,0,0,0,0,0,0,0,0,0,0,0,3,3,8,0,0,0,2,0.0810810810810811,0.00529100529100529,0
00-0037805,J.Ruckert,Jeremy Ruckert,TE,2025,6,REG,2025_06_DEN_NYJ,NYJ,DEN,0,0,0,0,0,0,0,0,0,0,0,0,0,0,0,0,0,0,0,0,0,0
00-0037809,C.Okonkwo,Chig Okonkwo,TE,2025,6,REG,2025_06_TEN_LV,TEN,LV,0,0,0,0,0,0,0,0,0,0,0,0,6,6,46,0,0,0,7,0.176470588235294,0.0276679841897233,0
00-0037816,R.Doubs,Romeo Doubs,WR,2025,6,REG,2025_06_CIN_GB,GB,CIN,0,0,0,0,0,0,0,0,0,0,0,0,5,9,55,0,0,0,89,0.346153846153846,0.361788617886179,0
00-0037838,I.Likely,Isaiah Likely,TE,2025,6,REG,2025_06_LA_BAL,BAL,LA,0,0,0,0,0,0,0,0,0,0,0,0,2,2,6,0,0,0,8,0.0625,0.036697247706422,0
00-0037840,K.Williams,Kyren Williams,RB,2025,6,REG,2025_06_LA_BAL,LA,BAL,0,0,0,0,0,0,0,13,50,1,0,0,2,2,37,0,0,0,34,0.0769230769230769,0.148471615720524,0
00-0038041,J.Ferguson,Jake Ferguson,TE,2025,6,REG,2025_06_DAL_CAR,DAL,CAR,0,0,0,0,0,0,0,0,0,0,0,0,3,3,33,1,0,0,30,0.0882352941176471,0.158730158730159,0
00-0038046,C.Kolar,Charlie Kolar,TE,2025,6,REG,2025_06_LA_BAL,BAL,LA,0,0,0,0,0,0,0,0,0,0,0,0,0,1,0,0,0,0,-5,0.03125,-0.0229357798165138,0
00-0038090,S.Moore,Skyy Moore,WR,2025,6,REG,2025_06_SF_TB,SF,TB,0,0,0,0,0,0,0,0,0,0,0,0,0,0,0,0,0,0,0,0,0,0
00-0038117,W.Robinson,Wan'Dale Robinson,WR,2025,6,REG,2025_06_PHI_NYG,NYG,PHI,0,0,0,0,0,0,0,0,0,0,0,0,6,7,84,1,0,0,49,0.269230769230769,0.205020920502092,0
00-0038120,B.Hall,Breece Hall,RB,2025,6,REG,2025_06_DEN_NYJ,NYJ,DEN,0,0,0,0,0,0,0,22,59,0,0,0,0,0,0,0,0,0,0,0,0,0
00-0038129,C.Otton,Cade Otton,TE,2025,6,REG,2025_06_SF_TB,TB,SF,0,0,0,0,0,0,0,0,0,0,0,0,5,6,51,0,0,0,25,0.260869565217391,0.104602510460251,0
00-0038134,K.Walker,Kenneth Walker III,RB,2025,6,REG,2025_06_SEA_JAX,SEA,JAX,0,0,0,0,0,0,0,10,34,0,0,0,1,1,3,0,0,0,3,0.0416666666666667,0.00831024930747923,0
00-0038359,X.Smith,Xavier Smith,WR,2025,6,REG,2025_06_LA_BAL,LA,BAL,0,0,0,0,0,0,0,0,0,0,0,0,0,0,0,0,0,0,0,0,0,0
00-0038393,D.Wicks,Dontayvion Wicks,WR,2025,6,REG,2025_06_CIN_GB,GB,CIN,0,0,0,0,0,0,0,0,0,0,0,0,2,2,15,0,0,0,11,0.0769230769230769,0.0447154471544715,0
00-0038454,K.Mitchell,Keaton Mitchell,RB,2025,6,REG,2025_06_LA_BAL,BAL,LA,0,0,0,0,0,0,0,0,0,0,0,0,0,0,0,0,0,0,0,0,0,0
00-0038488,B.Russell,Brady Russell,RB,2025,6,REG,2025_06_SEA_JAX,SEA,JAX,0,0,0,0,0,0,0,0,0,0,0,0,0,0,0,0,0,0,0,0,0,0
00-0038492,J.Brownlee,Jason Brownlee,WR,2025,6,REG,2025_06_DET_KC,KC,DET,0,0,0,0,0,0,0,0,0,0,0,0,0,0,0,0,0,0,0,0,0,0
00-0038519,N.Remigio,Nikko Remigio,WR,2025,6,REG,2025_06_DET_KC,KC,DET,0,0,0,0,0,0,0,0,0,0,0,0,0,0,0,0,0,0,0,0,0,0
00-0038542,B.Robinson,Bijan Robinson,RB,2025,6,REG,2025_06_BUF_ATL,ATL,BUF,0,0,0,0,0,0,0,19,170,1,0,0,6,8,68,0,0,0,23,0.258064516129032,0.0991379310344828,0
00-0038543,J.Smith-Njigba,Jaxon Smith-Njigba,WR,2025,6,REG,2025_06_SEA_JAX,SEA,JAX,0,0,0,0,0,0,0,0,0,0,0,0,8,13,162,1,0,0,176,0.541666666666667,0.487534626038781,0
00-0038547,L.Schoonmaker,Luke Schoonmaker,TE,2025,6,REG,2025_06_DAL_CAR,DAL,CAR,0,0,0,0,0,0,0,0,0,0,0,0,1,2,8,0,0,0,22,0.0588235294117647,0.116402116402116,0
00-0038551,K.Miller,Kendre Miller,RB,2025,6,REG,2025_06_NE_NO,NO,NE,0,0,0,0,0,0,0,8,21,0,0,0,1,1,11,0,0,0,3,0.0384615384615385,0.0135746606334842,0
00-0038555,T.Bigsby,Tank Bigsby,RB,2025,6,REG,2025_06_PHI_NYG,PHI,NYG,0,0,0,0,0,0,0,0,0,0,0,0,0,0,0,0,0,0,0,0,0,0
00-0038558,D.Washington,Darnell Washington,TE,2025,6,REG,2025_06_CLE_PIT,PIT,CLE,0,0,0,0,0,0,0,0,0,0,0,0,3,5,62,0,0,0,41,0.172413793103448,0.183856502242152,0
00-0038559,Mi.Wilson,Michael Wilson,WR,2025,6,REG,2025_06_ARI_IND,ARI,IND,0,0,0,0,0,0,0,0,0,0,0,0,4,5,44,0,0,0,42,0.128205128205128,0.107416879795396,0
00-0038563,T.Tucker,Tre Tucker,WR,2025,6,REG,2025_06_TEN_LV,LV,TEN,0,0,0,0,0,0,0,0,0,0,0,0,5,5,70,0,0,0,13,0.217391304347826,0.224137931034483,0
00-0038564,C.Latu,Cameron Latu,TE,2025,6,REG,2025_06_PHI_NYG,PHI,NYG,0,0,0,0,0,0,0,0,0,0,0,0,0,0,0,0,0,0,0,0,0,0
00-0038576,C.Jones,Charlie Jones,WR,2025,6,REG,2025_06_CIN_GB,CIN,GB,0,0,0,0,0,0,0,0,0,0,0,0,0,0,0,0,0,0,0,0,0,0
00-0038590,J.Shorter,Justin Shorter,TE,2025,6,REG,2025_06_TEN_LV,LV,TEN,0,0,0,0,0,0,0,0,0,0,0,0,0,0,0,0,0,0,0,0,0,0
00-0038597,C.Brown,Chase Brown,RB,2025,6,REG,2025_06_CIN_GB,CIN,GB,0,0,0,0,0,0,0,9,42,0,0,0,2,2,7,0,0,1,-3,0.05,-0.0111524163568773,0
00-0038606,P.Washington,Parker Washington,WR,2025,6,REG,2025_06_SEA_JAX,JAX,SEA,0,0,0,0,0,0,0,0,0,0,0,0,2,4,29,0,0,0,70,0.0952380952380952,0.21875,0
00-0038608,K.Boutte,Kayshon Boutte,WR,2025,6,REG,2025_06_NE_NO,NE,NO,0,0,0,0,0,0,0,0,0,0,0,0,5,5,93,2,0,0,82,0.208333333333333,0.288732394366197,0
00-0038619,A.Iosivas,Andrei Iosivas,WR,2025,6,REG,2025_06_CIN_GB,CIN,GB,0,0,0,0,0,0,0,0,0,0,0,0,1,4,5,0,0,0,13,0.1,0.0483271375464684,0
00-0038621,D.Douglas,DeMario Douglas,WR,2025,6,REG,2025_06_NE_NO,NE,NO,0,0,0,0,0,0,0,0,0,0,0,0,3,4,71,1,0,0,53,0.166666666666667,0.186619718309859,0
00-0038643,B.Willis,Brayden Willis,TE,2025,6,REG,2025_06_SF_TB,SF,TB,0,0,0,0,0,0,0,0,0,0,0,0,0,0,0,0,0,0,0,0,0,0
00-0038679,T.Shavers,Tyrell Shavers,WR,2025,6,REG,2025_06_BUF_ATL,BUF,ATL,0,0,0,0,0,0,0,0,0,0,0,0,3,5,27,0,0,0,66,0.192307692307692,0.229965156794425,0
00-0038685,C.Brooks,Chris Brooks,RB,2025,6,REG,2025_06_CIN_GB,GB,CIN,0,0,0,0,0,0,0,1,1,0,0,0,0,0,0,0,0,0,0,0,0,0
00-0038705,E.Demercado,Emari Demercado,RB,2025,6,REG,2025_06_ARI_IND,ARI,IND,0,0,0,0,0,0,0,1,1,0,0,0,0,1,0,0,0,0,1,0.0256410256410256,0.00255754475703325,0
00-0038710,B.Whiteheart,Blake Whiteheart,TE,2025,6,REG,2025_06_CLE_PIT,CLE,PIT,0,0,0,0,0,0,0,0,0,0,0,0,1,1,0,0,0,0,0,0.0196078431372549,0,0
00-0038720,J.Hill,Julian Hill,TE,2025,6,REG,2025_06_LAC_MIA,MIA,LAC,0,0,0,0,0,0,0,0,0,0,0,0,3,3,31,0,0,0,6,0.1,0.0287081339712919,0
00-0038738,H.Luepke,Hunter Luepke,RB,2025,6,REG,2025_06_DAL_CAR,DAL,CAR,0,0,0,0,0,0,0,0,0,0,0,0,2,2,7,1,0,0,-3,0.0588235294117647,-0.0158730158730159,0
00-0038740,J.Moreno-Cropper,Jalen Moreno-Cropper,WR,2025,6,REG,2025_06_DAL_CAR,DAL,CAR,0,0,0,0,0,0,0,0,0,0,0,0,0,0,0,0,0,0,0,0,0,0
00-0038783,N.Adkins,Nate Adkins,TE,2025,6,REG,2025_06_DEN_NYJ,DEN,NYJ,0,0,0,0,0,0,0,0,0,0,0,0,2,2,23,1,0,0,17,0.0769230769230769,0.111111111111111,0
00-0038794,J.McLaughlin,Jaleel McLaughlin,RB,2025,6,REG,2025_06_DEN_NYJ,DEN,NYJ,0,0,0,0,0,0,0,1,0,0,0,0,0,1,0,0,0,0,-5,0.0384615384615385,-0.0326797385620915,0
00-0038797,E.Wilson,Emanuel Wilson,RB,2025,6,REG,2025_06_CIN_GB,GB,CIN,0,0,0,0,0,0,0,3,11,0,0,0,1,1,-4,0,0,0,-5,0.0384615384615385,-0.0203252032520325,0
00-0038824,R.Miller,Ryan Miller,WR,2025,6,REG,2025_06_SF_TB,TB,SF,0,0,0,0,0,0,0,0,0,0,0,0,0,0,0,0,0,0,0,0,0,0
00-0038938,J.Hyatt,Jalin Hyatt,WR,2025,6,REG,2025_06_PHI_NYG,NYG,PHI,0,0,0,0,0,0,0,0,0,0,0,0,3,5,17,0,0,0,33,0.192307692307692,0.138075313807531,0
00-0038951,S.Tucker,Sean Tucker,RB,2025,6,REG,2025_06_SF_TB,TB,SF,0,0,0,0,0,0,0,6,25,1,0,0,0,0,0,0,0,0,0,0,0,0
00-0038976,M.Mims,Marvin Mims Jr.,WR,2025,6,REG,2025_06_DEN_NYJ,DEN,NYJ,0,0,0,0,0,0,0,1,-2,0,0,0,2,3,30,0,0,0,59,0.115384615384615,0.38562091503268,0
00-0038996,T.Kraft,Tucker Kraft,TE,2025,6,REG,2025_06_CIN_GB,GB,CIN,0,0,0,0,0,0,0,0,0,0,0,0,2,2,43,1,0,0,24,0.0769230769230769,0.0975609756097561,0
00-0038997,J.Downs,Josh Downs,WR,2025,6,REG,2025_06_ARI_IND,IND,ARI,0,0,0,0,0,0,0,0,0,0,0,0,6,7,42,1,0,0,33,0.233333333333333,0.161764705882353,0
00-0039021,R.Johnson,Roschon Johnson,RB,2025,6,REG,2025_06_CHI_WAS,CHI,WAS,0,0,0,0,0,0,0,1,6,0,0,0,0,0,0,0,0,0,0,0,0,0
00-0039032,T.Spears,Tyjae Spears,RB,2025,6,REG,2025_06_TEN_LV,TEN,LV,0,0,0,0,0,0,0,5,31,0,0,0,4,4,19,0,0,0,-13,0.117647058823529,-0.0513833992094862,0
00-0039040,D.Achane,De'Von Achane,RB,2025,6,REG,2025_06_LAC_MIA,MIA,LAC,0,0,0,0,0,0,0,16,128,2,0,0,4,6,22,0,0,0,0,0.2,0,0
00-0039041,E.Higgins,Elijah Higgins,TE,2025,6,REG,2025_06_ARI_IND,ARI,IND,0,0,0,0,0,0,0,0,0,0,0,0,2,2,34,0,0,0,15,0.0512820512820513,0.0383631713554987,0
00-0039064,Z.Flowers,Zay Flowers,WR,2025,6,REG,2025_06_LA_BAL,BAL,LA,0,0,0,0,0,0,0,0,0,0,0,0,6,10,46,0,1,0,85,0.3125,0.389908256880734,0
00-0039065,S.LaPorta,Sam LaPorta,TE,2025,6,REG,2025_06_DET_KC,DET,KC,0,0,0,0,0,0,0,0,0,0,0,0,5,6,55,1,0,0,37,0.222222222222222,0.339449541284404,0
00-0039066,M.Mayer,Michael Mayer,TE,2025,6,REG,2025_06_TEN_LV,LV,TEN,0,0,0,0,0,0,0,0,0,0,0,0,5,7,50,1,0,0,19,0.304347826086957,0.327586206896552,0
00-0039074,D.Allen,Davis Allen,TE,2025,6,REG,2025_06_LA_BAL,LA,BAL,0,0,0,0,0,0,0,0,0,0,0,0,1,2,7,0,0,0,6,0.0769230769230769,0.0262008733624454,0
00-0039075,P.Nacua,Puka Nacua,WR,2025,6,REG,2025_06_LA_BAL,LA,BAL,0,0,0,0,0,0,0,0,0,0,0,0,2,3,28,0,0,0,38,0.115384615384615,0.165938864628821,0
00-0039139,J.Gibbs,Jahmyr Gibbs,RB,2025,6,REG,2025_06_DET_KC,DET,KC,0,0,0,0,0,0,0,17,65,0,0,0,1,2,0,0,0,0,8,0.0740740740740741,0.073394495412844,0
00-0039144,L.Musgrave,Luke Musgrave,TE,2025,6,REG,2025_06_CIN_GB,GB,CIN,0,0,0,0,0,0,0,0,0,0,0,0,1,2,7,0,0,0,34,0.0769230769230769,0.138211382113821,0
00-0039150,B.Young,Bryce Young,QB,2025,6,REG,2025_06_DAL_CAR,CAR,DAL,17,25,199,3,1,0,0,3,5,0,0,0,0,0,0,0,0,0,0,0,0,0
00-0039165,Z.Charbonnet,Zach Charbonnet,RB,2025,6,REG,2025_06_SEA_JAX,SEA,JAX,0,0,0,0,0,0,0,12,24,0,0,0,1,1,13,0,0,0,3,0.0416666666666667,0.00831024930747923,0
00-0039299,G.Holani,George Holani,RB,2025,6,REG,2025_06_SEA_JAX,SEA,JAX,0,0,0,0,0,0,0,0,0,0,0,0,0,0,0,0,0,0,0,0,0,0
00-0039342,X.Legette,Xavier Legette,WR,2025,6,REG,2025_06_DAL_CAR,CAR,DAL,0,0,0,0,0,0,0,0,0,0,0,0,2,2,11,0,0,0,-1,0.0952380952380952,-0.00649350649350649,0
00-0039355,L.McCaffrey,Luke McCaffrey,WR,2025,6,REG,2025_06_CHI_WAS,WAS,CHI,0,0,0,0,0,0,0,0,0,0,0,0,1,1,33,1,0,0,20,0.0416666666666667,0.0943396226415094,0
00-0039376,S.Rattler,Spencer Rattler,QB,2025,6,REG,2025_06_NE_NO,NO,NE,20,26,227,0,0,0,0,4,20,0,0,0,0,0,0,0,0,0,0,0,0,0
00-0039379,J.Thrash,Jamari Thrash,WR,2025,6,REG,2025_06_CLE_PIT,CLE,PIT,0,0,0,0,0,0,0,0,0,0,0,0,2,3,13,0,0,0,9,0.0588235294117647,0.0286624203821656,0
00-0039384,T.Tracy,Tyrone Tracy Jr.,RB,2025,6,REG,2025_06_PHI_NYG,NYG,PHI,0,0,0,0,0,0,0,4,6,0,0,0,0,0,0,0,0,0,0,0,0,0
00-0039391,K.Vidal,Kimani Vidal,RB,2025,6,REG,2025_06_LAC_MIA,LAC,MIA,0,0,0,0,0,0,0,18,124,0,0,0,3,4,14,1,0,0,-5,0.105263157894737,-0.0227272727272727,0
00-0039394,C.Washington,Casey Washington,WR,2025,6,REG,2025_06_BUF_ATL,ATL,BUF,0,0,0,0,0,0,0,0,0,0,0,0,0,2,0,0,0,0,36,0.0645161290322581,0.155172413793103,0
00-0039407,D.Laube,Dylan Laube,RB,2025,6,REG,2025_06_TEN_LV,LV,TEN,0,0,0,0,0,0,0,0,0,0,0,0,0,0,0,0,0,0,0,0,0,0
00-0039410,R.Flournoy,Ryan Flournoy,WR,2025,6,REG,2025_06_DAL_CAR,DAL,CAR,0,0,0,0,0,0,0,1,3,0,0,0,3,6,30,0,0,0,16,0.176470588235294,0.0846560846560847,0
00-0039451,I.Williams,Isaiah Williams,WR,2025,6,REG,2025_06_DEN_NYJ,NYJ,DEN,0,0,0,0,0,0,0,0,0,0,0,0,0,0,0,0,0,0,0,0,0,0
00-0039530,B.Spann-Ford,Brevyn Spann-Ford,TE,2025,6,REG,2025_06_DAL_CAR,DAL,CAR,0,0,0,0,0,0,0,0,0,0,0,0,1,1,2,0,0,0,1,0.0294117647058824,0.00529100529100529,0
00-0039589,K.Johnson,Kameron Johnson,WR,2025,6,REG,2025_06_SF_TB,TB,SF,0,0,0,0,0,0,0,0,0,0,0,0,4,4,64,1,0,0,44,0.173913043478261,0.184100418410042,0
00-0039623,M.Tipton,Mason Tipton,WR,2025,6,REG,2025_06_NE_NO,NO,NE,0,0,0,0,0,0,0,0,0,0,0,0,0,0,0,0,0,0,0,0,0,0
00-0039648,D.Martin-Robinson,David Martin-Robinson,TE,2025,6,REG,2025_06_TEN_LV,TEN,LV,0,0,0,0,0,0,0,0,0,0,0,0,1,1,1,1,0,0,1,0.0294117647058824,0.00395256916996047,0
00-0039686,C.Yankoff,Colson Yankoff,TE,2025,6,REG,2025_06_CHI_WAS,WAS,CHI,0,0,0,0,0,0,0,0,0,0,0,0,0,0,0,0,0,0,0,0,0,0
00-0039732,B.Nix,Bo Nix,QB,2025,6,REG,2025_06_DEN_NYJ,DEN,NYJ,19,30,174,1,0,0,0,5,24,0,0,0,0,0,0,0,0,0,0,0,0,0
00-0039738,B.Corum,Blake Corum,RB,2025,6,REG,2025_06_LA_BAL,LA,BAL,0,0,0,0,0,0,0,5,23,0,0,0,0,0,0,0,0,0,0,0,0,0
00-0039739,R.Wilson,Roman Wilson,WR,2025,6,REG,2025_06_CLE_PIT,PIT,CLE,0,0,0,0,0,0,0,0,0,0,0,0,1,1,12,0,0,0,5,0.0344827586206897,0.0224215246636771,0
00-0039746,W.Shipley,Will Shipley,RB,2025,6,REG,2025_06_PHI_NYG,PHI,NYG,0,0,0,0,0,0,0,0,0,0,0,0,0,0,0,0,0,0,0,0,0,0
00-0039751,J.Whittington,Jordan Whittington,WR,2025,6,REG,2025_06_LA_BAL,LA,BAL,0,0,0,0,0,0,0,0,0,0,0,0,3,4,23,0,0,0,15,0.153846153846154,0.0655021834061135,0
00-0039754,D.Culp,Devin Culp,TE,2025,6,REG,2025_06_SF_TB,TB,SF,0,0,0,0,0,0,0,0,0,0,0,0,0,0,0,0,0,0,0,0,0,0
00-0039793,A.Barner,AJ Barner,TE,2025,6,REG,2025_06_SEA_JAX,SEA,JAX,0,0,0,0,0,0,0,0,0,0,0,0,3,3,71,0,0,0,40,0.125,0.110803324099723,0
00-0039796,R.Ali,Rasheen Ali,RB,2025,6,REG,2025_06_LA_BAL,BAL,LA,0,0,0,0,0,0,0,0,0,0,0,0,0,0,0,0,0,0,0,0,0,0
00-0039798,I.Davis,Isaiah Davis,RB,2025,6,REG,2025_06_DEN_NYJ,NYJ,DEN,0,0,0,0,0,0,0,2,2,0,0,0,1,1,-1,0,0,0,-1,0.0625,-0.0106382978723404,0
00-0039816,A.Gould,Anthony Gould,WR,2025,6,REG,2025_06_ARI_IND,IND,ARI,0,0,0,0,0,0,0,0,0,0,0,0,0,0,0,0,0,0,0,0,0,0
00-0039847,T.Johnson,Theo Johnson,TE,2025,6,REG,2025_06_PHI_NYG,NYG,PHI,0,0,0,0,0,0,0,0,0,0,0,0,2,4,27,0,0,0,39,0.153846153846154,0.163179916317992,0
00-0039849,M.Harrison,Marvin Harrison Jr.,WR,2025,6,REG,2025_06_ARI_IND,ARI,IND,0,0,0,0,0,0,0,0,0,0,0,0,2,2,32,0,0,0,25,0.0512820512820513,0.0639386189258312,0
00-0039851,D.Maye,Drake Maye,QB,2025,6,REG,2025_06_NE_NO,NE,NO,18,26,261,3,0,0,0,9,28,0,0,1,0,0,0,0,0,0,0,0,0,0
00-0039868,T.Franklin,Troy Franklin,WR,2025,6,REG,2025_06_DEN_NYJ,DEN,NYJ,0,0,0,0,0,0,0,1,2,0,0,0,3,4,19,0,1,0,20,0.153846153846154,0.130718954248366,0
00-0039875,R.Davis,Ray Davis,RB,2025,6,REG,2025_06_BUF_ATL,BUF,ATL,0,0,0,0,0,0,0,0,0,0,0,0,2,2,19,1,0,0,2,0.0769230769230769,0.00696864111498258,0
00-0039880,M.Washington,Malik Washington,WR,2025,6,REG,2025_06_LAC_MIA,MIA,LAC,0,0,0,0,0,0,0,1,1,0,0,0,4,5,22,0,0,0,8,0.166666666666667,0.0382775119617225,0
00-0039893,B.Thomas,Brian Thomas Jr.,WR,2025,6,REG,2025_06_SEA_JAX,JAX,SEA,0,0,0,0,0,0,0,0,0,0,0,0,8,10,90,1,0,0,108,0.238095238095238,0.3375,0
00-0039894,X.Worthy,Xavier Worthy,WR,2025,6,REG,2025_06_DET_KC,KC,DET,0,0,0,0,0,0,0,1,6,0,0,0,2,4,20,1,0,0,50,0.142857142857143,0.324675324675325,0
00-0039901,K.Coleman,Keon Coleman,WR,2025,6,REG,2025_06_BUF_ATL,BUF,ATL,0,0,0,0,0,0,0,0,0,0,0,0,3,6,11,0,0,0,48,0.230769230769231,0.167247386759582,0
00-0039910,J.Daniels,Jayden Daniels,QB,2025,6,REG,2025_06_CHI_WAS,WAS,CHI,19,26,211,3,1,0,0,10,52,0,1,0,0,0,0,0,0,0,0,0,0,0
00-0039915,L.McConkey,Ladd McConkey,WR,2025,6,REG,2025_06_LAC_MIA,LAC,MIA,0,0,0,0,0,0,0,0,0,0,0,0,7,9,100,1,0,0,64,0.236842105263158,0.290909090909091,0
00-0039917,M.Penix,Michael Penix Jr.,QB,2025,6,REG,2025_06_BUF_ATL,ATL,BUF,20,32,250,1,0,0,0,2,6,0,0,0,0,0,0,0,0,0,0,0,0,0
00-0039918,C.Williams,Caleb Williams,QB,2025,6,REG,2025_06_CHI_WAS,CHI,WAS,17,29,252,1,0,0,0,4,3,1,0,0,0,0,0,0,0,0,0,0,0,0
00-0039919,R.Odunze,Rome Odunze,WR,2025,6,REG,2025_06_CHI_WAS,CHI,WAS,0,0,0,0,0,0,0,0,0,0,0,0,2,5,32,0,0,0,98,0.172413793103448,0.398373983739837,0
00-0040009,S.Williams,Savion Williams,WR,2025,6,REG,2025_06_CIN_GB,GB,CIN,0,0,0,0,0,0,0,1,3,0,0,0,0,0,0,0,0,0,0,0,0,0
00-0040075,L.Wester,LaJohntay Wester,WR,2025,6,REG,2025_06_LA_BAL,BAL,LA,0,0,0,0,0,0,0,0,0,0,0,0,0,0,0,0,0,0,0,0,0,0
00-0040078,B.Smith,Brashard Smith,RB,2025,6,REG,2025_06_DET_KC,KC,DET,0,0,0,0,0,0,0,0,0,0,0,0,3,4,21,0,0,0,-6,0.142857142857143,-0.038961038961039,0
00-0040122,A.Jeanty,Ashton Jeanty,RB,2025,6,REG,2025_06_TEN_LV,LV,TEN,0,0,0,0,0,0,0,23,75,1,0,0,2,4,11,0,0,0,-13,0.173913043478261,-0.224137931034483,0
00-0040124,T.McMillan,Tetairoa McMillan,WR,2025,6,REG,2025_06_DAL_CAR,CAR,DAL,0,0,0,0,0,0,0,0,0,0,0,0,3,5,29,2,0,0,52,0.238095238095238,0.337662337662338,0
00-0040126,C.Loveland,Colston Loveland,TE,2025,6,REG,2025_06_CHI_WAS,CHI,WAS,0,0,0,0,0,0,0,0,0,0,0,0,2,3,11,0,0,0,17,0.103448275862069,0.0691056910569106,0
00-0040128,T.Warren,Tyler Warren,TE,2025,6,REG,2025_06_ARI_IND,IND,ARI,0,0,0,0,0,0,0,0,0,0,0,0,6,9,63,1,0,0,55,0.3,0.269607843137255,0
00-0040129,E.Egbuka,Emeka Egbuka,WR,2025,6,REG,2025_06_SF_TB,TB,SF,0,0,0,0,0,0,0,0,0,0,0,0,2,4,24,0,0,0,46,0.173913043478261,0.192468619246862,0
00-0040131,K.Williams,Kyle Williams,WR,2025,6,REG,2025_06_NE_NO,NE,NO,0,0,0,0,0,0,0,0,0,0,0,0,0,2,0,0,0,0,37,0.0833333333333333,0.130281690140845,0
00-0040134,P.Bryant,Pat Bryant,WR,2025,6,REG,2025_06_DEN_NYJ,DEN,NYJ,0,0,0,0,0,0,0,0,0,0,0,0,2,2,22,0,0,0,10,0.0769230769230769,0.065359477124183,0
00-0040142,K.Johnson,Kaleb Johnson,RB,2025,6,REG,2025_06_CLE_PIT,PIT,CLE,0,0,0,0,0,0,0,6,15,0,0,0,0,0,0,0,0,0,0,0,0,0
00-0040162,D.Sampson,Dylan Sampson,RB,2025,6,REG,2025_06_CLE_PIT,CLE,PIT,0,0,0,0,0,0,0,3,12,0,0,0,2,2,12,0,0,0,0,0.0392156862745098,0,0
00-0040164,J.Lane,Jaylin Lane,WR,2025,6,REG,2025_06_CHI_WAS,WAS,CHI,0,0,0,0,0,0,0,1,7,0,0,0,1,2,37,0,0,0,31,0.0833333333333333,0.14622641509434,0
00-0040170,E.Ayomanor,Elic Ayomanor,WR,2025,6,REG,2025_06_TEN_LV,TEN,LV,0,0,0,0,0,0,0,0,0,0,0,0,3,5,27,0,0,0,84,0.147058823529412,0.33201581027668,0
00-0040184,K.Lambert-Smith,KeAndre Lambert-Smith,WR,2025,6,REG,2025_06_LAC_MIA,LAC,MIA,0,0,0,0,0,0,0,0,0,0,0,0,1,2,1,0,0,0,17,0.0526315789473684,0.0772727272727273,0
00-0040187,M.Evans,Mitchell Evans,TE,2025,6,REG,2025_06_DAL_CAR,CAR,DAL,0,0,0,0,0,0,0,0,0,0,0,0,1,1,21,0,0,0,17,0.0476190476190476,0.11038961038961,0
00-0040189,O.Gadsden,Oronde Gadsden II,TE,2025,6,REG,2025_06_LAC_MIA,LAC,MIA,0,0,0,0,0,0,0,0,0,0,0,0,7,8,68,0,1,0,43,0.210526315789474,0.195454545454545,0
00-0040198,O.Gordon,Ollie Gordon II,RB,2025,6,REG,2025_06_LAC_MIA,MIA,LAC,0,0,0,0,0,0,0,2,1,0,0,0,1,1,1,0,0,0,-3,0.0333333333333333,-0.0143540669856459,0
00-0040218,Ji.Horn,Jimmy Horn Jr.,WR,2025,6,REG,2025_06_DAL_CAR,CAR,DAL,0,0,0,0,0,0,0,1,11,0,0,0,2,2,36,0,0,0,23,0.0952380952380952,0.149350649350649,0
00-0040236,K.Monangai,Kyle Monangai,RB,2025,6,REG,2025_06_CHI_WAS,CHI,WAS,0,0,0,0,0,0,0,5,19,0,0,0,1,1,25,0,0,0,-4,0.0344827586206897,-0.016260162601626,0
00-0040237,T.Johnson,Tez Johnson,WR,2025,6,REG,2025_06_SF_TB,TB,SF,0,0,0,0,0,0,0,0,0,0,0,0,1,3,45,1,0,0,87,0.130434782608696,0.364016736401674,0
00-0040238,L.Allen,LeQuint Allen Jr.,RB,2025,6,REG,2025_06_SEA_JAX,JAX,SEA,0,0,0,0,0,0,0,1,2,0,0,0,1,2,10,0,0,0,-4,0.0476190476190476,-0.0125,0
00-0040241,D.Lovett,Dominic Lovett,WR,2025,6,REG,2025_06_DET_KC,DET,KC,0,0,0,0,0,0,0,0,0,0,0,0,0,0,0,0,0,0,0,0,0,0
00-0040242,J.Croskey-Merritt,Jacory Croskey-Merritt,RB,2025,6,REG,2025_06_CHI_WAS,WAS,CHI,0,0,0,0,0,0,0,17,61,0,1,0,1,1,7,0,0,0,5,0.0416666666666667,0.0235849056603774,0
00-0040259,G.Larvadain,Gage Larvadain,WR,2025,6,REG,2025_06_CLE_PIT,CLE,PIT,0,0,0,0,0,0,0,0,0,0,0,0,2,4,22,0,0,0,24,0.0784313725490196,0.0764331210191083,0
00-0040534,K.Williams,Ke'Shawn Williams,WR,2025,6,REG,2025_06_CLE_PIT,PIT,CLE,0,0,0,0,0,0,0,0,0,0,0,0,0,0,0,0,0,0,0,0,0,0
00-0040563,E.Chism,Efton Chism III,WR,2025,6,REG,2025_06_NE_NO,NE,NO,0,0,0,0,0,0,0,0,0,0,0,0,0,0,0,0,0,0,0,0,0,0
00-0040582,A.Smith,Arian Smith,WR,2025,6,REG,2025_06_DEN_NYJ,NYJ,DEN,0,0,0,0,0,0,0,0,0,0,0,0,0,1,0,0,0,0,26,0.0625,0.276595744680851,0
00-0040584,G.Helm,Gunnar Helm,TE,2025,6,REG,2025_06_TEN_LV,TEN,LV,0,0,0,0,0,0,0,0,0,0,0,0,2,3,15,0,0,0,19,0.0882352941176471,0.075098814229249,0
00-0040586,J.Blue,Jaydon Blue,RB,2025,6,REG,2025_06_DAL_CAR,DAL,CAR,0,0,0,0,0,0,0,3,0,0,0,0,0,0,0,0,0,0,0,0,0,0
00-0040590,K.Mumpfield,Konata Mumpfield,WR,2025,6,REG,2025_06_LA_BAL,LA,BAL,0,0,0,0,0,0,0,0,0,0,0,0,1,2,7,0,0,0,16,0.0769230769230769,0.0698689956331878,0
00-0040644,T.Etienne,Trevor Etienne,RB,2025,6,REG,2025_06_DAL_CAR,CAR,DAL,0,0,0,0,0,0,0,3,17,0,0,0,0,0,0,0,0,0,0,0,0,0
00-0040648,T.Horton,Tory Horton,WR,2025,6,REG,2025_06_SEA_JAX,SEA,JAX,0,0,0,0,0,0,0,0,0,0,0,0,0,1,0,0,0,0,41,0.0416666666666667,0.113573407202216,0
00-0040663,H.Fannin,Harold Fannin Jr.,TE,2025,6,REG,2025_06_CLE_PIT,CLE,PIT,0,0,0,0,0,0,0,0,0,0,0,0,7,10,81,0,0,0,70,0.196078431372549,0.222929936305732,0
00-0040667,M.Golden,Matthew Golden,WR,2025,6,REG,2025_06_CIN_GB,GB,CIN,0,0,0,0,0,0,0,2,16,0,0,0,3,5,86,0,0,0,88,0.192307692307692,0.357723577235772,0
00-0040676,C.Ward,Cam Ward,QB,2025,6,REG,2025_06_TEN_LV,TEN,LV,26,38,222,1,1,2,0,0,0,0,0,0,0,0,0,0,0,0,0,0,0,0
00-0040691,J.Dart,Jaxson Dart,QB,2025,6,REG,2025_06_PHI_NYG,NYG,PHI,17,25,195,1,0,0,0,13,58,1,0,0,0,0,0,0,0,0,0,0,0,0
00-0040704,D.Gabriel,Dillon Gabriel,QB,2025,6,REG,2025_06_CLE_PIT,CLE,PIT,29,52,221,0,0,0,0,0,0,0,0,0,0,0,0,0,0,0,0,0,0,0
00-0040705,C.Dike,Chimere Dike,WR,2025,6,REG,2025_06_TEN_LV,TEN,LV,0,0,0,0,0,0,0,0,0,0,0,0,2,3,8,0,0,0,2,0.0882352941176471,0.00790513833992095,0
00-0040715,C.Skattebo,Cam Skattebo,RB,2025,6,REG,2025_06_PHI_NYG,NYG,PHI,0,0,0,0,0,0,0,19,98,3,0,0,2,2,12,0,0,0,0,0.0769230769230769,0,0
00-0040719,B.Tuten,Bhayshul Tuten,RB,2025,6,REG,2025_06_SEA_JAX,JAX,SEA,0,0,0,0,0,0,0,2,14,0,0,0,2,3,14,0,0,0,6,0.0714285714285714,0.01875,0
00-0040727,T.Harris,Tre Harris,WR,2025,6,REG,2025_06_LAC_MIA,LAC,MIA,0,0,0,0,0,0,0,0,0,0,0,0,4,5,27,0,0,0,33,0.131578947368421,0.15,0
00-0040729,J.Bech,Jack Bech,WR,2025,6,REG,2025_06_TEN_LV,LV,TEN,0,0,0,0,0,0,0,0,0,0,0,0,0,1,0,0,0,0,0,0.0434782608695652,0,0
00-0040730,R.Harvey,RJ Harvey,RB,2025,6,REG,2025_06_DEN_NYJ,DEN,NYJ,0,0,0,0,0,0,0,2,4,0,0,0,4,4,21,0,0,0,-13,0.153846153846154,-0.0849673202614379,0
00-0040734,T.Henderson,TreVeyon Henderson,RB,2025,6,REG,2025_06_NE_NO,NE,NO,0,0,0,0,0,0,0,9,27,0,0,0,1,2,9,0,0,0,-4,0.0833333333333333,-0.0140845070422535,0
00-0040735,L.Burden,Luther Burden III,WR,2025,6,REG,2025_06_CHI_WAS,CHI,WAS,0,0,0,0,0,0,0,0,0,0,0,0,4,4,51,0,0,0,15,0.137931034482759,0.0609756097560976,0
00-0040736,M.Taylor,Mason Taylor,TE,2025,6,REG,2025_06_DEN_NYJ,NYJ,DEN,0,0,0,0,0,0,0,0,0,0,0,0,1,1,2,0,0,0,2,0.0625,0.0212765957446809,0
00-0040737,T.Ferguson,Terrance Ferguson,TE,2025,6,REG,2025_06_LA_BAL,LA,BAL,0,0,0,0,0,0,0,1,0,0,0,0,0,0,0,0,0,0,0,0,0,0
00-0040739,E.Arroyo,Elijah Arroyo,TE,2025,6,REG,2025_06_SEA_JAX,SEA,JAX,0,0,0,0,0,0,0,0,0,0,0,0,1,2,6,0,0,0,21,0.0833333333333333,0.0581717451523546,0
00-0040782,I.Bond,Isaiah Bond,WR,2025,6,REG,2025_06_CLE_PIT,CLE,PIT,0,0,0,0,0,0,0,0,0,0,0,0,2,5,9,0,0,0,37,0.0980392156862745,0.117834394904459,0
00-0040784,Q.Judkins,Quinshon Judkins,RB,2025,6,REG,2025_06_CLE_PIT,CLE,PIT,0,0,0,0,0,0,0,12,36,0,0,0,0,1,0,0,0,0,0,0.0196078431372549,0,0
00-0023459,A.Rodgers,Aaron Rodgers,QB,2025,7,REG,2025_07_PIT_CIN,PIT,CIN,23,34,249,4,2,0,0,1,6,0,0,0,0,0,0,0,0,0,0,0,0,0
00-0026158,J.Flacco,Joe Flacco,QB,2025,7,REG,2025_07_PIT_CIN,CIN,PIT,31,47,342,3,0,0,0,5,3,0,0,0,0,0,0,0,0,0,0,0,0,0
00-0026498,M.Stafford,Matthew Stafford,QB,2025,7,REG,2025_07_LA_JAX,LA,JAX,21,33,182,5,0,0,0,2,1,0,0,0,0,0,0,0,0,0,0,0,0,0
00-0027973,A.Dalton,Andy Dalton,QB,2025,7,REG,2025_07_CAR_NYJ,CAR,NYJ,4,7,60,0,0,0,0,2,-2,0,0,0,0,0,0,0,0,0,0,0,0,0
00-0028118,T.Taylor,Tyrod Taylor,QB,2025,7,REG,2025_07_CAR_NYJ,NYJ,CAR,10,22,126,0,2,0,0,3,11,0,0,0,0,0,0,0,0,0,0,0,0,0
00-0030035,A.Thielen,Adam Thielen,WR,2025,7,REG,2025_07_PHI_MIN,MIN,PHI,0,0,0,0,0,0,0,0,0,0,0,0,1,2,10,0,0,0,12,0.05,0.0285035629453682,0
00-0030061,Z.Ertz,Zach Ertz,TE,2025,7,REG,2025_07_WAS_DAL,WAS,DAL,0,0,0,0,0,0,0,0,0,0,0,0,3,7,37,1,0,0,78,0.225806451612903,0.246835443037975,0
00-0030279,K.Allen,Keenan Allen,WR,2025,7,REG,2025_07_IND_LAC,LAC,IND,0,0,0,0,0,0,0,0,0,0,0,0,11,14,119,1,0,0,129,0.259259259259259,0.286031042128603,0
00-0030506,T.Kelce,Travis Kelce,TE,2025,7,REG,2025_07_LV_KC,KC,LV,0,0,0,0,0,0,0,0,0,0,0,0,3,3,54,0,0,0,22,0.0882352941176471,0.106280193236715,0
00-0030565,G.Smith,Geno Smith,QB,2025,7,REG,2025_07_LV_KC,LV,KC,10,16,67,0,0,0,0,2,1,0,0,0,0,0,0,0,0,0,0,0,0,0
00-0031236,B.Cooks,Brandin Cooks,WR,2025,7,REG,2025_07_NO_CHI,NO,CHI,0,0,0,0,0,0,0,0,0,0,0,0,1,1,3,0,0,0,3,0.032258064516129,0.0077720207253886,0
00-0031237,T.Bridgewater,Teddy Bridgewater,QB,2025,7,REG,2025_07_TB_DET,TB,DET,0,0,0,0,0,0,0,1,-1,0,0,0,0,0,0,0,0,0,0,0,0,0
00-0031345,J.Garoppolo,Jimmy Garoppolo,QB,2025,7,REG,2025_07_LA_JAX,LA,JAX,0,0,0,0,0,0,0,3,-3,0,0,0,0,0,0,0,0,0,0,0,0,0
00-0031381,D.Adams,Davante Adams,WR,2025,7,REG,2025_07_LA_JAX,LA,JAX,0,0,0,0,0,0,0,0,0,0,0,0,5,8,35,3,0,0,91,0.242424242424242,0.25068870523416,0
00-0031408,M.Evans,Mike Evans,WR,2025,7,REG,2025_07_TB_DET,TB,DET,0,0,0,0,0,0,0,0,0,0,0,0,0,4,0,0,0,0,97,0.08,0.202928870292887,0
00-0031588,S.Diggs,Stefon Diggs,WR,2025,7,REG,2025_07_NE_TEN,NE,TEN,0,0,0,0,0,0,0,0,0,0,0,0,7,7,69,0,0,0,49,0.291666666666667,0.248730964467005,0
00-0031610,D.Waller,Darren Waller,TE,2025,7,REG,2025_07_MIA_CLE,MIA,CLE,0,0,0,0,0,0,0,0,0,0,0,0,0,0,0,0,0,0,0,0,0,0
00-0031687,R.Mostert,Raheem Mostert,RB,2025,7,REG,2025_07_LV_KC,LV,KC,0,0,0,0,0,0,0,0,0,0,0,0,1,1,2,0,0,0,1,0.0588235294117647,0.0196078431372549,0
00-0032104,A.Abdullah,Ameer Abdullah,RB,2025,7,REG,2025_07_IND_LAC,IND,LAC,0,0,0,0,0,0,0,2,19,0,0,0,1,1,8,0,0,0,5,0.03125,0.0149700598802395,0
00-0032211,T.Lockett,Tyler Lockett,WR,2025,7,REG,2025_07_NE_TEN,TEN,NE,0,0,0,0,0,0,0,0,0,0,0,0,2,2,18,0,0,0,8,0.0625,0.0353982300884956,0
00-0032268,M.Mariota,Marcus Mariota,QB,2025,7,REG,2025_07_WAS_DAL,WAS,DAL,4,10,63,0,1,0,0,2,34,0,0,0,0,0,0,0,0,0,0,0,0,0
00-0032385,S.Shepard,Sterling Shepard,WR,2025,7,REG,2025_07_TB_DET,TB,DET,0,0,0,0,0,0,0,0,0,0,0,0,7,7,25,0,1,0,20,0.14,0.0418410041841004,0
00-0032392,A.Hooper,Austin Hooper,TE,2025,7,REG,2025_07_NE_TEN,NE,TEN,0,0,0,0,0,0,0,0,0,0,0,0,2,2,11,1,0,0,10,0.0833333333333333,0.050761421319797,0
00-0032398,C.Moore,Chris Moore,WR,2025,7,REG,2025_07_WAS_DAL,WAS,DAL,0,0,0,0,0,0,0,0,0,0,0,0,2,5,59,0,0,0,73,0.161290322580645,0.231012658227848,0
00-0032464,K.Raymond,Kalif Raymond,WR,2025,7,REG,2025_07_TB_DET,DET,TB,0,0,0,0,0,0,0,0,0,0,0,0,3,3,17,0,0,0,5,0.107142857142857,0.0318471337579618,0
00-0032688,R.Chosen,Robbie Chosen,WR,2025,7,REG,2025_07_WAS_DAL,WAS,DAL,0,0,0,0,0,0,0,0,0,0,0,0,4,4,36,0,0,0,31,0.129032258064516,0.0981012658227848,0
00-0032775,D.Robinson,Demarcus Robinson,WR,2025,7,REG,2025_07_ATL_SF,SF,ATL,0,0,0,0,0,0,0,0,0,0,0,0,0,1,0,0,0,0,40,0.0416666666666667,0.303030303030303,0
00-0032950,C.Wentz,Carson Wentz,QB,2025,7,REG,2025_07_PHI_MIN,MIN,PHI,26,42,313,0,2,0,0,4,28,0,0,0,0,0,0,0,0,0,0,0,0,0
00-0032951,L.Treadwell,Laquon Treadwell,WR,2025,7,REG,2025_07_IND_LAC,IND,LAC,0,0,0,0,0,0,0,0,0,0,0,0,0,0,0,0,0,0,0,0,0,0
00-0033077,D.Prescott,Dak Prescott,QB,2025,7,REG,2025_07_WAS_DAL,DAL,WAS,21,30,264,3,0,0,0,5,7,0,0,0,0,0,0,0,0,0,0,0,0,0
00-0033090,H.Henry,Hunter Henry,TE,2025,7,REG,2025_07_NE_TEN,NE,TEN,0,0,0,0,0,0,0,0,0,0,0,0,4,5,33,0,0,0,24,0.208333333333333,0.121827411167513,0
00-0033106,J.Goff,Jared Goff,QB,2025,7,REG,2025_07_TB_DET,DET,TB,20,29,241,1,1,1,0,2,7,0,0,0,0,0,0,0,0,0,0,0,0,0
00-0033110,T.Higbee,Tyler Higbee,TE,2025,7,REG,2025_07_LA_JAX,LA,JAX,0,0,0,0,0,0,0,0,0,0,0,0,3,6,19,0,0,0,44,0.181818181818182,0.121212121212121,0
00-0033119,J.Brissett,Jacoby Brissett,QB,2025,7,REG,2025_07_GB_ARI,ARI,GB,25,36,279,2,0,1,0,6,26,0,0,0,0,0,0,0,0,0,0,0,0,0
00-0033217,M.Alie-Cox,Mo Alie-Cox,TE,2025,7,REG,2025_07_IND_LAC,IND,LAC,0,0,0,0,0,0,0,0,0,0,0,0,1,2,6,0,0,0,0,0.0625,0,0
00-0033246,J.Mundt,Johnny Mundt,TE,2025,7,REG,2025_07_LA_JAX,JAX,LA,0,0,0,0,0,0,0,0,0,0,0,0,1,4,9,0,0,0,23,0.0851063829787234,0.0440613026819923,0
00-0033280,C.McCaffrey,Christian McCaffrey,RB,2025,7,REG,2025_07_ATL_SF,SF,ATL,0,0,0,0,0,0,0,24,129,2,0,0,7,8,72,0,0,0,12,0.333333333333333,0.0909090909090909,0
00-0033288,G.Kittle,George Kittle,TE,2025,7,REG,2025_07_ATL_SF,SF,ATL,0,0,0,0,0,0,0,0,0,0,0,0,0,2,0,0,0,0,17,0.0833333333333333,0.128787878787879,0
00-0033307,K.Bourne,Kendrick Bourne,WR,2025,7,REG,2025_07_ATL_SF,SF,ATL,0,0,0,0,0,0,0,0,0,0,0,0,2,2,14,0,0,0,14,0.0833333333333333,0.106060606060606,0
00-0033357,T.Hill,Taysom Hill,TE,2025,7,REG,2025_07_NO_CHI,NO,CHI,0,0,0,0,0,0,0,2,-4,0,0,0,2,2,12,0,0,0,9,0.0645161290322581,0.0233160621761658,0
00-0033375,T.Patrick,Tim Patrick,WR,2025,7,REG,2025_07_LA_JAX,JAX,LA,0,0,0,0,0,0,0,0,0,0,0,0,1,1,22,0,0,0,18,0.0212765957446809,0.0344827586206897,0
00-0033526,S.Perine,Samaje Perine,RB,2025,7,REG,2025_07_PIT_CIN,CIN,PIT,0,0,0,0,0,0,0,7,31,0,0,0,0,0,0,0,0,0,0,0,0,0
00-0033555,M.Hollins,Mack Hollins,WR,2025,7,REG,2025_07_NE_TEN,NE,TEN,0,0,0,0,0,0,0,1,4,0,0,0,2,2,49,0,0,0,32,0.0833333333333333,0.16243654822335,0
00-0033572,J.Agnew,Jamal Agnew,WR,2025,7,REG,2025_07_ATL_SF,ATL,SF,0,0,0,0,0,0,0,0,0,0,0,0,0,0,0,0,0,0,0,0,0,0
00-0033854,D.Ogunbowale,Dare Ogunbowale,RB,2025,7,REG,2025_07_HOU_SEA,HOU,SEA,0,0,0,0,0,0,0,0,0,0,0,0,0,1,0,0,0,0,4,0.0217391304347826,0.00943396226415094,0
00-0033857,J.Smith-Schuster,JuJu Smith-Schuster,WR,2025,7,REG,2025_07_LV_KC,KC,LV,0,0,0,0,0,0,0,0,0,0,0,0,3,3,35,0,0,0,25,0.0882352941176471,0.120772946859903,0
00-0033858,J.Smith,Jonnu Smith,TE,2025,7,REG,2025_07_PIT_CIN,PIT,CIN,0,0,0,0,0,0,0,0,0,0,0,0,3,6,28,1,0,0,59,0.181818181818182,0.190938511326861,0
00-0033873,P.Mahomes,Patrick Mahomes,QB,2025,7,REG,2025_07_LV_KC,KC,LV,26,35,286,3,0,0,0,4,28,0,0,0,0,0,0,0,0,0,0,0,0,0
00-0033881,E.Engram,Evan Engram,TE,2025,7,REG,2025_07_NYG_DEN,DEN,NYG,0,0,0,0,0,0,0,0,0,0,0,0,5,8,42,0,0,0,1,0.163265306122449,0.00254452926208651,0
00-0033891,Z.Jones,Zay Jones,WR,2025,7,REG,2025_07_GB_ARI,ARI,GB,0,0,0,0,0,0,0,0,0,0,0,0,2,2,67,0,0,0,56,0.0588235294117647,0.17948717948718,0
00-0033906,A.Kamara,Alvin Kamara,RB,2025,7,REG,2025_07_NO_CHI,NO,CHI,0,0,0,0,0,0,0,11,28,0,0,0,3,3,1,0,0,0,1,0.0967741935483871,0.00259067357512953,0
00-0033908,C.Kupp,Cooper Kupp,WR,2025,7,REG,2025_07_HOU_SEA,SEA,HOU,0,1,0,0,1,0,0,0,0,0,0,0,1,1,32,0,0,0,18,0.0344827586206897,0.0642857142857143,0
00-0033923,K.Hunt,Kareem Hunt,RB,2025,7,REG,2025_07_LV_KC,KC,LV,0,0,0,0,0,0,0,4,18,0,0,0,0,0,0,0,0,0,0,0,0,0
00-0033943,J.Reynolds,Josh Reynolds,WR,2025,7,REG,2025_07_CAR_NYJ,NYJ,CAR,0,0,0,0,0,0,0,0,0,0,0,0,3,9,29,0,0,0,166,0.290322580645161,0.452316076294278,0
00-0033949,J.Dobbs,Joshua Dobbs,QB,2025,7,REG,2025_07_NE_TEN,NE,TEN,1,1,12,0,0,0,0,2,-2,0,0,0,0,0,0,0,0,0,0,0,0,0
00-0033955,J.McNichols,Jeremy McNichols,RB,2025,7,REG,2025_07_WAS_DAL,WAS,DAL,0,0,0,0,0,0,0,2,22,0,0,0,2,3,23,0,0,0,1,0.0967741935483871,0.00316455696202532,0
00-0034159,W.Dissly,Will Dissly,TE,2025,7,REG,2025_07_IND_LAC,LAC,IND,0,0,0,0,0,0,0,0,0,0,0,0,0,1,0,0,0,0,9,0.0185185185185185,0.0199556541019956,0
00-0034348,C.Sutton,Courtland Sutton,WR,2025,7,REG,2025_07_NYG_DEN,DEN,NYG,0,0,0,0,0,0,0,0,0,0,0,0,6,10,87,0,0,1,107,0.204081632653061,0.272264631043257,0
00-0034351,D.Goedert,Dallas Goedert,TE,2025,7,REG,2025_07_PHI_MIN,PHI,MIN,0,0,0,0,0,0,0,0,0,0,0,0,3,3,18,0,0,0,13,0.130434782608696,0.045774647887324,0
00-0034367,N.Miller-Hines,Nyheim Hines,RB,2025,7,REG,2025_07_IND_LAC,LAC,IND,0,0,0,0,0,0,0,0,0,0,0,0,0,0,0,0,0,0,0,0,0,0
00-0034383,D.Schultz,Dalton Schultz,TE,2025,7,REG,2025_07_HOU_SEA,HOU,SEA,0,0,0,0,0,0,0,0,0,0,0,0,9,10,98,0,0,0,33,0.217391304347826,0.0778301886792453,0
00-0034419,B.Berrios,Braxton Berrios,WR,2025,7,REG,2025_07_HOU_SEA,HOU,SEA,0,0,0,0,0,0,0,0,0,0,0,0,1,3,-1,0,0,0,-2,0.0652173913043478,-0.00471698113207547,0
00-0034521,A.Lazard,Allen Lazard,WR,2025,7,REG,2025_07_CAR_NYJ,NYJ,CAR,0,0,0,0,0,0,0,0,0,0,0,0,2,3,16,0,0,0,37,0.0967741935483871,0.100817438692098,0
00-0034791,N.Chubb,Nick Chubb,RB,2025,7,REG,2025_07_HOU_SEA,HOU,SEA,0,0,0,0,0,0,0,5,16,0,0,0,1,3,-5,0,0,0,2,0.0652173913043478,0.00471698113207547,0
00-0034827,D.Moore,DJ Moore,WR,2025,7,REG,2025_07_NO_CHI,CHI,NO,0,0,0,0,0,0,0,1,9,0,0,0,3,5,43,0,0,0,32,0.2,0.145454545454545,0
00-0034844,S.Barkley,Saquon Barkley,RB,2025,7,REG,2025_07_PHI_MIN,PHI,MIN,0,0,0,0,0,0,0,18,44,0,0,0,1,1,-2,0,0,0,-4,0.0434782608695652,-0.0140845070422535,0
00-0034854,K.Hodge,KhaDarel Hodge,WR,2025,7,REG,2025_07_ATL_SF,ATL,SF,0,0,0,0,0,0,0,0,0,0,0,0,0,0,0,0,0,0,0,0,0,0
00-0034855,B.Mayfield,Baker Mayfield,QB,2025,7,REG,2025_07_TB_DET,TB,DET,28,50,228,1,1,0,0,0,0,0,0,0,0,0,0,0,0,0,0,0,0,0
00-0034867,M.Turner,Malik Turner,WR,2025,7,REG,2025_07_ATL_SF,SF,ATL,0,0,0,0,0,0,0,0,0,0,0,0,0,0,0,0,0,0,0,0,0,0
00-0034869,S.Darnold,Sam Darnold,QB,2025,7,REG,2025_07_HOU_SEA,SEA,HOU,17,31,213,1,1,1,0,3,1,0,0,0,0,0,0,0,0,0,0,0,0,0
00-0035208,O.Zaccheaus,Olamide Zaccheaus,WR,2025,7,REG,2025_07_NO_CHI,CHI,NO,0,0,0,0,0,0,0,1,0,0,0,0,2,3,9,0,0,0,14,0.12,0.0636363636363636,0
00-0035229,T.Hockenson,T.J. Hockenson,TE,2025,7,REG,2025_07_PHI_MIN,MIN,PHI,0,0,0,0,0,0,0,0,0,0,0,0,6,9,43,0,0,0,34,0.225,0.0807600950118765,0
00-0035249,J.Oliver,Josh Oliver,TE,2025,7,REG,2025_07_PHI_MIN,MIN,PHI,0,0,0,0,0,0,0,0,0,0,0,0,1,1,9,0,0,0,3,0.025,0.00712589073634204,0
00-0035250,D.Singletary,Devin Singletary,RB,2025,7,REG,2025_07_NYG_DEN,NYG,DEN,0,0,0,0,0,0,0,2,2,0,0,0,0,0,0,0,0,0,0,0,0,0
00-0035261,T.Pollard,Tony Pollard,RB,2025,7,REG,2025_07_NE_TEN,TEN,NE,0,0,0,0,0,0,0,6,18,0,0,0,6,6,43,0,0,0,8,0.1875,0.0353982300884956,0
00-0035289,G.Minshew,Gardner Minshew,QB,2025,7,REG,2025_07_LV_KC,KC,LV,0,0,0,0,0,0,0,3,-3,0,0,0,0,0,0,0,0,0,0,0,0,0
00-0035298,S.Miller,Scott Miller,WR,2025,7,REG,2025_07_PIT_CIN,PIT,CIN,0,0,0,0,0,0,0,0,0,0,0,0,1,1,9,0,0,0,-1,0.0303030303030303,-0.00323624595469256,0
00-0035406,L.Humphrey,Lil'Jordan Humphrey,WR,2025,7,REG,2025_07_NYG_DEN,NYG,DEN,0,0,0,0,0,0,0,0,0,0,0,0,0,2,0,0,0,0,28,0.0606060606060606,0.0818713450292398,0
00-0035500,G.Dortch,Greg Dortch,WR,2025,7,REG,2025_07_GB_ARI,ARI,GB,0,0,0,0,0,0,0,0,0,0,0,0,2,2,5,0,0,0,-6,0.0588235294117647,-0.0192307692307692,0
00-0035594,T.Homer,Travis Homer,RB,2025,7,REG,2025_07_NO_CHI,CHI,NO,0,0,0,0,0,0,0,0,0,0,0,0,0,0,0,0,0,0,0,0,0,0
00-0035602,A.Bachman,Alex Bachman,WR,2025,7,REG,2025_07_LV_KC,LV,KC,0,0,0,0,0,0,0,0,0,0,0,0,0,0,0,0,0,0,0,0,0,0
00-0035628,D.Johnson,D'Ernest Johnson,RB,2025,7,REG,2025_07_GB_ARI,ARI,GB,0,0,0,0,0,0,0,1,0,0,0,0,0,0,0,0,0,0,0,0,0,0
00-0035631,D.Sample,Drew Sample,TE,2025,7,REG,2025_07_PIT_CIN,CIN,PIT,0,0,0,0,0,0,0,0,0,0,0,0,0,0,0,0,0,0,0,0,0,0
00-0035640,D.Metcalf,DK Metcalf,WR,2025,7,REG,2025_07_PIT_CIN,PIT,CIN,0,0,0,0,0,0,0,0,0,0,0,0,3,5,50,0,0,0,93,0.151515151515152,0.300970873786408,0
00-0035644,N.Fant,Noah Fant,TE,2025,7,REG,2025_07_PIT_CIN,CIN,PIT,0,0,0,0,0,0,0,0,0,0,0,0,4,4,44,1,0,0,13,0.0888888888888889,0.0385756676557864,0
00-0035645,G.Olszewski,Gunner Olszewski,WR,2025,7,REG,2025_07_NYG_DEN,NYG,DEN,0,0,0,0,0,0,0,0,0,0,0,0,0,0,0,0,0,0,0,0,0,0
00-0035662,M.Brown,Marquise Brown,WR,2025,7,REG,2025_07_LV_KC,KC,LV,0,0,0,0,0,0,0,0,0,0,0,0,2,4,14,1,0,0,38,0.117647058823529,0.183574879227053,0
00-0035676,A.Brown,A.J. Brown,WR,2025,7,REG,2025_07_PHI_MIN,PHI,MIN,0,0,0,0,0,0,0,0,0,0,0,0,4,6,121,2,0,0,109,0.260869565217391,0.383802816901408,0
00-0035685,D.Montgomery,David Montgomery,RB,2025,7,REG,2025_07_TB_DET,DET,TB,0,0,0,0,0,0,0,13,21,0,0,0,2,3,18,0,0,0,-10,0.107142857142857,-0.0636942675159236,0
00-0035700,J.Jacobs,Josh Jacobs,RB,2025,7,REG,2025_07_GB_ARI,GB,ARI,0,0,0,0,0,0,0,13,55,2,0,0,1,1,3,0,0,0,0,0.0357142857142857,0,0
00-0035710,D.Jones,Daniel Jones,QB,2025,7,REG,2025_07_IND_LAC,IND,LAC,23,34,288,2,0,0,1,5,7,0,0,0,0,0,0,0,0,0,0,0,0,0
00-0036040,J.Johnson,Juwan Johnson,TE,2025,7,REG,2025_07_NO_CHI,NO,CHI,0,0,0,0,0,0,0,0,0,0,0,0,5,7,79,0,0,0,60,0.225806451612903,0.155440414507772,0
00-0036139,R.Dowdle,Rico Dowdle,RB,2025,7,REG,2025_07_CAR_NYJ,CAR,NYJ,0,0,0,0,0,0,0,17,79,0,0,0,1,2,17,0,0,0,-7,0.0645161290322581,-0.0300429184549356,0
00-0036158,J.Dobbins,J.K. Dobbins,RB,2025,7,REG,2025_07_NYG_DEN,DEN,NYG,0,0,0,0,0,0,0,14,81,0,0,0,1,1,-1,0,0,0,-5,0.0204081632653061,-0.0127226463104326,0
00-0036176,M.Kinsey,Mason Kinsey,WR,2025,7,REG,2025_07_NE_TEN,TEN,NE,0,0,0,0,0,0,0,0,0,0,0,0,0,0,0,0,0,0,0,0,0,0
00-0036182,N.Westbrook-Ikhine,Nick Westbrook-Ikhine,WR,2025,7,REG,2025_07_MIA_CLE,MIA,CLE,0,0,0,0,0,0,0,0,0,0,0,0,3,4,16,0,0,0,16,0.133333333333333,0.0695652173913044,0
00-0036212,T.Tagovailoa,Tua Tagovailoa,QB,2025,7,REG,2025_07_MIA_CLE,MIA,CLE,12,23,100,0,3,0,0,3,6,0,0,0,0,0,0,0,0,0,0,0,0,0
00-0036223,J.Taylor,Jonathan Taylor,RB,2025,7,REG,2025_07_IND_LAC,IND,LAC,0,0,0,0,0,0,0,16,94,3,0,0,3,3,38,0,0,0,-3,0.09375,-0.00898203592814371,0
00-0036232,H.Bryant,Harrison Bryant,TE,2025,7,REG,2025_07_HOU_SEA,HOU,SEA,0,0,0,0,0,0,0,0,0,0,0,0,0,0,0,0,0,0,0,0,0,0
00-0036244,C.Parkinson,Colby Parkinson,TE,2025,7,REG,2025_07_LA_JAX,LA,JAX,0,0,0,0,0,0,0,0,0,0,0,0,3,3,47,0,0,0,20,0.0909090909090909,0.0550964187327824,0
00-0036252,M.Pittman,Michael Pittman,WR,2025,7,REG,2025_07_IND_LAC,IND,LAC,0,0,0,0,0,0,0,0,0,0,0,0,7,9,58,1,0,1,53,0.28125,0.158682634730539,0
00-0036259,J.Jennings,Jauan Jennings,WR,2025,7,REG,2025_07_ATL_SF,SF,ATL,0,0,0,0,0,0,0,0,0,0,0,0,4,7,31,0,0,0,51,0.291666666666667,0.386363636363636,0
00-0036264,J.Love,Jordan Love,QB,2025,7,REG,2025_07_GB_ARI,GB,ARI,19,29,179,1,0,0,0,4,22,0,0,0,0,0,0,0,0,0,0,0,0,0
00-0036275,D.Swift,D'Andre Swift,RB,2025,7,REG,2025_07_NO_CHI,CHI,NO,0,0,0,0,0,0,0,19,124,1,0,0,1,1,14,0,0,0,-9,0.04,-0.0409090909090909,0
00-0036290,C.Kmet,Cole Kmet,TE,2025,7,REG,2025_07_NO_CHI,CHI,NO,0,0,0,0,0,0,0,0,0,0,0,0,1,1,16,0,0,0,16,0.04,0.0727272727272727,0
00-0036309,D.Mooney,Darnell Mooney,WR,2025,7,REG,2025_07_ATL_SF,ATL,SF,0,0,0,0,0,0,0,0,0,0,0,0,3,5,68,0,0,0,126,0.138888888888889,0.352941176470588,0
00-0036322,J.Jefferson,Justin Jefferson,WR,2025,7,REG,2025_07_PHI_MIN,MIN,PHI,0,0,0,0,0,0,0,0,0,0,0,0,5,10,79,0,0,0,122,0.25,0.28978622327791,0
00-0036331,D.Duvernay,Devin Duvernay,WR,2025,7,REG,2025_07_NO_CHI,CHI,NO,0,0,0,0,0,0,0,0,0,0,0,0,0,0,0,0,0,0,0,0,0,0
00-0036355,J.Herbert,Justin Herbert,QB,2025,7,REG,2025_07_IND_LAC,LAC,IND,37,55,420,3,2,0,0,6,31,0,0,0,0,0,0,0,0,0,0,0,0,0
00-0036358,C.Lamb,CeeDee Lamb,WR,2025,7,REG,2025_07_WAS_DAL,DAL,WAS,0,0,0,0,0,0,0,0,0,0,0,0,5,8,110,1,0,0,83,0.266666666666667,0.391509433962264,0
00-0036389,J.Hurts,Jalen Hurts,QB,2025,7,REG,2025_07_PHI_MIN,PHI,MIN,19,23,326,3,0,0,0,4,-10,0,0,0,0,0,0,0,0,0,0,0,0,0
00-0036407,J.Jeudy,Jerry Jeudy,WR,2025,7,REG,2025_07_MIA_CLE,CLE,MIA,0,0,0,0,0,0,0,0,0,0,0,0,2,4,17,0,0,0,38,0.222222222222222,0.441860465116279,0
00-0036410,T.Higgins,Tee Higgins,WR,2025,7,REG,2025_07_PIT_CIN,CIN,PIT,0,0,0,0,0,0,0,0,0,0,0,0,6,10,96,1,0,0,108,0.222222222222222,0.320474777448071,0
00-0036415,V.Jefferson,Van Jefferson,WR,2025,7,REG,2025_07_NE_TEN,TEN,NE,0,0,0,0,0,0,0,0,0,0,0,0,4,4,41,0,0,0,15,0.125,0.0663716814159292,0
00-0036427,T.Johnson,Tyler Johnson,WR,2025,7,REG,2025_07_CAR_NYJ,NYJ,CAR,0,0,0,0,0,0,0,0,0,0,0,0,3,3,60,0,0,0,47,0.0967741935483871,0.128065395095368,0
00-0036429,C.Woerner,Charlie Woerner,TE,2025,7,REG,2025_07_ATL_SF,ATL,SF,0,0,0,0,0,0,0,0,0,0,0,0,0,1,0,0,0,0,-1,0.0277777777777778,-0.00280112044817927,0
00-0036554,N.Collins,Nico Collins,WR,2025,7,REG,2025_07_HOU_SEA,HOU,SEA,0,0,0,0,0,0,0,0,0,0,0,0,4,10,27,0,0,0,102,0.217391304347826,0.240566037735849,0
00-0036555,C.Hubbard,Chuba Hubbard,RB,2025,7,REG,2025_07_CAR_NYJ,CAR,NYJ,0,0,0,0,0,0,0,14,31,0,0,0,2,3,24,0,0,0,-12,0.0967741935483871,-0.0515021459227468,0
00-0036613,J.Waddle,Jaylen Waddle,WR,2025,7,REG,2025_07_MIA_CLE,MIA,CLE,0,0,0,0,0,0,0,0,0,0,0,0,1,4,15,0,0,0,93,0.133333333333333,0.404347826086957,0
00-0036620,D.Eskridge,Dee Eskridge,WR,2025,7,REG,2025_07_MIA_CLE,MIA,CLE,0,0,0,0,0,0,0,0,0,0,0,0,2,2,45,0,0,0,37,0.0666666666666667,0.160869565217391,0
00-0036626,D.Brown,Dyami Brown,WR,2025,7,REG,2025_07_LA_JAX,JAX,LA,0,0,0,0,0,0,0,0,0,0,0,0,2,4,50,0,0,0,70,0.0851063829787234,0.134099616858238,0
00-0036628,J.Bates,John Bates,TE,2025,7,REG,2025_07_WAS_DAL,WAS,DAL,0,0,0,0,0,0,0,0,0,0,0,0,1,2,5,0,0,0,-3,0.0645161290322581,-0.00949367088607595,0
00-0036637,N.Gray,Noah Gray,TE,2025,7,REG,2025_07_LV_KC,KC,LV,0,0,0,0,0,0,0,0,0,0,0,0,1,1,28,0,0,0,13,0.0294117647058824,0.0628019323671498,0
00-0036646,S.Fehoko,Simi Fehoko,WR,2025,7,REG,2025_07_GB_ARI,ARI,GB,0,0,0,0,0,0,0,0,0,0,0,0,0,0,0,0,0,0,0,0,0,0
00-0036741,J.Stoll,Jack Stoll,TE,2025,7,REG,2025_07_NO_CHI,NO,CHI,0,0,0,0,0,0,0,0,0,0,0,0,0,1,0,0,0,0,4,0.032258064516129,0.0103626943005181,0
00-0036754,B.Wright,Brock Wright,TE,2025,7,REG,2025_07_TB_DET,DET,TB,0,0,0,0,0,0,0,0,0,0,0,0,3,3,23,0,0,0,11,0.107142857142857,0.0700636942675159,0
00-0036842,K.Nwangwu,Kene Nwangwu,RB,2025,7,REG,2025_07_CAR_NYJ,NYJ,CAR,0,0,0,0,0,0,0,0,0,0,0,0,0,0,0,0,0,0,0,0,0,0
00-0036862,B.Skowronek,Ben Skowronek,WR,2025,7,REG,2025_07_PIT_CIN,PIT,CIN,0,0,0,0,0,0,0,0,0,0,0,0,0,0,0,0,0,0,0,0,0,0
00-0036875,R.Stevenson,Rhamondre Stevenson,RB,2025,7,REG,2025_07_NE_TEN,NE,TEN,0,0,0,0,0,0,0,18,88,1,0,0,2,2,0,0,0,0,-3,0.0833333333333333,-0.0152284263959391,0
00-0036887,L.Farrell,Luke Farrell,TE,2025,7,REG,2025_07_ATL_SF,SF,ATL,0,0,0,0,0,0,0,0,0,0,0,0,1,1,11,0,0,0,4,0.0416666666666667,0.0303030303030303,0
00-0036894,P.Freiermuth,Pat Freiermuth,TE,2025,7,REG,2025_07_PIT_CIN,PIT,CIN,0,0,0,0,0,0,0,0,0,0,0,0,5,6,111,2,0,0,56,0.181818181818182,0.181229773462783,0
00-0036900,J.Chase,Ja'Marr Chase,WR,2025,7,REG,2025_07_PIT_CIN,CIN,PIT,0,0,0,0,0,0,0,0,0,0,0,0,16,23,161,1,0,0,160,0.511111111111111,0.474777448071217,0
00-0036912,D.Smith,DeVonta Smith,WR,2025,7,REG,2025_07_PHI_MIN,PHI,MIN,0,0,0,0,0,0,0,0,0,0,0,0,9,11,183,1,0,0,173,0.478260869565217,0.609154929577465,0
00-0036919,K.Gainwell,Kenny Gainwell,RB,2025,7,REG,2025_07_PIT_CIN,PIT,CIN,0,0,0,0,0,0,0,3,14,0,0,0,2,2,1,0,0,0,0,0.0606060606060606,0,0
00-0036924,M.Carter,Michael Carter,RB,2025,7,REG,2025_07_GB_ARI,ARI,GB,0,0,0,0,0,0,0,7,11,0,0,0,2,2,25,0,0,0,5,0.0588235294117647,0.016025641025641,0
00-0036945,J.Fields,Justin Fields,QB,2025,7,REG,2025_07_CAR_NYJ,NYJ,CAR,6,12,46,0,0,0,0,4,22,0,0,0,0,0,0,0,0,0,0,0,0,0
00-0036963,A.St. Brown,Amon-Ra St. Brown,WR,2025,7,REG,2025_07_TB_DET,DET,TB,0,0,0,0,0,0,0,0,0,0,0,0,6,10,86,1,0,0,94,0.357142857142857,0.598726114649682,0
00-0036970,K.Pitts,Kyle Pitts,TE,2025,7,REG,2025_07_ATL_SF,ATL,SF,0,0,0,0,0,0,0,0,0,0,0,0,7,10,62,0,0,0,76,0.277777777777778,0.212885154061625,0
00-0036971,T.Lawrence,Trevor Lawrence,QB,2025,7,REG,2025_07_LA_JAX,JAX,LA,23,48,296,1,0,0,0,2,18,0,0,0,0,0,0,0,0,0,0,0,0,0
00-0036972,M.Jones,Mac Jones,QB,2025,7,REG,2025_07_ATL_SF,SF,ATL,17,26,152,0,1,0,0,5,11,0,0,0,0,0,0,0,0,0,0,0,0,0
00-0036973,T.Etienne,Travis Etienne,RB,2025,7,REG,2025_07_LA_JAX,JAX,LA,0,0,0,0,0,0,0,8,44,0,0,0,1,3,11,0,0,0,-12,0.0638297872340426,-0.0229885057471264,0
00-0036997,J.Williams,Javonte Williams,RB,2025,7,REG,2025_07_WAS_DAL,DAL,WAS,0,0,0,0,0,0,0,19,116,1,0,0,1,4,2,0,0,0,-7,0.133333333333333,-0.0330188679245283,0
00-0037004,H.Long,Hunter Long,TE,2025,7,REG,2025_07_LA_JAX,JAX,LA,0,0,0,0,0,0,0,0,0,0,0,0,2,3,16,0,0,0,4,0.0638297872340426,0.00766283524904215,0
00-0037005,T.Tremble,Tommy Tremble,TE,2025,7,REG,2025_07_CAR_NYJ,CAR,NYJ,0,0,0,0,0,0,0,0,0,0,0,0,1,1,0,0,0,0,0,0.032258064516129,0,0
00-0037085,T.Badie,Tyler Badie,RB,2025,7,REG,2025_07_NYG_DEN,DEN,NYG,0,0,0,0,0,0,0,0,0,0,0,0,2,2,19,0,0,0,-12,0.0408163265306122,-0.0305343511450382,0
00-0037091,B.Melton,Bo Melton,WR,2025,7,REG,2025_07_GB_ARI,GB,ARI,0,0,0,0,0,0,0,0,0,0,0,0,0,0,0,0,0,0,0,0,0,0
00-0037093,D.Young,Dareke Young,WR,2025,7,REG,2025_07_HOU_SEA,SEA,HOU,0,0,0,0,0,0,0,0,0,0,0,0,0,0,0,0,0,0,0,0,0,0
00-0037157,Z.Knight,Bam Knight,RB,2025,7,REG,2025_07_GB_ARI,ARI,GB,0,0,0,0,0,0,0,14,57,0,0,0,3,4,7,0,0,0,-2,0.117647058823529,-0.00641025641025641,0
00-0037197,I.Pacheco,Isiah Pacheco,RB,2025,7,REG,2025_07_LV_KC,KC,LV,0,0,0,0,0,0,0,15,57,1,0,0,1,2,-3,0,0,0,-7,0.0588235294117647,-0.0338164251207729,0
00-0037228,J.Warren,Jaylen Warren,RB,2025,7,REG,2025_07_PIT_CIN,PIT,CIN,0,0,0,0,0,0,0,16,127,0,0,0,4,5,31,0,0,0,0,0.151515151515152,0,0
00-0037238,D.London,Drake London,WR,2025,7,REG,2025_07_ATL_SF,ATL,SF,0,0,0,0,0,0,0,0,0,0,0,0,4,10,42,0,0,0,110,0.277777777777778,0.30812324929972,0
00-0037239,C.Olave,Chris Olave,WR,2025,7,REG,2025_07_NO_CHI,NO,CHI,0,0,0,0,0,0,0,0,0,0,0,0,5,7,98,2,0,0,139,0.225806451612903,0.360103626943005,0
00-0037240,J.Williams,Jameson Williams,WR,2025,7,REG,2025_07_TB_DET,DET,TB,0,0,0,0,0,0,0,0,0,0,0,0,0,2,0,0,0,0,40,0.0714285714285714,0.254777070063694,0
00-0037247,G.Pickens,George Pickens,WR,2025,7,REG,2025_07_WAS_DAL,DAL,WAS,0,0,0,0,0,0,0,0,0,0,0,0,4,6,82,0,0,0,112,0.2,0.528301886792453,0
00-0037256,R.White,Rachaad White,RB,2025,7,REG,2025_07_TB_DET,TB,DET,0,0,0,0,0,0,0,10,38,0,0,0,4,6,6,0,0,0,10,0.12,0.0209205020920502,0
00-0037263,T.Allgeier,Tyler Allgeier,RB,2025,7,REG,2025_07_ATL_SF,ATL,SF,0,0,0,0,0,0,0,4,16,0,0,0,0,0,0,0,0,0,0,0,0,0
00-0037267,J.Ford,Jerome Ford,RB,2025,7,REG,2025_07_MIA_CLE,CLE,MIA,0,0,0,0,0,0,0,1,0,0,0,0,2,2,10,0,0,0,-1,0.111111111111111,-0.0116279069767442,0
00-0037291,J.Nailor,Jalen Nailor,WR,2025,7,REG,2025_07_PHI_MIN,MIN,PHI,0,0,0,0,0,0,0,0,0,0,0,0,2,4,37,0,0,0,48,0.1,0.114014251781473,0
00-0037292,A.Ogletree,Andrew Ogletree,TE,2025,7,REG,2025_07_IND_LAC,IND,LAC,0,0,0,0,0,0,0,0,0,0,0,0,0,0,0,0,0,0,0,0,0,0
00-0037306,J.FitzPatrick,John FitzPatrick,TE,2025,7,REG,2025_07_GB_ARI,GB,ARI,0,0,0,0,0,0,0,0,0,0,0,0,1,1,6,0,0,0,1,0.0357142857142857,0.00526315789473684,0
00-0037348,T.Conner,Tanner Conner,TE,2025,7,REG,2025_07_MIA_CLE,MIA,CLE,0,0,0,0,0,0,0,0,0,0,0,0,1,3,28,0,0,0,47,0.1,0.204347826086957,0
00-0037525,J.Mason,Jordan Mason,RB,2025,7,REG,2025_07_PHI_MIN,MIN,PHI,0,0,0,0,0,0,0,15,57,1,0,0,0,0,0,0,0,0,0,0,0,0
00-0037545,R.Shaheed,Rashid Shaheed,WR,2025,7,REG,2025_07_NO_CHI,NO,CHI,0,0,0,0,0,0,0,0,0,0,0,0,4,9,40,0,0,0,136,0.290322580645161,0.352331606217617,0
00-0037563,M.Davis,Malik Davis,RB,2025,7,REG,2025_07_WAS_DAL,DAL,WAS,0,0,0,0,0,0,0,0,0,0,0,0,0,0,0,0,0,0,0,0,0,0
00-0037594,J.Chestnut,Julius Chestnut,RB,2025,7,REG,2025_07_NE_TEN,TEN,NE,0,0,0,0,0,0,0,0,0,0,0,0,0,0,0,0,0,0,0,0,0,0
00-0037617,H.Haskins,Hassan Haskins,RB,2025,7,REG,2025_07_IND_LAC,LAC,IND,0,0,0,0,0,0,0,1,3,0,0,0,2,2,2,0,0,0,-7,0.037037037037037,-0.0155210643015521,0
00-0037664,A.Pierce,Alec Pierce,WR,2025,7,REG,2025_07_IND_LAC,IND,LAC,0,0,0,0,0,0,0,0,0,0,0,0,5,10,98,0,0,0,248,0.3125,0.74251497005988,0
00-0037666,J.Tolbert,Jalen Tolbert,WR,2025,7,REG,2025_07_WAS_DAL,DAL,WAS,0,0,0,0,0,0,0,0,0,0,0,0,1,2,16,0,0,0,33,0.0666666666666667,0.155660377358491,0
00-0037744,T.McBride,Trey McBride,TE,2025,7,REG,2025_07_GB_ARI,ARI,GB,0,0,0,0,0,0,0,0,0,0,0,0,10,13,74,2,0,0,78,0.382352941176471,0.25,0
00-0037746,B.Robinson,Brian Robinson,RB,2025,7,REG,2025_07_ATL_SF,SF,ATL,0,0,0,0,0,0,0,9,36,0,0,0,0,0,0,0,0,0,0,0,0,0
00-0037801,K.Turpin,KaVontae Turpin,WR,2025,7,REG,2025_07_WAS_DAL,DAL,WAS,0,0,0,0,0,0,0,0,0,0,0,0,1,1,17,0,0,0,-4,0.0333333333333333,-0.0188679245283019,0
00-0037805,J.Ruckert,Jeremy Ruckert,TE,2025,7,REG,2025_07_CAR_NYJ,NYJ,CAR,0,0,0,0,0,0,0,0,0,0,0,0,0,1,0,0,0,0,4,0.032258064516129,0.0108991825613079,0
00-0037809,C.Okonkwo,Chig Okonkwo,TE,2025,7,REG,2025_07_NE_TEN,TEN,NE,0,0,0,0,0,0,0,0,0,0,0,0,0,2,0,0,0,0,28,0.0625,0.123893805309735,0
00-0037816,R.Doubs,Romeo Doubs,WR,2025,7,REG,2025_07_GB_ARI,GB,ARI,0,0,0,0,0,0,0,0,0,0,0,0,6,8,72,0,0,0,122,0.285714285714286,0.642105263157895,0
00-0037840,K.Williams,Kyren Williams,RB,2025,7,REG,2025_07_LA_JAX,LA,JAX,0,0,0,0,0,0,0,12,54,0,0,0,2,3,11,0,0,0,12,0.0909090909090909,0.0330578512396694,0
00-0038041,J.Ferguson,Jake Ferguson,TE,2025,7,REG,2025_07_WAS_DAL,DAL,WAS,0,0,0,0,0,0,0,0,0,0,0,0,7,7,29,2,0,0,7,0.233333333333333,0.0330188679245283,0
00-0038090,S.Moore,Skyy Moore,WR,2025,7,REG,2025_07_ATL_SF,SF,ATL,0,0,0,0,0,0,0,0,0,0,0,0,1,1,15,0,0,0,-3,0.0416666666666667,-0.0227272727272727,0
00-0038102,K.Pickett,Kenny Pickett,QB,2025,7,REG,2025_07_LV_KC,LV,KC,2,2,8,0,0,0,0,1,0,0,1,0,0,0,0,0,0,0,0,0,0,0
00-0038104,T.Thornton,Tyquan Thornton,WR,2025,7,REG,2025_07_LV_KC,KC,LV,0,0,0,0,0,0,0,0,0,0,0,0,1,2,39,0,0,0,78,0.0588235294117647,0.376811594202899,0
00-0038115,D.Bellinger,Daniel Bellinger,TE,2025,7,REG,2025_07_NYG_DEN,NYG,DEN,0,0,0,0,0,0,0,0,0,0,0,0,3,4,88,1,0,0,82,0.121212121212121,0.239766081871345,0
00-0038117,W.Robinson,Wan'Dale Robinson,WR,2025,7,REG,2025_07_NYG_DEN,NYG,DEN,0,0,0,0,0,0,0,0,0,0,0,0,6,12,95,0,0,0,128,0.363636363636364,0.374269005847953,0
00-0038120,B.Hall,Breece Hall,RB,2025,7,REG,2025_07_CAR_NYJ,NYJ,CAR,0,0,0,0,0,0,0,11,38,0,0,0,2,3,14,0,0,0,7,0.0967741935483871,0.0190735694822888,0
00-0038129,C.Otton,Cade Otton,TE,2025,7,REG,2025_07_TB_DET,TB,DET,0,0,0,0,0,0,0,0,0,0,0,0,7,9,65,0,0,0,50,0.18,0.104602510460251,0
00-0038134,K.Walker,Kenneth Walker III,RB,2025,7,REG,2025_07_HOU_SEA,SEA,HOU,0,0,0,0,0,0,0,17,66,0,0,0,0,0,0,0,0,0,0,0,0,0
00-0038359,X.Smith,Xavier Smith,WR,2025,7,REG,2025_07_LA_JAX,LA,JAX,0,0,0,0,0,0,0,0,0,0,0,0,2,3,15,0,0,0,54,0.0909090909090909,0.148760330578512,0
00-0038393,D.Wicks,Dontayvion Wicks,WR,2025,7,REG,2025_07_GB_ARI,GB,ARI,0,0,0,0,0,0,0,0,0,0,0,0,1,2,5,0,0,0,16,0.0714285714285714,0.0842105263157895,0
00-0038440,Z.Scott,Zavier Scott,RB,2025,7,REG,2025_07_PHI_MIN,MIN,PHI,0,0,0,0,0,0,0,4,4,0,0,0,1,1,2,0,0,0,0,0.025,0,0
00-0038465,M.Heath,Malik Heath,WR,2025,7,REG,2025_07_GB_ARI,GB,ARI,0,0,0,0,0,0,0,0,0,0,0,0,0,0,0,0,0,0,0,0,0,0
00-0038488,B.Russell,Brady Russell,RB,2025,7,REG,2025_07_HOU_SEA,SEA,HOU,0,0,0,0,0,0,0,0,0,0,0,0,0,0,0,0,0,0,0,0,0,0
00-0038496,X.Gipson,Xavier Gipson,WR,2025,7,REG,2025_07_PHI_MIN,PHI,MIN,0,0,0,0,0,0,0,0,0,0,0,0,0,0,0,0,0,0,0,0,0,0
00-0038498,E.Jenkins,E.J. Jenkins,TE,2025,7,REG,2025_07_PHI_MIN,PHI,MIN,0,0,0,0,0,0,0,0,0,0,0,0,0,0,0,0,0,0,0,0,0,0
00-0038519,N.Remigio,Nikko Remigio,WR,2025,7,REG,2025_07_LV_KC,KC,LV,0,0,0,0,0,0,0,0,0,0,0,0,0,0,0,0,0,0,0,0,0,0
00-0038542,B.Robinson,Bijan Robinson,RB,2025,7,REG,2025_07_ATL_SF,ATL,SF,0,0,0,0,0,0,0,14,40,0,0,0,6,8,52,1,0,0,3,0.222222222222222,0.00840336134453782,0
00-0038543,J.Smith-Njigba,Jaxon Smith-Njigba,WR,2025,7,REG,2025_07_HOU_SEA,SEA,HOU,0,0,0,0,0,0,0,0,0,0,0,0,8,14,123,1,0,0,167,0.482758620689655,0.596428571428571,0
00-0038544,Q.Johnston,Quentin Johnston,WR,2025,7,REG,2025_07_IND_LAC,LAC,IND,0,0,0,0,0,0,0,0,0,0,0,0,2,6,30,1,0,0,61,0.111111111111111,0.135254988913526,0
00-0038551,K.Miller,Kendre Miller,RB,2025,7,REG,2025_07_NO_CHI,NO,CHI,0,0,0,0,0,0,0,1,7,0,0,0,0,0,0,0,0,0,0,0,0,0
00-0038555,T.Bigsby,Tank Bigsby,RB,2025,7,REG,2025_07_PHI_MIN,PHI,MIN,0,0,0,0,0,0,0,1,11,0,0,0,1,1,-1,0,0,0,-7,0.0434782608695652,-0.0246478873239437,0
00-0038558,D.Washington,Darnell Washington,TE,2025,7,REG,2025_07_PIT_CIN,PIT,CIN,0,0,0,0,0,0,0,0,0,0,0,0,3,5,2,1,0,0,32,0.151515151515152,0.103559870550162,0
00-0038559,Mi.Wilson,Michael Wilson,WR,2025,7,REG,2025_07_GB_ARI,ARI,GB,0,0,0,0,0,0,0,0,0,0,0,0,3,4,40,0,0,0,35,0.117647058823529,0.112179487179487,0
00-0038563,T.Tucker,Tre Tucker,WR,2025,7,REG,2025_07_LV_KC,LV,KC,0,0,0,0,0,0,0,0,0,0,0,0,5,6,33,0,0,0,11,0.352941176470588,0.215686274509804,0
00-0038564,C.Latu,Cameron Latu,TE,2025,7,REG,2025_07_PHI_MIN,PHI,MIN,0,0,0,0,0,0,0,0,0,0,0,0,0,0,0,0,0,0,0,0,0,0
00-0038573,D.Davis,Derius Davis,WR,2025,7,REG,2025_07_IND_LAC,LAC,IND,0,0,0,0,0,0,0,0,0,0,0,0,0,0,0,0,0,0,0,0,0,0
00-0038576,C.Jones,Charlie Jones,WR,2025,7,REG,2025_07_PIT_CIN,CIN,PIT,0,0,0,0,0,0,0,0,0,0,0,0,0,0,0,0,0,0,0,0,0,0
00-0038597,C.Brown,Chase Brown,RB,2025,7,REG,2025_07_PIT_CIN,CIN,PIT,0,0,0,0,0,0,0,11,108,0,0,0,2,4,-8,0,0,0,-8,0.0888888888888889,-0.0237388724035608,0
00-0038606,P.Washington,Parker Washington,WR,2025,7,REG,2025_07_LA_JAX,JAX,LA,0,0,0,0,0,0,0,3,10,0,0,0,4,10,52,0,0,0,202,0.212765957446809,0.386973180076628,0
00-0038608,K.Boutte,Kayshon Boutte,WR,2025,7,REG,2025_07_NE_TEN,NE,TEN,0,0,0,0,0,0,0,0,0,0,0,0,2,2,55,1,0,0,54,0.0833333333333333,0.274111675126904,0
00-0038611,C.Rodriguez,Chris Rodriguez Jr.,RB,2025,7,REG,2025_07_WAS_DAL,WAS,DAL,0,0,0,0,0,0,0,3,12,1,0,0,0,0,0,0,0,0,0,0,0,0
00-0038618,X.Hutchinson,Xavier Hutchinson,WR,2025,7,REG,2025_07_HOU_SEA,HOU,SEA,0,0,0,0,0,0,0,0,0,0,0,0,1,4,13,0,0,0,80,0.0869565217391304,0.188679245283019,0
00-0038619,A.Iosivas,Andrei Iosivas,WR,2025,7,REG,2025_07_PIT_CIN,CIN,PIT,0,0,0,0,0,0,0,0,0,0,0,0,3,4,49,0,0,0,48,0.0888888888888889,0.142433234421365,0
00-0038621,D.Douglas,DeMario Douglas,WR,2025,7,REG,2025_07_NE_TEN,NE,TEN,0,0,0,0,0,0,0,0,0,0,0,0,3,3,17,0,0,0,14,0.125,0.0710659898477157,0
00-0038685,C.Brooks,Chris Brooks,RB,2025,7,REG,2025_07_GB_ARI,GB,ARI,0,0,0,0,0,0,0,0,0,0,0,0,0,1,0,0,0,0,7,0.0357142857142857,0.0368421052631579,0
00-0038710,B.Whiteheart,Blake Whiteheart,TE,2025,7,REG,2025_07_MIA_CLE,CLE,MIA,0,0,0,0,0,0,0,0,0,0,0,0,1,1,4,0,0,0,3,0.0555555555555556,0.0348837209302326,0
00-0038720,J.Hill,Julian Hill,TE,2025,7,REG,2025_07_MIA_CLE,MIA,CLE,0,0,0,0,0,0,0,0,0,0,0,0,1,2,1,0,0,0,5,0.0666666666666667,0.0217391304347826,0
00-0038738,H.Luepke,Hunter Luepke,RB,2025,7,REG,2025_07_WAS_DAL,DAL,WAS,0,0,0,0,0,0,0,0,0,0,0,0,1,1,3,0,0,0,-7,0.0333333333333333,-0.0330188679245283,0
00-0038752,J.Bobo,Jake Bobo,WR,2025,7,REG,2025_07_HOU_SEA,SEA,HOU,0,0,0,0,0,0,0,0,0,0,0,0,1,1,3,0,0,0,1,0.0344827586206897,0.00357142857142857,0
00-0038783,N.Adkins,Nate Adkins,TE,2025,7,REG,2025_07_NYG_DEN,DEN,NYG,0,0,0,0,0,0,0,0,0,0,0,0,2,3,20,0,0,0,7,0.0612244897959184,0.0178117048346056,0
00-0038797,E.Wilson,Emanuel Wilson,RB,2025,7,REG,2025_07_GB_ARI,GB,ARI,0,0,0,0,0,0,0,6,17,0,0,0,1,1,-2,0,0,0,-7,0.0357142857142857,-0.0368421052631579,0
00-0038824,R.Miller,Ryan Miller,WR,2025,7,REG,2025_07_TB_DET,TB,DET,0,0,0,0,0,0,0,0,0,0,0,0,1,1,14,0,0,0,14,0.02,0.0292887029288703,0
00-0038840,B.Tremayne,Brycen Tremayne,WR,2025,7,REG,2025_07_CAR_NYJ,CAR,NYJ,0,0,0,0,0,0,0,0,0,0,0,0,0,0,0,0,0,0,0,0,0,0
00-0038896,J.Saylors,Jacob Saylors,RB,2025,7,REG,2025_07_TB_DET,DET,TB,0,0,0,0,0,0,0,0,0,0,0,0,0,0,0,0,0,0,0,0,0,0
00-0038938,J.Hyatt,Jalin Hyatt,WR,2025,7,REG,2025_07_NYG_DEN,NYG,DEN,0,0,0,0,0,0,0,0,0,0,0,0,0,1,0,0,0,0,49,0.0303030303030303,0.14327485380117,0
00-0038951,S.Tucker,Sean Tucker,RB,2025,7,REG,2025_07_TB_DET,TB,DET,0,0,0,0,0,0,0,1,4,0,0,0,1,1,2,0,0,0,-6,0.02,-0.0125523012552301,0
00-0038976,M.Mims,Marvin Mims Jr.,WR,2025,7,REG,2025_07_NYG_DEN,DEN,NYG,0,0,0,0,0,0,0,1,13,0,0,0,6,7,85,0,0,0,92,0.142857142857143,0.234096692111959,0
00-0038994,J.Addison,Jordan Addison,WR,2025,7,REG,2025_07_PHI_MIN,MIN,PHI,0,0,0,0,0,0,0,0,0,0,0,0,9,12,128,0,0,0,182,0.3,0.432304038004751,0
00-0038996,T.Kraft,Tucker Kraft,TE,2025,7,REG,2025_07_GB_ARI,GB,ARI,0,0,0,0,0,0,0,0,0,0,0,0,5,10,58,1,0,0,36,0.357142857142857,0.189473684210526,0
00-0039021,R.Johnson,Roschon Johnson,RB,2025,7,REG,2025_07_NO_CHI,CHI,NO,0,0,0,0,0,0,0,1,11,0,0,0,0,0,0,0,0,0,0,0,0,0
00-0039032,T.Spears,Tyjae Spears,RB,2025,7,REG,2025_07_NE_TEN,TEN,NE,0,0,0,0,0,0,0,5,22,0,0,0,3,4,18,0,0,0,7,0.125,0.0309734513274336,0
00-0039040,D.Achane,De'Von Achane,RB,2025,7,REG,2025_07_MIA_CLE,MIA,CLE,0,0,0,0,0,0,0,13,82,0,0,0,3,5,16,0,0,0,-4,0.166666666666667,-0.0173913043478261,0
00-0039041,E.Higgins,Elijah Higgins,TE,2025,7,REG,2025_07_GB_ARI,ARI,GB,0,0,0,0,0,0,0,0,0,0,0,0,1,1,3,0,0,0,-6,0.0294117647058824,-0.0192307692307692,0
00-0039065,S.LaPorta,Sam LaPorta,TE,2025,7,REG,2025_07_TB_DET,DET,TB,0,0,0,0,0,0,0,0,0,0,0,0,3,3,15,0,0,0,10,0.107142857142857,0.0636942675159236,0
00-0039066,M.Mayer,Michael Mayer,TE,2025,7,REG,2025_07_LV_KC,LV,KC,0,0,0,0,0,0,0,0,0,0,0,0,1,2,10,0,0,0,10,0.117647058823529,0.196078431372549,0
00-0039067,R.Rice,Rashee Rice,WR,2025,7,REG,2025_07_LV_KC,KC,LV,0,0,0,0,0,0,0,0,0,0,0,0,7,10,42,2,0,0,8,0.294117647058824,0.0386473429951691,0
00-0039074,D.Allen,Davis Allen,TE,2025,7,REG,2025_07_LA_JAX,LA,JAX,0,0,0,0,0,0,0,0,0,0,0,0,1,1,4,0,0,0,0,0.0303030303030303,0,0
00-0039139,J.Gibbs,Jahmyr Gibbs,RB,2025,7,REG,2025_07_TB_DET,DET,TB,0,0,0,0,0,0,0,17,136,2,0,0,3,3,82,0,0,0,-10,0.107142857142857,-0.0636942675159236,0
00-0039150,B.Young,Bryce Young,QB,2025,7,REG,2025_07_CAR_NYJ,CAR,NYJ,15,25,138,1,0,0,0,2,10,0,0,0,0,0,0,0,0,0,0,0,0,0
00-0039163,C.Stroud,C.J. Stroud,QB,2025,7,REG,2025_07_HOU_SEA,HOU,SEA,23,49,229,1,1,0,0,2,25,0,0,0,0,0,0,0,0,0,0,0,0,0
00-0039165,Z.Charbonnet,Zach Charbonnet,RB,2025,7,REG,2025_07_HOU_SEA,SEA,HOU,0,0,0,0,0,0,0,12,49,2,0,0,2,2,6,0,0,0,-3,0.0689655172413793,-0.0107142857142857,0
00-0039299,G.Holani,George Holani,RB,2025,7,REG,2025_07_HOU_SEA,SEA,HOU,0,0,0,0,0,0,0,0,0,0,0,0,0,0,0,0,0,0,0,0,0,0
00-0039342,X.Legette,Xavier Legette,WR,2025,7,REG,2025_07_CAR_NYJ,CAR,NYJ,0,0,0,0,0,0,0,0,0,0,0,0,9,11,92,1,0,0,102,0.354838709677419,0.437768240343348,0
00-0039355,L.McCaffrey,Luke McCaffrey,WR,2025,7,REG,2025_07_WAS_DAL,WAS,DAL,0,0,0,0,0,0,0,0,0,0,0,0,0,2,0,0,0,0,34,0.0645161290322581,0.107594936708861,0
00-0039356,J.Sanders,Ja'Tavion Sanders,TE,2025,7,REG,2025_07_CAR_NYJ,CAR,NYJ,0,0,0,0,0,0,0,0,0,0,0,0,0,2,0,0,0,0,20,0.0645161290322581,0.0858369098712446,0
00-0039363,I.Guerendo,Isaac Guerendo,RB,2025,7,REG,2025_07_ATL_SF,SF,ATL,0,0,0,0,0,0,0,0,0,0,0,0,0,0,0,0,0,0,0,0,0,0
00-0039376,S.Rattler,Spencer Rattler,QB,2025,7,REG,2025_07_NO_CHI,NO,CHI,20,32,233,2,3,1,0,2,12,0,0,0,0,0,0,0,0,0,0,0,0,0
00-0039379,J.Thrash,Jamari Thrash,WR,2025,7,REG,2025_07_MIA_CLE,CLE,MIA,0,0,0,0,0,0,0,0,0,0,0,0,1,2,23,0,0,0,25,0.111111111111111,0.290697674418605,0
00-0039384,T.Tracy,Tyrone Tracy Jr.,RB,2025,7,REG,2025_07_NYG_DEN,NYG,DEN,0,0,0,0,0,0,0,9,46,1,0,0,0,0,0,0,0,0,0,0,0,0
00-0039391,K.Vidal,Kimani Vidal,RB,2025,7,REG,2025_07_IND_LAC,LAC,IND,0,0,0,0,0,0,0,9,20,0,0,0,4,5,15,0,0,0,-8,0.0925925925925926,-0.0177383592017738,0
00-0039394,C.Washington,Casey Washington,WR,2025,7,REG,2025_07_ATL_SF,ATL,SF,0,0,0,0,0,0,0,0,0,0,0,0,1,2,17,0,0,0,35,0.0555555555555556,0.0980392156862745,0
00-0039407,D.Laube,Dylan Laube,RB,2025,7,REG,2025_07_LV_KC,LV,KC,0,0,0,0,0,0,0,2,3,0,0,0,1,1,1,0,0,0,-3,0.0588235294117647,-0.0588235294117647,0
00-0039410,R.Flournoy,Ryan Flournoy,WR,2025,7,REG,2025_07_WAS_DAL,DAL,WAS,0,0,0,0,0,0,0,0,0,0,0,0,0,0,0,0,0,0,0,0,0,0
00-0039451,I.Williams,Isaiah Williams,WR,2025,7,REG,2025_07_CAR_NYJ,NYJ,CAR,0,0,0,0,0,0,0,0,0,0,0,0,0,0,0,0,0,0,0,0,0,0
00-0039491,J.Coker,Jalen Coker,WR,2025,7,REG,2025_07_CAR_NYJ,CAR,NYJ,0,0,0,0,0,0,0,0,0,0,0,0,0,2,0,0,0,0,35,0.0645161290322581,0.150214592274678,0
00-0039521,X.Weaver,Xavier Weaver,WR,2025,7,REG,2025_07_GB_ARI,ARI,GB,0,0,0,0,0,0,0,0,0,0,0,0,0,0,0,0,0,0,0,0,0,0
00-0039530,B.Spann-Ford,Brevyn Spann-Ford,TE,2025,7,REG,2025_07_WAS_DAL,DAL,WAS,0,0,0,0,0,0,0,0,0,0,0,0,0,0,0,0,0,0,0,0,0,0
00-0039589,K.Johnson,Kameron Johnson,WR,2025,7,REG,2025_07_TB_DET,TB,DET,0,0,0,0,0,0,0,0,0,0,0,0,0,1,0,0,0,0,18,0.02,0.0376569037656904,0
00-0039623,M.Tipton,Mason Tipton,WR,2025,7,REG,2025_07_NO_CHI,NO,CHI,0,0,0,0,0,0,0,0,0,0,0,0,0,1,0,0,0,0,13,0.032258064516129,0.0336787564766839,0
00-0039686,C.Yankoff,Colson Yankoff,TE,2025,7,REG,2025_07_WAS_DAL,WAS,DAL,0,0,0,0,0,0,0,0,0,0,0,0,0,0,0,0,0,0,0,0,0,0
00-0039732,B.Nix,Bo Nix,QB,2025,7,REG,2025_07_NYG_DEN,DEN,NYG,27,50,279,2,0,0,2,5,48,2,0,0,0,0,0,0,0,0,0,0,0,0
00-0039738,B.Corum,Blake Corum,RB,2025,7,REG,2025_07_LA_JAX,LA,JAX,0,0,0,0,0,0,0,12,37,0,0,0,1,1,6,0,0,0,3,0.0303030303030303,0.00826446280991736,0
00-0039739,R.Wilson,Roman Wilson,WR,2025,7,REG,2025_07_PIT_CIN,PIT,CIN,0,0,0,0,0,0,0,0,0,0,0,0,2,2,17,0,0,0,0,0.0606060606060606,0,0
00-0039746,W.Shipley,Will Shipley,RB,2025,7,REG,2025_07_PHI_MIN,PHI,MIN,0,0,0,0,0,0,0,0,0,0,0,0,1,1,7,0,0,0,0,0.0434782608695652,0,0
00-0039751,J.Whittington,Jordan Whittington,WR,2025,7,REG,2025_07_LA_JAX,LA,JAX,0,0,0,0,0,0,0,0,0,0,0,0,2,4,9,0,0,0,49,0.121212121212121,0.134986225895317,0
00-0039757,T.Jennings,Terrell Jennings,RB,2025,7,REG,2025_07_NE_TEN,NE,TEN,0,0,0,0,0,0,0,5,18,0,0,0,0,0,0,0,0,0,0,0,0,0
00-0039793,A.Barner,AJ Barner,TE,2025,7,REG,2025_07_HOU_SEA,SEA,HOU,0,0,0,0,0,0,0,1,2,0,0,0,1,3,7,0,0,0,13,0.103448275862069,0.0464285714285714,0
00-0039798,I.Davis,Isaiah Davis,RB,2025,7,REG,2025_07_CAR_NYJ,NYJ,CAR,0,0,0,0,0,0,0,2,10,0,0,0,2,4,22,0,0,0,0,0.129032258064516,0,0
00-0039816,A.Gould,Anthony Gould,WR,2025,7,REG,2025_07_IND_LAC,IND,LAC,0,0,0,0,0,0,0,0,0,0,0,0,1,1,3,0,0,0,3,0.03125,0.00898203592814371,0
00-0039847,T.Johnson,Theo Johnson,TE,2025,7,REG,2025_07_NYG_DEN,NYG,DEN,0,0,0,0,0,0,0,0,0,0,0,0,3,7,66,1,0,0,32,0.212121212121212,0.0935672514619883,0
00-0039849,M.Harrison,Marvin Harrison Jr.,WR,2025,7,REG,2025_07_GB_ARI,ARI,GB,0,0,0,0,0,0,0,0,0,0,0,0,2,6,58,0,0,0,115,0.176470588235294,0.368589743589744,0
00-0039851,D.Maye,Drake Maye,QB,2025,7,REG,2025_07_NE_TEN,NE,TEN,21,23,222,2,0,0,0,8,62,0,0,0,0,0,0,0,0,0,0,0,0,0
00-0039868,T.Franklin,Troy Franklin,WR,2025,7,REG,2025_07_NYG_DEN,DEN,NYG,0,0,0,0,0,0,0,0,0,0,0,0,3,10,19,1,0,1,172,0.204081632653061,0.43765903307888,0
00-0039880,M.Washington,Malik Washington,WR,2025,7,REG,2025_07_MIA_CLE,MIA,CLE,0,0,0,0,0,0,0,0,0,0,0,0,5,8,30,0,0,0,34,0.266666666666667,0.147826086956522,0
00-0039890,A.Mitchell,Adonai Mitchell,WR,2025,7,REG,2025_07_IND_LAC,IND,LAC,0,0,0,0,0,0,0,0,0,0,0,0,1,1,8,0,0,0,4,0.03125,0.0119760479041916,0
00-0039893,B.Thomas,Brian Thomas Jr.,WR,2025,7,REG,2025_07_LA_JAX,JAX,LA,0,0,0,0,0,0,0,0,0,0,0,0,3,7,31,0,0,0,98,0.148936170212766,0.187739463601533,0
00-0039894,X.Worthy,Xavier Worthy,WR,2025,7,REG,2025_07_LV_KC,KC,LV,0,0,0,0,0,0,0,1,13,0,0,0,3,4,35,0,0,0,38,0.117647058823529,0.183574879227053,0
00-0039910,J.Daniels,Jayden Daniels,QB,2025,7,REG,2025_07_WAS_DAL,WAS,DAL,12,22,156,1,0,1,0,8,35,1,0,0,0,0,0,0,0,0,0,0,0,0
00-0039915,L.McConkey,Ladd McConkey,WR,2025,7,REG,2025_07_IND_LAC,LAC,IND,0,0,0,0,0,0,0,0,0,0,0,0,9,15,67,0,0,0,148,0.277777777777778,0.328159645232816,0
00-0039917,M.Penix,Michael Penix Jr.,QB,2025,7,REG,2025_07_ATL_SF,ATL,SF,21,38,241,1,0,1,0,2,6,0,0,0,0,0,0,0,0,0,0,0,0,0
00-0039918,C.Williams,Caleb Williams,QB,2025,7,REG,2025_07_NO_CHI,CHI,NO,15,26,172,0,1,0,0,4,-2,0,0,0,0,0,0,0,0,0,0,0,0,0
00-0039919,R.Odunze,Rome Odunze,WR,2025,7,REG,2025_07_NO_CHI,CHI,NO,0,0,0,0,0,0,0,0,0,0,0,0,2,6,31,0,0,0,81,0.24,0.368181818181818,0
00-0039920,M.Corley,Malachi Corley,WR,2025,7,REG,2025_07_MIA_CLE,CLE,MIA,0,0,0,0,0,0,0,0,0,0,0,0,2,2,17,0,0,0,2,0.111111111111111,0.0232558139534884,0
00-0040009,S.Williams,Savion Williams,WR,2025,7,REG,2025_07_GB_ARI,GB,ARI,0,0,0,0,0,0,0,0,0,0,0,0,0,0,0,0,0,0,0,0,0,0
00-0040078,B.Smith,Brashard Smith,RB,2025,7,REG,2025_07_LV_KC,KC,LV,0,0,0,0,0,0,0,14,39,0,0,0,5,5,42,0,0,0,-16,0.147058823529412,-0.0772946859903382,0
00-0040122,A.Jeanty,Ashton Jeanty,RB,2025,7,REG,2025_07_LV_KC,LV,KC,0,0,0,0,0,0,0,6,21,0,0,0,1,1,13,0,0,0,-5,0.0588235294117647,-0.0980392156862745,0
00-0040124,T.McMillan,Tetairoa McMillan,WR,2025,7,REG,2025_07_CAR_NYJ,CAR,NYJ,0,0,0,0,0,0,0,0,0,0,0,0,3,5,33,0,0,0,50,0.161290322580645,0.214592274678112,0
00-0040126,C.Loveland,Colston Loveland,TE,2025,7,REG,2025_07_NO_CHI,CHI,NO,0,0,0,0,0,0,0,0,0,0,0,0,3,4,24,0,0,0,25,0.16,0.113636363636364,0
00-0040128,T.Warren,Tyler Warren,TE,2025,7,REG,2025_07_IND_LAC,IND,LAC,0,0,0,0,0,0,0,0,0,0,0,0,4,5,69,1,0,0,24,0.15625,0.0718562874251497,0
00-0040129,E.Egbuka,Emeka Egbuka,WR,2025,7,REG,2025_07_TB_DET,TB,DET,0,0,0,0,0,0,0,0,0,0,0,0,4,12,58,0,0,0,175,0.24,0.366108786610879,0
00-0040130,J.Higgins,Jayden Higgins,WR,2025,7,REG,2025_07_HOU_SEA,HOU,SEA,0,0,0,0,0,0,0,0,0,0,0,0,0,3,0,0,0,0,33,0.0652173913043478,0.0778301886792453,0
00-0040131,K.Williams,Kyle Williams,WR,2025,7,REG,2025_07_NE_TEN,NE,TEN,0,0,0,0,0,0,0,0,0,0,0,0,0,1,0,0,0,0,17,0.0416666666666667,0.0862944162436548,0
00-0040134,P.Bryant,Pat Bryant,WR,2025,7,REG,2025_07_NYG_DEN,DEN,NYG,0,0,0,0,0,0,0,0,0,0,0,0,1,4,6,0,0,0,18,0.0816326530612245,0.0458015267175573,0
00-0040138,J.Noel,Jaylin Noel,WR,2025,7,REG,2025_07_HOU_SEA,HOU,SEA,0,0,0,0,0,0,0,0,0,0,0,0,4,7,77,0,0,0,126,0.152173913043478,0.297169811320755,0
00-0040154,T.Felton,Tai Felton,WR,2025,7,REG,2025_07_PHI_MIN,MIN,PHI,0,0,0,0,0,0,0,0,0,0,0,0,0,0,0,0,0,0,0,0,0,0
00-0040162,D.Sampson,Dylan Sampson,RB,2025,7,REG,2025_07_MIA_CLE,CLE,MIA,0,0,0,0,0,0,0,3,8,0,0,0,1,1,9,0,0,0,-5,0.0555555555555556,-0.0581395348837209,0
00-0040164,J.Lane,Jaylin Lane,WR,2025,7,REG,2025_07_WAS_DAL,WAS,DAL,0,0,0,0,0,0,0,0,0,0,0,0,3,6,60,0,0,0,105,0.193548387096774,0.332278481012658,0
00-0040170,E.Ayomanor,Elic Ayomanor,WR,2025,7,REG,2025_07_NE_TEN,TEN,NE,0,0,0,0,0,0,0,0,0,0,0,0,2,5,29,0,0,0,37,0.15625,0.163716814159292,0
00-0040187,M.Evans,Mitchell Evans,TE,2025,7,REG,2025_07_CAR_NYJ,CAR,NYJ,0,0,0,0,0,0,0,0,0,0,0,0,2,3,24,0,0,0,11,0.0967741935483871,0.0472103004291846,0
00-0040189,O.Gadsden,Oronde Gadsden II,TE,2025,7,REG,2025_07_IND_LAC,LAC,IND,0,0,0,0,0,0,0,0,0,0,0,0,7,9,164,1,0,0,89,0.166666666666667,0.197339246119734,0
00-0040198,O.Gordon,Ollie Gordon II,RB,2025,7,REG,2025_07_MIA_CLE,MIA,CLE,0,0,0,0,0,0,0,5,11,0,0,0,1,2,2,0,0,0,-1,0.0666666666666667,-0.00434782608695652,0
00-0040202,D.Neal,Devin Neal,RB,2025,7,REG,2025_07_NO_CHI,NO,CHI,0,0,0,0,0,0,0,1,1,0,0,0,0,0,0,0,0,0,0,0,0,0
00-0040208,T.Brooks,Tahj Brooks,RB,2025,7,REG,2025_07_PIT_CIN,CIN,PIT,0,0,0,0,0,0,0,0,0,0,0,0,0,0,0,0,0,0,0,0,0,0
00-0040218,Ji.Horn,Jimmy Horn Jr.,WR,2025,7,REG,2025_07_CAR_NYJ,CAR,NYJ,0,0,0,0,0,0,0,1,7,0,0,0,1,2,8,0,0,0,28,0.0645161290322581,0.120171673819742,0
00-0040225,T.Fidone,Thomas Fidone II,TE,2025,7,REG,2025_07_NYG_DEN,NYG,DEN,0,0,0,0,0,0,0,0,0,0,0,0,0,0,0,0,0,0,0,0,0,0
00-0040234,Q.Ewers,Quinn Ewers,QB,2025,7,REG,2025_07_MIA_CLE,MIA,CLE,5,8,53,0,0,0,0,1,0,0,0,0,0,0,0,0,0,0,0,0,0,0
00-0040236,K.Monangai,Kyle Monangai,RB,2025,7,REG,2025_07_NO_CHI,CHI,NO,0,0,0,0,0,0,0,13,81,1,0,0,2,3,13,0,0,0,1,0.12,0.00454545454545455,0
00-0040237,T.Johnson,Tez Johnson,WR,2025,7,REG,2025_07_TB_DET,TB,DET,0,0,0,0,0,0,0,0,0,0,0,0,4,9,58,1,0,0,100,0.18,0.209205020920502,0
00-0040238,L.Allen,LeQuint Allen Jr.,RB,2025,7,REG,2025_07_LA_JAX,JAX,LA,0,0,0,0,0,0,0,0,0,0,0,0,1,1,4,0,0,0,1,0.0212765957446809,0.00191570881226054,0
00-0040242,J.Croskey-Merritt,Jacory Croskey-Merritt,RB,2025,7,REG,2025_07_WAS_DAL,WAS,DAL,0,0,0,0,0,0,0,13,33,0,0,0,1,2,-1,0,0,0,-10,0.0645161290322581,-0.0316455696202532,0
00-0040259,G.Larvadain,Gage Larvadain,WR,2025,7,REG,2025_07_MIA_CLE,CLE,MIA,0,0,0,0,0,0,0,0,0,0,0,0,0,1,0,0,0,0,5,0.0555555555555556,0.0581395348837209,0
00-0040432,B.Collins,Beaux Collins,WR,2025,7,REG,2025_07_NYG_DEN,NYG,DEN,0,0,0,0,0,0,0,0,0,0,0,0,0,1,0,0,0,0,37,0.0303030303030303,0.108187134502924,0
00-0040488,C.Runyon,Carter Runyon,TE,2025,7,REG,2025_07_LV_KC,LV,KC,0,0,0,0,0,0,0,0,0,0,0,0,1,1,3,0,0,0,-3,0.0588235294117647,-0.0588235294117647,0
00-0040506,M.Price,Myles Price,WR,2025,7,REG,2025_07_PHI_MIN,MIN,PHI,0,0,0,0,0,0,0,0,0,0,0,0,0,0,0,0,0,0,0,0,0,0
00-0040534,K.Williams,Ke'Shawn Williams,WR,2025,7,REG,2025_07_PIT_CIN,PIT,CIN,0,0,0,0,0,0,0,0,0,0,0,0,0,0,0,0,0,0,0,0,0,0
00-0040563,E.Chism,Efton Chism III,WR,2025,7,REG,2025_07_NE_TEN,NE,TEN,0,0,0,0,0,0,0,0,0,0,0,0,0,0,0,0,0,0,0,0,0,0
00-0040581,D.Thornton,Dont'e Thornton Jr.,WR,2025,7,REG,2025_07_LV_KC,LV,KC,0,0,0,0,0,0,0,0,0,0,0,0,0,3,0,0,0,0,38,0.176470588235294,0.745098039215686,0
00-0040582,A.Smith,Arian Smith,WR,2025,7,REG,2025_07_CAR_NYJ,NYJ,CAR,0,0,0,0,0,0,0,0,0,0,0,0,1,3,0,0,0,0,74,0.0967741935483871,0.201634877384196,0
00-0040583,W.Marks,Woody Marks,RB,2025,7,REG,2025_07_HOU_SEA,HOU,SEA,0,0,0,0,0,0,0,10,15,0,0,0,3,5,20,1,0,0,29,0.108695652173913,0.0683962264150943,0
00-0040584,G.Helm,Gunnar Helm,TE,2025,7,REG,2025_07_NE_TEN,TEN,NE,0,0,0,0,0,0,0,0,0,0,0,0,4,5,36,0,0,0,43,0.15625,0.190265486725664,0
00-0040586,J.Blue,Jaydon Blue,RB,2025,7,REG,2025_07_WAS_DAL,DAL,WAS,0,0,0,0,0,0,0,7,29,0,0,0,1,1,5,0,0,0,-5,0.0333333333333333,-0.0235849056603774,0
00-0040590,K.Mumpfield,Konata Mumpfield,WR,2025,7,REG,2025_07_LA_JAX,LA,JAX,0,0,0,0,0,0,0,0,0,0,0,0,1,1,5,1,0,0,5,0.0303030303030303,0.0137741046831956,0
00-0040644,T.Etienne,Trevor Etienne,RB,2025,7,REG,2025_07_CAR_NYJ,CAR,NYJ,0,0,0,0,0,0,0,0,0,0,0,0,0,0,0,0,0,0,0,0,0,0
00-0040648,T.Horton,Tory Horton,WR,2025,7,REG,2025_07_HOU_SEA,SEA,HOU,0,0,0,0,0,0,0,0,0,0,0,0,0,3,0,0,0,0,62,0.103448275862069,0.221428571428571,0
00-0040663,H.Fannin,Harold Fannin Jr.,TE,2025,7,REG,2025_07_MIA_CLE,CLE,MIA,0,0,0,0,0,0,0,0,0,0,0,0,4,5,36,0,0,0,19,0.277777777777778,0.22093023255814,0
00-0040667,M.Golden,Matthew Golden,WR,2025,7,REG,2025_07_GB_ARI,GB,ARI,0,0,0,0,0,0,0,0,0,0,0,0,4,4,37,0,0,0,14,0.142857142857143,0.0736842105263158,0
00-0040669,I.TeSlaa,Isaac TeSlaa,WR,2025,7,REG,2025_07_TB_DET,DET,TB,0,0,0,0,0,0,0,0,0,0,0,0,0,1,0,0,0,0,15,0.0357142857142857,0.0955414012738854,0
00-0040676,C.Ward,Cam Ward,QB,2025,7,REG,2025_07_NE_TEN,TEN,NE,25,34,255,1,1,1,0,0,0,0,0,0,0,0,0,0,0,0,0,0,0,0
00-0040691,J.Dart,Jaxson Dart,QB,2025,7,REG,2025_07_NYG_DEN,NYG,DEN,15,33,283,3,1,0,0,5,11,1,0,0,0,0,0,0,0,0,0,0,0,0
00-0040704,D.Gabriel,Dillon Gabriel,QB,2025,7,REG,2025_07_MIA_CLE,CLE,MIA,13,18,116,0,0,0,0,4,12,0,0,0,0,0,0,0,0,0,0,0,0,0
00-0040705,C.Dike,Chimere Dike,WR,2025,7,REG,2025_07_NE_TEN,TEN,NE,0,0,0,0,0,0,0,1,-1,0,0,0,4,4,70,1,0,0,57,0.125,0.252212389380531,0
00-0040715,C.Skattebo,Cam Skattebo,RB,2025,7,REG,2025_07_NYG_DEN,NYG,DEN,0,0,0,0,0,0,0,16,60,0,0,0,3,6,34,1,0,0,-14,0.181818181818182,-0.0409356725146199,0
00-0040719,B.Tuten,Bhayshul Tuten,RB,2025,7,REG,2025_07_LA_JAX,JAX,LA,0,0,0,0,0,0,0,5,22,0,0,0,0,0,0,0,0,0,0,0,0,0
00-0040727,T.Harris,Tre Harris,WR,2025,7,REG,2025_07_IND_LAC,LAC,IND,0,0,0,0,0,0,0,0,0,0,0,0,2,2,23,0,0,0,18,0.037037037037037,0.0399113082039911,0
00-0040729,J.Bech,Jack Bech,WR,2025,7,REG,2025_07_LV_KC,LV,KC,0,0,0,0,0,0,0,0,0,0,0,0,2,2,13,0,0,0,8,0.117647058823529,0.156862745098039,0
00-0040730,R.Harvey,RJ Harvey,RB,2025,7,REG,2025_07_NYG_DEN,DEN,NYG,0,0,0,0,0,0,0,4,0,0,0,0,1,2,2,1,0,0,18,0.0408163265306122,0.0458015267175573,0
00-0040734,T.Henderson,TreVeyon Henderson,RB,2025,7,REG,2025_07_NE_TEN,NE,TEN,0,0,0,0,0,0,0,2,5,0,0,0,0,0,0,0,0,0,0,0,0,0
00-0040735,L.Burden,Luther Burden III,WR,2025,7,REG,2025_07_NO_CHI,CHI,NO,0,0,0,0,0,0,0,1,-1,0,0,0,1,2,22,0,0,0,39,0.08,0.177272727272727,0
00-0040736,M.Taylor,Mason Taylor,TE,2025,7,REG,2025_07_CAR_NYJ,NYJ,CAR,0,0,0,0,0,0,0,0,0,0,0,0,3,5,31,0,0,0,19,0.161290322580645,0.0517711171662125,0
00-0040737,T.Ferguson,Terrance Ferguson,TE,2025,7,REG,2025_07_LA_JAX,LA,JAX,0,0,0,0,0,0,0,0,0,0,0,0,1,3,31,1,0,0,85,0.0909090909090909,0.234159779614325,0
00-0040739,E.Arroyo,Elijah Arroyo,TE,2025,7,REG,2025_07_HOU_SEA,SEA,HOU,0,0,0,0,0,0,0,0,0,0,0,0,4,5,42,0,1,0,25,0.172413793103448,0.0892857142857143,0
00-0040784,Q.Judkins,Quinshon Judkins,RB,2025,7,REG,2025_07_MIA_CLE,CLE,MIA,0,0,0,0,0,0,0,25,84,3,0,0,0,0,0,0,0,0,0,0,0,0
00-0023459,A.Rodgers,Aaron Rodgers,QB,2025,8,REG,2025_08_GB_PIT,PIT,GB,24,36,219,2,0,0,0,0,0,0,0,0,0,0,0,0,0,0,0,0,0,0
00-0026158,J.Flacco,Joe Flacco,QB,2025,8,REG,2025_08_NYJ_CIN,CIN,NYJ,21,34,223,2,0,0,0,2,14,1,0,0,0,0,0,0,0,0,0,0,0,0
00-0027973,A.Dalton,Andy Dalton,QB,2025,8,REG,2025_08_BUF_CAR,CAR,BUF,16,24,175,0,1,1,0,2,1,0,1,0,0,0,0,0,0,0,0,0,0,0
00-0029604,K.Cousins,Kirk Cousins,QB,2025,8,REG,2025_08_MIA_ATL,ATL,MIA,21,31,173,0,0,0,0,2,2,0,0,0,0,0,0,0,0,0,0,0,0,0
00-0030035,A.Thielen,Adam Thielen,WR,2025,8,REG,2025_08_MIN_LAC,MIN,LAC,0,0,0,0,0,0,0,0,0,0,0,0,0,2,0,0,0,0,-3,0.0666666666666667,-0.0277777777777778,0
00-0030061,Z.Ertz,Zach Ertz,TE,2025,8,REG,2025_08_WAS_KC,WAS,KC,0,0,0,0,0,0,0,0,0,0,0,0,4,6,16,0,0,0,26,0.2,0.160493827160494,0
00-0030279,K.Allen,Keenan Allen,WR,2025,8,REG,2025_08_MIN_LAC,LAC,MIN,0,0,0,0,0,0,0,0,0,0,0,0,4,5,44,0,0,0,56,0.208333333333333,0.271844660194175,0
00-0030506,T.Kelce,Travis Kelce,TE,2025,8,REG,2025_08_WAS_KC,KC,WAS,0,0,0,0,0,0,0,0,0,0,0,0,6,8,99,1,0,0,53,0.25,0.242009132420091,0
00-0030564,D.Hopkins,DeAndre Hopkins,WR,2025,8,REG,2025_08_CHI_BAL,BAL,CHI,0,0,0,0,0,0,0,0,0,0,0,0,1,1,14,0,0,0,12,0.0454545454545455,0.0574162679425837,0
00-0031236,B.Cooks,Brandin Cooks,WR,2025,8,REG,2025_08_TB_NO,NO,TB,0,0,0,0,0,0,0,0,0,0,0,0,3,4,22,0,0,0,14,0.08,0.0334128878281623,0
00-0031588,S.Diggs,Stefon Diggs,WR,2025,8,REG,2025_08_CLE_NE,NE,CLE,0,0,0,0,0,0,0,0,0,0,0,0,3,5,14,1,0,0,16,0.217391304347826,0.0577617328519856,0
00-0032104,A.Abdullah,Ameer Abdullah,RB,2025,8,REG,2025_08_TEN_IND,IND,TEN,0,0,0,0,0,0,0,2,5,0,0,0,1,1,3,0,0,0,-3,0.0357142857142857,-0.0112359550561798,0
00-0032268,M.Mariota,Marcus Mariota,QB,2025,8,REG,2025_08_WAS_KC,WAS,KC,21,30,213,1,2,0,0,8,28,0,0,0,0,0,0,0,0,0,0,0,0,0
00-0032385,S.Shepard,Sterling Shepard,WR,2025,8,REG,2025_08_TB_NO,TB,NO,0,0,0,0,0,0,0,0,0,0,0,0,1,2,8,0,0,0,-1,0.0833333333333333,-0.00617283950617284,0
00-0032392,A.Hooper,Austin Hooper,TE,2025,8,REG,2025_08_CLE_NE,NE,CLE,0,0,0,0,0,0,0,0,0,0,0,0,2,2,38,0,0,0,23,0.0869565217391304,0.0830324909747293,0
00-0032764,D.Henry,Derrick Henry,RB,2025,8,REG,2025_08_CHI_BAL,BAL,CHI,0,0,0,0,0,0,0,21,71,2,0,0,0,1,0,0,0,0,2,0.0454545454545455,0.00956937799043062,0
00-0032775,D.Robinson,Demarcus Robinson,WR,2025,8,REG,2025_08_SF_HOU,SF,HOU,0,0,0,0,0,0,0,0,0,0,0,0,2,3,5,0,0,1,21,0.0967741935483871,0.0658307210031348,0
00-0032950,C.Wentz,Carson Wentz,QB,2025,8,REG,2025_08_MIN_LAC,MIN,LAC,15,27,144,1,1,0,0,0,0,0,0,0,0,0,0,0,0,0,0,0,0,0
00-0033077,D.Prescott,Dak Prescott,QB,2025,8,REG,2025_08_DAL_DEN,DAL,DEN,19,31,188,0,2,0,0,6,31,0,0,0,0,0,0,0,0,0,0,0,0,0
00-0033090,H.Henry,Hunter Henry,TE,2025,8,REG,2025_08_CLE_NE,NE,CLE,0,0,0,0,0,0,0,0,0,0,0,0,1,1,7,1,0,0,1,0.0434782608695652,0.0036101083032491,0
00-0033280,C.McCaffrey,Christian McCaffrey,RB,2025,8,REG,2025_08_SF_HOU,SF,HOU,0,0,0,0,0,0,0,8,25,0,0,0,3,6,43,0,0,0,15,0.193548387096774,0.0470219435736677,0
00-0033282,C.Samuel,Curtis Samuel,WR,2025,8,REG,2025_08_BUF_CAR,BUF,CAR,0,0,0,0,0,0,0,0,0,0,0,0,0,0,0,0,0,0,0,0,0,0
00-0033288,G.Kittle,George Kittle,TE,2025,8,REG,2025_08_SF_HOU,SF,HOU,0,0,0,0,0,0,0,0,0,0,0,0,4,5,43,1,0,0,25,0.161290322580645,0.0783699059561129,0
00-0033293,A.Jones,Aaron Jones,RB,2025,8,REG,2025_08_MIN_LAC,MIN,LAC,0,0,0,0,0,0,0,5,15,0,0,0,2,4,15,0,0,0,-5,0.133333333333333,-0.0462962962962963,0
00-0033307,K.Bourne,Kendrick Bourne,WR,2025,8,REG,2025_08_SF_HOU,SF,HOU,0,0,0,0,0,0,0,0,0,0,0,0,3,4,44,0,0,0,70,0.129032258064516,0.219435736677116,0
00-0033357,T.Hill,Taysom Hill,TE,2025,8,REG,2025_08_TB_NO,NO,TB,0,0,0,0,0,0,0,2,6,0,0,0,1,1,6,0,0,0,2,0.02,0.00477326968973747,0
00-0033526,S.Perine,Samaje Perine,RB,2025,8,REG,2025_08_NYJ_CIN,CIN,NYJ,0,0,0,0,0,0,0,9,94,1,0,0,1,1,6,0,0,0,-2,0.0303030303030303,-0.00925925925925926,0
00-0033555,M.Hollins,Mack Hollins,WR,2025,8,REG,2025_08_CLE_NE,NE,CLE,0,0,0,0,0,0,0,0,0,0,0,0,7,7,89,0,0,0,58,0.304347826086957,0.209386281588448,0
00-0033572,J.Agnew,Jamal Agnew,WR,2025,8,REG,2025_08_MIA_ATL,ATL,MIA,0,0,0,0,0,0,0,0,0,0,0,0,0,0,0,0,0,0,0,0,0,0
00-0033854,D.Ogunbowale,Dare Ogunbowale,RB,2025,8,REG,2025_08_SF_HOU,HOU,SF,0,0,0,0,0,0,0,1,9,0,0,0,1,1,8,0,0,0,-3,0.0263157894736842,-0.00887573964497041,0
00-0033857,J.Smith-Schuster,JuJu Smith-Schuster,WR,2025,8,REG,2025_08_WAS_KC,KC,WAS,0,0,0,0,0,0,0,0,0,0,0,0,2,2,29,0,0,0,16,0.0625,0.0730593607305936,0
00-0033858,J.Smith,Jonnu Smith,TE,2025,8,REG,2025_08_GB_PIT,PIT,GB,0,0,0,0,0,0,0,0,0,0,0,0,2,3,17,0,0,0,32,0.09375,0.133333333333333,0
00-0033869,M.Trubisky,Mitchell Trubisky,QB,2025,8,REG,2025_08_BUF_CAR,BUF,CAR,2,4,22,0,0,0,0,0,0,0,0,0,0,0,0,0,0,0,0,0,0,0
00-0033873,P.Mahomes,Patrick Mahomes,QB,2025,8,REG,2025_08_WAS_KC,KC,WAS,25,34,299,3,2,0,0,4,30,0,0,0,0,0,0,0,0,0,0,0,0,0
00-0033881,E.Engram,Evan Engram,TE,2025,8,REG,2025_08_DAL_DEN,DEN,DAL,0,0,0,0,0,0,0,0,0,0,0,0,4,4,36,0,0,0,19,0.148148148148148,0.0635451505016722,0
00-0033885,D.Njoku,David Njoku,TE,2025,8,REG,2025_08_CLE_NE,CLE,NE,0,0,0,0,0,0,0,0,0,0,0,0,4,5,37,1,0,0,28,0.151515151515152,0.143589743589744,0
00-0033906,A.Kamara,Alvin Kamara,RB,2025,8,REG,2025_08_TB_NO,NO,TB,0,0,0,0,0,0,0,6,21,0,0,0,2,2,24,0,0,0,4,0.04,0.00954653937947494,0
00-0033923,K.Hunt,Kareem Hunt,RB,2025,8,REG,2025_08_WAS_KC,KC,WAS,0,0,0,0,0,0,0,9,40,1,0,0,1,1,2,1,0,0,2,0.03125,0.0091324200913242,0
00-0033955,J.McNichols,Jeremy McNichols,RB,2025,8,REG,2025_08_WAS_KC,WAS,KC,0,0,0,0,0,0,0,1,4,0,0,0,5,6,64,0,0,0,-2,0.2,-0.0123456790123457,0
00-0034348,C.Sutton,Courtland Sutton,WR,2025,8,REG,2025_08_DAL_DEN,DEN,DAL,0,0,0,0,0,0,0,0,0,0,0,0,4,6,67,0,0,0,95,0.222222222222222,0.317725752508361,0
00-0034351,D.Goedert,Dallas Goedert,TE,2025,8,REG,2025_08_NYG_PHI,PHI,NYG,0,0,0,0,0,0,0,0,0,0,0,0,3,3,28,2,0,0,11,0.15,0.0748299319727891,0
00-0034367,N.Miller-Hines,Nyheim Hines,RB,2025,8,REG,2025_08_MIN_LAC,LAC,MIN,0,0,0,0,0,0,0,2,-2,0,0,0,0,0,0,0,0,0,0,0,0,0
00-0034383,D.Schultz,Dalton Schultz,TE,2025,8,REG,2025_08_SF_HOU,HOU,SF,0,0,0,0,0,0,0,0,0,0,0,0,2,3,24,0,0,0,37,0.0789473684210526,0.109467455621302,0
00-0034418,C.Wilson,Cedrick Wilson Jr.,WR,2025,8,REG,2025_08_MIA_ATL,MIA,ATL,0,0,0,0,0,0,0,0,0,0,0,0,1,1,2,0,0,0,-1,0.037037037037037,-0.0099009900990099,0
00-0034419,B.Berrios,Braxton Berrios,WR,2025,8,REG,2025_08_SF_HOU,HOU,SF,0,0,0,0,0,0,0,0,0,0,0,0,5,5,38,0,0,0,26,0.131578947368421,0.0769230769230769,0
00-0034521,A.Lazard,Allen Lazard,WR,2025,8,REG,2025_08_NYJ_CIN,NYJ,CIN,0,0,0,0,0,0,0,0,0,0,0,0,1,2,5,0,0,0,5,0.0666666666666667,0.0271739130434783,0
00-0034613,T.Hudson,Tanner Hudson,TE,2025,8,REG,2025_08_NYJ_CIN,CIN,NYJ,0,0,0,0,0,0,0,0,0,0,0,0,1,2,9,0,0,0,7,0.0606060606060606,0.0324074074074074,0
00-0034753,M.Andrews,Mark Andrews,TE,2025,8,REG,2025_08_CHI_BAL,BAL,CHI,0,0,0,0,0,0,0,0,0,0,0,0,3,3,34,0,0,0,27,0.136363636363636,0.129186602870813,0
00-0034791,N.Chubb,Nick Chubb,RB,2025,8,REG,2025_08_SF_HOU,HOU,SF,0,0,0,0,0,0,0,17,56,0,0,0,2,2,13,0,0,0,0,0.0526315789473684,0,0
00-0034827,D.Moore,DJ Moore,WR,2025,8,REG,2025_08_CHI_BAL,CHI,BAL,0,0,0,0,0,0,0,2,3,0,0,0,4,7,73,0,0,0,72,0.2,0.232258064516129,0
00-0034844,S.Barkley,Saquon Barkley,RB,2025,8,REG,2025_08_NYG_PHI,PHI,NYG,0,0,0,0,0,0,0,14,150,1,0,0,4,5,24,1,0,0,-16,0.25,-0.108843537414966,0
00-0034854,K.Hodge,KhaDarel Hodge,WR,2025,8,REG,2025_08_MIA_ATL,ATL,MIA,0,0,0,0,0,0,0,0,0,0,0,0,3,8,31,0,0,0,105,0.266666666666667,0.368421052631579,0
00-0034855,B.Mayfield,Baker Mayfield,QB,2025,8,REG,2025_08_TB_NO,TB,NO,15,24,152,0,0,1,0,0,0,0,0,0,0,0,0,0,0,0,0,0,0,0
00-0034857,J.Allen,Josh Allen,QB,2025,8,REG,2025_08_BUF_CAR,BUF,CAR,12,19,163,1,0,0,0,3,7,2,0,0,0,0,0,0,0,0,0,0,0,0
00-0034975,J.Hill,Justice Hill,RB,2025,8,REG,2025_08_CHI_BAL,BAL,CHI,0,0,0,0,0,0,0,1,2,0,0,0,0,0,0,0,0,0,0,0,0,0
00-0034981,F.Moreau,Foster Moreau,TE,2025,8,REG,2025_08_TB_NO,NO,TB,0,0,0,0,0,0,0,0,0,0,0,0,0,1,0,0,0,0,-7,0.02,-0.0167064439140811,0
00-0035021,A.Dulin,Ashton Dulin,WR,2025,8,REG,2025_08_TEN_IND,IND,TEN,0,0,0,0,0,0,0,0,0,0,0,0,1,1,-8,0,0,0,-8,0.0357142857142857,-0.0299625468164794,0
00-0035208,O.Zaccheaus,Olamide Zaccheaus,WR,2025,8,REG,2025_08_CHI_BAL,CHI,BAL,0,0,0,0,0,0,0,0,0,0,0,0,7,7,33,0,0,0,25,0.2,0.0806451612903226,0
00-0035229,T.Hockenson,T.J. Hockenson,TE,2025,8,REG,2025_08_MIN_LAC,MIN,LAC,0,0,0,0,0,0,0,0,0,0,0,0,2,3,26,0,0,0,7,0.1,0.0648148148148148,0
00-0035250,D.Singletary,Devin Singletary,RB,2025,8,REG,2025_08_NYG_PHI,NYG,PHI,0,0,0,0,0,0,0,2,0,0,0,0,1,1,28,0,0,0,23,0.0454545454545455,0.0978723404255319,0
00-0035261,T.Pollard,Tony Pollard,RB,2025,8,REG,2025_08_TEN_IND,TEN,IND,0,0,0,0,0,0,0,11,44,0,0,0,1,2,9,0,0,0,6,0.0540540540540541,0.0182926829268293,0
00-0035264,J.Stidham,Jarrett Stidham,QB,2025,8,REG,2025_08_DAL_DEN,DEN,DAL,0,0,0,0,0,0,0,1,-1,0,0,0,0,0,0,0,0,0,0,0,0,0
00-0035359,D.Sills,David Sills,WR,2025,8,REG,2025_08_MIA_ATL,ATL,MIA,0,0,0,0,0,0,0,0,0,0,0,0,2,3,14,0,0,0,30,0.1,0.105263157894737,0
00-0035535,D.Slayton,Darius Slayton,WR,2025,8,REG,2025_08_NYG_PHI,NYG,PHI,0,0,0,0,0,0,0,0,0,0,0,0,2,5,26,0,0,0,72,0.227272727272727,0.306382978723404,0
00-0035537,Ty.Johnson,Ty Johnson,RB,2025,8,REG,2025_08_BUF_CAR,BUF,CAR,0,0,0,0,0,0,0,4,6,0,0,0,0,0,0,0,0,0,0,0,0,0
00-0035594,T.Homer,Travis Homer,RB,2025,8,REG,2025_08_CHI_BAL,CHI,BAL,0,0,0,0,0,0,0,0,0,0,0,0,0,0,0,0,0,0,0,0,0,0
00-0035640,D.Metcalf,DK Metcalf,WR,2025,8,REG,2025_08_GB_PIT,PIT,GB,0,0,0,0,0,0,0,0,0,0,0,0,5,7,55,1,0,0,69,0.21875,0.2875,0
00-0035644,N.Fant,Noah Fant,TE,2025,8,REG,2025_08_NYJ_CIN,CIN,NYJ,0,0,0,0,0,0,0,0,0,0,0,0,3,3,41,0,0,0,11,0.0909090909090909,0.0509259259259259,0
00-0035645,G.Olszewski,Gunner Olszewski,WR,2025,8,REG,2025_08_NYG_PHI,NYG,PHI,0,0,0,0,0,0,0,0,0,0,0,0,0,0,0,0,0,0,0,0,0,0
00-0035659,T.McLaurin,Terry McLaurin,WR,2025,8,REG,2025_08_WAS_KC,WAS,KC,0,0,0,0,0,0,0,0,0,0,0,0,3,4,54,1,0,0,82,0.133333333333333,0.506172839506173,0
00-0035662,M.Brown,Marquise Brown,WR,2025,8,REG,2025_08_WAS_KC,KC,WAS,0,0,0,0,0,0,0,0,0,0,0,0,0,1,0,0,0,0,19,0.03125,0.0867579908675799,0
00-0035689,D.Knox,Dawson Knox,TE,2025,8,REG,2025_08_BUF_CAR,BUF,CAR,0,0,0,0,0,0,0,0,0,0,0,0,1,1,15,0,0,0,14,0.0434782608695652,0.0952380952380952,0
00-0035700,J.Jacobs,Josh Jacobs,RB,2025,8,REG,2025_08_GB_PIT,GB,PIT,0,0,0,0,0,0,0,13,33,1,0,0,3,3,12,0,0,0,-12,0.0857142857142857,-0.0618556701030928,0
00-0035710,D.Jones,Daniel Jones,QB,2025,8,REG,2025_08_TEN_IND,IND,TEN,21,29,272,3,0,0,0,1,3,0,0,0,0,0,0,0,0,0,0,0,0,0
00-0035719,D.Samuel,Deebo Samuel Sr.,WR,2025,8,REG,2025_08_WAS_KC,WAS,KC,0,0,0,0,0,0,0,1,1,0,0,0,3,6,11,0,0,0,29,0.2,0.179012345679012,0
00-0035993,T.Huntley,Tyler Huntley,QB,2025,8,REG,2025_08_CHI_BAL,BAL,CHI,17,22,186,1,0,0,0,8,53,0,0,0,0,0,0,0,0,0,0,0,0,0
00-0036040,J.Johnson,Juwan Johnson,TE,2025,8,REG,2025_08_TB_NO,NO,TB,0,0,0,0,0,0,0,0,0,0,0,0,5,8,53,0,0,0,90,0.16,0.214797136038186,0
00-0036139,R.Dowdle,Rico Dowdle,RB,2025,8,REG,2025_08_BUF_CAR,CAR,BUF,0,0,0,0,0,0,0,8,54,0,0,0,0,0,0,0,0,0,0,0,0,0
00-0036158,J.Dobbins,J.K. Dobbins,RB,2025,8,REG,2025_08_DAL_DEN,DEN,DAL,0,0,0,0,0,0,0,15,111,0,0,0,2,2,10,0,0,0,0,0.0740740740740741,0,0
00-0036182,N.Westbrook-Ikhine,Nick Westbrook-Ikhine,WR,2025,8,REG,2025_08_MIA_ATL,MIA,ATL,0,0,0,0,0,0,0,0,0,0,0,0,1,3,18,0,0,0,24,0.111111111111111,0.237623762376238,0
00-0036187,R.Gilliam,Reggie Gilliam,RB,2025,8,REG,2025_08_BUF_CAR,BUF,CAR,0,0,0,0,0,0,0,0,0,0,0,0,0,0,0,0,0,0,0,0,0,0
00-0036212,T.Tagovailoa,Tua Tagovailoa,QB,2025,8,REG,2025_08_MIA_ATL,MIA,ATL,20,26,205,4,0,0,0,0,0,0,0,0,0,0,0,0,0,0,0,0,0,0
00-0036223,J.Taylor,Jonathan Taylor,RB,2025,8,REG,2025_08_TEN_IND,IND,TEN,0,0,0,0,0,0,0,12,153,2,0,0,2,2,21,1,0,0,-8,0.0714285714285714,-0.0299625468164794,0
00-0036232,H.Bryant,Harrison Bryant,TE,2025,8,REG,2025_08_SF_HOU,HOU,SF,0,0,0,0,0,0,0,0,0,0,0,0,0,1,0,0,0,0,24,0.0263157894736842,0.0710059171597633,0
00-0036252,M.Pittman,Michael Pittman,WR,2025,8,REG,2025_08_TEN_IND,IND,TEN,0,0,0,0,0,0,0,0,0,0,0,0,8,9,95,1,0,0,68,0.321428571428571,0.254681647940075,0
00-0036259,J.Jennings,Jauan Jennings,WR,2025,8,REG,2025_08_SF_HOU,SF,HOU,0,0,0,0,0,0,0,0,0,0,0,0,4,7,45,0,0,0,121,0.225806451612903,0.379310344827586,0
00-0036264,J.Love,Jordan Love,QB,2025,8,REG,2025_08_GB_PIT,GB,PIT,29,37,360,3,0,0,1,1,-1,0,0,0,0,0,0,0,0,0,0,0,0,0
00-0036275,D.Swift,D'Andre Swift,RB,2025,8,REG,2025_08_CHI_BAL,CHI,BAL,0,0,0,0,0,0,0,11,45,1,0,0,2,2,26,0,0,0,-12,0.0571428571428571,-0.0387096774193548,0
00-0036309,D.Mooney,Darnell Mooney,WR,2025,8,REG,2025_08_MIA_ATL,ATL,MIA,0,0,0,0,0,0,0,0,0,0,0,0,1,4,11,0,0,0,85,0.133333333333333,0.298245614035088,0
00-0036322,J.Jefferson,Justin Jefferson,WR,2025,8,REG,2025_08_MIN_LAC,MIN,LAC,0,0,0,0,0,0,0,0,0,0,0,0,7,11,74,0,0,0,80,0.366666666666667,0.740740740740741,0
00-0036331,D.Duvernay,Devin Duvernay,WR,2025,8,REG,2025_08_CHI_BAL,CHI,BAL,0,0,0,0,0,0,0,0,0,0,0,0,1,3,2,0,0,0,48,0.0857142857142857,0.154838709677419,0
00-0036355,J.Herbert,Justin Herbert,QB,2025,8,REG,2025_08_MIN_LAC,LAC,MIN,18,25,227,3,1,0,0,7,62,0,0,0,0,0,0,0,0,0,0,0,0,0
00-0036358,C.Lamb,CeeDee Lamb,WR,2025,8,REG,2025_08_DAL_DEN,DAL,DEN,0,0,0,0,0,0,0,1,2,0,0,0,7,10,74,0,0,0,90,0.285714285714286,0.343511450381679,0
00-0036389,J.Hurts,Jalen Hurts,QB,2025,8,REG,2025_08_NYG_PHI,PHI,NYG,15,20,179,4,0,0,0,4,22,0,0,0,0,0,0,0,0,0,0,0,0,0
00-0036407,J.Jeudy,Jerry Jeudy,WR,2025,8,REG,2025_08_CLE_NE,CLE,NE,0,0,0,0,0,0,0,0,0,0,0,0,0,2,0,0,0,0,19,0.0606060606060606,0.0974358974358974,0
00-0036410,T.Higgins,Tee Higgins,WR,2025,8,REG,2025_08_NYJ_CIN,CIN,NYJ,0,0,0,0,0,0,0,0,0,0,0,0,1,2,44,1,0,0,56,0.0606060606060606,0.259259259259259,0
00-0036415,V.Jefferson,Van Jefferson,WR,2025,8,REG,2025_08_TEN_IND,TEN,IND,0,0,0,0,0,0,0,0,0,0,0,0,1,8,6,0,0,0,82,0.216216216216216,0.25,0
00-0036422,A.Trautman,Adam Trautman,TE,2025,8,REG,2025_08_DAL_DEN,DEN,DAL,0,0,0,0,0,0,0,0,0,0,0,0,0,0,0,0,0,0,0,0,0,0
00-0036427,T.Johnson,Tyler Johnson,WR,2025,8,REG,2025_08_NYJ_CIN,NYJ,CIN,0,0,0,0,0,0,0,0,0,0,0,0,3,5,64,1,0,0,85,0.166666666666667,0.461956521739131,0
00-0036550,R.Bateman,Rashod Bateman,WR,2025,8,REG,2025_08_CHI_BAL,BAL,CHI,0,0,0,0,0,0,0,0,0,0,0,0,2,4,51,0,0,0,64,0.181818181818182,0.30622009569378,0
00-0036555,C.Hubbard,Chuba Hubbard,RB,2025,8,REG,2025_08_BUF_CAR,CAR,BUF,0,0,0,0,0,0,0,12,34,1,0,0,0,1,0,0,0,0,5,0.0434782608695652,0.0256410256410256,0
00-0036613,J.Waddle,Jaylen Waddle,WR,2025,8,REG,2025_08_MIA_ATL,MIA,ATL,0,0,0,0,0,0,0,0,0,0,0,0,5,6,99,1,0,0,69,0.222222222222222,0.683168316831683,0
00-0036620,D.Eskridge,Dee Eskridge,WR,2025,8,REG,2025_08_MIA_ATL,MIA,ATL,0,0,0,0,0,0,0,0,0,0,0,0,0,0,0,0,0,0,0,0,0,0
00-0036628,J.Bates,John Bates,TE,2025,8,REG,2025_08_WAS_KC,WAS,KC,0,0,0,0,0,0,0,0,0,0,0,0,1,1,22,0,0,0,9,0.0333333333333333,0.0555555555555556,0
00-0036630,T.Wallace,Tylan Wallace,WR,2025,8,REG,2025_08_CHI_BAL,BAL,CHI,0,0,0,0,0,0,0,0,0,0,0,0,1,1,6,0,0,0,-1,0.0454545454545455,-0.00478468899521531,0
00-0036637,N.Gray,Noah Gray,TE,2025,8,REG,2025_08_WAS_KC,KC,WAS,0,0,0,0,0,0,0,0,0,0,0,0,2,4,23,0,0,0,33,0.125,0.150684931506849,0
00-0036741,J.Stoll,Jack Stoll,TE,2025,8,REG,2025_08_TB_NO,NO,TB,0,0,0,0,0,0,0,0,0,0,0,0,0,1,0,0,0,0,-2,0.02,-0.00477326968973747,0
00-0036755,J.Patterson,Jaret Patterson,RB,2025,8,REG,2025_08_MIN_LAC,LAC,MIN,0,0,0,0,0,0,0,11,30,0,0,0,0,0,0,0,0,0,0,0,0,0
00-0036825,F.Franks,Feleipe Franks,TE,2025,8,REG,2025_08_MIA_ATL,ATL,MIA,0,0,0,0,0,0,0,0,0,0,0,0,0,0,0,0,0,0,0,0,0,0
00-0036862,B.Skowronek,Ben Skowronek,WR,2025,8,REG,2025_08_GB_PIT,PIT,GB,0,0,0,0,0,0,0,0,0,0,0,0,1,1,13,0,0,0,6,0.03125,0.025,0
00-0036875,R.Stevenson,Rhamondre Stevenson,RB,2025,8,REG,2025_08_CLE_NE,NE,CLE,0,0,0,0,0,0,0,14,34,0,0,0,1,2,15,0,0,0,43,0.0869565217391304,0.155234657039711,0
00-0036887,L.Farrell,Luke Farrell,TE,2025,8,REG,2025_08_SF_HOU,SF,HOU,0,0,0,0,0,0,0,0,0,0,0,0,0,0,0,0,0,0,0,0,0,0
00-0036894,P.Freiermuth,Pat Freiermuth,TE,2025,8,REG,2025_08_GB_PIT,PIT,GB,0,0,0,0,0,0,0,0,0,0,0,0,3,4,13,0,0,0,15,0.125,0.0625,0
00-0036900,J.Chase,Ja'Marr Chase,WR,2025,8,REG,2025_08_NYJ_CIN,CIN,NYJ,0,0,0,0,0,0,0,0,0,0,0,0,12,19,91,0,0,0,98,0.575757575757576,0.453703703703704,0
00-0036912,D.Smith,DeVonta Smith,WR,2025,8,REG,2025_08_NYG_PHI,PHI,NYG,0,0,0,0,0,0,0,0,0,0,0,0,6,9,84,0,0,0,107,0.45,0.727891156462585,0
00-0036919,K.Gainwell,Kenny Gainwell,RB,2025,8,REG,2025_08_GB_PIT,PIT,GB,0,0,0,0,0,0,0,5,31,0,0,0,2,2,4,0,1,0,0,0.0625,0,0
00-0036945,J.Fields,Justin Fields,QB,2025,8,REG,2025_08_NYJ_CIN,NYJ,CIN,21,32,244,1,0,0,1,11,31,0,0,1,0,0,0,0,0,0,0,0,0,0
00-0036970,K.Pitts,Kyle Pitts,TE,2025,8,REG,2025_08_MIA_ATL,ATL,MIA,0,0,0,0,0,0,0,0,0,0,0,0,9,9,59,0,0,0,39,0.3,0.136842105263158,0
00-0036972,M.Jones,Mac Jones,QB,2025,8,REG,2025_08_SF_HOU,SF,HOU,19,32,193,2,1,0,1,2,23,0,0,0,0,0,0,0,0,0,0,0,0,0
00-0036980,E.Moore,Elijah Moore,WR,2025,8,REG,2025_08_BUF_CAR,BUF,CAR,0,0,0,0,0,0,0,0,0,0,0,0,1,4,14,0,0,0,41,0.173913043478261,0.27891156462585,0
00-0036997,J.Williams,Javonte Williams,RB,2025,8,REG,2025_08_DAL_DEN,DAL,DEN,0,0,0,0,0,0,0,13,41,2,0,0,1,2,8,0,0,0,-2,0.0571428571428571,-0.00763358778625954,0
00-0037005,T.Tremble,Tommy Tremble,TE,2025,8,REG,2025_08_BUF_CAR,CAR,BUF,0,0,0,0,0,0,0,0,0,0,0,0,1,1,4,0,0,0,1,0.0434782608695652,0.00512820512820513,0
00-0037013,Z.Wilson,Zach Wilson,QB,2025,8,REG,2025_08_MIA_ATL,MIA,ATL,1,1,0,0,0,0,0,0,0,0,0,0,0,0,0,0,0,0,0,0,0,0
00-0037085,T.Badie,Tyler Badie,RB,2025,8,REG,2025_08_DAL_DEN,DEN,DAL,0,0,0,0,0,0,0,1,6,0,0,0,0,0,0,0,0,0,0,0,0,0
00-0037091,B.Melton,Bo Melton,WR,2025,8,REG,2025_08_GB_PIT,GB,PIT,0,0,0,0,0,0,0,0,0,0,0,0,0,0,0,0,0,0,0,0,0,0
00-0037112,J.Tonges,Jake Tonges,TE,2025,8,REG,2025_08_SF_HOU,SF,HOU,0,0,0,0,0,0,0,0,0,0,0,0,1,1,2,1,0,0,2,0.032258064516129,0.00626959247648903,0
00-0037120,T.Goodson,Tyler Goodson,RB,2025,8,REG,2025_08_TEN_IND,IND,TEN,0,0,0,0,0,0,0,2,2,0,0,0,0,0,0,0,0,0,0,0,0,0
00-0037197,I.Pacheco,Isiah Pacheco,RB,2025,8,REG,2025_08_WAS_KC,KC,WAS,0,0,0,0,0,0,0,12,58,0,0,0,0,0,0,0,0,0,0,0,0,0
00-0037228,J.Warren,Jaylen Warren,RB,2025,8,REG,2025_08_GB_PIT,PIT,GB,0,0,0,0,0,0,0,13,62,0,0,0,2,3,11,0,0,0,-8,0.09375,-0.0333333333333333,0
00-0037239,C.Olave,Chris Olave,WR,2025,8,REG,2025_08_TB_NO,NO,TB,0,0,0,0,0,0,0,1,-3,0,0,0,8,12,63,0,0,0,129,0.24,0.307875894988067,0
00-0037247,G.Pickens,George Pickens,WR,2025,8,REG,2025_08_DAL_DEN,DAL,DEN,0,0,0,0,0,0,0,0,0,0,0,0,7,9,78,0,0,0,69,0.257142857142857,0.263358778625954,0
00-0037248,J.Cook,James Cook,RB,2025,8,REG,2025_08_BUF_CAR,BUF,CAR,0,0,0,0,0,0,0,19,216,2,0,0,0,0,0,0,0,0,0,0,0,0
00-0037256,R.White,Rachaad White,RB,2025,8,REG,2025_08_TB_NO,TB,NO,0,0,0,0,0,0,0,13,35,0,0,0,2,2,26,0,0,0,-4,0.0833333333333333,-0.0246913580246914,0
00-0037258,D.Pierce,Dameon Pierce,RB,2025,8,REG,2025_08_SF_HOU,HOU,SF,0,0,0,0,0,0,0,0,0,0,0,0,0,0,0,0,0,0,0,0,0,0
00-0037261,K.Shakir,Khalil Shakir,WR,2025,8,REG,2025_08_BUF_CAR,BUF,CAR,0,0,0,0,0,0,0,0,0,0,0,0,6,7,88,1,0,0,10,0.304347826086957,0.0680272108843538,0
00-0037263,T.Allgeier,Tyler Allgeier,RB,2025,8,REG,2025_08_MIA_ATL,ATL,MIA,0,0,0,0,0,0,0,4,4,1,0,0,2,2,10,0,0,0,5,0.0666666666666667,0.0175438596491228,0
00-0037267,J.Ford,Jerome Ford,RB,2025,8,REG,2025_08_CLE_NE,CLE,NE,0,0,0,0,0,0,0,0,0,0,0,0,1,2,-1,0,0,0,1,0.0606060606060606,0.00512820512820513,0
00-0037291,J.Nailor,Jalen Nailor,WR,2025,8,REG,2025_08_MIN_LAC,MIN,LAC,0,0,0,0,0,0,0,0,0,0,0,0,0,1,0,0,0,0,5,0.0333333333333333,0.0462962962962963,0
00-0037292,A.Ogletree,Andrew Ogletree,TE,2025,8,REG,2025_08_TEN_IND,IND,TEN,0,0,0,0,0,0,0,0,0,0,0,0,0,1,0,0,0,0,5,0.0357142857142857,0.0187265917602996,0
00-0037306,J.FitzPatrick,John FitzPatrick,TE,2025,8,REG,2025_08_GB_PIT,GB,PIT,0,0,0,0,0,0,0,0,0,0,0,0,1,1,4,0,0,0,1,0.0285714285714286,0.00515463917525773,0
00-0037348,T.Conner,Tanner Conner,TE,2025,8,REG,2025_08_MIA_ATL,MIA,ATL,0,0,0,0,0,0,0,0,0,0,0,0,2,2,6,0,0,0,-2,0.0740740740740741,-0.0198019801980198,0
00-0037525,J.Mason,Jordan Mason,RB,2025,8,REG,2025_08_MIN_LAC,MIN,LAC,0,0,0,0,0,0,0,4,3,0,0,0,1,1,3,0,0,0,-1,0.0333333333333333,-0.00925925925925926,0
00-0037545,R.Shaheed,Rashid Shaheed,WR,2025,8,REG,2025_08_TB_NO,NO,TB,0,0,0,0,0,0,0,0,0,0,0,0,9,12,75,0,1,0,107,0.24,0.255369928400955,0
00-0037563,M.Davis,Malik Davis,RB,2025,8,REG,2025_08_DAL_DEN,DAL,DEN,0,0,0,0,0,0,0,2,3,0,0,0,0,0,0,0,0,0,0,0,0,0
00-0037594,J.Chestnut,Julius Chestnut,RB,2025,8,REG,2025_08_TEN_IND,TEN,IND,0,0,0,0,0,0,0,2,5,0,0,0,0,0,0,0,0,0,0,0,0,0
00-0037664,A.Pierce,Alec Pierce,WR,2025,8,REG,2025_08_TEN_IND,IND,TEN,0,0,0,0,0,0,0,0,0,0,0,0,2,5,69,0,0,0,143,0.178571428571429,0.535580524344569,0
00-0037666,J.Tolbert,Jalen Tolbert,WR,2025,8,REG,2025_08_DAL_DEN,DAL,DEN,0,0,0,0,0,0,0,0,0,0,0,0,2,2,47,1,0,0,42,0.0571428571428571,0.16030534351145,0
00-0037741,J.Dotson,Jahan Dotson,WR,2025,8,REG,2025_08_NYG_PHI,PHI,NYG,0,0,0,0,0,0,0,0,0,0,0,0,1,2,40,1,0,0,50,0.1,0.340136054421769,0
00-0037746,B.Robinson,Brian Robinson,RB,2025,8,REG,2025_08_SF_HOU,SF,HOU,0,0,0,0,0,0,0,0,0,0,0,0,0,0,0,0,0,0,0,0,0,0
00-0037801,K.Turpin,KaVontae Turpin,WR,2025,8,REG,2025_08_DAL_DEN,DAL,DEN,0,0,0,0,0,0,0,0,0,0,0,0,1,5,-2,0,0,0,7,0.142857142857143,0.0267175572519084,0
00-0037805,J.Ruckert,Jeremy Ruckert,TE,2025,8,REG,2025_08_NYJ_CIN,NYJ,CIN,0,0,0,0,0,0,0,0,0,0,0,0,1,1,24,0,0,0,4,0.0333333333333333,0.0217391304347826,0
00-0037809,C.Okonkwo,Chig Okonkwo,TE,2025,8,REG,2025_08_TEN_IND,TEN,IND,0,0,0,0,0,0,0,0,0,0,0,0,4,5,53,0,0,0,32,0.135135135135135,0.0975609756097561,0
00-0037816,R.Doubs,Romeo Doubs,WR,2025,8,REG,2025_08_GB_PIT,GB,PIT,0,0,0,0,0,0,0,0,0,0,0,0,3,6,44,0,0,1,110,0.171428571428571,0.567010309278351,0
00-0037837,C.Austin,Calvin Austin III,WR,2025,8,REG,2025_08_GB_PIT,PIT,GB,0,0,0,0,0,0,0,0,0,0,0,0,4,6,28,0,0,0,22,0.1875,0.0916666666666667,0
00-0037838,I.Likely,Isaiah Likely,TE,2025,8,REG,2025_08_CHI_BAL,BAL,CHI,0,0,0,0,0,0,0,0,0,0,0,0,2,2,8,0,0,0,3,0.0909090909090909,0.0143540669856459,0
00-0038041,J.Ferguson,Jake Ferguson,TE,2025,8,REG,2025_08_DAL_DEN,DAL,DEN,0,0,0,0,0,0,0,0,0,0,0,0,0,1,0,0,0,0,30,0.0285714285714286,0.114503816793893,0
00-0038046,C.Kolar,Charlie Kolar,TE,2025,8,REG,2025_08_CHI_BAL,BAL,CHI,0,0,0,0,0,0,0,0,0,0,0,0,1,1,10,1,0,0,5,0.0454545454545455,0.0239234449760766,0
00-0038090,S.Moore,Skyy Moore,WR,2025,8,REG,2025_08_SF_HOU,SF,HOU,0,0,0,0,0,0,0,0,0,0,0,0,0,1,0,0,0,0,44,0.032258064516129,0.137931034482759,0
00-0038115,D.Bellinger,Daniel Bellinger,TE,2025,8,REG,2025_08_NYG_PHI,NYG,PHI,0,0,0,0,0,0,0,0,0,0,0,0,1,1,21,0,0,0,19,0.0454545454545455,0.0808510638297872,0
00-0038117,W.Robinson,Wan'Dale Robinson,WR,2025,8,REG,2025_08_NYG_PHI,NYG,PHI,0,0,0,0,0,0,0,0,0,0,0,0,3,4,48,0,0,0,55,0.181818181818182,0.234042553191489,0
00-0038120,B.Hall,Breece Hall,RB,2025,8,REG,2025_08_NYJ_CIN,NYJ,CIN,1,1,4,1,0,0,0,18,133,2,0,0,2,3,14,0,0,0,-2,0.1,-0.0108695652173913,0
00-0038124,C.Watson,Christian Watson,WR,2025,8,REG,2025_08_GB_PIT,GB,PIT,0,0,0,0,0,0,0,0,0,0,0,0,4,4,85,0,0,0,73,0.114285714285714,0.376288659793814,0
00-0038129,C.Otton,Cade Otton,TE,2025,8,REG,2025_08_TB_NO,TB,NO,0,0,0,0,0,0,0,0,0,0,0,0,4,5,40,0,0,0,23,0.208333333333333,0.141975308641975,0
00-0038400,T.McKee,Tanner McKee,QB,2025,8,REG,2025_08_NYG_PHI,PHI,NYG,0,0,0,0,0,0,0,3,-2,0,0,0,0,0,0,0,0,0,0,0,0,0
00-0038440,Z.Scott,Zavier Scott,RB,2025,8,REG,2025_08_MIN_LAC,MIN,LAC,0,0,0,0,0,0,0,2,16,0,0,0,2,2,8,0,0,0,-10,0.0666666666666667,-0.0925925925925926,0
00-0038454,K.Mitchell,Keaton Mitchell,RB,2025,8,REG,2025_08_CHI_BAL,BAL,CHI,0,0,0,0,0,0,0,4,43,0,0,0,0,0,0,0,0,0,0,0,0,0
00-0038465,M.Heath,Malik Heath,WR,2025,8,REG,2025_08_GB_PIT,GB,PIT,0,0,0,0,0,0,0,0,0,0,0,0,3,3,29,0,0,0,7,0.0857142857142857,0.0360824742268041,0
00-0038496,X.Gipson,Xavier Gipson,WR,2025,8,REG,2025_08_NYG_PHI,PHI,NYG,0,0,0,0,0,0,0,0,0,0,0,0,1,1,3,0,0,0,-5,0.05,-0.0340136054421769,0
00-0038519,N.Remigio,Nikko Remigio,WR,2025,8,REG,2025_08_WAS_KC,KC,WAS,0,0,0,0,0,0,0,0,0,0,0,0,0,0,0,0,0,0,0,0,0,0
00-0038542,B.Robinson,Bijan Robinson,RB,2025,8,REG,2025_08_MIA_ATL,ATL,MIA,0,0,0,0,0,0,0,9,25,0,1,0,3,3,23,0,0,0,-4,0.1,-0.0140350877192982,0
00-0038547,L.Schoonmaker,Luke Schoonmaker,TE,2025,8,REG,2025_08_DAL_DEN,DAL,DEN,0,0,0,0,0,0,0,0,0,0,0,0,2,3,25,0,0,0,9,0.0857142857142857,0.0343511450381679,0
00-0038555,T.Bigsby,Tank Bigsby,RB,2025,8,REG,2025_08_NYG_PHI,PHI,NYG,0,0,0,0,0,0,0,9,104,0,0,0,0,0,0,0,0,0,0,0,0,0
00-0038564,C.Latu,Cameron Latu,TE,2025,8,REG,2025_08_NYG_PHI,PHI,NYG,0,0,0,0,0,0,0,0,0,0,0,0,0,0,0,0,0,0,0,0,0,0
00-0038573,D.Davis,Derius Davis,WR,2025,8,REG,2025_08_MIN_LAC,LAC,MIN,0,0,0,0,0,0,0,0,0,0,0,0,0,0,0,0,0,0,0,0,0,0
00-0038576,C.Jones,Charlie Jones,WR,2025,8,REG,2025_08_NYJ_CIN,CIN,NYJ,0,0,0,0,0,0,0,0,0,0,0,0,0,0,0,0,0,0,0,0,0,0
00-0038597,C.Brown,Chase Brown,RB,2025,8,REG,2025_08_NYJ_CIN,CIN,NYJ,0,0,0,0,0,0,0,12,73,1,0,0,3,3,32,1,0,0,7,0.0909090909090909,0.0324074074074074,0
00-0038608,K.Boutte,Kayshon Boutte,WR,2025,8,REG,2025_08_CLE_NE,NE,CLE,0,0,0,0,0,0,0,0,0,0,0,0,3,5,75,1,0,0,101,0.217391304347826,0.364620938628159,0
00-0038611,C.Rodriguez,Chris Rodriguez Jr.,RB,2025,8,REG,2025_08_WAS_KC,WAS,KC,0,0,0,0,0,0,0,1,2,0,0,0,0,0,0,0,0,0,0,0,0,0
00-0038618,X.Hutchinson,Xavier Hutchinson,WR,2025,8,REG,2025_08_SF_HOU,HOU,SF,0,0,0,0,0,0,0,0,0,0,0,0,5,6,69,1,0,0,51,0.157894736842105,0.150887573964497,0
00-0038619,A.Iosivas,Andrei Iosivas,WR,2025,8,REG,2025_08_NYJ_CIN,CIN,NYJ,0,0,0,0,0,0,0,0,0,0,0,0,0,3,0,0,0,0,34,0.0909090909090909,0.157407407407407,0
00-0038621,D.Douglas,DeMario Douglas,WR,2025,8,REG,2025_08_CLE_NE,NE,CLE,0,0,0,0,0,0,0,2,3,0,0,0,1,1,44,0,0,0,24,0.0434782608695652,0.0866425992779783,0
00-0038685,C.Brooks,Chris Brooks,RB,2025,8,REG,2025_08_GB_PIT,GB,PIT,0,0,0,0,0,0,0,0,0,0,0,0,0,0,0,0,0,0,0,0,0,0
00-0038728,J.Wayne,Jared Wayne,WR,2025,8,REG,2025_08_SF_HOU,HOU,SF,0,0,0,0,0,0,0,0,0,0,0,0,2,2,20,0,0,0,17,0.0526315789473684,0.0502958579881657,0
00-0038738,H.Luepke,Hunter Luepke,RB,2025,8,REG,2025_08_DAL_DEN,DAL,DEN,0,0,0,0,0,0,0,1,2,0,0,0,0,0,0,0,0,0,0,0,0,0
00-0038783,N.Adkins,Nate Adkins,TE,2025,8,REG,2025_08_DAL_DEN,DEN,DAL,0,0,0,0,0,0,0,0,0,0,0,0,0,1,0,0,0,0,7,0.037037037037037,0.0234113712374582,0
00-0038797,E.Wilson,Emanuel Wilson,RB,2025,8,REG,2025_08_GB_PIT,GB,PIT,0,0,0,0,0,0,0,11,61,0,0,0,3,4,26,0,0,0,5,0.114285714285714,0.0257731958762887,0
00-0038840,B.Tremayne,Brycen Tremayne,WR,2025,8,REG,2025_08_BUF_CAR,CAR,BUF,0,0,0,0,0,0,0,0,0,0,0,0,0,0,0,0,0,0,0,0,0,0
00-0038933,D.Kincaid,Dalton Kincaid,TE,2025,8,REG,2025_08_BUF_CAR,BUF,CAR,0,0,0,0,0,0,0,0,0,0,0,0,1,3,23,0,0,0,33,0.130434782608696,0.224489795918367,0
00-0038951,S.Tucker,Sean Tucker,RB,2025,8,REG,2025_08_TB_NO,TB,NO,0,0,0,0,0,0,0,12,42,1,0,0,0,0,0,0,0,0,0,0,0,0
00-0038976,M.Mims,Marvin Mims Jr.,WR,2025,8,REG,2025_08_DAL_DEN,DEN,DAL,0,0,0,0,0,0,0,3,18,0,0,0,0,1,0,0,0,0,5,0.037037037037037,0.0167224080267559,0
00-0038994,J.Addison,Jordan Addison,WR,2025,8,REG,2025_08_MIN_LAC,MIN,LAC,0,0,0,0,0,0,0,0,0,0,0,0,3,4,26,1,0,0,35,0.133333333333333,0.324074074074074,0
00-0038996,T.Kraft,Tucker Kraft,TE,2025,8,REG,2025_08_GB_PIT,GB,PIT,0,0,0,0,0,0,0,0,0,0,0,0,7,9,143,2,0,0,17,0.257142857142857,0.0876288659793814,0
00-0038997,J.Downs,Josh Downs,WR,2025,8,REG,2025_08_TEN_IND,IND,TEN,0,0,0,0,0,0,0,0,0,0,0,0,3,3,39,1,0,0,30,0.107142857142857,0.112359550561798,0
00-0039032,T.Spears,Tyjae Spears,RB,2025,8,REG,2025_08_TEN_IND,TEN,IND,0,0,0,0,0,0,0,9,59,1,0,0,3,3,23,0,0,0,5,0.0810810810810811,0.0152439024390244,0
00-0039040,D.Achane,De'Von Achane,RB,2025,8,REG,2025_08_MIA_ATL,MIA,ATL,0,0,0,0,0,0,0,18,67,0,0,0,5,7,24,1,0,0,3,0.259259259259259,0.0297029702970297,0
00-0039064,Z.Flowers,Zay Flowers,WR,2025,8,REG,2025_08_CHI_BAL,BAL,CHI,0,0,0,0,0,0,0,1,8,0,0,0,7,9,63,0,0,0,97,0.409090909090909,0.464114832535885,0
00-0039067,R.Rice,Rashee Rice,WR,2025,8,REG,2025_08_WAS_KC,KC,WAS,0,0,0,0,0,0,0,2,12,0,0,0,9,9,93,1,0,0,37,0.28125,0.168949771689498,0
00-0039144,L.Musgrave,Luke Musgrave,TE,2025,8,REG,2025_08_GB_PIT,GB,PIT,0,0,0,0,0,0,0,0,0,0,0,0,1,1,5,0,0,0,4,0.0285714285714286,0.0206185567010309,0
00-0039163,C.Stroud,C.J. Stroud,QB,2025,8,REG,2025_08_SF_HOU,HOU,SF,30,39,318,2,1,0,0,7,30,0,0,0,0,0,0,0,0,0,0,0,0,0
00-0039342,X.Legette,Xavier Legette,WR,2025,8,REG,2025_08_BUF_CAR,CAR,BUF,0,0,0,0,0,0,0,0,0,0,0,0,2,3,17,0,0,0,22,0.130434782608696,0.112820512820513,0
00-0039355,L.McCaffrey,Luke McCaffrey,WR,2025,8,REG,2025_08_WAS_KC,WAS,KC,0,0,0,0,0,0,0,0,0,0,0,0,3,3,24,0,0,0,13,0.1,0.0802469135802469,0
00-0039356,J.Sanders,Ja'Tavion Sanders,TE,2025,8,REG,2025_08_BUF_CAR,CAR,BUF,0,0,0,0,0,0,0,0,0,0,0,0,3,3,19,0,0,0,2,0.130434782608696,0.0102564102564103,0
00-0039376,S.Rattler,Spencer Rattler,QB,2025,8,REG,2025_08_TB_NO,NO,TB,15,21,136,0,1,0,0,3,12,0,1,0,0,0,0,0,0,0,0,0,0,0
00-0039379,J.Thrash,Jamari Thrash,WR,2025,8,REG,2025_08_CLE_NE,CLE,NE,0,0,0,0,0,0,0,0,0,0,0,0,2,3,31,0,0,0,11,0.0909090909090909,0.0564102564102564,0
00-0039384,T.Tracy,Tyrone Tracy Jr.,RB,2025,8,REG,2025_08_NYG_PHI,NYG,PHI,0,0,0,0,0,0,0,10,39,0,0,0,2,3,14,0,0,0,-8,0.136363636363636,-0.0340425531914894,0
00-0039391,K.Vidal,Kimani Vidal,RB,2025,8,REG,2025_08_MIN_LAC,LAC,MIN,0,0,0,0,0,0,0,23,117,1,0,0,1,2,10,0,0,0,-3,0.0833333333333333,-0.0145631067961165,0
00-0039394,C.Washington,Casey Washington,WR,2025,8,REG,2025_08_MIA_ATL,ATL,MIA,0,0,0,0,0,0,0,0,0,0,0,0,1,1,25,0,0,0,17,0.0333333333333333,0.0596491228070175,0
00-0039398,J.Milton,Joe Milton III,QB,2025,8,REG,2025_08_DAL_DEN,DAL,DEN,3,4,58,1,0,0,0,0,0,0,0,0,0,0,0,0,0,0,0,0,0,0
00-0039410,R.Flournoy,Ryan Flournoy,WR,2025,8,REG,2025_08_DAL_DEN,DAL,DEN,0,0,0,0,0,0,0,0,0,0,0,0,1,2,7,0,0,0,17,0.0571428571428571,0.0648854961832061,0
00-0039424,D.Vele,Devaughn Vele,WR,2025,8,REG,2025_08_TB_NO,NO,TB,0,0,0,0,0,0,0,0,0,0,0,0,1,5,10,0,0,0,72,0.1,0.171837708830549,0
00-0039451,I.Williams,Isaiah Williams,WR,2025,8,REG,2025_08_NYJ_CIN,NYJ,CIN,0,0,0,0,0,0,0,1,25,0,0,0,3,4,31,0,0,0,10,0.133333333333333,0.0543478260869565,0
00-0039489,H.Rucci,Hayden Rucci,TE,2025,8,REG,2025_08_MIA_ATL,MIA,ATL,0,0,0,0,0,0,0,0,0,0,0,0,0,0,0,0,0,0,0,0,0,0
00-0039491,J.Coker,Jalen Coker,WR,2025,8,REG,2025_08_BUF_CAR,CAR,BUF,0,0,0,0,0,0,0,0,0,0,0,0,3,4,36,0,0,0,21,0.173913043478261,0.107692307692308,0
00-0039530,B.Spann-Ford,Brevyn Spann-Ford,TE,2025,8,REG,2025_08_DAL_DEN,DAL,DEN,0,0,0,0,0,0,0,0,0,0,0,0,1,1,9,0,0,0,0,0.0285714285714286,0,0
00-0039589,K.Johnson,Kameron Johnson,WR,2025,8,REG,2025_08_TB_NO,TB,NO,0,0,0,0,0,0,0,0,0,0,0,0,0,0,0,0,0,0,0,0,0,0
00-0039603,B.Brooks,British Brooks,RB,2025,8,REG,2025_08_SF_HOU,HOU,SF,0,0,0,0,0,0,0,0,0,0,0,0,0,0,0,0,0,0,0,0,0,0
00-0039623,M.Tipton,Mason Tipton,WR,2025,8,REG,2025_08_TB_NO,NO,TB,0,0,0,0,0,0,0,0,0,0,0,0,0,1,0,0,0,0,15,0.02,0.035799522673031,0
00-0039648,D.Martin-Robinson,David Martin-Robinson,TE,2025,8,REG,2025_08_TEN_IND,TEN,IND,0,0,0,0,0,0,0,0,0,0,0,0,0,0,0,0,0,0,0,0,0,0
00-0039732,B.Nix,Bo Nix,QB,2025,8,REG,2025_08_DAL_DEN,DEN,DAL,19,29,247,4,1,0,0,1,-1,0,0,0,0,0,0,0,0,0,0,0,0,0
00-0039739,R.Wilson,Roman Wilson,WR,2025,8,REG,2025_08_GB_PIT,PIT,GB,0,0,0,0,0,0,0,0,0,0,0,0,4,5,74,1,0,0,92,0.15625,0.383333333333333,0
00-0039746,W.Shipley,Will Shipley,RB,2025,8,REG,2025_08_NYG_PHI,PHI,NYG,0,0,0,0,0,0,0,3,2,0,0,0,0,0,0,0,0,0,0,0,0,0
00-0039757,T.Jennings,Terrell Jennings,RB,2025,8,REG,2025_08_CLE_NE,NE,CLE,0,0,0,0,0,0,0,2,15,0,0,0,0,0,0,0,0,0,0,0,0,0
00-0039796,R.Ali,Rasheen Ali,RB,2025,8,REG,2025_08_CHI_BAL,BAL,CHI,0,0,0,0,0,0,0,0,0,0,0,0,0,0,0,0,0,0,0,0,0,0
00-0039798,I.Davis,Isaiah Davis,RB,2025,8,REG,2025_08_NYJ_CIN,NYJ,CIN,0,0,0,0,0,0,0,7,65,0,0,0,5,5,44,0,0,1,-1,0.166666666666667,-0.00543478260869565,0
00-0039816,A.Gould,Anthony Gould,WR,2025,8,REG,2025_08_TEN_IND,IND,TEN,0,0,0,0,0,0,0,0,0,0,0,0,0,0,0,0,0,0,0,0,0,0
00-0039847,T.Johnson,Theo Johnson,TE,2025,8,REG,2025_08_NYG_PHI,NYG,PHI,0,0,0,0,0,0,0,0,0,0,0,0,3,4,20,0,0,0,36,0.181818181818182,0.153191489361702,0
00-0039851,D.Maye,Drake Maye,QB,2025,8,REG,2025_08_CLE_NE,NE,CLE,18,24,282,3,1,0,0,7,50,0,0,0,0,0,0,0,0,0,0,0,0,0
00-0039868,T.Franklin,Troy Franklin,WR,2025,8,REG,2025_08_DAL_DEN,DEN,DAL,0,0,0,0,0,0,0,0,0,0,0,0,6,8,89,2,0,0,109,0.296296296296296,0.364548494983278,0
00-0039874,J.Wright,Jaylen Wright,RB,2025,8,REG,2025_08_MIA_ATL,MIA,ATL,0,0,0,0,0,0,0,9,28,0,0,0,1,1,0,0,0,0,-3,0.037037037037037,-0.0297029702970297,0
00-0039875,R.Davis,Ray Davis,RB,2025,8,REG,2025_08_BUF_CAR,BUF,CAR,0,0,0,0,0,0,0,9,16,0,0,0,0,1,0,0,0,0,1,0.0434782608695652,0.00680272108843537,0
00-0039880,M.Washington,Malik Washington,WR,2025,8,REG,2025_08_MIA_ATL,MIA,ATL,0,0,0,0,0,0,0,0,0,0,0,0,4,5,36,1,0,0,18,0.185185185185185,0.178217821782178,0
00-0039890,A.Mitchell,Adonai Mitchell,WR,2025,8,REG,2025_08_TEN_IND,IND,TEN,0,0,0,0,0,0,0,0,0,0,0,0,0,1,0,0,0,0,4,0.0357142857142857,0.0149812734082397,0
00-0039894,X.Worthy,Xavier Worthy,WR,2025,8,REG,2025_08_WAS_KC,KC,WAS,0,0,0,0,0,0,0,0,0,0,0,0,5,7,53,0,0,0,49,0.21875,0.223744292237443,0
00-0039901,K.Coleman,Keon Coleman,WR,2025,8,REG,2025_08_BUF_CAR,BUF,CAR,0,0,0,0,0,0,0,0,0,0,0,0,3,4,30,0,0,0,24,0.173913043478261,0.163265306122449,0
00-0039912,B.Sinnott,Ben Sinnott,TE,2025,8,REG,2025_08_WAS_KC,WAS,KC,0,0,0,0,0,0,0,0,0,0,0,0,1,1,22,0,0,0,2,0.0333333333333333,0.0123456790123457,0
00-0039915,L.McConkey,Ladd McConkey,WR,2025,8,REG,2025_08_MIN_LAC,LAC,MIN,0,0,0,0,0,0,0,0,0,0,0,0,6,10,88,1,0,0,100,0.416666666666667,0.485436893203884,0
00-0039918,C.Williams,Caleb Williams,QB,2025,8,REG,2025_08_CHI_BAL,CHI,BAL,25,38,285,0,1,0,0,3,24,0,0,0,0,0,0,0,0,0,0,0,0,0
00-0039919,R.Odunze,Rome Odunze,WR,2025,8,REG,2025_08_CHI_BAL,CHI,BAL,0,0,0,0,0,0,0,0,0,0,0,0,7,10,114,0,0,0,147,0.285714285714286,0.474193548387097,0
00-0039920,M.Corley,Malachi Corley,WR,2025,8,REG,2025_08_CLE_NE,CLE,NE,0,0,0,0,0,0,0,1,31,0,0,0,0,0,0,0,0,0,0,0,0,0
00-0040009,S.Williams,Savion Williams,WR,2025,8,REG,2025_08_GB_PIT,GB,PIT,0,0,0,0,0,0,0,1,1,0,0,0,1,1,8,1,0,0,-5,0.0285714285714286,-0.0257731958762887,0
00-0040078,B.Smith,Brashard Smith,RB,2025,8,REG,2025_08_WAS_KC,KC,WAS,0,0,0,0,0,0,0,3,8,0,0,0,0,0,0,0,0,0,0,0,0,0
00-0040124,T.McMillan,Tetairoa McMillan,WR,2025,8,REG,2025_08_BUF_CAR,CAR,BUF,0,0,0,0,0,0,0,0,0,0,0,0,7,10,99,0,0,0,106,0.434782608695652,0.543589743589744,0
00-0040126,C.Loveland,Colston Loveland,TE,2025,8,REG,2025_08_CHI_BAL,CHI,BAL,0,0,0,0,0,0,0,0,0,0,0,0,3,5,38,0,0,0,33,0.142857142857143,0.106451612903226,0
00-0040128,T.Warren,Tyler Warren,TE,2025,8,REG,2025_08_TEN_IND,IND,TEN,0,0,0,0,0,0,0,0,0,0,0,0,4,5,53,0,0,0,33,0.178571428571429,0.123595505617978,0
00-0040129,E.Egbuka,Emeka Egbuka,WR,2025,8,REG,2025_08_TB_NO,TB,NO,0,0,0,0,0,0,0,0,0,0,0,0,3,9,35,0,0,0,99,0.375,0.611111111111111,0
00-0040130,J.Higgins,Jayden Higgins,WR,2025,8,REG,2025_08_SF_HOU,HOU,SF,0,0,0,0,0,0,0,0,0,0,0,0,4,8,34,1,0,0,97,0.210526315789474,0.28698224852071,0
00-0040134,P.Bryant,Pat Bryant,WR,2025,8,REG,2025_08_DAL_DEN,DEN,DAL,0,0,0,0,0,0,0,0,0,0,0,0,2,4,40,1,0,0,60,0.148148148148148,0.20066889632107,0
00-0040138,J.Noel,Jaylin Noel,WR,2025,8,REG,2025_08_SF_HOU,HOU,SF,0,0,0,0,0,0,0,0,0,0,0,0,5,6,63,0,0,0,78,0.157894736842105,0.230769230769231,0
00-0040162,D.Sampson,Dylan Sampson,RB,2025,8,REG,2025_08_CLE_NE,CLE,NE,0,0,0,0,0,0,0,3,0,0,0,0,5,6,29,0,0,0,1,0.181818181818182,0.00512820512820513,0
00-0040164,J.Lane,Jaylin Lane,WR,2025,8,REG,2025_08_WAS_KC,WAS,KC,0,0,0,0,0,0,0,0,0,0,0,0,1,2,0,0,0,0,11,0.0666666666666667,0.0679012345679012,0
00-0040170,E.Ayomanor,Elic Ayomanor,WR,2025,8,REG,2025_08_TEN_IND,TEN,IND,0,0,0,0,0,0,0,0,0,0,0,0,4,8,52,0,0,0,111,0.216216216216216,0.338414634146342,0
00-0040172,J.Watkins,Jordan Watkins,WR,2025,8,REG,2025_08_SF_HOU,SF,HOU,0,0,0,0,0,0,0,0,0,0,0,0,1,2,7,0,0,0,24,0.0645161290322581,0.0752351097178683,0
00-0040189,O.Gadsden,Oronde Gadsden II,TE,2025,8,REG,2025_08_MIN_LAC,LAC,MIN,0,0,0,0,0,0,0,0,0,0,0,0,5,5,77,1,0,0,50,0.208333333333333,0.242718446601942,0
00-0040194,J.Hawes,Jackson Hawes,TE,2025,8,REG,2025_08_BUF_CAR,BUF,CAR,0,0,0,0,0,0,0,0,0,0,0,0,2,3,15,0,0,0,24,0.130434782608696,0.163265306122449,0
00-0040198,O.Gordon,Ollie Gordon II,RB,2025,8,REG,2025_08_MIA_ATL,MIA,ATL,0,0,0,0,0,0,0,10,46,0,0,0,1,1,20,1,0,0,-2,0.037037037037037,-0.0198019801980198,0
00-0040202,D.Neal,Devin Neal,RB,2025,8,REG,2025_08_TB_NO,NO,TB,0,0,0,0,0,0,0,0,0,0,0,0,3,3,11,0,0,0,-5,0.06,-0.0119331742243437,0
00-0040206,R.Leonard,Riley Leonard,QB,2025,8,REG,2025_08_TEN_IND,IND,TEN,0,2,0,0,0,0,0,1,1,0,0,0,0,0,0,0,0,0,0,0,0,0
00-0040208,T.Brooks,Tahj Brooks,RB,2025,8,REG,2025_08_NYJ_CIN,CIN,NYJ,0,0,0,0,0,0,0,0,0,0,0,0,0,0,0,0,0,0,0,0,0,0
00-0040218,Ji.Horn,Jimmy Horn Jr.,WR,2025,8,REG,2025_08_BUF_CAR,CAR,BUF,0,0,0,0,0,0,0,2,9,0,0,0,0,1,0,0,0,0,16,0.0434782608695652,0.082051282051282,0
00-0040236,K.Monangai,Kyle Monangai,RB,2025,8,REG,2025_08_CHI_BAL,CHI,BAL,0,0,0,0,0,0,0,7,24,0,0,0,0,0,0,0,0,0,0,0,0,0
00-0040237,T.Johnson,Tez Johnson,WR,2025,8,REG,2025_08_TB_NO,TB,NO,0,0,0,0,0,0,0,0,0,0,0,0,5,6,43,0,0,0,45,0.25,0.277777777777778,0
00-0040242,J.Croskey-Merritt,Jacory Croskey-Merritt,RB,2025,8,REG,2025_08_WAS_KC,WAS,KC,0,0,0,0,0,0,0,9,25,0,0,0,0,1,0,0,0,0,-8,0.0333333333333333,-0.0493827160493827,0
00-0040259,G.Larvadain,Gage Larvadain,WR,2025,8,REG,2025_08_CLE_NE,CLE,NE,0,0,0,0,0,0,0,1,3,0,0,0,0,0,0,0,0,0,0,0,0,0
00-0040277,J.Walker,Jahdae Walker,WR,2025,8,REG,2025_08_CHI_BAL,CHI,BAL,0,0,0,0,0,0,0,0,0,0,0,0,0,0,0,0,0,0,0,0,0,0
00-0040429,J.Williams,Josh Williams,RB,2025,8,REG,2025_08_TB_NO,TB,NO,0,0,0,0,0,0,0,4,11,0,0,0,0,0,0,0,0,0,0,0,0,0
00-0040432,B.Collins,Beaux Collins,WR,2025,8,REG,2025_08_NYG_PHI,NYG,PHI,0,0,0,0,0,0,0,0,0,0,0,0,1,2,18,0,0,0,22,0.0909090909090909,0.0936170212765957,0
00-0040494,M.Brosmer,Max Brosmer,QB,2025,8,REG,2025_08_MIN_LAC,MIN,LAC,3,4,13,0,0,0,0,0,0,0,0,0,0,0,0,0,0,0,0,0,0,0
00-0040506,M.Price,Myles Price,WR,2025,8,REG,2025_08_MIN_LAC,MIN,LAC,0,0,0,0,0,0,0,0,0,0,0,0,0,0,0,0,0,0,0,0,0,0
00-0040509,B.Yurosek,Ben Yurosek,TE,2025,8,REG,2025_08_MIN_LAC,MIN,LAC,0,0,0,0,0,0,0,0,0,0,0,0,1,2,5,0,0,0,6,0.0666666666666667,0.0555555555555556,0
00-0040534,K.Williams,Ke'Shawn Williams,WR,2025,8,REG,2025_08_GB_PIT,PIT,GB,0,0,0,0,0,0,0,0,0,0,0,0,0,0,0,0,0,0,0,0,0,0
00-0040547,N.Carter,Nate Carter,RB,2025,8,REG,2025_08_MIA_ATL,ATL,MIA,0,0,0,0,0,0,0,2,14,0,0,0,0,0,0,0,0,0,0,0,0,0
00-0040582,A.Smith,Arian Smith,WR,2025,8,REG,2025_08_NYJ_CIN,NYJ,CIN,0,0,0,0,0,0,0,0,0,0,0,0,1,1,23,0,0,0,21,0.0333333333333333,0.114130434782609,0
00-0040583,W.Marks,Woody Marks,RB,2025,8,REG,2025_08_SF_HOU,HOU,SF,0,0,0,0,0,0,0,11,62,0,0,0,4,4,49,0,0,0,-7,0.105263157894737,-0.0207100591715976,0
00-0040584,G.Helm,Gunnar Helm,TE,2025,8,REG,2025_08_TEN_IND,TEN,IND,0,0,0,0,0,0,0,0,0,0,0,0,2,3,23,1,0,0,27,0.0810810810810811,0.0823170731707317,0
00-0040586,J.Blue,Jaydon Blue,RB,2025,8,REG,2025_08_DAL_DEN,DAL,DEN,0,0,0,0,0,0,0,8,29,0,0,0,0,0,0,0,0,0,0,0,0,0
00-0040644,T.Etienne,Trevor Etienne,RB,2025,8,REG,2025_08_BUF_CAR,CAR,BUF,0,0,0,0,0,0,0,4,16,0,0,0,0,0,0,0,0,0,0,0,0,0
00-0040663,H.Fannin,Harold Fannin Jr.,TE,2025,8,REG,2025_08_CLE_NE,CLE,NE,0,0,0,0,0,0,0,1,2,0,0,0,6,8,62,1,0,0,50,0.242424242424242,0.256410256410256,0
00-0040667,M.Golden,Matthew Golden,WR,2025,8,REG,2025_08_GB_PIT,GB,PIT,0,0,0,0,0,0,0,0,0,0,0,0,3,3,4,0,0,0,2,0.0857142857142857,0.0103092783505155,0
00-0040676,C.Ward,Cam Ward,QB,2025,8,REG,2025_08_TEN_IND,TEN,IND,22,38,259,1,1,0,0,2,4,0,0,0,0,0,0,0,0,0,0,0,0,0
00-0040691,J.Dart,Jaxson Dart,QB,2025,8,REG,2025_08_NYG_PHI,NYG,PHI,14,24,193,1,0,0,0,6,17,1,0,0,0,0,0,0,0,0,0,0,0,0
00-0040704,D.Gabriel,Dillon Gabriel,QB,2025,8,REG,2025_08_CLE_NE,CLE,NE,21,35,156,2,2,0,0,1,13,0,0,0,0,0,0,0,0,0,0,0,0,0
00-0040705,C.Dike,Chimere Dike,WR,2025,8,REG,2025_08_TEN_IND,TEN,IND,0,0,0,0,0,0,0,1,1,0,0,0,7,8,93,0,0,0,65,0.216216216216216,0.198170731707317,0
00-0040715,C.Skattebo,Cam Skattebo,RB,2025,8,REG,2025_08_NYG_PHI,NYG,PHI,0,0,0,0,0,0,0,3,12,0,0,0,1,2,18,1,0,0,17,0.0909090909090909,0.0723404255319149,0
00-0040727,T.Harris,Tre Harris,WR,2025,8,REG,2025_08_MIN_LAC,LAC,MIN,0,0,0,0,0,0,0,0,0,0,0,0,2,2,8,1,0,0,8,0.0833333333333333,0.0388349514563107,0
00-0040730,R.Harvey,RJ Harvey,RB,2025,8,REG,2025_08_DAL_DEN,DEN,DAL,0,0,0,0,0,0,0,7,46,2,0,0,1,1,5,1,0,0,1,0.037037037037037,0.00334448160535117,0
00-0040734,T.Henderson,TreVeyon Henderson,RB,2025,8,REG,2025_08_CLE_NE,NE,CLE,0,0,0,0,0,0,0,10,75,0,1,0,0,0,0,0,0,0,0,0,0,0
00-0040735,L.Burden,Luther Burden III,WR,2025,8,REG,2025_08_CHI_BAL,CHI,BAL,0,0,0,0,0,0,0,0,0,0,0,0,1,1,-1,0,0,0,-3,0.0285714285714286,-0.00967741935483871,0
00-0040736,M.Taylor,Mason Taylor,TE,2025,8,REG,2025_08_NYJ_CIN,NYJ,CIN,0,0,0,0,0,0,0,0,0,0,0,0,5,8,34,1,0,0,49,0.266666666666667,0.266304347826087,0
00-0040743,T.Shough,Tyler Shough,QB,2025,8,REG,2025_08_TB_NO,NO,TB,17,30,128,0,1,0,0,3,12,0,0,0,0,0,0,0,0,0,0,0,0,0
00-0040782,I.Bond,Isaiah Bond,WR,2025,8,REG,2025_08_CLE_NE,CLE,NE,0,0,0,0,0,0,0,0,0,0,0,0,0,4,0,0,0,0,94,0.121212121212121,0.482051282051282,0
00-0040784,Q.Judkins,Quinshon Judkins,RB,2025,8,REG,2025_08_CLE_NE,CLE,NE,0,0,0,0,0,0,0,9,19,0,0,0,3,3,-2,0,0,0,-4,0.0909090909090909,-0.0205128205128205,0
00-0023459,A.Rodgers,Aaron Rodgers,QB,2025,9,REG,2025_09_IND_PIT,PIT,IND,25,35,203,1,0,0,0,2,0,0,0,0,0,0,0,0,0,0,0,0,0,0
00-0026158,J.Flacco,Joe Flacco,QB,2025,9,REG,2025_09_CHI_CIN,CIN,CHI,31,47,470,4,2,1,1,1,-1,0,0,0,0,0,0,0,0,0,0,0,0,0
00-0026498,M.Stafford,Matthew Stafford,QB,2025,9,REG,2025_09_NO_LA,LA,NO,24,32,281,4,0,0,0,4,-4,0,0,0,0,0,0,0,0,0,0,0,0,0
00-0030061,Z.Ertz,Zach Ertz,TE,2025,9,REG,2025_09_SEA_WAS,WAS,SEA,0,0,0,0,0,0,0,0,0,0,0,0,4,4,46,0,0,0,42,0.19047619047619,0.336,0
00-0030279,K.Allen,Keenan Allen,WR,2025,9,REG,2025_09_LAC_TEN,LAC,TEN,0,0,0,0,0,0,0,0,0,0,0,0,2,5,41,0,0,0,72,0.178571428571429,0.231511254019293,0
00-0030506,T.Kelce,Travis Kelce,TE,2025,9,REG,2025_09_KC_BUF,KC,BUF,0,0,0,0,0,0,0,0,0,0,0,0,4,5,66,0,0,1,53,0.172413793103448,0.107505070993915,0
00-0030564,D.Hopkins,DeAndre Hopkins,WR,2025,9,REG,2025_09_BAL_MIA,BAL,MIA,0,0,0,0,0,0,0,0,0,0,0,0,0,1,0,0,0,0,40,0.0434782608695652,0.193236714975845,0
00-0030565,G.Smith,Geno Smith,QB,2025,9,REG,2025_09_JAX_LV,LV,JAX,29,39,284,4,1,0,0,5,9,0,0,0,0,0,0,0,0,0,0,0,0,0
00-0031236,B.Cooks,Brandin Cooks,WR,2025,9,REG,2025_09_NO_LA,NO,LA,0,0,0,0,0,0,0,0,0,0,0,0,2,3,16,0,0,0,27,0.125,0.123853211009174,0
00-0031381,D.Adams,Davante Adams,WR,2025,9,REG,2025_09_NO_LA,LA,NO,0,0,0,0,0,0,0,0,0,0,0,0,5,7,60,2,0,0,110,0.225806451612903,0.344827586206897,0
00-0031588,S.Diggs,Stefon Diggs,WR,2025,9,REG,2025_09_ATL_NE,NE,ATL,0,0,0,0,0,0,0,0,0,0,0,0,3,4,38,1,0,0,65,0.142857142857143,0.209677419354839,0
00-0031687,R.Mostert,Raheem Mostert,RB,2025,9,REG,2025_09_JAX_LV,LV,JAX,0,0,0,0,0,0,0,0,0,0,0,0,1,1,14,0,0,0,-3,0.0263157894736842,-0.0185185185185185,0
00-0032104,A.Abdullah,Ameer Abdullah,RB,2025,9,REG,2025_09_IND_PIT,IND,PIT,0,0,0,0,0,0,0,1,3,0,0,0,1,1,2,0,0,0,2,0.0208333333333333,0.00462962962962963,0
00-0032211,T.Lockett,Tyler Lockett,WR,2025,9,REG,2025_09_JAX_LV,LV,JAX,0,0,0,0,0,0,0,0,0,0,0,0,0,1,0,0,0,0,6,0.0263157894736842,0.037037037037037,0
00-0032392,A.Hooper,Austin Hooper,TE,2025,9,REG,2025_09_ATL_NE,NE,ATL,0,0,0,0,0,0,0,0,0,0,0,0,1,1,20,0,0,0,16,0.0357142857142857,0.0516129032258065,0
00-0032464,K.Raymond,Kalif Raymond,WR,2025,9,REG,2025_09_MIN_DET,DET,MIN,0,0,0,0,0,0,0,0,0,0,0,0,0,1,0,0,0,0,6,0.0277777777777778,0.0240963855421687,0
00-0032764,D.Henry,Derrick Henry,RB,2025,9,REG,2025_09_BAL_MIA,BAL,MIA,0,0,0,0,0,0,0,19,119,0,0,0,1,1,2,0,0,0,1,0.0434782608695652,0.00483091787439614,0
00-0032775,D.Robinson,Demarcus Robinson,WR,2025,9,REG,2025_09_SF_NYG,SF,NYG,0,0,0,0,0,0,0,0,0,0,0,0,0,1,0,0,0,0,4,0.0434782608695652,0.025,0
00-0033077,D.Prescott,Dak Prescott,QB,2025,9,REG,2025_09_ARI_DAL,DAL,ARI,24,39,250,1,1,0,0,4,34,0,0,0,0,0,0,0,0,0,0,0,0,0
00-0033090,H.Henry,Hunter Henry,TE,2025,9,REG,2025_09_ATL_NE,NE,ATL,0,0,0,0,0,0,0,0,0,0,0,0,4,6,51,0,0,0,50,0.214285714285714,0.161290322580645,0
00-0033106,J.Goff,Jared Goff,QB,2025,9,REG,2025_09_MIN_DET,DET,MIN,25,37,284,2,0,0,0,0,0,0,0,0,0,0,0,0,0,0,0,0,0,0
00-0033110,T.Higbee,Tyler Higbee,TE,2025,9,REG,2025_09_NO_LA,LA,NO,0,0,0,0,0,0,0,0,0,0,0,0,3,4,13,1,0,0,6,0.129032258064516,0.0188087774294671,0
00-0033119,J.Brissett,Jacoby Brissett,QB,2025,9,REG,2025_09_ARI_DAL,ARI,DAL,21,31,261,2,0,0,0,5,4,1,0,0,0,0,0,0,0,0,0,0,0,0
00-0033217,M.Alie-Cox,Mo Alie-Cox,TE,2025,9,REG,2025_09_IND_PIT,IND,PIT,0,0,0,0,0,0,0,0,0,0,0,0,0,1,0,0,0,0,13,0.0208333333333333,0.0300925925925926,0
00-0033246,J.Mundt,Johnny Mundt,TE,2025,9,REG,2025_09_JAX_LV,JAX,LV,0,0,0,0,0,0,0,0,0,0,0,0,0,0,0,0,0,0,0,0,0,0
00-0033280,C.McCaffrey,Christian McCaffrey,RB,2025,9,REG,2025_09_SF_NYG,SF,NYG,0,0,0,0,0,0,0,28,106,1,0,0,5,6,67,1,0,0,8,0.260869565217391,0.05,0
00-0033282,C.Samuel,Curtis Samuel,WR,2025,9,REG,2025_09_KC_BUF,BUF,KC,0,0,0,0,0,0,0,0,0,0,0,0,1,1,6,0,0,0,2,0.04,0.0150375939849624,0
00-0033288,G.Kittle,George Kittle,TE,2025,9,REG,2025_09_SF_NYG,SF,NYG,0,0,0,0,0,0,0,1,-3,0,0,0,4,4,32,0,0,0,21,0.173913043478261,0.13125,0
00-0033293,A.Jones,Aaron Jones,RB,2025,9,REG,2025_09_MIN_DET,MIN,DET,0,0,0,0,0,0,0,9,78,0,0,0,2,2,20,0,0,0,0,0.0869565217391304,0,0
00-0033307,K.Bourne,Kendrick Bourne,WR,2025,9,REG,2025_09_SF_NYG,SF,NYG,0,0,0,0,0,0,0,0,0,0,0,0,2,2,34,0,0,0,30,0.0869565217391304,0.1875,0
00-0033357,T.Hill,Taysom Hill,TE,2025,9,REG,2025_09_NO_LA,NO,LA,0,1,0,0,0,0,0,4,30,0,0,0,0,0,0,0,0,0,0,0,0,0
00-0033526,S.Perine,Samaje Perine,RB,2025,9,REG,2025_09_CHI_CIN,CIN,CHI,0,0,0,0,0,0,0,1,5,0,0,0,0,0,0,0,0,0,0,0,0,0
00-0033555,M.Hollins,Mack Hollins,WR,2025,9,REG,2025_09_ATL_NE,NE,ATL,0,0,0,0,0,0,0,0,0,0,0,0,2,2,9,0,0,0,8,0.0714285714285714,0.0258064516129032,0
00-0033572,J.Agnew,Jamal Agnew,WR,2025,9,REG,2025_09_ATL_NE,ATL,NE,0,0,0,0,0,0,0,0,0,0,0,0,0,0,0,0,0,0,0,0,0,0
00-0033854,D.Ogunbowale,Dare Ogunbowale,RB,2025,9,REG,2025_09_DEN_HOU,HOU,DEN,0,0,0,0,0,0,0,0,0,0,0,0,1,1,2,0,0,0,-1,0.0256410256410256,-0.00302114803625378,0
00-0033857,J.Smith-Schuster,JuJu Smith-Schuster,WR,2025,9,REG,2025_09_KC_BUF,KC,BUF,0,0,0,0,0,0,0,0,0,0,0,0,1,1,2,0,0,0,-1,0.0344827586206897,-0.00202839756592292,0
00-0033858,J.Smith,Jonnu Smith,TE,2025,9,REG,2025_09_IND_PIT,PIT,IND,0,0,0,0,0,0,0,0,0,0,0,0,3,5,25,0,0,0,16,0.142857142857143,0.155339805825243,0
00-0033873,P.Mahomes,Patrick Mahomes,QB,2025,9,REG,2025_09_KC_BUF,KC,BUF,15,34,250,0,1,0,1,1,5,0,0,0,0,0,0,0,0,0,0,0,0,0
00-0033881,E.Engram,Evan Engram,TE,2025,9,REG,2025_09_DEN_HOU,DEN,HOU,0,0,0,0,0,0,0,0,0,0,0,0,0,3,0,0,0,0,28,0.0882352941176471,0.0634920634920635,0
00-0033906,A.Kamara,Alvin Kamara,RB,2025,9,REG,2025_09_NO_LA,NO,LA,0,0,0,0,0,0,0,6,14,0,1,0,1,3,3,0,0,0,4,0.125,0.018348623853211,0
00-0033923,K.Hunt,Kareem Hunt,RB,2025,9,REG,2025_09_KC_BUF,KC,BUF,0,0,0,0,0,0,0,11,49,1,0,0,1,2,6,0,0,0,-5,0.0689655172413793,-0.0101419878296146,0
00-0033955,J.McNichols,Jeremy McNichols,RB,2025,9,REG,2025_09_SEA_WAS,WAS,SEA,0,0,0,0,0,0,0,1,0,0,0,0,0,0,0,0,0,0,0,0,0,0
00-0034348,C.Sutton,Courtland Sutton,WR,2025,9,REG,2025_09_DEN_HOU,DEN,HOU,0,0,0,0,0,0,0,0,0,0,0,0,1,6,30,1,0,0,129,0.176470588235294,0.292517006802721,0
00-0034365,I.Thomas,Ian Thomas,TE,2025,9,REG,2025_09_JAX_LV,LV,JAX,0,0,0,0,0,0,0,0,0,0,0,0,1,1,9,0,0,0,2,0.0263157894736842,0.0123456790123457,0
00-0034383,D.Schultz,Dalton Schultz,TE,2025,9,REG,2025_09_DEN_HOU,HOU,DEN,0,0,0,0,0,0,0,0,0,0,0,0,6,8,77,0,0,0,45,0.205128205128205,0.13595166163142,0
00-0034407,R.McCloud,Ray-Ray McCloud,WR,2025,9,REG,2025_09_SF_NYG,NYG,SF,0,0,0,0,0,0,0,0,0,0,0,0,1,1,5,0,0,0,5,0.03125,0.0230414746543779,0
00-0034418,C.Wilson,Cedrick Wilson Jr.,WR,2025,9,REG,2025_09_BAL_MIA,MIA,BAL,0,0,0,0,0,0,0,0,0,0,0,0,1,1,7,0,0,0,4,0.027027027027027,0.014760147601476,0
00-0034419,B.Berrios,Braxton Berrios,WR,2025,9,REG,2025_09_DEN_HOU,HOU,DEN,0,0,0,0,0,0,0,0,0,0,0,0,0,0,0,0,0,0,0,0,0,0
00-0034613,T.Hudson,Tanner Hudson,TE,2025,9,REG,2025_09_CHI_CIN,CIN,CHI,0,0,0,0,0,0,0,0,0,0,0,0,2,2,42,0,0,0,25,0.0444444444444444,0.0585480093676815,0
00-0034753,M.Andrews,Mark Andrews,TE,2025,9,REG,2025_09_BAL_MIA,BAL,MIA,0,0,0,0,0,0,0,2,4,0,0,0,2,3,22,2,0,0,37,0.130434782608696,0.178743961352657,0
00-0034775,C.Kirk,Christian Kirk,WR,2025,9,REG,2025_09_DEN_HOU,HOU,DEN,0,0,0,0,0,0,0,0,0,0,0,0,4,8,26,0,0,0,61,0.205128205128205,0.18429003021148,0
00-0034791,N.Chubb,Nick Chubb,RB,2025,9,REG,2025_09_DEN_HOU,HOU,DEN,0,0,0,0,0,0,0,11,34,0,0,0,0,0,0,0,0,0,0,0,0,0
00-0034796,L.Jackson,Lamar Jackson,QB,2025,9,REG,2025_09_BAL_MIA,BAL,MIA,18,23,204,4,0,0,0,5,14,0,0,0,0,0,0,0,0,0,0,0,0,0
00-0034798,D.Smythe,Durham Smythe,TE,2025,9,REG,2025_09_CHI_CIN,CHI,CIN,0,0,0,0,0,0,0,0,0,0,0,0,0,0,0,0,0,0,0,0,0,0
00-0034827,D.Moore,DJ Moore,WR,2025,9,REG,2025_09_CHI_CIN,CHI,CIN,1,1,2,1,0,0,0,1,17,1,0,0,4,6,72,0,0,0,79,0.176470588235294,0.267796610169492,0
00-0034854,K.Hodge,KhaDarel Hodge,WR,2025,9,REG,2025_09_ATL_NE,ATL,NE,0,0,0,0,0,0,0,0,0,0,0,0,0,0,0,0,0,0,0,0,0,0
00-0034857,J.Allen,Josh Allen,QB,2025,9,REG,2025_09_KC_BUF,BUF,KC,23,26,273,1,0,0,0,6,19,2,0,0,0,0,0,0,0,0,0,0,0,0
00-0034869,S.Darnold,Sam Darnold,QB,2025,9,REG,2025_09_SEA_WAS,SEA,WAS,21,24,330,4,1,0,0,0,0,0,0,0,0,0,0,0,0,0,0,0,0,0
00-0034960,J.Meyers,Jakobi Meyers,WR,2025,9,REG,2025_09_JAX_LV,LV,JAX,0,0,0,0,0,0,0,0,0,0,0,0,4,6,23,0,0,0,36,0.157894736842105,0.222222222222222,0
00-0034975,J.Hill,Justice Hill,RB,2025,9,REG,2025_09_BAL_MIA,BAL,MIA,0,0,0,0,0,0,0,1,2,0,0,0,2,2,13,0,0,0,-4,0.0869565217391304,-0.0193236714975845,0
00-0035021,A.Dulin,Ashton Dulin,WR,2025,9,REG,2025_09_IND_PIT,IND,PIT,0,0,0,0,0,0,0,0,0,0,0,0,0,0,0,0,0,0,0,0,0,0
00-0035208,O.Zaccheaus,Olamide Zaccheaus,WR,2025,9,REG,2025_09_CHI_CIN,CHI,CIN,0,0,0,0,0,0,0,0,0,0,0,0,6,8,58,1,0,0,52,0.235294117647059,0.176271186440678,0
00-0035229,T.Hockenson,T.J. Hockenson,TE,2025,9,REG,2025_09_MIN_DET,MIN,DET,0,0,0,0,0,0,0,0,0,0,0,0,2,3,11,1,0,0,15,0.130434782608696,0.0581395348837209,0
00-0035250,D.Singletary,Devin Singletary,RB,2025,9,REG,2025_09_SF_NYG,NYG,SF,0,0,0,0,0,0,0,8,43,0,0,0,2,2,8,0,0,0,3,0.0625,0.0138248847926267,0
00-0035261,T.Pollard,Tony Pollard,RB,2025,9,REG,2025_09_LAC_TEN,TEN,LAC,0,0,0,0,0,0,0,10,56,0,0,0,1,2,12,0,0,0,7,0.0952380952380952,0.0382513661202186,0
00-0035359,D.Sills,David Sills,WR,2025,9,REG,2025_09_ATL_NE,ATL,NE,0,0,0,0,0,0,0,0,0,0,0,0,0,1,0,0,0,0,16,0.0294117647058824,0.0526315789473684,0
00-0035500,G.Dortch,Greg Dortch,WR,2025,9,REG,2025_09_ARI_DAL,ARI,DAL,0,0,0,0,0,0,0,1,9,0,0,0,0,0,0,0,0,0,0,0,0,0
00-0035535,D.Slayton,Darius Slayton,WR,2025,9,REG,2025_09_SF_NYG,NYG,SF,0,0,0,0,0,0,0,0,0,0,0,0,5,7,62,0,0,0,87,0.21875,0.400921658986175,0
00-0035537,Ty.Johnson,Ty Johnson,RB,2025,9,REG,2025_09_KC_BUF,BUF,KC,0,0,0,0,0,0,0,2,8,1,0,0,2,2,12,0,0,0,-7,0.08,-0.0526315789473684,0
00-0035594,T.Homer,Travis Homer,RB,2025,9,REG,2025_09_CHI_CIN,CHI,CIN,0,0,0,0,0,0,0,0,0,0,0,0,0,0,0,0,0,0,0,0,0,0
00-0035602,A.Bachman,Alex Bachman,WR,2025,9,REG,2025_09_JAX_LV,LV,JAX,0,0,0,0,0,0,0,0,0,0,0,0,0,0,0,0,0,0,0,0,0,0
00-0035640,D.Metcalf,DK Metcalf,WR,2025,9,REG,2025_09_IND_PIT,PIT,IND,0,0,0,0,0,0,0,0,0,0,0,0,2,4,6,0,0,0,7,0.114285714285714,0.0679611650485437,0
00-0035644,N.Fant,Noah Fant,TE,2025,9,REG,2025_09_CHI_CIN,CIN,CHI,0,0,0,0,0,0,0,0,0,0,0,0,2,3,28,1,0,0,31,0.0666666666666667,0.0725995316159251,0
00-0035645,G.Olszewski,Gunner Olszewski,WR,2025,9,REG,2025_09_SF_NYG,NYG,SF,0,0,0,0,0,0,0,0,0,0,0,0,1,1,24,1,0,0,23,0.03125,0.105990783410138,0
00-0035662,M.Brown,Marquise Brown,WR,2025,9,REG,2025_09_KC_BUF,KC,BUF,0,0,0,0,0,0,0,0,0,0,0,0,2,4,73,0,0,0,93,0.137931034482759,0.188640973630832,0
00-0035685,D.Montgomery,David Montgomery,RB,2025,9,REG,2025_09_MIN_DET,DET,MIN,0,0,0,0,0,0,0,11,40,1,1,0,2,4,10,0,0,0,13,0.111111111111111,0.0522088353413655,0
00-0035689,D.Knox,Dawson Knox,TE,2025,9,REG,2025_09_KC_BUF,BUF,KC,0,0,0,0,0,0,0,0,0,0,0,0,1,1,30,0,0,0,23,0.04,0.172932330827068,0
00-0035700,J.Jacobs,Josh Jacobs,RB,2025,9,REG,2025_09_CAR_GB,GB,CAR,0,0,0,0,0,0,0,17,87,1,0,0,4,5,13,0,0,0,-2,0.142857142857143,-0.00615384615384615,0
00-0035710,D.Jones,Daniel Jones,QB,2025,9,REG,2025_09_IND_PIT,IND,PIT,31,50,342,1,3,2,0,3,4,1,0,0,0,0,0,0,0,0,0,0,0,0
00-0035719,D.Samuel,Deebo Samuel Sr.,WR,2025,9,REG,2025_09_SEA_WAS,WAS,SEA,0,0,0,0,0,0,0,1,3,0,0,0,5,6,41,0,0,0,5,0.285714285714286,0.04,0
00-0035891,C.White,Cody White,WR,2025,9,REG,2025_09_SEA_WAS,SEA,WAS,0,0,0,0,0,0,0,0,0,0,0,0,1,2,60,1,0,0,25,0.0833333333333333,0.120772946859903,0
00-0036040,J.Johnson,Juwan Johnson,TE,2025,9,REG,2025_09_NO_LA,NO,LA,0,0,0,0,0,0,0,0,0,0,0,0,3,4,31,1,0,0,25,0.166666666666667,0.114678899082569,0
00-0036139,R.Dowdle,Rico Dowdle,RB,2025,9,REG,2025_09_CAR_GB,CAR,GB,0,0,0,0,0,0,0,25,130,2,0,0,2,3,11,0,0,0,-6,0.157894736842105,-0.048,0
00-0036158,J.Dobbins,J.K. Dobbins,RB,2025,9,REG,2025_09_DEN_HOU,DEN,HOU,0,0,0,0,0,0,0,15,61,0,0,0,1,1,-2,0,0,0,-2,0.0294117647058824,-0.00453514739229025,0
00-0036176,M.Kinsey,Mason Kinsey,WR,2025,9,REG,2025_09_LAC_TEN,TEN,LAC,0,0,0,0,0,0,0,0,0,0,0,0,0,0,0,0,0,0,0,0,0,0
00-0036182,N.Westbrook-Ikhine,Nick Westbrook-Ikhine,WR,2025,9,REG,2025_09_BAL_MIA,MIA,BAL,0,0,0,0,0,0,0,0,0,0,0,0,2,4,22,0,0,0,26,0.108108108108108,0.0959409594095941,0
00-0036187,R.Gilliam,Reggie Gilliam,RB,2025,9,REG,2025_09_KC_BUF,BUF,KC,0,0,0,0,0,0,0,0,0,0,0,0,0,0,0,0,0,0,0,0,0,0
00-0036212,T.Tagovailoa,Tua Tagovailoa,QB,2025,9,REG,2025_09_BAL_MIA,MIA,BAL,25,40,261,0,1,0,0,1,1,0,0,0,0,0,0,0,0,0,0,0,0,0
00-0036223,J.Taylor,Jonathan Taylor,RB,2025,9,REG,2025_09_IND_PIT,IND,PIT,0,0,0,0,0,0,0,14,45,0,0,0,2,2,12,0,0,0,5,0.0416666666666667,0.0115740740740741,0
00-0036232,H.Bryant,Harrison Bryant,TE,2025,9,REG,2025_09_DEN_HOU,HOU,DEN,0,0,0,0,0,0,0,0,0,0,0,0,1,2,2,0,0,0,2,0.0512820512820513,0.00604229607250755,0
00-0036244,C.Parkinson,Colby Parkinson,TE,2025,9,REG,2025_09_NO_LA,LA,NO,0,0,0,0,0,0,0,0,0,0,0,0,2,2,10,0,0,0,1,0.0645161290322581,0.00313479623824451,0
00-0036252,M.Pittman,Michael Pittman,WR,2025,9,REG,2025_09_IND_PIT,IND,PIT,0,0,0,0,0,0,0,0,0,0,0,0,9,12,115,0,0,0,119,0.25,0.275462962962963,0
00-0036259,J.Jennings,Jauan Jennings,WR,2025,9,REG,2025_09_SF_NYG,SF,NYG,0,0,0,0,0,0,0,0,0,0,0,0,4,5,41,1,0,0,38,0.217391304347826,0.2375,0
00-0036264,J.Love,Jordan Love,QB,2025,9,REG,2025_09_CAR_GB,GB,CAR,26,37,273,0,1,0,0,1,1,0,0,0,0,0,0,0,0,0,0,0,0,0
00-0036290,C.Kmet,Cole Kmet,TE,2025,9,REG,2025_09_CHI_CIN,CHI,CIN,0,1,0,0,0,0,0,0,0,0,0,0,1,2,10,0,0,0,27,0.0588235294117647,0.0915254237288136,0
00-0036309,D.Mooney,Darnell Mooney,WR,2025,9,REG,2025_09_ATL_NE,ATL,NE,0,0,0,0,0,0,0,0,0,0,0,0,1,2,15,0,0,0,40,0.0588235294117647,0.131578947368421,0
00-0036322,J.Jefferson,Justin Jefferson,WR,2025,9,REG,2025_09_MIN_DET,MIN,DET,0,0,0,0,0,0,0,0,0,0,0,0,6,9,47,1,0,0,57,0.391304347826087,0.22093023255814,0
00-0036331,D.Duvernay,Devin Duvernay,WR,2025,9,REG,2025_09_CHI_CIN,CHI,CIN,0,0,0,0,0,0,0,0,0,0,0,0,0,0,0,0,0,0,0,0,0,0
00-0036355,J.Herbert,Justin Herbert,QB,2025,9,REG,2025_09_LAC_TEN,LAC,TEN,19,29,250,2,1,0,0,9,57,1,0,0,0,0,0,0,0,0,0,0,0,0
00-0036358,C.Lamb,CeeDee Lamb,WR,2025,9,REG,2025_09_ARI_DAL,DAL,ARI,0,0,0,0,0,0,0,0,0,0,0,0,7,12,85,0,0,0,179,0.333333333333333,0.4475,0
00-0036360,C.Edwards-Helaire,Clyde Edwards-Helaire,RB,2025,9,REG,2025_09_KC_BUF,KC,BUF,0,0,0,0,0,0,0,2,5,0,0,0,0,0,0,0,0,0,0,0,0,0
00-0036410,T.Higgins,Tee Higgins,WR,2025,9,REG,2025_09_CHI_CIN,CIN,CHI,0,0,0,0,0,0,0,0,0,0,0,0,7,9,121,2,0,1,130,0.2,0.304449648711944,0
00-0036415,V.Jefferson,Van Jefferson,WR,2025,9,REG,2025_09_LAC_TEN,TEN,LAC,0,0,0,0,0,0,0,0,0,0,0,0,1,4,21,0,0,0,82,0.19047619047619,0.448087431693989,0
00-0036422,A.Trautman,Adam Trautman,TE,2025,9,REG,2025_09_DEN_HOU,DEN,HOU,0,0,0,0,0,0,0,0,0,0,0,0,2,2,25,0,0,0,7,0.0588235294117647,0.0158730158730159,0
00-0036497,T.Jones,Tim Jones,WR,2025,9,REG,2025_09_JAX_LV,JAX,LV,0,0,0,0,0,0,0,0,0,0,0,0,1,1,15,0,0,0,4,0.0303030303030303,0.013840830449827,0
00-0036550,R.Bateman,Rashod Bateman,WR,2025,9,REG,2025_09_BAL_MIA,BAL,MIA,0,0,0,0,0,0,0,0,0,0,0,0,2,4,13,1,0,0,45,0.173913043478261,0.217391304347826,0
00-0036554,N.Collins,Nico Collins,WR,2025,9,REG,2025_09_DEN_HOU,HOU,DEN,0,0,0,0,0,0,0,0,0,0,0,0,7,11,75,0,0,0,148,0.282051282051282,0.447129909365559,0
00-0036555,C.Hubbard,Chuba Hubbard,RB,2025,9,REG,2025_09_CAR_GB,CAR,GB,0,0,0,0,0,0,0,5,17,0,0,0,0,1,0,0,0,0,-1,0.0526315789473684,-0.008,0
00-0036613,J.Waddle,Jaylen Waddle,WR,2025,9,REG,2025_09_BAL_MIA,MIA,BAL,0,0,0,0,0,0,0,0,0,0,0,0,6,9,82,0,0,0,94,0.243243243243243,0.346863468634686,0
00-0036620,D.Eskridge,Dee Eskridge,WR,2025,9,REG,2025_09_BAL_MIA,MIA,BAL,0,0,0,0,0,0,0,0,0,0,0,0,0,1,0,0,0,0,5,0.027027027027027,0.018450184501845,0
00-0036626,D.Brown,Dyami Brown,WR,2025,9,REG,2025_09_JAX_LV,JAX,LV,0,0,0,0,0,0,0,1,4,0,0,0,3,7,25,0,0,0,82,0.212121212121212,0.283737024221453,0
00-0036628,J.Bates,John Bates,TE,2025,9,REG,2025_09_SEA_WAS,WAS,SEA,0,0,0,0,0,0,0,0,0,0,0,0,2,4,20,0,0,0,18,0.19047619047619,0.144,0
00-0036630,T.Wallace,Tylan Wallace,WR,2025,9,REG,2025_09_BAL_MIA,BAL,MIA,0,0,0,0,0,0,0,0,0,0,0,0,0,0,0,0,0,0,0,0,0,0
00-0036637,N.Gray,Noah Gray,TE,2025,9,REG,2025_09_KC_BUF,KC,BUF,0,0,0,0,0,0,0,0,0,0,0,0,0,1,0,0,0,0,26,0.0344827586206897,0.0527383367139959,0
00-0036646,S.Fehoko,Simi Fehoko,WR,2025,9,REG,2025_09_ARI_DAL,ARI,DAL,0,0,0,0,0,0,0,0,0,0,0,0,0,0,0,0,0,0,0,0,0,0
00-0036754,B.Wright,Brock Wright,TE,2025,9,REG,2025_09_MIN_DET,DET,MIN,0,0,0,0,0,0,0,0,0,0,0,0,1,1,11,0,0,0,2,0.0277777777777778,0.00803212851405622,0
00-0036755,J.Patterson,Jaret Patterson,RB,2025,9,REG,2025_09_LAC_TEN,LAC,TEN,0,0,0,0,0,0,0,9,44,0,0,0,0,0,0,0,0,0,0,0,0,0
00-0036825,F.Franks,Feleipe Franks,TE,2025,9,REG,2025_09_ATL_NE,ATL,NE,0,0,0,0,0,0,0,0,0,0,0,0,0,0,0,0,0,0,0,0,0,0
00-0036841,A.Trammell,Austin Trammell,WR,2025,9,REG,2025_09_JAX_LV,JAX,LV,0,0,0,0,0,0,0,0,0,0,0,0,0,1,0,0,0,0,30,0.0303030303030303,0.103806228373702,0
00-0036862,B.Skowronek,Ben Skowronek,WR,2025,9,REG,2025_09_IND_PIT,PIT,IND,0,0,0,0,0,0,0,0,0,0,0,0,0,0,0,0,0,0,0,0,0,0
00-0036887,L.Farrell,Luke Farrell,TE,2025,9,REG,2025_09_SF_NYG,SF,NYG,0,0,0,0,0,0,0,0,0,0,0,0,1,1,9,0,0,0,7,0.0434782608695652,0.04375,0
00-0036894,P.Freiermuth,Pat Freiermuth,TE,2025,9,REG,2025_09_IND_PIT,PIT,IND,0,0,0,0,0,0,0,0,0,0,0,0,3,4,27,1,0,0,21,0.114285714285714,0.203883495145631,0
00-0036898,D.Mills,Davis Mills,QB,2025,9,REG,2025_09_DEN_HOU,HOU,DEN,17,30,137,0,0,0,0,2,7,0,0,0,0,0,0,0,0,0,0,0,0,0
00-0036900,J.Chase,Ja'Marr Chase,WR,2025,9,REG,2025_09_CHI_CIN,CIN,CHI,0,0,0,0,0,0,0,0,0,0,0,0,6,8,111,0,0,0,82,0.177777777777778,0.192037470725995,0
00-0036919,K.Gainwell,Kenny Gainwell,RB,2025,9,REG,2025_09_IND_PIT,PIT,IND,0,0,0,0,0,0,0,3,-1,0,0,0,4,5,35,0,0,0,-3,0.142857142857143,-0.029126213592233,0
00-0036959,M.Bandy,Michael Bandy,WR,2025,9,REG,2025_09_DEN_HOU,DEN,HOU,0,0,0,0,0,0,0,0,0,0,0,0,1,1,16,0,0,0,5,0.0294117647058824,0.0113378684807256,0
00-0036963,A.St. Brown,Amon-Ra St. Brown,WR,2025,9,REG,2025_09_MIN_DET,DET,MIN,0,0,0,0,0,0,0,0,0,0,0,0,9,13,97,0,0,0,119,0.361111111111111,0.477911646586345,0
00-0036970,K.Pitts,Kyle Pitts,TE,2025,9,REG,2025_09_ATL_NE,ATL,NE,0,0,0,0,0,0,0,0,0,0,0,0,4,7,38,0,0,0,82,0.205882352941176,0.269736842105263,0
00-0036971,T.Lawrence,Trevor Lawrence,QB,2025,9,REG,2025_09_JAX_LV,JAX,LV,23,34,220,0,1,0,0,9,24,2,0,0,0,0,0,0,0,0,0,0,0,0
00-0036972,M.Jones,Mac Jones,QB,2025,9,REG,2025_09_SF_NYG,SF,NYG,19,24,235,2,0,1,0,4,4,0,0,0,0,0,0,0,0,0,0,0,0,0
00-0036973,T.Etienne,Travis Etienne,RB,2025,9,REG,2025_09_JAX_LV,JAX,LV,0,0,0,0,0,0,0,22,84,0,0,0,5,5,31,0,0,0,-2,0.151515151515152,-0.0069204152249135,0
00-0036980,E.Moore,Elijah Moore,WR,2025,9,REG,2025_09_KC_BUF,BUF,KC,0,0,0,0,0,0,0,0,0,0,0,0,1,1,28,0,0,0,25,0.04,0.18796992481203,0
00-0036984,T.Sermon,Trey Sermon,RB,2025,9,REG,2025_09_IND_PIT,PIT,IND,0,0,0,0,0,0,0,0,0,0,0,0,0,0,0,0,0,0,0,0,0,0
00-0036997,J.Williams,Javonte Williams,RB,2025,9,REG,2025_09_ARI_DAL,DAL,ARI,0,0,0,0,0,0,0,15,83,0,0,0,1,1,0,0,1,0,0,0.0277777777777778,0,0
00-0037004,H.Long,Hunter Long,TE,2025,9,REG,2025_09_JAX_LV,JAX,LV,0,0,0,0,0,0,0,0,0,0,0,0,1,3,6,0,0,0,13,0.0909090909090909,0.0449826989619377,0
00-0037005,T.Tremble,Tommy Tremble,TE,2025,9,REG,2025_09_CAR_GB,CAR,GB,0,0,0,0,0,0,0,0,0,0,0,0,0,1,0,0,0,0,9,0.0526315789473684,0.072,0
00-0037085,T.Badie,Tyler Badie,RB,2025,9,REG,2025_09_DEN_HOU,DEN,HOU,0,0,0,0,0,0,0,0,0,0,0,0,2,3,6,0,0,0,-2,0.0882352941176471,-0.00453514739229025,0
00-0037120,T.Goodson,Tyler Goodson,RB,2025,9,REG,2025_09_IND_PIT,IND,PIT,0,0,0,0,0,0,0,0,0,0,0,0,1,2,8,0,0,0,-2,0.0416666666666667,-0.00462962962962963,0
00-0037157,Z.Knight,Bam Knight,RB,2025,9,REG,2025_09_ARI_DAL,ARI,DAL,0,0,0,0,0,0,0,9,27,0,0,0,2,2,20,0,0,0,-3,0.0689655172413793,-0.0120967741935484,0
00-0037228,J.Warren,Jaylen Warren,RB,2025,9,REG,2025_09_IND_PIT,PIT,IND,0,0,0,0,0,0,0,16,31,2,0,0,2,2,-2,0,0,0,-7,0.0571428571428571,-0.0679611650485437,0
00-0037238,D.London,Drake London,WR,2025,9,REG,2025_09_ATL_NE,ATL,NE,0,0,0,0,0,0,0,0,0,0,0,0,9,14,118,3,0,0,143,0.411764705882353,0.470394736842105,0
00-0037239,C.Olave,Chris Olave,WR,2025,9,REG,2025_09_NO_LA,NO,LA,0,0,0,0,0,0,0,0,0,0,0,0,3,4,57,0,0,0,50,0.166666666666667,0.229357798165138,0
00-0037240,J.Williams,Jameson Williams,WR,2025,9,REG,2025_09_MIN_DET,DET,MIN,0,0,0,0,0,0,0,0,0,0,0,0,4,6,66,1,0,0,62,0.166666666666667,0.248995983935743,0
00-0037247,G.Pickens,George Pickens,WR,2025,9,REG,2025_09_ARI_DAL,DAL,ARI,0,0,0,0,0,0,0,0,0,0,0,0,6,9,79,0,0,0,90,0.25,0.225,0
00-0037248,J.Cook,James Cook,RB,2025,9,REG,2025_09_KC_BUF,BUF,KC,0,0,0,0,0,0,0,27,114,0,0,0,1,1,11,0,0,0,2,0.04,0.0150375939849624,0
00-0037252,G.Dulcich,Greg Dulcich,TE,2025,9,REG,2025_09_BAL_MIA,MIA,BAL,0,0,0,0,0,0,0,0,0,0,0,0,5,5,49,0,0,0,30,0.135135135135135,0.11070110701107,0
00-0037261,K.Shakir,Khalil Shakir,WR,2025,9,REG,2025_09_KC_BUF,BUF,KC,0,0,0,0,0,0,0,0,0,0,0,0,7,8,43,0,0,0,1,0.32,0.0075187969924812,0
00-0037263,T.Allgeier,Tyler Allgeier,RB,2025,9,REG,2025_09_ATL_NE,ATL,NE,0,0,0,0,0,0,0,2,6,0,0,0,0,0,0,0,0,0,0,0,0,0
00-0037291,J.Nailor,Jalen Nailor,WR,2025,9,REG,2025_09_MIN_DET,MIN,DET,0,0,0,0,0,0,0,0,0,0,0,0,1,4,16,0,0,0,75,0.173913043478261,0.290697674418605,0
00-0037292,A.Ogletree,Andrew Ogletree,TE,2025,9,REG,2025_09_IND_PIT,IND,PIT,0,0,0,0,0,0,0,0,0,0,0,0,0,0,0,0,0,0,0,0,0,0
00-0037329,B.Brown,Brittain Brown,RB,2025,9,REG,2025_09_CHI_CIN,CHI,CIN,0,0,0,0,0,0,0,5,37,1,0,0,0,1,0,0,0,0,4,0.0294117647058824,0.0135593220338983,0
00-0037348,T.Conner,Tanner Conner,TE,2025,9,REG,2025_09_BAL_MIA,MIA,BAL,0,0,0,0,0,0,0,0,0,0,0,0,0,1,0,0,0,0,20,0.027027027027027,0.0738007380073801,0
00-0037525,J.Mason,Jordan Mason,RB,2025,9,REG,2025_09_MIN_DET,MIN,DET,0,0,0,0,0,0,0,10,36,0,0,0,1,1,1,0,0,0,0,0.0434782608695652,0,0
00-0037545,R.Shaheed,Rashid Shaheed,WR,2025,9,REG,2025_09_NO_LA,NO,LA,0,0,0,0,0,0,0,0,0,0,0,0,5,9,68,0,0,0,113,0.375,0.518348623853211,0
00-0037563,M.Davis,Malik Davis,RB,2025,9,REG,2025_09_ARI_DAL,DAL,ARI,0,0,0,0,0,0,0,1,3,0,0,0,0,0,0,0,0,0,0,0,0,0
00-0037594,J.Chestnut,Julius Chestnut,RB,2025,9,REG,2025_09_LAC_TEN,TEN,LAC,0,0,0,0,0,0,0,0,0,0,0,0,0,0,0,0,0,0,0,0,0,0
00-0037654,T.Fisk,Tucker Fisk,TE,2025,9,REG,2025_09_LAC_TEN,LAC,TEN,0,0,0,0,0,0,0,0,0,0,0,0,1,1,12,0,0,0,0,0.0357142857142857,0,0
00-0037664,A.Pierce,Alec Pierce,WR,2025,9,REG,2025_09_IND_PIT,IND,PIT,0,0,0,0,0,0,0,0,0,0,0,0,6,13,115,0,0,0,212,0.270833333333333,0.490740740740741,0
00-0037742,T.Burks,Treylon Burks,WR,2025,9,REG,2025_09_SEA_WAS,WAS,SEA,0,0,0,0,0,0,0,0,0,0,0,0,1,1,14,0,0,0,14,0.0476190476190476,0.112,0
00-0037744,T.McBride,Trey McBride,TE,2025,9,REG,2025_09_ARI_DAL,ARI,DAL,0,0,0,0,0,0,0,0,0,0,0,0,5,9,55,1,0,0,91,0.310344827586207,0.366935483870968,0
00-0037746,B.Robinson,Brian Robinson,RB,2025,9,REG,2025_09_SF_NYG,SF,NYG,0,0,0,0,0,0,0,5,53,1,0,0,0,0,0,0,0,0,0,0,0,0
00-0037801,K.Turpin,KaVontae Turpin,WR,2025,9,REG,2025_09_ARI_DAL,DAL,ARI,0,0,0,0,0,0,0,1,3,0,0,0,2,3,10,0,0,0,15,0.0833333333333333,0.0375,0
00-0037809,C.Okonkwo,Chig Okonkwo,TE,2025,9,REG,2025_09_LAC_TEN,TEN,LAC,0,0,0,0,0,0,0,0,0,0,0,0,2,2,10,0,0,0,2,0.0952380952380952,0.0109289617486339,0
00-0037816,R.Doubs,Romeo Doubs,WR,2025,9,REG,2025_09_CAR_GB,GB,CAR,0,0,0,0,0,0,0,0,0,0,0,0,7,10,91,0,0,0,116,0.285714285714286,0.356923076923077,0
00-0037837,C.Austin,Calvin Austin III,WR,2025,9,REG,2025_09_IND_PIT,PIT,IND,0,0,0,0,0,0,0,0,0,0,0,0,5,6,56,0,0,0,42,0.171428571428571,0.407766990291262,0
00-0037838,I.Likely,Isaiah Likely,TE,2025,9,REG,2025_09_BAL_MIA,BAL,MIA,0,0,0,0,0,0,0,0,0,0,0,0,3,4,60,0,0,0,34,0.173913043478261,0.164251207729469,0
00-0037840,K.Williams,Kyren Williams,RB,2025,9,REG,2025_09_NO_LA,LA,NO,0,0,0,0,0,0,0,25,114,1,0,0,0,0,0,0,0,0,0,0,0,0
00-0038041,J.Ferguson,Jake Ferguson,TE,2025,9,REG,2025_09_ARI_DAL,DAL,ARI,0,0,0,0,0,0,0,0,0,0,0,0,5,7,50,0,1,0,39,0.194444444444444,0.0975,0
00-0038046,C.Kolar,Charlie Kolar,TE,2025,9,REG,2025_09_BAL_MIA,BAL,MIA,0,0,0,0,0,0,0,0,0,0,0,0,2,2,23,1,0,0,18,0.0869565217391304,0.0869565217391304,0
00-0038090,S.Moore,Skyy Moore,WR,2025,9,REG,2025_09_SF_NYG,SF,NYG,0,0,0,0,0,0,0,0,0,0,0,0,1,1,21,0,0,0,12,0.0434782608695652,0.075,0
00-0038104,T.Thornton,Tyquan Thornton,WR,2025,9,REG,2025_09_KC_BUF,KC,BUF,0,0,0,0,0,0,0,0,0,0,0,0,0,1,0,0,0,0,40,0.0344827586206897,0.0811359026369168,0
00-0038117,W.Robinson,Wan'Dale Robinson,WR,2025,9,REG,2025_09_SF_NYG,NYG,SF,0,0,0,0,0,0,0,0,0,0,0,0,9,11,46,0,0,0,47,0.34375,0.216589861751152,0
00-0038124,C.Watson,Christian Watson,WR,2025,9,REG,2025_09_CAR_GB,GB,CAR,0,0,0,0,0,0,0,0,0,0,0,0,2,4,58,0,0,0,112,0.114285714285714,0.344615384615385,0
00-0038134,K.Walker,Kenneth Walker III,RB,2025,9,REG,2025_09_SEA_WAS,SEA,WAS,0,0,0,0,0,0,0,11,42,0,0,0,2,2,19,0,0,0,2,0.0833333333333333,0.00966183574879227,0
00-0038359,X.Smith,Xavier Smith,WR,2025,9,REG,2025_09_NO_LA,LA,NO,0,0,0,0,0,0,0,0,0,0,0,0,2,3,12,0,0,0,53,0.0967741935483871,0.166144200626959,0
00-0038409,L.Nichols,Lew Nichols III,RB,2025,9,REG,2025_09_IND_PIT,PIT,IND,0,0,0,0,0,0,0,0,0,0,0,0,0,0,0,0,0,0,0,0,0,0
00-0038416,T.Bagent,Tyson Bagent,QB,2025,9,REG,2025_09_CHI_CIN,CHI,CIN,1,1,20,0,0,0,0,0,0,0,0,0,0,0,0,0,0,0,0,0,0,0
00-0038440,Z.Scott,Zavier Scott,RB,2025,9,REG,2025_09_MIN_DET,MIN,DET,0,0,0,0,0,0,0,0,0,0,0,0,0,0,0,0,0,0,0,0,0,0
00-0038454,K.Mitchell,Keaton Mitchell,RB,2025,9,REG,2025_09_BAL_MIA,BAL,MIA,0,0,0,0,0,0,0,4,11,0,0,0,1,1,7,0,0,0,0,0.0434782608695652,0,0
00-0038465,M.Heath,Malik Heath,WR,2025,9,REG,2025_09_CAR_GB,GB,CAR,0,0,0,0,0,0,0,0,0,0,0,0,1,1,11,0,0,0,5,0.0285714285714286,0.0153846153846154,0
00-0038519,N.Remigio,Nikko Remigio,WR,2025,9,REG,2025_09_KC_BUF,KC,BUF,0,0,0,0,0,0,0,0,0,0,0,0,0,0,0,0,0,0,0,0,0,0
00-0038542,B.Robinson,Bijan Robinson,RB,2025,9,REG,2025_09_ATL_NE,ATL,NE,0,0,0,0,0,0,0,12,46,0,0,0,8,10,50,0,0,0,29,0.294117647058824,0.0953947368421053,0
00-0038543,J.Smith-Njigba,Jaxon Smith-Njigba,WR,2025,9,REG,2025_09_SEA_WAS,SEA,WAS,0,0,0,0,0,0,0,1,11,0,0,0,8,9,129,0,0,0,94,0.375,0.454106280193237,0
00-0038544,Q.Johnston,Quentin Johnston,WR,2025,9,REG,2025_09_LAC_TEN,LAC,TEN,0,0,0,0,0,0,0,0,0,0,0,0,4,6,53,1,0,0,59,0.214285714285714,0.189710610932476,0
00-0038547,L.Schoonmaker,Luke Schoonmaker,TE,2025,9,REG,2025_09_ARI_DAL,DAL,ARI,0,0,0,0,0,0,0,0,0,0,0,0,1,2,14,0,0,0,8,0.0555555555555556,0.02,0
00-0038558,D.Washington,Darnell Washington,TE,2025,9,REG,2025_09_IND_PIT,PIT,IND,0,0,0,0,0,0,0,0,0,0,0,0,4,6,43,0,0,0,38,0.171428571428571,0.368932038834951,0
00-0038559,Mi.Wilson,Michael Wilson,WR,2025,9,REG,2025_09_ARI_DAL,ARI,DAL,0,0,0,0,0,0,0,0,0,0,0,0,3,4,61,0,0,0,49,0.137931034482759,0.19758064516129,0
00-0038563,T.Tucker,Tre Tucker,WR,2025,9,REG,2025_09_JAX_LV,LV,JAX,0,0,0,0,0,0,0,0,0,0,0,0,3,4,38,0,0,0,22,0.105263157894737,0.135802469135802,0
00-0038573,D.Davis,Derius Davis,WR,2025,9,REG,2025_09_LAC_TEN,LAC,TEN,0,0,0,0,0,0,0,0,0,0,0,0,0,0,0,0,0,0,0,0,0,0
00-0038576,C.Jones,Charlie Jones,WR,2025,9,REG,2025_09_CHI_CIN,CIN,CHI,0,0,0,0,0,0,0,0,0,0,0,0,0,0,0,0,0,0,0,0,0,1
00-0038597,C.Brown,Chase Brown,RB,2025,9,REG,2025_09_CHI_CIN,CIN,CHI,0,0,0,0,0,0,0,11,37,0,0,0,8,14,75,0,0,0,11,0.311111111111111,0.0257611241217799,0
00-0038606,P.Washington,Parker Washington,WR,2025,9,REG,2025_09_JAX_LV,JAX,LV,0,0,0,0,0,0,0,0,0,0,0,0,8,9,90,0,0,0,84,0.272727272727273,0.290657439446367,0
00-0038608,K.Boutte,Kayshon Boutte,WR,2025,9,REG,2025_09_ATL_NE,NE,ATL,0,0,0,0,0,0,0,0,0,0,0,0,0,1,0,0,0,0,19,0.0357142857142857,0.0612903225806452,0
00-0038611,C.Rodriguez,Chris Rodriguez Jr.,RB,2025,9,REG,2025_09_SEA_WAS,WAS,SEA,0,0,0,0,0,0,0,12,65,1,0,0,0,0,0,0,0,0,0,0,0,0
00-0038618,X.Hutchinson,Xavier Hutchinson,WR,2025,9,REG,2025_09_DEN_HOU,HOU,DEN,0,0,0,0,0,0,0,0,0,0,0,0,3,5,30,0,0,0,51,0.128205128205128,0.154078549848943,0
00-0038619,A.Iosivas,Andrei Iosivas,WR,2025,9,REG,2025_09_CHI_CIN,CIN,CHI,0,0,0,0,0,0,0,1,4,0,0,0,5,7,66,1,0,0,65,0.155555555555556,0.152224824355972,0
00-0038621,D.Douglas,DeMario Douglas,WR,2025,9,REG,2025_09_ATL_NE,NE,ATL,0,0,0,0,0,0,0,0,0,0,0,0,4,6,100,1,0,0,134,0.214285714285714,0.432258064516129,0
00-0038658,A.Martinez,Adrian Martinez,QB,2025,9,REG,2025_09_SF_NYG,SF,NYG,0,0,0,0,0,0,0,1,-1,0,0,0,0,0,0,0,0,0,0,0,0,0
00-0038679,T.Shavers,Tyrell Shavers,WR,2025,9,REG,2025_09_KC_BUF,BUF,KC,0,0,0,0,0,0,0,0,0,0,0,0,1,1,7,0,0,0,0,0.04,0,0
00-0038685,C.Brooks,Chris Brooks,RB,2025,9,REG,2025_09_CAR_GB,GB,CAR,0,0,0,0,0,0,0,0,0,0,0,0,2,2,24,0,0,0,1,0.0571428571428571,0.00307692307692308,0
00-0038705,E.Demercado,Emari Demercado,RB,2025,9,REG,2025_09_ARI_DAL,ARI,DAL,0,0,0,0,0,0,0,14,79,0,0,0,1,1,-1,0,0,0,-1,0.0344827586206897,-0.00403225806451613,0
00-0038735,P.Fant,Princeton Fant,TE,2025,9,REG,2025_09_ARI_DAL,DAL,ARI,0,0,0,0,0,0,0,0,0,0,0,0,0,0,0,0,0,0,0,0,0,0
00-0038738,H.Luepke,Hunter Luepke,RB,2025,9,REG,2025_09_ARI_DAL,DAL,ARI,0,0,0,0,0,0,0,0,0,0,0,0,0,0,0,0,0,0,0,0,0,0
00-0038797,E.Wilson,Emanuel Wilson,RB,2025,9,REG,2025_09_CAR_GB,GB,CAR,0,0,0,0,0,0,0,6,16,0,0,0,1,2,1,0,0,0,-11,0.0571428571428571,-0.0338461538461538,0
00-0038839,M.Tinsley,Mitchell Tinsley,WR,2025,9,REG,2025_09_CHI_CIN,CIN,CHI,0,0,0,0,0,0,0,0,0,0,0,0,1,2,27,0,0,0,49,0.0444444444444444,0.114754098360656,0
00-0038840,B.Tremayne,Brycen Tremayne,WR,2025,9,REG,2025_09_CAR_GB,CAR,GB,0,0,0,0,0,0,0,0,0,0,0,0,1,1,8,0,0,0,5,0.0526315789473684,0.04,0
00-0038896,J.Saylors,Jacob Saylors,RB,2025,9,REG,2025_09_MIN_DET,DET,MIN,0,0,0,0,0,0,0,0,0,0,0,0,0,0,0,0,0,0,0,0,0,0
00-0038933,D.Kincaid,Dalton Kincaid,TE,2025,9,REG,2025_09_KC_BUF,BUF,KC,0,0,0,0,0,0,0,0,0,0,0,0,6,6,101,1,0,0,48,0.24,0.360902255639098,0
00-0038938,J.Hyatt,Jalin Hyatt,WR,2025,9,REG,2025_09_SF_NYG,NYG,SF,0,0,0,0,0,0,0,0,0,0,0,0,0,0,0,0,0,0,0,0,0,0
00-0038994,J.Addison,Jordan Addison,WR,2025,9,REG,2025_09_MIN_DET,MIN,DET,0,0,0,0,0,0,0,1,16,0,0,0,2,4,48,0,0,0,102,0.173913043478261,0.395348837209302,0
00-0038996,T.Kraft,Tucker Kraft,TE,2025,9,REG,2025_09_CAR_GB,GB,CAR,0,0,0,0,0,0,0,0,0,0,0,0,2,3,20,0,0,0,16,0.0857142857142857,0.0492307692307692,0
00-0038997,J.Downs,Josh Downs,WR,2025,9,REG,2025_09_IND_PIT,IND,PIT,0,0,0,0,0,0,0,0,0,0,0,0,6,9,57,1,0,0,52,0.1875,0.12037037037037,0
00-0039032,T.Spears,Tyjae Spears,RB,2025,9,REG,2025_09_LAC_TEN,TEN,LAC,0,0,0,0,0,0,0,7,26,0,0,0,3,3,36,0,0,0,1,0.142857142857143,0.00546448087431694,0
00-0039040,D.Achane,De'Von Achane,RB,2025,9,REG,2025_09_BAL_MIA,MIA,BAL,0,0,0,0,0,0,0,14,67,0,0,0,6,10,39,0,0,0,31,0.27027027027027,0.114391143911439,0
00-0039041,E.Higgins,Elijah Higgins,TE,2025,9,REG,2025_09_ARI_DAL,ARI,DAL,0,0,0,0,0,0,0,0,0,0,0,0,3,3,30,0,0,0,6,0.103448275862069,0.0241935483870968,0
00-0039064,Z.Flowers,Zay Flowers,WR,2025,9,REG,2025_09_BAL_MIA,BAL,MIA,0,0,0,0,0,0,0,0,0,0,0,0,5,5,64,0,0,0,36,0.217391304347826,0.173913043478261,0
00-0039065,S.LaPorta,Sam LaPorta,TE,2025,9,REG,2025_09_MIN_DET,DET,MIN,0,0,0,0,0,0,0,0,0,0,0,0,6,8,97,1,0,0,55,0.222222222222222,0.220883534136546,0
00-0039066,M.Mayer,Michael Mayer,TE,2025,9,REG,2025_09_JAX_LV,LV,JAX,0,0,0,0,0,0,0,0,0,0,0,0,3,7,26,0,0,0,51,0.184210526315789,0.314814814814815,0
00-0039067,R.Rice,Rashee Rice,WR,2025,9,REG,2025_09_KC_BUF,KC,BUF,0,0,0,0,0,0,0,2,6,1,0,0,4,7,80,0,0,0,91,0.241379310344828,0.184584178498986,0
00-0039074,D.Allen,Davis Allen,TE,2025,9,REG,2025_09_NO_LA,LA,NO,0,0,0,0,0,0,0,0,0,0,0,0,3,4,37,0,0,0,6,0.129032258064516,0.0188087774294671,0
00-0039075,P.Nacua,Puka Nacua,WR,2025,9,REG,2025_09_NO_LA,LA,NO,0,0,0,0,0,0,0,1,3,0,0,0,7,8,95,1,0,0,81,0.258064516129032,0.253918495297806,0
00-0039139,J.Gibbs,Jahmyr Gibbs,RB,2025,9,REG,2025_09_MIN_DET,DET,MIN,0,0,0,0,0,0,0,9,25,0,0,0,3,3,3,0,0,0,-12,0.0833333333333333,-0.0481927710843374,0
00-0039144,L.Musgrave,Luke Musgrave,TE,2025,9,REG,2025_09_CAR_GB,GB,CAR,0,0,0,0,0,0,0,0,0,0,0,0,3,3,34,0,0,0,23,0.0857142857142857,0.0707692307692308,0
00-0039150,B.Young,Bryce Young,QB,2025,9,REG,2025_09_CAR_GB,CAR,GB,11,20,102,0,1,0,0,2,9,0,0,0,0,0,0,0,0,0,0,0,0,0
00-0039163,C.Stroud,C.J. Stroud,QB,2025,9,REG,2025_09_DEN_HOU,HOU,DEN,6,10,79,0,0,0,0,2,12,0,0,0,0,0,0,0,0,0,0,0,0,0
00-0039165,Z.Charbonnet,Zach Charbonnet,RB,2025,9,REG,2025_09_SEA_WAS,SEA,WAS,0,0,0,0,0,0,0,8,25,0,0,0,1,1,21,0,0,0,5,0.0416666666666667,0.0241545893719807,0
00-0039299,G.Holani,George Holani,RB,2025,9,REG,2025_09_SEA_WAS,SEA,WAS,0,0,0,0,0,0,0,3,9,0,0,0,0,0,0,0,0,0,0,0,0,0
00-0039305,J.Westover,Jack Westover,TE,2025,9,REG,2025_09_ATL_NE,NE,ATL,0,0,0,0,0,0,0,0,0,0,0,0,0,0,0,0,0,0,0,0,0,0
00-0039338,B.Bowers,Brock Bowers,TE,2025,9,REG,2025_09_JAX_LV,LV,JAX,0,0,0,0,0,0,0,1,6,0,0,0,12,13,127,3,0,0,75,0.342105263157895,0.462962962962963,0
00-0039342,X.Legette,Xavier Legette,WR,2025,9,REG,2025_09_CAR_GB,CAR,GB,0,0,0,0,0,0,0,0,0,0,0,0,1,3,22,0,0,0,37,0.157894736842105,0.296,0
00-0039355,L.McCaffrey,Luke McCaffrey,WR,2025,9,REG,2025_09_SEA_WAS,WAS,SEA,0,0,0,0,0,0,0,0,0,0,0,0,0,0,0,0,0,0,0,0,0,0
00-0039356,J.Sanders,Ja'Tavion Sanders,TE,2025,9,REG,2025_09_CAR_GB,CAR,GB,0,0,0,0,0,0,0,0,0,0,0,0,1,1,5,0,0,0,5,0.0526315789473684,0.04,0
00-0039363,I.Guerendo,Isaac Guerendo,RB,2025,9,REG,2025_09_SF_NYG,SF,NYG,0,0,0,0,0,0,0,0,0,0,0,0,0,0,0,0,0,0,0,0,0,0
00-0039364,S.Vaki,Sione Vaki,RB,2025,9,REG,2025_09_MIN_DET,DET,MIN,0,0,0,0,0,0,0,0,0,0,0,0,0,0,0,0,0,0,0,0,0,0
00-0039384,T.Tracy,Tyrone Tracy Jr.,RB,2025,9,REG,2025_09_SF_NYG,NYG,SF,0,0,0,0,0,0,0,5,18,0,0,0,3,4,19,0,0,0,-3,0.125,-0.0138248847926267,0
00-0039391,K.Vidal,Kimani Vidal,RB,2025,9,REG,2025_09_LAC_TEN,LAC,TEN,0,0,0,0,0,0,0,12,30,0,0,0,0,1,0,0,0,0,7,0.0357142857142857,0.022508038585209,0
00-0039407,D.Laube,Dylan Laube,RB,2025,9,REG,2025_09_JAX_LV,LV,JAX,0,0,0,0,0,0,0,0,0,0,0,0,0,0,0,0,0,0,0,0,0,0
00-0039410,R.Flournoy,Ryan Flournoy,WR,2025,9,REG,2025_09_ARI_DAL,DAL,ARI,0,0,0,0,0,0,0,0,0,0,0,0,2,2,12,1,0,0,12,0.0555555555555556,0.03,0
00-0039491,J.Coker,Jalen Coker,WR,2025,9,REG,2025_09_CAR_GB,CAR,GB,0,0,0,0,0,0,0,0,0,0,0,0,1,1,9,0,0,0,9,0.0526315789473684,0.072,0
00-0039530,B.Spann-Ford,Brevyn Spann-Ford,TE,2025,9,REG,2025_09_ARI_DAL,DAL,ARI,0,0,0,0,0,0,0,0,0,0,0,0,0,0,0,0,0,0,0,0,0,0
00-0039603,B.Brooks,British Brooks,RB,2025,9,REG,2025_09_DEN_HOU,HOU,DEN,0,0,0,0,0,0,0,2,0,0,0,0,0,0,0,0,0,0,0,0,0,0
00-0039648,D.Martin-Robinson,David Martin-Robinson,TE,2025,9,REG,2025_09_LAC_TEN,TEN,LAC,0,0,0,0,0,0,0,0,0,0,0,0,0,0,0,0,0,0,0,0,0,0
00-0039732,B.Nix,Bo Nix,QB,2025,9,REG,2025_09_DEN_HOU,DEN,HOU,18,37,173,2,1,0,1,3,36,0,0,0,0,0,0,0,0,0,0,0,0,0
00-0039738,B.Corum,Blake Corum,RB,2025,9,REG,2025_09_NO_LA,LA,NO,0,0,0,0,0,0,0,13,58,0,0,0,0,0,0,0,0,0,0,0,0,0
00-0039739,R.Wilson,Roman Wilson,WR,2025,9,REG,2025_09_IND_PIT,PIT,IND,0,0,0,0,0,0,0,0,0,0,0,0,1,2,4,0,1,0,-6,0.0571428571428571,-0.058252427184466,0
00-0039757,T.Jennings,Terrell Jennings,RB,2025,9,REG,2025_09_ATL_NE,NE,ATL,0,0,0,0,0,0,0,11,35,1,0,0,1,1,9,0,0,0,2,0.0357142857142857,0.00645161290322581,0
00-0039793,A.Barner,AJ Barner,TE,2025,9,REG,2025_09_SEA_WAS,SEA,WAS,0,0,0,0,0,0,0,1,1,1,0,0,3,4,24,0,0,0,16,0.166666666666667,0.0772946859903382,0
00-0039796,R.Ali,Rasheen Ali,RB,2025,9,REG,2025_09_BAL_MIA,BAL,MIA,0,0,0,0,0,0,0,0,0,0,0,0,0,0,0,0,0,0,0,0,0,0
00-0039847,T.Johnson,Theo Johnson,TE,2025,9,REG,2025_09_SF_NYG,NYG,SF,0,0,0,0,0,0,0,0,0,0,0,0,3,6,27,1,0,0,46,0.1875,0.211981566820277,0
00-0039849,M.Harrison,Marvin Harrison Jr.,WR,2025,9,REG,2025_09_ARI_DAL,ARI,DAL,0,0,0,0,0,0,0,0,0,0,0,0,7,10,96,1,0,0,108,0.344827586206897,0.435483870967742,0
00-0039851,D.Maye,Drake Maye,QB,2025,9,REG,2025_09_ATL_NE,NE,ATL,19,29,259,2,1,1,0,8,20,0,0,0,0,0,0,0,0,0,0,0,0,0
00-0039868,T.Franklin,Troy Franklin,WR,2025,9,REG,2025_09_DEN_HOU,DEN,HOU,0,0,0,0,0,0,0,2,-4,0,0,0,4,10,27,0,0,1,195,0.294117647058824,0.442176870748299,0
00-0039875,R.Davis,Ray Davis,RB,2025,9,REG,2025_09_KC_BUF,BUF,KC,0,0,0,0,0,0,0,0,0,0,0,0,0,0,0,0,0,0,0,0,0,0
00-0039880,M.Washington,Malik Washington,WR,2025,9,REG,2025_09_BAL_MIA,MIA,BAL,0,0,0,0,0,0,0,3,13,0,1,0,3,3,48,0,0,0,13,0.0810810810810811,0.0479704797047971,0
00-0039884,T.Washington,Tahj Washington,WR,2025,9,REG,2025_09_BAL_MIA,MIA,BAL,0,0,0,0,0,0,0,0,0,0,0,0,1,2,11,0,1,0,56,0.0540540540540541,0.206642066420664,0
00-0039890,A.Mitchell,Adonai Mitchell,WR,2025,9,REG,2025_09_IND_PIT,IND,PIT,0,0,0,0,0,0,0,0,0,0,0,0,1,1,7,0,0,0,7,0.0208333333333333,0.0162037037037037,0
00-0039893,B.Thomas,Brian Thomas Jr.,WR,2025,9,REG,2025_09_JAX_LV,JAX,LV,0,0,0,0,0,0,0,0,0,0,0,0,3,5,55,0,0,0,83,0.151515151515152,0.28719723183391,0
00-0039894,X.Worthy,Xavier Worthy,WR,2025,9,REG,2025_09_KC_BUF,KC,BUF,0,0,0,0,0,0,0,1,7,0,0,0,3,7,23,0,0,0,126,0.241379310344828,0.255578093306288,0
00-0039901,K.Coleman,Keon Coleman,WR,2025,9,REG,2025_09_KC_BUF,BUF,KC,0,0,0,0,0,0,0,0,0,0,0,0,2,2,17,0,0,0,10,0.08,0.075187969924812,0
00-0039910,J.Daniels,Jayden Daniels,QB,2025,9,REG,2025_09_SEA_WAS,WAS,SEA,16,22,153,0,1,0,0,10,51,1,0,0,0,0,0,0,0,0,0,0,0,0
00-0039915,L.McConkey,Ladd McConkey,WR,2025,9,REG,2025_09_LAC_TEN,LAC,TEN,0,0,0,0,0,0,0,0,0,0,0,0,4,6,56,0,0,0,46,0.214285714285714,0.147909967845659,0
00-0039917,M.Penix,Michael Penix Jr.,QB,2025,9,REG,2025_09_ATL_NE,ATL,NE,22,37,221,3,0,0,0,2,19,0,0,0,0,0,0,0,0,0,0,0,0,0
00-0039918,C.Williams,Caleb Williams,QB,2025,9,REG,2025_09_CHI_CIN,CHI,CIN,20,34,280,3,0,0,0,5,53,0,0,0,2,2,22,1,0,0,-3,0.0588235294117647,-0.0101694915254237,0
00-0039919,R.Odunze,Rome Odunze,WR,2025,9,REG,2025_09_CHI_CIN,CHI,CIN,0,0,0,0,0,0,0,0,0,0,0,0,0,3,0,0,0,0,35,0.0882352941176471,0.11864406779661,0
00-0039923,J.McCarthy,J.J. McCarthy,QB,2025,9,REG,2025_09_MIN_DET,MIN,DET,14,25,143,2,1,0,0,9,12,1,0,0,0,0,0,0,0,0,0,0,0,0
00-0040009,S.Williams,Savion Williams,WR,2025,9,REG,2025_09_CAR_GB,GB,CAR,0,0,0,0,0,0,0,1,0,0,1,0,2,2,12,0,0,0,3,0.0571428571428571,0.00923076923076923,0
00-0040075,L.Wester,LaJohntay Wester,WR,2025,9,REG,2025_09_BAL_MIA,BAL,MIA,0,0,0,0,0,0,0,0,0,0,0,0,0,0,0,0,0,0,0,0,0,0
00-0040078,B.Smith,Brashard Smith,RB,2025,9,REG,2025_09_KC_BUF,KC,BUF,0,0,0,0,0,0,0,3,7,0,0,0,0,1,0,0,0,0,-2,0.0344827586206897,-0.00405679513184584,0
00-0040122,A.Jeanty,Ashton Jeanty,RB,2025,9,REG,2025_09_JAX_LV,LV,JAX,0,0,0,0,0,0,0,13,42,0,0,0,5,5,47,1,0,0,-19,0.131578947368421,-0.117283950617284,0
00-0040124,T.McMillan,Tetairoa McMillan,WR,2025,9,REG,2025_09_CAR_GB,CAR,GB,0,0,0,0,0,0,0,0,0,0,0,0,4,6,46,0,0,0,61,0.315789473684211,0.488,0
00-0040126,C.Loveland,Colston Loveland,TE,2025,9,REG,2025_09_CHI_CIN,CHI,CIN,0,0,0,0,0,0,0,0,0,0,0,0,6,7,118,2,0,0,71,0.205882352941176,0.240677966101695,0
00-0040128,T.Warren,Tyler Warren,TE,2025,9,REG,2025_09_IND_PIT,IND,PIT,0,0,0,0,0,0,0,0,0,0,0,0,5,7,26,0,0,0,7,0.145833333333333,0.0162037037037037,0
00-0040130,J.Higgins,Jayden Higgins,WR,2025,9,REG,2025_09_DEN_HOU,HOU,DEN,0,0,0,0,0,0,0,0,0,0,0,0,1,1,4,0,0,0,4,0.0256410256410256,0.0120845921450151,0
00-0040131,K.Williams,Kyle Williams,WR,2025,9,REG,2025_09_ATL_NE,NE,ATL,0,0,0,0,0,0,0,0,0,0,0,0,0,1,0,0,0,0,11,0.0357142857142857,0.0354838709677419,0
00-0040134,P.Bryant,Pat Bryant,WR,2025,9,REG,2025_09_DEN_HOU,DEN,HOU,0,0,0,0,0,0,0,0,0,0,0,0,2,3,20,0,0,0,57,0.0882352941176471,0.129251700680272,0
00-0040138,J.Noel,Jaylin Noel,WR,2025,9,REG,2025_09_DEN_HOU,HOU,DEN,0,0,0,0,0,0,0,1,-3,0,0,0,0,0,0,0,0,0,0,0,0,0
00-0040142,K.Johnson,Kaleb Johnson,RB,2025,9,REG,2025_09_IND_PIT,PIT,IND,0,0,0,0,0,0,0,1,4,0,0,0,1,1,9,0,0,0,-5,0.0285714285714286,-0.0485436893203884,0
00-0040154,T.Felton,Tai Felton,WR,2025,9,REG,2025_09_MIN_DET,MIN,DET,0,0,0,0,0,0,0,0,0,0,0,0,0,0,0,0,0,0,0,0,0,0
00-0040164,J.Lane,Jaylin Lane,WR,2025,9,REG,2025_09_SEA_WAS,WAS,SEA,0,0,0,0,0,0,0,0,0,0,0,0,3,5,29,0,0,0,41,0.238095238095238,0.328,0
00-0040170,E.Ayomanor,Elic Ayomanor,WR,2025,9,REG,2025_09_LAC_TEN,TEN,LAC,0,0,0,0,0,0,0,0,0,0,0,0,3,6,46,0,0,0,72,0.285714285714286,0.39344262295082,0
00-0040172,J.Watkins,Jordan Watkins,WR,2025,9,REG,2025_09_SF_NYG,SF,NYG,0,0,0,0,0,0,0,0,0,0,0,0,1,1,19,0,0,0,19,0.0434782608695652,0.11875,0
00-0040184,K.Lambert-Smith,KeAndre Lambert-Smith,WR,2025,9,REG,2025_09_LAC_TEN,LAC,TEN,0,0,0,0,0,0,0,0,0,0,0,0,0,1,0,0,0,0,48,0.0357142857142857,0.154340836012862,0
00-0040189,O.Gadsden,Oronde Gadsden II,TE,2025,9,REG,2025_09_LAC_TEN,LAC,TEN,0,0,0,0,0,0,0,0,0,0,0,0,5,5,68,0,0,0,47,0.178571428571429,0.15112540192926,0
00-0040194,J.Hawes,Jackson Hawes,TE,2025,9,REG,2025_09_KC_BUF,BUF,KC,0,0,0,0,0,0,0,0,0,0,0,0,1,2,18,0,0,0,15,0.08,0.112781954887218,0
00-0040198,O.Gordon,Ollie Gordon II,RB,2025,9,REG,2025_09_BAL_MIA,MIA,BAL,0,0,0,0,0,0,0,2,6,0,0,0,1,1,3,0,0,0,-4,0.027027027027027,-0.014760147601476,0
00-0040202,D.Neal,Devin Neal,RB,2025,9,REG,2025_09_NO_LA,NO,LA,0,0,0,0,0,0,0,3,11,0,0,0,1,1,1,0,0,0,-1,0.0416666666666667,-0.00458715596330275,0
00-0040208,T.Brooks,Tahj Brooks,RB,2025,9,REG,2025_09_CHI_CIN,CIN,CHI,0,0,0,0,0,0,0,1,1,0,0,0,0,0,0,0,0,0,0,0,0,0
00-0040218,Ji.Horn,Jimmy Horn Jr.,WR,2025,9,REG,2025_09_CAR_GB,CAR,GB,0,0,0,0,0,0,0,1,7,0,0,0,1,2,1,0,0,0,-3,0.105263157894737,-0.024,0
00-0040236,K.Monangai,Kyle Monangai,RB,2025,9,REG,2025_09_CHI_CIN,CHI,CIN,0,0,0,0,0,0,0,26,176,0,0,0,3,5,22,0,0,0,-3,0.147058823529412,-0.0101694915254237,0
00-0040238,L.Allen,LeQuint Allen Jr.,RB,2025,9,REG,2025_09_JAX_LV,JAX,LV,0,0,0,0,0,0,0,1,10,0,0,0,1,1,1,0,0,0,1,0.0303030303030303,0.00346020761245675,0
00-0040242,J.Croskey-Merritt,Jacory Croskey-Merritt,RB,2025,9,REG,2025_09_SEA_WAS,WAS,SEA,0,0,0,0,0,0,0,12,38,0,0,0,1,1,3,0,0,0,2,0.0476190476190476,0.016,0
00-0040277,J.Walker,Jahdae Walker,WR,2025,9,REG,2025_09_CHI_CIN,CHI,CIN,0,0,0,0,0,0,0,0,0,0,0,0,0,0,0,0,0,0,0,0,0,0
00-0040506,M.Price,Myles Price,WR,2025,9,REG,2025_09_MIN_DET,MIN,DET,0,0,0,0,0,0,0,0,0,0,0,0,0,0,0,0,0,0,0,0,0,0
00-0040509,B.Yurosek,Ben Yurosek,TE,2025,9,REG,2025_09_MIN_DET,MIN,DET,0,0,0,0,0,0,0,0,0,0,0,0,0,0,0,0,0,0,0,0,0,0
00-0040534,K.Williams,Ke'Shawn Williams,WR,2025,9,REG,2025_09_IND_PIT,PIT,IND,0,0,0,0,0,0,0,0,0,0,0,0,0,0,0,0,0,0,0,0,0,0
00-0040563,E.Chism,Efton Chism III,WR,2025,9,REG,2025_09_ATL_NE,NE,ATL,0,0,0,0,0,0,0,0,0,0,0,0,0,0,0,0,0,0,0,0,0,0
00-0040583,W.Marks,Woody Marks,RB,2025,9,REG,2025_09_DEN_HOU,HOU,DEN,0,0,0,0,0,0,0,10,27,0,0,0,0,3,0,0,0,0,16,0.0769230769230769,0.0483383685800604,0
00-0040584,G.Helm,Gunnar Helm,TE,2025,9,REG,2025_09_LAC_TEN,TEN,LAC,0,0,0,0,0,0,0,0,0,0,0,0,1,1,15,0,0,0,13,0.0476190476190476,0.0710382513661202,0
00-0040644,T.Etienne,Trevor Etienne,RB,2025,9,REG,2025_09_CAR_GB,CAR,GB,0,0,0,0,0,0,0,0,0,0,0,0,0,0,0,0,0,0,0,0,0,0
00-0040648,T.Horton,Tory Horton,WR,2025,9,REG,2025_09_SEA_WAS,SEA,WAS,0,0,0,0,0,0,0,0,0,0,0,0,4,4,48,2,0,0,42,0.166666666666667,0.202898550724638,0
00-0040649,R.Ouzts,Robbie Ouzts,RB,2025,9,REG,2025_09_SEA_WAS,SEA,WAS,0,0,0,0,0,0,0,0,0,0,0,0,0,0,0,0,0,0,0,0,0,0
00-0040667,M.Golden,Matthew Golden,WR,2025,9,REG,2025_09_CAR_GB,GB,CAR,0,0,0,0,0,0,0,0,0,0,0,0,2,3,9,0,0,0,47,0.0857142857142857,0.144615384615385,0
00-0040676,C.Ward,Cam Ward,QB,2025,9,REG,2025_09_LAC_TEN,TEN,LAC,12,21,145,0,0,0,0,2,6,0,0,0,0,0,0,0,0,0,0,0,0,0
00-0040691,J.Dart,Jaxson Dart,QB,2025,9,REG,2025_09_SF_NYG,NYG,SF,24,33,191,2,0,0,0,8,56,1,0,0,0,0,0,0,0,0,0,0,0,0
00-0040705,C.Dike,Chimere Dike,WR,2025,9,REG,2025_09_LAC_TEN,TEN,LAC,0,0,0,0,0,0,0,0,0,0,0,0,1,3,5,0,0,0,6,0.142857142857143,0.0327868852459016,1
00-0040719,B.Tuten,Bhayshul Tuten,RB,2025,9,REG,2025_09_JAX_LV,JAX,LV,0,0,0,0,0,0,0,9,29,1,0,0,1,1,-3,0,0,0,-6,0.0303030303030303,-0.0207612456747405,0
00-0040727,T.Harris,Tre Harris,WR,2025,9,REG,2025_09_LAC_TEN,LAC,TEN,0,0,0,0,0,0,0,0,0,0,0,0,2,2,18,0,0,0,12,0.0714285714285714,0.0385852090032154,0
00-0040729,J.Bech,Jack Bech,WR,2025,9,REG,2025_09_JAX_LV,LV,JAX,0,0,0,0,0,0,0,0,0,0,0,0,0,0,0,0,0,0,0,0,0,0
00-0040730,R.Harvey,RJ Harvey,RB,2025,9,REG,2025_09_DEN_HOU,DEN,HOU,0,0,0,0,0,0,0,2,5,0,0,0,5,5,51,1,0,0,7,0.147058823529412,0.0158730158730159,0
00-0040734,T.Henderson,TreVeyon Henderson,RB,2025,9,REG,2025_09_ATL_NE,NE,ATL,0,0,0,0,0,0,0,14,55,0,0,0,4,6,32,0,0,0,-6,0.214285714285714,-0.0193548387096774,0
00-0040737,T.Ferguson,Terrance Ferguson,TE,2025,9,REG,2025_09_NO_LA,LA,NO,0,0,0,0,0,0,0,0,0,0,0,0,2,3,54,0,0,0,56,0.0967741935483871,0.175548589341693,0
00-0040739,E.Arroyo,Elijah Arroyo,TE,2025,9,REG,2025_09_SEA_WAS,SEA,WAS,0,0,0,0,0,0,0,0,0,0,0,0,2,2,29,1,0,0,23,0.0833333333333333,0.111111111111111,0
00-0040743,T.Shough,Tyler Shough,QB,2025,9,REG,2025_09_NO_LA,NO,LA,15,24,176,1,1,0,0,1,2,0,0,0,0,0,0,0,0,0,0,0,0,0
00-0023459,A.Rodgers,Aaron Rodgers,QB,2025,10,REG,2025_10_PIT_LAC,PIT,LAC,16,31,161,1,2,0,0,0,0,0,0,0,0,0,0,0,0,0,0,0,0,0
00-0024243,M.Lewis,Marcedes Lewis,TE,2025,10,REG,2025_10_LV_DEN,DEN,LV,0,0,0,0,0,0,0,0,0,0,0,0,0,0,0,0,0,0,0,0,0,0
00-0026498,M.Stafford,Matthew Stafford,QB,2025,10,REG,2025_10_LA_SF,LA,SF,24,36,280,4,0,0,0,3,-3,0,0,0,0,0,0,0,0,0,0,0,0,0
00-0029263,R.Wilson,Russell Wilson,QB,2025,10,REG,2025_10_NYG_CHI,NYG,CHI,3,7,45,0,0,0,0,2,12,0,0,0,0,0,0,0,0,0,0,0,0,0
00-0030035,A.Thielen,Adam Thielen,WR,2025,10,REG,2025_10_BAL_MIN,MIN,BAL,0,0,0,0,0,0,0,0,0,0,0,0,2,3,16,0,0,0,11,0.0731707317073171,0.0240174672489083,0
00-0030061,Z.Ertz,Zach Ertz,TE,2025,10,REG,2025_10_DET_WAS,WAS,DET,0,0,0,0,0,0,0,0,0,0,0,0,4,5,54,0,0,0,87,0.227272727272727,0.302083333333333,0
00-0030279,K.Allen,Keenan Allen,WR,2025,10,REG,2025_10_PIT_LAC,LAC,PIT,0,0,0,0,0,0,0,0,0,0,0,0,2,5,19,0,0,0,27,0.151515151515152,0.173076923076923,0
00-0030564,D.Hopkins,DeAndre Hopkins,WR,2025,10,REG,2025_10_BAL_MIN,BAL,MIN,0,0,0,0,0,0,0,0,0,0,0,0,2,4,16,0,0,0,13,0.142857142857143,0.109243697478992,0
00-0030565,G.Smith,Geno Smith,QB,2025,10,REG,2025_10_LV_DEN,LV,DEN,16,26,143,0,1,0,0,3,7,0,0,0,0,0,0,0,0,0,0,0,0,0
00-0031381,D.Adams,Davante Adams,WR,2025,10,REG,2025_10_LA_SF,LA,SF,0,0,0,0,0,0,0,0,0,0,0,0,6,8,77,1,0,0,131,0.235294117647059,0.394578313253012,0
00-0031588,S.Diggs,Stefon Diggs,WR,2025,10,REG,2025_10_NE_TB,NE,TB,0,0,0,0,0,0,0,0,0,0,0,0,5,8,46,1,0,0,80,0.275862068965517,0.228571428571429,0
00-0031687,R.Mostert,Raheem Mostert,RB,2025,10,REG,2025_10_LV_DEN,LV,DEN,0,0,0,0,0,0,0,1,4,0,0,0,1,1,11,0,0,0,-4,0.04,-0.0655737704918033,0
00-0032104,A.Abdullah,Ameer Abdullah,RB,2025,10,REG,2025_10_ATL_IND,IND,ATL,0,0,0,0,0,0,0,0,0,0,0,0,1,1,8,0,0,0,3,0.0384615384615385,0.0143540669856459,0
00-0032211,T.Lockett,Tyler Lockett,WR,2025,10,REG,2025_10_LV_DEN,LV,DEN,0,0,0,0,0,0,0,0,0,0,0,0,5,6,44,0,0,0,26,0.24,0.426229508196721,0
00-0032268,M.Mariota,Marcus Mariota,QB,2025,10,REG,2025_10_DET_WAS,WAS,DET,16,22,213,2,0,0,0,5,22,0,0,0,0,0,0,0,0,0,0,0,0,0
00-0032385,S.Shepard,Sterling Shepard,WR,2025,10,REG,2025_10_NE_TB,TB,NE,0,0,0,0,0,0,0,1,11,0,0,0,3,4,20,0,0,0,48,0.0930232558139535,0.170212765957447,0
00-0032392,A.Hooper,Austin Hooper,TE,2025,10,REG,2025_10_NE_TB,NE,TB,0,0,0,0,0,0,0,0,0,0,0,0,0,1,0,0,0,0,15,0.0344827586206897,0.0428571428571429,0
00-0032398,C.Moore,Chris Moore,WR,2025,10,REG,2025_10_DET_WAS,WAS,DET,0,0,0,0,0,0,0,0,0,0,0,0,0,0,0,0,0,0,0,0,0,0
00-0032464,K.Raymond,Kalif Raymond,WR,2025,10,REG,2025_10_DET_WAS,DET,WAS,0,0,0,0,0,0,0,1,10,0,0,0,4,4,49,0,0,0,21,0.125,0.121387283236994,0
00-0032688,R.Chosen,Robbie Chosen,WR,2025,10,REG,2025_10_DET_WAS,WAS,DET,0,0,0,0,0,0,0,0,0,0,0,0,1,4,17,0,0,0,90,0.181818181818182,0.3125,0
00-0032764,D.Henry,Derrick Henry,RB,2025,10,REG,2025_10_BAL_MIN,BAL,MIN,0,0,0,0,0,0,0,20,75,0,0,0,3,3,9,0,0,0,-2,0.107142857142857,-0.0168067226890756,0
00-0032775,D.Robinson,Demarcus Robinson,WR,2025,10,REG,2025_10_LA_SF,SF,LA,0,0,0,0,0,0,0,0,0,0,0,0,3,4,34,0,0,0,66,0.102564102564103,0.234042553191489,0
00-0032951,L.Treadwell,Laquon Treadwell,WR,2025,10,REG,2025_10_ATL_IND,IND,ATL,0,0,0,0,0,0,0,0,0,0,0,0,0,0,0,0,0,0,0,0,0,0
00-0033090,H.Henry,Hunter Henry,TE,2025,10,REG,2025_10_NE_TB,NE,TB,0,0,0,0,0,0,0,0,0,0,0,0,1,4,9,0,0,0,38,0.137931034482759,0.108571428571429,0
00-0033106,J.Goff,Jared Goff,QB,2025,10,REG,2025_10_DET_WAS,DET,WAS,25,33,320,3,0,0,0,0,0,0,0,0,0,0,0,0,0,0,0,0,0,0
00-0033110,T.Higbee,Tyler Higbee,TE,2025,10,REG,2025_10_LA_SF,LA,SF,0,0,0,0,0,0,0,0,0,0,0,0,3,3,33,0,0,0,11,0.0882352941176471,0.0331325301204819,0
00-0033119,J.Brissett,Jacoby Brissett,QB,2025,10,REG,2025_10_ARI_SEA,ARI,SEA,22,44,258,2,0,2,1,4,31,0,0,0,0,0,0,0,0,0,0,0,0,0
00-0033217,M.Alie-Cox,Mo Alie-Cox,TE,2025,10,REG,2025_10_ATL_IND,IND,ATL,0,0,0,0,0,0,0,0,0,0,0,0,0,1,0,0,0,0,15,0.0384615384615385,0.0717703349282297,0
00-0033246,J.Mundt,Johnny Mundt,TE,2025,10,REG,2025_10_JAX_HOU,JAX,HOU,0,0,0,0,0,0,0,0,0,0,0,0,1,2,21,0,0,0,15,0.0869565217391304,0.102739726027397,0
00-0033280,C.McCaffrey,Christian McCaffrey,RB,2025,10,REG,2025_10_LA_SF,SF,LA,0,0,0,0,0,0,0,12,30,0,0,0,8,10,66,0,0,0,28,0.256410256410256,0.099290780141844,0
00-0033282,C.Samuel,Curtis Samuel,WR,2025,10,REG,2025_10_BUF_MIA,BUF,MIA,0,0,0,0,0,0,0,0,0,0,0,0,1,1,21,0,0,0,16,0.0256410256410256,0.0396039603960396,0
00-0033288,G.Kittle,George Kittle,TE,2025,10,REG,2025_10_LA_SF,SF,LA,0,0,0,0,0,0,0,0,0,0,0,0,9,9,84,1,0,0,55,0.230769230769231,0.195035460992908,0
00-0033293,A.Jones,Aaron Jones,RB,2025,10,REG,2025_10_BAL_MIN,MIN,BAL,0,0,0,0,0,0,0,9,47,1,0,0,3,6,22,0,0,0,1,0.146341463414634,0.00218340611353712,0
00-0033307,K.Bourne,Kendrick Bourne,WR,2025,10,REG,2025_10_LA_SF,SF,LA,0,0,0,0,0,0,0,0,0,0,0,0,1,1,19,0,0,0,18,0.0256410256410256,0.0638297872340426,0
00-0033357,T.Hill,Taysom Hill,TE,2025,10,REG,2025_10_NO_CAR,NO,CAR,0,1,0,0,0,0,0,7,20,0,0,0,0,1,0,0,0,0,2,0.0384615384615385,0.0078125,0
00-0033376,P.Ricard,Patrick Ricard,RB,2025,10,REG,2025_10_BAL_MIN,BAL,MIN,0,0,0,0,0,0,0,1,3,0,0,0,0,0,0,0,0,0,0,0,0,0
00-0033555,M.Hollins,Mack Hollins,WR,2025,10,REG,2025_10_NE_TB,NE,TB,0,0,0,0,0,0,0,0,0,0,0,0,6,10,106,0,0,0,149,0.344827586206897,0.425714285714286,0
00-0033572,J.Agnew,Jamal Agnew,WR,2025,10,REG,2025_10_ATL_IND,ATL,IND,0,0,0,0,0,0,0,0,0,0,0,0,0,0,0,0,0,0,0,0,0,0
00-0033858,J.Smith,Jonnu Smith,TE,2025,10,REG,2025_10_PIT_LAC,PIT,LAC,0,0,0,0,0,0,0,0,0,0,0,0,1,2,4,0,0,0,21,0.0714285714285714,0.0836653386454183,0
00-0033869,M.Trubisky,Mitchell Trubisky,QB,2025,10,REG,2025_10_BUF_MIA,BUF,MIA,0,0,0,0,0,0,0,1,4,0,0,0,0,0,0,0,0,0,0,0,0,0
00-0033881,E.Engram,Evan Engram,TE,2025,10,REG,2025_10_LV_DEN,DEN,LV,0,0,0,0,0,0,0,0,0,0,0,0,2,5,12,0,0,0,30,0.185185185185185,0.121457489878543,0
00-0033885,D.Njoku,David Njoku,TE,2025,10,REG,2025_10_CLE_NYJ,CLE,NYJ,0,0,0,0,0,0,0,0,0,0,0,0,2,2,21,1,0,0,-5,0.0625,-0.025,0
00-0033891,Z.Jones,Zay Jones,WR,2025,10,REG,2025_10_ARI_SEA,ARI,SEA,0,0,0,0,0,0,0,0,0,0,0,0,0,1,0,0,0,0,3,0.0227272727272727,0.00911854103343465,0
00-0033906,A.Kamara,Alvin Kamara,RB,2025,10,REG,2025_10_NO_CAR,NO,CAR,0,0,0,0,0,0,0,22,83,0,0,0,3,3,32,0,0,0,-2,0.115384615384615,-0.0078125,0
00-0033908,C.Kupp,Cooper Kupp,WR,2025,10,REG,2025_10_ARI_SEA,SEA,ARI,0,0,0,0,0,0,0,0,0,0,0,0,2,2,74,0,0,0,18,0.166666666666667,0.140625,0
00-0033955,J.McNichols,Jeremy McNichols,RB,2025,10,REG,2025_10_DET_WAS,WAS,DET,0,0,0,0,0,0,0,5,25,0,0,0,1,1,4,0,0,0,4,0.0454545454545455,0.0138888888888889,0
00-0034073,R.Dwelley,Ross Dwelley,TE,2025,10,REG,2025_10_DET_WAS,DET,WAS,0,0,0,0,0,0,0,0,0,0,0,0,0,1,0,0,0,0,0,0.03125,0,0
00-0034270,T.Conklin,Tyler Conklin,TE,2025,10,REG,2025_10_PIT_LAC,LAC,PIT,0,0,0,0,0,0,0,0,0,0,0,0,1,1,12,0,0,0,5,0.0303030303030303,0.0320512820512821,0
00-0034348,C.Sutton,Courtland Sutton,WR,2025,10,REG,2025_10_LV_DEN,DEN,LV,0,0,0,0,0,0,0,0,0,0,0,0,3,4,24,0,0,0,31,0.148148148148148,0.125506072874494,0
00-0034351,D.Goedert,Dallas Goedert,TE,2025,10,REG,2025_10_PHI_GB,PHI,GB,0,0,0,0,0,0,0,0,0,0,0,0,4,6,43,0,0,0,54,0.260869565217391,0.235807860262009,0
00-0034383,D.Schultz,Dalton Schultz,TE,2025,10,REG,2025_10_JAX_HOU,HOU,JAX,0,0,0,0,0,0,0,0,0,0,0,0,7,11,53,1,0,0,91,0.25,0.213114754098361,0
00-0034407,R.McCloud,Ray-Ray McCloud,WR,2025,10,REG,2025_10_NYG_CHI,NYG,CHI,0,0,0,0,0,0,0,0,0,0,0,0,0,0,0,0,0,0,0,0,0,0
00-0034419,B.Berrios,Braxton Berrios,WR,2025,10,REG,2025_10_JAX_HOU,HOU,JAX,0,0,0,0,0,0,0,0,0,0,0,0,0,0,0,0,0,0,0,0,0,0
00-0034577,K.Allen,Kyle Allen,QB,2025,10,REG,2025_10_DET_WAS,DET,WAS,0,2,0,0,0,0,0,1,-1,0,0,0,0,0,0,0,0,0,0,0,0,0
00-0034753,M.Andrews,Mark Andrews,TE,2025,10,REG,2025_10_BAL_MIN,BAL,MIN,0,0,0,0,0,0,0,0,0,0,0,0,3,5,14,1,0,0,33,0.178571428571429,0.277310924369748,0
00-0034775,C.Kirk,Christian Kirk,WR,2025,10,REG,2025_10_JAX_HOU,HOU,JAX,0,0,0,0,0,0,0,0,0,0,0,0,1,3,3,0,0,0,13,0.0681818181818182,0.0304449648711944,0
00-0034791,N.Chubb,Nick Chubb,RB,2025,10,REG,2025_10_JAX_HOU,HOU,JAX,0,0,0,0,0,0,0,5,47,0,0,0,1,1,5,0,0,0,5,0.0227272727272727,0.0117096018735363,0
00-0034796,L.Jackson,Lamar Jackson,QB,2025,10,REG,2025_10_BAL_MIN,BAL,MIN,17,29,176,1,0,0,1,9,36,0,0,0,0,0,0,0,0,0,0,0,0,0
00-0034827,D.Moore,DJ Moore,WR,2025,10,REG,2025_10_NYG_CHI,CHI,NYG,0,0,0,0,0,0,0,0,0,0,0,0,0,4,0,0,0,0,56,0.111111111111111,0.16231884057971,0
00-0034844,S.Barkley,Saquon Barkley,RB,2025,10,REG,2025_10_PHI_GB,PHI,GB,0,0,0,0,0,0,0,22,60,0,0,0,3,3,41,0,0,0,-10,0.130434782608696,-0.0436681222707424,0
00-0034854,K.Hodge,KhaDarel Hodge,WR,2025,10,REG,2025_10_ATL_IND,ATL,IND,0,0,0,0,0,0,0,0,0,0,0,0,0,0,0,0,0,0,0,0,0,0
00-0034855,B.Mayfield,Baker Mayfield,QB,2025,10,REG,2025_10_NE_TB,TB,NE,28,43,273,3,0,0,0,0,0,0,0,0,0,0,0,0,0,0,0,0,0,0
00-0034857,J.Allen,Josh Allen,QB,2025,10,REG,2025_10_BUF_MIA,BUF,MIA,28,40,306,2,1,0,0,4,31,0,1,0,0,0,0,0,0,0,0,0,0,0
00-0034860,D.Pettis,Dante Pettis,WR,2025,10,REG,2025_10_NO_CAR,NO,CAR,0,0,0,0,0,0,0,0,0,0,0,0,0,0,0,0,0,0,0,0,0,0
00-0034869,S.Darnold,Sam Darnold,QB,2025,10,REG,2025_10_ARI_SEA,SEA,ARI,10,12,178,1,1,1,0,3,-2,0,1,0,0,0,0,0,0,0,0,0,0,0
00-0034960,J.Meyers,Jakobi Meyers,WR,2025,10,REG,2025_10_JAX_HOU,JAX,HOU,0,0,0,0,0,0,0,0,0,0,0,0,3,3,41,0,0,0,34,0.130434782608696,0.232876712328767,0
00-0034975,J.Hill,Justice Hill,RB,2025,10,REG,2025_10_BAL_MIN,BAL,MIN,0,0,0,0,0,0,0,1,1,1,0,0,1,2,12,0,0,0,6,0.0714285714285714,0.0504201680672269,0
00-0034981,F.Moreau,Foster Moreau,TE,2025,10,REG,2025_10_NO_CAR,NO,CAR,0,0,0,0,0,0,0,0,0,0,0,0,2,3,16,0,0,0,10,0.115384615384615,0.0390625,0
00-0035021,A.Dulin,Ashton Dulin,WR,2025,10,REG,2025_10_ATL_IND,IND,ATL,0,0,0,0,0,0,0,1,22,0,0,0,0,0,0,0,0,0,0,0,0,0
00-0035208,O.Zaccheaus,Olamide Zaccheaus,WR,2025,10,REG,2025_10_NYG_CHI,CHI,NYG,0,0,0,0,0,0,0,0,0,0,0,0,1,4,5,0,0,0,38,0.111111111111111,0.110144927536232,0
00-0035229,T.Hockenson,T.J. Hockenson,TE,2025,10,REG,2025_10_BAL_MIN,MIN,BAL,0,0,0,0,0,0,0,0,0,0,0,0,2,2,8,0,0,0,8,0.0487804878048781,0.0174672489082969,0
00-0035250,D.Singletary,Devin Singletary,RB,2025,10,REG,2025_10_NYG_CHI,NYG,CHI,0,0,0,0,0,0,0,8,20,0,0,0,3,3,53,0,0,0,-3,0.09375,-0.0103092783505155,0
00-0035291,T.Williams,Trayveon Williams,RB,2025,10,REG,2025_10_PIT_LAC,LAC,PIT,0,0,0,0,0,0,0,0,0,0,0,0,0,0,0,0,0,0,0,0,0,0
00-0035359,D.Sills,David Sills,WR,2025,10,REG,2025_10_ATL_IND,ATL,IND,0,0,0,0,0,0,0,0,0,0,0,0,0,1,0,0,0,0,24,0.04,0.0833333333333333,0
00-0035500,G.Dortch,Greg Dortch,WR,2025,10,REG,2025_10_ARI_SEA,ARI,SEA,0,0,0,0,0,0,0,2,2,1,0,0,0,0,0,0,0,0,0,0,0,0
00-0035535,D.Slayton,Darius Slayton,WR,2025,10,REG,2025_10_NYG_CHI,NYG,CHI,0,0,0,0,0,0,0,0,0,0,0,0,4,4,89,0,0,0,73,0.125,0.25085910652921,0
00-0035537,Ty.Johnson,Ty Johnson,RB,2025,10,REG,2025_10_BUF_MIA,BUF,MIA,0,0,0,0,0,0,0,1,2,0,0,0,2,2,24,0,0,0,-9,0.0512820512820513,-0.0222772277227723,0
00-0035602,A.Bachman,Alex Bachman,WR,2025,10,REG,2025_10_LV_DEN,LV,DEN,0,0,0,0,0,0,0,0,0,0,0,0,0,0,0,0,0,0,0,0,0,0
00-0035628,D.Johnson,D'Ernest Johnson,RB,2025,10,REG,2025_10_NE_TB,NE,TB,0,0,0,0,0,0,0,1,1,0,0,0,0,0,0,0,0,0,0,0,0,0
00-0035640,D.Metcalf,DK Metcalf,WR,2025,10,REG,2025_10_PIT_LAC,PIT,LAC,0,0,0,0,0,0,0,0,0,0,0,0,3,7,35,0,0,0,118,0.25,0.470119521912351,0
00-0035645,G.Olszewski,Gunner Olszewski,WR,2025,10,REG,2025_10_NYG_CHI,NYG,CHI,0,0,0,0,0,0,0,0,0,0,0,0,0,2,0,0,0,0,28,0.0625,0.0962199312714777,0
00-0035676,A.Brown,A.J. Brown,WR,2025,10,REG,2025_10_PHI_GB,PHI,GB,0,0,0,0,0,0,0,0,0,0,0,0,2,3,13,0,0,0,39,0.130434782608696,0.170305676855895,0
00-0035685,D.Montgomery,David Montgomery,RB,2025,10,REG,2025_10_DET_WAS,DET,WAS,0,0,0,0,0,0,0,15,71,0,0,1,1,1,0,0,0,0,-1,0.03125,-0.00578034682080925,0
00-0035689,D.Knox,Dawson Knox,TE,2025,10,REG,2025_10_BUF_MIA,BUF,MIA,0,0,0,0,0,0,0,0,0,0,0,0,3,4,37,0,0,0,33,0.102564102564103,0.0816831683168317,0
00-0035700,J.Jacobs,Josh Jacobs,RB,2025,10,REG,2025_10_PHI_GB,GB,PHI,0,0,0,0,0,0,0,21,74,1,1,0,5,6,33,0,0,0,-3,0.181818181818182,-0.00986842105263158,0
00-0035704,D.Lock,Drew Lock,QB,2025,10,REG,2025_10_ARI_SEA,SEA,ARI,0,0,0,0,0,0,0,4,-4,0,0,0,0,0,0,0,0,0,0,0,0,0
00-0035710,D.Jones,Daniel Jones,QB,2025,10,REG,2025_10_ATL_IND,IND,ATL,19,26,255,1,1,1,0,7,53,0,0,0,0,0,0,0,0,0,0,0,0,0
00-0035719,D.Samuel,Deebo Samuel Sr.,WR,2025,10,REG,2025_10_DET_WAS,WAS,DET,0,0,0,0,0,0,0,0,0,0,0,0,4,5,29,1,0,0,20,0.227272727272727,0.0694444444444445,0
00-0035891,C.White,Cody White,WR,2025,10,REG,2025_10_ARI_SEA,SEA,ARI,0,0,0,0,0,0,0,0,0,0,0,0,0,0,0,0,0,0,0,0,0,0
00-0036040,J.Johnson,Juwan Johnson,TE,2025,10,REG,2025_10_NO_CAR,NO,CAR,0,0,0,0,0,0,0,0,0,0,0,0,4,4,92,1,0,0,42,0.153846153846154,0.1640625,0
00-0036139,R.Dowdle,Rico Dowdle,RB,2025,10,REG,2025_10_NO_CAR,CAR,NO,0,0,0,0,0,0,0,18,53,1,0,0,3,3,10,0,0,0,-9,0.130434782608696,-0.0555555555555556,0
00-0036158,J.Dobbins,J.K. Dobbins,RB,2025,10,REG,2025_10_LV_DEN,DEN,LV,0,0,0,0,0,0,0,18,77,0,0,0,1,1,7,0,0,0,3,0.037037037037037,0.0121457489878543,0
00-0036182,N.Westbrook-Ikhine,Nick Westbrook-Ikhine,WR,2025,10,REG,2025_10_BUF_MIA,MIA,BUF,0,0,0,0,0,0,0,0,0,0,0,0,1,1,7,0,0,0,7,0.0476190476190476,0.0372340425531915,0
00-0036212,T.Tagovailoa,Tua Tagovailoa,QB,2025,10,REG,2025_10_BUF_MIA,MIA,BUF,15,21,173,2,2,0,0,2,-1,0,0,0,0,0,0,0,0,0,0,0,0,0
00-0036223,J.Taylor,Jonathan Taylor,RB,2025,10,REG,2025_10_ATL_IND,IND,ATL,0,0,0,0,0,0,0,32,244,3,0,0,3,3,42,0,0,0,-4,0.115384615384615,-0.0191387559808612,0
00-0036244,C.Parkinson,Colby Parkinson,TE,2025,10,REG,2025_10_LA_SF,LA,SF,0,0,0,0,0,0,0,0,0,0,0,0,4,5,41,1,0,0,14,0.147058823529412,0.0421686746987952,0
00-0036252,M.Pittman,Michael Pittman,WR,2025,10,REG,2025_10_ATL_IND,IND,ATL,0,0,0,0,0,0,0,0,0,0,0,0,2,2,19,0,0,0,15,0.0769230769230769,0.0717703349282297,0
00-0036259,J.Jennings,Jauan Jennings,WR,2025,10,REG,2025_10_LA_SF,SF,LA,0,0,0,0,0,0,0,0,0,0,0,0,6,9,71,1,1,0,90,0.230769230769231,0.319148936170213,0
00-0036264,J.Love,Jordan Love,QB,2025,10,REG,2025_10_PHI_GB,GB,PHI,20,36,176,0,0,1,0,5,28,0,0,0,0,0,0,0,0,0,0,0,0,0
00-0036275,D.Swift,D'Andre Swift,RB,2025,10,REG,2025_10_NYG_CHI,CHI,NYG,0,0,0,0,0,0,0,13,80,0,0,0,5,8,18,0,0,0,15,0.222222222222222,0.0434782608695652,0
00-0036290,C.Kmet,Cole Kmet,TE,2025,10,REG,2025_10_NYG_CHI,CHI,NYG,0,0,0,0,0,0,0,0,0,0,0,0,1,2,5,0,0,0,12,0.0555555555555556,0.0347826086956522,0
00-0036309,D.Mooney,Darnell Mooney,WR,2025,10,REG,2025_10_ATL_IND,ATL,IND,0,0,0,0,0,0,0,0,0,0,0,0,1,8,17,0,0,0,94,0.32,0.326388888888889,0
00-0036322,J.Jefferson,Justin Jefferson,WR,2025,10,REG,2025_10_BAL_MIN,MIN,BAL,0,0,0,0,0,0,0,0,0,0,0,0,4,12,37,0,0,0,214,0.292682926829268,0.467248908296943,0
00-0036331,D.Duvernay,Devin Duvernay,WR,2025,10,REG,2025_10_NYG_CHI,CHI,NYG,0,0,0,0,0,0,0,0,0,0,0,0,0,0,0,0,0,0,0,0,0,0
00-0036355,J.Herbert,Justin Herbert,QB,2025,10,REG,2025_10_PIT_LAC,LAC,PIT,20,33,220,1,0,0,0,5,19,0,0,0,0,0,0,0,0,0,0,0,0,0
00-0036389,J.Hurts,Jalen Hurts,QB,2025,10,REG,2025_10_PHI_GB,PHI,GB,15,26,183,1,0,0,0,5,27,0,1,0,0,0,0,0,0,0,0,0,0,0
00-0036407,J.Jeudy,Jerry Jeudy,WR,2025,10,REG,2025_10_CLE_NYJ,CLE,NYJ,0,0,0,0,0,0,0,0,0,0,0,0,6,12,78,1,0,0,112,0.375,0.56,0
00-0036422,A.Trautman,Adam Trautman,TE,2025,10,REG,2025_10_LV_DEN,DEN,LV,0,0,0,0,0,0,0,0,0,0,0,0,1,1,2,0,0,0,1,0.037037037037037,0.00404858299595142,0
00-0036427,T.Johnson,Tyler Johnson,WR,2025,10,REG,2025_10_CLE_NYJ,NYJ,CLE,0,0,0,0,0,0,0,0,0,0,0,0,0,1,0,0,0,0,-4,0.0909090909090909,-0.105263157894737,0
00-0036429,C.Woerner,Charlie Woerner,TE,2025,10,REG,2025_10_ATL_IND,ATL,IND,0,0,0,0,0,0,0,0,0,0,0,0,1,1,14,0,0,0,5,0.04,0.0173611111111111,0
00-0036497,T.Jones,Tim Jones,WR,2025,10,REG,2025_10_JAX_HOU,JAX,HOU,0,0,0,0,0,0,0,0,0,0,0,0,0,0,0,0,0,0,0,0,0,0
00-0036550,R.Bateman,Rashod Bateman,WR,2025,10,REG,2025_10_BAL_MIN,BAL,MIN,0,0,0,0,0,0,0,0,0,0,0,0,1,2,10,0,0,1,15,0.0714285714285714,0.126050420168067,0
00-0036554,N.Collins,Nico Collins,WR,2025,10,REG,2025_10_JAX_HOU,HOU,JAX,0,0,0,0,0,0,0,0,0,0,0,0,7,15,136,0,0,1,188,0.340909090909091,0.440281030444965,0
00-0036555,C.Hubbard,Chuba Hubbard,RB,2025,10,REG,2025_10_NO_CAR,CAR,NO,0,0,0,0,0,0,0,3,14,0,0,0,1,1,1,0,0,0,1,0.0434782608695652,0.00617283950617284,0
00-0036613,J.Waddle,Jaylen Waddle,WR,2025,10,REG,2025_10_BUF_MIA,MIA,BUF,0,0,0,0,0,0,0,0,0,0,0,0,5,7,84,1,0,0,162,0.333333333333333,0.861702127659575,0
00-0036626,D.Brown,Dyami Brown,WR,2025,10,REG,2025_10_JAX_HOU,JAX,HOU,0,0,0,0,0,0,0,0,0,0,0,0,0,1,0,0,0,0,32,0.0434782608695652,0.219178082191781,0
00-0036628,J.Bates,John Bates,TE,2025,10,REG,2025_10_DET_WAS,WAS,DET,0,0,0,0,0,0,0,0,0,0,0,0,1,2,6,0,0,0,0,0.0909090909090909,0,0
00-0036630,T.Wallace,Tylan Wallace,WR,2025,10,REG,2025_10_BAL_MIN,BAL,MIN,0,0,0,0,0,0,0,0,0,0,0,0,0,0,0,0,0,0,0,0,0,0
00-0036646,S.Fehoko,Simi Fehoko,WR,2025,10,REG,2025_10_ARI_SEA,ARI,SEA,0,0,0,0,0,0,0,0,0,0,0,0,0,0,0,0,0,0,0,0,0,0
00-0036754,B.Wright,Brock Wright,TE,2025,10,REG,2025_10_DET_WAS,DET,WAS,0,0,0,0,0,0,0,0,0,0,0,0,0,1,0,0,0,0,-6,0.03125,-0.0346820809248555,0
00-0036755,J.Patterson,Jaret Patterson,RB,2025,10,REG,2025_10_PIT_LAC,LAC,PIT,0,0,0,0,0,0,0,1,1,0,0,0,0,0,0,0,0,0,0,0,0,0
00-0036825,F.Franks,Feleipe Franks,TE,2025,10,REG,2025_10_ATL_IND,ATL,IND,0,0,0,0,0,0,0,0,0,0,0,0,0,0,0,0,0,0,0,0,0,0
00-0036841,A.Trammell,Austin Trammell,WR,2025,10,REG,2025_10_JAX_HOU,JAX,HOU,0,0,0,0,0,0,0,0,0,0,0,0,2,3,33,0,0,0,35,0.130434782608696,0.23972602739726,0
00-0036842,K.Nwangwu,Kene Nwangwu,RB,2025,10,REG,2025_10_CLE_NYJ,NYJ,CLE,0,0,0,0,0,0,0,0,0,0,0,0,0,0,0,0,0,0,0,0,0,1
00-0036862,B.Skowronek,Ben Skowronek,WR,2025,10,REG,2025_10_PIT_LAC,PIT,LAC,0,0,0,0,0,0,0,0,0,0,0,0,0,0,0,0,0,0,0,0,0,0
00-0036876,K.Granson,Kylen Granson,TE,2025,10,REG,2025_10_PHI_GB,PHI,GB,0,0,0,0,0,0,0,0,0,0,0,0,0,0,0,0,0,0,0,0,0,0
00-0036887,L.Farrell,Luke Farrell,TE,2025,10,REG,2025_10_LA_SF,SF,LA,0,0,0,0,0,0,0,0,0,0,0,0,2,2,15,1,0,0,5,0.0512820512820513,0.0177304964539007,0
00-0036894,P.Freiermuth,Pat Freiermuth,TE,2025,10,REG,2025_10_PIT_LAC,PIT,LAC,0,0,0,0,0,0,0,0,0,0,0,0,3,3,33,0,0,0,1,0.107142857142857,0.00398406374501992,0
00-0036898,D.Mills,Davis Mills,QB,2025,10,REG,2025_10_JAX_HOU,HOU,JAX,27,45,292,2,1,0,1,3,20,1,0,0,0,0,0,0,0,0,0,0,0,0
00-0036912,D.Smith,DeVonta Smith,WR,2025,10,REG,2025_10_PHI_GB,PHI,GB,0,0,0,0,0,0,0,0,0,0,0,0,4,7,69,1,0,0,88,0.304347826086957,0.384279475982533,0
00-0036919,K.Gainwell,Kenny Gainwell,RB,2025,10,REG,2025_10_PIT_LAC,PIT,LAC,0,0,0,0,0,0,0,0,0,0,0,0,2,3,4,0,0,0,10,0.107142857142857,0.0398406374501992,0
00-0036924,M.Carter,Michael Carter,RB,2025,10,REG,2025_10_ARI_SEA,ARI,SEA,0,0,0,0,0,0,0,3,4,0,0,0,0,0,0,0,0,0,0,0,0,0
00-0036945,J.Fields,Justin Fields,QB,2025,10,REG,2025_10_CLE_NYJ,NYJ,CLE,6,11,54,1,1,0,0,7,28,0,0,0,0,0,0,0,0,0,0,0,0,0
00-0036959,M.Bandy,Michael Bandy,WR,2025,10,REG,2025_10_LV_DEN,DEN,LV,0,0,0,0,0,0,0,0,0,0,0,0,0,0,0,0,0,0,0,0,0,0
00-0036963,A.St. Brown,Amon-Ra St. Brown,WR,2025,10,REG,2025_10_DET_WAS,DET,WAS,0,0,0,0,0,0,0,0,0,0,0,0,5,8,58,1,0,0,56,0.25,0.323699421965318,0
00-0036970,K.Pitts,Kyle Pitts,TE,2025,10,REG,2025_10_ATL_IND,ATL,IND,0,0,0,0,0,0,0,0,0,0,0,0,2,5,38,0,0,0,81,0.2,0.28125,0
00-0036971,T.Lawrence,Trevor Lawrence,QB,2025,10,REG,2025_10_JAX_HOU,JAX,HOU,13,23,158,1,1,1,0,5,35,0,0,0,0,0,0,0,0,0,0,0,0,0
00-0036972,M.Jones,Mac Jones,QB,2025,10,REG,2025_10_LA_SF,SF,LA,33,39,319,3,1,0,0,1,3,0,0,0,0,0,0,0,0,0,0,0,0,0
00-0036973,T.Etienne,Travis Etienne,RB,2025,10,REG,2025_10_JAX_HOU,JAX,HOU,0,0,0,0,0,0,0,16,58,1,0,0,2,4,19,0,0,0,-8,0.173913043478261,-0.0547945205479452,0
00-0036980,E.Moore,Elijah Moore,WR,2025,10,REG,2025_10_BUF_MIA,BUF,MIA,0,0,0,0,0,0,0,1,-1,0,0,0,2,2,9,0,0,0,2,0.0512820512820513,0.00495049504950495,0
00-0036984,T.Sermon,Trey Sermon,RB,2025,10,REG,2025_10_PIT_LAC,PIT,LAC,0,0,0,0,0,0,0,0,0,0,0,0,0,0,0,0,0,0,0,0,0,0
00-0037085,T.Badie,Tyler Badie,RB,2025,10,REG,2025_10_LV_DEN,DEN,LV,0,0,0,0,0,0,0,0,0,0,0,0,0,1,0,0,0,0,-3,0.037037037037037,-0.0121457489878543,0
00-0037086,G.Calcaterra,Grant Calcaterra,TE,2025,10,REG,2025_10_PHI_GB,PHI,GB,0,0,0,0,0,0,0,0,0,0,0,0,0,1,0,0,0,0,28,0.0434782608695652,0.122270742358079,0
00-0037091,B.Melton,Bo Melton,WR,2025,10,REG,2025_10_PHI_GB,GB,PHI,0,0,0,0,0,0,0,0,0,0,0,0,2,5,28,0,0,0,69,0.151515151515152,0.226973684210526,0
00-0037120,T.Goodson,Tyler Goodson,RB,2025,10,REG,2025_10_ATL_IND,IND,ATL,0,0,0,0,0,0,0,1,4,0,0,0,0,0,0,0,0,0,0,0,0,0
00-0037157,Z.Knight,Bam Knight,RB,2025,10,REG,2025_10_ARI_SEA,ARI,SEA,0,0,0,0,0,0,0,10,28,0,0,0,1,4,5,0,0,0,20,0.0909090909090909,0.060790273556231,0
00-0037228,J.Warren,Jaylen Warren,RB,2025,10,REG,2025_10_PIT_LAC,PIT,LAC,0,0,0,0,0,0,0,14,70,0,0,0,2,2,21,0,0,0,-15,0.0714285714285714,-0.0597609561752988,0
00-0037238,D.London,Drake London,WR,2025,10,REG,2025_10_ATL_IND,ATL,IND,0,0,0,0,0,0,0,0,0,0,0,0,6,8,104,1,0,1,95,0.32,0.329861111111111,0
00-0037239,C.Olave,Chris Olave,WR,2025,10,REG,2025_10_NO_CAR,NO,CAR,0,0,0,0,0,0,0,0,0,0,0,0,5,8,104,1,0,0,141,0.307692307692308,0.55078125,0
00-0037240,J.Williams,Jameson Williams,WR,2025,10,REG,2025_10_DET_WAS,DET,WAS,0,0,0,0,0,0,0,0,0,0,0,0,6,7,119,1,0,0,70,0.21875,0.404624277456647,0
00-0037248,J.Cook,James Cook,RB,2025,10,REG,2025_10_BUF_MIA,BUF,MIA,0,0,0,0,0,0,0,13,53,0,1,0,5,5,24,0,0,0,15,0.128205128205128,0.0371287128712871,0
00-0037252,G.Dulcich,Greg Dulcich,TE,2025,10,REG,2025_10_BUF_MIA,MIA,BUF,0,0,0,0,0,0,0,0,0,0,0,0,1,4,22,0,0,0,0,0.19047619047619,0,0
00-0037256,R.White,Rachaad White,RB,2025,10,REG,2025_10_NE_TB,TB,NE,0,0,0,0,0,0,0,10,38,0,0,0,5,5,16,0,0,0,-6,0.116279069767442,-0.0212765957446809,0
00-0037258,D.Pierce,Dameon Pierce,RB,2025,10,REG,2025_10_JAX_HOU,HOU,JAX,0,0,0,0,0,0,0,0,0,0,0,0,0,0,0,0,0,0,0,0,0,0
00-0037261,K.Shakir,Khalil Shakir,WR,2025,10,REG,2025_10_BUF_MIA,BUF,MIA,0,0,0,0,0,0,0,0,0,0,0,0,7,9,58,0,0,0,63,0.230769230769231,0.155940594059406,0
00-0037263,T.Allgeier,Tyler Allgeier,RB,2025,10,REG,2025_10_ATL_IND,ATL,IND,0,0,0,0,0,0,0,11,57,2,0,0,0,0,0,0,0,0,0,0,0,0
00-0037267,J.Ford,Jerome Ford,RB,2025,10,REG,2025_10_CLE_NYJ,CLE,NYJ,0,0,0,0,0,0,0,1,1,0,0,0,0,1,0,0,0,0,2,0.03125,0.01,0
00-0037291,J.Nailor,Jalen Nailor,WR,2025,10,REG,2025_10_BAL_MIN,MIN,BAL,0,0,0,0,0,0,0,0,0,0,0,0,5,6,124,1,0,0,103,0.146341463414634,0.224890829694323,0
00-0037292,A.Ogletree,Andrew Ogletree,TE,2025,10,REG,2025_10_ATL_IND,IND,ATL,0,0,0,0,0,0,0,0,0,0,0,0,0,0,0,0,0,0,0,0,0,0
00-0037340,Z.Mitchell-Paden,Zaire Mitchell-Paden,TE,2025,10,REG,2025_10_NO_CAR,NO,CAR,0,0,0,0,0,0,0,0,0,0,0,0,1,1,14,0,0,0,9,0.0384615384615385,0.03515625,0
00-0037475,S.Smartt,Stone Smartt,TE,2025,10,REG,2025_10_CLE_NYJ,NYJ,CLE,0,0,0,0,0,0,0,0,0,0,0,0,0,0,0,0,0,0,0,0,0,0
00-0037525,J.Mason,Jordan Mason,RB,2025,10,REG,2025_10_BAL_MIN,MIN,BAL,0,0,0,0,0,0,0,4,25,0,0,0,1,1,6,0,0,0,-4,0.024390243902439,-0.00873362445414847,0
00-0037545,R.Shaheed,Rashid Shaheed,WR,2025,10,REG,2025_10_ARI_SEA,SEA,ARI,0,0,0,0,0,0,0,2,20,0,0,0,1,1,3,0,0,0,-2,0.0833333333333333,-0.015625,0
00-0037614,J.Metchie,John Metchie III,WR,2025,10,REG,2025_10_CLE_NYJ,NYJ,CLE,0,0,0,0,0,0,0,1,-7,0,0,0,1,1,3,0,0,0,3,0.0909090909090909,0.0789473684210526,0
00-0037654,T.Fisk,Tucker Fisk,TE,2025,10,REG,2025_10_PIT_LAC,LAC,PIT,0,0,0,0,0,0,0,0,0,0,0,0,1,1,7,0,0,0,-2,0.0303030303030303,-0.0128205128205128,0
00-0037664,A.Pierce,Alec Pierce,WR,2025,10,REG,2025_10_ATL_IND,IND,ATL,0,0,0,0,0,0,0,0,0,0,0,0,4,7,84,1,0,0,126,0.269230769230769,0.602870813397129,0
00-0037740,G.Wilson,Garrett Wilson,WR,2025,10,REG,2025_10_CLE_NYJ,NYJ,CLE,0,0,0,0,0,0,0,0,0,0,0,0,0,3,0,0,0,0,50,0.272727272727273,1.31578947368421,0
00-0037741,J.Dotson,Jahan Dotson,WR,2025,10,REG,2025_10_PHI_GB,PHI,GB,0,0,0,0,0,0,0,0,0,0,0,0,0,1,0,0,0,0,3,0.0434782608695652,0.0131004366812227,0
00-0037742,T.Burks,Treylon Burks,WR,2025,10,REG,2025_10_DET_WAS,WAS,DET,0,0,0,0,0,0,0,0,0,0,0,0,3,3,58,0,0,0,45,0.136363636363636,0.15625,0
00-0037744,T.McBride,Trey McBride,TE,2025,10,REG,2025_10_ARI_SEA,ARI,SEA,0,0,0,0,0,0,0,0,0,0,0,0,9,13,127,1,0,0,100,0.295454545454545,0.303951367781155,0
00-0037746,B.Robinson,Brian Robinson,RB,2025,10,REG,2025_10_LA_SF,SF,LA,0,0,0,0,0,0,0,8,41,1,0,0,1,1,4,0,0,0,4,0.0256410256410256,0.0141843971631206,0
00-0037805,J.Ruckert,Jeremy Ruckert,TE,2025,10,REG,2025_10_CLE_NYJ,NYJ,CLE,0,0,0,0,0,0,0,0,0,0,0,0,1,1,0,0,0,0,-3,0.0909090909090909,-0.0789473684210526,0
00-0037816,R.Doubs,Romeo Doubs,WR,2025,10,REG,2025_10_PHI_GB,GB,PHI,0,0,0,0,0,0,0,0,0,0,0,0,1,4,5,0,0,0,41,0.121212121212121,0.134868421052632,0
00-0037837,C.Austin,Calvin Austin III,WR,2025,10,REG,2025_10_PIT_LAC,PIT,LAC,0,0,0,0,0,0,0,0,0,0,0,0,2,7,14,0,0,0,83,0.25,0.330677290836653,0
00-0037838,I.Likely,Isaiah Likely,TE,2025,10,REG,2025_10_BAL_MIN,BAL,MIN,0,0,0,0,0,0,0,0,0,0,0,0,2,4,17,0,0,0,25,0.142857142857143,0.210084033613445,0
00-0037840,K.Williams,Kyren Williams,RB,2025,10,REG,2025_10_LA_SF,LA,SF,0,0,0,0,0,0,0,14,73,2,0,0,2,3,11,0,0,0,10,0.0882352941176471,0.0301204819277108,0
00-0038046,C.Kolar,Charlie Kolar,TE,2025,10,REG,2025_10_BAL_MIN,BAL,MIN,0,0,0,0,0,0,0,0,0,0,0,0,1,2,23,0,0,0,0,0.0714285714285714,0,0
00-0038090,S.Moore,Skyy Moore,WR,2025,10,REG,2025_10_LA_SF,SF,LA,0,0,0,0,0,0,0,0,0,0,0,0,1,1,18,0,0,0,18,0.0256410256410256,0.0638297872340426,0
00-0038102,K.Pickett,Kenny Pickett,QB,2025,10,REG,2025_10_LV_DEN,LV,DEN,0,1,0,0,0,0,0,0,0,0,0,0,0,0,0,0,0,0,0,0,0,0
00-0038115,D.Bellinger,Daniel Bellinger,TE,2025,10,REG,2025_10_NYG_CHI,NYG,CHI,0,0,0,0,0,0,0,0,0,0,0,0,1,2,8,0,0,0,20,0.0625,0.0687285223367698,0
00-0038117,W.Robinson,Wan'Dale Robinson,WR,2025,10,REG,2025_10_NYG_CHI,NYG,CHI,0,0,0,0,0,0,0,0,0,0,0,0,6,11,62,0,0,0,62,0.34375,0.213058419243986,0
00-0038120,B.Hall,Breece Hall,RB,2025,10,REG,2025_10_CLE_NYJ,NYJ,CLE,0,0,0,0,0,0,0,21,83,0,0,0,1,1,42,1,0,0,-5,0.0909090909090909,-0.131578947368421,0
00-0038124,C.Watson,Christian Watson,WR,2025,10,REG,2025_10_PHI_GB,GB,PHI,0,0,0,0,0,0,0,0,0,0,0,0,2,4,45,0,0,0,126,0.121212121212121,0.414473684210526,0
00-0038129,C.Otton,Cade Otton,TE,2025,10,REG,2025_10_NE_TB,TB,NE,0,0,0,0,0,0,0,0,0,0,0,0,9,12,82,0,0,0,48,0.27906976744186,0.170212765957447,0
00-0038134,K.Walker,Kenneth Walker III,RB,2025,10,REG,2025_10_ARI_SEA,SEA,ARI,0,0,0,0,0,0,0,14,67,0,0,0,1,1,3,0,0,0,-2,0.0833333333333333,-0.015625,0
00-0038359,X.Smith,Xavier Smith,WR,2025,10,REG,2025_10_LA_SF,LA,SF,0,0,0,0,0,0,0,0,0,0,0,0,1,1,14,0,0,0,-4,0.0294117647058824,-0.0120481927710843,0
00-0038393,D.Wicks,Dontayvion Wicks,WR,2025,10,REG,2025_10_PHI_GB,GB,PHI,0,0,0,0,0,0,0,0,0,0,0,0,4,8,38,0,0,0,65,0.242424242424242,0.213815789473684,0
00-0038454,K.Mitchell,Keaton Mitchell,RB,2025,10,REG,2025_10_BAL_MIN,BAL,MIN,0,0,0,0,0,0,0,4,31,0,0,0,0,0,0,0,0,0,0,0,0,0
00-0038488,B.Russell,Brady Russell,RB,2025,10,REG,2025_10_ARI_SEA,SEA,ARI,0,0,0,0,0,0,0,0,0,0,0,0,0,0,0,0,0,0,0,0,0,0
00-0038496,X.Gipson,Xavier Gipson,WR,2025,10,REG,2025_10_PHI_GB,PHI,GB,0,0,0,0,0,0,0,0,0,0,0,0,0,0,0,0,0,0,0,0,0,0
00-0038542,B.Robinson,Bijan Robinson,RB,2025,10,REG,2025_10_ATL_IND,ATL,IND,0,0,0,0,0,0,0,17,84,0,0,0,2,2,4,0,0,0,4,0.08,0.0138888888888889,0
00-0038543,J.Smith-Njigba,Jaxon Smith-Njigba,WR,2025,10,REG,2025_10_ARI_SEA,SEA,ARI,0,0,0,0,0,0,0,0,0,0,0,0,5,6,93,1,0,0,102,0.5,0.796875,0
00-0038544,Q.Johnston,Quentin Johnston,WR,2025,10,REG,2025_10_PIT_LAC,LAC,PIT,0,0,0,0,0,0,0,0,0,0,0,0,5,10,42,0,0,0,34,0.303030303030303,0.217948717948718,0
00-0038555,T.Bigsby,Tank Bigsby,RB,2025,10,REG,2025_10_PHI_GB,PHI,GB,0,0,0,0,0,0,0,3,7,0,0,0,0,0,0,0,0,0,0,0,0,0
00-0038558,D.Washington,Darnell Washington,TE,2025,10,REG,2025_10_PIT_LAC,PIT,LAC,0,0,0,0,0,0,0,0,0,0,0,0,1,1,15,0,0,0,13,0.0357142857142857,0.051792828685259,0
00-0038559,Mi.Wilson,Michael Wilson,WR,2025,10,REG,2025_10_ARI_SEA,ARI,SEA,0,0,0,0,0,0,0,0,0,0,0,0,4,7,34,0,0,0,36,0.159090909090909,0.109422492401216,0
00-0038563,T.Tucker,Tre Tucker,WR,2025,10,REG,2025_10_LV_DEN,LV,DEN,0,0,0,0,0,0,0,1,7,0,0,0,2,3,28,0,0,0,28,0.12,0.459016393442623,0
00-0038573,D.Davis,Derius Davis,WR,2025,10,REG,2025_10_PIT_LAC,LAC,PIT,0,0,0,0,0,0,0,0,0,0,0,0,1,1,3,0,0,0,-4,0.0303030303030303,-0.0256410256410256,0
00-0038606,P.Washington,Parker Washington,WR,2025,10,REG,2025_10_JAX_HOU,JAX,HOU,0,0,0,0,0,0,0,2,-4,0,0,0,3,7,33,1,0,0,38,0.304347826086957,0.26027397260274,1
00-0038611,C.Rodriguez,Chris Rodriguez Jr.,RB,2025,10,REG,2025_10_DET_WAS,WAS,DET,0,0,0,0,0,0,0,6,16,1,0,0,0,0,0,0,0,0,0,0,0,0
00-0038621,D.Douglas,DeMario Douglas,WR,2025,10,REG,2025_10_NE_TB,NE,TB,0,0,0,0,0,0,0,1,0,0,0,0,2,2,34,0,0,0,5,0.0689655172413793,0.0142857142857143,0
00-0038679,T.Shavers,Tyrell Shavers,WR,2025,10,REG,2025_10_BUF_MIA,BUF,MIA,0,0,0,0,0,0,0,0,0,0,0,0,1,1,24,0,0,0,14,0.0256410256410256,0.0346534653465347,0
00-0038685,C.Brooks,Chris Brooks,RB,2025,10,REG,2025_10_PHI_GB,GB,PHI,0,0,0,0,0,0,0,0,0,0,0,0,0,0,0,0,0,0,0,0,0,0
00-0038705,E.Demercado,Emari Demercado,RB,2025,10,REG,2025_10_ARI_SEA,ARI,SEA,0,0,0,0,0,0,0,4,64,0,0,0,3,4,40,0,0,0,3,0.0909090909090909,0.00911854103343465,0
00-0038710,B.Whiteheart,Blake Whiteheart,TE,2025,10,REG,2025_10_CLE_NYJ,CLE,NYJ,0,0,0,0,0,0,0,0,0,0,0,0,0,0,0,0,0,0,0,0,0,0
00-0038797,E.Wilson,Emanuel Wilson,RB,2025,10,REG,2025_10_PHI_GB,GB,PHI,0,0,0,0,0,0,0,1,2,0,0,0,1,1,2,0,0,0,-1,0.0303030303030303,-0.00328947368421053,0
00-0038824,R.Miller,Ryan Miller,WR,2025,10,REG,2025_10_NE_TB,TB,NE,0,0,0,0,0,0,0,0,0,0,0,0,0,0,0,0,0,0,0,0,0,0
00-0038933,D.Kincaid,Dalton Kincaid,TE,2025,10,REG,2025_10_BUF_MIA,BUF,MIA,0,0,0,0,0,0,0,0,0,0,0,0,2,3,37,0,0,0,41,0.0769230769230769,0.101485148514851,0
00-0038951,S.Tucker,Sean Tucker,RB,2025,10,REG,2025_10_NE_TB,TB,NE,0,0,0,0,0,0,0,9,53,0,0,0,1,2,-2,0,0,0,-9,0.0465116279069768,-0.0319148936170213,0
00-0038979,C.Tillman,Cedric Tillman,WR,2025,10,REG,2025_10_CLE_NYJ,CLE,NYJ,0,0,0,0,0,0,0,0,0,0,0,0,2,4,11,0,0,0,45,0.125,0.225,0
00-0038994,J.Addison,Jordan Addison,WR,2025,10,REG,2025_10_BAL_MIN,MIN,BAL,0,0,0,0,0,0,0,0,0,0,0,0,3,11,35,0,0,0,122,0.268292682926829,0.266375545851528,0
00-0038997,J.Downs,Josh Downs,WR,2025,10,REG,2025_10_ATL_IND,IND,ATL,0,0,0,0,0,0,0,0,0,0,0,0,1,2,3,0,0,0,5,0.0769230769230769,0.0239234449760766,0
00-0039040,D.Achane,De'Von Achane,RB,2025,10,REG,2025_10_BUF_MIA,MIA,BUF,0,0,0,0,0,0,0,22,174,2,0,0,6,6,51,0,0,0,-6,0.285714285714286,-0.0319148936170213,0
00-0039041,E.Higgins,Elijah Higgins,TE,2025,10,REG,2025_10_ARI_SEA,ARI,SEA,0,0,0,0,0,0,0,0,0,0,0,0,2,3,19,0,0,0,24,0.0681818181818182,0.0729483282674772,0
00-0039050,P.Durham,Payne Durham,TE,2025,10,REG,2025_10_NE_TB,TB,NE,0,0,0,0,0,0,0,0,0,0,0,0,0,1,0,0,0,0,-2,0.0232558139534884,-0.00709219858156028,0
00-0039064,Z.Flowers,Zay Flowers,WR,2025,10,REG,2025_10_BAL_MIN,BAL,MIN,0,0,0,0,0,0,0,1,6,0,0,0,4,6,75,0,0,0,25,0.214285714285714,0.210084033613445,0
00-0039065,S.LaPorta,Sam LaPorta,TE,2025,10,REG,2025_10_DET_WAS,DET,WAS,0,0,0,0,0,0,0,0,0,0,0,0,5,5,53,0,0,0,19,0.15625,0.109826589595376,0
00-0039066,M.Mayer,Michael Mayer,TE,2025,10,REG,2025_10_LV_DEN,LV,DEN,0,0,0,0,0,0,0,0,0,0,0,0,3,4,22,0,0,0,9,0.16,0.147540983606557,0
00-0039074,D.Allen,Davis Allen,TE,2025,10,REG,2025_10_LA_SF,LA,SF,0,0,0,0,0,0,0,0,0,0,0,0,2,2,8,1,0,0,6,0.0588235294117647,0.0180722891566265,0
00-0039075,P.Nacua,Puka Nacua,WR,2025,10,REG,2025_10_LA_SF,LA,SF,0,0,0,0,0,0,0,0,0,0,0,0,5,6,64,1,0,0,28,0.176470588235294,0.0843373493975904,0
00-0039139,J.Gibbs,Jahmyr Gibbs,RB,2025,10,REG,2025_10_DET_WAS,DET,WAS,0,0,0,0,0,0,0,15,142,2,0,0,3,4,30,1,0,0,8,0.125,0.046242774566474,0
00-0039144,L.Musgrave,Luke Musgrave,TE,2025,10,REG,2025_10_PHI_GB,GB,PHI,0,0,0,0,0,0,0,0,0,0,0,0,3,3,23,0,0,0,10,0.0909090909090909,0.0328947368421053,0
00-0039150,B.Young,Bryce Young,QB,2025,10,REG,2025_10_NO_CAR,CAR,NO,17,25,124,0,1,0,0,2,6,0,1,0,0,0,0,0,0,0,0,0,0,0
00-0039165,Z.Charbonnet,Zach Charbonnet,RB,2025,10,REG,2025_10_ARI_SEA,SEA,ARI,0,0,0,0,0,0,0,14,83,1,0,0,0,0,0,0,0,0,0,0,0,0
00-0039299,G.Holani,George Holani,RB,2025,10,REG,2025_10_ARI_SEA,SEA,ARI,0,0,0,0,0,0,0,7,31,1,0,0,0,0,0,0,0,0,0,0,0,0
00-0039305,J.Westover,Jack Westover,TE,2025,10,REG,2025_10_NE_TB,NE,TB,0,0,0,0,0,0,0,0,0,0,0,0,0,1,0,0,0,0,2,0.0344827586206897,0.00571428571428571,0
00-0039338,B.Bowers,Brock Bowers,TE,2025,10,REG,2025_10_LV_DEN,LV,DEN,0,0,0,0,0,0,0,1,-4,0,0,0,1,3,31,0,0,0,16,0.12,0.262295081967213,0
00-0039342,X.Legette,Xavier Legette,WR,2025,10,REG,2025_10_NO_CAR,CAR,NO,0,0,0,0,0,0,0,0,0,0,0,0,0,1,0,0,0,0,30,0.0434782608695652,0.185185185185185,0
00-0039356,J.Sanders,Ja'Tavion Sanders,TE,2025,10,REG,2025_10_NO_CAR,CAR,NO,0,0,0,0,0,0,0,0,0,0,0,0,5,5,32,0,0,0,15,0.217391304347826,0.0925925925925926,0
00-0039364,S.Vaki,Sione Vaki,RB,2025,10,REG,2025_10_DET_WAS,DET,WAS,0,0,0,0,0,0,0,1,4,0,0,0,0,0,0,0,0,0,0,0,0,0
00-0039379,J.Thrash,Jamari Thrash,WR,2025,10,REG,2025_10_CLE_NYJ,CLE,NYJ,0,0,0,0,0,0,0,0,0,0,0,0,0,1,0,0,0,0,3,0.03125,0.015,0
00-0039384,T.Tracy,Tyrone Tracy Jr.,RB,2025,10,REG,2025_10_NYG_CHI,NYG,CHI,0,0,0,0,0,0,0,14,71,0,0,0,1,2,0,0,0,0,1,0.0625,0.00343642611683849,0
00-0039391,K.Vidal,Kimani Vidal,RB,2025,10,REG,2025_10_PIT_LAC,LAC,PIT,0,0,0,0,0,0,0,25,95,1,0,0,1,1,13,0,0,0,-5,0.0303030303030303,-0.0320512820512821,0
00-0039407,D.Laube,Dylan Laube,RB,2025,10,REG,2025_10_LV_DEN,LV,DEN,0,0,0,0,0,0,0,0,0,0,0,0,0,0,0,0,0,0,0,0,0,0
00-0039424,D.Vele,Devaughn Vele,WR,2025,10,REG,2025_10_NO_CAR,NO,CAR,0,0,0,0,0,0,0,0,0,0,0,0,1,3,15,0,0,0,68,0.115384615384615,0.265625,0
00-0039451,I.Williams,Isaiah Williams,WR,2025,10,REG,2025_10_CLE_NYJ,NYJ,CLE,0,0,0,0,0,0,0,0,0,0,0,0,1,1,4,0,0,0,-4,0.0909090909090909,-0.105263157894737,1
00-0039491,J.Coker,Jalen Coker,WR,2025,10,REG,2025_10_NO_CAR,CAR,NO,0,0,0,0,0,0,0,0,0,0,0,0,3,4,21,0,0,0,17,0.173913043478261,0.104938271604938,0
00-0039577,K.Slovis,Kedon Slovis,QB,2025,10,REG,2025_10_ARI_SEA,ARI,SEA,0,1,0,0,0,0,0,0,0,0,0,0,0,0,0,0,0,0,0,0,0,0
00-0039589,K.Johnson,Kameron Johnson,WR,2025,10,REG,2025_10_NE_TB,TB,NE,0,0,0,0,0,0,0,1,11,0,0,0,0,1,0,0,0,0,10,0.0232558139534884,0.0354609929078014,0
00-0039732,B.Nix,Bo Nix,QB,2025,10,REG,2025_10_LV_DEN,DEN,LV,16,28,150,1,2,0,0,5,-2,0,0,0,0,0,0,0,0,0,0,0,0,0
00-0039738,B.Corum,Blake Corum,RB,2025,10,REG,2025_10_LA_SF,LA,SF,0,0,0,0,0,0,0,13,56,0,0,0,0,0,0,0,0,0,0,0,0,0
00-0039739,R.Wilson,Roman Wilson,WR,2025,10,REG,2025_10_PIT_LAC,PIT,LAC,0,0,0,0,0,0,0,0,0,0,0,0,2,3,35,1,0,0,30,0.107142857142857,0.119521912350598,0
00-0039746,W.Shipley,Will Shipley,RB,2025,10,REG,2025_10_PHI_GB,PHI,GB,0,0,0,0,0,0,0,4,17,0,0,0,2,2,17,0,0,0,1,0.0869565217391304,0.00436681222707424,0
00-0039757,T.Jennings,Terrell Jennings,RB,2025,10,REG,2025_10_NE_TB,NE,TB,0,0,0,0,0,0,0,4,5,0,0,0,0,0,0,0,0,0,0,0,0,0
00-0039793,A.Barner,AJ Barner,TE,2025,10,REG,2025_10_ARI_SEA,SEA,ARI,0,0,0,0,0,0,0,2,3,0,0,0,0,0,0,0,0,0,0,0,0,0
00-0039798,I.Davis,Isaiah Davis,RB,2025,10,REG,2025_10_CLE_NYJ,NYJ,CLE,0,0,0,0,0,0,0,3,10,0,0,0,1,1,1,0,0,0,-8,0.0909090909090909,-0.210526315789474,0
00-0039847,T.Johnson,Theo Johnson,TE,2025,10,REG,2025_10_NYG_CHI,NYG,CHI,0,0,0,0,0,0,0,0,0,0,0,0,7,8,75,0,0,0,72,0.25,0.247422680412371,0
00-0039849,M.Harrison,Marvin Harrison Jr.,WR,2025,10,REG,2025_10_ARI_SEA,ARI,SEA,0,0,0,0,0,0,0,0,0,0,0,0,3,12,33,1,0,1,138,0.272727272727273,0.419452887537994,0
00-0039851,D.Maye,Drake Maye,QB,2025,10,REG,2025_10_NE_TB,NE,TB,16,31,270,2,1,0,0,7,13,0,0,0,0,0,0,0,0,0,0,0,0,0
00-0039868,T.Franklin,Troy Franklin,WR,2025,10,REG,2025_10_LV_DEN,DEN,LV,0,0,0,0,0,0,0,0,0,0,0,0,5,9,40,1,0,0,153,0.333333333333333,0.619433198380567,0
00-0039874,J.Wright,Jaylen Wright,RB,2025,10,REG,2025_10_BUF_MIA,MIA,BUF,0,0,0,0,0,0,0,5,17,0,0,0,0,0,0,0,0,0,0,0,0,0
00-0039875,R.Davis,Ray Davis,RB,2025,10,REG,2025_10_BUF_MIA,BUF,MIA,0,0,0,0,0,0,0,2,-2,0,0,0,1,2,0,0,0,0,1,0.0512820512820513,0.00247524752475248,0
00-0039880,M.Washington,Malik Washington,WR,2025,10,REG,2025_10_BUF_MIA,MIA,BUF,0,0,0,0,0,0,0,1,4,0,0,0,2,3,9,1,0,0,25,0.142857142857143,0.132978723404255,0
00-0039901,K.Coleman,Keon Coleman,WR,2025,10,REG,2025_10_BUF_MIA,BUF,MIA,0,0,0,0,0,0,0,0,0,0,0,0,3,8,46,1,0,0,166,0.205128205128205,0.410891089108911,0
00-0039912,B.Sinnott,Ben Sinnott,TE,2025,10,REG,2025_10_DET_WAS,WAS,DET,0,0,0,0,0,0,0,0,0,0,0,0,1,1,4,1,0,0,2,0.0454545454545455,0.00694444444444444,0
00-0039915,L.McConkey,Ladd McConkey,WR,2025,10,REG,2025_10_PIT_LAC,LAC,PIT,0,0,0,0,0,0,0,0,0,0,0,0,4,6,107,1,0,0,73,0.181818181818182,0.467948717948718,0
00-0039917,M.Penix,Michael Penix Jr.,QB,2025,10,REG,2025_10_ATL_IND,ATL,IND,12,28,177,1,0,1,1,1,-1,0,0,0,0,0,0,0,0,0,0,0,0,0
00-0039918,C.Williams,Caleb Williams,QB,2025,10,REG,2025_10_NYG_CHI,CHI,NYG,20,36,220,1,0,0,0,8,63,1,0,0,0,0,0,0,0,0,0,0,0,0
00-0039919,R.Odunze,Rome Odunze,WR,2025,10,REG,2025_10_NYG_CHI,CHI,NYG,0,0,0,0,0,0,0,0,0,0,0,0,6,10,86,1,0,0,143,0.277777777777778,0.414492753623188,0
00-0039920,M.Corley,Malachi Corley,WR,2025,10,REG,2025_10_CLE_NYJ,CLE,NYJ,0,0,0,0,0,0,0,2,32,0,0,0,0,1,0,0,0,0,-6,0.03125,-0.03,0
00-0039923,J.McCarthy,J.J. McCarthy,QB,2025,10,REG,2025_10_BAL_MIN,MIN,BAL,20,42,248,1,2,0,0,5,48,0,0,0,0,0,0,0,0,0,0,0,0,0
00-0040009,S.Williams,Savion Williams,WR,2025,10,REG,2025_10_PHI_GB,GB,PHI,0,0,0,0,0,0,0,0,0,0,0,0,2,2,2,0,0,0,-5,0.0606060606060606,-0.0164473684210526,0
00-0040058,N.Kallerup,Nick Kallerup,TE,2025,10,REG,2025_10_ARI_SEA,SEA,ARI,0,0,0,0,0,0,0,0,0,0,0,0,0,1,0,0,0,0,8,0.0833333333333333,0.0625,0
00-0040075,L.Wester,LaJohntay Wester,WR,2025,10,REG,2025_10_BAL_MIN,BAL,MIN,0,0,0,0,0,0,0,0,0,0,0,0,0,0,0,0,0,0,0,0,0,0
00-0040122,A.Jeanty,Ashton Jeanty,RB,2025,10,REG,2025_10_LV_DEN,LV,DEN,0,0,0,0,0,0,0,19,60,1,0,0,3,5,3,0,0,0,-14,0.2,-0.229508196721311,0
00-0040124,T.McMillan,Tetairoa McMillan,WR,2025,10,REG,2025_10_NO_CAR,CAR,NO,0,0,0,0,0,0,0,0,0,0,0,0,5,8,60,0,0,0,89,0.347826086956522,0.549382716049383,0
00-0040126,C.Loveland,Colston Loveland,TE,2025,10,REG,2025_10_NYG_CHI,CHI,NYG,0,0,0,0,0,0,0,0,0,0,0,0,4,4,55,0,0,0,42,0.111111111111111,0.121739130434783,0
00-0040128,T.Warren,Tyler Warren,TE,2025,10,REG,2025_10_ATL_IND,IND,ATL,0,0,0,0,0,0,0,0,0,0,0,0,8,10,99,0,0,0,49,0.384615384615385,0.23444976076555,0
00-0040129,E.Egbuka,Emeka Egbuka,WR,2025,10,REG,2025_10_NE_TB,TB,NE,0,0,0,0,0,0,0,0,0,0,0,0,6,13,115,1,0,0,144,0.302325581395349,0.51063829787234,0
00-0040130,J.Higgins,Jayden Higgins,WR,2025,10,REG,2025_10_JAX_HOU,HOU,JAX,0,0,0,0,0,0,0,0,0,0,0,0,5,7,42,1,0,0,91,0.159090909090909,0.213114754098361,0
00-0040131,K.Williams,Kyle Williams,WR,2025,10,REG,2025_10_NE_TB,NE,TB,0,0,0,0,0,0,0,0,0,0,0,0,1,2,72,1,0,0,57,0.0689655172413793,0.162857142857143,0
00-0040134,P.Bryant,Pat Bryant,WR,2025,10,REG,2025_10_LV_DEN,DEN,LV,0,0,0,0,0,0,0,0,0,0,0,0,1,2,43,0,0,0,22,0.0740740740740741,0.0890688259109312,0
00-0040138,J.Noel,Jaylin Noel,WR,2025,10,REG,2025_10_JAX_HOU,HOU,JAX,0,0,0,0,0,0,0,0,0,0,0,0,4,4,35,0,0,0,30,0.0909090909090909,0.0702576112412178,0
00-0040142,K.Johnson,Kaleb Johnson,RB,2025,10,REG,2025_10_PIT_LAC,PIT,LAC,0,0,0,0,0,0,0,2,3,0,0,0,0,0,0,0,0,0,0,0,0,0
00-0040162,D.Sampson,Dylan Sampson,RB,2025,10,REG,2025_10_CLE_NYJ,CLE,NYJ,0,0,0,0,0,0,0,2,-4,0,0,0,1,1,3,0,0,0,1,0.03125,0.005,0
00-0040164,J.Lane,Jaylin Lane,WR,2025,10,REG,2025_10_DET_WAS,WAS,DET,0,0,0,0,0,0,0,0,0,0,0,0,1,1,41,0,0,0,40,0.0454545454545455,0.138888888888889,0
00-0040187,M.Evans,Mitchell Evans,TE,2025,10,REG,2025_10_NO_CAR,CAR,NO,0,0,0,0,0,0,0,0,0,0,0,0,0,1,0,0,0,0,11,0.0434782608695652,0.0679012345679012,0
00-0040189,O.Gadsden,Oronde Gadsden II,TE,2025,10,REG,2025_10_PIT_LAC,LAC,PIT,0,0,0,0,0,0,0,0,0,0,0,0,3,6,13,0,0,0,34,0.181818181818182,0.217948717948718,0
00-0040194,J.Hawes,Jackson Hawes,TE,2025,10,REG,2025_10_BUF_MIA,BUF,MIA,0,0,0,0,0,0,0,0,0,0,0,0,1,2,26,1,0,0,48,0.0512820512820513,0.118811881188119,0
00-0040198,O.Gordon,Ollie Gordon II,RB,2025,10,REG,2025_10_BUF_MIA,MIA,BUF,0,0,0,0,0,0,0,1,-3,0,0,0,0,0,0,0,0,0,0,0,0,0
00-0040202,D.Neal,Devin Neal,RB,2025,10,REG,2025_10_NO_CAR,NO,CAR,0,0,0,0,0,0,0,4,22,0,0,0,3,3,9,0,0,0,-2,0.115384615384615,-0.0078125,0
00-0040236,K.Monangai,Kyle Monangai,RB,2025,10,REG,2025_10_NYG_CHI,CHI,NYG,0,0,0,0,0,0,0,7,28,1,0,0,0,1,0,0,0,0,5,0.0277777777777778,0.0144927536231884,0
00-0040237,T.Johnson,Tez Johnson,WR,2025,10,REG,2025_10_NE_TB,TB,NE,0,0,0,0,0,0,0,0,0,0,0,0,4,5,42,2,0,0,49,0.116279069767442,0.173758865248227,0
00-0040238,L.Allen,LeQuint Allen Jr.,RB,2025,10,REG,2025_10_JAX_HOU,JAX,HOU,0,0,0,0,0,0,0,0,0,0,0,0,1,1,6,0,0,0,-4,0.0434782608695652,-0.0273972602739726,0
00-0040241,D.Lovett,Dominic Lovett,WR,2025,10,REG,2025_10_DET_WAS,DET,WAS,0,0,0,0,0,0,0,0,0,0,0,0,0,0,0,0,0,0,0,0,0,0
00-0040242,J.Croskey-Merritt,Jacory Croskey-Merritt,RB,2025,10,REG,2025_10_DET_WAS,WAS,DET,0,0,0,0,0,0,0,11,30,0,0,0,0,0,0,0,0,0,0,0,0,0
00-0040259,G.Larvadain,Gage Larvadain,WR,2025,10,REG,2025_10_CLE_NYJ,CLE,NYJ,0,0,0,0,0,0,0,0,0,0,0,0,0,0,0,0,0,0,0,0,0,0
00-0040506,M.Price,Myles Price,WR,2025,10,REG,2025_10_BAL_MIN,MIN,BAL,0,0,0,0,0,0,0,0,0,0,0,0,0,0,0,0,0,0,0,0,0,0
00-0040509,B.Yurosek,Ben Yurosek,TE,2025,10,REG,2025_10_BAL_MIN,MIN,BAL,0,0,0,0,0,0,0,0,0,0,0,0,0,0,0,0,0,0,0,0,0,0
00-0040534,K.Williams,Ke'Shawn Williams,WR,2025,10,REG,2025_10_PIT_LAC,PIT,LAC,0,0,0,0,0,0,0,0,0,0,0,0,0,0,0,0,0,0,0,0,0,0
00-0040563,E.Chism,Efton Chism III,WR,2025,10,REG,2025_10_NE_TB,NE,TB,0,0,0,0,0,0,0,0,0,0,0,0,0,0,0,0,0,0,0,0,0,0
00-0040581,D.Thornton,Dont'e Thornton Jr.,WR,2025,10,REG,2025_10_LV_DEN,LV,DEN,0,0,0,0,0,0,0,0,0,0,0,0,1,2,4,0,0,0,-7,0.08,-0.114754098360656,0
00-0040582,A.Smith,Arian Smith,WR,2025,10,REG,2025_10_CLE_NYJ,NYJ,CLE,0,0,0,0,0,0,0,1,13,0,0,0,0,0,0,0,0,0,0,0,0,0
00-0040583,W.Marks,Woody Marks,RB,2025,10,REG,2025_10_JAX_HOU,HOU,JAX,0,0,0,0,0,0,0,14,63,1,0,0,2,3,18,0,0,0,-1,0.0681818181818182,-0.00234192037470726,0
00-0040590,K.Mumpfield,Konata Mumpfield,WR,2025,10,REG,2025_10_LA_SF,LA,SF,0,0,0,0,0,0,0,0,0,0,0,0,0,2,0,0,0,0,21,0.0588235294117647,0.0632530120481928,0
00-0040644,T.Etienne,Trevor Etienne,RB,2025,10,REG,2025_10_NO_CAR,CAR,NO,0,0,0,0,0,0,0,0,0,0,0,0,0,0,0,0,0,0,0,0,0,0
00-0040649,R.Ouzts,Robbie Ouzts,RB,2025,10,REG,2025_10_ARI_SEA,SEA,ARI,0,0,0,0,0,0,0,0,0,0,0,0,0,0,0,0,0,0,0,0,0,0
00-0040663,H.Fannin,Harold Fannin Jr.,TE,2025,10,REG,2025_10_CLE_NYJ,CLE,NYJ,0,0,0,0,0,0,0,0,0,0,0,0,4,7,44,0,0,0,45,0.21875,0.225,0
00-0040669,I.TeSlaa,Isaac TeSlaa,WR,2025,10,REG,2025_10_DET_WAS,DET,WAS,0,0,0,0,0,0,0,0,0,0,0,0,1,1,11,0,0,0,11,0.03125,0.0635838150289017,0
00-0040691,J.Dart,Jaxson Dart,QB,2025,10,REG,2025_10_NYG_CHI,NYG,CHI,19,29,242,0,0,0,0,6,66,2,1,0,0,0,0,0,0,0,0,0,0,0
00-0040704,D.Gabriel,Dillon Gabriel,QB,2025,10,REG,2025_10_CLE_NYJ,CLE,NYJ,17,32,167,2,0,0,0,5,54,0,0,0,0,0,0,0,0,0,0,0,0,0
00-0040719,B.Tuten,Bhayshul Tuten,RB,2025,10,REG,2025_10_JAX_HOU,JAX,HOU,0,0,0,0,0,0,0,4,5,0,0,0,1,2,5,0,0,0,4,0.0869565217391304,0.0273972602739726,0
00-0040727,T.Harris,Tre Harris,WR,2025,10,REG,2025_10_PIT_LAC,LAC,PIT,0,0,0,0,0,0,0,0,0,0,0,0,2,2,4,0,0,0,-6,0.0606060606060606,-0.0384615384615385,0
00-0040729,J.Bech,Jack Bech,WR,2025,10,REG,2025_10_LV_DEN,LV,DEN,0,0,0,0,0,0,0,0,0,0,0,0,0,1,0,0,0,0,4,0.04,0.0655737704918033,0
00-0040730,R.Harvey,RJ Harvey,RB,2025,10,REG,2025_10_LV_DEN,DEN,LV,0,0,0,0,0,0,0,4,9,0,0,0,2,3,9,0,0,0,-1,0.111111111111111,-0.00404858299595142,0
00-0040734,T.Henderson,TreVeyon Henderson,RB,2025,10,REG,2025_10_NE_TB,NE,TB,0,0,0,0,0,0,0,14,147,2,0,0,1,1,3,0,0,0,-5,0.0344827586206897,-0.0142857142857143,0
00-0040735,L.Burden,Luther Burden III,WR,2025,10,REG,2025_10_NYG_CHI,CHI,NYG,0,0,0,0,0,0,0,0,0,0,0,0,3,3,51,0,0,0,34,0.0833333333333333,0.0985507246376812,0
00-0040736,M.Taylor,Mason Taylor,TE,2025,10,REG,2025_10_CLE_NYJ,NYJ,CLE,0,0,0,0,0,0,0,0,0,0,0,0,1,2,4,0,0,0,9,0.181818181818182,0.236842105263158,0
00-0040737,T.Ferguson,Terrance Ferguson,TE,2025,10,REG,2025_10_LA_SF,LA,SF,0,0,0,0,0,0,0,0,0,0,0,0,1,4,32,0,0,0,88,0.117647058823529,0.265060240963855,0
00-0040739,E.Arroyo,Elijah Arroyo,TE,2025,10,REG,2025_10_ARI_SEA,SEA,ARI,0,0,0,0,0,0,0,0,0,0,0,0,1,1,5,0,0,0,4,0.0833333333333333,0.03125,0
00-0040743,T.Shough,Tyler Shough,QB,2025,10,REG,2025_10_NO_CAR,NO,CAR,19,27,282,2,0,0,0,4,-3,0,0,0,0,0,0,0,0,0,0,0,0,0
00-0040784,Q.Judkins,Quinshon Judkins,RB,2025,10,REG,2025_10_CLE_NYJ,CLE,NYJ,0,0,0,0,0,0,0,22,75,0,0,0,2,3,10,0,0,0,3,0.09375,0.015,0
00-0023459,A.Rodgers,Aaron Rodgers,QB,2025,11,REG,2025_11_CIN_PIT,PIT,CIN,9,15,116,1,0,0,0,1,8,0,0,0,0,0,0,0,0,0,0,0,0,0
00-0026158,J.Flacco,Joe Flacco,QB,2025,11,REG,2025_11_CIN_PIT,CIN,PIT,23,40,199,1,1,0,0,1,-1,0,0,0,0,0,0,0,0,0,0,0,0,0
00-0026498,M.Stafford,Matthew Stafford,QB,2025,11,REG,2025_11_SEA_LA,LA,SEA,15,28,130,2,0,0,0,0,0,0,0,0,0,0,0,0,0,0,0,0,0,0
00-0029604,K.Cousins,Kirk Cousins,QB,2025,11,REG,2025_11_CAR_ATL,ATL,CAR,6,14,48,0,0,0,0,1,2,0,0,0,0,0,0,0,0,0,0,0,0,0
00-0030035,A.Thielen,Adam Thielen,WR,2025,11,REG,2025_11_CHI_MIN,MIN,CHI,0,0,0,0,0,0,0,0,0,0,0,0,1,2,6,0,0,0,17,0.0625,0.0550161812297735,0
00-0030061,Z.Ertz,Zach Ertz,TE,2025,11,REG,2025_11_WAS_MIA,WAS,MIA,0,0,0,0,0,0,0,0,0,0,0,0,4,8,42,0,0,0,87,0.275862068965517,0.393665158371041,0
00-0030279,K.Allen,Keenan Allen,WR,2025,11,REG,2025_11_LAC_JAX,LAC,JAX,0,0,0,0,0,0,0,0,0,0,0,0,4,6,53,0,0,0,49,0.25,0.266304347826087,0
00-0030506,T.Kelce,Travis Kelce,TE,2025,11,REG,2025_11_KC_DEN,KC,DEN,0,0,0,0,0,0,0,0,0,0,0,0,9,13,91,1,0,0,61,0.302325581395349,0.188271604938272,0
00-0030564,D.Hopkins,DeAndre Hopkins,WR,2025,11,REG,2025_11_BAL_CLE,BAL,CLE,0,0,0,0,0,0,0,0,0,0,0,0,1,4,11,0,0,0,61,0.16,0.306532663316583,0
00-0030565,G.Smith,Geno Smith,QB,2025,11,REG,2025_11_DAL_LV,LV,DAL,27,42,238,1,1,0,0,4,14,0,0,0,0,0,0,0,0,0,0,0,0,0
00-0031237,T.Bridgewater,Teddy Bridgewater,QB,2025,11,REG,2025_11_TB_BUF,TB,BUF,0,0,0,0,0,0,0,1,-1,0,0,0,0,0,0,0,0,0,0,0,0,0
00-0031381,D.Adams,Davante Adams,WR,2025,11,REG,2025_11_SEA_LA,LA,SEA,0,0,0,0,0,0,0,0,0,0,0,0,1,8,1,1,0,0,81,0.296296296296296,0.554794520547945,0
00-0031503,J.Winston,Jameis Winston,QB,2025,11,REG,2025_11_GB_NYG,NYG,GB,19,29,201,0,1,1,0,3,10,1,0,0,0,0,0,0,0,0,0,0,0,0
00-0031588,S.Diggs,Stefon Diggs,WR,2025,11,REG,2025_11_NYJ_NE,NE,NYJ,0,0,0,0,0,0,0,0,0,0,0,0,9,11,105,0,0,0,105,0.333333333333333,0.263157894736842,0
00-0031687,R.Mostert,Raheem Mostert,RB,2025,11,REG,2025_11_DAL_LV,LV,DAL,0,0,0,0,0,0,0,2,6,0,0,0,2,2,7,0,0,0,-9,0.0512820512820513,-0.0409090909090909,0
00-0032211,T.Lockett,Tyler Lockett,WR,2025,11,REG,2025_11_DAL_LV,LV,DAL,0,0,0,0,0,0,0,0,0,0,0,0,3,3,33,0,0,0,23,0.0769230769230769,0.104545454545455,0
00-0032268,M.Mariota,Marcus Mariota,QB,2025,11,REG,2025_11_WAS_MIA,WAS,MIA,20,30,213,1,1,0,0,4,49,0,0,0,0,0,0,0,0,0,0,0,0,0
00-0032385,S.Shepard,Sterling Shepard,WR,2025,11,REG,2025_11_TB_BUF,TB,BUF,0,0,0,0,0,0,0,1,7,0,0,0,4,5,54,0,0,0,52,0.185185185185185,0.26530612244898,0
00-0032398,C.Moore,Chris Moore,WR,2025,11,REG,2025_11_WAS_MIA,WAS,MIA,0,0,0,0,0,0,0,0,0,0,0,0,2,5,28,0,0,0,86,0.172413793103448,0.389140271493213,0
00-0032464,K.Raymond,Kalif Raymond,WR,2025,11,REG,2025_11_DET_PHI,DET,PHI,0,0,0,0,0,0,0,0,0,0,0,0,0,0,0,0,0,0,0,0,0,0
00-0032688,R.Chosen,Robbie Chosen,WR,2025,11,REG,2025_11_WAS_MIA,WAS,MIA,0,0,0,0,0,0,0,0,0,0,0,0,0,1,0,0,0,0,10,0.0344827586206897,0.0452488687782805,0
00-0032764,D.Henry,Derrick Henry,RB,2025,11,REG,2025_11_BAL_CLE,BAL,CLE,0,0,0,0,0,0,0,18,103,1,0,0,2,2,19,0,0,0,3,0.08,0.0150753768844221,0
00-0032775,D.Robinson,Demarcus Robinson,WR,2025,11,REG,2025_11_SF_ARI,SF,ARI,0,0,0,0,0,0,0,0,0,0,0,0,1,2,13,0,0,0,37,0.08,0.196808510638298,0
00-0033077,D.Prescott,Dak Prescott,QB,2025,11,REG,2025_11_DAL_LV,DAL,LV,25,33,268,4,0,1,0,4,-4,0,0,0,0,0,0,0,0,0,0,0,0,0
00-0033090,H.Henry,Hunter Henry,TE,2025,11,REG,2025_11_NYJ_NE,NE,NYJ,0,0,0,0,0,0,0,0,0,0,0,0,4,6,45,0,0,0,50,0.181818181818182,0.12531328320802,0
00-0033106,J.Goff,Jared Goff,QB,2025,11,REG,2025_11_DET_PHI,DET,PHI,14,37,255,1,1,0,0,1,-1,0,0,0,0,0,0,0,0,0,0,0,0,0
00-0033110,T.Higbee,Tyler Higbee,TE,2025,11,REG,2025_11_SEA_LA,LA,SEA,0,0,0,0,0,0,0,0,0,0,0,0,1,2,23,0,0,0,1,0.0740740740740741,0.00684931506849315,0
00-0033119,J.Brissett,Jacoby Brissett,QB,2025,11,REG,2025_11_SF_ARI,ARI,SF,47,57,452,2,2,0,0,2,-2,0,0,0,0,0,0,0,0,0,0,0,0,0
00-0033246,J.Mundt,Johnny Mundt,TE,2025,11,REG,2025_11_LAC_JAX,JAX,LAC,0,0,0,0,0,0,0,0,0,0,0,0,2,3,25,0,0,0,2,0.136363636363636,0.0103092783505155,0
00-0033280,C.McCaffrey,Christian McCaffrey,RB,2025,11,REG,2025_11_SF_ARI,SF,ARI,0,0,0,0,0,0,0,13,81,2,0,0,5,6,40,1,0,0,18,0.24,0.0957446808510638,0
00-0033282,C.Samuel,Curtis Samuel,WR,2025,11,REG,2025_11_TB_BUF,BUF,TB,0,0,0,0,0,0,0,0,0,0,0,0,2,3,19,0,0,0,61,0.1,0.176300578034682,0
00-0033288,G.Kittle,George Kittle,TE,2025,11,REG,2025_11_SF_ARI,SF,ARI,0,0,0,0,0,0,0,0,0,0,0,0,6,6,67,2,0,0,43,0.24,0.228723404255319,0
00-0033293,A.Jones,Aaron Jones,RB,2025,11,REG,2025_11_CHI_MIN,MIN,CHI,0,0,0,0,0,0,0,16,70,0,0,0,3,6,11,0,0,0,11,0.1875,0.0355987055016181,0
00-0033375,T.Patrick,Tim Patrick,WR,2025,11,REG,2025_11_LAC_JAX,JAX,LAC,0,0,0,0,0,0,0,0,0,0,0,0,3,4,20,1,0,0,25,0.181818181818182,0.128865979381443,0
00-0033376,P.Ricard,Patrick Ricard,RB,2025,11,REG,2025_11_BAL_CLE,BAL,CLE,0,0,0,0,0,0,0,0,0,0,0,0,0,0,0,0,0,0,0,0,0,0
00-0033439,P.Brown,Pharaoh Brown,TE,2025,11,REG,2025_11_SF_ARI,ARI,SF,0,0,0,0,0,0,0,0,0,0,0,0,0,0,0,0,0,0,0,0,0,0
00-0033555,M.Hollins,Mack Hollins,WR,2025,11,REG,2025_11_NYJ_NE,NE,NYJ,0,0,0,0,0,0,0,0,0,0,0,0,4,5,64,0,0,0,98,0.151515151515152,0.245614035087719,0
00-0033572,J.Agnew,Jamal Agnew,WR,2025,11,REG,2025_11_CAR_ATL,ATL,CAR,0,0,0,0,0,0,0,0,0,0,0,0,0,0,0,0,0,0,0,0,0,0
00-0033757,R.Tonyan,Robert Tonyan,TE,2025,11,REG,2025_11_KC_DEN,KC,DEN,0,0,0,0,0,0,0,0,0,0,0,0,1,1,1,0,0,0,1,0.0232558139534884,0.00308641975308642,0
00-0033854,D.Ogunbowale,Dare Ogunbowale,RB,2025,11,REG,2025_11_HOU_TEN,HOU,TEN,0,0,0,0,0,0,0,0,0,0,0,0,1,1,9,0,0,0,2,0.025,0.00571428571428571,0
00-0033857,J.Smith-Schuster,JuJu Smith-Schuster,WR,2025,11,REG,2025_11_KC_DEN,KC,DEN,0,0,0,0,0,0,0,0,0,0,0,0,0,0,0,0,0,0,0,0,0,0
00-0033858,J.Smith,Jonnu Smith,TE,2025,11,REG,2025_11_CIN_PIT,PIT,CIN,0,0,0,0,0,0,0,0,0,0,0,0,0,2,0,0,0,0,21,0.0689655172413793,0.157894736842105,0
00-0033873,P.Mahomes,Patrick Mahomes,QB,2025,11,REG,2025_11_KC_DEN,KC,DEN,29,45,276,1,1,0,0,1,3,0,0,0,0,0,0,0,0,0,0,0,0,0
00-0033881,E.Engram,Evan Engram,TE,2025,11,REG,2025_11_KC_DEN,DEN,KC,0,0,0,0,0,0,0,0,0,0,0,0,4,5,33,0,0,0,2,0.138888888888889,0.00626959247648903,0
00-0033885,D.Njoku,David Njoku,TE,2025,11,REG,2025_11_BAL_CLE,CLE,BAL,0,0,0,0,0,0,0,0,0,0,0,0,1,2,7,0,0,0,8,0.08,0.0481927710843374,0
00-0033908,C.Kupp,Cooper Kupp,WR,2025,11,REG,2025_11_SEA_LA,SEA,LA,0,0,0,0,0,0,0,0,0,0,0,0,3,7,23,0,0,0,81,0.166666666666667,0.236842105263158,0
00-0033923,K.Hunt,Kareem Hunt,RB,2025,11,REG,2025_11_KC_DEN,KC,DEN,0,0,0,0,0,0,0,13,59,1,0,0,1,2,3,0,0,0,-3,0.0465116279069768,-0.00925925925925926,0
00-0033955,J.McNichols,Jeremy McNichols,RB,2025,11,REG,2025_11_WAS_MIA,WAS,MIA,0,0,0,0,0,0,0,4,13,0,0,0,2,2,16,0,0,0,-4,0.0689655172413793,-0.0180995475113122,0
00-0034348,C.Sutton,Courtland Sutton,WR,2025,11,REG,2025_11_KC_DEN,DEN,KC,0,0,0,0,0,0,0,0,0,0,0,0,4,8,59,0,0,0,65,0.222222222222222,0.203761755485893,0
00-0034351,D.Goedert,Dallas Goedert,TE,2025,11,REG,2025_11_DET_PHI,PHI,DET,0,0,0,0,0,0,0,0,0,0,0,0,2,5,24,0,0,0,41,0.185185185185185,0.113259668508287,0
00-0034365,I.Thomas,Ian Thomas,TE,2025,11,REG,2025_11_DAL_LV,LV,DAL,0,0,0,0,0,0,0,0,0,0,0,0,1,1,20,0,0,0,17,0.0256410256410256,0.0772727272727273,0
00-0034383,D.Schultz,Dalton Schultz,TE,2025,11,REG,2025_11_HOU_TEN,HOU,TEN,0,0,0,0,0,0,0,0,0,0,0,0,6,9,51,0,0,0,60,0.225,0.171428571428571,0
00-0034613,T.Hudson,Tanner Hudson,TE,2025,11,REG,2025_11_CIN_PIT,CIN,PIT,0,0,0,0,0,0,0,0,0,0,0,0,3,3,22,0,0,0,13,0.0769230769230769,0.0456140350877193,0
00-0034681,C.Edmonds,Chase Edmonds,RB,2025,11,REG,2025_11_WAS_MIA,WAS,MIA,0,0,0,0,0,0,0,0,0,0,0,0,0,0,0,0,0,0,0,0,0,0
00-0034753,M.Andrews,Mark Andrews,TE,2025,11,REG,2025_11_BAL_CLE,BAL,CLE,0,0,0,0,0,0,0,1,35,1,0,0,3,5,32,0,0,0,30,0.2,0.150753768844221,0
00-0034771,M.Rudolph,Mason Rudolph,QB,2025,11,REG,2025_11_CIN_PIT,PIT,CIN,12,16,127,1,0,0,0,1,-1,0,0,0,0,0,0,0,0,0,0,0,0,0
00-0034775,C.Kirk,Christian Kirk,WR,2025,11,REG,2025_11_HOU_TEN,HOU,TEN,0,0,0,0,0,0,0,0,0,0,0,0,1,4,6,0,0,0,16,0.1,0.0457142857142857,0
00-0034791,N.Chubb,Nick Chubb,RB,2025,11,REG,2025_11_HOU_TEN,HOU,TEN,0,0,0,0,0,0,0,3,17,0,0,0,0,2,0,0,0,0,2,0.05,0.00571428571428571,0
00-0034796,L.Jackson,Lamar Jackson,QB,2025,11,REG,2025_11_BAL_CLE,BAL,CLE,14,25,193,0,2,0,0,4,10,0,0,0,0,0,0,0,0,0,0,0,0,0
00-0034798,D.Smythe,Durham Smythe,TE,2025,11,REG,2025_11_CHI_MIN,CHI,MIN,0,0,0,0,0,0,0,0,0,0,0,0,1,3,8,0,0,0,18,0.107142857142857,0.0467532467532468,0
00-0034827,D.Moore,DJ Moore,WR,2025,11,REG,2025_11_CHI_MIN,CHI,MIN,0,0,0,0,0,0,0,1,3,0,0,0,1,3,18,0,0,0,72,0.107142857142857,0.187012987012987,0
00-0034837,C.Ridley,Calvin Ridley,WR,2025,11,REG,2025_11_HOU_TEN,TEN,HOU,0,0,0,0,0,0,0,0,0,0,0,0,1,1,13,0,0,0,8,0.0277777777777778,0.0298507462686567,0
00-0034844,S.Barkley,Saquon Barkley,RB,2025,11,REG,2025_11_DET_PHI,PHI,DET,0,0,0,0,0,0,0,26,83,0,0,0,1,2,7,0,0,0,31,0.0740740740740741,0.0856353591160221,0
00-0034854,K.Hodge,KhaDarel Hodge,WR,2025,11,REG,2025_11_CAR_ATL,ATL,CAR,0,0,0,0,0,0,0,0,0,0,0,0,0,1,0,0,0,0,19,0.0344827586206897,0.0745098039215686,0
00-0034855,B.Mayfield,Baker Mayfield,QB,2025,11,REG,2025_11_TB_BUF,TB,BUF,16,28,173,1,1,1,0,5,39,1,0,0,0,0,0,0,0,0,0,0,0,0
00-0034857,J.Allen,Josh Allen,QB,2025,11,REG,2025_11_TB_BUF,BUF,TB,19,30,317,3,2,0,0,6,40,3,0,0,0,0,0,0,0,0,0,0,0,0
00-0034869,S.Darnold,Sam Darnold,QB,2025,11,REG,2025_11_SEA_LA,SEA,LA,29,44,279,0,4,0,0,2,11,0,0,0,0,0,0,0,0,0,0,0,0,0
00-0034960,J.Meyers,Jakobi Meyers,WR,2025,11,REG,2025_11_LAC_JAX,JAX,LAC,0,0,0,0,0,0,0,0,0,0,0,0,5,6,64,0,0,0,68,0.272727272727273,0.350515463917526,0
00-0035140,M.Hardman,Mecole Hardman,WR,2025,11,REG,2025_11_TB_BUF,BUF,TB,0,0,0,0,0,0,0,0,0,0,0,0,0,1,0,0,0,0,46,0.0333333333333333,0.132947976878613,0
00-0035229,T.Hockenson,T.J. Hockenson,TE,2025,11,REG,2025_11_CHI_MIN,MIN,CHI,0,0,0,0,0,0,0,0,0,0,0,0,3,6,39,0,0,0,44,0.1875,0.142394822006473,0
00-0035249,J.Oliver,Josh Oliver,TE,2025,11,REG,2025_11_CHI_MIN,MIN,CHI,0,0,0,0,0,0,0,0,0,0,0,0,1,1,-3,0,0,0,-3,0.03125,-0.00970873786407767,0
00-0035250,D.Singletary,Devin Singletary,RB,2025,11,REG,2025_11_GB_NYG,NYG,GB,0,0,0,0,0,0,0,16,44,2,0,0,1,1,3,0,0,0,-5,0.0344827586206897,-0.0228310502283105,0
00-0035261,T.Pollard,Tony Pollard,RB,2025,11,REG,2025_11_HOU_TEN,TEN,HOU,0,0,0,0,0,0,0,10,22,0,0,0,3,3,4,0,0,0,-2,0.0833333333333333,-0.00746268656716418,0
00-0035291,T.Williams,Trayveon Williams,RB,2025,11,REG,2025_11_LAC_JAX,LAC,JAX,0,0,0,0,0,0,0,3,-1,0,0,0,1,1,0,0,0,0,-1,0.0416666666666667,-0.00543478260869565,0
00-0035359,D.Sills,David Sills,WR,2025,11,REG,2025_11_CAR_ATL,ATL,CAR,0,0,0,0,0,0,0,0,0,0,0,0,1,2,11,0,0,0,15,0.0689655172413793,0.0588235294117647,0
00-0035500,G.Dortch,Greg Dortch,WR,2025,11,REG,2025_11_SF_ARI,ARI,SF,0,0,0,0,0,0,0,0,0,0,0,0,6,6,66,1,0,0,25,0.107142857142857,0.0644329896907216,0
00-0035537,Ty.Johnson,Ty Johnson,RB,2025,11,REG,2025_11_TB_BUF,BUF,TB,0,0,0,0,0,0,0,1,9,0,0,0,2,2,61,1,0,0,-8,0.0666666666666667,-0.023121387283237,0
00-0035594,T.Homer,Travis Homer,RB,2025,11,REG,2025_11_CHI_MIN,CHI,MIN,0,0,0,0,0,0,0,1,-2,0,0,0,0,0,0,0,0,0,0,0,0,0
00-0035628,D.Johnson,D'Ernest Johnson,RB,2025,11,REG,2025_11_NYJ_NE,NE,NYJ,0,0,0,0,0,0,0,3,6,0,0,0,0,0,0,0,0,0,0,0,0,0
00-0035640,D.Metcalf,DK Metcalf,WR,2025,11,REG,2025_11_CIN_PIT,PIT,CIN,0,0,0,0,0,0,0,0,0,0,0,0,5,8,49,0,0,0,88,0.275862068965517,0.661654135338346,0
00-0035644,N.Fant,Noah Fant,TE,2025,11,REG,2025_11_CIN_PIT,CIN,PIT,0,0,0,0,0,0,0,0,0,0,0,0,5,6,36,0,1,0,10,0.153846153846154,0.0350877192982456,0
00-0035645,G.Olszewski,Gunner Olszewski,WR,2025,11,REG,2025_11_GB_NYG,NYG,GB,0,0,0,0,0,0,0,0,0,0,0,0,0,0,0,0,0,0,0,0,0,0
00-0035662,M.Brown,Marquise Brown,WR,2025,11,REG,2025_11_KC_DEN,KC,DEN,0,0,0,0,0,0,0,0,0,0,0,0,4,4,40,0,0,0,28,0.0930232558139535,0.0864197530864198,0
00-0035676,A.Brown,A.J. Brown,WR,2025,11,REG,2025_11_DET_PHI,PHI,DET,0,0,0,0,0,0,0,0,0,0,0,0,7,11,49,0,0,0,122,0.407407407407407,0.337016574585635,0
00-0035685,D.Montgomery,David Montgomery,RB,2025,11,REG,2025_11_DET_PHI,DET,PHI,0,0,0,0,0,0,0,6,27,0,0,0,1,1,10,0,0,0,1,0.0277777777777778,0.0040650406504065,0
00-0035689,D.Knox,Dawson Knox,TE,2025,11,REG,2025_11_TB_BUF,BUF,TB,0,0,0,0,0,0,0,0,0,0,0,0,1,3,23,0,0,0,37,0.1,0.106936416184971,0
00-0035700,J.Jacobs,Josh Jacobs,RB,2025,11,REG,2025_11_GB_NYG,GB,NYG,0,0,0,0,0,0,0,7,40,0,0,0,0,1,0,0,0,0,-9,0.04,-0.0307167235494881,0
00-0035719,D.Samuel,Deebo Samuel Sr.,WR,2025,11,REG,2025_11_WAS_MIA,WAS,MIA,0,0,0,0,0,0,0,1,3,0,0,0,7,8,74,1,0,0,25,0.275862068965517,0.113122171945701,0
00-0035876,A.Baccellia,Andre Baccellia,WR,2025,11,REG,2025_11_SF_ARI,ARI,SF,0,0,0,0,0,0,0,0,0,0,0,0,1,1,5,0,0,0,5,0.0178571428571429,0.0128865979381443,0
00-0035891,C.White,Cody White,WR,2025,11,REG,2025_11_SEA_LA,SEA,LA,0,0,0,0,0,0,0,0,0,0,0,0,0,0,0,0,0,0,0,0,0,0
00-0036139,R.Dowdle,Rico Dowdle,RB,2025,11,REG,2025_11_CAR_ATL,CAR,ATL,0,0,0,0,0,0,0,19,45,0,0,0,5,7,55,0,0,0,-20,0.159090909090909,-0.0719424460431655,0
00-0036165,I.Hodgins,Isaiah Hodgins,WR,2025,11,REG,2025_11_GB_NYG,NYG,GB,0,0,0,0,0,0,0,0,0,0,0,0,5,6,57,0,0,0,59,0.206896551724138,0.269406392694064,0
00-0036176,M.Kinsey,Mason Kinsey,WR,2025,11,REG,2025_11_HOU_TEN,TEN,HOU,0,0,0,0,0,0,0,0,0,0,0,0,1,3,14,0,0,0,59,0.0833333333333333,0.220149253731343,0
00-0036187,R.Gilliam,Reggie Gilliam,RB,2025,11,REG,2025_11_TB_BUF,BUF,TB,0,0,0,0,0,0,0,0,0,0,0,0,0,0,0,0,0,0,0,0,0,0
00-0036196,G.Davis,Gabe Davis,WR,2025,11,REG,2025_11_TB_BUF,BUF,TB,0,0,0,0,0,0,0,0,0,0,0,0,3,4,40,0,0,0,30,0.133333333333333,0.0867052023121387,0
00-0036212,T.Tagovailoa,Tua Tagovailoa,QB,2025,11,REG,2025_11_WAS_MIA,MIA,WAS,14,20,171,0,0,0,0,0,0,0,0,0,0,0,0,0,0,0,0,0,0,0
00-0036244,C.Parkinson,Colby Parkinson,TE,2025,11,REG,2025_11_SEA_LA,LA,SEA,0,0,0,0,0,0,0,0,0,0,0,0,2,2,14,1,0,0,-4,0.0740740740740741,-0.0273972602739726,0
00-0036259,J.Jennings,Jauan Jennings,WR,2025,11,REG,2025_11_SF_ARI,SF,ARI,0,0,0,0,0,0,0,0,0,0,0,0,4,6,54,0,0,0,56,0.24,0.297872340425532,0
00-0036264,J.Love,Jordan Love,QB,2025,11,REG,2025_11_GB_NYG,GB,NYG,13,24,174,2,0,0,1,2,7,0,0,0,0,0,0,0,0,0,0,0,0,0
00-0036275,D.Swift,D'Andre Swift,RB,2025,11,REG,2025_11_CHI_MIN,CHI,MIN,0,0,0,0,0,0,0,21,90,0,0,0,0,1,0,0,0,0,17,0.0357142857142857,0.0441558441558442,0
00-0036290,C.Kmet,Cole Kmet,TE,2025,11,REG,2025_11_CHI_MIN,CHI,MIN,0,0,0,0,0,0,0,0,0,0,0,0,5,5,45,0,0,0,16,0.178571428571429,0.0415584415584416,0
00-0036309,D.Mooney,Darnell Mooney,WR,2025,11,REG,2025_11_CAR_ATL,ATL,CAR,0,0,0,0,0,0,0,0,0,0,0,0,3,7,34,0,0,0,107,0.241379310344828,0.419607843137255,0
00-0036322,J.Jefferson,Justin Jefferson,WR,2025,11,REG,2025_11_CHI_MIN,MIN,CHI,0,0,0,0,0,0,0,0,0,0,0,0,5,9,61,0,0,0,82,0.28125,0.26537216828479,0
00-0036331,D.Duvernay,Devin Duvernay,WR,2025,11,REG,2025_11_CHI_MIN,CHI,MIN,0,0,0,0,0,0,0,0,0,0,0,0,0,0,0,0,0,0,0,0,0,0
00-0036332,J.Deguara,Josiah Deguara,TE,2025,11,REG,2025_11_SF_ARI,ARI,SF,0,0,0,0,0,0,0,0,0,0,0,0,0,0,0,0,0,0,0,0,0,0
00-0036355,J.Herbert,Justin Herbert,QB,2025,11,REG,2025_11_LAC_JAX,LAC,JAX,10,18,81,0,1,0,0,3,21,0,0,0,0,0,0,0,0,0,0,0,0,0
00-0036358,C.Lamb,CeeDee Lamb,WR,2025,11,REG,2025_11_DAL_LV,DAL,LV,0,0,0,0,0,0,0,0,0,0,0,0,5,7,66,1,0,0,54,0.21875,0.232758620689655,0
00-0036389,J.Hurts,Jalen Hurts,QB,2025,11,REG,2025_11_DET_PHI,PHI,DET,14,28,135,0,0,0,0,10,31,1,0,0,0,0,0,0,0,0,0,0,0,0
00-0036407,J.Jeudy,Jerry Jeudy,WR,2025,11,REG,2025_11_BAL_CLE,CLE,BAL,0,0,0,0,0,0,0,0,0,0,0,0,3,7,21,0,0,0,47,0.28,0.283132530120482,0
00-0036410,T.Higgins,Tee Higgins,WR,2025,11,REG,2025_11_CIN_PIT,CIN,PIT,0,0,0,0,0,0,0,0,0,0,0,0,3,8,63,1,0,0,117,0.205128205128205,0.410526315789474,0
00-0036415,V.Jefferson,Van Jefferson,WR,2025,11,REG,2025_11_HOU_TEN,TEN,HOU,0,0,0,0,0,0,0,0,0,0,0,0,3,7,22,1,0,0,63,0.194444444444444,0.235074626865672,0
00-0036422,A.Trautman,Adam Trautman,TE,2025,11,REG,2025_11_KC_DEN,DEN,KC,0,0,0,0,0,0,0,0,0,0,0,0,1,1,8,0,0,0,2,0.0277777777777778,0.00626959247648903,0
00-0036554,N.Collins,Nico Collins,WR,2025,11,REG,2025_11_HOU_TEN,HOU,TEN,0,0,0,0,0,0,0,0,0,0,0,0,9,10,92,1,0,0,104,0.25,0.297142857142857,0
00-0036555,C.Hubbard,Chuba Hubbard,RB,2025,11,REG,2025_11_CAR_ATL,CAR,ATL,0,0,0,0,0,0,0,4,21,0,0,0,1,3,7,0,0,0,-6,0.0681818181818182,-0.0215827338129496,0
00-0036567,E.Mitchell,Elijah Mitchell,RB,2025,11,REG,2025_11_KC_DEN,KC,DEN,0,0,0,0,0,0,0,0,0,0,0,0,0,1,0,0,0,0,16,0.0232558139534884,0.0493827160493827,0
00-0036590,Q.Morris,Quintin Morris,TE,2025,11,REG,2025_11_LAC_JAX,JAX,LAC,0,0,0,0,0,0,0,0,0,0,0,0,1,3,11,0,0,0,23,0.136363636363636,0.118556701030928,0
00-0036613,J.Waddle,Jaylen Waddle,WR,2025,11,REG,2025_11_WAS_MIA,MIA,WAS,0,0,0,0,0,0,0,0,0,0,0,0,3,7,52,0,0,0,96,0.35,0.711111111111111,0
00-0036626,D.Brown,Dyami Brown,WR,2025,11,REG,2025_11_LAC_JAX,JAX,LAC,0,0,0,0,0,0,0,0,0,0,0,0,0,1,0,0,0,0,45,0.0454545454545455,0.231958762886598,0
00-0036630,T.Wallace,Tylan Wallace,WR,2025,11,REG,2025_11_BAL_CLE,BAL,CLE,0,0,0,0,0,0,0,0,0,0,0,0,0,1,0,0,0,0,26,0.04,0.130653266331658,0
00-0036637,N.Gray,Noah Gray,TE,2025,11,REG,2025_11_KC_DEN,KC,DEN,0,0,0,0,0,0,0,0,0,0,0,0,2,3,9,0,0,0,14,0.0697674418604651,0.0432098765432099,0
00-0036754,B.Wright,Brock Wright,TE,2025,11,REG,2025_11_DET_PHI,DET,PHI,0,0,0,0,0,0,0,0,0,0,0,0,2,7,8,0,0,0,3,0.194444444444444,0.0121951219512195,0
00-0036825,F.Franks,Feleipe Franks,TE,2025,11,REG,2025_11_CAR_ATL,ATL,CAR,0,0,0,0,0,0,0,0,0,0,0,0,0,0,0,0,0,0,0,0,0,0
00-0036841,A.Trammell,Austin Trammell,WR,2025,11,REG,2025_11_LAC_JAX,JAX,LAC,0,0,0,0,0,0,0,0,0,0,0,0,1,1,13,0,0,0,13,0.0454545454545455,0.0670103092783505,0
00-0036842,K.Nwangwu,Kene Nwangwu,RB,2025,11,REG,2025_11_NYJ_NE,NYJ,NE,0,0,0,0,0,0,0,0,0,0,0,0,0,0,0,0,0,0,0,0,0,0
00-0036862,B.Skowronek,Ben Skowronek,WR,2025,11,REG,2025_11_CIN_PIT,PIT,CIN,0,0,0,0,0,0,0,0,0,0,0,0,0,0,0,0,0,0,0,0,0,0
00-0036876,K.Granson,Kylen Granson,TE,2025,11,REG,2025_11_DET_PHI,PHI,DET,0,0,0,0,0,0,0,0,0,0,0,0,1,2,4,0,0,0,34,0.0740740740740741,0.0939226519337017,0
00-0036887,L.Farrell,Luke Farrell,TE,2025,11,REG,2025_11_SF_ARI,SF,ARI,0,0,0,0,0,0,0,0,0,0,0,0,0,0,0,0,0,0,0,0,0,0
00-0036894,P.Freiermuth,Pat Freiermuth,TE,2025,11,REG,2025_11_CIN_PIT,PIT,CIN,0,0,0,0,0,0,0,0,0,0,0,0,1,1,19,0,0,0,1,0.0344827586206897,0.0075187969924812,0
00-0036898,D.Mills,Davis Mills,QB,2025,11,REG,2025_11_HOU_TEN,HOU,TEN,26,41,274,1,0,0,0,2,14,0,0,0,0,0,0,0,0,0,0,0,0,0
00-0036900,J.Chase,Ja'Marr Chase,WR,2025,11,REG,2025_11_CIN_PIT,CIN,PIT,0,0,0,0,0,0,0,0,0,0,0,0,3,10,30,0,0,0,116,0.256410256410256,0.407017543859649,0
00-0036912,D.Smith,DeVonta Smith,WR,2025,11,REG,2025_11_DET_PHI,PHI,DET,0,0,0,0,0,0,0,0,0,0,0,0,1,5,8,0,0,0,88,0.185185185185185,0.243093922651934,0
00-0036919,K.Gainwell,Kenny Gainwell,RB,2025,11,REG,2025_11_CIN_PIT,PIT,CIN,0,0,0,0,0,0,0,9,24,0,0,0,7,8,81,2,0,0,-16,0.275862068965517,-0.120300751879699,0
00-0036924,M.Carter,Michael Carter,RB,2025,11,REG,2025_11_SF_ARI,ARI,SF,0,0,0,0,0,0,0,2,6,0,0,0,5,7,22,0,0,0,3,0.125,0.0077319587628866,0
00-0036945,J.Fields,Justin Fields,QB,2025,11,REG,2025_11_NYJ_NE,NYJ,NE,15,26,116,1,0,0,0,11,67,1,1,0,0,1,0,0,0,0,6,0.0384615384615385,0.028436018957346,0
00-0036963,A.St. Brown,Amon-Ra St. Brown,WR,2025,11,REG,2025_11_DET_PHI,DET,PHI,0,0,0,0,0,0,0,0,0,0,0,0,2,12,42,0,0,0,147,0.333333333333333,0.597560975609756,0
00-0036970,K.Pitts,Kyle Pitts,TE,2025,11,REG,2025_11_CAR_ATL,ATL,CAR,0,0,0,0,0,0,0,0,0,0,0,0,2,3,14,0,0,0,12,0.103448275862069,0.0470588235294118,0
00-0036971,T.Lawrence,Trevor Lawrence,QB,2025,11,REG,2025_11_LAC_JAX,JAX,LAC,14,22,153,1,1,0,0,5,9,1,0,0,0,0,0,0,0,0,0,0,0,0
00-0036972,M.Jones,Mac Jones,QB,2025,11,REG,2025_11_SF_ARI,SF,ARI,0,0,0,0,0,0,0,3,-3,0,0,0,0,0,0,0,0,0,0,0,0,0
00-0036973,T.Etienne,Travis Etienne,RB,2025,11,REG,2025_11_LAC_JAX,JAX,LAC,0,0,0,0,0,0,0,19,73,2,0,0,0,2,0,0,0,0,-1,0.0909090909090909,-0.00515463917525773,0
00-0036988,J.Palmer,Josh Palmer,WR,2025,11,REG,2025_11_TB_BUF,BUF,TB,0,0,0,0,0,0,0,0,0,0,0,0,2,5,17,0,0,0,46,0.166666666666667,0.132947976878613,0
00-0036997,J.Williams,Javonte Williams,RB,2025,11,REG,2025_11_DAL_LV,DAL,LV,0,0,0,0,0,0,0,22,93,0,0,0,1,1,0,0,0,0,-4,0.03125,-0.0172413793103448,0
00-0037005,T.Tremble,Tommy Tremble,TE,2025,11,REG,2025_11_CAR_ATL,CAR,ATL,0,0,0,0,0,0,0,0,0,0,0,0,1,2,54,0,0,0,2,0.0454545454545455,0.00719424460431655,0
00-0037012,T.Lance,Trey Lance,QB,2025,11,REG,2025_11_LAC_JAX,LAC,JAX,3,8,37,0,0,0,0,3,1,0,0,0,0,0,0,0,0,0,0,0,0,0
00-0037085,T.Badie,Tyler Badie,RB,2025,11,REG,2025_11_KC_DEN,DEN,KC,0,0,0,0,0,0,0,0,0,0,0,0,1,1,0,0,0,0,-5,0.0277777777777778,-0.0156739811912226,0
00-0037091,B.Melton,Bo Melton,WR,2025,11,REG,2025_11_GB_NYG,GB,NYG,0,0,0,0,0,0,0,1,17,0,0,0,0,0,0,0,0,0,0,0,0,0
00-0037112,J.Tonges,Jake Tonges,TE,2025,11,REG,2025_11_SF_ARI,SF,ARI,0,0,0,0,0,0,0,0,0,0,0,0,0,0,0,0,0,0,0,0,0,0
00-0037157,Z.Knight,Bam Knight,RB,2025,11,REG,2025_11_SF_ARI,ARI,SF,0,0,0,0,0,0,0,5,24,1,0,0,4,4,21,0,0,0,-3,0.0714285714285714,-0.0077319587628866,0
00-0037228,J.Warren,Jaylen Warren,RB,2025,11,REG,2025_11_CIN_PIT,PIT,CIN,0,0,0,0,0,0,0,10,62,0,0,0,2,2,5,0,0,0,-12,0.0689655172413793,-0.0902255639097744,0
00-0037238,D.London,Drake London,WR,2025,11,REG,2025_11_CAR_ATL,ATL,CAR,0,0,0,0,0,0,0,0,0,0,0,0,7,9,119,0,0,0,96,0.310344827586207,0.376470588235294,0
00-0037240,J.Williams,Jameson Williams,WR,2025,11,REG,2025_11_DET_PHI,DET,PHI,0,0,0,0,0,0,0,1,9,0,0,0,4,7,88,1,0,0,75,0.194444444444444,0.304878048780488,0
00-0037247,G.Pickens,George Pickens,WR,2025,11,REG,2025_11_DAL_LV,DAL,LV,0,0,0,0,0,0,0,0,0,0,0,0,9,11,144,1,0,0,136,0.34375,0.586206896551724,0
00-0037248,J.Cook,James Cook,RB,2025,11,REG,2025_11_TB_BUF,BUF,TB,0,0,0,0,0,0,0,16,48,0,0,0,3,3,66,1,0,0,23,0.1,0.0664739884393064,0
00-0037252,G.Dulcich,Greg Dulcich,TE,2025,11,REG,2025_11_WAS_MIA,MIA,WAS,0,0,0,0,0,0,0,0,0,0,0,0,2,4,18,0,0,0,25,0.2,0.185185185185185,0
00-0037256,R.White,Rachaad White,RB,2025,11,REG,2025_11_TB_BUF,TB,BUF,0,0,0,0,0,0,0,10,51,0,0,0,2,3,11,0,0,0,-9,0.111111111111111,-0.0459183673469388,0
00-0037261,K.Shakir,Khalil Shakir,WR,2025,11,REG,2025_11_TB_BUF,BUF,TB,0,0,0,0,0,0,0,0,0,0,0,0,1,3,-3,0,0,0,21,0.1,0.0606936416184971,0
00-0037263,T.Allgeier,Tyler Allgeier,RB,2025,11,REG,2025_11_CAR_ATL,ATL,CAR,0,0,0,0,0,0,0,3,10,1,0,0,2,2,6,0,0,0,-5,0.0689655172413793,-0.0196078431372549,0
00-0037267,J.Ford,Jerome Ford,RB,2025,11,REG,2025_11_BAL_CLE,CLE,BAL,0,0,0,0,0,0,0,1,2,0,0,0,0,0,0,0,0,0,0,0,0,0
00-0037291,J.Nailor,Jalen Nailor,WR,2025,11,REG,2025_11_CHI_MIN,MIN,CHI,0,0,0,0,0,0,0,0,0,0,0,0,1,1,16,0,0,0,15,0.03125,0.0485436893203884,0
00-0037306,J.FitzPatrick,John FitzPatrick,TE,2025,11,REG,2025_11_GB_NYG,GB,NYG,0,0,0,0,0,0,0,0,0,0,0,0,1,1,5,0,0,0,2,0.04,0.0068259385665529,0
00-0037525,J.Mason,Jordan Mason,RB,2025,11,REG,2025_11_CHI_MIN,MIN,CHI,0,0,0,0,0,0,0,6,45,1,0,0,0,0,0,0,0,0,0,0,0,0
00-0037545,R.Shaheed,Rashid Shaheed,WR,2025,11,REG,2025_11_SEA_LA,SEA,LA,0,0,0,0,0,0,0,1,2,0,0,0,2,5,27,0,0,0,63,0.119047619047619,0.184210526315789,0
00-0037563,M.Davis,Malik Davis,RB,2025,11,REG,2025_11_DAL_LV,DAL,LV,0,0,0,0,0,0,0,4,20,0,0,0,0,0,0,0,0,0,0,0,0,0
00-0037594,J.Chestnut,Julius Chestnut,RB,2025,11,REG,2025_11_HOU_TEN,TEN,HOU,0,0,0,0,0,0,0,0,0,0,0,0,0,0,0,0,0,0,0,0,0,0
00-0037614,J.Metchie,John Metchie III,WR,2025,11,REG,2025_11_NYJ_NE,NYJ,NE,0,0,0,0,0,0,0,0,0,0,0,0,3,3,45,1,0,0,32,0.115384615384615,0.151658767772512,0
00-0037666,J.Tolbert,Jalen Tolbert,WR,2025,11,REG,2025_11_DAL_LV,DAL,LV,0,0,0,0,0,0,0,0,0,0,0,0,0,1,0,0,0,0,19,0.03125,0.0818965517241379,0
00-0037741,J.Dotson,Jahan Dotson,WR,2025,11,REG,2025_11_DET_PHI,PHI,DET,0,0,0,0,0,0,0,0,0,0,0,0,2,2,43,0,0,0,38,0.0740740740740741,0.104972375690608,0
00-0037744,T.McBride,Trey McBride,TE,2025,11,REG,2025_11_SF_ARI,ARI,SF,0,0,0,0,0,0,0,0,0,0,0,0,10,11,115,1,0,0,70,0.196428571428571,0.180412371134021,0
00-0037746,B.Robinson,Brian Robinson,RB,2025,11,REG,2025_11_SF_ARI,SF,ARI,0,0,0,0,0,0,0,8,24,0,0,0,0,1,0,0,0,0,2,0.04,0.0106382978723404,0
00-0037801,K.Turpin,KaVontae Turpin,WR,2025,11,REG,2025_11_DAL_LV,DAL,LV,0,0,0,0,0,0,0,0,0,0,0,0,1,2,0,0,0,0,4,0.0625,0.0172413793103448,0
00-0037805,J.Ruckert,Jeremy Ruckert,TE,2025,11,REG,2025_11_NYJ_NE,NYJ,NE,0,0,0,0,0,0,0,0,0,0,0,0,4,5,23,0,0,0,18,0.192307692307692,0.0853080568720379,0
00-0037809,C.Okonkwo,Chig Okonkwo,TE,2025,11,REG,2025_11_HOU_TEN,TEN,HOU,0,0,0,0,0,0,0,0,0,0,0,0,3,3,56,0,0,0,55,0.0833333333333333,0.205223880597015,0
00-0037816,R.Doubs,Romeo Doubs,WR,2025,11,REG,2025_11_GB_NYG,GB,NYG,0,0,0,0,0,0,0,0,0,0,0,0,4,8,53,0,0,0,91,0.32,0.310580204778157,0
00-0037834,B.Purdy,Brock Purdy,QB,2025,11,REG,2025_11_SF_ARI,SF,ARI,19,26,200,3,0,0,0,1,-7,0,0,0,0,0,0,0,0,0,0,0,0,0
00-0037837,C.Austin,Calvin Austin III,WR,2025,11,REG,2025_11_CIN_PIT,PIT,CIN,0,0,0,0,0,0,0,0,0,0,0,0,1,1,5,0,0,0,4,0.0344827586206897,0.0300751879699248,0
00-0037838,I.Likely,Isaiah Likely,TE,2025,11,REG,2025_11_BAL_CLE,BAL,CLE,0,0,0,0,0,0,0,0,0,0,0,0,2,3,15,0,0,0,20,0.12,0.100502512562814,0
00-0037840,K.Williams,Kyren Williams,RB,2025,11,REG,2025_11_SEA_LA,LA,SEA,0,0,0,0,0,0,0,12,91,1,0,0,1,2,5,0,0,0,4,0.0740740740740741,0.0273972602739726,0
00-0038041,J.Ferguson,Jake Ferguson,TE,2025,11,REG,2025_11_DAL_LV,DAL,LV,0,0,0,0,0,0,0,0,0,0,0,0,4,5,16,1,0,0,-8,0.15625,-0.0344827586206897,0
00-0038046,C.Kolar,Charlie Kolar,TE,2025,11,REG,2025_11_BAL_CLE,BAL,CLE,0,0,0,0,0,0,0,0,0,0,0,0,0,1,0,0,0,0,2,0.04,0.0100502512562814,0
00-0038090,S.Moore,Skyy Moore,WR,2025,11,REG,2025_11_SF_ARI,SF,ARI,0,0,0,0,0,0,0,0,0,0,0,0,0,0,0,0,0,0,0,0,0,0
00-0038104,T.Thornton,Tyquan Thornton,WR,2025,11,REG,2025_11_KC_DEN,KC,DEN,0,0,0,0,0,0,0,0,0,0,0,0,1,2,61,0,0,0,86,0.0465116279069768,0.265432098765432,0
00-0038115,D.Bellinger,Daniel Bellinger,TE,2025,11,REG,2025_11_GB_NYG,NYG,GB,0,0,0,0,0,0,0,0,0,0,0,0,0,1,0,0,0,0,3,0.0344827586206897,0.0136986301369863,0
00-0038117,W.Robinson,Wan'Dale Robinson,WR,2025,11,REG,2025_11_GB_NYG,NYG,GB,0,0,0,0,0,0,0,0,0,0,0,0,4,9,36,0,0,0,71,0.310344827586207,0.324200913242009,0
00-0038120,B.Hall,Breece Hall,RB,2025,11,REG,2025_11_NYJ_NE,NYJ,NE,0,0,0,0,0,0,0,14,58,0,0,0,2,2,6,0,0,0,-2,0.0769230769230769,-0.00947867298578199,0
00-0038124,C.Watson,Christian Watson,WR,2025,11,REG,2025_11_GB_NYG,GB,NYG,0,0,0,0,0,0,0,0,0,0,0,0,4,5,46,2,0,0,74,0.2,0.252559726962457,0
00-0038128,M.Willis,Malik Willis,QB,2025,11,REG,2025_11_GB_NYG,GB,NYG,2,2,6,1,0,0,0,1,16,0,0,0,0,0,0,0,0,0,0,0,0,0
00-0038129,C.Otton,Cade Otton,TE,2025,11,REG,2025_11_TB_BUF,TB,BUF,0,0,0,0,0,0,0,0,0,0,0,0,2,5,28,0,0,0,35,0.185185185185185,0.178571428571429,0
00-0038134,K.Walker,Kenneth Walker III,RB,2025,11,REG,2025_11_SEA_LA,SEA,LA,0,0,0,0,0,0,0,16,67,1,0,0,3,3,44,0,0,0,8,0.0714285714285714,0.0233918128654971,0
00-0038359,X.Smith,Xavier Smith,WR,2025,11,REG,2025_11_SEA_LA,LA,SEA,0,0,0,0,0,0,0,0,0,0,0,0,1,2,8,0,0,0,13,0.0740740740740741,0.089041095890411,0
00-0038393,D.Wicks,Dontayvion Wicks,WR,2025,11,REG,2025_11_GB_NYG,GB,NYG,0,0,0,0,0,0,0,0,0,0,0,0,1,2,9,0,0,0,10,0.08,0.0341296928327645,0
00-0038454,K.Mitchell,Keaton Mitchell,RB,2025,11,REG,2025_11_BAL_CLE,BAL,CLE,0,0,0,0,0,0,0,6,31,0,0,0,2,3,23,0,0,0,-6,0.12,-0.0301507537688442,0
00-0038458,O.Wright,Owen Wright,RB,2025,11,REG,2025_11_TB_BUF,TB,BUF,0,0,0,0,0,0,0,0,0,0,0,0,0,0,0,0,0,0,0,0,0,0
00-0038488,B.Russell,Brady Russell,RB,2025,11,REG,2025_11_SEA_LA,SEA,LA,0,0,0,0,0,0,0,0,0,0,0,0,0,0,0,0,0,0,0,0,0,0
00-0038496,X.Gipson,Xavier Gipson,WR,2025,11,REG,2025_11_DET_PHI,PHI,DET,0,0,0,0,0,0,0,0,0,0,0,0,0,0,0,0,0,0,0,0,0,0
00-0038519,N.Remigio,Nikko Remigio,WR,2025,11,REG,2025_11_KC_DEN,KC,DEN,0,0,0,0,0,0,0,0,0,0,0,0,0,0,0,0,0,0,0,0,0,0
00-0038542,B.Robinson,Bijan Robinson,RB,2025,11,REG,2025_11_CAR_ATL,ATL,CAR,0,0,0,0,0,0,0,23,104,2,0,0,4,5,39,0,0,0,7,0.172413793103448,0.0274509803921569,0
00-0038543,J.Smith-Njigba,Jaxon Smith-Njigba,WR,2025,11,REG,2025_11_SEA_LA,SEA,LA,0,0,0,0,0,0,0,1,11,0,0,0,9,12,105,0,0,0,117,0.285714285714286,0.342105263157895,0
00-0038544,Q.Johnston,Quentin Johnston,WR,2025,11,REG,2025_11_LAC_JAX,LAC,JAX,0,0,0,0,0,0,0,0,0,0,0,0,0,3,0,0,0,0,40,0.125,0.217391304347826,0
00-0038555,T.Bigsby,Tank Bigsby,RB,2025,11,REG,2025_11_DET_PHI,PHI,DET,0,0,0,0,0,0,0,4,34,0,0,0,0,0,0,0,0,0,0,0,0,0
00-0038558,D.Washington,Darnell Washington,TE,2025,11,REG,2025_11_CIN_PIT,PIT,CIN,0,0,0,0,0,0,0,0,0,0,0,0,4,5,67,0,0,0,14,0.172413793103448,0.105263157894737,0
00-0038559,Mi.Wilson,Michael Wilson,WR,2025,11,REG,2025_11_SF_ARI,ARI,SF,0,0,0,0,0,0,0,0,0,0,0,0,15,18,185,0,0,0,240,0.321428571428571,0.618556701030928,0
00-0038563,T.Tucker,Tre Tucker,WR,2025,11,REG,2025_11_DAL_LV,LV,DAL,0,0,0,0,0,0,0,0,0,0,0,0,4,8,47,1,0,0,69,0.205128205128205,0.313636363636364,0
00-0038564,C.Latu,Cameron Latu,TE,2025,11,REG,2025_11_DET_PHI,PHI,DET,0,0,0,0,0,0,0,0,0,0,0,0,0,0,0,0,0,0,0,0,0,0
00-0038573,D.Davis,Derius Davis,WR,2025,11,REG,2025_11_LAC_JAX,LAC,JAX,0,0,0,0,0,0,0,0,0,0,0,0,0,1,0,0,0,0,31,0.0416666666666667,0.168478260869565,0
00-0038576,C.Jones,Charlie Jones,WR,2025,11,REG,2025_11_CIN_PIT,CIN,PIT,0,0,0,0,0,0,0,0,0,0,0,0,0,0,0,0,0,0,0,0,0,0
00-0038589,J.Whyle,Josh Whyle,TE,2025,11,REG,2025_11_GB_NYG,GB,NYG,0,0,0,0,0,0,0,0,0,0,0,0,1,1,2,1,0,0,2,0.04,0.0068259385665529,0
00-0038597,C.Brown,Chase Brown,RB,2025,11,REG,2025_11_CIN_PIT,CIN,PIT,0,0,0,0,0,0,0,18,99,0,0,0,6,8,28,0,0,0,-2,0.205128205128205,-0.00701754385964912,0
00-0038606,P.Washington,Parker Washington,WR,2025,11,REG,2025_11_LAC_JAX,JAX,LAC,0,0,0,0,0,0,0,0,0,0,0,0,2,2,20,0,0,0,19,0.0909090909090909,0.0979381443298969,0
00-0038611,C.Rodriguez,Chris Rodriguez Jr.,RB,2025,11,REG,2025_11_WAS_MIA,WAS,MIA,0,0,0,0,0,0,0,15,79,0,0,0,1,1,6,0,0,0,3,0.0344827586206897,0.0135746606334842,0
00-0038618,X.Hutchinson,Xavier Hutchinson,WR,2025,11,REG,2025_11_HOU_TEN,HOU,TEN,0,0,0,0,0,0,0,0,0,0,0,0,3,5,42,0,0,0,62,0.125,0.177142857142857,0
00-0038619,A.Iosivas,Andrei Iosivas,WR,2025,11,REG,2025_11_CIN_PIT,CIN,PIT,0,0,0,0,0,0,0,0,0,0,0,0,3,4,20,0,0,0,20,0.102564102564103,0.0701754385964912,0
00-0038621,D.Douglas,DeMario Douglas,WR,2025,11,REG,2025_11_NYJ_NE,NE,NYJ,0,0,0,0,0,0,0,1,-5,0,0,0,3,3,36,0,0,0,17,0.0909090909090909,0.0426065162907268,0
00-0038679,T.Shavers,Tyrell Shavers,WR,2025,11,REG,2025_11_TB_BUF,BUF,TB,0,0,0,0,0,0,0,0,0,0,0,0,4,5,90,1,0,0,86,0.166666666666667,0.248554913294798,0
00-0038685,C.Brooks,Chris Brooks,RB,2025,11,REG,2025_11_GB_NYG,GB,NYG,0,0,0,0,0,0,0,1,8,0,0,0,0,0,0,0,0,0,0,0,0,0
00-0038705,E.Demercado,Emari Demercado,RB,2025,11,REG,2025_11_SF_ARI,ARI,SF,0,0,0,0,0,0,0,5,8,0,0,0,2,3,12,0,0,0,-12,0.0535714285714286,-0.0309278350515464,0
00-0038720,J.Hill,Julian Hill,TE,2025,11,REG,2025_11_WAS_MIA,MIA,WAS,0,0,0,0,0,0,0,0,0,0,0,0,1,1,14,0,0,0,0,0.05,0,0
00-0038738,H.Luepke,Hunter Luepke,RB,2025,11,REG,2025_11_DAL_LV,DAL,LV,0,0,0,0,0,0,0,1,5,0,0,0,3,3,36,0,0,0,10,0.09375,0.0431034482758621,0
00-0038794,J.McLaughlin,Jaleel McLaughlin,RB,2025,11,REG,2025_11_KC_DEN,DEN,KC,0,0,0,0,0,0,0,6,19,1,0,0,1,1,-5,0,0,0,-6,0.0277777777777778,-0.0188087774294671,0
00-0038797,E.Wilson,Emanuel Wilson,RB,2025,11,REG,2025_11_GB_NYG,GB,NYG,0,0,0,0,0,0,0,11,40,1,0,0,1,1,9,0,0,1,1,0.04,0.00341296928327645,0
00-0038824,R.Miller,Ryan Miller,WR,2025,11,REG,2025_11_TB_BUF,TB,BUF,0,0,0,0,0,0,0,0,0,0,0,0,0,0,0,0,0,0,0,0,0,0
00-0038840,B.Tremayne,Brycen Tremayne,WR,2025,11,REG,2025_11_CAR_ATL,CAR,ATL,0,0,0,0,0,0,0,0,0,0,0,0,2,2,17,0,0,0,14,0.0454545454545455,0.0503597122302158,0
00-0038896,J.Saylors,Jacob Saylors,RB,2025,11,REG,2025_11_DET_PHI,DET,PHI,0,0,0,0,0,0,0,0,0,0,0,0,0,0,0,0,0,0,0,0,0,0
00-0038938,J.Hyatt,Jalin Hyatt,WR,2025,11,REG,2025_11_GB_NYG,NYG,GB,0,0,0,0,0,0,0,0,0,0,0,0,2,4,18,0,0,0,71,0.137931034482759,0.324200913242009,0
00-0038951,S.Tucker,Sean Tucker,RB,2025,11,REG,2025_11_TB_BUF,TB,BUF,0,0,0,0,0,0,0,19,106,2,0,0,2,2,34,1,0,0,9,0.0740740740740741,0.0459183673469388,0
00-0038976,M.Mims,Marvin Mims Jr.,WR,2025,11,REG,2025_11_KC_DEN,DEN,KC,0,0,0,0,0,0,0,1,2,0,0,0,0,0,0,0,0,0,0,0,0,0
00-0038979,C.Tillman,Cedric Tillman,WR,2025,11,REG,2025_11_BAL_CLE,CLE,BAL,0,0,0,0,0,0,0,0,0,0,0,0,3,4,52,0,0,0,39,0.16,0.234939759036145,0
00-0038994,J.Addison,Jordan Addison,WR,2025,11,REG,2025_11_CHI_MIN,MIN,CHI,0,0,0,0,0,0,0,0,0,0,0,0,2,7,20,1,0,0,143,0.21875,0.462783171521036,0
00-0039021,R.Johnson,Roschon Johnson,RB,2025,11,REG,2025_11_CHI_MIN,CHI,MIN,0,0,0,0,0,0,0,0,0,0,0,0,0,0,0,0,0,0,0,0,0,0
00-0039032,T.Spears,Tyjae Spears,RB,2025,11,REG,2025_11_HOU_TEN,TEN,HOU,0,0,0,0,0,0,0,4,3,0,0,0,5,5,31,0,0,0,-15,0.138888888888889,-0.0559701492537313,0
00-0039040,D.Achane,De'Von Achane,RB,2025,11,REG,2025_11_WAS_MIA,MIA,WAS,0,0,0,0,0,0,0,21,120,0,0,0,5,5,45,0,0,0,-1,0.25,-0.00740740740740741,0
00-0039041,E.Higgins,Elijah Higgins,TE,2025,11,REG,2025_11_SF_ARI,ARI,SF,0,0,0,0,0,0,0,0,0,0,0,0,2,3,11,0,1,0,8,0.0535714285714286,0.0206185567010309,0
00-0039064,Z.Flowers,Zay Flowers,WR,2025,11,REG,2025_11_BAL_CLE,BAL,CLE,0,0,0,0,0,0,0,1,5,0,0,0,3,5,78,0,0,0,62,0.2,0.311557788944724,0
00-0039066,M.Mayer,Michael Mayer,TE,2025,11,REG,2025_11_DAL_LV,LV,DAL,0,0,0,0,0,0,0,0,0,0,0,0,3,4,13,0,0,0,17,0.102564102564103,0.0772727272727273,0
00-0039067,R.Rice,Rashee Rice,WR,2025,11,REG,2025_11_KC_DEN,KC,DEN,0,0,0,0,0,0,0,0,0,0,0,0,6,9,38,0,0,0,39,0.209302325581395,0.12037037037037,0
00-0039075,P.Nacua,Puka Nacua,WR,2025,11,REG,2025_11_SEA_LA,LA,SEA,0,0,0,0,0,0,0,2,18,0,0,0,7,8,75,0,1,0,59,0.296296296296296,0.404109589041096,0
00-0039139,J.Gibbs,Jahmyr Gibbs,RB,2025,11,REG,2025_11_DET_PHI,DET,PHI,0,0,0,0,0,0,0,12,39,0,0,0,5,8,107,0,0,0,5,0.222222222222222,0.0203252032520325,0
00-0039144,L.Musgrave,Luke Musgrave,TE,2025,11,REG,2025_11_GB_NYG,GB,NYG,0,0,0,0,0,0,0,0,0,0,0,0,1,2,-1,0,0,0,2,0.08,0.0068259385665529,0
00-0039150,B.Young,Bryce Young,QB,2025,11,REG,2025_11_CAR_ATL,CAR,ATL,31,45,448,3,0,0,1,1,-1,0,0,0,0,0,0,0,0,0,0,0,0,0
00-0039165,Z.Charbonnet,Zach Charbonnet,RB,2025,11,REG,2025_11_SEA_LA,SEA,LA,0,0,0,0,0,0,0,11,37,0,0,0,2,2,10,0,0,0,5,0.0476190476190476,0.0146198830409357,0
00-0039266,K.Milton,Kendall Milton,RB,2025,11,REG,2025_11_CIN_PIT,CIN,PIT,0,0,0,0,0,0,0,2,2,0,0,0,0,0,0,0,0,0,0,0,0,0
00-0039299,G.Holani,George Holani,RB,2025,11,REG,2025_11_SEA_LA,SEA,LA,0,0,0,0,0,0,0,2,6,0,0,0,0,0,0,0,0,0,0,0,0,0
00-0039305,J.Westover,Jack Westover,TE,2025,11,REG,2025_11_NYJ_NE,NE,NYJ,0,0,0,0,0,0,0,0,0,0,0,0,0,0,0,0,0,0,0,0,0,0
00-0039338,B.Bowers,Brock Bowers,TE,2025,11,REG,2025_11_DAL_LV,LV,DAL,0,0,0,0,0,0,0,0,0,0,0,0,7,12,72,0,0,0,118,0.307692307692308,0.536363636363636,0
00-0039342,X.Legette,Xavier Legette,WR,2025,11,REG,2025_11_CAR_ATL,CAR,ATL,0,0,0,0,0,0,0,0,0,0,0,0,4,8,83,1,0,0,102,0.181818181818182,0.366906474820144,0
00-0039356,J.Sanders,Ja'Tavion Sanders,TE,2025,11,REG,2025_11_CAR_ATL,CAR,ATL,0,0,0,0,0,0,0,0,0,0,0,0,4,4,22,0,0,0,10,0.0909090909090909,0.0359712230215827,0
00-0039384,T.Tracy,Tyrone Tracy Jr.,RB,2025,11,REG,2025_11_GB_NYG,NYG,GB,0,0,0,0,0,0,0,19,88,0,0,0,4,4,51,0,0,0,-14,0.137931034482759,-0.0639269406392694,0
00-0039391,K.Vidal,Kimani Vidal,RB,2025,11,REG,2025_11_LAC_JAX,LAC,JAX,0,0,0,0,0,0,0,5,13,0,0,0,2,2,-1,0,0,0,-11,0.0833333333333333,-0.0597826086956522,0
00-0039407,D.Laube,Dylan Laube,RB,2025,11,REG,2025_11_DAL_LV,LV,DAL,0,0,0,0,0,0,0,0,0,0,0,0,0,0,0,0,0,0,0,0,0,0
00-0039410,R.Flournoy,Ryan Flournoy,WR,2025,11,REG,2025_11_DAL_LV,DAL,LV,0,0,0,0,0,0,0,0,0,0,0,0,1,1,2,1,0,0,2,0.03125,0.00862068965517241,0
00-0039451,I.Williams,Isaiah Williams,WR,2025,11,REG,2025_11_NYJ_NE,NYJ,NE,0,1,0,0,0,0,0,1,4,0,0,0,1,4,2,0,0,0,17,0.153846153846154,0.0805687203791469,0
00-0039491,J.Coker,Jalen Coker,WR,2025,11,REG,2025_11_CAR_ATL,CAR,ATL,0,0,0,0,0,0,0,0,0,0,0,0,4,4,52,0,0,1,43,0.0909090909090909,0.154676258992806,0
00-0039521,X.Weaver,Xavier Weaver,WR,2025,11,REG,2025_11_SF_ARI,ARI,SF,0,0,0,0,0,0,0,0,0,0,0,0,2,3,15,0,0,0,35,0.0535714285714286,0.0902061855670103,0
00-0039530,B.Spann-Ford,Brevyn Spann-Ford,TE,2025,11,REG,2025_11_DAL_LV,DAL,LV,0,0,0,0,0,0,0,0,0,0,0,0,1,1,4,0,0,0,2,0.03125,0.00862068965517241,0
00-0039589,K.Johnson,Kameron Johnson,WR,2025,11,REG,2025_11_TB_BUF,TB,BUF,0,0,0,0,0,0,0,0,0,0,0,0,0,0,0,0,0,0,0,0,0,0
00-0039648,D.Martin-Robinson,David Martin-Robinson,TE,2025,11,REG,2025_11_HOU_TEN,TEN,HOU,0,0,0,0,0,0,0,0,0,0,0,0,0,0,0,0,0,0,0,0,0,0
00-0039686,C.Yankoff,Colson Yankoff,TE,2025,11,REG,2025_11_WAS_MIA,WAS,MIA,0,0,0,0,0,0,0,0,0,0,0,0,1,1,4,0,0,0,1,0.0344827586206897,0.00452488687782806,0
00-0039732,B.Nix,Bo Nix,QB,2025,11,REG,2025_11_KC_DEN,DEN,KC,24,37,295,0,0,0,0,3,8,0,0,0,0,1,0,0,0,0,2,0.0277777777777778,0.00626959247648903,0
00-0039738,B.Corum,Blake Corum,RB,2025,11,REG,2025_11_SEA_LA,LA,SEA,0,0,0,0,0,0,0,8,10,0,0,0,1,2,-5,0,0,0,-8,0.0740740740740741,-0.0547945205479452,0
00-0039739,R.Wilson,Roman Wilson,WR,2025,11,REG,2025_11_CIN_PIT,PIT,CIN,0,0,0,0,0,0,0,0,0,0,0,0,1,2,17,0,0,0,20,0.0689655172413793,0.150375939849624,0
00-0039751,J.Whittington,Jordan Whittington,WR,2025,11,REG,2025_11_SEA_LA,LA,SEA,0,0,0,0,0,0,0,0,0,0,0,0,1,1,9,0,0,0,3,0.037037037037037,0.0205479452054795,0
00-0039793,A.Barner,AJ Barner,TE,2025,11,REG,2025_11_SEA_LA,SEA,LA,0,0,0,0,0,0,0,2,1,0,0,0,10,11,70,0,0,0,30,0.261904761904762,0.087719298245614,0
00-0039796,R.Ali,Rasheen Ali,RB,2025,11,REG,2025_11_BAL_CLE,BAL,CLE,0,0,0,0,0,0,0,0,0,0,0,0,1,1,15,0,0,0,1,0.04,0.0050251256281407,0
00-0039798,I.Davis,Isaiah Davis,RB,2025,11,REG,2025_11_NYJ_NE,NYJ,NE,0,0,0,0,0,0,0,2,11,0,0,0,0,1,0,0,0,0,4,0.0384615384615385,0.018957345971564,0
00-0039847,T.Johnson,Theo Johnson,TE,2025,11,REG,2025_11_GB_NYG,NYG,GB,0,0,0,0,0,0,0,0,0,0,0,0,3,4,36,0,0,0,34,0.137931034482759,0.155251141552511,0
00-0039851,D.Maye,Drake Maye,QB,2025,11,REG,2025_11_NYJ_NE,NE,NYJ,25,34,281,1,0,0,0,4,2,0,0,0,0,0,0,0,0,0,0,0,0,0
00-0039868,T.Franklin,Troy Franklin,WR,2025,11,REG,2025_11_KC_DEN,DEN,KC,0,0,0,0,0,0,0,0,0,0,0,0,4,8,84,0,0,0,193,0.222222222222222,0.605015673981191,0
00-0039874,J.Wright,Jaylen Wright,RB,2025,11,REG,2025_11_WAS_MIA,MIA,WAS,0,0,0,0,0,0,0,1,4,0,0,0,0,0,0,0,0,0,0,0,0,0
00-0039875,R.Davis,Ray Davis,RB,2025,11,REG,2025_11_TB_BUF,BUF,TB,0,0,0,0,0,0,0,0,0,0,0,0,0,0,0,0,0,0,0,0,0,0
00-0039880,M.Washington,Malik Washington,WR,2025,11,REG,2025_11_WAS_MIA,MIA,WAS,0,0,0,0,0,0,0,0,0,0,0,0,3,3,42,0,0,0,15,0.15,0.111111111111111,0
00-0039890,A.Mitchell,Adonai Mitchell,WR,2025,11,REG,2025_11_NYJ_NE,NYJ,NE,0,0,0,0,0,0,0,0,0,0,0,0,1,6,10,0,0,0,104,0.230769230769231,0.492890995260663,0
00-0039894,X.Worthy,Xavier Worthy,WR,2025,11,REG,2025_11_KC_DEN,KC,DEN,0,0,0,0,0,0,0,0,0,0,0,0,3,5,25,0,0,0,68,0.116279069767442,0.209876543209877,0
00-0039915,L.McConkey,Ladd McConkey,WR,2025,11,REG,2025_11_LAC_JAX,LAC,JAX,0,0,0,0,0,0,0,0,0,0,0,0,3,4,13,0,0,0,28,0.166666666666667,0.152173913043478,0
00-0039916,R.Pearsall,Ricky Pearsall,WR,2025,11,REG,2025_11_SF_ARI,SF,ARI,0,0,0,0,0,0,0,0,0,0,0,0,1,2,0,0,0,0,19,0.08,0.101063829787234,0
00-0039917,M.Penix,Michael Penix Jr.,QB,2025,11,REG,2025_11_CAR_ATL,ATL,CAR,13,16,175,0,0,0,0,1,9,0,0,0,0,0,0,0,0,0,0,0,0,0
00-0039918,C.Williams,Caleb Williams,QB,2025,11,REG,2025_11_CHI_MIN,CHI,MIN,16,32,193,0,0,0,0,4,26,0,0,0,0,0,0,0,0,0,0,0,0,0
00-0039919,R.Odunze,Rome Odunze,WR,2025,11,REG,2025_11_CHI_MIN,CHI,MIN,0,0,0,0,0,0,0,0,0,0,0,0,2,6,41,0,0,0,144,0.214285714285714,0.374025974025974,0
00-0039920,M.Corley,Malachi Corley,WR,2025,11,REG,2025_11_BAL_CLE,CLE,BAL,0,0,0,0,0,0,0,0,0,0,0,0,2,2,9,0,0,0,-4,0.08,-0.0240963855421687,0
00-0039923,J.McCarthy,J.J. McCarthy,QB,2025,11,REG,2025_11_CHI_MIN,MIN,CHI,16,32,150,1,2,0,0,0,0,0,0,0,0,0,0,0,0,0,0,0,0,0
00-0040009,S.Williams,Savion Williams,WR,2025,11,REG,2025_11_GB_NYG,GB,NYG,0,0,0,0,0,0,0,0,0,0,0,0,1,1,33,0,0,0,33,0.04,0.112627986348123,0
00-0040024,D.Cooper,Darius Cooper,WR,2025,11,REG,2025_11_DET_PHI,PHI,DET,0,0,0,0,0,0,0,0,0,0,0,0,0,0,0,0,0,0,0,0,0,0
00-0040039,A.Johnson,Amar Johnson,RB,2025,11,REG,2025_11_LAC_JAX,LAC,JAX,0,0,0,0,0,0,0,2,8,0,0,0,0,1,0,0,0,0,-2,0.0416666666666667,-0.0108695652173913,0
00-0040058,N.Kallerup,Nick Kallerup,TE,2025,11,REG,2025_11_SEA_LA,SEA,LA,0,0,0,0,0,0,0,0,0,0,0,0,0,0,0,0,0,0,0,0,0,0
00-0040075,L.Wester,LaJohntay Wester,WR,2025,11,REG,2025_11_BAL_CLE,BAL,CLE,0,0,0,0,0,0,0,0,0,0,0,0,0,0,0,0,0,0,0,0,0,0
00-0040078,B.Smith,Brashard Smith,RB,2025,11,REG,2025_11_KC_DEN,KC,DEN,0,0,0,0,0,0,0,0,0,0,0,0,2,3,8,0,0,0,4,0.0697674418604651,0.0123456790123457,0
00-0040122,A.Jeanty,Ashton Jeanty,RB,2025,11,REG,2025_11_DAL_LV,LV,DAL,0,0,0,0,0,0,0,6,7,0,0,0,6,8,27,0,0,0,-21,0.205128205128205,-0.0954545454545455,0
00-0040124,T.McMillan,Tetairoa McMillan,WR,2025,11,REG,2025_11_CAR_ATL,CAR,ATL,0,0,0,0,0,0,0,0,0,0,0,0,8,12,130,2,0,0,118,0.272727272727273,0.424460431654676,0
00-0040126,C.Loveland,Colston Loveland,TE,2025,11,REG,2025_11_CHI_MIN,CHI,MIN,0,0,0,0,0,0,0,0,0,0,0,0,3,4,40,0,0,0,28,0.142857142857143,0.0727272727272727,0
00-0040129,E.Egbuka,Emeka Egbuka,WR,2025,11,REG,2025_11_TB_BUF,TB,BUF,0,0,0,0,0,0,0,0,0,0,0,0,5,9,40,0,0,0,42,0.333333333333333,0.214285714285714,0
00-0040130,J.Higgins,Jayden Higgins,WR,2025,11,REG,2025_11_HOU_TEN,HOU,TEN,0,0,0,0,0,0,0,0,0,0,0,0,4,7,55,0,0,0,106,0.175,0.302857142857143,0
00-0040131,K.Williams,Kyle Williams,WR,2025,11,REG,2025_11_NYJ_NE,NE,NYJ,0,0,0,0,0,0,0,0,0,0,0,0,0,3,0,0,0,0,108,0.0909090909090909,0.270676691729323,0
00-0040134,P.Bryant,Pat Bryant,WR,2025,11,REG,2025_11_KC_DEN,DEN,KC,0,0,0,0,0,0,0,0,0,0,0,0,5,6,82,0,0,0,57,0.166666666666667,0.178683385579937,0
00-0040138,J.Noel,Jaylin Noel,WR,2025,11,REG,2025_11_HOU_TEN,HOU,TEN,0,0,0,0,0,0,0,0,0,0,0,0,1,1,12,0,0,0,-4,0.025,-0.0114285714285714,0
00-0040142,K.Johnson,Kaleb Johnson,RB,2025,11,REG,2025_11_CIN_PIT,PIT,CIN,0,0,0,0,0,0,0,5,15,0,0,0,0,0,0,0,0,0,0,0,0,0
00-0040154,T.Felton,Tai Felton,WR,2025,11,REG,2025_11_CHI_MIN,MIN,CHI,0,0,0,0,0,0,0,0,0,0,0,0,0,0,0,0,0,0,0,0,0,0
00-0040162,D.Sampson,Dylan Sampson,RB,2025,11,REG,2025_11_BAL_CLE,CLE,BAL,0,0,0,0,0,0,0,1,19,0,0,0,0,1,0,0,0,0,5,0.04,0.0301204819277108,0
00-0040164,J.Lane,Jaylin Lane,WR,2025,11,REG,2025_11_WAS_MIA,WAS,MIA,0,0,0,0,0,0,0,0,0,0,0,0,1,1,13,0,0,0,12,0.0344827586206897,0.0542986425339367,0
00-0040170,E.Ayomanor,Elic Ayomanor,WR,2025,11,REG,2025_11_HOU_TEN,TEN,HOU,0,0,0,0,0,0,0,0,0,0,0,0,2,6,11,0,0,0,75,0.166666666666667,0.279850746268657,0
00-0040187,M.Evans,Mitchell Evans,TE,2025,11,REG,2025_11_CAR_ATL,CAR,ATL,0,0,0,0,0,0,0,0,0,0,0,0,2,2,28,0,0,0,19,0.0454545454545455,0.0683453237410072,0
00-0040189,O.Gadsden,Oronde Gadsden II,TE,2025,11,REG,2025_11_LAC_JAX,LAC,JAX,0,0,0,0,0,0,0,0,0,0,0,0,2,5,41,0,0,0,60,0.208333333333333,0.326086956521739,0
00-0040198,O.Gordon,Ollie Gordon II,RB,2025,11,REG,2025_11_WAS_MIA,MIA,WAS,0,0,0,0,0,0,0,9,45,1,0,0,0,0,0,0,0,0,0,0,0,0
00-0040208,T.Brooks,Tahj Brooks,RB,2025,11,REG,2025_11_CIN_PIT,CIN,PIT,0,0,0,0,0,0,0,1,5,0,0,0,0,0,0,0,0,0,0,0,0,0
00-0040236,K.Monangai,Kyle Monangai,RB,2025,11,REG,2025_11_CHI_MIN,CHI,MIN,0,0,0,0,0,0,0,12,23,1,0,0,1,1,14,0,0,0,-4,0.0357142857142857,-0.0103896103896104,0
00-0040237,T.Johnson,Tez Johnson,WR,2025,11,REG,2025_11_TB_BUF,TB,BUF,0,0,0,0,0,0,0,3,0,0,0,0,1,3,6,0,0,0,63,0.111111111111111,0.321428571428571,0
00-0040238,L.Allen,LeQuint Allen Jr.,RB,2025,11,REG,2025_11_LAC_JAX,JAX,LAC,0,0,0,0,0,0,0,8,36,0,0,0,0,0,0,0,0,0,0,0,0,0
00-0040242,J.Croskey-Merritt,Jacory Croskey-Merritt,RB,2025,11,REG,2025_11_WAS_MIA,WAS,MIA,0,0,0,0,0,0,0,9,28,0,0,0,1,1,5,0,0,0,-4,0.0344827586206897,-0.0180995475113122,0
00-0040259,G.Larvadain,Gage Larvadain,WR,2025,11,REG,2025_11_BAL_CLE,CLE,BAL,0,0,0,0,0,0,0,0,0,0,0,0,0,1,0,0,0,0,25,0.04,0.150602409638554,0
00-0040317,Ja.Jones,Jacoby Jones,WR,2025,11,REG,2025_11_WAS_MIA,WAS,MIA,0,0,0,0,0,0,0,0,0,0,0,0,1,1,25,0,0,0,3,0.0344827586206897,0.0135746606334842,0
00-0040363,K.Latu,Keleki Latu,TE,2025,11,REG,2025_11_TB_BUF,BUF,TB,0,0,0,0,0,0,0,0,0,0,0,0,1,1,4,0,0,0,4,0.0333333333333333,0.0115606936416185,0
00-0040431,D.Cambre,Dalen Cambre,WR,2025,11,REG,2025_11_GB_NYG,NYG,GB,0,0,0,0,0,0,0,0,0,0,0,0,0,0,0,0,0,0,0,0,0,0
00-0040488,C.Runyon,Carter Runyon,TE,2025,11,REG,2025_11_DAL_LV,LV,DAL,0,0,0,0,0,0,0,0,0,0,0,0,0,0,0,0,0,0,0,0,0,0
00-0040506,M.Price,Myles Price,WR,2025,11,REG,2025_11_CHI_MIN,MIN,CHI,0,0,0,0,0,0,0,0,0,0,0,0,0,0,0,0,0,0,0,0,0,0
00-0040534,K.Williams,Ke'Shawn Williams,WR,2025,11,REG,2025_11_CIN_PIT,PIT,CIN,0,0,0,0,0,0,0,0,0,0,0,0,0,0,0,0,0,0,0,0,0,0
00-0040563,E.Chism,Efton Chism III,WR,2025,11,REG,2025_11_NYJ_NE,NE,NYJ,0,0,0,0,0,0,0,0,0,0,0,0,0,0,0,0,0,0,0,0,0,0
00-0040583,W.Marks,Woody Marks,RB,2025,11,REG,2025_11_HOU_TEN,HOU,TEN,0,0,0,0,0,0,0,18,44,0,0,0,1,1,7,0,0,0,-3,0.025,-0.00857142857142857,0
00-0040584,G.Helm,Gunnar Helm,TE,2025,11,REG,2025_11_HOU_TEN,TEN,HOU,0,0,0,0,0,0,0,0,0,0,0,0,4,5,29,0,0,0,15,0.138888888888889,0.0559701492537313,0
00-0040644,T.Etienne,Trevor Etienne,RB,2025,11,REG,2025_11_CAR_ATL,CAR,ATL,0,0,0,0,0,0,0,1,2,0,0,0,0,0,0,0,0,0,0,0,0,0
00-0040663,H.Fannin,Harold Fannin Jr.,TE,2025,11,REG,2025_11_BAL_CLE,CLE,BAL,0,0,0,0,0,0,0,0,0,0,0,0,2,5,26,0,0,0,37,0.2,0.22289156626506,0
00-0040667,M.Golden,Matthew Golden,WR,2025,11,REG,2025_11_GB_NYG,GB,NYG,0,0,0,0,0,0,0,0,0,0,0,0,1,3,24,0,0,0,64,0.12,0.218430034129693,0
00-0040668,S.Sanders,Shedeur Sanders,QB,2025,11,REG,2025_11_BAL_CLE,CLE,BAL,4,16,47,0,1,0,0,3,16,0,0,0,0,0,0,0,0,0,0,0,0,0
00-0040669,I.TeSlaa,Isaac TeSlaa,WR,2025,11,REG,2025_11_DET_PHI,DET,PHI,0,0,0,0,0,0,0,0,0,0,0,0,0,1,0,0,0,0,14,0.0277777777777778,0.0569105691056911,0
00-0040676,C.Ward,Cam Ward,QB,2025,11,REG,2025_11_HOU_TEN,TEN,HOU,24,37,194,1,0,1,0,3,33,0,0,0,0,0,0,0,0,0,0,0,0,0
00-0040704,D.Gabriel,Dillon Gabriel,QB,2025,11,REG,2025_11_BAL_CLE,CLE,BAL,7,10,68,0,0,0,0,2,2,0,0,0,0,0,0,0,0,0,0,0,0,0
00-0040705,C.Dike,Chimere Dike,WR,2025,11,REG,2025_11_HOU_TEN,TEN,HOU,0,0,0,0,0,0,0,0,0,0,0,0,2,3,14,0,0,0,10,0.0833333333333333,0.0373134328358209,0
00-0040719,B.Tuten,Bhayshul Tuten,RB,2025,11,REG,2025_11_LAC_JAX,JAX,LAC,0,0,0,0,0,0,0,15,74,1,0,0,0,0,0,0,0,0,0,0,0,0
00-0040727,T.Harris,Tre Harris,WR,2025,11,REG,2025_11_LAC_JAX,LAC,JAX,0,0,0,0,0,0,0,0,0,0,0,0,1,1,12,0,0,0,-3,0.0416666666666667,-0.016304347826087,0
00-0040729,J.Bech,Jack Bech,WR,2025,11,REG,2025_11_DAL_LV,LV,DAL,0,0,0,0,0,0,0,0,0,0,0,0,1,1,19,0,0,0,2,0.0256410256410256,0.00909090909090909,0
00-0040730,R.Harvey,RJ Harvey,RB,2025,11,REG,2025_11_KC_DEN,DEN,KC,0,1,0,0,0,0,0,11,30,0,0,0,3,3,20,0,0,0,-2,0.0833333333333333,-0.00626959247648903,0
00-0040734,T.Henderson,TreVeyon Henderson,RB,2025,11,REG,2025_11_NYJ_NE,NE,NYJ,0,0,0,0,0,0,0,19,62,2,0,0,5,5,31,1,0,0,13,0.151515151515152,0.0325814536340852,0
00-0040735,L.Burden,Luther Burden III,WR,2025,11,REG,2025_11_CHI_MIN,CHI,MIN,0,0,0,0,0,0,0,0,0,0,0,0,3,5,27,0,0,0,37,0.178571428571429,0.0961038961038961,0
00-0040736,M.Taylor,Mason Taylor,TE,2025,11,REG,2025_11_NYJ_NE,NYJ,NE,0,0,0,0,0,0,0,0,0,0,0,0,4,4,30,0,0,0,25,0.153846153846154,0.118483412322275,0
00-0040739,E.Arroyo,Elijah Arroyo,TE,2025,11,REG,2025_11_SEA_LA,SEA,LA,0,0,0,0,0,0,0,0,0,0,0,0,0,2,0,0,0,0,23,0.0476190476190476,0.0672514619883041,0
00-0040782,I.Bond,Isaiah Bond,WR,2025,11,REG,2025_11_BAL_CLE,CLE,BAL,0,0,0,0,0,0,0,1,8,0,0,0,0,1,0,0,0,0,25,0.04,0.150602409638554,0
00-0040784,Q.Judkins,Quinshon Judkins,RB,2025,11,REG,2025_11_BAL_CLE,CLE,BAL,0,0,0,0,0,0,0,17,59,0,0,0,0,2,0,0,0,0,-10,0.08,-0.0602409638554217,0
00-0026158,J.Flacco,Joe Flacco,QB,2025,12,REG,2025_12_NE_CIN,CIN,NE,19,37,183,1,1,0,0,1,3,0,0,0,0,0,0,0,0,0,0,0,0,0
00-0026498,M.Stafford,Matthew Stafford,QB,2025,12,REG,2025_12_TB_LA,LA,TB,25,35,273,3,0,0,0,0,0,0,0,0,0,0,0,0,0,0,0,0,0,0
00-0028118,T.Taylor,Tyrod Taylor,QB,2025,12,REG,2025_12_NYJ_BAL,NYJ,BAL,17,28,222,1,1,0,0,5,19,0,0,0,0,0,0,0,0,0,0,0,0,0
00-0029604,K.Cousins,Kirk Cousins,QB,2025,12,REG,2025_12_ATL_NO,ATL,NO,16,23,199,2,1,0,0,2,5,0,0,0,0,0,0,0,0,0,0,0,0,0
00-0030035,A.Thielen,Adam Thielen,WR,2025,12,REG,2025_12_MIN_GB,MIN,GB,0,0,0,0,0,0,0,0,0,0,0,0,0,1,0,0,0,0,3,0.0555555555555556,0.03,0
00-0030506,T.Kelce,Travis Kelce,TE,2025,12,REG,2025_12_IND_KC,KC,IND,0,0,0,0,0,0,0,1,1,0,0,0,4,6,43,0,0,0,76,0.13953488372093,0.216524216524217,0
00-0030564,D.Hopkins,DeAndre Hopkins,WR,2025,12,REG,2025_12_NYJ_BAL,BAL,NYJ,0,0,0,0,0,0,0,0,0,0,0,0,2,3,13,0,0,0,30,0.15,0.133928571428571,0
00-0030565,G.Smith,Geno Smith,QB,2025,12,REG,2025_12_CLE_LV,LV,CLE,30,44,285,1,0,1,0,3,8,0,0,0,0,0,0,0,0,0,0,0,0,0
00-0031237,T.Bridgewater,Teddy Bridgewater,QB,2025,12,REG,2025_12_TB_LA,TB,LA,8,15,62,0,0,0,0,1,6,0,0,0,0,0,0,0,0,0,0,0,0,0
00-0031381,D.Adams,Davante Adams,WR,2025,12,REG,2025_12_TB_LA,LA,TB,0,0,0,0,0,0,0,0,0,0,0,0,5,8,62,2,0,0,95,0.235294117647059,0.381526104417671,0
00-0031503,J.Winston,Jameis Winston,QB,2025,12,REG,2025_12_NYG_DET,NYG,DET,18,36,366,2,1,0,0,4,13,0,0,0,1,1,33,1,0,0,13,0.0294117647058824,0.0317848410757946,0
00-0031588,S.Diggs,Stefon Diggs,WR,2025,12,REG,2025_12_NE_CIN,NE,CIN,0,0,0,0,0,0,0,0,0,0,0,0,2,3,20,0,0,0,28,0.0909090909090909,0.0942760942760943,0
00-0031687,R.Mostert,Raheem Mostert,RB,2025,12,REG,2025_12_CLE_LV,LV,CLE,0,0,0,0,0,0,0,1,2,0,0,0,3,3,18,0,0,0,-1,0.0714285714285714,-0.00277008310249308,0
00-0032104,A.Abdullah,Ameer Abdullah,RB,2025,12,REG,2025_12_IND_KC,IND,KC,0,0,0,0,0,0,0,0,0,0,0,0,0,1,0,0,0,0,3,0.032258064516129,0.0215827338129496,0
00-0032211,T.Lockett,Tyler Lockett,WR,2025,12,REG,2025_12_CLE_LV,LV,CLE,0,0,0,0,0,0,0,0,0,0,0,0,4,5,62,0,0,0,71,0.119047619047619,0.196675900277008,0
00-0032385,S.Shepard,Sterling Shepard,WR,2025,12,REG,2025_12_TB_LA,TB,LA,0,0,0,0,0,0,0,0,0,0,0,0,3,5,12,0,0,0,20,0.161290322580645,0.0796812749003984,0
00-0032392,A.Hooper,Austin Hooper,TE,2025,12,REG,2025_12_NE_CIN,NE,CIN,0,0,0,0,0,0,0,0,0,0,0,0,3,4,39,0,0,0,39,0.121212121212121,0.131313131313131,0
00-0032464,K.Raymond,Kalif Raymond,WR,2025,12,REG,2025_12_NYG_DET,DET,NYG,0,0,0,0,0,0,0,0,0,0,0,0,2,2,37,0,0,0,25,0.0526315789473684,0.113122171945701,0
00-0032764,D.Henry,Derrick Henry,RB,2025,12,REG,2025_12_NYJ_BAL,BAL,NYJ,0,0,0,0,0,0,0,21,64,2,0,0,2,2,24,0,0,0,4,0.1,0.0178571428571429,0
00-0032775,D.Robinson,Demarcus Robinson,WR,2025,12,REG,2025_12_CAR_SF,SF,CAR,0,0,0,0,0,0,0,0,0,0,0,0,1,1,8,0,0,0,8,0.03125,0.041025641025641,0
00-0032951,L.Treadwell,Laquon Treadwell,WR,2025,12,REG,2025_12_IND_KC,IND,KC,0,0,0,0,0,0,0,0,0,0,0,0,0,0,0,0,0,0,0,0,0,0
00-0033077,D.Prescott,Dak Prescott,QB,2025,12,REG,2025_12_PHI_DAL,DAL,PHI,23,36,354,2,1,0,0,5,9,1,0,0,0,0,0,0,0,0,0,0,0,0
00-0033090,H.Henry,Hunter Henry,TE,2025,12,REG,2025_12_NE_CIN,NE,CIN,0,0,0,0,0,0,0,0,0,0,0,0,7,10,115,1,0,0,77,0.303030303030303,0.259259259259259,0
00-0033106,J.Goff,Jared Goff,QB,2025,12,REG,2025_12_NYG_DET,DET,NYG,28,42,279,2,1,0,0,0,0,0,0,0,0,0,0,0,0,0,0,0,0,0
00-0033119,J.Brissett,Jacoby Brissett,QB,2025,12,REG,2025_12_JAX_ARI,ARI,JAX,33,49,317,1,0,0,0,3,20,0,0,0,0,0,0,0,0,0,0,0,0,0
00-0033217,M.Alie-Cox,Mo Alie-Cox,TE,2025,12,REG,2025_12_IND_KC,IND,KC,0,0,0,0,0,0,0,0,0,0,0,0,1,1,9,0,0,0,5,0.032258064516129,0.0359712230215827,0
00-0033246,J.Mundt,Johnny Mundt,TE,2025,12,REG,2025_12_JAX_ARI,JAX,ARI,0,0,0,0,0,0,0,0,0,0,0,0,1,2,12,0,0,0,10,0.0666666666666667,0.03690036900369,0
00-0033280,C.McCaffrey,Christian McCaffrey,RB,2025,12,REG,2025_12_CAR_SF,SF,CAR,0,0,0,0,0,0,0,24,89,1,0,0,7,7,53,0,0,0,1,0.21875,0.00512820512820513,0
00-0033288,G.Kittle,George Kittle,TE,2025,12,REG,2025_12_CAR_SF,SF,CAR,0,0,0,0,0,0,0,0,0,0,0,0,6,10,78,0,0,0,67,0.3125,0.343589743589744,0
00-0033293,A.Jones,Aaron Jones,RB,2025,12,REG,2025_12_MIN_GB,MIN,GB,0,0,0,0,0,0,0,9,41,0,0,0,3,4,16,0,0,0,-3,0.222222222222222,-0.03,0
00-0033357,T.Hill,Taysom Hill,TE,2025,12,REG,2025_12_ATL_NO,NO,ATL,0,2,0,0,0,0,0,10,17,0,0,0,0,0,0,0,0,0,0,0,0,0
00-0033375,T.Patrick,Tim Patrick,WR,2025,12,REG,2025_12_JAX_ARI,JAX,ARI,0,0,0,0,0,0,0,0,0,0,0,0,0,4,0,0,0,0,67,0.133333333333333,0.247232472324723,0
00-0033439,P.Brown,Pharaoh Brown,TE,2025,12,REG,2025_12_JAX_ARI,ARI,JAX,0,0,0,0,0,0,0,0,0,0,0,0,0,0,0,0,0,0,0,0,0,0
00-0033555,M.Hollins,Mack Hollins,WR,2025,12,REG,2025_12_NE_CIN,NE,CIN,0,0,0,0,0,0,0,0,0,0,0,0,2,6,30,0,0,0,74,0.181818181818182,0.249158249158249,0
00-0033572,J.Agnew,Jamal Agnew,WR,2025,12,REG,2025_12_ATL_NO,ATL,NO,0,0,0,0,0,0,0,0,0,0,0,0,0,0,0,0,0,0,0,0,0,0
00-0033854,D.Ogunbowale,Dare Ogunbowale,RB,2025,12,REG,2025_12_BUF_HOU,HOU,BUF,0,0,0,0,0,0,0,0,0,0,0,0,0,0,0,0,0,0,0,0,0,0
00-0033857,J.Smith-Schuster,JuJu Smith-Schuster,WR,2025,12,REG,2025_12_IND_KC,KC,IND,0,0,0,0,0,0,0,0,0,0,0,0,1,2,8,0,0,0,21,0.0465116279069768,0.0598290598290598,0
00-0033858,J.Smith,Jonnu Smith,TE,2025,12,REG,2025_12_PIT_CHI,PIT,CHI,0,0,0,0,0,0,0,2,7,0,0,0,3,3,21,0,0,0,6,0.0967741935483871,0.0306122448979592,0
00-0033873,P.Mahomes,Patrick Mahomes,QB,2025,12,REG,2025_12_IND_KC,KC,IND,29,46,352,0,1,0,1,4,30,0,0,0,0,0,0,0,0,0,0,0,0,0
00-0033906,A.Kamara,Alvin Kamara,RB,2025,12,REG,2025_12_ATL_NO,NO,ATL,0,0,0,0,0,0,0,3,11,0,0,0,2,2,4,0,0,0,-8,0.0465116279069768,-0.0258899676375405,0
00-0033908,C.Kupp,Cooper Kupp,WR,2025,12,REG,2025_12_SEA_TEN,SEA,TEN,0,0,0,0,0,0,0,0,0,0,0,0,2,4,24,0,0,0,40,0.16,0.163265306122449,0
00-0033921,C.Godwin,Chris Godwin Jr.,WR,2025,12,REG,2025_12_TB_LA,TB,LA,0,0,0,0,0,0,0,0,0,0,0,0,2,4,9,0,0,0,41,0.129032258064516,0.163346613545817,0
00-0033923,K.Hunt,Kareem Hunt,RB,2025,12,REG,2025_12_IND_KC,KC,IND,0,0,0,0,0,0,0,30,104,1,1,0,3,3,26,0,0,0,4,0.0697674418604651,0.0113960113960114,0
00-0034073,R.Dwelley,Ross Dwelley,TE,2025,12,REG,2025_12_NYG_DET,DET,NYG,0,0,0,0,0,0,0,0,0,0,0,0,0,0,0,0,0,0,0,0,0,0
00-0034351,D.Goedert,Dallas Goedert,TE,2025,12,REG,2025_12_PHI_DAL,PHI,DAL,0,0,0,0,0,0,0,0,0,0,0,0,2,2,20,0,0,0,11,0.0555555555555556,0.037542662116041,0
00-0034365,I.Thomas,Ian Thomas,TE,2025,12,REG,2025_12_CLE_LV,LV,CLE,0,0,0,0,0,0,0,0,0,0,0,0,4,4,36,0,0,0,10,0.0952380952380952,0.0277008310249307,0
00-0034383,D.Schultz,Dalton Schultz,TE,2025,12,REG,2025_12_BUF_HOU,HOU,BUF,0,0,0,0,0,0,0,0,0,0,0,0,1,4,8,0,0,0,59,0.142857142857143,0.255411255411255,0
00-0034521,A.Lazard,Allen Lazard,WR,2025,12,REG,2025_12_NYJ_BAL,NYJ,BAL,0,0,0,0,0,0,0,0,0,0,0,0,1,3,9,0,0,0,21,0.111111111111111,0.0729166666666667,0
00-0034613,T.Hudson,Tanner Hudson,TE,2025,12,REG,2025_12_NE_CIN,CIN,NE,0,0,0,0,0,0,0,0,0,0,0,0,1,1,9,0,0,0,5,0.0294117647058824,0.0148809523809524,0
00-0034753,M.Andrews,Mark Andrews,TE,2025,12,REG,2025_12_NYJ_BAL,BAL,NYJ,0,0,0,0,0,0,0,2,2,0,0,0,1,3,9,0,0,0,23,0.15,0.102678571428571,0
00-0034771,M.Rudolph,Mason Rudolph,QB,2025,12,REG,2025_12_PIT_CHI,PIT,CHI,24,31,171,1,1,1,0,3,7,0,0,0,0,0,0,0,0,0,0,0,0,0
00-0034775,C.Kirk,Christian Kirk,WR,2025,12,REG,2025_12_BUF_HOU,HOU,BUF,0,0,0,0,0,0,0,0,0,0,0,0,5,6,54,1,0,0,17,0.214285714285714,0.0735930735930736,0
00-0034791,N.Chubb,Nick Chubb,RB,2025,12,REG,2025_12_BUF_HOU,HOU,BUF,0,0,0,0,0,0,0,6,16,0,0,0,1,1,-1,0,0,0,-1,0.0357142857142857,-0.00432900432900433,0
00-0034796,L.Jackson,Lamar Jackson,QB,2025,12,REG,2025_12_NYJ_BAL,BAL,NYJ,13,23,153,0,0,0,0,7,11,0,0,0,0,0,0,0,0,0,0,0,0,0
00-0034798,D.Smythe,Durham Smythe,TE,2025,12,REG,2025_12_PIT_CHI,CHI,PIT,0,0,0,0,0,0,0,0,0,0,0,0,1,1,4,0,0,0,4,0.0333333333333333,0.0121951219512195,0
00-0034827,D.Moore,DJ Moore,WR,2025,12,REG,2025_12_PIT_CHI,CHI,PIT,0,0,0,0,0,0,0,0,0,0,0,0,5,7,64,2,0,0,73,0.233333333333333,0.222560975609756,0
00-0034829,M.Gesicki,Mike Gesicki,TE,2025,12,REG,2025_12_NE_CIN,CIN,NE,0,0,0,0,0,0,0,0,0,0,0,0,4,6,35,0,0,0,62,0.176470588235294,0.18452380952381,0
00-0034844,S.Barkley,Saquon Barkley,RB,2025,12,REG,2025_12_PHI_DAL,PHI,DAL,0,0,0,0,0,0,0,10,22,0,0,0,7,8,52,0,1,0,21,0.222222222222222,0.0716723549488055,0
00-0034855,B.Mayfield,Baker Mayfield,QB,2025,12,REG,2025_12_TB_LA,TB,LA,9,19,41,1,2,0,0,4,19,0,0,0,0,0,0,0,0,0,0,0,0,0
00-0034857,J.Allen,Josh Allen,QB,2025,12,REG,2025_12_BUF_HOU,BUF,HOU,24,34,253,0,2,0,0,5,20,0,0,0,0,0,0,0,0,0,0,0,0,0
00-0034860,D.Pettis,Dante Pettis,WR,2025,12,REG,2025_12_ATL_NO,NO,ATL,0,0,0,0,0,0,0,0,0,0,0,0,1,1,14,0,0,0,14,0.0232558139534884,0.0453074433656958,0
00-0034869,S.Darnold,Sam Darnold,QB,2025,12,REG,2025_12_SEA_TEN,SEA,TEN,16,26,244,2,0,0,0,1,-1,0,0,0,0,0,0,0,0,0,0,0,0,0
00-0034960,J.Meyers,Jakobi Meyers,WR,2025,12,REG,2025_12_JAX_ARI,JAX,ARI,0,0,0,0,0,0,0,0,0,0,0,0,4,6,50,1,0,0,54,0.2,0.199261992619926,0
00-0034975,J.Hill,Justice Hill,RB,2025,12,REG,2025_12_NYJ_BAL,BAL,NYJ,0,0,0,0,0,0,0,0,0,0,0,0,0,0,0,0,0,0,0,0,0,0
00-0034981,F.Moreau,Foster Moreau,TE,2025,12,REG,2025_12_ATL_NO,NO,ATL,0,0,0,0,0,0,0,0,0,0,0,0,0,1,0,0,0,0,-1,0.0232558139534884,-0.00323624595469256,0
00-0035021,A.Dulin,Ashton Dulin,WR,2025,12,REG,2025_12_IND_KC,IND,KC,0,0,0,0,0,0,0,0,0,0,0,0,1,1,48,0,0,0,6,0.032258064516129,0.0431654676258993,0
00-0035100,J.Browning,Jake Browning,QB,2025,12,REG,2025_12_NE_CIN,CIN,NE,1,1,14,0,0,0,0,0,0,0,0,0,0,0,0,0,0,0,0,0,0,0
00-0035208,O.Zaccheaus,Olamide Zaccheaus,WR,2025,12,REG,2025_12_PIT_CHI,CHI,PIT,0,0,0,0,0,0,0,0,0,0,0,0,1,1,6,0,0,0,6,0.0333333333333333,0.0182926829268293,0
00-0035229,T.Hockenson,T.J. Hockenson,TE,2025,12,REG,2025_12_MIN_GB,MIN,GB,0,0,0,0,0,0,0,1,0,0,0,0,4,4,19,0,0,0,16,0.222222222222222,0.16,0
00-0035249,J.Oliver,Josh Oliver,TE,2025,12,REG,2025_12_MIN_GB,MIN,GB,0,0,0,0,0,0,0,0,0,0,0,0,1,1,4,0,0,0,2,0.0555555555555556,0.02,0
00-0035250,D.Singletary,Devin Singletary,RB,2025,12,REG,2025_12_NYG_DET,NYG,DET,0,0,0,0,0,0,0,14,47,0,0,0,0,0,0,0,0,0,0,0,0,0
00-0035261,T.Pollard,Tony Pollard,RB,2025,12,REG,2025_12_SEA_TEN,TEN,SEA,0,0,0,0,0,0,0,11,20,0,0,0,4,5,21,0,0,0,2,0.131578947368421,0.0102564102564103,0
00-0035359,D.Sills,David Sills,WR,2025,12,REG,2025_12_ATL_NO,ATL,NO,0,0,0,0,0,0,0,0,0,0,0,0,2,3,16,1,0,0,21,0.15,0.124260355029586,0
00-0035500,G.Dortch,Greg Dortch,WR,2025,12,REG,2025_12_JAX_ARI,ARI,JAX,0,0,0,0,0,0,0,2,-5,0,0,0,6,9,53,1,0,0,49,0.195652173913043,0.128608923884514,0
00-0035535,D.Slayton,Darius Slayton,WR,2025,12,REG,2025_12_NYG_DET,NYG,DET,0,0,0,0,0,0,0,0,0,0,0,0,1,2,23,0,0,0,34,0.0588235294117647,0.0831295843520782,0
00-0035537,Ty.Johnson,Ty Johnson,RB,2025,12,REG,2025_12_BUF_HOU,BUF,HOU,0,0,0,0,0,0,0,2,7,0,0,0,3,3,45,0,0,0,14,0.09375,0.0869565217391304,0
00-0035602,A.Bachman,Alex Bachman,WR,2025,12,REG,2025_12_CLE_LV,LV,CLE,0,0,0,0,0,0,0,0,0,0,0,0,0,0,0,0,0,0,0,0,0,0
00-0035631,D.Sample,Drew Sample,TE,2025,12,REG,2025_12_NE_CIN,CIN,NE,0,0,0,0,0,0,0,0,0,0,0,0,1,1,0,0,0,0,-2,0.0294117647058824,-0.00595238095238095,0
00-0035640,D.Metcalf,DK Metcalf,WR,2025,12,REG,2025_12_PIT_CHI,PIT,CHI,0,0,0,0,0,0,0,2,12,1,0,0,5,8,22,0,0,0,49,0.258064516129032,0.25,0
00-0035644,N.Fant,Noah Fant,TE,2025,12,REG,2025_12_NE_CIN,CIN,NE,0,0,0,0,0,0,0,0,0,0,0,0,1,1,9,0,0,0,1,0.0294117647058824,0.00297619047619048,0
00-0035645,G.Olszewski,Gunner Olszewski,WR,2025,12,REG,2025_12_NYG_DET,NYG,DET,1,1,33,1,0,0,0,0,0,0,0,0,0,0,0,0,0,0,0,0,0,0
00-0035662,M.Brown,Marquise Brown,WR,2025,12,REG,2025_12_IND_KC,KC,IND,0,0,0,0,0,0,0,0,0,0,0,0,1,1,10,0,0,0,-2,0.0232558139534884,-0.0056980056980057,0
00-0035676,A.Brown,A.J. Brown,WR,2025,12,REG,2025_12_PHI_DAL,PHI,DAL,0,0,0,0,0,0,0,0,0,0,0,0,8,10,110,1,0,0,90,0.277777777777778,0.307167235494881,0
00-0035685,D.Montgomery,David Montgomery,RB,2025,12,REG,2025_12_NYG_DET,DET,NYG,0,0,0,0,0,0,0,5,18,0,0,0,3,3,19,0,0,0,-2,0.0789473684210526,-0.00904977375565611,0
00-0035689,D.Knox,Dawson Knox,TE,2025,12,REG,2025_12_BUF_HOU,BUF,HOU,0,0,0,0,0,0,0,0,0,0,0,0,3,4,17,0,0,0,17,0.125,0.105590062111801,0
00-0035710,D.Jones,Daniel Jones,QB,2025,12,REG,2025_12_IND_KC,IND,KC,19,31,181,2,0,0,0,3,16,0,0,0,0,0,0,0,0,0,0,0,0,0
00-0035891,C.White,Cody White,WR,2025,12,REG,2025_12_SEA_TEN,SEA,TEN,0,0,0,0,0,0,0,0,0,0,0,0,0,0,0,0,0,0,0,0,0,0
00-0036040,J.Johnson,Juwan Johnson,TE,2025,12,REG,2025_12_ATL_NO,NO,ATL,0,0,0,0,0,0,0,0,0,0,0,0,6,7,46,0,0,0,54,0.162790697674419,0.174757281553398,0
00-0036133,J.Proche,James Proche,WR,2025,12,REG,2025_12_SEA_TEN,TEN,SEA,0,0,0,0,0,0,0,0,0,0,0,0,3,3,42,0,0,0,40,0.0789473684210526,0.205128205128205,0
00-0036139,R.Dowdle,Rico Dowdle,RB,2025,12,REG,2025_12_CAR_SF,CAR,SF,0,0,0,0,0,0,0,6,38,0,0,0,4,4,36,0,0,0,-4,0.148148148148148,-0.0233918128654971,0
00-0036165,I.Hodgins,Isaiah Hodgins,WR,2025,12,REG,2025_12_NYG_DET,NYG,DET,0,0,0,0,0,0,0,0,0,0,0,0,2,6,42,1,0,0,75,0.176470588235294,0.183374083129584,0
00-0036176,M.Kinsey,Mason Kinsey,WR,2025,12,REG,2025_12_SEA_TEN,TEN,SEA,0,0,0,0,0,0,0,0,0,0,0,0,0,0,0,0,0,0,0,0,0,0
00-0036187,R.Gilliam,Reggie Gilliam,RB,2025,12,REG,2025_12_BUF_HOU,BUF,HOU,0,0,0,0,0,0,0,0,0,0,0,0,1,1,2,0,0,0,1,0.03125,0.0062111801242236,0
00-0036196,G.Davis,Gabe Davis,WR,2025,12,REG,2025_12_BUF_HOU,BUF,HOU,0,0,0,0,0,0,0,0,0,0,0,0,1,2,22,0,0,0,40,0.0625,0.248447204968944,0
00-0036223,J.Taylor,Jonathan Taylor,RB,2025,12,REG,2025_12_IND_KC,IND,KC,0,0,0,0,0,0,0,16,58,0,0,0,2,3,8,0,0,0,-5,0.0967741935483871,-0.0359712230215827,0
00-0036244,C.Parkinson,Colby Parkinson,TE,2025,12,REG,2025_12_TB_LA,LA,TB,0,0,0,0,0,0,0,0,0,0,0,0,4,4,41,1,0,0,6,0.117647058823529,0.0240963855421687,0
00-0036252,M.Pittman,Michael Pittman,WR,2025,12,REG,2025_12_IND_KC,IND,KC,0,0,0,0,0,0,0,0,0,0,0,0,5,8,27,1,0,0,37,0.258064516129032,0.266187050359712,0
00-0036259,J.Jennings,Jauan Jennings,WR,2025,12,REG,2025_12_CAR_SF,SF,CAR,0,0,0,0,0,0,0,0,0,0,0,0,5,7,41,1,0,0,65,0.21875,0.333333333333333,0
00-0036264,J.Love,Jordan Love,QB,2025,12,REG,2025_12_MIN_GB,GB,MIN,14,21,139,0,0,0,0,3,15,0,0,0,0,0,0,0,0,0,0,0,0,0
00-0036275,D.Swift,D'Andre Swift,RB,2025,12,REG,2025_12_PIT_CHI,CHI,PIT,0,0,0,0,0,0,0,8,15,0,1,0,1,1,14,0,0,0,-6,0.0333333333333333,-0.0182926829268293,0
00-0036290,C.Kmet,Cole Kmet,TE,2025,12,REG,2025_12_PIT_CHI,CHI,PIT,0,0,0,0,0,0,0,0,0,0,0,0,1,1,3,0,0,0,2,0.0333333333333333,0.00609756097560976,0
00-0036309,D.Mooney,Darnell Mooney,WR,2025,12,REG,2025_12_ATL_NO,ATL,NO,0,0,0,0,0,0,0,0,0,0,0,0,3,3,74,1,0,0,69,0.15,0.408284023668639,0
00-0036322,J.Jefferson,Justin Jefferson,WR,2025,12,REG,2025_12_MIN_GB,MIN,GB,0,0,0,0,0,0,0,0,0,0,0,0,4,6,48,0,0,0,58,0.333333333333333,0.58,0
00-0036331,D.Duvernay,Devin Duvernay,WR,2025,12,REG,2025_12_PIT_CHI,CHI,PIT,0,0,0,0,0,0,0,0,0,0,0,0,0,0,0,0,0,0,0,0,0,0
00-0036332,J.Deguara,Josiah Deguara,TE,2025,12,REG,2025_12_JAX_ARI,ARI,JAX,0,0,0,0,0,0,0,0,0,0,0,0,1,1,6,0,0,0,5,0.0217391304347826,0.0131233595800525,0
00-0036358,C.Lamb,CeeDee Lamb,WR,2025,12,REG,2025_12_PHI_DAL,DAL,PHI,0,0,0,0,0,0,0,0,0,0,0,0,4,11,75,0,0,0,160,0.314285714285714,0.437158469945355,0
00-0036360,C.Edwards-Helaire,Clyde Edwards-Helaire,RB,2025,12,REG,2025_12_IND_KC,KC,IND,0,0,0,0,0,0,0,5,8,0,0,0,2,2,9,0,0,0,-4,0.0465116279069768,-0.0113960113960114,0
00-0036389,J.Hurts,Jalen Hurts,QB,2025,12,REG,2025_12_PHI_DAL,PHI,DAL,27,39,289,1,0,0,0,7,33,2,0,0,0,0,0,0,0,0,0,0,0,0
00-0036407,J.Jeudy,Jerry Jeudy,WR,2025,12,REG,2025_12_CLE_LV,CLE,LV,0,0,0,0,0,0,0,0,0,0,0,0,1,3,39,0,1,0,67,0.166666666666667,0.343589743589744,0
00-0036410,T.Higgins,Tee Higgins,WR,2025,12,REG,2025_12_NE_CIN,CIN,NE,0,0,0,0,0,0,0,0,0,0,0,0,5,6,31,0,0,0,27,0.176470588235294,0.0803571428571429,0
00-0036415,V.Jefferson,Van Jefferson,WR,2025,12,REG,2025_12_SEA_TEN,TEN,SEA,0,0,0,0,0,0,0,0,0,0,0,0,1,1,11,0,0,0,5,0.0263157894736842,0.0256410256410256,0
00-0036429,C.Woerner,Charlie Woerner,TE,2025,12,REG,2025_12_ATL_NO,ATL,NO,0,0,0,0,0,0,0,0,0,0,0,0,3,3,24,0,0,0,3,0.15,0.0177514792899408,0
00-0036554,N.Collins,Nico Collins,WR,2025,12,REG,2025_12_BUF_HOU,HOU,BUF,0,0,0,0,0,0,0,0,0,0,0,0,3,3,55,0,0,0,36,0.107142857142857,0.155844155844156,0
00-0036555,C.Hubbard,Chuba Hubbard,RB,2025,12,REG,2025_12_CAR_SF,CAR,SF,0,0,0,0,0,0,0,3,16,0,0,0,4,4,27,0,0,0,-14,0.148148148148148,-0.0818713450292398,0
00-0036569,G.Brightwell,Gary Brightwell,RB,2025,12,REG,2025_12_NE_CIN,CIN,NE,0,0,0,0,0,0,0,0,0,0,0,0,0,0,0,0,0,0,0,0,0,0
00-0036590,Q.Morris,Quintin Morris,TE,2025,12,REG,2025_12_JAX_ARI,JAX,ARI,0,0,0,0,0,0,0,0,0,0,0,0,0,0,0,0,0,0,0,0,0,0
00-0036630,T.Wallace,Tylan Wallace,WR,2025,12,REG,2025_12_NYJ_BAL,BAL,NYJ,0,0,0,0,0,0,0,0,0,0,0,0,0,1,0,0,0,0,33,0.05,0.147321428571429,0
00-0036637,N.Gray,Noah Gray,TE,2025,12,REG,2025_12_IND_KC,KC,IND,0,0,0,0,0,0,0,0,0,0,0,0,3,4,25,0,0,0,36,0.0930232558139535,0.102564102564103,0
00-0036741,J.Stoll,Jack Stoll,TE,2025,12,REG,2025_12_ATL_NO,NO,ATL,0,0,0,0,0,0,0,0,0,0,0,0,1,1,7,0,0,0,7,0.0232558139534884,0.0226537216828479,0
00-0036754,B.Wright,Brock Wright,TE,2025,12,REG,2025_12_NYG_DET,DET,NYG,0,0,0,0,0,0,0,0,0,0,0,0,3,4,29,0,0,0,9,0.105263157894737,0.0407239819004525,0
00-0036825,F.Franks,Feleipe Franks,TE,2025,12,REG,2025_12_ATL_NO,ATL,NO,0,0,0,0,0,0,0,1,2,0,0,0,0,0,0,0,0,0,0,0,0,0
00-0036841,A.Trammell,Austin Trammell,WR,2025,12,REG,2025_12_JAX_ARI,JAX,ARI,0,0,0,0,0,0,0,0,0,0,0,0,0,1,0,0,0,0,7,0.0333333333333333,0.025830258302583,0
00-0036842,K.Nwangwu,Kene Nwangwu,RB,2025,12,REG,2025_12_NYJ_BAL,NYJ,BAL,0,0,0,0,0,0,0,0,0,0,0,0,0,0,0,0,0,0,0,0,0,0
00-0036862,B.Skowronek,Ben Skowronek,WR,2025,12,REG,2025_12_PIT_CHI,PIT,CHI,0,0,0,0,0,0,0,0,0,0,0,0,1,1,21,0,0,0,18,0.032258064516129,0.0918367346938776,0
00-0036875,R.Stevenson,Rhamondre Stevenson,RB,2025,12,REG,2025_12_NE_CIN,NE,CIN,0,0,0,0,0,0,0,6,5,0,0,0,1,2,5,0,0,0,14,0.0606060606060606,0.0471380471380471,0
00-0036887,L.Farrell,Luke Farrell,TE,2025,12,REG,2025_12_CAR_SF,SF,CAR,0,0,0,0,0,0,0,0,0,0,0,0,1,1,3,0,0,0,3,0.03125,0.0153846153846154,0
00-0036894,P.Freiermuth,Pat Freiermuth,TE,2025,12,REG,2025_12_PIT_CHI,PIT,CHI,0,0,0,0,0,0,0,0,0,0,0,0,3,3,19,1,0,0,9,0.0967741935483871,0.0459183673469388,0
00-0036898,D.Mills,Davis Mills,QB,2025,12,REG,2025_12_BUF_HOU,HOU,BUF,16,30,153,2,0,0,0,2,4,0,0,0,0,0,0,0,0,0,0,0,0,0
00-0036912,D.Smith,DeVonta Smith,WR,2025,12,REG,2025_12_PHI_DAL,PHI,DAL,0,0,0,0,0,0,0,0,0,0,0,0,6,11,89,0,0,0,169,0.305555555555556,0.57679180887372,0
00-0036919,K.Gainwell,Kenny Gainwell,RB,2025,12,REG,2025_12_PIT_CHI,PIT,CHI,0,0,0,0,0,0,0,10,92,0,0,0,6,6,30,0,0,0,-9,0.193548387096774,-0.0459183673469388,0
00-0036924,M.Carter,Michael Carter,RB,2025,12,REG,2025_12_JAX_ARI,ARI,JAX,0,0,0,0,0,0,0,5,28,0,0,0,3,3,30,0,0,0,5,0.0652173913043478,0.0131233595800525,0
00-0036963,A.St. Brown,Amon-Ra St. Brown,WR,2025,12,REG,2025_12_NYG_DET,DET,NYG,0,0,0,0,0,0,0,0,0,0,0,0,9,13,149,1,0,0,155,0.342105263157895,0.701357466063348,0
00-0036970,K.Pitts,Kyle Pitts,TE,2025,12,REG,2025_12_ATL_NO,ATL,NO,0,0,0,0,0,0,0,0,0,0,0,0,2,5,25,0,0,0,60,0.25,0.355029585798817,0
00-0036971,T.Lawrence,Trevor Lawrence,QB,2025,12,REG,2025_12_JAX_ARI,JAX,ARI,18,30,256,3,3,1,0,5,29,0,0,0,0,0,0,0,0,0,0,0,0,0
00-0036973,T.Etienne,Travis Etienne,RB,2025,12,REG,2025_12_JAX_ARI,JAX,ARI,0,0,0,0,0,0,0,15,86,0,0,0,3,4,30,1,0,0,2,0.133333333333333,0.00738007380073801,0
00-0036980,E.Moore,Elijah Moore,WR,2025,12,REG,2025_12_BUF_HOU,BUF,HOU,0,0,0,0,0,0,0,0,0,0,0,0,1,3,-3,0,0,0,23,0.09375,0.142857142857143,0
00-0036988,J.Palmer,Josh Palmer,WR,2025,12,REG,2025_12_BUF_HOU,BUF,HOU,0,0,0,0,0,0,0,0,0,0,0,0,2,4,21,0,0,0,50,0.125,0.31055900621118,0
00-0036997,J.Williams,Javonte Williams,RB,2025,12,REG,2025_12_PHI_DAL,DAL,PHI,0,0,0,0,0,0,0,20,87,0,0,0,2,3,14,0,0,0,0,0.0857142857142857,0,0
00-0037031,N.Kalinic,Nikola Kalinic,TE,2025,12,REG,2025_12_PIT_CHI,CHI,PIT,0,0,0,0,0,0,0,0,0,0,0,0,0,0,0,0,0,0,0,0,0,0
00-0037086,G.Calcaterra,Grant Calcaterra,TE,2025,12,REG,2025_12_PHI_DAL,PHI,DAL,0,0,0,0,0,0,0,0,0,0,0,0,1,1,8,0,0,0,4,0.0277777777777778,0.0136518771331058,0
00-0037120,T.Goodson,Tyler Goodson,RB,2025,12,REG,2025_12_IND_KC,IND,KC,0,0,0,0,0,0,0,0,0,0,0,0,0,0,0,0,0,0,0,0,0,0
00-0037157,Z.Knight,Bam Knight,RB,2025,12,REG,2025_12_JAX_ARI,ARI,JAX,0,0,0,0,0,0,0,10,12,1,0,0,4,5,20,0,0,0,-13,0.108695652173913,-0.0341207349081365,0
00-0037228,J.Warren,Jaylen Warren,RB,2025,12,REG,2025_12_PIT_CHI,PIT,CHI,0,0,0,0,0,0,0,18,68,1,0,0,0,0,0,0,0,0,0,0,0,0
00-0037239,C.Olave,Chris Olave,WR,2025,12,REG,2025_12_ATL_NO,NO,ATL,0,0,0,0,0,0,0,0,0,0,0,0,9,13,70,0,0,0,151,0.302325581395349,0.488673139158576,0
00-0037240,J.Williams,Jameson Williams,WR,2025,12,REG,2025_12_NYG_DET,DET,NYG,0,0,0,0,0,0,0,0,0,0,0,0,0,3,0,0,0,0,19,0.0789473684210526,0.085972850678733,0
00-0037247,G.Pickens,George Pickens,WR,2025,12,REG,2025_12_PHI_DAL,DAL,PHI,0,0,0,0,0,0,0,0,0,0,0,0,9,9,146,1,0,0,117,0.257142857142857,0.319672131147541,0
00-0037248,J.Cook,James Cook,RB,2025,12,REG,2025_12_BUF_HOU,BUF,HOU,0,0,0,0,0,0,0,17,116,1,0,0,3,3,13,0,0,0,1,0.09375,0.0062111801242236,0
00-0037256,R.White,Rachaad White,RB,2025,12,REG,2025_12_TB_LA,TB,LA,0,0,0,0,0,0,0,7,38,0,0,0,1,1,4,0,0,0,-5,0.032258064516129,-0.0199203187250996,0
00-0037261,K.Shakir,Khalil Shakir,WR,2025,12,REG,2025_12_BUF_HOU,BUF,HOU,0,0,0,0,0,0,0,0,0,0,0,0,8,10,110,0,1,0,15,0.3125,0.093167701863354,0
00-0037263,T.Allgeier,Tyler Allgeier,RB,2025,12,REG,2025_12_ATL_NO,ATL,NO,0,0,0,0,0,0,0,12,44,0,0,0,1,1,5,0,0,0,1,0.05,0.00591715976331361,0
00-0037267,J.Ford,Jerome Ford,RB,2025,12,REG,2025_12_CLE_LV,CLE,LV,0,0,0,0,0,0,0,1,-3,0,0,0,0,0,0,0,0,0,0,0,0,0
00-0037277,T.Quitoriano,Teagan Quitoriano,TE,2025,12,REG,2025_12_ATL_NO,ATL,NO,0,0,0,0,0,0,0,0,0,0,0,0,0,0,0,0,0,0,0,0,0,0
00-0037291,J.Nailor,Jalen Nailor,WR,2025,12,REG,2025_12_MIN_GB,MIN,GB,0,0,0,0,0,0,0,0,0,0,0,0,0,1,0,0,0,0,30,0.0555555555555556,0.3,0
00-0037292,A.Ogletree,Andrew Ogletree,TE,2025,12,REG,2025_12_IND_KC,IND,KC,0,0,0,0,0,0,0,0,0,0,0,0,2,2,8,1,0,0,7,0.0645161290322581,0.0503597122302158,0
00-0037306,J.FitzPatrick,John FitzPatrick,TE,2025,12,REG,2025_12_MIN_GB,GB,MIN,0,0,0,0,0,0,0,0,0,0,0,0,1,1,11,0,0,0,0,0.0476190476190476,0,0
00-0037525,J.Mason,Jordan Mason,RB,2025,12,REG,2025_12_MIN_GB,MIN,GB,0,0,0,0,0,0,0,8,42,0,0,0,0,0,0,0,0,0,0,0,0,0
00-0037545,R.Shaheed,Rashid Shaheed,WR,2025,12,REG,2025_12_SEA_TEN,SEA,TEN,0,0,0,0,0,0,0,1,5,0,0,0,0,2,0,0,0,0,52,0.08,0.212244897959184,0
00-0037563,M.Davis,Malik Davis,RB,2025,12,REG,2025_12_PHI_DAL,DAL,PHI,0,0,0,0,0,0,0,3,24,0,0,0,0,0,0,0,0,0,0,0,0,0
00-0037594,J.Chestnut,Julius Chestnut,RB,2025,12,REG,2025_12_SEA_TEN,TEN,SEA,0,0,0,0,0,0,0,2,3,0,0,0,0,0,0,0,0,0,0,0,0,0
00-0037614,J.Metchie,John Metchie III,WR,2025,12,REG,2025_12_NYJ_BAL,NYJ,BAL,0,0,0,0,0,0,0,0,0,0,0,0,6,7,65,1,0,0,32,0.259259259259259,0.111111111111111,0
00-0037664,A.Pierce,Alec Pierce,WR,2025,12,REG,2025_12_IND_KC,IND,KC,0,0,0,0,0,0,0,0,0,0,0,0,1,2,26,0,0,0,24,0.0645161290322581,0.172661870503597,0
00-0037741,J.Dotson,Jahan Dotson,WR,2025,12,REG,2025_12_PHI_DAL,PHI,DAL,0,0,0,0,0,0,0,0,0,0,0,0,0,1,0,0,0,0,10,0.0277777777777778,0.0341296928327645,0
00-0037744,T.McBride,Trey McBride,TE,2025,12,REG,2025_12_JAX_ARI,ARI,JAX,0,0,0,0,0,0,0,0,0,0,0,0,9,10,79,0,0,0,56,0.217391304347826,0.146981627296588,0
00-0037746,B.Robinson,Brian Robinson,RB,2025,12,REG,2025_12_CAR_SF,SF,CAR,0,0,0,0,0,0,0,7,40,0,0,0,1,2,4,0,0,0,2,0.0625,0.0102564102564103,0
00-0037801,K.Turpin,KaVontae Turpin,WR,2025,12,REG,2025_12_PHI_DAL,DAL,PHI,0,0,0,0,0,0,0,2,4,0,1,0,1,2,48,0,0,0,12,0.0571428571428571,0.0327868852459016,0
00-0037809,C.Okonkwo,Chig Okonkwo,TE,2025,12,REG,2025_12_SEA_TEN,TEN,SEA,0,0,0,0,0,0,0,0,0,0,0,0,3,4,40,0,0,0,20,0.105263157894737,0.102564102564103,0
00-0037816,R.Doubs,Romeo Doubs,WR,2025,12,REG,2025_12_MIN_GB,GB,MIN,0,0,0,0,0,0,0,0,0,0,0,0,2,3,23,0,0,0,17,0.142857142857143,0.096045197740113,0
00-0037834,B.Purdy,Brock Purdy,QB,2025,12,REG,2025_12_CAR_SF,SF,CAR,23,32,193,1,3,0,0,6,16,0,0,0,0,0,0,0,0,0,0,0,0,0
00-0037837,C.Austin,Calvin Austin III,WR,2025,12,REG,2025_12_PIT_CHI,PIT,CHI,0,0,0,0,0,0,0,0,0,0,0,0,4,5,36,0,0,0,26,0.161290322580645,0.13265306122449,0
00-0037838,I.Likely,Isaiah Likely,TE,2025,12,REG,2025_12_NYJ_BAL,BAL,NYJ,0,0,0,0,0,0,0,0,0,0,0,0,1,3,10,0,0,0,43,0.15,0.191964285714286,0
00-0037840,K.Williams,Kyren Williams,RB,2025,12,REG,2025_12_TB_LA,LA,TB,0,0,0,0,0,0,0,12,46,0,0,0,1,1,2,0,0,0,2,0.0294117647058824,0.00803212851405622,0
00-0038041,J.Ferguson,Jake Ferguson,TE,2025,12,REG,2025_12_PHI_DAL,DAL,PHI,0,0,0,0,0,0,0,1,1,0,0,0,5,6,60,0,0,0,35,0.171428571428571,0.0956284153005464,0
00-0038046,C.Kolar,Charlie Kolar,TE,2025,12,REG,2025_12_NYJ_BAL,BAL,NYJ,0,0,0,0,0,0,0,0,0,0,0,0,0,0,0,0,0,0,0,0,0,0
00-0038090,S.Moore,Skyy Moore,WR,2025,12,REG,2025_12_CAR_SF,SF,CAR,0,0,0,0,0,0,0,0,0,0,0,0,0,0,0,0,0,0,0,0,0,0
00-0038104,T.Thornton,Tyquan Thornton,WR,2025,12,REG,2025_12_IND_KC,KC,IND,0,0,0,0,0,0,0,0,0,0,0,0,0,1,0,0,0,0,43,0.0232558139534884,0.122507122507123,0
00-0038115,D.Bellinger,Daniel Bellinger,TE,2025,12,REG,2025_12_NYG_DET,NYG,DET,0,0,0,0,0,0,0,0,0,0,0,0,0,2,0,0,0,0,21,0.0588235294117647,0.0513447432762836,0
00-0038117,W.Robinson,Wan'Dale Robinson,WR,2025,12,REG,2025_12_NYG_DET,NYG,DET,0,0,0,0,0,0,0,1,0,0,0,0,9,14,156,1,0,0,175,0.411764705882353,0.427872860635697,0
00-0038120,B.Hall,Breece Hall,RB,2025,12,REG,2025_12_NYJ_BAL,NYJ,BAL,0,0,0,0,0,0,0,16,44,0,1,0,4,4,75,0,0,0,-2,0.148148148148148,-0.00694444444444444,0
00-0038124,C.Watson,Christian Watson,WR,2025,12,REG,2025_12_MIN_GB,GB,MIN,0,0,0,0,0,0,0,0,0,0,0,0,5,7,49,0,0,0,87,0.333333333333333,0.491525423728814,0
00-0038128,M.Willis,Malik Willis,QB,2025,12,REG,2025_12_MIN_GB,GB,MIN,1,1,7,0,0,0,0,2,3,0,0,0,0,0,0,0,0,0,0,0,0,0
00-0038129,C.Otton,Cade Otton,TE,2025,12,REG,2025_12_TB_LA,TB,LA,0,0,0,0,0,0,0,0,0,0,0,0,4,7,21,0,0,0,24,0.225806451612903,0.0956175298804781,0
00-0038134,K.Walker,Kenneth Walker III,RB,2025,12,REG,2025_12_SEA_TEN,SEA,TEN,0,0,0,0,0,0,0,11,71,0,0,0,3,4,30,0,0,0,-9,0.16,-0.036734693877551,0
00-0038393,D.Wicks,Dontayvion Wicks,WR,2025,12,REG,2025_12_MIN_GB,GB,MIN,0,0,0,0,0,0,0,0,0,0,0,0,2,4,32,0,0,0,52,0.19047619047619,0.293785310734463,0
00-0038396,E.Gray,Eric Gray,RB,2025,12,REG,2025_12_NYG_DET,NYG,DET,0,0,0,0,0,0,0,0,0,0,0,0,0,0,0,0,0,0,0,0,0,0
00-0038454,K.Mitchell,Keaton Mitchell,RB,2025,12,REG,2025_12_NYJ_BAL,BAL,NYJ,0,0,0,0,0,0,0,2,10,0,0,0,1,1,9,0,0,0,1,0.05,0.00446428571428571,0
00-0038458,O.Wright,Owen Wright,RB,2025,12,REG,2025_12_TB_LA,TB,LA,0,0,0,0,0,0,0,3,6,0,0,0,0,0,0,0,0,0,0,0,0,0
00-0038488,B.Russell,Brady Russell,RB,2025,12,REG,2025_12_SEA_TEN,SEA,TEN,0,0,0,0,0,0,0,0,0,0,0,0,0,0,0,0,0,0,0,0,0,0
00-0038496,X.Gipson,Xavier Gipson,WR,2025,12,REG,2025_12_PHI_DAL,PHI,DAL,0,0,0,0,0,0,0,0,0,0,0,0,1,1,3,0,0,0,-4,0.0277777777777778,-0.0136518771331058,0
00-0038519,N.Remigio,Nikko Remigio,WR,2025,12,REG,2025_12_IND_KC,KC,IND,0,0,0,0,0,0,0,0,0,0,0,0,0,0,0,0,0,0,0,0,0,0
00-0038542,B.Robinson,Bijan Robinson,RB,2025,12,REG,2025_12_ATL_NO,ATL,NO,0,0,0,0,0,0,0,14,70,0,0,1,2,2,37,0,0,0,-10,0.1,-0.0591715976331361,0
00-0038543,J.Smith-Njigba,Jaxon Smith-Njigba,WR,2025,12,REG,2025_12_SEA_TEN,SEA,TEN,0,0,0,0,0,0,0,1,4,0,0,0,8,10,167,2,0,0,138,0.4,0.563265306122449,0
00-0038547,L.Schoonmaker,Luke Schoonmaker,TE,2025,12,REG,2025_12_PHI_DAL,DAL,PHI,0,0,0,0,0,0,0,0,0,0,0,0,0,1,0,0,0,0,24,0.0285714285714286,0.0655737704918033,0
00-0038555,T.Bigsby,Tank Bigsby,RB,2025,12,REG,2025_12_PHI_DAL,PHI,DAL,0,0,0,0,0,0,0,1,8,0,0,0,0,0,0,0,0,0,0,0,0,0
00-0038558,D.Washington,Darnell Washington,TE,2025,12,REG,2025_12_PIT_CHI,PIT,CHI,0,0,0,0,0,0,0,0,0,0,0,0,2,2,22,0,0,0,8,0.0645161290322581,0.0408163265306122,0
00-0038559,M.Wilson,Michael Wilson,WR,2025,12,REG,2025_12_JAX_ARI,ARI,JAX,0,0,0,0,0,0,0,0,0,0,0,0,10,15,118,0,0,0,153,0.326086956521739,0.401574803149606,0
00-0038563,T.Tucker,Tre Tucker,WR,2025,12,REG,2025_12_CLE_LV,LV,CLE,0,0,0,0,0,0,0,0,0,0,0,0,3,10,28,0,0,0,188,0.238095238095238,0.520775623268698,0
00-0038564,C.Latu,Cameron Latu,TE,2025,12,REG,2025_12_PHI_DAL,PHI,DAL,0,0,0,0,0,0,0,0,0,0,0,0,0,0,0,0,0,0,0,0,0,0
00-0038576,C.Jones,Charlie Jones,WR,2025,12,REG,2025_12_NE_CIN,CIN,NE,0,0,0,0,0,0,0,0,0,0,0,0,0,1,0,0,0,0,42,0.0294117647058824,0.125,0
00-0038589,J.Whyle,Josh Whyle,TE,2025,12,REG,2025_12_MIN_GB,GB,MIN,0,0,0,0,0,0,0,0,0,0,0,0,1,1,1,0,0,0,-3,0.0476190476190476,-0.0169491525423729,0
00-0038597,C.Brown,Chase Brown,RB,2025,12,REG,2025_12_NE_CIN,CIN,NE,0,0,0,0,0,0,0,19,107,0,0,0,2,4,23,0,0,0,-9,0.117647058823529,-0.0267857142857143,0
00-0038606,P.Washington,Parker Washington,WR,2025,12,REG,2025_12_JAX_ARI,JAX,ARI,0,0,0,0,0,0,0,0,0,0,0,0,5,7,71,1,0,0,69,0.233333333333333,0.254612546125461,0
00-0038608,K.Boutte,Kayshon Boutte,WR,2025,12,REG,2025_12_NE_CIN,NE,CIN,0,0,0,0,0,0,0,0,0,0,0,0,2,2,15,0,0,0,12,0.0606060606060606,0.0404040404040404,0
00-0038618,X.Hutchinson,Xavier Hutchinson,WR,2025,12,REG,2025_12_BUF_HOU,HOU,BUF,0,0,0,0,0,0,0,1,9,0,0,0,0,0,0,0,0,0,0,0,0,0
00-0038619,A.Iosivas,Andrei Iosivas,WR,2025,12,REG,2025_12_NE_CIN,CIN,NE,0,0,0,0,0,0,0,1,5,0,0,0,4,7,61,0,0,0,120,0.205882352941176,0.357142857142857,0
00-0038621,D.Douglas,DeMario Douglas,WR,2025,12,REG,2025_12_NE_CIN,NE,CIN,0,0,0,0,0,0,0,1,14,0,0,0,1,1,37,0,0,0,36,0.0303030303030303,0.121212121212121,0
00-0038685,C.Brooks,Chris Brooks,RB,2025,12,REG,2025_12_MIN_GB,GB,MIN,0,0,0,0,0,0,0,8,21,0,0,0,1,1,5,0,0,0,2,0.0476190476190476,0.0112994350282486,0
00-0038738,H.Luepke,Hunter Luepke,RB,2025,12,REG,2025_12_PHI_DAL,DAL,PHI,0,0,0,0,0,0,0,0,0,0,0,0,1,1,7,0,0,0,-6,0.0285714285714286,-0.0163934426229508,0
00-0038752,J.Bobo,Jake Bobo,WR,2025,12,REG,2025_12_SEA_TEN,SEA,TEN,0,0,0,0,0,0,0,0,0,0,0,0,0,0,0,0,0,0,0,0,0,0
00-0038797,E.Wilson,Emanuel Wilson,RB,2025,12,REG,2025_12_MIN_GB,GB,MIN,0,0,0,0,0,0,0,28,107,2,0,0,2,2,18,0,0,0,2,0.0952380952380952,0.0112994350282486,0
00-0038839,M.Tinsley,Mitchell Tinsley,WR,2025,12,REG,2025_12_NE_CIN,CIN,NE,0,0,0,0,0,0,0,0,0,0,0,0,2,6,29,1,0,0,93,0.176470588235294,0.276785714285714,0
00-0038840,B.Tremayne,Brycen Tremayne,WR,2025,12,REG,2025_12_CAR_SF,CAR,SF,0,0,0,0,0,0,0,0,0,0,0,0,0,0,0,0,0,0,0,0,0,0
00-0038896,J.Saylors,Jacob Saylors,RB,2025,12,REG,2025_12_NYG_DET,DET,NYG,0,0,0,0,0,0,0,0,0,0,0,0,0,0,0,0,0,0,0,0,0,0
00-0038935,B.Strange,Brenton Strange,TE,2025,12,REG,2025_12_JAX_ARI,JAX,ARI,0,0,0,0,0,0,0,0,0,0,0,0,5,5,93,0,0,0,61,0.166666666666667,0.225092250922509,0
00-0038951,S.Tucker,Sean Tucker,RB,2025,12,REG,2025_12_TB_LA,TB,LA,0,0,0,0,0,0,0,12,42,0,0,0,1,2,4,0,0,0,4,0.0645161290322581,0.0159362549800797,0
00-0038953,D.Drummond,Dylan Drummond,WR,2025,12,REG,2025_12_ATL_NO,ATL,NO,0,0,0,0,0,0,0,0,0,0,0,0,3,3,18,0,0,0,14,0.15,0.0828402366863906,0
00-0038979,C.Tillman,Cedric Tillman,WR,2025,12,REG,2025_12_CLE_LV,CLE,LV,0,0,0,0,0,0,0,0,0,0,0,0,1,3,5,0,0,0,64,0.166666666666667,0.328205128205128,0
00-0038994,J.Addison,Jordan Addison,WR,2025,12,REG,2025_12_MIN_GB,MIN,GB,0,0,0,0,0,0,0,0,0,0,0,0,0,1,0,0,0,0,-1,0.0555555555555556,-0.01,0
00-0038997,J.Downs,Josh Downs,WR,2025,12,REG,2025_12_IND_KC,IND,KC,0,0,0,0,0,0,0,0,0,0,0,0,2,6,10,0,0,0,46,0.193548387096774,0.330935251798561,0
00-0039032,T.Spears,Tyjae Spears,RB,2025,12,REG,2025_12_SEA_TEN,TEN,SEA,0,0,0,0,0,0,0,3,4,0,0,0,4,5,21,0,0,0,-27,0.131578947368421,-0.138461538461538,0
00-0039041,E.Higgins,Elijah Higgins,TE,2025,12,REG,2025_12_JAX_ARI,ARI,JAX,0,0,0,0,0,0,0,0,0,0,0,0,0,0,0,0,0,0,0,0,0,0
00-0039064,Z.Flowers,Zay Flowers,WR,2025,12,REG,2025_12_NYJ_BAL,BAL,NYJ,0,0,0,0,0,0,0,2,11,0,0,0,5,6,58,0,0,0,53,0.3,0.236607142857143,0
00-0039066,M.Mayer,Michael Mayer,TE,2025,12,REG,2025_12_CLE_LV,LV,CLE,0,0,0,0,0,0,0,0,0,0,0,0,1,1,14,0,0,0,4,0.0238095238095238,0.0110803324099723,0
00-0039067,R.Rice,Rashee Rice,WR,2025,12,REG,2025_12_IND_KC,KC,IND,0,0,0,0,0,0,0,0,0,0,0,0,8,12,141,0,0,1,56,0.27906976744186,0.15954415954416,0
00-0039074,D.Allen,Davis Allen,TE,2025,12,REG,2025_12_TB_LA,LA,TB,0,0,0,0,0,0,0,0,0,0,0,0,3,4,29,0,0,0,12,0.117647058823529,0.0481927710843374,0
00-0039075,P.Nacua,Puka Nacua,WR,2025,12,REG,2025_12_TB_LA,LA,TB,0,0,0,0,0,0,0,0,0,0,0,0,7,11,97,0,0,0,93,0.323529411764706,0.373493975903614,0
00-0039139,J.Gibbs,Jahmyr Gibbs,RB,2025,12,REG,2025_12_NYG_DET,DET,NYG,0,0,0,0,0,0,0,15,219,2,0,0,11,12,45,1,0,0,-7,0.315789473684211,-0.0316742081447964,0
00-0039144,L.Musgrave,Luke Musgrave,TE,2025,12,REG,2025_12_MIN_GB,GB,MIN,0,0,0,0,0,0,0,0,0,0,0,0,1,2,7,0,0,0,6,0.0952380952380952,0.0338983050847458,0
00-0039150,B.Young,Bryce Young,QB,2025,12,REG,2025_12_CAR_SF,CAR,SF,18,29,169,1,2,0,0,4,15,0,0,0,0,0,0,0,0,0,0,0,0,0
00-0039165,Z.Charbonnet,Zach Charbonnet,RB,2025,12,REG,2025_12_SEA_TEN,SEA,TEN,0,0,0,0,0,0,0,6,35,1,0,0,0,0,0,0,0,0,0,0,0,0
00-0039338,B.Bowers,Brock Bowers,TE,2025,12,REG,2025_12_CLE_LV,LV,CLE,0,0,0,0,0,0,0,0,0,0,0,0,6,9,55,0,0,0,64,0.214285714285714,0.177285318559557,0
00-0039342,X.Legette,Xavier Legette,WR,2025,12,REG,2025_12_CAR_SF,CAR,SF,0,0,0,0,0,0,0,0,0,0,0,0,3,5,22,0,0,0,54,0.185185185185185,0.315789473684211,0
00-0039356,J.Sanders,Ja'Tavion Sanders,TE,2025,12,REG,2025_12_CAR_SF,CAR,SF,0,0,0,0,0,0,0,0,0,0,0,0,1,1,6,0,0,0,5,0.037037037037037,0.0292397660818713,0
00-0039359,C.Stover,Cade Stover,TE,2025,12,REG,2025_12_BUF_HOU,HOU,BUF,0,0,0,0,0,0,0,0,0,0,0,0,0,2,0,0,0,0,5,0.0714285714285714,0.0216450216450216,0
00-0039384,T.Tracy,Tyrone Tracy Jr.,RB,2025,12,REG,2025_12_NYG_DET,NYG,DET,0,0,0,0,0,0,0,20,62,0,0,0,3,4,68,0,0,0,2,0.117647058823529,0.00488997555012225,0
00-0039407,D.Laube,Dylan Laube,RB,2025,12,REG,2025_12_CLE_LV,LV,CLE,0,0,0,0,0,0,0,0,0,0,0,0,0,0,0,0,0,0,0,0,0,0
00-0039410,R.Flournoy,Ryan Flournoy,WR,2025,12,REG,2025_12_PHI_DAL,DAL,PHI,0,0,0,0,0,0,0,0,0,0,0,0,0,1,0,0,0,0,21,0.0285714285714286,0.0573770491803279,0
00-0039424,D.Vele,Devaughn Vele,WR,2025,12,REG,2025_12_ATL_NO,NO,ATL,0,0,0,0,0,0,0,0,0,0,0,0,3,7,37,0,0,0,59,0.162790697674419,0.190938511326861,0
00-0039451,I.Williams,Isaiah Williams,WR,2025,12,REG,2025_12_NYJ_BAL,NYJ,BAL,0,0,0,0,0,0,0,0,0,0,0,0,0,0,0,0,0,0,0,0,0,0
00-0039491,J.Coker,Jalen Coker,WR,2025,12,REG,2025_12_CAR_SF,CAR,SF,0,0,0,0,0,0,0,0,0,0,0,0,3,4,32,0,0,0,29,0.148148148148148,0.169590643274854,0
00-0039521,X.Weaver,Xavier Weaver,WR,2025,12,REG,2025_12_JAX_ARI,ARI,JAX,0,0,0,0,0,0,0,0,0,0,0,0,1,3,9,0,0,0,64,0.0652173913043478,0.167979002624672,0
00-0039530,B.Spann-Ford,Brevyn Spann-Ford,TE,2025,12,REG,2025_12_PHI_DAL,DAL,PHI,0,0,0,0,0,0,0,0,0,0,0,0,1,1,4,1,0,0,4,0.0285714285714286,0.0109289617486339,0
00-0039577,K.Slovis,Kedon Slovis,QB,2025,12,REG,2025_12_JAX_ARI,ARI,JAX,1,1,-2,0,0,0,0,0,0,0,0,0,0,0,0,0,0,0,0,0,0,0
00-0039589,K.Johnson,Kameron Johnson,WR,2025,12,REG,2025_12_TB_LA,TB,LA,0,0,0,0,0,0,0,0,0,0,0,0,0,0,0,0,0,0,0,0,0,0
00-0039603,B.Brooks,British Brooks,RB,2025,12,REG,2025_12_BUF_HOU,HOU,BUF,0,0,0,0,0,0,0,0,0,0,0,0,0,0,0,0,0,0,0,0,0,0
00-0039623,M.Tipton,Mason Tipton,WR,2025,12,REG,2025_12_ATL_NO,NO,ATL,0,0,0,0,0,0,0,1,11,0,0,0,3,4,22,0,0,0,53,0.0930232558139535,0.171521035598705,0
00-0039738,B.Corum,Blake Corum,RB,2025,12,REG,2025_12_TB_LA,LA,TB,0,0,0,0,0,0,0,7,24,0,0,0,0,0,0,0,0,0,0,0,0,0
00-0039739,R.Wilson,Roman Wilson,WR,2025,12,REG,2025_12_PIT_CHI,PIT,CHI,0,0,0,0,0,0,0,0,0,0,0,0,0,3,0,0,0,0,89,0.0967741935483871,0.454081632653061,0
00-0039746,W.Shipley,Will Shipley,RB,2025,12,REG,2025_12_PHI_DAL,PHI,DAL,0,0,0,0,0,0,0,0,0,0,0,0,0,0,0,0,0,0,0,0,0,0
00-0039751,J.Whittington,Jordan Whittington,WR,2025,12,REG,2025_12_TB_LA,LA,TB,0,0,0,0,0,0,0,0,0,0,0,0,3,3,17,0,0,0,5,0.0882352941176471,0.0200803212851406,0
00-0039757,T.Jennings,Terrell Jennings,RB,2025,12,REG,2025_12_NE_CIN,NE,CIN,0,0,0,0,0,0,0,1,0,0,0,0,0,0,0,0,0,0,0,0,0,0
00-0039792,D.Walker,Devontez Walker,WR,2025,12,REG,2025_12_NYJ_BAL,BAL,NYJ,0,0,0,0,0,0,0,0,0,0,0,0,1,1,30,0,0,0,30,0.05,0.133928571428571,0
00-0039793,A.Barner,AJ Barner,TE,2025,12,REG,2025_12_SEA_TEN,SEA,TEN,0,0,0,0,0,0,0,0,0,0,0,0,2,4,18,0,0,0,29,0.16,0.118367346938776,0
00-0039798,I.Davis,Isaiah Davis,RB,2025,12,REG,2025_12_NYJ_BAL,NYJ,BAL,0,0,0,0,0,0,0,4,7,0,0,0,0,0,0,0,0,0,0,0,0,0
00-0039816,A.Gould,Anthony Gould,WR,2025,12,REG,2025_12_IND_KC,IND,KC,0,0,0,0,0,0,0,0,0,0,0,0,0,0,0,0,0,0,0,0,0,0
00-0039847,T.Johnson,Theo Johnson,TE,2025,12,REG,2025_12_NYG_DET,NYG,DET,0,0,0,0,0,0,0,0,0,0,0,0,3,5,77,0,0,0,79,0.147058823529412,0.193154034229829,0
00-0039851,D.Maye,Drake Maye,QB,2025,12,REG,2025_12_NE_CIN,NE,CIN,22,35,294,1,1,0,0,5,22,0,0,0,0,0,0,0,0,0,0,0,0,0
00-0039875,R.Davis,Ray Davis,RB,2025,12,REG,2025_12_BUF_HOU,BUF,HOU,0,0,0,0,0,0,0,0,0,0,0,0,0,0,0,0,0,0,0,0,0,1
00-0039890,A.Mitchell,Adonai Mitchell,WR,2025,12,REG,2025_12_NYJ_BAL,NYJ,BAL,0,0,0,0,0,0,0,0,0,0,0,0,2,7,42,0,0,0,182,0.259259259259259,0.631944444444445,0
00-0039894,X.Worthy,Xavier Worthy,WR,2025,12,REG,2025_12_IND_KC,KC,IND,0,0,0,0,0,0,0,0,0,0,0,0,4,8,59,0,0,0,101,0.186046511627907,0.287749287749288,0
00-0039916,R.Pearsall,Ricky Pearsall,WR,2025,12,REG,2025_12_CAR_SF,SF,CAR,0,0,0,0,0,0,0,1,2,0,0,0,2,4,6,0,0,0,49,0.125,0.251282051282051,0
00-0039918,C.Williams,Caleb Williams,QB,2025,12,REG,2025_12_PIT_CHI,CHI,PIT,19,35,239,3,0,1,0,4,21,0,0,0,0,0,0,0,0,0,0,0,0,0
00-0039919,R.Odunze,Rome Odunze,WR,2025,12,REG,2025_12_PIT_CHI,CHI,PIT,0,0,0,0,0,0,0,0,0,0,0,0,3,9,53,0,0,0,117,0.3,0.356707317073171,0
00-0039920,M.Corley,Malachi Corley,WR,2025,12,REG,2025_12_CLE_LV,CLE,LV,0,0,0,0,0,0,0,1,-6,0,0,0,1,1,8,0,0,0,-3,0.0555555555555556,-0.0153846153846154,0
00-0039923,J.McCarthy,J.J. McCarthy,QB,2025,12,REG,2025_12_MIN_GB,MIN,GB,12,19,87,0,2,0,0,2,10,0,0,0,0,0,0,0,0,0,0,0,0,0
00-0040009,S.Williams,Savion Williams,WR,2025,12,REG,2025_12_MIN_GB,GB,MIN,0,0,0,0,0,0,0,1,0,0,0,0,0,0,0,0,0,0,0,0,0,0
00-0040024,D.Cooper,Darius Cooper,WR,2025,12,REG,2025_12_PHI_DAL,PHI,DAL,0,0,0,0,0,0,0,0,0,0,0,0,2,2,7,0,0,0,1,0.0555555555555556,0.00341296928327645,0
00-0040075,L.Wester,LaJohntay Wester,WR,2025,12,REG,2025_12_NYJ_BAL,BAL,NYJ,0,0,0,0,0,0,0,0,0,0,0,0,0,0,0,0,0,0,0,0,0,0
00-0040078,B.Smith,Brashard Smith,RB,2025,12,REG,2025_12_IND_KC,KC,IND,0,0,0,0,0,0,0,1,5,0,0,0,3,4,31,0,0,0,9,0.0930232558139535,0.0256410256410256,0
00-0040122,A.Jeanty,Ashton Jeanty,RB,2025,12,REG,2025_12_CLE_LV,LV,CLE,0,0,0,0,0,0,0,17,50,0,0,0,8,8,58,1,0,0,-20,0.19047619047619,-0.0554016620498615,0
00-0040124,T.McMillan,Tetairoa McMillan,WR,2025,12,REG,2025_12_CAR_SF,CAR,SF,0,0,0,0,0,0,0,0,0,0,0,0,2,7,35,1,0,0,97,0.259259259259259,0.567251461988304,0
00-0040126,C.Loveland,Colston Loveland,TE,2025,12,REG,2025_12_PIT_CHI,CHI,PIT,0,0,0,0,0,0,0,0,0,0,0,0,4,5,49,1,0,0,39,0.166666666666667,0.11890243902439,0
00-0040128,T.Warren,Tyler Warren,TE,2025,12,REG,2025_12_IND_KC,IND,KC,0,0,0,0,0,0,0,0,0,0,0,0,5,7,45,0,0,0,16,0.225806451612903,0.115107913669065,0
00-0040129,E.Egbuka,Emeka Egbuka,WR,2025,12,REG,2025_12_TB_LA,TB,LA,0,0,0,0,0,0,0,0,0,0,0,0,3,8,32,0,0,0,87,0.258064516129032,0.346613545816733,0
00-0040130,J.Higgins,Jayden Higgins,WR,2025,12,REG,2025_12_BUF_HOU,HOU,BUF,0,0,0,0,0,0,0,0,0,0,0,0,4,9,38,1,0,0,117,0.321428571428571,0.506493506493507,0
00-0040131,K.Williams,Kyle Williams,WR,2025,12,REG,2025_12_NE_CIN,NE,CIN,0,0,0,0,0,0,0,0,0,0,0,0,1,1,18,0,0,0,5,0.0303030303030303,0.0168350168350168,0
00-0040138,J.Noel,Jaylin Noel,WR,2025,12,REG,2025_12_BUF_HOU,HOU,BUF,0,0,0,0,0,0,0,1,5,0,0,0,1,2,4,0,0,0,5,0.0714285714285714,0.0216450216450216,0
00-0040154,T.Felton,Tai Felton,WR,2025,12,REG,2025_12_MIN_GB,MIN,GB,0,0,0,0,0,0,0,0,0,0,0,0,0,0,0,0,0,0,0,0,0,0
00-0040162,D.Sampson,Dylan Sampson,RB,2025,12,REG,2025_12_CLE_LV,CLE,LV,0,0,0,0,0,0,0,7,23,0,0,0,2,3,59,1,0,0,-18,0.166666666666667,-0.0923076923076923,0
00-0040187,M.Evans,Mitchell Evans,TE,2025,12,REG,2025_12_CAR_SF,CAR,SF,0,0,0,0,0,0,0,0,0,0,0,0,0,1,0,0,0,0,1,0.037037037037037,0.00584795321637427,0
00-0040194,J.Hawes,Jackson Hawes,TE,2025,12,REG,2025_12_BUF_HOU,BUF,HOU,0,0,0,0,0,0,0,0,0,0,0,0,2,2,26,0,0,0,6,0.0625,0.0372670807453416,0
00-0040202,D.Neal,Devin Neal,RB,2025,12,REG,2025_12_ATL_NO,NO,ATL,0,0,0,0,0,0,0,7,18,0,0,0,5,7,43,0,0,0,-25,0.162790697674419,-0.0809061488673139,0
00-0040205,K.Mullings,Kalel Mullings,RB,2025,12,REG,2025_12_SEA_TEN,TEN,SEA,0,0,0,0,0,0,0,0,0,0,0,0,0,0,0,0,0,0,0,0,0,0
00-0040208,T.Brooks,Tahj Brooks,RB,2025,12,REG,2025_12_NE_CIN,CIN,NE,0,0,0,0,0,0,0,2,5,0,0,0,0,1,0,0,0,0,-3,0.0294117647058824,-0.00892857142857143,0
00-0040218,Ji.Horn,Jimmy Horn Jr.,WR,2025,12,REG,2025_12_CAR_SF,CAR,SF,0,0,0,0,0,0,0,0,0,0,0,0,1,1,11,0,0,0,-6,0.037037037037037,-0.0350877192982456,0
00-0040236,K.Monangai,Kyle Monangai,RB,2025,12,REG,2025_12_PIT_CHI,CHI,PIT,0,0,0,0,0,0,0,12,48,1,0,0,0,0,0,0,0,0,0,0,0,0
00-0040237,T.Johnson,Tez Johnson,WR,2025,12,REG,2025_12_TB_LA,TB,LA,0,0,0,0,0,0,0,2,12,0,0,0,3,4,21,1,0,0,24,0.129032258064516,0.0956175298804781,0
00-0040238,L.Allen,LeQuint Allen Jr.,RB,2025,12,REG,2025_12_JAX_ARI,JAX,ARI,0,0,0,0,0,0,0,1,2,0,0,0,0,0,0,0,0,0,0,0,0,0
00-0040259,G.Larvadain,Gage Larvadain,WR,2025,12,REG,2025_12_CLE_LV,CLE,LV,0,0,0,0,0,0,0,0,0,0,0,0,0,0,0,0,0,0,0,0,0,0
00-0040506,M.Price,Myles Price,WR,2025,12,REG,2025_12_MIN_GB,MIN,GB,0,0,0,0,0,0,0,0,0,0,0,0,0,0,0,0,0,0,0,0,0,0
00-0040522,X.Restrepo,Xavier Restrepo,WR,2025,12,REG,2025_12_SEA_TEN,TEN,SEA,0,0,0,0,0,0,0,0,0,0,0,0,2,6,26,0,0,0,68,0.157894736842105,0.348717948717949,0
00-0040534,K.Williams,Ke'Shawn Williams,WR,2025,12,REG,2025_12_PIT_CHI,PIT,CHI,0,0,0,0,0,0,0,0,0,0,0,0,0,0,0,0,0,0,0,0,0,0
00-0040581,D.Thornton,Dont'e Thornton Jr.,WR,2025,12,REG,2025_12_CLE_LV,LV,CLE,0,0,0,0,0,0,0,0,0,0,0,0,1,2,14,0,0,0,29,0.0476190476190476,0.0803324099722992,0
00-0040582,A.Smith,Arian Smith,WR,2025,12,REG,2025_12_NYJ_BAL,NYJ,BAL,0,0,0,0,0,0,0,1,8,0,0,0,0,0,0,0,0,0,0,0,0,0
00-0040583,W.Marks,Woody Marks,RB,2025,12,REG,2025_12_BUF_HOU,HOU,BUF,0,0,0,0,0,0,0,16,74,0,0,0,1,1,-5,0,0,0,-5,0.0357142857142857,-0.0216450216450216,0
00-0040584,G.Helm,Gunnar Helm,TE,2025,12,REG,2025_12_SEA_TEN,TEN,SEA,0,0,0,0,0,0,0,0,0,0,0,0,6,7,51,0,0,0,32,0.184210526315789,0.164102564102564,0
00-0040590,K.Mumpfield,Konata Mumpfield,WR,2025,12,REG,2025_12_TB_LA,LA,TB,0,0,0,0,0,0,0,0,0,0,0,0,2,2,25,0,0,0,21,0.0588235294117647,0.0843373493975904,0
00-0040644,T.Etienne,Trevor Etienne,RB,2025,12,REG,2025_12_CAR_SF,CAR,SF,0,0,0,0,0,0,0,0,0,0,0,0,0,0,0,0,0,0,0,0,0,0
00-0040663,H.Fannin,Harold Fannin Jr.,TE,2025,12,REG,2025_12_CLE_LV,CLE,LV,0,0,0,0,0,0,0,1,4,0,0,0,4,6,40,0,0,0,4,0.333333333333333,0.0205128205128205,0
00-0040668,S.Sanders,Shedeur Sanders,QB,2025,12,REG,2025_12_CLE_LV,CLE,LV,11,20,209,1,1,0,0,1,-1,0,0,0,0,0,0,0,0,0,0,0,0,0
00-0040669,I.TeSlaa,Isaac TeSlaa,WR,2025,12,REG,2025_12_NYG_DET,DET,NYG,0,0,0,0,0,0,0,0,0,0,0,0,0,1,0,0,0,0,17,0.0263157894736842,0.0769230769230769,0
00-0040676,C.Ward,Cam Ward,QB,2025,12,REG,2025_12_SEA_TEN,TEN,SEA,28,42,256,1,0,0,0,6,37,1,0,0,0,0,0,0,0,0,0,0,0,0
00-0040705,C.Dike,Chimere Dike,WR,2025,12,REG,2025_12_SEA_TEN,TEN,SEA,0,0,0,0,0,0,0,0,0,0,0,0,5,7,44,1,0,0,54,0.184210526315789,0.276923076923077,1
00-0040719,B.Tuten,Bhayshul Tuten,RB,2025,12,REG,2025_12_JAX_ARI,JAX,ARI,0,0,0,0,0,0,0,7,17,0,0,0,0,1,0,0,0,0,1,0.0333333333333333,0.003690036900369,0
00-0040734,T.Henderson,TreVeyon Henderson,RB,2025,12,REG,2025_12_NE_CIN,NE,CIN,0,0,0,0,0,0,0,18,66,0,0,0,3,4,15,0,0,0,7,0.121212121212121,0.0235690235690236,0
00-0040735,L.Burden,Luther Burden III,WR,2025,12,REG,2025_12_PIT_CHI,CHI,PIT,0,0,0,0,0,0,0,1,15,0,0,0,3,5,46,0,0,0,38,0.166666666666667,0.115853658536585,0
00-0040736,M.Taylor,Mason Taylor,TE,2025,12,REG,2025_12_NYJ_BAL,NYJ,BAL,0,0,0,0,0,0,0,0,0,0,0,0,3,5,21,0,0,0,27,0.185185185185185,0.09375,0
00-0040737,T.Ferguson,Terrance Ferguson,TE,2025,12,REG,2025_12_TB_LA,LA,TB,0,0,0,0,0,0,0,0,0,0,0,0,0,1,0,0,0,0,16,0.0294117647058824,0.0642570281124498,0
00-0040739,E.Arroyo,Elijah Arroyo,TE,2025,12,REG,2025_12_SEA_TEN,SEA,TEN,0,0,0,0,0,0,0,0,0,0,0,0,1,1,5,0,0,0,2,0.04,0.00816326530612245,0
00-0040743,T.Shough,Tyler Shough,QB,2025,12,REG,2025_12_ATL_NO,NO,ATL,30,43,243,0,1,0,0,7,22,0,1,0,0,0,0,0,0,0,0,0,0,0
00-0040782,I.Bond,Isaiah Bond,WR,2025,12,REG,2025_12_CLE_LV,CLE,LV,0,0,0,0,0,0,0,0,0,0,0,0,2,2,58,0,0,0,50,0.111111111111111,0.256410256410256,0
00-0040784,Q.Judkins,Quinshon Judkins,RB,2025,12,REG,2025_12_CLE_LV,CLE,LV,0,0,0,0,0,0,0,16,47,2,0,0,0,0,0,0,0,0,0,0,0,0
00-0023459,A.Rodgers,Aaron Rodgers,QB,2025,13,REG,2025_13_BUF_PIT,PIT,BUF,10,21,117,0,0,1,0,1,0,0,0,0,0,0,0,0,0,0,0,0,0,0
00-0026498,M.Stafford,Matthew Stafford,QB,2025,13,REG,2025_13_LA_CAR,LA,CAR,18,28,243,2,2,1,0,1,-1,0,0,0,0,0,0,0,0,0,0,0,0,0
00-0028118,T.Taylor,Tyrod Taylor,QB,2025,13,REG,2025_13_ATL_NYJ,NYJ,ATL,19,33,172,1,0,0,0,8,44,1,0,0,0,0,0,0,0,0,0,0,0,0
00-0029604,K.Cousins,Kirk Cousins,QB,2025,13,REG,2025_13_ATL_NYJ,ATL,NYJ,21,33,234,1,0,0,0,0,0,0,0,0,0,0,0,0,0,0,0,0,0,0
00-0030061,Z.Ertz,Zach Ertz,TE,2025,13,REG,2025_13_DEN_WAS,WAS,DEN,0,0,0,0,0,0,0,0,0,0,0,0,10,13,106,0,0,0,120,0.288888888888889,0.20066889632107,0
00-0030279,K.Allen,Keenan Allen,WR,2025,13,REG,2025_13_LV_LAC,LAC,LV,0,0,0,0,0,0,0,0,0,0,0,0,4,5,30,0,0,0,53,0.238095238095238,0.266331658291457,0
00-0030506,T.Kelce,Travis Kelce,TE,2025,13,REG,2025_13_KC_DAL,KC,DAL,0,0,0,0,0,0,0,0,0,0,0,0,5,6,45,1,0,0,57,0.1875,0.2375,0
00-0030564,D.Hopkins,DeAndre Hopkins,WR,2025,13,REG,2025_13_CIN_BAL,BAL,CIN,0,0,0,0,0,0,0,0,0,0,0,0,2,3,25,0,0,0,31,0.1,0.0813648293963255,0
00-0030565,G.Smith,Geno Smith,QB,2025,13,REG,2025_13_LV_LAC,LV,LAC,18,23,165,2,1,0,0,2,-6,0,0,0,0,0,0,0,0,0,0,0,0,0
00-0031236,B.Cooks,Brandin Cooks,WR,2025,13,REG,2025_13_BUF_PIT,BUF,PIT,0,0,0,0,0,0,0,0,0,0,0,0,1,1,13,0,0,0,13,0.0434782608695652,0.333333333333333,0
00-0031381,D.Adams,Davante Adams,WR,2025,13,REG,2025_13_LA_CAR,LA,CAR,0,0,0,0,0,0,0,0,0,0,0,0,4,5,58,2,0,0,64,0.185185185185185,0.289592760180996,0
00-0031588,S.Diggs,Stefon Diggs,WR,2025,13,REG,2025_13_NYG_NE,NE,NYG,0,0,0,0,0,0,0,0,0,0,0,0,3,4,26,0,0,0,12,0.133333333333333,0.0489795918367347,0
00-0031610,D.Waller,Darren Waller,TE,2025,13,REG,2025_13_NO_MIA,MIA,NO,0,0,0,0,0,0,0,0,0,0,0,0,2,3,47,0,0,0,39,0.15,0.168103448275862,0
00-0031687,R.Mostert,Raheem Mostert,RB,2025,13,REG,2025_13_LV_LAC,LV,LAC,0,0,0,0,0,0,0,1,6,0,0,0,0,0,0,0,0,0,0,0,0,0
00-0032104,A.Abdullah,Ameer Abdullah,RB,2025,13,REG,2025_13_HOU_IND,IND,HOU,0,0,0,0,0,0,0,0,0,0,0,0,0,0,0,0,0,0,0,0,0,0
00-0032211,T.Lockett,Tyler Lockett,WR,2025,13,REG,2025_13_LV_LAC,LV,LAC,0,0,0,0,0,0,0,0,0,0,0,0,1,1,11,0,0,0,4,0.0454545454545455,0.0533333333333333,0
00-0032268,M.Mariota,Marcus Mariota,QB,2025,13,REG,2025_13_DEN_WAS,WAS,DEN,28,50,294,2,1,0,0,10,55,0,0,0,0,0,0,0,0,0,0,0,0,0
00-0032385,S.Shepard,Sterling Shepard,WR,2025,13,REG,2025_13_ARI_TB,TB,ARI,0,0,0,0,0,0,0,0,0,0,0,0,1,2,5,0,0,0,50,0.0769230769230769,0.240384615384615,0
00-0032764,D.Henry,Derrick Henry,RB,2025,13,REG,2025_13_CIN_BAL,BAL,CIN,0,0,0,0,0,0,0,10,60,1,0,0,1,1,44,0,0,0,2,0.0333333333333333,0.005249343832021,0
00-0032775,D.Robinson,Demarcus Robinson,WR,2025,13,REG,2025_13_SF_CLE,SF,CLE,0,0,0,0,0,0,0,1,6,0,0,0,0,1,0,0,0,0,8,0.0434782608695652,0.0300751879699248,0
00-0032951,L.Treadwell,Laquon Treadwell,WR,2025,13,REG,2025_13_HOU_IND,IND,HOU,0,0,0,0,0,0,0,0,0,0,0,0,0,0,0,0,0,0,0,0,0,0
00-0033077,D.Prescott,Dak Prescott,QB,2025,13,REG,2025_13_KC_DAL,DAL,KC,27,39,320,2,1,0,1,3,-2,0,0,0,0,0,0,0,0,0,0,0,0,0
00-0033090,H.Henry,Hunter Henry,TE,2025,13,REG,2025_13_NYG_NE,NE,NYG,0,0,0,0,0,0,0,0,0,0,0,0,4,6,73,0,0,0,50,0.2,0.204081632653061,0
00-0033106,J.Goff,Jared Goff,QB,2025,13,REG,2025_13_GB_DET,DET,GB,20,26,256,2,0,0,0,1,24,0,0,0,0,0,0,0,0,0,0,0,0,0
00-0033119,J.Brissett,Jacoby Brissett,QB,2025,13,REG,2025_13_ARI_TB,ARI,TB,29,40,301,2,1,0,0,3,16,0,0,0,0,0,0,0,0,0,0,0,0,0
00-0033280,C.McCaffrey,Christian McCaffrey,RB,2025,13,REG,2025_13_SF_CLE,SF,CLE,0,1,0,0,0,0,0,20,53,1,0,0,4,4,21,0,0,0,-4,0.173913043478261,-0.0150375939849624,0
00-0033288,G.Kittle,George Kittle,TE,2025,13,REG,2025_13_SF_CLE,SF,CLE,0,0,0,0,0,0,0,0,0,0,0,0,4,5,67,0,0,0,63,0.217391304347826,0.236842105263158,0
00-0033293,A.Jones,Aaron Jones,RB,2025,13,REG,2025_13_MIN_SEA,MIN,SEA,0,0,0,0,0,0,0,6,3,0,0,0,4,4,22,0,1,0,-24,0.137931034482759,-0.143712574850299,0
00-0033307,K.Bourne,Kendrick Bourne,WR,2025,13,REG,2025_13_SF_CLE,SF,CLE,0,0,0,0,0,0,0,0,0,0,0,0,0,1,0,0,0,0,20,0.0434782608695652,0.075187969924812,0
00-0033319,N.Mullens,Nick Mullens,QB,2025,13,REG,2025_13_JAX_TEN,JAX,TEN,0,0,0,0,0,0,0,3,-3,0,0,0,0,0,0,0,0,0,0,0,0,0
00-0033357,T.Hill,Taysom Hill,TE,2025,13,REG,2025_13_NO_MIA,NO,MIA,0,0,0,0,0,0,0,1,2,0,0,0,1,1,5,0,0,0,5,0.0294117647058824,0.0185873605947955,0
00-0033375,T.Patrick,Tim Patrick,WR,2025,13,REG,2025_13_JAX_TEN,JAX,TEN,0,0,0,0,0,0,0,0,0,0,0,0,1,1,11,0,0,0,11,0.04,0.0407407407407407,0
00-0033455,A.Firkser,Anthony Firkser,TE,2025,13,REG,2025_13_GB_DET,DET,GB,0,0,0,0,0,0,0,0,0,0,0,0,1,1,4,0,0,0,4,0.037037037037037,0.0235294117647059,0
00-0033526,S.Perine,Samaje Perine,RB,2025,13,REG,2025_13_CIN_BAL,CIN,BAL,0,0,0,0,0,0,0,14,39,0,1,0,2,2,15,0,0,0,2,0.0454545454545455,0.00526315789473684,0
00-0033555,M.Hollins,Mack Hollins,WR,2025,13,REG,2025_13_NYG_NE,NE,NYG,0,0,0,0,0,0,0,0,0,0,0,0,3,4,23,0,0,0,59,0.133333333333333,0.240816326530612,0
00-0033572,J.Agnew,Jamal Agnew,WR,2025,13,REG,2025_13_ATL_NYJ,ATL,NYJ,0,0,0,0,0,0,0,0,0,0,0,0,0,0,0,0,0,0,0,0,0,0
00-0033854,D.Ogunbowale,Dare Ogunbowale,RB,2025,13,REG,2025_13_HOU_IND,HOU,IND,0,0,0,0,0,0,0,0,0,0,0,0,0,0,0,0,0,0,0,0,0,0
00-0033857,J.Smith-Schuster,JuJu Smith-Schuster,WR,2025,13,REG,2025_13_KC_DAL,KC,DAL,0,0,0,0,0,0,0,0,0,0,0,0,0,1,0,0,0,0,4,0.03125,0.0166666666666667,0
00-0033858,J.Smith,Jonnu Smith,TE,2025,13,REG,2025_13_BUF_PIT,PIT,BUF,0,0,0,0,0,0,0,0,0,0,0,0,1,2,6,0,0,0,12,0.0909090909090909,0.0991735537190083,0
00-0033873,P.Mahomes,Patrick Mahomes,QB,2025,13,REG,2025_13_KC_DAL,KC,DAL,23,34,261,4,0,0,0,3,30,0,0,0,0,0,0,0,0,0,0,0,0,0
00-0033881,E.Engram,Evan Engram,TE,2025,13,REG,2025_13_DEN_WAS,DEN,WAS,0,0,0,0,0,0,0,0,0,0,0,0,6,9,79,0,0,0,39,0.209302325581395,0.206349206349206,0
00-0033885,D.Njoku,David Njoku,TE,2025,13,REG,2025_13_SF_CLE,CLE,SF,0,0,0,0,0,0,0,0,0,0,0,0,2,2,4,0,0,0,2,0.0869565217391304,0.0115606936416185,0
00-0033908,C.Kupp,Cooper Kupp,WR,2025,13,REG,2025_13_MIN_SEA,SEA,MIN,0,0,0,0,0,0,0,0,0,0,0,0,3,4,24,0,0,0,13,0.173913043478261,0.139784946236559,0
00-0033921,C.Godwin,Chris Godwin Jr.,WR,2025,13,REG,2025_13_ARI_TB,TB,ARI,0,0,0,0,0,0,0,0,0,0,0,0,3,5,78,0,0,0,44,0.192307692307692,0.211538461538462,0
00-0033923,K.Hunt,Kareem Hunt,RB,2025,13,REG,2025_13_KC_DAL,KC,DAL,0,0,0,0,0,0,0,14,58,0,0,0,1,2,22,0,0,0,0,0.0625,0,0
00-0033955,J.McNichols,Jeremy McNichols,RB,2025,13,REG,2025_13_DEN_WAS,WAS,DEN,0,0,0,0,0,0,0,6,30,0,0,0,2,2,0,0,0,0,-9,0.0444444444444444,-0.0150501672240803,0
00-0034073,R.Dwelley,Ross Dwelley,TE,2025,13,REG,2025_13_GB_DET,DET,GB,0,0,0,0,0,0,0,0,0,0,0,0,1,3,3,0,0,0,1,0.111111111111111,0.00588235294117647,0
00-0034348,C.Sutton,Courtland Sutton,WR,2025,13,REG,2025_13_DEN_WAS,DEN,WAS,0,0,0,0,0,0,0,0,0,0,0,0,5,6,62,1,0,0,63,0.13953488372093,0.333333333333333,0
00-0034351,D.Goedert,Dallas Goedert,TE,2025,13,REG,2025_13_CHI_PHI,PHI,CHI,0,0,0,0,0,0,0,0,0,0,0,0,2,4,27,0,0,0,37,0.133333333333333,0.110778443113772,0
00-0034365,I.Thomas,Ian Thomas,TE,2025,13,REG,2025_13_LV_LAC,LV,LAC,0,0,0,0,0,0,0,0,0,0,0,0,1,1,8,0,0,0,1,0.0454545454545455,0.0133333333333333,0
00-0034383,D.Schultz,Dalton Schultz,TE,2025,13,REG,2025_13_HOU_IND,HOU,IND,0,0,0,0,0,0,0,0,0,0,0,0,7,8,55,0,0,0,35,0.25,0.0892857142857143,0
00-0034418,C.Wilson,Cedrick Wilson Jr.,WR,2025,13,REG,2025_13_NO_MIA,MIA,NO,0,0,0,0,0,0,0,0,0,0,0,0,1,2,16,0,0,0,36,0.1,0.155172413793103,0
00-0034521,A.Lazard,Allen Lazard,WR,2025,13,REG,2025_13_ATL_NYJ,NYJ,ATL,0,0,0,0,0,0,0,0,0,0,0,0,1,1,10,0,0,0,10,0.032258064516129,0.0313479623824451,0
00-0034613,T.Hudson,Tanner Hudson,TE,2025,13,REG,2025_13_CIN_BAL,CIN,BAL,0,0,0,0,0,0,0,0,0,0,0,0,1,2,14,1,0,0,29,0.0454545454545455,0.0763157894736842,0
00-0034753,M.Andrews,Mark Andrews,TE,2025,13,REG,2025_13_CIN_BAL,BAL,CIN,0,0,0,0,0,0,0,0,0,0,0,0,4,6,47,0,0,0,43,0.2,0.112860892388451,0
00-0034771,M.Rudolph,Mason Rudolph,QB,2025,13,REG,2025_13_BUF_PIT,PIT,BUF,0,3,0,0,1,0,0,0,0,0,0,0,0,0,0,0,0,0,0,0,0,0
00-0034791,N.Chubb,Nick Chubb,RB,2025,13,REG,2025_13_HOU_IND,HOU,IND,0,0,0,0,0,0,0,9,34,1,0,0,0,0,0,0,0,0,0,0,0,0
00-0034796,L.Jackson,Lamar Jackson,QB,2025,13,REG,2025_13_CIN_BAL,BAL,CIN,17,32,246,0,1,2,0,6,27,0,0,0,0,0,0,0,0,0,0,0,0,0
00-0034827,D.Moore,DJ Moore,WR,2025,13,REG,2025_13_CHI_PHI,CHI,PHI,0,0,0,0,0,0,0,1,10,0,0,0,2,5,17,0,0,0,54,0.15625,0.214285714285714,0
00-0034829,M.Gesicki,Mike Gesicki,TE,2025,13,REG,2025_13_CIN_BAL,CIN,BAL,0,0,0,0,0,0,0,0,0,0,0,0,2,4,19,0,0,0,27,0.0909090909090909,0.0710526315789474,0
00-0034844,S.Barkley,Saquon Barkley,RB,2025,13,REG,2025_13_CHI_PHI,PHI,CHI,0,0,0,0,0,0,0,13,56,0,0,0,0,2,0,0,0,0,0,0.0666666666666667,0,0
00-0034855,B.Mayfield,Baker Mayfield,QB,2025,13,REG,2025_13_ARI_TB,TB,ARI,18,28,194,1,0,0,0,6,27,0,0,0,0,0,0,0,0,0,0,0,0,0
00-0034857,J.Allen,Josh Allen,QB,2025,13,REG,2025_13_BUF_PIT,BUF,PIT,15,23,123,1,1,0,0,8,38,1,0,0,0,0,0,0,0,0,0,0,0,0
00-0034860,D.Pettis,Dante Pettis,WR,2025,13,REG,2025_13_NO_MIA,NO,MIA,0,0,0,0,0,0,0,0,0,0,0,0,0,0,0,0,0,0,0,0,0,0
00-0034869,S.Darnold,Sam Darnold,QB,2025,13,REG,2025_13_MIN_SEA,SEA,MIN,14,26,128,0,0,1,0,0,0,0,0,0,0,0,0,0,0,0,0,0,0,0
00-0034960,J.Meyers,Jakobi Meyers,WR,2025,13,REG,2025_13_JAX_TEN,JAX,TEN,0,0,0,0,0,0,0,1,3,0,0,0,6,6,90,1,0,0,45,0.24,0.166666666666667,0
00-0034981,F.Moreau,Foster Moreau,TE,2025,13,REG,2025_13_NO_MIA,NO,MIA,0,0,0,0,0,0,0,0,0,0,0,0,2,2,13,0,0,0,3,0.0588235294117647,0.0111524163568773,0
00-0035208,O.Zaccheaus,Olamide Zaccheaus,WR,2025,13,REG,2025_13_CHI_PHI,CHI,PHI,0,0,0,0,0,0,0,0,0,0,0,0,2,3,19,0,0,0,15,0.09375,0.0595238095238095,0
00-0035229,T.Hockenson,T.J. Hockenson,TE,2025,13,REG,2025_13_MIN_SEA,MIN,SEA,0,0,0,0,0,0,0,0,0,0,0,0,6,6,59,0,0,0,27,0.206896551724138,0.161676646706587,0
00-0035250,D.Singletary,Devin Singletary,RB,2025,13,REG,2025_13_NYG_NE,NYG,NE,0,0,0,0,0,0,0,12,68,1,0,0,3,3,34,0,0,0,-1,0.125,-0.00543478260869565,0
00-0035261,T.Pollard,Tony Pollard,RB,2025,13,REG,2025_13_JAX_TEN,TEN,JAX,0,0,0,0,0,0,0,10,60,0,0,0,1,2,3,0,1,0,8,0.0571428571428571,0.032258064516129,0
00-0035311,M.Gaskin,Myles Gaskin,RB,2025,13,REG,2025_13_MIN_SEA,SEA,MIN,0,0,0,0,0,0,0,3,6,0,0,0,0,0,0,0,0,0,0,0,0,0
00-0035359,D.Sills,David Sills,WR,2025,13,REG,2025_13_ATL_NYJ,ATL,NYJ,0,0,0,0,0,0,0,0,0,0,0,0,2,4,15,1,0,0,42,0.129032258064516,0.272727272727273,0
00-0035406,L.Humphrey,Lil'Jordan Humphrey,WR,2025,13,REG,2025_13_DEN_WAS,DEN,WAS,0,0,0,0,0,0,0,0,0,0,0,0,0,1,0,0,0,0,0,0.0232558139534884,0,0
00-0035500,G.Dortch,Greg Dortch,WR,2025,13,REG,2025_13_ARI_TB,ARI,TB,0,0,0,0,0,0,0,0,0,0,0,0,2,2,14,0,0,0,-3,0.0540540540540541,-0.0103806228373702,0
00-0035535,D.Slayton,Darius Slayton,WR,2025,13,REG,2025_13_NYG_NE,NYG,NE,0,0,0,0,0,0,0,0,0,0,0,0,2,3,41,1,0,1,45,0.125,0.244565217391304,0
00-0035537,Ty.Johnson,Ty Johnson,RB,2025,13,REG,2025_13_BUF_PIT,BUF,PIT,0,0,0,0,0,0,0,2,5,0,0,0,3,5,20,0,0,0,-8,0.217391304347826,-0.205128205128205,0
00-0035544,T.Kennedy,Tom Kennedy,WR,2025,13,REG,2025_13_GB_DET,DET,GB,0,0,0,0,0,0,0,0,0,0,0,0,4,4,36,0,0,0,32,0.148148148148148,0.188235294117647,0
00-0035594,T.Homer,Travis Homer,RB,2025,13,REG,2025_13_CHI_PHI,CHI,PHI,0,0,0,0,0,0,0,0,0,0,0,0,0,0,0,0,0,0,0,0,0,0
00-0035602,A.Bachman,Alex Bachman,WR,2025,13,REG,2025_13_LV_LAC,LV,LAC,0,0,0,0,0,0,0,0,0,0,0,0,0,0,0,0,0,0,0,0,0,0
00-0035631,D.Sample,Drew Sample,TE,2025,13,REG,2025_13_CIN_BAL,CIN,BAL,0,0,0,0,0,0,0,1,3,0,0,0,1,2,14,0,0,0,1,0.0454545454545455,0.00263157894736842,0
00-0035640,D.Metcalf,DK Metcalf,WR,2025,13,REG,2025_13_BUF_PIT,PIT,BUF,0,0,0,0,0,0,0,0,0,0,0,0,3,5,32,0,0,0,24,0.227272727272727,0.198347107438017,0
00-0035644,N.Fant,Noah Fant,TE,2025,13,REG,2025_13_CIN_BAL,CIN,BAL,0,0,0,0,0,0,0,0,0,0,0,0,1,2,3,0,0,0,7,0.0454545454545455,0.0184210526315789,0
00-0035645,G.Olszewski,Gunner Olszewski,WR,2025,13,REG,2025_13_NYG_NE,NYG,NE,0,0,0,0,0,0,0,0,0,0,0,0,0,0,0,0,0,0,0,0,0,0
00-0035659,T.McLaurin,Terry McLaurin,WR,2025,13,REG,2025_13_DEN_WAS,WAS,DEN,0,0,0,0,0,0,0,0,0,0,0,0,7,14,96,1,0,0,221,0.311111111111111,0.369565217391304,0
00-0035662,M.Brown,Marquise Brown,WR,2025,13,REG,2025_13_KC_DAL,KC,DAL,0,0,0,0,0,0,0,0,0,0,0,0,2,2,20,1,0,0,17,0.0625,0.0708333333333333,0
00-0035676,A.Brown,A.J. Brown,WR,2025,13,REG,2025_13_CHI_PHI,PHI,CHI,0,0,0,0,0,0,0,0,0,0,0,0,10,12,132,2,0,0,150,0.4,0.449101796407186,0
00-0035685,D.Montgomery,David Montgomery,RB,2025,13,REG,2025_13_GB_DET,DET,GB,0,1,0,0,0,0,0,8,32,1,0,0,2,2,16,0,0,0,5,0.0740740740740741,0.0294117647058824,0
00-0035689,D.Knox,Dawson Knox,TE,2025,13,REG,2025_13_BUF_PIT,BUF,PIT,0,0,0,0,0,0,0,0,0,0,0,0,3,4,28,0,0,0,17,0.173913043478261,0.435897435897436,0
00-0035700,J.Jacobs,Josh Jacobs,RB,2025,13,REG,2025_13_GB_DET,GB,DET,0,0,0,0,0,0,0,17,83,0,0,0,1,1,8,0,0,0,3,0.0344827586206897,0.0087463556851312,0
00-0035710,D.Jones,Daniel Jones,QB,2025,13,REG,2025_13_HOU_IND,IND,HOU,14,27,201,2,0,0,0,1,1,0,0,0,0,0,0,0,0,0,0,0,0,0
00-0035719,D.Samuel,Deebo Samuel Sr.,WR,2025,13,REG,2025_13_DEN_WAS,WAS,DEN,0,0,0,0,0,0,0,2,-3,0,0,0,5,7,64,0,0,0,64,0.155555555555556,0.107023411371237,0
00-0035876,A.Baccellia,Andre Baccellia,WR,2025,13,REG,2025_13_ARI_TB,ARI,TB,0,0,0,0,0,0,0,0,0,0,0,0,0,0,0,0,0,0,0,0,0,0
00-0035891,C.White,Cody White,WR,2025,13,REG,2025_13_MIN_SEA,SEA,MIN,0,0,0,0,0,0,0,0,0,0,0,0,1,1,21,0,0,0,8,0.0434782608695652,0.0860215053763441,0
00-0036040,J.Johnson,Juwan Johnson,TE,2025,13,REG,2025_13_NO_MIA,NO,MIA,0,0,0,0,0,0,0,0,0,0,0,0,5,9,39,0,0,0,47,0.264705882352941,0.174721189591078,0
00-0036133,J.Proche,James Proche,WR,2025,13,REG,2025_13_JAX_TEN,TEN,JAX,0,0,0,0,0,0,0,0,0,0,0,0,1,1,13,0,0,0,13,0.0285714285714286,0.0524193548387097,0
00-0036139,R.Dowdle,Rico Dowdle,RB,2025,13,REG,2025_13_LA_CAR,CAR,LA,0,0,0,0,0,0,0,18,58,0,0,0,2,2,21,0,0,0,-11,0.1,-0.0709677419354839,0
00-0036165,I.Hodgins,Isaiah Hodgins,WR,2025,13,REG,2025_13_NYG_NE,NYG,NE,0,0,0,0,0,0,0,0,0,0,0,0,1,1,4,0,0,0,4,0.0416666666666667,0.0217391304347826,0
00-0036182,N.Westbrook-Ikhine,Nick Westbrook-Ikhine,WR,2025,13,REG,2025_13_NO_MIA,MIA,NO,0,0,0,0,0,0,0,0,0,0,0,0,0,0,0,0,0,0,0,0,0,0
00-0036187,R.Gilliam,Reggie Gilliam,RB,2025,13,REG,2025_13_BUF_PIT,BUF,PIT,0,0,0,0,0,0,0,0,0,0,0,0,0,0,0,0,0,0,0,0,0,0
00-0036196,G.Davis,Gabe Davis,WR,2025,13,REG,2025_13_BUF_PIT,BUF,PIT,0,0,0,0,0,0,0,0,0,0,0,0,1,2,5,0,0,0,10,0.0869565217391304,0.256410256410256,0
00-0036212,T.Tagovailoa,Tua Tagovailoa,QB,2025,13,REG,2025_13_NO_MIA,MIA,NO,12,23,157,0,1,0,0,4,4,0,0,0,0,0,0,0,0,0,0,0,0,0
00-0036223,J.Taylor,Jonathan Taylor,RB,2025,13,REG,2025_13_HOU_IND,IND,HOU,0,0,0,0,0,0,0,21,85,0,0,0,3,5,36,0,0,0,-6,0.2,-0.0303030303030303,0
00-0036244,C.Parkinson,Colby Parkinson,TE,2025,13,REG,2025_13_LA_CAR,LA,CAR,0,0,0,0,0,0,0,0,0,0,0,0,4,5,27,0,0,0,8,0.185185185185185,0.0361990950226244,0
00-0036252,M.Pittman,Michael Pittman,WR,2025,13,REG,2025_13_HOU_IND,IND,HOU,0,0,0,0,0,0,0,0,0,0,0,0,1,4,13,0,0,0,46,0.16,0.232323232323232,0
00-0036259,J.Jennings,Jauan Jennings,WR,2025,13,REG,2025_13_SF_CLE,SF,CLE,0,0,0,0,0,0,0,0,0,0,0,0,4,6,39,1,0,0,71,0.260869565217391,0.266917293233083,0
00-0036264,J.Love,Jordan Love,QB,2025,13,REG,2025_13_GB_DET,GB,DET,18,30,234,4,0,0,0,5,4,0,0,0,0,0,0,0,0,0,0,0,0,0
00-0036275,D.Swift,D'Andre Swift,RB,2025,13,REG,2025_13_CHI_PHI,CHI,PHI,0,0,0,0,0,0,0,18,125,1,0,0,1,2,13,0,0,0,-2,0.0625,-0.00793650793650794,0
00-0036290,C.Kmet,Cole Kmet,TE,2025,13,REG,2025_13_CHI_PHI,CHI,PHI,0,0,0,0,0,0,0,0,0,0,0,0,3,3,36,1,0,0,26,0.09375,0.103174603174603,0
00-0036309,D.Mooney,Darnell Mooney,WR,2025,13,REG,2025_13_ATL_NYJ,ATL,NYJ,0,0,0,0,0,0,0,0,0,0,0,0,2,5,25,0,0,0,43,0.161290322580645,0.279220779220779,0
00-0036322,J.Jefferson,Justin Jefferson,WR,2025,13,REG,2025_13_MIN_SEA,MIN,SEA,0,0,0,0,0,0,0,0,0,0,0,0,2,6,4,0,0,0,48,0.206896551724138,0.287425149700599,0
00-0036331,D.Duvernay,Devin Duvernay,WR,2025,13,REG,2025_13_CHI_PHI,CHI,PHI,0,0,0,0,0,0,0,0,0,0,0,0,0,0,0,0,0,0,0,0,0,0
00-0036355,J.Herbert,Justin Herbert,QB,2025,13,REG,2025_13_LV_LAC,LAC,LV,15,20,151,2,1,0,0,3,8,0,0,0,0,0,0,0,0,0,0,0,0,0
00-0036358,C.Lamb,CeeDee Lamb,WR,2025,13,REG,2025_13_KC_DAL,DAL,KC,0,0,0,0,0,0,0,0,0,0,0,0,7,9,112,1,0,0,101,0.243243243243243,0.392996108949416,0
00-0036389,J.Hurts,Jalen Hurts,QB,2025,13,REG,2025_13_CHI_PHI,PHI,CHI,19,34,230,2,1,0,0,4,31,0,1,0,0,0,0,0,0,0,0,0,0,0
00-0036407,J.Jeudy,Jerry Jeudy,WR,2025,13,REG,2025_13_SF_CLE,CLE,SF,0,0,0,0,0,0,0,0,0,0,0,0,3,4,26,0,0,0,55,0.173913043478261,0.317919075144509,0
00-0036415,V.Jefferson,Van Jefferson,WR,2025,13,REG,2025_13_JAX_TEN,TEN,JAX,0,0,0,0,0,0,0,0,0,0,0,0,3,4,20,0,0,0,34,0.114285714285714,0.137096774193548,0
00-0036422,A.Trautman,Adam Trautman,TE,2025,13,REG,2025_13_DEN_WAS,DEN,WAS,0,0,0,0,0,0,0,0,0,0,0,0,3,4,47,0,0,0,21,0.0930232558139535,0.111111111111111,0
00-0036442,J.Burrow,Joe Burrow,QB,2025,13,REG,2025_13_CIN_BAL,CIN,BAL,24,46,261,2,0,0,0,3,8,0,0,0,0,0,0,0,0,0,0,0,0,0
00-0036550,R.Bateman,Rashod Bateman,WR,2025,13,REG,2025_13_CIN_BAL,BAL,CIN,0,0,0,0,0,0,0,0,0,0,0,0,0,1,0,0,0,0,31,0.0333333333333333,0.0813648293963255,0
00-0036554,N.Collins,Nico Collins,WR,2025,13,REG,2025_13_HOU_IND,HOU,IND,0,0,0,0,0,0,0,1,7,1,0,0,5,10,98,0,0,0,180,0.3125,0.459183673469388,0
00-0036555,C.Hubbard,Chuba Hubbard,RB,2025,13,REG,2025_13_LA_CAR,CAR,LA,0,0,0,0,0,0,0,17,83,0,0,0,2,2,41,1,0,0,-5,0.1,-0.032258064516129,0
00-0036569,G.Brightwell,Gary Brightwell,RB,2025,13,REG,2025_13_CIN_BAL,CIN,BAL,0,0,0,0,0,0,0,0,0,0,0,0,0,0,0,0,0,0,0,0,0,0
00-0036590,Q.Morris,Quintin Morris,TE,2025,13,REG,2025_13_JAX_TEN,JAX,TEN,0,0,0,0,0,0,0,0,0,0,0,0,1,2,14,0,0,0,9,0.08,0.0333333333333333,0
00-0036613,J.Waddle,Jaylen Waddle,WR,2025,13,REG,2025_13_NO_MIA,MIA,NO,0,0,0,0,0,0,0,0,0,0,0,0,3,6,40,0,0,0,102,0.3,0.439655172413793,0
00-0036628,J.Bates,John Bates,TE,2025,13,REG,2025_13_DEN_WAS,WAS,DEN,0,0,0,0,0,0,0,0,0,0,0,0,2,2,9,0,0,0,1,0.0444444444444444,0.00167224080267559,0
00-0036755,J.Patterson,Jaret Patterson,RB,2025,13,REG,2025_13_LV_LAC,LAC,LV,0,0,0,0,0,0,0,11,54,1,0,0,0,0,0,0,0,0,0,0,0,0
00-0036841,A.Trammell,Austin Trammell,WR,2025,13,REG,2025_13_JAX_TEN,JAX,TEN,0,0,0,0,0,0,0,0,0,0,0,0,0,4,0,0,0,0,45,0.16,0.166666666666667,0
00-0036862,B.Skowronek,Ben Skowronek,WR,2025,13,REG,2025_13_BUF_PIT,PIT,BUF,0,0,0,0,0,0,0,0,0,0,0,0,0,1,0,0,0,0,4,0.0454545454545455,0.0330578512396694,0
00-0036875,R.Stevenson,Rhamondre Stevenson,RB,2025,13,REG,2025_13_NYG_NE,NE,NYG,0,0,0,0,0,0,0,12,40,0,0,0,3,3,40,0,0,0,2,0.1,0.00816326530612245,0
00-0036887,L.Farrell,Luke Farrell,TE,2025,13,REG,2025_13_SF_CLE,SF,CLE,0,0,0,0,0,0,0,0,0,0,0,0,0,1,0,0,0,0,2,0.0434782608695652,0.0075187969924812,0
00-0036900,J.Chase,Ja'Marr Chase,WR,2025,13,REG,2025_13_CIN_BAL,CIN,BAL,0,0,0,0,0,0,0,0,0,0,0,0,7,14,110,0,0,0,171,0.318181818181818,0.45,0
00-0036912,D.Smith,DeVonta Smith,WR,2025,13,REG,2025_13_CHI_PHI,PHI,CHI,0,0,0,0,0,0,0,0,0,0,0,0,5,8,48,0,0,0,72,0.266666666666667,0.215568862275449,0
00-0036919,K.Gainwell,Kenny Gainwell,RB,2025,13,REG,2025_13_BUF_PIT,PIT,BUF,0,0,0,0,0,0,0,5,20,0,0,0,2,3,25,0,0,0,-11,0.136363636363636,-0.0909090909090909,0
00-0036924,M.Carter,Michael Carter,RB,2025,13,REG,2025_13_ARI_TB,ARI,TB,0,0,0,0,0,0,0,5,17,0,0,0,5,6,47,0,0,0,-8,0.162162162162162,-0.027681660899654,0
00-0036963,A.St. Brown,Amon-Ra St. Brown,WR,2025,13,REG,2025_13_GB_DET,DET,GB,0,0,0,0,0,0,0,0,0,0,0,0,0,1,0,0,0,0,-3,0.037037037037037,-0.0176470588235294,0
00-0036970,K.Pitts,Kyle Pitts,TE,2025,13,REG,2025_13_ATL_NYJ,ATL,NYJ,0,0,0,0,0,0,0,0,0,0,0,0,7,8,82,0,0,0,35,0.258064516129032,0.227272727272727,0
00-0036971,T.Lawrence,Trevor Lawrence,QB,2025,13,REG,2025_13_JAX_TEN,JAX,TEN,16,27,229,2,0,0,0,3,25,0,0,1,0,0,0,0,0,0,0,0,0,0
00-0036972,M.Jones,Mac Jones,QB,2025,13,REG,2025_13_SF_CLE,SF,CLE,0,0,0,0,0,0,0,2,2,0,0,0,0,0,0,0,0,0,0,0,0,0
00-0036973,T.Etienne,Travis Etienne,RB,2025,13,REG,2025_13_JAX_TEN,JAX,TEN,0,0,0,0,0,0,0,12,28,0,0,0,1,1,13,0,0,0,-4,0.04,-0.0148148148148148,0
00-0036997,J.Williams,Javonte Williams,RB,2025,13,REG,2025_13_KC_DAL,DAL,KC,0,0,0,0,0,0,0,17,59,0,0,0,3,3,21,1,0,0,-10,0.0810810810810811,-0.0389105058365759,0
00-0037005,T.Tremble,Tommy Tremble,TE,2025,13,REG,2025_13_LA_CAR,CAR,LA,0,0,0,0,0,0,0,0,0,0,0,0,1,2,2,0,0,0,5,0.1,0.032258064516129,0
00-0037012,T.Lance,Trey Lance,QB,2025,13,REG,2025_13_LV_LAC,LAC,LV,1,1,9,0,0,0,0,4,4,0,0,0,0,0,0,0,0,0,0,0,0,0
00-0037085,T.Badie,Tyler Badie,RB,2025,13,REG,2025_13_DEN_WAS,DEN,WAS,0,0,0,0,0,0,0,0,0,0,0,0,3,5,18,0,0,0,-11,0.116279069767442,-0.0582010582010582,0
00-0037091,B.Melton,Bo Melton,WR,2025,13,REG,2025_13_GB_DET,GB,DET,0,0,0,0,0,0,0,2,15,0,0,0,0,1,0,0,0,0,11,0.0344827586206897,0.0320699708454811,0
00-0037120,T.Goodson,Tyler Goodson,RB,2025,13,REG,2025_13_HOU_IND,IND,HOU,0,0,0,0,0,0,0,0,0,0,0,0,0,0,0,0,0,0,0,0,0,0
00-0037132,B.Covey,Britain Covey,WR,2025,13,REG,2025_13_CHI_PHI,PHI,CHI,0,0,0,0,0,0,0,0,0,0,0,0,0,0,0,0,0,0,0,0,0,0
00-0037157,Z.Knight,Bam Knight,RB,2025,13,REG,2025_13_ARI_TB,ARI,TB,0,0,0,0,0,0,0,11,62,0,1,0,3,3,36,1,0,0,12,0.0810810810810811,0.041522491349481,0
00-0037197,I.Pacheco,Isiah Pacheco,RB,2025,13,REG,2025_13_KC_DAL,KC,DAL,0,0,0,0,0,0,0,3,16,0,0,0,2,2,17,0,0,0,5,0.0625,0.0208333333333333,0
00-0037228,J.Warren,Jaylen Warren,RB,2025,13,REG,2025_13_BUF_PIT,PIT,BUF,0,0,0,0,0,0,0,10,35,1,0,0,2,4,9,0,0,0,-9,0.181818181818182,-0.0743801652892562,0
00-0037239,C.Olave,Chris Olave,WR,2025,13,REG,2025_13_NO_MIA,NO,MIA,0,0,0,0,0,0,0,0,0,0,0,0,4,7,47,1,0,0,82,0.205882352941176,0.304832713754647,0
00-0037240,J.Williams,Jameson Williams,WR,2025,13,REG,2025_13_GB_DET,DET,GB,0,0,0,0,0,0,0,1,-5,0,0,0,7,10,144,1,0,0,87,0.37037037037037,0.511764705882353,0
00-0037247,G.Pickens,George Pickens,WR,2025,13,REG,2025_13_KC_DAL,DAL,KC,0,0,0,0,0,0,0,0,0,0,0,0,6,13,88,0,0,1,125,0.351351351351351,0.486381322957198,0
00-0037248,J.Cook,James Cook,RB,2025,13,REG,2025_13_BUF_PIT,BUF,PIT,0,0,0,0,0,0,0,32,144,0,1,0,3,3,33,0,0,0,-4,0.130434782608696,-0.102564102564103,0
00-0037252,G.Dulcich,Greg Dulcich,TE,2025,13,REG,2025_13_NO_MIA,MIA,NO,0,0,0,0,0,0,0,0,0,0,0,0,2,2,24,0,0,0,17,0.1,0.0732758620689655,0
00-0037256,R.White,Rachaad White,RB,2025,13,REG,2025_13_ARI_TB,TB,ARI,0,0,0,0,0,0,0,2,7,0,0,0,3,3,22,0,0,0,-13,0.115384615384615,-0.0625,0
00-0037261,K.Shakir,Khalil Shakir,WR,2025,13,REG,2025_13_BUF_PIT,BUF,PIT,0,0,0,0,0,0,0,0,0,0,0,0,1,4,5,0,0,0,5,0.173913043478261,0.128205128205128,0
00-0037263,T.Allgeier,Tyler Allgeier,RB,2025,13,REG,2025_13_ATL_NYJ,ATL,NYJ,0,0,0,0,0,0,0,8,20,1,0,0,2,2,35,0,0,0,-4,0.0645161290322581,-0.025974025974026,0
00-0037267,J.Ford,Jerome Ford,RB,2025,13,REG,2025_13_SF_CLE,CLE,SF,0,0,0,0,0,0,0,0,0,0,0,0,3,3,17,0,0,0,-4,0.130434782608696,-0.023121387283237,0
00-0037291,J.Nailor,Jalen Nailor,WR,2025,13,REG,2025_13_MIN_SEA,MIN,SEA,0,0,0,0,0,0,0,0,0,0,0,0,0,1,0,0,0,0,24,0.0344827586206897,0.143712574850299,0
00-0037292,A.Ogletree,Andrew Ogletree,TE,2025,13,REG,2025_13_HOU_IND,IND,HOU,0,0,0,0,0,0,0,0,0,0,0,0,1,1,8,0,0,0,7,0.04,0.0353535353535354,0
00-0037306,J.FitzPatrick,John FitzPatrick,TE,2025,13,REG,2025_13_GB_DET,GB,DET,0,0,0,0,0,0,0,0,0,0,0,0,0,1,0,0,0,0,6,0.0344827586206897,0.0174927113702624,0
00-0037487,D.Thompkins,Deven Thompkins,WR,2025,13,REG,2025_13_ATL_NYJ,ATL,NYJ,0,0,0,0,0,0,0,1,5,0,0,0,2,2,23,0,0,0,11,0.0645161290322581,0.0714285714285714,0
00-0037525,J.Mason,Jordan Mason,RB,2025,13,REG,2025_13_MIN_SEA,MIN,SEA,0,0,0,0,0,0,0,6,47,0,0,0,1,1,1,0,0,0,-5,0.0344827586206897,-0.029940119760479,0
00-0037545,R.Shaheed,Rashid Shaheed,WR,2025,13,REG,2025_13_MIN_SEA,SEA,MIN,0,0,0,0,0,0,0,1,9,0,0,0,1,3,7,0,0,0,11,0.130434782608696,0.118279569892473,0
00-0037557,R.Rivers,Ronnie Rivers,RB,2025,13,REG,2025_13_LA_CAR,LA,CAR,0,0,0,0,0,0,0,0,0,0,0,0,0,0,0,0,0,0,0,0,0,0
00-0037563,M.Davis,Malik Davis,RB,2025,13,REG,2025_13_KC_DAL,DAL,KC,0,0,0,0,0,0,0,3,47,1,0,0,0,0,0,0,0,0,0,0,0,0
00-0037594,J.Chestnut,Julius Chestnut,RB,2025,13,REG,2025_13_JAX_TEN,TEN,JAX,0,0,0,0,0,0,0,0,0,0,0,0,0,0,0,0,0,0,0,0,0,0
00-0037614,J.Metchie,John Metchie III,WR,2025,13,REG,2025_13_ATL_NYJ,NYJ,ATL,0,0,0,0,0,0,0,1,-2,0,0,0,4,8,19,0,0,0,46,0.258064516129032,0.144200626959248,0
00-0037664,A.Pierce,Alec Pierce,WR,2025,13,REG,2025_13_HOU_IND,IND,HOU,0,0,0,0,0,0,0,0,0,0,0,0,4,5,78,1,0,0,97,0.2,0.48989898989899,0
00-0037666,J.Tolbert,Jalen Tolbert,WR,2025,13,REG,2025_13_KC_DAL,DAL,KC,0,0,0,0,0,0,0,0,0,0,0,0,0,0,0,0,0,0,0,0,0,0
00-0037741,J.Dotson,Jahan Dotson,WR,2025,13,REG,2025_13_CHI_PHI,PHI,CHI,0,0,0,0,0,0,0,0,0,0,0,0,1,3,12,0,0,0,32,0.1,0.0958083832335329,0
00-0037742,T.Burks,Treylon Burks,WR,2025,13,REG,2025_13_DEN_WAS,WAS,DEN,0,0,0,0,0,0,0,0,0,0,0,0,1,4,5,1,0,0,75,0.0888888888888889,0.125418060200669,0
00-0037744,T.McBride,Trey McBride,TE,2025,13,REG,2025_13_ARI_TB,ARI,TB,0,0,0,0,0,0,0,0,0,0,0,0,8,9,82,1,0,0,95,0.243243243243243,0.328719723183391,0
00-0037746,B.Robinson,Brian Robinson,RB,2025,13,REG,2025_13_SF_CLE,SF,CLE,0,0,0,0,0,0,0,8,26,0,0,0,0,0,0,0,0,0,0,0,0,0
00-0037801,K.Turpin,KaVontae Turpin,WR,2025,13,REG,2025_13_KC_DAL,DAL,KC,0,0,0,0,0,0,0,3,33,0,0,0,2,2,28,0,0,0,0,0.0540540540540541,0,0
00-0037805,J.Ruckert,Jeremy Ruckert,TE,2025,13,REG,2025_13_ATL_NYJ,NYJ,ATL,0,0,0,0,0,0,0,0,0,0,0,0,2,2,12,0,0,0,8,0.0645161290322581,0.0250783699059561,0
00-0037809,C.Okonkwo,Chig Okonkwo,TE,2025,13,REG,2025_13_JAX_TEN,TEN,JAX,0,0,0,0,0,0,0,0,0,0,0,0,4,5,29,0,0,0,40,0.142857142857143,0.161290322580645,0
00-0037816,R.Doubs,Romeo Doubs,WR,2025,13,REG,2025_13_GB_DET,GB,DET,0,0,0,0,0,0,0,0,0,0,0,0,4,4,20,1,0,0,11,0.137931034482759,0.0320699708454811,0
00-0037834,B.Purdy,Brock Purdy,QB,2025,13,REG,2025_13_SF_CLE,SF,CLE,16,29,168,1,0,0,0,2,4,1,0,0,0,0,0,0,0,0,0,0,0,0
00-0037837,C.Austin,Calvin Austin III,WR,2025,13,REG,2025_13_BUF_PIT,PIT,BUF,0,0,0,0,0,0,0,0,0,0,0,0,0,2,0,0,0,0,33,0.0909090909090909,0.272727272727273,0
00-0037838,I.Likely,Isaiah Likely,TE,2025,13,REG,2025_13_CIN_BAL,BAL,CIN,0,0,0,0,0,0,0,0,0,0,0,0,5,6,95,0,1,0,71,0.2,0.186351706036745,0
00-0037840,K.Williams,Kyren Williams,RB,2025,13,REG,2025_13_LA_CAR,LA,CAR,0,0,0,0,0,0,0,13,72,1,0,0,0,1,0,0,0,0,-5,0.037037037037037,-0.0226244343891403,0
00-0038041,J.Ferguson,Jake Ferguson,TE,2025,13,REG,2025_13_KC_DAL,DAL,KC,0,0,0,0,0,0,0,0,0,0,0,0,5,6,36,0,0,0,19,0.162162162162162,0.0739299610894942,0
00-0038046,C.Kolar,Charlie Kolar,TE,2025,13,REG,2025_13_CIN_BAL,BAL,CIN,0,0,0,0,0,0,0,0,0,0,0,0,1,1,17,0,0,0,14,0.0333333333333333,0.036745406824147,0
00-0038090,S.Moore,Skyy Moore,WR,2025,13,REG,2025_13_SF_CLE,SF,CLE,0,0,0,0,0,0,0,0,0,0,0,0,0,0,0,0,0,0,0,0,0,0
00-0038104,T.Thornton,Tyquan Thornton,WR,2025,13,REG,2025_13_KC_DAL,KC,DAL,0,0,0,0,0,0,0,0,0,0,0,0,0,0,0,0,0,0,0,0,0,0
00-0038117,W.Robinson,Wan'Dale Robinson,WR,2025,13,REG,2025_13_NYG_NE,NYG,NE,0,0,0,0,0,0,0,0,0,0,0,0,7,8,34,0,0,0,37,0.333333333333333,0.201086956521739,0
00-0038120,B.Hall,Breece Hall,RB,2025,13,REG,2025_13_ATL_NYJ,NYJ,ATL,0,0,0,0,0,0,0,19,68,1,0,0,2,2,8,0,0,0,7,0.0645161290322581,0.0219435736677116,0
00-0038124,C.Watson,Christian Watson,WR,2025,13,REG,2025_13_GB_DET,GB,DET,0,0,0,0,0,0,0,1,3,0,0,0,4,10,80,1,0,0,186,0.344827586206897,0.542274052478134,0
00-0038129,C.Otton,Cade Otton,TE,2025,13,REG,2025_13_ARI_TB,TB,ARI,0,0,0,0,0,0,0,0,0,0,0,0,2,2,9,0,0,0,5,0.0769230769230769,0.0240384615384615,0
00-0038134,K.Walker,Kenneth Walker III,RB,2025,13,REG,2025_13_MIN_SEA,SEA,MIN,0,0,0,0,0,0,0,13,56,0,0,0,3,4,18,0,0,0,-12,0.173913043478261,-0.129032258064516,0
00-0038359,X.Smith,Xavier Smith,WR,2025,13,REG,2025_13_LA_CAR,LA,CAR,0,0,0,0,0,0,0,0,0,0,0,0,3,3,82,0,0,0,50,0.111111111111111,0.226244343891403,0
00-0038393,D.Wicks,Dontayvion Wicks,WR,2025,13,REG,2025_13_GB_DET,GB,DET,0,0,0,0,0,0,0,1,6,0,0,0,6,7,94,2,0,0,85,0.241379310344828,0.247813411078717,0
00-0038397,E.Hull,Evan Hull,RB,2025,13,REG,2025_13_NO_MIA,NO,MIA,0,0,0,0,0,0,0,5,15,0,0,0,0,0,0,0,0,0,0,0,0,0
00-0038440,Z.Scott,Zavier Scott,RB,2025,13,REG,2025_13_MIN_SEA,MIN,SEA,0,0,0,0,0,0,0,3,17,0,0,0,1,1,4,0,0,0,-2,0.0344827586206897,-0.0119760479041916,0
00-0038454,K.Mitchell,Keaton Mitchell,RB,2025,13,REG,2025_13_CIN_BAL,BAL,CIN,0,0,0,0,0,0,0,2,19,1,0,0,2,3,12,0,0,0,-7,0.1,-0.0183727034120735,0
00-0038465,M.Heath,Malik Heath,WR,2025,13,REG,2025_13_GB_DET,GB,DET,0,0,0,0,0,0,0,0,0,0,0,0,0,1,0,0,0,0,8,0.0344827586206897,0.0233236151603499,0
00-0038519,N.Remigio,Nikko Remigio,WR,2025,13,REG,2025_13_KC_DAL,KC,DAL,0,0,0,0,0,0,0,0,0,0,0,0,0,0,0,0,0,0,0,0,0,0
00-0038542,B.Robinson,Bijan Robinson,RB,2025,13,REG,2025_13_ATL_NYJ,ATL,NYJ,0,0,0,0,0,0,0,23,142,1,0,0,5,7,51,0,0,0,-6,0.225806451612903,-0.038961038961039,0
00-0038543,J.Smith-Njigba,Jaxon Smith-Njigba,WR,2025,13,REG,2025_13_MIN_SEA,SEA,MIN,0,0,0,0,0,0,0,0,0,0,0,0,2,4,23,0,0,0,7,0.173913043478261,0.0752688172043011,0
00-0038544,Q.Johnston,Quentin Johnston,WR,2025,13,REG,2025_13_LV_LAC,LAC,LV,0,0,0,0,0,0,0,0,0,0,0,0,3,3,23,1,0,0,18,0.142857142857143,0.0904522613065327,0
00-0038547,L.Schoonmaker,Luke Schoonmaker,TE,2025,13,REG,2025_13_KC_DAL,DAL,KC,0,0,0,0,0,0,0,0,0,0,0,0,1,1,1,0,0,0,-1,0.027027027027027,-0.00389105058365759,0
00-0038558,D.Washington,Darnell Washington,TE,2025,13,REG,2025_13_BUF_PIT,PIT,BUF,0,0,0,0,0,0,0,0,0,0,0,0,2,4,45,0,0,0,47,0.181818181818182,0.388429752066116,0
00-0038559,M.Wilson,Michael Wilson,WR,2025,13,REG,2025_13_ARI_TB,ARI,TB,0,0,0,0,0,0,0,0,0,0,0,0,3,7,36,0,0,0,91,0.189189189189189,0.314878892733564,0
00-0038563,T.Tucker,Tre Tucker,WR,2025,13,REG,2025_13_LV_LAC,LV,LAC,0,0,0,0,0,0,0,0,0,0,0,0,3,3,20,0,0,0,14,0.136363636363636,0.186666666666667,0
00-0038564,C.Latu,Cameron Latu,TE,2025,13,REG,2025_13_CHI_PHI,PHI,CHI,0,0,0,0,0,0,0,0,0,0,0,0,0,0,0,0,0,0,0,0,0,0
00-0038573,D.Davis,Derius Davis,WR,2025,13,REG,2025_13_LV_LAC,LAC,LV,0,0,0,0,0,0,0,0,0,0,0,0,0,0,0,0,0,0,0,0,0,0
00-0038576,C.Jones,Charlie Jones,WR,2025,13,REG,2025_13_CIN_BAL,CIN,BAL,0,0,0,0,0,0,0,0,0,0,0,0,0,0,0,0,0,0,0,0,0,0
00-0038589,J.Whyle,Josh Whyle,TE,2025,13,REG,2025_13_GB_DET,GB,DET,0,0,0,0,0,0,0,0,0,0,0,0,0,1,0,0,0,0,8,0.0344827586206897,0.0233236151603499,0
00-0038597,C.Brown,Chase Brown,RB,2025,13,REG,2025_13_CIN_BAL,CIN,BAL,0,0,0,0,0,0,0,15,78,0,0,0,7,7,35,0,0,0,-11,0.159090909090909,-0.0289473684210526,0
00-0038606,P.Washington,Parker Washington,WR,2025,13,REG,2025_13_JAX_TEN,JAX,TEN,0,0,0,0,0,0,0,0,0,0,0,0,1,3,26,0,0,0,63,0.12,0.233333333333333,0
00-0038608,K.Boutte,Kayshon Boutte,WR,2025,13,REG,2025_13_NYG_NE,NE,NYG,0,0,0,0,0,0,0,0,0,0,0,0,4,5,35,1,0,0,57,0.166666666666667,0.23265306122449,0
00-0038611,C.Rodriguez,Chris Rodriguez Jr.,RB,2025,13,REG,2025_13_DEN_WAS,WAS,DEN,0,0,0,0,0,0,0,11,41,1,0,0,0,1,0,0,0,0,12,0.0222222222222222,0.020066889632107,0
00-0038618,X.Hutchinson,Xavier Hutchinson,WR,2025,13,REG,2025_13_HOU_IND,HOU,IND,0,0,0,0,0,0,0,0,0,0,0,0,2,5,39,0,0,0,78,0.15625,0.198979591836735,0
00-0038619,A.Iosivas,Andrei Iosivas,WR,2025,13,REG,2025_13_CIN_BAL,CIN,BAL,0,0,0,0,0,0,0,0,0,0,0,0,1,2,29,1,0,0,28,0.0454545454545455,0.0736842105263158,0
00-0038621,D.Douglas,DeMario Douglas,WR,2025,13,REG,2025_13_NYG_NE,NE,NYG,0,0,0,0,0,0,0,0,0,0,0,0,3,3,33,0,0,0,23,0.1,0.0938775510204082,0
00-0038685,C.Brooks,Chris Brooks,RB,2025,13,REG,2025_13_GB_DET,GB,DET,0,0,0,0,0,0,0,0,0,0,0,0,2,2,9,0,0,0,5,0.0689655172413793,0.0145772594752187,0
00-0038710,B.Whiteheart,Blake Whiteheart,TE,2025,13,REG,2025_13_SF_CLE,CLE,SF,0,0,0,0,0,0,0,0,0,0,0,0,0,0,0,0,0,0,0,0,0,0
00-0038720,J.Hill,Julian Hill,TE,2025,13,REG,2025_13_NO_MIA,MIA,NO,0,0,0,0,0,0,0,0,0,0,0,0,0,1,0,0,0,0,8,0.05,0.0344827586206897,0
00-0038794,J.McLaughlin,Jaleel McLaughlin,RB,2025,13,REG,2025_13_DEN_WAS,DEN,WAS,0,0,0,0,0,0,0,6,24,0,0,0,1,1,6,0,0,0,-2,0.0232558139534884,-0.0105820105820106,0
00-0038797,E.Wilson,Emanuel Wilson,RB,2025,13,REG,2025_13_GB_DET,GB,DET,0,0,0,0,0,0,0,4,14,0,0,0,0,0,0,0,0,0,0,0,0,0
00-0038824,R.Miller,Ryan Miller,WR,2025,13,REG,2025_13_ARI_TB,TB,ARI,0,0,0,0,0,0,0,0,0,0,0,0,0,0,0,0,0,0,0,0,0,0
00-0038839,M.Tinsley,Mitchell Tinsley,WR,2025,13,REG,2025_13_CIN_BAL,CIN,BAL,0,0,0,0,0,0,0,0,0,0,0,0,2,9,22,0,0,0,125,0.204545454545455,0.328947368421053,0
00-0038840,B.Tremayne,Brycen Tremayne,WR,2025,13,REG,2025_13_LA_CAR,CAR,LA,0,0,0,0,0,0,0,0,0,0,0,0,0,0,0,0,0,0,0,0,0,0
00-0038935,B.Strange,Brenton Strange,TE,2025,13,REG,2025_13_JAX_TEN,JAX,TEN,0,0,0,0,0,0,0,0,0,0,0,0,3,4,45,1,0,0,65,0.16,0.240740740740741,0
00-0038951,S.Tucker,Sean Tucker,RB,2025,13,REG,2025_13_ARI_TB,TB,ARI,0,0,0,0,0,0,0,2,0,0,0,0,0,0,0,0,0,0,0,0,0,0
00-0038953,D.Drummond,Dylan Drummond,WR,2025,13,REG,2025_13_ATL_NYJ,ATL,NYJ,0,0,0,0,0,0,0,0,0,0,0,0,1,3,3,0,0,0,45,0.0967741935483871,0.292207792207792,0
00-0038976,M.Mims,Marvin Mims Jr.,WR,2025,13,REG,2025_13_DEN_WAS,DEN,WAS,0,0,0,0,0,0,0,1,9,0,0,0,2,2,8,0,0,0,-2,0.0465116279069768,-0.0105820105820106,0
00-0038979,C.Tillman,Cedric Tillman,WR,2025,13,REG,2025_13_SF_CLE,CLE,SF,0,0,0,0,0,0,0,0,0,0,0,0,0,1,0,0,0,0,3,0.0434782608695652,0.0173410404624277,0
00-0038994,J.Addison,Jordan Addison,WR,2025,13,REG,2025_13_MIN_SEA,MIN,SEA,0,0,0,0,0,0,0,0,0,0,0,0,5,10,36,0,0,0,110,0.344827586206897,0.658682634730539,0
00-0038997,J.Downs,Josh Downs,WR,2025,13,REG,2025_13_HOU_IND,IND,HOU,0,0,0,0,0,0,0,0,0,0,0,0,2,6,44,0,0,0,47,0.24,0.237373737373737,0
00-0039032,T.Spears,Tyjae Spears,RB,2025,13,REG,2025_13_JAX_TEN,TEN,JAX,0,0,0,0,0,0,0,2,-1,0,0,0,6,6,25,0,0,0,4,0.171428571428571,0.0161290322580645,0
00-0039040,D.Achane,De'Von Achane,RB,2025,13,REG,2025_13_NO_MIA,MIA,NO,0,0,0,0,0,0,0,22,134,1,0,0,0,1,0,0,0,0,0,0.05,0,0
00-0039041,E.Higgins,Elijah Higgins,TE,2025,13,REG,2025_13_ARI_TB,ARI,TB,0,0,0,0,0,0,0,0,0,0,0,0,2,2,17,0,0,0,6,0.0540540540540541,0.0207612456747405,0
00-0039050,P.Durham,Payne Durham,TE,2025,13,REG,2025_13_ARI_TB,TB,ARI,0,0,0,0,0,0,0,0,0,0,0,0,1,1,11,0,0,0,0,0.0384615384615385,0,0
00-0039064,Z.Flowers,Zay Flowers,WR,2025,13,REG,2025_13_CIN_BAL,BAL,CIN,0,0,0,0,0,0,0,0,0,0,0,0,2,7,6,0,1,0,113,0.233333333333333,0.296587926509186,0
00-0039067,R.Rice,Rashee Rice,WR,2025,13,REG,2025_13_KC_DAL,KC,DAL,0,0,0,0,0,0,0,1,2,0,0,0,8,12,92,2,0,0,66,0.375,0.275,0
00-0039074,D.Allen,Davis Allen,TE,2025,13,REG,2025_13_LA_CAR,LA,CAR,0,0,0,0,0,0,0,0,0,0,0,0,1,1,4,0,0,0,-5,0.037037037037037,-0.0226244343891403,0
00-0039075,P.Nacua,Puka Nacua,WR,2025,13,REG,2025_13_LA_CAR,LA,CAR,0,0,0,0,0,0,0,0,0,0,0,0,6,9,72,0,0,0,49,0.333333333333333,0.221719457013575,0
00-0039139,J.Gibbs,Jahmyr Gibbs,RB,2025,13,REG,2025_13_GB_DET,DET,GB,0,0,0,0,0,0,0,20,68,0,0,0,3,4,18,0,0,0,10,0.148148148148148,0.0588235294117647,0
00-0039144,L.Musgrave,Luke Musgrave,TE,2025,13,REG,2025_13_GB_DET,GB,DET,0,0,0,0,0,0,0,0,0,0,0,0,1,1,23,0,0,0,21,0.0344827586206897,0.0612244897959184,0
00-0039150,B.Young,Bryce Young,QB,2025,13,REG,2025_13_LA_CAR,CAR,LA,15,20,206,3,0,0,0,5,23,0,0,0,0,0,0,0,0,0,0,0,0,0
00-0039163,C.Stroud,C.J. Stroud,QB,2025,13,REG,2025_13_HOU_IND,HOU,IND,22,35,276,0,1,0,0,1,0,0,0,0,0,0,0,0,0,0,0,0,0,0
00-0039165,Z.Charbonnet,Zach Charbonnet,RB,2025,13,REG,2025_13_MIN_SEA,SEA,MIN,0,0,0,0,0,0,0,14,52,1,0,0,0,0,0,0,0,0,0,0,0,0
00-0039338,B.Bowers,Brock Bowers,TE,2025,13,REG,2025_13_LV_LAC,LV,LAC,0,0,0,0,0,0,0,0,0,0,0,0,4,4,63,2,0,0,42,0.181818181818182,0.56,0
00-0039342,X.Legette,Xavier Legette,WR,2025,13,REG,2025_13_LA_CAR,CAR,LA,0,0,0,0,0,0,0,0,0,0,0,0,1,2,1,0,0,0,26,0.1,0.167741935483871,0
00-0039356,J.Sanders,Ja'Tavion Sanders,TE,2025,13,REG,2025_13_LA_CAR,CAR,LA,0,0,0,0,0,0,0,0,0,0,0,0,0,0,0,0,0,0,0,0,0,0
00-0039359,C.Stover,Cade Stover,TE,2025,13,REG,2025_13_HOU_IND,HOU,IND,0,0,0,0,0,0,0,4,3,0,0,0,2,2,16,0,0,0,9,0.0625,0.0229591836734694,0
00-0039361,B.Irving,Bucky Irving,RB,2025,13,REG,2025_13_ARI_TB,TB,ARI,0,0,0,0,0,0,0,17,61,1,0,0,2,2,20,0,0,0,-10,0.0769230769230769,-0.0480769230769231,0
00-0039363,I.Guerendo,Isaac Guerendo,RB,2025,13,REG,2025_13_SF_CLE,SF,CLE,0,0,0,0,0,0,0,0,0,0,0,0,0,0,0,0,0,0,0,0,0,0
00-0039364,S.Vaki,Sione Vaki,RB,2025,13,REG,2025_13_GB_DET,DET,GB,0,0,0,0,0,0,0,0,0,0,0,0,0,0,0,0,0,0,0,0,0,0
00-0039384,T.Tracy,Tyrone Tracy Jr.,RB,2025,13,REG,2025_13_NYG_NE,NYG,NE,0,0,0,0,0,0,0,10,36,0,0,0,1,1,-3,0,0,0,-4,0.0416666666666667,-0.0217391304347826,0
00-0039391,K.Vidal,Kimani Vidal,RB,2025,13,REG,2025_13_LV_LAC,LAC,LV,0,0,0,0,0,0,0,25,126,1,0,0,1,1,11,0,0,0,-1,0.0476190476190476,-0.0050251256281407,0
00-0039407,D.Laube,Dylan Laube,RB,2025,13,REG,2025_13_LV_LAC,LV,LAC,0,0,0,0,0,0,0,0,0,0,0,0,0,0,0,0,0,0,0,0,0,0
00-0039410,R.Flournoy,Ryan Flournoy,WR,2025,13,REG,2025_13_KC_DAL,DAL,KC,0,0,0,0,0,0,0,0,0,0,0,0,3,3,34,0,0,0,21,0.0810810810810811,0.0817120622568093,0
00-0039424,D.Vele,Devaughn Vele,WR,2025,13,REG,2025_13_NO_MIA,NO,MIA,0,0,0,0,0,0,0,0,0,0,0,0,8,8,93,1,0,0,87,0.235294117647059,0.323420074349442,0
00-0039451,I.Williams,Isaiah Williams,WR,2025,13,REG,2025_13_ATL_NYJ,NYJ,ATL,0,0,0,0,0,0,0,0,0,0,0,0,0,1,0,0,0,0,7,0.032258064516129,0.0219435736677116,0
00-0039491,J.Coker,Jalen Coker,WR,2025,13,REG,2025_13_LA_CAR,CAR,LA,0,0,0,0,0,0,0,0,0,0,0,0,4,6,74,1,0,0,96,0.3,0.619354838709677,0
00-0039521,X.Weaver,Xavier Weaver,WR,2025,13,REG,2025_13_ARI_TB,ARI,TB,0,0,0,0,0,0,0,0,0,0,0,0,0,1,0,0,0,0,5,0.027027027027027,0.0173010380622837,0
00-0039530,B.Spann-Ford,Brevyn Spann-Ford,TE,2025,13,REG,2025_13_KC_DAL,DAL,KC,0,0,0,0,0,0,0,0,0,0,0,0,0,0,0,0,0,0,0,0,0,0
00-0039589,K.Johnson,Kameron Johnson,WR,2025,13,REG,2025_13_ARI_TB,TB,ARI,0,0,0,0,0,0,0,0,0,0,0,0,0,0,0,0,0,0,0,0,0,0
00-0039623,M.Tipton,Mason Tipton,WR,2025,13,REG,2025_13_NO_MIA,NO,MIA,0,0,0,0,0,0,0,1,-1,0,0,0,3,4,20,0,0,0,20,0.117647058823529,0.0743494423791822,0
00-0039648,D.Martin-Robinson,David Martin-Robinson,TE,2025,13,REG,2025_13_JAX_TEN,TEN,JAX,0,0,0,0,0,0,0,0,0,0,0,0,0,0,0,0,0,0,0,0,0,0
00-0039686,C.Yankoff,Colson Yankoff,TE,2025,13,REG,2025_13_DEN_WAS,WAS,DEN,0,0,0,0,0,0,0,0,0,0,0,0,1,1,14,0,0,0,13,0.0222222222222222,0.0217391304347826,0
00-0039732,B.Nix,Bo Nix,QB,2025,13,REG,2025_13_DEN_WAS,DEN,WAS,29,45,321,1,1,0,0,2,16,0,0,0,0,0,0,0,0,0,0,0,0,0
00-0039738,B.Corum,Blake Corum,RB,2025,13,REG,2025_13_LA_CAR,LA,CAR,0,0,0,0,0,0,0,7,81,1,0,0,0,0,0,0,0,0,0,0,0,0
00-0039739,R.Wilson,Roman Wilson,WR,2025,13,REG,2025_13_BUF_PIT,PIT,BUF,0,0,0,0,0,0,0,0,0,0,0,0,0,1,0,0,0,0,24,0.0454545454545455,0.198347107438017,0
00-0039746,W.Shipley,Will Shipley,RB,2025,13,REG,2025_13_CHI_PHI,PHI,CHI,0,0,0,0,0,0,0,0,0,0,0,0,1,1,11,0,0,0,10,0.0333333333333333,0.029940119760479,0
00-0039751,J.Whittington,Jordan Whittington,WR,2025,13,REG,2025_13_LA_CAR,LA,CAR,0,0,0,0,0,0,0,0,0,0,0,0,0,1,0,0,0,0,22,0.037037037037037,0.0995475113122172,0
00-0039754,D.Culp,Devin Culp,TE,2025,13,REG,2025_13_ARI_TB,TB,ARI,0,0,0,0,0,0,0,0,0,0,0,0,0,0,0,0,0,0,0,0,0,0
00-0039757,T.Jennings,Terrell Jennings,RB,2025,13,REG,2025_13_NYG_NE,NE,NYG,0,0,0,0,0,0,0,0,0,0,0,0,0,0,0,0,0,0,0,0,0,0
00-0039792,D.Walker,Devontez Walker,WR,2025,13,REG,2025_13_CIN_BAL,BAL,CIN,0,0,0,0,0,0,0,0,0,0,0,0,0,2,0,0,0,0,83,0.0666666666666667,0.217847769028871,0
00-0039793,A.Barner,AJ Barner,TE,2025,13,REG,2025_13_MIN_SEA,SEA,MIN,0,0,0,0,0,0,0,1,2,0,0,0,4,5,35,0,0,0,9,0.217391304347826,0.0967741935483871,0
00-0039796,R.Ali,Rasheen Ali,RB,2025,13,REG,2025_13_CIN_BAL,BAL,CIN,0,0,0,0,0,0,0,4,17,0,0,0,0,0,0,0,0,0,0,0,0,0
00-0039798,I.Davis,Isaiah Davis,RB,2025,13,REG,2025_13_ATL_NYJ,NYJ,ATL,0,0,0,0,0,0,0,0,0,0,0,0,0,1,0,0,0,0,6,0.032258064516129,0.0188087774294671,0
00-0039816,A.Gould,Anthony Gould,WR,2025,13,REG,2025_13_HOU_IND,IND,HOU,0,0,0,0,0,0,0,0,0,0,0,0,0,0,0,0,0,0,0,0,0,0
00-0039824,J.Wiley,Jared Wiley,TE,2025,13,REG,2025_13_KC_DAL,KC,DAL,0,0,0,0,0,0,0,0,0,0,0,0,1,1,4,0,0,0,-4,0.03125,-0.0166666666666667,0
00-0039847,T.Johnson,Theo Johnson,TE,2025,13,REG,2025_13_NYG_NE,NYG,NE,0,0,0,0,0,0,0,0,0,0,0,0,3,8,29,0,0,0,103,0.333333333333333,0.559782608695652,0
00-0039849,M.Harrison,Marvin Harrison Jr.,WR,2025,13,REG,2025_13_ARI_TB,ARI,TB,0,0,0,0,0,0,0,0,0,0,0,0,6,7,69,0,0,0,83,0.189189189189189,0.28719723183391,0
00-0039851,D.Maye,Drake Maye,QB,2025,13,REG,2025_13_NYG_NE,NE,NYG,24,31,282,2,0,0,0,6,12,0,0,0,0,0,0,0,0,0,0,0,0,0
00-0039868,T.Franklin,Troy Franklin,WR,2025,13,REG,2025_13_DEN_WAS,DEN,WAS,0,0,0,0,0,0,0,0,0,0,0,0,2,3,21,0,0,0,19,0.0697674418604651,0.100529100529101,0
00-0039874,J.Wright,Jaylen Wright,RB,2025,13,REG,2025_13_NO_MIA,MIA,NO,0,0,0,0,0,0,0,3,16,0,0,0,0,0,0,0,0,0,0,0,0,0
00-0039875,R.Davis,Ray Davis,RB,2025,13,REG,2025_13_BUF_PIT,BUF,PIT,0,0,0,0,0,0,0,9,62,0,0,0,0,0,0,0,0,0,0,0,0,0
00-0039880,M.Washington,Malik Washington,WR,2025,13,REG,2025_13_NO_MIA,MIA,NO,0,0,0,0,0,0,0,0,0,0,0,0,4,5,30,0,0,0,18,0.25,0.0775862068965517,0
00-0039890,A.Mitchell,Adonai Mitchell,WR,2025,13,REG,2025_13_ATL_NYJ,NYJ,ATL,0,0,0,0,0,0,0,0,0,0,0,0,8,12,102,1,0,0,173,0.387096774193548,0.542319749216301,0
00-0039893,B.Thomas,Brian Thomas Jr.,WR,2025,13,REG,2025_13_JAX_TEN,JAX,TEN,0,0,0,0,0,0,0,0,0,0,0,0,2,3,28,0,0,0,47,0.12,0.174074074074074,0
00-0039894,X.Worthy,Xavier Worthy,WR,2025,13,REG,2025_13_KC_DAL,KC,DAL,0,0,0,0,0,0,0,2,13,0,0,0,4,6,61,0,0,0,66,0.1875,0.275,0
00-0039901,K.Coleman,Keon Coleman,WR,2025,13,REG,2025_13_BUF_PIT,BUF,PIT,0,0,0,0,0,0,0,0,0,0,0,0,2,3,9,1,0,0,6,0.130434782608696,0.153846153846154,0
00-0039915,L.McConkey,Ladd McConkey,WR,2025,13,REG,2025_13_LV_LAC,LAC,LV,0,0,0,0,0,0,0,0,0,0,0,0,4,6,39,1,0,0,52,0.285714285714286,0.261306532663317,0
00-0039916,R.Pearsall,Ricky Pearsall,WR,2025,13,REG,2025_13_SF_CLE,SF,CLE,0,0,0,0,0,0,0,0,0,0,0,0,2,3,14,0,0,0,21,0.130434782608696,0.0789473684210526,0
00-0039918,C.Williams,Caleb Williams,QB,2025,13,REG,2025_13_CHI_PHI,CHI,PHI,17,36,154,1,1,0,0,5,13,0,0,0,0,0,0,0,0,0,0,0,0,0
00-0039919,R.Odunze,Rome Odunze,WR,2025,13,REG,2025_13_CHI_PHI,CHI,PHI,0,0,0,0,0,0,0,0,0,0,0,0,2,6,8,0,0,0,57,0.1875,0.226190476190476,0
00-0039920,M.Corley,Malachi Corley,WR,2025,13,REG,2025_13_SF_CLE,CLE,SF,0,0,0,0,0,0,0,1,9,0,0,0,0,0,0,0,0,0,0,0,0,0
00-0040058,N.Kallerup,Nick Kallerup,TE,2025,13,REG,2025_13_MIN_SEA,SEA,MIN,0,0,0,0,0,0,0,0,0,0,0,0,0,0,0,0,0,0,0,0,0,0
00-0040078,B.Smith,Brashard Smith,RB,2025,13,REG,2025_13_KC_DAL,KC,DAL,0,0,0,0,0,0,0,0,0,0,0,0,0,0,0,0,0,0,0,0,0,0
00-0040122,A.Jeanty,Ashton Jeanty,RB,2025,13,REG,2025_13_LV_LAC,LV,LAC,0,0,0,0,0,0,0,15,31,0,0,0,6,8,30,0,0,0,-27,0.363636363636364,-0.36,0
00-0040124,T.McMillan,Tetairoa McMillan,WR,2025,13,REG,2025_13_LA_CAR,CAR,LA,0,0,0,0,0,0,0,0,0,0,0,0,1,2,43,1,0,0,46,0.1,0.296774193548387,0
00-0040126,C.Loveland,Colston Loveland,TE,2025,13,REG,2025_13_CHI_PHI,CHI,PHI,0,0,0,0,0,0,0,0,0,0,0,0,3,6,28,0,0,0,69,0.1875,0.273809523809524,0
00-0040128,T.Warren,Tyler Warren,TE,2025,13,REG,2025_13_HOU_IND,IND,HOU,0,0,0,0,0,0,0,1,0,0,0,0,3,4,22,1,0,0,12,0.16,0.0606060606060606,0
00-0040129,E.Egbuka,Emeka Egbuka,WR,2025,13,REG,2025_13_ARI_TB,TB,ARI,0,0,0,0,0,0,0,0,0,0,0,0,4,8,42,0,0,0,84,0.307692307692308,0.403846153846154,0
00-0040130,J.Higgins,Jayden Higgins,WR,2025,13,REG,2025_13_HOU_IND,HOU,IND,0,0,0,0,0,0,0,0,0,0,0,0,5,5,65,0,0,0,47,0.15625,0.119897959183673,0
00-0040131,K.Williams,Kyle Williams,WR,2025,13,REG,2025_13_NYG_NE,NE,NYG,0,0,0,0,0,0,0,0,0,0,0,0,1,1,33,1,0,0,33,0.0333333333333333,0.13469387755102,0
00-0040134,P.Bryant,Pat Bryant,WR,2025,13,REG,2025_13_DEN_WAS,DEN,WAS,0,0,0,0,0,0,0,0,0,0,0,0,3,7,42,0,0,0,66,0.162790697674419,0.349206349206349,0
00-0040138,J.Noel,Jaylin Noel,WR,2025,13,REG,2025_13_HOU_IND,HOU,IND,0,0,0,0,0,0,0,0,0,0,0,0,0,1,0,0,0,0,5,0.03125,0.0127551020408163,0
00-0040142,K.Johnson,Kaleb Johnson,RB,2025,13,REG,2025_13_BUF_PIT,PIT,BUF,0,0,0,0,0,0,0,2,3,0,0,0,0,0,0,0,0,0,0,0,0,0
00-0040154,T.Felton,Tai Felton,WR,2025,13,REG,2025_13_MIN_SEA,MIN,SEA,0,0,0,0,0,0,0,0,0,0,0,0,0,0,0,0,0,0,0,0,0,0
00-0040162,D.Sampson,Dylan Sampson,RB,2025,13,REG,2025_13_SF_CLE,CLE,SF,0,0,0,0,0,0,0,4,23,0,0,0,0,0,0,0,0,0,0,0,0,0
00-0040164,J.Lane,Jaylin Lane,WR,2025,13,REG,2025_13_DEN_WAS,WAS,DEN,0,0,0,0,0,0,0,0,0,0,0,0,0,1,0,0,0,0,29,0.0222222222222222,0.048494983277592,0
00-0040170,E.Ayomanor,Elic Ayomanor,WR,2025,13,REG,2025_13_JAX_TEN,TEN,JAX,0,0,0,0,0,0,0,0,0,0,0,0,1,5,5,0,0,0,57,0.142857142857143,0.229838709677419,0
00-0040187,M.Evans,Mitchell Evans,TE,2025,13,REG,2025_13_LA_CAR,CAR,LA,0,0,0,0,0,0,0,0,0,0,0,0,3,3,20,0,0,0,-3,0.15,-0.0193548387096774,0
00-0040189,O.Gadsden,Oronde Gadsden II,TE,2025,13,REG,2025_13_LV_LAC,LAC,LV,0,0,0,0,0,0,0,0,0,0,0,0,1,2,27,0,0,0,33,0.0952380952380952,0.165829145728643,0
00-0040194,J.Hawes,Jackson Hawes,TE,2025,13,REG,2025_13_BUF_PIT,BUF,PIT,0,0,0,0,0,0,0,0,0,0,0,0,1,1,10,0,0,0,0,0.0434782608695652,0,0
00-0040198,O.Gordon,Ollie Gordon II,RB,2025,13,REG,2025_13_NO_MIA,MIA,NO,0,0,0,0,0,0,0,3,10,0,0,0,0,0,0,0,0,0,0,0,0,0
00-0040202,D.Neal,Devin Neal,RB,2025,13,REG,2025_13_NO_MIA,NO,MIA,0,0,0,0,0,0,0,14,47,0,0,0,3,3,22,0,0,0,-3,0.0882352941176471,-0.0111524163568773,0
00-0040236,K.Monangai,Kyle Monangai,RB,2025,13,REG,2025_13_CHI_PHI,CHI,PHI,0,0,0,0,0,0,0,22,130,1,0,0,0,1,0,0,0,0,-8,0.03125,-0.0317460317460317,0
00-0040237,T.Johnson,Tez Johnson,WR,2025,13,REG,2025_13_ARI_TB,TB,ARI,0,0,0,0,0,0,0,0,0,0,0,0,1,2,5,0,0,0,30,0.0769230769230769,0.144230769230769,0
00-0040238,L.Allen,LeQuint Allen Jr.,RB,2025,13,REG,2025_13_JAX_TEN,JAX,TEN,0,0,0,0,0,0,0,0,0,0,0,0,0,0,0,0,0,0,0,0,0,0
00-0040242,J.Croskey-Merritt,Jacory Croskey-Merritt,RB,2025,13,REG,2025_13_DEN_WAS,WAS,DEN,0,0,0,0,0,0,0,4,20,0,0,0,0,0,0,0,0,0,0,0,0,0
00-0040259,G.Larvadain,Gage Larvadain,WR,2025,13,REG,2025_13_SF_CLE,CLE,SF,0,0,0,0,0,0,0,0,0,0,0,0,2,3,23,0,0,0,18,0.130434782608696,0.104046242774566,0
00-0040494,M.Brosmer,Max Brosmer,QB,2025,13,REG,2025_13_MIN_SEA,MIN,SEA,19,30,126,0,4,0,0,1,-1,0,0,0,0,0,0,0,0,0,0,0,0,0
00-0040506,M.Price,Myles Price,WR,2025,13,REG,2025_13_MIN_SEA,MIN,SEA,0,0,0,0,0,0,0,0,0,0,0,0,0,0,0,0,0,0,0,0,0,0
00-0040522,X.Restrepo,Xavier Restrepo,WR,2025,13,REG,2025_13_JAX_TEN,TEN,JAX,0,0,0,0,0,0,0,0,0,0,0,0,1,1,15,0,0,0,9,0.0285714285714286,0.0362903225806452,0
00-0040534,K.Williams,Ke'Shawn Williams,WR,2025,13,REG,2025_13_BUF_PIT,PIT,BUF,0,0,0,0,0,0,0,0,0,0,0,0,0,0,0,0,0,0,0,0,0,0
00-0040563,E.Chism,Efton Chism III,WR,2025,13,REG,2025_13_NYG_NE,NE,NYG,0,0,0,0,0,0,0,0,0,0,0,0,0,0,0,0,0,0,0,0,0,0
00-0040581,D.Thornton,Dont'e Thornton Jr.,WR,2025,13,REG,2025_13_LV_LAC,LV,LAC,0,0,0,0,0,0,0,0,0,0,0,0,1,2,11,0,0,0,23,0.0909090909090909,0.306666666666667,0
00-0040583,W.Marks,Woody Marks,RB,2025,13,REG,2025_13_HOU_IND,HOU,IND,0,0,0,0,0,0,0,19,64,0,0,0,1,1,3,0,0,0,-3,0.03125,-0.0076530612244898,0
00-0040584,G.Helm,Gunnar Helm,TE,2025,13,REG,2025_13_JAX_TEN,TEN,JAX,0,0,0,0,0,0,0,0,0,0,0,0,6,7,23,0,0,0,36,0.2,0.145161290322581,0
00-0040590,K.Mumpfield,Konata Mumpfield,WR,2025,13,REG,2025_13_LA_CAR,LA,CAR,0,0,0,0,0,0,0,0,0,0,0,0,0,0,0,0,0,0,0,0,0,0
00-0040644,T.Etienne,Trevor Etienne,RB,2025,13,REG,2025_13_LA_CAR,CAR,LA,0,0,0,0,0,0,0,0,0,0,0,0,1,1,4,0,0,0,1,0.05,0.00645161290322581,0
00-0040663,H.Fannin,Harold Fannin Jr.,TE,2025,13,REG,2025_13_SF_CLE,CLE,SF,0,0,0,0,0,0,0,1,0,0,1,0,3,5,43,1,0,0,26,0.217391304347826,0.15028901734104,0
00-0040668,S.Sanders,Shedeur Sanders,QB,2025,13,REG,2025_13_SF_CLE,CLE,SF,16,25,149,1,0,0,0,1,6,0,0,0,0,0,0,0,0,0,0,0,0,0
00-0040669,I.TeSlaa,Isaac TeSlaa,WR,2025,13,REG,2025_13_GB_DET,DET,GB,0,0,0,0,0,0,0,0,0,0,0,0,2,2,35,1,0,0,34,0.0740740740740741,0.2,0
00-0040676,C.Ward,Cam Ward,QB,2025,13,REG,2025_13_JAX_TEN,TEN,JAX,24,38,141,0,0,0,0,1,7,0,0,0,0,0,0,0,0,0,0,0,0,0
00-0040691,J.Dart,Jaxson Dart,QB,2025,13,REG,2025_13_NYG_NE,NYG,NE,17,24,139,1,0,0,1,4,20,0,0,0,0,0,0,0,0,0,0,0,0,0
00-0040704,D.Gabriel,Dillon Gabriel,QB,2025,13,REG,2025_13_SF_CLE,CLE,SF,1,1,0,0,0,0,0,0,0,0,0,0,0,0,0,0,0,0,0,0,0,0
00-0040705,C.Dike,Chimere Dike,WR,2025,13,REG,2025_13_JAX_TEN,TEN,JAX,0,0,0,0,0,0,0,1,1,0,0,0,1,4,8,0,0,0,35,0.114285714285714,0.141129032258065,0
00-0040719,B.Tuten,Bhayshul Tuten,RB,2025,13,REG,2025_13_JAX_TEN,JAX,TEN,0,0,0,0,0,0,0,8,17,1,0,0,1,1,2,0,0,0,2,0.04,0.00740740740740741,0
00-0040727,T.Harris,Tre Harris,WR,2025,13,REG,2025_13_LV_LAC,LAC,LV,0,0,0,0,0,0,0,0,0,0,0,0,3,4,30,0,0,0,44,0.19047619047619,0.221105527638191,0
00-0040729,J.Bech,Jack Bech,WR,2025,13,REG,2025_13_LV_LAC,LV,LAC,0,0,0,0,0,0,0,0,0,0,0,0,2,3,22,0,0,0,14,0.136363636363636,0.186666666666667,0
00-0040730,R.Harvey,RJ Harvey,RB,2025,13,REG,2025_13_DEN_WAS,DEN,WAS,0,0,0,0,0,0,0,13,35,2,0,0,3,4,27,0,0,0,-3,0.0930232558139535,-0.0158730158730159,0
00-0040734,T.Henderson,TreVeyon Henderson,RB,2025,13,REG,2025_13_NYG_NE,NE,NYG,0,0,0,0,0,0,0,11,67,0,0,0,3,4,19,0,0,0,-4,0.133333333333333,-0.0163265306122449,0
00-0040735,L.Burden,Luther Burden III,WR,2025,13,REG,2025_13_CHI_PHI,CHI,PHI,0,0,0,0,0,0,0,1,3,0,0,0,4,6,33,0,0,0,32,0.1875,0.126984126984127,0
00-0040736,M.Taylor,Mason Taylor,TE,2025,13,REG,2025_13_ATL_NYJ,NYJ,ATL,0,0,0,0,0,0,0,0,0,0,0,0,2,4,21,0,0,0,41,0.129032258064516,0.128526645768025,0
00-0040737,T.Ferguson,Terrance Ferguson,TE,2025,13,REG,2025_13_LA_CAR,LA,CAR,0,0,0,0,0,0,0,0,0,0,0,0,0,2,0,0,0,0,34,0.0740740740740741,0.153846153846154,0
00-0040739,E.Arroyo,Elijah Arroyo,TE,2025,13,REG,2025_13_MIN_SEA,SEA,MIN,0,0,0,0,0,0,0,0,0,0,0,0,0,2,0,0,0,0,31,0.0869565217391304,0.333333333333333,0
00-0040743,T.Shough,Tyler Shough,QB,2025,13,REG,2025_13_NO_MIA,NO,MIA,26,38,239,2,1,1,0,6,18,0,0,1,0,0,0,0,0,0,0,0,0,0
00-0040782,I.Bond,Isaiah Bond,WR,2025,13,REG,2025_13_SF_CLE,CLE,SF,0,0,0,0,0,0,0,1,9,0,0,0,1,2,18,0,0,0,58,0.0869565217391304,0.335260115606936,0
00-0040784,Q.Judkins,Quinshon Judkins,RB,2025,13,REG,2025_13_SF_CLE,CLE,SF,0,0,0,0,0,0,0,23,91,0,0,1,3,3,18,0,0,0,-8,0.130434782608696,-0.046242774566474,0
00-0023459,A.Rodgers,Aaron Rodgers,QB,2025,14,REG,2025_14_PIT_BAL,PIT,BAL,23,34,284,1,0,0,0,2,0,1,0,0,1,1,-9,0,0,0,-9,0.0303030303030303,-0.0424528301886792,0
00-0026498,M.Stafford,Matthew Stafford,QB,2025,14,REG,2025_14_LA_ARI,LA,ARI,22,31,281,3,0,0,0,0,0,0,0,0,0,0,0,0,0,0,0,0,0,0
00-0028118,T.Taylor,Tyrod Taylor,QB,2025,14,REG,2025_14_MIA_NYJ,NYJ,MIA,1,4,6,0,1,0,0,0,0,0,0,0,0,0,0,0,0,0,0,0,0,0
00-0029604,K.Cousins,Kirk Cousins,QB,2025,14,REG,2025_14_SEA_ATL,ATL,SEA,15,30,162,0,2,0,0,0,0,0,0,0,0,0,0,0,0,0,0,0,0,0
00-0030035,A.Thielen,Adam Thielen,WR,2025,14,REG,2025_14_PIT_BAL,PIT,BAL,0,0,0,0,0,0,0,0,0,0,0,0,1,1,4,0,0,0,3,0.0303030303030303,0.0141509433962264,0
00-0030061,Z.Ertz,Zach Ertz,TE,2025,14,REG,2025_14_WAS_MIN,WAS,MIN,0,0,0,0,0,0,0,0,0,0,0,0,1,2,11,0,0,0,19,0.1,0.165217391304348,0
00-0030279,K.Allen,Keenan Allen,WR,2025,14,REG,2025_14_PHI_LAC,LAC,PHI,0,0,0,0,0,0,0,0,0,0,0,0,3,3,22,0,0,0,20,0.130434782608696,0.0740740740740741,0
00-0030506,T.Kelce,Travis Kelce,TE,2025,14,REG,2025_14_HOU_KC,KC,HOU,0,0,0,0,0,0,0,0,0,0,0,0,1,5,8,0,0,0,39,0.172413793103448,0.134948096885813,0
00-0030564,D.Hopkins,DeAndre Hopkins,WR,2025,14,REG,2025_14_PIT_BAL,BAL,PIT,0,0,0,0,0,0,0,0,0,0,0,0,0,1,0,0,0,0,27,0.0303030303030303,0.105058365758755,0
00-0030565,G.Smith,Geno Smith,QB,2025,14,REG,2025_14_DEN_LV,LV,DEN,13,21,116,1,0,0,0,1,4,0,0,0,0,0,0,0,0,0,0,0,0,0
00-0031345,J.Garoppolo,Jimmy Garoppolo,QB,2025,14,REG,2025_14_LA_ARI,LA,ARI,0,0,0,0,0,0,0,3,-4,0,0,0,0,0,0,0,0,0,0,0,0,0
00-0031381,D.Adams,Davante Adams,WR,2025,14,REG,2025_14_LA_ARI,LA,ARI,0,0,0,0,0,0,0,0,0,0,0,0,4,6,29,0,0,0,42,0.193548387096774,0.188340807174888,0
00-0031610,D.Waller,Darren Waller,TE,2025,14,REG,2025_14_MIA_NYJ,MIA,NYJ,0,0,0,0,0,0,0,1,4,0,0,0,1,3,13,0,0,0,38,0.142857142857143,0.4,0
00-0031687,R.Mostert,Raheem Mostert,RB,2025,14,REG,2025_14_DEN_LV,LV,DEN,0,0,0,0,0,0,0,0,0,0,0,0,1,1,2,0,0,0,-2,0.0357142857142857,-0.00819672131147541,0
00-0032104,A.Abdullah,Ameer Abdullah,RB,2025,14,REG,2025_14_IND_JAX,IND,JAX,0,0,0,0,0,0,0,1,4,0,0,0,2,2,5,0,0,0,-5,0.0555555555555556,-0.021551724137931,0
00-0032211,T.Lockett,Tyler Lockett,WR,2025,14,REG,2025_14_DEN_LV,LV,DEN,0,0,0,0,0,0,0,0,0,0,0,0,3,4,41,0,0,0,42,0.142857142857143,0.172131147540984,0
00-0032268,M.Mariota,Marcus Mariota,QB,2025,14,REG,2025_14_WAS_MIN,WAS,MIN,2,4,30,0,1,0,0,2,7,0,1,0,0,0,0,0,0,0,0,0,0,0
00-0032385,S.Shepard,Sterling Shepard,WR,2025,14,REG,2025_14_NO_TB,TB,NO,0,0,0,0,0,0,0,0,0,0,0,0,1,1,5,0,0,0,4,0.0357142857142857,0.0173913043478261,0
00-0032764,D.Henry,Derrick Henry,RB,2025,14,REG,2025_14_PIT_BAL,BAL,PIT,0,0,0,0,0,0,0,25,94,0,0,0,1,2,8,0,0,0,1,0.0606060606060606,0.00389105058365759,0
00-0032951,L.Treadwell,Laquon Treadwell,WR,2025,14,REG,2025_14_IND_JAX,IND,JAX,0,0,0,0,0,0,0,0,0,0,0,0,0,0,0,0,0,0,0,0,0,0
00-0033077,D.Prescott,Dak Prescott,QB,2025,14,REG,2025_14_DAL_DET,DAL,DET,31,47,376,1,2,0,1,3,14,0,0,0,0,0,0,0,0,0,0,0,0,0
00-0033106,J.Goff,Jared Goff,QB,2025,14,REG,2025_14_DAL_DET,DET,DAL,25,34,309,1,0,0,0,2,-2,0,0,0,0,0,0,0,0,0,0,0,0,0
00-0033119,J.Brissett,Jacoby Brissett,QB,2025,14,REG,2025_14_LA_ARI,ARI,LA,25,44,271,2,1,0,0,4,22,0,0,0,0,0,0,0,0,0,0,0,0,0
00-0033217,M.Alie-Cox,Mo Alie-Cox,TE,2025,14,REG,2025_14_IND_JAX,IND,JAX,0,0,0,0,0,0,0,0,0,0,0,0,0,2,0,0,0,0,20,0.0555555555555556,0.0862068965517242,0
00-0033293,A.Jones,Aaron Jones,RB,2025,14,REG,2025_14_WAS_MIN,MIN,WAS,0,0,0,0,0,0,0,14,76,0,0,0,0,1,0,0,0,0,-7,0.0434782608695652,-0.0457516339869281,0
00-0033319,N.Mullens,Nick Mullens,QB,2025,14,REG,2025_14_IND_JAX,JAX,IND,1,1,3,0,0,0,0,3,-1,0,0,0,0,0,0,0,0,0,0,0,0,0
00-0033357,T.Hill,Taysom Hill,TE,2025,14,REG,2025_14_NO_TB,NO,TB,0,0,0,0,0,0,0,2,-1,0,0,0,0,2,0,0,0,0,3,0.1,0.0189873417721519,0
00-0033375,T.Patrick,Tim Patrick,WR,2025,14,REG,2025_14_IND_JAX,JAX,IND,0,0,0,0,0,0,0,0,0,0,0,0,5,6,78,1,0,0,74,0.193548387096774,0.222222222222222,0
00-0033376,P.Ricard,Patrick Ricard,RB,2025,14,REG,2025_14_PIT_BAL,BAL,PIT,0,0,0,0,0,0,0,0,0,0,0,0,0,1,0,0,0,0,0,0.0303030303030303,0,0
00-0033439,P.Brown,Pharaoh Brown,TE,2025,14,REG,2025_14_LA_ARI,ARI,LA,0,0,0,0,0,0,0,0,0,0,0,0,0,0,0,0,0,0,0,0,0,0
00-0033455,A.Firkser,Anthony Firkser,TE,2025,14,REG,2025_14_DAL_DET,DET,DAL,0,0,0,0,0,0,0,0,0,0,0,0,1,1,7,0,0,0,2,0.032258064516129,0.00873362445414847,0
00-0033526,S.Perine,Samaje Perine,RB,2025,14,REG,2025_14_CIN_BUF,CIN,BUF,0,0,0,0,0,0,0,6,31,0,0,0,1,1,7,0,0,0,1,0.0277777777777778,0.00303951367781155,0
00-0033572,J.Agnew,Jamal Agnew,WR,2025,14,REG,2025_14_SEA_ATL,ATL,SEA,0,0,0,0,0,0,0,0,0,0,0,0,0,0,0,0,0,0,0,0,0,0
00-0033591,N.Brown,Noah Brown,WR,2025,14,REG,2025_14_WAS_MIN,WAS,MIN,0,0,0,0,0,0,0,0,0,0,0,0,1,2,19,0,0,0,23,0.1,0.2,0
00-0033854,D.Ogunbowale,Dare Ogunbowale,RB,2025,14,REG,2025_14_HOU_KC,HOU,KC,0,0,0,0,0,0,0,1,5,1,0,0,0,0,0,0,0,0,0,0,0,0
00-0033857,J.Smith-Schuster,JuJu Smith-Schuster,WR,2025,14,REG,2025_14_HOU_KC,KC,HOU,0,0,0,0,0,0,0,0,0,0,0,0,1,2,5,0,0,0,24,0.0689655172413793,0.0830449826989619,0
00-0033858,J.Smith,Jonnu Smith,TE,2025,14,REG,2025_14_PIT_BAL,PIT,BAL,0,0,0,0,0,0,0,0,0,0,0,0,0,1,0,0,0,0,3,0.0303030303030303,0.0141509433962264,0
00-0033873,P.Mahomes,Patrick Mahomes,QB,2025,14,REG,2025_14_HOU_KC,KC,HOU,14,33,160,0,3,0,0,7,59,0,0,0,1,1,-10,0,0,0,-8,0.0344827586206897,-0.027681660899654,0
00-0033881,E.Engram,Evan Engram,TE,2025,14,REG,2025_14_DEN_LV,DEN,LV,0,0,0,0,0,0,0,0,0,0,0,0,2,2,8,0,0,0,2,0.0555555555555556,0.00925925925925926,0
00-0033885,D.Njoku,David Njoku,TE,2025,14,REG,2025_14_TEN_CLE,CLE,TEN,0,0,0,0,0,0,0,0,0,0,0,0,1,1,1,1,0,0,1,0.0263157894736842,0.00327868852459016,0
00-0033908,C.Kupp,Cooper Kupp,WR,2025,14,REG,2025_14_SEA_ATL,SEA,ATL,0,0,0,0,0,0,0,0,0,0,0,0,2,3,35,1,0,0,30,0.1,0.117647058823529,0
00-0033921,C.Godwin,Chris Godwin Jr.,WR,2025,14,REG,2025_14_NO_TB,TB,NO,0,0,0,0,0,0,0,0,0,0,0,0,5,8,55,0,0,0,25,0.285714285714286,0.108695652173913,0
00-0033923,K.Hunt,Kareem Hunt,RB,2025,14,REG,2025_14_HOU_KC,KC,HOU,0,0,0,0,0,0,0,12,30,1,0,0,0,1,0,0,0,0,0,0.0344827586206897,0,0
00-0033955,J.McNichols,Jeremy McNichols,RB,2025,14,REG,2025_14_WAS_MIN,WAS,MIN,0,0,0,0,0,0,0,0,0,0,0,0,1,1,2,0,0,0,-6,0.05,-0.0521739130434783,0
00-0034073,R.Dwelley,Ross Dwelley,TE,2025,14,REG,2025_14_DAL_DET,DET,DAL,0,0,0,0,0,0,0,0,0,0,0,0,1,1,4,0,0,0,0,0.032258064516129,0,0
00-0034159,W.Dissly,Will Dissly,TE,2025,14,REG,2025_14_PHI_LAC,LAC,PHI,0,0,0,0,0,0,0,0,0,0,0,0,1,1,1,0,0,0,1,0.0434782608695652,0.0037037037037037,0
00-0034272,M.Valdes-Scantling,Marquez Valdes-Scantling,WR,2025,14,REG,2025_14_PIT_BAL,PIT,BAL,0,0,0,0,0,0,0,0,0,0,0,0,0,1,0,0,0,0,4,0.0303030303030303,0.0188679245283019,0
00-0034348,C.Sutton,Courtland Sutton,WR,2025,14,REG,2025_14_DEN_LV,DEN,LV,0,0,0,0,0,0,0,0,0,0,0,0,6,10,62,0,0,0,105,0.277777777777778,0.486111111111111,0
00-0034351,D.Goedert,Dallas Goedert,TE,2025,14,REG,2025_14_PHI_LAC,PHI,LAC,0,0,0,0,0,0,0,0,0,0,0,0,8,10,78,0,0,0,50,0.263157894736842,0.122549019607843,0
00-0034365,I.Thomas,Ian Thomas,TE,2025,14,REG,2025_14_DEN_LV,LV,DEN,0,0,0,0,0,0,0,0,0,0,0,0,2,2,17,0,0,0,6,0.0714285714285714,0.0245901639344262,0
00-0034383,D.Schultz,Dalton Schultz,TE,2025,14,REG,2025_14_HOU_KC,HOU,KC,0,0,0,0,0,0,0,0,0,0,0,0,3,4,22,0,0,0,14,0.148148148148148,0.0459016393442623,0
00-0034487,T.Sherfield,Trent Sherfield,WR,2025,14,REG,2025_14_LA_ARI,ARI,LA,0,0,0,0,0,0,0,0,0,0,0,0,0,1,0,0,0,0,6,0.0227272727272727,0.0170454545454545,0
00-0034521,A.Lazard,Allen Lazard,WR,2025,14,REG,2025_14_MIA_NYJ,NYJ,MIA,0,0,0,0,0,0,0,0,0,0,0,0,0,1,0,0,0,0,12,0.03125,0.041522491349481,0
00-0034613,T.Hudson,Tanner Hudson,TE,2025,14,REG,2025_14_CIN_BUF,CIN,BUF,0,0,0,0,0,0,0,0,0,0,0,0,1,1,11,0,0,0,5,0.0277777777777778,0.0151975683890578,0
00-0034753,M.Andrews,Mark Andrews,TE,2025,14,REG,2025_14_PIT_BAL,BAL,PIT,0,0,0,0,0,0,0,0,0,0,0,0,1,5,9,0,0,0,27,0.151515151515152,0.105058365758755,0
00-0034775,C.Kirk,Christian Kirk,WR,2025,14,REG,2025_14_HOU_KC,HOU,KC,0,0,0,0,0,0,0,0,0,0,0,0,1,3,6,0,0,0,47,0.111111111111111,0.154098360655738,0
00-0034791,N.Chubb,Nick Chubb,RB,2025,14,REG,2025_14_HOU_KC,HOU,KC,0,0,0,0,0,0,0,1,3,0,0,0,0,0,0,0,0,0,0,0,0,0
00-0034796,L.Jackson,Lamar Jackson,QB,2025,14,REG,2025_14_PIT_BAL,BAL,PIT,19,35,219,1,1,0,0,7,43,1,0,0,0,0,0,0,0,0,0,0,0,0
00-0034798,D.Smythe,Durham Smythe,TE,2025,14,REG,2025_14_CHI_GB,CHI,GB,0,0,0,0,0,0,0,0,0,0,0,0,1,1,2,0,0,0,-2,0.0357142857142857,-0.00671140939597315,0
00-0034827,D.Moore,DJ Moore,WR,2025,14,REG,2025_14_CHI_GB,CHI,GB,0,0,0,0,0,0,0,0,0,0,0,0,1,3,-4,0,0,0,26,0.107142857142857,0.087248322147651,0
00-0034829,M.Gesicki,Mike Gesicki,TE,2025,14,REG,2025_14_CIN_BUF,CIN,BUF,0,0,0,0,0,0,0,0,0,0,0,0,6,6,86,1,0,0,67,0.166666666666667,0.203647416413374,0
00-0034844,S.Barkley,Saquon Barkley,RB,2025,14,REG,2025_14_PHI_LAC,PHI,LAC,0,0,0,0,0,0,0,20,122,1,0,0,0,2,0,0,0,0,12,0.0526315789473684,0.0294117647058824,0
00-0034855,B.Mayfield,Baker Mayfield,QB,2025,14,REG,2025_14_NO_TB,TB,NO,14,30,122,1,1,0,0,6,42,0,0,0,0,0,0,0,0,0,0,0,0,0
00-0034857,J.Allen,Josh Allen,QB,2025,14,REG,2025_14_CIN_BUF,BUF,CIN,22,28,251,3,0,0,1,9,78,1,0,0,0,0,0,0,0,0,0,0,0,0
00-0034860,D.Pettis,Dante Pettis,WR,2025,14,REG,2025_14_NO_TB,NO,TB,0,0,0,0,0,0,0,0,0,0,0,0,0,0,0,0,0,0,0,0,0,0
00-0034869,S.Darnold,Sam Darnold,QB,2025,14,REG,2025_14_SEA_ATL,SEA,ATL,20,30,249,3,1,0,0,3,23,0,0,0,0,0,0,0,0,0,0,0,0,0
00-0034960,J.Meyers,Jakobi Meyers,WR,2025,14,REG,2025_14_IND_JAX,JAX,IND,0,0,0,0,0,0,0,3,9,0,0,0,4,10,39,1,0,0,79,0.32258064516129,0.237237237237237,0
00-0034981,F.Moreau,Foster Moreau,TE,2025,14,REG,2025_14_NO_TB,NO,TB,0,0,0,0,0,0,0,0,0,0,0,0,1,1,16,0,0,0,6,0.05,0.0379746835443038,0
00-0035208,O.Zaccheaus,Olamide Zaccheaus,WR,2025,14,REG,2025_14_CHI_GB,CHI,GB,0,0,0,0,0,0,0,0,0,0,0,0,2,3,7,1,0,0,21,0.107142857142857,0.0704697986577181,0
00-0035229,T.Hockenson,T.J. Hockenson,TE,2025,14,REG,2025_14_WAS_MIN,MIN,WAS,0,0,0,0,0,0,0,0,0,0,0,0,2,3,12,1,0,0,13,0.130434782608696,0.0849673202614379,0
00-0035249,J.Oliver,Josh Oliver,TE,2025,14,REG,2025_14_WAS_MIN,MIN,WAS,0,0,0,0,0,0,0,0,0,0,0,0,2,2,24,2,0,0,18,0.0869565217391304,0.117647058823529,0
00-0035261,T.Pollard,Tony Pollard,RB,2025,14,REG,2025_14_TEN_CLE,TEN,CLE,0,0,0,0,0,0,0,25,161,2,0,0,0,0,0,0,0,0,0,0,0,0
00-0035359,D.Sills,David Sills,WR,2025,14,REG,2025_14_SEA_ATL,ATL,SEA,0,0,0,0,0,0,0,0,0,0,0,0,0,4,0,0,0,0,41,0.142857142857143,0.200980392156863,0
00-0035406,L.Humphrey,Lil'Jordan Humphrey,WR,2025,14,REG,2025_14_DEN_LV,DEN,LV,0,0,0,0,0,0,0,0,0,0,0,0,3,3,27,0,0,0,16,0.0833333333333333,0.0740740740740741,0
00-0035537,Ty.Johnson,Ty Johnson,RB,2025,14,REG,2025_14_CIN_BUF,BUF,CIN,0,0,0,0,0,0,0,2,25,0,0,0,2,3,14,0,0,0,-12,0.111111111111111,-0.0930232558139535,0
00-0035544,T.Kennedy,Tom Kennedy,WR,2025,14,REG,2025_14_DAL_DET,DET,DAL,0,0,0,0,0,0,0,0,0,0,0,0,0,0,0,0,0,0,0,0,0,0
00-0035594,T.Homer,Travis Homer,RB,2025,14,REG,2025_14_CHI_GB,CHI,GB,0,0,0,0,0,0,0,0,0,0,0,0,0,0,0,0,0,0,0,0,0,0
00-0035640,D.Metcalf,DK Metcalf,WR,2025,14,REG,2025_14_PIT_BAL,PIT,BAL,0,0,0,0,0,0,0,0,0,0,0,0,7,12,148,0,0,0,166,0.363636363636364,0.783018867924528,0
00-0035644,N.Fant,Noah Fant,TE,2025,14,REG,2025_14_CIN_BUF,CIN,BUF,0,0,0,0,0,0,0,0,0,0,0,0,1,2,15,0,0,0,17,0.0555555555555556,0.0516717325227964,0
00-0035659,T.McLaurin,Terry McLaurin,WR,2025,14,REG,2025_14_WAS_MIN,WAS,MIN,0,0,0,0,0,0,0,0,0,0,0,0,3,6,41,0,0,0,43,0.3,0.373913043478261,0
00-0035662,M.Brown,Marquise Brown,WR,2025,14,REG,2025_14_HOU_KC,KC,HOU,0,0,0,0,0,0,0,0,0,0,0,0,1,2,35,0,0,0,77,0.0689655172413793,0.26643598615917,0
00-0035676,A.Brown,A.J. Brown,WR,2025,14,REG,2025_14_PHI_LAC,PHI,LAC,0,0,0,0,0,0,0,0,0,0,0,0,6,13,100,0,0,0,198,0.342105263157895,0.485294117647059,0
00-0035685,D.Montgomery,David Montgomery,RB,2025,14,REG,2025_14_DAL_DET,DET,DAL,0,0,0,0,0,0,0,6,60,1,0,0,1,1,13,0,0,0,2,0.032258064516129,0.00873362445414847,0
00-0035689,D.Knox,Dawson Knox,TE,2025,14,REG,2025_14_CIN_BUF,BUF,CIN,0,0,0,0,0,0,0,0,0,0,0,0,6,7,93,0,0,1,34,0.259259259259259,0.263565891472868,0
00-0035700,J.Jacobs,Josh Jacobs,RB,2025,14,REG,2025_14_CHI_GB,GB,CHI,0,0,0,0,0,0,0,20,86,1,0,0,2,2,6,0,0,0,-6,0.0869565217391304,-0.0192926045016077,0
00-0035704,D.Lock,Drew Lock,QB,2025,14,REG,2025_14_SEA_ATL,SEA,ATL,0,0,0,0,0,0,0,1,0,0,0,0,0,0,0,0,0,0,0,0,0,0
00-0035710,D.Jones,Daniel Jones,QB,2025,14,REG,2025_14_IND_JAX,IND,JAX,5,7,60,0,1,0,0,1,4,0,0,0,0,0,0,0,0,0,0,0,0,0
00-0035719,D.Samuel,Deebo Samuel Sr.,WR,2025,14,REG,2025_14_WAS_MIN,WAS,MIN,0,0,0,0,0,0,0,0,0,0,0,0,4,6,27,0,0,0,-1,0.3,-0.00869565217391304,0
00-0035876,A.Baccellia,Andre Baccellia,WR,2025,14,REG,2025_14_LA_ARI,ARI,LA,0,0,0,0,0,0,0,0,0,0,0,0,1,3,3,0,0,0,2,0.0681818181818182,0.00568181818181818,0
00-0035891,C.White,Cody White,WR,2025,14,REG,2025_14_SEA_ATL,SEA,ATL,0,0,0,0,0,0,0,0,0,0,0,0,1,1,9,0,0,0,6,0.0333333333333333,0.0235294117647059,0
00-0036040,J.Johnson,Juwan Johnson,TE,2025,14,REG,2025_14_NO_TB,NO,TB,0,0,0,0,0,0,0,0,0,0,0,0,4,4,38,0,0,0,20,0.2,0.126582278481013,0
00-0036133,J.Proche,James Proche,WR,2025,14,REG,2025_14_TEN_CLE,TEN,CLE,0,0,0,0,0,0,0,0,0,0,0,0,0,1,0,0,0,0,12,0.04,0.0689655172413793,0
00-0036182,N.Westbrook-Ikhine,Nick Westbrook-Ikhine,WR,2025,14,REG,2025_14_MIA_NYJ,MIA,NYJ,0,0,0,0,0,0,0,0,0,0,0,0,0,0,0,0,0,0,0,0,0,0
00-0036187,R.Gilliam,Reggie Gilliam,RB,2025,14,REG,2025_14_CIN_BUF,BUF,CIN,0,0,0,0,0,0,0,0,0,0,0,0,0,0,0,0,0,0,0,0,0,0
00-0036196,G.Davis,Gabe Davis,WR,2025,14,REG,2025_14_CIN_BUF,BUF,CIN,0,0,0,0,0,0,0,0,0,0,0,0,2,2,21,0,0,0,21,0.0740740740740741,0.162790697674419,0
00-0036212,T.Tagovailoa,Tua Tagovailoa,QB,2025,14,REG,2025_14_MIA_NYJ,MIA,NYJ,13,21,127,1,0,0,0,1,0,0,0,0,0,0,0,0,0,0,0,0,0,0
00-0036223,J.Taylor,Jonathan Taylor,RB,2025,14,REG,2025_14_IND_JAX,IND,JAX,0,0,0,0,0,0,0,21,74,1,1,0,0,0,0,0,0,0,0,0,0,0
00-0036244,C.Parkinson,Colby Parkinson,TE,2025,14,REG,2025_14_LA_ARI,LA,ARI,0,0,0,0,0,0,0,0,0,0,0,0,3,5,32,1,0,0,11,0.161290322580645,0.0493273542600897,0
00-0036252,M.Pittman,Michael Pittman,WR,2025,14,REG,2025_14_IND_JAX,IND,JAX,0,0,0,0,0,0,0,0,0,0,0,0,9,12,79,0,0,0,75,0.333333333333333,0.323275862068966,0
00-0036264,J.Love,Jordan Love,QB,2025,14,REG,2025_14_CHI_GB,GB,CHI,17,25,234,3,1,0,0,1,-1,0,0,0,0,0,0,0,0,0,0,0,0,0
00-0036275,D.Swift,D'Andre Swift,RB,2025,14,REG,2025_14_CHI_GB,CHI,GB,0,0,0,0,0,0,0,13,63,0,0,0,3,4,19,0,0,0,-8,0.142857142857143,-0.0268456375838926,0
00-0036290,C.Kmet,Cole Kmet,TE,2025,14,REG,2025_14_CHI_GB,CHI,GB,0,0,0,0,0,0,0,0,0,0,0,0,2,3,42,0,0,0,53,0.107142857142857,0.177852348993289,0
00-0036309,D.Mooney,Darnell Mooney,WR,2025,14,REG,2025_14_SEA_ATL,ATL,SEA,0,0,0,0,0,0,0,0,0,0,0,0,1,4,6,0,0,0,40,0.142857142857143,0.196078431372549,0
00-0036322,J.Jefferson,Justin Jefferson,WR,2025,14,REG,2025_14_WAS_MIN,MIN,WAS,0,0,0,0,0,0,0,0,0,0,0,0,2,4,11,0,0,0,40,0.173913043478261,0.261437908496732,0
00-0036331,D.Duvernay,Devin Duvernay,WR,2025,14,REG,2025_14_CHI_GB,CHI,GB,0,0,0,0,0,0,0,0,0,0,0,0,1,1,24,0,0,0,24,0.0357142857142857,0.0805369127516778,0
00-0036332,J.Deguara,Josiah Deguara,TE,2025,14,REG,2025_14_LA_ARI,ARI,LA,0,0,0,0,0,0,0,0,0,0,0,0,0,1,0,0,0,0,5,0.0227272727272727,0.0142045454545455,0
00-0036355,J.Herbert,Justin Herbert,QB,2025,14,REG,2025_14_PHI_LAC,LAC,PHI,12,26,139,1,1,1,0,10,66,0,0,0,0,0,0,0,0,0,0,0,0,0
00-0036358,C.Lamb,CeeDee Lamb,WR,2025,14,REG,2025_14_DAL_DET,DAL,DET,0,0,0,0,0,0,0,0,0,0,0,0,6,8,121,0,0,0,114,0.170212765957447,0.229376257545272,0
00-0036389,J.Hurts,Jalen Hurts,QB,2025,14,REG,2025_14_PHI_LAC,PHI,LAC,21,40,240,0,4,0,0,4,8,0,0,0,0,0,0,0,0,0,0,0,0,0
00-0036407,J.Jeudy,Jerry Jeudy,WR,2025,14,REG,2025_14_TEN_CLE,CLE,TEN,0,0,0,0,0,0,0,0,0,0,0,0,3,5,76,1,0,0,59,0.131578947368421,0.19344262295082,0
00-0036410,T.Higgins,Tee Higgins,WR,2025,14,REG,2025_14_CIN_BUF,CIN,BUF,0,0,0,0,0,0,0,0,0,0,0,0,6,11,92,2,0,0,168,0.305555555555556,0.51063829787234,0
00-0036415,V.Jefferson,Van Jefferson,WR,2025,14,REG,2025_14_TEN_CLE,TEN,CLE,0,0,0,0,0,0,0,0,0,0,0,0,2,4,17,0,0,0,31,0.16,0.17816091954023,0
00-0036422,A.Trautman,Adam Trautman,TE,2025,14,REG,2025_14_DEN_LV,DEN,LV,0,0,0,0,0,0,0,0,0,0,0,0,2,2,17,0,0,0,10,0.0555555555555556,0.0462962962962963,0
00-0036442,J.Burrow,Joe Burrow,QB,2025,14,REG,2025_14_CIN_BUF,CIN,BUF,25,36,284,4,2,0,0,0,0,0,0,0,0,0,0,0,0,0,0,0,0,0
00-0036527,D.Turner,DJ Turner,WR,2025,14,REG,2025_14_DEN_LV,LV,DEN,0,0,0,0,0,0,0,0,0,0,0,0,0,0,0,0,0,0,0,0,0,0
00-0036550,R.Bateman,Rashod Bateman,WR,2025,14,REG,2025_14_PIT_BAL,BAL,PIT,0,0,0,0,0,0,0,0,0,0,0,0,2,3,23,0,0,0,27,0.0909090909090909,0.105058365758755,0
00-0036554,N.Collins,Nico Collins,WR,2025,14,REG,2025_14_HOU_KC,HOU,KC,0,0,0,0,0,0,0,0,0,0,0,0,4,8,121,0,0,0,129,0.296296296296296,0.422950819672131,0
00-0036590,Q.Morris,Quintin Morris,TE,2025,14,REG,2025_14_IND_JAX,JAX,IND,0,0,0,0,0,0,0,0,0,0,0,0,0,0,0,0,0,0,0,0,0,0
00-0036613,J.Waddle,Jaylen Waddle,WR,2025,14,REG,2025_14_MIA_NYJ,MIA,NYJ,0,0,0,0,0,0,0,1,21,0,0,0,5,7,50,1,0,0,56,0.333333333333333,0.589473684210526,0
00-0036620,D.Eskridge,Dee Eskridge,WR,2025,14,REG,2025_14_MIA_NYJ,MIA,NYJ,0,0,0,0,0,0,0,0,0,0,0,0,0,0,0,0,0,0,0,0,0,0
00-0036628,J.Bates,John Bates,TE,2025,14,REG,2025_14_WAS_MIN,WAS,MIN,0,0,0,0,0,0,0,0,0,0,0,0,0,0,0,0,0,0,0,0,0,0
00-0036637,N.Gray,Noah Gray,TE,2025,14,REG,2025_14_HOU_KC,KC,HOU,0,0,0,0,0,0,0,0,0,0,0,0,1,3,14,0,0,0,17,0.103448275862069,0.0588235294117647,0
00-0036741,J.Stoll,Jack Stoll,TE,2025,14,REG,2025_14_NO_TB,NO,TB,0,0,0,0,0,0,0,0,0,0,0,0,0,1,0,0,0,0,-8,0.05,-0.0506329113924051,0
00-0036825,F.Franks,Feleipe Franks,TE,2025,14,REG,2025_14_SEA_ATL,ATL,SEA,0,0,0,0,0,0,0,0,0,0,0,0,0,0,0,0,0,0,0,0,0,0
00-0036841,A.Trammell,Austin Trammell,WR,2025,14,REG,2025_14_IND_JAX,JAX,IND,0,0,0,0,0,0,0,0,0,0,0,0,0,0,0,0,0,0,0,0,0,0
00-0036842,K.Nwangwu,Kene Nwangwu,RB,2025,14,REG,2025_14_MIA_NYJ,NYJ,MIA,0,0,0,0,0,0,0,0,0,0,0,0,0,0,0,0,0,0,0,0,0,0
00-0036862,B.Skowronek,Ben Skowronek,WR,2025,14,REG,2025_14_PIT_BAL,PIT,BAL,0,0,0,0,0,0,0,0,0,0,0,0,1,1,13,0,0,0,13,0.0303030303030303,0.0613207547169811,0
00-0036876,K.Granson,Kylen Granson,TE,2025,14,REG,2025_14_PHI_LAC,PHI,LAC,0,0,0,0,0,0,0,0,0,0,0,0,0,0,0,0,0,0,0,0,0,0
00-0036894,P.Freiermuth,Pat Freiermuth,TE,2025,14,REG,2025_14_PIT_BAL,PIT,BAL,0,0,0,0,0,0,0,0,0,0,0,0,2,3,9,0,0,0,6,0.0909090909090909,0.0283018867924528,0
00-0036900,J.Chase,Ja'Marr Chase,WR,2025,14,REG,2025_14_CIN_BUF,CIN,BUF,0,0,0,0,0,0,0,1,8,0,0,0,5,8,44,0,0,0,19,0.222222222222222,0.0577507598784195,0
00-0036906,K.Herbert,Khalil Herbert,RB,2025,14,REG,2025_14_MIA_NYJ,NYJ,MIA,0,0,0,0,0,0,0,0,0,0,0,0,0,0,0,0,0,0,0,0,0,0
00-0036912,D.Smith,DeVonta Smith,WR,2025,14,REG,2025_14_PHI_LAC,PHI,LAC,0,0,0,0,0,0,0,0,0,0,0,0,4,8,37,0,0,0,69,0.210526315789474,0.169117647058824,0
00-0036919,K.Gainwell,Kenny Gainwell,RB,2025,14,REG,2025_14_PIT_BAL,PIT,BAL,0,0,0,0,0,0,0,4,15,1,0,0,6,7,27,0,0,0,-1,0.212121212121212,-0.00471698113207547,0
00-0036924,M.Carter,Michael Carter,RB,2025,14,REG,2025_14_LA_ARI,ARI,LA,0,0,0,0,0,0,0,3,13,0,0,0,2,4,18,0,0,0,18,0.0909090909090909,0.0511363636363636,0
00-0036963,A.St. Brown,Amon-Ra St. Brown,WR,2025,14,REG,2025_14_DAL_DET,DET,DAL,0,0,0,0,0,0,0,0,0,0,0,0,6,9,92,0,0,0,62,0.290322580645161,0.270742358078603,0
00-0036970,K.Pitts,Kyle Pitts,TE,2025,14,REG,2025_14_SEA_ATL,ATL,SEA,0,0,0,0,0,0,0,0,0,0,0,0,6,10,90,0,0,0,104,0.357142857142857,0.509803921568627,0
00-0036971,T.Lawrence,Trevor Lawrence,QB,2025,14,REG,2025_14_IND_JAX,JAX,IND,17,30,244,2,0,0,0,4,16,0,0,0,0,0,0,0,0,0,0,0,0,0
00-0036973,T.Etienne,Travis Etienne,RB,2025,14,REG,2025_14_IND_JAX,JAX,IND,0,0,0,0,0,0,0,20,74,2,0,0,1,1,8,0,0,0,-5,0.032258064516129,-0.015015015015015,0
00-0036997,J.Williams,Javonte Williams,RB,2025,14,REG,2025_14_DAL_DET,DAL,DET,0,0,0,0,0,0,0,17,67,1,0,0,2,4,0,0,0,0,-4,0.0851063829787234,-0.00804828973843059,0
00-0037013,Z.Wilson,Zach Wilson,QB,2025,14,REG,2025_14_MIA_NYJ,MIA,NYJ,0,0,0,0,0,0,0,2,-2,0,0,0,0,0,0,0,0,0,0,0,0,0
00-0037085,T.Badie,Tyler Badie,RB,2025,14,REG,2025_14_DEN_LV,DEN,LV,0,0,0,0,0,0,0,4,16,0,0,0,1,1,5,0,0,0,-4,0.0277777777777778,-0.0185185185185185,0
00-0037091,B.Melton,Bo Melton,WR,2025,14,REG,2025_14_CHI_GB,GB,CHI,0,0,0,0,0,0,0,0,0,0,0,0,1,2,45,1,0,0,75,0.0869565217391304,0.241157556270096,0
00-0037132,B.Covey,Britain Covey,WR,2025,14,REG,2025_14_PHI_LAC,PHI,LAC,0,0,0,0,0,0,0,0,0,0,0,0,0,0,0,0,0,0,0,0,0,0
00-0037157,Z.Knight,Bam Knight,RB,2025,14,REG,2025_14_LA_ARI,ARI,LA,0,0,0,0,0,0,0,7,16,0,0,0,3,6,18,0,0,0,20,0.136363636363636,0.0568181818181818,0
00-0037197,I.Pacheco,Isiah Pacheco,RB,2025,14,REG,2025_14_HOU_KC,KC,HOU,0,0,0,0,0,0,0,9,30,0,0,0,0,0,0,0,0,0,0,0,0,0
00-0037228,J.Warren,Jaylen Warren,RB,2025,14,REG,2025_14_PIT_BAL,PIT,BAL,0,0,0,0,0,0,0,8,13,0,0,0,3,3,49,1,0,0,-9,0.0909090909090909,-0.0424528301886792,0
00-0037239,C.Olave,Chris Olave,WR,2025,14,REG,2025_14_NO_TB,NO,TB,0,0,0,0,0,0,0,0,0,0,0,0,3,5,30,0,0,0,96,0.25,0.607594936708861,0
00-0037240,J.Williams,Jameson Williams,WR,2025,14,REG,2025_14_DAL_DET,DET,DAL,0,0,0,0,0,0,0,1,7,0,0,0,7,9,96,0,0,0,110,0.290322580645161,0.480349344978166,0
00-0037247,G.Pickens,George Pickens,WR,2025,14,REG,2025_14_DAL_DET,DAL,DET,0,0,0,0,0,0,0,0,0,0,0,0,5,9,37,0,0,0,111,0.191489361702128,0.223340040241449,0
00-0037248,J.Cook,James Cook,RB,2025,14,REG,2025_14_CIN_BUF,BUF,CIN,0,0,0,0,0,0,0,18,80,0,1,0,2,2,31,0,0,0,-5,0.0740740740740741,-0.0387596899224806,0
00-0037252,G.Dulcich,Greg Dulcich,TE,2025,14,REG,2025_14_MIA_NYJ,MIA,NYJ,0,0,0,0,0,0,0,0,0,0,0,0,3,3,41,0,0,0,4,0.142857142857143,0.0421052631578947,0
00-0037256,R.White,Rachaad White,RB,2025,14,REG,2025_14_NO_TB,TB,NO,0,0,0,0,0,0,0,11,53,0,0,0,1,2,2,0,0,0,-8,0.0714285714285714,-0.0347826086956522,0
00-0037261,K.Shakir,Khalil Shakir,WR,2025,14,REG,2025_14_CIN_BUF,BUF,CIN,0,0,0,0,0,0,0,0,0,0,0,0,2,3,16,1,0,0,4,0.111111111111111,0.0310077519379845,0
00-0037263,T.Allgeier,Tyler Allgeier,RB,2025,14,REG,2025_14_SEA_ATL,ATL,SEA,0,0,0,0,0,0,0,11,34,0,0,0,2,2,33,0,0,0,-6,0.0714285714285714,-0.0294117647058824,0
00-0037267,J.Ford,Jerome Ford,RB,2025,14,REG,2025_14_TEN_CLE,CLE,TEN,0,0,0,0,0,0,0,0,0,0,0,0,2,3,10,0,0,0,-8,0.0789473684210526,-0.0262295081967213,0
00-0037291,J.Nailor,Jalen Nailor,WR,2025,14,REG,2025_14_WAS_MIN,MIN,WAS,0,0,0,0,0,0,0,0,0,0,0,0,3,3,30,0,0,0,15,0.130434782608696,0.0980392156862745,0
00-0037292,A.Ogletree,Andrew Ogletree,TE,2025,14,REG,2025_14_IND_JAX,IND,JAX,0,0,0,0,0,0,0,0,0,0,0,0,0,0,0,0,0,0,0,0,0,0
00-0037306,J.FitzPatrick,John FitzPatrick,TE,2025,14,REG,2025_14_CHI_GB,GB,CHI,0,0,0,0,0,0,0,0,0,0,0,0,2,2,14,0,0,0,2,0.0869565217391304,0.00643086816720257,0
00-0037475,S.Smartt,Stone Smartt,TE,2025,14,REG,2025_14_MIA_NYJ,NYJ,MIA,0,0,0,0,0,0,0,0,0,0,0,0,0,1,0,0,0,0,16,0.03125,0.055363321799308,0
00-0037487,D.Thompkins,Deven Thompkins,WR,2025,14,REG,2025_14_SEA_ATL,ATL,SEA,0,0,0,0,0,0,0,0,0,0,0,0,1,1,4,0,0,0,-4,0.0357142857142857,-0.0196078431372549,0
00-0037525,J.Mason,Jordan Mason,RB,2025,14,REG,2025_14_WAS_MIN,MIN,WAS,0,0,0,0,0,0,0,11,52,1,0,0,0,0,0,0,0,0,0,0,0,0
00-0037545,R.Shaheed,Rashid Shaheed,WR,2025,14,REG,2025_14_SEA_ATL,SEA,ATL,0,0,0,0,0,0,0,0,0,0,0,0,4,5,67,0,0,0,63,0.166666666666667,0.247058823529412,1
00-0037557,R.Rivers,Ronnie Rivers,RB,2025,14,REG,2025_14_LA_ARI,LA,ARI,0,0,0,0,0,0,0,8,41,0,0,0,0,0,0,0,0,0,0,0,0,0
00-0037563,M.Davis,Malik Davis,RB,2025,14,REG,2025_14_DAL_DET,DAL,DET,0,0,0,0,0,0,0,3,6,0,0,0,0,0,0,0,0,0,0,0,0,0
00-0037594,J.Chestnut,Julius Chestnut,RB,2025,14,REG,2025_14_TEN_CLE,TEN,CLE,0,0,0,0,0,0,0,0,0,0,0,0,0,0,0,0,0,0,0,0,0,0
00-0037614,J.Metchie,John Metchie III,WR,2025,14,REG,2025_14_MIA_NYJ,NYJ,MIA,0,0,0,0,0,0,0,0,0,0,0,0,4,8,34,0,0,0,48,0.25,0.166089965397924,0
00-0037617,H.Haskins,Hassan Haskins,RB,2025,14,REG,2025_14_PHI_LAC,LAC,PHI,0,0,0,0,0,0,0,0,0,0,0,0,0,0,0,0,0,0,0,0,0,0
00-0037664,A.Pierce,Alec Pierce,WR,2025,14,REG,2025_14_IND_JAX,IND,JAX,0,0,0,0,0,0,0,0,0,0,0,0,5,8,80,0,0,0,99,0.222222222222222,0.426724137931035,0
00-0037741,J.Dotson,Jahan Dotson,WR,2025,14,REG,2025_14_PHI_LAC,PHI,LAC,0,0,0,0,0,0,0,0,0,0,0,0,1,3,3,0,0,0,44,0.0789473684210526,0.107843137254902,0
00-0037742,T.Burks,Treylon Burks,WR,2025,14,REG,2025_14_WAS_MIN,WAS,MIN,0,0,0,0,0,0,0,0,0,0,0,0,0,1,0,0,0,0,11,0.05,0.0956521739130435,0
00-0037744,T.McBride,Trey McBride,TE,2025,14,REG,2025_14_LA_ARI,ARI,LA,0,0,0,0,0,0,0,0,0,0,0,0,5,9,58,0,0,0,71,0.204545454545455,0.201704545454545,0
00-0037745,V.Jones,Velus Jones Jr.,WR,2025,14,REG,2025_14_SEA_ATL,SEA,ATL,0,0,0,0,0,0,0,4,32,0,0,0,0,0,0,0,0,0,0,0,0,0
00-0037801,K.Turpin,KaVontae Turpin,WR,2025,14,REG,2025_14_DAL_DET,DAL,DET,0,0,0,0,0,0,0,1,4,0,0,0,2,2,26,0,0,0,12,0.0425531914893617,0.0241448692152918,0
00-0037805,J.Ruckert,Jeremy Ruckert,TE,2025,14,REG,2025_14_MIA_NYJ,NYJ,MIA,0,0,0,0,0,0,0,0,0,0,0,0,2,3,19,0,0,0,12,0.09375,0.041522491349481,0
00-0037809,C.Okonkwo,Chig Okonkwo,TE,2025,14,REG,2025_14_TEN_CLE,TEN,CLE,0,0,0,0,0,0,0,0,0,0,0,0,2,2,20,0,0,0,1,0.08,0.00574712643678161,0
00-0037816,R.Doubs,Romeo Doubs,WR,2025,14,REG,2025_14_CHI_GB,GB,CHI,0,0,0,0,0,0,0,0,0,0,0,0,0,2,0,0,0,0,65,0.0869565217391304,0.209003215434084,0
00-0037837,C.Austin,Calvin Austin III,WR,2025,14,REG,2025_14_PIT_BAL,PIT,BAL,0,0,0,0,0,0,0,0,0,0,0,0,1,2,31,0,0,0,24,0.0606060606060606,0.113207547169811,0
00-0037838,I.Likely,Isaiah Likely,TE,2025,14,REG,2025_14_PIT_BAL,BAL,PIT,0,0,0,0,0,0,0,0,0,0,0,0,4,6,25,1,0,0,31,0.181818181818182,0.120622568093385,0
00-0037840,K.Williams,Kyren Williams,RB,2025,14,REG,2025_14_LA_ARI,LA,ARI,0,0,0,0,0,0,0,13,84,1,0,0,2,2,13,0,0,0,4,0.0645161290322581,0.0179372197309417,0
00-0038041,J.Ferguson,Jake Ferguson,TE,2025,14,REG,2025_14_DAL_DET,DAL,DET,0,0,0,0,0,0,0,0,0,0,0,0,5,7,58,0,1,1,61,0.148936170212766,0.122736418511066,0
00-0038046,C.Kolar,Charlie Kolar,TE,2025,14,REG,2025_14_PIT_BAL,BAL,PIT,0,0,0,0,0,0,0,0,0,0,0,0,1,1,19,0,0,0,15,0.0303030303030303,0.0583657587548638,0
00-0038102,K.Pickett,Kenny Pickett,QB,2025,14,REG,2025_14_DEN_LV,LV,DEN,8,11,97,1,0,0,0,1,6,0,0,0,0,0,0,0,0,0,0,0,0,0
00-0038104,T.Thornton,Tyquan Thornton,WR,2025,14,REG,2025_14_HOU_KC,KC,HOU,0,0,0,0,0,0,0,0,0,0,0,0,2,3,19,0,0,0,67,0.103448275862069,0.231833910034602,0
00-0038120,B.Hall,Breece Hall,RB,2025,14,REG,2025_14_MIA_NYJ,NYJ,MIA,0,0,0,0,0,0,0,14,43,0,0,0,0,1,0,0,0,0,0,0.03125,0,0
00-0038124,C.Watson,Christian Watson,WR,2025,14,REG,2025_14_CHI_GB,GB,CHI,0,0,0,0,0,0,0,0,0,0,0,0,4,4,89,2,0,0,43,0.173913043478261,0.138263665594855,0
00-0038129,C.Otton,Cade Otton,TE,2025,14,REG,2025_14_NO_TB,TB,NO,0,0,0,0,0,0,0,0,0,0,0,0,3,4,19,0,0,0,25,0.142857142857143,0.108695652173913,0
00-0038134,K.Walker,Kenneth Walker III,RB,2025,14,REG,2025_14_SEA_ATL,SEA,ATL,0,0,0,0,0,0,0,10,29,0,0,0,1,3,-1,0,0,0,11,0.1,0.0431372549019608,0
00-0038359,X.Smith,Xavier Smith,WR,2025,14,REG,2025_14_LA_ARI,LA,ARI,0,0,0,0,0,0,0,0,0,0,0,0,1,1,6,0,0,0,6,0.032258064516129,0.0269058295964126,0
00-0038397,E.Hull,Evan Hull,RB,2025,14,REG,2025_14_NO_TB,NO,TB,0,0,0,0,0,0,0,1,4,0,0,0,1,1,6,0,0,0,-4,0.05,-0.0253164556962025,0
00-0038440,Z.Scott,Zavier Scott,RB,2025,14,REG,2025_14_WAS_MIN,MIN,WAS,0,0,0,0,0,0,0,3,15,0,0,0,1,1,5,0,0,0,-6,0.0434782608695652,-0.0392156862745098,0
00-0038454,K.Mitchell,Keaton Mitchell,RB,2025,14,REG,2025_14_PIT_BAL,BAL,PIT,0,0,0,0,0,0,0,6,76,0,0,0,0,0,0,0,0,0,0,0,0,0
00-0038542,B.Robinson,Bijan Robinson,RB,2025,14,REG,2025_14_SEA_ATL,ATL,SEA,0,0,0,0,0,0,0,20,86,0,1,0,2,2,8,0,0,0,1,0.0714285714285714,0.00490196078431373,0
00-0038543,J.Smith-Njigba,Jaxon Smith-Njigba,WR,2025,14,REG,2025_14_SEA_ATL,SEA,ATL,0,0,0,0,0,0,0,1,-1,0,0,0,7,10,92,2,0,0,106,0.333333333333333,0.415686274509804,0
00-0038544,Q.Johnston,Quentin Johnston,WR,2025,14,REG,2025_14_PHI_LAC,LAC,PHI,0,0,0,0,0,0,0,0,0,0,0,0,2,3,8,0,0,0,9,0.130434782608696,0.0333333333333333,0
00-0038547,L.Schoonmaker,Luke Schoonmaker,TE,2025,14,REG,2025_14_DAL_DET,DAL,DET,0,0,0,0,0,0,0,0,0,0,0,0,1,2,12,0,0,0,17,0.0425531914893617,0.03420523138833,0
00-0038555,T.Bigsby,Tank Bigsby,RB,2025,14,REG,2025_14_PHI_LAC,PHI,LAC,0,0,0,0,0,0,0,1,4,0,0,0,0,0,0,0,0,0,0,0,0,0
00-0038558,D.Washington,Darnell Washington,TE,2025,14,REG,2025_14_PIT_BAL,PIT,BAL,0,0,0,0,0,0,0,0,0,0,0,0,1,1,12,0,0,0,4,0.0303030303030303,0.0188679245283019,0
00-0038559,M.Wilson,Michael Wilson,WR,2025,14,REG,2025_14_LA_ARI,ARI,LA,0,0,0,0,0,0,0,0,0,0,0,0,11,16,142,2,0,0,193,0.363636363636364,0.548295454545455,0
00-0038563,T.Tucker,Tre Tucker,WR,2025,14,REG,2025_14_DEN_LV,LV,DEN,0,0,0,0,0,0,0,0,0,0,0,0,2,5,24,0,0,0,76,0.178571428571429,0.311475409836066,0
00-0038564,C.Latu,Cameron Latu,TE,2025,14,REG,2025_14_PHI_LAC,PHI,LAC,0,0,0,0,0,0,0,0,0,0,0,0,0,0,0,0,0,0,0,0,0,0
00-0038573,D.Davis,Derius Davis,WR,2025,14,REG,2025_14_PHI_LAC,LAC,PHI,0,0,0,0,0,0,0,0,0,0,0,0,0,0,0,0,0,0,0,0,0,0
00-0038576,C.Jones,Charlie Jones,WR,2025,14,REG,2025_14_CIN_BUF,CIN,BUF,0,0,0,0,0,0,0,0,0,0,0,0,0,0,0,0,0,0,0,0,0,0
00-0038589,J.Whyle,Josh Whyle,TE,2025,14,REG,2025_14_CHI_GB,GB,CHI,0,0,0,0,0,0,0,0,0,0,0,0,1,1,21,0,0,0,12,0.0434782608695652,0.0385852090032154,0
00-0038597,C.Brown,Chase Brown,RB,2025,14,REG,2025_14_CIN_BUF,CIN,BUF,0,0,0,0,0,0,0,12,23,1,0,0,3,4,12,1,0,0,33,0.111111111111111,0.100303951367781,0
00-0038611,C.Rodriguez,Chris Rodriguez Jr.,RB,2025,14,REG,2025_14_WAS_MIN,WAS,MIN,0,0,0,0,0,0,0,10,52,0,0,0,0,0,0,0,0,0,0,0,0,0
00-0038618,X.Hutchinson,Xavier Hutchinson,WR,2025,14,REG,2025_14_HOU_KC,HOU,KC,0,0,0,0,0,0,0,0,0,0,0,0,0,2,0,0,0,0,30,0.0740740740740741,0.0983606557377049,0
00-0038619,A.Iosivas,Andrei Iosivas,WR,2025,14,REG,2025_14_CIN_BUF,CIN,BUF,0,0,0,0,0,0,0,0,0,0,0,0,2,3,17,0,0,0,19,0.0833333333333333,0.0577507598784195,0
00-0038640,J.Brooks,Jalen Brooks,WR,2025,14,REG,2025_14_LA_ARI,ARI,LA,0,0,0,0,0,0,0,0,0,0,0,0,2,3,32,0,0,0,40,0.0681818181818182,0.113636363636364,0
00-0038679,T.Shavers,Tyrell Shavers,WR,2025,14,REG,2025_14_CIN_BUF,BUF,CIN,0,0,0,0,0,0,0,0,0,0,0,0,1,1,16,0,0,0,16,0.037037037037037,0.124031007751938,0
00-0038685,C.Brooks,Chris Brooks,RB,2025,14,REG,2025_14_CHI_GB,GB,CHI,0,0,0,0,0,0,0,0,0,0,0,0,1,1,6,0,0,0,-5,0.0434782608695652,-0.0160771704180064,0
00-0038710,B.Whiteheart,Blake Whiteheart,TE,2025,14,REG,2025_14_TEN_CLE,CLE,TEN,0,0,0,0,0,0,0,0,0,0,0,0,0,1,0,0,0,0,4,0.0263157894736842,0.0131147540983607,0
00-0038738,H.Luepke,Hunter Luepke,RB,2025,14,REG,2025_14_DAL_DET,DAL,DET,0,0,0,0,0,0,0,0,0,0,0,0,0,0,0,0,0,0,0,0,0,0
00-0038794,J.McLaughlin,Jaleel McLaughlin,RB,2025,14,REG,2025_14_DEN_LV,DEN,LV,0,0,0,0,0,0,0,4,22,0,0,0,1,1,9,0,0,0,1,0.0277777777777778,0.00462962962962963,0
00-0038797,E.Wilson,Emanuel Wilson,RB,2025,14,REG,2025_14_CHI_GB,GB,CHI,0,0,0,0,0,0,0,3,10,0,0,0,0,0,0,0,0,0,0,0,0,0
00-0038809,B.Sims,Ben Sims,TE,2025,14,REG,2025_14_WAS_MIN,MIN,WAS,0,0,0,0,0,0,0,0,0,0,0,0,1,1,9,0,0,0,4,0.0434782608695652,0.0261437908496732,0
00-0038824,R.Miller,Ryan Miller,WR,2025,14,REG,2025_14_NO_TB,TB,NO,0,0,0,0,0,0,0,0,0,0,0,0,0,0,0,0,0,0,0,0,0,0
00-0038891,S.Jackson,Shedrick Jackson,WR,2025,14,REG,2025_14_DEN_LV,LV,DEN,0,0,0,0,0,0,0,0,0,0,0,0,1,1,25,1,0,0,25,0.0357142857142857,0.102459016393443,0
00-0038896,J.Saylors,Jacob Saylors,RB,2025,14,REG,2025_14_DAL_DET,DET,DAL,0,0,0,0,0,0,0,0,0,0,0,0,0,0,0,0,0,0,0,0,0,0
00-0038911,M.Cunningham,Malik Cunningham,WR,2025,14,REG,2025_14_DAL_DET,DET,DAL,0,0,0,0,0,0,0,1,1,0,0,0,0,0,0,0,0,0,0,0,0,0
00-0038933,D.Kincaid,Dalton Kincaid,TE,2025,14,REG,2025_14_CIN_BUF,BUF,CIN,0,0,0,0,0,0,0,0,0,0,0,0,4,5,41,1,0,0,21,0.185185185185185,0.162790697674419,0
00-0038935,B.Strange,Brenton Strange,TE,2025,14,REG,2025_14_IND_JAX,JAX,IND,0,0,0,0,0,0,0,0,0,0,0,0,3,6,27,0,0,0,39,0.193548387096774,0.117117117117117,0
00-0038951,S.Tucker,Sean Tucker,RB,2025,14,REG,2025_14_NO_TB,TB,NO,0,0,0,0,0,0,0,7,29,1,0,0,0,0,0,0,0,0,0,0,0,0
00-0038953,D.Drummond,Dylan Drummond,WR,2025,14,REG,2025_14_SEA_ATL,ATL,SEA,0,0,0,0,0,0,0,0,0,0,0,0,3,5,21,0,0,0,26,0.178571428571429,0.127450980392157,0
00-0038976,M.Mims,Marvin Mims Jr.,WR,2025,14,REG,2025_14_DEN_LV,DEN,LV,0,0,0,0,0,0,0,1,2,0,0,0,1,1,5,0,0,0,3,0.0277777777777778,0.0138888888888889,1
00-0038979,C.Tillman,Cedric Tillman,WR,2025,14,REG,2025_14_TEN_CLE,CLE,TEN,0,0,0,0,0,0,0,0,0,0,0,0,1,3,23,0,0,0,68,0.0789473684210526,0.222950819672131,0
00-0038994,J.Addison,Jordan Addison,WR,2025,14,REG,2025_14_WAS_MIN,MIN,WAS,0,0,0,0,0,0,0,0,0,0,0,0,4,7,62,0,0,0,78,0.304347826086957,0.509803921568627,0
00-0038997,J.Downs,Josh Downs,WR,2025,14,REG,2025_14_IND_JAX,IND,JAX,0,0,0,0,0,0,0,0,0,0,0,0,4,5,23,0,0,0,15,0.138888888888889,0.0646551724137931,0
00-0039032,T.Spears,Tyjae Spears,RB,2025,14,REG,2025_14_TEN_CLE,TEN,CLE,0,0,0,0,0,0,0,8,19,0,0,0,2,4,28,0,0,0,2,0.16,0.0114942528735632,0
00-0039040,D.Achane,De'Von Achane,RB,2025,14,REG,2025_14_MIA_NYJ,MIA,NYJ,0,0,0,0,0,0,0,7,92,1,0,0,1,1,13,0,0,0,0,0.0476190476190476,0,0
00-0039041,E.Higgins,Elijah Higgins,TE,2025,14,REG,2025_14_LA_ARI,ARI,LA,0,0,0,0,0,0,0,0,0,0,0,0,1,1,0,0,0,0,-3,0.0227272727272727,-0.00852272727272727,0
00-0039050,P.Durham,Payne Durham,TE,2025,14,REG,2025_14_NO_TB,TB,NO,0,0,0,0,0,0,0,0,0,0,0,0,0,0,0,0,0,0,0,0,0,0
00-0039062,J.Mingo,Jonathan Mingo,WR,2025,14,REG,2025_14_DAL_DET,DAL,DET,0,0,0,0,0,0,0,0,0,0,0,0,0,1,0,0,0,0,18,0.0212765957446809,0.0362173038229376,0
00-0039064,Z.Flowers,Zay Flowers,WR,2025,14,REG,2025_14_PIT_BAL,BAL,PIT,0,0,0,0,0,0,0,1,2,0,0,0,8,11,124,0,0,0,118,0.333333333333333,0.459143968871595,0
00-0039067,R.Rice,Rashee Rice,WR,2025,14,REG,2025_14_HOU_KC,KC,HOU,0,0,0,0,0,0,0,0,0,0,0,0,4,8,34,0,0,0,28,0.275862068965517,0.0968858131487889,0
00-0039074,D.Allen,Davis Allen,TE,2025,14,REG,2025_14_LA_ARI,LA,ARI,0,0,0,0,0,0,0,0,0,0,0,0,2,2,21,0,0,0,1,0.0645161290322581,0.00448430493273543,0
00-0039075,P.Nacua,Puka Nacua,WR,2025,14,REG,2025_14_LA_ARI,LA,ARI,0,0,0,0,0,0,0,0,0,0,0,0,7,11,167,2,0,0,146,0.354838709677419,0.654708520179372,0
00-0039139,J.Gibbs,Jahmyr Gibbs,RB,2025,14,REG,2025_14_DAL_DET,DET,DAL,0,0,0,0,0,0,0,12,43,3,0,0,7,7,77,0,0,0,14,0.225806451612903,0.0611353711790393,0
00-0039144,L.Musgrave,Luke Musgrave,TE,2025,14,REG,2025_14_CHI_GB,GB,CHI,0,0,0,0,0,0,0,0,0,0,0,0,2,4,22,0,0,0,56,0.173913043478261,0.180064308681672,0
00-0039146,J.Reed,Jayden Reed,WR,2025,14,REG,2025_14_CHI_GB,GB,CHI,0,0,0,0,0,0,0,2,22,0,0,0,4,4,31,0,0,0,27,0.173913043478261,0.0868167202572347,0
00-0039163,C.Stroud,C.J. Stroud,QB,2025,14,REG,2025_14_HOU_KC,HOU,KC,15,31,203,1,0,0,0,2,5,0,0,0,0,0,0,0,0,0,0,0,0,0
00-0039165,Z.Charbonnet,Zach Charbonnet,RB,2025,14,REG,2025_14_SEA_ATL,SEA,ATL,0,0,0,0,0,0,0,7,46,0,0,0,2,3,20,0,0,0,8,0.1,0.0313725490196078,0
00-0039338,B.Bowers,Brock Bowers,TE,2025,14,REG,2025_14_DEN_LV,LV,DEN,0,0,0,0,0,0,0,0,0,0,0,0,4,5,46,1,0,0,41,0.178571428571429,0.168032786885246,0
00-0039361,B.Irving,Bucky Irving,RB,2025,14,REG,2025_14_NO_TB,TB,NO,0,0,0,0,0,0,0,15,55,0,0,0,2,3,26,1,0,0,-3,0.107142857142857,-0.0130434782608696,0
00-0039364,S.Vaki,Sione Vaki,RB,2025,14,REG,2025_14_DAL_DET,DET,DAL,0,0,0,0,0,0,0,0,0,0,0,0,0,0,0,0,0,0,0,0,0,0
00-0039373,A.Estime,Audric Estimé,RB,2025,14,REG,2025_14_NO_TB,NO,TB,0,0,0,0,0,0,0,3,11,0,0,0,0,0,0,0,0,0,0,0,0,0
00-0039391,K.Vidal,Kimani Vidal,RB,2025,14,REG,2025_14_PHI_LAC,LAC,PHI,0,0,0,0,0,0,0,14,44,0,0,0,1,3,60,0,0,0,19,0.130434782608696,0.0703703703703704,0
00-0039407,D.Laube,Dylan Laube,RB,2025,14,REG,2025_14_DEN_LV,LV,DEN,0,0,0,0,0,0,0,0,0,0,0,0,0,0,0,0,0,0,0,0,0,0
00-0039410,R.Flournoy,Ryan Flournoy,WR,2025,14,REG,2025_14_DAL_DET,DAL,DET,0,0,0,0,0,0,0,0,0,0,0,0,9,13,115,1,0,0,161,0.276595744680851,0.323943661971831,0
00-0039424,D.Vele,Devaughn Vele,WR,2025,14,REG,2025_14_NO_TB,NO,TB,0,0,0,0,0,0,0,0,0,0,0,0,3,5,40,0,0,0,50,0.25,0.316455696202532,0
00-0039451,I.Williams,Isaiah Williams,WR,2025,14,REG,2025_14_MIA_NYJ,NYJ,MIA,0,0,0,0,0,0,0,0,0,0,0,0,2,3,24,0,0,0,16,0.09375,0.055363321799308,1
00-0039530,B.Spann-Ford,Brevyn Spann-Ford,TE,2025,14,REG,2025_14_DAL_DET,DAL,DET,0,0,0,0,0,0,0,0,0,0,0,0,1,1,7,0,0,0,7,0.0212765957446809,0.0140845070422535,0
00-0039589,K.Johnson,Kameron Johnson,WR,2025,14,REG,2025_14_NO_TB,TB,NO,0,0,0,0,0,0,0,0,0,0,0,0,0,1,0,0,0,0,16,0.0357142857142857,0.0695652173913044,0
00-0039603,B.Brooks,British Brooks,RB,2025,14,REG,2025_14_HOU_KC,HOU,KC,0,0,0,0,0,0,0,0,0,0,0,0,0,0,0,0,0,0,0,0,0,0
00-0039623,M.Tipton,Mason Tipton,WR,2025,14,REG,2025_14_NO_TB,NO,TB,0,0,0,0,0,0,0,0,0,0,0,0,0,0,0,0,0,0,0,0,0,0
00-0039648,D.Martin-Robinson,David Martin-Robinson,TE,2025,14,REG,2025_14_TEN_CLE,TEN,CLE,0,0,0,0,0,0,0,0,0,0,0,0,1,1,6,0,0,0,0,0.04,0,0
00-0039686,C.Yankoff,Colson Yankoff,TE,2025,14,REG,2025_14_WAS_MIN,WAS,MIN,0,0,0,0,0,0,0,0,0,0,0,0,0,1,0,0,0,0,4,0.05,0.0347826086956522,0
00-0039732,B.Nix,Bo Nix,QB,2025,14,REG,2025_14_DEN_LV,DEN,LV,31,38,212,0,0,0,0,3,15,1,0,0,0,0,0,0,0,0,0,0,0,0
00-0039738,B.Corum,Blake Corum,RB,2025,14,REG,2025_14_LA_ARI,LA,ARI,0,0,0,0,0,0,0,12,128,2,0,0,1,1,3,0,0,0,2,0.032258064516129,0.00896860986547085,0
00-0039746,W.Shipley,Will Shipley,RB,2025,14,REG,2025_14_PHI_LAC,PHI,LAC,0,0,0,0,0,0,0,0,0,0,0,0,1,1,3,0,0,0,1,0.0263157894736842,0.00245098039215686,0
00-0039751,J.Whittington,Jordan Whittington,WR,2025,14,REG,2025_14_LA_ARI,LA,ARI,0,0,0,0,0,0,0,0,0,0,0,0,1,1,5,0,0,0,1,0.032258064516129,0.00448430493273543,0
00-0039793,A.Barner,AJ Barner,TE,2025,14,REG,2025_14_SEA_ATL,SEA,ATL,0,0,0,0,0,0,0,0,0,0,0,0,3,4,27,0,0,0,14,0.133333333333333,0.0549019607843137,0
00-0039796,R.Ali,Rasheen Ali,RB,2025,14,REG,2025_14_PIT_BAL,BAL,PIT,0,0,0,0,0,0,0,1,2,0,0,0,2,3,11,0,0,0,11,0.0909090909090909,0.0428015564202335,0
00-0039798,I.Davis,Isaiah Davis,RB,2025,14,REG,2025_14_MIA_NYJ,NYJ,MIA,0,0,0,0,0,0,0,2,22,0,0,0,0,0,0,0,0,0,0,0,0,0
00-0039816,A.Gould,Anthony Gould,WR,2025,14,REG,2025_14_IND_JAX,IND,JAX,0,0,0,0,0,0,0,0,0,0,0,0,1,1,3,0,0,0,-5,0.0277777777777778,-0.021551724137931,0
00-0039868,T.Franklin,Troy Franklin,WR,2025,14,REG,2025_14_DEN_LV,DEN,LV,0,0,0,0,0,0,0,0,0,0,0,0,3,4,11,0,0,0,23,0.111111111111111,0.106481481481481,0
00-0039874,J.Wright,Jaylen Wright,RB,2025,14,REG,2025_14_MIA_NYJ,MIA,NYJ,0,0,0,0,0,0,0,24,107,1,0,0,0,3,0,0,0,0,-16,0.142857142857143,-0.168421052631579,0
00-0039875,R.Davis,Ray Davis,RB,2025,14,REG,2025_14_CIN_BUF,BUF,CIN,0,0,0,0,0,0,0,0,0,0,0,0,0,0,0,0,0,0,0,0,0,0
00-0039880,M.Washington,Malik Washington,WR,2025,14,REG,2025_14_MIA_NYJ,MIA,NYJ,0,0,0,0,0,0,0,0,0,0,0,0,3,4,10,0,0,0,13,0.19047619047619,0.136842105263158,0
00-0039890,A.Mitchell,Adonai Mitchell,WR,2025,14,REG,2025_14_MIA_NYJ,NYJ,MIA,0,0,0,0,0,0,0,0,0,0,0,0,1,6,24,0,0,0,78,0.1875,0.269896193771626,0
00-0039893,B.Thomas,Brian Thomas Jr.,WR,2025,14,REG,2025_14_IND_JAX,JAX,IND,0,0,0,0,0,0,0,0,0,0,0,0,3,6,87,0,0,0,153,0.193548387096774,0.45945945945946,0
00-0039894,X.Worthy,Xavier Worthy,WR,2025,14,REG,2025_14_HOU_KC,KC,HOU,0,0,0,0,0,0,0,0,0,0,0,0,3,4,55,0,0,0,47,0.137931034482759,0.162629757785467,0
00-0039901,K.Coleman,Keon Coleman,WR,2025,14,REG,2025_14_CIN_BUF,BUF,CIN,0,0,0,0,0,0,0,0,0,0,0,0,2,3,16,0,0,0,30,0.111111111111111,0.232558139534884,0
00-0039910,J.Daniels,Jayden Daniels,QB,2025,14,REG,2025_14_WAS_MIN,WAS,MIN,9,20,78,0,1,0,0,4,16,0,0,0,0,0,0,0,0,0,0,0,0,0
00-0039912,B.Sinnott,Ben Sinnott,TE,2025,14,REG,2025_14_WAS_MIN,WAS,MIN,0,0,0,0,0,0,0,0,0,0,0,0,1,1,8,0,0,0,0,0.05,0,0
00-0039915,L.McConkey,Ladd McConkey,WR,2025,14,REG,2025_14_PHI_LAC,LAC,PHI,0,0,0,0,0,0,0,0,0,0,0,0,1,5,12,0,0,0,133,0.217391304347826,0.492592592592593,0
00-0039918,C.Williams,Caleb Williams,QB,2025,14,REG,2025_14_CHI_GB,CHI,GB,19,35,186,2,1,0,0,4,15,0,0,0,0,0,0,0,0,0,0,0,0,0
00-0039920,M.Corley,Malachi Corley,WR,2025,14,REG,2025_14_TEN_CLE,CLE,TEN,0,0,0,0,0,0,0,1,2,0,0,0,0,0,0,0,0,0,0,0,0,0
00-0039923,J.McCarthy,J.J. McCarthy,QB,2025,14,REG,2025_14_WAS_MIN,MIN,WAS,16,23,163,3,0,0,0,6,19,0,0,0,0,0,0,0,0,0,0,0,0,0
00-0040024,D.Cooper,Darius Cooper,WR,2025,14,REG,2025_14_PHI_LAC,PHI,LAC,0,0,0,0,0,0,0,0,0,0,0,0,1,1,19,0,0,0,13,0.0263157894736842,0.0318627450980392,0
00-0040075,L.Wester,LaJohntay Wester,WR,2025,14,REG,2025_14_PIT_BAL,BAL,PIT,0,0,0,0,0,0,0,0,0,0,0,0,0,0,0,0,0,0,0,0,0,0
00-0040078,B.Smith,Brashard Smith,RB,2025,14,REG,2025_14_HOU_KC,KC,HOU,0,0,0,0,0,0,0,1,7,0,0,0,0,0,0,0,0,0,0,0,0,0
00-0040122,A.Jeanty,Ashton Jeanty,RB,2025,14,REG,2025_14_DEN_LV,LV,DEN,0,0,0,0,0,0,0,10,30,0,0,0,2,4,8,0,0,0,19,0.142857142857143,0.0778688524590164,0
00-0040126,C.Loveland,Colston Loveland,TE,2025,14,REG,2025_14_CHI_GB,CHI,GB,0,0,0,0,0,0,0,0,0,0,0,0,4,5,29,1,0,0,32,0.178571428571429,0.10738255033557,0
00-0040128,T.Warren,Tyler Warren,TE,2025,14,REG,2025_14_IND_JAX,IND,JAX,0,0,0,0,0,0,0,1,2,0,0,0,2,6,15,0,0,0,33,0.166666666666667,0.142241379310345,0
00-0040129,E.Egbuka,Emeka Egbuka,WR,2025,14,REG,2025_14_NO_TB,TB,NO,0,0,0,0,0,0,0,0,0,0,0,0,2,9,15,0,0,0,132,0.321428571428571,0.573913043478261,0
00-0040130,J.Higgins,Jayden Higgins,WR,2025,14,REG,2025_14_HOU_KC,HOU,KC,0,0,0,0,0,0,0,0,0,0,0,0,3,5,34,0,0,0,72,0.185185185185185,0.236065573770492,0
00-0040134,P.Bryant,Pat Bryant,WR,2025,14,REG,2025_14_DEN_LV,DEN,LV,0,0,0,0,0,0,0,0,0,0,0,0,4,4,32,0,0,0,20,0.111111111111111,0.0925925925925926,0
00-0040138,J.Noel,Jaylin Noel,WR,2025,14,REG,2025_14_HOU_KC,HOU,KC,0,0,0,0,0,0,0,1,1,0,0,0,2,2,12,0,0,0,6,0.0740740740740741,0.019672131147541,0
00-0040142,K.Johnson,Kaleb Johnson,RB,2025,14,REG,2025_14_PIT_BAL,PIT,BAL,0,0,0,0,0,0,0,2,4,0,0,0,0,0,0,0,0,0,0,0,0,0
00-0040154,T.Felton,Tai Felton,WR,2025,14,REG,2025_14_WAS_MIN,MIN,WAS,0,0,0,0,0,0,0,0,0,0,0,0,1,1,10,0,0,0,-2,0.0434782608695652,-0.0130718954248366,0
00-0040162,D.Sampson,Dylan Sampson,RB,2025,14,REG,2025_14_TEN_CLE,CLE,TEN,0,0,0,0,0,0,0,2,4,0,0,0,5,6,64,0,1,0,-3,0.157894736842105,-0.00983606557377049,0
00-0040164,J.Lane,Jaylin Lane,WR,2025,14,REG,2025_14_WAS_MIN,WAS,MIN,0,0,0,0,0,0,0,0,0,0,0,0,0,0,0,0,0,0,0,0,0,0
00-0040170,E.Ayomanor,Elic Ayomanor,WR,2025,14,REG,2025_14_TEN_CLE,TEN,CLE,0,0,0,0,0,0,0,0,0,0,0,0,1,3,14,1,0,0,22,0.12,0.126436781609195,0
00-0040189,O.Gadsden,Oronde Gadsden II,TE,2025,14,REG,2025_14_PHI_LAC,LAC,PHI,0,0,0,0,0,0,0,0,0,0,0,0,1,4,7,0,0,0,38,0.173913043478261,0.140740740740741,0
00-0040194,J.Hawes,Jackson Hawes,TE,2025,14,REG,2025_14_CIN_BUF,BUF,CIN,0,0,0,0,0,0,0,0,0,0,0,0,1,1,3,1,0,0,3,0.037037037037037,0.0232558139534884,0
00-0040198,O.Gordon,Ollie Gordon II,RB,2025,14,REG,2025_14_MIA_NYJ,MIA,NYJ,0,0,0,0,0,0,0,5,17,1,0,0,0,0,0,0,0,0,0,0,0,0
00-0040202,D.Neal,Devin Neal,RB,2025,14,REG,2025_14_NO_TB,NO,TB,0,0,0,0,0,0,0,19,70,1,0,0,1,1,14,0,0,0,-5,0.05,-0.0316455696202532,0
00-0040206,R.Leonard,Riley Leonard,QB,2025,14,REG,2025_14_IND_JAX,IND,JAX,18,29,145,0,1,0,0,2,5,1,0,0,0,0,0,0,0,0,0,0,0,0
00-0040236,K.Monangai,Kyle Monangai,RB,2025,14,REG,2025_14_CHI_GB,CHI,GB,0,0,0,0,0,0,0,14,57,0,0,1,1,2,0,0,0,0,2,0.0714285714285714,0.00671140939597315,0
00-0040238,L.Allen,LeQuint Allen Jr.,RB,2025,14,REG,2025_14_IND_JAX,JAX,IND,0,0,0,0,0,0,0,0,0,0,0,0,2,2,8,0,0,0,-7,0.0645161290322581,-0.021021021021021,0
00-0040242,J.Croskey-Merritt,Jacory Croskey-Merritt,RB,2025,14,REG,2025_14_WAS_MIN,WAS,MIN,0,0,0,0,0,0,0,7,32,0,0,0,0,0,0,0,0,0,0,0,0,0
00-0040259,G.Larvadain,Gage Larvadain,WR,2025,14,REG,2025_14_TEN_CLE,CLE,TEN,0,0,0,0,0,0,0,0,0,0,0,0,2,3,18,0,0,0,35,0.0789473684210526,0.114754098360656,0
00-0040398,B.Cook,Brady Cook,QB,2025,14,REG,2025_14_MIA_NYJ,NYJ,MIA,14,30,163,0,2,0,0,1,0,0,0,0,0,0,0,0,0,0,0,0,0,0
00-0040506,M.Price,Myles Price,WR,2025,14,REG,2025_14_WAS_MIN,MIN,WAS,0,0,0,0,0,0,0,0,0,0,0,0,0,0,0,0,0,0,0,0,0,0
00-0040583,W.Marks,Woody Marks,RB,2025,14,REG,2025_14_HOU_KC,HOU,KC,0,0,0,0,0,0,0,26,68,0,0,0,2,3,8,1,0,0,13,0.111111111111111,0.0426229508196721,0
00-0040584,G.Helm,Gunnar Helm,TE,2025,14,REG,2025_14_TEN_CLE,TEN,CLE,0,0,0,0,0,0,0,0,0,0,0,0,1,2,8,0,0,0,2,0.08,0.0114942528735632,0
00-0040590,K.Mumpfield,Konata Mumpfield,WR,2025,14,REG,2025_14_LA_ARI,LA,ARI,0,0,0,0,0,0,0,0,0,0,0,0,1,1,5,0,0,0,4,0.032258064516129,0.0179372197309417,0
00-0040649,R.Ouzts,Robbie Ouzts,RB,2025,14,REG,2025_14_SEA_ATL,SEA,ATL,0,0,0,0,0,0,0,0,0,0,0,0,0,0,0,0,0,0,0,0,0,0
00-0040663,H.Fannin,Harold Fannin Jr.,TE,2025,14,REG,2025_14_TEN_CLE,CLE,TEN,0,0,0,0,0,0,0,0,0,0,0,0,8,11,114,1,0,0,74,0.289473684210526,0.242622950819672,0
00-0040666,O.Hampton,Omarion Hampton,RB,2025,14,REG,2025_14_PHI_LAC,LAC,PHI,0,0,0,0,0,0,0,13,56,0,0,0,2,2,11,1,0,0,2,0.0869565217391304,0.00740740740740741,0
00-0040667,M.Golden,Matthew Golden,WR,2025,14,REG,2025_14_CHI_GB,GB,CHI,0,0,0,0,0,0,0,0,0,0,0,0,0,1,0,0,0,0,16,0.0434782608695652,0.0514469453376206,0
00-0040668,S.Sanders,Shedeur Sanders,QB,2025,14,REG,2025_14_TEN_CLE,CLE,TEN,23,42,364,3,1,0,0,3,29,1,0,0,0,0,0,0,0,0,0,0,0,0
00-0040669,I.TeSlaa,Isaac TeSlaa,WR,2025,14,REG,2025_14_DAL_DET,DET,DAL,0,0,0,0,0,0,0,0,0,0,0,0,2,3,20,1,0,0,47,0.0967741935483871,0.205240174672489,0
00-0040676,C.Ward,Cam Ward,QB,2025,14,REG,2025_14_TEN_CLE,TEN,CLE,14,28,117,2,1,0,0,2,4,0,0,0,0,0,0,0,0,0,0,0,0,0
00-0040705,C.Dike,Chimere Dike,WR,2025,14,REG,2025_14_TEN_CLE,TEN,CLE,0,0,0,0,0,0,0,0,0,0,0,0,5,8,24,1,0,0,78,0.32,0.448275862068966,0
00-0040719,B.Tuten,Bhayshul Tuten,RB,2025,14,REG,2025_14_IND_JAX,JAX,IND,0,0,0,0,0,0,0,2,5,0,1,0,0,0,0,0,0,0,0,0,0,0
00-0040727,T.Harris,Tre Harris,WR,2025,14,REG,2025_14_PHI_LAC,LAC,PHI,0,0,0,0,0,0,0,1,3,0,0,0,1,2,18,0,0,0,26,0.0869565217391304,0.0962962962962963,0
00-0040729,J.Bech,Jack Bech,WR,2025,14,REG,2025_14_DEN_LV,LV,DEN,0,0,0,0,0,0,0,0,0,0,0,0,6,6,50,0,0,0,47,0.214285714285714,0.192622950819672,0
00-0040730,R.Harvey,RJ Harvey,RB,2025,14,REG,2025_14_DEN_LV,DEN,LV,0,0,0,0,0,0,0,17,75,1,0,0,6,6,25,0,0,0,-9,0.166666666666667,-0.0416666666666667,0
00-0040735,L.Burden,Luther Burden III,WR,2025,14,REG,2025_14_CHI_GB,CHI,GB,0,0,0,0,0,0,0,1,3,0,0,0,4,6,67,0,0,0,60,0.214285714285714,0.201342281879195,0
00-0040736,M.Taylor,Mason Taylor,TE,2025,14,REG,2025_14_MIA_NYJ,NYJ,MIA,0,0,0,0,0,0,0,0,0,0,0,0,5,8,51,0,0,0,40,0.25,0.13840830449827,0
00-0040737,T.Ferguson,Terrance Ferguson,TE,2025,14,REG,2025_14_LA_ARI,LA,ARI,0,0,0,0,0,0,0,0,0,0,0,0,0,1,0,0,0,0,6,0.032258064516129,0.0269058295964126,0
00-0040739,E.Arroyo,Elijah Arroyo,TE,2025,14,REG,2025_14_SEA_ATL,SEA,ATL,0,0,0,0,0,0,0,0,0,0,0,0,0,1,0,0,0,0,17,0.0333333333333333,0.0666666666666667,0
00-0040743,T.Shough,Tyler Shough,QB,2025,14,REG,2025_14_NO_TB,NO,TB,13,20,144,0,1,0,0,7,55,2,0,0,0,0,0,0,0,0,0,0,0,0
00-0040782,I.Bond,Isaiah Bond,WR,2025,14,REG,2025_14_TEN_CLE,CLE,TEN,0,0,0,0,0,0,0,0,0,0,0,0,0,2,0,0,0,0,57,0.0526315789473684,0.186885245901639,0
00-0040784,Q.Judkins,Quinshon Judkins,RB,2025,14,REG,2025_14_TEN_CLE,CLE,TEN,0,0,0,0,0,0,0,14,26,0,0,0,1,3,58,0,0,0,3,0.0789473684210526,0.00983606557377049,0
00-0022942,P.Rivers,Philip Rivers,QB,2025,15,REG,2025_15_IND_SEA,IND,SEA,18,27,120,1,1,0,0,1,0,0,0,0,0,0,0,0,0,0,0,0,0,0
00-0023459,A.Rodgers,Aaron Rodgers,QB,2025,15,REG,2025_15_MIA_PIT,PIT,MIA,23,27,224,2,0,0,0,0,0,0,0,0,0,0,0,0,0,0,0,0,0,0
00-0026498,M.Stafford,Matthew Stafford,QB,2025,15,REG,2025_15_DET_LA,LA,DET,24,38,368,2,1,0,0,1,2,0,0,0,0,0,0,0,0,0,0,0,0,0
00-0029604,K.Cousins,Kirk Cousins,QB,2025,15,REG,2025_15_ATL_TB,ATL,TB,30,44,373,3,0,0,0,0,0,0,0,0,0,0,0,0,0,0,0,0,0,0
00-0030035,A.Thielen,Adam Thielen,WR,2025,15,REG,2025_15_MIA_PIT,PIT,MIA,0,0,0,0,0,0,0,0,0,0,0,0,1,1,7,0,0,0,5,0.037037037037037,0.0543478260869565,0
00-0030279,K.Allen,Keenan Allen,WR,2025,15,REG,2025_15_LAC_KC,LAC,KC,0,0,0,0,0,0,0,0,0,0,0,0,5,7,36,0,0,0,35,0.269230769230769,0.176767676767677,0
00-0030506,T.Kelce,Travis Kelce,TE,2025,15,REG,2025_15_LAC_KC,KC,LAC,0,0,0,0,0,0,0,0,0,0,0,0,7,9,70,0,0,0,70,0.3,0.28,0
00-0030564,D.Hopkins,DeAndre Hopkins,WR,2025,15,REG,2025_15_BAL_CIN,BAL,CIN,0,0,0,0,0,0,0,0,0,0,0,0,1,1,32,0,0,0,8,0.0833333333333333,0.062015503875969,0
00-0031236,B.Cooks,Brandin Cooks,WR,2025,15,REG,2025_15_BUF_NE,BUF,NE,0,0,0,0,0,0,0,0,0,0,0,0,0,3,0,0,0,0,109,0.115384615384615,0.403703703703704,0
00-0031381,D.Adams,Davante Adams,WR,2025,15,REG,2025_15_DET_LA,LA,DET,0,0,0,0,0,0,0,0,0,0,0,0,4,9,71,0,0,0,162,0.236842105263158,0.343949044585987,0
00-0031408,M.Evans,Mike Evans,WR,2025,15,REG,2025_15_ATL_TB,TB,ATL,0,0,0,0,0,0,0,0,0,0,0,0,6,12,132,0,0,0,181,0.375,0.504178272980501,0
00-0031503,J.Winston,Jameis Winston,QB,2025,15,REG,2025_15_WAS_NYG,NYG,WAS,0,1,0,0,0,0,0,0,0,0,0,0,0,0,0,0,0,0,0,0,0,0
00-0031588,S.Diggs,Stefon Diggs,WR,2025,15,REG,2025_15_BUF_NE,NE,BUF,0,0,0,0,0,0,0,0,0,0,0,0,3,4,26,0,0,0,22,0.181818181818182,0.0901639344262295,0
00-0031610,D.Waller,Darren Waller,TE,2025,15,REG,2025_15_MIA_PIT,MIA,PIT,0,0,0,0,0,0,0,0,0,0,0,0,7,8,66,2,0,0,60,0.307692307692308,0.350877192982456,0
00-0031687,R.Mostert,Raheem Mostert,RB,2025,15,REG,2025_15_LV_PHI,LV,PHI,0,0,0,0,0,0,0,0,0,0,0,0,1,1,2,0,0,0,1,0.04,0.00943396226415094,0
00-0032104,A.Abdullah,Ameer Abdullah,RB,2025,15,REG,2025_15_IND_SEA,IND,SEA,0,0,0,0,0,0,0,4,15,0,0,0,5,5,32,0,0,0,-5,0.192307692307692,-0.0352112676056338,0
00-0032211,T.Lockett,Tyler Lockett,WR,2025,15,REG,2025_15_LV_PHI,LV,PHI,0,0,0,0,0,0,0,0,0,0,0,0,2,4,10,0,0,0,27,0.16,0.254716981132076,0
00-0032268,M.Mariota,Marcus Mariota,QB,2025,15,REG,2025_15_WAS_NYG,WAS,NYG,10,19,211,1,0,1,0,10,43,0,0,0,0,0,0,0,0,0,0,0,0,0
00-0032464,K.Raymond,Kalif Raymond,WR,2025,15,REG,2025_15_DET_LA,DET,LA,0,0,0,0,0,0,0,0,0,0,0,0,1,1,20,0,0,0,19,0.0263157894736842,0.0547550432276657,0
00-0032764,D.Henry,Derrick Henry,RB,2025,15,REG,2025_15_BAL_CIN,BAL,CIN,0,0,0,0,0,0,0,11,100,0,0,0,0,0,0,0,0,0,0,0,0,0
00-0032775,D.Robinson,Demarcus Robinson,WR,2025,15,REG,2025_15_TEN_SF,SF,TEN,0,0,0,0,0,0,0,0,0,0,0,0,2,2,36,0,0,0,34,0.0714285714285714,0.135458167330677,0
00-0033077,D.Prescott,Dak Prescott,QB,2025,15,REG,2025_15_MIN_DAL,DAL,MIN,23,38,294,0,0,0,0,1,2,0,0,0,0,0,0,0,0,0,0,0,0,0
00-0033090,H.Henry,Hunter Henry,TE,2025,15,REG,2025_15_BUF_NE,NE,BUF,0,0,0,0,0,0,0,0,0,0,0,0,1,3,18,0,0,0,34,0.136363636363636,0.139344262295082,0
00-0033106,J.Goff,Jared Goff,QB,2025,15,REG,2025_15_DET_LA,DET,LA,25,41,338,3,0,0,0,0,0,0,0,0,0,0,0,0,0,0,0,0,0,0
00-0033119,J.Brissett,Jacoby Brissett,QB,2025,15,REG,2025_15_ARI_HOU,ARI,HOU,27,40,249,3,1,0,0,3,6,0,0,0,0,0,0,0,0,0,0,0,0,0
00-0033280,C.McCaffrey,Christian McCaffrey,RB,2025,15,REG,2025_15_TEN_SF,SF,TEN,0,0,0,0,0,0,0,22,73,1,0,0,1,1,14,0,0,0,3,0.0357142857142857,0.0119521912350598,0
00-0033288,G.Kittle,George Kittle,TE,2025,15,REG,2025_15_TEN_SF,SF,TEN,0,0,0,0,0,0,0,0,0,0,0,0,8,9,88,1,0,0,20,0.321428571428571,0.0796812749003984,0
00-0033293,A.Jones,Aaron Jones,RB,2025,15,REG,2025_15_MIN_DAL,MIN,DAL,0,0,0,0,0,0,0,12,34,0,0,0,3,3,31,0,0,0,-4,0.125,-0.0160642570281124,0
00-0033307,K.Bourne,Kendrick Bourne,WR,2025,15,REG,2025_15_TEN_SF,SF,TEN,0,0,0,0,0,0,0,0,0,0,0,0,2,3,17,0,0,0,31,0.107142857142857,0.123505976095618,0
00-0033319,N.Mullens,Nick Mullens,QB,2025,15,REG,2025_15_NYJ_JAX,JAX,NYJ,0,0,0,0,0,0,0,3,-2,0,0,0,0,0,0,0,0,0,0,0,0,0
00-0033357,T.Hill,Taysom Hill,TE,2025,15,REG,2025_15_CAR_NO,NO,CAR,0,0,0,0,0,0,0,2,2,0,0,0,0,0,0,0,0,0,0,0,0,0
00-0033439,P.Brown,Pharaoh Brown,TE,2025,15,REG,2025_15_ARI_HOU,ARI,HOU,0,0,0,0,0,0,0,0,0,0,0,0,2,2,1,0,0,0,1,0.0526315789473684,0.00390625,0
00-0033526,S.Perine,Samaje Perine,RB,2025,15,REG,2025_15_BAL_CIN,CIN,BAL,0,0,0,0,0,0,0,14,42,0,0,0,1,1,1,0,0,0,-6,0.0277777777777778,-0.0211267605633803,0
00-0033555,M.Hollins,Mack Hollins,WR,2025,15,REG,2025_15_BUF_NE,NE,BUF,0,0,0,0,0,0,0,0,0,0,0,0,4,8,41,0,0,0,136,0.363636363636364,0.557377049180328,0
00-0033576,E.Saubert,Eric Saubert,TE,2025,15,REG,2025_15_IND_SEA,SEA,IND,0,0,0,0,0,0,0,0,0,0,0,0,1,1,9,0,0,0,4,0.0303030303030303,0.016597510373444,0
00-0033591,N.Brown,Noah Brown,WR,2025,15,REG,2025_15_WAS_NYG,WAS,NYG,0,0,0,0,0,0,0,0,0,0,0,0,1,1,28,0,0,0,26,0.0625,0.1003861003861,0
00-0033854,D.Ogunbowale,Dare Ogunbowale,RB,2025,15,REG,2025_15_ARI_HOU,HOU,ARI,0,0,0,0,0,0,0,5,2,0,0,0,3,4,32,0,0,0,17,0.153846153846154,0.145299145299145,0
00-0033857,J.Smith-Schuster,JuJu Smith-Schuster,WR,2025,15,REG,2025_15_LAC_KC,KC,LAC,0,0,0,0,0,0,0,0,0,0,0,0,0,1,0,0,0,0,2,0.0333333333333333,0.008,0
00-0033858,J.Smith,Jonnu Smith,TE,2025,15,REG,2025_15_MIA_PIT,PIT,MIA,0,0,0,0,0,0,0,1,14,1,0,0,2,2,12,0,0,0,-2,0.0740740740740741,-0.0217391304347826,0
00-0033873,P.Mahomes,Patrick Mahomes,QB,2025,15,REG,2025_15_LAC_KC,KC,LAC,16,28,189,0,1,0,0,2,15,1,0,0,0,0,0,0,0,0,0,0,0,0
00-0033881,E.Engram,Evan Engram,TE,2025,15,REG,2025_15_GB_DEN,DEN,GB,0,0,0,0,0,0,0,0,0,0,0,0,1,3,12,0,0,0,4,0.09375,0.0123839009287926,0
00-0033908,C.Kupp,Cooper Kupp,WR,2025,15,REG,2025_15_IND_SEA,SEA,IND,0,0,0,0,0,0,0,0,0,0,0,0,5,7,46,0,0,0,40,0.212121212121212,0.16597510373444,0
00-0033921,C.Godwin,Chris Godwin Jr.,WR,2025,15,REG,2025_15_ATL_TB,TB,ATL,0,0,0,0,0,0,0,0,0,0,0,0,4,5,20,1,0,1,15,0.15625,0.0417827298050139,0
00-0033923,K.Hunt,Kareem Hunt,RB,2025,15,REG,2025_15_LAC_KC,KC,LAC,0,0,0,0,0,0,0,6,12,0,0,0,1,2,8,0,0,0,11,0.0666666666666667,0.044,0
00-0033955,J.McNichols,Jeremy McNichols,RB,2025,15,REG,2025_15_WAS_NYG,WAS,NYG,0,0,0,0,0,0,0,9,6,0,1,0,1,1,16,0,0,0,-3,0.0625,-0.0115830115830116,0
00-0034272,M.Valdes-Scantling,Marquez Valdes-Scantling,WR,2025,15,REG,2025_15_MIA_PIT,PIT,MIA,0,0,0,0,0,0,0,0,0,0,0,0,1,1,19,1,0,0,19,0.037037037037037,0.206521739130435,0
00-0034348,C.Sutton,Courtland Sutton,WR,2025,15,REG,2025_15_GB_DEN,DEN,GB,0,0,0,0,0,0,0,0,0,0,0,0,7,10,113,1,0,0,136,0.3125,0.421052631578947,0
00-0034351,D.Goedert,Dallas Goedert,TE,2025,15,REG,2025_15_LV_PHI,PHI,LV,0,0,0,0,0,0,0,0,0,0,0,0,6,7,70,2,0,0,29,0.388888888888889,0.21969696969697,0
00-0034383,D.Schultz,Dalton Schultz,TE,2025,15,REG,2025_15_ARI_HOU,HOU,ARI,0,0,0,0,0,0,0,0,0,0,0,0,8,9,76,1,0,0,46,0.346153846153846,0.393162393162393,0
00-0034521,A.Lazard,Allen Lazard,WR,2025,15,REG,2025_15_NYJ_JAX,NYJ,JAX,0,0,0,0,0,0,0,0,0,0,0,0,1,2,6,0,0,0,9,0.0625,0.0422535211267606,0
00-0034613,T.Hudson,Tanner Hudson,TE,2025,15,REG,2025_15_BAL_CIN,CIN,BAL,0,0,0,0,0,0,0,0,0,0,0,0,3,5,16,0,0,0,21,0.138888888888889,0.073943661971831,0
00-0034681,C.Edmonds,Chase Edmonds,RB,2025,15,REG,2025_15_WAS_NYG,WAS,NYG,0,0,0,0,0,0,0,0,0,0,0,0,0,0,0,0,0,0,0,0,0,0
00-0034753,M.Andrews,Mark Andrews,TE,2025,15,REG,2025_15_BAL_CIN,BAL,CIN,0,0,0,0,0,0,0,0,0,0,0,0,2,3,18,0,0,0,42,0.25,0.325581395348837,0
00-0034796,L.Jackson,Lamar Jackson,QB,2025,15,REG,2025_15_BAL_CIN,BAL,CIN,8,12,150,2,1,0,0,2,26,0,0,0,0,0,0,0,0,0,0,0,0,0
00-0034798,D.Smythe,Durham Smythe,TE,2025,15,REG,2025_15_CLE_CHI,CHI,CLE,0,0,0,0,0,0,0,0,0,0,0,0,0,0,0,0,0,0,0,0,0,0
00-0034827,D.Moore,DJ Moore,WR,2025,15,REG,2025_15_CLE_CHI,CHI,CLE,0,0,0,0,0,0,0,0,0,0,0,0,4,5,69,2,0,0,105,0.185185185185185,0.381818181818182,0
00-0034829,M.Gesicki,Mike Gesicki,TE,2025,15,REG,2025_15_BAL_CIN,CIN,BAL,0,0,0,0,0,0,0,0,0,0,0,0,1,2,11,0,0,0,40,0.0555555555555556,0.140845070422535,0
00-0034844,S.Barkley,Saquon Barkley,RB,2025,15,REG,2025_15_LV_PHI,PHI,LV,0,0,0,0,0,0,0,22,78,1,0,0,2,3,14,0,0,0,-3,0.166666666666667,-0.0227272727272727,0
00-0034854,K.Hodge,KhaDarel Hodge,WR,2025,15,REG,2025_15_ATL_TB,ATL,TB,0,0,0,0,0,0,0,0,0,0,0,0,0,0,0,0,0,0,0,0,0,0
00-0034855,B.Mayfield,Baker Mayfield,QB,2025,15,REG,2025_15_ATL_TB,TB,ATL,19,34,277,2,1,0,1,1,1,0,0,0,0,0,0,0,0,0,0,0,0,0
00-0034857,J.Allen,Josh Allen,QB,2025,15,REG,2025_15_BUF_NE,BUF,NE,19,28,193,3,0,0,0,11,48,0,0,0,0,0,0,0,0,0,0,0,0,0
00-0034860,D.Pettis,Dante Pettis,WR,2025,15,REG,2025_15_CAR_NO,NO,CAR,0,0,0,0,0,0,0,0,0,0,0,0,0,0,0,0,0,0,0,0,0,0
00-0034869,S.Darnold,Sam Darnold,QB,2025,15,REG,2025_15_IND_SEA,SEA,IND,22,36,271,0,0,0,0,4,5,0,0,0,0,0,0,0,0,0,0,0,0,0
00-0034960,J.Meyers,Jakobi Meyers,WR,2025,15,REG,2025_15_NYJ_JAX,JAX,NYJ,0,0,0,0,0,0,0,0,0,0,0,0,5,7,71,0,0,0,85,0.25,0.245664739884393,0
00-0035208,O.Zaccheaus,Olamide Zaccheaus,WR,2025,15,REG,2025_15_CLE_CHI,CHI,CLE,0,0,0,0,0,0,0,0,0,0,0,0,0,3,0,0,0,0,40,0.111111111111111,0.145454545454545,0
00-0035229,T.Hockenson,T.J. Hockenson,TE,2025,15,REG,2025_15_MIN_DAL,MIN,DAL,0,0,0,0,0,0,0,0,0,0,0,0,4,5,66,0,0,0,57,0.208333333333333,0.228915662650602,0
00-0035249,J.Oliver,Josh Oliver,TE,2025,15,REG,2025_15_MIN_DAL,MIN,DAL,0,0,0,0,0,0,0,0,0,0,0,0,1,1,18,0,0,0,8,0.0416666666666667,0.0321285140562249,0
00-0035250,D.Singletary,Devin Singletary,RB,2025,15,REG,2025_15_WAS_NYG,NYG,WAS,0,0,0,0,0,0,0,5,13,0,0,0,1,1,1,0,0,0,-1,0.0277777777777778,-0.00232558139534884,0
00-0035261,T.Pollard,Tony Pollard,RB,2025,15,REG,2025_15_TEN_SF,TEN,SF,0,0,0,0,0,0,0,14,104,1,0,0,1,2,8,0,0,0,2,0.0740740740740741,0.0116959064327485,0
00-0035289,G.Minshew,Gardner Minshew,QB,2025,15,REG,2025_15_LAC_KC,KC,LAC,3,5,22,0,1,0,0,0,0,0,0,0,0,0,0,0,0,0,0,0,0,0
00-0035291,T.Williams,Trayveon Williams,RB,2025,15,REG,2025_15_CLE_CHI,CLE,CHI,0,0,0,0,0,0,0,1,3,0,0,0,2,2,4,0,0,0,-6,0.0645161290322581,-0.0198019801980198,0
00-0035359,D.Sills,David Sills,WR,2025,15,REG,2025_15_ATL_TB,ATL,TB,0,0,0,0,0,0,0,0,0,0,0,0,6,10,78,0,0,0,126,0.24390243902439,0.373887240356083,0
00-0035406,L.Humphrey,Lil'Jordan Humphrey,WR,2025,15,REG,2025_15_GB_DEN,DEN,GB,0,0,0,0,0,0,0,0,0,0,0,0,3,4,42,1,0,0,49,0.125,0.151702786377709,0
00-0035535,D.Slayton,Darius Slayton,WR,2025,15,REG,2025_15_WAS_NYG,NYG,WAS,0,0,0,0,0,0,0,0,0,0,0,0,4,10,53,0,0,0,181,0.277777777777778,0.42093023255814,0
00-0035537,Ty.Johnson,Ty Johnson,RB,2025,15,REG,2025_15_BUF_NE,BUF,NE,0,0,0,0,0,0,0,4,13,0,0,0,3,3,15,0,0,0,-16,0.115384615384615,-0.0592592592592593,0
00-0035544,T.Kennedy,Tom Kennedy,WR,2025,15,REG,2025_15_DET_LA,DET,LA,0,0,0,0,0,0,0,0,0,0,0,0,0,0,0,0,0,0,0,0,0,0
00-0035631,D.Sample,Drew Sample,TE,2025,15,REG,2025_15_BAL_CIN,CIN,BAL,0,0,0,0,0,0,0,0,0,0,0,0,2,2,12,0,0,0,4,0.0555555555555556,0.0140845070422535,0
00-0035640,D.Metcalf,DK Metcalf,WR,2025,15,REG,2025_15_MIA_PIT,PIT,MIA,0,0,0,0,0,0,0,0,0,0,0,0,3,3,55,1,0,0,33,0.111111111111111,0.358695652173913,0
00-0035659,T.McLaurin,Terry McLaurin,WR,2025,15,REG,2025_15_WAS_NYG,WAS,NYG,0,0,0,0,0,0,0,0,0,0,0,0,3,4,69,1,0,0,69,0.25,0.266409266409266,0
00-0035676,A.Brown,A.J. Brown,WR,2025,15,REG,2025_15_LV_PHI,PHI,LV,0,0,0,0,0,0,0,0,0,0,0,0,2,2,41,1,0,0,34,0.111111111111111,0.257575757575758,0
00-0035685,D.Montgomery,David Montgomery,RB,2025,15,REG,2025_15_DET_LA,DET,LA,0,0,0,0,0,0,0,7,32,1,0,0,0,1,0,0,0,0,5,0.0263157894736842,0.0144092219020173,0
00-0035689,D.Knox,Dawson Knox,TE,2025,15,REG,2025_15_BUF_NE,BUF,NE,0,0,0,0,0,0,0,0,0,0,0,0,3,4,37,2,0,0,24,0.153846153846154,0.0888888888888889,0
00-0035700,J.Jacobs,Josh Jacobs,RB,2025,15,REG,2025_15_GB_DEN,GB,DEN,0,0,0,0,0,0,0,12,73,1,0,0,2,3,19,1,0,0,19,0.0833333333333333,0.0420353982300885,0
00-0035719,D.Samuel,Deebo Samuel Sr.,WR,2025,15,REG,2025_15_WAS_NYG,WAS,NYG,0,0,0,0,0,0,0,0,0,0,0,0,3,5,43,0,0,0,44,0.3125,0.16988416988417,0
00-0035876,A.Baccellia,Andre Baccellia,WR,2025,15,REG,2025_15_ARI_HOU,ARI,HOU,0,0,0,0,0,0,0,0,0,0,0,0,0,0,0,0,0,0,0,0,0,0
00-0035956,G.Ricci,Giovanni Ricci,TE,2025,15,REG,2025_15_DET_LA,DET,LA,0,0,0,0,0,0,0,0,0,0,0,0,0,0,0,0,0,0,0,0,0,0
00-0035993,T.Huntley,Tyler Huntley,QB,2025,15,REG,2025_15_BAL_CIN,BAL,CIN,0,0,0,0,0,0,0,3,-3,0,0,0,0,0,0,0,0,0,0,0,0,0
00-0036040,J.Johnson,Juwan Johnson,TE,2025,15,REG,2025_15_CAR_NO,NO,CAR,0,0,0,0,0,0,0,0,0,0,0,0,4,4,30,0,0,0,16,0.129032258064516,0.0594795539033457,0
00-0036133,J.Proche,James Proche,WR,2025,15,REG,2025_15_TEN_SF,TEN,SF,0,0,0,0,0,0,0,0,0,0,0,0,0,1,0,0,0,0,-1,0.037037037037037,-0.00584795321637427,0
00-0036139,R.Dowdle,Rico Dowdle,RB,2025,15,REG,2025_15_CAR_NO,CAR,NO,0,0,0,0,0,0,0,16,49,1,0,0,1,1,5,0,0,0,1,0.05,0.00487804878048781,0
00-0036165,I.Hodgins,Isaiah Hodgins,WR,2025,15,REG,2025_15_WAS_NYG,NYG,WAS,0,0,0,0,0,0,0,0,0,0,0,0,1,2,4,0,0,0,24,0.0555555555555556,0.0558139534883721,0
00-0036182,N.Westbrook-Ikhine,Nick Westbrook-Ikhine,WR,2025,15,REG,2025_15_MIA_PIT,MIA,PIT,0,0,0,0,0,0,0,0,0,0,0,0,0,1,0,0,0,0,5,0.0384615384615385,0.0292397660818713,0
00-0036187,R.Gilliam,Reggie Gilliam,RB,2025,15,REG,2025_15_BUF_NE,BUF,NE,0,0,0,0,0,0,0,0,0,0,0,0,0,0,0,0,0,0,0,0,0,0
00-0036212,T.Tagovailoa,Tua Tagovailoa,QB,2025,15,REG,2025_15_MIA_PIT,MIA,PIT,22,28,253,2,1,0,0,1,1,0,0,0,0,0,0,0,0,0,0,0,0,0
00-0036223,J.Taylor,Jonathan Taylor,RB,2025,15,REG,2025_15_IND_SEA,IND,SEA,0,0,0,0,0,0,0,25,87,0,0,0,3,4,14,0,0,0,9,0.153846153846154,0.0633802816901408,0
00-0036244,C.Parkinson,Colby Parkinson,TE,2025,15,REG,2025_15_DET_LA,LA,DET,0,0,0,0,0,0,0,0,0,0,0,0,5,7,75,2,0,0,57,0.184210526315789,0.121019108280255,0
00-0036252,M.Pittman,Michael Pittman,WR,2025,15,REG,2025_15_IND_SEA,IND,SEA,0,0,0,0,0,0,0,0,0,0,0,0,3,5,26,0,0,0,47,0.192307692307692,0.330985915492958,0
00-0036259,J.Jennings,Jauan Jennings,WR,2025,15,REG,2025_15_TEN_SF,SF,TEN,0,0,0,0,0,0,0,0,0,0,0,0,3,5,37,2,0,0,51,0.178571428571429,0.203187250996016,0
00-0036264,J.Love,Jordan Love,QB,2025,15,REG,2025_15_GB_DEN,GB,DEN,24,40,276,1,2,0,0,3,29,0,0,0,0,0,0,0,0,0,0,0,0,0
00-0036275,D.Swift,D'Andre Swift,RB,2025,15,REG,2025_15_CLE_CHI,CHI,CLE,0,0,0,0,0,0,0,18,98,2,0,0,1,1,-2,0,0,0,-5,0.037037037037037,-0.0181818181818182,0
00-0036290,C.Kmet,Cole Kmet,TE,2025,15,REG,2025_15_CLE_CHI,CHI,CLE,0,0,0,0,0,0,0,0,0,0,0,0,2,4,28,0,0,0,36,0.148148148148148,0.130909090909091,0
00-0036309,D.Mooney,Darnell Mooney,WR,2025,15,REG,2025_15_ATL_TB,ATL,TB,0,0,0,0,0,0,0,0,0,0,0,0,3,6,35,0,0,0,83,0.146341463414634,0.246290801186944,0
00-0036322,J.Jefferson,Justin Jefferson,WR,2025,15,REG,2025_15_MIN_DAL,MIN,DAL,0,0,0,0,0,0,0,0,0,0,0,0,2,8,22,0,0,0,71,0.333333333333333,0.285140562248996,0
00-0036331,D.Duvernay,Devin Duvernay,WR,2025,15,REG,2025_15_CLE_CHI,CHI,CLE,0,0,0,0,0,0,0,0,0,0,0,0,0,0,0,0,0,0,0,0,0,0
00-0036355,J.Herbert,Justin Herbert,QB,2025,15,REG,2025_15_LAC_KC,LAC,KC,19,29,210,1,1,0,0,2,0,0,0,0,0,0,0,0,0,0,0,0,0,0
00-0036358,C.Lamb,CeeDee Lamb,WR,2025,15,REG,2025_15_MIN_DAL,DAL,MIN,0,0,0,0,0,0,0,0,0,0,0,0,6,10,111,0,0,0,106,0.285714285714286,0.384057971014493,0
00-0036389,J.Hurts,Jalen Hurts,QB,2025,15,REG,2025_15_LV_PHI,PHI,LV,12,15,175,3,0,0,0,7,39,0,0,0,0,0,0,0,0,0,0,0,0,0
00-0036407,J.Jeudy,Jerry Jeudy,WR,2025,15,REG,2025_15_CLE_CHI,CLE,CHI,0,0,0,0,0,0,0,0,0,0,0,0,2,4,22,0,0,0,61,0.129032258064516,0.201320132013201,0
00-0036415,V.Jefferson,Van Jefferson,WR,2025,15,REG,2025_15_TEN_SF,TEN,SF,0,0,0,0,0,0,0,0,0,0,0,0,1,5,43,0,0,0,118,0.185185185185185,0.690058479532164,0
00-0036429,C.Woerner,Charlie Woerner,TE,2025,15,REG,2025_15_ATL_TB,ATL,TB,0,0,0,0,0,0,0,0,0,0,0,0,2,2,12,0,0,0,12,0.0487804878048781,0.0356083086053412,0
00-0036442,J.Burrow,Joe Burrow,QB,2025,15,REG,2025_15_BAL_CIN,CIN,BAL,25,39,225,0,2,0,0,2,5,0,0,0,0,0,0,0,0,0,0,0,0,0
00-0036554,N.Collins,Nico Collins,WR,2025,15,REG,2025_15_ARI_HOU,HOU,ARI,0,0,0,0,0,0,0,0,0,0,0,0,3,4,85,2,0,0,35,0.153846153846154,0.299145299145299,0
00-0036555,C.Hubbard,Chuba Hubbard,RB,2025,15,REG,2025_15_CAR_NO,CAR,NO,0,0,0,0,0,0,0,8,29,0,0,0,1,1,9,0,0,0,-5,0.05,-0.024390243902439,0
00-0036590,Q.Morris,Quintin Morris,TE,2025,15,REG,2025_15_NYJ_JAX,JAX,NYJ,0,0,0,0,0,0,0,0,0,0,0,0,2,2,20,0,0,0,7,0.0714285714285714,0.0202312138728324,0
00-0036613,J.Waddle,Jaylen Waddle,WR,2025,15,REG,2025_15_MIA_PIT,MIA,PIT,0,0,0,0,0,0,0,0,0,0,0,0,2,4,26,0,0,0,45,0.153846153846154,0.263157894736842,0
00-0036620,D.Eskridge,Dee Eskridge,WR,2025,15,REG,2025_15_MIA_PIT,MIA,PIT,0,0,0,0,0,0,0,0,0,0,0,0,0,0,0,0,0,0,0,0,0,0
00-0036626,D.Brown,Dyami Brown,WR,2025,15,REG,2025_15_NYJ_JAX,JAX,NYJ,0,0,0,0,0,0,0,1,4,0,1,0,0,0,0,0,0,0,0,0,0,0
00-0036628,J.Bates,John Bates,TE,2025,15,REG,2025_15_WAS_NYG,WAS,NYG,0,0,0,0,0,0,0,0,0,0,0,0,1,1,19,0,0,0,13,0.0625,0.0501930501930502,0
00-0036630,T.Wallace,Tylan Wallace,WR,2025,15,REG,2025_15_BAL_CIN,BAL,CIN,0,0,0,0,0,0,0,0,0,0,0,0,0,0,0,0,0,0,0,0,0,0
00-0036741,J.Stoll,Jack Stoll,TE,2025,15,REG,2025_15_CAR_NO,NO,CAR,0,0,0,0,0,0,0,0,0,0,0,0,1,1,7,0,0,0,0,0.032258064516129,0,0
00-0036849,T.Atwell,Tutu Atwell,WR,2025,15,REG,2025_15_DET_LA,LA,DET,0,0,0,0,0,0,0,0,0,0,0,0,1,2,9,0,0,0,19,0.0526315789473684,0.0403397027600849,0
00-0036862,B.Skowronek,Ben Skowronek,WR,2025,15,REG,2025_15_MIA_PIT,PIT,MIA,0,0,0,0,0,0,0,0,0,0,0,0,0,0,0,0,0,0,0,0,0,0
00-0036875,R.Stevenson,Rhamondre Stevenson,RB,2025,15,REG,2025_15_BUF_NE,NE,BUF,0,0,0,0,0,0,0,6,50,0,0,0,3,3,27,0,0,0,3,0.136363636363636,0.0122950819672131,0
00-0036876,K.Granson,Kylen Granson,TE,2025,15,REG,2025_15_LV_PHI,PHI,LV,0,0,0,0,0,0,0,0,0,0,0,0,0,0,0,0,0,0,0,0,0,0
00-0036894,P.Freiermuth,Pat Freiermuth,TE,2025,15,REG,2025_15_MIA_PIT,PIT,MIA,0,0,0,0,0,0,0,0,0,0,0,0,3,5,45,0,0,0,45,0.185185185185185,0.489130434782609,0
00-0036900,J.Chase,Ja'Marr Chase,WR,2025,15,REG,2025_15_BAL_CIN,CIN,BAL,0,0,0,0,0,0,0,0,0,0,0,0,10,16,132,0,0,0,157,0.444444444444444,0.552816901408451,0
00-0036906,K.Herbert,Khalil Herbert,RB,2025,15,REG,2025_15_NYJ_JAX,NYJ,JAX,0,0,0,0,0,0,0,2,5,0,0,0,0,1,0,0,0,0,-4,0.03125,-0.0187793427230047,0
00-0036912,D.Smith,DeVonta Smith,WR,2025,15,REG,2025_15_LV_PHI,PHI,LV,0,0,0,0,0,0,0,0,0,0,0,0,2,2,50,0,0,0,43,0.111111111111111,0.325757575757576,0
00-0036919,K.Gainwell,Kenny Gainwell,RB,2025,15,REG,2025_15_MIA_PIT,PIT,MIA,0,0,0,0,0,0,0,13,80,0,0,0,7,7,46,0,0,0,-1,0.259259259259259,-0.0108695652173913,0
00-0036924,M.Carter,Michael Carter,RB,2025,15,REG,2025_15_ARI_HOU,ARI,HOU,0,0,0,0,0,0,0,14,56,0,0,0,4,4,38,0,0,0,3,0.105263157894737,0.01171875,0
00-0036959,M.Bandy,Michael Bandy,WR,2025,15,REG,2025_15_GB_DEN,DEN,GB,0,0,0,0,0,0,0,0,0,0,0,0,1,1,20,1,0,0,8,0.03125,0.0247678018575851,0
00-0036963,A.St. Brown,Amon-Ra St. Brown,WR,2025,15,REG,2025_15_DET_LA,DET,LA,0,0,0,0,0,0,0,0,0,0,0,0,13,18,164,2,0,0,134,0.473684210526316,0.386167146974063,0
00-0036970,K.Pitts,Kyle Pitts,TE,2025,15,REG,2025_15_ATL_TB,ATL,TB,0,0,0,0,0,0,0,0,0,0,0,0,11,12,166,3,0,0,86,0.292682926829268,0.255192878338279,0
00-0036971,T.Lawrence,Trevor Lawrence,QB,2025,15,REG,2025_15_NYJ_JAX,JAX,NYJ,20,32,330,5,0,0,0,5,51,1,0,0,0,0,0,0,0,0,0,0,0,0
00-0036973,T.Etienne,Travis Etienne,RB,2025,15,REG,2025_15_NYJ_JAX,JAX,NYJ,0,0,0,0,0,0,0,12,32,0,0,0,3,4,73,3,0,0,18,0.142857142857143,0.0520231213872832,0
00-0036988,J.Palmer,Josh Palmer,WR,2025,15,REG,2025_15_BUF_NE,BUF,NE,0,0,0,0,0,0,0,0,0,0,0,0,1,2,16,0,0,0,26,0.0769230769230769,0.0962962962962963,0
00-0036997,J.Williams,Javonte Williams,RB,2025,15,REG,2025_15_MIN_DAL,DAL,MIN,0,0,0,0,0,0,0,15,91,1,0,0,0,0,0,0,0,0,0,0,0,0
00-0037005,T.Tremble,Tommy Tremble,TE,2025,15,REG,2025_15_CAR_NO,CAR,NO,0,0,0,0,0,0,0,0,0,0,0,0,2,4,13,0,0,0,35,0.2,0.170731707317073,0
00-0037085,T.Badie,Tyler Badie,RB,2025,15,REG,2025_15_GB_DEN,DEN,GB,0,0,0,0,0,0,0,0,0,0,0,0,1,1,1,0,0,0,-7,0.03125,-0.021671826625387,0
00-0037086,G.Calcaterra,Grant Calcaterra,TE,2025,15,REG,2025_15_LV_PHI,PHI,LV,0,0,0,0,0,0,0,0,0,0,0,0,1,1,4,0,0,0,4,0.0555555555555556,0.0303030303030303,0
00-0037091,B.Melton,Bo Melton,WR,2025,15,REG,2025_15_GB_DEN,GB,DEN,0,0,0,0,0,0,0,1,0,0,0,0,0,1,0,0,0,0,17,0.0277777777777778,0.0376106194690266,0
00-0037120,T.Goodson,Tyler Goodson,RB,2025,15,REG,2025_15_IND_SEA,IND,SEA,0,0,0,0,0,0,0,0,0,0,0,0,0,0,0,0,0,0,0,0,0,0
00-0037132,B.Covey,Britain Covey,WR,2025,15,REG,2025_15_LV_PHI,PHI,LV,0,0,0,0,0,0,0,0,0,0,0,0,0,0,0,0,0,0,0,0,0,0
00-0037157,Z.Knight,Bam Knight,RB,2025,15,REG,2025_15_ARI_HOU,ARI,HOU,0,0,0,0,0,0,0,1,-2,0,0,0,0,0,0,0,0,0,0,0,0,0
00-0037197,I.Pacheco,Isiah Pacheco,RB,2025,15,REG,2025_15_LAC_KC,KC,LAC,0,0,0,0,0,0,0,11,21,0,0,0,0,0,0,0,0,0,0,0,0,0
00-0037228,J.Warren,Jaylen Warren,RB,2025,15,REG,2025_15_MIA_PIT,PIT,MIA,0,0,0,0,0,0,0,12,33,0,0,0,3,3,15,0,0,0,-13,0.111111111111111,-0.141304347826087,0
00-0037231,K.Austin,Kevin Austin Jr.,WR,2025,15,REG,2025_15_CAR_NO,NO,CAR,0,0,0,0,0,0,0,0,0,0,0,0,3,5,33,0,0,0,37,0.161290322580645,0.137546468401487,0
00-0037239,C.Olave,Chris Olave,WR,2025,15,REG,2025_15_CAR_NO,NO,CAR,0,0,0,0,0,0,0,0,0,0,0,0,6,9,85,1,0,0,129,0.290322580645161,0.479553903345725,0
00-0037240,J.Williams,Jameson Williams,WR,2025,15,REG,2025_15_DET_LA,DET,LA,0,0,0,0,0,0,0,0,0,0,0,0,7,10,134,1,0,0,171,0.263157894736842,0.492795389048991,0
00-0037247,G.Pickens,George Pickens,WR,2025,15,REG,2025_15_MIN_DAL,DAL,MIN,0,0,0,0,0,0,0,0,0,0,0,0,3,6,33,0,0,0,33,0.171428571428571,0.119565217391304,0
00-0037248,J.Cook,James Cook,RB,2025,15,REG,2025_15_BUF_NE,BUF,NE,0,0,0,0,0,0,0,22,107,2,0,0,2,3,4,1,0,0,-2,0.115384615384615,-0.00740740740740741,0
00-0037252,G.Dulcich,Greg Dulcich,TE,2025,15,REG,2025_15_MIA_PIT,MIA,PIT,0,0,0,0,0,0,0,0,0,0,0,0,2,2,46,0,0,0,24,0.0769230769230769,0.140350877192982,0
00-0037256,R.White,Rachaad White,RB,2025,15,REG,2025_15_ATL_TB,TB,ATL,0,0,0,0,0,0,0,1,20,0,0,0,1,1,6,0,0,0,-4,0.03125,-0.011142061281337,0
00-0037261,K.Shakir,Khalil Shakir,WR,2025,15,REG,2025_15_BUF_NE,BUF,NE,0,0,0,0,0,0,0,0,0,0,0,0,5,5,65,0,0,0,44,0.192307692307692,0.162962962962963,0
00-0037263,T.Allgeier,Tyler Allgeier,RB,2025,15,REG,2025_15_ATL_TB,ATL,TB,0,0,0,0,0,0,0,2,18,0,0,0,0,0,0,0,0,0,0,0,0,0
00-0037291,J.Nailor,Jalen Nailor,WR,2025,15,REG,2025_15_MIN_DAL,MIN,DAL,0,0,0,0,0,0,0,1,-2,0,0,0,3,5,47,2,0,0,69,0.208333333333333,0.27710843373494,0
00-0037306,J.FitzPatrick,John FitzPatrick,TE,2025,15,REG,2025_15_GB_DEN,GB,DEN,0,0,0,0,0,0,0,0,0,0,0,0,3,4,18,0,0,0,5,0.111111111111111,0.0110619469026549,0
00-0037329,B.Brown,Brittain Brown,RB,2025,15,REG,2025_15_CLE_CHI,CHI,CLE,0,0,0,0,0,0,0,0,0,0,0,0,0,0,0,0,0,0,0,0,0,0
00-0037475,S.Smartt,Stone Smartt,TE,2025,15,REG,2025_15_NYJ_JAX,NYJ,JAX,0,0,0,0,0,0,0,0,0,0,0,0,0,0,0,0,0,0,0,0,0,0
00-0037487,D.Thompkins,Deven Thompkins,WR,2025,15,REG,2025_15_ATL_TB,ATL,TB,0,0,0,0,0,0,0,0,0,0,0,0,0,0,0,0,0,0,0,0,0,0
00-0037525,J.Mason,Jordan Mason,RB,2025,15,REG,2025_15_MIN_DAL,MIN,DAL,0,0,0,0,0,0,0,10,29,0,0,0,0,0,0,0,0,0,0,0,0,0
00-0037545,R.Shaheed,Rashid Shaheed,WR,2025,15,REG,2025_15_IND_SEA,SEA,IND,0,0,0,0,0,0,0,1,-3,0,0,0,5,7,74,0,0,0,105,0.212121212121212,0.435684647302905,0
00-0037557,R.Rivers,Ronnie Rivers,RB,2025,15,REG,2025_15_DET_LA,LA,DET,0,0,0,0,0,0,0,0,0,0,0,0,0,0,0,0,0,0,0,0,0,0
00-0037563,M.Davis,Malik Davis,RB,2025,15,REG,2025_15_MIN_DAL,DAL,MIN,0,0,0,0,0,0,0,8,21,1,0,0,2,3,16,0,0,0,13,0.0857142857142857,0.0471014492753623,0
00-0037594,J.Chestnut,Julius Chestnut,RB,2025,15,REG,2025_15_TEN_SF,TEN,SF,0,0,0,0,0,0,0,0,0,0,0,0,0,0,0,0,0,0,0,0,0,0
00-0037614,J.Metchie,John Metchie III,WR,2025,15,REG,2025_15_NYJ_JAX,NYJ,JAX,0,0,0,0,0,0,0,1,4,0,0,0,4,5,25,0,0,0,27,0.15625,0.126760563380282,0
00-0037664,A.Pierce,Alec Pierce,WR,2025,15,REG,2025_15_IND_SEA,IND,SEA,0,0,0,0,0,0,0,0,0,0,0,0,1,1,16,0,0,0,16,0.0384615384615385,0.112676056338028,0
00-0037742,T.Burks,Treylon Burks,WR,2025,15,REG,2025_15_WAS_NYG,WAS,NYG,0,0,0,0,0,0,0,0,0,0,0,0,0,2,0,0,0,0,43,0.125,0.166023166023166,0
00-0037744,T.McBride,Trey McBride,TE,2025,15,REG,2025_15_ARI_HOU,ARI,HOU,0,0,0,0,0,0,0,0,0,0,0,0,12,13,134,2,0,0,50,0.342105263157895,0.1953125,0
00-0037746,B.Robinson,Brian Robinson,RB,2025,15,REG,2025_15_TEN_SF,SF,TEN,0,0,0,0,0,0,0,9,21,0,0,0,0,0,0,0,0,0,0,0,0,0
00-0037801,K.Turpin,KaVontae Turpin,WR,2025,15,REG,2025_15_MIN_DAL,DAL,MIN,0,0,0,0,0,0,0,1,2,0,0,0,2,2,10,0,0,0,-4,0.0571428571428571,-0.0144927536231884,0
00-0037805,J.Ruckert,Jeremy Ruckert,TE,2025,15,REG,2025_15_NYJ_JAX,NYJ,JAX,0,0,0,0,0,0,0,0,0,0,0,0,2,2,13,0,0,0,4,0.0625,0.0187793427230047,0
00-0037809,C.Okonkwo,Chig Okonkwo,TE,2025,15,REG,2025_15_TEN_SF,TEN,SF,0,0,0,0,0,0,0,0,0,0,0,0,4,6,33,0,0,0,0,0.222222222222222,0,0
00-0037816,R.Doubs,Romeo Doubs,WR,2025,15,REG,2025_15_GB_DEN,GB,DEN,0,0,0,0,0,0,0,0,0,0,0,0,2,3,36,0,0,0,32,0.0833333333333333,0.0707964601769912,0
00-0037834,B.Purdy,Brock Purdy,QB,2025,15,REG,2025_15_TEN_SF,SF,TEN,23,30,295,3,0,1,0,7,44,0,0,0,0,0,0,0,0,0,0,0,0,0
00-0037837,C.Austin,Calvin Austin III,WR,2025,15,REG,2025_15_MIA_PIT,PIT,MIA,0,0,0,0,0,0,0,0,0,0,0,0,0,1,0,0,0,0,6,0.037037037037037,0.0652173913043478,0
00-0037840,K.Williams,Kyren Williams,RB,2025,15,REG,2025_15_DET_LA,LA,DET,0,0,0,0,0,0,0,15,78,2,0,0,1,1,10,0,0,0,2,0.0263157894736842,0.00424628450106157,0
00-0038041,J.Ferguson,Jake Ferguson,TE,2025,15,REG,2025_15_MIN_DAL,DAL,MIN,0,0,0,0,0,0,0,0,0,0,0,0,2,4,16,0,0,0,34,0.114285714285714,0.123188405797101,0
00-0038046,C.Kolar,Charlie Kolar,TE,2025,15,REG,2025_15_BAL_CIN,BAL,CIN,0,0,0,0,0,0,0,0,0,0,0,0,0,0,0,0,0,0,0,0,0,0
00-0038090,S.Moore,Skyy Moore,WR,2025,15,REG,2025_15_TEN_SF,SF,TEN,0,0,0,0,0,0,0,0,0,0,0,0,0,0,0,0,0,0,0,0,0,0
00-0038102,K.Pickett,Kenny Pickett,QB,2025,15,REG,2025_15_LV_PHI,LV,PHI,15,25,64,0,1,0,0,2,7,0,0,0,0,0,0,0,0,0,0,0,0,0
00-0038104,T.Thornton,Tyquan Thornton,WR,2025,15,REG,2025_15_LAC_KC,KC,LAC,0,0,0,0,0,0,0,0,0,0,0,0,2,3,47,0,0,0,83,0.1,0.332,0
00-0038115,D.Bellinger,Daniel Bellinger,TE,2025,15,REG,2025_15_WAS_NYG,NYG,WAS,0,0,0,0,0,0,0,0,0,0,0,0,3,4,35,0,0,0,25,0.111111111111111,0.0581395348837209,0
00-0038117,W.Robinson,Wan'Dale Robinson,WR,2025,15,REG,2025_15_WAS_NYG,NYG,WAS,0,0,0,0,0,0,0,0,0,0,0,0,5,10,54,1,0,0,105,0.277777777777778,0.244186046511628,0
00-0038120,B.Hall,Breece Hall,RB,2025,15,REG,2025_15_NYJ_JAX,NYJ,JAX,0,0,0,0,0,0,0,12,23,0,0,0,2,2,14,0,0,0,-2,0.0625,-0.00938967136150235,0
00-0038124,C.Watson,Christian Watson,WR,2025,15,REG,2025_15_GB_DEN,GB,DEN,0,0,0,0,0,0,0,0,0,0,0,0,3,5,29,0,0,0,133,0.138888888888889,0.29424778761062,0
00-0038134,K.Walker,Kenneth Walker III,RB,2025,15,REG,2025_15_IND_SEA,SEA,IND,0,0,0,0,0,0,0,9,17,0,0,0,1,1,2,0,0,0,0,0.0303030303030303,0,0
00-0038359,X.Smith,Xavier Smith,WR,2025,15,REG,2025_15_DET_LA,LA,DET,0,0,0,0,0,0,0,0,0,0,0,0,0,0,0,0,0,0,0,0,0,0
00-0038393,D.Wicks,Dontayvion Wicks,WR,2025,15,REG,2025_15_GB_DEN,GB,DEN,0,0,0,0,0,0,0,0,0,0,0,0,1,2,6,0,0,0,22,0.0555555555555556,0.0486725663716814,0
00-0038397,E.Hull,Evan Hull,RB,2025,15,REG,2025_15_CAR_NO,NO,CAR,0,0,0,0,0,0,0,4,12,0,0,0,0,0,0,0,0,0,0,0,0,0
00-0038400,T.McKee,Tanner McKee,QB,2025,15,REG,2025_15_LV_PHI,PHI,LV,3,3,33,0,0,0,0,1,9,0,0,0,0,0,0,0,0,0,0,0,0,0
00-0038454,K.Mitchell,Keaton Mitchell,RB,2025,15,REG,2025_15_BAL_CIN,BAL,CIN,0,0,0,0,0,0,0,8,66,0,0,0,0,1,0,0,0,0,-4,0.0833333333333333,-0.0310077519379845,0
00-0038488,B.Russell,Brady Russell,RB,2025,15,REG,2025_15_IND_SEA,SEA,IND,0,0,0,0,0,0,0,0,0,0,0,0,0,1,0,0,0,0,0,0.0303030303030303,0,0
00-0038519,N.Remigio,Nikko Remigio,WR,2025,15,REG,2025_15_LAC_KC,KC,LAC,0,0,0,0,0,0,0,0,0,0,0,0,0,0,0,0,0,0,0,0,0,0
00-0038542,B.Robinson,Bijan Robinson,RB,2025,15,REG,2025_15_ATL_TB,ATL,TB,0,0,0,0,0,0,0,19,93,1,0,0,8,11,82,0,1,0,32,0.268292682926829,0.0949554896142433,0
00-0038543,J.Smith-Njigba,Jaxon Smith-Njigba,WR,2025,15,REG,2025_15_IND_SEA,SEA,IND,0,0,0,0,0,0,0,0,0,0,0,0,7,9,113,0,0,0,67,0.272727272727273,0.278008298755187,0
00-0038547,L.Schoonmaker,Luke Schoonmaker,TE,2025,15,REG,2025_15_MIN_DAL,DAL,MIN,0,0,0,0,0,0,0,0,0,0,0,0,1,1,29,0,0,0,6,0.0285714285714286,0.0217391304347826,0
00-0038555,T.Bigsby,Tank Bigsby,RB,2025,15,REG,2025_15_LV_PHI,PHI,LV,0,0,0,0,0,0,0,17,57,0,0,0,0,1,0,0,0,0,1,0.0555555555555556,0.00757575757575758,0
00-0038558,D.Washington,Darnell Washington,TE,2025,15,REG,2025_15_MIA_PIT,PIT,MIA,0,0,0,0,0,0,0,0,0,0,0,0,3,4,25,0,0,0,0,0.148148148148148,0,0
00-0038559,M.Wilson,Michael Wilson,WR,2025,15,REG,2025_15_ARI_HOU,ARI,HOU,0,0,0,0,0,0,0,0,0,0,0,0,5,11,54,1,0,0,151,0.289473684210526,0.58984375,0
00-0038563,T.Tucker,Tre Tucker,WR,2025,15,REG,2025_15_LV_PHI,LV,PHI,0,0,0,0,0,0,0,0,0,0,0,0,0,3,0,0,0,0,25,0.12,0.235849056603774,0
00-0038576,C.Jones,Charlie Jones,WR,2025,15,REG,2025_15_BAL_CIN,CIN,BAL,0,0,0,0,0,0,0,0,0,0,0,0,0,0,0,0,0,0,0,0,0,0
00-0038597,C.Brown,Chase Brown,RB,2025,15,REG,2025_15_BAL_CIN,CIN,BAL,0,0,0,0,0,0,0,13,53,0,0,0,7,7,37,0,0,0,8,0.194444444444444,0.028169014084507,0
00-0038606,P.Washington,Parker Washington,WR,2025,15,REG,2025_15_NYJ_JAX,JAX,NYJ,0,0,0,0,0,0,0,0,0,0,0,0,3,3,53,0,0,0,53,0.107142857142857,0.153179190751445,0
00-0038608,K.Boutte,Kayshon Boutte,WR,2025,15,REG,2025_15_BUF_NE,NE,BUF,0,0,0,0,0,0,0,0,0,0,0,0,1,1,30,0,0,0,26,0.0454545454545455,0.10655737704918,0
00-0038618,X.Hutchinson,Xavier Hutchinson,WR,2025,15,REG,2025_15_ARI_HOU,HOU,ARI,0,0,0,0,0,0,0,0,0,0,0,0,1,2,16,0,0,0,6,0.0769230769230769,0.0512820512820513,0
00-0038619,A.Iosivas,Andrei Iosivas,WR,2025,15,REG,2025_15_BAL_CIN,CIN,BAL,0,0,0,0,0,0,0,0,0,0,0,0,0,1,0,0,0,0,29,0.0277777777777778,0.102112676056338,0
00-0038621,D.Douglas,DeMario Douglas,WR,2025,15,REG,2025_15_BUF_NE,NE,BUF,0,0,0,0,0,0,0,1,5,0,0,0,0,0,0,0,0,0,0,0,0,0
00-0038640,J.Brooks,Jalen Brooks,WR,2025,15,REG,2025_15_ARI_HOU,ARI,HOU,0,0,0,0,0,0,0,0,0,0,0,0,1,3,19,0,0,0,28,0.0789473684210526,0.109375,0
00-0038685,C.Brooks,Chris Brooks,RB,2025,15,REG,2025_15_GB_DEN,GB,DEN,0,0,0,0,0,0,0,2,10,0,0,0,1,2,6,0,0,0,12,0.0555555555555556,0.0265486725663717,0
00-0038705,E.Demercado,Emari Demercado,RB,2025,15,REG,2025_15_ARI_HOU,ARI,HOU,0,0,0,0,0,0,0,1,1,0,0,0,2,3,0,0,0,0,8,0.0789473684210526,0.03125,0
00-0038720,J.Hill,Julian Hill,TE,2025,15,REG,2025_15_MIA_PIT,MIA,PIT,0,0,0,0,0,0,0,0,0,0,0,0,2,2,25,0,0,0,5,0.0769230769230769,0.0292397660818713,0
00-0038738,H.Luepke,Hunter Luepke,RB,2025,15,REG,2025_15_MIN_DAL,DAL,MIN,0,0,0,0,0,0,0,3,16,0,0,0,2,2,14,0,0,0,0,0.0571428571428571,0,0
00-0038794,J.McLaughlin,Jaleel McLaughlin,RB,2025,15,REG,2025_15_GB_DEN,DEN,GB,0,0,0,0,0,0,0,2,4,0,0,0,0,0,0,0,0,0,0,0,0,0
00-0038797,E.Wilson,Emanuel Wilson,RB,2025,15,REG,2025_15_GB_DEN,GB,DEN,0,0,0,0,0,0,0,2,3,0,0,0,0,0,0,0,0,0,0,0,0,0
00-0038839,M.Tinsley,Mitchell Tinsley,WR,2025,15,REG,2025_15_BAL_CIN,CIN,BAL,0,0,0,0,0,0,0,0,0,0,0,0,1,2,16,0,0,0,23,0.0555555555555556,0.0809859154929578,0
00-0038840,B.Tremayne,Brycen Tremayne,WR,2025,15,REG,2025_15_CAR_NO,CAR,NO,0,0,0,0,0,0,0,0,0,0,0,0,0,0,0,0,0,0,0,0,0,0
00-0038933,D.Kincaid,Dalton Kincaid,TE,2025,15,REG,2025_15_BUF_NE,BUF,NE,0,0,0,0,0,0,0,0,0,0,0,0,3,4,34,0,0,0,50,0.153846153846154,0.185185185185185,0
00-0038935,B.Strange,Brenton Strange,TE,2025,15,REG,2025_15_NYJ_JAX,JAX,NYJ,0,0,0,0,0,0,0,0,0,0,0,0,1,3,26,0,0,0,26,0.107142857142857,0.0751445086705202,0
00-0038938,J.Hyatt,Jalin Hyatt,WR,2025,15,REG,2025_15_WAS_NYG,NYG,WAS,0,0,0,0,0,0,0,0,0,0,0,0,0,1,0,0,0,0,14,0.0277777777777778,0.0325581395348837,0
00-0038951,S.Tucker,Sean Tucker,RB,2025,15,REG,2025_15_ATL_TB,TB,ATL,0,0,0,0,0,0,0,4,7,1,0,0,0,0,0,0,0,0,0,0,0,0
00-0038953,D.Drummond,Dylan Drummond,WR,2025,15,REG,2025_15_ATL_TB,ATL,TB,0,0,0,0,0,0,0,0,0,0,0,0,0,0,0,0,0,0,0,0,0,0
00-0038976,M.Mims,Marvin Mims Jr.,WR,2025,15,REG,2025_15_GB_DEN,DEN,GB,0,0,0,0,0,0,0,1,8,0,0,0,4,6,29,0,0,0,66,0.1875,0.204334365325077,0
00-0038994,J.Addison,Jordan Addison,WR,2025,15,REG,2025_15_MIN_DAL,MIN,DAL,0,0,0,0,0,0,0,0,0,0,0,0,2,2,66,0,0,0,48,0.0833333333333333,0.192771084337349,0
00-0038997,J.Downs,Josh Downs,WR,2025,15,REG,2025_15_IND_SEA,IND,SEA,0,0,0,0,0,0,0,0,0,0,0,0,3,5,13,1,0,0,27,0.192307692307692,0.190140845070423,0
00-0039032,T.Spears,Tyjae Spears,RB,2025,15,REG,2025_15_TEN_SF,TEN,SF,0,0,0,0,0,0,0,3,34,0,0,0,2,2,2,0,0,0,0,0.0740740740740741,0,0
00-0039040,D.Achane,De'Von Achane,RB,2025,15,REG,2025_15_MIA_PIT,MIA,PIT,0,0,0,0,0,0,0,12,60,0,0,0,6,6,67,0,0,0,21,0.230769230769231,0.12280701754386,0
00-0039041,E.Higgins,Elijah Higgins,TE,2025,15,REG,2025_15_ARI_HOU,ARI,HOU,0,0,0,0,0,0,0,0,0,0,0,0,1,2,3,0,0,0,21,0.0526315789473684,0.08203125,0
00-0039062,J.Mingo,Jonathan Mingo,WR,2025,15,REG,2025_15_MIN_DAL,DAL,MIN,0,0,0,0,0,0,0,0,0,0,0,0,1,1,25,0,0,0,21,0.0285714285714286,0.0760869565217391,0
00-0039064,Z.Flowers,Zay Flowers,WR,2025,15,REG,2025_15_BAL_CIN,BAL,CIN,0,0,0,0,0,0,0,0,0,0,0,0,3,5,68,1,0,0,89,0.416666666666667,0.689922480620155,0
00-0039066,M.Mayer,Michael Mayer,TE,2025,15,REG,2025_15_LV_PHI,LV,PHI,0,0,0,0,0,0,0,0,0,0,0,0,0,0,0,0,0,0,0,0,0,0
00-0039067,R.Rice,Rashee Rice,WR,2025,15,REG,2025_15_LAC_KC,KC,LAC,0,0,0,0,0,0,0,0,0,0,0,0,7,11,51,0,0,0,13,0.366666666666667,0.052,0
00-0039074,D.Allen,Davis Allen,TE,2025,15,REG,2025_15_DET_LA,LA,DET,0,0,0,0,0,0,0,0,0,0,0,0,3,4,16,0,0,0,14,0.105263157894737,0.029723991507431,0
00-0039075,P.Nacua,Puka Nacua,WR,2025,15,REG,2025_15_DET_LA,LA,DET,0,0,0,0,0,0,0,2,8,0,0,0,9,11,181,0,0,0,148,0.289473684210526,0.314225053078556,0
00-0039139,J.Gibbs,Jahmyr Gibbs,RB,2025,15,REG,2025_15_DET_LA,DET,LA,0,0,0,0,0,0,0,13,38,0,0,0,4,7,20,0,0,0,11,0.184210526315789,0.031700288184438,0
00-0039144,L.Musgrave,Luke Musgrave,TE,2025,15,REG,2025_15_GB_DEN,GB,DEN,0,0,0,0,0,0,0,0,0,0,0,0,4,6,52,0,0,0,49,0.166666666666667,0.108407079646018,0
00-0039146,J.Reed,Jayden Reed,WR,2025,15,REG,2025_15_GB_DEN,GB,DEN,0,0,0,0,0,0,0,0,0,0,0,0,5,6,55,0,0,0,38,0.166666666666667,0.084070796460177,0
00-0039150,B.Young,Bryce Young,QB,2025,15,REG,2025_15_CAR_NO,CAR,NO,15,24,163,1,0,0,0,7,49,0,0,0,0,0,0,0,0,0,0,0,0,0
00-0039163,C.Stroud,C.J. Stroud,QB,2025,15,REG,2025_15_ARI_HOU,HOU,ARI,22,29,260,3,0,0,0,6,10,0,0,0,0,0,0,0,0,0,0,0,0,0
00-0039165,Z.Charbonnet,Zach Charbonnet,RB,2025,15,REG,2025_15_IND_SEA,SEA,IND,0,0,0,0,0,0,0,8,31,0,0,0,0,1,0,0,0,0,1,0.0303030303030303,0.004149377593361,0
00-0039338,B.Bowers,Brock Bowers,TE,2025,15,REG,2025_15_LV_PHI,LV,PHI,0,0,0,0,0,0,0,0,0,0,0,0,6,8,28,0,0,0,12,0.32,0.113207547169811,0
00-0039342,X.Legette,Xavier Legette,WR,2025,15,REG,2025_15_CAR_NO,CAR,NO,0,0,0,0,0,0,0,0,0,0,0,0,2,3,39,0,0,0,42,0.15,0.204878048780488,0
00-0039356,J.Sanders,Ja'Tavion Sanders,TE,2025,15,REG,2025_15_CAR_NO,CAR,NO,0,0,0,0,0,0,0,0,0,0,0,0,2,2,5,0,0,0,3,0.1,0.0146341463414634,0
00-0039359,C.Stover,Cade Stover,TE,2025,15,REG,2025_15_ARI_HOU,HOU,ARI,0,0,0,0,0,0,0,0,0,0,0,0,3,3,22,0,0,0,1,0.115384615384615,0.00854700854700855,0
00-0039361,B.Irving,Bucky Irving,RB,2025,15,REG,2025_15_ATL_TB,TB,ATL,0,0,0,0,0,0,0,16,60,0,0,0,1,3,11,0,0,0,7,0.09375,0.0194986072423398,0
00-0039364,S.Vaki,Sione Vaki,RB,2025,15,REG,2025_15_DET_LA,DET,LA,0,0,0,0,0,0,0,0,0,0,0,0,0,0,0,0,0,0,0,0,0,0
00-0039373,A.Estime,Audric Estimé,RB,2025,15,REG,2025_15_CAR_NO,NO,CAR,0,0,0,0,0,0,0,3,11,0,0,0,3,3,39,0,0,0,-9,0.0967741935483871,-0.033457249070632,0
00-0039376,S.Rattler,Spencer Rattler,QB,2025,15,REG,2025_15_CAR_NO,NO,CAR,0,1,0,0,0,0,0,0,0,0,0,0,0,0,0,0,0,0,0,0,0,0
00-0039384,T.Tracy,Tyrone Tracy Jr.,RB,2025,15,REG,2025_15_WAS_NYG,NYG,WAS,0,0,0,0,0,0,0,15,70,1,0,0,3,4,27,1,0,0,27,0.111111111111111,0.0627906976744186,0
00-0039391,K.Vidal,Kimani Vidal,RB,2025,15,REG,2025_15_LAC_KC,LAC,KC,0,0,0,0,0,0,0,12,33,0,0,0,1,1,15,0,0,0,-4,0.0384615384615385,-0.0202020202020202,0
00-0039405,J.Jordan,Jawhar Jordan,RB,2025,15,REG,2025_15_ARI_HOU,HOU,ARI,0,0,0,0,0,0,0,15,101,0,0,0,2,2,17,0,0,0,-9,0.0769230769230769,-0.0769230769230769,0
00-0039407,D.Laube,Dylan Laube,RB,2025,15,REG,2025_15_LV_PHI,LV,PHI,0,0,0,0,0,0,0,2,4,0,0,0,0,0,0,0,0,0,0,0,0,0
00-0039410,R.Flournoy,Ryan Flournoy,WR,2025,15,REG,2025_15_MIN_DAL,DAL,MIN,0,0,0,0,0,0,0,0,0,0,0,0,4,5,40,0,0,0,37,0.142857142857143,0.134057971014493,0
00-0039424,D.Vele,Devaughn Vele,WR,2025,15,REG,2025_15_CAR_NO,NO,CAR,0,0,0,0,0,0,0,0,0,0,0,0,5,6,69,0,0,0,71,0.193548387096774,0.263940520446097,0
00-0039451,I.Williams,Isaiah Williams,WR,2025,15,REG,2025_15_NYJ_JAX,NYJ,JAX,0,0,0,0,0,0,0,0,0,0,0,0,6,7,53,0,0,0,40,0.21875,0.187793427230047,0
00-0039458,B.Bates,Brenden Bates,TE,2025,15,REG,2025_15_CLE_CHI,CLE,CHI,0,0,0,0,0,0,0,0,0,0,0,0,0,0,0,0,0,0,0,0,0,0
00-0039491,J.Coker,Jalen Coker,WR,2025,15,REG,2025_15_CAR_NO,CAR,NO,0,0,0,0,0,0,0,0,0,0,0,0,4,4,60,1,1,0,58,0.2,0.282926829268293,0
00-0039530,B.Spann-Ford,Brevyn Spann-Ford,TE,2025,15,REG,2025_15_MIN_DAL,DAL,MIN,0,0,0,0,0,0,0,0,0,0,0,0,0,1,0,0,0,0,8,0.0285714285714286,0.0289855072463768,0
00-0039589,K.Johnson,Kameron Johnson,WR,2025,15,REG,2025_15_ATL_TB,TB,ATL,0,0,0,0,0,0,0,0,0,0,0,0,0,0,0,0,0,0,0,0,0,0
00-0039603,B.Brooks,British Brooks,RB,2025,15,REG,2025_15_ARI_HOU,HOU,ARI,0,0,0,0,0,0,0,0,0,0,0,0,0,0,0,0,0,0,0,0,0,0
00-0039623,M.Tipton,Mason Tipton,WR,2025,15,REG,2025_15_CAR_NO,NO,CAR,0,0,0,0,0,0,0,1,-4,0,0,0,1,2,5,0,0,0,18,0.0645161290322581,0.0669144981412639,0
00-0039648,D.Martin-Robinson,David Martin-Robinson,TE,2025,15,REG,2025_15_TEN_SF,TEN,SF,0,0,0,0,0,0,0,0,0,0,0,0,0,0,0,0,0,0,0,0,0,0
00-0039686,C.Yankoff,Colson Yankoff,TE,2025,15,REG,2025_15_WAS_NYG,WAS,NYG,0,0,0,0,0,0,0,0,0,0,0,0,0,0,0,0,0,0,0,0,0,0
00-0039732,B.Nix,Bo Nix,QB,2025,15,REG,2025_15_GB_DEN,DEN,GB,23,34,302,4,0,0,0,7,10,0,0,0,0,0,0,0,0,0,0,0,0,0
00-0039738,B.Corum,Blake Corum,RB,2025,15,REG,2025_15_DET_LA,LA,DET,0,0,0,0,0,0,0,11,71,1,0,0,0,0,0,0,0,0,0,0,0,0
00-0039746,W.Shipley,Will Shipley,RB,2025,15,REG,2025_15_LV_PHI,PHI,LV,0,0,0,0,0,0,0,0,0,0,0,0,0,0,0,0,0,0,0,0,0,0
00-0039751,J.Whittington,Jordan Whittington,WR,2025,15,REG,2025_15_DET_LA,LA,DET,0,0,0,0,0,0,0,0,0,0,0,0,0,1,0,0,0,0,1,0.0263157894736842,0.00212314225053079,0
00-0039754,D.Culp,Devin Culp,TE,2025,15,REG,2025_15_ATL_TB,TB,ATL,0,0,0,0,0,0,0,0,0,0,0,0,1,1,6,1,0,0,6,0.03125,0.0167130919220056,0
00-0039793,A.Barner,AJ Barner,TE,2025,15,REG,2025_15_IND_SEA,SEA,IND,0,0,0,0,0,0,0,0,0,0,0,0,3,6,27,0,0,0,23,0.181818181818182,0.0954356846473029,0
00-0039796,R.Ali,Rasheen Ali,RB,2025,15,REG,2025_15_BAL_CIN,BAL,CIN,0,0,0,0,0,0,0,0,0,0,0,0,2,2,32,1,0,0,-6,0.166666666666667,-0.0465116279069768,0
00-0039798,I.Davis,Isaiah Davis,RB,2025,15,REG,2025_15_NYJ_JAX,NYJ,JAX,0,0,0,0,0,0,0,9,58,1,0,0,1,1,7,0,0,0,6,0.03125,0.028169014084507,0
00-0039847,T.Johnson,Theo Johnson,TE,2025,15,REG,2025_15_WAS_NYG,NYG,WAS,0,0,0,0,0,0,0,0,0,0,0,0,3,4,72,0,0,0,43,0.111111111111111,0.1,0
00-0039851,D.Maye,Drake Maye,QB,2025,15,REG,2025_15_BUF_NE,NE,BUF,14,23,155,0,1,0,0,4,43,2,0,0,0,0,0,0,0,0,0,0,0,0
00-0039855,J.McMillan,Jalen McMillan,WR,2025,15,REG,2025_15_ATL_TB,TB,ATL,0,0,0,0,0,0,0,0,0,0,0,0,2,2,38,0,0,0,35,0.0625,0.0974930362116992,0
00-0039868,T.Franklin,Troy Franklin,WR,2025,15,REG,2025_15_GB_DEN,DEN,GB,0,0,0,0,0,0,0,1,3,0,0,0,6,6,85,1,0,0,57,0.1875,0.176470588235294,0
00-0039874,J.Wright,Jaylen Wright,RB,2025,15,REG,2025_15_MIA_PIT,MIA,PIT,0,0,0,0,0,0,0,1,2,0,0,0,1,1,9,0,0,0,0,0.0384615384615385,0,0
00-0039875,R.Davis,Ray Davis,RB,2025,15,REG,2025_15_BUF_NE,BUF,NE,0,0,0,0,0,0,0,0,0,0,0,0,1,1,13,0,0,0,-1,0.0384615384615385,-0.0037037037037037,0
00-0039880,M.Washington,Malik Washington,WR,2025,15,REG,2025_15_MIA_PIT,MIA,PIT,0,0,0,0,0,0,0,0,0,0,0,0,1,1,10,0,0,0,1,0.0384615384615385,0.00584795321637427,0
00-0039890,A.Mitchell,Adonai Mitchell,WR,2025,15,REG,2025_15_NYJ_JAX,NYJ,JAX,0,0,0,0,0,0,0,1,-4,0,0,0,6,9,58,1,0,0,88,0.28125,0.413145539906103,0
00-0039893,B.Thomas,Brian Thomas Jr.,WR,2025,15,REG,2025_15_NYJ_JAX,JAX,NYJ,0,0,0,0,0,0,0,1,5,0,0,0,4,7,66,1,0,0,131,0.25,0.378612716763006,0
00-0039894,X.Worthy,Xavier Worthy,WR,2025,15,REG,2025_15_LAC_KC,KC,LAC,0,0,0,0,0,0,0,0,0,0,0,0,2,4,35,0,0,0,56,0.133333333333333,0.224,0
00-0039912,B.Sinnott,Ben Sinnott,TE,2025,15,REG,2025_15_WAS_NYG,WAS,NYG,0,0,0,0,0,0,0,0,0,0,0,0,1,1,36,0,0,0,22,0.0625,0.0849420849420849,0
00-0039915,L.McConkey,Ladd McConkey,WR,2025,15,REG,2025_15_LAC_KC,LAC,KC,0,0,0,0,0,0,0,0,0,0,0,0,2,3,20,0,0,0,19,0.115384615384615,0.095959595959596,0
00-0039916,R.Pearsall,Ricky Pearsall,WR,2025,15,REG,2025_15_TEN_SF,SF,TEN,0,0,0,0,0,0,0,0,0,0,0,0,6,7,96,0,0,0,95,0.25,0.378486055776892,0
00-0039918,C.Williams,Caleb Williams,QB,2025,15,REG,2025_15_CLE_CHI,CHI,CLE,17,28,242,2,0,0,0,3,13,0,0,0,0,0,0,0,0,0,0,0,0,0
00-0039920,M.Corley,Malachi Corley,WR,2025,15,REG,2025_15_CLE_CHI,CLE,CHI,0,0,0,0,0,0,0,0,0,0,0,0,1,1,10,0,0,0,4,0.032258064516129,0.0132013201320132,0
00-0039923,J.McCarthy,J.J. McCarthy,QB,2025,15,REG,2025_15_MIN_DAL,MIN,DAL,15,24,250,2,1,0,0,4,15,1,0,0,0,0,0,0,0,0,0,0,0,0
00-0040024,D.Cooper,Darius Cooper,WR,2025,15,REG,2025_15_LV_PHI,PHI,LV,0,0,0,0,0,0,0,0,0,0,0,0,2,2,29,0,0,0,24,0.111111111111111,0.181818181818182,0
00-0040058,N.Kallerup,Nick Kallerup,TE,2025,15,REG,2025_15_IND_SEA,SEA,IND,0,0,0,0,0,0,0,0,0,0,0,0,0,0,0,0,0,0,0,0,0,0
00-0040075,L.Wester,LaJohntay Wester,WR,2025,15,REG,2025_15_BAL_CIN,BAL,CIN,0,0,0,0,0,0,0,0,0,0,0,0,0,0,0,0,0,0,0,0,0,0
00-0040078,B.Smith,Brashard Smith,RB,2025,15,REG,2025_15_LAC_KC,KC,LAC,0,0,0,0,0,0,0,2,1,0,0,0,0,0,0,0,0,0,0,0,0,0
00-0040122,A.Jeanty,Ashton Jeanty,RB,2025,15,REG,2025_15_LV_PHI,LV,PHI,0,0,0,0,0,0,0,9,35,0,0,0,4,6,7,0,0,0,4,0.24,0.0377358490566038,0
00-0040124,T.McMillan,Tetairoa McMillan,WR,2025,15,REG,2025_15_CAR_NO,CAR,NO,0,0,0,0,0,0,0,0,0,0,0,0,2,4,25,0,0,0,46,0.2,0.224390243902439,0
00-0040126,C.Loveland,Colston Loveland,TE,2025,15,REG,2025_15_CLE_CHI,CHI,CLE,0,0,0,0,0,0,0,1,-2,0,0,0,4,5,63,0,0,0,61,0.185185185185185,0.221818181818182,0
00-0040128,T.Warren,Tyler Warren,TE,2025,15,REG,2025_15_IND_SEA,IND,SEA,0,0,0,0,0,0,0,0,0,0,0,0,3,6,19,0,0,0,43,0.230769230769231,0.302816901408451,0
00-0040129,E.Egbuka,Emeka Egbuka,WR,2025,15,REG,2025_15_ATL_TB,TB,ATL,0,0,0,0,0,0,0,0,0,0,0,0,4,7,64,0,0,0,111,0.21875,0.309192200557103,0
00-0040130,J.Higgins,Jayden Higgins,WR,2025,15,REG,2025_15_ARI_HOU,HOU,ARI,0,0,0,0,0,0,0,0,0,0,0,0,1,1,4,0,0,0,4,0.0384615384615385,0.0341880341880342,0
00-0040131,K.Williams,Kyle Williams,WR,2025,15,REG,2025_15_BUF_NE,NE,BUF,0,0,0,0,0,0,0,0,0,0,0,0,0,0,0,0,0,0,0,0,0,0
00-0040138,J.Noel,Jaylin Noel,WR,2025,15,REG,2025_15_ARI_HOU,HOU,ARI,0,0,0,0,0,0,0,0,0,0,0,0,0,0,0,0,0,0,0,0,0,0
00-0040142,K.Johnson,Kaleb Johnson,RB,2025,15,REG,2025_15_MIA_PIT,PIT,MIA,0,0,0,0,0,0,0,2,4,0,0,0,0,0,0,0,0,0,0,0,0,0
00-0040164,J.Lane,Jaylin Lane,WR,2025,15,REG,2025_15_WAS_NYG,WAS,NYG,0,0,0,0,0,0,0,0,0,0,0,0,0,1,0,0,0,0,21,0.0625,0.0810810810810811,1
00-0040170,E.Ayomanor,Elic Ayomanor,WR,2025,15,REG,2025_15_TEN_SF,TEN,SF,0,0,0,0,0,0,0,0,0,0,0,0,1,1,17,0,0,0,15,0.037037037037037,0.087719298245614,0
00-0040184,K.Lambert-Smith,KeAndre Lambert-Smith,WR,2025,15,REG,2025_15_LAC_KC,LAC,KC,0,0,0,0,0,0,0,0,0,0,0,0,1,1,16,1,0,0,16,0.0384615384615385,0.0808080808080808,0
00-0040187,M.Evans,Mitchell Evans,TE,2025,15,REG,2025_15_CAR_NO,CAR,NO,0,0,0,0,0,0,0,0,0,0,0,0,0,0,0,0,0,0,0,0,0,0
00-0040189,O.Gadsden,Oronde Gadsden II,TE,2025,15,REG,2025_15_LAC_KC,LAC,KC,0,0,0,0,0,0,0,0,0,0,0,0,4,5,61,0,0,0,70,0.192307692307692,0.353535353535354,0
00-0040194,J.Hawes,Jackson Hawes,TE,2025,15,REG,2025_15_BUF_NE,BUF,NE,0,0,0,0,0,0,0,0,0,0,0,0,1,1,9,0,0,0,3,0.0384615384615385,0.0111111111111111,0
00-0040198,O.Gordon,Ollie Gordon II,RB,2025,15,REG,2025_15_MIA_PIT,MIA,PIT,0,0,0,0,0,0,0,2,0,0,0,0,0,0,0,0,0,0,0,0,0,0
00-0040202,D.Neal,Devin Neal,RB,2025,15,REG,2025_15_CAR_NO,NO,CAR,0,0,0,0,0,0,0,7,28,1,0,0,1,1,4,0,0,0,3,0.032258064516129,0.0111524163568773,0
00-0040205,K.Mullings,Kalel Mullings,RB,2025,15,REG,2025_15_TEN_SF,TEN,SF,0,0,0,0,0,0,0,1,3,0,0,0,0,0,0,0,0,0,0,0,0,0
00-0040208,T.Brooks,Tahj Brooks,RB,2025,15,REG,2025_15_BAL_CIN,CIN,BAL,0,0,0,0,0,0,0,0,0,0,0,0,0,0,0,0,0,0,0,0,0,0
00-0040218,Ji.Horn,Jimmy Horn Jr.,WR,2025,15,REG,2025_15_CAR_NO,CAR,NO,0,0,0,0,0,0,0,0,0,0,0,0,1,1,7,0,0,0,1,0.05,0.00487804878048781,0
00-0040236,K.Monangai,Kyle Monangai,RB,2025,15,REG,2025_15_CLE_CHI,CHI,CLE,0,0,0,0,0,0,0,11,33,0,0,0,0,2,0,0,0,0,-10,0.0740740740740741,-0.0363636363636364,0
00-0040237,T.Johnson,Tez Johnson,WR,2025,15,REG,2025_15_ATL_TB,TB,ATL,0,0,0,0,0,0,0,0,0,0,0,0,0,1,0,0,0,0,17,0.03125,0.0473537604456825,0
00-0040238,L.Allen,LeQuint Allen Jr.,RB,2025,15,REG,2025_15_NYJ_JAX,JAX,NYJ,0,0,0,0,0,0,0,4,11,0,0,0,1,1,5,0,0,0,-2,0.0357142857142857,-0.00578034682080925,0
00-0040242,J.Croskey-Merritt,Jacory Croskey-Merritt,RB,2025,15,REG,2025_15_WAS_NYG,WAS,NYG,0,0,0,0,0,0,0,18,96,1,0,0,0,0,0,0,0,0,0,0,0,0
00-0040259,G.Larvadain,Gage Larvadain,WR,2025,15,REG,2025_15_CLE_CHI,CLE,CHI,0,0,0,0,0,0,0,0,0,0,0,0,1,2,8,0,0,0,18,0.0645161290322581,0.0594059405940594,0
00-0040352,C.Owen,Coleman Owen,WR,2025,15,REG,2025_15_IND_SEA,IND,SEA,0,0,0,0,0,0,0,0,0,0,0,0,0,0,0,0,0,0,0,0,0,0
00-0040398,B.Cook,Brady Cook,QB,2025,15,REG,2025_15_NYJ_JAX,NYJ,JAX,22,33,176,1,3,0,0,6,39,0,0,0,0,0,0,0,0,0,0,0,0,0
00-0040431,D.Cambre,Dalen Cambre,WR,2025,15,REG,2025_15_WAS_NYG,NYG,WAS,0,0,0,0,0,0,0,0,0,0,0,0,0,0,0,0,0,0,0,0,0,0
00-0040506,M.Price,Myles Price,WR,2025,15,REG,2025_15_MIN_DAL,MIN,DAL,0,0,0,0,0,0,0,0,0,0,0,0,0,0,0,0,0,0,0,0,0,0
00-0040556,C.Kiner,Corey Kiner,RB,2025,15,REG,2025_15_ARI_HOU,ARI,HOU,0,0,0,0,0,0,0,2,11,0,0,0,0,0,0,0,0,0,0,0,0,0
00-0040582,A.Smith,Arian Smith,WR,2025,15,REG,2025_15_NYJ_JAX,NYJ,JAX,0,0,0,0,0,0,0,0,0,0,0,0,0,2,0,0,0,0,27,0.0625,0.126760563380282,0
00-0040583,W.Marks,Woody Marks,RB,2025,15,REG,2025_15_ARI_HOU,HOU,ARI,0,0,0,0,0,0,0,7,30,0,0,0,1,1,8,0,0,0,1,0.0384615384615385,0.00854700854700855,0
00-0040584,G.Helm,Gunnar Helm,TE,2025,15,REG,2025_15_TEN_SF,TEN,SF,0,0,0,0,0,0,0,0,0,0,0,0,4,4,49,1,0,0,22,0.148148148148148,0.128654970760234,0
00-0040590,K.Mumpfield,Konata Mumpfield,WR,2025,15,REG,2025_15_DET_LA,LA,DET,0,0,0,0,0,0,0,0,0,0,0,0,0,1,0,0,0,0,38,0.0263157894736842,0.0806794055201699,0
00-0040644,T.Etienne,Trevor Etienne,RB,2025,15,REG,2025_15_CAR_NO,CAR,NO,0,0,0,0,0,0,0,0,0,0,0,0,0,0,0,0,0,0,0,0,0,0
00-0040663,H.Fannin,Harold Fannin Jr.,TE,2025,15,REG,2025_15_CLE_CHI,CLE,CHI,0,0,0,0,0,0,0,1,2,0,0,0,7,14,48,0,0,0,93,0.451612903225806,0.306930693069307,0
00-0040666,O.Hampton,Omarion Hampton,RB,2025,15,REG,2025_15_LAC_KC,LAC,KC,0,0,0,0,0,0,0,15,61,0,0,0,1,1,4,0,0,0,-5,0.0384615384615385,-0.0252525252525253,0
00-0040667,M.Golden,Matthew Golden,WR,2025,15,REG,2025_15_GB_DEN,GB,DEN,0,0,0,0,0,0,0,0,0,0,0,0,3,4,55,0,0,0,69,0.111111111111111,0.152654867256637,0
00-0040668,S.Sanders,Shedeur Sanders,QB,2025,15,REG,2025_15_CLE_CHI,CLE,CHI,18,35,177,0,3,0,0,2,24,0,0,0,0,0,0,0,0,0,0,0,0,0
00-0040669,I.TeSlaa,Isaac TeSlaa,WR,2025,15,REG,2025_15_DET_LA,DET,LA,0,0,0,0,0,0,0,0,0,0,0,0,0,1,0,0,0,0,4,0.0263157894736842,0.0115273775216138,0
00-0040676,C.Ward,Cam Ward,QB,2025,15,REG,2025_15_TEN_SF,TEN,SF,18,29,170,2,0,0,0,1,2,0,0,0,0,0,0,0,0,0,0,0,0,0
00-0040691,J.Dart,Jaxson Dart,QB,2025,15,REG,2025_15_WAS_NYG,NYG,WAS,20,36,246,2,1,0,0,9,63,0,0,0,0,0,0,0,0,0,0,0,0,0
00-0040705,C.Dike,Chimere Dike,WR,2025,15,REG,2025_15_TEN_SF,TEN,SF,0,0,0,0,0,0,0,1,-7,0,0,0,4,5,17,0,0,0,1,0.185185185185185,0.00584795321637427,0
00-0040719,B.Tuten,Bhayshul Tuten,RB,2025,15,REG,2025_15_NYJ_JAX,JAX,NYJ,0,0,0,0,0,0,0,1,7,0,0,0,1,1,16,1,0,0,13,0.0357142857142857,0.0375722543352601,0
00-0040727,T.Harris,Tre Harris,WR,2025,15,REG,2025_15_LAC_KC,LAC,KC,0,0,0,0,0,0,0,0,0,0,0,0,3,5,49,0,0,0,57,0.192307692307692,0.287878787878788,0
00-0040729,J.Bech,Jack Bech,WR,2025,15,REG,2025_15_LV_PHI,LV,PHI,0,0,0,0,0,0,0,0,0,0,0,0,2,3,17,0,0,0,37,0.12,0.349056603773585,0
00-0040730,R.Harvey,RJ Harvey,RB,2025,15,REG,2025_15_GB_DEN,DEN,GB,0,0,0,0,0,0,0,19,65,1,1,0,0,1,0,0,0,0,5,0.03125,0.0154798761609907,0
00-0040734,T.Henderson,TreVeyon Henderson,RB,2025,15,REG,2025_15_BUF_NE,NE,BUF,0,0,0,0,0,0,0,14,148,2,0,0,2,3,13,0,0,0,20,0.136363636363636,0.0819672131147541,0
00-0040735,L.Burden,Luther Burden III,WR,2025,15,REG,2025_15_CLE_CHI,CHI,CLE,0,0,0,0,0,0,0,0,0,0,0,0,6,7,84,0,0,0,50,0.259259259259259,0.181818181818182,0
00-0040737,T.Ferguson,Terrance Ferguson,TE,2025,15,REG,2025_15_DET_LA,LA,DET,0,0,0,0,0,0,0,0,0,0,0,0,1,2,6,0,0,0,30,0.0526315789473684,0.0636942675159236,0
00-0040743,T.Shough,Tyler Shough,QB,2025,15,REG,2025_15_CAR_NO,NO,CAR,24,32,272,1,0,0,0,8,32,0,0,0,0,0,0,0,0,0,0,0,0,0
00-0040782,I.Bond,Isaiah Bond,WR,2025,15,REG,2025_15_CLE_CHI,CLE,CHI,0,0,0,0,0,0,0,0,0,0,0,0,2,4,89,0,0,0,118,0.129032258064516,0.389438943894389,0
00-0040784,Q.Judkins,Quinshon Judkins,RB,2025,15,REG,2025_15_CLE_CHI,CLE,CHI,0,0,0,0,0,0,0,12,21,0,0,0,3,4,-4,0,0,0,-7,0.129032258064516,-0.0231023102310231,0
00-0022942,P.Rivers,Philip Rivers,QB,2025,16,REG,2025_16_SF_IND,IND,SF,23,35,277,2,1,0,0,0,0,0,0,0,0,0,0,0,0,0,0,0,0,0
00-0023459,A.Rodgers,Aaron Rodgers,QB,2025,16,REG,2025_16_PIT_DET,PIT,DET,27,41,266,1,0,0,0,2,9,0,0,0,0,0,0,0,0,0,0,0,0,0
00-0026158,J.Flacco,Joe Flacco,QB,2025,16,REG,2025_16_CIN_MIA,CIN,MIA,1,1,4,0,0,0,0,0,0,0,0,0,0,0,0,0,0,0,0,0,0,0
00-0026300,J.Johnson,Josh Johnson,QB,2025,16,REG,2025_16_PHI_WAS,WAS,PHI,5,9,43,0,1,0,0,1,0,0,0,0,0,0,0,0,0,0,0,0,0,0
00-0026498,M.Stafford,Matthew Stafford,QB,2025,16,REG,2025_16_LA_SEA,LA,SEA,29,49,457,3,0,0,0,2,6,0,0,0,0,0,0,0,0,0,0,0,0,0
00-0029604,K.Cousins,Kirk Cousins,QB,2025,16,REG,2025_16_ATL_ARI,ATL,ARI,21,35,197,2,1,0,0,5,-3,1,1,0,0,0,0,0,0,0,0,0,0,0
00-0030035,A.Thielen,Adam Thielen,WR,2025,16,REG,2025_16_PIT_DET,PIT,DET,0,0,0,0,0,0,0,0,0,0,0,0,4,4,49,0,0,0,36,0.105263157894737,0.107462686567164,0
00-0030279,K.Allen,Keenan Allen,WR,2025,16,REG,2025_16_LAC_DAL,LAC,DAL,0,0,0,0,0,0,0,0,0,0,0,0,5,5,44,0,0,0,31,0.178571428571429,0.115241635687732,0
00-0030506,T.Kelce,Travis Kelce,TE,2025,16,REG,2025_16_KC_TEN,KC,TEN,0,0,0,0,0,0,0,0,0,0,0,0,1,4,6,0,0,0,22,0.181818181818182,0.196428571428571,0
00-0030564,D.Hopkins,DeAndre Hopkins,WR,2025,16,REG,2025_16_NE_BAL,BAL,NE,0,0,0,0,0,0,0,0,0,0,0,0,4,5,41,0,0,0,46,0.25,0.269005847953216,0
00-0030565,G.Smith,Geno Smith,QB,2025,16,REG,2025_16_LV_HOU,LV,HOU,16,23,201,2,1,0,0,0,0,0,0,0,0,0,0,0,0,0,0,0,0,0
00-0031236,B.Cooks,Brandin Cooks,WR,2025,16,REG,2025_16_BUF_CLE,BUF,CLE,0,0,0,0,0,0,0,0,0,0,0,0,0,1,0,0,0,0,27,0.0555555555555556,0.223140495867769,0
00-0031408,M.Evans,Mike Evans,WR,2025,16,REG,2025_16_TB_CAR,TB,CAR,0,0,0,0,0,0,0,0,0,0,0,0,5,9,31,1,0,0,60,0.36,0.397350993377483,0
00-0031484,C.Manhertz,Chris Manhertz,TE,2025,16,REG,2025_16_MIN_NYG,NYG,MIN,0,0,0,0,0,0,0,0,0,0,0,0,0,0,0,0,0,0,0,0,0,0
00-0031588,S.Diggs,Stefon Diggs,WR,2025,16,REG,2025_16_NE_BAL,NE,BAL,0,0,0,0,0,0,0,0,0,0,0,0,9,10,138,0,0,0,96,0.238095238095238,0.20253164556962,0
00-0031610,D.Waller,Darren Waller,TE,2025,16,REG,2025_16_CIN_MIA,MIA,CIN,0,0,0,0,0,0,0,0,0,0,0,0,3,5,40,0,0,0,48,0.172413793103448,0.183908045977012,0
00-0031687,R.Mostert,Raheem Mostert,RB,2025,16,REG,2025_16_LV_HOU,LV,HOU,0,0,0,0,0,0,0,1,6,0,0,0,1,1,3,0,0,0,-1,0.0454545454545455,-0.00526315789473684,0
00-0032104,A.Abdullah,Ameer Abdullah,RB,2025,16,REG,2025_16_SF_IND,IND,SF,0,0,0,0,0,0,0,0,0,0,0,0,1,1,4,0,0,0,-2,0.0277777777777778,-0.00593471810089021,0
00-0032211,T.Lockett,Tyler Lockett,WR,2025,16,REG,2025_16_LV_HOU,LV,HOU,0,0,0,0,0,0,0,0,0,0,0,0,1,2,6,0,0,0,25,0.0909090909090909,0.131578947368421,0
00-0032268,M.Mariota,Marcus Mariota,QB,2025,16,REG,2025_16_PHI_WAS,WAS,PHI,7,14,95,0,0,0,0,1,-1,0,0,0,0,0,0,0,0,0,0,0,0,0
00-0032392,A.Hooper,Austin Hooper,TE,2025,16,REG,2025_16_NE_BAL,NE,BAL,0,0,0,0,0,0,0,0,0,0,0,0,2,4,34,0,0,0,54,0.0952380952380952,0.113924050632911,0
00-0032398,C.Moore,Chris Moore,WR,2025,16,REG,2025_16_PHI_WAS,WAS,PHI,0,0,0,0,0,0,0,0,0,0,0,0,0,0,0,0,0,0,0,0,0,0
00-0032464,K.Raymond,Kalif Raymond,WR,2025,16,REG,2025_16_PIT_DET,DET,PIT,0,0,0,0,0,0,0,0,0,0,0,0,4,5,62,1,0,0,14,0.0961538461538462,0.0444444444444444,0
00-0032764,D.Henry,Derrick Henry,RB,2025,16,REG,2025_16_NE_BAL,BAL,NE,0,0,0,0,0,0,0,18,128,2,1,0,0,0,0,0,0,0,0,0,0,0
00-0032775,D.Robinson,Demarcus Robinson,WR,2025,16,REG,2025_16_SF_IND,SF,IND,0,0,0,0,0,0,0,0,0,0,0,0,2,2,23,1,0,0,23,0.0606060606060606,0.0709876543209877,0
00-0033077,D.Prescott,Dak Prescott,QB,2025,16,REG,2025_16_LAC_DAL,DAL,LAC,21,30,244,2,0,0,0,2,14,0,0,0,0,0,0,0,0,0,0,0,0,0
00-0033090,H.Henry,Hunter Henry,TE,2025,16,REG,2025_16_NE_BAL,NE,BAL,0,0,0,0,0,0,0,0,0,0,0,0,6,7,35,1,0,0,48,0.166666666666667,0.10126582278481,0
00-0033106,J.Goff,Jared Goff,QB,2025,16,REG,2025_16_PIT_DET,DET,PIT,34,54,364,3,0,0,0,1,-1,0,0,0,0,0,0,0,0,0,0,0,0,0
00-0033119,J.Brissett,Jacoby Brissett,QB,2025,16,REG,2025_16_ATL_ARI,ARI,ATL,16,31,203,1,1,0,0,1,5,0,0,0,0,0,0,0,0,0,0,0,0,0
00-0033217,M.Alie-Cox,Mo Alie-Cox,TE,2025,16,REG,2025_16_SF_IND,IND,SF,0,0,0,0,0,0,0,0,0,0,0,0,2,2,16,0,0,0,3,0.0555555555555556,0.00890207715133531,0
00-0033280,C.McCaffrey,Christian McCaffrey,RB,2025,16,REG,2025_16_SF_IND,SF,IND,0,0,0,0,0,0,0,21,117,0,0,0,6,8,29,2,0,0,52,0.242424242424242,0.160493827160494,0
00-0033288,G.Kittle,George Kittle,TE,2025,16,REG,2025_16_SF_IND,SF,IND,0,0,0,0,0,0,0,0,0,0,0,0,7,8,115,1,0,0,98,0.242424242424242,0.302469135802469,0
00-0033293,A.Jones,Aaron Jones,RB,2025,16,REG,2025_16_MIN_NYG,MIN,NYG,0,0,0,0,0,0,0,21,85,0,0,0,2,3,8,0,0,0,-12,0.130434782608696,-0.096,0
00-0033307,K.Bourne,Kendrick Bourne,WR,2025,16,REG,2025_16_SF_IND,SF,IND,0,0,0,0,0,0,0,0,0,0,0,0,3,5,27,0,0,0,48,0.151515151515152,0.148148148148148,0
00-0033357,T.Hill,Taysom Hill,TE,2025,16,REG,2025_16_NYJ_NO,NO,NYJ,1,1,38,1,0,0,0,12,42,0,1,0,4,6,36,0,0,0,30,0.127659574468085,0.0710900473933649,0
00-0033375,T.Patrick,Tim Patrick,WR,2025,16,REG,2025_16_JAX_DEN,JAX,DEN,0,0,0,0,0,0,0,0,0,0,0,0,1,1,11,0,0,0,5,0.0285714285714286,0.0177935943060498,0
00-0033455,A.Firkser,Anthony Firkser,TE,2025,16,REG,2025_16_PIT_DET,DET,PIT,0,0,0,0,0,0,0,0,0,0,0,0,4,4,40,0,0,0,34,0.0769230769230769,0.107936507936508,0
00-0033526,S.Perine,Samaje Perine,RB,2025,16,REG,2025_16_CIN_MIA,CIN,MIA,0,0,0,0,0,0,0,7,25,1,0,0,2,3,16,0,0,0,-12,0.0967741935483871,-0.0645161290322581,0
00-0033555,M.Hollins,Mack Hollins,WR,2025,16,REG,2025_16_NE_BAL,NE,BAL,0,0,0,0,0,0,0,0,0,0,0,0,7,9,69,0,0,0,110,0.214285714285714,0.232067510548523,0
00-0033576,E.Saubert,Eric Saubert,TE,2025,16,REG,2025_16_LA_SEA,SEA,LA,0,0,0,0,0,0,0,0,0,0,0,0,0,0,0,0,0,1,0,0,0,0
00-0033854,D.Ogunbowale,Dare Ogunbowale,RB,2025,16,REG,2025_16_LV_HOU,HOU,LV,0,0,0,0,0,0,0,1,-3,0,0,0,1,1,2,0,0,0,2,0.0294117647058824,0.00655737704918033,0
00-0033857,J.Smith-Schuster,JuJu Smith-Schuster,WR,2025,16,REG,2025_16_KC_TEN,KC,TEN,0,0,0,0,0,0,0,0,0,0,0,0,1,4,12,0,0,0,4,0.181818181818182,0.0357142857142857,0
00-0033858,J.Smith,Jonnu Smith,TE,2025,16,REG,2025_16_PIT_DET,PIT,DET,0,0,0,0,0,0,0,2,28,0,0,0,0,1,0,0,0,0,6,0.0263157894736842,0.017910447761194,0
00-0033881,E.Engram,Evan Engram,TE,2025,16,REG,2025_16_JAX_DEN,DEN,JAX,0,0,0,0,0,0,0,0,0,0,0,0,2,4,36,0,0,0,29,0.0869565217391304,0.0645879732739421,0
00-0033908,C.Kupp,Cooper Kupp,WR,2025,16,REG,2025_16_LA_SEA,SEA,LA,0,0,0,0,0,0,0,0,0,0,0,0,3,4,39,0,1,1,43,0.129032258064516,0.212871287128713,0
00-0033921,C.Godwin,Chris Godwin Jr.,WR,2025,16,REG,2025_16_TB_CAR,TB,CAR,0,0,0,0,0,0,0,0,0,0,0,0,5,6,30,0,0,0,39,0.24,0.258278145695364,0
00-0033923,K.Hunt,Kareem Hunt,RB,2025,16,REG,2025_16_KC_TEN,KC,TEN,0,0,0,0,0,0,0,3,2,0,0,0,0,0,0,0,0,0,0,0,0,0
00-0033955,J.McNichols,Jeremy McNichols,RB,2025,16,REG,2025_16_PHI_WAS,WAS,PHI,0,0,0,0,0,0,0,1,3,0,0,1,2,3,9,0,0,0,-8,0.15,-0.0467836257309942,0
00-0034159,W.Dissly,Will Dissly,TE,2025,16,REG,2025_16_LAC_DAL,LAC,DAL,0,0,0,0,0,0,0,0,0,0,0,0,3,3,28,0,0,0,15,0.107142857142857,0.0557620817843866,0
00-0034272,M.Valdes-Scantling,Marquez Valdes-Scantling,WR,2025,16,REG,2025_16_PIT_DET,PIT,DET,0,0,0,0,0,0,0,0,0,0,0,0,1,3,6,0,0,0,81,0.0789473684210526,0.241791044776119,0
00-0034348,C.Sutton,Courtland Sutton,WR,2025,16,REG,2025_16_JAX_DEN,DEN,JAX,0,0,0,0,0,0,0,0,0,0,0,0,6,12,86,1,0,0,209,0.260869565217391,0.465478841870824,0
00-0034351,D.Goedert,Dallas Goedert,TE,2025,16,REG,2025_16_PHI_WAS,PHI,WAS,0,0,0,0,0,0,0,0,0,0,0,0,3,3,32,1,0,0,23,0.103448275862069,0.114427860696517,0
00-0034383,D.Schultz,Dalton Schultz,TE,2025,16,REG,2025_16_LV_HOU,HOU,LV,0,0,0,0,0,0,0,0,0,0,0,0,5,5,35,1,0,0,27,0.147058823529412,0.0885245901639344,0
00-0034418,C.Wilson,Cedrick Wilson Jr.,WR,2025,16,REG,2025_16_CIN_MIA,MIA,CIN,0,0,0,0,0,0,0,0,0,0,0,0,1,1,11,0,0,0,7,0.0344827586206897,0.0268199233716475,0
00-0034613,T.Hudson,Tanner Hudson,TE,2025,16,REG,2025_16_CIN_MIA,CIN,MIA,0,0,0,0,0,0,0,0,0,0,0,0,1,1,4,0,0,0,4,0.032258064516129,0.021505376344086,0
00-0034753,M.Andrews,Mark Andrews,TE,2025,16,REG,2025_16_NE_BAL,BAL,NE,0,0,0,0,0,0,0,1,3,0,0,0,2,3,21,0,0,0,32,0.15,0.187134502923977,0
00-0034775,C.Kirk,Christian Kirk,WR,2025,16,REG,2025_16_LV_HOU,HOU,LV,0,0,0,0,0,0,0,0,0,0,0,0,3,5,37,0,0,0,39,0.147058823529412,0.127868852459016,0
00-0034791,N.Chubb,Nick Chubb,RB,2025,16,REG,2025_16_LV_HOU,HOU,LV,0,0,0,0,0,0,0,6,33,0,0,0,1,1,9,0,0,0,4,0.0294117647058824,0.0131147540983607,0
00-0034796,L.Jackson,Lamar Jackson,QB,2025,16,REG,2025_16_NE_BAL,BAL,NE,7,10,101,0,0,0,0,2,7,0,0,0,0,0,0,0,0,0,0,0,0,0
00-0034827,D.Moore,DJ Moore,WR,2025,16,REG,2025_16_GB_CHI,CHI,GB,0,0,0,0,0,0,0,1,12,0,0,0,5,7,97,1,0,0,123,0.241379310344828,0.371601208459215,0
00-0034829,M.Gesicki,Mike Gesicki,TE,2025,16,REG,2025_16_CIN_MIA,CIN,MIA,0,0,0,0,0,0,0,0,0,0,0,0,3,4,35,1,0,0,43,0.129032258064516,0.231182795698925,0
00-0034844,S.Barkley,Saquon Barkley,RB,2025,16,REG,2025_16_PHI_WAS,PHI,WAS,0,0,0,0,0,0,0,21,132,1,0,1,0,2,0,0,0,0,-8,0.0689655172413793,-0.0398009950248756,0
00-0034855,B.Mayfield,Baker Mayfield,QB,2025,16,REG,2025_16_TB_CAR,TB,CAR,18,26,145,1,1,0,0,4,49,0,0,0,0,0,0,0,0,0,0,0,0,0
00-0034857,J.Allen,Josh Allen,QB,2025,16,REG,2025_16_BUF_CLE,BUF,CLE,12,19,130,0,0,0,0,7,17,0,0,0,0,0,0,0,0,0,0,0,0,0
00-0034860,D.Pettis,Dante Pettis,WR,2025,16,REG,2025_16_NYJ_NO,NO,NYJ,0,0,0,0,0,0,0,0,0,0,0,0,0,1,0,0,0,0,24,0.0212765957446809,0.0568720379146919,0
00-0034869,S.Darnold,Sam Darnold,QB,2025,16,REG,2025_16_LA_SEA,SEA,LA,22,34,270,2,2,0,2,3,7,0,0,0,0,0,0,0,0,0,0,0,0,0
00-0034928,S.Sims,Steven Sims,WR,2025,16,REG,2025_16_ATL_ARI,ARI,ATL,0,0,0,0,0,0,0,0,0,0,0,0,0,1,0,0,0,0,2,0.0344827586206897,0.0087719298245614,0
00-0034960,J.Meyers,Jakobi Meyers,WR,2025,16,REG,2025_16_JAX_DEN,JAX,DEN,0,0,0,0,0,0,0,1,1,0,0,0,4,8,45,0,0,0,66,0.228571428571429,0.234875444839858,0
00-0034981,F.Moreau,Foster Moreau,TE,2025,16,REG,2025_16_NYJ_NO,NO,NYJ,0,0,0,0,0,0,0,0,0,0,0,0,1,1,5,0,0,0,-4,0.0212765957446809,-0.00947867298578199,0
00-0035140,M.Hardman,Mecole Hardman,WR,2025,16,REG,2025_16_BUF_CLE,BUF,CLE,0,0,0,0,0,0,0,0,0,0,0,0,0,0,0,0,0,0,0,0,0,0
00-0035208,O.Zaccheaus,Olamide Zaccheaus,WR,2025,16,REG,2025_16_GB_CHI,CHI,GB,0,0,0,0,0,0,0,0,0,0,0,0,2,5,33,0,0,0,53,0.172413793103448,0.16012084592145,0
00-0035229,T.Hockenson,T.J. Hockenson,TE,2025,16,REG,2025_16_MIN_NYG,MIN,NYG,0,0,0,0,0,0,0,0,0,0,0,0,1,1,2,0,0,0,1,0.0434782608695652,0.008,0
00-0035249,J.Oliver,Josh Oliver,TE,2025,16,REG,2025_16_MIN_NYG,MIN,NYG,0,0,0,0,0,0,0,0,0,0,0,0,2,3,19,0,0,0,6,0.130434782608696,0.048,0
00-0035250,D.Singletary,Devin Singletary,RB,2025,16,REG,2025_16_MIN_NYG,NYG,MIN,0,0,0,0,0,0,0,11,47,0,0,0,1,1,-1,0,0,0,-5,0.0769230769230769,-0.0595238095238095,0
00-0035261,T.Pollard,Tony Pollard,RB,2025,16,REG,2025_16_KC_TEN,TEN,KC,0,0,0,0,0,0,0,21,102,0,0,0,0,0,0,0,0,0,0,0,0,0
00-0035289,G.Minshew,Gardner Minshew,QB,2025,16,REG,2025_16_KC_TEN,KC,TEN,3,8,15,0,0,0,0,1,8,0,0,0,0,0,0,0,0,0,0,0,0,0
00-0035291,T.Williams,Trayveon Williams,RB,2025,16,REG,2025_16_BUF_CLE,CLE,BUF,0,0,0,0,0,0,0,3,17,0,0,0,4,4,38,0,0,0,-18,0.148148148148148,-0.260869565217391,0
00-0035298,S.Miller,Scott Miller,WR,2025,16,REG,2025_16_PIT_DET,PIT,DET,0,0,0,0,0,0,0,0,0,0,0,0,3,3,19,0,0,0,14,0.0789473684210526,0.0417910447761194,0
00-0035359,D.Sills,David Sills,WR,2025,16,REG,2025_16_ATL_ARI,ATL,ARI,0,0,0,0,0,0,0,0,0,0,0,0,0,1,0,0,0,0,4,0.0294117647058824,0.0203045685279188,0
00-0035406,L.Humphrey,Lil'Jordan Humphrey,WR,2025,16,REG,2025_16_JAX_DEN,DEN,JAX,0,0,0,0,0,0,0,0,0,0,0,0,1,2,9,0,0,0,27,0.0434782608695652,0.0601336302895323,0
00-0035535,D.Slayton,Darius Slayton,WR,2025,16,REG,2025_16_MIN_NYG,NYG,MIN,0,0,0,0,0,0,0,0,0,0,0,0,1,2,8,0,0,0,19,0.153846153846154,0.226190476190476,0
00-0035537,Ty.Johnson,Ty Johnson,RB,2025,16,REG,2025_16_BUF_CLE,BUF,CLE,0,0,0,0,0,0,0,3,16,1,0,0,0,0,0,0,0,0,0,0,0,0
00-0035544,T.Kennedy,Tom Kennedy,WR,2025,16,REG,2025_16_PIT_DET,DET,PIT,0,0,0,0,0,0,0,0,0,0,0,0,0,0,0,0,0,0,0,0,0,0
00-0035602,A.Bachman,Alex Bachman,WR,2025,16,REG,2025_16_LV_HOU,LV,HOU,0,0,0,0,0,0,0,0,0,0,0,0,1,1,3,0,0,0,3,0.0454545454545455,0.0157894736842105,0
00-0035631,D.Sample,Drew Sample,TE,2025,16,REG,2025_16_CIN_MIA,CIN,MIA,0,0,0,0,0,0,0,0,0,0,0,0,2,2,31,0,0,0,-3,0.0645161290322581,-0.0161290322580645,0
00-0035640,D.Metcalf,DK Metcalf,WR,2025,16,REG,2025_16_PIT_DET,PIT,DET,0,0,0,0,0,0,0,0,0,0,0,0,4,9,42,0,0,0,105,0.236842105263158,0.313432835820896,0
00-0035645,G.Olszewski,Gunner Olszewski,WR,2025,16,REG,2025_16_MIN_NYG,NYG,MIN,0,0,0,0,0,0,0,0,0,0,0,0,0,0,0,0,0,0,0,0,0,0
00-0035659,T.McLaurin,Terry McLaurin,WR,2025,16,REG,2025_16_PHI_WAS,WAS,PHI,0,0,0,0,0,0,0,0,0,0,0,0,3,4,53,0,0,0,56,0.2,0.327485380116959,0
00-0035662,M.Brown,Marquise Brown,WR,2025,16,REG,2025_16_KC_TEN,KC,TEN,0,0,0,0,0,0,0,0,0,0,0,0,3,3,22,0,0,0,1,0.136363636363636,0.00892857142857143,0
00-0035676,A.Brown,A.J. Brown,WR,2025,16,REG,2025_16_PHI_WAS,PHI,WAS,0,0,0,0,0,0,0,0,0,0,0,0,9,12,95,0,0,0,92,0.413793103448276,0.45771144278607,0
00-0035685,D.Montgomery,David Montgomery,RB,2025,16,REG,2025_16_PIT_DET,DET,PIT,0,0,0,0,0,0,0,4,14,0,0,0,0,0,0,0,0,0,0,0,0,0
00-0035689,D.Knox,Dawson Knox,TE,2025,16,REG,2025_16_BUF_CLE,BUF,CLE,0,0,0,0,0,0,0,0,0,0,0,0,1,2,10,0,0,0,14,0.111111111111111,0.115702479338843,0
00-0035700,J.Jacobs,Josh Jacobs,RB,2025,16,REG,2025_16_GB_CHI,GB,CHI,0,0,0,0,0,0,0,12,36,0,1,0,2,2,12,0,0,0,-3,0.0833333333333333,-0.0180722891566265,0
00-0035719,D.Samuel,Deebo Samuel Sr.,WR,2025,16,REG,2025_16_PHI_WAS,WAS,PHI,0,0,0,0,0,0,0,0,0,0,0,0,3,4,35,0,0,0,18,0.2,0.105263157894737,0
00-0035891,C.White,Cody White,WR,2025,16,REG,2025_16_LA_SEA,SEA,LA,0,0,0,0,0,0,0,0,0,0,0,0,0,0,0,0,0,0,0,0,0,0
00-0035993,T.Huntley,Tyler Huntley,QB,2025,16,REG,2025_16_NE_BAL,BAL,NE,9,10,65,0,0,0,0,2,2,0,0,0,0,0,0,0,0,0,0,0,0,0
00-0036040,J.Johnson,Juwan Johnson,TE,2025,16,REG,2025_16_NYJ_NO,NO,NYJ,0,0,0,0,0,0,0,0,0,0,0,0,8,9,89,0,0,0,58,0.191489361702128,0.137440758293839,0
00-0036139,R.Dowdle,Rico Dowdle,RB,2025,16,REG,2025_16_TB_CAR,CAR,TB,0,0,0,0,0,0,0,9,29,0,0,0,4,6,14,0,0,0,17,0.193548387096774,0.06640625,0
00-0036223,J.Taylor,Jonathan Taylor,RB,2025,16,REG,2025_16_SF_IND,IND,SF,0,0,0,0,0,0,0,16,46,1,0,0,3,3,33,0,0,0,2,0.0833333333333333,0.00593471810089021,0
00-0036244,C.Parkinson,Colby Parkinson,TE,2025,16,REG,2025_16_LA_SEA,LA,SEA,0,0,0,0,0,0,0,0,0,0,0,0,2,4,21,0,0,0,20,0.0833333333333333,0.0419287211740042,0
00-0036252,M.Pittman,Michael Pittman,WR,2025,16,REG,2025_16_SF_IND,IND,SF,0,0,0,0,0,0,0,0,0,0,0,0,4,5,32,0,0,0,59,0.138888888888889,0.175074183976261,0
00-0036259,J.Jennings,Jauan Jennings,WR,2025,16,REG,2025_16_SF_IND,SF,IND,0,0,0,0,0,0,0,0,0,0,0,0,5,6,71,1,0,0,64,0.181818181818182,0.197530864197531,0
00-0036264,J.Love,Jordan Love,QB,2025,16,REG,2025_16_GB_CHI,GB,CHI,8,13,77,0,0,0,0,2,7,0,0,0,0,0,0,0,0,0,0,0,0,0
00-0036275,D.Swift,D'Andre Swift,RB,2025,16,REG,2025_16_GB_CHI,CHI,GB,0,0,0,0,0,0,0,13,58,0,0,0,2,2,12,0,0,0,-4,0.0689655172413793,-0.0120845921450151,0
00-0036290,C.Kmet,Cole Kmet,TE,2025,16,REG,2025_16_GB_CHI,CHI,GB,0,0,0,0,0,0,0,0,0,0,0,0,2,3,14,0,0,0,14,0.103448275862069,0.0422960725075529,0
00-0036309,D.Mooney,Darnell Mooney,WR,2025,16,REG,2025_16_ATL_ARI,ATL,ARI,0,0,0,0,0,0,0,0,0,0,0,0,2,2,24,0,0,0,14,0.0588235294117647,0.0710659898477157,0
00-0036322,J.Jefferson,Justin Jefferson,WR,2025,16,REG,2025_16_MIN_NYG,MIN,NYG,0,0,0,0,0,0,0,0,0,0,0,0,6,8,85,0,0,0,59,0.347826086956522,0.472,0
00-0036331,D.Duvernay,Devin Duvernay,WR,2025,16,REG,2025_16_GB_CHI,CHI,GB,0,0,0,0,0,0,0,0,0,0,0,0,0,0,0,0,0,0,0,0,0,0
00-0036332,J.Deguara,Josiah Deguara,TE,2025,16,REG,2025_16_ATL_ARI,ARI,ATL,0,0,0,0,0,0,0,0,0,0,0,0,0,1,0,0,0,0,2,0.0344827586206897,0.0087719298245614,0
00-0036355,J.Herbert,Justin Herbert,QB,2025,16,REG,2025_16_LAC_DAL,LAC,DAL,23,29,300,2,0,0,0,8,42,1,0,0,0,0,0,0,0,0,0,0,0,0
00-0036358,C.Lamb,CeeDee Lamb,WR,2025,16,REG,2025_16_LAC_DAL,DAL,LAC,0,0,0,0,0,0,0,0,0,0,0,0,6,7,51,0,0,0,47,0.21875,0.150641025641026,0
00-0036389,J.Hurts,Jalen Hurts,QB,2025,16,REG,2025_16_PHI_WAS,PHI,WAS,22,30,185,2,0,0,0,7,40,0,0,0,0,0,0,0,0,0,0,0,0,0
00-0036407,J.Jeudy,Jerry Jeudy,WR,2025,16,REG,2025_16_BUF_CLE,CLE,BUF,0,0,0,0,0,0,0,0,0,0,0,0,3,4,12,0,0,0,39,0.148148148148148,0.565217391304348,0
00-0036410,T.Higgins,Tee Higgins,WR,2025,16,REG,2025_16_CIN_MIA,CIN,MIA,0,0,0,0,0,0,0,0,0,0,0,0,3,3,53,1,0,0,45,0.0967741935483871,0.241935483870968,0
00-0036415,V.Jefferson,Van Jefferson,WR,2025,16,REG,2025_16_KC_TEN,TEN,KC,0,0,0,0,0,0,0,0,0,0,0,0,2,2,24,0,0,0,20,0.0740740740740741,0.122699386503067,0
00-0036422,A.Trautman,Adam Trautman,TE,2025,16,REG,2025_16_JAX_DEN,DEN,JAX,0,0,0,0,0,0,0,0,0,0,0,0,2,3,14,0,0,0,18,0.0652173913043478,0.0400890868596882,0
00-0036425,D.Dallas,DeeJay Dallas,RB,2025,16,REG,2025_16_JAX_DEN,JAX,DEN,0,0,0,0,0,0,0,0,0,0,0,0,0,0,0,0,0,0,0,0,0,0
00-0036427,T.Johnson,Tyler Johnson,WR,2025,16,REG,2025_16_NYJ_NO,NYJ,NO,0,0,0,0,0,0,0,0,0,0,0,0,1,1,7,0,0,0,3,0.0294117647058824,0.0184049079754601,0
00-0036429,C.Woerner,Charlie Woerner,TE,2025,16,REG,2025_16_ATL_ARI,ATL,ARI,0,0,0,0,0,0,0,0,0,0,0,0,1,1,3,0,0,0,-2,0.0294117647058824,-0.0101522842639594,0
00-0036442,J.Burrow,Joe Burrow,QB,2025,16,REG,2025_16_CIN_MIA,CIN,MIA,25,32,309,4,0,0,0,2,6,0,0,0,0,0,0,0,0,0,0,0,0,0
00-0036534,S.Zylstra,Shane Zylstra,TE,2025,16,REG,2025_16_PIT_DET,DET,PIT,0,0,0,0,0,0,0,0,0,0,0,0,3,5,20,0,0,0,37,0.0961538461538462,0.117460317460317,0
00-0036550,R.Bateman,Rashod Bateman,WR,2025,16,REG,2025_16_NE_BAL,BAL,NE,0,0,0,0,0,0,0,0,0,0,0,0,0,2,0,0,0,0,26,0.1,0.152046783625731,0
00-0036554,N.Collins,Nico Collins,WR,2025,16,REG,2025_16_LV_HOU,HOU,LV,0,0,0,0,0,0,0,0,0,0,0,0,4,9,59,0,0,0,153,0.264705882352941,0.501639344262295,0
00-0036555,C.Hubbard,Chuba Hubbard,RB,2025,16,REG,2025_16_TB_CAR,CAR,TB,0,0,0,0,0,0,0,6,27,0,0,0,1,1,7,0,0,0,4,0.032258064516129,0.015625,0
00-0036590,Q.Morris,Quintin Morris,TE,2025,16,REG,2025_16_JAX_DEN,JAX,DEN,0,0,0,0,0,0,0,0,0,0,0,0,1,1,5,0,0,0,4,0.0285714285714286,0.0142348754448399,0
00-0036613,J.Waddle,Jaylen Waddle,WR,2025,16,REG,2025_16_CIN_MIA,MIA,CIN,0,0,0,0,0,0,0,0,0,0,0,0,5,9,72,0,0,0,125,0.310344827586207,0.478927203065134,0
00-0036620,D.Eskridge,Dee Eskridge,WR,2025,16,REG,2025_16_CIN_MIA,MIA,CIN,0,0,0,0,0,0,0,0,0,0,0,0,0,0,0,0,0,0,0,0,0,0
00-0036628,J.Bates,John Bates,TE,2025,16,REG,2025_16_PHI_WAS,WAS,PHI,0,0,0,0,0,0,0,0,0,0,0,0,0,1,0,0,0,0,10,0.05,0.0584795321637427,0
00-0036637,N.Gray,Noah Gray,TE,2025,16,REG,2025_16_KC_TEN,KC,TEN,0,0,0,0,0,0,0,0,0,0,0,0,0,0,0,0,0,0,0,0,0,0
00-0036741,J.Stoll,Jack Stoll,TE,2025,16,REG,2025_16_NYJ_NO,NO,NYJ,0,0,0,0,0,0,0,0,0,0,0,0,1,2,4,0,0,0,5,0.0425531914893617,0.0118483412322275,0
00-0036842,K.Nwangwu,Kene Nwangwu,RB,2025,16,REG,2025_16_NYJ_NO,NYJ,NO,0,0,0,0,0,0,0,0,0,0,0,0,0,0,0,0,0,0,0,0,0,0
00-0036862,B.Skowronek,Ben Skowronek,WR,2025,16,REG,2025_16_PIT_DET,PIT,DET,0,0,0,0,0,0,0,0,0,0,0,0,0,0,0,0,0,0,0,0,0,0
00-0036875,R.Stevenson,Rhamondre Stevenson,RB,2025,16,REG,2025_16_NE_BAL,NE,BAL,0,0,0,0,0,0,0,8,51,1,0,0,2,3,27,0,0,1,22,0.0714285714285714,0.0464135021097046,0
00-0036876,K.Granson,Kylen Granson,TE,2025,16,REG,2025_16_PHI_WAS,PHI,WAS,0,0,0,0,0,0,0,0,0,0,0,0,0,0,0,0,0,0,0,0,0,0
00-0036887,L.Farrell,Luke Farrell,TE,2025,16,REG,2025_16_SF_IND,SF,IND,0,0,0,0,0,0,0,0,0,0,0,0,0,0,0,0,0,0,0,0,0,0
00-0036894,P.Freiermuth,Pat Freiermuth,TE,2025,16,REG,2025_16_PIT_DET,PIT,DET,0,0,0,0,0,0,0,0,0,0,0,0,4,4,20,0,0,0,5,0.105263157894737,0.0149253731343284,0
00-0036900,J.Chase,Ja'Marr Chase,WR,2025,16,REG,2025_16_CIN_MIA,CIN,MIA,0,0,0,0,0,0,0,0,0,0,0,0,9,11,109,0,0,0,85,0.354838709677419,0.456989247311828,0
00-0036912,D.Smith,DeVonta Smith,WR,2025,16,REG,2025_16_PHI_WAS,PHI,WAS,0,0,0,0,0,0,0,0,0,0,0,0,6,8,42,1,0,0,65,0.275862068965517,0.323383084577114,0
00-0036919,K.Gainwell,Kenny Gainwell,RB,2025,16,REG,2025_16_PIT_DET,PIT,DET,0,0,0,0,0,0,0,9,50,0,0,0,5,7,78,1,0,0,46,0.184210526315789,0.137313432835821,0
00-0036924,M.Carter,Michael Carter,RB,2025,16,REG,2025_16_ATL_ARI,ARI,ATL,0,0,0,0,0,0,0,11,65,0,0,0,0,2,0,0,0,0,2,0.0689655172413793,0.0087719298245614,0
00-0036963,A.St. Brown,Amon-Ra St. Brown,WR,2025,16,REG,2025_16_PIT_DET,DET,PIT,0,0,0,0,0,0,0,0,0,0,0,0,4,9,54,0,0,0,30,0.173076923076923,0.0952380952380952,0
00-0036970,K.Pitts,Kyle Pitts,TE,2025,16,REG,2025_16_ATL_ARI,ATL,ARI,0,0,0,0,0,0,0,0,0,0,0,0,7,9,57,1,0,0,75,0.264705882352941,0.380710659898477,0
00-0036971,T.Lawrence,Trevor Lawrence,QB,2025,16,REG,2025_16_JAX_DEN,JAX,DEN,23,36,279,3,0,0,0,6,20,1,0,0,0,0,0,0,0,0,0,0,0,0
00-0036972,M.Jones,Mac Jones,QB,2025,16,REG,2025_16_SF_IND,SF,IND,0,0,0,0,0,0,0,3,-3,0,0,0,0,0,0,0,0,0,0,0,0,0
00-0036973,T.Etienne,Travis Etienne,RB,2025,16,REG,2025_16_JAX_DEN,JAX,DEN,0,0,0,0,0,0,0,16,50,0,0,0,4,5,16,1,0,0,-12,0.142857142857143,-0.0427046263345196,0
00-0036988,J.Palmer,Josh Palmer,WR,2025,16,REG,2025_16_BUF_CLE,BUF,CLE,0,0,0,0,0,0,0,0,0,0,0,0,1,1,2,0,0,0,-4,0.0555555555555556,-0.0330578512396694,0
00-0036997,J.Williams,Javonte Williams,RB,2025,16,REG,2025_16_LAC_DAL,DAL,LAC,0,0,0,0,0,0,0,9,34,0,0,0,2,3,9,0,0,0,-6,0.09375,-0.0192307692307692,0
00-0037005,T.Tremble,Tommy Tremble,TE,2025,16,REG,2025_16_TB_CAR,CAR,TB,0,0,0,0,0,0,0,0,0,0,0,0,1,1,6,0,0,0,0,0.032258064516129,0,0
00-0037085,T.Badie,Tyler Badie,RB,2025,16,REG,2025_16_JAX_DEN,DEN,JAX,0,0,0,0,0,0,0,0,0,0,0,0,1,3,2,0,0,0,-1,0.0652173913043478,-0.0022271714922049,0
00-0037091,B.Melton,Bo Melton,WR,2025,16,REG,2025_16_GB_CHI,GB,CHI,0,0,0,0,0,0,0,0,0,0,0,0,0,0,0,0,0,0,0,0,0,0
00-0037093,D.Young,Dareke Young,WR,2025,16,REG,2025_16_LA_SEA,SEA,LA,0,0,0,0,0,0,0,0,0,0,0,0,0,0,0,0,0,0,0,0,0,0
00-0037112,J.Tonges,Jake Tonges,TE,2025,16,REG,2025_16_SF_IND,SF,IND,0,0,0,0,0,0,0,0,0,0,0,0,1,2,7,0,0,0,16,0.0606060606060606,0.0493827160493827,0
00-0037120,T.Goodson,Tyler Goodson,RB,2025,16,REG,2025_16_SF_IND,IND,SF,0,0,0,0,0,0,0,3,9,0,0,0,0,0,0,0,0,0,0,0,0,0
00-0037132,B.Covey,Britain Covey,WR,2025,16,REG,2025_16_PHI_WAS,PHI,WAS,0,0,0,0,0,0,0,0,0,0,0,0,0,0,0,0,0,0,0,0,0,0
00-0037197,I.Pacheco,Isiah Pacheco,RB,2025,16,REG,2025_16_KC_TEN,KC,TEN,0,0,0,0,0,0,0,8,34,0,0,0,6,7,41,0,0,0,1,0.318181818181818,0.00892857142857143,0
00-0037228,J.Warren,Jaylen Warren,RB,2025,16,REG,2025_16_PIT_DET,PIT,DET,0,0,0,0,0,0,0,14,143,2,0,0,2,2,8,0,0,0,-9,0.0526315789473684,-0.026865671641791,0
00-0037231,K.Austin,Kevin Austin Jr.,WR,2025,16,REG,2025_16_NYJ_NO,NO,NYJ,0,0,0,0,0,0,0,0,0,0,0,0,2,3,18,0,0,0,15,0.0638297872340426,0.0355450236966825,0
00-0037238,D.London,Drake London,WR,2025,16,REG,2025_16_ATL_ARI,ATL,ARI,0,0,0,0,0,0,0,0,0,0,0,0,3,8,27,0,0,0,109,0.235294117647059,0.553299492385787,0
00-0037239,C.Olave,Chris Olave,WR,2025,16,REG,2025_16_NYJ_NO,NO,NYJ,0,0,0,0,0,0,0,0,0,0,0,0,10,16,148,2,0,0,258,0.340425531914894,0.611374407582938,0
00-0037240,J.Williams,Jameson Williams,WR,2025,16,REG,2025_16_PIT_DET,DET,PIT,0,0,0,0,0,0,0,0,0,0,0,0,5,9,70,0,0,0,117,0.173076923076923,0.371428571428571,0
00-0037247,G.Pickens,George Pickens,WR,2025,16,REG,2025_16_LAC_DAL,DAL,LAC,0,0,0,0,0,0,0,0,0,0,0,0,7,9,130,1,0,0,119,0.28125,0.381410256410256,0
00-0037248,J.Cook,James Cook,RB,2025,16,REG,2025_16_BUF_CLE,BUF,CLE,0,0,0,0,0,0,0,16,117,2,0,0,1,2,17,0,0,0,-1,0.111111111111111,-0.00826446280991736,0
00-0037252,G.Dulcich,Greg Dulcich,TE,2025,16,REG,2025_16_CIN_MIA,MIA,CIN,0,0,0,0,0,0,0,0,0,0,0,0,3,3,46,0,1,0,16,0.103448275862069,0.0613026819923372,0
00-0037256,R.White,Rachaad White,RB,2025,16,REG,2025_16_TB_CAR,TB,CAR,0,0,0,0,0,0,0,5,45,0,0,0,2,2,15,0,0,0,-2,0.08,-0.0132450331125828,0
00-0037261,K.Shakir,Khalil Shakir,WR,2025,16,REG,2025_16_BUF_CLE,BUF,CLE,0,0,0,0,0,0,0,0,0,0,0,0,4,5,34,0,0,0,8,0.277777777777778,0.0661157024793388,0
00-0037263,T.Allgeier,Tyler Allgeier,RB,2025,16,REG,2025_16_ATL_ARI,ATL,ARI,0,0,0,0,0,0,0,16,79,0,0,0,1,1,-6,0,0,0,-6,0.0294117647058824,-0.0304568527918782,0
00-0037291,J.Nailor,Jalen Nailor,WR,2025,16,REG,2025_16_MIN_NYG,MIN,NYG,0,0,0,0,0,0,0,0,0,0,0,0,0,2,0,0,0,0,24,0.0869565217391304,0.192,0
00-0037292,A.Ogletree,Andrew Ogletree,TE,2025,16,REG,2025_16_SF_IND,IND,SF,0,0,0,0,0,0,0,0,0,0,0,0,1,2,11,0,0,0,23,0.0555555555555556,0.0682492581602374,0
00-0037306,J.FitzPatrick,John FitzPatrick,TE,2025,16,REG,2025_16_GB_CHI,GB,CHI,0,0,0,0,0,0,0,0,0,0,0,0,0,1,0,0,0,0,0,0.0416666666666667,0,0
00-0037324,C.Oladokun,Chris Oladokun,QB,2025,16,REG,2025_16_KC_TEN,KC,TEN,11,16,111,0,0,0,0,2,7,0,0,0,0,0,0,0,0,0,0,0,0,0
00-0037475,S.Smartt,Stone Smartt,TE,2025,16,REG,2025_16_NYJ_NO,NYJ,NO,0,0,0,0,0,0,0,0,0,0,0,0,5,5,34,0,0,0,15,0.147058823529412,0.0920245398773006,0
00-0037487,D.Thompkins,Deven Thompkins,WR,2025,16,REG,2025_16_ATL_ARI,ATL,ARI,0,0,0,0,0,0,0,0,0,0,0,0,0,0,0,0,0,0,0,0,0,0
00-0037525,J.Mason,Jordan Mason,RB,2025,16,REG,2025_16_MIN_NYG,MIN,NYG,0,0,0,0,0,0,0,2,5,0,0,0,1,1,6,0,0,0,-4,0.0434782608695652,-0.032,0
00-0037545,R.Shaheed,Rashid Shaheed,WR,2025,16,REG,2025_16_LA_SEA,SEA,LA,0,0,0,0,0,0,0,1,31,0,0,0,0,1,0,0,0,0,5,0.032258064516129,0.0247524752475248,1
00-0037557,R.Rivers,Ronnie Rivers,RB,2025,16,REG,2025_16_LA_SEA,LA,SEA,0,0,0,0,0,0,0,0,0,0,0,0,0,0,0,0,0,0,0,0,0,0
00-0037563,M.Davis,Malik Davis,RB,2025,16,REG,2025_16_LAC_DAL,DAL,LAC,0,0,0,0,0,0,0,8,23,0,0,0,0,0,0,0,0,0,0,0,0,0
00-0037594,J.Chestnut,Julius Chestnut,RB,2025,16,REG,2025_16_KC_TEN,TEN,KC,0,0,0,0,0,0,0,1,1,0,0,0,0,0,0,0,0,0,0,0,0,0
00-0037614,J.Metchie,John Metchie III,WR,2025,16,REG,2025_16_NYJ_NO,NYJ,NO,0,0,0,0,0,0,0,0,0,0,0,0,1,5,4,0,0,0,41,0.147058823529412,0.251533742331288,0
00-0037617,H.Haskins,Hassan Haskins,RB,2025,16,REG,2025_16_LAC_DAL,LAC,DAL,0,0,0,0,0,0,0,4,14,0,0,0,0,0,0,0,0,0,0,0,0,0
00-0037664,A.Pierce,Alec Pierce,WR,2025,16,REG,2025_16_SF_IND,IND,SF,0,0,0,0,0,0,0,0,0,0,0,0,4,4,86,2,0,0,70,0.111111111111111,0.207715133531157,0
00-0037741,J.Dotson,Jahan Dotson,WR,2025,16,REG,2025_16_PHI_WAS,PHI,WAS,0,0,0,0,0,0,0,0,0,0,0,0,3,3,13,0,0,0,13,0.103448275862069,0.0646766169154229,0
00-0037742,T.Burks,Treylon Burks,WR,2025,16,REG,2025_16_PHI_WAS,WAS,PHI,0,0,0,0,0,0,0,0,0,0,0,0,2,5,30,0,0,0,53,0.25,0.309941520467836,0
00-0037744,T.McBride,Trey McBride,TE,2025,16,REG,2025_16_ATL_ARI,ARI,ATL,0,0,0,0,0,0,0,0,0,0,0,0,4,8,27,0,0,0,42,0.275862068965517,0.184210526315789,0
00-0037746,B.Robinson,Brian Robinson,RB,2025,16,REG,2025_16_SF_IND,SF,IND,0,0,0,0,0,0,0,5,20,0,0,0,0,1,0,0,0,0,2,0.0303030303030303,0.00617283950617284,0
00-0037755,J.Woods,Jelani Woods,TE,2025,16,REG,2025_16_NYJ_NO,NYJ,NO,0,0,0,0,0,0,0,0,0,0,0,0,0,2,0,0,0,0,3,0.0588235294117647,0.0184049079754601,0
00-0037801,K.Turpin,KaVontae Turpin,WR,2025,16,REG,2025_16_LAC_DAL,DAL,LAC,0,0,0,0,0,0,0,2,13,0,0,0,2,4,14,0,0,0,74,0.125,0.237179487179487,0
00-0037805,J.Ruckert,Jeremy Ruckert,TE,2025,16,REG,2025_16_NYJ_NO,NYJ,NO,0,0,0,0,0,0,0,0,0,0,0,0,2,3,14,0,0,0,13,0.0882352941176471,0.0797546012269939,0
00-0037809,C.Okonkwo,Chig Okonkwo,TE,2025,16,REG,2025_16_KC_TEN,TEN,KC,0,0,0,0,0,0,0,0,0,0,0,0,6,8,44,1,0,0,4,0.296296296296296,0.0245398773006135,0
00-0037816,R.Doubs,Romeo Doubs,WR,2025,16,REG,2025_16_GB_CHI,GB,CHI,0,0,0,0,0,0,0,0,0,0,0,0,5,6,84,1,0,0,71,0.25,0.427710843373494,0
00-0037834,B.Purdy,Brock Purdy,QB,2025,16,REG,2025_16_SF_IND,SF,IND,25,34,295,5,1,0,0,2,11,0,0,0,0,0,0,0,0,0,0,0,0,0
00-0037837,C.Austin,Calvin Austin III,WR,2025,16,REG,2025_16_PIT_DET,PIT,DET,0,0,0,0,0,0,0,0,0,0,0,0,1,1,8,0,0,0,8,0.0263157894736842,0.0238805970149254,0
00-0037838,I.Likely,Isaiah Likely,TE,2025,16,REG,2025_16_NE_BAL,BAL,NE,0,0,0,0,0,0,0,0,0,0,0,0,0,0,0,0,0,0,0,0,0,0
00-0037840,K.Williams,Kyren Williams,RB,2025,16,REG,2025_16_LA_SEA,LA,SEA,0,0,0,0,0,0,0,23,70,0,0,0,3,6,15,0,0,0,9,0.125,0.0188679245283019,0
00-0038041,J.Ferguson,Jake Ferguson,TE,2025,16,REG,2025_16_LAC_DAL,DAL,LAC,0,0,0,0,0,0,0,0,0,0,0,0,3,4,19,0,0,0,26,0.125,0.0833333333333333,0
00-0038046,C.Kolar,Charlie Kolar,TE,2025,16,REG,2025_16_NE_BAL,BAL,NE,0,0,0,0,0,0,0,0,0,0,0,0,1,1,18,0,0,0,8,0.05,0.0467836257309942,0
00-0038090,S.Moore,Skyy Moore,WR,2025,16,REG,2025_16_SF_IND,SF,IND,0,0,0,0,0,0,0,0,0,0,0,0,1,1,23,0,0,0,21,0.0303030303030303,0.0648148148148148,0
00-0038117,W.Robinson,Wan'Dale Robinson,WR,2025,16,REG,2025_16_MIN_NYG,NYG,MIN,0,0,0,0,0,0,0,1,3,0,0,0,3,6,19,0,0,0,67,0.461538461538462,0.797619047619048,0
00-0038120,B.Hall,Breece Hall,RB,2025,16,REG,2025_16_NYJ_NO,NYJ,NO,0,0,0,0,0,0,0,16,54,0,0,0,2,3,9,0,0,0,-14,0.0882352941176471,-0.0858895705521472,0
00-0038124,C.Watson,Christian Watson,WR,2025,16,REG,2025_16_GB_CHI,GB,CHI,0,0,0,0,0,0,0,0,0,0,0,0,2,6,17,0,0,0,50,0.25,0.301204819277108,0
00-0038128,M.Willis,Malik Willis,QB,2025,16,REG,2025_16_GB_CHI,GB,CHI,9,11,121,1,0,0,0,10,44,0,0,0,0,0,0,0,0,0,0,0,0,0
00-0038129,C.Otton,Cade Otton,TE,2025,16,REG,2025_16_TB_CAR,TB,CAR,0,0,0,0,0,0,0,0,0,0,0,0,2,2,15,0,0,0,8,0.08,0.0529801324503311,0
00-0038134,K.Walker,Kenneth Walker III,RB,2025,16,REG,2025_16_LA_SEA,SEA,LA,0,0,0,0,0,0,0,11,100,1,0,0,3,3,64,0,0,0,-11,0.0967741935483871,-0.0544554455445545,0
00-0038359,X.Smith,Xavier Smith,WR,2025,16,REG,2025_16_LA_SEA,LA,SEA,0,0,0,0,0,0,0,0,0,0,0,0,2,2,57,0,0,0,50,0.0416666666666667,0.10482180293501,0
00-0038393,D.Wicks,Dontayvion Wicks,WR,2025,16,REG,2025_16_GB_CHI,GB,CHI,0,0,0,0,0,0,0,0,0,0,0,0,2,2,12,0,0,0,9,0.0833333333333333,0.0542168674698795,0
00-0038397,E.Hull,Evan Hull,RB,2025,16,REG,2025_16_NYJ_NO,NO,NYJ,0,0,0,0,0,0,0,5,3,0,0,0,0,0,0,0,0,0,0,0,0,0
00-0038400,T.McKee,Tanner McKee,QB,2025,16,REG,2025_16_PHI_WAS,PHI,WAS,0,0,0,0,0,0,0,2,-2,0,0,0,0,0,0,0,0,0,0,0,0,0
00-0038440,Z.Scott,Zavier Scott,RB,2025,16,REG,2025_16_MIN_NYG,MIN,NYG,0,0,0,0,0,0,0,2,4,0,0,0,1,1,8,0,0,0,-5,0.0434782608695652,-0.04,0
00-0038454,K.Mitchell,Keaton Mitchell,RB,2025,16,REG,2025_16_NE_BAL,BAL,NE,0,0,0,0,0,0,0,9,13,0,0,0,0,0,0,0,0,0,0,0,0,0
00-0038488,B.Russell,Brady Russell,RB,2025,16,REG,2025_16_LA_SEA,SEA,LA,0,0,0,0,0,0,0,0,0,0,0,0,0,0,0,0,0,0,0,0,0,0
00-0038519,N.Remigio,Nikko Remigio,WR,2025,16,REG,2025_16_KC_TEN,KC,TEN,0,0,0,0,0,0,0,0,0,0,0,0,0,0,0,0,0,0,0,0,0,0
00-0038542,B.Robinson,Bijan Robinson,RB,2025,16,REG,2025_16_ATL_ARI,ATL,ARI,0,0,0,0,0,0,0,16,76,0,0,0,7,11,92,1,0,0,1,0.323529411764706,0.0050761421319797,0
00-0038543,J.Smith-Njigba,Jaxon Smith-Njigba,WR,2025,16,REG,2025_16_LA_SEA,SEA,LA,0,0,0,0,0,0,0,0,0,0,0,0,8,13,96,1,0,0,112,0.419354838709677,0.554455445544555,0
00-0038544,Q.Johnston,Quentin Johnston,WR,2025,16,REG,2025_16_LAC_DAL,LAC,DAL,0,0,0,0,0,0,0,0,0,0,0,0,4,5,104,1,0,0,120,0.178571428571429,0.446096654275093,0
00-0038555,T.Bigsby,Tank Bigsby,RB,2025,16,REG,2025_16_PHI_WAS,PHI,WAS,0,0,0,0,0,0,0,4,37,1,0,0,0,0,0,0,0,0,0,0,0,0
00-0038558,D.Washington,Darnell Washington,TE,2025,16,REG,2025_16_PIT_DET,PIT,DET,0,0,0,0,0,0,0,0,0,0,0,0,3,4,36,0,1,0,17,0.105263157894737,0.0507462686567164,0
00-0038559,M.Wilson,Michael Wilson,WR,2025,16,REG,2025_16_ATL_ARI,ARI,ATL,0,0,0,0,0,0,0,0,0,0,0,0,2,3,52,1,0,0,53,0.103448275862069,0.232456140350877,0
00-0038563,T.Tucker,Tre Tucker,WR,2025,16,REG,2025_16_LV_HOU,LV,HOU,0,0,0,0,0,0,0,2,11,0,0,0,4,5,43,0,0,0,43,0.227272727272727,0.226315789473684,0
00-0038597,C.Brown,Chase Brown,RB,2025,16,REG,2025_16_CIN_MIA,CIN,MIA,0,0,0,0,0,0,0,12,66,1,0,0,4,4,43,2,0,0,9,0.129032258064516,0.0483870967741936,0
00-0038606,P.Washington,Parker Washington,WR,2025,16,REG,2025_16_JAX_DEN,JAX,DEN,0,0,0,0,0,0,0,0,0,0,0,0,6,10,145,1,0,0,134,0.285714285714286,0.476868327402135,0
00-0038608,K.Boutte,Kayshon Boutte,WR,2025,16,REG,2025_16_NE_BAL,NE,BAL,0,0,0,0,0,0,0,0,0,0,0,0,1,3,16,0,0,0,81,0.0714285714285714,0.170886075949367,0
00-0038611,C.Rodriguez,Chris Rodriguez Jr.,RB,2025,16,REG,2025_16_PHI_WAS,WAS,PHI,0,0,0,0,0,0,0,15,63,1,0,0,1,1,6,0,0,0,0,0.05,0,0
00-0038618,X.Hutchinson,Xavier Hutchinson,WR,2025,16,REG,2025_16_LV_HOU,HOU,LV,0,0,0,0,0,0,0,0,0,0,0,0,1,2,4,0,0,0,18,0.0588235294117647,0.059016393442623,0
00-0038619,A.Iosivas,Andrei Iosivas,WR,2025,16,REG,2025_16_CIN_MIA,CIN,MIA,0,0,0,0,0,0,0,0,0,0,0,0,1,1,21,0,0,0,13,0.032258064516129,0.0698924731182796,0
00-0038621,D.Douglas,DeMario Douglas,WR,2025,16,REG,2025_16_NE_BAL,NE,BAL,0,0,0,0,0,0,0,0,0,0,0,0,1,2,6,0,0,0,6,0.0476190476190476,0.0126582278481013,0
00-0038640,J.Brooks,Jalen Brooks,WR,2025,16,REG,2025_16_ATL_ARI,ARI,ATL,0,0,0,0,0,0,0,0,0,0,0,0,0,0,0,0,0,0,0,0,0,0
00-0038679,T.Shavers,Tyrell Shavers,WR,2025,16,REG,2025_16_BUF_CLE,BUF,CLE,0,0,0,0,0,0,0,0,0,0,0,0,1,2,21,0,0,0,33,0.111111111111111,0.272727272727273,0
00-0038685,C.Brooks,Chris Brooks,RB,2025,16,REG,2025_16_GB_CHI,GB,CHI,0,0,0,0,0,0,0,1,4,0,0,0,0,0,0,0,0,0,0,0,0,0
00-0038705,E.Demercado,Emari Demercado,RB,2025,16,REG,2025_16_ATL_ARI,ARI,ATL,0,0,0,0,0,0,0,5,30,0,0,0,0,1,0,0,0,0,-5,0.0344827586206897,-0.0219298245614035,0
00-0038738,H.Luepke,Hunter Luepke,RB,2025,16,REG,2025_16_LAC_DAL,DAL,LAC,0,0,0,0,0,0,0,1,0,0,0,0,1,2,14,0,0,0,3,0.0625,0.00961538461538462,0
00-0038783,N.Adkins,Nate Adkins,TE,2025,16,REG,2025_16_JAX_DEN,DEN,JAX,0,0,0,0,0,0,0,0,0,0,0,0,0,1,0,0,0,0,6,0.0217391304347826,0.0133630289532294,0
00-0038794,J.McLaughlin,Jaleel McLaughlin,RB,2025,16,REG,2025_16_JAX_DEN,DEN,JAX,0,0,0,0,0,0,0,5,37,0,0,0,0,0,0,0,0,0,0,0,0,0
00-0038797,E.Wilson,Emanuel Wilson,RB,2025,16,REG,2025_16_GB_CHI,GB,CHI,0,0,0,0,0,0,0,14,82,0,0,0,0,0,0,0,0,0,0,0,0,0
00-0038839,M.Tinsley,Mitchell Tinsley,WR,2025,16,REG,2025_16_CIN_MIA,CIN,MIA,0,0,0,0,0,0,0,0,0,0,0,0,0,1,0,0,0,0,24,0.032258064516129,0.129032258064516,0
00-0038840,B.Tremayne,Brycen Tremayne,WR,2025,16,REG,2025_16_TB_CAR,CAR,TB,0,0,0,0,0,0,0,0,0,0,0,0,0,0,0,0,0,0,0,0,0,0
00-0038896,J.Saylors,Jacob Saylors,RB,2025,16,REG,2025_16_PIT_DET,DET,PIT,0,0,0,0,0,0,0,0,0,0,0,0,0,0,0,0,0,0,0,0,0,0
00-0038933,D.Kincaid,Dalton Kincaid,TE,2025,16,REG,2025_16_BUF_CLE,BUF,CLE,0,0,0,0,0,0,0,0,0,0,0,0,0,1,0,0,0,0,19,0.0555555555555556,0.15702479338843,0
00-0038935,B.Strange,Brenton Strange,TE,2025,16,REG,2025_16_JAX_DEN,JAX,DEN,0,0,0,0,0,0,0,0,0,0,0,0,5,7,39,1,0,0,45,0.2,0.160142348754448,0
00-0038951,S.Tucker,Sean Tucker,RB,2025,16,REG,2025_16_TB_CAR,TB,CAR,0,0,0,0,0,0,0,4,3,1,0,0,0,0,0,0,0,0,0,0,0,0
00-0038976,M.Mims,Marvin Mims Jr.,WR,2025,16,REG,2025_16_JAX_DEN,DEN,JAX,0,0,0,0,0,0,0,1,3,0,0,0,3,3,26,0,0,0,5,0.0652173913043478,0.0111358574610245,0
00-0038979,C.Tillman,Cedric Tillman,WR,2025,16,REG,2025_16_BUF_CLE,CLE,BUF,0,0,0,0,0,0,0,0,0,0,0,0,1,1,8,0,0,0,4,0.037037037037037,0.0579710144927536,0
00-0038994,J.Addison,Jordan Addison,WR,2025,16,REG,2025_16_MIN_NYG,MIN,NYG,0,0,0,0,0,0,0,0,0,0,0,0,2,3,26,0,0,0,50,0.130434782608696,0.4,0
00-0038997,J.Downs,Josh Downs,WR,2025,16,REG,2025_16_SF_IND,IND,SF,0,0,0,0,0,0,0,1,3,0,0,0,5,9,65,0,0,0,111,0.25,0.329376854599407,0
00-0039032,T.Spears,Tyjae Spears,RB,2025,16,REG,2025_16_KC_TEN,TEN,KC,0,0,0,0,0,0,0,13,52,1,0,0,5,5,53,0,0,0,-19,0.185185185185185,-0.116564417177914,0
00-0039040,D.Achane,De'Von Achane,RB,2025,16,REG,2025_16_CIN_MIA,MIA,CIN,0,0,0,0,0,0,0,15,81,1,0,0,3,3,9,0,0,0,-5,0.103448275862069,-0.0191570881226054,0
00-0039041,E.Higgins,Elijah Higgins,TE,2025,16,REG,2025_16_ATL_ARI,ARI,ATL,0,0,0,0,0,0,0,0,0,0,0,0,7,8,91,0,0,0,27,0.275862068965517,0.118421052631579,0
00-0039062,J.Mingo,Jonathan Mingo,WR,2025,16,REG,2025_16_LAC_DAL,DAL,LAC,0,0,0,0,0,0,0,0,0,0,0,0,0,1,0,0,0,0,35,0.03125,0.112179487179487,0
00-0039064,Z.Flowers,Zay Flowers,WR,2025,16,REG,2025_16_NE_BAL,BAL,NE,0,0,0,0,0,0,0,1,18,1,0,0,7,7,84,0,1,0,72,0.35,0.421052631578947,0
00-0039066,M.Mayer,Michael Mayer,TE,2025,16,REG,2025_16_LV_HOU,LV,HOU,0,0,0,0,0,0,0,0,0,0,0,0,1,3,10,0,0,0,38,0.136363636363636,0.2,0
00-0039074,D.Allen,Davis Allen,TE,2025,16,REG,2025_16_LA_SEA,LA,SEA,0,0,0,0,0,0,0,0,0,0,0,0,2,5,34,0,0,0,14,0.104166666666667,0.0293501048218029,0
00-0039075,P.Nacua,Puka Nacua,WR,2025,16,REG,2025_16_LA_SEA,LA,SEA,0,0,0,0,0,0,0,0,0,0,0,0,12,16,225,2,0,0,171,0.333333333333333,0.358490566037736,0
00-0039139,J.Gibbs,Jahmyr Gibbs,RB,2025,16,REG,2025_16_PIT_DET,DET,PIT,0,0,0,0,0,0,0,7,2,0,0,0,10,13,66,1,0,0,23,0.25,0.073015873015873,0
00-0039144,L.Musgrave,Luke Musgrave,TE,2025,16,REG,2025_16_GB_CHI,GB,CHI,0,0,0,0,0,0,0,0,0,0,0,0,3,3,38,0,0,0,29,0.125,0.174698795180723,0
00-0039146,J.Reed,Jayden Reed,WR,2025,16,REG,2025_16_GB_CHI,GB,CHI,0,0,0,0,0,0,0,1,6,0,0,0,3,3,35,0,0,0,13,0.125,0.0783132530120482,0
00-0039150,B.Young,Bryce Young,QB,2025,16,REG,2025_16_TB_CAR,CAR,TB,21,32,191,2,0,0,0,4,20,0,0,0,0,0,0,0,0,0,0,0,0,0
00-0039163,C.Stroud,C.J. Stroud,QB,2025,16,REG,2025_16_LV_HOU,HOU,LV,23,35,187,1,0,0,0,4,0,0,0,0,0,0,0,0,0,0,0,0,0,0
00-0039165,Z.Charbonnet,Zach Charbonnet,RB,2025,16,REG,2025_16_LA_SEA,SEA,LA,0,0,0,0,0,0,0,9,32,1,0,1,4,4,22,0,0,0,5,0.129032258064516,0.0247524752475248,0
00-0039338,B.Bowers,Brock Bowers,TE,2025,16,REG,2025_16_LV_HOU,LV,HOU,0,0,0,0,0,0,0,0,0,0,0,0,5,5,33,1,0,0,18,0.227272727272727,0.0947368421052632,0
00-0039342,X.Legette,Xavier Legette,WR,2025,16,REG,2025_16_TB_CAR,CAR,TB,0,0,0,0,0,0,0,0,0,0,0,0,1,3,12,0,0,0,30,0.0967741935483871,0.1171875,0
00-0039356,J.Sanders,Ja'Tavion Sanders,TE,2025,16,REG,2025_16_TB_CAR,CAR,TB,0,0,0,0,0,0,0,0,0,0,0,0,2,2,9,1,0,0,6,0.0645161290322581,0.0234375,0
00-0039359,C.Stover,Cade Stover,TE,2025,16,REG,2025_16_LV_HOU,HOU,LV,0,0,0,0,0,0,0,0,0,0,0,0,2,3,7,0,0,0,5,0.0882352941176471,0.0163934426229508,0
00-0039361,B.Irving,Bucky Irving,RB,2025,16,REG,2025_16_TB_CAR,TB,CAR,0,0,0,0,0,0,0,19,71,0,0,0,0,0,0,0,0,0,0,0,0,0
00-0039373,A.Estime,Audric Estimé,RB,2025,16,REG,2025_16_NYJ_NO,NO,NYJ,0,0,0,0,0,0,0,5,19,0,0,0,3,4,17,0,0,0,-2,0.0851063829787234,-0.004739336492891,0
00-0039384,T.Tracy,Tyrone Tracy Jr.,RB,2025,16,REG,2025_16_MIN_NYG,NYG,MIN,0,0,0,0,0,0,0,16,71,0,0,0,2,2,7,0,0,0,-4,0.153846153846154,-0.0476190476190476,0
00-0039391,K.Vidal,Kimani Vidal,RB,2025,16,REG,2025_16_LAC_DAL,LAC,DAL,0,0,0,0,0,0,0,5,11,0,0,0,0,0,0,0,0,0,0,0,0,0
00-0039398,J.Milton,Joe Milton III,QB,2025,16,REG,2025_16_LAC_DAL,DAL,LAC,2,2,11,0,0,0,0,1,7,0,1,0,0,0,0,0,0,0,0,0,0,0
00-0039405,J.Jordan,Jawhar Jordan,RB,2025,16,REG,2025_16_LV_HOU,HOU,LV,0,0,0,0,0,0,0,15,53,0,0,0,5,5,17,0,0,0,3,0.147058823529412,0.00983606557377049,0
00-0039407,D.Laube,Dylan Laube,RB,2025,16,REG,2025_16_LV_HOU,LV,HOU,0,0,0,0,0,0,0,0,0,0,0,0,0,0,0,0,0,0,0,0,0,0
00-0039410,R.Flournoy,Ryan Flournoy,WR,2025,16,REG,2025_16_LAC_DAL,DAL,LAC,0,0,0,0,0,0,0,0,0,0,0,0,2,2,18,1,0,0,14,0.0625,0.0448717948717949,0
00-0039451,I.Williams,Isaiah Williams,WR,2025,16,REG,2025_16_NYJ_NO,NYJ,NO,0,0,0,0,0,0,0,0,0,0,0,0,4,4,25,0,0,0,-8,0.117647058823529,-0.049079754601227,0
00-0039458,B.Bates,Brenden Bates,TE,2025,16,REG,2025_16_BUF_CLE,CLE,BUF,0,0,0,0,0,0,0,0,0,0,0,0,0,1,0,0,0,0,1,0.037037037037037,0.0144927536231884,0
00-0039491,J.Coker,Jalen Coker,WR,2025,16,REG,2025_16_TB_CAR,CAR,TB,0,0,0,0,0,0,0,0,0,0,0,0,3,5,47,0,0,0,70,0.161290322580645,0.2734375,0
00-0039521,X.Weaver,Xavier Weaver,WR,2025,16,REG,2025_16_ATL_ARI,ARI,ATL,0,0,0,0,0,0,0,0,0,0,0,0,2,2,19,0,0,0,13,0.0689655172413793,0.0570175438596491,0
00-0039530,B.Spann-Ford,Brevyn Spann-Ford,TE,2025,16,REG,2025_16_LAC_DAL,DAL,LAC,0,0,0,0,0,0,0,0,0,0,0,0,0,0,0,0,0,0,0,0,0,0
00-0039589,K.Johnson,Kameron Johnson,WR,2025,16,REG,2025_16_TB_CAR,TB,CAR,0,0,0,0,0,0,0,0,0,0,0,0,0,0,0,0,0,0,0,0,0,0
00-0039603,B.Brooks,British Brooks,RB,2025,16,REG,2025_16_LV_HOU,HOU,LV,0,0,0,0,0,0,0,0,0,0,0,0,0,0,0,0,0,0,0,0,0,0
00-0039623,M.Tipton,Mason Tipton,WR,2025,16,REG,2025_16_NYJ_NO,NO,NYJ,0,0,0,0,0,0,0,1,12,0,0,0,4,5,29,0,0,0,30,0.106382978723404,0.0710900473933649,0
00-0039631,C.Grandy,Cam Grandy,TE,2025,16,REG,2025_16_CIN_MIA,CIN,MIA,0,0,0,0,0,0,0,0,0,0,0,0,1,1,1,0,0,0,-4,0.032258064516129,-0.021505376344086,0
00-0039648,D.Martin-Robinson,David Martin-Robinson,TE,2025,16,REG,2025_16_KC_TEN,TEN,KC,0,0,0,0,0,0,0,0,0,0,0,0,0,0,0,0,0,0,0,0,0,0
00-0039732,B.Nix,Bo Nix,QB,2025,16,REG,2025_16_JAX_DEN,DEN,JAX,28,47,352,1,1,0,0,4,11,0,1,0,0,0,0,0,0,0,0,0,0,0
00-0039738,B.Corum,Blake Corum,RB,2025,16,REG,2025_16_LA_SEA,LA,SEA,0,0,0,0,0,0,0,14,48,1,0,0,1,2,13,0,0,0,11,0.0416666666666667,0.0230607966457023,0
00-0039746,W.Shipley,Will Shipley,RB,2025,16,REG,2025_16_PHI_WAS,PHI,WAS,0,0,0,0,0,0,0,0,0,0,0,0,1,1,3,0,0,0,-5,0.0344827586206897,-0.0248756218905473,0
00-0039751,J.Whittington,Jordan Whittington,WR,2025,16,REG,2025_16_LA_SEA,LA,SEA,0,0,0,0,0,0,0,0,0,0,0,0,1,1,19,0,0,0,11,0.0208333333333333,0.0230607966457023,0
00-0039792,D.Walker,Devontez Walker,WR,2025,16,REG,2025_16_NE_BAL,BAL,NE,0,0,0,0,0,0,0,0,0,0,0,0,0,0,0,0,0,0,0,0,0,0
00-0039793,A.Barner,AJ Barner,TE,2025,16,REG,2025_16_LA_SEA,SEA,LA,0,0,0,0,0,0,0,1,1,0,0,0,4,6,49,1,0,0,31,0.193548387096774,0.153465346534653,0
00-0039796,R.Ali,Rasheen Ali,RB,2025,16,REG,2025_16_NE_BAL,BAL,NE,0,0,0,0,0,0,0,0,0,0,0,0,2,2,2,0,0,0,-13,0.1,-0.0760233918128655,0
00-0039798,I.Davis,Isaiah Davis,RB,2025,16,REG,2025_16_NYJ_NO,NYJ,NO,0,0,0,0,0,0,0,3,8,0,0,0,4,4,52,0,0,0,-11,0.117647058823529,-0.0674846625766871,0
00-0039847,T.Johnson,Theo Johnson,TE,2025,16,REG,2025_16_MIN_NYG,NYG,MIN,0,0,0,0,0,0,0,0,0,0,0,0,0,2,0,0,0,0,7,0.153846153846154,0.0833333333333333,0
00-0039849,M.Harrison,Marvin Harrison Jr.,WR,2025,16,REG,2025_16_ATL_ARI,ARI,ATL,0,0,0,0,0,0,0,0,0,0,0,0,1,3,14,0,0,0,79,0.103448275862069,0.346491228070175,0
00-0039851,D.Maye,Drake Maye,QB,2025,16,REG,2025_16_NE_BAL,NE,BAL,31,44,380,2,1,1,1,10,25,0,0,0,0,0,0,0,0,0,0,0,0,0
00-0039855,J.McMillan,Jalen McMillan,WR,2025,16,REG,2025_16_TB_CAR,TB,CAR,0,0,0,0,0,0,0,1,1,0,0,0,2,3,15,0,0,0,11,0.12,0.0728476821192053,0
00-0039868,T.Franklin,Troy Franklin,WR,2025,16,REG,2025_16_JAX_DEN,DEN,JAX,0,0,0,0,0,0,0,0,0,0,0,0,4,5,66,0,0,0,66,0.108695652173913,0.146993318485523,0
00-0039874,J.Wright,Jaylen Wright,RB,2025,16,REG,2025_16_CIN_MIA,MIA,CIN,0,0,0,0,0,0,0,9,35,1,0,0,1,2,18,0,0,0,-7,0.0689655172413793,-0.0268199233716475,0
00-0039875,R.Davis,Ray Davis,RB,2025,16,REG,2025_16_BUF_CLE,BUF,CLE,0,0,0,0,0,0,0,3,14,0,0,0,2,2,20,0,0,0,4,0.111111111111111,0.0330578512396694,0
00-0039880,M.Washington,Malik Washington,WR,2025,16,REG,2025_16_CIN_MIA,MIA,CIN,0,0,0,0,0,0,0,1,9,1,0,0,1,1,23,0,0,0,5,0.0344827586206897,0.0191570881226054,0
00-0039890,A.Mitchell,Adonai Mitchell,WR,2025,16,REG,2025_16_NYJ_NO,NYJ,NO,0,0,0,0,0,0,0,0,0,0,0,0,3,6,43,0,0,0,72,0.176470588235294,0.441717791411043,0
00-0039893,B.Thomas,Brian Thomas Jr.,WR,2025,16,REG,2025_16_JAX_DEN,JAX,DEN,0,0,0,0,0,0,0,0,0,0,0,0,2,3,18,0,0,0,23,0.0857142857142857,0.0818505338078292,0
00-0039894,X.Worthy,Xavier Worthy,WR,2025,16,REG,2025_16_KC_TEN,KC,TEN,0,0,0,0,0,0,0,1,0,0,0,0,2,3,41,0,0,0,48,0.136363636363636,0.428571428571429,0
00-0039912,B.Sinnott,Ben Sinnott,TE,2025,16,REG,2025_16_PHI_WAS,WAS,PHI,0,0,0,0,0,0,0,0,0,0,0,0,1,2,5,0,0,0,26,0.1,0.152046783625731,0
00-0039915,L.McConkey,Ladd McConkey,WR,2025,16,REG,2025_16_LAC_DAL,LAC,DAL,0,0,0,0,0,0,0,0,0,0,0,0,4,6,43,1,0,0,62,0.214285714285714,0.230483271375465,0
00-0039918,C.Williams,Caleb Williams,QB,2025,16,REG,2025_16_GB_CHI,CHI,GB,19,34,250,2,0,0,0,3,30,0,0,0,0,0,0,0,0,0,0,0,0,0
00-0039920,M.Corley,Malachi Corley,WR,2025,16,REG,2025_16_BUF_CLE,CLE,BUF,0,0,0,0,0,0,0,3,30,0,0,0,2,4,11,0,0,0,-5,0.148148148148148,-0.072463768115942,0
00-0039923,J.McCarthy,J.J. McCarthy,QB,2025,16,REG,2025_16_MIN_NYG,MIN,NYG,9,14,108,0,1,1,0,2,20,1,0,0,0,0,0,0,0,0,0,0,0,0
00-0040009,S.Williams,Savion Williams,WR,2025,16,REG,2025_16_GB_CHI,GB,CHI,0,0,0,0,0,0,0,2,9,0,0,0,0,0,0,0,0,0,0,0,0,0
00-0040075,L.Wester,LaJohntay Wester,WR,2025,16,REG,2025_16_NE_BAL,BAL,NE,0,0,0,0,0,0,0,0,0,0,0,0,0,0,0,0,0,0,0,0,0,0
00-0040078,B.Smith,Brashard Smith,RB,2025,16,REG,2025_16_KC_TEN,KC,TEN,0,0,0,0,0,0,0,0,0,0,0,0,1,1,4,0,0,0,-2,0.0454545454545455,-0.0178571428571429,0
00-0040122,A.Jeanty,Ashton Jeanty,RB,2025,16,REG,2025_16_LV_HOU,LV,HOU,0,0,0,0,0,0,0,24,128,1,0,0,1,2,60,1,0,0,27,0.0909090909090909,0.142105263157895,0
00-0040124,T.McMillan,Tetairoa McMillan,WR,2025,16,REG,2025_16_TB_CAR,CAR,TB,0,0,0,0,0,0,0,0,0,0,0,0,6,10,73,1,0,0,117,0.32258064516129,0.45703125,0
00-0040126,C.Loveland,Colston Loveland,TE,2025,16,REG,2025_16_GB_CHI,CHI,GB,0,0,0,0,0,0,0,0,0,0,0,0,3,5,30,0,0,0,40,0.172413793103448,0.120845921450151,0
00-0040128,T.Warren,Tyler Warren,TE,2025,16,REG,2025_16_SF_IND,IND,SF,0,0,0,0,0,0,0,0,0,0,0,0,3,9,30,0,0,0,69,0.25,0.204747774480712,0
00-0040129,E.Egbuka,Emeka Egbuka,WR,2025,16,REG,2025_16_TB_CAR,TB,CAR,0,0,0,0,0,0,0,0,0,0,0,0,1,2,40,0,0,0,40,0.08,0.264900662251656,0
00-0040130,J.Higgins,Jayden Higgins,WR,2025,16,REG,2025_16_LV_HOU,HOU,LV,0,0,0,0,0,0,0,0,0,0,0,0,1,3,17,0,0,0,45,0.0882352941176471,0.147540983606557,0
00-0040131,K.Williams,Kyle Williams,WR,2025,16,REG,2025_16_NE_BAL,NE,BAL,0,0,0,0,0,0,0,0,0,0,0,0,2,3,46,1,0,0,47,0.0714285714285714,0.0991561181434599,0
00-0040134,P.Bryant,Pat Bryant,WR,2025,16,REG,2025_16_JAX_DEN,DEN,JAX,0,0,0,0,0,0,0,0,0,0,0,0,5,8,42,0,0,0,67,0.173913043478261,0.149220489977728,0
00-0040138,J.Noel,Jaylin Noel,WR,2025,16,REG,2025_16_LV_HOU,HOU,LV,0,0,0,0,0,0,0,0,0,0,0,0,0,0,0,0,0,0,0,0,0,0
00-0040154,T.Felton,Tai Felton,WR,2025,16,REG,2025_16_MIN_NYG,MIN,NYG,0,0,0,0,0,0,0,0,0,0,0,0,1,1,6,0,0,0,6,0.0434782608695652,0.048,0
00-0040164,J.Lane,Jaylin Lane,WR,2025,16,REG,2025_16_PHI_WAS,WAS,PHI,0,0,0,0,0,0,0,0,0,0,0,0,0,0,0,0,0,0,0,0,0,0
00-0040170,E.Ayomanor,Elic Ayomanor,WR,2025,16,REG,2025_16_KC_TEN,TEN,KC,0,0,0,0,0,0,0,0,0,0,0,0,3,4,58,0,0,0,80,0.148148148148148,0.49079754601227,0
00-0040184,K.Lambert-Smith,KeAndre Lambert-Smith,WR,2025,16,REG,2025_16_LAC_DAL,LAC,DAL,0,0,0,0,0,0,0,0,0,0,0,0,1,1,10,0,0,0,4,0.0357142857142857,0.0148698884758364,0
00-0040187,M.Evans,Mitchell Evans,TE,2025,16,REG,2025_16_TB_CAR,CAR,TB,0,0,0,0,0,0,0,0,0,0,0,0,3,3,23,0,0,0,14,0.0967741935483871,0.0546875,0
00-0040189,O.Gadsden,Oronde Gadsden II,TE,2025,16,REG,2025_16_LAC_DAL,LAC,DAL,0,0,0,0,0,0,0,0,0,0,0,0,1,1,7,0,0,0,4,0.0357142857142857,0.0148698884758364,0
00-0040194,J.Hawes,Jackson Hawes,TE,2025,16,REG,2025_16_BUF_CLE,BUF,CLE,0,0,0,0,0,0,0,0,0,0,0,0,2,2,26,0,0,0,8,0.111111111111111,0.0661157024793388,0
00-0040198,O.Gordon,Ollie Gordon II,RB,2025,16,REG,2025_16_CIN_MIA,MIA,CIN,0,0,0,0,0,0,0,1,-1,0,0,0,0,0,0,0,0,0,0,0,0,0
00-0040205,K.Mullings,Kalel Mullings,RB,2025,16,REG,2025_16_KC_TEN,TEN,KC,0,0,0,0,0,0,0,1,0,0,0,0,0,0,0,0,0,0,0,0,0,0
00-0040206,R.Leonard,Riley Leonard,QB,2025,16,REG,2025_16_SF_IND,IND,SF,0,1,0,0,0,0,0,0,0,0,0,0,0,0,0,0,0,0,0,0,0,0
00-0040208,T.Brooks,Tahj Brooks,RB,2025,16,REG,2025_16_CIN_MIA,CIN,MIA,0,0,0,0,0,0,0,4,7,0,0,0,0,0,0,0,0,0,0,0,0,0
00-0040218,Ji.Horn,Jimmy Horn Jr.,WR,2025,16,REG,2025_16_TB_CAR,CAR,TB,0,0,0,0,0,0,0,1,25,0,0,0,0,0,0,0,0,0,0,0,0,0
00-0040234,Q.Ewers,Quinn Ewers,QB,2025,16,REG,2025_16_CIN_MIA,MIA,CIN,20,30,260,0,2,0,0,2,5,0,0,0,0,0,0,0,0,0,0,0,0,0
00-0040236,K.Monangai,Kyle Monangai,RB,2025,16,REG,2025_16_GB_CHI,CHI,GB,0,0,0,0,0,0,0,9,50,0,0,0,3,4,43,0,0,0,11,0.137931034482759,0.0332326283987915,0
00-0040237,T.Johnson,Tez Johnson,WR,2025,16,REG,2025_16_TB_CAR,TB,CAR,0,0,0,0,0,0,0,0,0,0,0,0,1,1,-1,0,0,0,-3,0.04,-0.0198675496688742,0
00-0040238,L.Allen,LeQuint Allen Jr.,RB,2025,16,REG,2025_16_JAX_DEN,JAX,DEN,0,0,0,0,0,0,0,4,10,0,0,0,0,0,0,0,0,0,0,0,0,0
00-0040242,J.Croskey-Merritt,Jacory Croskey-Merritt,RB,2025,16,REG,2025_16_PHI_WAS,WAS,PHI,0,0,0,0,0,0,0,8,25,1,0,0,0,0,0,0,0,0,0,0,0,0
00-0040259,G.Larvadain,Gage Larvadain,WR,2025,16,REG,2025_16_BUF_CLE,CLE,BUF,0,0,0,0,0,0,0,0,0,0,0,0,0,0,0,0,0,0,0,0,0,0
00-0040277,J.Walker,Jahdae Walker,WR,2025,16,REG,2025_16_GB_CHI,CHI,GB,0,0,0,0,0,0,0,0,0,0,0,0,2,3,21,1,0,0,44,0.103448275862069,0.132930513595166,0
00-0040311,T.Wease,Theo Wease Jr.,WR,2025,16,REG,2025_16_CIN_MIA,MIA,CIN,0,0,0,0,0,0,0,0,0,0,0,0,2,4,32,0,0,0,57,0.137931034482759,0.218390804597701,0
00-0040352,C.Owen,Coleman Owen,WR,2025,16,REG,2025_16_SF_IND,IND,SF,0,0,0,0,0,0,0,0,0,0,0,0,0,1,0,0,0,0,2,0.0277777777777778,0.00593471810089021,0
00-0040398,B.Cook,Brady Cook,QB,2025,16,REG,2025_16_NYJ_NO,NYJ,NO,22,35,188,0,1,1,0,1,2,0,0,0,0,0,0,0,0,0,0,0,0,0
00-0040466,R.Sanders,Raheim Sanders,RB,2025,16,REG,2025_16_BUF_CLE,CLE,BUF,0,0,0,0,0,0,0,11,42,0,0,0,1,1,4,0,0,0,3,0.037037037037037,0.0434782608695652,0
00-0040488,C.Runyon,Carter Runyon,TE,2025,16,REG,2025_16_LV_HOU,LV,HOU,0,0,0,0,0,0,0,0,0,0,0,0,0,0,0,0,0,0,0,0,0,0
00-0040494,M.Brosmer,Max Brosmer,QB,2025,16,REG,2025_16_MIN_NYG,MIN,NYG,7,9,52,0,0,0,0,3,-3,0,0,0,0,0,0,0,0,0,0,0,0,0
00-0040506,M.Price,Myles Price,WR,2025,16,REG,2025_16_MIN_NYG,MIN,NYG,0,0,0,0,0,0,0,0,0,0,0,0,0,0,0,0,0,0,0,0,0,0
00-0040534,K.Williams,Ke'Shawn Williams,WR,2025,16,REG,2025_16_CIN_MIA,CIN,MIA,0,0,0,0,0,0,0,1,1,0,0,0,0,0,0,0,0,0,0,0,0,0
00-0040556,C.Kiner,Corey Kiner,RB,2025,16,REG,2025_16_ATL_ARI,ARI,ATL,0,0,0,0,0,0,0,6,32,0,0,0,0,0,0,0,0,0,0,0,0,0
00-0040582,A.Smith,Arian Smith,WR,2025,16,REG,2025_16_NYJ_NO,NYJ,NO,0,0,0,0,0,0,0,0,0,0,0,0,0,1,0,0,0,0,40,0.0294117647058824,0.245398773006135,0
00-0040584,G.Helm,Gunnar Helm,TE,2025,16,REG,2025_16_KC_TEN,TEN,KC,0,0,0,0,0,0,0,0,0,0,0,0,2,3,9,0,0,0,16,0.111111111111111,0.098159509202454,0
00-0040590,K.Mumpfield,Konata Mumpfield,WR,2025,16,REG,2025_16_LA_SEA,LA,SEA,0,0,0,0,0,0,0,0,0,0,0,0,3,8,40,0,0,0,117,0.166666666666667,0.245283018867925,0
00-0040644,T.Etienne,Trevor Etienne,RB,2025,16,REG,2025_16_TB_CAR,CAR,TB,0,0,0,0,0,0,0,0,0,0,0,0,0,0,0,0,0,0,0,0,0,0
00-0040663,H.Fannin,Harold Fannin Jr.,TE,2025,16,REG,2025_16_BUF_CLE,CLE,BUF,0,0,0,0,0,0,0,1,1,1,0,0,4,6,34,1,0,0,27,0.222222222222222,0.391304347826087,0
00-0040666,O.Hampton,Omarion Hampton,RB,2025,16,REG,2025_16_LAC_DAL,LAC,DAL,0,0,0,0,0,0,0,16,85,1,0,0,1,2,10,0,0,0,4,0.0714285714285714,0.0148698884758364,0
00-0040667,M.Golden,Matthew Golden,WR,2025,16,REG,2025_16_GB_CHI,GB,CHI,0,0,0,0,0,0,0,2,4,0,0,0,0,1,0,0,0,0,-3,0.0416666666666667,-0.0180722891566265,0
00-0040668,S.Sanders,Shedeur Sanders,QB,2025,16,REG,2025_16_BUF_CLE,CLE,BUF,20,29,157,1,2,0,0,4,49,0,0,0,0,0,0,0,0,0,0,0,0,0
00-0040669,I.TeSlaa,Isaac TeSlaa,WR,2025,16,REG,2025_16_PIT_DET,DET,PIT,0,0,0,0,0,0,0,0,0,0,0,0,4,7,52,1,0,0,52,0.134615384615385,0.165079365079365,0
00-0040676,C.Ward,Cam Ward,QB,2025,16,REG,2025_16_KC_TEN,TEN,KC,21,28,228,2,0,0,0,4,9,0,0,0,0,0,0,0,0,0,0,0,0,0
00-0040691,J.Dart,Jaxson Dart,QB,2025,16,REG,2025_16_MIN_NYG,NYG,MIN,7,13,33,0,1,0,0,2,7,0,0,0,0,0,0,0,0,0,0,0,0,0
00-0040704,D.Gabriel,Dillon Gabriel,QB,2025,16,REG,2025_16_BUF_CLE,CLE,BUF,0,0,0,0,0,0,0,0,0,0,0,0,0,0,0,0,0,0,0,0,0,0
00-0040705,C.Dike,Chimere Dike,WR,2025,16,REG,2025_16_KC_TEN,TEN,KC,0,0,0,0,0,0,0,0,0,0,0,0,3,5,40,1,0,0,64,0.185185185185185,0.392638036809816,0
00-0040727,T.Harris,Tre Harris,WR,2025,16,REG,2025_16_LAC_DAL,LAC,DAL,0,0,0,0,0,0,0,0,0,0,0,0,4,5,54,0,0,0,36,0.178571428571429,0.133828996282528,0
00-0040729,J.Bech,Jack Bech,WR,2025,16,REG,2025_16_LV_HOU,LV,HOU,0,0,0,0,0,0,0,0,0,0,0,0,2,3,43,0,0,0,36,0.136363636363636,0.189473684210526,0
00-0040730,R.Harvey,RJ Harvey,RB,2025,16,REG,2025_16_JAX_DEN,DEN,JAX,0,0,0,0,0,0,0,7,50,1,0,0,4,5,71,0,0,0,14,0.108695652173913,0.0311804008908686,0
00-0040734,T.Henderson,TreVeyon Henderson,RB,2025,16,REG,2025_16_NE_BAL,NE,BAL,0,0,0,0,0,0,0,5,3,0,0,0,1,1,9,0,0,0,2,0.0238095238095238,0.00421940928270042,0
00-0040737,T.Ferguson,Terrance Ferguson,TE,2025,16,REG,2025_16_LA_SEA,LA,SEA,0,0,0,0,0,0,0,0,0,0,0,0,3,4,33,1,0,0,61,0.0833333333333333,0.127882599580713,0
00-0040743,T.Shough,Tyler Shough,QB,2025,16,REG,2025_16_NYJ_NO,NO,NYJ,32,49,308,1,0,0,0,2,8,0,0,0,0,0,0,0,0,0,0,0,0,0
00-0040782,I.Bond,Isaiah Bond,WR,2025,16,REG,2025_16_BUF_CLE,CLE,BUF,0,0,0,0,0,0,0,1,-1,0,0,0,0,0,21,0,0,0,0,0,0,0
00-0040784,Q.Judkins,Quinshon Judkins,RB,2025,16,REG,2025_16_BUF_CLE,CLE,BUF,0,0,0,0,0,0,0,8,22,0,0,0,5,6,29,0,0,0,-1,0.222222222222222,-0.0144927536231884,0
00-0022942,P.Rivers,Philip Rivers,QB,2025,17,REG,2025_17_JAX_IND,IND,JAX,17,30,147,1,1,0,0,1,-1,0,0,0,0,0,0,0,0,0,0,0,0,0
00-0023459,A.Rodgers,Aaron Rodgers,QB,2025,17,REG,2025_17_PIT_CLE,PIT,CLE,21,39,168,0,0,0,0,1,6,0,0,0,0,0,0,0,0,0,0,0,0,0
00-0026158,J.Flacco,Joe Flacco,QB,2025,17,REG,2025_17_ARI_CIN,CIN,ARI,3,5,24,0,0,0,0,4,2,0,0,0,0,0,0,0,0,0,0,0,0,0
00-0026300,J.Johnson,Josh Johnson,QB,2025,17,REG,2025_17_DAL_WAS,WAS,DAL,15,23,198,0,0,0,0,2,10,0,0,0,0,0,0,0,0,0,0,0,0,0
00-0026498,M.Stafford,Matthew Stafford,QB,2025,17,REG,2025_17_LA_ATL,LA,ATL,22,38,269,2,3,0,0,0,0,0,0,0,0,0,0,0,0,0,0,0,0,0
00-0029604,K.Cousins,Kirk Cousins,QB,2025,17,REG,2025_17_LA_ATL,ATL,LA,13,20,126,1,0,0,0,1,1,0,0,0,0,0,0,0,0,0,0,0,0,0
00-0030035,A.Thielen,Adam Thielen,WR,2025,17,REG,2025_17_PIT_CLE,PIT,CLE,0,0,0,0,0,0,0,0,0,0,0,0,2,5,14,0,0,0,50,0.135135135135135,0.219298245614035,0
00-0030279,K.Allen,Keenan Allen,WR,2025,17,REG,2025_17_HOU_LAC,LAC,HOU,0,0,0,0,0,0,0,0,0,0,0,0,1,3,17,0,0,0,28,0.0967741935483871,0.1,0
00-0030506,T.Kelce,Travis Kelce,TE,2025,17,REG,2025_17_DEN_KC,KC,DEN,0,0,0,0,0,0,0,0,0,0,0,0,5,6,36,0,0,0,41,0.3,0.366071428571429,0
00-0030564,D.Hopkins,DeAndre Hopkins,WR,2025,17,REG,2025_17_BAL_GB,BAL,GB,0,0,0,0,0,0,0,0,0,0,0,0,0,1,0,0,0,0,16,0.05,0.2,0
00-0030565,G.Smith,Geno Smith,QB,2025,17,REG,2025_17_NYG_LV,LV,NYG,20,28,176,1,2,0,0,1,1,0,0,0,0,0,0,0,0,0,0,0,0,0
00-0031236,B.Cooks,Brandin Cooks,WR,2025,17,REG,2025_17_PHI_BUF,BUF,PHI,0,0,0,0,0,0,0,0,0,0,0,0,4,6,101,0,0,0,136,0.181818181818182,0.541832669322709,0
00-0031408,M.Evans,Mike Evans,WR,2025,17,REG,2025_17_TB_MIA,TB,MIA,0,0,0,0,0,0,0,0,0,0,0,0,3,7,31,1,0,0,124,0.159090909090909,0.344444444444444,0
00-0031588,S.Diggs,Stefon Diggs,WR,2025,17,REG,2025_17_NE_NYJ,NE,NYJ,0,0,0,0,0,0,0,0,0,0,0,0,6,6,101,1,0,0,61,0.24,0.277272727272727,0
00-0031610,D.Waller,Darren Waller,TE,2025,17,REG,2025_17_TB_MIA,MIA,TB,0,0,0,0,0,0,0,0,0,0,0,0,1,3,0,0,0,0,41,0.136363636363636,0.209183673469388,0
00-0032104,A.Abdullah,Ameer Abdullah,RB,2025,17,REG,2025_17_JAX_IND,IND,JAX,0,0,0,0,0,0,0,0,0,0,0,0,1,1,4,0,0,0,1,0.0344827586206897,0.00347222222222222,0
00-0032211,T.Lockett,Tyler Lockett,WR,2025,17,REG,2025_17_NYG_LV,LV,NYG,0,0,0,0,0,0,0,0,0,0,0,0,2,3,9,1,0,0,18,0.107142857142857,0.107784431137725,0
00-0032392,A.Hooper,Austin Hooper,TE,2025,17,REG,2025_17_NE_NYJ,NE,NYJ,0,0,0,0,0,0,0,0,0,0,0,0,2,2,11,1,0,0,8,0.08,0.0363636363636364,0
00-0032398,C.Moore,Chris Moore,WR,2025,17,REG,2025_17_DAL_WAS,WAS,DAL,0,0,0,0,0,0,0,0,0,0,0,0,1,1,15,0,0,0,8,0.0476190476190476,0.0479041916167665,0
00-0032464,K.Raymond,Kalif Raymond,WR,2025,17,REG,2025_17_DET_MIN,DET,MIN,0,0,0,0,0,0,0,0,0,0,0,0,1,2,5,0,0,0,4,0.0689655172413793,0.0201005025125628,0
00-0032764,D.Henry,Derrick Henry,RB,2025,17,REG,2025_17_BAL_GB,BAL,GB,0,0,0,0,0,0,0,36,216,4,0,0,0,0,0,0,0,0,0,0,0,0
00-0032775,D.Robinson,Demarcus Robinson,WR,2025,17,REG,2025_17_CHI_SF,SF,CHI,0,0,0,0,0,0,0,0,0,0,0,0,2,2,30,0,0,0,29,0.0606060606060606,0.114624505928854,0
00-0032951,L.Treadwell,Laquon Treadwell,WR,2025,17,REG,2025_17_JAX_IND,IND,JAX,0,0,0,0,0,0,0,0,0,0,0,0,0,0,0,0,0,0,0,0,0,0
00-0033077,D.Prescott,Dak Prescott,QB,2025,17,REG,2025_17_DAL_WAS,DAL,WAS,19,37,307,2,0,0,0,4,24,0,0,0,0,0,0,0,0,0,0,0,0,0
00-0033090,H.Henry,Hunter Henry,TE,2025,17,REG,2025_17_NE_NYJ,NE,NYJ,0,0,0,0,0,0,0,0,0,0,0,0,3,3,49,1,0,0,20,0.12,0.0909090909090909,0
00-0033106,J.Goff,Jared Goff,QB,2025,17,REG,2025_17_DET_MIN,DET,MIN,18,29,197,1,2,1,0,3,2,0,2,0,0,0,0,0,0,0,0,0,0,0
00-0033119,J.Brissett,Jacoby Brissett,QB,2025,17,REG,2025_17_ARI_CIN,ARI,CIN,21,37,212,2,0,0,0,0,0,0,0,0,0,0,0,0,0,0,0,0,0,0
00-0033217,M.Alie-Cox,Mo Alie-Cox,TE,2025,17,REG,2025_17_JAX_IND,IND,JAX,0,0,0,0,0,0,0,0,0,0,0,0,3,3,20,1,0,0,15,0.103448275862069,0.0520833333333333,0
00-0033246,J.Mundt,Johnny Mundt,TE,2025,17,REG,2025_17_JAX_IND,JAX,IND,0,0,0,0,0,0,0,0,0,0,0,0,0,1,0,0,0,0,20,0.027027027027027,0.0552486187845304,0
00-0033280,C.McCaffrey,Christian McCaffrey,RB,2025,17,REG,2025_17_CHI_SF,SF,CHI,0,0,0,0,0,0,0,23,140,1,0,0,4,6,41,0,0,0,8,0.181818181818182,0.0316205533596838,0
00-0033293,A.Jones,Aaron Jones,RB,2025,17,REG,2025_17_DET_MIN,MIN,DET,0,0,0,0,0,0,0,18,53,1,0,0,3,4,10,0,0,0,2,0.285714285714286,0.0298507462686567,0
00-0033307,K.Bourne,Kendrick Bourne,WR,2025,17,REG,2025_17_CHI_SF,SF,CHI,0,0,0,0,0,0,0,0,0,0,0,0,1,1,25,0,0,0,20,0.0303030303030303,0.0790513833992095,0
00-0033357,T.Hill,Taysom Hill,TE,2025,17,REG,2025_17_NO_TEN,NO,TEN,0,0,0,0,0,0,0,3,0,0,0,0,0,0,0,0,0,0,0,0,0,0
00-0033375,T.Patrick,Tim Patrick,WR,2025,17,REG,2025_17_JAX_IND,JAX,IND,0,0,0,0,0,0,0,0,0,0,0,0,0,1,0,0,0,0,13,0.027027027027027,0.0359116022099448,0
00-0033376,P.Ricard,Patrick Ricard,RB,2025,17,REG,2025_17_BAL_GB,BAL,GB,0,0,0,0,0,0,0,0,0,0,0,0,0,0,0,0,0,0,0,0,0,0
00-0033455,A.Firkser,Anthony Firkser,TE,2025,17,REG,2025_17_DET_MIN,DET,MIN,0,0,0,0,0,0,0,0,0,0,0,0,0,1,0,0,0,0,2,0.0344827586206897,0.0100502512562814,0
00-0033526,S.Perine,Samaje Perine,RB,2025,17,REG,2025_17_ARI_CIN,CIN,ARI,0,0,0,0,0,0,0,3,5,1,0,0,1,1,8,0,0,0,-5,0.0303030303030303,-0.0186567164179104,0
00-0033576,E.Saubert,Eric Saubert,TE,2025,17,REG,2025_17_SEA_CAR,SEA,CAR,0,0,0,0,0,0,0,0,0,0,0,0,0,2,0,0,0,0,18,0.0769230769230769,0.127659574468085,0
00-0033857,J.Smith-Schuster,JuJu Smith-Schuster,WR,2025,17,REG,2025_17_DEN_KC,KC,DEN,0,0,0,0,0,0,0,0,0,0,0,0,3,3,16,0,0,0,12,0.15,0.107142857142857,0
00-0033858,J.Smith,Jonnu Smith,TE,2025,17,REG,2025_17_PIT_CLE,PIT,CLE,0,0,0,0,0,0,0,2,9,0,0,0,5,5,18,0,0,0,8,0.135135135135135,0.0350877192982456,0
00-0033881,E.Engram,Evan Engram,TE,2025,17,REG,2025_17_DEN_KC,DEN,KC,0,0,0,0,0,0,0,0,0,0,0,0,4,4,21,0,0,0,7,0.108108108108108,0.0339805825242718,0
00-0033908,C.Kupp,Cooper Kupp,WR,2025,17,REG,2025_17_SEA_CAR,SEA,CAR,0,0,0,0,0,0,0,0,0,0,0,0,1,3,6,0,0,0,17,0.115384615384615,0.120567375886525,0
00-0033921,C.Godwin,Chris Godwin Jr.,WR,2025,17,REG,2025_17_TB_MIA,TB,MIA,0,0,0,0,0,0,0,0,0,0,0,0,7,8,108,1,0,0,35,0.181818181818182,0.0972222222222222,0
00-0033923,K.Hunt,Kareem Hunt,RB,2025,17,REG,2025_17_DEN_KC,KC,DEN,0,0,0,0,0,0,0,7,38,0,0,0,0,0,0,0,0,0,0,0,0,0
00-0033949,J.Dobbs,Joshua Dobbs,QB,2025,17,REG,2025_17_NE_NYJ,NE,NYJ,3,4,30,0,0,0,0,2,-1,0,0,0,0,0,0,0,0,0,0,0,0,0
00-0033955,J.McNichols,Jeremy McNichols,RB,2025,17,REG,2025_17_DAL_WAS,WAS,DAL,0,0,0,0,0,0,0,1,-2,0,0,0,3,3,12,0,0,0,-2,0.142857142857143,-0.0119760479041916,0
00-0034054,R.Cracraft,River Cracraft,WR,2025,17,REG,2025_17_DAL_WAS,WAS,DAL,0,0,0,0,0,0,0,0,0,0,0,0,0,0,0,0,0,0,0,0,0,0
00-0034159,W.Dissly,Will Dissly,TE,2025,17,REG,2025_17_HOU_LAC,LAC,HOU,0,0,0,0,0,0,0,0,0,0,0,0,2,2,19,0,0,0,1,0.0645161290322581,0.00357142857142857,0
00-0034272,M.Valdes-Scantling,Marquez Valdes-Scantling,WR,2025,17,REG,2025_17_PIT_CLE,PIT,CLE,0,0,0,0,0,0,0,0,0,0,0,0,3,9,21,0,0,0,85,0.243243243243243,0.37280701754386,0
00-0034348,C.Sutton,Courtland Sutton,WR,2025,17,REG,2025_17_DEN_KC,DEN,KC,0,0,0,0,0,0,0,0,0,0,0,0,4,10,40,0,0,0,107,0.27027027027027,0.519417475728155,0
00-0034351,D.Goedert,Dallas Goedert,TE,2025,17,REG,2025_17_PHI_BUF,PHI,BUF,0,0,0,0,0,0,0,0,0,0,0,0,3,6,8,1,0,0,26,0.272727272727273,0.10077519379845,0
00-0034383,D.Schultz,Dalton Schultz,TE,2025,17,REG,2025_17_HOU_LAC,HOU,LAC,0,0,0,0,0,0,0,0,0,0,0,0,3,4,19,0,0,0,0,0.153846153846154,0,0
00-0034418,C.Wilson,Cedrick Wilson Jr.,WR,2025,17,REG,2025_17_TB_MIA,MIA,TB,0,0,0,0,0,0,0,0,0,0,0,0,1,2,8,0,0,0,15,0.0909090909090909,0.076530612244898,0
00-0034613,T.Hudson,Tanner Hudson,TE,2025,17,REG,2025_17_ARI_CIN,CIN,ARI,0,0,0,0,0,0,0,0,0,0,0,0,2,2,31,0,0,0,4,0.0606060606060606,0.0149253731343284,0
00-0034681,C.Edmonds,Chase Edmonds,RB,2025,17,REG,2025_17_DAL_WAS,WAS,DAL,0,0,0,0,0,0,0,0,0,0,0,0,0,0,0,0,0,0,0,0,0,0
00-0034753,M.Andrews,Mark Andrews,TE,2025,17,REG,2025_17_BAL_GB,BAL,GB,0,0,0,0,0,0,0,0,0,0,0,0,4,4,28,0,0,0,21,0.2,0.2625,0
00-0034775,C.Kirk,Christian Kirk,WR,2025,17,REG,2025_17_HOU_LAC,HOU,LAC,0,0,0,0,0,0,0,0,0,0,0,0,2,5,1,0,0,0,14,0.192307692307692,0.0546875,0
00-0034791,N.Chubb,Nick Chubb,RB,2025,17,REG,2025_17_HOU_LAC,HOU,LAC,0,0,0,0,0,0,0,1,1,0,0,0,0,0,0,0,0,0,0,0,0,0
00-0034798,D.Smythe,Durham Smythe,TE,2025,17,REG,2025_17_CHI_SF,CHI,SF,0,0,0,0,0,0,0,0,0,0,0,0,1,1,11,0,0,0,4,0.0256410256410256,0.0132013201320132,0
00-0034827,D.Moore,DJ Moore,WR,2025,17,REG,2025_17_CHI_SF,CHI,SF,0,0,0,0,0,0,0,0,0,0,0,0,1,4,7,0,0,0,22,0.102564102564103,0.0726072607260726,0
00-0034829,M.Gesicki,Mike Gesicki,TE,2025,17,REG,2025_17_ARI_CIN,CIN,ARI,0,0,0,0,0,0,0,0,0,0,0,0,2,2,47,0,0,0,38,0.0606060606060606,0.141791044776119,0
00-0034844,S.Barkley,Saquon Barkley,RB,2025,17,REG,2025_17_PHI_BUF,PHI,BUF,0,0,0,0,0,0,0,19,68,0,0,0,0,0,0,0,0,0,0,0,0,0
00-0034855,B.Mayfield,Baker Mayfield,QB,2025,17,REG,2025_17_TB_MIA,TB,MIA,33,44,346,2,2,1,0,3,16,0,0,0,0,0,0,0,0,0,0,0,0,0
00-0034857,J.Allen,Josh Allen,QB,2025,17,REG,2025_17_PHI_BUF,BUF,PHI,23,35,262,0,0,1,0,7,27,2,0,0,0,0,0,0,0,0,0,0,0,0
00-0034860,D.Pettis,Dante Pettis,WR,2025,17,REG,2025_17_NO_TEN,NO,TEN,0,0,0,0,0,0,0,0,0,0,0,0,3,4,53,0,1,0,53,0.148148148148148,0.187943262411348,0
00-0034869,S.Darnold,Sam Darnold,QB,2025,17,REG,2025_17_SEA_CAR,SEA,CAR,18,27,147,1,1,1,0,3,2,0,0,0,0,0,0,0,0,0,0,0,0,0
00-0034928,S.Sims,Steven Sims,WR,2025,17,REG,2025_17_ARI_CIN,ARI,CIN,0,0,0,0,0,0,0,0,0,0,0,0,0,0,0,0,0,0,0,0,0,0
00-0034960,J.Meyers,Jakobi Meyers,WR,2025,17,REG,2025_17_JAX_IND,JAX,IND,0,0,0,0,0,0,0,0,0,0,0,0,6,9,39,0,1,0,97,0.243243243243243,0.267955801104972,0
00-0035021,A.Dulin,Ashton Dulin,WR,2025,17,REG,2025_17_JAX_IND,IND,JAX,0,0,0,0,0,0,0,0,0,0,0,0,0,0,0,0,0,0,0,0,0,0
00-0035249,J.Oliver,Josh Oliver,TE,2025,17,REG,2025_17_DET_MIN,MIN,DET,0,0,0,0,0,0,0,0,0,0,0,0,1,2,8,0,0,0,10,0.142857142857143,0.149253731343284,0
00-0035250,D.Singletary,Devin Singletary,RB,2025,17,REG,2025_17_NYG_LV,NYG,LV,0,0,0,0,0,0,0,8,45,1,0,0,4,4,25,0,0,0,-13,0.137931034482759,-0.0828025477707006,0
00-0035261,T.Pollard,Tony Pollard,RB,2025,17,REG,2025_17_NO_TEN,TEN,NO,0,0,0,0,0,0,0,18,85,0,0,0,2,2,10,0,0,0,-2,0.0571428571428571,-0.00536193029490617,0
00-0035291,T.Williams,Trayveon Williams,RB,2025,17,REG,2025_17_PIT_CLE,CLE,PIT,0,0,0,0,0,0,0,2,10,0,0,0,0,0,0,0,0,0,0,0,0,0
00-0035298,S.Miller,Scott Miller,WR,2025,17,REG,2025_17_PIT_CLE,PIT,CLE,0,0,0,0,0,0,0,0,0,0,0,0,3,7,25,0,0,0,51,0.189189189189189,0.223684210526316,0
00-0035359,D.Sills,David Sills,WR,2025,17,REG,2025_17_LA_ATL,ATL,LA,0,0,0,0,0,0,0,0,0,0,0,0,3,4,37,0,0,0,45,0.2,0.269461077844311,0
00-0035406,L.Humphrey,Lil'Jordan Humphrey,WR,2025,17,REG,2025_17_DEN_KC,DEN,KC,0,0,0,0,0,0,0,0,0,0,0,0,2,5,23,0,0,0,39,0.135135135135135,0.189320388349515,0
00-0035535,D.Slayton,Darius Slayton,WR,2025,17,REG,2025_17_NYG_LV,NYG,LV,0,0,0,0,0,0,0,0,0,0,0,0,2,3,36,0,0,0,40,0.103448275862069,0.254777070063694,0
00-0035537,Ty.Johnson,Ty Johnson,RB,2025,17,REG,2025_17_PHI_BUF,BUF,PHI,0,0,0,0,0,0,0,5,15,0,0,0,3,4,33,0,0,0,-7,0.121212121212121,-0.0278884462151394,0
00-0035544,T.Kennedy,Tom Kennedy,WR,2025,17,REG,2025_17_DET_MIN,DET,MIN,0,0,0,0,0,0,0,0,0,0,0,0,0,0,0,0,0,0,0,0,0,0
00-0035594,T.Homer,Travis Homer,RB,2025,17,REG,2025_17_CHI_SF,CHI,SF,0,0,0,0,0,0,0,0,0,0,0,0,0,0,0,0,0,0,0,0,0,0
00-0035602,A.Bachman,Alex Bachman,WR,2025,17,REG,2025_17_NYG_LV,LV,NYG,0,0,0,0,0,0,0,0,0,0,0,0,0,0,0,0,0,0,0,0,0,0
00-0035628,D.Johnson,D'Ernest Johnson,RB,2025,17,REG,2025_17_NE_NYJ,NE,NYJ,0,0,0,0,0,0,0,4,5,0,0,0,0,0,0,0,0,0,0,0,0,0
00-0035631,D.Sample,Drew Sample,TE,2025,17,REG,2025_17_ARI_CIN,CIN,ARI,0,0,0,0,0,0,0,0,0,0,0,0,1,1,8,0,0,0,-3,0.0303030303030303,-0.0111940298507463,0
00-0035644,N.Fant,Noah Fant,TE,2025,17,REG,2025_17_ARI_CIN,CIN,ARI,0,0,0,0,0,0,0,0,0,0,0,0,0,1,0,0,0,0,-3,0.0303030303030303,-0.0111940298507463,0
00-0035645,G.Olszewski,Gunner Olszewski,WR,2025,17,REG,2025_17_NYG_LV,NYG,LV,0,0,0,0,0,0,0,0,0,0,0,0,1,1,19,0,0,0,3,0.0344827586206897,0.0191082802547771,0
00-0035659,T.McLaurin,Terry McLaurin,WR,2025,17,REG,2025_17_DAL_WAS,WAS,DAL,0,0,0,0,0,0,0,0,0,0,0,0,5,7,63,0,0,0,79,0.333333333333333,0.473053892215569,0
00-0035662,M.Brown,Marquise Brown,WR,2025,17,REG,2025_17_DEN_KC,KC,DEN,0,0,0,0,0,0,0,0,0,0,0,0,1,3,7,0,0,0,36,0.15,0.321428571428571,0
00-0035676,A.Brown,A.J. Brown,WR,2025,17,REG,2025_17_PHI_BUF,PHI,BUF,0,0,0,0,0,0,0,0,0,0,0,0,5,7,68,0,0,0,93,0.318181818181818,0.36046511627907,0
00-0035685,D.Montgomery,David Montgomery,RB,2025,17,REG,2025_17_DET_MIN,DET,MIN,0,0,0,0,0,0,0,10,25,0,0,0,2,2,15,0,0,0,-7,0.0689655172413793,-0.0351758793969849,0
00-0035689,D.Knox,Dawson Knox,TE,2025,17,REG,2025_17_PHI_BUF,BUF,PHI,0,0,0,0,0,0,0,0,0,0,0,0,5,5,30,0,0,0,19,0.151515151515152,0.0756972111553785,0
00-0035700,J.Jacobs,Josh Jacobs,RB,2025,17,REG,2025_17_BAL_GB,GB,BAL,0,0,0,0,0,0,0,4,3,0,0,0,1,1,0,0,0,0,-3,0.04,-0.0103092783505155,0
00-0035719,D.Samuel,Deebo Samuel Sr.,WR,2025,17,REG,2025_17_DAL_WAS,WAS,DAL,0,0,0,0,0,0,0,2,25,0,0,0,2,4,68,0,0,0,19,0.19047619047619,0.11377245508982,0
00-0035956,G.Ricci,Giovanni Ricci,TE,2025,17,REG,2025_17_DET_MIN,DET,MIN,0,0,0,0,0,0,0,0,0,0,0,0,0,1,0,0,0,0,3,0.0344827586206897,0.0150753768844221,0
00-0035993,T.Huntley,Tyler Huntley,QB,2025,17,REG,2025_17_BAL_GB,BAL,GB,16,20,107,1,0,0,0,8,60,0,0,0,0,0,0,0,0,0,0,0,0,0
00-0036040,J.Johnson,Juwan Johnson,TE,2025,17,REG,2025_17_NO_TEN,NO,TEN,0,0,0,0,0,0,0,0,0,0,0,0,4,4,95,0,0,0,58,0.148148148148148,0.205673758865248,0
00-0036133,J.Proche,James Proche,WR,2025,17,REG,2025_17_NO_TEN,TEN,NO,0,0,0,0,0,0,0,0,0,0,0,0,1,5,5,0,0,0,106,0.142857142857143,0.284182305630027,0
00-0036139,R.Dowdle,Rico Dowdle,RB,2025,17,REG,2025_17_SEA_CAR,CAR,SEA,0,0,0,0,0,0,0,12,59,0,0,0,3,5,4,0,0,0,-15,0.238095238095238,-0.348837209302326,0
00-0036165,I.Hodgins,Isaiah Hodgins,WR,2025,17,REG,2025_17_NYG_LV,NYG,LV,0,0,0,0,0,0,0,0,0,0,0,0,1,2,8,0,0,0,8,0.0689655172413793,0.0509554140127389,0
00-0036176,M.Kinsey,Mason Kinsey,WR,2025,17,REG,2025_17_NO_TEN,TEN,NO,0,0,0,0,0,0,0,0,0,0,0,0,1,1,34,0,0,0,33,0.0285714285714286,0.0884718498659517,0
00-0036187,R.Gilliam,Reggie Gilliam,RB,2025,17,REG,2025_17_PHI_BUF,BUF,PHI,0,0,0,0,0,0,0,0,0,0,0,0,0,0,0,0,0,0,0,0,0,0
00-0036196,G.Davis,Gabe Davis,WR,2025,17,REG,2025_17_PHI_BUF,BUF,PHI,0,0,0,0,0,0,0,0,0,0,0,0,0,1,0,0,0,0,4,0.0303030303030303,0.0159362549800797,0
00-0036223,J.Taylor,Jonathan Taylor,RB,2025,17,REG,2025_17_JAX_IND,IND,JAX,0,0,0,0,0,0,0,21,70,1,0,0,3,6,14,0,0,0,-13,0.206896551724138,-0.0451388888888889,0
00-0036244,C.Parkinson,Colby Parkinson,TE,2025,17,REG,2025_17_LA_ATL,LA,ATL,0,0,0,0,0,0,0,0,0,0,0,0,6,7,53,0,0,0,43,0.194444444444444,0.0838206627680312,0
00-0036252,M.Pittman,Michael Pittman,WR,2025,17,REG,2025_17_JAX_IND,IND,JAX,0,0,0,0,0,0,0,0,0,0,0,0,2,3,16,0,0,0,26,0.103448275862069,0.0902777777777778,0
00-0036259,J.Jennings,Jauan Jennings,WR,2025,17,REG,2025_17_CHI_SF,SF,CHI,0,0,0,0,0,0,0,0,0,0,0,0,2,4,42,1,0,0,38,0.121212121212121,0.150197628458498,0
00-0036275,D.Swift,D'Andre Swift,RB,2025,17,REG,2025_17_CHI_SF,CHI,SF,0,0,0,0,0,0,0,9,54,2,0,0,2,3,25,0,0,0,-4,0.0769230769230769,-0.0132013201320132,0
00-0036290,C.Kmet,Cole Kmet,TE,2025,17,REG,2025_17_CHI_SF,CHI,SF,0,0,0,0,0,0,0,0,0,0,0,0,2,3,16,0,0,0,25,0.0769230769230769,0.0825082508250825,0
00-0036309,D.Mooney,Darnell Mooney,WR,2025,17,REG,2025_17_LA_ATL,ATL,LA,0,0,0,0,0,0,0,0,0,0,0,0,2,3,35,0,0,0,51,0.15,0.305389221556886,0
00-0036322,J.Jefferson,Justin Jefferson,WR,2025,17,REG,2025_17_DET_MIN,MIN,DET,0,0,0,0,0,0,0,0,0,0,0,0,4,5,30,0,0,0,20,0.357142857142857,0.298507462686567,0
00-0036331,D.Duvernay,Devin Duvernay,WR,2025,17,REG,2025_17_CHI_SF,CHI,SF,0,0,0,0,0,0,0,0,0,0,0,0,0,1,0,0,0,0,3,0.0256410256410256,0.0099009900990099,0
00-0036332,J.Deguara,Josiah Deguara,TE,2025,17,REG,2025_17_ARI_CIN,ARI,CIN,0,0,0,0,0,0,0,0,0,0,0,0,0,0,0,0,0,0,0,0,0,0
00-0036355,J.Herbert,Justin Herbert,QB,2025,17,REG,2025_17_HOU_LAC,LAC,HOU,21,32,236,1,1,0,0,6,37,0,0,0,0,0,0,0,0,0,0,0,0,0
00-0036358,C.Lamb,CeeDee Lamb,WR,2025,17,REG,2025_17_DAL_WAS,DAL,WAS,0,0,0,0,0,0,0,0,0,0,0,0,5,10,46,0,0,0,162,0.277777777777778,0.424083769633508,0
00-0036389,J.Hurts,Jalen Hurts,QB,2025,17,REG,2025_17_PHI_BUF,PHI,BUF,13,27,110,1,0,0,0,3,5,0,0,0,0,0,0,0,0,0,0,0,0,0
00-0036407,J.Jeudy,Jerry Jeudy,WR,2025,17,REG,2025_17_PIT_CLE,CLE,PIT,0,0,0,0,0,0,0,0,0,0,0,0,5,7,54,0,0,0,83,0.304347826086957,0.439153439153439,0
00-0036410,T.Higgins,Tee Higgins,WR,2025,17,REG,2025_17_ARI_CIN,CIN,ARI,0,0,0,0,0,0,0,0,0,0,0,0,4,5,59,0,0,0,91,0.151515151515152,0.33955223880597,0
00-0036414,C.Akers,Cam Akers,RB,2025,17,REG,2025_17_SEA_CAR,SEA,CAR,0,0,0,0,0,0,0,0,0,0,0,0,0,0,0,0,0,0,0,0,0,0
00-0036415,V.Jefferson,Van Jefferson,WR,2025,17,REG,2025_17_NO_TEN,TEN,NO,0,0,0,0,0,0,0,0,0,0,0,0,3,3,46,0,0,0,40,0.0857142857142857,0.107238605898123,0
00-0036422,A.Trautman,Adam Trautman,TE,2025,17,REG,2025_17_DEN_KC,DEN,KC,0,0,0,0,0,0,0,0,0,0,0,0,2,2,24,0,0,0,21,0.0540540540540541,0.101941747572816,0
00-0036425,D.Dallas,DeeJay Dallas,RB,2025,17,REG,2025_17_JAX_IND,JAX,IND,0,0,0,0,0,0,0,2,21,0,0,0,0,1,0,0,0,0,-1,0.027027027027027,-0.00276243093922652,0
00-0036427,T.Johnson,Tyler Johnson,WR,2025,17,REG,2025_17_NE_NYJ,NYJ,NE,0,0,0,0,0,0,0,0,0,0,0,0,1,1,3,0,0,0,3,0.03125,0.02,0
00-0036429,C.Woerner,Charlie Woerner,TE,2025,17,REG,2025_17_LA_ATL,ATL,LA,0,0,0,0,0,0,0,0,0,0,0,0,0,0,0,0,0,0,0,0,0,0
00-0036442,J.Burrow,Joe Burrow,QB,2025,17,REG,2025_17_ARI_CIN,CIN,ARI,24,31,305,2,0,0,0,3,2,0,0,0,0,0,0,0,0,0,0,0,0,0
00-0036463,C.Blair,Chris Blair,WR,2025,17,REG,2025_17_LA_ATL,ATL,LA,0,0,0,0,0,0,0,0,0,0,0,0,0,0,0,0,0,0,0,0,0,0
00-0036550,R.Bateman,Rashod Bateman,WR,2025,17,REG,2025_17_BAL_GB,BAL,GB,0,0,0,0,0,0,0,0,0,0,0,0,1,1,7,0,0,0,4,0.05,0.05,0
00-0036554,N.Collins,Nico Collins,WR,2025,17,REG,2025_17_HOU_LAC,HOU,LAC,0,0,0,0,0,0,0,0,0,0,0,0,3,4,57,0,0,0,57,0.153846153846154,0.22265625,0
00-0036555,C.Hubbard,Chuba Hubbard,RB,2025,17,REG,2025_17_SEA_CAR,CAR,SEA,0,0,0,0,0,0,0,4,12,0,1,0,3,3,6,0,0,0,-18,0.142857142857143,-0.418604651162791,0
00-0036590,Q.Morris,Quintin Morris,TE,2025,17,REG,2025_17_JAX_IND,JAX,IND,0,0,0,0,0,0,0,0,0,0,0,0,0,0,0,0,0,0,0,0,0,0
00-0036613,J.Waddle,Jaylen Waddle,WR,2025,17,REG,2025_17_TB_MIA,MIA,TB,0,0,0,0,0,0,0,1,7,0,0,0,0,1,0,0,0,0,15,0.0454545454545455,0.076530612244898,0
00-0036637,N.Gray,Noah Gray,TE,2025,17,REG,2025_17_DEN_KC,KC,DEN,0,0,0,0,0,0,0,0,0,0,0,0,1,1,2,0,0,0,0,0.05,0,0
00-0036755,J.Patterson,Jaret Patterson,RB,2025,17,REG,2025_17_HOU_LAC,LAC,HOU,0,0,0,0,0,0,0,1,1,0,0,0,0,0,0,0,0,0,0,0,0,0
00-0036842,K.Nwangwu,Kene Nwangwu,RB,2025,17,REG,2025_17_NE_NYJ,NYJ,NE,0,0,0,0,0,0,0,6,31,0,0,0,0,0,0,0,0,0,0,0,0,0
00-0036849,T.Atwell,Tutu Atwell,WR,2025,17,REG,2025_17_LA_ATL,LA,ATL,0,0,0,0,0,0,0,0,0,0,0,0,0,1,0,0,0,0,51,0.0277777777777778,0.0994152046783626,0
00-0036875,R.Stevenson,Rhamondre Stevenson,RB,2025,17,REG,2025_17_NE_NYJ,NE,NYJ,0,0,0,0,0,0,0,8,47,1,0,0,5,5,55,1,0,0,30,0.2,0.136363636363636,0
00-0036876,K.Granson,Kylen Granson,TE,2025,17,REG,2025_17_PHI_BUF,PHI,BUF,0,0,0,0,0,0,0,0,0,0,0,0,0,0,0,0,0,0,0,0,0,0
00-0036894,P.Freiermuth,Pat Freiermuth,TE,2025,17,REG,2025_17_PIT_CLE,PIT,CLE,0,0,0,0,0,0,0,0,0,0,0,0,3,5,63,0,0,0,43,0.135135135135135,0.18859649122807,0
00-0036900,J.Chase,Ja'Marr Chase,WR,2025,17,REG,2025_17_ARI_CIN,CIN,ARI,0,0,0,0,0,0,0,0,0,0,0,0,7,9,60,2,0,0,47,0.272727272727273,0.175373134328358,0
00-0036906,K.Herbert,Khalil Herbert,RB,2025,17,REG,2025_17_NE_NYJ,NYJ,NE,0,0,0,0,0,0,0,2,5,0,0,0,0,1,0,0,0,0,-3,0.03125,-0.02,0
00-0036912,D.Smith,DeVonta Smith,WR,2025,17,REG,2025_17_PHI_BUF,PHI,BUF,0,0,0,0,0,0,0,0,0,0,0,0,2,5,25,0,0,0,76,0.227272727272727,0.294573643410853,0
00-0036919,K.Gainwell,Kenny Gainwell,RB,2025,17,REG,2025_17_PIT_CLE,PIT,CLE,0,0,0,0,0,0,0,7,26,0,0,0,3,4,12,0,0,0,-11,0.108108108108108,-0.0482456140350877,0
00-0036924,M.Carter,Michael Carter,RB,2025,17,REG,2025_17_ARI_CIN,ARI,CIN,0,0,0,0,0,0,0,7,29,0,0,0,2,4,14,0,0,0,10,0.114285714285714,0.0350877192982456,0
00-0036959,M.Bandy,Michael Bandy,WR,2025,17,REG,2025_17_DEN_KC,DEN,KC,0,0,0,0,0,0,0,0,0,0,0,0,2,2,14,0,0,0,11,0.0540540540540541,0.0533980582524272,0
00-0036963,A.St. Brown,Amon-Ra St. Brown,WR,2025,17,REG,2025_17_DET_MIN,DET,MIN,0,0,0,0,0,0,0,0,0,0,0,0,8,13,68,0,0,0,92,0.448275862068966,0.462311557788945,0
00-0036970,K.Pitts,Kyle Pitts,TE,2025,17,REG,2025_17_LA_ATL,ATL,LA,0,0,0,0,0,0,0,0,0,0,0,0,2,3,16,0,0,0,30,0.15,0.179640718562874,0
00-0036971,T.Lawrence,Trevor Lawrence,QB,2025,17,REG,2025_17_JAX_IND,JAX,IND,23,37,263,0,1,0,0,8,26,2,0,0,0,0,0,0,0,0,0,0,0,0
00-0036973,T.Etienne,Travis Etienne,RB,2025,17,REG,2025_17_JAX_IND,JAX,IND,0,0,0,0,0,0,0,17,76,0,0,0,2,3,16,0,0,0,-8,0.0810810810810811,-0.0220994475138122,0
00-0036988,J.Palmer,Josh Palmer,WR,2025,17,REG,2025_17_PHI_BUF,BUF,PHI,0,0,0,0,0,0,0,0,0,0,0,0,1,2,12,0,0,0,21,0.0606060606060606,0.0836653386454183,0
00-0036997,J.Williams,Javonte Williams,RB,2025,17,REG,2025_17_DAL_WAS,DAL,WAS,0,0,0,0,0,0,0,13,54,1,0,0,0,2,0,0,0,0,1,0.0555555555555556,0.00261780104712042,0
00-0037005,T.Tremble,Tommy Tremble,TE,2025,17,REG,2025_17_SEA_CAR,CAR,SEA,0,0,0,0,0,0,0,0,0,0,0,0,1,1,6,0,0,0,5,0.0476190476190476,0.116279069767442,0
00-0037015,S.Cannella,Sal Cannella,TE,2025,17,REG,2025_17_PIT_CLE,CLE,PIT,0,0,0,0,0,0,0,0,0,0,0,0,2,4,11,0,0,0,18,0.173913043478261,0.0952380952380952,0
00-0037085,T.Badie,Tyler Badie,RB,2025,17,REG,2025_17_DEN_KC,DEN,KC,0,0,0,0,0,0,0,0,0,0,0,0,0,0,0,0,0,0,0,0,0,0
00-0037086,G.Calcaterra,Grant Calcaterra,TE,2025,17,REG,2025_17_PHI_BUF,PHI,BUF,0,0,0,0,0,0,0,0,0,0,0,0,1,1,3,0,0,0,3,0.0454545454545455,0.0116279069767442,0
00-0037091,B.Melton,Bo Melton,WR,2025,17,REG,2025_17_BAL_GB,GB,BAL,0,0,0,0,0,0,0,0,0,0,0,0,1,3,34,0,0,0,52,0.12,0.178694158075601,0
00-0037093,D.Young,Dareke Young,WR,2025,17,REG,2025_17_SEA_CAR,SEA,CAR,0,0,0,0,0,0,0,0,0,0,0,0,0,1,0,0,0,0,9,0.0384615384615385,0.0638297872340426,0
00-0037112,J.Tonges,Jake Tonges,TE,2025,17,REG,2025_17_CHI_SF,SF,CHI,0,0,0,0,0,0,0,0,0,0,0,0,7,9,60,1,0,0,55,0.272727272727273,0.217391304347826,0
00-0037132,B.Covey,Britain Covey,WR,2025,17,REG,2025_17_PHI_BUF,PHI,BUF,0,0,0,0,0,0,0,0,0,0,0,0,0,0,0,0,0,0,0,0,0,0
00-0037197,I.Pacheco,Isiah Pacheco,RB,2025,17,REG,2025_17_DEN_KC,KC,DEN,0,0,0,0,0,0,0,9,32,0,0,0,0,0,0,0,0,0,0,0,0,0
00-0037228,J.Warren,Jaylen Warren,RB,2025,17,REG,2025_17_PIT_CLE,PIT,CLE,0,0,0,0,0,0,0,12,64,0,0,0,0,0,0,0,0,0,0,0,0,0
00-0037231,K.Austin,Kevin Austin Jr.,WR,2025,17,REG,2025_17_NO_TEN,NO,TEN,0,0,0,0,0,0,0,0,0,0,0,0,4,5,52,1,0,0,51,0.185185185185185,0.180851063829787,0
00-0037238,D.London,Drake London,WR,2025,17,REG,2025_17_LA_ATL,ATL,LA,0,0,0,0,0,0,0,0,0,0,0,0,1,2,4,0,0,0,29,0.1,0.173652694610778,0
00-0037239,C.Olave,Chris Olave,WR,2025,17,REG,2025_17_NO_TEN,NO,TEN,0,0,0,0,0,0,0,0,0,0,0,0,8,11,119,1,0,0,115,0.407407407407407,0.407801418439716,0
00-0037240,J.Williams,Jameson Williams,WR,2025,17,REG,2025_17_DET_MIN,DET,MIN,0,0,0,0,0,0,0,0,0,0,0,0,2,3,37,0,0,0,33,0.103448275862069,0.165829145728643,0
00-0037247,G.Pickens,George Pickens,WR,2025,17,REG,2025_17_DAL_WAS,DAL,WAS,0,0,0,0,0,0,0,0,0,0,0,0,4,5,78,0,0,0,42,0.138888888888889,0.109947643979058,0
00-0037248,J.Cook,James Cook,RB,2025,17,REG,2025_17_PHI_BUF,BUF,PHI,0,0,0,0,0,0,0,20,74,0,0,0,1,4,3,0,0,0,34,0.121212121212121,0.135458167330677,0
00-0037252,G.Dulcich,Greg Dulcich,TE,2025,17,REG,2025_17_TB_MIA,MIA,TB,0,0,0,0,0,0,0,1,-7,0,0,0,5,6,58,1,0,0,24,0.272727272727273,0.122448979591837,0
00-0037256,R.White,Rachaad White,RB,2025,17,REG,2025_17_TB_MIA,TB,MIA,0,0,0,0,0,0,0,2,10,0,0,0,2,2,7,0,0,0,-9,0.0454545454545455,-0.025,0
00-0037261,K.Shakir,Khalil Shakir,WR,2025,17,REG,2025_17_PHI_BUF,BUF,PHI,0,0,0,0,0,0,0,0,0,0,0,0,6,7,35,0,0,0,6,0.212121212121212,0.0239043824701195,0
00-0037263,T.Allgeier,Tyler Allgeier,RB,2025,17,REG,2025_17_LA_ATL,ATL,LA,0,0,0,0,0,0,0,10,23,0,0,0,0,0,0,0,0,0,0,0,0,0
00-0037276,T.Chandler,Ty Chandler,RB,2025,17,REG,2025_17_DET_MIN,MIN,DET,0,0,0,0,0,0,0,7,24,0,0,0,0,0,0,0,0,0,0,0,0,0
00-0037277,T.Quitoriano,Teagan Quitoriano,TE,2025,17,REG,2025_17_LA_ATL,ATL,LA,0,0,0,0,0,0,0,0,0,0,0,0,0,0,0,0,0,0,0,0,0,0
00-0037291,J.Nailor,Jalen Nailor,WR,2025,17,REG,2025_17_DET_MIN,MIN,DET,0,0,0,0,0,0,0,0,0,0,0,0,0,1,0,0,0,0,2,0.0714285714285714,0.0298507462686567,0
00-0037324,C.Oladokun,Chris Oladokun,QB,2025,17,REG,2025_17_DEN_KC,KC,DEN,13,22,66,1,0,0,0,2,11,0,0,0,0,0,0,0,0,0,0,0,0,0
00-0037475,S.Smartt,Stone Smartt,TE,2025,17,REG,2025_17_NE_NYJ,NYJ,NE,0,0,0,0,0,0,0,0,0,0,0,0,2,3,18,0,0,0,11,0.09375,0.0733333333333333,0
00-0037487,D.Thompkins,Deven Thompkins,WR,2025,17,REG,2025_17_LA_ATL,ATL,LA,0,0,0,0,0,0,0,0,0,0,0,0,0,0,0,0,0,0,0,0,0,0
00-0037545,R.Shaheed,Rashid Shaheed,WR,2025,17,REG,2025_17_SEA_CAR,SEA,CAR,0,0,0,0,0,0,0,0,0,0,0,0,1,1,8,0,0,0,6,0.0384615384615385,0.0425531914893617,0
00-0037557,R.Rivers,Ronnie Rivers,RB,2025,17,REG,2025_17_LA_ATL,LA,ATL,0,0,0,0,0,0,0,1,5,0,0,0,0,0,0,0,0,0,0,0,0,0
00-0037563,M.Davis,Malik Davis,RB,2025,17,REG,2025_17_DAL_WAS,DAL,WAS,0,0,0,0,0,0,0,20,103,0,0,0,0,2,0,0,0,0,5,0.0555555555555556,0.0130890052356021,0
00-0037594,J.Chestnut,Julius Chestnut,RB,2025,17,REG,2025_17_NO_TEN,TEN,NO,0,0,0,0,0,0,0,0,0,0,0,0,0,0,0,0,0,0,0,0,0,0
00-0037614,J.Metchie,John Metchie III,WR,2025,17,REG,2025_17_NE_NYJ,NYJ,NE,0,0,0,0,0,0,0,0,0,0,0,0,3,3,41,0,0,0,21,0.09375,0.14,0
00-0037617,H.Haskins,Hassan Haskins,RB,2025,17,REG,2025_17_HOU_LAC,LAC,HOU,0,0,0,0,0,0,0,0,0,0,0,0,0,0,0,0,0,0,0,0,0,0
00-0037664,A.Pierce,Alec Pierce,WR,2025,17,REG,2025_17_JAX_IND,IND,JAX,0,0,0,0,0,0,0,0,0,0,0,0,0,5,0,0,0,0,101,0.172413793103448,0.350694444444444,0
00-0037666,J.Tolbert,Jalen Tolbert,WR,2025,17,REG,2025_17_DAL_WAS,DAL,WAS,0,0,0,0,0,0,0,0,0,0,0,0,4,8,31,0,0,0,79,0.222222222222222,0.206806282722513,0
00-0037741,J.Dotson,Jahan Dotson,WR,2025,17,REG,2025_17_PHI_BUF,PHI,BUF,0,0,0,0,0,0,0,0,0,0,0,0,0,1,0,0,0,0,37,0.0454545454545455,0.143410852713178,0
00-0037742,T.Burks,Treylon Burks,WR,2025,17,REG,2025_17_DAL_WAS,WAS,DAL,0,0,0,0,0,0,0,0,0,0,0,0,1,2,11,0,0,0,11,0.0952380952380952,0.0658682634730539,0
00-0037744,T.McBride,Trey McBride,TE,2025,17,REG,2025_17_ARI_CIN,ARI,CIN,0,0,0,0,0,0,0,0,0,0,0,0,10,13,76,1,0,0,97,0.371428571428571,0.340350877192982,0
00-0037746,B.Robinson,Brian Robinson,RB,2025,17,REG,2025_17_CHI_SF,SF,CHI,0,0,0,0,0,0,0,4,22,0,0,0,1,1,6,0,0,0,-6,0.0303030303030303,-0.0237154150197628,0
00-0037755,J.Woods,Jelani Woods,TE,2025,17,REG,2025_17_NE_NYJ,NYJ,NE,0,0,0,0,0,0,0,0,0,0,0,0,1,1,4,0,0,0,3,0.03125,0.02,0
00-0037801,K.Turpin,KaVontae Turpin,WR,2025,17,REG,2025_17_DAL_WAS,DAL,WAS,0,0,0,0,0,0,0,0,0,0,0,0,1,1,86,1,0,0,40,0.0277777777777778,0.104712041884817,0
00-0037805,J.Ruckert,Jeremy Ruckert,TE,2025,17,REG,2025_17_NE_NYJ,NYJ,NE,0,0,0,0,0,0,0,0,0,0,0,0,1,3,2,0,0,0,4,0.09375,0.0266666666666667,0
00-0037809,C.Okonkwo,Chig Okonkwo,TE,2025,17,REG,2025_17_NO_TEN,TEN,NO,0,0,0,0,0,0,0,0,0,0,0,0,3,7,55,1,0,0,58,0.2,0.155495978552279,0
00-0037816,R.Doubs,Romeo Doubs,WR,2025,17,REG,2025_17_BAL_GB,GB,BAL,0,0,0,0,0,0,0,0,0,0,0,0,3,3,62,0,0,0,49,0.12,0.168384879725086,0
00-0037834,B.Purdy,Brock Purdy,QB,2025,17,REG,2025_17_CHI_SF,SF,CHI,24,33,303,3,1,0,0,6,28,2,0,0,0,0,0,0,0,0,0,0,0,0
00-0037838,I.Likely,Isaiah Likely,TE,2025,17,REG,2025_17_BAL_GB,BAL,GB,0,0,0,0,0,0,0,0,0,0,0,0,3,3,27,0,0,0,17,0.15,0.2125,0
00-0037840,K.Williams,Kyren Williams,RB,2025,17,REG,2025_17_LA_ATL,LA,ATL,0,0,0,0,0,0,0,13,92,0,0,0,3,3,38,0,0,0,9,0.0833333333333333,0.0175438596491228,0
00-0038040,Z.White,Zamir White,RB,2025,17,REG,2025_17_NYG_LV,LV,NYG,0,0,0,0,0,0,0,1,2,0,0,0,0,0,0,0,0,0,0,0,0,0
00-0038041,J.Ferguson,Jake Ferguson,TE,2025,17,REG,2025_17_DAL_WAS,DAL,WAS,0,0,0,0,0,0,0,0,0,0,0,0,1,2,6,1,0,0,11,0.0555555555555556,0.0287958115183246,0
00-0038046,C.Kolar,Charlie Kolar,TE,2025,17,REG,2025_17_BAL_GB,BAL,GB,0,0,0,0,0,0,0,0,0,0,0,0,0,1,0,0,0,0,5,0.05,0.0625,0
00-0038090,S.Moore,Skyy Moore,WR,2025,17,REG,2025_17_CHI_SF,SF,CHI,0,0,0,0,0,0,0,1,10,0,0,0,0,0,0,0,0,0,0,0,0,0
00-0038102,K.Pickett,Kenny Pickett,QB,2025,17,REG,2025_17_NYG_LV,LV,NYG,2,2,16,0,0,0,0,0,0,0,0,0,0,0,0,0,0,0,0,0,0,0
00-0038115,D.Bellinger,Daniel Bellinger,TE,2025,17,REG,2025_17_NYG_LV,NYG,LV,0,0,0,0,0,0,0,0,0,0,0,0,2,3,11,0,0,0,12,0.103448275862069,0.0764331210191083,0
00-0038117,W.Robinson,Wan'Dale Robinson,WR,2025,17,REG,2025_17_NYG_LV,NYG,LV,0,0,0,0,0,0,0,0,0,0,0,0,11,14,113,0,0,0,77,0.482758620689655,0.490445859872612,0
00-0038120,B.Hall,Breece Hall,RB,2025,17,REG,2025_17_NE_NYJ,NYJ,NE,0,0,0,0,0,0,0,14,111,1,0,0,2,3,18,0,0,0,-10,0.09375,-0.0666666666666667,0
00-0038124,C.Watson,Christian Watson,WR,2025,17,REG,2025_17_BAL_GB,GB,BAL,0,0,0,0,0,0,0,0,0,0,0,0,5,6,113,1,0,0,93,0.24,0.319587628865979,0
00-0038128,M.Willis,Malik Willis,QB,2025,17,REG,2025_17_BAL_GB,GB,BAL,18,21,288,1,0,0,0,9,60,2,1,0,0,0,0,0,0,0,0,0,0,0
00-0038129,C.Otton,Cade Otton,TE,2025,17,REG,2025_17_TB_MIA,TB,MIA,0,0,0,0,0,0,0,0,0,0,0,0,4,4,33,0,0,0,17,0.0909090909090909,0.0472222222222222,0
00-0038134,K.Walker,Kenneth Walker III,RB,2025,17,REG,2025_17_SEA_CAR,SEA,CAR,0,0,0,0,0,0,0,15,51,0,0,0,2,2,6,0,0,0,-8,0.0769230769230769,-0.0567375886524823,0
00-0038359,X.Smith,Xavier Smith,WR,2025,17,REG,2025_17_LA_ATL,LA,ATL,0,0,0,0,0,0,0,0,0,0,0,0,4,6,67,0,0,0,110,0.166666666666667,0.214424951267057,0
00-0038393,D.Wicks,Dontayvion Wicks,WR,2025,17,REG,2025_17_BAL_GB,GB,BAL,0,0,0,0,0,0,0,0,0,0,0,0,1,1,7,0,0,0,6,0.04,0.0206185567010309,0
00-0038394,W.Mallory,Will Mallory,TE,2025,17,REG,2025_17_JAX_IND,IND,JAX,0,0,0,0,0,0,0,0,0,0,0,0,1,1,16,0,0,0,16,0.0344827586206897,0.0555555555555556,0
00-0038397,E.Hull,Evan Hull,RB,2025,17,REG,2025_17_NO_TEN,NO,TEN,0,0,0,0,0,0,0,2,3,0,0,0,0,0,0,0,0,0,0,0,0,0
00-0038440,Z.Scott,Zavier Scott,RB,2025,17,REG,2025_17_DET_MIN,MIN,DET,0,0,0,0,0,0,0,0,0,0,0,0,0,0,0,0,0,0,0,0,0,0
00-0038454,K.Mitchell,Keaton Mitchell,RB,2025,17,REG,2025_17_BAL_GB,BAL,GB,0,0,0,0,0,0,0,9,31,0,0,0,2,2,7,0,0,0,-7,0.1,-0.0875,0
00-0038542,B.Robinson,Bijan Robinson,RB,2025,17,REG,2025_17_LA_ATL,ATL,LA,0,0,0,0,0,0,0,22,195,1,0,0,5,8,34,1,0,0,12,0.4,0.0718562874251497,0
00-0038543,J.Smith-Njigba,Jaxon Smith-Njigba,WR,2025,17,REG,2025_17_SEA_CAR,SEA,CAR,0,0,0,0,0,0,0,0,0,0,0,0,9,12,72,0,0,0,93,0.461538461538462,0.659574468085106,0
00-0038544,Q.Johnston,Quentin Johnston,WR,2025,17,REG,2025_17_HOU_LAC,LAC,HOU,0,0,0,0,0,0,0,0,0,0,0,0,5,8,98,0,0,0,165,0.258064516129032,0.589285714285714,0
00-0038547,L.Schoonmaker,Luke Schoonmaker,TE,2025,17,REG,2025_17_DAL_WAS,DAL,WAS,0,0,0,0,0,0,0,0,0,0,0,0,2,2,15,0,0,0,5,0.0555555555555556,0.0130890052356021,0
00-0038555,T.Bigsby,Tank Bigsby,RB,2025,17,REG,2025_17_PHI_BUF,PHI,BUF,0,0,0,0,0,0,0,2,7,0,0,0,1,1,2,0,0,0,-1,0.0454545454545455,-0.00387596899224806,0
00-0038558,D.Washington,Darnell Washington,TE,2025,17,REG,2025_17_PIT_CLE,PIT,CLE,0,0,0,0,0,0,0,0,0,0,0,0,2,2,15,0,0,0,4,0.0540540540540541,0.0175438596491228,0
00-0038559,M.Wilson,Michael Wilson,WR,2025,17,REG,2025_17_ARI_CIN,ARI,CIN,0,0,0,0,0,0,0,0,0,0,0,0,5,10,89,1,0,0,100,0.285714285714286,0.350877192982456,0
00-0038563,T.Tucker,Tre Tucker,WR,2025,17,REG,2025_17_NYG_LV,LV,NYG,0,0,0,0,0,0,0,2,0,0,0,0,5,6,49,0,0,0,16,0.214285714285714,0.0958083832335329,0
00-0038582,C.Tune,Clayton Tune,QB,2025,17,REG,2025_17_BAL_GB,GB,BAL,1,4,8,0,1,0,0,1,0,0,0,0,0,0,0,0,0,0,0,0,0,0
00-0038589,J.Whyle,Josh Whyle,TE,2025,17,REG,2025_17_BAL_GB,GB,BAL,0,0,0,0,0,0,0,0,0,0,0,0,1,1,8,0,0,0,5,0.04,0.0171821305841924,0
00-0038597,C.Brown,Chase Brown,RB,2025,17,REG,2025_17_ARI_CIN,CIN,ARI,0,0,0,0,0,0,0,22,101,2,0,0,3,3,40,0,0,0,-6,0.0909090909090909,-0.0223880597014925,0
00-0038606,P.Washington,Parker Washington,WR,2025,17,REG,2025_17_JAX_IND,JAX,IND,0,0,0,0,0,0,0,1,-5,0,0,0,8,10,115,0,0,0,114,0.27027027027027,0.314917127071823,0
00-0038618,X.Hutchinson,Xavier Hutchinson,WR,2025,17,REG,2025_17_HOU_LAC,HOU,LAC,0,0,0,0,0,0,0,1,8,0,0,0,2,3,21,0,0,0,22,0.115384615384615,0.0859375,0
00-0038619,A.Iosivas,Andrei Iosivas,WR,2025,17,REG,2025_17_ARI_CIN,CIN,ARI,0,0,0,0,0,0,0,0,0,0,0,0,4,6,41,0,0,0,69,0.181818181818182,0.257462686567164,0
00-0038621,D.Douglas,DeMario Douglas,WR,2025,17,REG,2025_17_NE_NYJ,NE,NYJ,0,0,0,0,0,0,0,0,0,0,0,0,1,2,10,0,0,0,19,0.08,0.0863636363636364,0
00-0038643,B.Willis,Brayden Willis,TE,2025,17,REG,2025_17_CHI_SF,SF,CHI,0,0,0,0,0,0,0,0,0,0,0,0,0,0,0,0,0,0,0,0,0,0
00-0038647,R.Bell,Ronnie Bell,WR,2025,17,REG,2025_17_NO_TEN,NO,TEN,0,0,0,0,0,0,0,0,0,0,0,0,0,0,0,0,0,0,0,0,0,0
00-0038679,T.Shavers,Tyrell Shavers,WR,2025,17,REG,2025_17_PHI_BUF,BUF,PHI,0,0,0,0,0,0,0,0,0,0,0,0,2,3,36,0,0,0,32,0.0909090909090909,0.127490039840637,0
00-0038685,C.Brooks,Chris Brooks,RB,2025,17,REG,2025_17_BAL_GB,GB,BAL,0,0,0,0,0,0,0,0,0,0,0,0,1,2,11,0,0,0,-2,0.08,-0.00687285223367698,0
00-0038705,E.Demercado,Emari Demercado,RB,2025,17,REG,2025_17_ARI_CIN,ARI,CIN,0,0,0,0,0,0,0,5,11,0,0,0,2,3,9,0,0,0,6,0.0857142857142857,0.0210526315789474,0
00-0038710,B.Whiteheart,Blake Whiteheart,TE,2025,17,REG,2025_17_PIT_CLE,CLE,PIT,0,0,0,0,0,0,0,0,0,0,0,0,0,1,0,0,0,0,0,0.0434782608695652,0,0
00-0038720,J.Hill,Julian Hill,TE,2025,17,REG,2025_17_TB_MIA,MIA,TB,0,0,0,0,0,0,0,0,0,0,0,0,1,2,16,0,0,0,8,0.0909090909090909,0.0408163265306122,0
00-0038738,H.Luepke,Hunter Luepke,RB,2025,17,REG,2025_17_DAL_WAS,DAL,WAS,0,0,0,0,0,0,0,7,30,0,0,0,1,1,14,0,0,0,6,0.0277777777777778,0.0157068062827225,0
00-0038752,J.Bobo,Jake Bobo,WR,2025,17,REG,2025_17_SEA_CAR,SEA,CAR,0,0,0,0,0,0,0,0,0,0,0,0,0,0,0,0,0,0,0,0,0,0
00-0038794,J.McLaughlin,Jaleel McLaughlin,RB,2025,17,REG,2025_17_DEN_KC,DEN,KC,0,0,0,0,0,0,0,7,40,0,0,0,0,0,0,0,0,0,0,0,0,0
00-0038797,E.Wilson,Emanuel Wilson,RB,2025,17,REG,2025_17_BAL_GB,GB,BAL,0,0,0,0,0,0,0,3,16,0,0,0,1,1,8,0,0,0,3,0.04,0.0103092783505155,0
00-0038809,B.Sims,Ben Sims,TE,2025,17,REG,2025_17_DET_MIN,MIN,DET,0,0,0,0,0,0,0,0,0,0,0,0,1,1,3,0,0,0,3,0.0714285714285714,0.0447761194029851,0
00-0038840,B.Tremayne,Brycen Tremayne,WR,2025,17,REG,2025_17_SEA_CAR,CAR,SEA,0,0,0,0,0,0,0,0,0,0,0,0,0,1,0,0,0,0,14,0.0476190476190476,0.325581395348837,0
00-0038891,S.Jackson,Shedrick Jackson,WR,2025,17,REG,2025_17_NYG_LV,LV,NYG,0,0,0,0,0,0,0,0,0,0,0,0,2,3,20,0,0,0,45,0.107142857142857,0.269461077844311,0
00-0038935,B.Strange,Brenton Strange,TE,2025,17,REG,2025_17_JAX_IND,JAX,IND,0,0,0,0,0,0,0,0,0,0,0,0,3,5,54,0,0,0,19,0.135135135135135,0.0524861878453039,0
00-0038951,S.Tucker,Sean Tucker,RB,2025,17,REG,2025_17_TB_MIA,TB,MIA,0,0,0,0,0,0,0,2,8,0,0,0,0,1,0,0,0,0,4,0.0227272727272727,0.0111111111111111,0
00-0038953,D.Drummond,Dylan Drummond,WR,2025,17,REG,2025_17_LA_ATL,ATL,LA,0,0,0,0,0,0,0,0,0,0,0,0,0,0,0,0,0,0,0,0,0,0
00-0038976,M.Mims,Marvin Mims Jr.,WR,2025,17,REG,2025_17_DEN_KC,DEN,KC,0,0,0,0,0,0,0,0,0,0,0,0,3,4,10,0,0,0,14,0.108108108108108,0.0679611650485437,0
00-0038979,C.Tillman,Cedric Tillman,WR,2025,17,REG,2025_17_PIT_CLE,CLE,PIT,0,0,0,0,0,0,0,0,0,0,0,0,1,1,42,0,0,0,28,0.0434782608695652,0.148148148148148,0
00-0038994,J.Addison,Jordan Addison,WR,2025,17,REG,2025_17_DET_MIN,MIN,DET,0,0,0,0,0,0,0,1,65,1,0,0,0,1,0,0,0,0,19,0.0714285714285714,0.283582089552239,0
00-0038997,J.Downs,Josh Downs,WR,2025,17,REG,2025_17_JAX_IND,IND,JAX,0,0,0,0,0,0,0,0,0,0,0,0,2,5,34,0,0,0,49,0.172413793103448,0.170138888888889,0
00-0039032,T.Spears,Tyjae Spears,RB,2025,17,REG,2025_17_NO_TEN,TEN,NO,0,0,0,0,0,0,0,6,2,0,0,0,1,2,-1,0,0,0,-24,0.0571428571428571,-0.064343163538874,0
00-0039040,D.Achane,De'Von Achane,RB,2025,17,REG,2025_17_TB_MIA,MIA,TB,0,0,0,0,0,0,0,18,83,0,0,0,3,3,29,0,0,0,0,0.136363636363636,0,0
00-0039041,E.Higgins,Elijah Higgins,TE,2025,17,REG,2025_17_ARI_CIN,ARI,CIN,0,0,0,0,0,0,0,0,0,0,0,0,0,1,0,0,0,0,11,0.0285714285714286,0.0385964912280702,0
00-0039062,J.Mingo,Jonathan Mingo,WR,2025,17,REG,2025_17_DAL_WAS,DAL,WAS,0,0,0,0,0,0,0,0,0,0,0,0,0,1,0,0,0,0,13,0.0277777777777778,0.0340314136125654,0
00-0039064,Z.Flowers,Zay Flowers,WR,2025,17,REG,2025_17_BAL_GB,BAL,GB,0,0,0,0,0,0,0,0,0,0,0,0,4,5,30,1,0,0,18,0.25,0.225,0
00-0039066,M.Mayer,Michael Mayer,TE,2025,17,REG,2025_17_NYG_LV,LV,NYG,0,0,0,0,0,0,0,0,0,0,0,0,9,10,89,0,0,0,31,0.357142857142857,0.18562874251497,0
00-0039075,P.Nacua,Puka Nacua,WR,2025,17,REG,2025_17_LA_ATL,LA,ATL,0,0,0,0,0,0,0,0,0,0,0,0,5,10,47,1,0,0,119,0.277777777777778,0.231968810916179,0
00-0039139,J.Gibbs,Jahmyr Gibbs,RB,2025,17,REG,2025_17_DET_MIN,DET,MIN,0,0,0,0,0,0,0,17,41,0,1,0,2,3,23,0,0,0,12,0.103448275862069,0.0603015075376884,0
00-0039146,J.Reed,Jayden Reed,WR,2025,17,REG,2025_17_BAL_GB,GB,BAL,0,0,0,0,0,0,0,0,0,0,0,0,4,4,41,0,0,0,31,0.16,0.106529209621993,0
00-0039150,B.Young,Bryce Young,QB,2025,17,REG,2025_17_SEA_CAR,CAR,SEA,14,24,54,0,1,0,0,9,27,1,0,0,0,0,0,0,0,0,0,0,0,0
00-0039163,C.Stroud,C.J. Stroud,QB,2025,17,REG,2025_17_HOU_LAC,HOU,LAC,16,28,244,2,2,0,0,4,0,0,0,0,0,0,0,0,0,0,0,0,0,0
00-0039165,Z.Charbonnet,Zach Charbonnet,RB,2025,17,REG,2025_17_SEA_CAR,SEA,CAR,0,0,0,0,0,0,0,18,110,2,0,0,2,2,12,0,0,0,3,0.0769230769230769,0.0212765957446809,0
00-0039342,X.Legette,Xavier Legette,WR,2025,17,REG,2025_17_SEA_CAR,CAR,SEA,0,0,0,0,0,0,0,0,0,0,0,0,1,1,3,0,0,0,3,0.0476190476190476,0.0697674418604651,0
00-0039361,B.Irving,Bucky Irving,RB,2025,17,REG,2025_17_TB_MIA,TB,MIA,0,0,0,0,0,0,0,9,19,0,0,0,5,6,14,0,0,0,-12,0.136363636363636,-0.0333333333333333,0
00-0039364,S.Vaki,Sione Vaki,RB,2025,17,REG,2025_17_DET_MIN,DET,MIN,0,0,0,0,0,0,0,0,0,0,0,0,0,0,0,0,0,0,0,0,0,0
00-0039373,A.Estime,Audric Estimé,RB,2025,17,REG,2025_17_NO_TEN,NO,TEN,0,0,0,0,0,0,0,14,94,1,0,0,1,1,4,0,0,0,0,0.037037037037037,0,0
00-0039384,T.Tracy,Tyrone Tracy Jr.,RB,2025,17,REG,2025_17_NYG_LV,NYG,LV,0,0,0,0,0,0,0,14,62,0,0,0,1,2,-5,0,0,0,15,0.0689655172413793,0.0955414012738854,0
00-0039405,J.Jordan,Jawhar Jordan,RB,2025,17,REG,2025_17_HOU_LAC,HOU,LAC,0,0,0,0,0,0,0,8,36,0,0,0,0,0,0,0,0,0,0,0,0,0
00-0039407,D.Laube,Dylan Laube,RB,2025,17,REG,2025_17_NYG_LV,LV,NYG,0,0,0,0,0,0,0,0,0,0,0,0,0,0,0,0,0,0,0,0,0,0
00-0039451,I.Williams,Isaiah Williams,WR,2025,17,REG,2025_17_NE_NYJ,NYJ,NE,0,0,0,0,0,0,0,1,5,0,0,0,4,5,30,0,0,0,15,0.15625,0.1,0
00-0039458,B.Bates,Brenden Bates,TE,2025,17,REG,2025_17_PIT_CLE,CLE,PIT,0,0,0,0,0,0,0,0,0,0,0,0,1,1,19,0,0,0,12,0.0434782608695652,0.0634920634920635,0
00-0039491,J.Coker,Jalen Coker,WR,2025,17,REG,2025_17_SEA_CAR,CAR,SEA,0,0,0,0,0,0,0,0,0,0,0,0,2,2,16,0,0,0,2,0.0952380952380952,0.0465116279069768,0
00-0039521,X.Weaver,Xavier Weaver,WR,2025,17,REG,2025_17_ARI_CIN,ARI,CIN,0,0,0,0,0,0,0,0,0,0,0,0,2,3,24,0,0,0,48,0.0857142857142857,0.168421052631579,0
00-0039530,B.Spann-Ford,Brevyn Spann-Ford,TE,2025,17,REG,2025_17_DAL_WAS,DAL,WAS,0,0,0,0,0,0,0,0,0,0,0,0,1,2,31,0,0,0,22,0.0555555555555556,0.0575916230366492,0
00-0039589,K.Johnson,Kameron Johnson,WR,2025,17,REG,2025_17_TB_MIA,TB,MIA,0,0,0,0,0,0,0,0,0,0,0,0,0,0,0,0,0,0,0,0,0,0
00-0039648,D.Martin-Robinson,David Martin-Robinson,TE,2025,17,REG,2025_17_NO_TEN,TEN,NO,0,0,0,0,0,0,0,0,0,0,0,0,1,1,9,0,0,0,8,0.0285714285714286,0.0214477211796247,0
00-0039732,B.Nix,Bo Nix,QB,2025,17,REG,2025_17_DEN_KC,DEN,KC,26,38,182,1,1,0,0,9,42,1,0,0,0,0,0,0,0,0,0,0,0,0
00-0039738,B.Corum,Blake Corum,RB,2025,17,REG,2025_17_LA_ATL,LA,ATL,0,0,0,0,0,0,0,6,18,0,0,0,0,0,0,0,0,0,0,0,0,0
00-0039746,W.Shipley,Will Shipley,RB,2025,17,REG,2025_17_PHI_BUF,PHI,BUF,0,0,0,0,0,0,0,2,2,0,0,0,0,0,0,0,0,0,0,0,0,0
00-0039751,J.Whittington,Jordan Whittington,WR,2025,17,REG,2025_17_LA_ATL,LA,ATL,0,0,0,0,0,0,0,0,0,0,0,0,0,0,0,0,0,0,0,0,0,0
00-0039793,A.Barner,AJ Barner,TE,2025,17,REG,2025_17_SEA_CAR,SEA,CAR,0,0,0,0,0,0,0,0,0,0,0,0,3,3,43,1,0,0,10,0.115384615384615,0.0709219858156028,0
00-0039796,R.Ali,Rasheen Ali,RB,2025,17,REG,2025_17_BAL_GB,BAL,GB,0,0,0,0,0,0,0,0,0,0,0,0,2,3,8,0,0,0,6,0.15,0.075,0
00-0039798,I.Davis,Isaiah Davis,RB,2025,17,REG,2025_17_NE_NYJ,NYJ,NE,0,0,0,0,0,0,0,3,11,0,0,0,1,1,9,0,0,0,-5,0.03125,-0.0333333333333333,0
00-0039849,M.Harrison,Marvin Harrison Jr.,WR,2025,17,REG,2025_17_ARI_CIN,ARI,CIN,0,0,0,0,0,0,0,0,0,0,0,0,0,1,0,0,0,0,11,0.0285714285714286,0.0385964912280702,0
00-0039851,D.Maye,Drake Maye,QB,2025,17,REG,2025_17_NE_NYJ,NE,NYJ,19,21,256,5,0,0,0,3,22,0,0,0,0,0,0,0,0,0,0,0,0,0
00-0039855,J.McMillan,Jalen McMillan,WR,2025,17,REG,2025_17_TB_MIA,TB,MIA,0,0,0,0,0,0,0,0,0,0,0,0,7,9,114,0,0,0,126,0.204545454545455,0.35,0
00-0039868,T.Franklin,Troy Franklin,WR,2025,17,REG,2025_17_DEN_KC,DEN,KC,0,0,0,0,0,0,0,0,0,0,0,0,4,4,17,0,0,0,9,0.108108108108108,0.0436893203883495,0
00-0039874,J.Wright,Jaylen Wright,RB,2025,17,REG,2025_17_TB_MIA,MIA,TB,0,0,0,0,0,0,0,5,56,0,0,0,0,0,0,0,0,0,0,0,0,0
00-0039875,R.Davis,Ray Davis,RB,2025,17,REG,2025_17_PHI_BUF,BUF,PHI,0,0,0,0,0,0,0,1,4,0,0,0,1,1,12,0,0,0,0,0.0303030303030303,0,0
00-0039880,M.Washington,Malik Washington,WR,2025,17,REG,2025_17_TB_MIA,MIA,TB,0,0,0,0,0,0,0,1,1,0,0,0,1,3,4,0,0,0,78,0.136363636363636,0.397959183673469,0
00-0039890,A.Mitchell,Adonai Mitchell,WR,2025,17,REG,2025_17_NE_NYJ,NYJ,NE,0,0,0,0,0,0,0,0,0,0,0,0,3,9,22,0,0,0,116,0.28125,0.773333333333333,0
00-0039893,B.Thomas,Brian Thomas Jr.,WR,2025,17,REG,2025_17_JAX_IND,JAX,IND,0,0,0,0,0,0,0,0,0,0,0,0,4,7,39,0,0,0,108,0.189189189189189,0.298342541436464,0
00-0039894,X.Worthy,Xavier Worthy,WR,2025,17,REG,2025_17_DEN_KC,KC,DEN,0,0,0,0,0,0,0,1,1,0,0,0,0,3,0,0,0,0,38,0.15,0.339285714285714,0
00-0039912,B.Sinnott,Ben Sinnott,TE,2025,17,REG,2025_17_DAL_WAS,WAS,DAL,0,0,0,0,0,0,0,0,0,0,0,0,3,4,29,0,0,0,47,0.19047619047619,0.281437125748503,0
00-0039915,L.McConkey,Ladd McConkey,WR,2025,17,REG,2025_17_HOU_LAC,LAC,HOU,0,0,0,0,0,0,0,0,0,0,0,0,1,2,31,0,0,0,34,0.0645161290322581,0.121428571428571,0
00-0039916,R.Pearsall,Ricky Pearsall,WR,2025,17,REG,2025_17_CHI_SF,SF,CHI,0,0,0,0,0,0,0,0,0,0,0,0,5,8,85,0,0,0,100,0.242424242424242,0.395256916996047,0
00-0039918,C.Williams,Caleb Williams,QB,2025,17,REG,2025_17_CHI_SF,CHI,SF,25,42,330,2,0,0,0,5,18,0,0,0,0,0,0,0,0,0,0,0,0,0
00-0039920,M.Corley,Malachi Corley,WR,2025,17,REG,2025_17_PIT_CLE,CLE,PIT,0,0,0,0,0,0,0,0,0,0,0,0,1,1,4,0,0,0,4,0.0434782608695652,0.0211640211640212,0
00-0040024,D.Cooper,Darius Cooper,WR,2025,17,REG,2025_17_PHI_BUF,PHI,BUF,0,0,0,0,0,0,0,0,0,0,0,0,1,1,4,0,0,0,3,0.0454545454545455,0.0116279069767442,0
00-0040075,L.Wester,LaJohntay Wester,WR,2025,17,REG,2025_17_BAL_GB,BAL,GB,0,0,0,0,0,0,0,0,0,0,0,0,0,0,0,0,0,0,0,0,0,0
00-0040078,B.Smith,Brashard Smith,RB,2025,17,REG,2025_17_DEN_KC,KC,DEN,0,0,0,0,0,0,0,0,0,0,0,0,3,4,5,1,0,0,-16,0.2,-0.142857142857143,0
00-0040122,A.Jeanty,Ashton Jeanty,RB,2025,17,REG,2025_17_NYG_LV,LV,NYG,0,0,0,0,0,0,0,16,60,0,0,0,2,2,13,0,0,0,9,0.0714285714285714,0.0538922155688623,0
00-0040124,T.McMillan,Tetairoa McMillan,WR,2025,17,REG,2025_17_SEA_CAR,CAR,SEA,0,0,0,0,0,0,0,0,0,0,0,0,1,4,5,0,0,0,49,0.19047619047619,1.13953488372093,0
00-0040126,C.Loveland,Colston Loveland,TE,2025,17,REG,2025_17_CHI_SF,CHI,SF,0,0,0,0,0,0,0,0,0,0,0,0,6,10,94,1,0,0,103,0.256410256410256,0.33993399339934,0
00-0040128,T.Warren,Tyler Warren,TE,2025,17,REG,2025_17_JAX_IND,IND,JAX,0,0,0,0,0,0,0,0,0,0,0,0,5,5,43,0,0,0,23,0.172413793103448,0.0798611111111111,0
00-0040129,E.Egbuka,Emeka Egbuka,WR,2025,17,REG,2025_17_TB_MIA,TB,MIA,0,0,0,0,0,0,0,0,0,0,0,0,3,5,20,0,0,0,61,0.113636363636364,0.169444444444444,0
00-0040130,J.Higgins,Jayden Higgins,WR,2025,17,REG,2025_17_HOU_LAC,HOU,LAC,0,0,0,0,0,0,0,0,0,0,0,0,2,4,88,1,0,0,70,0.153846153846154,0.2734375,0
00-0040131,K.Williams,Kyle Williams,WR,2025,17,REG,2025_17_NE_NYJ,NE,NYJ,0,0,0,0,0,0,0,0,0,0,0,0,3,5,20,0,0,0,66,0.2,0.3,0
00-0040138,J.Noel,Jaylin Noel,WR,2025,17,REG,2025_17_HOU_LAC,HOU,LAC,0,0,0,0,0,0,0,1,2,0,0,0,3,4,54,1,0,0,65,0.153846153846154,0.25390625,0
00-0040162,D.Sampson,Dylan Sampson,RB,2025,17,REG,2025_17_PIT_CLE,CLE,PIT,0,0,0,0,0,0,0,11,27,0,0,0,3,3,0,0,0,0,-13,0.130434782608696,-0.0687830687830688,0
00-0040170,E.Ayomanor,Elic Ayomanor,WR,2025,17,REG,2025_17_NO_TEN,TEN,NO,0,0,0,0,0,0,0,0,0,0,0,0,4,7,37,1,0,0,70,0.2,0.187667560321716,0
00-0040184,K.Lambert-Smith,KeAndre Lambert-Smith,WR,2025,17,REG,2025_17_HOU_LAC,LAC,HOU,0,0,0,0,0,0,0,0,0,0,0,0,0,1,0,0,0,0,12,0.032258064516129,0.0428571428571429,0
00-0040187,M.Evans,Mitchell Evans,TE,2025,17,REG,2025_17_SEA_CAR,CAR,SEA,0,0,0,0,0,0,0,1,1,0,0,0,1,2,5,0,0,0,2,0.0952380952380952,0.0465116279069768,0
00-0040189,O.Gadsden,Oronde Gadsden II,TE,2025,17,REG,2025_17_HOU_LAC,LAC,HOU,0,0,0,0,0,0,0,0,0,0,0,0,3,6,32,1,0,0,58,0.193548387096774,0.207142857142857,0
00-0040198,O.Gordon,Ollie Gordon II,RB,2025,17,REG,2025_17_TB_MIA,MIA,TB,0,0,0,0,0,0,0,0,0,0,0,0,0,0,0,0,0,0,0,0,0,0
00-0040205,K.Mullings,Kalel Mullings,RB,2025,17,REG,2025_17_NO_TEN,TEN,NO,0,0,0,0,0,0,0,1,4,0,0,0,0,0,0,0,0,0,0,0,0,0
00-0040206,R.Leonard,Riley Leonard,QB,2025,17,REG,2025_17_JAX_IND,IND,JAX,0,1,0,0,1,0,0,0,0,0,0,0,0,0,0,0,0,0,0,0,0,0
00-0040208,T.Brooks,Tahj Brooks,RB,2025,17,REG,2025_17_ARI_CIN,CIN,ARI,0,0,0,0,0,0,0,3,10,0,0,0,1,1,9,0,0,0,-2,0.0303030303030303,-0.00746268656716418,0
00-0040218,Ji.Horn,Jimmy Horn Jr.,WR,2025,17,REG,2025_17_SEA_CAR,CAR,SEA,0,0,0,0,0,0,0,0,0,0,0,0,2,2,9,0,0,0,-8,0.0952380952380952,-0.186046511627907,0
00-0040234,Q.Ewers,Quinn Ewers,QB,2025,17,REG,2025_17_TB_MIA,MIA,TB,14,22,172,2,0,0,0,4,5,0,0,0,1,1,-6,0,0,0,-6,0.0454545454545455,-0.0306122448979592,0
00-0040236,K.Monangai,Kyle Monangai,RB,2025,17,REG,2025_17_CHI_SF,CHI,SF,0,0,0,0,0,0,0,8,38,0,0,0,3,4,9,0,0,0,-4,0.102564102564103,-0.0132013201320132,0
00-0040237,T.Johnson,Tez Johnson,WR,2025,17,REG,2025_17_TB_MIA,TB,MIA,0,0,0,0,0,0,0,0,0,0,0,0,2,2,19,0,0,0,14,0.0454545454545455,0.0388888888888889,0
00-0040238,L.Allen,LeQuint Allen Jr.,RB,2025,17,REG,2025_17_JAX_IND,JAX,IND,0,0,0,0,0,0,0,1,3,0,0,0,0,0,0,0,0,0,0,0,0,0
00-0040242,J.Croskey-Merritt,Jacory Croskey-Merritt,RB,2025,17,REG,2025_17_DAL_WAS,WAS,DAL,0,0,0,0,0,0,0,11,105,2,0,0,0,0,0,0,0,0,0,0,0,0
00-0040244,M.Matavao,Moliki Matavao,TE,2025,17,REG,2025_17_NO_TEN,NO,TEN,0,0,0,0,0,0,0,0,0,0,0,0,2,2,10,0,0,0,5,0.0740740740740741,0.0177304964539007,0
00-0040259,G.Larvadain,Gage Larvadain,WR,2025,17,REG,2025_17_PIT_CLE,CLE,PIT,0,0,0,0,0,0,0,0,0,0,0,0,0,0,0,0,0,0,0,0,0,0
00-0040277,J.Walker,Jahdae Walker,WR,2025,17,REG,2025_17_CHI_SF,CHI,SF,0,0,0,0,0,0,0,0,0,0,0,0,2,4,30,0,0,0,39,0.102564102564103,0.128712871287129,0
00-0040311,T.Wease,Theo Wease Jr.,WR,2025,17,REG,2025_17_TB_MIA,MIA,TB,0,0,0,0,0,0,0,0,0,0,0,0,1,1,63,1,0,0,21,0.0454545454545455,0.107142857142857,0
00-0040363,K.Latu,Keleki Latu,TE,2025,17,REG,2025_17_PHI_BUF,BUF,PHI,0,0,0,0,0,0,0,0,0,0,0,0,0,0,0,0,0,0,0,0,0,0
00-0040398,B.Cook,Brady Cook,QB,2025,17,REG,2025_17_NE_NYJ,NYJ,NE,19,33,152,0,1,0,0,2,1,0,0,0,0,0,0,0,0,0,0,0,0,0
00-0040466,R.Sanders,Raheim Sanders,RB,2025,17,REG,2025_17_PIT_CLE,CLE,PIT,0,0,0,0,0,0,0,8,21,0,0,0,1,2,10,0,0,0,13,0.0869565217391304,0.0687830687830688,0
00-0040494,M.Brosmer,Max Brosmer,QB,2025,17,REG,2025_17_DET_MIN,MIN,DET,9,16,51,0,0,0,0,2,16,0,0,0,0,0,0,0,0,0,0,0,0,0
00-0040506,M.Price,Myles Price,WR,2025,17,REG,2025_17_DET_MIN,MIN,DET,0,0,0,0,0,0,0,0,0,0,0,0,0,0,0,0,0,0,0,0,0,0
00-0040534,K.Williams,Ke'Shawn Williams,WR,2025,17,REG,2025_17_ARI_CIN,CIN,ARI,0,0,0,0,0,0,0,0,0,0,0,0,1,1,5,0,0,0,5,0.0303030303030303,0.0186567164179104,0
00-0040556,C.Kiner,Corey Kiner,RB,2025,17,REG,2025_17_ARI_CIN,ARI,CIN,0,0,0,0,0,0,0,1,2,0,0,0,0,0,0,0,0,0,0,0,0,0
00-0040563,E.Chism,Efton Chism III,WR,2025,17,REG,2025_17_NE_NYJ,NE,NYJ,0,0,0,0,0,0,0,0,0,0,0,0,2,2,40,1,0,0,16,0.08,0.0727272727272727,0
00-0040581,D.Thornton,Dont'e Thornton Jr.,WR,2025,17,REG,2025_17_NYG_LV,LV,NYG,0,0,0,0,0,0,0,0,0,0,0,0,2,4,12,0,0,0,57,0.142857142857143,0.341317365269461,0
00-0040582,A.Smith,Arian Smith,WR,2025,17,REG,2025_17_NE_NYJ,NYJ,NE,0,0,0,0,0,0,0,0,0,0,0,0,1,1,5,0,0,0,-8,0.03125,-0.0533333333333333,0
00-0040583,W.Marks,Woody Marks,RB,2025,17,REG,2025_17_HOU_LAC,HOU,LAC,0,0,0,0,0,0,0,19,71,0,0,0,1,2,4,0,0,0,17,0.0769230769230769,0.06640625,0
00-0040584,G.Helm,Gunnar Helm,TE,2025,17,REG,2025_17_NO_TEN,TEN,NO,0,0,0,0,0,0,0,0,0,0,0,0,1,2,1,0,0,0,-1,0.0571428571428571,-0.00268096514745308,0
00-0040590,K.Mumpfield,Konata Mumpfield,WR,2025,17,REG,2025_17_LA_ATL,LA,ATL,0,0,0,0,0,0,0,0,0,0,0,0,2,5,10,0,0,0,68,0.138888888888889,0.132553606237817,0
00-0040644,T.Etienne,Trevor Etienne,RB,2025,17,REG,2025_17_SEA_CAR,CAR,SEA,0,0,0,0,0,0,0,0,0,0,0,0,0,0,0,0,0,0,0,0,0,0
00-0040663,H.Fannin,Harold Fannin Jr.,TE,2025,17,REG,2025_17_PIT_CLE,CLE,PIT,0,0,0,0,0,0,0,0,0,0,0,0,2,2,30,1,0,0,29,0.0869565217391304,0.153439153439153,0
00-0040666,O.Hampton,Omarion Hampton,RB,2025,17,REG,2025_17_HOU_LAC,LAC,HOU,0,0,0,0,0,0,0,14,29,1,0,0,8,8,31,0,0,0,-26,0.258064516129032,-0.0928571428571429,0
00-0040667,M.Golden,Matthew Golden,WR,2025,17,REG,2025_17_BAL_GB,GB,BAL,0,0,0,0,0,0,0,0,0,0,0,0,1,3,12,0,0,0,57,0.12,0.195876288659794,0
00-0040668,S.Sanders,Shedeur Sanders,QB,2025,17,REG,2025_17_PIT_CLE,CLE,PIT,17,23,186,1,2,0,0,4,20,0,0,0,0,0,0,0,0,0,0,0,0,0
00-0040669,I.TeSlaa,Isaac TeSlaa,WR,2025,17,REG,2025_17_DET_MIN,DET,MIN,0,0,0,0,0,0,0,0,0,0,0,0,3,4,49,1,0,0,60,0.137931034482759,0.301507537688442,0
00-0040676,C.Ward,Cam Ward,QB,2025,17,REG,2025_17_NO_TEN,TEN,NO,21,40,251,2,0,1,0,2,10,0,0,0,0,0,0,0,0,0,0,0,0,0
00-0040691,J.Dart,Jaxson Dart,QB,2025,17,REG,2025_17_NYG_LV,NYG,LV,22,30,207,0,0,0,0,9,48,2,0,0,0,0,0,0,0,0,0,0,0,0
00-0040705,C.Dike,Chimere Dike,WR,2025,17,REG,2025_17_NO_TEN,TEN,NO,0,0,0,0,0,0,0,1,7,0,0,0,4,5,55,0,0,0,63,0.142857142857143,0.168900804289544,0
00-0040727,T.Harris,Tre Harris,WR,2025,17,REG,2025_17_HOU_LAC,LAC,HOU,0,0,0,0,0,0,0,1,7,0,0,0,1,1,8,0,0,0,-1,0.032258064516129,-0.00357142857142857,0
00-0040730,R.Harvey,RJ Harvey,RB,2025,17,REG,2025_17_DEN_KC,DEN,KC,0,0,0,0,0,0,0,14,43,0,0,0,5,6,33,1,0,0,-2,0.162162162162162,-0.00970873786407767,0
00-0040734,T.Henderson,TreVeyon Henderson,RB,2025,17,REG,2025_17_NE_NYJ,NE,NYJ,0,0,0,0,0,0,0,19,82,0,0,0,0,0,0,0,0,0,0,0,0,0
00-0040735,L.Burden,Luther Burden III,WR,2025,17,REG,2025_17_CHI_SF,CHI,SF,0,0,0,0,0,0,0,0,0,0,0,0,8,9,138,1,0,0,88,0.230769230769231,0.29042904290429,0
00-0040737,T.Ferguson,Terrance Ferguson,TE,2025,17,REG,2025_17_LA_ATL,LA,ATL,0,0,0,0,0,0,0,0,0,0,0,0,2,4,54,1,0,0,72,0.111111111111111,0.140350877192982,0
00-0040743,T.Shough,Tyler Shough,QB,2025,17,REG,2025_17_NO_TEN,NO,TEN,22,27,333,2,0,0,0,4,6,0,0,0,0,0,0,0,0,0,0,0,0,0
00-0040782,I.Bond,Isaiah Bond,WR,2025,17,REG,2025_17_PIT_CLE,CLE,PIT,0,0,0,0,0,0,0,0,0,0,0,0,1,1,16,0,0,0,15,0.0434782608695652,0.0793650793650794,0
00-0023459,A.Rodgers,Aaron Rodgers,QB,2025,18,REG,2025_18_BAL_PIT,PIT,BAL,31,47,294,1,0,0,0,1,20,0,0,0,0,0,0,0,0,0,0,0,0,0
00-0026158,J.Flacco,Joe Flacco,QB,2025,18,REG,2025_18_CLE_CIN,CIN,CLE,0,0,0,0,0,0,0,1,2,0,0,0,0,0,0,0,0,0,0,0,0,0
00-0026300,J.Johnson,Josh Johnson,QB,2025,18,REG,2025_18_WAS_PHI,WAS,PHI,14,22,131,1,1,0,0,9,45,1,1,0,0,0,0,0,0,0,0,0,0,0
00-0026498,M.Stafford,Matthew Stafford,QB,2025,18,REG,2025_18_ARI_LA,LA,ARI,25,40,259,4,0,0,0,1,3,0,0,0,0,0,0,0,0,0,0,0,0,0
00-0029604,K.Cousins,Kirk Cousins,QB,2025,18,REG,2025_18_NO_ATL,ATL,NO,18,32,180,1,1,0,0,3,0,0,0,0,0,0,0,0,0,0,0,0,0,0
00-0030035,A.Thielen,Adam Thielen,WR,2025,18,REG,2025_18_BAL_PIT,PIT,BAL,0,0,0,0,0,0,0,0,0,0,0,0,3,6,43,0,0,0,67,0.136363636363636,0.206153846153846,0
00-0030279,K.Allen,Keenan Allen,WR,2025,18,REG,2025_18_LAC_DEN,LAC,DEN,0,0,0,0,0,0,0,0,0,0,0,0,7,13,36,0,0,0,122,0.342105263157895,0.308860759493671,0
00-0030506,T.Kelce,Travis Kelce,TE,2025,18,REG,2025_18_KC_LV,KC,LV,0,0,0,0,0,0,0,0,0,0,0,0,3,6,12,0,0,0,48,0.2,0.2152466367713,0
00-0030564,D.Hopkins,DeAndre Hopkins,WR,2025,18,REG,2025_18_BAL_PIT,BAL,PIT,0,0,0,0,0,0,0,0,0,0,0,0,0,2,0,0,0,0,7,0.117647058823529,0.0395480225988701,0
00-0031345,J.Garoppolo,Jimmy Garoppolo,QB,2025,18,REG,2025_18_ARI_LA,LA,ARI,0,0,0,0,0,0,0,3,-3,0,0,0,0,0,0,0,0,0,0,0,0,0
00-0031408,M.Evans,Mike Evans,WR,2025,18,REG,2025_18_CAR_TB,TB,CAR,0,0,0,0,0,0,0,0,0,0,0,0,2,2,34,0,0,0,29,0.0909090909090909,0.204225352112676,0
00-0031484,C.Manhertz,Chris Manhertz,TE,2025,18,REG,2025_18_DAL_NYG,NYG,DAL,0,0,0,0,0,0,0,0,0,0,0,0,0,1,0,0,0,0,10,0.03125,0.0543478260869565,0
00-0031588,S.Diggs,Stefon Diggs,WR,2025,18,REG,2025_18_MIA_NE,NE,MIA,0,0,0,0,0,0,0,0,0,0,0,0,3,3,43,0,0,0,23,0.15,0.0894941634241245,0
00-0032104,A.Abdullah,Ameer Abdullah,RB,2025,18,REG,2025_18_IND_HOU,IND,HOU,0,0,0,0,0,0,0,1,1,0,0,0,2,2,24,0,0,0,0,0.0606060606060606,0,0
00-0032211,T.Lockett,Tyler Lockett,WR,2025,18,REG,2025_18_KC_LV,LV,KC,0,0,0,0,0,0,0,0,0,0,0,0,1,5,5,0,0,0,24,0.192307692307692,0.106194690265487,0
00-0032392,A.Hooper,Austin Hooper,TE,2025,18,REG,2025_18_MIA_NE,NE,MIA,0,0,0,0,0,0,0,0,0,0,0,0,1,1,5,0,0,0,3,0.05,0.0116731517509728,0
00-0032434,B.Allen,Brandon Allen,QB,2025,18,REG,2025_18_TEN_JAX,TEN,JAX,17,30,72,0,1,0,0,0,0,0,0,0,0,0,0,0,0,0,0,0,0,0
00-0032464,K.Raymond,Kalif Raymond,WR,2025,18,REG,2025_18_DET_CHI,DET,CHI,0,0,0,0,0,0,0,0,0,0,0,0,3,3,52,0,0,0,13,0.0833333333333333,0.052,0
00-0032764,D.Henry,Derrick Henry,RB,2025,18,REG,2025_18_BAL_PIT,BAL,PIT,0,0,0,0,0,0,0,20,126,0,0,0,0,1,0,0,0,0,-8,0.0588235294117647,-0.0451977401129944,0
00-0032775,D.Robinson,Demarcus Robinson,WR,2025,18,REG,2025_18_SEA_SF,SF,SEA,0,0,0,0,0,0,0,0,0,0,0,0,3,4,24,0,0,0,30,0.148148148148148,0.232558139534884,0
00-0033077,D.Prescott,Dak Prescott,QB,2025,18,REG,2025_18_DAL_NYG,DAL,NYG,7,11,70,0,0,0,0,2,-1,0,1,0,0,0,0,0,0,0,0,0,0,0
00-0033090,H.Henry,Hunter Henry,TE,2025,18,REG,2025_18_MIA_NE,NE,MIA,0,0,0,0,0,0,0,0,0,0,0,0,5,5,56,0,0,0,26,0.25,0.101167315175097,0
00-0033106,J.Goff,Jared Goff,QB,2025,18,REG,2025_18_DET_CHI,DET,CHI,27,42,331,1,1,0,0,0,0,0,0,0,0,0,0,0,0,0,0,0,0,0
00-0033110,T.Higbee,Tyler Higbee,TE,2025,18,REG,2025_18_ARI_LA,LA,ARI,0,0,0,0,0,0,0,0,0,0,0,0,5,6,91,1,0,0,82,0.162162162162162,0.22841225626741,0
00-0033119,J.Brissett,Jacoby Brissett,QB,2025,18,REG,2025_18_ARI_LA,ARI,LA,22,31,243,2,1,1,0,3,19,0,0,0,0,0,0,0,0,0,0,0,0,0
00-0033217,M.Alie-Cox,Mo Alie-Cox,TE,2025,18,REG,2025_18_IND_HOU,IND,HOU,0,0,0,0,0,0,0,0,0,0,0,0,3,4,22,0,0,0,11,0.121212121212121,0.0345911949685535,0
00-0033246,J.Mundt,Johnny Mundt,TE,2025,18,REG,2025_18_TEN_JAX,JAX,TEN,0,0,0,0,0,0,0,0,0,0,0,0,1,1,16,0,0,0,6,0.032258064516129,0.0203389830508475,0
00-0033280,C.McCaffrey,Christian McCaffrey,RB,2025,18,REG,2025_18_SEA_SF,SF,SEA,0,0,0,0,0,0,0,8,23,0,0,0,6,7,34,0,0,0,22,0.259259259259259,0.170542635658915,0
00-0033288,G.Kittle,George Kittle,TE,2025,18,REG,2025_18_SEA_SF,SF,SEA,0,0,0,0,0,0,0,0,0,0,0,0,5,7,29,0,0,0,29,0.259259259259259,0.224806201550388,0
00-0033307,K.Bourne,Kendrick Bourne,WR,2025,18,REG,2025_18_SEA_SF,SF,SEA,0,0,0,0,0,0,0,0,0,0,0,0,0,1,0,0,0,0,8,0.037037037037037,0.062015503875969,0
00-0033319,N.Mullens,Nick Mullens,QB,2025,18,REG,2025_18_TEN_JAX,JAX,TEN,2,2,16,0,0,0,0,3,-2,0,0,0,0,0,0,0,0,0,0,0,0,0
00-0033357,T.Hill,Taysom Hill,TE,2025,18,REG,2025_18_NO_ATL,NO,ATL,0,0,0,0,0,0,0,0,0,0,0,0,3,3,32,0,0,0,3,0.0882352941176471,0.0106761565836299,0
00-0033375,T.Patrick,Tim Patrick,WR,2025,18,REG,2025_18_TEN_JAX,JAX,TEN,0,0,0,0,0,0,0,0,0,0,0,0,1,1,4,0,0,0,1,0.032258064516129,0.00338983050847458,0
00-0033376,P.Ricard,Patrick Ricard,RB,2025,18,REG,2025_18_BAL_PIT,BAL,PIT,0,0,0,0,0,0,0,0,0,0,0,0,1,1,8,0,0,0,6,0.0588235294117647,0.0338983050847458,0
00-0033439,P.Brown,Pharaoh Brown,TE,2025,18,REG,2025_18_ARI_LA,ARI,LA,0,0,0,0,0,0,0,0,0,0,0,0,0,0,0,0,0,0,0,0,0,0
00-0033455,A.Firkser,Anthony Firkser,TE,2025,18,REG,2025_18_DET_CHI,DET,CHI,0,0,0,0,0,0,0,0,0,0,0,0,2,3,2,0,0,0,-7,0.0833333333333333,-0.028,0
00-0033526,S.Perine,Samaje Perine,RB,2025,18,REG,2025_18_CLE_CIN,CIN,CLE,0,0,0,0,0,0,0,8,42,0,0,0,3,4,10,0,0,0,-1,0.105263157894737,-0.00518134715025907,0
00-0033576,E.Saubert,Eric Saubert,TE,2025,18,REG,2025_18_SEA_SF,SEA,SF,0,0,0,0,0,0,0,0,0,0,0,0,2,3,10,0,0,0,0,0.115384615384615,0,0
00-0033854,D.Ogunbowale,Dare Ogunbowale,RB,2025,18,REG,2025_18_IND_HOU,HOU,IND,0,0,0,0,0,0,0,1,3,0,0,0,1,2,6,0,0,0,-2,0.0714285714285714,-0.0103626943005181,0
00-0033857,J.Smith-Schuster,JuJu Smith-Schuster,WR,2025,18,REG,2025_18_KC_LV,KC,LV,0,0,0,0,0,0,0,0,0,0,0,0,2,2,13,0,0,0,10,0.0666666666666667,0.0448430493273543,0
00-0033858,J.Smith,Jonnu Smith,TE,2025,18,REG,2025_18_BAL_PIT,PIT,BAL,0,0,0,0,0,0,0,1,2,0,0,0,1,2,2,0,0,0,30,0.0454545454545455,0.0923076923076923,0
00-0033869,M.Trubisky,Mitchell Trubisky,QB,2025,18,REG,2025_18_NYJ_BUF,BUF,NYJ,22,29,259,4,0,0,1,5,5,0,0,0,0,0,0,0,0,0,0,0,0,0
00-0033881,E.Engram,Evan Engram,TE,2025,18,REG,2025_18_LAC_DEN,DEN,LAC,0,0,0,0,0,0,0,0,0,0,0,0,3,4,45,0,0,0,30,0.173913043478261,1.15384615384615,0
00-0033908,C.Kupp,Cooper Kupp,WR,2025,18,REG,2025_18_SEA_SF,SEA,SF,0,0,0,0,0,0,0,0,0,0,0,0,2,3,29,0,0,0,20,0.115384615384615,0.158730158730159,0
00-0033921,C.Godwin,Chris Godwin Jr.,WR,2025,18,REG,2025_18_CAR_TB,TB,CAR,0,0,0,0,0,0,0,0,0,0,0,0,1,1,8,0,0,0,5,0.0454545454545455,0.0352112676056338,0
00-0033923,K.Hunt,Kareem Hunt,RB,2025,18,REG,2025_18_KC_LV,KC,LV,0,0,0,0,0,0,0,5,14,0,0,0,3,4,21,0,0,0,-4,0.133333333333333,-0.0179372197309417,0
00-0033949,J.Dobbs,Joshua Dobbs,QB,2025,18,REG,2025_18_MIA_NE,NE,MIA,3,4,23,0,0,0,0,3,0,0,0,0,0,0,0,0,0,0,0,0,0,0
00-0033955,J.McNichols,Jeremy McNichols,RB,2025,18,REG,2025_18_WAS_PHI,WAS,PHI,0,0,0,0,0,0,0,1,3,0,0,0,1,1,8,0,0,0,6,0.0526315789473684,0.0487804878048781,0
00-0034054,R.Cracraft,River Cracraft,WR,2025,18,REG,2025_18_WAS_PHI,WAS,PHI,0,0,0,0,0,0,0,0,0,0,0,0,0,0,0,0,0,0,0,0,0,0
00-0034159,W.Dissly,Will Dissly,TE,2025,18,REG,2025_18_LAC_DEN,LAC,DEN,0,0,0,0,0,0,0,0,0,0,0,0,1,5,6,0,0,0,37,0.131578947368421,0.0936708860759494,0
00-0034270,T.Conklin,Tyler Conklin,TE,2025,18,REG,2025_18_LAC_DEN,LAC,DEN,0,0,0,0,0,0,0,0,0,0,0,0,1,1,6,0,0,0,4,0.0263157894736842,0.010126582278481,0
00-0034272,M.Valdes-Scantling,Marquez Valdes-Scantling,WR,2025,18,REG,2025_18_BAL_PIT,PIT,BAL,0,0,0,0,0,0,0,0,0,0,0,0,5,7,34,0,0,0,77,0.159090909090909,0.236923076923077,0
00-0034348,C.Sutton,Courtland Sutton,WR,2025,18,REG,2025_18_LAC_DEN,DEN,LAC,0,0,0,0,0,0,0,0,0,0,0,0,1,2,5,0,0,0,9,0.0869565217391304,0.346153846153846,0
00-0034367,N.Miller-Hines,Nyheim Hines,RB,2025,18,REG,2025_18_NO_ATL,NO,ATL,0,0,0,0,0,0,0,0,0,0,0,0,0,0,0,0,0,0,0,0,0,0
00-0034383,D.Schultz,Dalton Schultz,TE,2025,18,REG,2025_18_IND_HOU,HOU,IND,0,0,0,0,0,0,0,0,0,0,0,0,4,4,73,0,0,0,37,0.142857142857143,0.191709844559585,0
00-0034386,J.Watson,Justin Watson,WR,2025,18,REG,2025_18_IND_HOU,HOU,IND,0,0,0,0,0,0,0,0,0,0,0,0,0,0,0,0,0,0,0,0,0,0
00-0034418,C.Wilson,Cedrick Wilson Jr.,WR,2025,18,REG,2025_18_MIA_NE,MIA,NE,0,0,0,0,0,0,0,0,0,0,0,0,0,2,0,0,0,0,18,0.0833333333333333,0.1125,0
00-0034753,M.Andrews,Mark Andrews,TE,2025,18,REG,2025_18_BAL_PIT,BAL,PIT,0,0,0,0,0,0,0,0,0,0,0,0,2,3,14,0,0,0,12,0.176470588235294,0.0677966101694915,0
00-0034775,C.Kirk,Christian Kirk,WR,2025,18,REG,2025_18_IND_HOU,HOU,IND,0,0,0,0,0,0,0,0,0,0,0,0,1,2,-3,0,0,0,-3,0.0714285714285714,-0.0155440414507772,0
00-0034796,L.Jackson,Lamar Jackson,QB,2025,18,REG,2025_18_BAL_PIT,BAL,PIT,11,18,238,3,1,0,0,4,9,0,0,0,0,0,0,0,0,0,0,0,0,0
00-0034798,D.Smythe,Durham Smythe,TE,2025,18,REG,2025_18_DET_CHI,CHI,DET,0,0,0,0,0,0,0,0,0,0,0,0,0,0,0,0,0,0,0,0,0,0
00-0034827,D.Moore,DJ Moore,WR,2025,18,REG,2025_18_DET_CHI,CHI,DET,0,0,0,0,0,0,0,0,0,0,0,0,1,3,11,0,0,0,47,0.103448275862069,0.180769230769231,0
00-0034829,M.Gesicki,Mike Gesicki,TE,2025,18,REG,2025_18_CLE_CIN,CIN,CLE,0,0,0,0,0,0,0,0,0,0,0,0,2,2,13,0,0,0,8,0.0526315789473684,0.0414507772020725,0
00-0034855,B.Mayfield,Baker Mayfield,QB,2025,18,REG,2025_18_CAR_TB,TB,CAR,16,22,203,1,1,0,0,4,31,0,0,0,0,0,0,0,0,0,0,0,0,0
00-0034860,D.Pettis,Dante Pettis,WR,2025,18,REG,2025_18_NO_ATL,NO,ATL,0,0,0,0,0,0,0,0,0,0,0,0,5,5,60,0,0,0,14,0.147058823529412,0.0498220640569395,0
00-0034869,S.Darnold,Sam Darnold,QB,2025,18,REG,2025_18_SEA_SF,SEA,SF,20,26,198,0,0,0,0,6,9,0,0,0,0,0,0,0,0,0,0,0,0,0
00-0034928,S.Sims,Steven Sims,WR,2025,18,REG,2025_18_ARI_LA,ARI,LA,0,0,0,0,0,0,0,0,0,0,0,0,0,0,0,0,0,0,0,0,0,0
00-0034960,J.Meyers,Jakobi Meyers,WR,2025,18,REG,2025_18_TEN_JAX,JAX,TEN,0,0,0,0,0,0,0,0,0,0,0,0,5,6,44,0,0,0,44,0.193548387096774,0.149152542372881,0
00-0035021,A.Dulin,Ashton Dulin,WR,2025,18,REG,2025_18_IND_HOU,IND,HOU,0,0,0,0,0,0,0,0,0,0,0,0,0,2,0,0,0,0,53,0.0606060606060606,0.166666666666667,0
00-0035249,J.Oliver,Josh Oliver,TE,2025,18,REG,2025_18_GB_MIN,MIN,GB,0,0,0,0,0,0,0,0,0,0,0,0,2,2,29,0,0,0,6,0.0666666666666667,0.0303030303030303,0
00-0035250,D.Singletary,Devin Singletary,RB,2025,18,REG,2025_18_DAL_NYG,NYG,DAL,0,0,0,0,0,0,1,9,26,1,0,0,0,0,0,0,0,0,0,0,0,0
00-0035261,T.Pollard,Tony Pollard,RB,2025,18,REG,2025_18_TEN_JAX,TEN,JAX,0,0,0,0,0,0,0,14,48,0,0,0,3,3,17,0,0,0,-10,0.0909090909090909,-0.078740157480315,0
00-0035291,T.Williams,Trayveon Williams,RB,2025,18,REG,2025_18_CLE_CIN,CLE,CIN,0,0,0,0,0,0,0,1,7,0,0,0,1,2,13,0,0,0,-9,0.0952380952380952,-0.0459183673469388,0
00-0035298,S.Miller,Scott Miller,WR,2025,18,REG,2025_18_BAL_PIT,PIT,BAL,0,0,0,0,0,0,0,0,0,0,0,0,2,2,9,0,0,0,2,0.0454545454545455,0.00615384615384615,0
00-0035359,D.Sills,David Sills,WR,2025,18,REG,2025_18_NO_ATL,ATL,NO,0,0,0,0,0,0,0,0,0,0,0,0,1,1,11,0,0,0,4,0.0333333333333333,0.0180995475113122,0
00-0035535,D.Slayton,Darius Slayton,WR,2025,18,REG,2025_18_DAL_NYG,NYG,DAL,0,0,0,0,0,0,0,0,0,0,0,0,4,9,34,0,0,1,39,0.28125,0.21195652173913,0
00-0035537,Ty.Johnson,Ty Johnson,RB,2025,18,REG,2025_18_NYJ_BUF,BUF,NYJ,0,0,0,0,0,0,0,13,36,1,0,0,2,2,20,1,0,0,4,0.0714285714285714,0.0201005025125628,0
00-0035544,T.Kennedy,Tom Kennedy,WR,2025,18,REG,2025_18_DET_CHI,DET,CHI,0,0,0,0,0,0,0,0,0,0,0,0,0,0,0,0,0,0,0,0,0,0
00-0035594,T.Homer,Travis Homer,RB,2025,18,REG,2025_18_DET_CHI,CHI,DET,0,0,0,0,0,0,0,0,0,0,0,0,0,0,0,0,0,0,0,0,0,0
00-0035602,A.Bachman,Alex Bachman,WR,2025,18,REG,2025_18_KC_LV,LV,KC,0,0,0,0,0,0,0,0,0,0,0,0,0,0,0,0,0,0,0,0,0,0
00-0035628,D.Johnson,D'Ernest Johnson,RB,2025,18,REG,2025_18_MIA_NE,NE,MIA,0,0,0,0,0,0,0,5,13,0,0,0,0,0,0,0,0,0,0,0,0,0
00-0035631,D.Sample,Drew Sample,TE,2025,18,REG,2025_18_CLE_CIN,CIN,CLE,0,0,0,0,0,0,0,0,0,0,0,0,3,3,17,0,0,0,-3,0.0789473684210526,-0.0155440414507772,0
00-0035644,N.Fant,Noah Fant,TE,2025,18,REG,2025_18_CLE_CIN,CIN,CLE,0,0,0,0,0,0,0,0,0,0,0,0,1,1,5,0,1,0,-1,0.0263157894736842,-0.00518134715025907,0
00-0035645,G.Olszewski,Gunner Olszewski,WR,2025,18,REG,2025_18_DAL_NYG,NYG,DAL,0,1,0,0,0,0,0,0,0,0,0,0,8,9,102,0,0,0,76,0.28125,0.41304347826087,0
00-0035659,T.McLaurin,Terry McLaurin,WR,2025,18,REG,2025_18_WAS_PHI,WAS,PHI,0,0,0,0,0,0,0,0,0,0,0,0,4,4,57,0,0,0,45,0.210526315789474,0.365853658536585,0
00-0035662,M.Brown,Marquise Brown,WR,2025,18,REG,2025_18_KC_LV,KC,LV,0,0,0,0,0,0,0,0,0,0,0,0,3,6,64,0,0,0,132,0.2,0.591928251121076,0
00-0035685,D.Montgomery,David Montgomery,RB,2025,18,REG,2025_18_DET_CHI,DET,CHI,0,0,0,0,0,0,0,8,42,0,0,0,1,1,13,0,0,0,2,0.0277777777777778,0.008,0
00-0035689,D.Knox,Dawson Knox,TE,2025,18,REG,2025_18_NYJ_BUF,BUF,NYJ,0,0,0,0,0,0,0,0,0,0,0,0,2,2,24,1,0,0,21,0.0714285714285714,0.105527638190955,0
00-0035719,D.Samuel,Deebo Samuel Sr.,WR,2025,18,REG,2025_18_WAS_PHI,WAS,PHI,0,0,0,0,0,0,0,2,1,0,0,0,2,5,20,0,0,0,16,0.263157894736842,0.130081300813008,0
00-0036040,J.Johnson,Juwan Johnson,TE,2025,18,REG,2025_18_NO_ATL,NO,ATL,0,0,0,0,0,0,0,0,0,0,0,0,3,5,61,0,1,0,78,0.147058823529412,0.277580071174377,0
00-0036133,J.Proche,James Proche,WR,2025,18,REG,2025_18_TEN_JAX,TEN,JAX,0,0,0,0,0,0,0,0,0,0,0,0,1,1,5,0,0,0,5,0.0303030303030303,0.0393700787401575,0
00-0036139,R.Dowdle,Rico Dowdle,RB,2025,18,REG,2025_18_CAR_TB,CAR,TB,0,0,0,0,0,0,0,7,10,0,1,0,2,2,20,0,0,0,-15,0.0666666666666667,-0.0592885375494071,0
00-0036165,I.Hodgins,Isaiah Hodgins,WR,2025,18,REG,2025_18_DAL_NYG,NYG,DAL,0,0,0,0,0,0,0,0,0,0,0,0,0,2,0,0,0,0,37,0.0625,0.201086956521739,0
00-0036176,M.Kinsey,Mason Kinsey,WR,2025,18,REG,2025_18_TEN_JAX,TEN,JAX,0,0,0,0,0,0,0,0,0,0,0,0,0,0,0,0,0,0,0,0,0,0
00-0036182,N.Westbrook-Ikhine,Nick Westbrook-Ikhine,WR,2025,18,REG,2025_18_MIA_NE,MIA,NE,0,0,0,0,0,0,0,0,0,0,0,0,0,0,0,0,0,0,0,0,0,0
00-0036187,R.Gilliam,Reggie Gilliam,RB,2025,18,REG,2025_18_NYJ_BUF,BUF,NYJ,0,0,0,0,0,0,0,2,4,0,0,0,1,1,22,0,0,0,21,0.0357142857142857,0.105527638190955,0
00-0036196,G.Davis,Gabe Davis,WR,2025,18,REG,2025_18_NYJ_BUF,BUF,NYJ,0,0,0,0,0,0,0,0,0,0,0,0,5,7,41,1,0,0,54,0.25,0.271356783919598,0
00-0036223,J.Taylor,Jonathan Taylor,RB,2025,18,REG,2025_18_IND_HOU,IND,HOU,0,0,0,0,0,0,0,14,26,0,0,0,2,2,13,0,0,0,1,0.0606060606060606,0.00314465408805031,0
00-0036244,C.Parkinson,Colby Parkinson,TE,2025,18,REG,2025_18_ARI_LA,LA,ARI,0,0,0,0,0,0,0,0,0,0,0,0,4,7,36,2,0,0,55,0.189189189189189,0.153203342618384,0
00-0036252,M.Pittman,Michael Pittman,WR,2025,18,REG,2025_18_IND_HOU,IND,HOU,0,0,0,0,0,0,0,0,0,0,0,0,2,4,11,0,0,0,31,0.121212121212121,0.0974842767295597,0
00-0036259,J.Jennings,Jauan Jennings,WR,2025,18,REG,2025_18_SEA_SF,SF,SEA,0,0,0,0,0,0,0,0,0,0,0,0,4,6,35,0,0,0,36,0.222222222222222,0.27906976744186,0
00-0036265,A.Dillon,AJ Dillon,RB,2025,18,REG,2025_18_WAS_PHI,PHI,WAS,0,0,0,0,0,0,0,0,0,0,0,0,1,1,3,0,0,0,3,0.0294117647058824,0.00783289817232376,0
00-0036275,D.Swift,D'Andre Swift,RB,2025,18,REG,2025_18_DET_CHI,CHI,DET,0,0,0,0,0,0,0,10,40,0,0,0,1,2,8,0,0,0,12,0.0689655172413793,0.0461538461538462,0
00-0036290,C.Kmet,Cole Kmet,TE,2025,18,REG,2025_18_DET_CHI,CHI,DET,0,0,0,0,0,0,0,0,0,0,0,0,2,3,16,0,0,1,-4,0.103448275862069,-0.0153846153846154,0
00-0036309,D.Mooney,Darnell Mooney,WR,2025,18,REG,2025_18_NO_ATL,ATL,NO,0,0,0,0,0,0,0,0,0,0,0,0,3,7,20,0,0,0,89,0.233333333333333,0.402714932126697,0
00-0036322,J.Jefferson,Justin Jefferson,WR,2025,18,REG,2025_18_GB_MIN,MIN,GB,0,0,0,0,0,0,0,1,3,0,0,0,8,11,101,0,0,0,69,0.366666666666667,0.348484848484849,0
00-0036331,D.Duvernay,Devin Duvernay,WR,2025,18,REG,2025_18_DET_CHI,CHI,DET,0,0,0,0,0,0,0,0,0,0,0,0,0,0,0,0,0,0,0,0,0,0
00-0036332,J.Deguara,Josiah Deguara,TE,2025,18,REG,2025_18_ARI_LA,ARI,LA,0,0,0,0,0,0,0,0,0,0,0,0,2,2,15,1,0,0,11,0.0714285714285714,0.0438247011952191,0
00-0036358,C.Lamb,CeeDee Lamb,WR,2025,18,REG,2025_18_DAL_NYG,DAL,NYG,0,0,0,0,0,0,0,0,0,0,0,0,1,1,4,0,0,0,4,0.0434782608695652,0.0224719101123596,0
00-0036407,J.Jeudy,Jerry Jeudy,WR,2025,18,REG,2025_18_CLE_CIN,CLE,CIN,0,0,0,0,0,0,0,1,5,0,0,0,2,6,17,0,0,0,84,0.285714285714286,0.428571428571429,0
00-0036410,T.Higgins,Tee Higgins,WR,2025,18,REG,2025_18_CLE_CIN,CIN,CLE,0,0,0,0,0,0,0,0,0,0,0,0,6,9,67,1,0,0,106,0.236842105263158,0.549222797927461,0
00-0036414,C.Akers,Cam Akers,RB,2025,18,REG,2025_18_SEA_SF,SEA,SF,0,0,0,0,0,0,0,0,0,0,0,0,0,0,0,0,0,0,0,0,0,0
00-0036425,D.Dallas,DeeJay Dallas,RB,2025,18,REG,2025_18_TEN_JAX,JAX,TEN,0,0,0,0,0,0,0,0,0,0,0,0,0,0,0,0,0,0,0,0,0,0
00-0036442,J.Burrow,Joe Burrow,QB,2025,18,REG,2025_18_CLE_CIN,CIN,CLE,29,39,236,3,1,0,0,2,17,0,0,0,0,0,0,0,0,0,0,0,0,0
00-0036555,C.Hubbard,Chuba Hubbard,RB,2025,18,REG,2025_18_CAR_TB,CAR,TB,0,0,0,0,0,0,0,5,10,0,0,0,2,2,7,0,0,0,2,0.0666666666666667,0.00790513833992095,0
00-0036590,Q.Morris,Quintin Morris,TE,2025,18,REG,2025_18_TEN_JAX,JAX,TEN,0,0,0,0,0,0,0,0,0,0,0,0,1,1,5,1,0,0,2,0.032258064516129,0.00677966101694915,0
00-0036626,D.Brown,Dyami Brown,WR,2025,18,REG,2025_18_TEN_JAX,JAX,TEN,0,0,0,0,0,0,0,0,0,0,0,0,1,1,8,0,0,0,8,0.032258064516129,0.0271186440677966,0
00-0036628,J.Bates,John Bates,TE,2025,18,REG,2025_18_WAS_PHI,WAS,PHI,0,0,0,0,0,0,0,0,0,0,0,0,2,2,13,1,0,0,-2,0.105263157894737,-0.016260162601626,0
00-0036637,N.Gray,Noah Gray,TE,2025,18,REG,2025_18_KC_LV,KC,LV,0,0,0,0,0,0,0,0,0,0,0,0,3,5,30,0,0,0,25,0.166666666666667,0.112107623318386,0
00-0036679,S.Buechele,Shane Buechele,QB,2025,18,REG,2025_18_KC_LV,KC,LV,7,14,88,0,0,0,0,1,4,0,0,0,0,0,0,0,0,0,0,0,0,0
00-0036755,J.Patterson,Jaret Patterson,RB,2025,18,REG,2025_18_LAC_DEN,LAC,DEN,0,0,0,0,0,0,0,8,29,0,0,0,3,4,8,0,0,0,-1,0.105263157894737,-0.00253164556962025,0
00-0036825,F.Franks,Feleipe Franks,TE,2025,18,REG,2025_18_NO_ATL,ATL,NO,0,0,0,0,0,0,0,0,0,0,0,0,0,0,0,0,0,0,0,0,0,0
00-0036842,K.Nwangwu,Kene Nwangwu,RB,2025,18,REG,2025_18_NYJ_BUF,NYJ,BUF,0,0,0,0,0,0,0,7,18,0,0,0,0,1,0,0,0,0,-6,0.0454545454545455,-0.0821917808219178,0
00-0036849,T.Atwell,Tutu Atwell,WR,2025,18,REG,2025_18_ARI_LA,LA,ARI,0,0,0,0,0,0,0,0,0,0,0,0,1,3,19,0,0,0,55,0.0810810810810811,0.153203342618384,0
00-0036862,B.Skowronek,Ben Skowronek,WR,2025,18,REG,2025_18_BAL_PIT,PIT,BAL,0,0,0,0,0,0,0,0,0,0,0,0,0,0,0,0,0,0,0,0,0,0
00-0036875,R.Stevenson,Rhamondre Stevenson,RB,2025,18,REG,2025_18_MIA_NE,NE,MIA,0,0,0,0,0,0,0,7,131,2,0,0,2,2,22,1,0,0,7,0.1,0.0272373540856031,0
00-0036876,K.Granson,Kylen Granson,TE,2025,18,REG,2025_18_WAS_PHI,PHI,WAS,0,0,0,0,0,0,0,0,0,0,0,0,4,5,30,0,0,0,31,0.147058823529412,0.0809399477806789,0
00-0036894,P.Freiermuth,Pat Freiermuth,TE,2025,18,REG,2025_18_BAL_PIT,PIT,BAL,0,0,0,0,0,0,0,0,0,0,0,0,3,5,51,0,0,0,44,0.113636363636364,0.135384615384615,0
00-0036898,D.Mills,Davis Mills,QB,2025,18,REG,2025_18_IND_HOU,HOU,IND,3,9,36,0,0,0,0,1,12,0,0,0,0,0,0,0,0,0,0,0,0,0
00-0036900,J.Chase,Ja'Marr Chase,WR,2025,18,REG,2025_18_CLE_CIN,CIN,CLE,0,0,0,0,0,0,0,0,0,0,0,0,8,10,96,1,0,0,86,0.263157894736842,0.44559585492228,0
00-0036906,K.Herbert,Khalil Herbert,RB,2025,18,REG,2025_18_NYJ_BUF,NYJ,BUF,0,0,0,0,0,0,0,12,42,0,0,0,1,2,4,0,0,0,-6,0.0909090909090909,-0.0821917808219178,0
00-0036912,D.Smith,DeVonta Smith,WR,2025,18,REG,2025_18_WAS_PHI,PHI,WAS,0,0,0,0,0,0,0,0,0,0,0,0,3,4,52,0,0,0,62,0.117647058823529,0.161879895561358,0
00-0036919,K.Gainwell,Kenny Gainwell,RB,2025,18,REG,2025_18_BAL_PIT,PIT,BAL,0,0,0,0,0,0,0,5,10,1,0,0,8,9,64,0,0,0,-2,0.204545454545455,-0.00615384615384615,0
00-0036924,M.Carter,Michael Carter,RB,2025,18,REG,2025_18_ARI_LA,ARI,LA,0,0,0,0,0,0,0,7,18,0,0,0,3,3,21,0,0,0,-6,0.107142857142857,-0.0239043824701195,0
00-0036963,A.St. Brown,Amon-Ra St. Brown,WR,2025,18,REG,2025_18_DET_CHI,DET,CHI,0,0,0,0,0,0,0,0,0,0,0,0,11,15,139,0,0,0,145,0.416666666666667,0.58,0
00-0036970,K.Pitts,Kyle Pitts,TE,2025,18,REG,2025_18_NO_ATL,ATL,NO,0,0,0,0,0,0,0,0,0,0,0,0,6,9,58,0,0,0,39,0.3,0.176470588235294,0
00-0036971,T.Lawrence,Trevor Lawrence,QB,2025,18,REG,2025_18_TEN_JAX,JAX,TEN,22,30,255,3,0,0,0,2,11,0,0,0,0,0,0,0,0,0,0,0,0,0
00-0036973,T.Etienne,Travis Etienne,RB,2025,18,REG,2025_18_TEN_JAX,JAX,TEN,0,0,0,0,0,0,0,14,32,0,0,0,1,1,6,0,0,0,1,0.032258064516129,0.00338983050847458,0
00-0036988,J.Palmer,Josh Palmer,WR,2025,18,REG,2025_18_NYJ_BUF,BUF,NYJ,0,0,0,0,0,0,0,0,0,0,0,0,1,3,1,0,0,0,5,0.107142857142857,0.0251256281407035,0
00-0037005,T.Tremble,Tommy Tremble,TE,2025,18,REG,2025_18_CAR_TB,CAR,TB,0,0,0,0,0,0,0,0,0,0,0,0,3,4,38,1,0,0,23,0.133333333333333,0.0909090909090909,0
00-0037012,T.Lance,Trey Lance,QB,2025,18,REG,2025_18_LAC_DEN,LAC,DEN,20,44,136,0,1,1,0,9,69,0,0,0,0,0,0,0,0,0,0,0,0,0
00-0037013,Z.Wilson,Zach Wilson,QB,2025,18,REG,2025_18_MIA_NE,MIA,NE,0,2,0,0,0,0,0,0,0,0,0,0,0,0,0,0,0,0,0,0,0,0
00-0037015,S.Cannella,Sal Cannella,TE,2025,18,REG,2025_18_CLE_CIN,CLE,CIN,0,0,0,0,0,0,0,0,0,0,0,0,0,1,0,0,0,0,37,0.0476190476190476,0.188775510204082,0
00-0037031,N.Kalinic,Nikola Kalinic,TE,2025,18,REG,2025_18_DET_CHI,CHI,DET,0,0,0,0,0,0,0,0,0,0,0,0,0,0,0,0,0,0,0,0,0,0
00-0037085,T.Badie,Tyler Badie,RB,2025,18,REG,2025_18_LAC_DEN,DEN,LAC,0,0,0,0,0,0,0,2,-2,0,0,0,2,2,28,0,0,0,-13,0.0869565217391304,-0.5,0
00-0037086,G.Calcaterra,Grant Calcaterra,TE,2025,18,REG,2025_18_WAS_PHI,PHI,WAS,0,0,0,0,0,0,0,0,0,0,0,0,2,3,21,1,0,0,24,0.0882352941176471,0.0626631853785901,0
00-0037091,B.Melton,Bo Melton,WR,2025,18,REG,2025_18_GB_MIN,GB,MIN,0,0,0,0,0,0,0,0,0,0,0,0,0,1,0,0,0,0,-2,0.1,-0.0740740740740741,0
00-0037098,S.Toure,Samori Toure,WR,2025,18,REG,2025_18_NO_ATL,NO,ATL,0,0,0,0,0,0,0,0,0,0,0,0,1,3,3,0,0,0,30,0.0882352941176471,0.106761565836299,0
00-0037120,T.Goodson,Tyler Goodson,RB,2025,18,REG,2025_18_IND_HOU,IND,HOU,0,0,0,0,0,0,0,1,3,0,0,0,0,0,0,0,0,0,0,0,0,0
00-0037132,B.Covey,Britain Covey,WR,2025,18,REG,2025_18_WAS_PHI,PHI,WAS,0,0,0,0,0,0,0,0,0,0,0,0,2,4,20,0,0,0,8,0.117647058823529,0.02088772845953,0
00-0037228,J.Warren,Jaylen Warren,RB,2025,18,REG,2025_18_BAL_PIT,PIT,BAL,0,0,0,0,0,0,0,14,66,0,0,0,5,5,33,0,0,0,-23,0.113636363636364,-0.0707692307692308,0
00-0037231,K.Austin,Kevin Austin Jr.,WR,2025,18,REG,2025_18_NO_ATL,NO,ATL,0,0,0,0,0,0,0,0,0,0,0,0,4,9,37,0,0,0,65,0.264705882352941,0.231316725978648,0
00-0037238,D.London,Drake London,WR,2025,18,REG,2025_18_NO_ATL,ATL,NO,0,0,0,0,0,0,0,0,0,0,0,0,4,8,78,1,0,0,112,0.266666666666667,0.506787330316742,0
00-0037240,J.Williams,Jameson Williams,WR,2025,18,REG,2025_18_DET_CHI,DET,CHI,0,0,0,0,0,0,0,0,0,0,0,0,6,8,74,0,0,0,35,0.222222222222222,0.14,0
00-0037247,G.Pickens,George Pickens,WR,2025,18,REG,2025_18_DAL_NYG,DAL,NYG,0,0,0,0,0,0,0,0,0,0,0,0,1,3,9,0,0,0,12,0.130434782608696,0.0674157303370787,0
00-0037248,J.Cook,James Cook,RB,2025,18,REG,2025_18_NYJ_BUF,BUF,NYJ,0,0,0,0,0,0,0,2,15,0,0,0,0,0,0,0,0,0,0,0,0,0
00-0037252,G.Dulcich,Greg Dulcich,TE,2025,18,REG,2025_18_MIA_NE,MIA,NE,0,0,0,0,0,0,0,0,0,0,0,0,3,4,31,0,0,0,15,0.166666666666667,0.09375,0
00-0037256,R.White,Rachaad White,RB,2025,18,REG,2025_18_CAR_TB,TB,CAR,0,0,0,0,0,0,0,7,23,0,0,0,2,2,18,0,0,0,-6,0.0909090909090909,-0.0422535211267606,0
00-0037258,D.Pierce,Dameon Pierce,RB,2025,18,REG,2025_18_KC_LV,KC,LV,0,0,0,0,0,0,0,4,10,0,0,0,0,0,0,0,0,0,0,0,0,0
00-0037263,T.Allgeier,Tyler Allgeier,RB,2025,18,REG,2025_18_NO_ATL,ATL,NO,0,0,0,0,0,0,0,7,16,0,0,0,1,2,3,0,0,0,-1,0.0666666666666667,-0.00452488687782806,0
00-0037276,T.Chandler,Ty Chandler,RB,2025,18,REG,2025_18_GB_MIN,MIN,GB,0,0,0,0,0,0,0,10,23,0,0,0,3,4,11,0,0,0,-20,0.133333333333333,-0.101010101010101,0
00-0037291,J.Nailor,Jalen Nailor,WR,2025,18,REG,2025_18_GB_MIN,MIN,GB,0,0,0,0,0,0,0,0,0,0,0,0,3,3,49,0,0,0,35,0.1,0.176767676767677,0
00-0037324,C.Oladokun,Chris Oladokun,QB,2025,18,REG,2025_18_KC_LV,KC,LV,11,17,58,0,0,1,0,1,0,0,1,0,0,0,0,0,0,0,0,0,0,0
00-0037487,D.Thompkins,Deven Thompkins,WR,2025,18,REG,2025_18_NO_ATL,ATL,NO,0,0,0,0,0,0,0,0,0,0,0,0,0,0,0,0,0,0,0,0,0,0
00-0037525,J.Mason,Jordan Mason,RB,2025,18,REG,2025_18_GB_MIN,MIN,GB,0,0,0,0,0,0,0,14,94,0,0,0,0,0,0,0,0,0,0,0,0,0
00-0037545,R.Shaheed,Rashid Shaheed,WR,2025,18,REG,2025_18_SEA_SF,SEA,SF,0,0,0,0,0,0,0,0,0,0,0,0,1,1,2,0,0,0,2,0.0384615384615385,0.0158730158730159,0
00-0037557,R.Rivers,Ronnie Rivers,RB,2025,18,REG,2025_18_ARI_LA,LA,ARI,0,0,0,0,0,0,0,0,0,0,0,0,0,0,0,0,0,0,0,0,0,0
00-0037594,J.Chestnut,Julius Chestnut,RB,2025,18,REG,2025_18_TEN_JAX,TEN,JAX,0,0,0,0,0,0,0,0,0,0,0,0,0,0,0,0,0,0,0,0,0,0
00-0037614,J.Metchie,John Metchie III,WR,2025,18,REG,2025_18_NYJ_BUF,NYJ,BUF,0,0,0,0,0,0,0,0,0,0,0,0,3,4,20,0,0,0,12,0.181818181818182,0.164383561643836,0
00-0037617,H.Haskins,Hassan Haskins,RB,2025,18,REG,2025_18_LAC_DEN,LAC,DEN,0,0,0,0,0,0,0,1,3,0,0,0,0,0,0,0,0,0,0,0,0,0
00-0037664,A.Pierce,Alec Pierce,WR,2025,18,REG,2025_18_IND_HOU,IND,HOU,0,0,0,0,0,0,0,0,0,0,0,0,4,7,132,2,0,0,130,0.212121212121212,0.408805031446541,0
00-0037666,J.Tolbert,Jalen Tolbert,WR,2025,18,REG,2025_18_DAL_NYG,DAL,NYG,0,0,0,0,0,0,0,0,0,0,0,0,0,1,0,0,0,0,21,0.0434782608695652,0.117977528089888,0
00-0037741,J.Dotson,Jahan Dotson,WR,2025,18,REG,2025_18_WAS_PHI,PHI,WAS,0,0,0,0,0,0,0,0,0,0,0,0,3,8,40,0,0,0,139,0.235294117647059,0.362924281984334,0
00-0037742,T.Burks,Treylon Burks,WR,2025,18,REG,2025_18_WAS_PHI,WAS,PHI,0,0,0,0,0,0,0,0,0,0,0,0,2,4,12,0,0,0,44,0.210526315789474,0.357723577235772,0
00-0037744,T.McBride,Trey McBride,TE,2025,18,REG,2025_18_ARI_LA,ARI,LA,0,0,0,0,0,0,0,0,0,0,0,0,7,8,65,0,0,0,39,0.285714285714286,0.155378486055777,0
00-0037746,B.Robinson,Brian Robinson,RB,2025,18,REG,2025_18_SEA_SF,SF,SEA,0,0,0,0,0,0,0,2,9,0,0,0,0,0,0,0,0,0,0,0,0,0
00-0037801,K.Turpin,KaVontae Turpin,WR,2025,18,REG,2025_18_DAL_NYG,DAL,NYG,0,0,0,0,0,0,0,1,7,0,0,0,0,1,0,0,0,0,35,0.0434782608695652,0.196629213483146,0
00-0037809,C.Okonkwo,Chig Okonkwo,TE,2025,18,REG,2025_18_TEN_JAX,TEN,JAX,0,0,0,0,0,0,0,0,0,0,0,0,2,5,2,0,0,0,15,0.151515151515152,0.118110236220472,0
00-0037834,B.Purdy,Brock Purdy,QB,2025,18,REG,2025_18_SEA_SF,SF,SEA,19,27,127,0,1,0,0,2,21,0,0,0,0,0,0,0,0,0,0,0,0,0
00-0037837,C.Austin,Calvin Austin III,WR,2025,18,REG,2025_18_BAL_PIT,PIT,BAL,0,0,0,0,0,0,0,0,0,0,0,0,3,7,55,1,0,0,109,0.159090909090909,0.335384615384615,0
00-0037838,I.Likely,Isaiah Likely,TE,2025,18,REG,2025_18_BAL_PIT,BAL,PIT,0,0,0,0,0,0,0,0,0,0,0,0,2,2,32,0,0,0,24,0.117647058823529,0.135593220338983,0
00-0037840,K.Williams,Kyren Williams,RB,2025,18,REG,2025_18_ARI_LA,LA,ARI,0,0,0,0,0,0,0,12,60,0,0,0,3,5,21,0,0,0,18,0.135135135135135,0.0501392757660167,0
00-0038040,Z.White,Zamir White,RB,2025,18,REG,2025_18_KC_LV,LV,KC,0,0,0,0,0,0,0,1,5,0,0,0,1,1,5,0,0,0,-3,0.0384615384615385,-0.0132743362831858,0
00-0038041,J.Ferguson,Jake Ferguson,TE,2025,18,REG,2025_18_DAL_NYG,DAL,NYG,0,0,0,0,0,0,0,0,0,0,0,0,1,2,5,0,0,0,0,0.0869565217391304,0,0
00-0038090,S.Moore,Skyy Moore,WR,2025,18,REG,2025_18_SEA_SF,SF,SEA,0,0,0,0,0,0,0,0,0,0,0,0,0,0,0,0,0,0,0,0,0,0
00-0038102,K.Pickett,Kenny Pickett,QB,2025,18,REG,2025_18_KC_LV,LV,KC,1,4,3,0,1,0,0,1,9,0,0,0,0,0,0,0,0,0,0,0,0,0
00-0038115,D.Bellinger,Daniel Bellinger,TE,2025,18,REG,2025_18_DAL_NYG,NYG,DAL,0,0,0,0,0,0,0,0,0,0,0,0,2,2,38,1,0,0,4,0.0625,0.0217391304347826,0
00-0038129,C.Otton,Cade Otton,TE,2025,18,REG,2025_18_CAR_TB,TB,CAR,0,0,0,0,0,0,0,0,0,0,0,0,7,9,94,1,0,0,47,0.409090909090909,0.330985915492958,0
00-0038134,K.Walker,Kenneth Walker III,RB,2025,18,REG,2025_18_SEA_SF,SEA,SF,0,0,0,0,0,0,0,16,97,0,0,0,4,4,36,0,0,0,-14,0.153846153846154,-0.111111111111111,0
00-0038359,X.Smith,Xavier Smith,WR,2025,18,REG,2025_18_ARI_LA,LA,ARI,0,0,0,0,0,0,0,0,0,0,0,0,1,2,6,0,0,0,37,0.0540540540540541,0.103064066852368,0
00-0038397,E.Hull,Evan Hull,RB,2025,18,REG,2025_18_NO_ATL,NO,ATL,0,0,0,0,0,0,0,2,11,0,0,0,0,0,0,0,0,0,0,0,0,0
00-0038400,T.McKee,Tanner McKee,QB,2025,18,REG,2025_18_WAS_PHI,PHI,WAS,21,40,241,1,1,0,0,2,3,0,0,0,0,0,0,0,0,0,0,0,0,0
00-0038440,Z.Scott,Zavier Scott,RB,2025,18,REG,2025_18_GB_MIN,MIN,GB,0,0,0,0,0,0,0,3,9,0,0,0,1,1,8,0,0,0,0,0.0333333333333333,0,0
00-0038454,K.Mitchell,Keaton Mitchell,RB,2025,18,REG,2025_18_BAL_PIT,BAL,PIT,0,0,0,0,0,0,0,2,2,0,0,0,0,0,0,0,0,0,0,0,0,0
00-0038542,B.Robinson,Bijan Robinson,RB,2025,18,REG,2025_18_NO_ATL,ATL,NO,0,0,0,0,0,0,0,15,33,0,0,0,3,3,10,0,0,0,-17,0.1,-0.0769230769230769,0
00-0038543,J.Smith-Njigba,Jaxon Smith-Njigba,WR,2025,18,REG,2025_18_SEA_SF,SEA,SF,0,0,0,0,0,0,0,0,0,0,0,0,6,8,84,0,0,0,102,0.307692307692308,0.80952380952381,0
00-0038547,L.Schoonmaker,Luke Schoonmaker,TE,2025,18,REG,2025_18_DAL_NYG,DAL,NYG,0,0,0,0,0,0,0,0,0,0,0,0,1,1,12,0,0,0,1,0.0434782608695652,0.00561797752808989,0
00-0038555,T.Bigsby,Tank Bigsby,RB,2025,18,REG,2025_18_WAS_PHI,PHI,WAS,0,0,0,0,0,0,0,16,75,1,0,0,1,1,31,0,0,0,1,0.0294117647058824,0.00261096605744125,0
00-0038559,M.Wilson,Michael Wilson,WR,2025,18,REG,2025_18_ARI_LA,ARI,LA,0,0,0,0,0,0,0,0,0,0,0,0,5,8,99,1,0,0,147,0.285714285714286,0.585657370517928,0
00-0038563,T.Tucker,Tre Tucker,WR,2025,18,REG,2025_18_KC_LV,LV,KC,0,0,0,0,0,0,0,1,4,0,0,0,2,6,30,0,0,0,105,0.230769230769231,0.464601769911505,0
00-0038564,C.Latu,Cameron Latu,TE,2025,18,REG,2025_18_WAS_PHI,PHI,WAS,0,0,0,0,0,0,0,0,0,0,0,0,0,0,0,0,0,0,0,0,0,0
00-0038573,D.Davis,Derius Davis,WR,2025,18,REG,2025_18_LAC_DEN,LAC,DEN,0,0,0,0,0,0,0,0,0,0,0,0,1,1,7,0,0,0,6,0.0263157894736842,0.0151898734177215,0
00-0038579,A.O'Connell,Aidan O'Connell,QB,2025,18,REG,2025_18_KC_LV,LV,KC,10,22,102,0,0,0,0,1,7,0,0,0,0,0,0,0,0,0,0,0,0,0
00-0038582,C.Tune,Clayton Tune,QB,2025,18,REG,2025_18_GB_MIN,GB,MIN,6,11,34,0,0,0,0,4,23,0,0,0,0,0,0,0,0,0,0,0,0,0
00-0038589,J.Whyle,Josh Whyle,TE,2025,18,REG,2025_18_GB_MIN,GB,MIN,0,0,0,0,0,0,0,0,0,0,0,0,1,1,4,0,0,0,-1,0.1,-0.037037037037037,0
00-0038597,C.Brown,Chase Brown,RB,2025,18,REG,2025_18_CLE_CIN,CIN,CLE,0,0,0,0,0,0,0,13,72,0,0,0,4,6,18,1,0,0,-4,0.157894736842105,-0.0207253886010363,0
00-0038606,P.Washington,Parker Washington,WR,2025,18,REG,2025_18_TEN_JAX,JAX,TEN,0,0,0,0,0,0,0,0,0,0,0,0,5,9,87,1,0,0,132,0.290322580645161,0.447457627118644,0
00-0038608,K.Boutte,Kayshon Boutte,WR,2025,18,REG,2025_18_MIA_NE,NE,MIA,0,0,0,0,0,0,0,0,0,0,0,0,2,4,24,0,0,0,75,0.2,0.291828793774319,0
00-0038611,C.Rodriguez,Chris Rodriguez Jr.,RB,2025,18,REG,2025_18_WAS_PHI,WAS,PHI,0,0,0,0,0,0,0,16,65,1,0,0,1,1,18,0,0,0,1,0.0526315789473684,0.00813008130081301,0
00-0038618,X.Hutchinson,Xavier Hutchinson,WR,2025,18,REG,2025_18_IND_HOU,HOU,IND,0,0,0,0,0,0,0,0,0,0,0,0,5,9,84,0,0,0,85,0.321428571428571,0.440414507772021,0
00-0038619,A.Iosivas,Andrei Iosivas,WR,2025,18,REG,2025_18_CLE_CIN,CIN,CLE,0,0,0,0,0,0,0,0,0,0,0,0,2,3,10,0,0,0,11,0.0789473684210526,0.0569948186528497,0
00-0038621,D.Douglas,DeMario Douglas,WR,2025,18,REG,2025_18_MIA_NE,NE,MIA,0,0,0,0,0,0,0,0,0,0,0,0,2,3,29,0,0,0,48,0.15,0.186770428015564,0
00-0038640,J.Brooks,Jalen Brooks,WR,2025,18,REG,2025_18_ARI_LA,ARI,LA,0,0,0,0,0,0,0,0,0,0,0,0,0,0,0,0,0,0,0,0,0,0
00-0038647,R.Bell,Ronnie Bell,WR,2025,18,REG,2025_18_NO_ATL,NO,ATL,0,0,0,0,0,0,0,0,0,0,0,0,2,4,23,1,0,0,78,0.117647058823529,0.277580071174377,0
00-0038685,C.Brooks,Chris Brooks,RB,2025,18,REG,2025_18_GB_MIN,GB,MIN,0,0,0,0,0,0,0,13,61,0,0,0,0,0,0,0,0,0,0,0,0,0
00-0038705,E.Demercado,Emari Demercado,RB,2025,18,REG,2025_18_ARI_LA,ARI,LA,0,0,0,0,0,0,0,2,29,0,0,0,1,1,28,0,0,0,19,0.0357142857142857,0.0756972111553785,0
00-0038710,B.Whiteheart,Blake Whiteheart,TE,2025,18,REG,2025_18_CLE_CIN,CLE,CIN,0,0,0,0,0,0,0,0,0,0,0,0,0,1,0,0,0,0,10,0.0476190476190476,0.0510204081632653,0
00-0038720,J.Hill,Julian Hill,TE,2025,18,REG,2025_18_MIA_NE,MIA,NE,0,0,0,0,0,0,0,0,0,0,0,0,1,1,8,0,0,0,1,0.0416666666666667,0.00625,0
00-0038738,H.Luepke,Hunter Luepke,RB,2025,18,REG,2025_18_DAL_NYG,DAL,NYG,0,0,0,0,0,0,0,2,12,0,0,0,1,1,4,0,0,0,-6,0.0434782608695652,-0.0337078651685393,0
00-0038794,J.McLaughlin,Jaleel McLaughlin,RB,2025,18,REG,2025_18_LAC_DEN,DEN,LAC,0,0,0,0,0,0,0,6,41,0,0,0,1,2,17,0,0,0,-11,0.0869565217391304,-0.423076923076923,0
00-0038797,E.Wilson,Emanuel Wilson,RB,2025,18,REG,2025_18_GB_MIN,GB,MIN,0,0,0,0,0,0,0,18,44,0,0,0,1,1,4,0,0,0,-6,0.1,-0.222222222222222,0
00-0038809,B.Sims,Ben Sims,TE,2025,18,REG,2025_18_GB_MIN,MIN,GB,0,0,0,0,0,0,0,0,0,0,0,0,1,4,18,0,0,0,66,0.133333333333333,0.333333333333333,0
00-0038840,B.Tremayne,Brycen Tremayne,WR,2025,18,REG,2025_18_CAR_TB,CAR,TB,0,0,0,0,0,0,0,0,0,0,0,0,2,2,27,0,0,0,15,0.0666666666666667,0.0592885375494071,0
00-0038891,S.Jackson,Shedrick Jackson,WR,2025,18,REG,2025_18_KC_LV,LV,KC,0,0,0,0,0,0,0,1,3,0,0,0,1,1,11,0,0,0,11,0.0384615384615385,0.0486725663716814,0
00-0038933,D.Kincaid,Dalton Kincaid,TE,2025,18,REG,2025_18_NYJ_BUF,BUF,NYJ,0,0,0,0,0,0,0,0,0,0,0,0,3,3,48,0,0,0,31,0.107142857142857,0.155778894472362,0
00-0038935,B.Strange,Brenton Strange,TE,2025,18,REG,2025_18_TEN_JAX,JAX,TEN,0,0,0,0,0,0,0,0,0,0,0,0,6,6,52,1,0,0,26,0.193548387096774,0.088135593220339,0
00-0038951,S.Tucker,Sean Tucker,RB,2025,18,REG,2025_18_CAR_TB,TB,CAR,0,0,0,0,0,0,0,4,-4,0,0,0,0,0,0,0,0,0,0,0,0,0
00-0038953,D.Drummond,Dylan Drummond,WR,2025,18,REG,2025_18_NO_ATL,ATL,NO,0,0,0,0,0,0,0,0,0,0,0,0,0,0,0,0,0,0,0,0,0,0
00-0038976,M.Mims,Marvin Mims Jr.,WR,2025,18,REG,2025_18_LAC_DEN,DEN,LAC,0,0,0,0,0,0,0,0,0,0,0,0,2,3,10,0,0,0,-11,0.130434782608696,-0.423076923076923,0
00-0038979,C.Tillman,Cedric Tillman,WR,2025,18,REG,2025_18_CLE_CIN,CLE,CIN,0,0,0,0,0,0,0,0,0,0,0,0,1,2,23,0,0,0,26,0.0952380952380952,0.13265306122449,0
00-0038994,J.Addison,Jordan Addison,WR,2025,18,REG,2025_18_GB_MIN,MIN,GB,0,0,0,0,0,0,0,0,0,0,0,0,1,3,8,0,0,0,36,0.1,0.181818181818182,0
00-0038997,J.Downs,Josh Downs,WR,2025,18,REG,2025_18_IND_HOU,IND,HOU,0,0,0,0,0,0,0,1,-5,0,0,0,4,4,61,0,0,0,47,0.121212121212121,0.147798742138365,0
00-0039032,T.Spears,Tyjae Spears,RB,2025,18,REG,2025_18_TEN_JAX,TEN,JAX,0,0,0,0,0,0,0,3,18,0,0,0,7,7,9,0,0,0,-36,0.212121212121212,-0.283464566929134,0
00-0039041,E.Higgins,Elijah Higgins,TE,2025,18,REG,2025_18_ARI_LA,ARI,LA,0,0,0,0,0,0,0,0,0,0,0,0,3,3,28,0,0,0,18,0.107142857142857,0.0717131474103586,0
00-0039050,P.Durham,Payne Durham,TE,2025,18,REG,2025_18_CAR_TB,TB,CAR,0,0,0,0,0,0,0,0,0,0,0,0,0,1,0,0,0,0,13,0.0454545454545455,0.0915492957746479,0
00-0039062,J.Mingo,Jonathan Mingo,WR,2025,18,REG,2025_18_DAL_NYG,DAL,NYG,0,0,0,0,0,0,0,0,0,0,0,0,0,1,0,0,0,0,10,0.0434782608695652,0.0561797752808989,0
00-0039064,Z.Flowers,Zay Flowers,WR,2025,18,REG,2025_18_BAL_PIT,BAL,PIT,0,0,0,0,0,0,0,0,0,0,0,0,4,6,138,2,0,0,101,0.352941176470588,0.570621468926554,0
00-0039066,M.Mayer,Michael Mayer,TE,2025,18,REG,2025_18_KC_LV,LV,KC,0,0,0,0,0,0,0,0,0,0,0,0,3,5,47,0,0,0,39,0.192307692307692,0.172566371681416,0
00-0039074,D.Allen,Davis Allen,TE,2025,18,REG,2025_18_ARI_LA,LA,ARI,0,0,0,0,0,0,0,0,0,0,0,0,0,1,0,0,0,0,19,0.027027027027027,0.052924791086351,0
00-0039075,P.Nacua,Puka Nacua,WR,2025,18,REG,2025_18_ARI_LA,LA,ARI,0,0,0,0,0,0,0,2,24,0,0,0,10,11,76,1,0,0,44,0.297297297297297,0.122562674094708,0
00-0039139,J.Gibbs,Jahmyr Gibbs,RB,2025,18,REG,2025_18_DET_CHI,DET,CHI,0,0,0,0,0,0,0,19,80,0,0,0,3,5,33,1,0,0,1,0.138888888888889,0.004,0
00-0039150,B.Young,Bryce Young,QB,2025,18,REG,2025_18_CAR_TB,CAR,TB,24,35,266,2,1,0,0,2,-1,0,0,0,0,0,0,0,0,0,0,0,0,0
00-0039163,C.Stroud,C.J. Stroud,QB,2025,18,REG,2025_18_IND_HOU,HOU,IND,14,23,169,1,0,0,0,2,5,1,0,0,0,0,0,0,0,0,0,0,0,0
00-0039165,Z.Charbonnet,Zach Charbonnet,RB,2025,18,REG,2025_18_SEA_SF,SEA,SF,0,0,0,0,0,0,0,17,74,1,0,0,3,4,23,0,0,0,7,0.153846153846154,0.0555555555555556,0
00-0039305,J.Westover,Jack Westover,TE,2025,18,REG,2025_18_MIA_NE,NE,MIA,0,0,0,0,0,0,0,0,0,0,0,0,1,1,0,0,0,0,0,0.05,0,0
00-0039342,X.Legette,Xavier Legette,WR,2025,18,REG,2025_18_CAR_TB,CAR,TB,0,0,0,0,0,0,0,0,0,0,0,0,3,4,22,0,0,0,41,0.133333333333333,0.162055335968379,0
00-0039359,C.Stover,Cade Stover,TE,2025,18,REG,2025_18_IND_HOU,HOU,IND,0,0,0,0,0,0,0,0,0,0,0,0,1,2,9,0,0,0,2,0.0714285714285714,0.0103626943005181,0
00-0039361,B.Irving,Bucky Irving,RB,2025,18,REG,2025_18_CAR_TB,TB,CAR,0,0,0,0,0,0,0,26,85,0,0,0,1,2,13,0,0,0,3,0.0909090909090909,0.0211267605633803,0
00-0039364,S.Vaki,Sione Vaki,RB,2025,18,REG,2025_18_DET_CHI,DET,CHI,0,0,0,0,0,0,0,0,0,0,0,0,0,0,0,0,0,0,0,0,0,0
00-0039373,A.Estime,Audric Estimé,RB,2025,18,REG,2025_18_NO_ATL,NO,ATL,0,0,0,0,0,0,0,21,63,0,0,0,5,5,43,0,0,0,9,0.147058823529412,0.0320284697508897,0
00-0039384,T.Tracy,Tyrone Tracy Jr.,RB,2025,18,REG,2025_18_DAL_NYG,NYG,DAL,0,0,0,0,0,0,0,18,103,0,0,0,8,9,56,1,1,0,15,0.28125,0.0815217391304348,0
00-0039391,K.Vidal,Kimani Vidal,RB,2025,18,REG,2025_18_LAC_DEN,LAC,DEN,0,0,0,0,0,0,0,3,12,0,0,0,1,1,-2,0,0,0,-3,0.0263157894736842,-0.00759493670886076,0
00-0039398,J.Milton,Joe Milton III,QB,2025,18,REG,2025_18_DAL_NYG,DAL,NYG,7,13,73,0,1,0,0,4,43,0,0,0,0,0,0,0,0,0,0,0,0,0
00-0039405,J.Jordan,Jawhar Jordan,RB,2025,18,REG,2025_18_IND_HOU,HOU,IND,0,0,0,0,0,0,0,5,3,0,0,0,0,0,0,0,0,0,0,0,0,0
00-0039407,D.Laube,Dylan Laube,RB,2025,18,REG,2025_18_KC_LV,LV,KC,0,0,0,0,0,0,0,0,0,0,0,0,0,0,0,0,0,0,0,0,0,0
00-0039410,R.Flournoy,Ryan Flournoy,WR,2025,18,REG,2025_18_DAL_NYG,DAL,NYG,0,0,0,0,0,0,0,0,0,0,0,0,5,7,68,0,0,0,47,0.304347826086957,0.264044943820225,0
00-0039451,I.Williams,Isaiah Williams,WR,2025,18,REG,2025_18_NYJ_BUF,NYJ,BUF,0,0,0,0,0,0,0,0,0,0,0,0,5,7,24,0,0,0,29,0.318181818181818,0.397260273972603,0
00-0039458,B.Bates,Brenden Bates,TE,2025,18,REG,2025_18_CLE_CIN,CLE,CIN,0,0,0,0,0,0,0,0,0,0,0,0,1,1,6,0,0,0,3,0.0476190476190476,0.0153061224489796,0
00-0039491,J.Coker,Jalen Coker,WR,2025,18,REG,2025_18_CAR_TB,CAR,TB,0,0,0,0,0,0,0,0,0,0,0,0,6,7,47,1,0,0,55,0.233333333333333,0.217391304347826,0
00-0039530,B.Spann-Ford,Brevyn Spann-Ford,TE,2025,18,REG,2025_18_DAL_NYG,DAL,NYG,0,0,0,0,0,0,0,0,0,0,0,0,2,3,30,0,0,0,36,0.130434782608696,0.202247191011236,0
00-0039589,K.Johnson,Kameron Johnson,WR,2025,18,REG,2025_18_CAR_TB,TB,CAR,0,0,0,0,0,0,0,0,0,0,0,0,0,0,0,0,0,0,0,0,0,0
00-0039603,B.Brooks,British Brooks,RB,2025,18,REG,2025_18_IND_HOU,HOU,IND,0,0,0,0,0,0,0,13,63,0,0,0,0,0,0,0,0,0,0,0,0,0
00-0039648,D.Martin-Robinson,David Martin-Robinson,TE,2025,18,REG,2025_18_TEN_JAX,TEN,JAX,0,0,0,0,0,0,0,0,0,0,0,0,1,3,14,0,0,0,14,0.0909090909090909,0.110236220472441,0
00-0039710,J.Jones,Jeshaun Jones,WR,2025,18,REG,2025_18_GB_MIN,MIN,GB,0,0,0,0,0,0,0,0,0,0,0,0,0,0,0,0,0,0,0,0,0,0
00-0039732,B.Nix,Bo Nix,QB,2025,18,REG,2025_18_LAC_DEN,DEN,LAC,14,23,141,0,0,0,0,8,49,0,0,0,0,0,0,0,0,0,0,0,0,0
00-0039738,B.Corum,Blake Corum,RB,2025,18,REG,2025_18_ARI_LA,LA,ARI,0,0,0,0,0,0,0,13,59,0,0,0,1,1,10,0,0,0,3,0.027027027027027,0.00835654596100279,0
00-0039746,W.Shipley,Will Shipley,RB,2025,18,REG,2025_18_WAS_PHI,PHI,WAS,0,0,0,0,0,0,0,1,2,0,0,0,2,3,11,0,0,0,-6,0.0882352941176471,-0.0156657963446475,0
00-0039751,J.Whittington,Jordan Whittington,WR,2025,18,REG,2025_18_ARI_LA,LA,ARI,0,0,0,0,0,0,0,0,0,0,0,0,0,0,0,0,0,0,0,0,0,0
00-0039792,D.Walker,Devontez Walker,WR,2025,18,REG,2025_18_BAL_PIT,BAL,PIT,0,0,0,0,0,0,0,0,0,0,0,0,2,2,46,1,0,0,25,0.117647058823529,0.141242937853107,0
00-0039793,A.Barner,AJ Barner,TE,2025,18,REG,2025_18_SEA_SF,SEA,SF,0,0,0,0,0,0,0,0,0,0,0,0,2,3,14,0,0,0,9,0.115384615384615,0.0714285714285714,0
00-0039796,R.Ali,Rasheen Ali,RB,2025,18,REG,2025_18_BAL_PIT,BAL,PIT,0,0,0,0,0,0,0,1,0,0,0,0,0,0,0,0,0,0,0,0,0,0
00-0039824,J.Wiley,Jared Wiley,TE,2025,18,REG,2025_18_KC_LV,KC,LV,0,0,0,0,0,0,0,0,0,0,0,0,0,0,0,0,0,0,0,0,0,0
00-0039851,D.Maye,Drake Maye,QB,2025,18,REG,2025_18_MIA_NE,NE,MIA,14,18,191,1,0,0,0,5,41,0,0,0,0,0,0,0,0,0,0,0,0,0
00-0039855,J.McMillan,Jalen McMillan,WR,2025,18,REG,2025_18_CAR_TB,TB,CAR,0,0,0,0,0,0,0,0,0,0,0,0,1,1,11,0,0,0,7,0.0454545454545455,0.0492957746478873,0
00-0039868,T.Franklin,Troy Franklin,WR,2025,18,REG,2025_18_LAC_DEN,DEN,LAC,0,0,0,0,0,0,0,0,0,0,0,0,0,1,0,0,0,0,8,0.0434782608695652,0.307692307692308,0
00-0039874,J.Wright,Jaylen Wright,RB,2025,18,REG,2025_18_MIA_NE,MIA,NE,0,0,0,0,0,0,0,13,23,0,1,0,2,2,17,0,0,0,-8,0.0833333333333333,-0.05,0
00-0039875,R.Davis,Ray Davis,RB,2025,18,REG,2025_18_NYJ_BUF,BUF,NYJ,0,0,0,0,0,0,0,21,151,0,0,0,2,2,23,1,0,0,-6,0.0714285714285714,-0.0301507537688442,0
00-0039880,M.Washington,Malik Washington,WR,2025,18,REG,2025_18_MIA_NE,MIA,NE,0,0,0,0,0,0,0,2,22,0,0,0,3,4,6,1,0,0,5,0.166666666666667,0.03125,0
00-0039884,T.Washington,Tahj Washington,WR,2025,18,REG,2025_18_MIA_NE,MIA,NE,0,0,0,0,0,0,0,0,0,0,0,0,2,3,26,0,0,0,68,0.125,0.425,0
00-0039890,A.Mitchell,Adonai Mitchell,WR,2025,18,REG,2025_18_NYJ_BUF,NYJ,BUF,0,0,0,0,0,0,0,0,0,0,0,0,0,3,0,0,0,0,31,0.136363636363636,0.424657534246575,0
00-0039893,B.Thomas,Brian Thomas Jr.,WR,2025,18,REG,2025_18_TEN_JAX,JAX,TEN,0,0,0,0,0,0,0,0,0,0,0,0,3,5,49,0,0,0,82,0.161290322580645,0.277966101694915,0
00-0039901,K.Coleman,Keon Coleman,WR,2025,18,REG,2025_18_NYJ_BUF,BUF,NYJ,0,0,0,0,0,0,0,0,0,0,0,0,2,4,49,0,0,1,47,0.142857142857143,0.236180904522613,0
00-0039912,B.Sinnott,Ben Sinnott,TE,2025,18,REG,2025_18_WAS_PHI,WAS,PHI,0,0,0,0,0,0,0,0,0,0,0,0,2,2,3,0,0,0,0,0.105263157894737,0,0
00-0039918,C.Williams,Caleb Williams,QB,2025,18,REG,2025_18_DET_CHI,CHI,DET,20,33,212,2,1,0,1,1,1,0,0,0,0,0,0,0,0,0,0,0,0,0
00-0039920,M.Corley,Malachi Corley,WR,2025,18,REG,2025_18_CLE_CIN,CLE,CIN,0,0,0,0,0,0,0,3,18,0,0,0,2,2,20,0,0,0,1,0.0952380952380952,0.00510204081632653,0
00-0039923,J.McCarthy,J.J. McCarthy,QB,2025,18,REG,2025_18_GB_MIN,MIN,GB,14,23,182,0,0,0,0,2,7,0,0,0,0,0,0,0,0,0,0,0,0,0
00-0040021,P.Mafah,Phil Mafah,RB,2025,18,REG,2025_18_DAL_NYG,DAL,NYG,0,0,0,0,0,0,0,5,18,1,0,0,2,2,11,0,0,0,-11,0.0869565217391304,-0.0617977528089888,0
00-0040024,D.Cooper,Darius Cooper,WR,2025,18,REG,2025_18_WAS_PHI,PHI,WAS,0,0,0,0,0,0,0,0,0,0,0,0,3,5,33,0,0,0,68,0.147058823529412,0.177545691906005,0
00-0040075,L.Wester,LaJohntay Wester,WR,2025,18,REG,2025_18_BAL_PIT,BAL,PIT,0,0,0,0,0,0,0,0,0,0,0,0,0,0,0,0,0,0,0,0,0,0
00-0040078,B.Smith,Brashard Smith,RB,2025,18,REG,2025_18_KC_LV,KC,LV,0,0,0,0,0,0,0,12,56,0,0,0,2,4,2,0,0,0,-17,0.133333333333333,-0.0762331838565022,0
00-0040122,A.Jeanty,Ashton Jeanty,RB,2025,18,REG,2025_18_KC_LV,LV,KC,0,0,0,0,0,0,0,26,87,0,0,0,3,5,7,0,0,0,-15,0.192307692307692,-0.0663716814159292,0
00-0040124,T.McMillan,Tetairoa McMillan,WR,2025,18,REG,2025_18_CAR_TB,CAR,TB,0,0,0,0,0,0,0,0,0,0,0,0,4,6,85,0,0,0,89,0.2,0.351778656126482,0
00-0040126,C.Loveland,Colston Loveland,TE,2025,18,REG,2025_18_DET_CHI,CHI,DET,0,0,0,0,0,0,0,0,0,0,0,0,10,13,91,1,0,0,94,0.448275862068966,0.361538461538462,0
00-0040128,T.Warren,Tyler Warren,TE,2025,18,REG,2025_18_IND_HOU,IND,HOU,0,0,0,0,0,0,0,0,0,0,0,0,5,8,26,0,0,0,37,0.242424242424242,0.116352201257862,0
00-0040129,E.Egbuka,Emeka Egbuka,WR,2025,18,REG,2025_18_CAR_TB,TB,CAR,0,0,0,0,0,0,0,0,0,0,0,0,1,3,8,0,0,0,28,0.136363636363636,0.197183098591549,0
00-0040130,J.Higgins,Jayden Higgins,WR,2025,18,REG,2025_18_IND_HOU,HOU,IND,0,0,0,0,0,0,0,0,0,0,0,0,2,5,23,1,0,0,43,0.178571428571429,0.22279792746114,0
00-0040131,K.Williams,Kyle Williams,WR,2025,18,REG,2025_18_MIA_NE,NE,MIA,0,0,0,0,0,0,0,1,5,0,0,0,0,0,0,0,0,0,0,0,0,0
00-0040134,P.Bryant,Pat Bryant,WR,2025,18,REG,2025_18_LAC_DEN,DEN,LAC,0,0,0,0,0,0,0,0,0,0,0,0,4,5,31,0,0,0,19,0.217391304347826,0.730769230769231,0
00-0040138,J.Noel,Jaylin Noel,WR,2025,18,REG,2025_18_IND_HOU,HOU,IND,0,0,0,0,0,0,0,0,0,0,0,0,1,1,13,0,0,0,7,0.0357142857142857,0.0362694300518135,0
00-0040154,T.Felton,Tai Felton,WR,2025,18,REG,2025_18_GB_MIN,MIN,GB,0,0,0,0,0,0,0,0,0,0,0,0,0,0,0,0,0,0,0,0,0,0
00-0040162,D.Sampson,Dylan Sampson,RB,2025,18,REG,2025_18_CLE_CIN,CLE,CIN,0,0,0,0,0,0,0,10,32,0,0,0,2,3,12,0,0,0,-7,0.142857142857143,-0.0357142857142857,0
00-0040170,E.Ayomanor,Elic Ayomanor,WR,2025,18,REG,2025_18_TEN_JAX,TEN,JAX,0,0,0,0,0,0,0,0,0,0,0,0,3,10,50,0,0,0,122,0.303030303030303,0.960629921259842,0
00-0040179,D.Giddens,DJ Giddens,RB,2025,18,REG,2025_18_IND_HOU,IND,HOU,0,0,0,0,0,0,0,8,30,0,0,0,0,0,0,0,0,0,0,0,0,0
00-0040184,K.Lambert-Smith,KeAndre Lambert-Smith,WR,2025,18,REG,2025_18_LAC_DEN,LAC,DEN,0,0,0,0,0,0,0,0,0,0,0,0,2,5,24,0,0,0,84,0.131578947368421,0.212658227848101,0
00-0040187,M.Evans,Mitchell Evans,TE,2025,18,REG,2025_18_CAR_TB,CAR,TB,0,0,0,0,0,0,0,0,0,0,0,0,1,2,5,0,0,0,1,0.0666666666666667,0.00395256916996047,0
00-0040189,O.Gadsden,Oronde Gadsden II,TE,2025,18,REG,2025_18_LAC_DEN,LAC,DEN,0,0,0,0,0,0,0,0,0,0,0,0,2,2,23,0,0,0,15,0.0526315789473684,0.0379746835443038,0
00-0040194,J.Hawes,Jackson Hawes,TE,2025,18,REG,2025_18_NYJ_BUF,BUF,NYJ,0,0,0,0,0,0,0,0,0,0,0,0,1,1,0,0,0,0,0,0.0357142857142857,0,0
00-0040198,O.Gordon,Ollie Gordon II,RB,2025,18,REG,2025_18_MIA_NE,MIA,NE,0,0,0,0,0,0,0,9,9,0,0,0,1,1,2,0,0,0,-9,0.0416666666666667,-0.05625,0
00-0040206,R.Leonard,Riley Leonard,QB,2025,18,REG,2025_18_IND_HOU,IND,HOU,21,34,270,2,1,1,0,3,21,1,0,0,0,0,-3,0,0,0,0,0,0,0
00-0040218,Ji.Horn,Jimmy Horn Jr.,WR,2025,18,REG,2025_18_CAR_TB,CAR,TB,0,0,0,0,0,0,0,0,0,0,0,0,1,1,15,0,0,0,14,0.0333333333333333,0.0553359683794466,0
00-0040234,Q.Ewers,Quinn Ewers,QB,2025,18,REG,2025_18_MIA_NE,MIA,NE,16,23,137,1,1,0,0,1,9,0,0,0,0,0,0,0,0,0,0,0,0,0
00-0040236,K.Monangai,Kyle Monangai,RB,2025,18,REG,2025_18_DET_CHI,CHI,DET,0,0,0,0,0,0,0,6,14,0,0,1,1,1,15,0,0,0,7,0.0344827586206897,0.0269230769230769,0
00-0040237,T.Johnson,Tez Johnson,WR,2025,18,REG,2025_18_CAR_TB,TB,CAR,0,0,0,0,0,0,0,1,5,0,0,0,1,1,17,0,0,0,16,0.0454545454545455,0.112676056338028,0
00-0040242,J.Croskey-Merritt,Jacory Croskey-Merritt,RB,2025,18,REG,2025_18_WAS_PHI,WAS,PHI,0,0,0,0,0,0,0,13,29,0,0,0,0,0,0,0,0,0,0,0,0,0
00-0040259,G.Larvadain,Gage Larvadain,WR,2025,18,REG,2025_18_CLE_CIN,CLE,CIN,0,0,0,0,0,0,0,0,0,0,0,0,0,0,0,0,0,0,0,0,0,0
00-0040277,J.Walker,Jahdae Walker,WR,2025,18,REG,2025_18_DET_CHI,CHI,DET,0,0,0,0,0,0,0,0,0,0,0,0,2,3,36,1,0,0,47,0.103448275862069,0.180769230769231,0
00-0040311,T.Wease,Theo Wease Jr.,WR,2025,18,REG,2025_18_MIA_NE,MIA,NE,0,0,0,0,0,0,0,0,0,0,0,0,3,5,44,0,0,0,59,0.208333333333333,0.36875,0
00-0040363,K.Latu,Keleki Latu,TE,2025,18,REG,2025_18_NYJ_BUF,BUF,NYJ,0,0,0,0,0,0,0,0,0,0,0,0,3,3,31,0,0,0,8,0.107142857142857,0.0402010050251256,0
00-0040388,J.Keeney-James,Jakobie Keeney-James,WR,2025,18,REG,2025_18_GB_MIN,GB,MIN,0,0,0,0,0,0,0,0,0,0,0,0,2,2,15,0,0,0,15,0.2,0.555555555555556,0
00-0040398,B.Cook,Brady Cook,QB,2025,18,REG,2025_18_NYJ_BUF,NYJ,BUF,11,22,60,1,0,0,1,3,7,0,0,0,0,0,0,0,0,0,0,0,0,0
00-0040406,Q.Skinner,Quentin Skinner,WR,2025,18,REG,2025_18_NYJ_BUF,NYJ,BUF,0,0,0,0,0,0,0,0,0,0,0,0,1,1,10,0,0,1,4,0.0454545454545455,0.0547945205479452,0
00-0040431,D.Cambre,Dalen Cambre,WR,2025,18,REG,2025_18_DAL_NYG,NYG,DAL,0,0,0,0,0,0,0,0,0,0,0,0,0,0,0,0,0,0,0,0,0,0
00-0040466,R.Sanders,Raheim Sanders,RB,2025,18,REG,2025_18_CLE_CIN,CLE,CIN,0,0,0,0,0,0,0,5,26,0,0,0,1,1,7,0,0,0,-2,0.0476190476190476,-0.0102040816326531,0
00-0040494,M.Brosmer,Max Brosmer,QB,2025,18,REG,2025_18_GB_MIN,MIN,GB,7,8,57,0,0,1,0,0,0,0,0,0,0,0,0,0,0,0,0,0,0,0
00-0040509,B.Yurosek,Ben Yurosek,TE,2025,18,REG,2025_18_GB_MIN,MIN,GB,0,0,0,0,0,0,0,0,0,0,0,0,1,1,9,0,0,0,5,0.0333333333333333,0.0252525252525253,0
00-0040534,K.Williams,Ke'Shawn Williams,WR,2025,18,REG,2025_18_CLE_CIN,CIN,CLE,0,0,0,0,0,0,0,1,9,0,0,0,0,0,0,0,0,0,0,0,0,0
00-0040556,C.Kiner,Corey Kiner,RB,2025,18,REG,2025_18_ARI_LA,ARI,LA,0,0,0,0,0,0,0,3,13,0,0,0,2,3,15,0,0,0,11,0.107142857142857,0.0438247011952191,0
00-0040563,E.Chism,Efton Chism III,WR,2025,18,REG,2025_18_MIA_NE,NE,MIA,0,0,0,0,0,0,0,0,0,0,0,0,1,1,35,0,0,0,19,0.05,0.0739299610894942,0
00-0040581,D.Thornton,Dont'e Thornton Jr.,WR,2025,18,REG,2025_18_KC_LV,LV,KC,0,0,0,0,0,0,0,0,0,0,0,0,0,1,0,0,0,0,43,0.0384615384615385,0.190265486725664,0
00-0040582,A.Smith,Arian Smith,WR,2025,18,REG,2025_18_NYJ_BUF,NYJ,BUF,0,0,0,0,0,0,0,1,2,0,0,0,0,2,0,0,0,0,9,0.0909090909090909,0.123287671232877,0
00-0040583,W.Marks,Woody Marks,RB,2025,18,REG,2025_18_IND_HOU,HOU,IND,0,0,0,0,0,0,0,10,48,0,0,0,2,3,0,0,0,0,9,0.107142857142857,0.0466321243523316,0
00-0040586,J.Blue,Jaydon Blue,RB,2025,18,REG,2025_18_DAL_NYG,DAL,NYG,0,0,0,0,0,0,0,16,64,1,0,0,0,0,0,0,0,0,0,0,0,0
00-0040590,K.Mumpfield,Konata Mumpfield,WR,2025,18,REG,2025_18_ARI_LA,LA,ARI,0,0,0,0,0,0,0,0,0,0,0,0,0,1,0,0,0,0,6,0.027027027027027,0.0167130919220056,0
00-0040628,D.Dabney,Drake Dabney,TE,2025,18,REG,2025_18_GB_MIN,GB,MIN,0,0,0,0,0,0,0,0,0,0,0,0,1,2,3,0,0,0,10,0.2,0.37037037037037,0
00-0040644,T.Etienne,Trevor Etienne,RB,2025,18,REG,2025_18_CAR_TB,CAR,TB,0,0,0,0,0,0,0,0,0,0,0,0,0,0,0,0,0,0,0,0,0,0
00-0040646,J.Royals,Jalen Royals,WR,2025,18,REG,2025_18_KC_LV,KC,LV,0,0,0,0,0,0,0,0,0,0,0,0,2,3,4,0,0,0,22,0.1,0.0986547085201794,0
00-0040667,M.Golden,Matthew Golden,WR,2025,18,REG,2025_18_GB_MIN,GB,MIN,0,0,0,0,0,0,0,0,0,0,0,0,1,3,8,0,0,0,9,0.3,0.333333333333333,0
00-0040668,S.Sanders,Shedeur Sanders,QB,2025,18,REG,2025_18_CLE_CIN,CLE,CIN,11,22,111,0,0,1,0,3,26,0,0,0,0,0,0,0,0,0,0,0,0,0
00-0040669,I.TeSlaa,Isaac TeSlaa,WR,2025,18,REG,2025_18_DET_CHI,DET,CHI,0,0,0,0,0,0,0,0,0,0,0,0,1,1,18,0,0,0,15,0.0277777777777778,0.06,0
00-0040676,C.Ward,Cam Ward,QB,2025,18,REG,2025_18_TEN_JAX,TEN,JAX,3,3,52,0,0,0,0,2,11,1,0,0,0,0,0,0,0,0,0,0,0,0
00-0040691,J.Dart,Jaxson Dart,QB,2025,18,REG,2025_18_DAL_NYG,NYG,DAL,22,32,230,2,0,0,0,5,32,0,0,0,0,0,0,0,0,0,0,0,0,0
00-0040705,C.Dike,Chimere Dike,WR,2025,18,REG,2025_18_TEN_JAX,TEN,JAX,0,0,0,0,0,0,0,0,0,0,0,0,3,4,27,0,0,0,17,0.121212121212121,0.133858267716535,0
00-0040719,B.Tuten,Bhayshul Tuten,RB,2025,18,REG,2025_18_TEN_JAX,JAX,TEN,0,0,0,0,0,0,0,5,23,1,0,0,0,0,0,0,0,0,0,0,0,0
00-0040727,T.Harris,Tre Harris,WR,2025,18,REG,2025_18_LAC_DEN,LAC,DEN,0,0,0,0,0,0,0,0,0,0,0,0,2,6,28,0,0,0,108,0.157894736842105,0.273417721518987,0
00-0040729,J.Bech,Jack Bech,WR,2025,18,REG,2025_18_KC_LV,LV,KC,0,0,0,0,0,0,0,0,0,0,0,0,0,2,0,0,0,0,22,0.0769230769230769,0.0973451327433628,0
00-0040730,R.Harvey,RJ Harvey,RB,2025,18,REG,2025_18_LAC_DEN,DEN,LAC,0,0,0,0,0,0,0,15,28,0,0,0,1,4,5,0,0,0,-5,0.173913043478261,-0.192307692307692,0
00-0040734,T.Henderson,TreVeyon Henderson,RB,2025,18,REG,2025_18_MIA_NE,NE,MIA,0,0,0,0,0,0,0,13,53,2,0,0,0,0,0,0,0,0,0,0,0,0
00-0040735,L.Burden,Luther Burden III,WR,2025,18,REG,2025_18_DET_CHI,CHI,DET,0,0,0,0,0,0,0,1,10,0,0,0,3,4,35,0,0,0,12,0.137931034482759,0.0461538461538462,0
00-0040743,T.Shough,Tyler Shough,QB,2025,18,REG,2025_18_NO_ATL,NO,ATL,23,35,259,1,1,0,0,3,34,1,0,0,0,0,0,0,0,0,0,0,0,0
00-0040782,I.Bond,Isaiah Bond,WR,2025,18,REG,2025_18_CLE_CIN,CLE,CIN,0,0,0,0,0,0,0,1,4,0,0,0,1,2,13,0,0,0,48,0.0952380952380952,0.244897959183673,0
