player_id,player_name,player_display_name,position,position_group,game_id,team,recent_team,season,week,season_type,opponent_team,completions,attempts,passing_yards,passing_tds,interceptions,carries,rushing_yards,rushing_tds,receptions,targets,receiving_yards,receiving_tds,receiving_air_yards,target_share,air_yards_share,sack_fumbles_lost,rushing_fumbles_lost,receiving_fumbles_lost,passing_2pt_conversions,rushing_2pt_conversions,receiving_2pt_conversions,special_teams_tds,fantasy_points_ppr
00-0023459,A.Rodgers,Aaron Rodgers,QB,QB,2026_01_ATL_PIT,PIT,PIT,2026,1,REG,ATL,24,40,221,1,0,3,-3,0,0,0,0,0,0,0,0,0,0,0,0,0,0,0,12.54
00-0026498,M.Stafford,Matthew Stafford,QB,QB,2026_01_SF_LA,LA,LA,2026,1,REG,SF,15,25,155,0,1,2,-1,0,0,0,0,0,0,0,0,0,0,0,0,0,0,0,4.1
00-0029604,K.Cousins,Kirk Cousins,QB,QB,2026_01_MIA_LV,LV,LV,2026,1,REG,MIA,21,30,160,3,2,5,-6,0,0,0,0,0,0,0,0,0,0,0,0,0,0,0,13.8
00-0030279,K.Allen,Keenan Allen,WR,WR,2026_01_BAL_IND,IND,IND,2026,1,REG,BAL,0,0,0,0,0,0,0,0,6,6,32,0,22,0.206896551724138,0.109452736318408,0,0,0,0,0,0,0,9.2
00-0030506,T.Kelce,Travis Kelce,TE,TE,2026_01_DEN_KC,KC,KC,2026,1,REG,DEN,0,0,0,0,0,0,0,0,3,5,71,0,29,0.2,0.218045112781955,0,0,0,0,0,0,0,10.1
00-0030565,G.Smith,Geno Smith,QB,QB,2026_01_NYJ_TEN,NYJ,NYJ,2026,1,REG,TEN,19,24,215,0,0,6,7,0,0,0,0,0,0,0,0,0,0,0,0,0,0,0,9.3
00-0031381,D.Adams,Davante Adams,WR,WR,2026_01_SF_LA,LA,LA,2026,1,REG,SF,0,0,0,0,0,0,0,0,3,6,26,0,73,0.222222222222222,0.286274509803922,0,0,0,0,0,0,0,5.6
00-0031408,M.Evans,Mike Evans,WR,WR,2026_01_SF_LA,SF,SF,2026,1,REG,LA,0,0,0,0,0,0,0,0,6,7,49,1,55,0.205882352941176,0.369127516778524,0,0,0,0,0,0,0,16.9
00-0031588,S.Diggs,Stefon Diggs,WR,WR,2026_01_WAS_PHI,WAS,WAS,2026,1,REG,PHI,0,0,0,0,0,0,0,0,4,9,55,1,83,0.310344827586207,0.261829652996845,0,0,0,0,0,0,0,15.5
00-0031610,D.Waller,Darren Waller,TE,TE,2026_01_CHI_CAR,CAR,CAR,2026,1,REG,CHI,0,0,0,0,0,0,0,0,2,2,28,0,8,0.0588235294117647,0.0218579234972678,0,0,0,0,0,0,0,4.8
00-0032104,A.Abdullah,Ameer Abdullah,RB,RB,2026_01_CLE_JAX,JAX,JAX,2026,1,REG,CLE,0,0,0,0,0,4,32,0,1,1,0,0,-3,0.0476190476190476,-0.012396694214876,0,0,0,0,0,0,0,4.2
00-0032398,C.Moore,Chris Moore,WR,WR,2026_01_BAL_IND,BAL,BAL,2026,1,REG,IND,0,0,0,0,0,0,0,0,1,2,53,0,68,0.0833333333333333,0.252788104089219,0,0,0,0,0,0,0,6.3
00-0032464,K.Raymond,Kalif Raymond,WR,WR,2026_01_CHI_CAR,CHI,CHI,2026,1,REG,CAR,0,0,0,0,0,0,0,0,8,9,84,0,65,0.346153846153846,0.203761755485893,0,0,0,0,0,0,0,16.4
00-0032764,D.Henry,Derrick Henry,RB,RB,2026_01_BAL_IND,BAL,BAL,2026,1,REG,IND,0,0,0,0,0,24,144,3,1,1,19,0,-1,0.0416666666666667,-0.00371747211895911,0,0,0,0,0,0,0,35.3
00-0032775,D.Robinson,Demarcus Robinson,WR,WR,2026_01_SF_LA,SF,SF,2026,1,REG,LA,0,0,0,0,0,0,0,0,2,3,50,1,45,0.0882352941176471,0.302013422818792,0,0,0,0,0,0,0,13
00-0032950,C.Wentz,Carson Wentz,QB,QB,2026_01_GB_MIN,MIN,MIN,2026,1,REG,GB,12,19,133,3,0,5,-1,0,0,0,0,0,0,0,0,0,0,0,1,0,0,0,19.22
00-0032951,L.Treadwell,Laquon Treadwell,WR,WR,2026_01_BAL_IND,IND,IND,2026,1,REG,BAL,0,0,0,0,0,0,0,0,0,1,0,0,4,0.0344827586206897,0.0199004975124378,0,0,0,0,0,0,0,0
00-0033077,D.Prescott,Dak Prescott,QB,QB,2026_01_DAL_NYG,DAL,DAL,2026,1,REG,NYG,22,34,175,2,1,2,14,0,0,0,0,0,0,0,0,0,0,0,0,0,0,0,14.4
00-0033090,H.Henry,Hunter Henry,TE,TE,2026_01_NE_SEA,NE,NE,2026,1,REG,SEA,0,0,0,0,0,0,0,0,3,3,26,0,12,0.0967741935483871,0.0542986425339367,0,0,0,0,0,0,0,5.6
00-0033106,J.Goff,Jared Goff,QB,QB,2026_01_NO_DET,DET,DET,2026,1,REG,NO,26,39,206,2,0,2,2,0,0,0,0,0,0,0,0,0,0,0,0,0,0,0,16.44
00-0033110,T.Higbee,Tyler Higbee,TE,TE,2026_01_SF_LA,LA,LA,2026,1,REG,SF,0,0,0,0,0,0,0,0,2,2,12,0,9,0.0740740740740741,0.0352941176470588,0,0,1,0,0,0,0,1.2
00-0033119,J.Brissett,Jacoby Brissett,QB,QB,2026_01_ARI_LAC,ARI,ARI,2026,1,REG,LAC,27,37,277,1,0,6,14,0,0,0,0,0,0,0,0,0,0,0,0,0,0,0,16.48
00-0033280,C.McCaffrey,Christian McCaffrey,RB,RB,2026_01_SF_LA,SF,SF,2026,1,REG,LA,0,0,0,0,0,10,68,0,5,8,20,0,-3,0.235294117647059,-0.0201342281879195,0,0,0,0,0,0,0,13.8
00-0033288,G.Kittle,George Kittle,TE,TE,2026_01_SF_LA,SF,SF,2026,1,REG,LA,0,0,0,0,0,0,0,0,2,5,12,0,38,0.147058823529412,0.25503355704698,0,0,0,0,0,0,0,3.2
00-0033293,A.Jones,Aaron Jones,RB,RB,2026_01_GB_MIN,MIN,MIN,2026,1,REG,GB,0,0,0,0,0,12,40,1,0,1,0,0,4,0.0434782608695652,0.0227272727272727,0,0,0,0,0,0,0,10
00-0033307,K.Bourne,Kendrick Bourne,WR,WR,2026_01_ARI_LAC,ARI,ARI,2026,1,REG,LAC,0,0,0,0,0,0,0,0,8,8,75,0,40,0.216216216216216,0.141342756183746,0,0,0,0,0,0,0,15.5
00-0033319,N.Mullens,Nick Mullens,QB,QB,2026_01_CLE_JAX,JAX,JAX,2026,1,REG,CLE,0,0,0,0,0,3,-3,0,0,0,0,0,0,0,0,0,0,0,0,0,0,0,-0.3
00-0033376,P.Ricard,Patrick Ricard,RB,RB,2026_01_DAL_NYG,NYG,NYG,2026,1,REG,DAL,0,0,0,0,0,0,0,0,0,1,0,0,-4,0.0344827586206897,-0.0163265306122449,0,0,0,0,0,0,0,0
00-0033526,S.Perine,Samaje Perine,RB,RB,2026_01_TB_CIN,CIN,CIN,2026,1,REG,TB,0,0,0,0,0,5,20,0,3,3,30,0,3,0.0882352941176471,0.0132743362831858,0,0,0,0,0,0,0,8
00-0033537,D.Watson,Deshaun Watson,QB,QB,2026_01_CLE_JAX,CLE,CLE,2026,1,REG,JAX,16,22,205,1,1,6,38,0,0,0,0,0,0,0,0,0,0,0,0,0,0,0,14
00-0033555,M.Hollins,Mack Hollins,WR,WR,2026_01_NE_SEA,NE,NE,2026,1,REG,SEA,0,0,0,0,0,0,0,0,4,5,51,0,62,0.161290322580645,0.280542986425339,0,0,0,0,0,0,0,9.1
00-0033576,E.Saubert,Eric Saubert,TE,TE,2026_01_NE_SEA,SEA,SEA,2026,1,REG,NE,0,0,0,0,0,0,0,0,0,0,0,0,0,0,0,0,0,0,0,0,0,0,0
00-0033662,C.Rush,Cooper Rush,QB,QB,2026_01_ATL_PIT,ATL,ATL,2026,1,REG,PIT,12,22,143,1,2,0,0,0,0,0,0,0,0,0,0,0,0,0,0,0,0,0,5.72
00-0033858,J.Smith,Jonnu Smith,TE,TE,2026_01_GB_MIN,GB,GB,2026,1,REG,MIN,0,0,0,0,0,0,0,0,2,3,50,0,24,0.075,0.0511727078891258,0,0,0,0,0,0,0,7
00-0033873,P.Mahomes,Patrick Mahomes,QB,QB,2026_01_DEN_KC,KC,KC,2026,1,REG,DEN,15,27,184,2,1,7,23,1,0,0,0,0,0,0,0,0,0,0,0,0,0,0,21.66
00-0033881,E.Engram,Evan Engram,TE,TE,2026_01_DEN_KC,DEN,DEN,2026,1,REG,KC,0,0,0,0,0,0,0,0,4,5,43,1,18,0.185185185185185,0.195652173913043,0,0,0,0,0,0,0,14.3
00-0033885,D.Njoku,David Njoku,TE,TE,2026_01_ARI_LAC,LAC,LAC,2026,1,REG,ARI,0,0,0,0,0,0,0,0,5,5,58,0,28,0.185185185185185,0.102564102564103,0,0,0,0,0,0,0,10.8
00-0033908,C.Kupp,Cooper Kupp,WR,WR,2026_01_NE_SEA,SEA,SEA,2026,1,REG,NE,0,0,0,0,0,0,0,0,2,3,35,0,49,0.125,0.318181818181818,0,0,0,0,0,0,0,5.5
00-0033921,C.Godwin,Chris Godwin Jr.,WR,WR,2026_01_TB_CIN,TB,TB,2026,1,REG,CIN,0,0,0,0,0,1,3,0,4,4,40,0,3,0.148148148148148,0.020979020979021,0,0,0,0,0,0,0,8.3
00-0034348,C.Sutton,Courtland Sutton,WR,WR,2026_01_DEN_KC,DEN,DEN,2026,1,REG,KC,0,0,0,0,0,0,0,0,2,5,11,0,40,0.185185185185185,0.434782608695652,0,0,0,0,0,0,0,3.1
00-0034351,D.Goedert,Dallas Goedert,TE,TE,2026_01_WAS_PHI,PHI,PHI,2026,1,REG,WAS,0,0,0,0,0,0,0,0,4,5,77,2,52,0.227272727272727,0.231111111111111,0,0,0,0,0,0,0,23.7
00-0034383,D.Schultz,Dalton Schultz,TE,TE,2026_01_BUF_HOU,HOU,HOU,2026,1,REG,BUF,0,0,0,0,0,0,0,0,4,8,35,0,26,0.216216216216216,0.0807453416149068,0,0,0,0,0,0,0,7.5
00-0034419,B.Berrios,Braxton Berrios,WR,WR,2026_01_DAL_NYG,NYG,NYG,2026,1,REG,DAL,0,0,0,0,0,0,0,0,0,0,0,0,0,0,0,0,0,0,0,0,0,0,0
00-0034613,T.Hudson,Tanner Hudson,TE,TE,2026_01_TB_CIN,CIN,CIN,2026,1,REG,TB,0,0,0,0,0,0,0,0,1,1,4,0,4,0.0294117647058824,0.0176991150442478,0,0,0,0,0,0,0,1.4
00-0034753,M.Andrews,Mark Andrews,TE,TE,2026_01_BAL_IND,BAL,BAL,2026,1,REG,IND,0,0,0,0,0,0,0,0,4,6,49,0,44,0.25,0.163568773234201,0,0,0,0,0,0,0,8.9
00-0034796,L.Jackson,Lamar Jackson,QB,QB,2026_01_BAL_IND,BAL,BAL,2026,1,REG,IND,17,25,324,1,0,7,40,1,0,0,0,0,0,0,0,1,0,0,0,0,0,0,24.96
00-0034798,D.Smythe,Durham Smythe,TE,TE,2026_01_BAL_IND,BAL,BAL,2026,1,REG,IND,0,0,0,0,0,0,0,0,1,1,4,0,4,0.0416666666666667,0.0148698884758364,0,0,0,0,0,0,0,1.4
00-0034827,D.Moore,DJ Moore,WR,WR,2026_01_BUF_HOU,BUF,BUF,2026,1,REG,HOU,0,0,0,0,0,0,0,0,5,8,100,1,158,0.285714285714286,0.412532637075718,0,0,0,0,0,0,0,21
00-0034829,M.Gesicki,Mike Gesicki,TE,TE,2026_01_TB_CIN,CIN,CIN,2026,1,REG,TB,0,0,0,0,0,0,0,0,5,7,78,1,63,0.205882352941176,0.278761061946903,0,0,0,0,0,0,0,18.8
00-0034844,S.Barkley,Saquon Barkley,RB,RB,2026_01_WAS_PHI,PHI,PHI,2026,1,REG,WAS,0,0,0,0,0,15,83,0,1,2,-3,0,-1,0.0909090909090909,-0.00444444444444444,0,0,0,0,0,0,0,9
00-0034854,K.Hodge,KhaDarel Hodge,WR,WR,2026_01_SF_LA,SF,SF,2026,1,REG,LA,0,0,0,0,0,0,0,0,0,0,0,0,0,0,0,0,0,0,0,0,0,0,0
00-0034855,B.Mayfield,Baker Mayfield,QB,QB,2026_01_TB_CIN,TB,TB,2026,1,REG,CIN,23,28,216,0,0,5,30,1,0,0,0,0,0,0,0,2,1,0,0,0,0,0,11.64
00-0034857,J.Allen,Josh Allen,QB,QB,2026_01_BUF_HOU,BUF,BUF,2026,1,REG,HOU,20,29,334,2,0,6,23,2,0,0,0,0,0,0,0,0,0,0,0,0,0,0,35.66
00-0034869,S.Darnold,Sam Darnold,QB,QB,2026_01_NE_SEA,SEA,SEA,2026,1,REG,NE,1,2,13,0,0,0,0,0,0,0,0,0,0,0,0,0,0,0,0,0,0,0,0.52
00-0034960,J.Meyers,Jakobi Meyers,WR,WR,2026_01_CLE_JAX,JAX,JAX,2026,1,REG,CLE,0,0,0,0,0,1,2,0,2,2,40,1,29,0.0952380952380952,0.119834710743802,0,0,0,0,0,0,0,12.2
00-0034975,J.Hill,Justice Hill,RB,RB,2026_01_BAL_IND,BAL,BAL,2026,1,REG,IND,0,0,0,0,0,6,18,0,1,1,10,0,-1,0.0416666666666667,-0.00371747211895911,0,0,0,0,0,0,0,3.8
00-0034981,F.Moreau,Foster Moreau,TE,TE,2026_01_BUF_HOU,HOU,HOU,2026,1,REG,BUF,0,0,0,0,0,0,0,0,2,2,15,0,7,0.0540540540540541,0.0217391304347826,0,0,0,0,0,0,0,3.5
00-0035021,A.Dulin,Ashton Dulin,WR,WR,2026_01_BAL_IND,IND,IND,2026,1,REG,BAL,0,0,0,0,0,0,0,0,0,1,0,0,0,0.0344827586206897,0,0,0,0,0,0,0,0,0
00-0035208,O.Zaccheaus,Olamide Zaccheaus,WR,WR,2026_01_ATL_PIT,ATL,ATL,2026,1,REG,PIT,0,0,0,0,0,0,0,0,1,1,5,0,5,0.0526315789473684,0.0649350649350649,0,0,0,0,0,0,0,1.5
00-0035228,K.Murray,Kyler Murray,QB,QB,2026_01_GB_MIN,MIN,MIN,2026,1,REG,GB,3,5,18,0,1,2,9,0,0,0,0,0,0,0,0,0,0,0,0,0,0,0,-0.38
00-0035229,T.Hockenson,T.J. Hockenson,TE,TE,2026_01_GB_MIN,MIN,MIN,2026,1,REG,GB,0,0,0,0,0,0,0,0,4,5,36,1,17,0.217391304347826,0.0965909090909091,0,0,0,0,0,0,0,13.6
00-0035249,J.Oliver,Josh Oliver,TE,TE,2026_01_GB_MIN,MIN,MIN,2026,1,REG,GB,0,0,0,0,0,0,0,0,2,4,22,0,13,0.173913043478261,0.0738636363636364,0,0,0,0,0,0,0,4.2
00-0035250,D.Singletary,Devin Singletary,RB,RB,2026_01_DAL_NYG,NYG,NYG,2026,1,REG,DAL,0,0,0,0,0,6,16,0,4,4,22,1,-16,0.137931034482759,-0.0653061224489796,0,0,0,0,0,0,0,13.8
00-0035261,T.Pollard,Tony Pollard,RB,RB,2026_01_NYJ_TEN,TEN,TEN,2026,1,REG,NYJ,0,0,0,0,0,7,35,0,1,2,-1,0,24,0.0714285714285714,0.126315789473684,0,0,0,0,0,0,0,4.4
00-0035500,G.Dortch,Greg Dortch,WR,WR,2026_01_BUF_HOU,BUF,BUF,2026,1,REG,HOU,0,0,0,0,0,0,0,0,0,0,0,0,0,0,0,0,0,0,0,0,0,0,0
00-0035544,T.Kennedy,Tom Kennedy,WR,WR,2026_01_NO_DET,DET,DET,2026,1,REG,NO,0,0,0,0,0,0,0,0,0,0,0,0,0,0,0,0,0,0,0,0,0,0,0
00-0035631,D.Sample,Drew Sample,TE,TE,2026_01_TB_CIN,CIN,CIN,2026,1,REG,TB,0,0,0,0,0,0,0,0,3,3,19,0,0,0.0882352941176471,0,0,0,0,0,0,0,0,4.9
00-0035640,D.Metcalf,DK Metcalf,WR,WR,2026_01_ATL_PIT,PIT,PIT,2026,1,REG,ATL,0,0,0,0,0,0,0,0,4,10,40,0,204,0.27027027027027,0.501228501228501,0,0,0,0,0,0,0,8
00-0035644,N.Fant,Noah Fant,TE,TE,2026_01_NO_DET,NO,NO,2026,1,REG,DET,0,0,0,0,0,0,0,0,4,8,33,1,48,0.153846153846154,0.0993788819875776,0,0,0,0,0,0,0,13.3
00-0035659,T.McLaurin,Terry McLaurin,WR,WR,2026_01_WAS_PHI,WAS,WAS,2026,1,REG,PHI,0,0,0,0,0,0,0,0,2,4,14,0,22,0.137931034482759,0.0694006309148265,0,0,0,0,0,0,0,3.4
00-0035676,A.Brown,A.J. Brown,WR,WR,2026_01_NE_SEA,NE,NE,2026,1,REG,SEA,0,0,0,0,0,0,0,0,3,4,26,0,19,0.129032258064516,0.085972850678733,0,0,0,0,0,0,0,5.6
00-0035685,D.Montgomery,David Montgomery,RB,RB,2026_01_BUF_HOU,HOU,HOU,2026,1,REG,BUF,0,0,0,0,0,20,60,2,3,3,19,1,5,0.0810810810810811,0.015527950310559,0,0,0,0,0,0,0,28.9
00-0035689,D.Knox,Dawson Knox,TE,TE,2026_01_BUF_HOU,BUF,BUF,2026,1,REG,HOU,0,0,0,0,0,0,0,0,1,1,7,0,2,0.0357142857142857,0.00522193211488251,0,0,0,0,0,0,0,1.7
00-0035704,D.Lock,Drew Lock,QB,QB,2026_01_NE_SEA,SEA,SEA,2026,1,REG,NE,16,22,187,1,0,2,13,0,0,0,0,0,0,0,0,0,0,0,0,0,0,0,12.78
00-0035710,D.Jones,Daniel Jones,QB,QB,2026_01_BAL_IND,IND,IND,2026,1,REG,BAL,19,31,166,1,1,1,4,0,0,0,0,0,0,0,0,0,0,0,0,0,0,0,9.04
00-0035719,D.Samuel,Deebo Samuel Sr.,WR,WR,2026_01_SF_LA,SF,SF,2026,1,REG,LA,0,0,0,0,0,1,12,0,6,7,48,1,17,0.205882352941176,0.114093959731544,0,0,0,0,0,0,0,18
00-0035891,C.White,Cody White,WR,WR,2026_01_MIA_LV,LV,LV,2026,1,REG,MIA,0,0,0,0,0,0,0,0,0,1,0,0,3,0.0344827586206897,0.0132743362831858,0,0,0,0,0,0,0,0
00-0036040,J.Johnson,Juwan Johnson,TE,TE,2026_01_NO_DET,NO,NO,2026,1,REG,DET,0,0,0,0,0,0,0,0,3,7,54,1,77,0.134615384615385,0.159420289855072,0,0,0,0,0,0,0,14.4
00-0036139,R.Dowdle,Rico Dowdle,RB,RB,2026_01_ATL_PIT,PIT,PIT,2026,1,REG,ATL,0,0,0,0,0,8,15,0,2,5,6,0,4,0.135135135135135,0.00982800982800983,0,0,0,0,0,0,0,4.1
00-0036158,J.Dobbins,J.K. Dobbins,RB,RB,2026_01_DEN_KC,DEN,DEN,2026,1,REG,KC,0,0,0,0,0,8,36,0,0,0,0,0,0,0,0,0,0,0,0,0,0,0,3.6
00-0036223,J.Taylor,Jonathan Taylor,RB,RB,2026_01_BAL_IND,IND,IND,2026,1,REG,BAL,0,0,0,0,0,19,98,2,3,4,23,0,0,0.137931034482759,0,0,0,1,0,0,0,0,25.1
00-0036244,C.Parkinson,Colby Parkinson,TE,TE,2026_01_SF_LA,LA,LA,2026,1,REG,SF,0,0,0,0,0,0,0,0,1,2,6,0,9,0.0740740740740741,0.0352941176470588,0,0,0,0,0,0,0,1.6
00-0036252,M.Pittman,Michael Pittman,WR,WR,2026_01_ATL_PIT,PIT,PIT,2026,1,REG,ATL,0,0,0,0,0,0,0,0,3,3,58,0,33,0.0810810810810811,0.0810810810810811,0,0,0,0,0,0,0,8.8
00-0036259,J.Jennings,Jauan Jennings,WR,WR,2026_01_GB_MIN,MIN,MIN,2026,1,REG,GB,0,0,0,0,0,0,0,0,0,1,0,0,30,0.0434782608695652,0.170454545454545,0,0,0,0,0,0,0,0
00-0036264,J.Love,Jordan Love,QB,QB,2026_01_GB_MIN,GB,GB,2026,1,REG,MIN,21,42,387,2,1,1,0,0,0,0,0,0,0,0,0,1,0,0,0,0,0,0,19.48
00-0036265,A.Dillon,AJ Dillon,RB,RB,2026_01_CHI_CAR,CAR,CAR,2026,1,REG,CHI,0,0,0,0,0,5,28,0,0,0,0,0,0,0,0,0,0,0,0,0,0,0,2.8
00-0036275,D.Swift,D'Andre Swift,RB,RB,2026_01_CHI_CAR,CHI,CHI,2026,1,REG,CAR,0,0,0,0,0,18,124,3,1,1,10,0,4,0.0384615384615385,0.0125391849529781,0,0,0,0,0,0,0,32.4
00-0036290,C.Kmet,Cole Kmet,TE,TE,2026_01_CHI_CAR,CHI,CHI,2026,1,REG,CAR,0,0,0,0,0,0,0,0,2,3,35,1,47,0.115384615384615,0.147335423197492,0,0,0,0,0,0,0,11.5
00-0036309,D.Mooney,Darnell Mooney,WR,WR,2026_01_DAL_NYG,NYG,NYG,2026,1,REG,DAL,0,0,0,0,0,0,0,0,2,2,27,0,25,0.0689655172413793,0.102040816326531,0,0,0,0,0,0,0,4.7
00-0036322,J.Jefferson,Justin Jefferson,WR,WR,2026_01_GB_MIN,MIN,MIN,2026,1,REG,GB,0,0,0,0,0,0,0,0,8,9,92,2,80,0.391304347826087,0.454545454545455,0,0,0,0,0,1,0,31.2
00-0036331,D.Duvernay,Devin Duvernay,WR,WR,2026_01_ARI_LAC,ARI,ARI,2026,1,REG,LAC,0,0,0,0,0,0,0,0,0,0,0,0,0,0,0,0,0,0,0,0,0,0,0
00-0036355,J.Herbert,Justin Herbert,QB,QB,2026_01_ARI_LAC,LAC,LAC,2026,1,REG,ARI,17,27,209,1,1,5,29,0,0,0,0,0,0,0,0,0,0,0,0,0,0,0,13.26
00-0036358,C.Lamb,CeeDee Lamb,WR,WR,2026_01_DAL_NYG,DAL,DAL,2026,1,REG,NYG,0,0,0,0,0,1,0,0,5,8,44,1,90,0.266666666666667,0.29126213592233,0,0,0,0,0,0,0,15.4
00-0036389,J.Hurts,Jalen Hurts,QB,QB,2026_01_WAS_PHI,PHI,PHI,2026,1,REG,WAS,14,25,203,3,0,7,46,0,0,0,0,0,0,0,0,0,0,0,0,0,0,0,24.72
00-0036407,J.Jeudy,Jerry Jeudy,WR,WR,2026_01_CLE_JAX,CLE,CLE,2026,1,REG,JAX,0,0,0,0,0,0,0,0,2,4,26,0,40,0.181818181818182,0.175438596491228,0,0,0,0,0,0,0,4.6
00-0036410,T.Higgins,Tee Higgins,WR,WR,2026_01_TB_CIN,CIN,CIN,2026,1,REG,TB,0,0,0,0,0,0,0,0,3,6,59,0,117,0.176470588235294,0.517699115044248,0,0,0,0,0,0,0,8.9
00-0036422,A.Trautman,Adam Trautman,TE,TE,2026_01_DEN_KC,DEN,DEN,2026,1,REG,KC,0,0,0,0,0,0,0,0,2,3,10,0,-1,0.111111111111111,-0.0108695652173913,0,0,0,0,0,0,0,3
00-0036425,D.Dallas,DeeJay Dallas,RB,RB,2026_01_GB_MIN,MIN,MIN,2026,1,REG,GB,0,0,0,0,0,0,0,0,1,1,1,0,1,0.0434782608695652,0.00568181818181818,0,0,0,0,0,0,0,1.1
00-0036442,J.Burrow,Joe Burrow,QB,QB,2026_01_TB_CIN,CIN,CIN,2026,1,REG,TB,25,35,254,1,1,5,20,0,0,0,0,0,0,0,0,0,0,0,0,0,0,0,14.16
00-0036463,C.Blair,Chris Blair,WR,WR,2026_01_ATL_PIT,ATL,ATL,2026,1,REG,PIT,0,0,0,0,0,0,0,0,0,0,0,0,0,0,0,0,0,0,0,0,0,0,0
00-0036550,R.Bateman,Rashod Bateman,WR,WR,2026_01_BAL_IND,BAL,BAL,2026,1,REG,IND,0,0,0,0,0,0,0,0,0,1,0,0,23,0.0416666666666667,0.0855018587360595,0,0,0,0,0,0,0,0
00-0036554,N.Collins,Nico Collins,WR,WR,2026_01_BUF_HOU,HOU,HOU,2026,1,REG,BUF,0,0,0,0,0,1,7,0,7,10,75,1,120,0.27027027027027,0.372670807453416,0,0,0,0,0,0,0,21.2
00-0036555,C.Hubbard,Chuba Hubbard,RB,RB,2026_01_CHI_CAR,CAR,CAR,2026,1,REG,CHI,0,0,0,0,0,10,49,1,3,3,38,1,0,0.0882352941176471,0,0,0,0,0,0,0,0,23.7
00-0036590,Q.Morris,Quintin Morris,TE,TE,2026_01_CLE_JAX,JAX,JAX,2026,1,REG,CLE,0,0,0,0,0,0,0,0,0,1,0,0,2,0.0476190476190476,0.00826446280991736,0,0,0,0,0,0,0,0
00-0036613,J.Waddle,Jaylen Waddle,WR,WR,2026_01_DEN_KC,DEN,DEN,2026,1,REG,KC,0,0,0,0,0,0,0,0,1,3,2,0,13,0.111111111111111,0.141304347826087,0,0,0,0,0,0,0,1.2
00-0036626,D.Brown,Dyami Brown,WR,WR,2026_01_WAS_PHI,WAS,WAS,2026,1,REG,PHI,0,0,0,0,0,0,0,0,0,2,0,0,64,0.0689655172413793,0.201892744479495,0,0,0,0,0,0,0,0
00-0036628,J.Bates,John Bates,TE,TE,2026_01_WAS_PHI,WAS,WAS,2026,1,REG,PHI,0,0,0,0,0,0,0,0,2,3,13,0,6,0.103448275862069,0.0189274447949527,0,0,0,0,0,0,0,3.3
00-0036637,N.Gray,Noah Gray,TE,TE,2026_01_DEN_KC,KC,KC,2026,1,REG,DEN,0,0,0,0,0,0,0,0,1,1,5,0,5,0.04,0.037593984962406,0,0,0,0,0,0,0,1.5
00-0036646,S.Fehoko,Simi Fehoko,WR,WR,2026_01_ARI_LAC,ARI,ARI,2026,1,REG,LAC,0,0,0,0,0,0,0,0,0,0,0,0,0,0,0,0,0,0,0,0,0,0,0
00-0036754,B.Wright,Brock Wright,TE,TE,2026_01_NO_DET,DET,DET,2026,1,REG,NO,0,0,0,0,0,0,0,0,1,1,5,0,2,0.0256410256410256,0.00966183574879227,0,0,0,0,0,0,0,1.5
00-0036825,F.Franks,Feleipe Franks,TE,TE,2026_01_CHI_CAR,CAR,CAR,2026,1,REG,CHI,0,0,0,0,0,0,0,0,0,0,0,0,0,0,0,0,0,0,0,0,0,0,0
00-0036875,R.Stevenson,Rhamondre Stevenson,RB,RB,2026_01_NE_SEA,NE,NE,2026,1,REG,SEA,0,0,0,0,0,18,51,0,5,6,44,0,-6,0.193548387096774,-0.0271493212669683,0,0,0,0,0,0,0,14.5
00-0036887,L.Farrell,Luke Farrell,TE,TE,2026_01_SF_LA,SF,SF,2026,1,REG,LA,0,0,0,0,0,0,0,0,2,2,19,0,3,0.0588235294117647,0.0201342281879195,0,0,0,0,0,0,0,3.9
00-0036894,P.Freiermuth,Pat Freiermuth,TE,TE,2026_01_ATL_PIT,PIT,PIT,2026,1,REG,ATL,0,0,0,0,0,0,0,0,5,5,46,1,21,0.135135135135135,0.0515970515970516,0,0,0,0,0,0,0,15.6
00-0036900,J.Chase,Ja'Marr Chase,WR,WR,2026_01_TB_CIN,CIN,CIN,2026,1,REG,TB,0,0,0,0,0,0,0,0,2,4,12,0,34,0.117647058823529,0.150442477876106,0,0,0,0,0,0,0,3.2
00-0036912,D.Smith,DeVonta Smith,WR,WR,2026_01_WAS_PHI,PHI,PHI,2026,1,REG,WAS,0,0,0,0,0,0,0,0,3,6,53,0,79,0.272727272727273,0.351111111111111,0,0,0,0,0,0,0,8.3
00-0036919,K.Gainwell,Kenny Gainwell,RB,RB,2026_01_TB_CIN,TB,TB,2026,1,REG,CIN,0,0,0,0,0,5,15,0,1,1,3,0,-5,0.037037037037037,-0.034965034965035,0,0,0,0,0,0,0,2.8
00-0036963,A.St. Brown,Amon-Ra St. Brown,WR,WR,2026_01_NO_DET,DET,DET,2026,1,REG,NO,0,0,0,0,0,0,0,0,10,14,67,2,70,0.358974358974359,0.338164251207729,0,0,0,0,0,0,0,28.7
00-0036970,K.Pitts,Kyle Pitts,TE,TE,2026_01_ATL_PIT,ATL,ATL,2026,1,REG,PIT,0,0,0,0,0,0,0,0,0,1,0,0,26,0.0526315789473684,0.337662337662338,0,0,0,0,0,0,0,0
00-0036971,T.Lawrence,Trevor Lawrence,QB,QB,2026_01_CLE_JAX,JAX,JAX,2026,1,REG,CLE,18,23,245,4,0,2,3,0,0,0,0,0,0,0,0,0,0,0,0,0,0,0,26.1
00-0036973,T.Etienne,Travis Etienne,RB,RB,2026_01_NO_DET,NO,NO,2026,1,REG,DET,0,0,0,0,0,9,46,0,7,9,32,0,-2,0.173076923076923,-0.0041407867494824,0,0,0,0,0,0,0,14.8
00-0036988,J.Palmer,Josh Palmer,WR,WR,2026_01_BUF_HOU,BUF,BUF,2026,1,REG,HOU,0,0,0,0,0,0,0,0,1,2,34,1,62,0.0714285714285714,0.161879895561358,0,0,0,0,0,0,0,10.4
00-0036997,J.Williams,Javonte Williams,RB,RB,2026_01_DAL_NYG,DAL,DAL,2026,1,REG,NYG,0,0,0,0,0,12,41,1,5,5,31,1,-11,0.166666666666667,-0.0355987055016181,0,0,0,0,0,0,0,24.2
00-0037004,H.Long,Hunter Long,TE,TE,2026_01_ARI_LAC,ARI,ARI,2026,1,REG,LAC,0,0,0,0,0,0,0,0,0,0,0,0,0,0,0,0,0,0,0,0,0,0,0
00-0037005,T.Tremble,Tommy Tremble,TE,TE,2026_01_CHI_CAR,CAR,CAR,2026,1,REG,CHI,0,0,0,0,0,0,0,0,3,5,25,0,23,0.147058823529412,0.0628415300546448,0,0,0,0,0,0,0,5.5
00-0037091,B.Melton,Bo Melton,WR,WR,2026_01_GB_MIN,GB,GB,2026,1,REG,MIN,0,0,0,0,0,0,0,0,1,1,10,0,10,0.025,0.0213219616204691,0,0,0,0,0,0,0,2
00-0037093,D.Young,Dareke Young,WR,WR,2026_01_MIA_LV,LV,LV,2026,1,REG,MIA,0,0,0,0,0,0,0,0,0,0,0,0,0,0,0,0,0,0,0,0,0,0,0
00-0037132,B.Covey,Britain Covey,WR,WR,2026_01_WAS_PHI,PHI,PHI,2026,1,REG,WAS,0,0,0,0,0,0,0,0,0,0,0,0,0,0,0,0,0,0,0,0,0,0,0
00-0037228,J.Warren,Jaylen Warren,RB,RB,2026_01_ATL_PIT,PIT,PIT,2026,1,REG,ATL,0,0,0,0,0,10,46,0,5,6,27,0,-6,0.162162162162162,-0.0147420147420147,0,0,1,0,0,0,0,10.3
00-0037238,D.London,Drake London,WR,WR,2026_01_ATL_PIT,ATL,ATL,2026,1,REG,PIT,0,0,0,0,0,1,6,0,2,4,29,0,22,0.210526315789474,0.285714285714286,0,0,0,0,0,0,0,5.5
00-0037239,C.Olave,Chris Olave,WR,WR,2026_01_NO_DET,NO,NO,2026,1,REG,DET,0,0,0,0,0,0,0,0,10,13,182,0,234,0.25,0.484472049689441,0,0,0,0,0,0,0,28.2
00-0037240,J.Williams,Jameson Williams,WR,WR,2026_01_NO_DET,DET,DET,2026,1,REG,NO,0,0,0,0,0,0,0,0,4,9,45,0,127,0.230769230769231,0.613526570048309,0,0,0,0,0,0,0,8.5
00-0037247,G.Pickens,George Pickens,WR,WR,2026_01_DAL_NYG,DAL,DAL,2026,1,REG,NYG,0,0,0,0,0,0,0,0,3,6,28,0,104,0.2,0.336569579288026,0,0,0,0,0,0,0,5.8
00-0037248,J.Cook,James Cook,RB,RB,2026_01_BUF_HOU,BUF,BUF,2026,1,REG,HOU,0,0,0,0,0,13,57,0,3,4,12,0,-4,0.142857142857143,-0.010443864229765,0,0,0,0,0,0,0,9.9
00-0037252,G.Dulcich,Greg Dulcich,TE,TE,2026_01_MIA_LV,MIA,MIA,2026,1,REG,LV,0,0,0,0,0,0,0,0,2,2,18,0,1,0.0740740740740741,0.00323624595469256,0,0,0,0,0,0,0,3.8
00-0037256,R.White,Rachaad White,RB,RB,2026_01_WAS_PHI,WAS,WAS,2026,1,REG,PHI,0,0,0,0,0,7,22,0,2,2,5,0,-10,0.0689655172413793,-0.0315457413249211,0,0,0,0,0,0,0,4.7
00-0037261,K.Shakir,Khalil Shakir,WR,WR,2026_01_BUF_HOU,BUF,BUF,2026,1,REG,HOU,0,0,0,0,0,0,0,0,4,6,50,0,39,0.214285714285714,0.101827676240209,0,0,0,0,0,0,0,9
00-0037263,T.Allgeier,Tyler Allgeier,RB,RB,2026_01_ARI_LAC,ARI,ARI,2026,1,REG,LAC,0,0,0,0,0,17,61,0,2,2,9,0,-5,0.0540540540540541,-0.0176678445229682,0,0,0,0,0,0,0,9
00-0037291,J.Nailor,Jalen Nailor,WR,WR,2026_01_MIA_LV,LV,LV,2026,1,REG,MIA,0,0,0,0,0,0,0,0,3,5,27,0,64,0.172413793103448,0.283185840707965,0,0,0,0,0,0,0,5.7
00-0037292,A.Ogletree,Andrew Ogletree,TE,TE,2026_01_BAL_IND,IND,IND,2026,1,REG,BAL,0,0,0,0,0,0,0,0,0,1,0,0,3,0.0344827586206897,0.0149253731343284,0,0,0,0,0,0,0,0
00-0037317,N.Muse,Nick Muse,TE,TE,2026_01_ATL_PIT,ATL,ATL,2026,1,REG,PIT,0,0,0,0,0,0,0,0,0,0,0,0,0,0,0,0,0,0,0,0,0,0,0
00-0037380,K.Davis,Kaden Davis,WR,WR,2026_01_CHI_CAR,CHI,CHI,2026,1,REG,CAR,0,0,0,0,0,0,0,0,0,0,0,0,0,0,0,0,0,0,0,0,0,0,0
00-0037524,T.Martin,Tay Martin,WR,WR,2026_01_NO_DET,DET,DET,2026,1,REG,NO,0,0,0,0,0,0,0,0,0,0,0,0,0,0,0,0,0,0,0,0,0,0,0
00-0037525,J.Mason,Jordan Mason,RB,RB,2026_01_GB_MIN,MIN,MIN,2026,1,REG,GB,0,0,0,0,0,15,59,1,0,0,0,0,0,0,0,0,0,0,0,0,0,0,11.9
00-0037545,R.Shaheed,Rashid Shaheed,WR,WR,2026_01_NE_SEA,SEA,SEA,2026,1,REG,NE,0,0,0,0,0,0,0,0,1,3,4,0,19,0.125,0.123376623376623,0,0,0,0,0,0,0,1.4
00-0037557,R.Rivers,Ronnie Rivers,RB,RB,2026_01_SF_LA,LA,LA,2026,1,REG,SF,0,0,0,0,0,5,19,0,1,1,5,0,2,0.037037037037037,0.00784313725490196,0,0,0,0,0,0,0,3.4
00-0037664,A.Pierce,Alec Pierce,WR,WR,2026_01_BAL_IND,IND,IND,2026,1,REG,BAL,0,0,0,0,0,0,0,0,4,6,61,0,103,0.206896551724138,0.512437810945274,0,0,0,0,0,0,0,10.1
00-0037740,G.Wilson,Garrett Wilson,WR,WR,2026_01_NYJ_TEN,NYJ,NYJ,2026,1,REG,TEN,0,0,0,0,0,0,0,0,6,7,79,0,77,0.304347826086957,0.458333333333333,0,0,0,0,0,0,0,13.9
00-0037741,J.Dotson,Jahan Dotson,WR,WR,2026_01_ATL_PIT,ATL,ATL,2026,1,REG,PIT,0,0,0,0,0,0,0,0,1,3,19,0,52,0.157894736842105,0.675324675324675,0,0,0,0,0,0,0,2.9
00-0037744,T.McBride,Trey McBride,TE,TE,2026_01_ARI_LAC,ARI,ARI,2026,1,REG,LAC,0,0,0,0,0,0,0,0,9,13,95,1,89,0.351351351351351,0.314487632508834,0,0,0,0,0,0,0,24.5
00-0037746,Br.Robinson,Brian Robinson,RB,RB,2026_01_ATL_PIT,ATL,ATL,2026,1,REG,PIT,0,0,0,0,0,9,31,0,0,0,0,0,0,0,0,0,0,0,0,0,0,0,3.1
00-0037801,K.Turpin,KaVontae Turpin,WR,WR,2026_01_DAL_NYG,DAL,DAL,2026,1,REG,NYG,0,0,0,0,0,0,0,0,1,1,8,0,1,0.0333333333333333,0.00323624595469256,0,0,0,0,0,0,0,1.8
00-0037805,J.Ruckert,Jeremy Ruckert,TE,TE,2026_01_NYJ_TEN,NYJ,NYJ,2026,1,REG,TEN,0,0,0,0,0,0,0,0,1,1,4,0,1,0.0434782608695652,0.00595238095238095,0,0,0,0,0,0,0,1.4
00-0037809,C.Okonkwo,Chig Okonkwo,TE,TE,2026_01_WAS_PHI,WAS,WAS,2026,1,REG,PHI,0,0,0,0,0,0,0,0,2,3,16,0,39,0.103448275862069,0.123028391167192,0,0,0,0,0,0,0,3.6
00-0037816,R.Doubs,Romeo Doubs,WR,WR,2026_01_NE_SEA,NE,NE,2026,1,REG,SEA,0,0,0,0,0,0,0,0,0,3,0,0,75,0.0967741935483871,0.339366515837104,0,0,0,0,0,0,0,0
00-0037834,B.Purdy,Brock Purdy,QB,QB,2026_01_SF_LA,SF,SF,2026,1,REG,LA,25,34,205,3,1,5,29,0,0,0,0,0,0,0,0,0,0,0,0,0,0,0,21.1
00-0037838,I.Likely,Isaiah Likely,TE,TE,2026_01_DAL_NYG,NYG,NYG,2026,1,REG,DAL,0,0,0,0,0,0,0,0,8,8,78,2,64,0.275862068965517,0.261224489795918,0,0,0,0,0,0,0,27.8
00-0037840,K.Williams,Kyren Williams,RB,RB,2026_01_SF_LA,LA,LA,2026,1,REG,SF,0,0,0,0,0,11,41,1,3,3,24,0,7,0.111111111111111,0.0274509803921569,0,0,0,0,0,0,0,15.5
00-0038041,J.Ferguson,Jake Ferguson,TE,TE,2026_01_DAL_NYG,DAL,DAL,2026,1,REG,NYG,0,0,0,0,0,0,0,0,2,2,6,0,6,0.0666666666666667,0.0194174757281553,0,0,0,0,0,0,0,2.6
00-0038046,C.Kolar,Charlie Kolar,TE,TE,2026_01_ARI_LAC,LAC,LAC,2026,1,REG,ARI,0,0,0,0,0,0,0,0,0,0,0,0,0,0,0,0,0,0,0,0,0,0,0
00-0038090,S.Moore,Skyy Moore,WR,WR,2026_01_GB_MIN,GB,GB,2026,1,REG,MIN,0,0,0,0,0,0,0,0,0,1,0,0,12,0.025,0.0255863539445629,0,0,0,0,0,0,0,0
00-0038102,K.Pickett,Kenny Pickett,QB,QB,2026_01_CHI_CAR,CAR,CAR,2026,1,REG,CHI,0,1,0,0,0,1,24,0,0,0,0,0,0,0,0,0,0,0,0,0,0,0,2.4
00-0038104,T.Thornton,Tyquan Thornton,WR,WR,2026_01_DEN_KC,KC,KC,2026,1,REG,DEN,0,0,0,0,0,0,0,0,0,1,0,0,36,0.04,0.270676691729323,0,0,0,0,0,0,0,0
00-0038115,D.Bellinger,Daniel Bellinger,TE,TE,2026_01_NYJ_TEN,TEN,TEN,2026,1,REG,NYJ,0,0,0,0,0,0,0,0,1,1,7,0,1,0.0357142857142857,0.00526315789473684,0,0,0,0,0,0,0,1.7
00-0038117,W.Robinson,Wan'Dale Robinson,WR,WR,2026_01_NYJ_TEN,TEN,TEN,2026,1,REG,NYJ,0,0,0,0,0,0,0,0,5,6,38,0,23,0.214285714285714,0.121052631578947,0,0,0,0,0,0,0,8.8
00-0038120,B.Hall,Breece Hall,RB,RB,2026_01_NYJ_TEN,NYJ,NYJ,2026,1,REG,TEN,0,0,0,0,0,22,102,1,2,2,16,0,3,0.0869565217391304,0.0178571428571429,0,0,0,0,0,0,0,19.8
00-0038124,C.Watson,Christian Watson,WR,WR,2026_01_GB_MIN,GB,GB,2026,1,REG,MIN,0,0,0,0,0,0,0,0,6,8,147,2,127,0.2,0.270788912579957,0,0,0,0,0,0,0,32.7
00-0038128,M.Willis,Malik Willis,QB,QB,2026_01_MIA_LV,MIA,MIA,2026,1,REG,LV,15,27,220,0,1,6,39,1,0,0,0,0,0,0,0,0,0,0,0,0,0,0,16.7
00-0038129,C.Otton,Cade Otton,TE,TE,2026_01_TB_CIN,TB,TB,2026,1,REG,CIN,0,0,0,0,0,0,0,0,3,5,26,0,32,0.185185185185185,0.223776223776224,0,0,0,0,0,0,0,5.6
00-0038134,K.Walker,Kenneth Walker III,RB,RB,2026_01_DEN_KC,KC,KC,2026,1,REG,DEN,0,0,0,0,0,23,173,1,3,6,18,1,-2,0.24,-0.0150375939849624,0,0,0,0,0,0,0,34.1
00-0038359,X.Smith,Xavier Smith,WR,WR,2026_01_SF_LA,LA,LA,2026,1,REG,SF,0,0,0,0,0,0,0,0,0,0,0,0,0,0,0,0,0,0,0,0,0,0,0
00-0038393,D.Wicks,Dontayvion Wicks,WR,WR,2026_01_WAS_PHI,PHI,PHI,2026,1,REG,WAS,0,0,0,0,0,0,0,0,2,4,73,1,79,0.181818181818182,0.351111111111111,0,0,0,0,0,0,0,15.3
00-0038454,K.Mitchell,Keaton Mitchell,RB,RB,2026_01_ARI_LAC,LAC,LAC,2026,1,REG,ARI,0,0,0,0,0,4,9,0,0,0,0,0,0,0,0,0,0,0,0,0,0,0,0.9
00-0038488,B.Russell,Brady Russell,RB,RB,2026_01_NE_SEA,SEA,SEA,2026,1,REG,NE,0,0,0,0,0,0,0,0,2,2,20,0,6,0.0833333333333333,0.038961038961039,0,0,0,0,0,0,0,4
00-0038489,B.VanSumeren,Ben VanSumeren,RB,RB,2026_01_DEN_KC,KC,KC,2026,1,REG,DEN,0,0,0,0,0,0,0,0,0,0,0,0,0,0,0,0,0,0,0,0,0,0,0
00-0038519,N.Remigio,Nikko Remigio,WR,WR,2026_01_DEN_KC,KC,KC,2026,1,REG,DEN,0,0,0,0,0,0,0,0,0,0,0,0,0,0,0,0,0,0,0,0,0,0,0
00-0038542,Bi.Robinson,Bijan Robinson,RB,RB,2026_01_ATL_PIT,ATL,ATL,2026,1,REG,PIT,0,0,0,0,0,21,83,0,8,10,90,1,-30,0.526315789473684,-0.38961038961039,0,0,0,0,0,0,0,31.3
00-0038543,J.Smith-Njigba,Jaxon Smith-Njigba,WR,WR,2026_01_NE_SEA,SEA,SEA,2026,1,REG,NE,0,0,0,0,0,0,0,0,8,11,122,1,76,0.458333333333333,0.493506493506494,0,0,0,0,0,0,0,26.2
00-0038544,Q.Johnston,Quentin Johnston,WR,WR,2026_01_ARI_LAC,LAC,LAC,2026,1,REG,ARI,0,0,0,0,0,0,0,0,2,6,17,0,39,0.222222222222222,0.142857142857143,0,0,0,0,0,0,0,3.7
00-0038547,L.Schoonmaker,Luke Schoonmaker,TE,TE,2026_01_DAL_NYG,DAL,DAL,2026,1,REG,NYG,0,0,0,0,0,0,0,0,1,1,12,0,12,0.0333333333333333,0.0388349514563107,0,0,0,0,0,0,0,2.2
00-0038551,K.Miller,Kendre Miller,RB,RB,2026_01_NO_DET,NO,NO,2026,1,REG,DET,0,0,0,0,0,9,30,1,0,0,0,0,0,0,0,0,0,0,0,0,0,0,9
00-0038555,T.Bigsby,Tank Bigsby,RB,RB,2026_01_WAS_PHI,PHI,PHI,2026,1,REG,WAS,0,0,0,0,0,1,3,0,0,0,0,0,0,0,0,0,0,0,0,0,0,0,0.3
00-0038558,D.Washington,Darnell Washington,TE,TE,2026_01_ATL_PIT,PIT,PIT,2026,1,REG,ATL,0,0,0,0,0,0,0,0,2,2,18,0,6,0.0540540540540541,0.0147420147420147,0,0,0,0,0,0,0,3.8
00-0038559,Mi.Wilson,Michael Wilson,WR,WR,2026_01_ARI_LAC,ARI,ARI,2026,1,REG,LAC,0,0,0,0,0,0,0,0,5,7,56,0,83,0.189189189189189,0.293286219081272,0,0,0,0,0,0,0,10.6
00-0038563,T.Tucker,Tre Tucker,WR,WR,2026_01_MIA_LV,LV,LV,2026,1,REG,MIA,0,0,0,0,0,0,0,0,2,4,27,0,50,0.137931034482759,0.221238938053097,0,0,0,0,0,0,0,4.7
00-0038573,D.Davis,Derius Davis,WR,WR,2026_01_ARI_LAC,LAC,LAC,2026,1,REG,ARI,0,0,0,0,0,0,0,0,0,1,0,0,55,0.037037037037037,0.201465201465201,0,0,0,0,0,0,0,0
00-0038597,C.Brown,Chase Brown,RB,RB,2026_01_TB_CIN,CIN,CIN,2026,1,REG,TB,0,0,0,0,0,16,56,1,5,6,22,0,-12,0.176470588235294,-0.0530973451327434,0,0,0,0,0,0,0,18.8
00-0038606,P.Washington,Parker Washington,WR,WR,2026_01_CLE_JAX,JAX,JAX,2026,1,REG,CLE,0,0,0,0,0,0,0,0,5,6,83,1,102,0.285714285714286,0.421487603305785,0,0,0,0,0,0,0,19.3
00-0038608,K.Boutte,Kayshon Boutte,WR,WR,2026_01_BUF_HOU,HOU,HOU,2026,1,REG,BUF,0,0,0,0,0,0,0,0,1,2,21,0,32,0.0540540540540541,0.0993788819875776,0,0,0,0,0,0,0,3.1
00-0038611,C.Rodriguez,Chris Rodriguez Jr.,RB,RB,2026_01_CLE_JAX,JAX,JAX,2026,1,REG,CLE,0,0,0,0,0,6,23,0,0,0,0,0,0,0,0,0,0,0,0,0,0,0,2.3
00-0038618,X.Hutchinson,Xavier Hutchinson,WR,WR,2026_01_BUF_HOU,HOU,HOU,2026,1,REG,BUF,0,0,0,0,0,0,0,0,3,6,32,0,57,0.162162162162162,0.177018633540373,0,0,0,0,0,0,0,6.2
00-0038619,A.Iosivas,Andrei Iosivas,WR,WR,2026_01_TB_CIN,CIN,CIN,2026,1,REG,TB,0,0,0,0,0,0,0,0,2,3,12,0,15,0.0882352941176471,0.0663716814159292,0,0,0,0,0,0,0,3.2
00-0038621,D.Douglas,DeMario Douglas,WR,WR,2026_01_NE_SEA,NE,NE,2026,1,REG,SEA,0,0,0,0,0,0,0,0,5,7,20,0,44,0.225806451612903,0.199095022624434,0,0,0,0,0,0,0,7
00-0038685,C.Brooks,Chris Brooks,RB,RB,2026_01_GB_MIN,GB,GB,2026,1,REG,MIN,0,0,0,0,0,7,29,0,0,1,0,0,-6,0.025,-0.0127931769722814,0,0,0,0,0,0,0,2.9
00-0038705,E.Demercado,Emari Demercado,RB,RB,2026_01_DAL_NYG,DAL,DAL,2026,1,REG,NYG,0,0,0,0,0,2,7,0,0,0,0,0,0,0,0,0,0,0,0,0,0,0,0.7
00-0038710,B.Whiteheart,Blake Whiteheart,TE,TE,2026_01_CLE_JAX,CLE,CLE,2026,1,REG,JAX,0,0,0,0,0,0,0,0,1,1,14,0,6,0.0454545454545455,0.0263157894736842,0,0,0,0,0,0,0,2.4
00-0038728,J.Wayne,Jared Wayne,WR,WR,2026_01_BUF_HOU,HOU,HOU,2026,1,REG,BUF,0,0,0,0,0,0,0,0,1,1,12,0,12,0.027027027027027,0.0372670807453416,0,0,0,0,0,0,0,2.2
00-0038738,H.Luepke,Hunter Luepke,RB,RB,2026_01_DAL_NYG,DAL,DAL,2026,1,REG,NYG,0,0,0,0,0,1,7,0,0,0,0,0,0,0,0,0,0,0,0,0,0,0,0.7
00-0038783,N.Adkins,Nate Adkins,TE,TE,2026_01_DEN_KC,DEN,DEN,2026,1,REG,KC,0,0,0,0,0,0,0,0,0,0,0,0,0,0,0,0,0,0,0,0,0,0,0
00-0038797,E.Wilson,Emanuel Wilson,RB,RB,2026_01_NE_SEA,SEA,SEA,2026,1,REG,NE,0,0,0,0,0,2,3,0,0,0,0,0,0,0,0,0,0,0,0,0,0,0,0.3
00-0038840,B.Tremayne,Brycen Tremayne,WR,WR,2026_01_CHI_CAR,CAR,CAR,2026,1,REG,CHI,0,0,0,0,0,0,0,0,0,0,0,0,0,0,0,0,0,0,0,0,0,0,0
00-0038896,J.Saylors,Jacob Saylors,RB,RB,2026_01_NO_DET,DET,DET,2026,1,REG,NO,0,0,0,0,0,0,0,0,0,0,0,0,0,0,0,0,0,0,0,0,0,0,0
00-0038933,D.Kincaid,Dalton Kincaid,TE,TE,2026_01_BUF_HOU,BUF,BUF,2026,1,REG,HOU,0,0,0,0,0,0,0,0,5,6,130,0,98,0.214285714285714,0.255874673629243,0,0,0,0,0,0,0,18
00-0038935,B.Strange,Brenton Strange,TE,TE,2026_01_CLE_JAX,JAX,JAX,2026,1,REG,CLE,0,0,0,0,0,0,0,0,2,3,23,1,34,0.142857142857143,0.140495867768595,0,0,0,0,0,0,0,10.3
00-0038976,M.Mims,Marvin Mims Jr.,WR,WR,2026_01_DEN_KC,DEN,DEN,2026,1,REG,KC,0,0,0,0,0,0,0,0,0,0,0,0,0,0,0,0,0,0,0,0,0,0,0
00-0038994,J.Addison,Jordan Addison,WR,WR,2026_01_GB_MIN,MIN,MIN,2026,1,REG,GB,0,0,0,0,0,0,0,0,0,2,0,0,27,0.0869565217391304,0.153409090909091,0,0,0,0,0,0,0,0
00-0038996,T.Kraft,Tucker Kraft,TE,TE,2026_01_GB_MIN,GB,GB,2026,1,REG,MIN,0,0,0,0,0,0,0,0,3,6,65,0,82,0.15,0.174840085287846,0,0,0,0,0,0,0,9.5
00-0038997,J.Downs,Josh Downs,WR,WR,2026_01_BAL_IND,IND,IND,2026,1,REG,BAL,0,0,0,0,0,0,0,0,2,4,37,0,36,0.137931034482759,0.17910447761194,0,0,0,0,0,0,0,5.7
00-0039021,R.Johnson,Roschon Johnson,RB,RB,2026_01_CHI_CAR,CHI,CHI,2026,1,REG,CAR,0,0,0,0,0,0,0,0,0,0,0,0,0,0,0,0,0,0,0,0,0,0,0
00-0039032,T.Spears,Tyjae Spears,RB,RB,2026_01_NYJ_TEN,TEN,TEN,2026,1,REG,NYJ,0,0,0,0,0,3,12,0,2,4,12,0,-12,0.142857142857143,-0.0631578947368421,0,0,0,0,0,0,0,4.4
00-0039040,D.Achane,De'Von Achane,RB,RB,2026_01_MIA_LV,MIA,MIA,2026,1,REG,LV,0,0,0,0,0,11,36,0,4,5,30,0,4,0.185185185185185,0.0129449838187702,0,0,0,0,0,0,0,10.6
00-0039062,J.Mingo,Jonathan Mingo,WR,WR,2026_01_DAL_NYG,DAL,DAL,2026,1,REG,NYG,0,0,0,0,0,0,0,0,1,1,10,0,11,0.0333333333333333,0.0355987055016181,0,0,0,0,0,0,0,2
00-0039064,Z.Flowers,Zay Flowers,WR,WR,2026_01_BAL_IND,BAL,BAL,2026,1,REG,IND,0,0,0,0,0,0,0,0,5,6,150,1,91,0.25,0.338289962825279,0,0,0,0,0,0,0,26
00-0039065,S.LaPorta,Sam LaPorta,TE,TE,2026_01_NO_DET,DET,DET,2026,1,REG,NO,0,0,0,0,0,0,0,0,5,8,48,0,7,0.205128205128205,0.0338164251207729,0,0,0,0,0,0,0,9.8
00-0039066,M.Mayer,Michael Mayer,TE,TE,2026_01_MIA_LV,LV,LV,2026,1,REG,MIA,0,0,0,0,0,0,0,0,6,7,32,0,28,0.241379310344828,0.123893805309735,0,0,0,0,0,0,0,9.2
00-0039067,R.Rice,Rashee Rice,WR,WR,2026_01_DEN_KC,KC,KC,2026,1,REG,DEN,0,0,0,0,0,0,0,0,2,2,19,1,6,0.08,0.0451127819548872,0,0,0,0,0,0,0,9.9
00-0039074,D.Allen,Davis Allen,TE,TE,2026_01_SF_LA,LA,LA,2026,1,REG,SF,0,0,0,0,0,0,0,0,1,1,13,0,-1,0.037037037037037,-0.00392156862745098,0,0,0,0,0,0,0,2.3
00-0039075,P.Nacua,Puka Nacua,WR,WR,2026_01_SF_LA,LA,LA,2026,1,REG,SF,0,0,0,0,0,0,0,0,5,9,74,0,115,0.333333333333333,0.450980392156863,0,0,0,0,0,0,0,12.4
00-0039107,S.Bennett,Stetson Bennett,QB,QB,2026_01_SF_LA,LA,LA,2026,1,REG,SF,2,3,13,0,0,1,9,0,0,0,0,0,0,0,0,0,0,0,0,0,0,0,1.42
00-0039139,J.Gibbs,Jahmyr Gibbs,RB,RB,2026_01_NO_DET,DET,DET,2026,1,REG,NO,0,0,0,0,0,29,156,2,5,5,30,0,-4,0.128205128205128,-0.0193236714975845,0,0,1,0,0,0,0,33.6
00-0039146,J.Reed,Jayden Reed,WR,WR,2026_01_GB_MIN,GB,GB,2026,1,REG,MIN,0,0,0,0,0,0,0,0,3,7,20,0,50,0.175,0.106609808102345,0,0,0,0,0,0,0,5
00-0039150,B.Young,Bryce Young,QB,QB,2026_01_CHI_CAR,CAR,CAR,2026,1,REG,CHI,23,37,361,3,1,2,10,1,0,0,0,0,0,0,0,0,0,0,0,0,0,0,31.44
00-0039163,C.Stroud,C.J. Stroud,QB,QB,2026_01_BUF_HOU,HOU,HOU,2026,1,REG,BUF,26,38,274,2,0,2,15,0,0,0,0,0,0,0,0,2,0,0,0,0,0,0,16.46
00-0039299,G.Holani,George Holani,RB,RB,2026_01_NE_SEA,SEA,SEA,2026,1,REG,NE,0,0,0,0,0,8,29,0,0,1,0,0,6,0.0416666666666667,0.038961038961039,0,0,0,0,0,0,0,2.9
00-0039337,M.Nabers,Malik Nabers,WR,WR,2026_01_DAL_NYG,NYG,NYG,2026,1,REG,DAL,0,0,0,0,0,0,0,0,6,9,69,0,103,0.310344827586207,0.420408163265306,0,0,0,0,0,0,0,12.9
00-0039342,X.Legette,Xavier Legette,WR,WR,2026_01_CHI_CAR,CAR,CAR,2026,1,REG,CHI,0,0,0,0,0,0,0,0,0,2,0,0,20,0.0588235294117647,0.0546448087431694,0,0,0,0,0,0,0,0
00-0039344,J.Brooks,Jonathon Brooks,RB,RB,2026_01_CHI_CAR,CAR,CAR,2026,1,REG,CHI,0,0,0,0,0,4,14,0,1,2,48,0,30,0.0588235294117647,0.0819672131147541,0,0,0,0,0,0,0,7.2
00-0039359,C.Stover,Cade Stover,TE,TE,2026_01_BUF_HOU,HOU,HOU,2026,1,REG,BUF,0,0,0,0,0,0,0,0,1,1,-2,0,-2,0.027027027027027,-0.0062111801242236,0,0,0,0,0,0,0,0.8
00-0039361,B.Irving,Bucky Irving,RB,RB,2026_01_TB_CIN,TB,TB,2026,1,REG,CIN,0,0,0,0,0,8,45,1,7,7,48,0,-25,0.259259259259259,-0.174825174825175,0,0,1,0,0,0,0,20.3
00-0039364,S.Vaki,Sione Vaki,RB,RB,2026_01_NO_DET,DET,DET,2026,1,REG,NO,0,0,0,0,0,2,7,0,1,1,11,0,2,0.0256410256410256,0.00966183574879227,0,0,0,0,0,0,0,2.8
00-0039365,J.Cowing,Jacob Cowing,WR,WR,2026_01_SF_LA,SF,SF,2026,1,REG,LA,0,0,0,0,0,0,0,0,0,0,0,0,0,0,0,0,0,0,0,0,0,0,0
00-0039384,T.Tracy,Tyrone Tracy Jr.,RB,RB,2026_01_DAL_NYG,NYG,NYG,2026,1,REG,DAL,0,0,0,0,0,2,14,0,0,0,0,0,0,0,0,0,1,0,0,0,0,0,-0.6
00-0039407,D.Laube,Dylan Laube,RB,RB,2026_01_MIA_LV,LV,LV,2026,1,REG,MIA,0,0,0,0,0,0,0,0,0,0,0,0,0,0,0,0,0,0,0,0,0,0,0
00-0039410,R.Flournoy,Ryan Flournoy,WR,WR,2026_01_DAL_NYG,DAL,DAL,2026,1,REG,NYG,0,0,0,0,0,0,0,0,2,4,22,0,23,0.133333333333333,0.0744336569579288,0,0,0,0,0,0,0,4.2
00-0039424,D.Vele,Devaughn Vele,WR,WR,2026_01_NO_DET,NO,NO,2026,1,REG,DET,0,0,0,0,0,0,0,0,7,9,69,1,63,0.173076923076923,0.130434782608696,0,0,0,0,0,0,0,19.9
00-0039451,I.Williams,Isaiah Williams,WR,WR,2026_01_NYJ_TEN,NYJ,NYJ,2026,1,REG,TEN,0,0,0,0,0,0,0,0,1,1,7,0,7,0.0434782608695652,0.0416666666666667,0,0,0,0,0,0,0,1.7
00-0039471,F.Gore,Frank Gore Jr.,RB,RB,2026_01_BUF_HOU,BUF,BUF,2026,1,REG,HOU,0,0,0,0,0,1,3,0,0,0,0,0,0,0,0,0,0,0,0,0,0,0,0.3
00-0039491,J.Coker,Jalen Coker,WR,WR,2026_01_CHI_CAR,CAR,CAR,2026,1,REG,CHI,0,0,0,0,0,0,0,0,8,9,138,2,124,0.264705882352941,0.33879781420765,0,0,0,0,0,0,0,33.8
00-0039518,T.Welch,Treyton Welch,TE,TE,2026_01_NO_DET,NO,NO,2026,1,REG,DET,0,0,0,0,0,0,0,0,0,0,0,0,0,0,0,0,0,0,0,0,0,0,0
00-0039530,B.Spann-Ford,Brevyn Spann-Ford,TE,TE,2026_01_DAL_NYG,DAL,DAL,2026,1,REG,NYG,0,0,0,0,0,0,0,0,2,2,14,0,6,0.0666666666666667,0.0194174757281553,0,0,0,0,0,0,0,3.4
00-0039589,K.Johnson,Kameron Johnson,WR,WR,2026_01_TB_CIN,TB,TB,2026,1,REG,CIN,0,0,0,0,0,0,0,0,0,0,0,0,0,0,0,0,0,0,0,0,0,0,0
00-0039686,C.Yankoff,Colson Yankoff,TE,TE,2026_01_WAS_PHI,WAS,WAS,2026,1,REG,PHI,0,0,0,0,0,0,0,0,0,0,0,0,0,0,0,0,0,0,0,0,0,0,0
00-0039732,B.Nix,Bo Nix,QB,QB,2026_01_DEN_KC,DEN,DEN,2026,1,REG,KC,17,28,131,1,1,3,2,0,0,0,0,0,0,0,0,1,0,0,0,0,0,0,5.44
00-0039738,B.Corum,Blake Corum,RB,RB,2026_01_SF_LA,LA,LA,2026,1,REG,SF,0,0,0,0,0,10,54,0,0,0,0,0,0,0,0,0,0,0,0,0,0,0,5.4
00-0039739,R.Wilson,Roman Wilson,WR,WR,2026_01_ATL_PIT,PIT,PIT,2026,1,REG,ATL,0,0,0,0,0,0,0,0,3,6,26,0,126,0.162162162162162,0.30958230958231,0,0,0,0,0,0,0,5.6
00-0039746,W.Shipley,Will Shipley,RB,RB,2026_01_WAS_PHI,PHI,PHI,2026,1,REG,WAS,0,0,0,0,0,2,4,0,1,1,8,0,6,0.0454545454545455,0.0266666666666667,0,0,0,0,0,0,0,2.2
00-0039751,J.Whittington,Jordan Whittington,WR,WR,2026_01_SF_LA,LA,LA,2026,1,REG,SF,0,0,0,0,0,0,0,0,1,1,8,0,8,0.037037037037037,0.0313725490196078,0,0,0,0,0,0,0,1.8
00-0039793,A.Barner,AJ Barner,TE,TE,2026_01_NE_SEA,SEA,SEA,2026,1,REG,NE,0,0,0,0,0,0,0,0,2,2,13,0,-1,0.0833333333333333,-0.00649350649350649,0,0,0,0,0,0,0,3.3
00-0039794,B.Allen,Braelon Allen,RB,RB,2026_01_NYJ_TEN,NYJ,NYJ,2026,1,REG,TEN,0,0,0,0,0,10,40,0,0,1,0,0,0,0.0434782608695652,0,0,0,0,0,0,0,0,4
00-0039796,R.Ali,Rasheen Ali,RB,RB,2026_01_BAL_IND,BAL,BAL,2026,1,REG,IND,0,0,0,0,0,0,0,0,0,0,0,0,0,0,0,0,0,0,0,0,0,0,0
00-0039811,M.Lloyd,MarShawn Lloyd,RB,RB,2026_01_GB_MIN,GB,GB,2026,1,REG,MIN,0,0,0,0,0,13,37,0,0,1,0,0,18,0.025,0.0383795309168444,0,0,0,0,0,0,0,3.7
00-0039847,T.Johnson,Theo Johnson,TE,TE,2026_01_DAL_NYG,NYG,NYG,2026,1,REG,DAL,0,0,0,0,0,0,0,0,1,1,9,0,2,0.0344827586206897,0.00816326530612245,0,0,0,0,0,0,0,1.9
00-0039849,M.Harrison,Marvin Harrison Jr.,WR,WR,2026_01_ARI_LAC,ARI,ARI,2026,1,REG,LAC,0,0,0,0,0,0,0,0,1,3,33,0,71,0.0810810810810811,0.250883392226148,0,0,0,0,0,0,0,4.3
00-0039851,D.Maye,Drake Maye,QB,QB,2026_01_NE_SEA,NE,NE,2026,1,REG,SEA,23,33,178,1,3,7,47,0,0,0,0,0,0,0,0,0,0,0,0,0,0,0,9.82
00-0039868,T.Franklin,Troy Franklin,WR,WR,2026_01_DEN_KC,DEN,DEN,2026,1,REG,KC,0,0,0,0,0,1,5,0,0,1,0,0,31,0.037037037037037,0.33695652173913,0,0,0,0,0,0,0,0.5
00-0039874,J.Wright,Jaylen Wright,RB,RB,2026_01_MIA_LV,MIA,MIA,2026,1,REG,LV,0,0,0,0,0,1,-1,0,0,0,0,0,0,0,0,0,0,0,0,0,0,0,-0.1
00-0039875,R.Davis,Ray Davis,RB,RB,2026_01_BUF_HOU,BUF,BUF,2026,1,REG,HOU,0,0,0,0,0,1,3,0,0,0,0,0,0,0,0,0,0,0,0,0,0,0,0.3
00-0039880,M.Washington,Malik Washington,WR,WR,2026_01_MIA_LV,MIA,MIA,2026,1,REG,LV,0,0,0,0,0,0,0,0,3,8,53,0,135,0.296296296296296,0.436893203883495,0,0,1,0,0,0,0,6.3
00-0039890,A.Mitchell,Adonai Mitchell,WR,WR,2026_01_NYJ_TEN,NYJ,NYJ,2026,1,REG,TEN,0,0,0,0,0,0,0,0,3,3,60,0,59,0.130434782608696,0.351190476190476,0,0,0,0,0,0,0,9
00-0039893,Bri.Thomas,Brian Thomas Jr.,WR,WR,2026_01_CLE_JAX,JAX,JAX,2026,1,REG,CLE,0,0,0,0,0,0,0,0,3,3,40,0,44,0.142857142857143,0.181818181818182,0,0,0,0,0,0,0,7
00-0039894,X.Worthy,Xavier Worthy,WR,WR,2026_01_DEN_KC,KC,KC,2026,1,REG,DEN,0,0,0,0,0,0,0,0,3,6,18,0,42,0.24,0.315789473684211,0,0,0,0,0,0,0,4.8
00-0039901,K.Coleman,Keon Coleman,WR,WR,2026_01_BUF_HOU,BUF,BUF,2026,1,REG,HOU,0,0,0,0,0,0,0,0,1,1,1,0,4,0.0357142857142857,0.010443864229765,0,0,0,0,0,0,0,1.1
00-0039910,J.Daniels,Jayden Daniels,QB,QB,2026_01_WAS_PHI,WAS,WAS,2026,1,REG,PHI,18,34,164,2,0,5,31,0,0,0,0,0,0,0,0,0,0,0,0,0,0,0,17.66
00-0039915,L.McConkey,Ladd McConkey,WR,WR,2026_01_ARI_LAC,LAC,LAC,2026,1,REG,ARI,0,0,0,0,0,0,0,0,5,7,82,1,97,0.259259259259259,0.355311355311355,0,0,0,0,0,0,0,19.2
00-0039918,C.Williams,Caleb Williams,QB,QB,2026_01_CHI_CAR,CHI,CHI,2026,1,REG,CAR,21,29,269,2,0,10,65,2,0,0,0,0,0,0,0,0,0,0,0,0,0,0,37.26
00-0039919,R.Odunze,Rome Odunze,WR,WR,2026_01_CHI_CAR,CHI,CHI,2026,1,REG,CAR,0,0,0,0,0,0,0,0,2,3,52,0,90,0.115384615384615,0.282131661442006,0,0,0,0,0,0,0,7.2
00-0039920,M.Corley,Malachi Corley,WR,WR,2026_01_CLE_JAX,CLE,CLE,2026,1,REG,JAX,0,0,0,0,0,0,0,0,0,0,0,0,0,0,0,0,0,0,0,0,0,0,0
00-0040024,D.Cooper,Darius Cooper,WR,WR,2026_01_WAS_PHI,PHI,PHI,2026,1,REG,WAS,0,0,0,0,0,0,0,0,0,0,0,0,0,0,0,0,0,0,0,0,0,0,0
00-0040075,L.Wester,LaJohntay Wester,WR,WR,2026_01_BAL_IND,BAL,BAL,2026,1,REG,IND,0,0,0,0,0,0,0,0,2,2,15,0,11,0.0833333333333333,0.0408921933085502,0,0,0,0,0,0,0,3.5
00-0040081,J.Briningstool,Jake Briningstool,TE,TE,2026_01_DEN_KC,KC,KC,2026,1,REG,DEN,0,0,0,0,0,0,0,0,1,1,9,0,4,0.04,0.0300751879699248,0,0,0,0,0,0,0,1.9
00-0040122,A.Jeanty,Ashton Jeanty,RB,RB,2026_01_MIA_LV,LV,LV,2026,1,REG,MIA,0,0,0,0,0,23,102,0,6,6,45,2,18,0.206896551724138,0.079646017699115,0,0,0,0,0,0,0,32.7
00-0040124,T.McMillan,Tetairoa McMillan,WR,WR,2026_01_CHI_CAR,CAR,CAR,2026,1,REG,CHI,0,0,0,0,0,0,0,0,5,8,75,0,119,0.235294117647059,0.325136612021858,0,0,1,0,0,0,0,10.5
00-0040126,C.Loveland,Colston Loveland,TE,TE,2026_01_CHI_CAR,CHI,CHI,2026,1,REG,CAR,0,0,0,0,0,0,0,0,0,2,0,0,30,0.0769230769230769,0.0940438871473354,0,0,0,0,0,0,0,0
00-0040128,T.Warren,Tyler Warren,TE,TE,2026_01_BAL_IND,IND,IND,2026,1,REG,BAL,0,0,0,0,0,0,0,0,3,5,13,1,23,0.172413793103448,0.114427860696517,0,0,0,0,0,0,0,10.3
00-0040129,E.Egbuka,Emeka Egbuka,WR,WR,2026_01_TB_CIN,TB,TB,2026,1,REG,CIN,0,0,0,0,0,0,0,0,5,6,63,0,84,0.222222222222222,0.587412587412587,0,0,0,0,0,0,0,11.3
00-0040131,K.Williams,Kyle Williams,WR,WR,2026_01_NE_SEA,NE,NE,2026,1,REG,SEA,0,0,0,0,0,0,0,0,0,0,0,0,0,0,0,0,0,0,0,0,0,0,0
00-0040134,P.Bryant,Pat Bryant,WR,WR,2026_01_DEN_KC,DEN,DEN,2026,1,REG,KC,0,0,0,0,0,0,0,0,4,6,42,0,25,0.222222222222222,0.271739130434783,0,0,0,0,0,0,0,8.2
00-0040138,J.Noel,Jaylin Noel,WR,WR,2026_01_BUF_HOU,HOU,HOU,2026,1,REG,BUF,0,0,0,0,0,0,0,0,2,2,53,0,26,0.0540540540540541,0.0807453416149068,0,0,0,0,0,0,0,7.3
00-0040142,K.Johnson,Kaleb Johnson,RB,RB,2026_01_GB_MIN,GB,GB,2026,1,REG,MIN,0,0,0,0,0,0,0,0,0,0,0,0,0,0,0,0,0,0,0,0,0,0,0
00-0040162,D.Sampson,Dylan Sampson,RB,RB,2026_01_CLE_JAX,CLE,CLE,2026,1,REG,JAX,0,0,0,0,0,0,0,0,0,0,0,0,0,0,0,0,0,0,0,0,0,0,0
00-0040164,J.Lane,Jaylin Lane,WR,WR,2026_01_WAS_PHI,WAS,WAS,2026,1,REG,PHI,0,0,0,0,0,0,0,0,1,1,4,0,4,0.0344827586206897,0.0126182965299685,0,0,0,0,0,0,0,1.4
00-0040170,E.Ayomanor,Elic Ayomanor,WR,WR,2026_01_NYJ_TEN,TEN,TEN,2026,1,REG,NYJ,0,0,0,0,0,0,0,0,1,3,11,1,41,0.107142857142857,0.215789473684211,0,0,0,0,0,0,0,8.1
00-0040187,M.Evans,Mitchell Evans,TE,TE,2026_01_CHI_CAR,CAR,CAR,2026,1,REG,CHI,0,0,0,0,0,0,0,0,1,2,9,0,9,0.0588235294117647,0.0245901639344262,0,0,0,0,0,0,0,1.9
00-0040189,O.Gadsden,Oronde Gadsden II,TE,TE,2026_01_ARI_LAC,LAC,LAC,2026,1,REG,ARI,0,0,0,0,0,0,0,0,2,2,32,0,7,0.0740740740740741,0.0256410256410256,0,0,0,0,0,0,0,5.2
00-0040208,T.Brooks,Tahj Brooks,RB,RB,2026_01_TB_CIN,CIN,CIN,2026,1,REG,TB,0,0,0,0,0,0,0,0,0,0,0,0,0,0,0,0,0,0,0,0,0,0,0
00-0040218,Ji.Horn,Jimmy Horn Jr.,WR,WR,2026_01_CHI_CAR,CAR,CAR,2026,1,REG,CHI,0,0,0,0,0,0,0,0,0,1,0,0,3,0.0294117647058824,0.00819672131147541,0,0,0,0,0,0,0,0
00-0040236,K.Monangai,Kyle Monangai,RB,RB,2026_01_CHI_CAR,CHI,CHI,2026,1,REG,CAR,0,0,0,0,0,10,100,1,2,2,24,0,9,0.0769230769230769,0.0282131661442006,0,0,0,0,0,0,0,20.4
00-0040237,T.Johnson,Tez Johnson,WR,WR,2026_01_TB_CIN,TB,TB,2026,1,REG,CIN,0,0,0,0,0,1,-4,0,0,1,0,0,9,0.037037037037037,0.0629370629370629,0,0,0,0,0,0,0,-0.4
00-0040242,J.Croskey-Merritt,Jacory Croskey-Merritt,RB,RB,2026_01_WAS_PHI,WAS,WAS,2026,1,REG,PHI,0,0,0,0,0,16,63,1,1,1,-7,0,-7,0.0344827586206897,-0.0220820189274448,0,0,0,0,0,0,0,12.6
00-0040277,J.Walker,Jahdae Walker,WR,WR,2026_01_CHI_CAR,CHI,CHI,2026,1,REG,CAR,0,0,0,0,0,0,0,0,1,1,1,1,1,0.0384615384615385,0.00313479623824451,0,0,0,0,0,0,0,7.1
00-0040363,K.Latu,Keleki Latu,TE,TE,2026_01_BUF_HOU,BUF,BUF,2026,1,REG,HOU,0,0,0,0,0,0,0,0,0,0,0,0,0,0,0,0,0,0,0,0,0,0,0
00-0040429,J.Williams,Josh Williams,RB,RB,2026_01_TB_CIN,TB,TB,2026,1,REG,CIN,0,0,0,0,0,0,0,0,0,0,0,0,0,0,0,0,0,0,0,0,0,0,0
00-0040466,R.Sanders,Raheim Sanders,RB,RB,2026_01_CLE_JAX,CLE,CLE,2026,1,REG,JAX,0,0,0,0,0,1,1,0,3,3,25,0,-6,0.136363636363636,-0.0263157894736842,0,0,0,0,0,0,0,5.6
00-0040506,M.Price,Myles Price,WR,WR,2026_01_GB_MIN,MIN,MIN,2026,1,REG,GB,0,0,0,0,0,0,0,0,0,0,0,0,0,0,0,0,0,0,0,0,0,0,0
00-0040556,C.Kiner,Corey Kiner,RB,RB,2026_01_NE_SEA,NE,NE,2026,1,REG,SEA,0,0,0,0,0,6,11,0,0,0,0,0,0,0,0,0,0,0,0,0,0,0,1.1
00-0040568,L.Larison,Lan Larison,RB,RB,2026_01_NE_SEA,NE,NE,2026,1,REG,SEA,0,0,0,0,0,0,0,0,2,2,9,0,-3,0.0645161290322581,-0.0135746606334842,0,0,0,0,0,0,0,2.9
00-0040582,A.Smith,Arian Smith,WR,WR,2026_01_NYJ_TEN,NYJ,NYJ,2026,1,REG,TEN,0,0,0,0,0,0,0,0,0,1,0,0,4,0.0434782608695652,0.0238095238095238,0,0,0,0,0,0,0,0
00-0040583,W.Marks,Woody Marks,RB,RB,2026_01_BUF_HOU,HOU,HOU,2026,1,REG,BUF,0,0,0,0,0,9,42,0,1,1,-2,0,-2,0.027027027027027,-0.0062111801242236,0,0,0,0,0,0,0,5
00-0040584,G.Helm,Gunnar Helm,TE,TE,2026_01_NYJ_TEN,TEN,TEN,2026,1,REG,NYJ,0,0,0,0,0,0,0,0,4,5,28,0,17,0.178571428571429,0.0894736842105263,0,0,0,0,0,0,0,6.8
00-0040590,K.Mumpfield,Konata Mumpfield,WR,WR,2026_01_SF_LA,LA,LA,2026,1,REG,SF,0,0,0,0,0,0,0,0,0,1,0,0,13,0.037037037037037,0.0509803921568627,0,0,0,0,0,0,0,0
00-0040621,M.Foster,Montorie Foster Jr,WR,WR,2026_01_NE_SEA,SEA,SEA,2026,1,REG,NE,0,0,0,0,0,0,0,0,0,0,0,0,0,0,0,0,0,0,0,0,0,0,0
00-0040646,J.Royals,Jalen Royals,WR,WR,2026_01_DEN_KC,KC,KC,2026,1,REG,DEN,0,0,0,0,0,0,0,0,0,0,0,0,0,0,0,0,0,0,0,0,0,0,0
00-0040663,H.Fannin,Harold Fannin Jr.,TE,TE,2026_01_CLE_JAX,CLE,CLE,2026,1,REG,JAX,0,0,0,0,0,0,0,0,2,3,21,0,10,0.136363636363636,0.043859649122807,0,0,0,0,0,0,0,4.1
00-0040666,O.Hampton,Omarion Hampton,RB,RB,2026_01_ARI_LAC,LAC,LAC,2026,1,REG,ARI,0,0,0,0,0,12,43,1,0,0,0,0,0,0,0,0,1,0,0,0,0,0,8.3
00-0040667,M.Golden,Matthew Golden,WR,WR,2026_01_GB_MIN,GB,GB,2026,1,REG,MIN,0,0,0,0,0,0,0,0,6,12,95,0,137,0.3,0.292110874200426,0,0,0,0,0,0,0,15.5
00-0040669,I.TeSlaa,Isaac TeSlaa,WR,WR,2026_01_NO_DET,DET,DET,2026,1,REG,NO,0,0,0,0,0,0,0,0,0,1,0,0,3,0.0256410256410256,0.0144927536231884,0,0,0,0,0,0,0,0
00-0040676,C.Ward,Cam Ward,QB,QB,2026_01_NYJ_TEN,TEN,TEN,2026,1,REG,NYJ,19,32,140,1,0,4,21,0,0,0,0,0,0,0,0,0,0,0,0,0,0,0,11.7
00-0040691,J.Dart,Jaxson Dart,QB,QB,2026_01_DAL_NYG,NYG,NYG,2026,1,REG,DAL,23,29,230,3,0,11,54,0,0,0,0,0,0,0,0,0,0,0,0,0,0,0,26.6
00-0040705,C.Dike,Chimere Dike,WR,WR,2026_01_NYJ_TEN,TEN,TEN,2026,1,REG,NYJ,0,0,0,0,0,0,0,0,1,1,7,0,3,0.0357142857142857,0.0157894736842105,0,0,0,0,0,0,0,1.7
00-0040715,C.Skattebo,Cam Skattebo,RB,RB,2026_01_DAL_NYG,NYG,NYG,2026,1,REG,DAL,0,0,0,0,0,18,81,1,0,0,0,0,0,0,0,0,0,0,0,0,0,0,14.1
00-0040719,B.Tuten,Bhayshul Tuten,RB,RB,2026_01_CLE_JAX,JAX,JAX,2026,1,REG,CLE,0,0,0,0,0,15,66,0,1,1,22,0,-5,0.0476190476190476,-0.0206611570247934,0,0,0,0,0,0,0,9.8
00-0040727,T.Harris,Tre Harris,WR,WR,2026_01_ARI_LAC,LAC,LAC,2026,1,REG,ARI,0,0,0,0,0,0,0,0,3,6,20,0,47,0.222222222222222,0.172161172161172,0,0,0,0,0,0,0,5
00-0040729,J.Bech,Jack Bech,WR,WR,2026_01_MIA_LV,LV,LV,2026,1,REG,MIA,0,0,0,0,0,0,0,0,3,4,23,1,32,0.137931034482759,0.141592920353982,0,0,0,0,0,0,0,11.3
00-0040730,R.Harvey,RJ Harvey,RB,RB,2026_01_DEN_KC,DEN,DEN,2026,1,REG,KC,0,0,0,0,0,3,18,0,4,4,23,0,-22,0.148148148148148,-0.239130434782609,0,0,0,0,0,0,0,8.1
00-0040735,L.Burden,Luther Burden III,WR,WR,2026_01_CHI_CAR,CHI,CHI,2026,1,REG,CAR,0,0,0,0,0,1,2,0,5,5,63,0,36,0.192307692307692,0.112852664576803,0,0,1,0,0,0,0,9.5
00-0040736,M.Taylor,Mason Taylor,TE,TE,2026_01_NYJ_TEN,NYJ,NYJ,2026,1,REG,TEN,0,0,0,0,0,0,0,0,2,3,-2,0,1,0.130434782608696,0.00595238095238095,0,0,0,0,0,0,0,1.8
00-0040737,T.Ferguson,Terrance Ferguson,TE,TE,2026_01_SF_LA,LA,LA,2026,1,REG,SF,0,0,0,0,0,0,0,0,0,1,0,0,24,0.037037037037037,0.0941176470588235,0,0,0,0,0,0,0,0
00-0040743,T.Shough,Tyler Shough,QB,QB,2026_01_NO_DET,NO,NO,2026,1,REG,DET,35,56,410,3,2,4,8,0,0,0,0,0,0,0,0,1,0,0,0,0,0,0,23.2
00-0040784,Q.Judkins,Quinshon Judkins,RB,RB,2026_01_CLE_JAX,CLE,CLE,2026,1,REG,JAX,0,0,0,0,0,12,33,0,2,2,17,0,1,0.0909090909090909,0.0043859649122807,0,0,0,0,0,0,0,7
00-0040785,D.Meyers,Dohnte Meyers,WR,WR,2026_01_TB_CIN,CIN,CIN,2026,1,REG,TB,0,0,0,0,0,1,10,0,1,1,18,0,2,0.0294117647058824,0.00884955752212389,0,0,0,0,0,0,0,3.8
00-0040867,M.Lemon,Makai Lemon,WR,WR,2026_01_WAS_PHI,PHI,PHI,2026,1,REG,WAS,0,0,0,0,0,0,0,0,3,4,-5,0,0,0.181818181818182,0,0,0,0,0,0,0,0,2.5
00-0040870,J.Lane,Ja'Kobi Lane,WR,WR,2026_01_BAL_IND,BAL,BAL,2026,1,REG,IND,0,0,0,0,0,0,0,0,1,3,11,0,30,0.125,0.111524163568773,0,0,0,0,0,0,0,2.1
00-0040878,M.Washington,Mike Washington Jr.,RB,RB,2026_01_MIA_LV,LV,LV,2026,1,REG,MIA,0,0,0,0,0,7,41,0,0,0,0,0,0,0,0,0,0,0,0,0,0,0,4.1
00-0040879,M.Hibner,Matthew Hibner,TE,TE,2026_01_BAL_IND,BAL,BAL,2026,1,REG,IND,0,0,0,0,0,0,0,0,1,1,13,0,1,0.0416666666666667,0.00371747211895911,0,0,0,0,0,0,0,2.3
00-0040890,C.Allen,Cyrus Allen,WR,WR,2026_01_DEN_KC,KC,KC,2026,1,REG,DEN,0,0,0,0,0,0,0,0,0,1,0,0,5,0.04,0.037593984962406,0,0,0,0,0,0,0,0
00-0040894,M.Benson,Malik Benson,WR,WR,2026_01_MIA_LV,LV,LV,2026,1,REG,MIA,0,0,0,0,0,1,-8,0,1,2,6,0,31,0.0689655172413793,0.13716814159292,0,0,0,0,0,0,0,0.8
00-0041013,E.Johnson,Emmett Johnson,RB,RB,2026_01_DEN_KC,KC,KC,2026,1,REG,DEN,0,0,0,0,0,8,24,0,2,2,44,0,-8,0.08,-0.0601503759398496,0,0,0,0,0,0,0,8.8
00-0041027,J.Love,Jeremiyah Love,RB,RB,2026_01_ARI_LAC,ARI,ARI,2026,1,REG,LAC,0,0,0,0,0,11,41,1,2,4,9,0,5,0.108108108108108,0.0176678445229682,0,0,0,0,0,0,0,13
00-0041032,K.Sadiq,Kenyon Sadiq,TE,TE,2026_01_NYJ_TEN,NYJ,NYJ,2026,1,REG,TEN,0,0,0,0,0,1,3,1,3,3,21,0,0,0.130434782608696,0,0,0,0,0,0,0,0,11.4
00-0041037,D.Boston,Denzel Boston,WR,WR,2026_01_CLE_JAX,CLE,CLE,2026,1,REG,JAX,0,0,0,0,0,0,0,0,2,4,59,1,114,0.181818181818182,0.5,0,0,0,0,0,0,0,13.9
00-0041040,A.Williams,Antonio Williams,WR,WR,2026_01_WAS_PHI,WAS,WAS,2026,1,REG,PHI,0,0,0,0,0,0,0,0,4,4,64,1,55,0.137931034482759,0.173501577287066,0,0,0,0,0,0,0,16.4
00-0041042,M.Fields,Malachi Fields,WR,WR,2026_01_DAL_NYG,NYG,NYG,2026,1,REG,DAL,0,0,0,0,0,0,0,0,2,4,25,0,71,0.137931034482759,0.289795918367347,0,0,0,0,0,0,0,4.5
00-0041044,Z.Branch,Zachariah Branch,WR,WR,2026_01_ATL_PIT,ATL,ATL,2026,1,REG,PIT,0,0,0,0,0,0,0,0,0,0,0,0,0,0,0,0,0,0,0,0,0,0,0
00-0041048,T.Hurst,Ted Hurst III,WR,WR,2026_01_TB_CIN,TB,TB,2026,1,REG,CIN,0,0,0,0,0,0,0,0,3,3,36,0,34,0.111111111111111,0.237762237762238,0,0,0,0,0,0,0,6.6
00-0041052,K.Black,Kaelon Black,RB,RB,2026_01_SF_LA,SF,SF,2026,1,REG,LA,0,0,0,0,0,14,65,0,1,1,5,0,-5,0.0294117647058824,-0.0335570469798658,0,0,0,0,0,0,0,8
00-0041067,B.Lance,Bryce Lance,WR,WR,2026_01_NO_DET,NO,NO,2026,1,REG,DET,0,0,0,0,0,0,0,0,3,4,42,0,40,0.0769230769230769,0.082815734989648,0,0,0,0,0,0,0,7.2
00-0041094,B.Sharp,Bauer Sharp,TE,TE,2026_01_TB_CIN,TB,TB,2026,1,REG,CIN,0,0,0,0,0,0,0,0,0,0,0,0,0,0,0,0,0,0,0,0,0,0,0
00-0041096,K.Allen,Kaytron Allen,RB,RB,2026_01_WAS_PHI,WAS,WAS,2026,1,REG,PHI,0,0,0,0,0,4,16,0,0,0,0,0,0,0,0,0,0,0,0,0,0,0,1.6
00-0041099,B.Brown,Barion Brown,WR,WR,2026_01_NO_DET,NO,NO,2026,1,REG,DET,0,0,0,0,0,1,3,0,0,0,0,0,0,0,0,0,0,0,0,0,0,0,0.3
00-0041100,J.Cameron,Josh Cameron,WR,WR,2026_01_CLE_JAX,JAX,JAX,2026,1,REG,CLE,0,0,0,0,0,0,0,0,2,2,20,1,18,0.0952380952380952,0.0743801652892562,0,0,0,0,0,0,0,10
00-0041125,S.McGowan,Seth McGowan,RB,RB,2026_01_BAL_IND,IND,IND,2026,1,REG,BAL,0,0,0,0,0,0,0,0,1,1,0,0,-2,0.0344827586206897,-0.0099502487562189,0,0,0,0,0,0,0,1
00-0041131,C.Ryan,Carsen Ryan,TE,TE,2026_01_CLE_JAX,CLE,CLE,2026,1,REG,JAX,0,0,0,0,0,0,0,0,0,0,0,0,0,0,0,0,0,0,0,0,0,0,0
00-0041326,C.Donaldson,CJ Donaldson,RB,RB,2026_01_NO_DET,NO,NO,2026,1,REG,DET,0,0,0,0,0,2,4,0,1,2,-2,0,5,0.0384615384615385,0.010351966873706,0,0,0,0,0,0,0,1.2
00-0041395,E.Raridon,Eli Raridon,TE,TE,2026_01_NE_SEA,NE,NE,2026,1,REG,SEA,0,0,0,0,0,0,0,0,1,1,2,1,2,0.032258064516129,0.00904977375565611,0,0,0,0,0,0,0,7.2
00-0041397,K.Wetjen,Kaden Wetjen,WR,WR,2026_01_ATL_PIT,PIT,PIT,2026,1,REG,ATL,0,0,0,0,0,0,0,0,0,0,0,0,0,0,0,0,0,0,0,0,0,0,0
00-0041438,C.Tate,Carnell Tate,WR,WR,2026_01_NYJ_TEN,TEN,TEN,2026,1,REG,NYJ,0,0,0,0,0,0,0,0,4,6,38,0,67,0.214285714285714,0.352631578947368,0,0,0,0,0,0,0,7.8
00-0041472,M.Klein,Marlin Klein,TE,TE,2026_01_BUF_HOU,HOU,HOU,2026,1,REG,BUF,0,0,0,0,0,0,0,0,1,1,16,0,14,0.027027027027027,0.0434782608695652,0,0,0,0,0,0,0,2.6
00-0041490,E.Heidenreich,Eli Heidenreich,RB,RB,2026_01_ATL_PIT,PIT,PIT,2026,1,REG,ATL,0,0,0,0,0,0,0,0,0,0,0,0,0,0,0,0,0,0,0,0,0,0,0
00-0041496,J.Coleman,Jonah Coleman,RB,RB,2026_01_DEN_KC,DEN,DEN,2026,1,REG,KC,0,0,0,0,0,0,0,0,0,0,0,0,0,0,0,0,0,0,0,0,0,0,0
00-0041503,N.Boerkircher,Nate Boerkircher,TE,TE,2026_01_CLE_JAX,JAX,JAX,2026,1,REG,CLE,0,0,0,0,0,0,0,0,1,1,9,0,2,0.0476190476190476,0.00826446280991736,0,0,0,0,0,0,0,1.9
00-0041511,O.Cooper,Omar Cooper Jr.,WR,WR,2026_01_NYJ_TEN,NYJ,NYJ,2026,1,REG,TEN,0,0,0,0,0,0,0,0,1,1,30,0,4,0.0434782608695652,0.0238095238095238,0,0,0,0,0,0,0,4
00-0041512,J.Price,Jadarian Price,RB,RB,2026_01_NE_SEA,SEA,SEA,2026,1,REG,NE,0,0,0,0,0,10,52,0,2,2,6,0,-1,0.0833333333333333,-0.00649350649350649,0,0,0,0,0,0,0,7.8
00-0041523,C.Douglas,Caleb Douglas,WR,WR,2026_01_MIA_LV,MIA,MIA,2026,1,REG,LV,0,0,0,0,0,0,0,0,5,7,94,0,97,0.259259259259259,0.313915857605178,0,0,0,0,0,0,0,14.4
00-0041524,W.Kacmarek,Will Kacmarek,TE,TE,2026_01_MIA_LV,MIA,MIA,2026,1,REG,LV,0,0,0,0,0,0,0,0,0,1,0,0,6,0.037037037037037,0.0194174757281553,0,0,0,0,0,0,0,0
00-0041525,C.Bell,Chris Bell,WR,WR,2026_01_MIA_LV,MIA,MIA,2026,1,REG,LV,0,0,0,0,0,0,0,0,1,2,25,0,42,0.0740740740740741,0.135922330097087,0,0,0,0,0,0,0,3.5
00-0041529,K.Coleman,Kevin Coleman Jr.,WR,WR,2026_01_MIA_LV,MIA,MIA,2026,1,REG,LV,0,0,0,0,0,0,0,0,0,2,0,0,24,0.0740740740740741,0.0776699029126214,0,0,0,0,0,0,0,0
00-0041547,K.Concepcion,KC Concepcion,WR,WR,2026_01_CLE_JAX,CLE,CLE,2026,1,REG,JAX,0,0,0,0,0,3,15,0,4,5,43,0,63,0.227272727272727,0.276315789473684,0,0,1,0,0,0,0,7.8
00-0023459,A.Rodgers,Aaron Rodgers,QB,QB,2026_02_PIT_NE,PIT,PIT,2026,2,REG,NE,23,39,187,0,1,1,5,0,0,0,0,0,0,0,0,1,0,0,0,0,0,0,3.98
00-0029604,K.Cousins,Kirk Cousins,QB,QB,2026_02_LV_LAC,LV,LV,2026,2,REG,LAC,19,29,253,3,1,4,1,0,0,0,0,0,0,0,0,0,0,0,0,0,0,0,20.22
00-0030279,K.Allen,Keenan Allen,WR,WR,2026_02_IND_KC,IND,IND,2026,2,REG,KC,0,0,0,0,0,0,0,0,1,5,5,0,31,0.166666666666667,0.191358024691358,0,0,0,0,0,0,0,1.5
00-0030506,T.Kelce,Travis Kelce,TE,TE,2026_02_IND_KC,KC,KC,2026,2,REG,IND,0,0,0,0,0,0,0,0,9,11,101,1,56,0.255813953488372,0.213740458015267,0,0,0,0,0,0,0,25.1
00-0030565,G.Smith,Geno Smith,QB,QB,2026_02_GB_NYJ,NYJ,NYJ,2026,2,REG,GB,27,41,247,1,0,5,17,0,0,0,0,0,0,0,0,0,0,0,0,0,0,0,15.58
00-0031408,M.Evans,Mike Evans,WR,WR,2026_02_MIA_SF,SF,SF,2026,2,REG,MIA,0,0,0,0,0,0,0,0,3,3,54,0,40,0.142857142857143,0.222222222222222,0,0,0,0,0,0,0,8.4
00-0031588,S.Diggs,Stefon Diggs,WR,WR,2026_02_WAS_DAL,WAS,WAS,2026,2,REG,DAL,0,0,0,0,0,0,0,0,5,6,47,2,72,0.176470588235294,0.200557103064067,0,0,0,0,0,0,0,21.7
00-0031610,D.Waller,Darren Waller,TE,TE,2026_02_CAR_ATL,CAR,CAR,2026,2,REG,ATL,0,0,0,0,0,0,0,0,3,3,33,2,26,0.09375,0.0836012861736334,0,0,0,0,0,0,0,18.3
00-0032104,A.Abdullah,Ameer Abdullah,RB,RB,2026_02_JAX_DEN,JAX,JAX,2026,2,REG,DEN,0,0,0,0,0,3,11,0,1,1,2,0,-6,0.0357142857142857,-0.0198675496688742,0,0,0,0,0,0,0,2.3
00-0032268,M.Mariota,Marcus Mariota,QB,QB,2026_02_WAS_DAL,WAS,WAS,2026,2,REG,DAL,11,16,111,1,0,1,3,0,0,0,0,0,0,0,0,0,0,0,0,0,0,0,8.74
00-0032392,A.Hooper,Austin Hooper,TE,TE,2026_02_CAR_ATL,ATL,ATL,2026,2,REG,CAR,0,0,0,0,0,0,0,0,2,4,20,0,13,0.129032258064516,0.0817610062893082,0,0,0,0,0,0,0,4
00-0032398,C.Moore,Chris Moore,WR,WR,2026_02_NO_BAL,BAL,BAL,2026,2,REG,NO,0,0,0,0,0,0,0,0,1,3,6,0,93,0.103448275862069,0.289719626168224,0,0,0,0,0,0,0,1.6
00-0032464,K.Raymond,Kalif Raymond,WR,WR,2026_02_MIN_CHI,CHI,CHI,2026,2,REG,MIN,0,0,0,0,0,0,0,0,5,5,40,0,7,0.166666666666667,0.037037037037037,0,0,0,0,0,0,0,9
00-0032764,D.Henry,Derrick Henry,RB,RB,2026_02_NO_BAL,BAL,BAL,2026,2,REG,NO,0,0,0,0,0,16,68,1,3,3,19,0,-13,0.103448275862069,-0.0404984423676012,0,0,0,0,0,0,0,17.7
00-0032775,D.Robinson,Demarcus Robinson,WR,WR,2026_02_MIA_SF,SF,SF,2026,2,REG,MIA,0,0,0,0,0,0,0,0,3,3,34,0,27,0.142857142857143,0.15,0,0,0,0,0,0,0,6.4
00-0032950,C.Wentz,Carson Wentz,QB,QB,2026_02_MIN_CHI,MIN,MIN,2026,2,REG,CHI,11,20,143,0,0,3,6,0,0,0,0,0,0,0,0,0,0,0,0,0,0,0,6.32
00-0032951,L.Treadwell,Laquon Treadwell,WR,WR,2026_02_IND_KC,IND,IND,2026,2,REG,KC,0,0,0,0,0,0,0,0,3,3,61,0,54,0.1,0.333333333333333,0,0,0,0,0,0,0,9.1
00-0033077,D.Prescott,Dak Prescott,QB,QB,2026_02_WAS_DAL,DAL,DAL,2026,2,REG,WAS,26,31,279,4,0,4,26,0,0,0,0,0,0,0,0,0,0,0,0,0,0,0,29.76
00-0033090,H.Henry,Hunter Henry,TE,TE,2026_02_PIT_NE,NE,NE,2026,2,REG,PIT,0,0,0,0,0,0,0,0,3,5,40,0,57,0.238095238095238,0.290816326530612,0,0,0,0,0,0,0,7
00-0033106,J.Goff,Jared Goff,QB,QB,2026_02_DET_BUF,DET,DET,2026,2,REG,BUF,26,38,327,4,0,3,7,0,0,0,0,0,0,0,0,0,0,0,0,0,0,0,29.78
00-0033119,J.Brissett,Jacoby Brissett,QB,QB,2026_02_SEA_ARI,ARI,ARI,2026,2,REG,SEA,17,28,95,1,1,1,7,0,0,0,0,0,0,0,0,0,0,0,0,0,0,0,6.5
00-0033246,J.Mundt,Johnny Mundt,TE,TE,2026_02_PHI_TEN,PHI,PHI,2026,2,REG,TEN,0,0,0,0,0,0,0,0,2,3,8,0,8,0.0882352941176471,0.0273972602739726,0,0,0,0,0,0,0,2.8
00-0033280,C.McCaffrey,Christian McCaffrey,RB,RB,2026_02_MIA_SF,SF,SF,2026,2,REG,MIA,0,0,0,0,0,10,23,2,4,4,43,0,11,0.19047619047619,0.0611111111111111,0,0,0,0,0,0,0,22.6
00-0033288,G.Kittle,George Kittle,TE,TE,2026_02_MIA_SF,SF,SF,2026,2,REG,MIA,0,0,0,0,0,0,0,0,4,4,80,1,50,0.19047619047619,0.277777777777778,0,0,0,0,0,0,0,18
00-0033293,A.Jones,Aaron Jones,RB,RB,2026_02_MIN_CHI,MIN,MIN,2026,2,REG,CHI,0,0,0,0,0,23,105,0,0,0,0,0,0,0,0,0,0,0,0,0,0,0,10.5
00-0033307,K.Bourne,Kendrick Bourne,WR,WR,2026_02_SEA_ARI,ARI,ARI,2026,2,REG,SEA,0,0,0,0,0,0,0,0,2,3,11,0,10,0.115384615384615,0.091743119266055,0,0,0,0,0,0,0,3.1
00-0033526,S.Perine,Samaje Perine,RB,RB,2026_02_CIN_HOU,CIN,CIN,2026,2,REG,HOU,0,0,0,0,0,2,6,0,1,1,16,0,7,0.032258064516129,0.0404624277456647,0,0,0,0,0,0,0,3.2
00-0033537,D.Watson,Deshaun Watson,QB,QB,2026_02_CLE_TB,CLE,CLE,2026,2,REG,TB,24,30,238,2,0,7,22,0,0,0,0,0,0,0,0,0,0,0,0,0,0,0,19.72
00-0033555,M.Hollins,Mack Hollins,WR,WR,2026_02_PIT_NE,NE,NE,2026,2,REG,PIT,0,0,0,0,0,0,0,0,2,2,18,0,12,0.0952380952380952,0.0612244897959184,0,0,0,0,0,0,0,3.8
00-0033576,E.Saubert,Eric Saubert,TE,TE,2026_02_SEA_ARI,SEA,SEA,2026,2,REG,ARI,0,0,0,0,0,0,0,0,1,1,-10,0,-10,0.0384615384615385,-0.0440528634361234,0,0,0,0,0,0,0,0
00-0033662,C.Rush,Cooper Rush,QB,QB,2026_02_CAR_ATL,ATL,ATL,2026,2,REG,CAR,10,17,86,0,2,2,20,0,0,0,0,0,0,0,0,0,1,0,0,0,0,0,-0.56
00-0033873,P.Mahomes,Patrick Mahomes,QB,QB,2026_02_IND_KC,KC,KC,2026,2,REG,IND,32,47,382,3,0,2,17,0,0,0,0,0,0,0,0,0,0,0,0,0,0,0,28.98
00-0033881,E.Engram,Evan Engram,TE,TE,2026_02_JAX_DEN,DEN,DEN,2026,2,REG,JAX,0,0,0,0,0,0,0,0,1,1,17,0,17,0.0344827586206897,0.0634328358208955,0,0,0,0,0,0,0,2.7
00-0033885,D.Njoku,David Njoku,TE,TE,2026_02_LV_LAC,LAC,LAC,2026,2,REG,LV,0,0,0,0,0,0,0,0,1,3,9,0,25,0.115384615384615,0.0929368029739777,0,0,0,0,0,0,0,1.9
00-0033906,A.Kamara,Alvin Kamara,RB,RB,2026_02_NO_BAL,NO,NO,2026,2,REG,BAL,0,0,0,0,0,9,15,0,5,6,7,0,-6,0.1875,-0.028169014084507,0,0,0,0,0,0,0,7.2
00-0033908,C.Kupp,Cooper Kupp,WR,WR,2026_02_SEA_ARI,SEA,SEA,2026,2,REG,ARI,0,0,0,0,0,0,0,0,2,2,20,0,14,0.0769230769230769,0.0616740088105727,0,0,0,0,0,0,0,4
00-0033921,C.Godwin,Chris Godwin Jr.,WR,WR,2026_02_CLE_TB,TB,TB,2026,2,REG,CLE,0,0,0,0,0,1,12,0,3,3,46,0,33,0.0909090909090909,0.0783847980997625,0,0,0,0,0,0,0,8.8
00-0034348,C.Sutton,Courtland Sutton,WR,WR,2026_02_JAX_DEN,DEN,DEN,2026,2,REG,JAX,0,0,0,0,0,0,0,0,3,4,25,0,31,0.137931034482759,0.115671641791045,0,0,0,0,0,0,0,5.5
00-0034351,D.Goedert,Dallas Goedert,TE,TE,2026_02_PHI_TEN,PHI,PHI,2026,2,REG,TEN,0,0,0,0,0,0,0,0,1,2,4,0,4,0.0588235294117647,0.0136986301369863,0,0,0,0,0,0,0,1.4
00-0034365,I.Thomas,Ian Thomas,TE,TE,2026_02_LV_LAC,LV,LV,2026,2,REG,LAC,0,0,0,0,0,0,0,0,1,1,11,0,1,0.0344827586206897,0.00353356890459364,0,0,0,0,0,0,0,2.1
00-0034383,D.Schultz,Dalton Schultz,TE,TE,2026_02_CIN_HOU,HOU,HOU,2026,2,REG,CIN,0,0,0,0,0,0,0,0,12,14,140,0,104,0.28,0.218947368421053,0,0,0,0,0,0,0,26
00-0034753,M.Andrews,Mark Andrews,TE,TE,2026_02_NO_BAL,BAL,BAL,2026,2,REG,NO,0,0,0,0,0,0,0,0,6,7,49,0,47,0.241379310344828,0.146417445482866,0,0,0,0,0,0,0,10.9
00-0034771,M.Rudolph,Mason Rudolph,QB,QB,2026_02_PIT_NE,PIT,PIT,2026,2,REG,NE,0,1,0,0,0,1,3,0,0,0,0,0,0,0,0,0,0,0,0,0,0,0,0.3
00-0034796,L.Jackson,Lamar Jackson,QB,QB,2026_02_NO_BAL,BAL,BAL,2026,2,REG,NO,21,31,235,1,1,4,34,0,0,0,0,0,0,0,0,0,0,0,0,0,0,0,14.8
00-0034798,D.Smythe,Durham Smythe,TE,TE,2026_02_NO_BAL,BAL,BAL,2026,2,REG,NO,0,0,0,0,0,0,0,0,0,1,0,0,-3,0.0344827586206897,-0.00934579439252336,0,0,0,0,0,0,0,0
00-0034827,D.Moore,DJ Moore,WR,WR,2026_02_DET_BUF,BUF,BUF,2026,2,REG,DET,0,0,0,0,0,1,-1,0,0,0,0,0,0,0,0,0,0,0,0,0,0,0,-0.1
00-0034837,C.Ridley,Calvin Ridley,WR,WR,2026_02_PHI_TEN,TEN,TEN,2026,2,REG,PHI,0,0,0,0,0,0,0,0,2,2,35,0,27,0.117647058823529,0.192857142857143,0,0,0,0,0,0,0,5.5
00-0034844,S.Barkley,Saquon Barkley,RB,RB,2026_02_PHI_TEN,PHI,PHI,2026,2,REG,TEN,0,0,0,0,0,4,9,0,1,2,11,0,4,0.0588235294117647,0.0136986301369863,0,0,0,0,0,0,0,3
00-0034854,K.Hodge,KhaDarel Hodge,WR,WR,2026_02_MIA_SF,SF,SF,2026,2,REG,MIA,0,0,0,0,0,0,0,0,1,1,18,0,15,0.0476190476190476,0.0833333333333333,0,0,0,0,0,0,0,2.8
00-0034855,B.Mayfield,Baker Mayfield,QB,QB,2026_02_CLE_TB,TB,TB,2026,2,REG,CLE,21,34,182,1,1,4,29,0,0,0,0,0,0,0,0,0,0,0,0,0,0,0,12.18
00-0034857,J.Allen,Josh Allen,QB,QB,2026_02_DET_BUF,BUF,BUF,2026,2,REG,DET,20,31,248,3,0,14,69,2,0,0,0,0,0,0,0,0,0,0,0,0,0,0,40.82
00-0034960,J.Meyers,Jakobi Meyers,WR,WR,2026_02_JAX_DEN,JAX,JAX,2026,2,REG,DEN,0,0,0,0,0,0,0,0,1,1,28,0,21,0.0357142857142857,0.0695364238410596,0,0,0,0,0,0,0,3.8
00-0034975,J.Hill,Justice Hill,RB,RB,2026_02_NO_BAL,BAL,BAL,2026,2,REG,NO,0,0,0,0,0,2,6,0,2,2,12,0,-9,0.0689655172413793,-0.0280373831775701,0,0,0,0,0,0,0,3.8
00-0034981,F.Moreau,Foster Moreau,TE,TE,2026_02_CIN_HOU,HOU,HOU,2026,2,REG,CIN,0,0,0,0,0,0,0,0,2,2,34,0,14,0.04,0.0294736842105263,0,0,0,0,0,0,0,5.4
00-0035208,O.Zaccheaus,Olamide Zaccheaus,WR,WR,2026_02_CAR_ATL,ATL,ATL,2026,2,REG,CAR,0,0,0,0,0,0,0,0,1,3,3,0,7,0.0967741935483871,0.0440251572327044,0,0,0,0,0,0,0,1.3
00-0035229,T.Hockenson,T.J. Hockenson,TE,TE,2026_02_MIN_CHI,MIN,MIN,2026,2,REG,CHI,0,0,0,0,0,0,0,0,3,4,29,0,32,0.210526315789474,0.203821656050955,0,0,0,0,0,0,0,5.9
00-0035249,J.Oliver,Josh Oliver,TE,TE,2026_02_MIN_CHI,MIN,MIN,2026,2,REG,CHI,0,0,0,0,0,0,0,0,1,1,24,0,5,0.0526315789473684,0.0318471337579618,0,0,0,0,0,0,0,3.4
00-0035261,T.Pollard,Tony Pollard,RB,RB,2026_02_PHI_TEN,TEN,TEN,2026,2,REG,PHI,0,0,0,0,0,14,64,0,1,1,1,0,-7,0.0588235294117647,-0.05,0,0,0,0,0,0,0,7.5
00-0035406,L.Humphrey,Lil'Jordan Humphrey,WR,WR,2026_02_JAX_DEN,DEN,DEN,2026,2,REG,JAX,0,0,0,0,0,0,0,0,0,1,0,0,14,0.0344827586206897,0.0522388059701493,0,0,0,0,0,0,0,0
00-0035500,G.Dortch,Greg Dortch,WR,WR,2026_02_DET_BUF,BUF,BUF,2026,2,REG,DET,0,0,0,0,0,0,0,0,0,0,0,0,0,0,0,0,0,0,0,0,0,0,0
00-0035544,T.Kennedy,Tom Kennedy,WR,WR,2026_02_DET_BUF,DET,DET,2026,2,REG,BUF,0,0,0,0,0,0,0,0,0,0,0,0,0,0,0,0,0,0,0,0,0,0,0
00-0035594,T.Homer,Travis Homer,RB,RB,2026_02_PIT_NE,PIT,PIT,2026,2,REG,NE,0,0,0,0,0,2,16,0,0,0,0,0,0,0,0,0,0,0,0,0,0,0,1.6
00-0035640,D.Metcalf,DK Metcalf,WR,WR,2026_02_PIT_NE,PIT,PIT,2026,2,REG,NE,0,0,0,0,0,0,0,0,4,9,27,0,62,0.243243243243243,0.288372093023256,0,0,0,0,0,0,0,6.7
00-0035644,N.Fant,Noah Fant,TE,TE,2026_02_NO_BAL,NO,NO,2026,2,REG,BAL,0,0,0,0,0,0,0,0,0,0,0,0,0,0,0,0,0,0,0,0,0,0,0
00-0035659,T.McLaurin,Terry McLaurin,WR,WR,2026_02_WAS_DAL,WAS,WAS,2026,2,REG,DAL,0,0,0,0,0,0,0,0,2,9,50,0,154,0.264705882352941,0.428969359331476,0,0,0,0,0,0,0,7
00-0035662,M.Brown,Marquise Brown,WR,WR,2026_02_PHI_TEN,PHI,PHI,2026,2,REG,TEN,0,0,0,0,0,2,12,0,0,0,0,0,0,0,0,0,0,0,0,0,0,0,1.2
00-0035685,D.Montgomery,David Montgomery,RB,RB,2026_02_CIN_HOU,HOU,HOU,2026,2,REG,CIN,0,0,0,0,0,6,10,0,2,2,14,0,9,0.04,0.0189473684210526,0,0,0,0,0,0,0,4.4
00-0035689,D.Knox,Dawson Knox,TE,TE,2026_02_DET_BUF,BUF,BUF,2026,2,REG,DET,0,0,0,0,0,0,0,0,2,2,5,1,3,0.0714285714285714,0.0127659574468085,0,0,0,0,0,0,0,8.5
00-0035704,D.Lock,Drew Lock,QB,QB,2026_02_SEA_ARI,SEA,SEA,2026,2,REG,ARI,19,26,235,3,0,0,0,0,0,0,0,0,0,0,0,0,0,0,0,0,0,0,21.4
00-0035710,D.Jones,Daniel Jones,QB,QB,2026_02_IND_KC,IND,IND,2026,2,REG,KC,22,31,210,1,1,3,10,0,0,0,0,0,0,0,0,0,0,0,0,0,0,0,11.4
00-0035719,D.Samuel,Deebo Samuel Sr.,WR,WR,2026_02_MIA_SF,SF,SF,2026,2,REG,MIA,0,0,0,0,0,1,4,0,3,4,31,0,19,0.19047619047619,0.105555555555556,0,0,0,0,0,0,0,6.5
00-0035891,C.White,Cody White,WR,WR,2026_02_LV_LAC,LV,LV,2026,2,REG,LAC,0,0,0,0,0,0,0,0,2,2,24,2,24,0.0689655172413793,0.0848056537102474,0,0,0,0,0,0,0,16.4
00-0036040,J.Johnson,Juwan Johnson,TE,TE,2026_02_NO_BAL,NO,NO,2026,2,REG,BAL,0,0,0,0,0,0,0,0,4,4,66,0,11,0.125,0.0516431924882629,0,0,0,0,0,0,0,10.6
00-0036139,R.Dowdle,Rico Dowdle,RB,RB,2026_02_PIT_NE,PIT,PIT,2026,2,REG,NE,0,0,0,0,0,7,22,0,2,2,22,0,2,0.0540540540540541,0.00930232558139535,0,0,0,0,0,0,0,6.4
00-0036158,J.Dobbins,J.K. Dobbins,RB,RB,2026_02_JAX_DEN,DEN,DEN,2026,2,REG,JAX,0,0,0,0,0,10,36,0,0,0,0,0,0,0,0,0,0,0,0,0,0,0,3.6
00-0036187,R.Gilliam,Reggie Gilliam,RB,RB,2026_02_PIT_NE,NE,NE,2026,2,REG,PIT,0,0,0,0,0,0,0,0,1,2,4,0,-1,0.0952380952380952,-0.00510204081632653,0,0,0,0,0,0,0,1.4
00-0036223,J.Taylor,Jonathan Taylor,RB,RB,2026_02_IND_KC,IND,IND,2026,2,REG,KC,0,0,0,0,0,24,92,2,4,4,40,0,-1,0.133333333333333,-0.00617283950617284,0,0,0,0,0,0,0,29.2
00-0036264,J.Love,Jordan Love,QB,QB,2026_02_GB_NYJ,GB,GB,2026,2,REG,NYJ,16,29,145,2,0,0,0,0,0,0,0,0,0,0,0,0,0,0,0,0,0,0,13.8
00-0036265,A.Dillon,AJ Dillon,RB,RB,2026_02_CAR_ATL,CAR,CAR,2026,2,REG,ATL,0,0,0,0,0,3,-3,0,0,0,0,0,0,0,0,0,0,0,0,0,0,0,-0.3
00-0036275,D.Swift,D'Andre Swift,RB,RB,2026_02_MIN_CHI,CHI,CHI,2026,2,REG,MIN,0,0,0,0,0,16,45,0,5,5,54,0,-15,0.166666666666667,-0.0793650793650794,0,1,0,0,0,0,0,12.9
00-0036290,C.Kmet,Cole Kmet,TE,TE,2026_02_MIN_CHI,CHI,CHI,2026,2,REG,MIN,0,0,0,0,0,0,0,0,0,1,0,0,9,0.0333333333333333,0.0476190476190476,0,0,0,0,0,0,0,0
00-0036322,J.Jefferson,Justin Jefferson,WR,WR,2026_02_MIN_CHI,MIN,MIN,2026,2,REG,CHI,0,0,0,0,0,0,0,0,3,6,55,0,91,0.315789473684211,0.579617834394905,0,0,0,0,0,0,0,8.5
00-0036331,D.Duvernay,Devin Duvernay,WR,WR,2026_02_SEA_ARI,ARI,ARI,2026,2,REG,SEA,0,0,0,0,0,0,0,0,0,0,0,0,0,0,0,0,0,0,0,0,0,0,0
00-0036355,J.Herbert,Justin Herbert,QB,QB,2026_02_LV_LAC,LAC,LAC,2026,2,REG,LV,15,27,192,1,2,3,2,0,0,0,0,0,0,0,0,0,0,0,0,0,0,0,7.88
00-0036358,C.Lamb,CeeDee Lamb,WR,WR,2026_02_WAS_DAL,DAL,DAL,2026,2,REG,WAS,0,0,0,0,0,0,0,0,8,9,153,2,136,0.290322580645161,0.557377049180328,0,0,0,0,0,0,0,35.3
00-0036389,J.Hurts,Jalen Hurts,QB,QB,2026_02_PHI_TEN,PHI,PHI,2026,2,REG,TEN,26,37,264,2,2,5,16,0,0,0,0,0,0,0,0,0,0,0,0,0,0,0,16.16
00-0036407,J.Jeudy,Jerry Jeudy,WR,WR,2026_02_CLE_TB,CLE,CLE,2026,2,REG,TB,0,0,0,0,0,0,0,0,0,1,0,0,10,0.0333333333333333,0.0925925925925926,0,0,0,0,0,0,0,0
00-0036410,T.Higgins,Tee Higgins,WR,WR,2026_02_CIN_HOU,CIN,CIN,2026,2,REG,HOU,0,0,0,0,0,0,0,0,5,10,95,0,93,0.32258064516129,0.53757225433526,0,0,0,0,0,0,0,14.5
00-0036425,D.Dallas,DeeJay Dallas,RB,RB,2026_02_MIN_CHI,MIN,MIN,2026,2,REG,CHI,0,0,0,0,0,2,8,0,1,1,12,0,-4,0.0526315789473684,-0.0254777070063694,0,0,0,0,0,0,0,3
00-0036429,C.Woerner,Charlie Woerner,TE,TE,2026_02_CAR_ATL,ATL,ATL,2026,2,REG,CAR,0,0,0,0,0,0,0,0,0,1,0,0,1,0.032258064516129,0.00628930817610063,0,0,0,0,0,0,0,0
00-0036442,J.Burrow,Joe Burrow,QB,QB,2026_02_CIN_HOU,CIN,CIN,2026,2,REG,HOU,20,31,207,2,0,1,-1,0,0,0,0,0,0,0,0,0,0,0,0,0,0,0,16.18
00-0036463,C.Blair,Chris Blair,WR,WR,2026_02_CAR_ATL,ATL,ATL,2026,2,REG,CAR,0,0,0,0,0,0,0,0,1,3,6,0,24,0.0967741935483871,0.150943396226415,0,0,0,0,0,0,0,1.6
00-0036550,R.Bateman,Rashod Bateman,WR,WR,2026_02_NO_BAL,BAL,BAL,2026,2,REG,NO,0,0,0,0,0,0,0,0,7,9,88,1,125,0.310344827586207,0.389408099688474,0,0,0,0,0,0,0,21.8
00-0036555,C.Hubbard,Chuba Hubbard,RB,RB,2026_02_CAR_ATL,CAR,CAR,2026,2,REG,ATL,0,0,0,0,0,12,53,0,2,2,11,1,-4,0.0625,-0.0128617363344051,0,0,0,0,0,0,0,14.4
00-0036590,Q.Morris,Quintin Morris,TE,TE,2026_02_JAX_DEN,JAX,JAX,2026,2,REG,DEN,0,0,0,0,0,0,0,0,1,1,7,0,3,0.0357142857142857,0.00993377483443709,0,0,0,0,0,0,0,1.7
00-0036613,J.Waddle,Jaylen Waddle,WR,WR,2026_02_JAX_DEN,DEN,DEN,2026,2,REG,JAX,0,0,0,0,0,0,0,0,8,10,138,0,153,0.344827586206897,0.57089552238806,0,0,0,0,0,0,0,21.8
00-0036626,D.Brown,Dyami Brown,WR,WR,2026_02_WAS_DAL,WAS,WAS,2026,2,REG,DAL,1,1,0,0,0,0,0,0,4,6,21,0,48,0.176470588235294,0.133704735376045,0,0,1,0,0,0,0,4.1
00-0036637,N.Gray,Noah Gray,TE,TE,2026_02_IND_KC,KC,KC,2026,2,REG,IND,0,0,0,0,0,0,0,0,0,1,0,0,11,0.0232558139534884,0.0419847328244275,0,0,0,0,0,0,0,0
00-0036754,B.Wright,Brock Wright,TE,TE,2026_02_DET_BUF,DET,DET,2026,2,REG,BUF,0,0,0,0,0,0,0,0,0,0,0,0,0,0,0,0,0,0,0,0,0,0,0
00-0036825,F.Franks,Feleipe Franks,TE,TE,2026_02_CAR_ATL,CAR,CAR,2026,2,REG,ATL,0,0,0,0,0,0,0,0,0,0,0,0,0,0,0,0,0,0,0,0,0,0,0
00-0036862,B.Skowronek,Ben Skowronek,WR,WR,2026_02_PIT_NE,PIT,PIT,2026,2,REG,NE,0,0,0,0,0,0,0,0,1,1,2,0,1,0.027027027027027,0.00465116279069768,0,0,0,0,0,0,0,1.2
00-0036875,R.Stevenson,Rhamondre Stevenson,RB,RB,2026_02_PIT_NE,NE,NE,2026,2,REG,PIT,0,0,0,0,0,6,43,0,1,2,3,0,3,0.0952380952380952,0.0153061224489796,0,0,1,0,0,0,0,3.6
00-0036887,L.Farrell,Luke Farrell,TE,TE,2026_02_MIA_SF,SF,SF,2026,2,REG,MIA,0,0,0,0,0,0,0,0,0,0,0,0,0,0,0,0,0,0,0,0,0,0,0
00-0036894,P.Freiermuth,Pat Freiermuth,TE,TE,2026_02_PIT_NE,PIT,PIT,2026,2,REG,NE,0,0,0,0,0,1,2,0,4,5,32,0,47,0.135135135135135,0.218604651162791,0,0,0,0,0,0,0,7.4
00-0036900,J.Chase,Ja'Marr Chase,WR,WR,2026_02_CIN_HOU,CIN,CIN,2026,2,REG,HOU,0,0,0,0,0,0,0,0,7,9,75,2,81,0.290322580645161,0.468208092485549,0,0,0,0,0,0,0,26.5
00-0036912,D.Smith,DeVonta Smith,WR,WR,2026_02_PHI_TEN,PHI,PHI,2026,2,REG,TEN,0,0,0,0,0,0,0,0,10,13,117,1,188,0.382352941176471,0.643835616438356,0,0,0,0,0,0,0,27.7
00-0036919,K.Gainwell,Kenny Gainwell,RB,RB,2026_02_CLE_TB,TB,TB,2026,2,REG,CLE,0,0,0,0,0,2,10,0,3,4,5,0,-15,0.121212121212121,-0.0356294536817102,0,0,0,0,0,0,0,4.5
00-0036963,A.St. Brown,Amon-Ra St. Brown,WR,WR,2026_02_DET_BUF,DET,DET,2026,2,REG,BUF,0,0,0,0,0,0,0,0,9,13,142,2,148,0.342105263157895,0.439169139465875,0,0,0,0,0,0,0,35.2
00-0036970,K.Pitts,Kyle Pitts,TE,TE,2026_02_CAR_ATL,ATL,ATL,2026,2,REG,CAR,0,0,0,0,0,0,0,0,1,3,15,0,26,0.0967741935483871,0.163522012578616,0,0,0,0,0,0,0,2.5
00-0036971,T.Lawrence,Trevor Lawrence,QB,QB,2026_02_JAX_DEN,JAX,JAX,2026,2,REG,DEN,17,29,189,0,1,2,6,0,0,0,0,0,0,0,0,0,0,0,0,0,0,0,6.16
00-0036972,M.Jones,Mac Jones,QB,QB,2026_02_MIA_SF,SF,SF,2026,2,REG,MIA,0,0,0,0,0,2,-2,0,0,0,0,0,0,0,0,0,0,0,0,0,0,0,-0.2
00-0036973,T.Etienne,Travis Etienne,RB,RB,2026_02_NO_BAL,NO,NO,2026,2,REG,BAL,0,0,0,0,0,8,25,0,2,2,6,0,-7,0.0625,-0.0328638497652582,0,0,0,0,1,0,0,7.1
00-0036988,J.Palmer,Josh Palmer,WR,WR,2026_02_DET_BUF,BUF,BUF,2026,2,REG,DET,0,0,0,0,0,0,0,0,1,3,43,1,39,0.107142857142857,0.165957446808511,0,0,0,0,0,0,0,11.3
00-0036997,J.Williams,Javonte Williams,RB,RB,2026_02_WAS_DAL,DAL,DAL,2026,2,REG,WAS,0,0,0,0,0,12,30,0,3,4,20,0,-12,0.129032258064516,-0.0491803278688525,0,0,0,0,0,0,0,8
00-0037004,H.Long,Hunter Long,TE,TE,2026_02_SEA_ARI,ARI,ARI,2026,2,REG,SEA,0,0,0,0,0,0,0,0,0,0,0,0,0,0,0,0,0,0,0,0,0,0,0
00-0037005,T.Tremble,Tommy Tremble,TE,TE,2026_02_CAR_ATL,CAR,CAR,2026,2,REG,ATL,0,0,0,0,0,0,0,0,1,2,4,0,19,0.0625,0.0610932475884244,0,0,0,0,0,0,0,1.4
00-0037085,T.Badie,Tyler Badie,RB,RB,2026_02_JAX_DEN,DEN,DEN,2026,2,REG,JAX,0,0,0,0,0,1,1,0,2,3,28,0,-9,0.103448275862069,-0.0335820895522388,0,0,0,0,0,0,0,4.9
00-0037091,B.Melton,Bo Melton,WR,WR,2026_02_GB_NYJ,GB,GB,2026,2,REG,NYJ,0,0,0,0,0,0,0,0,0,1,0,0,8,0.0344827586206897,0.037037037037037,0,0,0,0,0,0,0,0
00-0037093,D.Young,Dareke Young,WR,WR,2026_02_LV_LAC,LV,LV,2026,2,REG,LAC,0,0,0,0,0,0,0,0,1,1,27,0,13,0.0344827586206897,0.0459363957597173,0,0,0,0,0,0,0,3.7
00-0037132,B.Covey,Britain Covey,WR,WR,2026_02_PHI_TEN,PHI,PHI,2026,2,REG,TEN,0,0,0,0,0,0,0,0,0,0,0,0,0,0,0,0,0,0,0,0,0,0,0
00-0037157,Z.Knight,Bam Knight,RB,RB,2026_02_SEA_ARI,ARI,ARI,2026,2,REG,SEA,0,0,0,0,0,2,24,0,0,0,0,0,0,0,0,0,0,0,0,0,0,0,2.4
00-0037228,J.Warren,Jaylen Warren,RB,RB,2026_02_PIT_NE,PIT,PIT,2026,2,REG,NE,0,0,0,0,0,11,43,0,2,4,34,0,-11,0.108108108108108,-0.0511627906976744,0,0,0,0,0,0,0,9.7
00-0037231,K.Austin,Kevin Austin Jr.,WR,WR,2026_02_NO_BAL,NO,NO,2026,2,REG,BAL,0,0,0,0,0,0,0,0,1,1,7,0,6,0.03125,0.028169014084507,0,0,0,0,0,0,0,1.7
00-0037238,D.London,Drake London,WR,WR,2026_02_CAR_ATL,ATL,ATL,2026,2,REG,CAR,0,0,0,0,0,1,-2,0,4,5,51,0,23,0.161290322580645,0.144654088050314,0,0,0,0,0,0,0,8.9
00-0037239,C.Olave,Chris Olave,WR,WR,2026_02_NO_BAL,NO,NO,2026,2,REG,BAL,0,0,0,0,0,0,0,0,8,10,86,1,104,0.3125,0.488262910798122,0,0,0,0,0,0,0,22.6
00-0037240,J.Williams,Jameson Williams,WR,WR,2026_02_DET_BUF,DET,DET,2026,2,REG,BUF,0,0,0,0,0,0,0,0,2,4,33,0,50,0.105263157894737,0.148367952522255,0,0,0,0,0,0,0,5.3
00-0037247,G.Pickens,George Pickens,WR,WR,2026_02_WAS_DAL,DAL,DAL,2026,2,REG,WAS,0,0,0,0,0,0,0,0,6,8,40,0,83,0.258064516129032,0.34016393442623,0,0,0,0,0,0,0,10
00-0037248,J.Cook,James Cook,RB,RB,2026_02_DET_BUF,BUF,BUF,2026,2,REG,DET,0,0,0,0,0,21,135,1,1,3,4,0,1,0.107142857142857,0.00425531914893617,0,0,0,0,0,0,0,20.9
00-0037252,G.Dulcich,Greg Dulcich,TE,TE,2026_02_MIA_SF,MIA,MIA,2026,2,REG,SF,0,0,0,0,0,0,0,0,2,3,17,0,10,0.130434782608696,0.0591715976331361,0,0,0,0,0,0,0,3.7
00-0037256,R.White,Rachaad White,RB,RB,2026_02_WAS_DAL,WAS,WAS,2026,2,REG,DAL,0,0,0,0,0,7,43,0,6,6,40,0,8,0.176470588235294,0.0222841225626741,0,0,0,0,0,0,0,14.3
00-0037261,K.Shakir,Khalil Shakir,WR,WR,2026_02_DET_BUF,BUF,BUF,2026,2,REG,DET,0,0,0,0,0,0,0,0,3,6,38,0,73,0.214285714285714,0.31063829787234,0,0,0,0,0,0,0,6.8
00-0037263,T.Allgeier,Tyler Allgeier,RB,RB,2026_02_SEA_ARI,ARI,ARI,2026,2,REG,SEA,0,0,0,0,0,5,10,0,2,2,9,0,-3,0.0769230769230769,-0.0275229357798165,0,0,0,0,0,0,0,3.9
00-0037291,J.Nailor,Jalen Nailor,WR,WR,2026_02_LV_LAC,LV,LV,2026,2,REG,LAC,0,0,0,0,0,0,0,0,1,3,9,0,27,0.103448275862069,0.0954063604240283,0,0,0,0,0,0,0,1.9
00-0037292,A.Ogletree,Andrew Ogletree,TE,TE,2026_02_IND_KC,IND,IND,2026,2,REG,KC,0,0,0,0,0,0,0,0,0,1,0,0,4,0.0333333333333333,0.0246913580246914,0,0,0,0,0,0,0,0
00-0037524,T.Martin,Tay Martin,WR,WR,2026_02_DET_BUF,DET,DET,2026,2,REG,BUF,0,0,0,0,0,0,0,0,0,0,0,0,0,0,0,0,0,0,0,0,0,0,0
00-0037545,R.Shaheed,Rashid Shaheed,WR,WR,2026_02_SEA_ARI,SEA,SEA,2026,2,REG,ARI,0,0,0,0,0,1,4,0,3,6,35,0,67,0.230769230769231,0.295154185022026,0,0,0,0,0,0,0,6.9
00-0037594,J.Chestnut,Julius Chestnut,RB,RB,2026_02_PHI_TEN,TEN,TEN,2026,2,REG,PHI,0,0,0,0,0,0,0,0,0,0,0,0,0,0,0,0,0,0,0,0,0,0,0
00-0037614,J.Metchie,John Metchie III,WR,WR,2026_02_CAR_ATL,CAR,CAR,2026,2,REG,ATL,0,0,0,0,0,0,0,0,0,0,0,0,0,0,0,0,0,0,0,0,0,0,0
00-0037664,A.Pierce,Alec Pierce,WR,WR,2026_02_IND_KC,IND,IND,2026,2,REG,KC,0,0,0,0,0,0,0,0,1,1,11,0,10,0.0333333333333333,0.0617283950617284,0,0,0,0,0,0,0,2.1
00-0037740,G.Wilson,Garrett Wilson,WR,WR,2026_02_GB_NYJ,NYJ,NYJ,2026,2,REG,GB,0,0,0,0,0,0,0,0,5,7,57,1,75,0.194444444444444,0.298804780876494,0,0,0,0,0,0,0,16.7
00-0037741,J.Dotson,Jahan Dotson,WR,WR,2026_02_CAR_ATL,ATL,ATL,2026,2,REG,CAR,0,0,0,0,0,0,0,0,2,4,11,0,48,0.129032258064516,0.30188679245283,0,0,0,0,0,0,0,3.1
00-0037742,T.Burks,Treylon Burks,WR,WR,2026_02_WAS_DAL,WAS,WAS,2026,2,REG,DAL,0,0,0,0,0,0,0,0,0,1,0,0,56,0.0294117647058824,0.155988857938719,0,0,0,0,0,0,0,0
00-0037744,T.McBride,Trey McBride,TE,TE,2026_02_SEA_ARI,ARI,ARI,2026,2,REG,SEA,0,0,0,0,0,0,0,0,8,10,41,1,36,0.384615384615385,0.330275229357798,0,0,0,0,0,0,0,18.1
00-0037746,Br.Robinson,Brian Robinson,RB,RB,2026_02_CAR_ATL,ATL,ATL,2026,2,REG,CAR,0,0,0,0,0,11,51,0,2,2,16,0,0,0.0645161290322581,0,0,0,0,0,0,0,0,8.7
00-0037801,K.Turpin,KaVontae Turpin,WR,WR,2026_02_WAS_DAL,DAL,DAL,2026,2,REG,WAS,0,0,0,0,0,1,1,0,0,0,0,0,0,0,0,0,0,0,0,0,0,0,0.1
00-0037805,J.Ruckert,Jeremy Ruckert,TE,TE,2026_02_GB_NYJ,NYJ,NYJ,2026,2,REG,GB,0,0,0,0,0,0,0,0,2,2,5,0,-10,0.0555555555555556,-0.0398406374501992,0,0,0,0,0,0,0,2.5
00-0037816,R.Doubs,Romeo Doubs,WR,WR,2026_02_PIT_NE,NE,NE,2026,2,REG,PIT,0,0,0,0,0,0,0,0,3,4,96,0,76,0.19047619047619,0.387755102040816,0,0,0,0,0,0,0,12.6
00-0037834,B.Purdy,Brock Purdy,QB,QB,2026_02_MIA_SF,SF,SF,2026,2,REG,MIA,20,22,287,2,0,3,30,1,0,0,0,0,0,0,0,0,0,0,0,0,0,0,28.48
00-0038041,J.Ferguson,Jake Ferguson,TE,TE,2026_02_WAS_DAL,DAL,DAL,2026,2,REG,WAS,0,0,0,0,0,0,0,0,4,4,43,2,29,0.129032258064516,0.118852459016393,0,0,0,0,0,0,0,20.3
00-0038046,C.Kolar,Charlie Kolar,TE,TE,2026_02_LV_LAC,LAC,LAC,2026,2,REG,LV,0,0,0,0,0,0,0,0,3,3,21,0,11,0.115384615384615,0.0408921933085502,0,0,0,0,0,0,0,5.1
00-0038090,S.Moore,Skyy Moore,WR,WR,2026_02_GB_NYJ,GB,GB,2026,2,REG,NYJ,0,0,0,0,0,0,0,0,2,3,6,0,43,0.103448275862069,0.199074074074074,0,0,0,0,0,0,0,2.6
00-0038102,K.Pickett,Kenny Pickett,QB,QB,2026_02_CAR_ATL,CAR,CAR,2026,2,REG,ATL,0,0,0,0,0,1,-4,0,0,0,0,0,0,0,0,0,0,0,0,0,0,0,-0.4
00-0038104,T.Thornton,Tyquan Thornton,WR,WR,2026_02_IND_KC,KC,KC,2026,2,REG,IND,0,0,0,0,0,0,0,0,4,4,86,0,85,0.0930232558139535,0.324427480916031,0,0,0,0,0,0,0,12.6
00-0038115,D.Bellinger,Daniel Bellinger,TE,TE,2026_02_PHI_TEN,TEN,TEN,2026,2,REG,PHI,0,0,0,0,0,0,0,0,0,1,0,0,4,0.0588235294117647,0.0285714285714286,0,0,0,0,0,0,0,0
00-0038117,W.Robinson,Wan'Dale Robinson,WR,WR,2026_02_PHI_TEN,TEN,TEN,2026,2,REG,PHI,0,0,0,0,0,0,0,0,1,1,9,0,6,0.0588235294117647,0.0428571428571429,0,0,0,0,0,0,0,1.9
00-0038120,B.Hall,Breece Hall,RB,RB,2026_02_GB_NYJ,NYJ,NYJ,2026,2,REG,GB,0,0,0,0,0,16,29,0,5,5,63,0,-1,0.138888888888889,-0.00398406374501992,0,0,0,0,0,0,0,14.2
00-0038124,C.Watson,Christian Watson,WR,WR,2026_02_GB_NYJ,GB,GB,2026,2,REG,NYJ,0,0,0,0,0,0,0,0,4,11,41,1,86,0.379310344827586,0.398148148148148,0,0,0,0,0,0,0,14.1
00-0038128,M.Willis,Malik Willis,QB,QB,2026_02_MIA_SF,MIA,MIA,2026,2,REG,SF,14,23,197,1,0,2,6,0,0,0,0,0,0,0,0,0,0,0,0,0,0,0,12.48
00-0038129,C.Otton,Cade Otton,TE,TE,2026_02_CLE_TB,TB,TB,2026,2,REG,CLE,0,0,0,0,0,0,0,0,5,6,38,0,45,0.181818181818182,0.106888361045131,0,0,0,0,0,0,0,8.8
00-0038134,K.Walker,Kenneth Walker III,RB,RB,2026_02_IND_KC,KC,KC,2026,2,REG,IND,0,0,0,0,0,24,117,0,6,10,61,0,13,0.232558139534884,0.049618320610687,0,0,0,0,0,0,0,23.8
00-0038393,D.Wicks,Dontayvion Wicks,WR,WR,2026_02_PHI_TEN,PHI,PHI,2026,2,REG,TEN,0,0,0,0,0,0,0,0,5,6,74,0,69,0.176470588235294,0.236301369863014,0,0,0,0,0,0,0,12.4
00-0038416,T.Bagent,Tyson Bagent,QB,QB,2026_02_MIN_CHI,CHI,CHI,2026,2,REG,MIN,5,9,54,0,0,0,0,0,0,0,0,0,0,0,0,0,0,0,0,0,0,0,2.16
00-0038454,K.Mitchell,Keaton Mitchell,RB,RB,2026_02_LV_LAC,LAC,LAC,2026,2,REG,LV,0,0,0,0,0,5,24,0,1,1,15,0,3,0.0384615384615385,0.0111524163568773,0,0,0,0,0,0,0,4.9
00-0038519,N.Remigio,Nikko Remigio,WR,WR,2026_02_IND_KC,KC,KC,2026,2,REG,IND,0,0,0,0,0,0,0,0,0,0,0,0,0,0,0,0,0,0,0,0,0,0,0
00-0038542,Bi.Robinson,Bijan Robinson,RB,RB,2026_02_CAR_ATL,ATL,ATL,2026,2,REG,CAR,0,0,0,0,0,16,72,0,3,4,9,0,12,0.129032258064516,0.0754716981132076,0,0,0,0,0,0,0,11.1
00-0038543,J.Smith-Njigba,Jaxon Smith-Njigba,WR,WR,2026_02_SEA_ARI,SEA,SEA,2026,2,REG,ARI,0,0,0,0,0,0,0,0,9,11,155,3,121,0.423076923076923,0.533039647577093,0,0,0,0,0,0,0,42.5
00-0038544,Q.Johnston,Quentin Johnston,WR,WR,2026_02_LV_LAC,LAC,LAC,2026,2,REG,LV,0,0,0,0,0,1,7,0,1,5,7,0,64,0.192307692307692,0.237918215613383,0,0,0,0,0,0,0,2.4
00-0038555,T.Bigsby,Tank Bigsby,RB,RB,2026_02_PHI_TEN,PHI,PHI,2026,2,REG,TEN,0,0,0,0,0,13,33,1,2,2,5,0,-8,0.0588235294117647,-0.0273972602739726,0,0,0,0,0,0,0,11.8
00-0038558,D.Washington,Darnell Washington,TE,TE,2026_02_PIT_NE,PIT,PIT,2026,2,REG,NE,0,0,0,0,0,0,0,0,1,2,7,0,4,0.0540540540540541,0.0186046511627907,0,0,0,0,0,0,0,1.7
00-0038559,Mi.Wilson,Michael Wilson,WR,WR,2026_02_SEA_ARI,ARI,ARI,2026,2,REG,SEA,0,0,0,0,0,0,0,0,2,7,18,0,50,0.269230769230769,0.458715596330275,0,0,0,0,0,0,0,3.8
00-0038563,T.Tucker,Tre Tucker,WR,WR,2026_02_LV_LAC,LV,LV,2026,2,REG,LAC,0,0,0,0,0,0,0,0,5,7,119,1,143,0.241379310344828,0.505300353356891,0,0,0,0,0,0,0,22.9
00-0038564,C.Latu,Cameron Latu,TE,TE,2026_02_PIT_NE,NE,NE,2026,2,REG,PIT,0,0,0,0,0,0,0,0,0,0,0,0,0,0,0,0,0,0,0,0,0,0,0
00-0038573,D.Davis,Derius Davis,WR,WR,2026_02_LV_LAC,LAC,LAC,2026,2,REG,LV,0,0,0,0,0,0,0,0,0,1,0,0,14,0.0384615384615385,0.0520446096654275,0,0,0,0,0,0,0,0
00-0038597,C.Brown,Chase Brown,RB,RB,2026_02_CIN_HOU,CIN,CIN,2026,2,REG,HOU,0,0,0,0,0,20,80,0,3,5,2,0,-15,0.161290322580645,-0.0867052023121387,0,0,0,0,0,0,0,11.2
00-0038606,P.Washington,Parker Washington,WR,WR,2026_02_JAX_DEN,JAX,JAX,2026,2,REG,DEN,0,0,0,0,0,0,0,0,7,12,98,0,177,0.428571428571429,0.586092715231788,0,0,0,0,0,0,0,16.8
00-0038608,K.Boutte,Kayshon Boutte,WR,WR,2026_02_CIN_HOU,HOU,HOU,2026,2,REG,CIN,0,0,0,0,0,0,0,0,3,5,37,0,66,0.1,0.138947368421053,0,0,0,0,0,0,0,6.7
00-0038611,C.Rodriguez,Chris Rodriguez Jr.,RB,RB,2026_02_JAX_DEN,JAX,JAX,2026,2,REG,DEN,0,0,0,0,0,6,13,0,0,0,0,0,0,0,0,0,0,0,0,0,0,0,1.3
00-0038618,X.Hutchinson,Xavier Hutchinson,WR,WR,2026_02_CIN_HOU,HOU,HOU,2026,2,REG,CIN,0,0,0,0,0,0,0,0,3,9,37,0,112,0.18,0.235789473684211,0,0,0,0,0,0,0,6.7
00-0038619,A.Iosivas,Andrei Iosivas,WR,WR,2026_02_CIN_HOU,CIN,CIN,2026,2,REG,HOU,0,0,0,0,0,0,0,0,1,1,7,0,6,0.032258064516129,0.0346820809248555,0,0,0,0,0,0,0,1.7
00-0038621,D.Douglas,DeMario Douglas,WR,WR,2026_02_PIT_NE,NE,NE,2026,2,REG,PIT,0,0,0,0,0,0,0,0,1,2,9,0,0,0.0952380952380952,0,0,0,0,0,0,0,0,1.9
00-0038640,J.Brooks,Jalen Brooks,WR,WR,2026_02_SEA_ARI,ARI,ARI,2026,2,REG,SEA,0,0,0,0,0,0,0,0,0,0,0,0,0,0,0,0,0,0,0,0,0,0,0
00-0038643,B.Willis,Brayden Willis,TE,TE,2026_02_MIA_SF,SF,SF,2026,2,REG,MIA,0,0,0,0,0,0,0,0,0,0,0,0,0,0,0,0,0,0,0,0,0,0,0
00-0038685,C.Brooks,Chris Brooks,RB,RB,2026_02_GB_NYJ,GB,GB,2026,2,REG,NYJ,0,0,0,0,0,4,11,0,1,2,15,0,-2,0.0689655172413793,-0.00925925925925926,0,0,0,0,0,0,0,3.6
00-0038705,E.Demercado,Emari Demercado,RB,RB,2026_02_WAS_DAL,DAL,DAL,2026,2,REG,WAS,0,0,0,0,0,3,8,0,0,0,0,0,0,0,0,0,0,0,0,0,0,0,0.8
00-0038710,B.Whiteheart,Blake Whiteheart,TE,TE,2026_02_CLE_TB,CLE,CLE,2026,2,REG,TB,0,0,0,0,0,0,0,0,1,2,17,1,6,0.0666666666666667,0.0555555555555556,0,0,0,0,0,0,0,8.7
00-0038728,J.Wayne,Jared Wayne,WR,WR,2026_02_CIN_HOU,HOU,HOU,2026,2,REG,CIN,0,0,0,0,0,0,0,0,2,7,33,0,104,0.14,0.218947368421053,0,0,0,0,0,0,0,5.3
00-0038738,H.Luepke,Hunter Luepke,RB,RB,2026_02_WAS_DAL,DAL,DAL,2026,2,REG,WAS,0,0,0,0,0,1,1,0,0,0,0,0,0,0,0,0,0,0,0,0,0,0,0.1
00-0038783,N.Adkins,Nate Adkins,TE,TE,2026_02_JAX_DEN,DEN,DEN,2026,2,REG,JAX,0,0,0,0,0,1,6,0,3,3,32,1,24,0.103448275862069,0.0895522388059701,0,0,0,0,0,0,0,12.8
00-0038794,J.McLaughlin,Jaleel McLaughlin,RB,RB,2026_02_CLE_TB,CLE,CLE,2026,2,REG,TB,0,0,0,0,0,1,3,0,0,1,0,0,1,0.0333333333333333,0.00925925925925926,0,0,0,0,0,0,0,0.3
00-0038797,E.Wilson,Emanuel Wilson,RB,RB,2026_02_SEA_ARI,SEA,SEA,2026,2,REG,ARI,0,0,0,0,0,21,92,0,0,1,0,0,1,0.0384615384615385,0.00440528634361234,0,0,0,0,0,0,0,9.2
00-0038824,R.Miller,Ryan Miller,WR,WR,2026_02_MIA_SF,MIA,MIA,2026,2,REG,SF,0,0,0,0,0,0,0,0,1,1,77,1,41,0.0434782608695652,0.242603550295858,0,0,0,0,0,0,0,14.7
00-0038840,B.Tremayne,Brycen Tremayne,WR,WR,2026_02_CAR_ATL,CAR,CAR,2026,2,REG,ATL,0,0,0,0,0,0,0,0,0,0,0,0,0,0,0,0,0,0,0,0,0,0,0
00-0038896,J.Saylors,Jacob Saylors,RB,RB,2026_02_DET_BUF,DET,DET,2026,2,REG,BUF,0,0,0,0,0,0,0,0,0,0,0,0,0,0,0,0,0,0,0,0,0,0,0
00-0038933,D.Kincaid,Dalton Kincaid,TE,TE,2026_02_DET_BUF,BUF,BUF,2026,2,REG,DET,0,0,0,0,0,0,0,0,7,8,95,1,84,0.285714285714286,0.357446808510638,0,0,0,0,0,0,0,22.5
00-0038935,B.Strange,Brenton Strange,TE,TE,2026_02_JAX_DEN,JAX,JAX,2026,2,REG,DEN,0,0,0,0,0,0,0,0,2,2,17,0,17,0.0714285714285714,0.0562913907284768,0,0,0,0,0,0,0,3.7
00-0038994,J.Addison,Jordan Addison,WR,WR,2026_02_MIN_CHI,MIN,MIN,2026,2,REG,CHI,0,0,0,0,0,0,0,0,2,5,21,0,43,0.263157894736842,0.273885350318471,0,0,0,0,0,0,0,4.1
00-0038996,T.Kraft,Tucker Kraft,TE,TE,2026_02_GB_NYJ,GB,GB,2026,2,REG,NYJ,0,0,0,0,0,0,0,0,2,3,15,0,10,0.103448275862069,0.0462962962962963,0,0,0,0,0,0,0,3.5
00-0038997,J.Downs,Josh Downs,WR,WR,2026_02_IND_KC,IND,IND,2026,2,REG,KC,0,0,0,0,0,0,0,0,7,9,72,0,73,0.3,0.450617283950617,0,0,0,0,0,0,0,14.2
00-0039032,T.Spears,Tyjae Spears,RB,RB,2026_02_PHI_TEN,TEN,TEN,2026,2,REG,PHI,0,0,0,0,0,7,41,0,2,2,29,0,1,0.117647058823529,0.00714285714285714,0,0,0,0,0,0,0,9
00-0039040,D.Achane,De'Von Achane,RB,RB,2026_02_MIA_SF,MIA,MIA,2026,2,REG,SF,0,0,0,0,0,20,74,0,3,6,19,0,24,0.260869565217391,0.142011834319527,0,0,0,0,0,0,0,12.3
00-0039041,E.Higgins,Elijah Higgins,TE,TE,2026_02_SEA_ARI,ARI,ARI,2026,2,REG,SEA,0,0,0,0,0,0,0,0,0,0,0,0,0,0,0,0,0,0,0,0,0,0,0
00-0039065,S.LaPorta,Sam LaPorta,TE,TE,2026_02_DET_BUF,DET,DET,2026,2,REG,BUF,0,0,0,0,0,0,0,0,6,7,52,1,23,0.184210526315789,0.0682492581602374,0,0,0,0,0,0,0,17.2
00-0039066,M.Mayer,Michael Mayer,TE,TE,2026_02_LV_LAC,LV,LV,2026,2,REG,LAC,0,0,0,0,0,0,0,0,3,4,23,0,18,0.137931034482759,0.0636042402826855,0,0,0,0,0,0,0,5.3
00-0039067,R.Rice,Rashee Rice,WR,WR,2026_02_IND_KC,KC,KC,2026,2,REG,IND,0,0,0,0,0,0,0,0,4,6,83,0,45,0.13953488372093,0.17175572519084,0,0,0,0,0,0,0,12.3
00-0039139,J.Gibbs,Jahmyr Gibbs,RB,RB,2026_02_DET_BUF,DET,DET,2026,2,REG,BUF,0,0,0,0,0,16,52,0,6,8,61,1,34,0.210526315789474,0.100890207715134,0,0,0,0,0,0,0,23.3
00-0039146,J.Reed,Jayden Reed,WR,WR,2026_02_GB_NYJ,GB,GB,2026,2,REG,NYJ,0,0,0,0,0,0,0,0,1,1,4,0,-5,0.0344827586206897,-0.0231481481481482,0,0,0,0,0,0,0,1.4
00-0039150,B.Young,Bryce Young,QB,QB,2026_02_CAR_ATL,CAR,CAR,2026,2,REG,ATL,23,36,287,3,0,1,6,0,0,0,0,0,0,0,0,0,0,0,0,0,0,0,24.08
00-0039163,C.Stroud,C.J. Stroud,QB,QB,2026_02_CIN_HOU,HOU,HOU,2026,2,REG,CIN,30,55,353,0,0,3,29,0,0,0,0,0,0,0,0,0,0,0,0,0,0,0,17.02
00-0039299,G.Holani,George Holani,RB,RB,2026_02_SEA_ARI,SEA,SEA,2026,2,REG,ARI,0,0,0,0,0,4,13,0,1,1,2,0,-4,0.0384615384615385,-0.0176211453744493,0,0,0,0,0,0,0,2.5
00-0039342,X.Legette,Xavier Legette,WR,WR,2026_02_CAR_ATL,CAR,CAR,2026,2,REG,ATL,0,0,0,0,0,0,0,0,2,4,64,0,77,0.125,0.247588424437299,0,0,0,0,0,0,0,8.4
00-0039344,J.Brooks,Jonathon Brooks,RB,RB,2026_02_CAR_ATL,CAR,CAR,2026,2,REG,ATL,0,0,0,0,0,5,16,0,1,1,-5,0,-6,0.03125,-0.0192926045016077,0,0,0,0,0,0,0,2.1
00-0039361,B.Irving,Bucky Irving,RB,RB,2026_02_CLE_TB,TB,TB,2026,2,REG,CLE,0,0,0,0,0,17,89,0,4,4,1,0,-22,0.121212121212121,-0.0522565320665083,0,0,0,0,0,0,0,13
00-0039364,S.Vaki,Sione Vaki,RB,RB,2026_02_DET_BUF,DET,DET,2026,2,REG,BUF,0,0,0,0,0,1,7,0,1,1,13,0,1,0.0263157894736842,0.0029673590504451,0,0,0,0,0,0,0,3
00-0039365,J.Cowing,Jacob Cowing,WR,WR,2026_02_MIA_SF,SF,SF,2026,2,REG,MIA,0,0,0,0,0,0,0,0,0,0,0,0,0,0,0,0,0,0,0,0,0,0,0
00-0039391,K.Vidal,Kimani Vidal,RB,RB,2026_02_LV_LAC,LAC,LAC,2026,2,REG,LV,0,0,0,0,0,0,0,0,0,0,0,0,0,0,0,0,0,0,0,0,0,0,0
00-0039407,D.Laube,Dylan Laube,RB,RB,2026_02_LV_LAC,LV,LV,2026,2,REG,LAC,0,0,0,0,0,0,0,0,0,0,0,0,0,0,0,0,0,0,0,0,0,0,0
00-0039410,R.Flournoy,Ryan Flournoy,WR,WR,2026_02_WAS_DAL,DAL,DAL,2026,2,REG,WAS,0,0,0,0,0,0,0,0,5,6,23,0,8,0.193548387096774,0.0327868852459016,0,0,0,0,0,0,0,7.3
00-0039424,D.Vele,Devaughn Vele,WR,WR,2026_02_NO_BAL,NO,NO,2026,2,REG,BAL,0,0,0,0,0,0,0,0,5,7,64,0,69,0.21875,0.323943661971831,0,0,0,0,0,0,0,11.4
00-0039451,I.Williams,Isaiah Williams,WR,WR,2026_02_GB_NYJ,NYJ,NYJ,2026,2,REG,GB,0,0,0,0,0,1,14,0,6,6,34,0,2,0.166666666666667,0.00796812749003984,0,0,0,0,0,0,0,10.8
00-0039491,J.Coker,Jalen Coker,WR,WR,2026_02_CAR_ATL,CAR,CAR,2026,2,REG,ATL,0,0,0,0,0,0,0,0,8,9,66,0,48,0.28125,0.154340836012862,0,0,0,0,0,0,0,14.6
00-0039530,B.Spann-Ford,Brevyn Spann-Ford,TE,TE,2026_02_WAS_DAL,DAL,DAL,2026,2,REG,WAS,0,0,0,0,0,0,0,0,0,0,0,0,0,0,0,0,0,0,0,0,0,0,0
00-0039589,K.Johnson,Kameron Johnson,WR,WR,2026_02_CLE_TB,TB,TB,2026,2,REG,CLE,0,0,0,0,0,0,0,0,0,0,0,0,0,0,0,0,0,0,0,0,0,0,0
00-0039603,B.Brooks,British Brooks,RB,RB,2026_02_CIN_HOU,HOU,HOU,2026,2,REG,CIN,0,0,0,0,0,0,0,0,0,0,0,0,0,0,0,0,0,0,0,0,0,0,0
00-0039686,C.Yankoff,Colson Yankoff,TE,TE,2026_02_WAS_DAL,WAS,WAS,2026,2,REG,DAL,0,0,0,0,0,0,0,0,1,1,14,0,4,0.0294117647058824,0.011142061281337,0,0,0,0,0,0,0,2.4
00-0039732,B.Nix,Bo Nix,QB,QB,2026_02_JAX_DEN,DEN,DEN,2026,2,REG,JAX,22,31,288,1,1,5,6,0,0,0,0,0,0,0,0,0,0,0,0,0,0,0,14.12
00-0039739,R.Wilson,Roman Wilson,WR,WR,2026_02_PIT_NE,PIT,PIT,2026,2,REG,NE,0,0,0,0,0,0,0,0,5,6,28,0,21,0.162162162162162,0.0976744186046512,0,0,0,0,0,0,0,7.8
00-0039746,W.Shipley,Will Shipley,RB,RB,2026_02_PHI_TEN,PHI,PHI,2026,2,REG,TEN,0,0,0,0,0,7,24,0,2,2,5,0,0,0.0588235294117647,0,0,0,0,0,0,0,0,4.9
00-0039792,D.Walker,Devontez Walker,WR,WR,2026_02_NO_BAL,BAL,BAL,2026,2,REG,NO,0,0,0,0,0,0,0,0,1,2,47,0,60,0.0689655172413793,0.186915887850467,0,0,0,0,0,0,0,5.7
00-0039793,A.Barner,AJ Barner,TE,TE,2026_02_SEA_ARI,SEA,SEA,2026,2,REG,ARI,0,0,0,0,0,1,1,1,1,1,8,0,8,0.0384615384615385,0.0352422907488987,0,0,0,0,0,0,0,7.9
00-0039794,B.Allen,Braelon Allen,RB,RB,2026_02_GB_NYJ,NYJ,NYJ,2026,2,REG,GB,0,0,0,0,0,5,7,1,1,1,8,0,3,0.0277777777777778,0.0119521912350598,0,0,0,0,0,0,0,8.5
00-0039796,R.Ali,Rasheen Ali,RB,RB,2026_02_NO_BAL,BAL,BAL,2026,2,REG,NO,0,0,0,0,0,0,0,0,0,0,0,0,0,0,0,0,0,0,0,0,0,0,0
00-0039798,I.Davis,Isaiah Davis,RB,RB,2026_02_GB_NYJ,NYJ,NYJ,2026,2,REG,GB,0,0,0,0,0,0,0,0,0,0,0,0,0,0,0,0,0,0,0,0,0,0,0
00-0039811,M.Lloyd,MarShawn Lloyd,RB,RB,2026_02_GB_NYJ,GB,GB,2026,2,REG,NYJ,0,0,0,0,0,6,20,0,2,2,6,1,-4,0.0689655172413793,-0.0185185185185185,0,1,0,0,0,0,0,8.6
00-0039814,E.All,Erick All,TE,TE,2026_02_CIN_HOU,CIN,CIN,2026,2,REG,HOU,0,0,0,0,0,0,0,0,2,3,5,0,-1,0.0967741935483871,-0.00578034682080925,0,0,0,0,0,0,0,2.5
00-0039816,A.Gould,Anthony Gould,WR,WR,2026_02_IND_KC,IND,IND,2026,2,REG,KC,0,0,0,0,0,0,0,0,0,0,0,0,0,0,0,0,0,0,0,0,0,0,0
00-0039849,M.Harrison,Marvin Harrison Jr.,WR,WR,2026_02_SEA_ARI,ARI,ARI,2026,2,REG,SEA,0,0,0,0,0,0,0,0,0,1,0,0,3,0.0384615384615385,0.0275229357798165,0,0,0,0,0,0,0,0
00-0039851,D.Maye,Drake Maye,QB,QB,2026_02_PIT_NE,NE,NE,2026,2,REG,PIT,14,22,208,0,1,4,17,0,0,0,0,0,0,0,0,0,0,0,0,0,0,0,8.02
00-0039868,T.Franklin,Troy Franklin,WR,WR,2026_02_JAX_DEN,DEN,DEN,2026,2,REG,JAX,0,0,0,0,0,0,0,0,1,2,27,0,33,0.0689655172413793,0.123134328358209,0,0,0,0,0,0,0,3.7
00-0039874,J.Wright,Jaylen Wright,RB,RB,2026_02_MIA_SF,MIA,MIA,2026,2,REG,SF,0,0,0,0,0,2,11,0,0,0,0,0,0,0,0,0,0,0,0,0,0,0,1.1
00-0039875,R.Davis,Ray Davis,RB,RB,2026_02_DET_BUF,BUF,BUF,2026,2,REG,DET,0,0,0,0,0,0,0,0,0,0,0,0,0,0,0,0,0,0,0,0,0,0,0
00-0039880,M.Washington,Malik Washington,WR,WR,2026_02_MIA_SF,MIA,MIA,2026,2,REG,SF,0,0,0,0,0,1,4,0,4,5,43,0,27,0.217391304347826,0.159763313609467,0,0,0,0,0,0,0,8.7
00-0039890,A.Mitchell,Adonai Mitchell,WR,WR,2026_02_GB_NYJ,NYJ,NYJ,2026,2,REG,GB,0,0,0,0,0,0,0,0,6,12,63,0,178,0.333333333333333,0.709163346613546,0,0,0,0,0,0,0,12.3
00-0039893,Bri.Thomas,Brian Thomas Jr.,WR,WR,2026_02_JAX_DEN,JAX,JAX,2026,2,REG,DEN,0,0,0,0,0,0,0,0,3,8,40,0,82,0.285714285714286,0.271523178807947,0,0,0,0,0,0,0,7
00-0039894,X.Worthy,Xavier Worthy,WR,WR,2026_02_IND_KC,KC,KC,2026,2,REG,IND,0,0,0,0,0,0,0,0,5,7,25,1,40,0.162790697674419,0.152671755725191,0,0,0,0,0,0,0,13.5
00-0039901,K.Coleman,Keon Coleman,WR,WR,2026_02_DET_BUF,BUF,BUF,2026,2,REG,DET,0,0,0,0,0,0,0,0,6,6,63,0,48,0.214285714285714,0.204255319148936,0,0,0,0,0,0,0,12.3
00-0039910,J.Daniels,Jayden Daniels,QB,QB,2026_02_WAS_DAL,WAS,WAS,2026,2,REG,DAL,11,17,96,1,0,7,69,0,0,0,0,0,0,0,0,0,0,0,0,0,0,0,14.74
00-0039912,B.Sinnott,Ben Sinnott,TE,TE,2026_02_WAS_DAL,WAS,WAS,2026,2,REG,DAL,0,0,0,0,0,0,0,0,1,1,6,0,4,0.0294117647058824,0.011142061281337,0,0,0,0,0,0,0,1.6
00-0039915,L.McConkey,Ladd McConkey,WR,WR,2026_02_LV_LAC,LAC,LAC,2026,2,REG,LV,0,0,0,0,0,0,0,0,3,3,35,0,34,0.115384615384615,0.12639405204461,0,0,0,0,0,0,0,6.5
00-0039918,C.Williams,Caleb Williams,QB,QB,2026_02_MIN_CHI,CHI,CHI,2026,2,REG,MIN,15,26,138,0,1,5,42,0,0,0,0,0,0,0,0,0,0,0,0,0,0,0,7.72
00-0039919,R.Odunze,Rome Odunze,WR,WR,2026_02_MIN_CHI,CHI,CHI,2026,2,REG,MIN,0,0,0,0,0,0,0,0,3,4,43,0,47,0.133333333333333,0.248677248677249,0,0,0,0,0,0,0,7.3
00-0039920,M.Corley,Malachi Corley,WR,WR,2026_02_CLE_TB,CLE,CLE,2026,2,REG,TB,0,0,0,0,0,0,0,0,0,0,0,0,0,0,0,0,0,0,0,0,0,0,0
00-0040024,D.Cooper,Darius Cooper,WR,WR,2026_02_PHI_TEN,PHI,PHI,2026,2,REG,TEN,0,0,0,0,0,0,0,0,2,3,26,1,25,0.0882352941176471,0.0856164383561644,0,0,0,0,0,0,0,10.6
00-0040075,L.Wester,LaJohntay Wester,WR,WR,2026_02_NO_BAL,BAL,BAL,2026,2,REG,NO,0,0,0,0,0,0,0,0,1,2,14,0,10,0.0689655172413793,0.0311526479750779,0,0,0,0,0,0,0,2.4
00-0040078,B.Smith,Brashard Smith,RB,RB,2026_02_IND_KC,KC,KC,2026,2,REG,IND,0,0,0,0,0,0,0,0,0,0,0,0,0,0,0,0,0,0,0,0,0,0,0
00-0040122,A.Jeanty,Ashton Jeanty,RB,RB,2026_02_LV_LAC,LV,LV,2026,2,REG,LAC,0,0,0,0,0,21,48,0,4,7,15,0,2,0.241379310344828,0.00706713780918728,0,0,0,0,0,0,0,10.3
00-0040124,T.McMillan,Tetairoa McMillan,WR,WR,2026_02_CAR_ATL,CAR,CAR,2026,2,REG,ATL,0,0,0,0,0,0,0,0,5,10,101,0,132,0.3125,0.42443729903537,0,0,0,0,0,0,0,15.1
00-0040126,C.Loveland,Colston Loveland,TE,TE,2026_02_MIN_CHI,CHI,CHI,2026,2,REG,MIN,0,0,0,0,0,0,0,0,1,3,3,0,13,0.1,0.0687830687830688,0,0,0,0,0,0,0,1.3
00-0040128,T.Warren,Tyler Warren,TE,TE,2026_02_IND_KC,IND,IND,2026,2,REG,KC,0,0,0,0,0,1,3,0,6,7,21,1,-13,0.233333333333333,-0.0802469135802469,0,0,0,0,0,0,0,14.4
00-0040129,E.Egbuka,Emeka Egbuka,WR,WR,2026_02_CLE_TB,TB,TB,2026,2,REG,CLE,0,0,0,0,0,1,-3,0,3,5,16,1,75,0.151515151515152,0.178147268408551,0,0,0,0,0,0,0,10.3
00-0040131,K.Williams,Kyle Williams,WR,WR,2026_02_PIT_NE,NE,NE,2026,2,REG,PIT,0,0,0,0,0,0,0,0,1,2,10,0,23,0.0952380952380952,0.11734693877551,0,0,0,0,0,0,0,2
00-0040134,P.Bryant,Pat Bryant,WR,WR,2026_02_JAX_DEN,DEN,DEN,2026,2,REG,JAX,0,0,0,0,0,1,16,0,0,1,0,0,5,0.0344827586206897,0.0186567164179104,0,0,0,0,0,0,0,1.6
00-0040138,J.Noel,Jaylin Noel,WR,WR,2026_02_CIN_HOU,HOU,HOU,2026,2,REG,CIN,0,0,0,0,0,1,13,0,1,5,31,0,39,0.1,0.0821052631578947,0,0,0,0,0,0,0,5.4
00-0040142,K.Johnson,Kaleb Johnson,RB,RB,2026_02_GB_NYJ,GB,GB,2026,2,REG,NYJ,0,0,0,0,0,8,32,0,0,0,0,0,0,0,0,0,0,0,0,0,0,0,3.2
00-0040164,J.Lane,Jaylin Lane,WR,WR,2026_02_WAS_DAL,WAS,WAS,2026,2,REG,DAL,0,0,0,0,0,0,0,0,0,0,0,0,0,0,0,0,0,0,0,0,0,0,0
00-0040170,E.Ayomanor,Elic Ayomanor,WR,WR,2026_02_PHI_TEN,TEN,TEN,2026,2,REG,PHI,0,0,0,0,0,0,0,0,2,3,69,0,33,0.176470588235294,0.235714285714286,0,0,0,0,0,0,0,8.9
00-0040177,J.James,Jordan James,RB,RB,2026_02_MIA_SF,SF,SF,2026,2,REG,MIA,0,0,0,0,0,4,15,0,0,0,0,0,0,0,0,0,0,0,0,0,0,0,1.5
00-0040187,M.Evans,Mitchell Evans,TE,TE,2026_02_CAR_ATL,CAR,CAR,2026,2,REG,ATL,0,0,0,0,0,0,0,0,1,1,13,0,-1,0.03125,-0.00321543408360129,0,0,0,0,0,0,0,2.3
00-0040189,O.Gadsden,Oronde Gadsden II,TE,TE,2026_02_LV_LAC,LAC,LAC,2026,2,REG,LV,0,0,0,0,0,0,0,0,2,2,18,1,18,0.0769230769230769,0.0669144981412639,0,0,0,0,0,0,0,9.8
00-0040198,O.Gordon,Ollie Gordon II,RB,RB,2026_02_MIA_SF,MIA,MIA,2026,2,REG,SF,0,0,0,0,0,3,7,0,0,0,0,0,0,0,0,0,0,0,0,0,0,0,0.7
00-0040236,K.Monangai,Kyle Monangai,RB,RB,2026_02_MIN_CHI,CHI,CHI,2026,2,REG,MIN,0,0,0,0,0,10,47,0,2,2,11,0,1,0.0666666666666667,0.00529100529100529,0,0,0,0,0,0,0,7.8
00-0040237,T.Johnson,Tez Johnson,WR,WR,2026_02_CLE_TB,TB,TB,2026,2,REG,CLE,0,0,0,0,0,0,0,0,1,4,49,0,152,0.121212121212121,0.36104513064133,0,0,0,0,0,0,0,5.9
00-0040238,L.Allen,LeQuint Allen Jr.,RB,RB,2026_02_JAX_DEN,JAX,JAX,2026,2,REG,DEN,0,0,0,0,0,0,0,0,0,1,0,0,4,0.0357142857142857,0.0132450331125828,0,0,0,0,0,0,0,0
00-0040242,J.Croskey-Merritt,Jacory Croskey-Merritt,RB,RB,2026_02_WAS_DAL,WAS,WAS,2026,2,REG,DAL,0,0,0,0,0,12,43,0,1,1,5,0,-1,0.0294117647058824,-0.00278551532033426,0,0,0,0,0,0,0,5.8
00-0040363,K.Latu,Keleki Latu,TE,TE,2026_02_DET_BUF,BUF,BUF,2026,2,REG,DET,0,0,0,0,0,0,0,0,0,0,0,0,0,0,0,0,0,0,0,0,0,0,0
00-0040466,R.Sanders,Raheim Sanders,RB,RB,2026_02_CLE_TB,CLE,CLE,2026,2,REG,TB,0,0,0,0,0,2,4,0,1,1,7,0,-4,0.0333333333333333,-0.037037037037037,0,0,0,0,0,0,0,2.1
00-0040506,M.Price,Myles Price,WR,WR,2026_02_MIN_CHI,MIN,MIN,2026,2,REG,CHI,0,0,0,0,0,0,0,0,0,1,0,0,2,0.0526315789473684,0.0127388535031847,0,0,0,0,0,0,0,0
00-0040556,C.Kiner,Corey Kiner,RB,RB,2026_02_PIT_NE,NE,NE,2026,2,REG,PIT,0,0,0,0,0,2,0,0,0,0,0,0,0,0,0,0,0,0,0,0,0,0,0
00-0040563,E.Chism,Efton Chism III,WR,WR,2026_02_PIT_NE,NE,NE,2026,2,REG,PIT,0,0,0,0,0,0,0,0,1,1,-2,0,-2,0.0476190476190476,-0.0102040816326531,0,0,0,0,0,0,0,0.8
00-0040582,A.Smith,Arian Smith,WR,WR,2026_02_GB_NYJ,NYJ,NYJ,2026,2,REG,GB,0,0,0,0,0,0,0,0,0,0,0,0,0,0,0,0,0,0,0,0,0,0,0
00-0040583,W.Marks,Woody Marks,RB,RB,2026_02_CIN_HOU,HOU,HOU,2026,2,REG,CIN,0,0,0,0,0,8,8,0,5,6,27,0,11,0.12,0.0231578947368421,0,0,0,0,0,0,0,8.5
00-0040584,G.Helm,Gunnar Helm,TE,TE,2026_02_PHI_TEN,TEN,TEN,2026,2,REG,PHI,0,0,0,0,0,0,0,0,2,2,13,0,-1,0.117647058823529,-0.00714285714285714,0,0,0,0,0,0,0,3.3
00-0040646,J.Royals,Jalen Royals,WR,WR,2026_02_IND_KC,KC,KC,2026,2,REG,IND,0,0,0,0,0,0,0,0,2,2,6,1,1,0.0465116279069768,0.00381679389312977,0,0,0,0,0,0,0,8.6
00-0040663,H.Fannin,Harold Fannin Jr.,TE,TE,2026_02_CLE_TB,CLE,CLE,2026,2,REG,TB,0,0,0,0,0,0,0,0,5,6,54,0,24,0.2,0.222222222222222,0,0,0,0,0,0,0,10.4
00-0040666,O.Hampton,Omarion Hampton,RB,RB,2026_02_LV_LAC,LAC,LAC,2026,2,REG,LV,0,0,0,0,0,23,94,1,2,2,21,0,-8,0.0769230769230769,-0.0297397769516729,0,1,0,0,0,0,0,17.5
00-0040667,M.Golden,Matthew Golden,WR,WR,2026_02_GB_NYJ,GB,GB,2026,2,REG,NYJ,0,0,0,0,0,0,0,0,4,6,58,0,80,0.206896551724138,0.37037037037037,0,0,0,0,0,0,0,9.8
00-0040669,I.TeSlaa,Isaac TeSlaa,WR,WR,2026_02_DET_BUF,DET,DET,2026,2,REG,BUF,0,0,0,0,0,0,0,0,2,5,26,0,81,0.131578947368421,0.240356083086053,0,0,0,0,0,0,0,4.6
00-0040676,C.Ward,Cam Ward,QB,QB,2026_02_PHI_TEN,TEN,TEN,2026,2,REG,PHI,13,20,183,0,0,4,7,2,0,0,0,0,0,0,0,0,0,0,0,0,0,0,20.02
00-0040705,C.Dike,Chimere Dike,WR,WR,2026_02_PHI_TEN,TEN,TEN,2026,2,REG,PHI,0,0,0,0,0,0,0,0,0,0,0,0,0,0,0,0,0,0,0,0,0,0,0
00-0040719,B.Tuten,Bhayshul Tuten,RB,RB,2026_02_JAX_DEN,JAX,JAX,2026,2,REG,DEN,0,0,0,0,0,13,65,1,2,2,-3,0,-8,0.0714285714285714,-0.0264900662251656,0,0,0,0,0,0,0,14.2
00-0040727,T.Harris,Tre Harris,WR,WR,2026_02_LV_LAC,LAC,LAC,2026,2,REG,LV,0,0,0,0,0,0,0,0,1,3,53,0,56,0.115384615384615,0.20817843866171,0,0,0,0,0,0,0,6.3
00-0040729,J.Bech,Jack Bech,WR,WR,2026_02_LV_LAC,LV,LV,2026,2,REG,LAC,0,0,0,0,0,0,0,0,2,2,25,0,18,0.0689655172413793,0.0636042402826855,0,0,0,0,0,0,0,4.5
00-0040734,T.Henderson,TreVeyon Henderson,RB,RB,2026_02_PIT_NE,NE,NE,2026,2,REG,PIT,0,0,0,0,0,16,76,1,0,0,0,0,0,0,0,0,0,0,0,0,0,0,13.6
00-0040735,L.Burden,Luther Burden III,WR,WR,2026_02_MIN_CHI,CHI,CHI,2026,2,REG,MIN,0,0,0,0,0,0,0,0,3,7,32,0,87,0.233333333333333,0.46031746031746,0,0,0,0,0,0,0,6.2
00-0040739,E.Arroyo,Elijah Arroyo,TE,TE,2026_02_SEA_ARI,SEA,SEA,2026,2,REG,ARI,0,0,0,0,0,0,0,0,1,1,17,0,14,0.0384615384615385,0.0616740088105727,0,0,0,0,0,0,0,2.7
00-0040743,T.Shough,Tyler Shough,QB,QB,2026_02_NO_BAL,NO,NO,2026,2,REG,BAL,27,34,252,1,0,9,23,1,0,0,0,0,0,0,0,0,0,0,0,0,0,0,22.38
00-0040782,I.Bond,Isaiah Bond,WR,WR,2026_02_CLE_TB,CLE,CLE,2026,2,REG,TB,0,0,0,0,0,0,0,0,1,1,10,0,7,0.0333333333333333,0.0648148148148148,0,0,0,0,0,0,0,2
00-0040784,Q.Judkins,Quinshon Judkins,RB,RB,2026_02_CLE_TB,CLE,CLE,2026,2,REG,TB,0,0,0,0,0,12,21,0,5,5,27,0,-8,0.166666666666667,-0.0740740740740741,0,0,0,0,0,0,0,9.8
00-0040785,D.Meyers,Dohnte Meyers,WR,WR,2026_02_CIN_HOU,CIN,CIN,2026,2,REG,HOU,0,0,0,0,0,0,0,0,0,1,0,0,-4,0.032258064516129,-0.023121387283237,0,0,0,0,0,0,0,0
00-0040867,M.Lemon,Makai Lemon,WR,WR,2026_02_PHI_TEN,PHI,PHI,2026,2,REG,TEN,0,0,0,0,0,1,-5,0,1,1,14,0,13,0.0294117647058824,0.0445205479452055,0,0,0,0,0,0,0,1.9
00-0040878,M.Washington,Mike Washington Jr.,RB,RB,2026_02_LV_LAC,LV,LV,2026,2,REG,LAC,0,0,0,0,0,3,7,0,0,1,0,0,10,0.0344827586206897,0.0353356890459364,0,0,0,0,0,0,0,0.7
00-0040886,N.Singleton,Nicholas Singleton,RB,RB,2026_02_PHI_TEN,TEN,TEN,2026,2,REG,PHI,0,0,0,0,0,4,10,0,0,0,0,0,0,0,0,0,0,0,0,0,0,0,1
00-0040894,M.Benson,Malik Benson,WR,WR,2026_02_LV_LAC,LV,LV,2026,2,REG,LAC,0,0,0,0,0,0,0,0,0,1,0,0,27,0.0344827586206897,0.0954063604240283,0,0,0,0,0,0,0,0
00-0040948,J.Sturdivant,J. Michael Sturdivant,WR,WR,2026_02_GB_NYJ,GB,GB,2026,2,REG,NYJ,0,0,0,0,0,0,0,0,0,0,0,0,0,0,0,0,0,0,0,0,0,0,0
00-0041013,E.Johnson,Emmett Johnson,RB,RB,2026_02_IND_KC,KC,KC,2026,2,REG,IND,0,0,0,0,0,2,15,0,2,2,20,0,-4,0.0465116279069768,-0.0152671755725191,0,0,0,0,0,0,0,5.5
00-0041027,J.Love,Jeremiyah Love,RB,RB,2026_02_SEA_ARI,ARI,ARI,2026,2,REG,SEA,0,0,0,0,0,9,29,0,3,3,16,0,0,0.115384615384615,0,0,0,0,0,0,0,0,7.5
00-0041032,K.Sadiq,Kenyon Sadiq,TE,TE,2026_02_GB_NYJ,NYJ,NYJ,2026,2,REG,GB,0,0,0,0,0,0,0,0,2,3,17,0,8,0.0833333333333333,0.0318725099601594,0,0,0,0,0,0,0,3.7
00-0041037,D.Boston,Denzel Boston,WR,WR,2026_02_CLE_TB,CLE,CLE,2026,2,REG,TB,0,0,0,0,0,0,0,0,5,7,95,1,60,0.233333333333333,0.555555555555556,0,0,0,0,0,0,0,20.5
00-0041040,A.Williams,Antonio Williams,WR,WR,2026_02_WAS_DAL,WAS,WAS,2026,2,REG,DAL,0,1,0,0,0,0,0,0,3,3,24,0,16,0.0882352941176471,0.0445682451253482,0,0,0,0,0,0,0,5.4
00-0041041,O.Delp,Oscar Delp,TE,TE,2026_02_NO_BAL,NO,NO,2026,2,REG,BAL,0,0,0,0,0,0,0,0,1,1,8,0,7,0.03125,0.0328638497652582,0,0,0,0,0,0,0,1.8
00-0041044,Z.Branch,Zachariah Branch,WR,WR,2026_02_CAR_ATL,ATL,ATL,2026,2,REG,CAR,0,0,0,0,0,0,0,0,2,2,14,0,-7,0.0645161290322581,-0.0440251572327044,0,0,0,0,0,0,0,3.4
00-0041048,T.Hurst,Ted Hurst III,WR,WR,2026_02_CLE_TB,TB,TB,2026,2,REG,CLE,0,0,0,0,0,0,0,0,2,7,27,0,145,0.212121212121212,0.344418052256532,0,0,0,0,0,0,0,4.7
00-0041051,Z.Thomas,Zavion Thomas,WR,WR,2026_02_MIN_CHI,CHI,CHI,2026,2,REG,MIN,0,0,0,0,0,0,0,0,0,0,0,0,0,0,0,0,0,0,0,0,0,0,0
00-0041052,K.Black,Kaelon Black,RB,RB,2026_02_MIA_SF,SF,SF,2026,2,REG,MIA,0,0,0,0,0,7,25,0,0,0,0,0,0,0,0,0,0,0,0,0,0,0,2.5
00-0041067,B.Lance,Bryce Lance,WR,WR,2026_02_NO_BAL,NO,NO,2026,2,REG,BAL,0,0,0,0,0,0,0,0,1,1,8,0,8,0.03125,0.0375586854460094,0,0,0,0,0,0,0,1.8
00-0041069,C.Young,Colbie Young,WR,WR,2026_02_CIN_HOU,CIN,CIN,2026,2,REG,HOU,0,0,0,0,0,0,0,0,1,1,7,0,6,0.032258064516129,0.0346820809248555,0,0,0,0,0,0,0,1.7
00-0041096,K.Allen,Kaytron Allen,RB,RB,2026_02_WAS_DAL,WAS,WAS,2026,2,REG,DAL,0,0,0,0,0,5,24,0,0,0,0,0,0,0,0,0,0,0,0,0,0,0,2.4
00-0041099,B.Brown,Barion Brown,WR,WR,2026_02_NO_BAL,NO,NO,2026,2,REG,BAL,0,0,0,0,0,0,0,0,0,0,0,0,0,0,0,0,0,0,0,0,0,0,0
00-0041100,J.Cameron,Josh Cameron,WR,WR,2026_02_JAX_DEN,JAX,JAX,2026,2,REG,DEN,0,0,0,0,0,0,0,0,0,0,0,0,0,0,0,0,0,0,0,0,0,0,0
00-0041104,D.Claiborne,Demond Claiborne,RB,RB,2026_02_MIN_CHI,MIN,MIN,2026,2,REG,CHI,0,0,0,0,0,0,0,0,1,1,2,0,-7,0.0526315789473684,-0.0445859872611465,0,0,0,0,0,0,0,1.2
00-0041125,S.McGowan,Seth McGowan,RB,RB,2026_02_IND_KC,IND,IND,2026,2,REG,KC,0,0,0,0,0,2,0,0,0,0,0,0,0,0,0,0,0,0,0,0,0,0,0
00-0041132,D.Burks,Deion Burks,WR,WR,2026_02_IND_KC,IND,IND,2026,2,REG,KC,0,0,0,0,0,2,14,0,0,0,0,0,0,0,0,0,0,0,0,0,0,0,1.4
00-0041194,J.Strand,Jack Strand,QB,QB,2026_02_CAR_ATL,ATL,ATL,2026,2,REG,CAR,8,15,59,0,1,2,16,0,0,0,0,0,0,0,0,1,0,0,0,0,0,0,-0.04
00-0041326,C.Donaldson,CJ Donaldson,RB,RB,2026_02_NO_BAL,NO,NO,2026,2,REG,BAL,0,0,0,0,0,1,2,0,0,0,0,0,0,0,0,0,0,0,0,0,0,0,0.2
00-0041395,E.Raridon,Eli Raridon,TE,TE,2026_02_PIT_NE,NE,NE,2026,2,REG,PIT,0,0,0,0,0,0,0,0,1,1,30,0,25,0.0476190476190476,0.127551020408163,0,0,0,0,0,0,0,4
00-0041397,K.Wetjen,Kaden Wetjen,WR,WR,2026_02_PIT_NE,PIT,PIT,2026,2,REG,NE,0,0,0,0,0,0,0,0,0,0,0,0,0,0,0,0,0,0,0,0,0,0,0
00-0041436,D.Herman,DJ Herman,RB,RB,2026_02_MIA_SF,MIA,MIA,2026,2,REG,SF,0,0,0,0,0,0,0,0,1,3,18,0,36,0.130434782608696,0.21301775147929,0,0,0,0,0,0,0,2.8
00-0041438,C.Tate,Carnell Tate,WR,WR,2026_02_PHI_TEN,TEN,TEN,2026,2,REG,PHI,0,0,0,0,0,0,0,0,3,5,27,0,50,0.294117647058824,0.357142857142857,0,0,0,0,0,0,0,5.7
00-0041489,G.Bernard,Germie Bernard,WR,WR,2026_02_PIT_NE,PIT,PIT,2026,2,REG,NE,0,0,0,0,0,0,0,0,4,8,35,0,70,0.216216216216216,0.325581395348837,0,0,0,0,0,0,0,7.5
00-0041490,E.Heidenreich,Eli Heidenreich,RB,RB,2026_02_PIT_NE,PIT,PIT,2026,2,REG,NE,0,0,0,0,0,0,0,0,0,0,0,0,0,0,0,0,0,0,0,0,0,0,0
00-0041496,J.Coleman,Jonah Coleman,RB,RB,2026_02_JAX_DEN,DEN,DEN,2026,2,REG,JAX,0,0,0,0,0,10,39,1,3,3,19,0,0,0.103448275862069,0,0,0,0,0,0,0,0,14.8
00-0041512,J.Price,Jadarian Price,RB,RB,2026_02_SEA_ARI,SEA,SEA,2026,2,REG,ARI,0,0,0,0,0,13,52,0,1,2,8,0,16,0.0769230769230769,0.0704845814977974,0,1,0,0,0,0,0,5
00-0041523,C.Douglas,Caleb Douglas,WR,WR,2026_02_MIA_SF,MIA,MIA,2026,2,REG,SF,0,0,0,0,0,0,0,0,2,3,19,0,17,0.130434782608696,0.100591715976331,0,0,0,0,0,0,0,3.9
00-0041524,W.Kacmarek,Will Kacmarek,TE,TE,2026_02_MIA_SF,MIA,MIA,2026,2,REG,SF,0,0,0,0,0,0,0,0,1,1,4,0,2,0.0434782608695652,0.0118343195266272,0,0,0,0,0,0,0,1.4
00-0041525,C.Bell,Chris Bell,WR,WR,2026_02_MIA_SF,MIA,MIA,2026,2,REG,SF,0,0,0,0,0,0,0,0,0,1,0,0,12,0.0434782608695652,0.0710059171597633,0,0,0,0,0,0,0,0
00-0041547,K.Concepcion,KC Concepcion,WR,WR,2026_02_CLE_TB,CLE,CLE,2026,2,REG,TB,0,0,0,0,0,1,-6,0,6,6,28,0,12,0.2,0.111111111111111,0,0,0,0,0,0,0,8.2
00-0041550,B.Thompson,Brenen Thompson,WR,WR,2026_02_LV_LAC,LAC,LAC,2026,2,REG,LV,0,0,0,0,0,0,0,0,1,3,13,0,44,0.115384615384615,0.163568773234201,0,0,0,0,0,0,0,2.3
00-0041558,S.Roush,Sam Roush,TE,TE,2026_02_MIN_CHI,CHI,CHI,2026,2,REG,MIN,0,0,0,0,0,0,0,0,1,3,9,0,16,0.1,0.0846560846560847,0,0,0,0,0,0,0,1.9
