team,season,week,game_id,pregame_prior8,pregame_percentile,pregame_prior4,pregame_prior16,pregame_season_to_date,pregame_ewma,prior4_at_game,next4_from_game,prior8_at_game,next8_from_game
ari,2022,1,2022_01_KC_ARI,,,,,,,,0.0833333333333,,0.0880829015544
ari,2022,2,2022_02_ARI_LV,,,,,,,,0.0643564356436,,0.0852713178295
ari,2022,3,2022_03_LA_ARI,,,,,,,,0.0785340314136,,0.0943396226415
ari,2022,4,2022_04_ARI_CAR,,,,,,,,0.0736196319018,,0.109243697479
ari,2022,5,2022_05_PHI_ARI,0.0833333333333,0.015625,0.0833333333333,,0.0833333333333,0.0773329731176,0.0833333333333,0.0934065934066,,0.111111111111
ari,2022,6,2022_06_ARI_SEA,0.0772357723577,0.015625,0.0643564356436,,0.0772357723577,0.0702352819122,0.0643564356436,0.108108108108,,0.125340599455
ari,2022,7,2022_07_NO_ARI,0.0887372013652,0.046875,0.0785340314136,,0.0887372013652,0.0892183725105,0.0785340314136,0.111111111111,,0.126373626374
ari,2022,8,2022_08_ARI_MIN,0.0853658536585,0.046875,0.0736196319018,,0.0853658536585,0.0835727656603,0.0736196319018,0.139175257732,,0.134920634921
ari,2022,9,2022_09_SEA_ARI,0.0880829015544,0.046875,0.0934065934066,0.0880829015544,0.0880829015544,0.0886913540976,0.0934065934066,0.130177514793,0.0880829015544,0.141304347826
ari,2022,10,2022_10_ARI_LA,0.0852713178295,0.078125,0.108108108108,0.0904872389791,0.0904872389791,0.0929958199218,0.108108108108,0.142857142857,0.0852713178295,0.152112676056
ari,2022,11,2022_11_SF_ARI,0.0943396226415,0.078125,0.111111111111,0.0972515856237,0.0972515856237,0.105937237166,0.111111111111,0.141304347826,0.0943396226415,
ari,2022,12,2022_12_LAC_ARI,0.109243697479,0.203125,0.139175257732,0.105363984674,0.105363984674,0.121170448711,0.139175257732,0.130434782609,0.109243697479,
ari,2022,14,2022_14_NE_ARI,0.111111111111,0.265625,0.130177514793,0.100900900901,0.100900900901,0.108843959992,0.130177514793,0.150753768844,0.111111111111,
ari,2022,15,2022_15_ARI_DEN,0.125340599455,0.421875,0.142857142857,0.10603588907,0.10603588907,0.119077919732,0.142857142857,0.161849710983,0.125340599455,
ari,2022,16,2022_16_TB_ARI,0.126373626374,0.390625,0.141304347826,0.109589041096,0.109589041096,0.125726916172,0.141304347826,,0.126373626374,
ari,2022,17,2022_17_ARI_ATL,0.134920634921,0.484375,0.130434782609,0.111898016997,0.111898016997,0.128816750818,0.130434782609,,0.134920634921,
ari,2022,18,2022_18_ARI_SF,0.141304347826,0.515625,0.150753768844,0.114058355438,0.114058355438,0.13177147813,0.150753768844,,0.141304347826,
ari,2023,1,2023_01_ARI_WAS,0.152112676056,0.609375,0.161849710983,0.117250673854,,0.142358534126,,0.153333333333,,0.172413793103
ari,2023,2,2023_02_NYG_ARI,0.151428571429,0.671875,0.16265060241,0.122052704577,,0.146052811457,,0.168918918919,,0.186708860759
ari,2023,3,2023_03_DAL_ARI,0.14880952381,0.578125,0.171052631579,0.128427128427,,0.15076544627,,0.173913043478,,0.171875
ari,2023,4,2023_04_ARI_SF,0.159638554217,0.640625,0.172932330827,0.134699853587,,0.150475626777,,0.182857142857,,0.169696969697
ari,2023,5,2023_05_CIN_ARI,0.157894736842,0.640625,0.153333333333,0.140579710145,0.153333333333,0.150047628919,0.153333333333,0.189349112426,,0.164670658683
ari,2023,6,2023_06_ARI_LA,0.165605095541,0.703125,0.168918918919,0.144542772861,0.167567567568,0.161754946129,0.168918918919,0.202380952381,,0.158054711246
ari,2023,7,2023_07_ARI_SEA,0.172523961661,0.734375,0.173913043478,0.151953690304,0.171673819742,0.167770963894,0.173913043478,0.169811320755,,0.14373088685
ari,2023,8,2023_08_BAL_ARI,0.178571428571,0.734375,0.182857142857,0.158284023669,0.173913043478,0.171945702645,0.182857142857,0.154838709677,,0.131901840491
ari,2023,9,2023_09_ARI_CLE,0.172413793103,0.734375,0.189349112426,0.161721068249,0.172413793103,0.171038902436,0.189349112426,0.139393939394,0.172413793103,0.122257053292
ari,2023,10,2023_10_ATL_ARI,0.186708860759,0.828125,0.202380952381,0.168168168168,0.184135977337,0.188687059432,0.202380952381,0.111801242236,0.186708860759,0.10094637224
ari,2023,11,2023_11_ARI_HOU,0.171875,0.828125,0.169811320755,0.16006097561,0.170918367347,0.166033376079,0.169811320755,0.119047619048,0.171875,
ari,2023,12,2023_12_LA_ARI,0.169696969697,0.828125,0.154838709677,0.164652567976,0.167053364269,0.160952888507,0.154838709677,0.111111111111,0.169696969697,
ari,2023,13,2023_13_ARI_PIT,0.164670658683,0.765625,0.139393939394,0.161339421613,0.161157024793,0.150801999354,0.139393939394,0.103896103896,0.164670658683,
ari,2023,15,2023_15_SF_ARI,0.158054711246,0.703125,0.111801242236,0.161741835148,0.161478599222,0.152729128215,0.111801242236,0.0897435897436,0.158054711246,
ari,2023,16,2023_16_ARI_CHI,0.14373088685,0.671875,0.119047619048,0.1578125,0.155357142857,0.140283223834,0.119047619048,,0.14373088685,
ari,2023,17,2023_17_ARI_PHI,0.131901840491,0.453125,0.111111111111,0.154574132492,0.151162790698,0.132376258151,0.111111111111,,0.131901840491,
ari,2023,18,2023_18_SEA_ARI,0.122257053292,0.234375,0.103896103896,0.147335423197,0.147335423197,0.124196826531,0.103896103896,,0.122257053292,
ari,2024,1,2024_01_ARI_BUF,0.10094637224,0.046875,0.0897435897436,0.143759873618,,0.119557974206,,0.125925925926,,0.0794223826715
ari,2024,2,2024_02_LA_ARI,0.110759493671,0.171875,0.101351351351,0.141509433962,,0.121061560165,,0.107692307692,,0.0763358778626
ari,2024,3,2024_03_DET_ARI,0.101973684211,0.109375,0.0902255639098,0.137223974763,,0.11047567535,,0.0985915492958,,0.0801526717557
ari,2024,4,2024_04_WAS_ARI,0.098976109215,0.078125,0.0935251798561,0.133971291866,,0.107139858883,,0.0839694656489,,0.0909090909091
ari,2024,5,2024_05_ARI_SF,0.106529209622,0.109375,0.125925925926,0.133870967742,0.125925925926,0.124743789419,0.125925925926,0.0352112676056,,0.0689655172414
ari,2024,6,2024_06_ARI_GB,0.104316546763,0.109375,0.107692307692,0.125619834711,0.113095238095,0.113683458314,0.107692307692,0.0454545454545,,0.0756578947368
ari,2024,7,2024_07_LAC_ARI,0.0945454545455,0.046875,0.0985915492958,0.114808652246,0.0966183574879,0.0965326797616,0.0985915492958,0.0583333333333,,0.0718954248366
ari,2024,8,2024_08_ARI_MIA,0.0888888888889,0.015625,0.0839694656489,0.106960950764,0.0882352941176,0.0860060156405,0.0839694656489,0.0977443609023,,0.075
ari,2024,9,2024_09_CHI_ARI,0.0794223826715,0.015625,0.0352112676056,0.0909090909091,0.0794223826715,0.0727063617292,0.0352112676056,0.101351351351,0.0794223826715,0.0855457227139
ari,2024,10,2024_10_NYJ_ARI,0.0763358778626,0.046875,0.0454545454545,0.0951557093426,0.0833333333333,0.0796980093427,0.0454545454545,0.0988372093023,0.0763358778626,0.0788732394366
ari,2024,12,2024_12_ARI_SEA,0.0801526717557,0.046875,0.0583333333333,0.0918727915194,0.0825688073394,0.0782805094879,0.0583333333333,0.0806451612903,0.0801526717557,
ari,2024,13,2024_13_ARI_MIN,0.0909090909091,0.078125,0.0977443609023,0.0951526032316,0.0916442048518,0.0954026593804,0.0977443609023,0.0588235294118,0.0909090909091,
ari,2024,14,2024_14_SEA_ARI,0.0689655172414,0.015625,0.101351351351,0.0877796901893,0.0870588235294,0.0850647851117,0.101351351351,0.0732984293194,0.0689655172414,
ari,2024,15,2024_15_NE_ARI,0.0756578947368,0.109375,0.0988372093023,0.0893470790378,0.0889830508475,0.0893970974238,0.0988372093023,0.0601092896175,0.0756578947368,
ari,2024,16,2024_16_ARI_CAR,0.0718954248366,0.078125,0.0806451612903,0.0826161790017,0.0818713450292,0.0735185296403,0.0806451612903,,0.0718954248366,
ari,2024,17,2024_17_ARI_LA,0.075,0.078125,0.0588235294118,0.0813559322034,0.0806451612903,0.0721282815548,0.0588235294118,,0.075,
ari,2024,18,2024_18_SF_ARI,0.0855457227139,0.109375,0.0732984293194,0.0827922077922,0.0827922077922,0.0790592518926,0.0732984293194,,0.0855457227139,
ari,2025,1,2025_01_ARI_NO,0.0788732394366,0.078125,0.0601092896175,0.0777957860616,,0.0742610748443,,0.117647058824,,0.174785100287
ari,2025,2,2025_02_CAR_ARI,0.0840108401084,0.078125,0.0874316939891,0.0824088748019,,0.0823005139781,,0.12426035503,,0.181318681319
ari,2025,3,2025_03_ARI_SF,0.0779944289694,0.078125,0.0988372093023,0.083467094703,,0.0871170229376,,0.156756756757,,0.169665809769
ari,2025,4,2025_04_SEA_ARI,0.0838150289017,0.078125,0.0967741935484,0.0770440251572,,0.0877058172202,,0.189743589744,,0.186440677966
ari,2025,5,2025_05_TEN_ARI,0.0878186968839,0.171875,0.117647058824,0.0821917808219,0.117647058824,0.0967536934166,0.117647058824,0.22905027933,,0.191066997519
ari,2025,6,2025_06_ARI_IND,0.105113636364,0.234375,0.12426035503,0.0896656534954,0.12380952381,0.10585147729,0.12426035503,0.230769230769,,0.198547215496
ari,2025,7,2025_07_GB_ARI,0.128851540616,0.296875,0.156756756757,0.103397341211,0.146153846154,0.132102439911,0.156756756757,0.18137254902,,0.178921568627
ari,2025,9,2025_09_ARI_DAL,0.148571428571,0.640625,0.189743589744,0.117561683599,0.16077170418,0.152708805516,0.189743589744,0.183486238532,,0.168797953964
ari,2025,10,2025_10_ARI_SEA,0.174785100287,0.859375,0.22905027933,0.126420454545,0.174785100287,0.172673747412,0.22905027933,0.160714285714,0.174785100287,0.158690176322
ari,2025,11,2025_11_SF_ARI,0.181318681319,0.859375,0.230769230769,0.132332878581,0.175308641975,0.174482703879,0.230769230769,0.169724770642,0.181318681319,0.169712793734
ari,2025,12,2025_12_JAX_ARI,0.169665809769,0.796875,0.18137254902,0.125668449198,0.161637931034,0.152707448643,0.18137254902,0.176470588235,0.169665809769,
ari,2025,13,2025_13_ARI_TB,0.186440677966,0.828125,0.183486238532,0.139657444005,0.170132325142,0.170531703669,0.183486238532,0.150289017341,0.186440677966,
ari,2025,14,2025_14_LA_ARI,0.191066997519,0.828125,0.160714285714,0.142857142857,0.169284467714,0.16946732731,0.160714285714,0.156069364162,0.191066997519,
ari,2025,15,2025_15_ARI_HOU,0.198547215496,0.828125,0.169724770642,0.155555555556,0.173354735152,0.179461366917,0.169724770642,0.169696969697,0.198547215496,
ari,2025,16,2025_16_ATL_ARI,0.178921568627,0.765625,0.176470588235,0.155555555556,0.166167664671,0.163126807119,0.176470588235,,0.178921568627,
ari,2025,17,2025_17_ARI_CIN,0.168797953964,0.671875,0.150289017341,0.159244264507,0.165242165242,0.16192838193,0.150289017341,,0.168797953964,
ari,2025,18,2025_18_ARI_LA,0.158690176322,0.671875,0.156069364162,0.166219839142,0.166219839142,0.166120494495,0.156069364162,,0.158690176322,
atl,2022,1,2022_01_NO_ATL,,,,,,,,0.148760330579,,0.188596491228
atl,2022,2,2022_02_ATL_LA,,,,,,,,0.228813559322,,0.208333333333
atl,2022,3,2022_03_ATL_SEA,,,,,,,,0.223300970874,,0.222727272727
atl,2022,4,2022_04_CLE_ATL,,,,,,,,0.229166666667,,0.203703703704
atl,2022,5,2022_05_ATL_TB,0.148760330579,0.703125,0.148760330579,,0.148760330579,0.163948385537,0.148760330579,0.233644859813,,0.193693693694
atl,2022,6,2022_06_SF_ATL,0.178343949045,0.765625,0.228813559322,,0.178343949045,0.200427800325,0.228813559322,0.183673469388,,0.175355450237
atl,2022,7,2022_07_ATL_CIN,0.170454545455,0.765625,0.223300970874,,0.170454545455,0.184491649471,0.223300970874,0.222222222222,,0.17316017316
atl,2022,8,2022_08_CAR_ATL,0.177664974619,0.828125,0.229166666667,,0.177664974619,0.194161671549,0.229166666667,0.183333333333,,0.156626506024
atl,2022,9,2022_09_LAC_ATL,0.188596491228,0.890625,0.233644859813,0.188596491228,0.188596491228,0.209531547298,0.233644859813,0.15652173913,0.188596491228,0.137096774194
atl,2022,10,2022_10_ATL_CAR,0.208333333333,0.921875,0.183673469388,0.180392156863,0.180392156863,0.189902888259,0.183673469388,0.16814159292,0.208333333333,0.140625
atl,2022,11,2022_11_CHI_ATL,0.222727272727,0.984375,0.222222222222,0.191126279863,0.191126279863,0.208235746905,0.222222222222,0.122807017544,0.222727272727,
atl,2022,12,2022_12_ATL_WAS,0.203703703704,0.921875,0.183333333333,0.179810725552,0.179810725552,0.181880408238,0.183333333333,0.131782945736,0.203703703704,
atl,2022,13,2022_13_PIT_ATL,0.193693693694,0.859375,0.15652173913,0.177842565598,0.177842565598,0.177133472933,0.15652173913,0.12030075188,0.193693693694,
atl,2022,15,2022_15_ATL_NO,0.175355450237,0.765625,0.16814159292,0.176630434783,0.176630434783,0.174354220064,0.16814159292,0.118881118881,0.175355450237,
atl,2022,16,2022_16_ATL_BAL,0.17316017316,0.734375,0.122807017544,0.17199017199,0.17199017199,0.163679065893,0.122807017544,,0.17316017316,
atl,2022,17,2022_17_ARI_ATL,0.156626506024,0.671875,0.131782945736,0.165919282511,0.165919282511,0.150494174033,0.131782945736,,0.156626506024,
atl,2022,18,2022_18_TB_ATL,0.137096774194,0.453125,0.12030075188,0.161764705882,0.161764705882,0.142171510777,0.12030075188,,0.137096774194,
atl,2023,1,2023_01_CAR_ATL,0.140625,0.453125,0.118881118881,0.171610169492,,0.143831068724,,0.172185430464,,0.14465408805
atl,2023,2,2023_02_GB_ATL,0.128099173554,0.296875,0.1328125,0.17316017316,,0.15214027574,,0.150602409639,,0.130952380952
atl,2023,3,2023_03_ATL_DET,0.138461538462,0.453125,0.145038167939,0.168067226891,,0.149514368692,,0.140449438202,,0.132307692308
atl,2023,4,2023_04_ATL_JAX,0.141843971631,0.453125,0.161073825503,0.164682539683,,0.152894192281,,0.11320754717,,0.119601328904
atl,2023,5,2023_05_HOU_ATL,0.146258503401,0.515625,0.172185430464,0.158415841584,0.172185430464,0.157991331494,0.172185430464,0.119760479042,,0.124579124579
atl,2023,6,2023_06_WAS_ATL,0.142857142857,0.515625,0.150602409639,0.15619047619,0.157894736842,0.14813678929,0.150602409639,0.111764705882,,0.118421052632
atl,2023,7,2023_07_ATL_TB,0.142394822006,0.515625,0.140449438202,0.148745519713,0.147540983607,0.139001982594,0.140449438202,0.122448979592,,0.113970588235
atl,2023,8,2023_08_ATL_TEN,0.136363636364,0.515625,0.11320754717,0.136690647482,0.135531135531,0.124308336814,0.11320754717,0.12676056338,,0.119133574007
atl,2023,9,2023_09_MIN_ATL,0.14465408805,0.578125,0.119760479042,0.142857142857,0.14465408805,0.139215874074,0.119760479042,0.130769230769,0.14465408805,0.118081180812
atl,2023,10,2023_10_ATL_ARI,0.130952380952,0.359375,0.111764705882,0.129757785467,0.136111111111,0.125734045497,0.111764705882,0.126865671642,0.130952380952,0.124528301887
atl,2023,12,2023_12_NO_ATL,0.132307692308,0.296875,0.122448979592,0.135042735043,0.13810741688,0.131182727858,0.122448979592,0.104,0.132307692308,
atl,2023,13,2023_13_ATL_NYJ,0.119601328904,0.265625,0.12676056338,0.130360205832,0.132530120482,0.120872484367,0.12676056338,0.111111111111,0.119601328904,
atl,2023,14,2023_14_TB_ATL,0.124579124579,0.328125,0.130769230769,0.135363790186,0.140625,0.139712669227,0.130769230769,0.106382978723,0.124579124579,
atl,2023,15,2023_15_ATL_CAR,0.118421052632,0.203125,0.126865671642,0.130434782609,0.133603238866,0.124254504936,0.126865671642,0.12213740458,0.118421052632,
atl,2023,16,2023_16_IND_ATL,0.113970588235,0.171875,0.104,0.12908777969,0.12984496124,0.116033671478,0.104,,0.113970588235,
atl,2023,17,2023_17_ATL_CHI,0.119133574007,0.203125,0.111111111111,0.128205128205,0.127272727273,0.111548947701,0.111111111111,,0.119133574007,
atl,2023,18,2023_18_ATL_NO,0.118081180812,0.140625,0.106382978723,0.132427843803,0.132427843803,0.128733368039,0.106382978723,,0.118081180812,
atl,2024,1,2024_01_PIT_ATL,0.124528301887,0.359375,0.12213740458,0.128119800333,,0.125139329011,,0.163120567376,,0.16077170418
atl,2024,2,2024_02_ATL_PHI,0.131578947368,0.390625,0.156028368794,0.131979695431,,0.139472993616,,0.155172413793,,0.154098360656
atl,2024,3,2024_03_KC_ATL,0.130909090909,0.328125,0.15,0.125,,0.126250868293,,0.162790697674,,0.170886075949
atl,2024,4,2024_04_NO_ATL,0.136690647482,0.390625,0.167883211679,0.130434782609,,0.15222706613,,0.152542372881,,0.158227848101
atl,2024,5,2024_05_TB_ATL,0.143382352941,0.578125,0.163120567376,0.130208333333,0.163120567376,0.142830357313,0.163120567376,0.158823529412,,0.156739811912
atl,2024,6,2024_06_ATL_CAR,0.155555555556,0.703125,0.155172413793,0.136286201022,0.165048543689,0.15049870623,0.155172413793,0.152671755725,,0.146258503401
atl,2024,7,2024_07_SEA_ATL,0.157051282051,0.703125,0.162790697674,0.13921901528,0.15611814346,0.144147057271,0.162790697674,0.180555555556,,0.150877192982
atl,2024,8,2024_08_ATL_TB,0.15923566879,0.671875,0.152542372881,0.140170940171,0.165467625899,0.156852365715,0.152542372881,0.165467625899,,0.131386861314
atl,2024,9,2024_09_DAL_ATL,0.16077170418,0.671875,0.158823529412,0.144097222222,0.16077170418,0.152612071463,0.158823529412,0.154362416107,0.16077170418,0.120141342756
atl,2024,10,2024_10_ATL_NO,0.154098360656,0.578125,0.152671755725,0.143607705779,0.160237388724,0.152683827481,0.152671755725,0.141104294479,0.154098360656,0.11744966443
atl,2024,11,2024_11_ATL_DEN,0.170886075949,0.859375,0.180555555556,0.152284263959,0.165354330709,0.163739203224,0.180555555556,0.120567375887,0.170886075949,
atl,2024,13,2024_13_LAC_ATL,0.158227848101,0.640625,0.165467625899,0.148148148148,0.165467625899,0.163480771417,0.165467625899,0.0962962962963,0.158227848101,
atl,2024,14,2024_14_ATL_MIN,0.156739811912,0.671875,0.154362416107,0.150592216582,0.158695652174,0.151285566186,0.154362416107,0.0820895522388,0.156739811912,
atl,2024,15,2024_15_ATL_LV,0.146258503401,0.515625,0.141104294479,0.151067323481,0.154,0.1429281823,0.141104294479,0.0888888888889,0.146258503401,
atl,2024,16,2024_16_NYG_ATL,0.150877192982,0.546875,0.120567375887,0.154103852596,0.153256704981,0.142794949523,0.120567375887,,0.150877192982,
atl,2024,17,2024_17_ATL_WAS,0.131386861314,0.453125,0.0962962962963,0.146258503401,0.148550724638,0.130943783626,0.0962962962963,,0.131386861314,
atl,2024,18,2024_18_CAR_ATL,0.120141342756,0.421875,0.0820895522388,0.141414141414,0.141414141414,0.114691048529,0.0820895522388,,0.120141342756,
atl,2025,1,2025_01_TB_ATL,0.11744966443,0.421875,0.0888888888889,0.135986733002,,0.115102280333,,0.0860927152318,,0.096463022508
atl,2025,2,2025_02_ATL_MIN,0.0983606557377,0.203125,0.0792682926829,0.135265700483,,0.107527099133,,0.0942028985507,,0.098976109215
atl,2025,3,2025_03_ATL_CAR,0.0983050847458,0.171875,0.1,0.129296235679,,0.11584779547,,0.0817610062893,,0.0827814569536
atl,2025,4,2025_04_WAS_ATL,0.0909090909091,0.109375,0.0981595092025,0.125,,0.101840029991,,0.102040816327,,0.0883392226148
atl,2025,6,2025_06_BUF_ATL,0.0874125874126,0.109375,0.0860927152318,0.11724137931,0.0860927152318,0.0961442613079,0.0860927152318,0.10625,,0.103448275862
atl,2025,7,2025_07_ATL_SF,0.0860927152318,0.078125,0.0942028985507,0.117546848382,0.0899470899471,0.0977338020529,0.0942028985507,0.103225806452,,0.115789473684
atl,2025,8,2025_08_MIA_ATL,0.0909090909091,0.078125,0.0817610062893,0.109612141653,0.0932203389831,0.0981497049709,0.0817610062893,0.0839160839161,,0.113074204947
atl,2025,9,2025_09_ATL_NE,0.1,0.140625,0.102040816327,0.109612141653,0.0966542750929,0.101364937776,0.102040816327,0.0735294117647,,0.111111111111
atl,2025,10,2025_10_ATL_IND,0.096463022508,0.109375,0.10625,0.106732348112,0.096463022508,0.0998555033623,0.10625,0.1,0.096463022508,0.131578947368
atl,2025,11,2025_11_CAR_ATL,0.098976109215,0.140625,0.103225806452,0.0986622073579,0.0959302325581,0.097218289224,0.103225806452,0.130769230769,0.098976109215,0.151851851852
atl,2025,12,2025_12_ATL_NO,0.0827814569536,0.015625,0.0839160839161,0.0904522613065,0.089709762533,0.0855170016901,0.0839160839161,0.142857142857,0.0827814569536,
atl,2025,13,2025_13_ATL_NYJ,0.0883392226148,0.046875,0.0735294117647,0.0896551724138,0.0888888888889,0.0843412766293,0.0735294117647,0.144736842105,0.0883392226148,
atl,2025,14,2025_14_SEA_ATL,0.103448275862,0.203125,0.1,0.0954861111111,0.0975056689342,0.103233255813,0.1,0.161764705882,0.103448275862,
atl,2025,15,2025_15_ATL_TB,0.115789473684,0.265625,0.130769230769,0.100511073254,0.105485232068,0.120429416789,0.130769230769,0.171428571429,0.115789473684,
atl,2025,16,2025_16_ATL_ARI,0.113074204947,0.234375,0.142857142857,0.101328903654,0.104046242775,0.114342375294,0.142857142857,,0.113074204947,
atl,2025,17,2025_17_LA_ATL,0.111111111111,0.203125,0.144736842105,0.105351170569,0.104129263914,0.113561482465,0.144736842105,,0.111111111111,
atl,2025,18,2025_18_NO_ATL,0.131578947368,0.328125,0.161764705882,0.112651646447,0.112651646447,0.13705659058,0.161764705882,,0.131578947368,
bal,2022,1,2022_01_BAL_NYJ,,,,,,,,0.0958904109589,,0.0982456140351
bal,2022,2,2022_02_MIA_BAL,,,,,,,,0.0945945945946,,0.0938628158845
bal,2022,3,2022_03_BAL_NE,,,,,,,,0.106666666667,,0.102836879433
bal,2022,4,2022_04_BUF_BAL,,,,,,,,0.115942028986,,0.0940766550523
bal,2022,5,2022_05_CIN_BAL,0.0958904109589,0.171875,0.0958904109589,,0.0958904109589,0.0994724724555,0.0958904109589,0.10071942446,,0.0921501706485
bal,2022,6,2022_06_BAL_NYG,0.0983606557377,0.203125,0.0945945945946,,0.0983606557377,0.101840737654,0.0945945945946,0.093023255814,,0.0967741935484
bal,2022,7,2022_07_CLE_BAL,0.0913242009132,0.078125,0.106666666667,,0.0913242009132,0.0906914852473,0.106666666667,0.0984848484848,,0.110714285714
bal,2022,8,2022_08_BAL_TB,0.103734439834,0.171875,0.115942028986,,0.103734439834,0.111039089407,0.115942028986,0.0738255033557,,0.0942028985507
bal,2022,9,2022_09_BAL_NO,0.0982456140351,0.109375,0.10071942446,0.0982456140351,0.0982456140351,0.0998264136164,0.10071942446,0.0844155844156,0.0982456140351,0.100775193798
bal,2022,11,2022_11_CAR_BAL,0.0938628158845,0.078125,0.093023255814,0.0961538461538,0.0961538461538,0.0956979626502,0.093023255814,0.1,0.0938628158845,0.111111111111
bal,2022,12,2022_12_BAL_JAX,0.102836879433,0.109375,0.0984848484848,0.0940170940171,0.0940170940171,0.0916441164962,0.0984848484848,0.121621621622,0.102836879433,
bal,2022,13,2022_13_DEN_BAL,0.0940766550523,0.078125,0.0738255033557,0.0923076923077,0.0923076923077,0.0886364513365,0.0738255033557,0.11811023622,0.0940766550523,
bal,2022,14,2022_14_BAL_PIT,0.0921501706485,0.078125,0.0844155844156,0.0933940774487,0.0933940774487,0.0917713740304,0.0844155844156,0.125,0.0921501706485,
bal,2022,15,2022_15_BAL_CLE,0.0967741935484,0.109375,0.1,0.0974025974026,0.0974025974026,0.101256528513,0.1,0.124031007752,0.0967741935484,
bal,2022,16,2022_16_ATL_BAL,0.110714285714,0.234375,0.121621621622,0.102204408818,0.102204408818,0.112276656722,0.121621621622,,0.110714285714,
bal,2022,17,2022_17_PIT_BAL,0.0942028985507,0.078125,0.11811023622,0.0986460348162,0.0986460348162,0.101637406218,0.11811023622,,0.0942028985507,
bal,2022,18,2022_18_BAL_CIN,0.100775193798,0.109375,0.125,0.0994475138122,0.0994475138122,0.10356182617,0.125,,0.100775193798,
bal,2023,1,2023_01_HOU_BAL,0.111111111111,0.171875,0.124031007752,0.102517985612,,0.113490687669,,0.127516778523,,0.107142857143
bal,2023,2,2023_02_BAL_CIN,0.127272727273,0.265625,0.133858267717,0.114901256732,,0.1296154467,,0.111801242236,,0.0838709677419
bal,2023,3,2023_03_IND_BAL,0.11743772242,0.234375,0.116883116883,0.105633802817,,0.106790330313,,0.116883116883,,0.103678929766
bal,2023,4,2023_04_BAL_CLE,0.117647058824,0.203125,0.113095238095,0.104424778761,,0.105419362763,,0.0993377483444,,0.108108108108
bal,2023,5,2023_05_BAL_PIT,0.125899280576,0.171875,0.127516778523,0.11131059246,0.127516778523,0.124261593075,0.127516778523,0.0880503144654,,0.0918032786885
bal,2023,6,2023_06_BAL_TEN,0.121527777778,0.203125,0.111801242236,0.116197183099,0.127551020408,0.12568738406,0.111801242236,0.0536912751678,,0.0868167202572
bal,2023,7,2023_07_DET_BAL,0.116883116883,0.203125,0.116883116883,0.106164383562,0.111111111111,0.108047665293,0.116883116883,0.0896551724138,,0.115131578947
bal,2023,8,2023_08_BAL_ARI,0.1065830721,0.078125,0.0993377483444,0.103986135182,0.09963099631,0.0949743802263,0.0993377483444,0.11724137931,,0.122186495177
bal,2023,9,2023_09_SEA_BAL,0.107142857143,0.109375,0.0880503144654,0.109028960818,0.107142857143,0.106378360977,0.0880503144654,0.0958904109589,0.107142857143,0.112956810631
bal,2023,10,2023_10_CLE_BAL,0.0838709677419,0.046875,0.0536912751678,0.104273504274,0.095652173913,0.0888512290098,0.0536912751678,0.117283950617,0.0838709677419,0.132450331126
bal,2023,11,2023_11_CIN_BAL,0.103678929766,0.078125,0.0896551724138,0.110344827586,0.10290237467,0.102716487397,0.0896551724138,0.138364779874,0.103678929766,
bal,2023,12,2023_12_BAL_LAC,0.108108108108,0.171875,0.11724137931,0.112676056338,0.105769230769,0.108269647958,0.11724137931,0.126506024096,0.108108108108,
bal,2023,14,2023_14_LA_BAL,0.0918032786885,0.046875,0.0958904109589,0.108061749571,0.103524229075,0.10273852414,0.0958904109589,0.129032258065,0.0918032786885,
bal,2023,15,2023_15_BAL_JAX,0.0868167202572,0.015625,0.117283950617,0.103505843072,0.102564102564,0.100253546345,0.117283950617,0.15,0.0868167202572,
bal,2023,16,2023_16_BAL_SF,0.115131578947,0.140625,0.138364779874,0.116013071895,0.113382899628,0.126706001453,0.138364779874,,0.115131578947,
bal,2023,17,2023_17_MIA_BAL,0.122186495177,0.265625,0.126506024096,0.114285714286,0.111683848797,0.120032629815,0.126506024096,,0.122186495177,
bal,2023,18,2023_18_PIT_BAL,0.112956810631,0.078125,0.129032258065,0.110016420361,0.110016420361,0.114044572458,0.129032258065,,0.112956810631,
bal,2024,1,2024_01_BAL_KC,0.132450331126,0.484375,0.15,0.107843137255,,0.120735506639,,0.0518518518519,,0.0927835051546
bal,2024,2,2024_02_LV_BAL,0.10736196319,0.078125,0.0778443113772,0.1056,,0.0969752176644,,0.104,,0.105058365759
bal,2024,3,2024_03_BAL_DAL,0.0978593272171,0.046875,0.0683229813665,0.102728731942,,0.0898673527331,,0.125,,0.100775193798
bal,2024,4,2024_04_BUF_BAL,0.0977198697068,0.046875,0.0657894736842,0.0947712418301,,0.0857449333696,,0.12213740458,,0.111510791367
bal,2024,5,2024_05_BAL_CIN,0.101818181818,0.046875,0.0518518518519,0.0938566552901,0.0518518518519,0.091124472923,0.0518518518519,0.128205128205,,0.106382978723
bal,2024,6,2024_06_WAS_BAL,0.0890410958904,0.015625,0.104,0.102348993289,0.0765027322404,0.104123684451,0.104,0.106060606061,,0.10394265233
bal,2024,7,2024_07_BAL_TB,0.0925266903915,0.015625,0.125,0.108108108108,0.0833333333333,0.107649305268,0.125,0.0797101449275,,0.105454545455
bal,2024,8,2024_08_BAL_CLE,0.0918727915194,0.046875,0.12213740458,0.102739726027,0.0816326530612,0.101523509253,0.12213740458,0.102040816327,,0.09963099631
bal,2024,9,2024_09_DEN_BAL,0.0927835051546,0.078125,0.128205128205,0.112984822934,0.0927835051546,0.113453018849,0.128205128205,0.0793650793651,0.0927835051546,0.10162601626
bal,2024,10,2024_10_CIN_BAL,0.105058365759,0.140625,0.106060606061,0.106346483705,0.0888888888889,0.104290812687,0.106060606061,0.102040816327,0.105058365759,0.111538461538
bal,2024,11,2024_11_BAL_PIT,0.100775193798,0.109375,0.0797101449275,0.0991452991453,0.0819209039548,0.0891355546006,0.0797101449275,0.131386861314,0.100775193798,
bal,2024,12,2024_12_BAL_LAC,0.111510791367,0.203125,0.102040816327,0.104273504274,0.0892857142857,0.101706355063,0.102040816327,0.0967741935484,0.111510791367,
bal,2024,13,2024_13_PHI_BAL,0.106382978723,0.203125,0.0793650793651,0.104129263914,0.0887290167866,0.0990900466762,0.0793650793651,0.125,0.106382978723,
bal,2024,15,2024_15_BAL_NYG,0.10394265233,0.171875,0.102040816327,0.0963222416813,0.0930735930736,0.104673300382,0.102040816327,0.12389380531,0.10394265233,
bal,2024,16,2024_16_PIT_BAL,0.105454545455,0.203125,0.131386861314,0.0989208633094,0.0957230142566,0.109622331032,0.131386861314,,0.105454545455,
bal,2024,17,2024_17_BAL_HOU,0.09963099631,0.203125,0.0967741935484,0.0956678700361,0.0910852713178,0.0957777692621,0.0967741935484,,0.09963099631,
bal,2024,18,2024_18_CLE_BAL,0.10162601626,0.203125,0.125,0.096834264432,0.096834264432,0.111436729841,0.125,,0.10162601626,
bal,2025,1,2025_01_BAL_BUF,0.111538461538,0.296875,0.12389380531,0.1083172147,,0.11735748917,,0.171428571429,,0.170542635659
bal,2025,2,2025_02_CLE_BAL,0.131147540984,0.484375,0.130841121495,0.115537848606,,0.12553678599,,0.157142857143,,0.162361623616
bal,2025,3,2025_03_DET_BAL,0.128099173554,0.390625,0.161016949153,0.119230769231,,0.128570280617,,0.193103448276,,0.172284644195
bal,2025,4,2025_04_BAL_KC,0.140077821012,0.546875,0.153284671533,0.122448979592,,0.138058665374,,0.181818181818,,0.15444015444
bal,2025,5,2025_05_HOU_BAL,0.150197628458,0.671875,0.171428571429,0.125939849624,0.171428571429,0.149586458572,0.171428571429,0.169491525424,,0.143410852713
bal,2025,6,2025_06_LA_BAL,0.145748987854,0.671875,0.157142857143,0.124521072797,0.159509202454,0.142309050758,0.157142857143,0.167938931298,,0.143884892086
bal,2025,8,2025_08_CHI_BAL,0.178707224335,0.828125,0.193103448276,0.138576779026,0.18137254902,0.168950603345,0.193103448276,0.147540983607,,0.1328125
bal,2025,9,2025_09_BAL_MIA,0.167286245353,0.796875,0.181818181818,0.135922330097,0.17316017316,0.161041606694,0.181818181818,0.125984251969,,0.142857142857
bal,2025,10,2025_10_BAL_MIN,0.170542635659,0.828125,0.169491525424,0.140926640927,0.170542635659,0.160134678348,0.169491525424,0.121428571429,0.170542635659,0.144578313253
bal,2025,11,2025_11_BAL_CLE,0.162361623616,0.765625,0.167938931298,0.147572815534,0.163265306122,0.152583909972,0.167938931298,0.122448979592,0.162361623616,0.15611814346
bal,2025,12,2025_12_NYJ_BAL,0.172284644195,0.796875,0.147540983607,0.151277013752,0.168711656442,0.16368116189,0.147540983607,0.119402985075,0.172284644195,
bal,2025,13,2025_13_CIN_BAL,0.15444015444,0.609375,0.125984251969,0.147286821705,0.156424581006,0.142056219261,0.125984251969,0.16,0.15444015444,
bal,2025,14,2025_14_PIT_BAL,0.143410852713,0.515625,0.121428571429,0.146771037182,0.153266331658,0.138715729059,0.121428571429,0.174311926606,0.143410852713,
bal,2025,15,2025_15_BAL_CIN,0.143884892086,0.515625,0.122448979592,0.144761904762,0.149659863946,0.134056290175,0.122448979592,0.211111111111,0.143884892086,
bal,2025,16,2025_16_NE_BAL,0.1328125,0.421875,0.119402985075,0.156069364162,0.154347826087,0.14797398618,0.119402985075,,0.1328125,
bal,2025,17,2025_17_BAL_GB,0.142857142857,0.484375,0.16,0.15547024952,0.15734989648,0.156072241151,0.16,,0.142857142857,
bal,2025,18,2025_18_BAL_PIT,0.144578313253,0.515625,0.174311926606,0.157790927022,0.157790927022,0.157856291673,0.174311926606,,0.144578313253,
buf,2022,1,2022_01_BUF_LA,,,,,,,,0.106598984772,,0.103064066852
buf,2022,2,2022_02_TEN_BUF,,,,,,,,0.100502512563,,0.104557640751
buf,2022,3,2022_03_BUF_MIA,,,,,,,,0.105527638191,,0.111111111111
buf,2022,4,2022_04_BUF_BAL,,,,,,,,0.0802469135802,,0.108187134503
buf,2022,5,2022_05_PIT_BUF,0.106598984772,0.109375,0.106598984772,,0.106598984772,0.111765328638,0.106598984772,0.0987654320988,,0.11209439528
buf,2022,6,2022_06_BUF_KC,0.0928270042194,0.109375,0.100502512563,,0.0928270042194,0.0916014467515,0.100502512563,0.109195402299,,0.127976190476
buf,2022,8,2022_08_GB_BUF,0.0921985815603,0.109375,0.105527638191,,0.0921985815603,0.0909581026674,0.105527638191,0.11801242236,,0.132743362832
buf,2022,9,2022_09_BUF_NYJ,0.0917721518987,0.109375,0.0802469135802,,0.0917721518987,0.0904797944185,0.0802469135802,0.133333333333,,0.132352941176
buf,2022,10,2022_10_MIN_BUF,0.103064066852,0.171875,0.0987654320988,0.103064066852,0.103064066852,0.110452074227,0.0987654320988,0.124293785311,0.103064066852,0.119760479042
buf,2022,11,2022_11_CLE_BUF,0.104557640751,0.203125,0.109195402299,0.0997566909976,0.0997566909976,0.102703752371,0.109195402299,0.148148148148,0.104557640751,
buf,2022,12,2022_12_BUF_DET,0.111111111111,0.234375,0.11801242236,0.10158013544,0.10158013544,0.105929010302,0.11801242236,0.14606741573,0.111111111111,
buf,2022,13,2022_13_BUF_NE,0.108187134503,0.109375,0.133333333333,0.10685483871,0.10685483871,0.115910441734,0.133333333333,0.13125,0.108187134503,
buf,2022,14,2022_14_NYJ_BUF,0.11209439528,0.234375,0.124293785311,0.110074626866,0.110074626866,0.12156866816,0.124293785311,0.114649681529,0.11209439528,
buf,2022,15,2022_15_MIA_BUF,0.127976190476,0.515625,0.148148148148,0.113438045375,0.113438045375,0.127836009035,0.148148148148,,0.127976190476,
buf,2022,16,2022_16_BUF_CHI,0.132743362832,0.453125,0.14606741573,0.114331723027,0.114331723027,0.127290446999,0.14606741573,,0.132743362832,
buf,2022,18,2022_18_NE_BUF,0.132352941176,0.359375,0.13125,0.112804878049,0.112804878049,0.121346632308,0.13125,,0.132352941176,
buf,2023,1,2023_01_BUF_NYJ,0.119760479042,0.234375,0.114649681529,0.111111111111,,0.115212341298,,0.09375,,0.0922619047619
buf,2023,2,2023_02_LV_BUF,0.135542168675,0.359375,0.123529411765,0.11914893617,,0.128664726379,,0.0764331210191,,0.0813253012048
buf,2023,3,2023_03_BUF_WAS,0.125730994152,0.328125,0.103658536585,0.118233618234,,0.115796412166,,0.0738255033557,,0.0880503144654
buf,2023,4,2023_04_MIA_BUF,0.110091743119,0.078125,0.0898203592814,0.109118086697,,0.101185229891,,0.1,,0.0971786833856
buf,2023,5,2023_05_JAX_BUF,0.104100946372,0.046875,0.09375,0.108231707317,0.09375,0.100858523608,0.09375,0.0909090909091,,0.0919540229885
buf,2023,6,2023_06_NYG_BUF,0.100917431193,0.046875,0.0764331210191,0.114630467572,0.101449275362,0.10688654686,0.0764331210191,0.0857142857143,,0.102272727273
buf,2023,7,2023_07_BUF_NE,0.0894568690096,0.015625,0.0738255033557,0.111963190184,0.0912863070539,0.0958156209352,0.0738255033557,0.100591715976,,0.115044247788
buf,2023,8,2023_08_TB_BUF,0.0948012232416,0.015625,0.1,0.113943028486,0.0965517241379,0.101250016832,0.1,0.0943396226415,,0.110759493671
buf,2023,9,2023_09_BUF_CIN,0.0922619047619,0.046875,0.0909090909091,0.105970149254,0.0922619047619,0.0936396777633,0.0909090909091,0.093023255814,0.0922619047619,0.118032786885
buf,2023,10,2023_10_DEN_BUF,0.0813253012048,0.015625,0.0857142857143,0.10843373494,0.0942408376963,0.0966145089961,0.0857142857143,0.118644067797,0.0813253012048,0.131147540984
buf,2023,11,2023_11_NYJ_BUF,0.0880503144654,0.015625,0.100591715976,0.107575757576,0.0951219512195,0.0976182844216,0.100591715976,0.129411764706,0.0880503144654,
buf,2023,12,2023_12_BUF_PHI,0.0971786833856,0.015625,0.0943396226415,0.103715170279,0.0957683741648,0.0976873969748,0.0943396226415,0.127388535032,0.0971786833856,
buf,2023,14,2023_14_BUF_KC,0.0919540229885,0.078125,0.093023255814,0.0977443609023,0.0925196850394,0.0902347712209,0.093023255814,0.15037593985,0.0919540229885,
buf,2023,15,2023_15_DAL_BUF,0.102272727273,0.078125,0.118644067797,0.101620029455,0.101967799642,0.110170361463,0.118644067797,0.1484375,0.102272727273,
buf,2023,16,2023_16_BUF_LAC,0.115044247788,0.171875,0.129411764706,0.102760736196,0.105172413793,0.117049692069,0.129411764706,,0.115044247788,
buf,2023,17,2023_17_NE_BUF,0.110759493671,0.109375,0.127388535032,0.102643856921,0.10396039604,0.112708122024,0.127388535032,,0.110759493671,
buf,2023,18,2023_18_BUF_MIA,0.118032786885,0.203125,0.15037593985,0.104524180967,0.104524180967,0.113287644675,0.15037593985,,0.118032786885,
buf,2024,1,2024_01_ARI_BUF,0.131147540984,0.484375,0.1484375,0.105180533752,,0.128914084754,,0.0923076923077,,0.0971223021583
buf,2024,2,2024_02_BUF_MIA,0.129449838188,0.328125,0.129496402878,0.108452950558,,0.124807371093,,0.135338345865,,0.0924657534247
buf,2024,3,2024_03_JAX_BUF,0.124137931034,0.234375,0.12030075188,0.110016420361,,0.113736294014,,0.133333333333,,0.101587301587
buf,2024,4,2024_04_BUF_BAL,0.122222222222,0.296875,0.0948905109489,0.105177993528,,0.0974168853183,,0.157534246575,,0.108359133127
buf,2024,5,2024_05_BUF_HOU,0.12015503876,0.265625,0.0923076923077,0.109836065574,0.0923076923077,0.116833831517,0.0923076923077,0.101351351351,,0.0921052631579
buf,2024,6,2024_06_BUF_NYJ,0.132352941176,0.390625,0.135338345865,0.122749590835,0.127272727273,0.140993928738,0.135338345865,0.0566037735849,,0.0636942675159
buf,2024,7,2024_07_TEN_BUF,0.127208480565,0.359375,0.133333333333,0.118530884808,0.113861386139,0.126040754701,0.133333333333,0.0727272727273,,0.0666666666667
buf,2024,8,2024_08_BUF_SEA,0.127208480565,0.359375,0.157534246575,0.122448979592,0.113924050633,0.12491335627,0.157534246575,0.0677966101695,,0.0603174603175
buf,2024,9,2024_09_MIA_BUF,0.0971223021583,0.140625,0.101351351351,0.114922813036,0.0971223021583,0.101262037051,0.101351351351,0.0833333333333,0.0971223021583,0.0707395498392
buf,2024,10,2024_10_BUF_IND,0.0924657534247,0.109375,0.0566037735849,0.111480865225,0.0925925925926,0.0938365977745,0.0566037735849,0.0709677419355,0.0924657534247,0.0704697986577
buf,2024,11,2024_11_KC_BUF,0.101587301587,0.140625,0.0727272727273,0.112396694215,0.0953678474114,0.097948904166,0.0727272727273,0.06,0.101587301587,
buf,2024,13,2024_13_SF_BUF,0.108359133127,0.234375,0.0677966101695,0.114671163575,0.0942028985507,0.0958650078977,0.0677966101695,0.0507246376812,0.108359133127,
buf,2024,14,2024_14_BUF_LA,0.0921052631579,0.140625,0.0833333333333,0.104982206406,0.0921658986175,0.0901264168977,0.0833333333333,0.058064516129,0.0921052631579,
buf,2024,15,2024_15_BUF_DET,0.0636942675159,0.015625,0.0709677419355,0.0955631399317,0.0855949895616,0.0759545398195,0.0709677419355,0.0699300699301,0.0636942675159,
buf,2024,16,2024_16_NE_BUF,0.0666666666667,0.046875,0.06,0.0953177257525,0.0851063829787,0.0764518927326,0.06,,0.0666666666667,
buf,2024,17,2024_17_NYJ_BUF,0.0603174603175,0.046875,0.0507246376812,0.0919732441472,0.0833333333333,0.0730415666419,0.0507246376812,,0.0603174603175,
buf,2024,18,2024_18_BUF_NE,0.0707395498392,0.015625,0.058064516129,0.0831918505942,0.0831918505942,0.0727926929267,0.058064516129,,0.0707395498392,
buf,2025,1,2025_01_BAL_BUF,0.0704697986577,0.046875,0.0699300699301,0.0813559322034,,0.0707460947064,,0.0927152317881,,0.118055555556
buf,2025,2,2025_02_BUF_NYJ,0.0614886731392,0.015625,0.062893081761,0.0817307692308,,0.0676345759926,,0.114285714286,,0.135231316726
buf,2025,3,2025_03_MIA_BUF,0.0574324324324,0.046875,0.0632911392405,0.0840064620355,,0.0667746788429,,0.13986013986,,0.131672597865
buf,2025,4,2025_04_NO_BUF,0.058064516129,0.015625,0.058064516129,0.0749185667752,,0.064067375285,,0.155555555556,,0.16095890411
buf,2025,5,2025_05_NE_BUF,0.0816326530612,0.109375,0.0927152317881,0.0723684210526,0.0927152317881,0.0859657287003,0.0927152317881,0.14598540146,,0.141379310345
buf,2025,6,2025_06_BUF_ATL,0.0869565217391,0.078125,0.114285714286,0.0765472312704,0.0979381443299,0.0921717792521,0.114285714286,0.156028368794,,0.143859649123
buf,2025,8,2025_08_BUF_CAR,0.0996677740864,0.140625,0.13986013986,0.0795454545455,0.108225108225,0.103648547831,0.13986013986,0.123188405797,,0.137323943662
buf,2025,9,2025_09_KC_BUF,0.103448275862,0.171875,0.155555555556,0.0865224625624,0.108949416342,0.106371076794,0.155555555556,0.165605095541,,0.14590747331
buf,2025,10,2025_10_BUF_MIA,0.118055555556,0.234375,0.14598540146,0.0938566552901,0.118055555556,0.120171111516,0.14598540146,0.137254901961,0.118055555556,0.139455782313
buf,2025,11,2025_11_TB_BUF,0.135231316726,0.453125,0.156028368794,0.0966101694915,0.122388059701,0.12647285337,0.156028368794,0.131944444444,0.135231316726,0.12274368231
buf,2025,12,2025_12_BUF_HOU,0.131672597865,0.453125,0.123188405797,0.0935875216638,0.113821138211,0.111540331907,0.123188405797,0.150684931507,0.131672597865,
buf,2025,13,2025_13_BUF_PIT,0.16095890411,0.734375,0.165605095541,0.107973421927,0.130434782609,0.143225083083,0.165605095541,0.120967741935,0.16095890411,
buf,2025,14,2025_14_CIN_BUF,0.141379310345,0.484375,0.137254901961,0.111301369863,0.124716553288,0.131277831785,0.137254901961,0.141843971631,0.141379310345,
buf,2025,15,2025_15_BUF_NE,0.143859649123,0.484375,0.131944444444,0.114726027397,0.125260960334,0.131913650469,0.131944444444,0.112781954887,0.143859649123,
buf,2025,16,2025_16_BUF_CLE,0.137323943662,0.484375,0.150684931507,0.117948717949,0.12427184466,0.129169709367,0.150684931507,,0.137323943662,
buf,2025,17,2025_17_PHI_BUF,0.14590747331,0.578125,0.120967741935,0.124343257443,0.128252788104,0.139867723905,0.120967741935,,0.14590747331,
buf,2025,18,2025_18_NYJ_BUF,0.139455782313,0.484375,0.141843971631,0.128865979381,0.128865979381,0.139911960729,0.141843971631,,0.139455782313,
car,2022,1,2022_01_CLE_CAR,,,,,,,,0.133802816901,,0.135231316726
car,2022,2,2022_02_CAR_NYG,,,,,,,,0.151898734177,,0.118705035971
car,2022,3,2022_03_NO_CAR,,,,,,,,0.163120567376,,0.125490196078
car,2022,4,2022_04_ARI_CAR,,,,,,,,0.147058823529,,0.122676579926
car,2022,5,2022_05_SF_CAR,0.133802816901,0.453125,0.133802816901,,0.133802816901,0.12935652884,0.133802816901,0.136690647482,,0.128
car,2022,6,2022_06_CAR_LA,0.155440414508,0.703125,0.151898734177,,0.155440414508,0.159746334208,0.151898734177,0.075,,0.11013215859
car,2022,7,2022_07_TB_CAR,0.152777777778,0.640625,0.163120567376,,0.152777777778,0.155091376874,0.163120567376,0.0789473684211,,0.119658119658
car,2022,8,2022_08_CAR_ATL,0.150627615063,0.609375,0.147058823529,,0.150627615063,0.151174520409,0.147058823529,0.0977443609023,,0.10593220339
car,2022,9,2022_09_CAR_CIN,0.135231316726,0.484375,0.136690647482,0.135231316726,0.135231316726,0.124613581833,0.136690647482,0.117117117117,0.135231316726,0.122362869198
car,2022,10,2022_10_ATL_CAR,0.118705035971,0.296875,0.075,0.124600638978,0.124600638978,0.107007780693,0.075,0.14953271028,0.118705035971,0.132743362832
car,2022,11,2022_11_CAR_BAL,0.125490196078,0.453125,0.0789473684211,0.127272727273,0.127272727273,0.11440221709,0.0789473684211,0.158333333333,0.125490196078,
car,2022,12,2022_12_DEN_CAR,0.122676579926,0.328125,0.0977443609023,0.131720430108,0.131720430108,0.126854007435,0.0977443609023,0.116504854369,0.122676579926,
car,2022,14,2022_14_CAR_SEA,0.128,0.484375,0.117117117117,0.130102040816,0.130102040816,0.12366166854,0.117117117117,0.126984126984,0.128,
car,2022,15,2022_15_PIT_CAR,0.11013215859,0.203125,0.14953271028,0.130952380952,0.130952380952,0.126833113331,0.14953271028,0.117647058824,0.11013215859,
car,2022,16,2022_16_DET_CAR,0.119658119658,0.359375,0.158333333333,0.135555555556,0.135555555556,0.139557127053,0.158333333333,,0.119658119658,
car,2022,17,2022_17_CAR_TB,0.10593220339,0.234375,0.116504854369,0.128421052632,0.128421052632,0.119041524137,0.116504854369,,0.10593220339,
car,2022,18,2022_18_CAR_NO,0.122362869198,0.234375,0.126984126984,0.129343629344,0.129343629344,0.123779117136,0.126984126984,,0.122362869198,
car,2023,1,2023_01_CAR_ATL,0.132743362832,0.390625,0.117647058824,0.125,,0.11976369696,,0.158163265306,,0.165789473684
car,2023,2,2023_02_NO_CAR,0.137254901961,0.421875,0.118518518519,0.13137254902,,0.133074422394,,0.146464646465,,0.167979002625
car,2023,3,2023_03_CAR_SEA,0.137795275591,0.421875,0.152317880795,0.130019120459,,0.140093025133,,0.154228855721,,0.180371352785
car,2023,4,2023_04_MIN_CAR,0.143333333333,0.484375,0.155172413793,0.136363636364,,0.144014311054,,0.173184357542,,0.180281690141
car,2023,5,2023_05_CAR_DET,0.142857142857,0.484375,0.158163265306,0.129151291513,0.158163265306,0.142218648951,0.158163265306,0.173913043478,,0.177650429799
car,2023,6,2023_06_CAR_MIA,0.135135135135,0.421875,0.146464646465,0.128747795414,0.151639344262,0.138897348154,0.146464646465,0.191256830601,,0.184971098266
car,2023,8,2023_08_HOU_CAR,0.153409090909,0.578125,0.154228855721,0.134353741497,0.159722222222,0.150615940639,0.154228855721,0.210227272727,,0.18018018018
car,2023,9,2023_09_IND_CAR,0.164305949008,0.671875,0.173184357542,0.147457627119,0.168674698795,0.165217004895,0.173184357542,0.1875,,0.182370820669
car,2023,10,2023_10_CAR_CHI,0.165789473684,0.671875,0.173913043478,0.153465346535,0.165789473684,0.162627372262,0.173913043478,0.181818181818,0.165789473684,0.190625
car,2023,11,2023_11_DAL_CAR,0.167979002625,0.765625,0.191256830601,0.155660377358,0.168618266979,0.167767277191,0.191256830601,0.177914110429,0.167979002625,0.188552188552
car,2023,12,2023_12_CAR_TEN,0.180371352785,0.859375,0.210227272727,0.16323296355,0.178879310345,0.186654902175,0.210227272727,0.146496815287,0.180371352785,
car,2023,13,2023_13_CAR_TB,0.180281690141,0.890625,0.1875,0.163358778626,0.175196850394,0.17844224884,0.1875,0.176470588235,0.180281690141,
car,2023,14,2023_14_CAR_NO,0.177650429799,0.890625,0.181818181818,0.161144578313,0.170642201835,0.168311480996,0.181818181818,0.2,0.177650429799,
car,2023,15,2023_15_ATL_CAR,0.184971098266,0.921875,0.177914110429,0.160530191458,0.171186440678,0.169754869288,0.177914110429,0.201492537313,0.184971098266,
car,2023,16,2023_16_GB_CAR,0.18018018018,0.828125,0.146496815287,0.166423357664,0.170692431562,0.169766561072,0.146496815287,,0.18018018018,
car,2023,17,2023_17_CAR_JAX,0.182370820669,0.859375,0.176470588235,0.173020527859,0.175491679274,0.183383972478,0.176470588235,,0.182370820669,
car,2023,18,2023_18_TB_CAR,0.190625,0.890625,0.2,0.177142857143,0.177142857143,0.187384684203,0.2,,0.190625,
car,2024,1,2024_01_CAR_NO,0.188552188552,0.921875,0.201492537313,0.176991150442,,0.18533492393,,0.0880503144654,,0.109677419355
car,2024,2,2024_02_LAC_CAR,0.165562913907,0.78125,0.186206896552,0.173784977909,,0.173263545444,,0.119496855346,,0.110367892977
car,2024,3,2024_03_CAR_LV,0.159169550173,0.703125,0.139705882353,0.170807453416,,0.15822528819,,0.116279069767,,0.117845117845
car,2024,4,2024_04_CIN_CAR,0.159863945578,0.734375,0.115107913669,0.169517884914,,0.151065433965,,0.112582781457,,0.124161073826
car,2024,5,2024_05_CAR_CHI,0.139931740614,0.453125,0.0880503144654,0.164319248826,0.0880503144654,0.131058381307,0.0880503144654,0.132450331126,,0.150326797386
car,2024,6,2024_06_ATL_CAR,0.151315789474,0.640625,0.119496855346,0.166405023548,0.119402985075,0.149622943535,0.119496855346,0.1,,0.14332247557
car,2024,7,2024_07_CAR_WAS,0.126623376623,0.296875,0.116279069767,0.155416012559,0.110204081633,0.133515457355,0.116279069767,0.12,,0.167213114754
car,2024,8,2024_08_CAR_DEN,0.113793103448,0.171875,0.112582781457,0.154098360656,0.109022556391,0.129626940286,0.112582781457,0.136054421769,,0.163009404389
car,2024,9,2024_09_NO_CAR,0.109677419355,0.171875,0.132450331126,0.148270181219,0.109677419355,0.125654851553,0.132450331126,0.167741935484,0.109677419355,0.173633440514
car,2024,10,2024_10_NYG_CAR,0.110367892977,0.203125,0.1,0.138103161398,0.111436950147,0.124302640808,0.1,0.179640718563,0.110367892977,0.155763239875
car,2024,12,2024_12_KC_CAR,0.117845117845,0.296875,0.12,0.138225255973,0.113513513514,0.126043507044,0.12,0.2,0.117845117845,
car,2024,13,2024_13_TB_CAR,0.124161073826,0.328125,0.136054421769,0.141891891892,0.118644067797,0.133565826015,0.136054421769,0.186046511628,0.124161073826,
car,2024,14,2024_14_CAR_PHI,0.150326797386,0.546875,0.167741935484,0.145242070117,0.129032258065,0.150619559821,0.167741935484,0.179487179487,0.150326797386,
car,2024,15,2024_15_DAL_CAR,0.14332247557,0.515625,0.179640718563,0.147299509002,0.133858267717,0.157017858969,0.179640718563,0.12987012987,0.14332247557,
car,2024,16,2024_16_ARI_CAR,0.167213114754,0.703125,0.2,0.146818923328,0.141818181818,0.170405727153,0.2,,0.167213114754,
car,2024,17,2024_17_CAR_TB,0.163009404389,0.640625,0.186046511628,0.139573070608,0.138461538462,0.157255505356,0.186046511628,,0.163009404389,
car,2024,18,2024_18_CAR_ATL,0.173633440514,0.828125,0.179487179487,0.141706924316,0.141706924316,0.163028581896,0.179487179487,,0.173633440514,
car,2025,1,2025_01_CAR_JAX,0.155763239875,0.671875,0.12987012987,0.133870967742,,0.134632673788,,0.123595505618,,0.161392405063
car,2025,2,2025_02_CAR_ARI,0.15223880597,0.703125,0.0967741935484,0.136075949367,,0.13185933533,,0.14450867052,,0.161073825503
car,2025,3,2025_03_ATL_CAR,0.151260504202,0.640625,0.118918918919,0.13893129771,,0.137475091856,,0.14598540146,,0.155893536122
car,2025,4,2025_04_CAR_NE,0.137724550898,0.453125,0.101123595506,0.14375,,0.134483778573,,0.165517241379,,0.168421052632
car,2025,5,2025_05_MIA_CAR,0.126506024096,0.328125,0.123595505618,0.134585289515,0.123595505618,0.127183814642,0.123595505618,0.210144927536,,0.167857142857
car,2025,6,2025_06_DAL_CAR,0.121951219512,0.359375,0.14450867052,0.143759873618,0.138888888889,0.141000431024,0.14450867052,0.184,,0.154135338346
car,2025,7,2025_07_CAR_NYJ,0.130434782609,0.359375,0.14598540146,0.146645865835,0.142857142857,0.145216688247,0.14598540146,0.166666666667,,0.144981412639
car,2025,8,2025_08_BUF_CAR,0.130030959752,0.328125,0.165517241379,0.15141955836,0.148936170213,0.152736193082,0.165517241379,0.171428571429,,0.152985074627
car,2025,9,2025_09_CAR_GB,0.161392405063,0.703125,0.210144927536,0.158555729984,0.161392405063,0.169958325527,0.210144927536,0.12676056338,0.161392405063,0.135338345865
car,2025,10,2025_10_NO_CAR,0.161073825503,0.765625,0.184,0.156398104265,0.155425219941,0.159590149656,0.184,0.127659574468,0.161073825503,0.126353790614
car,2025,11,2025_11_CAR_ATL,0.155893536122,0.734375,0.166666666667,0.153225806452,0.150943396226,0.150827813464,0.166666666667,0.125874125874,0.155893536122,
car,2025,12,2025_12_CAR_SF,0.168421052632,0.765625,0.171428571429,0.151857835218,0.156398104265,0.160414925304,0.171428571429,0.1328125,0.168421052632,
car,2025,13,2025_13_LA_CAR,0.167857142857,0.765625,0.12676056338,0.145424836601,0.150655021834,0.14739521456,0.12676056338,0.145161290323,0.167857142857,
car,2025,15,2025_15_CAR_NO,0.154135338346,0.671875,0.127659574468,0.136363636364,0.147302904564,0.13873588119,0.127659574468,0.125,0.154135338346,
car,2025,16,2025_16_TB_CAR,0.144981412639,0.578125,0.125874125874,0.137055837563,0.143968871595,0.132191233666,0.125874125874,,0.144981412639,
car,2025,17,2025_17_SEA_CAR,0.152985074627,0.609375,0.1328125,0.140439932318,0.150909090909,0.152313185773,0.1328125,,0.152985074627,
car,2025,18,2025_18_CAR_TB,0.135338345865,0.421875,0.145161290323,0.149484536082,0.149484536082,0.149904467068,0.145161290323,,0.135338345865,
chi,2022,1,2022_01_SF_CHI,,,,,,,,0.245098039216,,0.203319502075
chi,2022,2,2022_02_CHI_GB,,,,,,,,0.229357798165,,0.186770428016
chi,2022,3,2022_03_HOU_CHI,,,,,,,,0.231884057971,,0.175373134328
chi,2022,4,2022_04_CHI_NYG,,,,,,,,0.201438848921,,0.16
chi,2022,5,2022_05_CHI_MIN,0.245098039216,0.984375,0.245098039216,,0.245098039216,0.25221265742,0.245098039216,0.172661870504,,0.149812734082
chi,2022,6,2022_06_WAS_CHI,0.210526315789,0.984375,0.229357798165,,0.210526315789,0.204584320551,0.229357798165,0.155405405405,,0.150943396226
chi,2022,7,2022_07_CHI_NE,0.224719101124,0.984375,0.231884057971,,0.224719101124,0.226062123985,0.231884057971,0.115384615385,,0.133858267717
chi,2022,8,2022_08_CHI_DAL,0.214634146341,0.984375,0.201438848921,,0.214634146341,0.210636875413,0.201438848921,0.117647058824,,0.130268199234
chi,2022,9,2022_09_MIA_CHI,0.203319502075,0.953125,0.172661870504,0.203319502075,0.203319502075,0.193495121526,0.172661870504,0.125,0.203319502075,0.146718146718
chi,2022,10,2022_10_DET_CHI,0.186770428016,0.828125,0.155405405405,0.181494661922,0.181494661922,0.159064555603,0.155405405405,0.145299145299,0.186770428016,0.156626506024
chi,2022,11,2022_11_CHI_ATL,0.175373134328,0.734375,0.115384615385,0.178571428571,0.178571428571,0.157301559759,0.115384615385,0.153225806452,0.175373134328,
chi,2022,12,2022_12_CHI_NYJ,0.16,0.703125,0.117647058824,0.175953079179,0.175953079179,0.156201505071,0.117647058824,0.144,0.16,
chi,2022,13,2022_13_GB_CHI,0.149812734082,0.609375,0.125,0.176151761518,0.176151761518,0.159801969692,0.125,0.167938931298,0.149812734082,
chi,2022,15,2022_15_PHI_CHI,0.150943396226,0.609375,0.145299145299,0.170854271357,0.170854271357,0.150478661254,0.145299145299,0.166666666667,0.150943396226,
chi,2022,16,2022_16_BUF_CHI,0.133858267717,0.484375,0.153225806452,0.171296296296,0.171296296296,0.155350398869,0.153225806452,,0.133858267717,
chi,2022,17,2022_17_CHI_DET,0.130268199234,0.390625,0.144,0.167381974249,0.167381974249,0.148478241515,0.144,,0.130268199234,
chi,2022,18,2022_18_MIN_CHI,0.146718146718,0.578125,0.167938931298,0.174,0.174,0.169183314188,0.167938931298,,0.146718146718,
chi,2023,1,2023_01_GB_CHI,0.156626506024,0.609375,0.166666666667,0.171936758893,,0.158552061364,,0.194968553459,,0.178451178451
chi,2023,2,2023_02_CHI_TB,0.150735294118,0.578125,0.148648648649,0.162962962963,,0.148540894236,,0.239436619718,,0.178321678322
chi,2023,3,2023_03_CHI_KC,0.166666666667,0.765625,0.185430463576,0.16333938294,,0.168736089376,,0.231884057971,,0.15625
chi,2023,4,2023_04_DEN_CHI,0.166064981949,0.765625,0.164383561644,0.158088235294,,0.168361726969,,0.211267605634,,0.150684931507
chi,2023,5,2023_05_CHI_WAS,0.182130584192,0.796875,0.194968553459,0.16726618705,0.194968553459,0.182023923564,0.194968553459,0.159420289855,,0.139931740614
chi,2023,6,2023_06_MIN_CHI,0.193103448276,0.828125,0.239436619718,0.165441176471,0.208333333333,0.195230011846,0.239436619718,0.118055555556,,0.131578947368
chi,2023,7,2023_07_LV_CHI,0.207612456747,0.921875,0.231884057971,0.170909090909,0.213333333333,0.203147241488,0.231884057971,0.0866666666667,,0.123028391167
chi,2023,8,2023_08_CHI_LAC,0.1875,0.765625,0.211267605634,0.168190127971,0.197674418605,0.185751177329,0.211267605634,0.0933333333333,,0.115625
chi,2023,9,2023_09_CHI_NO,0.178451178451,0.765625,0.159420289855,0.168498168498,0.178451178451,0.162231972627,0.159420289855,0.122580645161,0.178451178451,0.127725856698
chi,2023,10,2023_10_CAR_CHI,0.178321678322,0.765625,0.118055555556,0.164874551971,0.169642857143,0.15140223069,0.118055555556,0.14375,0.178321678322,0.137254901961
chi,2023,11,2023_11_CHI_DET,0.15625,0.671875,0.0866666666667,0.16134751773,0.162666666667,0.142574173767,0.0866666666667,0.155688622754,0.15625,
chi,2023,12,2023_12_CHI_MIN,0.150684931507,0.578125,0.0933333333333,0.158172231986,0.15931372549,0.138963702342,0.0933333333333,0.135294117647,0.150684931507,
chi,2023,14,2023_14_DET_CHI,0.139931740614,0.484375,0.122580645161,0.16095890411,0.159292035398,0.143261325613,0.122580645161,0.132530120482,0.139931740614,
chi,2023,15,2023_15_CHI_CLE,0.131578947368,0.390625,0.14375,0.161616161616,0.161290322581,0.150400400402,0.14375,0.130136986301,0.131578947368,
chi,2023,16,2023_16_ARI_CHI,0.123028391167,0.265625,0.155688622754,0.163366336634,0.160516605166,0.151042663836,0.155688622754,,0.123028391167,
chi,2023,17,2023_17_ATL_CHI,0.115625,0.140625,0.135294117647,0.149671052632,0.152249134948,0.130858045822,0.135294117647,,0.115625,
chi,2023,18,2023_18_CHI_GB,0.127725856698,0.421875,0.132530120482,0.152103559871,0.152103559871,0.134391685891,0.132530120482,,0.127725856698,
chi,2024,1,2024_01_TEN_CHI,0.137254901961,0.546875,0.130136986301,0.157094594595,,0.14278257167,,0.135593220339,,0.149122807018
chi,2024,2,2024_02_CHI_HOU,0.139534883721,0.484375,0.119402985075,0.147707979626,,0.13741236304,,0.121546961326,,0.171428571429
chi,2024,3,2024_03_CHI_IND,0.153125,0.609375,0.173333333333,0.151960784314,,0.153883281245,,0.0952380952381,,0.162241887906
chi,2024,4,2024_04_LA_CHI,0.14328358209,0.484375,0.153846153846,0.141719745223,,0.140713798551,,0.125874125874,,0.157738095238
chi,2024,5,2024_05_CAR_CHI,0.133126934985,0.421875,0.135593220339,0.132376395534,0.135593220339,0.133318869771,0.135593220339,0.163636363636,,0.167597765363
chi,2024,6,2024_06_JAX_CHI,0.120634920635,0.296875,0.121546961326,0.121835443038,0.120930232558,0.119478361463,0.121546961326,0.224852071006,,0.184135977337
chi,2024,8,2024_08_CHI_WAS,0.132075471698,0.390625,0.0952380952381,0.123824451411,0.122047244094,0.121163783284,0.0952380952381,0.228070175439,,0.178977272727
chi,2024,9,2024_09_CHI_ARI,0.141025641026,0.453125,0.125874125874,0.134281200632,0.135416666667,0.138717306691,0.125874125874,0.181347150259,,0.16393442623
chi,2024,10,2024_10_NE_CHI,0.149122807018,0.515625,0.163636363636,0.143518518519,0.149122807018,0.157435298325,0.163636363636,0.170984455959,0.149122807018,0.164305949008
chi,2024,11,2024_11_GB_CHI,0.171428571429,0.765625,0.224852071006,0.15668202765,0.166666666667,0.183934777203,0.224852071006,0.146739130435,0.171428571429,0.135838150289
chi,2024,12,2024_12_MIN_CHI,0.162241887906,0.765625,0.228070175439,0.157814871017,0.164705882353,0.17819230754,0.228070175439,0.132596685083,0.162241887906,
chi,2024,13,2024_13_CHI_DET,0.157738095238,0.640625,0.181347150259,0.150521609538,0.153846153846,0.155399942801,0.181347150259,0.14450867052,0.157738095238,
chi,2024,14,2024_14_CHI_SF,0.167597765363,0.828125,0.170984455959,0.151248164464,0.157009345794,0.1610902056,0.170984455959,0.15625,0.167597765363,
chi,2024,15,2024_15_CHI_MIN,0.184135977337,0.828125,0.146739130435,0.154191616766,0.160211267606,0.167740610696,0.146739130435,0.123456790123,0.184135977337,
chi,2024,16,2024_16_DET_CHI,0.178977272727,0.828125,0.132596685083,0.15671641791,0.155115511551,0.155597161101,0.132596685083,,0.178977272727,
chi,2024,17,2024_17_SEA_CHI,0.16393442623,0.671875,0.14450867052,0.153392330383,0.151376146789,0.14605860676,0.14450867052,,0.16393442623,
chi,2024,18,2024_18_CHI_GB,0.164305949008,0.703125,0.15625,0.156834532374,0.156834532374,0.161370118858,0.15625,,0.164305949008,
chi,2025,1,2025_01_MIN_CHI,0.135838150289,0.515625,0.123456790123,0.153735632184,,0.147038661305,,0.0609756097561,,0.0977917981073
chi,2025,2,2025_02_CHI_DET,0.125356125356,0.359375,0.117647058824,0.14347826087,,0.131229890668,,0.0774193548387,,0.0981012658228
chi,2025,3,2025_03_DAL_CHI,0.129793510324,0.484375,0.114457831325,0.143703703704,,0.124613133296,,0.0935251798561,,0.10355987055
chi,2025,4,2025_04_CHI_LV,0.110759493671,0.265625,0.0641025641026,0.140949554896,,0.112971399851,,0.106666666667,,0.100628930818
chi,2025,6,2025_06_CHI_WAS,0.0920245398773,0.140625,0.0609756097561,0.139911634757,0.0609756097561,0.101799155399,0.0609756097561,0.137254901961,,0.11356466877
chi,2025,7,2025_07_NO_CHI,0.0984615384615,0.140625,0.0774193548387,0.140324963072,0.0746268656716,0.106693293469,0.0774193548387,0.11801242236,,0.115625
chi,2025,8,2025_08_CHI_BAL,0.104918032787,0.171875,0.0935251798561,0.137108792846,0.0873362445415,0.114364222345,0.0935251798561,0.111764705882,,0.12
chi,2025,9,2025_09_CHI_CIN,0.0849673202614,0.078125,0.106666666667,0.12746585736,0.0885608856089,0.109273218559,0.106666666667,0.0952380952381,,0.12037037037
chi,2025,10,2025_10_NYG_CHI,0.0977917981073,0.109375,0.137254901961,0.117647058824,0.0977917981073,0.115403064102,0.137254901961,0.0914634146341,0.0977917981073,0.108024691358
chi,2025,11,2025_11_CHI_MIN,0.0981012658228,0.109375,0.11801242236,0.112443778111,0.0939226519337,0.105975672762,0.11801242236,0.11320754717,0.0981012658228,0.114285714286
chi,2025,12,2025_12_PIT_CHI,0.10355987055,0.171875,0.111764705882,0.117283950617,0.0977443609023,0.11105547674,0.111764705882,0.129032258065,0.10355987055,
chi,2025,13,2025_13_CHI_PHI,0.100628930818,0.171875,0.0952380952381,0.105678233438,0.0911161731207,0.0953590696695,0.0952380952381,0.147435897436,0.100628930818,
chi,2025,14,2025_14_CHI_GB,0.11356466877,0.265625,0.0914634146341,0.102643856921,0.0956340956341,0.10273700307,0.0914634146341,0.125,0.11356466877,
chi,2025,15,2025_15_CLE_CHI,0.115625,0.265625,0.11320754717,0.106976744186,0.0998080614203,0.11093334796,0.11320754717,0.115384615385,0.115625,
chi,2025,16,2025_16_GB_CHI,0.12,0.296875,0.129032258065,0.112698412698,0.106498194946,0.125555587282,0.129032258065,,0.12,
chi,2025,17,2025_17_CHI_SF,0.12037037037,0.296875,0.147435897436,0.103174603175,0.105882352941,0.119291256981,0.147435897436,,0.12037037037,
chi,2025,18,2025_18_DET_CHI,0.108024691358,0.140625,0.125,0.102964118565,0.102964118565,0.109435827037,0.125,,0.108024691358,
cin,2022,1,2022_01_PIT_CIN,,,,,,,,0.166666666667,,0.152173913043
cin,2022,2,2022_02_CIN_DAL,,,,,,,,0.158536585366,,0.144144144144
cin,2022,3,2022_03_CIN_NYJ,,,,,,,,0.141104294479,,0.139393939394
cin,2022,4,2022_04_MIA_CIN,,,,,,,,0.118343195266,,0.122754491018
cin,2022,5,2022_05_CIN_BAL,0.166666666667,0.703125,0.166666666667,,0.166666666667,0.163096598398,0.166666666667,0.136363636364,,0.114705882353
cin,2022,6,2022_06_CIN_NO,0.15811965812,0.671875,0.158536585366,,0.15811965812,0.151748003435,0.158536585366,0.130177514793,,0.111436950147
cin,2022,7,2022_07_ATL_CIN,0.154676258993,0.703125,0.141104294479,,0.154676258993,0.148009884141,0.141104294479,0.137724550898,,0.115044247788
cin,2022,8,2022_08_CIN_CLE,0.150769230769,0.578125,0.118343195266,,0.150769230769,0.14321010365,0.118343195266,0.127272727273,,0.1
cin,2022,9,2022_09_CAR_CIN,0.152173913043,0.609375,0.136363636364,0.152173913043,0.152173913043,0.147208656188,0.136363636364,0.0914634146341,0.152173913043,0.0963172804533
cin,2022,11,2022_11_CIN_PIT,0.144144144144,0.578125,0.130177514793,0.146401985112,0.146401985112,0.137059420662,0.130177514793,0.093023255814,0.144144144144,
cin,2022,12,2022_12_CIN_TEN,0.139393939394,0.546875,0.137724550898,0.148314606742,0.148314606742,0.142703371827,0.137724550898,0.093023255814,0.139393939394,
cin,2022,13,2022_13_KC_CIN,0.122754491018,0.359375,0.127272727273,0.142857142857,0.142857142857,0.132186825143,0.127272727273,0.0756756756757,0.122754491018,
cin,2022,14,2022_14_CLE_CIN,0.114705882353,0.265625,0.0914634146341,0.133458646617,0.133458646617,0.112869359544,0.0914634146341,0.100529100529,0.114705882353,
cin,2022,15,2022_15_CIN_TB,0.111436950147,0.265625,0.093023255814,0.130434782609,0.130434782609,0.109330461652,0.093023255814,,0.111436950147,
cin,2022,16,2022_16_CIN_NE,0.115044247788,0.265625,0.093023255814,0.132901134522,0.132901134522,0.119168489583,0.093023255814,,0.115044247788,
cin,2022,18,2022_18_BAL_CIN,0.1,0.078125,0.0756756756757,0.124444444444,0.124444444444,0.100551436902,0.0756756756757,,0.1,
cin,2023,1,2023_01_CIN_CLE,0.0963172804533,0.046875,0.100529100529,0.124826629681,,0.105683438787,,0.182352941176,,0.156695156695
cin,2023,2,2023_02_BAL_CIN,0.11581920904,0.171875,0.137362637363,0.129548762737,,0.128926366743,,0.133689839572,,0.147540983607
cin,2023,3,2023_03_LA_CIN,0.109243697479,0.140625,0.124324324324,0.123726346434,,0.125047023318,,0.137362637363,,0.153846153846
cin,2023,4,2023_04_CIN_TEN,0.112328767123,0.140625,0.15,0.117310443491,,0.121796854402,,0.160714285714,,0.15988372093
cin,2023,5,2023_05_CIN_ARI,0.139275766017,0.453125,0.182352941176,0.127324749642,0.182352941176,0.143835077411,0.182352941176,0.132596685083,,0.145299145299
cin,2023,6,2023_06_SEA_CIN,0.135501355014,0.453125,0.133689839572,0.123943661972,0.156950672646,0.130555098429,0.133689839572,0.162011173184,,0.15243902439
cin,2023,8,2023_08_CIN_SF,0.130790190736,0.359375,0.137362637363,0.123229461756,0.152091254753,0.12964795253,0.137362637363,0.17032967033,,0.154761904762
cin,2023,9,2023_09_BUF_CIN,0.155172413793,0.640625,0.160714285714,0.127507163324,0.158940397351,0.141131778038,0.160714285714,0.159090909091,,0.151162790698
cin,2023,10,2023_10_HOU_CIN,0.156695156695,0.671875,0.132596685083,0.126420454545,0.156695156695,0.141232179194,0.132596685083,0.158823529412,0.156695156695,0.172514619883
cin,2023,11,2023_11_CIN_BAL,0.147540983607,0.609375,0.162011173184,0.131944444444,0.1592039801,0.148354639141,0.162011173184,0.140939597315,0.147540983607,0.168711656442
cin,2023,12,2023_12_PIT_CIN,0.153846153846,0.640625,0.17032967033,0.131761442441,0.159550561798,0.150500393622,0.17032967033,0.136363636364,0.153846153846,
cin,2023,13,2023_13_CIN_JAX,0.15988372093,0.703125,0.159090909091,0.135401974612,0.1589958159,0.15131248078,0.159090909091,0.142857142857,0.15988372093,
cin,2023,14,2023_14_IND_CIN,0.145299145299,0.578125,0.158823529412,0.142253521127,0.157389635317,0.150637607856,0.158823529412,0.186046511628,0.145299145299,
cin,2023,15,2023_15_MIN_CIN,0.15243902439,0.703125,0.140939597315,0.143472022956,0.154264972777,0.144983775154,0.140939597315,0.19209039548,0.15243902439,
cin,2023,16,2023_16_CIN_PIT,0.154761904762,0.765625,0.136363636364,0.142247510669,0.153589315526,0.144918774385,0.136363636364,,0.154761904762,
cin,2023,17,2023_17_CIN_KC,0.151162790698,0.703125,0.142857142857,0.153179190751,0.15479876161,0.151220965965,0.142857142857,,0.151162790698,
cin,2023,18,2023_18_CLE_CIN,0.172514619883,0.828125,0.186046511628,0.164502164502,0.164502164502,0.178361317234,0.186046511628,,0.172514619883,
cin,2024,1,2024_01_NE_CIN,0.168711656442,0.734375,0.19209039548,0.157514450867,,0.172452429113,,0.10625,,0.14332247557
cin,2024,2,2024_02_CIN_KC,0.16199376947,0.765625,0.185628742515,0.157664233577,,0.162690064173,,0.132530120482,,0.150641025641
cin,2024,3,2024_03_WAS_CIN,0.159638554217,0.703125,0.176829268293,0.159763313609,,0.158643467031,,0.147435897436,,0.162162162162
cin,2024,4,2024_04_CIN_CAR,0.157099697885,0.703125,0.125786163522,0.151026392962,,0.150806314811,,0.174825174825,,0.18
cin,2024,5,2024_05_BAL_CIN,0.151335311573,0.640625,0.10625,0.151879699248,0.10625,0.137552110968,0.10625,0.183673469388,,0.198347107438
cin,2024,6,2024_06_CIN_NYG,0.159159159159,0.765625,0.132530120482,0.156950672646,0.127450980392,0.149800729866,0.132530120482,0.171232876712,,0.191374663073
cin,2024,7,2024_07_CIN_CLE,0.1625,0.796875,0.147435897436,0.156626506024,0.138655462185,0.15730617576,0.147435897436,0.175141242938,,0.185185185185
cin,2024,8,2024_08_PHI_CIN,0.149006622517,0.578125,0.174825174825,0.16149068323,0.149812734082,0.168365500451,0.174825174825,0.183574879227,,0.184415584416
cin,2024,9,2024_09_LV_CIN,0.14332247557,0.484375,0.183673469388,0.156398104265,0.14332247557,0.156127256717,0.183673469388,0.208333333333,0.14332247557,0.200488997555
cin,2024,10,2024_10_CIN_BAL,0.150641025641,0.546875,0.171232876712,0.156398104265,0.145714285714,0.157295246432,0.171232876712,0.204444444444,0.150641025641,0.191387559809
cin,2024,11,2024_11_CIN_LAC,0.162162162162,0.734375,0.175141242938,0.160902255639,0.15421686747,0.168170758702,0.175141242938,0.194029850746,0.162162162162,
cin,2024,13,2024_13_PIT_CIN,0.18,0.859375,0.183574879227,0.168869309838,0.164556962025,0.183453918693,0.183574879227,0.185393258427,0.18,
cin,2024,14,2024_14_CIN_DAL,0.198347107438,0.921875,0.208333333333,0.175714285714,0.17017208413,0.191313867161,0.208333333333,0.19170984456,0.198347107438,
cin,2024,15,2024_15_CIN_TEN,0.191374663073,0.921875,0.204444444444,0.176136363636,0.168695652174,0.184862717574,0.204444444444,0.176165803109,0.191374663073,
cin,2024,16,2024_16_CLE_CIN,0.185185185185,0.859375,0.194029850746,0.174785100287,0.167207792208,0.179260512078,0.194029850746,,0.185185185185,
cin,2024,17,2024_17_DEN_CIN,0.184415584416,0.890625,0.185393258427,0.16885007278,0.170245398773,0.183804857545,0.185393258427,,0.184415584416,
cin,2024,18,2024_18_CIN_PIT,0.200488997555,0.984375,0.19170984456,0.175977653631,0.175977653631,0.1955357527,0.19170984456,,0.200488997555,
cin,2025,1,2025_01_CIN_CLE,0.191387559809,0.953125,0.176165803109,0.17397260274,,0.178338888234,,0.210884353741,,0.160120845921
cin,2025,2,2025_02_JAX_CIN,0.193717277487,0.953125,0.193370165746,0.179020979021,,0.185578566059,,0.197604790419,,0.14406779661
cin,2025,3,2025_03_CIN_MIN,0.18449197861,0.890625,0.183673469388,0.182320441989,,0.184521160481,,0.179012345679,,0.130434782609
cin,2025,4,2025_04_CIN_DEN,0.186629526462,0.953125,0.180722891566,0.192520775623,,0.196022830701,,0.144444444444,,0.12
cin,2025,5,2025_05_DET_CIN,0.191176470588,0.984375,0.210884353741,0.191279887482,0.210884353741,0.194060233338,0.210884353741,0.119565217391,,0.117486338798
cin,2025,6,2025_06_CIN_GB,0.195402298851,0.953125,0.197604790419,0.190082644628,0.204081632653,0.191988249695,0.197604790419,0.096256684492,,0.109243697479
cin,2025,7,2025_07_PIT_CIN,0.18156424581,0.953125,0.179012345679,0.183041722746,0.185950413223,0.176961680501,0.179012345679,0.0874316939891,,0.122562674095
cin,2025,8,2025_08_NYJ_CIN,0.161849710983,0.765625,0.144444444444,0.182781456954,0.173469387755,0.165770260835,0.144444444444,0.0941176470588,,0.125364431487
cin,2025,9,2025_09_CHI_CIN,0.160120845921,0.671875,0.119565217391,0.177570093458,0.160120845921,0.149930207832,0.119565217391,0.115384615385,0.160120845921,0.131805157593
cin,2025,11,2025_11_CIN_PIT,0.14406779661,0.578125,0.096256684492,0.169836956522,0.151436031332,0.138692820442,0.096256684492,0.123529411765,0.14406779661,0.135693215339
cin,2025,12,2025_12_NE_CIN,0.130434782609,0.359375,0.0874316939891,0.158553546592,0.143529411765,0.126558764479,0.0874316939891,0.159090909091,0.130434782609,
cin,2025,13,2025_13_CIN_BAL,0.12,0.328125,0.0941176470588,0.153737658674,0.144396551724,0.129533669249,0.0941176470588,0.156069364162,0.12,
cin,2025,14,2025_14_CIN_BUF,0.117486338798,0.328125,0.115384615385,0.152974504249,0.144249512671,0.131725651585,0.115384615385,0.149700598802,0.117486338798,
cin,2025,15,2025_15_BAL_CIN,0.109243697479,0.171875,0.123529411765,0.151773049645,0.142857142857,0.130535783852,0.123529411765,0.147928994083,0.109243697479,
cin,2025,16,2025_16_CIN_MIA,0.122562674095,0.359375,0.159090909091,0.152022315202,0.148086522463,0.143983774915,0.159090909091,,0.122562674095,
cin,2025,17,2025_17_ARI_CIN,0.125364431487,0.359375,0.156069364162,0.143686502177,0.147566718995,0.141826318497,0.156069364162,,0.125364431487,
cin,2025,18,2025_18_CLE_CIN,0.131805157593,0.359375,0.149700598802,0.145588235294,0.145588235294,0.138058536953,0.149700598802,,0.131805157593,
cle,2022,1,2022_01_CLE_CAR,,,,,,,,0.141891891892,,0.15
cle,2022,2,2022_02_NYJ_CLE,,,,,,,,0.131034482759,,0.177049180328
cle,2022,3,2022_03_PIT_CLE,,,,,,,,0.141104294479,,0.167182662539
cle,2022,4,2022_04_CLE_ATL,,,,,,,,0.14371257485,,0.182089552239
cle,2022,5,2022_05_LAC_CLE,0.141891891892,0.546875,0.141891891892,,0.141891891892,0.145069593028,0.141891891892,0.157894736842,,0.175548589342
cle,2022,6,2022_06_NE_CLE,0.129032258065,0.390625,0.131034482759,,0.129032258065,0.126566974824,0.131034482759,0.21875,,0.187878787879
cle,2022,7,2022_07_CLE_BAL,0.139240506329,0.484375,0.141104294479,,0.139240506329,0.141973685169,0.141104294479,0.19375,,0.185897435897
cle,2022,8,2022_08_CIN_CLE,0.138181818182,0.515625,0.14371257485,,0.138181818182,0.139740916247,0.14371257485,0.220238095238,,0.183870967742
cle,2022,10,2022_10_CLE_MIA,0.15,0.671875,0.157894736842,0.15,0.15,0.159920532523,0.157894736842,0.191616766467,0.15,0.176282051282
cle,2022,11,2022_11_CLE_BUF,0.177049180328,0.796875,0.21875,0.170520231214,0.170520231214,0.194501840639,0.21875,0.158823529412,0.177049180328,0.163461538462
cle,2022,12,2022_12_TB_CLE,0.167182662539,0.734375,0.19375,0.16120906801,0.16120906801,0.171356306333,0.19375,0.177631578947,0.167182662539,
cle,2022,13,2022_13_CLE_HOU,0.182089552239,0.765625,0.220238095238,0.169300225734,0.169300225734,0.185228817562,0.220238095238,0.140845070423,0.182089552239,
cle,2022,14,2022_14_CLE_CIN,0.175548589342,0.796875,0.191616766467,0.164882226981,0.164882226981,0.173746401958,0.191616766467,0.158620689655,0.175548589342,
cle,2022,15,2022_15_BAL_CLE,0.187878787879,0.859375,0.158823529412,0.166666666667,0.166666666667,0.175878993104,0.158823529412,0.169014084507,0.187878787879,
cle,2022,16,2022_16_NO_CLE,0.185897435897,0.828125,0.177631578947,0.165755919854,0.165755919854,0.172302474049,0.177631578947,,0.185897435897,
cle,2022,17,2022_17_CLE_WAS,0.183870967742,0.765625,0.140845070423,0.162393162393,0.162393162393,0.162513368184,0.140845070423,,0.183870967742,
cle,2022,18,2022_18_CLE_PIT,0.176282051282,0.703125,0.158620689655,0.16339869281,0.16339869281,0.1653443188,0.158620689655,,0.176282051282,
cle,2023,1,2023_01_CIN_CLE,0.163461538462,0.703125,0.169014084507,0.17017828201,,0.176466120878,,0.166666666667,,0.184290030211
cle,2023,2,2023_02_CLE_PIT,0.172297297297,0.828125,0.166666666667,0.169628432956,,0.171407471484,,0.183333333333,,0.186046511628
cle,2023,3,2023_03_TEN_CLE,0.168874172185,0.8125,0.19375,0.175824175824,,0.180700154471,,0.177514792899,,0.169139465875
cle,2023,4,2023_04_BAL_CLE,0.169278996865,0.796875,0.17816091954,0.172413793103,,0.170625598275,,0.208333333333,,0.171014492754
cle,2023,6,2023_06_SF_CLE,0.167721518987,0.765625,0.166666666667,0.178018575851,0.166666666667,0.172140927707,0.166666666667,0.203821656051,,0.161383285303
cle,2023,7,2023_07_CLE_IND,0.175925925926,0.765625,0.183333333333,0.180817610063,0.176744186047,0.180091304198,0.183333333333,0.189024390244,,0.14164305949
cle,2023,8,2023_08_CLE_SEA,0.185410334347,0.765625,0.177514792899,0.184663536776,0.1796875,0.183106564072,0.177514792899,0.160714285714,,0.137741046832
cle,2023,9,2023_09_ARI_CLE,0.19298245614,0.828125,0.208333333333,0.18501529052,0.189189189189,0.193519183356,0.208333333333,0.135593220339,,0.129380053908
cle,2023,10,2023_10_CLE_BAL,0.184290030211,0.796875,0.203821656051,0.174183514774,0.184290030211,0.184655019802,0.203821656051,0.126315789474,0.184290030211,0.119565217391
cle,2023,11,2023_11_PIT_CLE,0.186046511628,0.859375,0.189024390244,0.1796875,0.182058047493,0.182240421893,0.189024390244,0.100529100529,0.186046511628,0.127840909091
cle,2023,12,2023_12_CLE_DEN,0.169139465875,0.796875,0.160714285714,0.169014084507,0.172169811321,0.164547509867,0.160714285714,0.117948717949,0.169139465875,
cle,2023,13,2023_13_CLE_LA,0.171014492754,0.859375,0.135593220339,0.170180722892,0.169133192389,0.160856232327,0.135593220339,0.123711340206,0.171014492754,
cle,2023,14,2023_14_JAX_CLE,0.161383285303,0.734375,0.126315789474,0.164404223228,0.163147792706,0.150092925945,0.126315789474,0.112359550562,0.161383285303,
cle,2023,15,2023_15_CHI_CLE,0.14164305949,0.546875,0.100529100529,0.158050221566,0.154929577465,0.13466510355,0.100529100529,0.159509202454,0.14164305949,
cle,2023,16,2023_16_CLE_HOU,0.137741046832,0.515625,0.117948717949,0.160404624277,0.155088852989,0.139055999141,0.117948717949,,0.137741046832,
cle,2023,17,2023_17_NYJ_CLE,0.129380053908,0.328125,0.123711340206,0.159887798036,0.155922038981,0.143621045445,0.123711340206,,0.129380053908,
cle,2023,18,2023_18_CLE_CIN,0.119565217391,0.203125,0.112359550562,0.150214592275,0.150214592275,0.128913537772,0.112359550562,,0.119565217391,
cle,2024,1,2024_01_DAL_CLE,0.127840909091,0.359375,0.159509202454,0.156609195402,,0.148483843415,,0.270408163265,,0.248663101604
cle,2024,2,2024_02_CLE_JAX,0.158038147139,0.703125,0.203488372093,0.163352272727,,0.178253920724,,0.265536723164,,0.227882037534
cle,2024,3,2024_03_NYG_CLE,0.163888888889,0.828125,0.210843373494,0.167375886525,,0.180762072247,,0.291666666667,,0.214659685864
cle,2024,4,2024_04_CLE_LV,0.196132596685,0.890625,0.277173913043,0.179125528914,,0.210588719522,,0.241573033708,,0.195592286501
cle,2024,5,2024_05_CLE_WAS,0.220055710306,0.921875,0.270408163265,0.181179775281,0.270408163265,0.217010791564,0.270408163265,0.224719101124,,0.183246073298
cle,2024,6,2024_06_CLE_PHI,0.234957020057,0.921875,0.265536723164,0.185393258427,0.270042194093,0.225234106001,0.265536723164,0.19387755102,,0.167525773196
cle,2024,7,2024_07_CIN_CLE,0.251497005988,0.984375,0.291666666667,0.187234042553,0.274074074074,0.235206157987,0.291666666667,0.154205607477,,0.165829145729
cle,2024,8,2024_08_BAL_CLE,0.259668508287,0.984375,0.241573033708,0.18904109589,0.257575757576,0.224390116831,0.241573033708,0.151351351351,,0.169712793734
cle,2024,9,2024_09_LAC_CLE,0.248663101604,0.984375,0.224719101124,0.190082644628,0.248663101604,0.218029444256,0.224719101124,0.147058823529,0.248663101604,0.161538461538
cle,2024,11,2024_11_CLE_NO,0.227882037534,0.984375,0.19387755102,0.193243243243,0.235565819861,0.205568982537,0.19387755102,0.140625,0.227882037534,0.153225806452
cle,2024,12,2024_12_PIT_CLE,0.214659685864,0.984375,0.154205607477,0.190026954178,0.221074380165,0.186946544239,0.154205607477,0.179347826087,0.214659685864,
cle,2024,13,2024_13_CLE_DEN,0.195592286501,0.890625,0.151351351351,0.195862068966,0.219417475728,0.188643424087,0.151351351351,0.186868686869,0.195592286501,
cle,2024,14,2024_14_CLE_PIT,0.183246073298,0.859375,0.147058823529,0.201079622132,0.212802768166,0.18330899689,0.147058823529,0.177419354839,0.183246073298,
cle,2024,15,2024_15_KC_CLE,0.167525773196,0.765625,0.140625,0.199457259159,0.2064,0.174367489898,0.140625,0.166666666667,0.167525773196,
cle,2024,16,2024_16_CLE_CIN,0.165829145729,0.671875,0.179347826087,0.204918032787,0.209580838323,0.187046285758,0.179347826087,,0.165829145729,
cle,2024,17,2024_17_MIA_CLE,0.169712793734,0.765625,0.186868686869,0.213422818792,0.210378681627,0.193890398234,0.186868686869,,0.169712793734,
cle,2024,18,2024_18_CLE_BAL,0.161538461538,0.671875,0.177419354839,0.204188481675,0.204188481675,0.17947024467,0.177419354839,,0.161538461538,
cle,2025,1,2025_01_CIN_CLE,0.153225806452,0.640625,0.166666666667,0.190604026846,,0.162154460659,,0.173684210526,,0.16338028169
cle,2025,2,2025_02_CLE_BAL,0.152406417112,0.671875,0.126315789474,0.183862433862,,0.14909631139,,0.18023255814,,0.172413793103
cle,2025,3,2025_03_GB_CLE,0.151898734177,0.671875,0.116751269036,0.172823218997,,0.151377560165,,0.210810810811,,0.185410334347
cle,2025,4,2025_04_CLE_DET,0.159151193634,0.734375,0.141361256545,0.171277997365,,0.161720742035,,0.192771084337,,0.181818181818
cle,2025,5,2025_05_MIN_CLE,0.17027027027,0.828125,0.173684210526,0.168865435356,0.173684210526,0.169944741155,0.173684210526,0.151515151515,,0.176666666667
cle,2025,6,2025_06_CLE_PIT,0.151933701657,0.734375,0.18023255814,0.159210526316,0.16,0.157729954898,0.18023255814,0.164772727273,,0.200636942675
cle,2025,7,2025_07_MIA_CLE,0.162303664921,0.796875,0.210810810811,0.166013071895,0.18275862069,0.181225433513,0.210810810811,0.152777777778,,0.209621993127
cle,2025,8,2025_08_CLE_NE,0.165266106443,0.796875,0.192771084337,0.163319946452,0.177215189873,0.174668038479,0.192771084337,0.169014084507,,0.226973684211
cle,2025,10,2025_10_CLE_NYJ,0.16338028169,0.796875,0.151515151515,0.15818431912,0.16338028169,0.156120422678,0.151515151515,0.207407407407,0.16338028169,0.241496598639
cle,2025,11,2025_11_BAL_CLE,0.172413793103,0.859375,0.164772727273,0.162049861496,0.162094763092,0.156134393552,0.164772727273,0.246376811594,0.172413793103,0.262589928058
cle,2025,12,2025_12_CLE_LV,0.185410334347,0.859375,0.152777777778,0.167127071823,0.172811059908,0.175434880892,0.152777777778,0.265306122449,0.185410334347,
cle,2025,13,2025_13_SF_CLE,0.181818181818,0.796875,0.169014084507,0.169343065693,0.174672489083,0.179184616316,0.169014084507,0.277777777778,0.181818181818,
cle,2025,14,2025_14_TEN_CLE,0.176666666667,0.796875,0.207407407407,0.173134328358,0.175510204082,0.181074576386,0.207407407407,0.270440251572,0.176666666667,
cle,2025,15,2025_15_CLE_CHI,0.200636942675,0.859375,0.246376811594,0.174556213018,0.183673469388,0.197995686715,0.246376811594,0.278571428571,0.200636942675,
cle,2025,16,2025_16_BUF_CLE,0.209621993127,0.890625,0.265306122449,0.182763744428,0.196213425129,0.22623142585,0.265306122449,,0.209621993127,
cle,2025,17,2025_17_PIT_CLE,0.226973684211,0.953125,0.277777777778,0.193645990923,0.201612903226,0.237067252648,0.277777777778,,0.226973684211,
cle,2025,18,2025_18_CLE_CIN,0.241496598639,0.953125,0.270440251572,0.198767334361,0.198767334361,0.226020667289,0.270440251572,,0.241496598639,
dal,2022,1,2022_01_TB_DAL,,,,,,,,0.128378378378,,0.138576779026
dal,2022,2,2022_02_CIN_DAL,,,,,,,,0.145299145299,,0.131086142322
dal,2022,3,2022_03_DAL_NYG,,,,,,,,0.129032258065,,0.116981132075
dal,2022,4,2022_04_WAS_DAL,,,,,,,,0.161290322581,,0.140740740741
dal,2022,5,2022_05_DAL_LA,0.128378378378,0.390625,0.128378378378,,0.128378378378,0.12384088148,0.128378378378,0.151260504202,,0.130111524164
dal,2022,6,2022_06_DAL_PHI,0.149700598802,0.515625,0.145299145299,,0.149700598802,0.155864220874,0.145299145299,0.12,,0.116438356164
dal,2022,7,2022_07_DET_DAL,0.139423076923,0.515625,0.129032258065,,0.139423076923,0.138386037445,0.129032258065,0.106382978723,,0.136363636364
dal,2022,8,2022_08_CHI_DAL,0.146443514644,0.578125,0.161290322581,,0.146443514644,0.150098061061,0.161290322581,0.123287671233,,0.14
dal,2022,10,2022_10_DAL_GB,0.138576779026,0.546875,0.151260504202,0.138576779026,0.138576779026,0.135488710888,0.151260504202,0.113333333333,0.138576779026,0.13707165109
dal,2022,11,2022_11_DAL_MIN,0.131086142322,0.515625,0.12,0.135646687697,0.135646687697,0.131108106217,0.12,0.112676056338,0.131086142322,0.133757961783
dal,2022,12,2022_12_NYG_DAL,0.116981132075,0.265625,0.106382978723,0.126074498567,0.126074498567,0.113420395094,0.106382978723,0.165517241379,0.116981132075,
dal,2022,13,2022_13_IND_DAL,0.140740740741,0.546875,0.123287671233,0.137662337662,0.137662337662,0.139585595577,0.123287671233,0.155844155844,0.140740740741,
dal,2022,14,2022_14_HOU_DAL,0.130111524164,0.515625,0.113333333333,0.129496402878,0.129496402878,0.121341336848,0.113333333333,0.157894736842,0.130111524164,
dal,2022,15,2022_15_DAL_JAX,0.116438356164,0.328125,0.112676056338,0.128540305011,0.128540305011,0.120863918322,0.112676056338,0.151162790698,0.116438356164,
dal,2022,16,2022_16_PHI_DAL,0.136363636364,0.515625,0.165517241379,0.137651821862,0.137651821862,0.144167347997,0.165517241379,,0.136363636364,
dal,2022,17,2022_17_DAL_TEN,0.14,0.546875,0.155844155844,0.142857142857,0.142857142857,0.155739399755,0.155844155844,,0.14,
dal,2022,18,2022_18_DAL_WAS,0.13707165109,0.453125,0.157894736842,0.137755102041,0.137755102041,0.140058579313,0.157894736842,,0.13707165109,
dal,2023,1,2023_01_DAL_NYG,0.133757961783,0.359375,0.151162790698,0.132530120482,,0.131171910084,,0.11320754717,,0.139817629179
dal,2023,2,2023_02_NYJ_DAL,0.141935483871,0.484375,0.121212121212,0.130434782609,,0.128005571624,,0.149068322981,,0.135057471264
dal,2023,3,2023_03_DAL_ARI,0.123417721519,0.328125,0.0925925925926,0.131399317406,,0.122501973458,,0.1625,,0.133903133903
dal,2023,4,2023_04_NE_DAL,0.125748502994,0.1875,0.0920245398773,0.127694859038,,0.113636977194,,0.16339869281,,0.134328358209
dal,2023,5,2023_05_DAL_SF,0.132930513595,0.375,0.11320754717,0.125200642055,0.11320754717,0.123372363059,0.11320754717,0.164705882353,,0.128205128205
dal,2023,6,2023_06_DAL_LAC,0.134969325153,0.390625,0.149068322981,0.135620915033,0.142857142857,0.146848582909,0.149068322981,0.122994652406,,0.105405405405
dal,2023,8,2023_08_LA_DAL,0.127329192547,0.328125,0.1625,0.133440514469,0.14347826087,0.14636736336,0.1625,0.109947643979,,0.108108108108
dal,2023,9,2023_09_DAL_PHI,0.126582278481,0.390625,0.16339869281,0.131868131868,0.131868131868,0.132948726324,0.16339869281,0.10989010989,,0.132432432432
dal,2023,10,2023_10_NYG_DAL,0.139817629179,0.453125,0.164705882353,0.136858475894,0.139817629179,0.143285958548,0.164705882353,0.0939226519337,0.139817629179,0.128851540616
dal,2023,11,2023_11_DAL_CAR,0.135057471264,0.421875,0.122994652406,0.13829787234,0.132978723404,0.133484473218,0.122994652406,0.0874316939891,0.135057471264,0.119318181818
dal,2023,12,2023_12_WAS_DAL,0.133903133903,0.390625,0.109947643979,0.128935532234,0.128266033254,0.124694185869,0.109947643979,0.106145251397,0.133903133903,
dal,2023,13,2023_13_SEA_DAL,0.134328358209,0.359375,0.10989010989,0.130044843049,0.123076923077,0.116452120855,0.10989010989,0.154255319149,0.134328358209,
dal,2023,14,2023_14_PHI_DAL,0.128205128205,0.359375,0.0939226519337,0.130498533724,0.123529411765,0.118699306733,0.0939226519337,0.164772727273,0.128205128205,
dal,2023,15,2023_15_DAL_BUF,0.105405405405,0.109375,0.0874316939891,0.119252873563,0.118067978533,0.107015568871,0.0874316939891,0.153846153846,0.105405405405,
dal,2023,16,2023_16_DAL_MIA,0.108108108108,0.046875,0.106145251397,0.117052023121,0.121666666667,0.115965205181,0.106145251397,,0.108108108108,
dal,2023,17,2023_17_DET_DAL,0.132432432432,0.453125,0.154255319149,0.129737609329,0.132192846034,0.143258540093,0.154255319149,,0.132432432432,
dal,2023,18,2023_18_DAL_WAS,0.128851540616,0.484375,0.164772727273,0.134110787172,0.134110787172,0.147013390712,0.164772727273,,0.128851540616,
dal,2024,1,2024_01_DAL_CLE,0.119318181818,0.234375,0.153846153846,0.127142857143,,0.123404128844,,0.0949720670391,,0.132625994695
dal,2024,2,2024_02_NO_DAL,0.122448979592,0.265625,0.140243902439,0.128242074928,,0.121934443238,,0.100529100529,,0.13829787234
dal,2024,3,2024_03_BAL_DAL,0.120111731844,0.171875,0.0823529411765,0.126984126984,,0.11085985021,,0.139896373057,,0.139593908629
dal,2024,4,2024_04_DAL_NYG,0.117808219178,0.171875,0.0740740740741,0.122905027933,,0.110712512578,,0.16091954023,,0.135135135135
dal,2024,5,2024_05_DAL_PIT,0.123563218391,0.328125,0.0949720670391,0.114206128134,0.0949720670391,0.107283272434,0.0949720670391,0.166666666667,,0.131578947368
dal,2024,6,2024_06_DET_DAL,0.118980169972,0.234375,0.100529100529,0.113416320885,0.102222222222,0.11094410395,0.100529100529,0.176470588235,,0.137837837838
dal,2024,8,2024_08_DAL_SF,0.112947658402,0.203125,0.139896373057,0.12278308322,0.122302158273,0.13017809045,0.139896373057,0.139303482587,,0.123919308357
dal,2024,9,2024_09_DAL_ATL,0.115702479339,0.234375,0.16091954023,0.122222222222,0.130841121495,0.13850448193,0.16091954023,0.112244897959,,0.113702623907
dal,2024,10,2024_10_PHI_DAL,0.132625994695,0.328125,0.166666666667,0.126200274348,0.132625994695,0.13994254395,0.166666666667,0.0934065934066,0.132625994695,0.109717868339
dal,2024,11,2024_11_HOU_DAL,0.13829787234,0.421875,0.176470588235,0.13073713491,0.135922330097,0.144617534027,0.176470588235,0.0983606557377,0.13829787234,0.0956790123457
dal,2024,12,2024_12_DAL_WAS,0.139593908629,0.421875,0.139303482587,0.130319148936,0.129436325678,0.132479116309,0.139303482587,0.102739726027,0.139593908629,
dal,2024,13,2024_13_NYG_DAL,0.135135135135,0.359375,0.112244897959,0.126530612245,0.123791102515,0.121610176238,0.112244897959,0.115646258503,0.135135135135,
dal,2024,14,2024_14_CIN_DAL,0.131578947368,0.359375,0.0934065934066,0.127747252747,0.119856887299,0.11454922975,0.0934065934066,0.131386861314,0.131578947368,
dal,2024,15,2024_15_DAL_CAR,0.137837837838,0.390625,0.0983606557377,0.128630705394,0.124369747899,0.124961264657,0.0983606557377,0.0921985815603,0.137837837838,
dal,2024,16,2024_16_TB_DAL,0.123919308357,0.328125,0.102739726027,0.118309859155,0.1232,0.120271261243,0.102739726027,,0.123919308357,
dal,2024,17,2024_17_DAL_PHI,0.113702623907,0.328125,0.115646258503,0.114730878187,0.121987951807,0.116983930593,0.115646258503,,0.113702623907,
dal,2024,18,2024_18_WAS_DAL,0.109717868339,0.234375,0.131386861314,0.122126436782,0.122126436782,0.119379616316,0.131386861314,,0.109717868339,
dal,2025,1,2025_01_DAL_PHI,0.0956790123457,0.171875,0.0921985815603,0.118571428571,,0.107678121963,,0.0984455958549,,0.106936416185
dal,2025,2,2025_02_NYG_DAL,0.0878378378378,0.140625,0.0733333333333,0.117391304348,,0.0946150115515,,0.112299465241,,0.126404494382
dal,2025,3,2025_03_DAL_CHI,0.096875,0.203125,0.0809248554913,0.117391304348,,0.0987849330525,,0.0993788819876,,0.127659574468
dal,2025,4,2025_04_GB_DAL,0.106707317073,0.265625,0.0890052356021,0.120056497175,,0.106677916693,,0.0939597315436,,0.126543209877
dal,2025,5,2025_05_DAL_NYJ,0.0958083832335,0.234375,0.0984455958549,0.117897727273,0.0984455958549,0.10456517501,0.0984455958549,0.117647058824,,0.131498470948
dal,2025,6,2025_06_DAL_CAR,0.0949554896142,0.171875,0.112299465241,0.109649122807,0.0973451327434,0.101373881982,0.112299465241,0.14201183432,,0.14447592068
dal,2025,7,2025_07_WAS_DAL,0.0898203592814,0.109375,0.0993788819876,0.101920236337,0.0916030534351,0.0936158119091,0.0993788819876,0.154761904762,,0.167597765363
dal,2025,8,2025_08_DAL_DEN,0.0911764705882,0.109375,0.0939597315436,0.100151745068,0.0966666666667,0.0989541432631,0.0939597315436,0.154285714286,,0.162011173184
dal,2025,9,2025_09_ARI_DAL,0.106936416185,0.171875,0.117647058824,0.101492537313,0.106936416185,0.112441324134,0.117647058824,0.14367816092,0.106936416185,0.168975069252
dal,2025,11,2025_11_DAL_LV,0.126404494382,0.328125,0.14201183432,0.108895705521,0.116455696203,0.126791374774,0.14201183432,0.146739130435,0.126404494382,0.159292035398
dal,2025,12,2025_12_PHI_DAL,0.127659574468,0.359375,0.154761904762,0.112480739599,0.116279069767,0.125713956694,0.154761904762,0.178947368421,0.127659574468,
dal,2025,13,2025_13_KC_DAL,0.126543209877,0.390625,0.154285714286,0.116564417178,0.117894736842,0.127682828833,0.154285714286,0.169398907104,0.126543209877,
dal,2025,14,2025_14_DAL_DET,0.131498470948,0.453125,0.14367816092,0.113464447806,0.119230769231,0.1280989822,0.14367816092,0.192513368984,0.131498470948,
dal,2025,15,2025_15_MIN_DAL,0.14447592068,0.578125,0.146739130435,0.120289855072,0.126079447323,0.141169152361,0.146739130435,0.174193548387,0.14447592068,
dal,2025,16,2025_16_LAC_DAL,0.167597765363,0.671875,0.178947368421,0.130057803468,0.135483870968,0.161313232306,0.178947368421,,0.167597765363,
dal,2025,17,2025_17_DAL_WAS,0.162011173184,0.671875,0.169398907104,0.127507163324,0.132218844985,0.149440362576,0.169398907104,,0.162011173184,
dal,2025,18,2025_18_DAL_NYG,0.168975069252,0.703125,0.192513368984,0.138613861386,0.138613861386,0.164366407821,0.192513368984,,0.168975069252,
den,2022,1,2022_01_DEN_SEA,,,,,,,,0.167664670659,,0.171171171171
den,2022,2,2022_02_HOU_DEN,,,,,,,,0.168674698795,,0.196480938416
den,2022,3,2022_03_SF_DEN,,,,,,,,0.167701863354,,0.207715133531
den,2022,4,2022_04_DEN_LV,,,,,,,,0.14880952381,,0.210682492582
den,2022,5,2022_05_IND_DEN,0.167664670659,0.828125,0.167664670659,,0.167664670659,0.164796707066,0.167664670659,0.174698795181,,0.216463414634
den,2022,6,2022_06_DEN_LAC,0.169014084507,0.734375,0.168674698795,,0.169014084507,0.167509961965,0.168674698795,0.222857142857,,0.218934911243
den,2022,7,2022_07_NYJ_DEN,0.168674698795,0.765625,0.167701863354,,0.168674698795,0.16732704129,0.167701863354,0.244318181818,,0.229850746269
den,2022,8,2022_08_DEN_JAX,0.163879598662,0.765625,0.14880952381,,0.163879598662,0.160119033667,0.14880952381,0.272189349112,,0.249240121581
den,2022,10,2022_10_DEN_TEN,0.171171171171,0.765625,0.174698795181,0.171171171171,0.171171171171,0.173334883039,0.174698795181,0.259259259259,0.171171171171,0.239766081871
den,2022,11,2022_11_LV_DEN,0.196480938416,0.890625,0.222857142857,0.193298969072,0.193298969072,0.212238468435,0.222857142857,0.21472392638,0.196480938416,0.213166144201
den,2022,12,2022_12_DEN_CAR,0.207715133531,0.953125,0.244318181818,0.2,0.2,0.221998177822,0.244318181818,0.213836477987,0.207715133531,
den,2022,13,2022_13_DEN_BAL,0.210682492582,0.984375,0.272189349112,0.202991452991,0.202991452991,0.223989743349,0.272189349112,0.225,0.210682492582,
den,2022,14,2022_14_KC_DEN,0.216463414634,0.984375,0.259259259259,0.2,0.2,0.214627652767,0.259259259259,0.222222222222,0.216463414634,
den,2022,15,2022_15_ARI_DEN,0.218934911243,0.984375,0.21472392638,0.199637023593,0.199637023593,0.210379873929,0.21472392638,0.211538461538,0.218934911243,
den,2022,16,2022_16_DEN_LA,0.229850746269,0.984375,0.213836477987,0.203767123288,0.203767123288,0.219144285514,0.213836477987,,0.229850746269,
den,2022,17,2022_17_DEN_KC,0.249240121581,0.984375,0.225,0.208598726115,0.208598726115,0.22891077197,0.225,,0.249240121581,
den,2022,18,2022_18_LAC_DEN,0.239766081871,0.984375,0.222222222222,0.205925925926,0.205925925926,0.217875293245,0.222222222222,,0.239766081871,
den,2023,1,2023_01_LV_DEN,0.213166144201,0.953125,0.211538461538,0.204545454545,,0.206039871449,,0.229299363057,,0.210702341137
den,2023,2,2023_02_WAS_DEN,0.191950464396,0.953125,0.170731707317,0.2,,0.187858434074,,0.245283018868,,0.224080267559
den,2023,3,2023_03_DEN_MIA,0.204334365325,0.953125,0.184049079755,0.207575757576,,0.212108539674,,0.21768707483,,0.204081632653
den,2023,4,2023_04_DEN_CHI,0.221893491124,0.984375,0.221518987342,0.219219219219,,0.229873170186,,0.158273381295,,0.182142857143
den,2023,5,2023_05_NYJ_DEN,0.220447284345,0.953125,0.229299363057,0.219662058372,0.229299363057,0.221422654588,0.229299363057,0.19014084507,,0.189473684211
den,2023,6,2023_06_DEN_KC,0.207430340557,0.953125,0.245283018868,0.218844984802,0.215,0.211274737401,0.245283018868,0.2,,0.186379928315
den,2023,7,2023_07_GB_DEN,0.2,0.890625,0.21768707483,0.225352112676,0.21645021645,0.214245940436,0.21768707483,0.190476190476,,0.18661971831
den,2023,8,2023_08_KC_DEN,0.191919191919,0.828125,0.158273381295,0.217527386541,0.2,0.194781112773,0.158273381295,0.205673758865,,0.200680272109
den,2023,10,2023_10_DEN_BUF,0.210702341137,0.953125,0.19014084507,0.211974110032,0.210702341137,0.208210500359,0.19014084507,0.188811188811,0.210702341137,0.177852348993
den,2023,11,2023_11_MIN_DEN,0.224080267559,0.953125,0.2,0.207395498392,0.208823529412,0.205141979764,0.2,0.172661870504,0.224080267559,0.1872909699
den,2023,12,2023_12_CLE_DEN,0.204081632653,0.921875,0.190476190476,0.204213938412,0.206349206349,0.201221904999,0.190476190476,0.182481751825,0.204081632653,
den,2023,13,2023_13_DEN_HOU,0.182142857143,0.921875,0.205673758865,0.203883495146,0.20197044335,0.193961099302,0.205673758865,0.196078431373,0.182142857143,
den,2023,14,2023_14_DEN_LAC,0.189473684211,0.921875,0.188811188811,0.205685618729,0.203619909502,0.198733132746,0.188811188811,0.167741935484,0.189473684211,
den,2023,15,2023_15_DEN_DET,0.186379928315,0.953125,0.172661870504,0.197674418605,0.198329853862,0.186952249045,0.172661870504,0.2,0.186379928315,
den,2023,16,2023_16_NE_DEN,0.18661971831,0.890625,0.182481751825,0.193602693603,0.2,0.191826434124,0.182481751825,,0.18661971831,
den,2023,17,2023_17_LAC_DEN,0.200680272109,0.953125,0.196078431373,0.19627749577,0.200357781753,0.194666308885,0.196078431373,,0.200680272109,
den,2023,18,2023_18_DEN_LV,0.177852348993,0.828125,0.167741935484,0.194304857621,0.194304857621,0.179891527373,0.167741935484,,0.177852348993,
den,2024,1,2024_01_DEN_SEA,0.1872909699,0.921875,0.2,0.205685618729,,0.196148175207,,0.115151515152,,0.0940438871473
den,2024,2,2024_02_PIT_DEN,0.183870967742,0.890625,0.184971098266,0.193708609272,,0.187825674074,,0.10067114094,,0.0854430379747
den,2024,3,2024_03_DEN_TB,0.184049079755,0.890625,0.173410404624,0.183168316832,,0.181207853307,,0.0878378378378,,0.0816993464052
den,2024,4,2024_04_DEN_NYJ,0.162162162162,0.796875,0.157303370787,0.174757281553,,0.157463826594,,0.0780141843972,,0.0869565217391
den,2024,5,2024_05_LV_DEN,0.156923076923,0.703125,0.115151515152,0.170529801325,0.115151515152,0.146246403337,0.115151515152,0.0714285714286,,0.0825396825397
den,2024,6,2024_06_LAC_DEN,0.145962732919,0.546875,0.10067114094,0.16501650165,0.116161616162,0.141880403067,0.10067114094,0.0718562874251,,0.0745341614907
den,2024,7,2024_07_DEN_NO,0.133956386293,0.421875,0.0878378378378,0.165853658537,0.116182572614,0.137583681598,0.0878378378378,0.0759493670886,,0.062893081761
den,2024,8,2024_08_CAR_DEN,0.122257053292,0.265625,0.0780141843972,0.149108589951,0.101083032491,0.114299941127,0.0780141843972,0.0949367088608,,0.0733944954128
den,2024,9,2024_09_DEN_BAL,0.0940438871473,0.109375,0.0714285714286,0.139158576052,0.0940438871473,0.101241679803,0.0714285714286,0.0931677018634,0.0940438871473,0.0802469135802
den,2024,10,2024_10_DEN_KC,0.0854430379747,0.078125,0.0718562874251,0.134185303514,0.0958904109589,0.101856204049,0.0718562874251,0.0774193548387,0.0854430379747,0.0668789808917
den,2024,11,2024_11_ATL_DEN,0.0816993464052,0.078125,0.0759493670886,0.134493670886,0.100250626566,0.108176853564,0.0759493670886,0.05,0.0816993464052,
den,2024,12,2024_12_DEN_LV,0.0869565217391,0.078125,0.0949367088608,0.126582278481,0.0988505747126,0.103143562813,0.0949367088608,0.0532544378698,0.0869565217391,
den,2024,13,2024_13_CLE_DEN,0.0825396825397,0.078125,0.0931677018634,0.1203125,0.09375,0.0915873309949,0.0931677018634,0.0674846625767,0.0825396825397,
den,2024,15,2024_15_IND_DEN,0.0745341614907,0.078125,0.0774193548387,0.110248447205,0.0903846153846,0.0832699368417,0.0774193548387,0.0566037735849,0.0745341614907,
den,2024,16,2024_16_DEN_LAC,0.062893081761,0.015625,0.05,0.0985915492958,0.0858676207513,0.0722468055633,0.05,,0.062893081761,
den,2024,17,2024_17_DEN_CIN,0.0733944954128,0.078125,0.0532544378698,0.0975232198142,0.0860927152318,0.0750460875478,0.0532544378698,,0.0733944954128,
den,2024,18,2024_18_KC_DEN,0.0802469135802,0.078125,0.0674846625767,0.0870917573872,0.0870917573872,0.0774966117219,0.0674846625767,,0.0802469135802,
den,2025,1,2025_01_TEN_DEN,0.0668789808917,0.015625,0.0566037735849,0.0761904761905,,0.0643893898369,,0.0613496932515,,0.0813253012048
den,2025,2,2025_02_DEN_IND,0.0640243902439,0.046875,0.077380952381,0.0725552050473,,0.0712287582073,,0.08125,,0.0802469135802
den,2025,3,2025_03_DEN_LAC,0.0548780487805,0.015625,0.0566037735849,0.0701754385965,,0.0606466806607,,0.1,,0.0934579439252
den,2025,4,2025_04_CIN_DEN,0.062893081761,0.015625,0.058064516129,0.0726698262243,,0.0686850863674,,0.0944444444444,,0.0948012232416
den,2025,5,2025_05_DEN_PHI,0.0590062111801,0.015625,0.0613496932515,0.0667701863354,0.0613496932515,0.0596862689356,0.0613496932515,0.100591715976,,0.102409638554
den,2025,6,2025_06_DEN_NYJ,0.0792682926829,0.046875,0.08125,0.0712074303406,0.0865384615385,0.0810703450436,0.08125,0.0792682926829,,0.0969696969697
den,2025,7,2025_07_NYG_DEN,0.0783699059561,0.046875,0.1,0.0758513931889,0.0860655737705,0.0821849736835,0.1,0.0869565217391,,0.0963855421687
den,2025,8,2025_08_DAL_DEN,0.0776119402985,0.015625,0.0944444444444,0.0789074355083,0.0869565217391,0.0844540807135,0.0944444444444,0.0952380952381,,0.0978593272171
den,2025,9,2025_09_DEN_HOU,0.0813253012048,0.015625,0.100591715976,0.0743034055728,0.0813253012048,0.0767680866865,0.100591715976,0.104294478528,0.0813253012048,0.109144542773
den,2025,10,2025_10_LV_DEN,0.0802469135802,0.015625,0.0792682926829,0.0720858895706,0.0833333333333,0.0800041222822,0.0792682926829,0.114457831325,0.0802469135802,0.12012012012
den,2025,11,2025_11_KC_DEN,0.0934579439252,0.109375,0.0869565217391,0.0739599383667,0.0864197530864,0.0857980465557,0.0869565217391,0.105263157895,0.0934579439252,
den,2025,13,2025_13_DEN_WAS,0.0948012232416,0.046875,0.0952380952381,0.0790697674419,0.0896860986547,0.0926161227391,0.0952380952381,0.1,0.0948012232416,
den,2025,14,2025_14_DEN_LV,0.102409638554,0.171875,0.104294478528,0.0810397553517,0.0888888888889,0.0908445919215,0.104294478528,0.113636363636,0.102409638554,
den,2025,15,2025_15_GB_DEN,0.0969696969697,0.078125,0.114457831325,0.0881458966565,0.092936802974,0.100021914838,0.114457831325,0.125748502994,0.0969696969697,
den,2025,16,2025_16_JAX_DEN,0.0963855421687,0.046875,0.105263157895,0.0875576036866,0.0920138888889,0.0968366711292,0.105263157895,,0.0963855421687,
den,2025,17,2025_17_DEN_KC,0.0978593272171,0.109375,0.1,0.0876132930514,0.0926517571885,0.0974118513558,0.1,,0.0978593272171,
den,2025,18,2025_18_LAC_DEN,0.109144542773,0.171875,0.113636363636,0.0953800298063,0.0953800298063,0.104650916525,0.113636363636,,0.109144542773,
det,2022,1,2022_01_PHI_DET,,,,,,,,0.123529411765,,0.12380952381
det,2022,2,2022_02_WAS_DET,,,,,,,,0.123529411765,,0.117263843648
det,2022,3,2022_03_DET_MIN,,,,,,,,0.0963855421687,,0.0966666666667
det,2022,4,2022_04_SEA_DET,,,,,,,,0.109756097561,,0.121212121212
det,2022,5,2022_05_DET_NE,0.123529411765,0.328125,0.123529411765,,0.123529411765,0.113031970195,0.123529411765,0.124137931034,,0.12925170068
det,2022,7,2022_07_DET_DAL,0.127962085308,0.296875,0.123529411765,,0.127962085308,0.121844229587,0.123529411765,0.109489051095,,0.119047619048
det,2022,8,2022_08_MIA_DET,0.131147540984,0.359375,0.0963855421687,,0.131147540984,0.127839499907,0.0963855421687,0.0970149253731,,0.117056856187
det,2022,9,2022_09_GB_DET,0.125874125874,0.421875,0.109756097561,,0.125874125874,0.120204263729,0.109756097561,0.135338345865,,0.123778501629
det,2022,10,2022_10_DET_CHI,0.12380952381,0.421875,0.124137931034,0.12380952381,0.12380952381,0.117501707416,0.124137931034,0.134228187919,0.12380952381,0.122580645161
det,2022,11,2022_11_DET_NYG,0.117263843648,0.359375,0.109489051095,0.120689655172,0.120689655172,0.11273741374,0.109489051095,0.127388535032,0.117263843648,0.120634920635
det,2022,12,2022_12_BUF_DET,0.0966666666667,0.078125,0.0970149253731,0.119047619048,0.119047619048,0.110670640795,0.0970149253731,0.133333333333,0.0966666666667,
det,2022,13,2022_13_JAX_DET,0.121212121212,0.390625,0.135338345865,0.128878281623,0.128878281623,0.133383817484,0.135338345865,0.114942528736,0.121212121212,
det,2022,14,2022_14_MIN_DET,0.12925170068,0.453125,0.134228187919,0.127155172414,0.127155172414,0.128615922029,0.134228187919,0.111801242236,0.12925170068,
det,2022,15,2022_15_DET_NYJ,0.119047619048,0.421875,0.127388535032,0.122772277228,0.122772277228,0.118177001456,0.127388535032,0.113924050633,0.119047619048,
det,2022,16,2022_16_DET_CAR,0.117056856187,0.296875,0.133333333333,0.123388581952,0.123388581952,0.120480162854,0.133333333333,,0.117056856187,
det,2022,17,2022_17_CHI_DET,0.123778501629,0.359375,0.114942528736,0.12478920742,0.12478920742,0.12461679758,0.114942528736,,0.123778501629,
det,2022,18,2022_18_DET_GB,0.122580645161,0.296875,0.111801242236,0.1232,0.1232,0.120329741121,0.111801242236,,0.122580645161,
det,2023,1,2023_01_DET_KC,0.120634920635,0.296875,0.113924050633,0.118971061093,,0.113177348426,,0.173611111111,,0.14953271028
det,2023,2,2023_02_SEA_DET,0.121495327103,0.234375,0.108974358974,0.109500805153,,0.11124424791,,0.202898550725,,0.14375
det,2023,3,2023_03_ATL_DET,0.112852664577,0.203125,0.110344827586,0.116883116883,,0.119373694073,,0.170068027211,,0.15
det,2023,4,2023_04_DET_GB,0.128617363344,0.390625,0.146666666667,0.128925619835,,0.140541711082,,0.141176470588,,0.151335311573
det,2023,5,2023_05_CAR_DET,0.14238410596,0.453125,0.173611111111,0.130872483221,0.173611111111,0.147357702246,0.173611111111,0.129943502825,,0.147590361446
det,2023,6,2023_06_DET_TB,0.15306122449,0.515625,0.202898550725,0.134907251265,0.183908045977,0.159512890541,0.202898550725,0.0989010989011,,0.148688046647
det,2023,7,2023_07_DET_BAL,0.140410958904,0.484375,0.170068027211,0.131886477462,0.157657657658,0.139407240038,0.170068027211,0.132947976879,,0.165662650602
det,2023,8,2023_08_LV_DET,0.14375,0.515625,0.141176470588,0.133333333333,0.152482269504,0.138190190814,0.141176470588,0.161676646707,,0.15873015873
det,2023,10,2023_10_DET_LAC,0.14953271028,0.609375,0.129943502825,0.135220125786,0.14953271028,0.136992428133,0.129943502825,0.167741935484,0.14953271028,0.167202572347
det,2023,11,2023_11_CHI_DET,0.14375,0.546875,0.0989010989011,0.132605304212,0.140449438202,0.125543933936,0.0989010989011,0.204968944099,0.14375,0.170967741935
det,2023,12,2023_12_GB_DET,0.15,0.59375,0.132947976879,0.131455399061,0.146835443038,0.137643610503,0.132947976879,0.201257861635,0.15,
det,2023,13,2023_13_DET_NO,0.151335311573,0.609375,0.161676646707,0.140432098765,0.155902004454,0.156199343134,0.161676646707,0.155405405405,0.151335311573,
det,2023,14,2023_14_DET_CHI,0.147590361446,0.640625,0.167741935484,0.145110410095,0.155462184874,0.156179660194,0.167741935484,0.166666666667,0.147590361446,
det,2023,15,2023_15_DEN_DET,0.148688046647,0.671875,0.204968944099,0.150706436421,0.160541586074,0.167426918059,0.204968944099,0.134228187919,0.148688046647,
det,2023,16,2023_16_DET_MIN,0.165662650602,0.796875,0.201257861635,0.153846153846,0.162454873646,0.171260790091,0.201257861635,,0.165662650602,
det,2023,17,2023_17_DET_DAL,0.15873015873,0.765625,0.155405405405,0.151181102362,0.155778894472,0.1534559397,0.155405405405,,0.15873015873,
det,2023,18,2023_18_MIN_DET,0.167202572347,0.796875,0.166666666667,0.158227848101,0.158227848101,0.16125997101,0.166666666667,,0.167202572347,
det,2024,1,2024_01_LA_DET,0.170967741935,0.828125,0.134228187919,0.157142857143,,0.150789409554,,0.151079136691,,0.176
det,2024,2,2024_02_TB_DET,0.165562913907,0.78125,0.125874125874,0.157556270096,,0.152242489646,,0.161971830986,,0.174603174603
det,2024,3,2024_03_DET_ARI,0.156862745098,0.671875,0.158227848101,0.153965785381,,0.156244414457,,0.176991150442,,0.155172413793
det,2024,4,2024_04_SEA_DET,0.150819672131,0.609375,0.134228187919,0.149136577708,,0.146826193644,,0.207207207207,,0.174796747967
det,2024,6,2024_06_DET_DAL,0.142361111111,0.546875,0.151079136691,0.145800316957,0.151079136691,0.148308294287,0.151079136691,0.207207207207,,0.162790697674
det,2024,7,2024_07_DET_MIN,0.143859649123,0.578125,0.161971830986,0.155591572123,0.161849710983,0.158899175798,0.161971830986,0.190909090909,,0.14126394052
det,2024,8,2024_08_TEN_DET,0.166051660517,0.765625,0.176991150442,0.162116040956,0.173267326733,0.171269353764,0.176991150442,0.134453781513,,0.134868421053
det,2024,9,2024_09_DET_GB,0.165384615385,0.734375,0.207207207207,0.166374781086,0.176991150442,0.17648499942,0.207207207207,0.148148148148,,0.124600638978
det,2024,10,2024_10_DET_HOU,0.176,0.796875,0.207207207207,0.173214285714,0.176,0.176624558224,0.207207207207,0.12925170068,0.176,0.11963190184
det,2024,11,2024_11_JAX_DET,0.174603174603,0.796875,0.190909090909,0.169675090253,0.173144876325,0.171736569854,0.190909090909,0.106918238994,0.174603174603,0.121580547112
det,2024,12,2024_12_DET_IND,0.155172413793,0.578125,0.134453781513,0.156133828996,0.158878504673,0.146904558195,0.134453781513,0.135135135135,0.155172413793,
det,2024,13,2024_13_CHI_DET,0.174796747967,0.828125,0.148148148148,0.161524500907,0.16620498615,0.16272291586,0.148148148148,0.106741573034,0.174796747967,
det,2024,14,2024_14_GB_DET,0.162790697674,0.75,0.12925170068,0.152014652015,0.158690176322,0.147658978194,0.12925170068,0.111731843575,0.162790697674,
det,2024,15,2024_15_BUF_DET,0.14126394052,0.453125,0.106918238994,0.142599277978,0.149321266968,0.129875878264,0.106918238994,0.135294117647,0.14126394052,
det,2024,16,2024_16_DET_CHI,0.134868421053,0.484375,0.135135135135,0.149565217391,0.150197628458,0.137640433745,0.135135135135,,0.134868421053,
det,2024,17,2024_17_DET_SF,0.124600638978,0.421875,0.106741573034,0.143106457243,0.146567717996,0.130377477939,0.106741573034,,0.124600638978,
det,2024,18,2024_18_MIN_DET,0.11963190184,0.484375,0.111731843575,0.144097222222,0.144097222222,0.127173436405,0.111731843575,,0.11963190184,
det,2025,1,2025_01_DET_GB,0.121580547112,0.421875,0.135294117647,0.144578313253,,0.133150523409,,0.179104477612,,0.200729927007
det,2025,2,2025_02_CHI_DET,0.140298507463,0.578125,0.146666666667,0.146384479718,,0.146127933188,,0.186440677966,,0.191729323308
det,2025,3,2025_03_DET_BAL,0.129230769231,0.453125,0.156462585034,0.148861646235,,0.144909365134,,0.183333333333,,0.196363636364
det,2025,4,2025_04_CLE_DET,0.141065830721,0.578125,0.178571428571,0.150779896014,,0.152417707239,,0.196850393701,,0.189003436426
det,2025,5,2025_05_DET_CIN,0.154605263158,0.734375,0.179104477612,0.148342059337,0.179104477612,0.153917144539,0.179104477612,0.221428571429,,0.194539249147
det,2025,6,2025_06_DET_KC,0.164179104478,0.765625,0.186440677966,0.148601398601,0.191358024691,0.166438342535,0.186440677966,0.195945945946,,0.190789473684
det,2025,7,2025_07_TB_DET,0.168539325843,0.828125,0.183333333333,0.144827586207,0.180412371134,0.15951234327,0.183333333333,0.206451612903,,0.196825396825
det,2025,9,2025_09_MIN_DET,0.187265917603,0.890625,0.196850393701,0.150084317032,0.190476190476,0.174636970941,0.196850393701,0.182926829268,,0.182352941176
det,2025,10,2025_10_DET_WAS,0.200729927007,0.890625,0.221428571429,0.157545605307,0.200729927007,0.191281106699,0.221428571429,0.169934640523,0.200729927007,0.178247734139
det,2025,11,2025_11_DET_PHI,0.191729323308,0.890625,0.195945945946,0.16306156406,0.193548387097,0.183950971272,0.195945945946,0.185897435897,0.191729323308,0.182352941176
det,2025,12,2025_12_NYG_DET,0.196363636364,0.921875,0.206451612903,0.16,0.191977077364,0.182664518338,0.206451612903,0.1875,0.196363636364,
det,2025,13,2025_13_GB_DET,0.189003436426,0.859375,0.182926829268,0.16393442623,0.187341772152,0.177415404226,0.182926829268,0.181818181818,0.189003436426,
det,2025,14,2025_14_DAL_DET,0.194539249147,0.859375,0.169934640523,0.174204355109,0.189695550351,0.184909192845,0.169934640523,0.185393258427,0.194539249147,
det,2025,15,2025_15_DET_LA,0.190789473684,0.859375,0.185897435897,0.178321678322,0.190987124464,0.18904507445,0.185897435897,0.179347826087,0.190789473684,
det,2025,16,2025_16_PIT_DET,0.196825396825,0.828125,0.1875,0.183848797251,0.190569744597,0.18937222187,0.1875,,0.196825396825,
det,2025,17,2025_17_DET_MIN,0.182352941176,0.828125,0.181818181818,0.184514003295,0.185639229422,0.179099075058,0.181818181818,,0.182352941176,
det,2025,18,2025_18_DET_CHI,0.178247734139,0.734375,0.185393258427,0.188429752066,0.188429752066,0.18715191551,0.185393258427,,0.178247734139,
gb,2022,1,2022_01_GB_MIN,,,,,,,,0.122448979592,,0.119122257053
gb,2022,2,2022_02_CHI_GB,,,,,,,,0.128378378378,,0.115853658537
gb,2022,3,2022_03_GB_TB,,,,,,,,0.140350877193,,0.111455108359
gb,2022,4,2022_04_NE_GB,,,,,,,,0.109195402299,,0.101226993865
gb,2022,5,2022_05_NYG_GB,0.122448979592,0.296875,0.122448979592,,0.122448979592,0.12009416309,0.122448979592,0.116279069767,,0.110759493671
gb,2022,6,2022_06_NYJ_GB,0.126315789474,0.328125,0.128378378378,,0.126315789474,0.126067156281,0.128378378378,0.105555555556,,0.0944625407166
gb,2022,7,2022_07_GB_WAS,0.135802469136,0.359375,0.140350877193,,0.135802469136,0.139650091101,0.140350877193,0.0789473684211,,0.0862068965517
gb,2022,8,2022_08_GB_BUF,0.120141342756,0.234375,0.109195402299,,0.120141342756,0.114662429587,0.109195402299,0.0921052631579,,0.0921501706485
gb,2022,9,2022_09_GB_DET,0.119122257053,0.234375,0.116279069767,0.119122257053,0.119122257053,0.113990716016,0.116279069767,0.104166666667,0.119122257053,0.0909090909091
gb,2022,10,2022_10_DAL_GB,0.115853658537,0.265625,0.105555555556,0.116216216216,0.116216216216,0.110136018675,0.105555555556,0.0787401574803,0.115853658537,0.10447761194
gb,2022,11,2022_11_TEN_GB,0.111455108359,0.203125,0.0789473684211,0.113924050633,0.113924050633,0.106414963623,0.0789473684211,0.0942028985507,0.111455108359,
gb,2022,12,2022_12_GB_PHI,0.101226993865,0.109375,0.0921052631579,0.110344827586,0.110344827586,0.10043844518,0.0921052631579,0.0921985815603,0.101226993865,
gb,2022,13,2022_13_GB_CHI,0.110759493671,0.109375,0.104166666667,0.114470842333,0.114470842333,0.111120507903,0.104166666667,0.0774647887324,0.110759493671,
gb,2022,15,2022_15_LA_GB,0.0944625407166,0.109375,0.0787401574803,0.106639839034,0.106639839034,0.0927996629383,0.0787401574803,0.127659574468,0.0944625407166,
gb,2022,16,2022_16_GB_MIA,0.0862068965517,0.046875,0.0942028985507,0.108818011257,0.108818011257,0.100722994179,0.0942028985507,,0.0862068965517,
gb,2022,17,2022_17_MIN_GB,0.0921501706485,0.046875,0.0921985815603,0.105902777778,0.105902777778,0.0946474816343,0.0921985815603,,0.0921501706485,
gb,2022,18,2022_18_DET_GB,0.0909090909091,0.046875,0.0774647887324,0.105785123967,0.105785123967,0.095844404508,0.0774647887324,,0.0909090909091,
gb,2023,1,2023_01_GB_CHI,0.10447761194,0.046875,0.127659574468,0.110738255034,,0.113853742384,,0.129032258065,,0.122580645161
gb,2023,2,2023_02_GB_ATL,0.106227106227,0.109375,0.118518518519,0.109060402685,,0.111642216328,,0.11875,,0.123076923077
gb,2023,3,2023_03_NO_GB,0.110687022901,0.140625,0.132231404959,0.105442176871,,0.109857509494,,0.114457831325,,0.129032258065
gb,2023,4,2023_04_DET_GB,0.0940766550523,0.015625,0.110344827586,0.102819237148,,0.0972258816815,,0.14371257485,,0.139751552795
gb,2023,5,2023_05_GB_LV,0.128378378378,0.265625,0.129032258065,0.111111111111,0.129032258065,0.12725296223,0.129032258065,0.116129032258,,0.119122257053
gb,2023,7,2023_07_GB_DEN,0.118644067797,0.265625,0.11875,0.102564102564,0.115789473684,0.115430055287,0.11875,0.127272727273,,0.137614678899
gb,2023,8,2023_08_MIN_GB,0.121951219512,0.296875,0.114457831325,0.106896551724,0.111111111111,0.111679968187,0.114457831325,0.142857142857,,0.14328358209
gb,2023,9,2023_09_LA_GB,0.128205128205,0.359375,0.14371257485,0.110367892977,0.118279569892,0.120091425316,0.14371257485,0.135483870968,,0.133757961783
gb,2023,10,2023_10_GB_PIT,0.122580645161,0.265625,0.116129032258,0.114186851211,0.122580645161,0.12608517856,0.116129032258,0.121951219512,0.122580645161,0.1261829653
gb,2023,11,2023_11_LAC_GB,0.123076923077,0.265625,0.127272727273,0.115384615385,0.121126760563,0.123496457517,0.127272727273,0.148148148148,0.123076923077,0.117647058824
gb,2023,12,2023_12_GB_DET,0.129032258065,0.265625,0.142857142857,0.121061359867,0.125,0.13006770851,0.142857142857,0.14375,0.129032258065,
gb,2023,13,2023_13_KC_GB,0.139751552795,0.453125,0.135483870968,0.118226600985,0.124423963134,0.127885109899,0.135483870968,0.132075471698,0.139751552795,
gb,2023,14,2023_14_GB_NYG,0.119122257053,0.234375,0.121951219512,0.123577235772,0.122362869198,0.124268633828,0.121951219512,0.130718954248,0.119122257053,
gb,2023,15,2023_15_TB_GB,0.137614678899,0.453125,0.148148148148,0.128617363344,0.129593810445,0.139563462386,0.148148148148,0.0833333333333,0.137614678899,
gb,2023,16,2023_16_GB_CAR,0.14328358209,0.609375,0.14375,0.133440514469,0.130357142857,0.140341428085,0.14375,,0.14328358209,
gb,2023,17,2023_17_GB_MIN,0.133757961783,0.484375,0.132075471698,0.130990415335,0.126475548061,0.12931694369,0.132075471698,,0.133757961783,
gb,2023,18,2023_18_CHI_GB,0.1261829653,0.328125,0.130718954248,0.124401913876,0.124401913876,0.122427717621,0.130718954248,,0.1261829653,
gb,2024,1,2024_01_GB_PHI,0.117647058824,0.203125,0.0833333333333,0.120443740095,,0.108463341717,,0.125,,0.11743772242
gb,2024,2,2024_02_IND_GB,0.112211221122,0.140625,0.0769230769231,0.121118012422,,0.110452117026,,0.121212121212,,0.107142857143
gb,2024,3,2024_03_GB_TEN,0.104166666667,0.140625,0.0697674418605,0.122950819672,,0.10119768452,,0.12,,0.113074204947
gb,2024,4,2024_04_MIN_GB,0.105839416058,0.140625,0.0743801652893,0.112984822934,,0.100961723816,,0.12962962963,,0.112676056338
gb,2024,5,2024_05_GB_LA,0.104166666667,0.078125,0.125,0.121951219512,0.125,0.12059245709,0.125,0.109489051095,,0.09765625
gb,2024,6,2024_06_ARI_GB,0.0981818181818,0.078125,0.121212121212,0.122950819672,0.120689655172,0.118059392063,0.121212121212,0.0945945945946,,0.114624505929
gb,2024,7,2024_07_HOU_GB,0.0967741935484,0.078125,0.12,0.116357504216,0.109004739336,0.106484889631,0.12,0.105263157895,,0.134146341463
gb,2024,8,2024_08_GB_JAX,0.106007067138,0.109375,0.12962962963,0.116666666667,0.116465863454,0.115057796822,0.12962962963,0.0901639344262,,0.126050420168
gb,2024,9,2024_09_DET_GB,0.11743772242,0.265625,0.109489051095,0.117546848382,0.11743772242,0.116622723984,0.109489051095,0.0840336134454,0.11743772242,0.140495867769
gb,2024,11,2024_11_GB_CHI,0.107142857143,0.1875,0.0945945945946,0.109777015437,0.108695652174,0.103182739548,0.0945945945946,0.142857142857,0.107142857143,0.168103448276
gb,2024,12,2024_12_SF_GB,0.113074204947,0.234375,0.105263157895,0.108581436077,0.107558139535,0.101684628348,0.105263157895,0.16814159292,0.113074204947,
gb,2024,13,2024_13_MIA_GB,0.112676056338,0.234375,0.0901639344262,0.109318996416,0.10781671159,0.103022988018,0.0901639344262,0.163793103448,0.112676056338,
gb,2024,14,2024_14_GB_DET,0.09765625,0.203125,0.0840336134454,0.101102941176,0.1075,0.101576012071,0.0840336134454,0.19512195122,0.09765625,
gb,2024,15,2024_15_GB_SEA,0.114624505929,0.296875,0.142857142857,0.106060606061,0.117096018735,0.124266709231,0.142857142857,0.188976377953,0.114624505929,
gb,2024,16,2024_16_NO_GB,0.134146341463,0.484375,0.16814159292,0.114285714286,0.122538293217,0.137476435079,0.16814159292,,0.134146341463,
gb,2024,17,2024_17_GB_MIN,0.126050420168,0.421875,0.163793103448,0.115163147793,0.121149897331,0.131838701473,0.163793103448,,0.126050420168,
gb,2024,18,2024_18_CHI_GB,0.140495867769,0.546875,0.19512195122,0.12810707457,0.12810707457,0.150506322041,0.19512195122,,0.140495867769,
gb,2025,1,2025_01_DET_GB,0.168103448276,0.828125,0.188976377953,0.134765625,,0.163588261952,,0.116438356164,,0.11724137931
gb,2025,2,2025_02_WAS_GB,0.166666666667,0.796875,0.165289256198,0.137330754352,,0.153867888859,,0.122580645161,,0.129449838188
gb,2025,3,2025_03_GB_CLE,0.16393442623,0.734375,0.1640625,0.136363636364,,0.145063272538,,0.11038961039,,0.145214521452
gb,2025,4,2025_04_GB_DAL,0.176,0.921875,0.157480314961,0.136363636364,,0.154758171308,,0.0961538461538,,0.143344709898
gb,2025,6,2025_06_CIN_GB,0.150183150183,0.671875,0.116438356164,0.133079847909,0.116438356164,0.13706963927,0.116438356164,0.118055555556,,0.14440433213
gb,2025,7,2025_07_GB_ARI,0.141304347826,0.484375,0.122580645161,0.137931034483,0.117318435754,0.135441535154,0.122580645161,0.136363636364,,0.136531365314
gb,2025,8,2025_08_GB_PIT,0.13475177305,0.390625,0.11038961039,0.130769230769,0.106976744186,0.121135215922,0.11038961039,0.181208053691,,0.17667844523
gb,2025,9,2025_09_CAR_GB,0.123674911661,0.328125,0.0961538461538,0.131428571429,0.111111111111,0.123598209223,0.0961538461538,0.197080291971,,0.179211469534
gb,2025,10,2025_10_PHI_GB,0.11724137931,0.234375,0.118055555556,0.139846743295,0.11724137931,0.130729116476,0.118055555556,0.172932330827,0.11724137931,0.174545454545
gb,2025,11,2025_11_GB_NYG,0.129449838188,0.359375,0.136363636364,0.145488029466,0.126126126126,0.141895694392,0.136363636364,0.136752136752,0.129449838188,0.18
gb,2025,12,2025_12_MIN_GB,0.145214521452,0.578125,0.181208053691,0.153564899452,0.137362637363,0.159082358856,0.181208053691,0.171641791045,0.145214521452,
gb,2025,13,2025_13_GB_DET,0.143344709898,0.515625,0.197080291971,0.158379373849,0.141388174807,0.164647606925,0.197080291971,0.161971830986,0.143344709898,
gb,2025,14,2025_14_CHI_GB,0.14440433213,0.515625,0.172932330827,0.147272727273,0.13475177305,0.146055632467,0.172932330827,0.176056338028,0.14440433213,
gb,2025,15,2025_15_GB_DEN,0.136531365314,0.484375,0.136752136752,0.138939670932,0.128888888889,0.130448530665,0.136752136752,0.218045112782,0.136531365314,
gb,2025,16,2025_16_GB_CHI,0.17667844523,0.734375,0.171641791045,0.155752212389,0.146586345382,0.172298707585,0.171641791045,,0.17667844523,
gb,2025,17,2025_17_BAL_GB,0.179211469534,0.828125,0.161971830986,0.151245551601,0.146892655367,0.168451649494,0.161971830986,,0.179211469534,
gb,2025,18,2025_18_GB_MIN,0.174545454545,0.765625,0.176056338028,0.145132743363,0.145132743363,0.159549937565,0.176056338028,,0.174545454545,
hou,2022,1,2022_01_IND_HOU,,,,,,,,0.146341463415,,0.16
hou,2022,2,2022_02_HOU_DEN,,,,,,,,0.163265306122,,0.182119205298
hou,2022,3,2022_03_HOU_CHI,,,,,,,,0.184931506849,,0.1926910299
hou,2022,4,2022_04_LAC_HOU,,,,,,,,0.202702702703,,0.198717948718
hou,2022,5,2022_05_HOU_JAX,0.146341463415,0.671875,0.146341463415,,0.146341463415,0.153719560427,0.146341463415,0.176470588235,,0.174193548387
hou,2022,7,2022_07_HOU_LV,0.152631578947,0.671875,0.163265306122,,0.152631578947,0.161208193831,0.163265306122,0.2,,0.159744408946
hou,2022,8,2022_08_TEN_HOU,0.163793103448,0.765625,0.184931506849,,0.163793103448,0.17562217294,0.184931506849,0.2,,0.149350649351
hou,2022,9,2022_09_PHI_HOU,0.163568773234,0.734375,0.202702702703,,0.163568773234,0.172640951136,0.202702702703,0.19512195122,,0.149350649351
hou,2022,10,2022_10_HOU_NYG,0.16,0.703125,0.176470588235,0.16,0.16,0.164757126016,0.176470588235,0.172413793103,0.16,0.164634146341
hou,2022,11,2022_11_WAS_HOU,0.182119205298,0.828125,0.2,0.173913043478,0.173913043478,0.188996715558,0.2,0.120253164557,0.182119205298,0.147692307692
hou,2022,12,2022_12_HOU_MIA,0.1926910299,0.859375,0.2,0.178294573643,0.178294573643,0.194278602411,0.2,0.0980392156863,0.1926910299,
hou,2022,13,2022_13_CLE_HOU,0.198717948718,0.921875,0.19512195122,0.175519630485,0.175519630485,0.185274194092,0.19512195122,0.0972222222222,0.198717948718,
hou,2022,14,2022_14_HOU_DAL,0.174193548387,0.703125,0.172413793103,0.164556962025,0.164556962025,0.160051556678,0.172413793103,0.155844155844,0.174193548387,
hou,2022,15,2022_15_KC_HOU,0.159744408946,0.640625,0.120253164557,0.157057654076,0.157057654076,0.14315937921,0.120253164557,0.173652694611,0.159744408946,
hou,2022,16,2022_16_HOU_TEN,0.149350649351,0.640625,0.0980392156863,0.155555555556,0.155555555556,0.141799178655,0.0980392156863,,0.149350649351,
hou,2022,17,2022_17_JAX_HOU,0.149350649351,0.640625,0.0972222222222,0.155979202773,0.155979202773,0.145215380682,0.0972222222222,,0.149350649351,
hou,2022,18,2022_18_HOU_IND,0.164634146341,0.671875,0.155844155844,0.162420382166,0.162420382166,0.164643966247,0.155844155844,,0.164634146341,
hou,2023,1,2023_01_HOU_BAL,0.147692307692,0.515625,0.173652694611,0.164274322169,,0.161347418967,,0.165714285714,,0.133956386293
hou,2023,2,2023_02_IND_HOU,0.144117647059,0.484375,0.181818181818,0.166926677067,,0.164732804056,,0.136363636364,,0.12091503268
hou,2023,3,2023_03_HOU_JAX,0.146551724138,0.578125,0.18137254902,0.171212121212,,0.165775687677,,0.112781954887,,0.112244897959
hou,2023,4,2023_04_PIT_HOU,0.156804733728,0.609375,0.157608695652,0.16512345679,,0.160541159706,,0.107692307692,,0.116129032258
hou,2023,5,2023_05_HOU_ATL,0.169590643275,0.765625,0.165714285714,0.164885496183,0.165714285714,0.163216129356,0.165714285714,0.0958904109589,,0.114649681529
hou,2023,6,2023_06_NO_HOU,0.161290322581,0.671875,0.136363636364,0.15562403698,0.14691943128,0.146358939719,0.136363636364,0.105263157895,,0.126984126984
hou,2023,8,2023_08_HOU_CAR,0.154302670623,0.609375,0.112781954887,0.151937984496,0.139344262295,0.138269259732,0.112781954887,0.111801242236,,0.131901840491
hou,2023,9,2023_09_TB_HOU,0.136942675159,0.453125,0.107692307692,0.151090342679,0.136029411765,0.134390261259,0.107692307692,0.122222222222,,0.128851540616
hou,2023,10,2023_10_HOU_CIN,0.133956386293,0.421875,0.0958904109589,0.140866873065,0.133956386293,0.130251084967,0.0958904109589,0.130952380952,0.133956386293,0.122807017544
hou,2023,11,2023_11_ARI_HOU,0.12091503268,0.234375,0.105263157895,0.133126934985,0.129476584022,0.123018607098,0.105263157895,0.147239263804,0.12091503268,0.126888217523
hou,2023,12,2023_12_JAX_HOU,0.112244897959,0.171875,0.111801242236,0.130841121495,0.128395061728,0.121955594326,0.111801242236,0.151515151515,0.112244897959,
hou,2023,13,2023_13_DEN_HOU,0.116129032258,0.203125,0.122222222222,0.137345679012,0.130530973451,0.127953682388,0.122222222222,0.135593220339,0.116129032258,
hou,2023,14,2023_14_HOU_NYJ,0.114649681529,0.203125,0.130952380952,0.143292682927,0.132924335378,0.13395204089,0.130952380952,0.114942528736,0.114649681529,
hou,2023,15,2023_15_HOU_TEN,0.126984126984,0.328125,0.147239263804,0.144817073171,0.134980988593,0.138365556638,0.147239263804,0.107142857143,0.126984126984,
hou,2023,16,2023_16_CLE_HOU,0.131901840491,0.390625,0.151515151515,0.143288084465,0.135087719298,0.137769332295,0.151515151515,,0.131901840491,
hou,2023,17,2023_17_TEN_HOU,0.128851540616,0.34375,0.135593220339,0.132637853949,0.131955484897,0.128302258752,0.135593220339,,0.128851540616,
hou,2023,18,2023_18_HOU_IND,0.122807017544,0.296875,0.114942528736,0.128205128205,0.128205128205,0.118624343344,0.114942528736,,0.122807017544,
hou,2024,1,2024_01_HOU_IND,0.126888217523,0.390625,0.107142857143,0.124018838305,,0.119133830266,,0.150537634409,,0.161764705882
hou,2024,2,2024_02_CHI_HOU,0.142857142857,0.515625,0.134146341463,0.128410914928,,0.1407183802,,0.127659574468,,0.16091954023
hou,2024,3,2024_03_HOU_MIN,0.136645962733,0.484375,0.137931034483,0.126582278481,,0.133905550007,,0.133689839572,,0.170028818444
hou,2024,4,2024_04_JAX_HOU,0.135294117647,0.359375,0.156626506024,0.125382262997,,0.136041013476,,0.146341463415,,0.156626506024
hou,2024,5,2024_05_BUF_HOU,0.129943502825,0.359375,0.150537634409,0.128550074738,0.150537634409,0.133129053063,0.150537634409,0.175324675325,,0.160990712074
hou,2024,6,2024_06_HOU_NE,0.130681818182,0.328125,0.127659574468,0.131268436578,0.149122807018,0.135046206713,0.127659574468,0.2,,0.152647975078
hou,2024,7,2024_07_HOU_GB,0.135542168675,0.453125,0.133689839572,0.132075471698,0.14606741573,0.134190257226,0.133689839572,0.2125,,0.15873015873
hou,2024,8,2024_08_IND_HOU,0.151515151515,0.609375,0.146341463415,0.136904761905,0.153846153846,0.145470171854,0.146341463415,0.166666666667,,0.165137614679
hou,2024,9,2024_09_HOU_NYJ,0.161764705882,0.703125,0.175324675325,0.144560357675,0.161764705882,0.158517505369,0.175324675325,0.147928994083,0.161764705882,0.165644171779
hou,2024,10,2024_10_DET_HOU,0.16091954023,0.578125,0.2,0.152141802068,0.170103092784,0.172523208982,0.2,0.105590062112,0.16091954023,0.145161290323
hou,2024,11,2024_11_HOU_DAL,0.170028818444,0.828125,0.2125,0.153961136024,0.170960187354,0.17390954476,0.2125,0.103225806452,0.170028818444,
hou,2024,12,2024_12_TEN_HOU,0.156626506024,0.609375,0.166666666667,0.145833333333,0.158458244111,0.149654499674,0.166666666667,0.163522012579,0.156626506024,
hou,2024,13,2024_13_HOU_JAX,0.160990712074,0.671875,0.147928994083,0.144756277696,0.157170923379,0.148372474304,0.147928994083,0.184713375796,0.160990712074,
hou,2024,15,2024_15_MIA_HOU,0.152647975078,0.671875,0.105590062112,0.141158989599,0.151183970856,0.136454017155,0.105590062112,0.187919463087,0.152647975078,
hou,2024,16,2024_16_HOU_KC,0.15873015873,0.578125,0.103225806452,0.146831530139,0.152920962199,0.143397744796,0.103225806452,,0.15873015873,
hou,2024,17,2024_17_BAL_HOU,0.165137614679,0.703125,0.163522012579,0.158295281583,0.159744408946,0.16380184443,0.163522012579,,0.165137614679,
hou,2024,18,2024_18_HOU_TEN,0.165644171779,0.734375,0.184713375796,0.163663663664,0.163663663664,0.174336013895,0.184713375796,,0.165644171779,
hou,2025,1,2025_01_HOU_LA,0.145161290323,0.609375,0.187919463087,0.153495440729,,0.157974040786,,0.162162162162,,0.129793510324
hou,2025,2,2025_02_TB_HOU,0.145631067961,0.609375,0.188311688312,0.158536585366,,0.162957429386,,0.141891891892,,0.113636363636
hou,2025,3,2025_03_HOU_JAX,0.166666666667,0.796875,0.170212765957,0.161392405063,,0.167536248405,,0.124293785311,,0.113821138211
hou,2025,4,2025_04_TEN_HOU,0.16501650165,0.796875,0.143835616438,0.162939297125,,0.161457009999,,0.101694915254,,0.111731843575
hou,2025,5,2025_05_HOU_BAL,0.175084175084,0.921875,0.162162162162,0.163430420712,0.162162162162,0.159474272857,0.162162162162,0.104712041885,,0.109589041096
hou,2025,7,2025_07_HOU_SEA,0.165562913907,0.796875,0.141891891892,0.162074554295,0.150537634409,0.150557221972,0.141891891892,0.093137254902,,0.125683060109
hou,2025,8,2025_08_SF_HOU,0.14465408805,0.515625,0.124293785311,0.15503875969,0.142276422764,0.141703594485,0.124293785311,0.104166666667,,0.120943952802
hou,2025,9,2025_09_DEN_HOU,0.120743034056,0.296875,0.101694915254,0.143297380586,0.127147766323,0.123290530652,0.101694915254,0.121546961326,,0.12874251497
hou,2025,10,2025_10_JAX_HOU,0.129793510324,0.390625,0.104712041885,0.137134052388,0.129793510324,0.126300307173,0.104712041885,0.114942528736,0.129793510324,0.117088607595
hou,2025,11,2025_11_HOU_TEN,0.113636363636,0.234375,0.093137254902,0.128593040847,0.120512820513,0.112677673306,0.093137254902,0.166666666667,0.113636363636,0.119601328904
hou,2025,12,2025_12_BUF_HOU,0.113821138211,0.265625,0.104166666667,0.137518684604,0.125570776256,0.123246957678,0.104166666667,0.142857142857,0.113821138211,
hou,2025,13,2025_13_HOU_IND,0.111731843575,0.234375,0.121546961326,0.136157337368,0.125,0.122298407715,0.121546961326,0.137254901961,0.111731843575,
hou,2025,14,2025_14_HOU_KC,0.109589041096,0.234375,0.114942528736,0.138972809668,0.124756335283,0.122709645669,0.114942528736,0.119718309859,0.109589041096,
hou,2025,15,2025_15_ARI_HOU,0.125683060109,0.328125,0.166666666667,0.14371257485,0.134057971014,0.143110380927,0.166666666667,0.0647482014388,0.125683060109,
hou,2025,16,2025_16_LV_HOU,0.120943952802,0.296875,0.142857142857,0.132420091324,0.129914529915,0.130549308351,0.142857142857,,0.120943952802,
hou,2025,17,2025_17_HOU_LAC,0.12874251497,0.390625,0.137254901961,0.124809741248,0.128,0.124459799649,0.137254901961,,0.12874251497,
hou,2025,18,2025_18_IND_HOU,0.117088607595,0.265625,0.119718309859,0.123664122137,0.123664122137,0.113080260175,0.119718309859,,0.117088607595,
ind,2022,1,2022_01_IND_HOU,,,,,,,,0.184357541899,,0.182305630027
ind,2022,2,2022_02_IND_JAX,,,,,,,,0.217142857143,,0.202216066482
ind,2022,3,2022_03_KC_IND,,,,,,,,0.163366336634,,0.176470588235
ind,2022,4,2022_04_TEN_IND,,,,,,,,0.160975609756,,0.174785100287
ind,2022,5,2022_05_IND_DEN,0.184357541899,0.859375,0.184357541899,,0.184357541899,0.182903783245,0.184357541899,0.180412371134,,0.183908045977
ind,2022,6,2022_06_JAX_IND,0.194805194805,0.890625,0.217142857143,,0.194805194805,0.197671531379,0.217142857143,0.188172043011,,0.175074183976
ind,2022,7,2022_07_IND_TEN,0.173469387755,0.796875,0.163366336634,,0.173469387755,0.166150065287,0.163366336634,0.193548387097,,0.192926045016
ind,2022,8,2022_08_WAS_IND,0.178362573099,0.828125,0.160975609756,,0.178362573099,0.175347228425,0.160975609756,0.194444444444,,0.196666666667
ind,2022,9,2022_09_IND_NE,0.182305630027,0.828125,0.180412371134,0.182305630027,0.182305630027,0.182584801563,0.180412371134,0.188311688312,0.182305630027,0.186666666667
ind,2022,10,2022_10_IND_LV,0.202216066482,0.890625,0.188172043011,0.191846522782,0.191846522782,0.200154835328,0.188172043011,0.158940397351,0.202216066482,0.161073825503
ind,2022,11,2022_11_PHI_IND,0.176470588235,0.765625,0.193548387097,0.180400890869,0.180400890869,0.175788919431,0.193548387097,0.192307692308,0.176470588235,
ind,2022,12,2022_12_PIT_IND,0.174785100287,0.765625,0.194444444444,0.183127572016,0.183127572016,0.182480643059,0.194444444444,0.198717948718,0.174785100287,
ind,2022,13,2022_13_IND_DAL,0.183908045977,0.859375,0.188311688312,0.184060721063,0.184060721063,0.18474426314,0.188311688312,0.184931506849,0.183908045977,
ind,2022,15,2022_15_IND_MIN,0.175074183976,0.734375,0.158940397351,0.183098591549,0.183098591549,0.18228420716,0.158940397351,0.163265306122,0.175074183976,
ind,2022,16,2022_16_LAC_IND,0.192926045016,0.890625,0.192307692308,0.18347107438,0.18347107438,0.183378917968,0.192307692308,,0.192926045016,
ind,2022,17,2022_17_IND_NYG,0.196666666667,0.890625,0.198717948718,0.18691588785,0.18691588785,0.192875123229,0.198717948718,,0.196666666667,
ind,2022,18,2022_18_HOU_IND,0.186666666667,0.828125,0.184931506849,0.184249628529,0.184249628529,0.184161799495,0.184931506849,,0.186666666667,
ind,2023,1,2023_01_JAX_IND,0.161073825503,0.671875,0.163265306122,0.183611532625,,0.168790410841,,0.101796407186,,0.116959064327
ind,2023,2,2023_02_IND_HOU,0.168253968254,0.703125,0.14465408805,0.172619047619,,0.158035008074,,0.0866666666667,,0.116923076923
ind,2023,3,2023_03_IND_BAL,0.146496815287,0.546875,0.0949367088608,0.161387631976,,0.137293111564,,0.112994350282,,0.11875
ind,2023,4,2023_04_LA_IND,0.139751552795,0.390625,0.102272727273,0.162686567164,,0.138607840236,,0.111801242236,,0.107255520505
ind,2023,5,2023_05_TEN_IND,0.130573248408,0.234375,0.101796407186,0.153609831029,0.101796407186,0.13062703742,0.101796407186,0.131428571429,,0.117469879518
ind,2023,6,2023_06_IND_JAX,0.116504854369,0.140625,0.0866666666667,0.154838709677,0.0954773869347,0.121576167806,0.0866666666667,0.142857142857,,0.119186046512
ind,2023,7,2023_07_CLE_IND,0.10447761194,0.078125,0.112994350282,0.148031496063,0.103053435115,0.121898404493,0.112994350282,0.125874125874,,0.120634920635
ind,2023,8,2023_08_NO_IND,0.106824925816,0.109375,0.111801242236,0.14442700157,0.108474576271,0.125119126322,0.111801242236,0.102564102564,,0.132930513595
ind,2023,9,2023_09_IND_CAR,0.116959064327,0.234375,0.131428571429,0.1375,0.116959064327,0.132060124413,0.131428571429,0.101910828025,0.116959064327,0.122186495177
ind,2023,10,2023_10_IND_NE,0.116923076923,0.203125,0.142857142857,0.1421875,0.117647058824,0.1319578302,0.142857142857,0.094674556213,0.116923076923,0.120521172638
ind,2023,12,2023_12_TB_IND,0.11875,0.203125,0.125874125874,0.132492113565,0.111111111111,0.117577411879,0.125874125874,0.116279069767,0.11875,
ind,2023,13,2023_13_IND_TEN,0.107255520505,0.171875,0.102564102564,0.123630672926,0.106430155211,0.106509017166,0.102564102564,0.16,0.107255520505,
ind,2023,14,2023_14_IND_CIN,0.117469879518,0.234375,0.101910828025,0.123839009288,0.112224448898,0.117690887003,0.101910828025,0.142857142857,0.117469879518,
ind,2023,15,2023_15_PIT_IND,0.119186046512,0.234375,0.094674556213,0.117917304747,0.110497237569,0.1122387658,0.094674556213,0.152173913043,0.119186046512,
ind,2023,16,2023_16_IND_ATL,0.120634920635,0.265625,0.116279069767,0.112307692308,0.112651646447,0.115925666344,0.116279069767,,0.120634920635,
ind,2023,17,2023_17_LV_IND,0.132930513595,0.484375,0.16,0.119760479042,0.121405750799,0.137274895199,0.16,,0.132930513595,
ind,2023,18,2023_18_HOU_IND,0.122186495177,0.234375,0.142857142857,0.119448698315,0.119448698315,0.130421935875,0.142857142857,,0.122186495177,
ind,2024,1,2024_01_HOU_IND,0.120521172638,0.265625,0.152173913043,0.118670886076,,0.127580269427,,0.132231404959,,0.12676056338
ind,2024,2,2024_02_IND_GB,0.126245847176,0.328125,0.139534883721,0.122383252818,,0.12295014624,,0.12925170068,,0.139455782313
ind,2024,3,2024_03_CHI_IND,0.129692832765,0.359375,0.0847457627119,0.118032786885,,0.11470474681,,0.118421052632,,0.147651006711
ind,2024,4,2024_04_PIT_IND,0.123134328358,0.203125,0.0964912280702,0.12,,0.11678317764,,0.119496855346,,0.14983713355
ind,2024,5,2024_05_IND_JAX,0.142857142857,0.546875,0.132231404959,0.129353233831,0.132231404959,0.136966610109,0.132231404959,0.122699386503,,0.14332247557
ind,2024,6,2024_06_IND_TEN,0.134057971014,0.421875,0.12925170068,0.126903553299,0.122093023256,0.127898394327,0.12925170068,0.149659863946,,0.144366197183
ind,2024,7,2024_07_MIA_IND,0.103703703704,0.109375,0.118421052632,0.119800332779,0.106976744186,0.111870796663,0.118421052632,0.178082191781,,0.170731707317
ind,2024,8,2024_08_IND_HOU,0.10989010989,0.140625,0.119496855346,0.116438356164,0.110204081633,0.114086717719,0.119496855346,0.182432432432,,0.169741697417
ind,2024,9,2024_09_IND_MIN,0.12676056338,0.328125,0.122699386503,0.123519458545,0.12676056338,0.135024001759,0.122699386503,0.166666666667,0.12676056338,0.149090909091
ind,2024,10,2024_10_BUF_IND,0.139455782313,0.421875,0.149659863946,0.132773109244,0.134796238245,0.146530217698,0.149659863946,0.138686131387,0.139455782313,0.137323943662
ind,2024,11,2024_11_IND_NYJ,0.147651006711,0.453125,0.178082191781,0.138747884941,0.135734072022,0.146891808503,0.178082191781,0.163120567376,0.147651006711,
ind,2024,12,2024_12_DET_IND,0.14983713355,0.515625,0.182432432432,0.137391304348,0.137404580153,0.148014507135,0.182432432432,0.154471544715,0.14983713355,
ind,2024,13,2024_13_IND_NE,0.14332247557,0.453125,0.166666666667,0.143109540636,0.140186915888,0.152618358876,0.166666666667,0.129770992366,0.14332247557,
ind,2024,15,2024_15_IND_DEN,0.144366197183,0.515625,0.138686131387,0.139285714286,0.135964912281,0.141545558346,0.138686131387,0.136054421769,0.144366197183,
ind,2024,16,2024_16_TEN_IND,0.170731707317,0.765625,0.163120567376,0.138240574506,0.143426294821,0.156613867866,0.163120567376,,0.170731707317,
ind,2024,17,2024_17_IND_NYG,0.169741697417,0.828125,0.154471544715,0.139705882353,0.141472868217,0.151151710958,0.154471544715,,0.169741697417,
ind,2024,18,2024_18_JAX_IND,0.149090909091,0.640625,0.129770992366,0.137745974955,0.137745974955,0.139242010374,0.129770992366,,0.149090909091,
ind,2025,1,2025_01_MIA_IND,0.137323943662,0.546875,0.136054421769,0.138408304498,,0.134398102903,,0.118881118881,,0.128113879004
ind,2025,2,2025_02_DEN_IND,0.126811594203,0.359375,0.0888888888889,0.137630662021,,0.122852047743,,0.125,,0.130718954248
ind,2025,3,2025_03_IND_TEN,0.12676056338,0.390625,0.105590062112,0.138747884941,,0.127826453847,,0.131386861314,,0.133550488599
ind,2025,4,2025_04_IND_LA,0.115107913669,0.296875,0.102040816327,0.129914529915,,0.118584288979,,0.146853146853,,0.144230769231
ind,2025,5,2025_05_LV_IND,0.127586206897,0.359375,0.118881118881,0.135888501742,0.118881118881,0.129528799586,0.118881118881,0.13768115942,,0.145214521452
ind,2025,6,2025_06_ARI_IND,0.10752688172,0.296875,0.125,0.139575971731,0.112359550562,0.123310329189,0.125,0.135802469136,,0.14696485623
ind,2025,7,2025_07_IND_LAC,0.11744966443,0.265625,0.131386861314,0.142355008787,0.123222748815,0.132488153309,0.131386861314,0.135294117647,,0.142394822006
ind,2025,8,2025_08_TEN_IND,0.124137931034,0.328125,0.146853146853,0.136283185841,0.126016260163,0.133081940751,0.146853146853,0.14201183432,,0.136942675159
ind,2025,9,2025_09_IND_PIT,0.128113879004,0.359375,0.13768115942,0.132743362832,0.128113879004,0.134025299981,0.13768115942,0.151515151515,0.128113879004,0.136942675159
ind,2025,10,2025_10_ATL_IND,0.130718954248,0.421875,0.135802469136,0.128865979381,0.123529411765,0.125662419398,0.135802469136,0.158940397351,0.130718954248,0.136054421769
ind,2025,12,2025_12_IND_KC,0.133550488599,0.484375,0.135294117647,0.130287648054,0.128608923885,0.133326186179,0.135294117647,0.151079136691,0.133550488599,
ind,2025,13,2025_13_HOU_IND,0.144230769231,0.546875,0.14201183432,0.130508474576,0.132530120482,0.139398377418,0.14201183432,0.131034482759,0.144230769231,
ind,2025,14,2025_14_IND_JAX,0.145214521452,0.609375,0.151515151515,0.136593591906,0.136771300448,0.147537830775,0.151515151515,0.120805369128,0.145214521452,
ind,2025,15,2025_15_IND_SEA,0.14696485623,0.609375,0.158940397351,0.128378378378,0.134419551935,0.139461741222,0.158940397351,0.111888111888,0.14696485623,
ind,2025,16,2025_16_SF_IND,0.142394822006,0.484375,0.151079136691,0.130148270181,0.134615384615,0.139530642842,0.151079136691,,0.142394822006,
ind,2025,17,2025_17_JAX_IND,0.136942675159,0.453125,0.131034482759,0.130794701987,0.132142857143,0.132973016619,0.131034482759,,0.136942675159,
ind,2025,18,2025_18_IND_HOU,0.136942675159,0.453125,0.120805369128,0.132773109244,0.132773109244,0.134795600273,0.120805369128,,0.136942675159,
jax,2022,1,2022_01_JAX_WAS,,,,,,,,0.114093959732,,0.0825396825397
jax,2022,2,2022_02_IND_JAX,,,,,,,,0.0533333333333,,0.0671140939597
jax,2022,3,2022_03_JAX_LAC,,,,,,,,0.0675675675676,,0.0757097791798
jax,2022,4,2022_04_JAX_PHI,,,,,,,,0.0645161290323,,0.0875
jax,2022,5,2022_05_HOU_JAX,0.114093959732,0.234375,0.114093959732,,0.114093959732,0.106191925122,0.114093959732,0.0542168674699,,0.0876132930514
jax,2022,6,2022_06_JAX_IND,0.0904522613065,0.078125,0.0533333333333,,0.0904522613065,0.0765435036234,0.0533333333333,0.0810810810811,,0.0889570552147
jax,2022,7,2022_07_NYG_JAX,0.0960698689956,0.171875,0.0675675675676,,0.0960698689956,0.0877350942518,0.0675675675676,0.0828402366864,,0.0879765395894
jax,2022,8,2022_08_DEN_JAX,0.0869565217391,0.078125,0.0645161290323,,0.0869565217391,0.0756011910129,0.0645161290323,0.109090909091,,0.102719033233
jax,2022,9,2022_09_LV_JAX,0.0825396825397,0.015625,0.0542168674699,0.0825396825397,0.0825396825397,0.0705065342755,0.0542168674699,0.121212121212,0.0825396825397,0.10736196319
jax,2022,10,2022_10_JAX_KC,0.0671140939597,0.015625,0.0810810810811,0.0864553314121,0.0864553314121,0.0797551854984,0.0810810810811,0.0955056179775,0.0671140939597,0.106707317073
jax,2022,12,2022_12_BAL_JAX,0.0757097791798,0.015625,0.0828402366864,0.0904522613065,0.0904522613065,0.0889773835265,0.0828402366864,0.093023255814,0.0757097791798,
jax,2022,13,2022_13_JAX_DET,0.0875,0.046875,0.109090909091,0.0952380952381,0.0952380952381,0.0988948034459,0.109090909091,0.0963855421687,0.0875,
jax,2022,14,2022_14_JAX_TEN,0.0876132930514,0.046875,0.121212121212,0.0958333333333,0.0958333333333,0.0995355689933,0.121212121212,0.0931677018634,0.0876132930514,
jax,2022,15,2022_15_DAL_JAX,0.0889570552147,0.046875,0.0955056179775,0.0895238095238,0.0895238095238,0.0845908534069,0.0955056179775,0.12,0.0889570552147,
jax,2022,16,2022_16_JAX_NYJ,0.0879765395894,0.078125,0.093023255814,0.0912280701754,0.0912280701754,0.0895477247249,0.093023255814,,0.0879765395894,
jax,2022,17,2022_17_JAX_HOU,0.102719033233,0.171875,0.0963855421687,0.0955518945634,0.0955518945634,0.10076800391,0.0963855421687,,0.102719033233,
jax,2022,18,2022_18_TEN_JAX,0.10736196319,0.203125,0.0931677018634,0.0951638065523,0.0951638065523,0.0989574998109,0.0931677018634,,0.10736196319,
jax,2023,1,2023_01_JAX_IND,0.106707317073,0.140625,0.12,0.0878594249201,,0.100327420304,,0.132183908046,,0.12426035503
jax,2023,2,2023_02_KC_JAX,0.105431309904,0.046875,0.120567375887,0.0904761904762,,0.102375973721,,0.142105263158,,0.139534883721
jax,2023,3,2023_03_HOU_JAX,0.105590062112,0.046875,0.115384615385,0.0965732087227,,0.109909593126,,0.142857142857,,0.130699088146
jax,2023,4,2023_04_ATL_JAX,0.105740181269,0.078125,0.117647058824,0.0966767371601,,0.10881753524,,0.122699386503,,0.123839009288
jax,2023,5,2023_05_JAX_BUF,0.126543209877,0.203125,0.132183908046,0.107692307692,0.132183908046,0.121727892742,0.132183908046,0.115853658537,,0.120481927711
jax,2023,6,2023_06_IND_JAX,0.132930513595,0.359375,0.142105263158,0.110119047619,0.137168141593,0.128197081756,0.142105263158,0.136363636364,,0.13056379822
jax,2023,7,2023_07_JAX_NO,0.129909365559,0.328125,0.142857142857,0.116314199396,0.136882129278,0.130243917721,0.142857142857,0.116883116883,,0.123209169054
jax,2023,8,2023_08_JAX_PIT,0.12012012012,0.265625,0.122699386503,0.113808801214,0.120401337793,0.111693302121,0.122699386503,0.125,,0.130434782609
jax,2023,10,2023_10_SF_JAX,0.12426035503,0.296875,0.115853658537,0.115615615616,0.12426035503,0.118409386606,0.115853658537,0.125,0.12426035503,0.134078212291
jax,2023,11,2023_11_TEN_JAX,0.139534883721,0.484375,0.136363636364,0.123287671233,0.136842105263,0.139250368801,0.136363636364,0.125683060109,0.139534883721,0.10989010989
jax,2023,12,2023_12_JAX_HOU,0.130699088146,0.265625,0.116883116883,0.118279569892,0.129496402878,0.125959528567,0.116883116883,0.128205128205,0.130699088146,
jax,2023,13,2023_13_CIN_JAX,0.123839009288,0.296875,0.125,0.114678899083,0.122004357298,0.112434073971,0.125,0.134615384615,0.123839009288,
jax,2023,14,2023_14_JAX_CLE,0.120481927711,0.296875,0.125,0.123475609756,0.124505928854,0.120465403411,0.125,0.142105263158,0.120481927711,
jax,2023,15,2023_15_BAL_JAX,0.13056379822,0.359375,0.125683060109,0.131736526946,0.133214920071,0.14028181219,0.125683060109,0.0939226519337,0.13056379822,
jax,2023,16,2023_16_JAX_TB,0.123209169054,0.296875,0.128205128205,0.126470588235,0.12908496732,0.129272878361,0.128205128205,,0.123209169054,
jax,2023,17,2023_17_CAR_JAX,0.130434782609,0.421875,0.134615384615,0.125534950071,0.125937031484,0.121950519838,0.134615384615,,0.130434782609,
jax,2023,18,2023_18_JAX_TEN,0.134078212291,0.546875,0.142105263158,0.129310344828,0.129310344828,0.131490792865,0.142105263158,,0.134078212291,
jax,2024,1,2024_01_JAX_MIA,0.10989010989,0.140625,0.0939226519337,0.124293785311,,0.11531367639,,0.154838709677,,0.124137931034
jax,2024,2,2024_02_CLE_JAX,0.118644067797,0.234375,0.106918238994,0.124450951684,,0.118669498135,,0.122699386503,,0.117056856187
jax,2024,3,2024_03_JAX_BUF,0.133522727273,0.359375,0.131944444444,0.128888888889,,0.128104495261,,0.126506024096,,0.11149825784
jax,2024,4,2024_04_JAX_HOU,0.139664804469,0.421875,0.136904761905,0.130434782609,,0.140156790173,,0.0814814814815,,0.093984962406
jax,2024,5,2024_05_IND_JAX,0.122023809524,0.296875,0.154838709677,0.126300148588,0.154838709677,0.132244489218,0.154838709677,0.0888888888889,,0.0905797101449
jax,2024,6,2024_06_JAX_CHI,0.114906832298,0.234375,0.122699386503,0.119225037258,0.126315789474,0.112924986482,0.122699386503,0.110294117647,,0.11231884058
jax,2024,7,2024_07_NE_JAX,0.129032258065,0.359375,0.126506024096,0.129793510324,0.137339055794,0.126938477742,0.126506024096,0.0909090909091,,0.0862068965517
jax,2024,8,2024_08_GB_JAX,0.112211221122,0.171875,0.0814814814815,0.124054462935,0.125490196078,0.114148928319,0.0814814814815,0.106870229008,,0.0926517571885
jax,2024,9,2024_09_JAX_PHI,0.124137931034,0.296875,0.0888888888889,0.11620795107,0.124137931034,0.112693770553,0.0888888888889,0.0921985815603,0.124137931034,0.0921052631579
jax,2024,10,2024_10_MIN_JAX,0.117056856187,0.234375,0.110294117647,0.117917304747,0.11963190184,0.108485387538,0.110294117647,0.114285714286,0.117056856187,0.0983606557377
jax,2024,11,2024_11_JAX_DET,0.11149825784,0.234375,0.0909090909091,0.123630672926,0.121468926554,0.113842421639,0.0909090909091,0.0828402366864,0.11149825784,
jax,2024,13,2024_13_HOU_JAX,0.093984962406,0.140625,0.106870229008,0.120192307692,0.119170984456,0.110206938914,0.106870229008,0.0824175824176,0.093984962406,
jax,2024,14,2024_14_JAX_TEN,0.0905797101449,0.109375,0.0921985815603,0.107843137255,0.113689095128,0.099381222485,0.0921985815603,0.0920245398773,0.0905797101449,
jax,2024,15,2024_15_NYJ_JAX,0.11231884058,0.234375,0.114285714286,0.113712374582,0.118025751073,0.111538584414,0.114285714286,0.0848484848485,0.11231884058,
jax,2024,16,2024_16_JAX_LV,0.0862068965517,0.171875,0.0828402366864,0.108333333333,0.108986615679,0.0930402716183,0.0828402366864,,0.0862068965517,
jax,2024,17,2024_17_TEN_JAX,0.0926517571885,0.171875,0.0824175824176,0.102272727273,0.107394366197,0.0913886586763,0.0824175824176,,0.0926517571885,
jax,2024,18,2024_18_JAX_IND,0.0921052631579,0.140625,0.0920245398773,0.107744107744,0.107744107744,0.0948524937053,0.0920245398773,,0.0921052631579,
jax,2025,1,2025_01_CAR_JAX,0.0983606557377,0.203125,0.0848484848485,0.10761589404,,0.101133301005,,0.0641025641026,,0.137931034483
jax,2025,2,2025_02_JAX_CIN,0.0870967741935,0.109375,0.0921985815603,0.0988274706868,,0.0895645471207,,0.104938271605,,0.150141643059
jax,2025,3,2025_03_HOU_JAX,0.0866873065015,0.109375,0.0921985815603,0.0899830220713,,0.0879702873713,,0.176470588235,,0.152694610778
jax,2025,4,2025_04_JAX_SF,0.0928792569659,0.171875,0.09375,0.0918196994992,,0.0924796653307,,0.195652173913,,0.156923076923
jax,2025,5,2025_05_KC_JAX,0.0747663551402,0.046875,0.0641025641026,0.0921273031826,0.0641025641026,0.0798665751259,0.0641025641026,0.197916666667,,0.17125382263
jax,2025,6,2025_06_SEA_JAX,0.0990099009901,0.203125,0.104938271605,0.0927487352445,0.0923076923077,0.100194101636,0.104938271605,0.188481675393,,0.149068322981
jax,2025,7,2025_07_LA_JAX,0.138263665595,0.5,0.176470588235,0.115384615385,0.141129032258,0.149086467332,0.176470588235,0.128048780488,,0.107142857143
jax,2025,9,2025_09_JAX_LV,0.148255813953,0.609375,0.195652173913,0.121913580247,0.14983713355,0.157847959687,0.195652173913,0.106382978723,,0.122448979592
jax,2025,10,2025_10_JAX_HOU,0.137931034483,0.484375,0.197916666667,0.119448698315,0.137931034483,0.141138074596,0.197916666667,0.133333333333,0.137931034483,0.138513513514
jax,2025,11,2025_11_LAC_JAX,0.150141643059,0.609375,0.188481675393,0.120663650075,0.139896373057,0.143644511452,0.188481675393,0.0916030534351,0.150141643059,0.124579124579
jax,2025,12,2025_12_JAX_ARI,0.152694610778,0.640625,0.128048780488,0.120243531202,0.135922330097,0.136734775503,0.128048780488,0.0833333333333,0.152694610778,
jax,2025,13,2025_13_JAX_TEN,0.156923076923,0.640625,0.106382978723,0.125,0.136160714286,0.137917649765,0.106382978723,0.137254901961,0.156923076923,
jax,2025,14,2025_14_IND_JAX,0.17125382263,0.765625,0.133333333333,0.123456790123,0.136645962733,0.138354326426,0.133333333333,0.142857142857,0.17125382263,
jax,2025,15,2025_15_NYJ_JAX,0.149068322981,0.640625,0.0916030534351,0.1248,0.127659574468,0.118838817636,0.0916030534351,0.150602409639,0.149068322981,
jax,2025,16,2025_16_JAX_DEN,0.107142857143,0.171875,0.0833333333333,0.122778675283,0.122302158273,0.107403055965,0.0833333333333,,0.107142857143,
jax,2025,17,2025_17_JAX_IND,0.122448979592,0.328125,0.137254901961,0.136363636364,0.136439267887,0.147044484941,0.137254901961,,0.122448979592,
jax,2025,18,2025_18_TEN_JAX,0.138513513514,0.484375,0.142857142857,0.138198757764,0.138198757764,0.150044622829,0.142857142857,,0.138513513514,
kc,2022,1,2022_01_KC_ARI,,,,,,,,0.122807017544,,0.12
kc,2022,2,2022_02_LAC_KC,,,,,,,,0.118644067797,,0.115869017632
kc,2022,3,2022_03_KC_IND,,,,,,,,0.13612565445,,0.12030075188
kc,2022,4,2022_04_KC_TB,,,,,,,,0.126984126984,,0.111111111111
kc,2022,5,2022_05_LV_KC,0.122807017544,0.296875,0.122807017544,,0.122807017544,0.123204940148,0.122807017544,0.117903930131,,0.119592875318
kc,2022,6,2022_06_BUF_KC,0.122171945701,0.296875,0.118644067797,,0.122171945701,0.122223645847,0.118644067797,0.113636363636,,0.118863049096
kc,2022,7,2022_07_KC_SF,0.131386861314,0.359375,0.13612565445,,0.131386861314,0.135475797292,0.13612565445,0.105769230769,,0.105263157895
kc,2022,9,2022_09_TEN_KC,0.123417721519,0.421875,0.126984126984,,0.123417721519,0.122161633397,0.126984126984,0.0972222222222,,0.10781671159
kc,2022,10,2022_10_JAX_KC,0.12,0.296875,0.117903930131,0.12,0.12,0.117192721703,0.117903930131,0.121951219512,0.12,0.102102102102
kc,2022,11,2022_11_KC_LAC,0.115869017632,0.328125,0.113636363636,0.1179138322,0.1179138322,0.114030026301,0.113636363636,0.125748502994,0.115869017632,0.104938271605
kc,2022,12,2022_12_LA_KC,0.12030075188,0.296875,0.105769230769,0.120331950207,0.120331950207,0.119225056536,0.105769230769,0.104651162791,0.12030075188,
kc,2022,13,2022_13_KC_CIN,0.111111111111,0.1875,0.0972222222222,0.112781954887,0.112781954887,0.104244962729,0.0972222222222,0.122580645161,0.111111111111,
kc,2022,14,2022_14_KC_DEN,0.119592875318,0.390625,0.121951219512,0.120567375887,0.120567375887,0.122581670181,0.121951219512,0.0828402366864,0.119592875318,
kc,2022,15,2022_15_KC_HOU,0.118863049096,0.390625,0.125748502994,0.120065789474,0.120065789474,0.121055475604,0.125748502994,0.0828025477707,0.118863049096,
kc,2022,16,2022_16_SEA_KC,0.105263157895,0.203125,0.104651162791,0.11620795107,0.11620795107,0.111283936483,0.104651162791,,0.105263157895,
kc,2022,17,2022_17_DEN_KC,0.10781671159,0.296875,0.122580645161,0.11499272198,0.11499272198,0.108637211751,0.122580645161,,0.10781671159,
kc,2022,18,2022_18_KC_LV,0.102102102102,0.140625,0.0828402366864,0.111869031378,0.111869031378,0.100944000766,0.0828402366864,,0.102102102102,
kc,2023,1,2023_01_DET_KC,0.104938271605,0.109375,0.0828025477707,0.110957004161,,0.103660022364,,0.140449438202,,0.148351648352
kc,2023,2,2023_02_KC_JAX,0.105740181269,0.078125,0.106918238994,0.113698630137,,0.111648544949,,0.156069364162,,0.14406779661
kc,2023,3,2023_03_CHI_KC,0.112462006079,0.203125,0.103448275862,0.111716621253,,0.106372033651,,0.161849710983,,0.156424581006
kc,2023,4,2023_04_KC_NYJ,0.1,0.015625,0.116959064327,0.110504774898,,0.107704973507,,0.151685393258,,0.150141643059
kc,2023,5,2023_05_KC_MIN,0.113432835821,0.109375,0.140449438202,0.116343490305,0.140449438202,0.12655395389,0.140449438202,0.155913978495,,0.142458100559
kc,2023,6,2023_06_DEN_KC,0.132530120482,0.328125,0.156069364162,0.11797752809,0.153846153846,0.140100243798,0.156069364162,0.132596685083,,0.138121546961
kc,2023,7,2023_07_LAC_KC,0.132564841499,0.453125,0.161849710983,0.119777158774,0.144981412639,0.134098662479,0.161849710983,0.151351351351,,0.136490250696
kc,2023,8,2023_08_KC_DEN,0.134670487106,0.453125,0.151685393258,0.118768328446,0.135646687697,0.125242306586,0.151685393258,0.148571428571,,0.148247978437
kc,2023,9,2023_09_MIA_KC,0.148351648352,0.578125,0.155913978495,0.127906976744,0.148351648352,0.145003142944,0.155913978495,0.127906976744,0.148351648352,0.13687150838
kc,2023,11,2023_11_PHI_KC,0.14406779661,0.515625,0.132596685083,0.125547445255,0.144278606965,0.139092204864,0.132596685083,0.14364640884,0.14406779661,0.152112676056
kc,2023,12,2023_12_KC_LV,0.156424581006,0.671875,0.151351351351,0.135371179039,0.147577092511,0.146953351433,0.151351351351,0.120689655172,0.156424581006,
kc,2023,13,2023_13_KC_GB,0.150141643059,0.640625,0.148571428571,0.125541125541,0.140243902439,0.132271283632,0.148571428571,0.147959183673,0.150141643059,
kc,2023,14,2023_14_BUF_KC,0.142458100559,0.609375,0.127906976744,0.128427128427,0.141791044776,0.137037599412,0.127906976744,0.145161290323,0.142458100559,
kc,2023,15,2023_15_KC_NE,0.138121546961,0.484375,0.14364640884,0.135446685879,0.144082332762,0.143793513075,0.14364640884,0.16091954023,0.138121546961,
kc,2023,16,2023_16_LV_KC,0.136490250696,0.640625,0.120689655172,0.134560906516,0.140127388535,0.134804105946,0.120689655172,,0.136490250696,
kc,2023,17,2023_17_CIN_KC,0.148247978437,0.671875,0.147959183673,0.141666666667,0.142441860465,0.142399487756,0.147959183673,,0.148247978437,
kc,2023,18,2023_18_KC_LAC,0.13687150838,0.609375,0.145161290323,0.142659279778,0.142659279778,0.143126405329,0.145161290323,,0.13687150838,
kc,2024,1,2024_01_BAL_KC,0.152112676056,0.703125,0.16091954023,0.148095909732,,0.158712567112,,0.148648648649,,0.142857142857
kc,2024,2,2024_02_CIN_KC,0.154761904762,0.640625,0.191358024691,0.155619596542,,0.166834058946,,0.12962962963,,0.141176470588
kc,2024,3,2024_03_KC_ATL,0.161676646707,0.765625,0.18115942029,0.155749636099,,0.159016117914,,0.157232704403,,0.149122807018
kc,2024,4,2024_04_KC_LAC,0.16265060241,0.828125,0.184931506849,0.152173913043,,0.159624405278,,0.13125,,0.147727272727
kc,2024,5,2024_05_NO_KC,0.155279503106,0.703125,0.148648648649,0.146198830409,0.148648648649,0.151008636986,0.148648648649,0.137931034483,,0.162162162162
kc,2024,7,2024_07_KC_SF,0.16049382716,0.765625,0.12962962963,0.147877013177,0.14358974359,0.147071921239,0.12962962963,0.151685393258,,0.181571815718
kc,2024,8,2024_08_KC_LV,0.16835016835,0.796875,0.157232704403,0.157185628743,0.157894736842,0.161312290749,0.157232704403,0.142076502732,,0.187830687831
kc,2024,9,2024_09_TB_KC,0.156862745098,0.609375,0.13125,0.146084337349,0.143911439114,0.14381344439,0.13125,0.161458333333,,0.1875
kc,2024,10,2024_10_DEN_KC,0.142857142857,0.453125,0.137931034483,0.147710487445,0.142857142857,0.142834107332,0.137931034483,0.183673469388,0.142857142857,0.178666666667
kc,2024,11,2024_11_KC_BUF,0.141176470588,0.453125,0.151685393258,0.147928994083,0.14745308311,0.149142854937,0.151685393258,0.20942408377,0.141176470588,0.192528735632
kc,2024,12,2024_12_KC_CAR,0.149122807018,0.484375,0.142076502732,0.155325443787,0.150851581509,0.155360683381,0.142076502732,0.230769230769,0.149122807018,
kc,2024,13,2024_13_LV_KC,0.147727272727,0.515625,0.161458333333,0.154970760234,0.151187904968,0.155018934673,0.161458333333,0.213541666667,0.147727272727,
kc,2024,14,2024_14_LAC_KC,0.162162162162,0.765625,0.183673469388,0.158959537572,0.158301158301,0.167669225918,0.183673469388,0.173184357542,0.162162162162,
kc,2024,15,2024_15_KC_CLE,0.181571815718,0.828125,0.20942408377,0.171717171717,0.168439716312,0.187986096191,0.20942408377,0.171974522293,0.181571815718,
kc,2024,16,2024_16_HOU_KC,0.187830687831,0.890625,0.230769230769,0.179259259259,0.176567656766,0.203702440204,0.230769230769,,0.187830687831,
kc,2024,17,2024_17_KC_PIT,0.1875,0.890625,0.213541666667,0.173913043478,0.169465648855,0.182056301673,0.213541666667,,0.1875,
kc,2024,18,2024_18_KC_DEN,0.178666666667,0.890625,0.173184357542,0.16212338594,0.16212338594,0.160334304591,0.173184357542,,0.178666666667,
kc,2025,1,2025_01_KC_LAC,0.192528735632,0.953125,0.171974522293,0.167151162791,,0.180770287912,,0.158192090395,,0.12893982808
kc,2025,2,2025_02_PHI_KC,0.190476190476,0.953125,0.141975308642,0.170243204578,,0.179425039084,,0.136363636364,,0.152492668622
kc,2025,3,2025_03_KC_NYG,0.202312138728,0.984375,0.188311688312,0.174785100287,,0.190108798303,,0.0971428571429,,0.140449438202
kc,2025,4,2025_04_BAL_KC,0.192878338279,0.953125,0.215189873418,0.176803394625,,0.183994737635,,0.0751445086705,,0.14402173913
kc,2025,5,2025_05_KC_JAX,0.164670658683,0.796875,0.158192090395,0.173541963016,0.158192090395,0.165307176368,0.158192090395,0.0988372093023,,0.159029649596
kc,2025,6,2025_06_DET_KC,0.139053254438,0.546875,0.136363636364,0.164804469274,0.143497757848,0.150693401555,0.136363636364,0.169696969697,,0.172131147541
kc,2025,7,2025_07_LV_KC,0.139817629179,0.515625,0.0971428571429,0.165497896213,0.133079847909,0.139622950032,0.0971428571429,0.182320441989,,0.1875
kc,2025,8,2025_08_WAS_KC,0.141993957704,0.484375,0.0751445086705,0.161473087819,0.123778501629,0.127290393844,0.0751445086705,0.205128205128,,0.198879551821
kc,2025,9,2025_09_KC_BUF,0.12893982808,0.390625,0.0988372093023,0.16068866571,0.12893982808,0.133216185343,0.0988372093023,0.211055276382,0.12893982808,0.208823529412
kc,2025,11,2025_11_KC_DEN,0.152492668622,0.640625,0.169696969697,0.171919770774,0.154639175258,0.172095903046,0.169696969697,0.174129353234,0.152492668622,0.204081632653
kc,2025,12,2025_12_IND_KC,0.140449438202,0.515625,0.182320441989,0.17094017094,0.153153153153,0.166077033862,0.182320441989,0.192513368984,0.140449438202,
kc,2025,13,2025_13_KC_DAL,0.14402173913,0.515625,0.205128205128,0.167375886525,0.155378486056,0.166762121581,0.205128205128,0.191358024691,0.14402173913,
kc,2025,14,2025_14_HOU_KC,0.159029649596,0.734375,0.211055276382,0.16170212766,0.158759124088,0.170391442613,0.211055276382,0.205673758865,0.159029649596,
kc,2025,15,2025_15_LAC_KC,0.172131147541,0.765625,0.174129353234,0.15625,0.161290322581,0.173034270044,0.174129353234,0.246478873239,0.172131147541,
kc,2025,16,2025_16_KC_TEN,0.1875,0.828125,0.192513368984,0.164992826399,0.164817749604,0.180621753442,0.192513368984,,0.1875,
kc,2025,17,2025_17_DEN_KC,0.198879551821,0.859375,0.191358024691,0.171511627907,0.164156626506,0.178209132876,0.191358024691,,0.198879551821,
kc,2025,18,2025_18_KC_LV,0.208823529412,0.859375,0.205673758865,0.168359941945,0.168359941945,0.18771739047,0.205673758865,,0.208823529412,
lac,2022,1,2022_01_LV_LAC,,,,,,,,0.106741573034,,0.100257069409
lac,2022,2,2022_02_LAC_KC,,,,,,,,0.0989010989011,,0.113350125945
lac,2022,3,2022_03_JAX_LAC,,,,,,,,0.0909090909091,,0.1227154047
lac,2022,4,2022_04_LAC_HOU,,,,,,,,0.0966183574879,,0.139534883721
lac,2022,5,2022_05_LAC_CLE,0.106741573034,0.140625,0.106741573034,,0.106741573034,0.103093976804,0.106741573034,0.0947867298578,,0.164179104478
lac,2022,6,2022_06_DEN_LAC,0.0963302752294,0.203125,0.0989010989011,,0.0963302752294,0.0896657961318,0.0989010989011,0.125581395349,,0.169047619048
lac,2022,7,2022_07_SEA_LAC,0.101754385965,0.171875,0.0909090909091,,0.101754385965,0.0996280758113,0.0909090909091,0.156756756757,,0.178391959799
lac,2022,9,2022_09_LAC_ATL,0.107558139535,0.203125,0.0966183574879,,0.107558139535,0.108968690747,0.0966183574879,0.188888888889,,0.186170212766
lac,2022,10,2022_10_LAC_SF,0.100257069409,0.140625,0.0947867298578,0.100257069409,0.100257069409,0.0966668859354,0.0947867298578,0.240837696335,0.100257069409,0.193370165746
lac,2022,11,2022_11_KC_LAC,0.113350125945,0.265625,0.125581395349,0.110854503464,0.110854503464,0.116242625221,0.125581395349,0.214634146341,0.113350125945,0.173076923077
lac,2022,12,2022_12_LAC_ARI,0.1227154047,0.359375,0.156756756757,0.123404255319,0.123404255319,0.139900071896,0.156756756757,0.197183098592,0.1227154047,
lac,2022,13,2022_13_LAC_LV,0.139534883721,0.546875,0.188888888889,0.135496183206,0.135496183206,0.161123898068,0.188888888889,0.183673469388,0.139534883721,
lac,2022,14,2022_14_MIA_LAC,0.164179104478,0.671875,0.240837696335,0.146551724138,0.146551724138,0.179438836462,0.240837696335,0.140350877193,0.164179104478,
lac,2022,15,2022_15_TEN_LAC,0.169047619048,0.671875,0.214634146341,0.144200626959,0.144200626959,0.167545980574,0.214634146341,0.119496855346,0.169047619048,
lac,2022,16,2022_16_LAC_IND,0.178391959799,0.765625,0.197183098592,0.146412884334,0.146412884334,0.169156287621,0.197183098592,,0.178391959799,
lac,2022,17,2022_17_LA_LAC,0.186170212766,0.859375,0.183673469388,0.148611111111,0.148611111111,0.171827963991,0.183673469388,,0.186170212766,
lac,2022,18,2022_18_LAC_DEN,0.193370165746,0.890625,0.140350877193,0.145139813582,0.145139813582,0.159240987375,0.140350877193,,0.193370165746,
lac,2023,1,2023_01_MIA_LAC,0.173076923077,0.796875,0.119496855346,0.141918528252,,0.139863521077,,0.109826589595,,0.14409221902
lac,2023,2,2023_02_LAC_TEN,0.156334231806,0.640625,0.101265822785,0.13925729443,,0.135295492046,,0.120879120879,,0.14367816092
lac,2023,3,2023_03_LAC_MIN,0.137741046832,0.390625,0.0838323353293,0.138666666667,,0.130863222081,,0.14367816092,,0.14367816092
lac,2023,4,2023_04_LV_LAC,0.114525139665,0.140625,0.0909090909091,0.140789473684,,0.125472323271,,0.130952380952,,0.155172413793
lac,2023,6,2023_06_DAL_LAC,0.114457831325,0.140625,0.109826589595,0.144946808511,0.109826589595,0.126145550845,0.109826589595,0.17816091954,,0.146892655367
lac,2023,7,2023_07_LAC_KC,0.111764705882,0.171875,0.120879120879,0.147696476965,0.119469026549,0.131200104914,0.120879120879,0.168674698795,,0.151428571429
lac,2023,8,2023_08_CHI_LAC,0.114369501466,0.171875,0.14367816092,0.152022315202,0.132575757576,0.142836369259,0.14367816092,0.14367816092,,0.146131805158
lac,2023,9,2023_09_LAC_NYJ,0.10985915493,0.171875,0.130952380952,0.152022315202,0.119741100324,0.126800567358,0.130952380952,0.177777777778,,0.158501440922
lac,2023,10,2023_10_DET_LAC,0.14409221902,0.546875,0.17816091954,0.158931082982,0.14409221902,0.15830394966,0.17816091954,0.116666666667,0.14409221902,0.126074498567
lac,2023,11,2023_11_LAC_GB,0.14367816092,0.515625,0.168674698795,0.150208623088,0.140306122449,0.148973795561,0.168674698795,0.135869565217,0.14367816092,0.129476584022
lac,2023,12,2023_12_BAL_LAC,0.14367816092,0.546875,0.14367816092,0.14064697609,0.13698630137,0.140571169278,0.14367816092,0.148571428571,0.14367816092,
lac,2023,13,2023_13_LAC_NE,0.155172413793,0.640625,0.177777777778,0.134560906516,0.141104294479,0.146057312197,0.177777777778,0.137724550898,0.155172413793,
lac,2023,14,2023_14_DEN_LAC,0.146892655367,0.640625,0.116666666667,0.131195335277,0.134724857685,0.132564413186,0.116666666667,0.136094674556,0.146892655367,
lac,2023,15,2023_15_LAC_LV,0.151428571429,0.671875,0.135869565217,0.131884057971,0.138888888889,0.141647725161,0.135869565217,0.122905027933,0.151428571429,
lac,2023,16,2023_16_BUF_LAC,0.146131805158,0.671875,0.148571428571,0.130434782609,0.140293637847,0.144195618397,0.148571428571,,0.146131805158,
lac,2023,17,2023_17_LAC_DEN,0.158501440922,0.765625,0.137724550898,0.133903133903,0.140243902439,0.144015301449,0.137724550898,,0.158501440922,
lac,2023,18,2023_18_KC_LAC,0.126074498567,0.296875,0.136094674556,0.135057471264,0.135057471264,0.130228019668,0.136094674556,,0.126074498567,
lac,2024,1,2024_01_LV_LAC,0.129476584022,0.421875,0.122905027933,0.136427566807,,0.131579498104,,0.220183486239,,0.20295202952
lac,2024,2,2024_02_LAC_CAR,0.135838150289,0.453125,0.122807017544,0.13976945245,,0.136550186122,,0.206611570248,,0.195488721805
lac,2024,3,2024_03_LAC_PIT,0.12539184953,0.328125,0.111842105263,0.140929535232,,0.131579972182,,0.211267605634,,0.19512195122
lac,2024,4,2024_04_KC_LAC,0.14657980456,0.578125,0.159420289855,0.146747352496,,0.14795836588,,0.191082802548,,0.179487179487
lac,2024,6,2024_06_LAC_DEN,0.159722222222,0.796875,0.220183486239,0.155172413793,0.220183486239,0.174254247028,0.220183486239,0.191358024691,,0.173633440514
lac,2024,7,2024_07_LAC_ARI,0.157534246575,0.671875,0.206611570248,0.151326053042,0.2,0.168561059173,0.206611570248,0.186206896552,,0.178571428571
lac,2024,8,2024_08_NO_LAC,0.159863945578,0.640625,0.211267605634,0.159126365055,0.189743589744,0.167506473401,0.211267605634,0.179310344828,,0.190789473684
lac,2024,9,2024_09_LAC_CLE,0.176271186441,0.828125,0.191082802548,0.149068322981,0.186440677966,0.166261925819,0.191082802548,0.167741935484,,0.195364238411
lac,2024,10,2024_10_TEN_LAC,0.20295202952,0.953125,0.191358024691,0.160883280757,0.20295202952,0.190187730811,0.191358024691,0.154362416107,0.20295202952,0.166666666667
lac,2024,11,2024_11_CIN_LAC,0.195488721805,0.953125,0.186206896552,0.161764705882,0.193220338983,0.179020318692,0.186206896552,0.171779141104,0.195488721805,0.162079510703
lac,2024,12,2024_12_BAL_LAC,0.19512195122,0.921875,0.179310344828,0.158415841584,0.185294117647,0.16959548721,0.179310344828,0.201257861635,0.19512195122,
lac,2024,13,2024_13_LAC_ATL,0.179487179487,0.828125,0.167741935484,0.163166397415,0.179028132992,0.163666414443,0.167741935484,0.224489795918,0.179487179487,
lac,2024,14,2024_14_LAC_KC,0.173633440514,0.828125,0.154362416107,0.16694490818,0.185714285714,0.178146844773,0.154362416107,0.177914110429,0.173633440514,
lac,2024,15,2024_15_TB_LAC,0.178571428571,0.828125,0.171779141104,0.168333333333,0.185589519651,0.17935632301,0.171779141104,0.15243902439,0.178571428571,
lac,2024,16,2024_16_DEN_LAC,0.190789473684,0.921875,0.201257861635,0.175585284281,0.190380761523,0.19163665678,0.201257861635,,0.190789473684,
lac,2024,17,2024_17_LAC_NE,0.195364238411,0.953125,0.224489795918,0.185929648241,0.191449814126,0.195548238191,0.224489795918,,0.195364238411,
lac,2024,18,2024_18_LAC_LV,0.166666666667,0.796875,0.177914110429,0.183533447684,0.183533447684,0.175688638188,0.177914110429,,0.166666666667,
lac,2025,1,2025_01_KC_LAC,0.162079510703,0.765625,0.15243902439,0.177065767285,,0.159043541017,,0.181318681319,,0.2
lac,2025,2,2025_02_LAC_LV,0.156923076923,0.703125,0.114457831325,0.174836601307,,0.147485479209,,0.211111111111,,0.22191011236
lac,2025,3,2025_03_DEN_LAC,0.153094462541,0.671875,0.0875,0.166397415186,,0.138494246576,,0.225806451613,,0.232876712329
lac,2025,4,2025_04_LAC_NYG,0.157738095238,0.703125,0.138728323699,0.165378670788,,0.160970727876,,0.225130890052,,0.22514619883
lac,2025,5,2025_05_WAS_LAC,0.167630057803,0.859375,0.181318681319,0.172782874618,0.181318681319,0.177874764755,0.181318681319,0.219101123596,,0.214285714286
lac,2025,6,2025_06_LAC_MIA,0.164739884393,0.796875,0.211111111111,0.176923076923,0.188340807175,0.184880576975,0.211111111111,0.232954545455,,0.219135802469
lac,2025,7,2025_07_IND_LAC,0.161849710983,0.75,0.225806451613,0.177469135802,0.187022900763,0.18418108981,0.225806451613,0.240223463687,,0.2375
lac,2025,8,2025_08_MIN_LAC,0.184065934066,0.921875,0.225130890052,0.176035502959,0.196923076923,0.195703044021,0.225130890052,0.225165562914,,0.227586206897
lac,2025,9,2025_09_LAC_TEN,0.2,0.953125,0.219101123596,0.181950509461,0.2,0.200763864971,0.219101123596,0.208333333333,0.2,0.21926910299
lac,2025,10,2025_10_PIT_LAC,0.22191011236,0.953125,0.232954545455,0.190895741557,0.208020050125,0.21392216045,0.232954545455,0.202702702703,0.22191011236,0.200636942675
lac,2025,11,2025_11_LAC_JAX,0.232876712329,0.984375,0.240223463687,0.196428571429,0.208616780045,0.214946291799,0.240223463687,0.234042553191,0.232876712329,
lac,2025,13,2025_13_LV_LAC,0.22514619883,0.953125,0.225165562914,0.191740412979,0.205882352941,0.208316125114,0.225165562914,0.230215827338,0.22514619883,
lac,2025,14,2025_14_PHI_LAC,0.214285714286,0.890625,0.208333333333,0.190119760479,0.202380952381,0.200689096801,0.208333333333,0.229299363057,0.214285714286,
lac,2025,15,2025_15_LAC_KC,0.219135802469,0.890625,0.202702702703,0.191044776119,0.206581352834,0.210255658746,0.202702702703,0.198795180723,0.219135802469,
lac,2025,16,2025_16_LAC_DAL,0.2375,0.984375,0.234042553191,0.198198198198,0.214776632302,0.230384920175,0.234042553191,,0.2375,
lac,2025,17,2025_17_HOU_LAC,0.227586206897,0.953125,0.230215827338,0.203363914373,0.211382113821,0.220568111604,0.230215827338,,0.227586206897,
lac,2025,18,2025_18_LAC_DEN,0.21926910299,0.921875,0.229299363057,0.208774583964,0.208774583964,0.212840674581,0.229299363057,,0.21926910299,
lar,2022,1,2022_01_BUF_LA,,,,,,,,0.198830409357,,0.189602446483
lar,2022,2,2022_02_ATL_LA,,,,,,,,0.169590643275,,0.182389937107
lar,2022,3,2022_03_LA_ARI,,,,,,,,0.177514792899,,0.198738170347
lar,2022,4,2022_04_LA_SF,,,,,,,,0.172222222222,,0.196875
lar,2022,5,2022_05_DAL_LA,0.198830409357,0.953125,0.198830409357,,0.198830409357,0.192720256181,0.198830409357,0.179487179487,,0.204013377926
lar,2022,6,2022_06_CAR_LA,0.203619909502,0.953125,0.169590643275,,0.203619909502,0.201036069267,0.169590643275,0.197278911565,,0.191780821918
lar,2022,8,2022_08_SF_LA,0.1875,0.859375,0.177514792899,,0.1875,0.177695171429,0.177514792899,0.222972972973,,0.217543859649
lar,2022,9,2022_09_LA_TB,0.183673469388,0.828125,0.172222222222,,0.183673469388,0.173592872256,0.172222222222,0.228571428571,,0.205776173285
lar,2022,10,2022_10_ARI_LA,0.189602446483,0.859375,0.179487179487,0.189602446483,0.189602446483,0.185724556597,0.179487179487,0.230769230769,0.189602446483,0.197026022305
lar,2022,11,2022_11_LA_NO,0.182389937107,0.859375,0.197278911565,0.201086956522,0.201086956522,0.207823124028,0.197278911565,0.186206896552,0.182389937107,0.19465648855
lar,2022,12,2022_12_LA_KC,0.198738170347,0.921875,0.222972972973,0.200495049505,0.200495049505,0.205449024322,0.222972972973,0.211678832117,0.198738170347,
lar,2022,13,2022_13_SEA_LA,0.196875,0.921875,0.228571428571,0.198156682028,0.198156682028,0.199648846484,0.228571428571,0.182481751825,0.196875,
lar,2022,14,2022_14_LV_LA,0.204013377926,0.921875,0.230769230769,0.202127659574,0.202127659574,0.208504940848,0.230769230769,0.15873015873,0.204013377926,
lar,2022,15,2022_15_LA_GB,0.191780821918,0.859375,0.186206896552,0.196881091618,0.196881091618,0.194718137804,0.186206896552,0.205128205128,0.191780821918,
lar,2022,16,2022_16_DEN_LA,0.217543859649,0.953125,0.211678832117,0.203327171904,0.203327171904,0.211702860603,0.211678832117,,0.217543859649,
lar,2022,17,2022_17_LA_LAC,0.205776173285,0.953125,0.182481751825,0.194395796848,0.194395796848,0.185682828507,0.182481751825,,0.205776173285,
lar,2022,18,2022_18_LA_SEA,0.197026022305,0.921875,0.15873015873,0.192953020134,0.192953020134,0.182438941059,0.15873015873,,0.197026022305,
lar,2023,1,2023_01_LA_SEA,0.19465648855,0.921875,0.205128205128,0.187931034483,,0.199503966109,,0.146596858639,,0.144144144144
lar,2023,2,2023_02_SF_LA,0.172284644195,0.765625,0.130769230769,0.186643835616,,0.170945627559,,0.177083333333,,0.152905198777
lar,2023,3,2023_03_LA_CIN,0.161616161616,0.734375,0.14375,0.179902755267,,0.156704207615,,0.188679245283,,0.149350649351
lar,2023,4,2023_04_LA_IND,0.161184210526,0.734375,0.162921348315,0.182421227197,,0.170139490636,,0.156862745098,,0.130434782609
lar,2023,5,2023_05_PHI_LA,0.168831168831,0.765625,0.146596858639,0.18,0.146596858639,0.173672273773,0.146596858639,0.140845070423,,0.110344827586
lar,2023,6,2023_06_ARI_LA,0.158385093168,0.640625,0.177083333333,0.186161449753,0.154506437768,0.177390322432,0.177083333333,0.118518518519,,0.115646258503
lar,2023,7,2023_07_PIT_LA,0.166144200627,0.671875,0.188679245283,0.184563758389,0.15,0.169736529726,0.188679245283,0.107382550336,,0.12131147541
lar,2023,8,2023_08_LA_DAL,0.160120845921,0.640625,0.156862745098,0.176666666667,0.144781144781,0.159005456544,0.156862745098,0.102739726027,,0.118421052632
lar,2023,9,2023_09_LA_GB,0.144144144144,0.546875,0.140845070423,0.166386554622,0.144144144144,0.154240389576,0.140845070423,0.0810810810811,0.144144144144,0.127035830619
lar,2023,11,2023_11_SEA_LA,0.152905198777,0.671875,0.118518518519,0.161616161616,0.141304347826,0.147503396936,0.118518518519,0.11320754717,0.152905198777,0.124183006536
lar,2023,12,2023_12_LA_ARI,0.149350649351,0.546875,0.107382550336,0.155371900826,0.134474327628,0.133796372218,0.107382550336,0.134615384615,0.149350649351,
lar,2023,13,2023_13_CLE_LA,0.130434782609,0.328125,0.102739726027,0.145936981758,0.130925507901,0.125600955013,0.102739726027,0.132911392405,0.130434782609,
lar,2023,14,2023_14_LA_BAL,0.110344827586,0.140625,0.0810810810811,0.140468227425,0.12474012474,0.112889551537,0.0810810810811,0.169811320755,0.110344827586,
lar,2023,15,2023_15_WAS_LA,0.115646258503,0.234375,0.11320754717,0.137987012987,0.132827324478,0.132189894641,0.11320754717,0.136054421769,0.115646258503,
lar,2023,16,2023_16_NO_LA,0.12131147541,0.265625,0.134615384615,0.144230769231,0.134513274336,0.137250060314,0.134615384615,,0.12131147541,
lar,2023,17,2023_17_LA_NYG,0.118421052632,0.171875,0.132911392405,0.140157480315,0.131447587354,0.128564280863,0.132911392405,,0.118421052632,
lar,2023,18,2023_18_LA_SF,0.127035830619,0.390625,0.169811320755,0.1359375,0.1359375,0.140106079487,0.169811320755,,0.127035830619,
lar,2024,1,2024_01_LA_DET,0.124183006536,0.296875,0.136054421769,0.139020537125,,0.133257881855,,0.210526315789,,0.168789808917
lar,2024,2,2024_02_LA_ARI,0.147798742138,0.609375,0.16049382716,0.148562300319,,0.154346876349,,0.202702702703,,0.151612903226
lar,2024,3,2024_03_SF_LA,0.167721518987,0.859375,0.20253164557,0.149593495935,,0.171186968479,,0.161971830986,,0.137254901961
lar,2024,4,2024_04_LA_CHI,0.180064308682,0.859375,0.190789473684,0.146422628952,,0.167999084915,,0.135135135135,,0.150470219436
lar,2024,5,2024_05_GB_LA,0.173913043478,0.859375,0.210526315789,0.14502529511,0.210526315789,0.16904802178,0.210526315789,0.12962962963,,0.153846153846
lar,2024,7,2024_07_LV_LA,0.18064516129,0.859375,0.202702702703,0.151219512195,0.208955223881,0.176905460897,0.202702702703,0.104938271605,,0.137583892617
lar,2024,8,2024_08_MIN_LA,0.183333333333,0.859375,0.161971830986,0.150662251656,0.193832599119,0.165703792179,0.161971830986,0.115853658537,,0.146666666667
lar,2024,9,2024_09_LA_SEA,0.163333333333,0.703125,0.135135135135,0.144975288303,0.172932330827,0.145689781861,0.135135135135,0.163742690058,,0.153024911032
lar,2024,10,2024_10_MIA_LA,0.168789808917,0.671875,0.12962962963,0.146774193548,0.168789808917,0.146017325222,0.12962962963,0.18,0.168789808917,0.14126394052
lar,2024,11,2024_11_LA_NE,0.151612903226,0.515625,0.104938271605,0.149681528662,0.162534435262,0.141991469336,0.104938271605,0.176470588235,0.151612903226,0.158490566038
lar,2024,12,2024_12_PHI_LA,0.137254901961,0.390625,0.115853658537,0.152733118971,0.161125319693,0.142598524239,0.115853658537,0.183823529412,0.137254901961,
lar,2024,13,2024_13_LA_NO,0.150470219436,0.546875,0.163742690058,0.165079365079,0.169336384439,0.162366733288,0.163742690058,0.136363636364,0.150470219436,
lar,2024,14,2024_14_BUF_LA,0.153846153846,0.671875,0.18,0.163666121113,0.172413793103,0.168930848386,0.18,0.0924369747899,0.153846153846,
lar,2024,15,2024_15_LA_SF,0.137583892617,0.390625,0.176470588235,0.159539473684,0.166332665331,0.155774493141,0.176470588235,0.139534883721,0.137583892617,
lar,2024,16,2024_16_LA_NYJ,0.146666666667,0.515625,0.183823529412,0.165,0.166982922201,0.159585992379,0.183823529412,,0.146666666667,
lar,2024,17,2024_17_ARI_LA,0.153024911032,0.578125,0.136363636364,0.15834767642,0.162705667276,0.147737480794,0.136363636364,,0.153024911032,
lar,2024,18,2024_18_SEA_LA,0.14126394052,0.609375,0.0924369747899,0.156089193825,0.156089193825,0.131558622902,0.0924369747899,,0.14126394052,
lar,2025,1,2025_01_HOU_LA,0.158490566038,0.734375,0.139534883721,0.154782608696,,0.149697825424,,0.183006535948,,0.131832797428
lar,2025,2,2025_02_LA_TEN,0.162361623616,0.734375,0.140740740741,0.149046793761,,0.152830789241,,0.14201183432,,0.136942675159
lar,2025,3,2025_03_LA_PHI,0.149425287356,0.609375,0.158940397351,0.15,,0.155242684385,,0.128834355828,,0.130718954248
lar,2025,4,2025_04_IND_LA,0.148698884758,0.609375,0.193333333333,0.151462994836,,0.162575478589,,0.105882352941,,0.116883116883
lar,2025,5,2025_05_SF_LA,0.163120567376,0.703125,0.183006535948,0.15,0.183006535948,0.167448943502,0.183006535948,0.0822784810127,,0.1
lar,2025,6,2025_06_LA_BAL,0.141447368421,0.640625,0.14201183432,0.144039735099,0.147783251232,0.140716071725,0.14201183432,0.131034482759,,0.106227106227
lar,2025,7,2025_07_LA_JAX,0.143312101911,0.609375,0.128834355828,0.147899159664,0.141630901288,0.136223864641,0.128834355828,0.132867132867,,0.118466898955
lar,2025,9,2025_09_NO_LA,0.146875,0.578125,0.105882352941,0.144312393888,0.134545454545,0.128508251236,0.105882352941,0.130434782609,,0.114093959732
lar,2025,10,2025_10_LA_SF,0.131832797428,0.390625,0.0822784810127,0.144097222222,0.131832797428,0.125791348476,0.0822784810127,0.121212121212,0.131832797428,0.114379084967
lar,2025,11,2025_11_SEA_LA,0.136942675159,0.484375,0.131034482759,0.148717948718,0.140804597701,0.14063741548,0.131034482759,0.078125,0.136942675159,0.099358974359
lar,2025,12,2025_12_TB_LA,0.130718954248,0.390625,0.132867132867,0.139329805996,0.13829787234,0.134903292496,0.132867132867,0.104166666667,0.130718954248,
lar,2025,13,2025_13_LA_CAR,0.116883116883,0.296875,0.130434782609,0.131715771231,0.133171912833,0.124926355194,0.130434782609,0.1,0.116883116883,
lar,2025,14,2025_14_LA_ARI,0.1,0.140625,0.121212121212,0.131118881119,0.128668171558,0.116938853295,0.121212121212,0.109195402299,0.1,
lar,2025,15,2025_15_DET_LA,0.106227106227,0.140625,0.078125,0.124783362218,0.123949579832,0.107401326034,0.078125,0.114130434783,0.106227106227,
lar,2025,16,2025_16_LA_SEA,0.118466898955,0.265625,0.104166666667,0.131447587354,0.128846153846,0.12288099177,0.104166666667,,0.118466898955,
lar,2025,17,2025_17_LA_ATL,0.114093959732,0.234375,0.1,0.131067961165,0.123909249564,0.11272606278,0.1,,0.114093959732,
lar,2025,18,2025_18_ARI_LA,0.114379084967,0.203125,0.109195402299,0.123176661264,0.123176661264,0.1115942859,0.109195402299,,0.114379084967,
lv,2022,1,2022_01_LV_LAC,,,,,,,,0.144444444444,,0.148936170213
lv,2022,2,2022_02_ARI_LV,,,,,,,,0.138728323699,,0.137195121951
lv,2022,3,2022_03_LV_TEN,,,,,,,,0.126582278481,,0.129230769231
lv,2022,4,2022_04_DEN_LV,,,,,,,,0.166666666667,,0.13141025641
lv,2022,5,2022_05_LV_KC,0.144444444444,0.515625,0.144444444444,,0.144444444444,0.138336192068,0.144444444444,0.154362416107,,0.125
lv,2022,7,2022_07_HOU_LV,0.152073732719,0.640625,0.138728323699,,0.152073732719,0.150430975748,0.138728323699,0.135483870968,,0.116838487973
lv,2022,8,2022_08_LV_NO,0.146341463415,0.546875,0.126582278481,,0.146341463415,0.141905586221,0.126582278481,0.131736526946,,0.117647058824
lv,2022,9,2022_09_LV_JAX,0.158620689655,0.671875,0.166666666667,,0.158620689655,0.162961541725,0.166666666667,0.0987654320988,,0.104377104377
lv,2022,10,2022_10_IND_LV,0.148936170213,0.609375,0.154362416107,0.148936170213,0.148936170213,0.145208211993,0.154362416107,0.0967741935484,0.148936170213,0.123745819398
lv,2022,11,2022_11_LV_DEN,0.137195121951,0.546875,0.135483870968,0.145161290323,0.145161290323,0.139048050432,0.135483870968,0.0955882352941,0.137195121951,0.149350649351
lv,2022,12,2022_12_LV_SEA,0.129230769231,0.484375,0.131736526946,0.140435835351,0.140435835351,0.130979182768,0.131736526946,0.10071942446,0.129230769231,
lv,2022,13,2022_13_LAC_LV,0.13141025641,0.484375,0.0987654320988,0.137168141593,0.137168141593,0.125855003494,0.0987654320988,0.111111111111,0.13141025641,
lv,2022,14,2022_14_LV_LA,0.125,0.390625,0.0967741935484,0.132231404959,0.132231404959,0.116375054105,0.0967741935484,0.152777777778,0.125,
lv,2022,15,2022_15_NE_LV,0.116838487973,0.328125,0.0955882352941,0.13188976378,0.13188976378,0.117390589109,0.0955882352941,0.191860465116,0.116838487973,
lv,2022,16,2022_16_LV_PIT,0.117647058824,0.328125,0.10071942446,0.130434782609,0.130434782609,0.116623715446,0.10071942446,,0.117647058824,
lv,2022,17,2022_17_SF_LV,0.104377104377,0.203125,0.111111111111,0.131175468484,0.131175468484,0.120871934671,0.111111111111,,0.104377104377,
lv,2022,18,2022_18_KC_LV,0.123745819398,0.328125,0.152777777778,0.136942675159,0.136942675159,0.139028479764,0.152777777778,,0.123745819398,
lv,2023,1,2023_01_LV_DEN,0.149350649351,0.515625,0.191860465116,0.143081761006,,0.166888265377,,0.1125,,0.126213592233
lv,2023,2,2023_02_LV_BUF,0.150501672241,0.515625,0.19375,0.139423076923,,0.156724760266,,0.128834355828,,0.122516556291
lv,2023,3,2023_03_PIT_LV,0.15034965035,0.578125,0.185430463576,0.140468227425,,0.147974271685,,0.127167630058,,0.136363636364
lv,2023,4,2023_04_LV_LAC,0.159609120521,0.609375,0.165644171779,0.142389525368,,0.148904262719,,0.100591715976,,0.133779264214
lv,2023,5,2023_05_GB_LV,0.153614457831,0.609375,0.1125,0.136436597111,0.1125,0.138985699853,0.1125,0.140939597315,,0.136842105263
lv,2023,6,2023_06_NE_LV,0.160990712074,0.640625,0.128834355828,0.139904610493,0.123076923077,0.14407510352,0.128834355828,0.115107913669,,0.132867132867
lv,2023,7,2023_07_LV_CHI,0.154320987654,0.609375,0.127167630058,0.130434782609,0.116883116883,0.133641233869,0.127167630058,0.148148148148,,0.131944444444
lv,2023,8,2023_08_LV_DET,0.132530120482,0.421875,0.100591715976,0.128367670365,0.107142857143,0.119504909828,0.100591715976,0.176923076923,,0.155893536122
lv,2023,9,2023_09_NYG_LV,0.126213592233,0.359375,0.140939597315,0.137763371151,0.126213592233,0.143692757938,0.140939597315,0.132352941176,0.126213592233,0.133802816901
lv,2023,10,2023_10_NYJ_LV,0.122516556291,0.265625,0.115107913669,0.136439267887,0.119760479042,0.132192891987,0.115107913669,0.149659863946,0.122516556291,0.142857142857
lv,2023,11,2023_11_LV_MIA,0.136363636364,0.453125,0.148148148148,0.143097643098,0.128415300546,0.145695923077,0.148148148148,0.117647058824,0.136363636364,
lv,2023,12,2023_12_KC_LV,0.133779264214,0.359375,0.176923076923,0.146864686469,0.129268292683,0.144580659542,0.176923076923,0.135338345865,0.133779264214,
lv,2023,14,2023_14_MIN_LV,0.136842105263,0.453125,0.132352941176,0.145867098865,0.12808988764,0.139843825237,0.132352941176,0.135135135135,0.136842105263,
lv,2023,15,2023_15_LAC_LV,0.132867132867,0.421875,0.149659863946,0.147783251232,0.128898128898,0.140018113089,0.149659863946,0.136054421769,0.132867132867,
lv,2023,16,2023_16_LV_KC,0.131944444444,0.453125,0.117647058824,0.143790849673,0.125240847784,0.129328139164,0.117647058824,,0.131944444444,
lv,2023,17,2023_17_LV_IND,0.155893536122,0.703125,0.135338345865,0.142857142857,0.130755064457,0.142361566979,0.135338345865,,0.155893536122,
lv,2023,18,2023_18_DEN_LV,0.133802816901,0.546875,0.135135135135,0.129848229342,0.129848229342,0.135363628647,0.135135135135,,0.133802816901,
lv,2024,1,2024_01_LV_LAC,0.142857142857,0.59375,0.136054421769,0.13255033557,,0.136956540529,,0.158536585366,,0.157270029674
lv,2024,2,2024_02_LV_BAL,0.135313531353,0.421875,0.153333333333,0.135842880524,,0.139131536377,,0.153846153846,,0.178041543027
lv,2024,3,2024_03_CAR_LV,0.147540983607,0.546875,0.156976744186,0.140728476821,,0.154669565661,,0.114457831325,,0.158357771261
lv,2024,4,2024_04_CLE_LV,0.147798742138,0.609375,0.158823529412,0.142620232172,,0.149355051717,,0.138554216867,,0.162921348315
lv,2024,5,2024_05_LV_DEN,0.147909967846,0.578125,0.158536585366,0.140703517588,0.158536585366,0.147680276187,0.158536585366,0.156069364162,,0.157608695652
lv,2024,6,2024_06_PIT_LV,0.153605015674,0.640625,0.153846153846,0.143327841845,0.152380952381,0.144912835355,0.153846153846,0.202380952381,,0.158904109589
lv,2024,7,2024_07_LV_LA,0.136094674556,0.453125,0.114457831325,0.144758735441,0.138339920949,0.132359753926,0.114457831325,0.2,,0.165311653117
lv,2024,8,2024_08_KC_LV,0.14880952381,0.546875,0.138554216867,0.141935483871,0.14950166113,0.145901577959,0.138554216867,0.184210526316,,0.152588555858
lv,2024,9,2024_09_LV_CIN,0.157270029674,0.609375,0.156069364162,0.150554675119,0.157270029674,0.157996115256,0.156069364162,0.158974358974,0.157270029674,0.135869565217
lv,2024,11,2024_11_LV_MIA,0.178041543027,0.828125,0.202380952381,0.1578125,0.174603174603,0.184496222964,0.202380952381,0.121827411168,0.178041543027,0.114754098361
lv,2024,12,2024_12_DEN_LV,0.158357771261,0.671875,0.2,0.153250773994,0.163551401869,0.16415526121,0.2,0.134020618557,0.158357771261,
lv,2024,13,2024_13_LV_KC,0.162921348315,0.734375,0.184210526316,0.155786350148,0.162932790224,0.163297678342,0.184210526316,0.118644067797,0.162921348315,
lv,2024,14,2024_14_LV_TB,0.157608695652,0.703125,0.158974358974,0.153166421208,0.157894736842,0.153405792044,0.158974358974,0.109826589595,0.157608695652,
lv,2024,15,2024_15_ATL_LV,0.158904109589,0.609375,0.121827411168,0.156432748538,0.15652173913,0.15182278826,0.121827411168,0.10650887574,0.158904109589,
lv,2024,16,2024_16_JAX_LV,0.165311653117,0.703125,0.134020618557,0.151343705799,0.154340836013,0.147042813768,0.134020618557,,0.165311653117,
lv,2024,17,2024_17_LV_NO,0.152588555858,0.578125,0.118644067797,0.150782361309,0.15119760479,0.140789472867,0.118644067797,,0.152588555858,
lv,2024,18,2024_18_LAC_LV,0.135869565217,0.546875,0.109826589595,0.14609929078,0.14609929078,0.128459886081,0.109826589595,,0.135869565217,
lv,2025,1,2025_01_LV_NE,0.114754098361,0.328125,0.10650887574,0.145092460882,,0.128241760258,,0.162162162162,,0.145833333333
lv,2025,2,2025_02_LAC_LV,0.132768361582,0.515625,0.13125,0.145323741007,,0.143719206755,,0.130718954248,,0.15331010453
lv,2025,3,2025_03_LV_WAS,0.122093023256,0.359375,0.125748502994,0.142857142857,,0.133880197206,,0.170542635659,,0.175438596491
lv,2025,4,2025_04_CHI_LV,0.139053254438,0.515625,0.169696969697,0.148725212465,,0.150966712626,,0.128205128205,,0.196774193548
lv,2025,5,2025_05_LV_IND,0.132492113565,0.453125,0.162162162162,0.146627565982,0.162162162162,0.141176970311,0.162162162162,0.128571428571,,0.216981132075
lv,2025,6,2025_06_TEN_LV,0.130990415335,0.421875,0.130718954248,0.149560117302,0.151832460733,0.137431922862,0.130718954248,0.179104477612,,0.226114649682
lv,2025,7,2025_07_LV_KC,0.14527027027,0.578125,0.170542635659,0.149321266968,0.163636363636,0.149979109826,0.170542635659,0.179487179487,,0.231746031746
lv,2025,9,2025_09_JAX_LV,0.152482269504,0.671875,0.128205128205,0.143076923077,0.156378600823,0.142248156041,0.128205128205,0.238341968912,,0.228840125392
lv,2025,10,2025_10_LV_DEN,0.145833333333,0.609375,0.128571428571,0.128440366972,0.145833333333,0.129165555684,0.128571428571,0.286516853933,0.145833333333,0.25
lv,2025,11,2025_11_DAL_LV,0.15331010453,0.703125,0.179104477612,0.141965678627,0.163076923077,0.158540236733,0.179104477612,0.261111111111,0.15331010453,0.234527687296
lv,2025,12,2025_12_CLE_LV,0.175438596491,0.828125,0.179487179487,0.14626391097,0.170212765957,0.171233716006,0.179487179487,0.283018867925,0.175438596491,
lv,2025,13,2025_13_LV_LAC,0.196774193548,0.890625,0.238341968912,0.166666666667,0.192660550459,0.210820019853,0.238341968912,0.214285714286,0.196774193548,
lv,2025,14,2025_14_DEN_LV,0.216981132075,0.921875,0.286516853933,0.174803149606,0.199570815451,0.222870048147,0.286516853933,0.201492537313,0.216981132075,
lv,2025,15,2025_15_LV_PHI,0.226114649682,0.984375,0.261111111111,0.178628389155,0.19801980198,0.216889254403,0.261111111111,0.196850393701,0.226114649682,
lv,2025,16,2025_16_LV_HOU,0.231746031746,0.984375,0.283018867925,0.189852700491,0.203738317757,0.229315233877,0.283018867925,,0.231746031746,
lv,2025,17,2025_17_NYG_LV,0.228840125392,0.953125,0.214285714286,0.193011647255,0.197508896797,0.2116611172,0.214285714286,,0.228840125392,
lv,2025,18,2025_18_KC_LV,0.25,0.953125,0.201492537313,0.2,0.2,0.217035203196,0.201492537313,,0.25,
mia,2022,1,2022_01_NE_MIA,,,,,,,,0.134615384615,,0.158208955224
mia,2022,2,2022_02_MIA_BAL,,,,,,,,0.1875,,0.147147147147
mia,2022,3,2022_03_BUF_MIA,,,,,,,,0.246987951807,,0.155063291139
mia,2022,4,2022_04_MIA_CIN,,,,,,,,0.217877094972,,0.152492668622
mia,2022,5,2022_05_MIA_NYJ,0.134615384615,0.453125,0.134615384615,,0.134615384615,0.140266240637,0.134615384615,0.178770949721,,0.142857142857
mia,2022,6,2022_06_MIN_MIA,0.188775510204,0.859375,0.1875,,0.188775510204,0.21316920084,0.1875,0.109826589595,,0.108761329305
mia,2022,7,2022_07_PIT_MIA,0.196078431373,0.921875,0.246987951807,,0.196078431373,0.215534598061,0.246987951807,0.0533333333333,,0.0882352941176
mia,2022,8,2022_08_MIA_DET,0.174061433447,0.796875,0.217877094972,,0.174061433447,0.177365836618,0.217877094972,0.0802469135802,,0.107744107744
mia,2022,9,2022_09_MIA_CHI,0.158208955224,0.640625,0.178770949721,0.158208955224,0.158208955224,0.150174739774,0.178770949721,0.101910828025,0.158208955224,0.12292358804
mia,2022,10,2022_10_CLE_MIA,0.147147147147,0.578125,0.109826589595,0.151761517615,0.151761517615,0.139776261291,0.109826589595,0.107594936709,0.147147147147,0.142857142857
mia,2022,12,2022_12_HOU_MIA,0.155063291139,0.640625,0.0533333333333,0.143209876543,0.143209876543,0.125079602537,0.0533333333333,0.121794871795,0.155063291139,
mia,2022,13,2022_13_MIA_SF,0.152492668622,0.640625,0.0802469135802,0.140659340659,0.140659340659,0.123943116011,0.0802469135802,0.140740740741,0.152492668622,
mia,2022,14,2022_14_MIA_LAC,0.142857142857,0.578125,0.101910828025,0.140243902439,0.140243902439,0.125784218495,0.101910828025,0.145833333333,0.142857142857,
mia,2022,15,2022_15_MIA_BUF,0.108761329305,0.171875,0.107594936709,0.138519924099,0.138519924099,0.12398866913,0.107594936709,0.181818181818,0.108761329305,
mia,2022,16,2022_16_GB_MIA,0.0882352941176,0.078125,0.121794871795,0.137254901961,0.137254901961,0.123019506675,0.121794871795,,0.0882352941176,
mia,2022,17,2022_17_MIA_NE,0.107744107744,0.265625,0.140740740741,0.140677966102,0.140677966102,0.134276674046,0.140740740741,,0.107744107744,
mia,2022,18,2022_18_NYJ_MIA,0.12292358804,0.296875,0.145833333333,0.141509433962,0.141509433962,0.137892280737,0.145833333333,,0.12292358804,
mia,2023,1,2023_01_MIA_LAC,0.142857142857,0.453125,0.181818181818,0.145110410095,,0.156637838015,,0.0903225806452,,0.0814332247557
mia,2023,2,2023_02_MIA_NE,0.137820512821,0.453125,0.153846153846,0.146496815287,,0.135167469236,,0.10071942446,,0.0963455149502
mia,2023,3,2023_03_DEN_MIA,0.132203389831,0.359375,0.125,0.143081761006,,0.124385807248,,0.0935251798561,,0.0967741935484
mia,2023,4,2023_04_MIA_BUF,0.121951219512,0.234375,0.0979020979021,0.133226324238,,0.111249168287,,0.122448979592,,0.101910828025
mia,2023,5,2023_05_NYG_MIA,0.134228187919,0.390625,0.0903225806452,0.120826709062,0.0903225806452,0.125265650469,0.0903225806452,0.0723684210526,,0.0850340136054
mia,2023,6,2023_06_CAR_MIA,0.128813559322,0.296875,0.10071942446,0.108153078203,0.0860215053763,0.114968298324,0.10071942446,0.0925925925926,,0.0983606557377
mia,2023,7,2023_07_MIA_PHI,0.110367892977,0.140625,0.0935251798561,0.109060402685,0.0776255707763,0.102842017841,0.0935251798561,0.0994152046784,,0.112582781457
mia,2023,8,2023_08_NE_MIA,0.110344827586,0.171875,0.122448979592,0.116751269036,0.08984375,0.11380021429,0.122448979592,0.0838323353293,,0.108552631579
mia,2023,9,2023_09_MIA_KC,0.0814332247557,0.015625,0.0723684210526,0.111842105263,0.0814332247557,0.097385634218,0.0723684210526,0.0985915492958,0.0814332247557,0.11744966443
mia,2023,11,2023_11_LV_MIA,0.0963455149502,0.046875,0.0925925925926,0.117455138662,0.0890804597701,0.106488859989,0.0925925925926,0.104895104895,0.0963455149502,0.111111111111
mia,2023,12,2023_12_MIA_NYJ,0.0967741935484,0.015625,0.0994152046784,0.114049586777,0.0871794871795,0.0999872087327,0.0994152046784,0.129770992366,0.0967741935484,
mia,2023,13,2023_13_MIA_WAS,0.101910828025,0.140625,0.0838323353293,0.111480865225,0.0874704491726,0.0983064572322,0.0838323353293,0.138686131387,0.101910828025,
mia,2023,14,2023_14_TEN_MIA,0.0850340136054,0.015625,0.0985915492958,0.109797297297,0.086859688196,0.0955497644121,0.0985915492958,0.134615384615,0.0850340136054,
mia,2023,15,2023_15_NYJ_MIA,0.0983606557377,0.046875,0.104895104895,0.113333333333,0.0936863543788,0.10890536283,0.104895104895,0.11724137931,0.0983606557377,
mia,2023,16,2023_16_DAL_MIA,0.112582781457,0.140625,0.129770992366,0.111480865225,0.0978886756238,0.116196878985,0.129770992366,,0.112582781457,
mia,2023,17,2023_17_MIA_BAL,0.108552631579,0.046875,0.138686131387,0.109427609428,0.1,0.117890231858,0.138686131387,,0.108552631579,
mia,2023,18,2023_18_BUF_MIA,0.11744966443,0.140625,0.134615384615,0.099173553719,0.099173553719,0.110673650899,0.134615384615,,0.11744966443,
mia,2024,1,2024_01_JAX_MIA,0.111111111111,0.171875,0.11724137931,0.103565365025,,0.109607621725,,0.16149068323,,0.135313531353
mia,2024,2,2024_02_BUF_MIA,0.113402061856,0.171875,0.1,0.104825291181,,0.10591271066,,0.175324675325,,0.141868512111
mia,2024,3,2024_03_MIA_SEA,0.115894039735,0.171875,0.0969696969697,0.108766233766,,0.107941082835,,0.19014084507,,0.133333333333
mia,2024,4,2024_04_TEN_MIA,0.141509433962,0.484375,0.148148148148,0.114379084967,,0.138813075361,,0.127659574468,,0.0979020979021
mia,2024,5,2024_05_MIA_NE,0.140522875817,0.484375,0.16149068323,0.119476268412,0.16149068323,0.143175062534,0.16149068323,0.105633802817,,0.0935483870968
mia,2024,7,2024_07_MIA_IND,0.136942675159,0.515625,0.175324675325,0.125,0.155778894472,0.142250343217,0.175324675325,0.103703703704,,0.0745341614907
mia,2024,8,2024_08_ARI_MIA,0.14006514658,0.453125,0.19014084507,0.124386252046,0.155844155844,0.1440882166,0.19014084507,0.0769230769231,,0.0648967551622
mia,2024,9,2024_09_MIA_BUF,0.138613861386,0.390625,0.127659574468,0.128119800333,0.143382352941,0.13248179573,0.127659574468,0.0689655172414,,0.0600600600601
mia,2024,10,2024_10_MIA_LA,0.135313531353,0.328125,0.105633802817,0.123519458545,0.135313531353,0.122511256728,0.105633802817,0.0833333333333,0.135313531353,0.0766961651917
mia,2024,11,2024_11_LV_MIA,0.141868512111,0.390625,0.103703703704,0.127586206897,0.134730538922,0.124119573042,0.103703703704,0.0534759358289,0.141868512111,0.0868347338936
mia,2024,12,2024_12_NE_MIA,0.133333333333,0.359375,0.0769230769231,0.124361158433,0.125668449198,0.11056904513,0.0769230769231,0.0561224489796,0.133333333333,
mia,2024,13,2024_13_MIA_GB,0.0979020979021,0.140625,0.0689655172414,0.120860927152,0.117505995204,0.0983587475374,0.0689655172414,0.0531914893617,0.0979020979021,
mia,2024,14,2024_14_NYJ_MIA,0.0935483870968,0.171875,0.0833333333333,0.116883116883,0.116772823779,0.100505022115,0.0833333333333,0.0701754385965,0.0935483870968,
mia,2024,15,2024_15_MIA_HOU,0.0745341614907,0.0625,0.0534759358289,0.10534591195,0.10556621881,0.0797142856593,0.0534759358289,0.123529411765,0.0745341614907,
mia,2024,16,2024_16_SF_MIA,0.0648967551622,0.015625,0.0561224489796,0.100619195046,0.101754385965,0.0756951471814,0.0561224489796,,0.0648967551622,
mia,2024,17,2024_17_MIA_CLE,0.0600600600601,0.015625,0.0531914893617,0.0974842767296,0.097520661157,0.0688528661134,0.0531914893617,,0.0600600600601,
mia,2024,18,2024_18_MIA_NYJ,0.0766961651917,0.046875,0.0701754385965,0.104361370717,0.104361370717,0.0911305542128,0.0701754385965,,0.0766961651917,
mia,2025,1,2025_01_MIA_IND,0.0868347338936,0.109375,0.123529411765,0.111455108359,,0.109297515337,,0.0833333333333,,0.0921501706485
mia,2025,2,2025_02_NE_MIA,0.0991501416431,0.234375,0.152866242038,0.114420062696,,0.117732427769,,0.06,,0.0863787375415
mia,2025,3,2025_03_MIA_BUF,0.107954545455,0.234375,0.170731707317,0.103448275862,,0.1161521435,,0.0544217687075,,0.0821428571429
mia,2025,4,2025_04_NYJ_MIA,0.0985074626866,0.265625,0.128048780488,0.0961240310078,,0.102039147738,,0.0884353741497,,0.0936329588015
mia,2025,5,2025_05_MIA_CAR,0.105095541401,0.265625,0.0833333333333,0.0896226415094,0.0833333333333,0.088796424639,0.0833333333333,0.10067114094,,0.116541353383
mia,2025,6,2025_06_LAC_MIA,0.107491856678,0.265625,0.06,0.0851393188854,0.0806451612903,0.0850764607968,0.06,0.112582781457,,0.125506072874
mia,2025,7,2025_07_MIA_CLE,0.11575562701,0.234375,0.0544217687075,0.0869565217391,0.0844444444444,0.0881500130395,0.0544217687075,0.112781954887,,0.132780082988
mia,2025,8,2025_08_MIA_ATL,0.109324758842,0.203125,0.0884353741497,0.0923076923077,0.0954198473282,0.100255227747,0.0884353741497,0.1,,0.127118644068
mia,2025,9,2025_09_BAL_MIA,0.0921501706485,0.109375,0.10067114094,0.0892307692308,0.0921501706485,0.0950245914138,0.10067114094,0.136752136752,0.0921501706485,0.134199134199
mia,2025,10,2025_10_BUF_MIA,0.0863787375415,0.046875,0.112582781457,0.0932721712538,0.0949554896142,0.0990997415512,0.112582781457,0.145833333333,0.0863787375415,0.160550458716
mia,2025,11,2025_11_WAS_MIA,0.0821428571429,0.015625,0.112781954887,0.0965189873418,0.0949720670391,0.0993858699478,0.112781954887,0.157407407407,0.0821428571429,
mia,2025,13,2025_13_NO_MIA,0.0936329588015,0.109375,0.1,0.0963455149502,0.0968586387435,0.102295877272,0.1,0.155172413793,0.0936329588015,
mia,2025,14,2025_14_MIA_NYJ,0.116541353383,0.296875,0.136752136752,0.110344827586,0.10487804878,0.120379427715,0.136752136752,0.131578947368,0.116541353383,
mia,2025,15,2025_15_MIA_PIT,0.125506072874,0.390625,0.145833333333,0.115523465704,0.10623556582,0.122662928388,0.145833333333,0.172131147541,0.125506072874,
mia,2025,16,2025_16_CIN_MIA,0.132780082988,0.390625,0.157407407407,0.123188405797,0.109442060086,0.129001209308,0.157407407407,,0.132780082988,
mia,2025,17,2025_17_TB_MIA,0.127118644068,0.390625,0.155172413793,0.117001828154,0.110441767068,0.127202507984,0.155172413793,,0.127118644068,
mia,2025,18,2025_18_MIA_NE,0.134199134199,0.390625,0.131578947368,0.110687022901,0.110687022901,0.124490755594,0.131578947368,,0.134199134199,
min,2022,1,2022_01_GB_MIN,,,,,,,,0.167597765363,,0.172910662824
min,2022,2,2022_02_MIN_PHI,,,,,,,,0.130890052356,,0.166219839142
min,2022,3,2022_03_DET_MIN,,,,,,,,0.14450867052,,0.18836565097
min,2022,4,2022_04_MIN_NO,,,,,,,,0.157894736842,,0.182584269663
min,2022,5,2022_05_CHI_MIN,0.167597765363,0.796875,0.167597765363,,0.167597765363,0.165369705601,0.167597765363,0.178571428571,,0.188571428571
min,2022,6,2022_06_MIN_MIA,0.146666666667,0.515625,0.130890052356,,0.146666666667,0.137611375292,0.130890052356,0.203296703297,,0.205128205128
min,2022,8,2022_08_ARI_MIN,0.15444015444,0.671875,0.14450867052,,0.15444015444,0.150985327017,0.14450867052,0.228723404255,,0.197916666667
min,2022,9,2022_09_MIN_WAS,0.161716171617,0.734375,0.157894736842,,0.161716171617,0.163392128396,0.157894736842,0.205405405405,,0.198979591837
min,2022,10,2022_10_MIN_BUF,0.172910662824,0.796875,0.178571428571,0.172910662824,0.172910662824,0.182097336223,0.178571428571,0.197802197802,0.172910662824,0.193298969072
min,2022,11,2022_11_DAL_MIN,0.166219839142,0.734375,0.203296703297,0.17199017199,0.17199017199,0.178094791315,0.203296703297,0.207100591716,0.166219839142,0.185082872928
min,2022,12,2022_12_NE_MIN,0.18836565097,0.828125,0.228723404255,0.185682326622,0.185682326622,0.203152162582,0.228723404255,0.168367346939,0.18836565097,
min,2022,13,2022_13_NYJ_MIN,0.182584269663,0.796875,0.205405405405,0.178278688525,0.178278688525,0.184977262462,0.205405405405,0.193236714976,0.182584269663,
min,2022,14,2022_14_MIN_DET,0.188571428571,0.890625,0.197802197802,0.181474480151,0.181474480151,0.190845183738,0.197802197802,0.18932038835,0.188571428571,
min,2022,15,2022_15_IND_MIN,0.205128205128,0.953125,0.207100591716,0.182291666667,0.182291666667,0.190966333434,0.207100591716,0.165803108808,0.205128205128,
min,2022,16,2022_16_NYG_MIN,0.197916666667,0.921875,0.168367346939,0.180404354588,0.180404354588,0.184490556529,0.168367346939,,0.197916666667,
min,2022,17,2022_17_MIN_GB,0.198979591837,0.921875,0.193236714976,0.18273381295,0.18273381295,0.189424709079,0.193236714976,,0.198979591837,
min,2022,18,2022_18_MIN_CHI,0.193298969072,0.859375,0.18932038835,0.183673469388,0.183673469388,0.190937088698,0.18932038835,,0.193298969072,
min,2023,1,2023_01_TB_MIN,0.185082872928,0.890625,0.165803108808,0.175510204082,,0.173765318386,,0.205555555556,,0.188202247191
min,2023,2,2023_02_MIN_PHI,0.17027027027,0.734375,0.172413793103,0.179206566347,,0.176685525479,,0.216216216216,,0.174157303371
min,2023,3,2023_03_LAC_MIN,0.18253968254,0.890625,0.169590643275,0.182561307902,,0.181868421284,,0.2,,0.159544159544
min,2023,4,2023_04_MIN_CAR,0.187341772152,0.859375,0.185185185185,0.187919463087,,0.194129894549,,0.163522012579,,0.155688622754
min,2023,5,2023_05_KC_MIN,0.184986595174,0.796875,0.205555555556,0.194751381215,0.205555555556,0.192282086587,0.205555555556,0.170454545455,,0.163323782235
min,2023,6,2023_06_MIN_CHI,0.194986072423,0.859375,0.216216216216,0.196500672948,0.210300429185,0.19886288685,0.216216216216,0.12865497076,,0.163265306122
min,2023,7,2023_07_SF_MIN,0.184750733138,0.765625,0.2,0.192360163711,0.198501872659,0.188129322342,0.2,0.121546961326,,0.180515759312
min,2023,8,2023_08_MIN_GB,0.175287356322,0.703125,0.163522012579,0.184782608696,0.187898089172,0.17662372434,0.163522012579,0.148571428571,,0.197101449275
min,2023,9,2023_09_MIN_ATL,0.188202247191,0.796875,0.170454545455,0.186629526462,0.188202247191,0.179019778988,0.170454545455,0.156069364162,0.188202247191,0.216374269006
min,2023,10,2023_10_NO_MIN,0.174157303371,0.765625,0.12865497076,0.17217630854,0.175742574257,0.160153265065,0.12865497076,0.197674418605,0.174157303371,0.246376811594
min,2023,11,2023_11_MIN_DEN,0.159544159544,0.734375,0.121546961326,0.17146776406,0.167410714286,0.149154092442,0.121546961326,0.244047619048,0.159544159544,
min,2023,12,2023_12_CHI_MIN,0.155688622754,0.671875,0.148571428571,0.172839506173,0.173824130879,0.163451148392,0.148571428571,0.247058823529,0.155688622754,
min,2023,14,2023_14_MIN_LV,0.163323782235,0.765625,0.156069364162,0.174515235457,0.177693761815,0.172785074383,0.156069364162,0.278106508876,0.163323782235,
min,2023,15,2023_15_MIN_CIN,0.163265306122,0.765625,0.197674418605,0.179487179487,0.182291666667,0.184119617338,0.197674418605,0.294797687861,0.163265306122,
min,2023,16,2023_16_DET_MIN,0.180515759312,0.859375,0.244047619048,0.182608695652,0.188311688312,0.198134690295,0.244047619048,,0.180515759312,
min,2023,17,2023_17_GB_MIN,0.197101449275,0.953125,0.247058823529,0.186147186147,0.192716236722,0.207909244921,0.247058823529,,0.197101449275,
min,2023,18,2023_18_MIN_DET,0.216374269006,0.953125,0.278106508876,0.202005730659,0.202005730659,0.232758138751,0.278106508876,,0.216374269006,
min,2024,1,2024_01_MIN_NYG,0.246376811594,0.984375,0.294797687861,0.20970042796,,0.245409045551,,0.130769230769,,0.147368421053
min,2024,2,2024_02_SF_MIN,0.252279635258,0.984375,0.260869565217,0.204411764706,,0.225799388068,,0.151724137931,,0.142857142857
min,2024,3,2024_03_HOU_MIN,0.247648902821,0.984375,0.248322147651,0.200612557427,,0.221223753492,,0.135483870968,,0.131832797428
min,2024,4,2024_04_MIN_GB,0.242038216561,0.953125,0.2,0.20060331825,,0.213985150588,,0.140939597315,,0.137931034483
min,2024,5,2024_05_NYJ_MIN,0.224422442244,0.921875,0.130769230769,0.191950464396,0.130769230769,0.192807165449,0.130769230769,0.161290322581,,0.151234567901
min,2024,7,2024_07_DET_MIN,0.209150326797,0.890625,0.151724137931,0.193893129771,0.138728323699,0.187874070812,0.151724137931,0.134615384615,,0.154574132492
min,2024,8,2024_08_MIN_LA,0.190789473684,0.890625,0.135483870968,0.194144838213,0.135514018692,0.176932172966,0.135483870968,0.128205128205,,0.160990712074
min,2024,9,2024_09_IND_MIN,0.170068027211,0.765625,0.140939597315,0.194968553459,0.144032921811,0.180711871697,0.140939597315,0.135294117647,,0.157738095238
min,2024,10,2024_10_MIN_JAX,0.147368421053,0.484375,0.161290322581,0.201587301587,0.147368421053,0.179385033871,0.161290322581,0.14201183432,0.147368421053,0.147058823529
min,2024,11,2024_11_MIN_TEN,0.142857142857,0.421875,0.134615384615,0.2,0.136778115502,0.159165741241,0.134615384615,0.173913043478,0.142857142857,0.165697674419
min,2024,12,2024_12_MIN_CHI,0.131832797428,0.328125,0.128205128205,0.190476190476,0.132432432432,0.147333073603,0.128205128205,0.191616766467,0.131832797428,
min,2024,13,2024_13_ARI_MIN,0.137931034483,0.421875,0.135294117647,0.189573459716,0.140435835351,0.157826755669,0.135294117647,0.180722891566,0.137931034483,
min,2024,14,2024_14_ATL_MIN,0.151234567901,0.578125,0.14201183432,0.186602870813,0.145374449339,0.163356563064,0.14201183432,0.152046783626,0.151234567901,
min,2024,15,2024_15_CHI_MIN,0.154574132492,0.578125,0.173913043478,0.181380417335,0.148979591837,0.166977808481,0.173913043478,0.158469945355,0.154574132492,
min,2024,16,2024_16_MIN_SEA,0.160990712074,0.578125,0.191616766467,0.175438596491,0.150837988827,0.166615610588,0.191616766467,,0.160990712074,
min,2024,17,2024_17_GB_MIN,0.157738095238,0.640625,0.180722891566,0.163492063492,0.151986183074,0.164677838161,0.180722891566,,0.157738095238,
min,2024,18,2024_18_MIN_DET,0.147058823529,0.640625,0.152046783626,0.1472,0.1472,0.148424448,0.152046783626,,0.147058823529,
min,2025,1,2025_01_MIN_CHI,0.165697674419,0.765625,0.158469945355,0.15503875969,,0.16034368287,,0.243055555556,,0.205211726384
min,2025,2,2025_02_ATL_MIN,0.175226586103,0.890625,0.158536585366,0.154205607477,,0.162214333063,,0.204968944099,,0.212765957447
min,2025,3,2025_03_CIN_MIN,0.188679245283,0.921875,0.197368421053,0.163265306122,,0.188990199561,,0.167597765363,,0.192771084337
min,2025,4,2025_04_MIN_PIT,0.185667752443,0.921875,0.227941176471,0.167987321712,,0.187024356172,,0.177419354839,,0.211009174312
min,2025,5,2025_05_MIN_CLE,0.195718654434,0.984375,0.243055555556,0.175465838509,0.243055555556,0.202109930701,0.243055555556,0.171779141104,,0.202614379085
min,2025,7,2025_07_PHI_MIN,0.181538461538,0.953125,0.204968944099,0.171296296296,0.201058201058,0.177838053805,0.204968944099,0.220238095238,,0.222602739726
min,2025,8,2025_08_MIN_LAC,0.181268882175,0.890625,0.167597765363,0.169415292354,0.194092827004,0.175484638037,0.167597765363,0.222222222222,,0.213235294118
min,2025,9,2025_09_MIN_DET,0.198757763975,0.921875,0.177419354839,0.172205438066,0.197080291971,0.181735710957,0.177419354839,0.255319148936,,0.221804511278
min,2025,10,2025_10_BAL_MIN,0.205211726384,0.921875,0.171779141104,0.184331797235,0.205211726384,0.195776640312,0.171779141104,0.237762237762,0.205211726384,0.222222222222
min,2025,11,2025_11_CHI_MIN,0.212765957447,0.921875,0.220238095238,0.193939393939,0.210084033613,0.205789468426,0.220238095238,0.225806451613,0.212765957447,0.214574898785
min,2025,12,2025_12_MIN_GB,0.192771084337,0.890625,0.222222222222,0.190769230769,0.205128205128,0.198197158834,0.222222222222,0.201680672269,0.192771084337,
min,2025,13,2025_13_MIN_SEA,0.211009174312,0.921875,0.255319148936,0.198738170347,0.21686746988,0.220973226326,0.255319148936,0.184,0.211009174312,
min,2025,14,2025_14_WAS_MIN,0.202614379085,0.890625,0.237762237762,0.199052132701,0.215555555556,0.217898191312,0.237762237762,0.203389830508,0.202614379085,
min,2025,15,2025_15_MIN_DAL,0.222602739726,0.921875,0.225806451613,0.200972447326,0.214137214137,0.215004838704,0.225806451613,0.20325203252,0.222602739726,
min,2025,16,2025_16_MIN_NYG,0.213235294118,0.921875,0.201680672269,0.195688225539,0.204322200393,0.191023656156,0.201680672269,,0.213235294118,
min,2025,17,2025_17_DET_MIN,0.221804511278,0.890625,0.184,0.209183673469,0.209259259259,0.20793581808,0.184,,0.221804511278,
min,2025,18,2025_18_GB_MIN,0.222222222222,0.921875,0.203389830508,0.213028169014,0.213028169014,0.219217534845,0.203389830508,,0.222222222222,
ne,2022,1,2022_01_NE_MIA,,,,,,,,0.113475177305,,0.100694444444
ne,2022,2,2022_02_NE_PIT,,,,,,,,0.0984848484848,,0.114982578397
ne,2022,3,2022_03_BAL_NE,,,,,,,,0.0909090909091,,0.135231316726
ne,2022,4,2022_04_NE_GB,,,,,,,,0.0866141732283,,0.131672597865
ne,2022,5,2022_05_DET_NE,0.113475177305,0.203125,0.113475177305,,0.113475177305,0.122211053438,0.113475177305,0.0884353741497,,0.117845117845
ne,2022,6,2022_06_NE_CLE,0.0958083832335,0.140625,0.0984848484848,,0.0958083832335,0.0951220215159,0.0984848484848,0.129032258065,,0.116129032258
ne,2022,7,2022_07_CHI_NE,0.0869565217391,0.0625,0.0909090909091,,0.0869565217391,0.0821031191461,0.0909090909091,0.174496644295,,0.128289473684
ne,2022,8,2022_08_NE_NYJ,0.0864197530864,0.078125,0.0866141732283,,0.0864197530864,0.082393381866,0.0866141732283,0.168831168831,,0.140522875817
ne,2022,9,2022_09_IND_NE,0.100694444444,0.171875,0.0884353741497,0.100694444444,0.100694444444,0.107161071568,0.0884353741497,0.146666666667,0.100694444444,0.133333333333
ne,2022,11,2022_11_NYJ_NE,0.114982578397,0.296875,0.129032258065,0.111801242236,0.111801242236,0.125836511492,0.129032258065,0.103225806452,0.114982578397,0.118971061093
ne,2022,12,2022_12_NE_MIN,0.135231316726,0.515625,0.174496644295,0.123595505618,0.123595505618,0.145938514997,0.174496644295,0.0838709677419,0.135231316726,
ne,2022,13,2022_13_BUF_NE,0.131672597865,0.484375,0.168831168831,0.11838790932,0.11838790932,0.130769177832,0.168831168831,0.111842105263,0.131672597865,
ne,2022,14,2022_14_NE_ARI,0.117845117845,0.390625,0.146666666667,0.116438356164,0.116438356164,0.124172141689,0.146666666667,0.12,0.117845117845,
ne,2022,15,2022_15_NE_LV,0.116129032258,0.296875,0.103225806452,0.109014675052,0.109014675052,0.106092978052,0.103225806452,0.134615384615,0.116129032258,
ne,2022,16,2022_16_CIN_NE,0.128289473684,0.421875,0.0838709677419,0.111545988258,0.111545988258,0.112640366903,0.0838709677419,,0.128289473684,
ne,2022,17,2022_17_MIA_NE,0.140522875817,0.578125,0.111842105263,0.116575591985,0.116575591985,0.125180005157,0.111842105263,,0.140522875817,
ne,2022,18,2022_18_NE_BUF,0.133333333333,0.390625,0.12,0.117346938776,0.117346938776,0.125712938235,0.12,,0.133333333333,
ne,2023,1,2023_01_PHI_NE,0.118971061093,0.203125,0.134615384615,0.117056856187,,0.118857917203,,0.127167630058,,0.132492113565
ne,2023,2,2023_02_MIA_NE,0.107462686567,0.109375,0.127777777778,0.12012987013,,0.119728286943,,0.126666666667,,0.117647058824
ne,2023,3,2023_03_NE_NYJ,0.119186046512,0.265625,0.125,0.1248,,0.127815348636,,0.115107913669,,0.127586206897
ne,2023,4,2023_04_NE_DAL,0.125748502994,0.1875,0.130434782609,0.122028526149,,0.131339557211,,0.103448275862,,0.118243243243
ne,2023,5,2023_05_NO_NE,0.130699088146,0.265625,0.127167630058,0.123630672926,0.127167630058,0.121883118182,0.127167630058,0.138888888889,,0.131756756757
ne,2023,6,2023_06_NE_LV,0.127272727273,0.265625,0.126666666667,0.127760252366,0.125,0.121512782559,0.126666666667,0.108974358974,,0.125423728814
ne,2023,7,2023_07_BUF_NE,0.12084592145,0.296875,0.115107913669,0.130298273155,0.125506072874,0.123004965951,0.115107913669,0.139072847682,,0.129692832765
ne,2023,8,2023_08_NE_MIA,0.118541033435,0.234375,0.103448275862,0.12559618442,0.12323943662,0.119934473052,0.103448275862,0.132450331126,,0.133561643836
ne,2023,9,2023_09_WAS_NE,0.132492113565,0.421875,0.138888888889,0.125796178344,0.132492113565,0.13269948963,0.138888888889,0.125,0.132492113565,0.137931034483
ne,2023,10,2023_10_IND_NE,0.117647058824,0.234375,0.108974358974,0.11232449298,0.118131868132,0.109312668027,0.108974358974,0.143884892086,0.117647058824,0.173758865248
ne,2023,12,2023_12_NE_NYG,0.127586206897,0.234375,0.139072847682,0.123028391167,0.130653266332,0.132935732832,0.139072847682,0.119718309859,0.127586206897,
ne,2023,13,2023_13_LAC_NE,0.118243243243,0.234375,0.132450331126,0.122222222222,0.126436781609,0.124840302262,0.132450331126,0.13475177305,0.118243243243,
ne,2023,14,2023_14_NE_PIT,0.131756756757,0.390625,0.125,0.1312,0.130063965885,0.133859591434,0.125,0.152173913043,0.131756756757,
ne,2023,15,2023_15_KC_NE,0.125423728814,0.296875,0.143884892086,0.1264,0.125248508946,0.122032548265,0.143884892086,0.202797202797,0.125423728814,
ne,2023,16,2023_16_NE_DEN,0.129692832765,0.359375,0.119718309859,0.125,0.127777777778,0.128165857906,0.119718309859,,0.129692832765,
ne,2023,17,2023_17_NE_BUF,0.133561643836,0.546875,0.13475177305,0.125603864734,0.128472222222,0.129945284734,0.13475177305,,0.133561643836,
ne,2023,18,2023_18_NYJ_NE,0.137931034483,0.640625,0.152173913043,0.135090609555,0.135090609555,0.14935562843,0.152173913043,,0.137931034483,
ne,2024,1,2024_01_NE_CIN,0.173758865248,0.828125,0.202797202797,0.144557823129,,0.169498036356,,0.283687943262,,0.2071197411
ne,2024,2,2024_02_SEA_NE,0.169675090253,0.828125,0.222222222222,0.148148148148,,0.179835867907,,0.276315789474,,0.197604790419
ne,2024,3,2024_03_NE_NYJ,0.190476190476,0.921875,0.25,0.152899824253,,0.190185392064,,0.256097560976,,0.19578313253
ne,2024,4,2024_04_NE_SF,0.219424460432,0.921875,0.285714285714,0.174216027875,,0.228054228802,,0.176470588235,,0.161290322581
ne,2024,5,2024_05_MIA_NE,0.242957746479,0.953125,0.283687943262,0.183074265976,0.283687943262,0.233359084625,0.283687943262,0.142857142857,,0.150568181818
ne,2024,6,2024_06_HOU_NE,0.250871080139,0.984375,0.276315789474,0.189655172414,0.270718232044,0.232998007766,0.276315789474,0.131868131868,,0.132768361582
ne,2024,7,2024_07_NE_JAX,0.253378378378,0.984375,0.256097560976,0.19387755102,0.252212389381,0.223213906775,0.256097560976,0.136904761905,,0.121301775148
ne,2024,8,2024_08_NYJ_NE,0.225806451613,0.921875,0.176470588235,0.183333333333,0.221402214022,0.192906205373,0.176470588235,0.146198830409,,0.12426035503
ne,2024,9,2024_09_NE_TEN,0.2071197411,0.953125,0.142857142857,0.191201353638,0.2071197411,0.180611804977,0.142857142857,0.157608695652,0.2071197411,0.127218934911
ne,2024,10,2024_10_NE_CHI,0.197604790419,0.921875,0.131868131868,0.184942716858,0.201101928375,0.176811630691,0.131868131868,0.133720930233,0.197604790419,0.11875
ne,2024,11,2024_11_LA_NE,0.19578313253,0.953125,0.136904761905,0.193388429752,0.203045685279,0.184221194346,0.136904761905,0.105882352941,0.19578313253,
ne,2024,12,2024_12_NE_MIA,0.161290322581,0.734375,0.146198830409,0.187399030695,0.192307692308,0.168499582414,0.146198830409,0.101796407186,0.161290322581,
ne,2024,13,2024_13_IND_NE,0.150568181818,0.546875,0.157608695652,0.191823899371,0.188640973631,0.167077946695,0.157608695652,0.0909090909091,0.150568181818,
ne,2024,15,2024_15_NE_ARI,0.132768361582,0.390625,0.133720930233,0.185647425897,0.179439252336,0.151236432077,0.133720930233,0.101351351351,0.132768361582,
ne,2024,16,2024_16_NE_BUF,0.121301775148,0.328125,0.105882352941,0.182965299685,0.173758865248,0.141386117159,0.105882352941,,0.121301775148,
ne,2024,17,2024_17_LAC_NE,0.12426035503,0.390625,0.101796407186,0.172839506173,0.167487684729,0.130793618281,0.101796407186,,0.12426035503,
ne,2024,18,2024_18_BUF_NE,0.127218934911,0.453125,0.0909090909091,0.165378670788,0.165378670788,0.129647176327,0.0909090909091,,0.127218934911,
ne,2025,1,2025_01_LV_NE,0.11875,0.453125,0.101351351351,0.159021406728,,0.125975286973,,0.132075471698,,0.14657980456
ne,2025,2,2025_02_NE_MIA,0.116618075802,0.328125,0.127167630058,0.155555555556,,0.133768613094,,0.137931034483,,0.143344709898
ne,2025,3,2025_03_PIT_NE,0.11620795107,0.265625,0.13125,0.139221556886,,0.125909336609,,0.141891891892,,0.150501672241
ne,2025,4,2025_04_CAR_NE,0.116564417178,0.328125,0.139534883721,0.134218289086,,0.131487977615,,0.126865671642,,0.141868512111
ne,2025,5,2025_05_NE_BUF,0.117263843648,0.359375,0.132075471698,0.125567322239,0.132075471698,0.121699119599,0.132075471698,0.162162162162,,0.13961038961
ne,2025,6,2025_06_NE_NO,0.132075471698,0.484375,0.137931034483,0.126524390244,0.145728643216,0.134566151707,0.137931034483,0.148648648649,,0.130718954248
ne,2025,7,2025_07_NE_TEN,0.136363636364,0.453125,0.141891891892,0.130030959752,0.141025641026,0.132276111556,0.141891891892,0.158940397351,,0.136212624585
ne,2025,8,2025_08_CLE_NE,0.133986928105,0.390625,0.126865671642,0.130434782609,0.137037037037,0.129163012282,0.126865671642,0.154838709677,,0.147798742138
ne,2025,9,2025_09_ATL_NE,0.14657980456,0.515625,0.162162162162,0.132376395534,0.14657980456,0.143094985604,0.162162162162,0.11875,0.14657980456,0.134185303514
ne,2025,10,2025_10_NE_TB,0.143344709898,0.546875,0.148648648649,0.12893081761,0.146974063401,0.143610691667,0.148648648649,0.113924050633,0.143344709898,0.128712871287
ne,2025,11,2025_11_NYJ_NE,0.150501672241,0.609375,0.158940397351,0.132587859425,0.148051948052,0.146561352643,0.158940397351,0.113333333333,0.150501672241,
ne,2025,12,2025_12_NE_CIN,0.141868512111,0.546875,0.154838709677,0.128455284553,0.143529411765,0.138146218252,0.154838709677,0.141104294479,0.141868512111,
ne,2025,13,2025_13_NYG_NE,0.13961038961,0.484375,0.11875,0.128455284553,0.13704496788,0.1266627867,0.11875,0.150326797386,0.13961038961,
ne,2025,15,2025_15_BUF_NE,0.130718954248,0.421875,0.113924050633,0.13141025641,0.136633663366,0.127937710373,0.113924050633,0.144827586207,0.130718954248,
ne,2025,16,2025_16_NE_BAL,0.136212624585,0.453125,0.113333333333,0.136288998358,0.138317757009,0.133734505267,0.113333333333,,0.136212624585,
ne,2025,17,2025_17_NE_NYJ,0.147798742138,0.546875,0.141104294479,0.141025641026,0.142857142857,0.146142813693,0.141104294479,,0.147798742138,
ne,2025,18,2025_18_MIA_NE,0.134185303514,0.359375,0.150326797386,0.140322580645,0.140322580645,0.139118030823,0.150326797386,,0.134185303514,
no,2022,1,2022_01_NO_ATL,,,,,,,,0.157575757576,,0.123028391167
no,2022,2,2022_02_TB_NO,,,,,,,,0.148387096774,,0.12101910828
no,2022,3,2022_03_NO_CAR,,,,,,,,0.131944444444,,0.104026845638
no,2022,4,2022_04_MIN_NO,,,,,,,,0.105960264901,,0.109154929577
no,2022,5,2022_05_SEA_NO,0.157575757576,0.734375,0.157575757576,,0.157575757576,0.150300481199,0.157575757576,0.0855263157895,,0.11301369863
no,2022,6,2022_06_CIN_NO,0.159793814433,0.703125,0.148387096774,,0.159793814433,0.155007849254,0.148387096774,0.0943396226415,,0.10472972973
no,2022,7,2022_07_NO_ARI,0.155172413793,0.703125,0.131944444444,,0.155172413793,0.149171953597,0.131944444444,0.0779220779221,,0.10394265233
no,2022,8,2022_08_LV_NO,0.136842105263,0.453125,0.105960264901,,0.136842105263,0.122108730316,0.105960264901,0.112781954887,,0.107883817427
no,2022,9,2022_09_BAL_NO,0.123028391167,0.421875,0.0855263157895,0.123028391167,0.123028391167,0.100923156627,0.0855263157895,0.142857142857,0.123028391167,0.140495867769
no,2022,10,2022_10_NO_PIT,0.12101910828,0.359375,0.0943396226415,0.130311614731,0.130311614731,0.118541404132,0.0943396226415,0.116788321168,0.12101910828,0.128755364807
no,2022,11,2022_11_LA_NO,0.104026845638,0.171875,0.0779220779221,0.124352331606,0.124352331606,0.108670724132,0.0779220779221,0.136,0.104026845638,
no,2022,12,2022_12_NO_SF,0.109154929577,0.171875,0.112781954887,0.129186602871,0.129186602871,0.121615144828,0.112781954887,0.101851851852,0.109154929577,
no,2022,13,2022_13_NO_TB,0.11301369863,0.234375,0.142857142857,0.129102844639,0.129102844639,0.122882016887,0.142857142857,0.137254901961,0.11301369863,
no,2022,15,2022_15_ATL_NO,0.10472972973,0.171875,0.116788321168,0.126530612245,0.126530612245,0.117699561093,0.116788321168,0.145833333333,0.10472972973,
no,2022,16,2022_16_NO_CLE,0.10394265233,0.171875,0.136,0.127201565558,0.127201565558,0.120448311384,0.136,,0.10394265233,
no,2022,17,2022_17_NO_PHI,0.107883817427,0.328125,0.101851851852,0.123574144487,0.123574144487,0.110218872267,0.101851851852,,0.107883817427,
no,2022,18,2022_18_CAR_NO,0.140495867769,0.484375,0.137254901961,0.130590339893,0.130590339893,0.134253667378,0.137254901961,,0.140495867769,
no,2023,1,2023_01_TEN_NO,0.128755364807,0.328125,0.145833333333,0.124314442413,,0.129752541055,,0.149700598802,,0.127167630058
no,2023,2,2023_02_NO_CAR,0.150627615063,0.671875,0.166666666667,0.124767225326,,0.14475435636,,0.120253164557,,0.110465116279
no,2023,3,2023_03_NO_GB,0.144,0.515625,0.176056338028,0.125468164794,,0.143817616087,,0.122093023256,,0.111111111111
no,2023,4,2023_04_TB_NO,0.14859437751,0.546875,0.156462585034,0.129390018484,,0.146938955335,,0.112820512821,,0.101123595506
no,2023,5,2023_05_NO_NE,0.148288973384,0.546875,0.149700598802,0.125223613596,0.149700598802,0.137809820842,0.149700598802,0.106145251397,,0.111764705882
no,2023,6,2023_06_NO_HOU,0.139705882353,0.484375,0.120253164557,0.121597096189,0.137055837563,0.127593128582,0.120253164557,0.102150537634,,0.124629080119
no,2023,7,2023_07_JAX_NO,0.146496815287,0.515625,0.122093023256,0.12972972973,0.137795275591,0.131811436761,0.122093023256,0.100558659218,,0.115384615385
no,2023,8,2023_08_NO_IND,0.131578947368,0.390625,0.112820512821,0.135273972603,0.133333333333,0.12871431846,0.112820512821,0.0869565217391,,0.108843537415
no,2023,9,2023_09_CHI_NO,0.127167630058,0.328125,0.106145251397,0.12780656304,0.127167630058,0.119793891027,0.106145251397,0.11801242236,0.127167630058,0.10067114094
no,2023,10,2023_10_NO_MIN,0.110465116279,0.171875,0.102150537634,0.126929674099,0.120104438642,0.110024460845,0.102150537634,0.152317880795,0.110465116279,0.109215017065
no,2023,12,2023_12_NO_ATL,0.111111111111,0.140625,0.100558659218,0.124792013311,0.122401847575,0.115468197161,0.100558659218,0.135338345865,0.111111111111,
no,2023,13,2023_13_DET_NO,0.101123595506,0.109375,0.0869565217391,0.120661157025,0.117647058824,0.107423756786,0.0869565217391,0.135338345865,0.101123595506,
no,2023,14,2023_14_CAR_NO,0.111764705882,0.171875,0.11801242236,0.127694859038,0.12426035503,0.123012613759,0.11801242236,0.0802919708029,0.111764705882,
no,2023,15,2023_15_NYG_NO,0.124629080119,0.265625,0.152317880795,0.131362889984,0.129213483146,0.134776640169,0.152317880795,0.0633802816901,0.124629080119,
no,2023,16,2023_16_NO_LA,0.115384615385,0.203125,0.135338345865,0.130990415335,0.125441696113,0.12486827981,0.135338345865,,0.115384615385,
no,2023,17,2023_17_NO_TB,0.108843537415,0.078125,0.135338345865,0.12106918239,0.121510673235,0.113337171946,0.135338345865,,0.108843537415,
no,2023,18,2023_18_ATL_NO,0.10067114094,0.046875,0.0802919708029,0.114906832298,0.114906832298,0.0956272581956,0.0802919708029,,0.10067114094,
no,2024,1,2024_01_CAR_NO,0.109215017065,0.109375,0.0633802816901,0.10989010989,,0.0987182666008,,0.0782608695652,,0.148867313916
no,2024,2,2024_02_NO_DAL,0.0959409594096,0.046875,0.0579710144928,0.104501607717,,0.0897270756449,,0.134920634921,,0.157232704403
no,2024,3,2024_03_PHI_NO,0.0971659919028,0.015625,0.0526315789474,0.0995024875622,,0.0852099296671,,0.164556962025,,0.153374233129
no,2024,4,2024_04_NO_ATL,0.0864197530864,0.015625,0.0943396226415,0.101200686106,,0.0940398996458,,0.180327868852,,0.145454545455
no,2024,5,2024_05_NO_KC,0.0700389105058,0.015625,0.0782608695652,0.10101010101,0.0782608695652,0.0899159227207,0.0782608695652,0.190721649485,,0.145454545455
no,2024,6,2024_06_TB_NO,0.094696969697,0.046875,0.134920634921,0.105902777778,0.116883116883,0.116558551861,0.134920634921,0.171875,,0.131498470948
no,2024,7,2024_07_DEN_NO,0.117647058824,0.234375,0.164556962025,0.113074204947,0.136585365854,0.135462563373,0.164556962025,0.142857142857,,0.127388535032
no,2024,8,2024_08_NO_LAC,0.148788927336,0.546875,0.180327868852,0.124361158433,0.151750972763,0.153200776029,0.180327868852,0.102040816327,,0.116279069767
no,2024,9,2024_09_NO_CAR,0.148867313916,0.546875,0.190721649485,0.129568106312,0.148867313916,0.150176381008,0.190721649485,0.0808823529412,0.148867313916,0.118243243243
no,2024,10,2024_10_ATL_NO,0.157232704403,0.609375,0.171875,0.129032258065,0.147398843931,0.147979357032,0.171875,0.0740740740741,0.157232704403,0.117263843648
no,2024,11,2024_11_CLE_NO,0.153374233129,0.578125,0.142857142857,0.129144851658,0.139410187668,0.135608585809,0.142857142857,0.109589041096,0.153374233129,
no,2024,13,2024_13_LA_NO,0.145454545455,0.484375,0.102040816327,0.120418848168,0.133663366337,0.124716860355,0.102040816327,0.12987012987,0.145454545455,
no,2024,14,2024_14_NO_NYG,0.145454545455,0.484375,0.0808823529412,0.112436115843,0.12808988764,0.114499829998,0.0808823529412,0.15,0.145454545455,
no,2024,15,2024_15_WAS_NO,0.131498470948,0.328125,0.0740740740741,0.115059221658,0.126819126819,0.11441858521,0.0740740740741,0.151162790698,0.131498470948,
no,2024,16,2024_16_NO_GB,0.127388535032,0.421875,0.109589041096,0.122866894198,0.131021194605,0.126930544476,0.109589041096,,0.127388535032,
no,2024,17,2024_17_LV_NO,0.116279069767,0.359375,0.12987012987,0.132203389831,0.132616487455,0.132879732062,0.12987012987,,0.116279069767,
no,2024,18,2024_18_NO_TB,0.118243243243,0.359375,0.15,0.133884297521,0.133884297521,0.136191638411,0.15,,0.118243243243,
no,2025,1,2025_01_ARI_NO,0.117263843648,0.390625,0.151162790698,0.1376,,0.134697527557,,0.106741573034,,0.112068965517
no,2025,2,2025_02_SF_NO,0.111782477341,0.265625,0.113513513514,0.132420091324,,0.115849573027,,0.111111111111,,0.120743034056
no,2025,3,2025_03_NO_SEA,0.116279069767,0.296875,0.105263157895,0.13056379822,,0.115254457321,,0.111111111111,,0.12540192926
no,2025,4,2025_04_NO_BUF,0.128205128205,0.390625,0.109947643979,0.136563876652,,0.125158783695,,0.111111111111,,0.1261829653
no,2025,5,2025_05_NYG_NO,0.128571428571,0.390625,0.106741573034,0.129985228951,0.106741573034,0.122619427838,0.106741573034,0.117647058824,,0.134146341463
no,2025,6,2025_06_NE_NO,0.112391930836,0.328125,0.111111111111,0.119515885023,0.093896713615,0.108114475239,0.111111111111,0.130434782609,,0.147335423197
no,2025,7,2025_07_NO_CHI,0.107871720117,0.203125,0.111111111111,0.111801242236,0.0967741935484,0.107605760537,0.111111111111,0.139240506329,,0.149390243902
no,2025,8,2025_08_TB_NO,0.110447761194,0.234375,0.111111111111,0.11410459588,0.108013937282,0.119194502792,0.111111111111,0.138728323699,,0.136627906977
no,2025,9,2025_09_NO_LA,0.112068965517,0.234375,0.117647058824,0.114503816794,0.112068965517,0.121901494296,0.117647058824,0.151898734177,0.112068965517,0.142405063291
no,2025,10,2025_10_NO_CAR,0.120743034056,0.265625,0.130434782609,0.11620795107,0.109625668449,0.117614088073,0.130434782609,0.164556962025,0.120743034056,0.140298507463
no,2025,12,2025_12_ATL_NO,0.12540192926,0.328125,0.139240506329,0.120610687023,0.113300492611,0.123403115101,0.139240506329,0.158823529412,0.12540192926,
no,2025,13,2025_13_NO_MIA,0.1261829653,0.359375,0.138728323699,0.127245508982,0.119565217391,0.133424490598,0.138728323699,0.134502923977,0.1261829653,
no,2025,14,2025_14_NO_TB,0.134146341463,0.453125,0.151898734177,0.131268436578,0.124505928854,0.141057348961,0.151898734177,0.132911392405,0.134146341463,
no,2025,15,2025_15_CAR_NO,0.147335423197,0.640625,0.164556962025,0.129129129129,0.125939849624,0.142038911048,0.164556962025,0.118644067797,0.147335423197,
no,2025,16,2025_16_NYJ_NO,0.149390243902,0.640625,0.158823529412,0.128166915052,0.126736111111,0.140871810596,0.158823529412,,0.149390243902,
no,2025,17,2025_17_NO_TEN,0.136627906977,0.421875,0.134502923977,0.123711340206,0.123613312203,0.129904418422,0.134502923977,,0.136627906977,
no,2025,18,2025_18_NO_ATL,0.142405063291,0.546875,0.132911392405,0.126506024096,0.126506024096,0.137029403475,0.132911392405,,0.142405063291,
nyg,2022,1,2022_01_NYG_TEN,,,,,,,,0.197452229299,,0.166666666667
nyg,2022,2,2022_02_CAR_NYG,,,,,,,,0.169811320755,,0.163879598662
nyg,2022,3,2022_03_DAL_NYG,,,,,,,,0.156462585034,,0.164473684211
nyg,2022,4,2022_04_CHI_NYG,,,,,,,,0.103703703704,,0.155172413793
nyg,2022,5,2022_05_NYG_GB,0.197452229299,0.890625,0.197452229299,,0.197452229299,0.189686364417,0.197452229299,0.134228187919,,0.155115511551
nyg,2022,6,2022_06_BAL_NYG,0.184210526316,0.796875,0.169811320755,,0.184210526316,0.173058922403,0.169811320755,0.157142857143,,0.175159235669
nyg,2022,7,2022_07_NYG_JAX,0.178571428571,0.828125,0.156462585034,,0.178571428571,0.167097078769,0.156462585034,0.171974522293,,0.171428571429
nyg,2022,8,2022_08_NYG_SEA,0.161654135338,0.703125,0.103703703704,,0.161654135338,0.142991334103,0.103703703704,0.2,,0.191358024691
nyg,2022,10,2022_10_HOU_NYG,0.166666666667,0.734375,0.134228187919,0.166666666667,0.166666666667,0.15564830941,0.134228187919,0.175324675325,0.166666666667,0.178913738019
nyg,2022,11,2022_11_DET_NYG,0.163879598662,0.671875,0.157142857143,0.172727272727,0.172727272727,0.168551084068,0.157142857143,0.189655172414,0.163879598662,0.177177177177
nyg,2022,12,2022_12_NYG_DAL,0.164473684211,0.703125,0.171974522293,0.175853018373,0.175853018373,0.175620839253,0.171974522293,0.170886075949,0.164473684211,
nyg,2022,13,2022_13_WAS_NYG,0.155172413793,0.671875,0.2,0.175771971496,0.175771971496,0.175500860552,0.2,0.183431952663,0.155172413793,
nyg,2022,14,2022_14_PHI_NYG,0.155115511551,0.640625,0.175324675325,0.169565217391,0.169565217391,0.162149464383,0.175324675325,0.182389937107,0.155115511551,
nyg,2022,15,2022_15_NYG_WAS,0.175159235669,0.765625,0.189655172414,0.178571428571,0.178571428571,0.183952435544,0.189655172414,0.163522012579,0.175159235669,
nyg,2022,16,2022_16_NYG_MIN,0.171428571429,0.671875,0.170886075949,0.17439703154,0.17439703154,0.173000985202,0.170886075949,,0.171428571429,
nyg,2022,17,2022_17_IND_NYG,0.191358024691,0.859375,0.183431952663,0.177966101695,0.177966101695,0.182139186578,0.183431952663,,0.191358024691,
nyg,2022,18,2022_18_NYG_PHI,0.178913738019,0.765625,0.182389937107,0.172859450727,0.172859450727,0.167827318203,0.182389937107,,0.178913738019,
nyg,2023,1,2023_01_DAL_NYG,0.177177177177,0.859375,0.163522012579,0.170886075949,,0.173960858793,,0.198924731183,,0.198250728863
nyg,2023,2,2023_02_NYG_ARI,0.184290030211,0.890625,0.196531791908,0.174803149606,,0.187970887594,,0.213114754098,,0.193452380952
nyg,2023,3,2023_03_NYG_SF,0.175074183976,0.859375,0.166666666667,0.165869218501,,0.17277046257,,0.213114754098,,0.203647416413
nyg,2023,4,2023_04_SEA_NYG,0.181008902077,0.796875,0.179775280899,0.16875,,0.170398636552,,0.20218579235,,0.220183486239
nyg,2023,5,2023_05_NYG_MIA,0.182608695652,0.796875,0.198924731183,0.179059180577,0.198924731183,0.190839682467,0.198924731183,0.197452229299,,0.211038961039
nyg,2023,6,2023_06_NYG_BUF,0.205056179775,0.890625,0.213114754098,0.189269746647,0.219827586207,0.211321801196,0.213114754098,0.169934640523,,0.18275862069
nyg,2023,7,2023_07_WAS_NYG,0.190883190883,0.828125,0.213114754098,0.191111111111,0.201438848921,0.194677045308,0.213114754098,0.191780821918,,0.193103448276
nyg,2023,8,2023_08_NYJ_NYG,0.191135734072,0.859375,0.20218579235,0.185459940653,0.18927444795,0.180616612516,0.20218579235,0.243055555556,,0.202797202797
nyg,2023,9,2023_09_NYG_LV,0.198250728863,0.890625,0.197452229299,0.187869822485,0.198250728863,0.19394157429,0.197452229299,0.225165562914,0.198250728863,0.191693290735
nyg,2023,10,2023_10_NYG_DAL,0.193452380952,0.890625,0.169934640523,0.188905547226,0.2,0.197462449962,0.169934640523,0.197080291971,0.193452380952,0.172523961661
nyg,2023,11,2023_11_NYG_WAS,0.203647416413,0.921875,0.191780821918,0.189189189189,0.198113207547,0.19476357575,0.191780821918,0.194444444444,0.203647416413,
nyg,2023,12,2023_12_NE_NYG,0.220183486239,0.953125,0.243055555556,0.200301204819,0.206073752711,0.211827959941,0.243055555556,0.161971830986,0.220183486239,
nyg,2023,14,2023_14_GB_NYG,0.211038961039,0.953125,0.225165562914,0.196018376723,0.206477732794,0.211136698743,0.225165562914,0.16049382716,0.211038961039,
nyg,2023,15,2023_15_NYG_NO,0.18275862069,0.890625,0.197080291971,0.195046439628,0.199233716475,0.194146129314,0.197080291971,0.153409090909,0.18275862069,
nyg,2023,16,2023_16_NYG_PHI,0.193103448276,0.890625,0.194444444444,0.191887675507,0.197183098592,0.189722738951,0.194444444444,,0.193103448276,
nyg,2023,17,2023_17_LA_NYG,0.202797202797,0.953125,0.161971830986,0.19629057187,0.195688225539,0.187834405219,0.161971830986,,0.202797202797,
nyg,2023,18,2023_18_PHI_NYG,0.191693290735,0.921875,0.16049382716,0.19512195122,0.19512195122,0.187829450239,0.16049382716,,0.191693290735,
nyg,2024,1,2024_01_MIN_NYG,0.172523961661,0.796875,0.153409090909,0.183359013867,,0.166642716406,,0.167664670659,,0.181286549708
nyg,2024,2,2024_02_NYG_WAS,0.181538461538,0.890625,0.171270718232,0.192660550459,,0.181367092968,,0.135483870968,,0.166666666667
nyg,2024,3,2024_03_NYG_CLE,0.163009404389,0.796875,0.16384180791,0.191950464396,,0.174833011235,,0.133720930233,,0.164670658683
nyg,2024,4,2024_04_DAL_NYG,0.165137614679,0.828125,0.169696969697,0.187401574803,,0.181243297146,,0.14450867052,,0.16369047619
nyg,2024,5,2024_05_NYG_SEA,0.160349854227,0.796875,0.167664670659,0.170616113744,0.167664670659,0.159149334895,0.167664670659,0.194285714286,,0.195845697329
nyg,2024,6,2024_06_CIN_NYG,0.154761904762,0.671875,0.135483870968,0.172523961661,0.160194174757,0.15470553301,0.135483870968,0.195266272189,,0.207865168539
nyg,2024,7,2024_07_PHI_NYG,0.14899713467,0.640625,0.133720930233,0.173228346457,0.153543307087,0.149436262024,0.133720930233,0.197530864198,,0.210674157303
nyg,2024,8,2024_08_NYG_PIT,0.156804733728,0.578125,0.14450867052,0.173579109063,0.168918918919,0.167472619593,0.14450867052,0.184049079755,,0.195530726257
nyg,2024,9,2024_09_WAS_NYG,0.181286549708,0.859375,0.194285714286,0.177099236641,0.181286549708,0.184059038328,0.194285714286,0.197530864198,0.181286549708,0.174556213018
nyg,2024,10,2024_10_NYG_CAR,0.166666666667,0.734375,0.195266272189,0.174114021572,0.176,0.17554011575,0.195266272189,0.219251336898,0.166666666667,0.170658682635
nyg,2024,12,2024_12_TB_NYG,0.164670658683,0.796875,0.197530864198,0.163859111792,0.170673076923,0.165310427801,0.197530864198,0.221649484536,0.164670658683,
nyg,2024,13,2024_13_NYG_DAL,0.16369047619,0.765625,0.184049079755,0.164404223228,0.174291938998,0.172646630715,0.184049079755,0.205128205128,0.16369047619,
nyg,2024,14,2024_14_NO_NYG,0.195845697329,0.921875,0.197530864198,0.177941176471,0.186507936508,0.198380674463,0.197530864198,0.153409090909,0.195845697329,
nyg,2024,15,2024_15_BAL_NYG,0.207865168539,0.984375,0.219251336898,0.182080924855,0.190391459075,0.204294350275,0.219251336898,0.108843537415,0.207865168539,
nyg,2024,16,2024_16_NYG_ATL,0.210674157303,0.984375,0.221649484536,0.180141843972,0.186885245902,0.194101244211,0.221649484536,,0.210674157303,
nyg,2024,17,2024_17_IND_NYG,0.195530726257,0.953125,0.205128205128,0.176724137931,0.183486238532,0.184627177206,0.205128205128,,0.195530726257,
nyg,2024,18,2024_18_NYG_PHI,0.174556213018,0.859375,0.153409090909,0.177941176471,0.177941176471,0.170459588263,0.153409090909,,0.174556213018,
nyg,2025,1,2025_01_NYG_WAS,0.170658682635,0.859375,0.108843537415,0.168693009119,,0.156982978423,,0.184971098266,,0.16918429003
nyg,2025,2,2025_02_NYG_DAL,0.174418604651,0.828125,0.113333333333,0.169616519174,,0.15717850114,,0.170588235294,,0.15987460815
nyg,2025,3,2025_03_KC_NYG,0.164265129683,0.765625,0.111842105263,0.163982430454,,0.151618098249,,0.163522012579,,0.169811320755
nyg,2025,4,2025_04_LAC_NYG,0.151162790698,0.671875,0.14880952381,0.173274596182,,0.163089294801,,0.16875,,0.161812297735
nyg,2025,5,2025_05_NYG_NO,0.15,0.609375,0.184971098266,0.180473372781,0.184971098266,0.177758340852,0.184971098266,0.151898734177,,0.150943396226
nyg,2025,6,2025_06_PHI_NYG,0.14375,0.640625,0.170588235294,0.17899408284,0.16742081448,0.164149076342,0.170588235294,0.147651006711,,0.165562913907
nyg,2025,7,2025_07_NYG_DEN,0.138263665595,0.484375,0.163522012579,0.168908819133,0.15625,0.151685982475,0.163522012579,0.176100628931,,0.176282051282
nyg,2025,8,2025_08_NYG_PHI,0.158536585366,0.734375,0.16875,0.166666666667,0.167224080268,0.16472310062,0.16875,0.154362416107,,0.173469387755
nyg,2025,9,2025_09_SF_NYG,0.16918429003,0.796875,0.151898734177,0.16992481203,0.16918429003,0.168221546225,0.151898734177,0.15,0.16918429003,0.174496644295
nyg,2025,10,2025_10_NYG_CHI,0.15987460815,0.734375,0.147651006711,0.16742081448,0.159459459459,0.153461313029,0.147651006711,0.183006535948,0.15987460815,0.191419141914
nyg,2025,11,2025_11_GB_NYG,0.169811320755,0.796875,0.176100628931,0.166917293233,0.163855421687,0.161616081359,0.176100628931,0.176470588235,0.169811320755,
nyg,2025,12,2025_12_NYG_DET,0.161812297735,0.703125,0.154362416107,0.156202143951,0.162946428571,0.158348195636,0.154362416107,0.193103448276,0.161812297735,
nyg,2025,13,2025_13_NYG_NE,0.150943396226,0.671875,0.15,0.150470219436,0.162932790224,0.158144800586,0.15,0.202898550725,0.150943396226,
nyg,2025,15,2025_15_WAS_NYG,0.165562913907,0.734375,0.183006535948,0.154340836013,0.166347992352,0.166919983098,0.183006535948,0.2,0.165562913907,
nyg,2025,16,2025_16_MIN_NYG,0.176282051282,0.703125,0.176470588235,0.157303370787,0.167253521127,0.16939213709,0.176470588235,,0.176282051282,
nyg,2025,17,2025_17_NYG_LV,0.173469387755,0.734375,0.193103448276,0.165594855305,0.170320404722,0.178458947128,0.193103448276,,0.173469387755,
nyg,2025,18,2025_18_DAL_NYG,0.174496644295,0.734375,0.202898550725,0.171701112878,0.171701112878,0.18201510592,0.202898550725,,0.174496644295,
nyj,2022,1,2022_01_BAL_NYJ,,,,,,,,0.142857142857,,0.125730994152
nyj,2022,2,2022_02_NYJ_CLE,,,,,,,,0.135593220339,,0.118032786885
nyj,2022,3,2022_03_CIN_NYJ,,,,,,,,0.140939597315,,0.129824561404
nyj,2022,4,2022_04_NYJ_PIT,,,,,,,,0.128,,0.11673151751
nyj,2022,5,2022_05_MIA_NYJ,0.142857142857,0.59375,0.142857142857,,0.142857142857,0.143597801329,0.142857142857,0.096,,0.115942028986
nyj,2022,6,2022_06_NYJ_GB,0.139917695473,0.484375,0.135593220339,,0.139917695473,0.13917622942,0.135593220339,0.09375,,0.12292358804
nyj,2022,7,2022_07_NYJ_DEN,0.135849056604,0.390625,0.140939597315,,0.135849056604,0.132601362703,0.140939597315,0.117647058824,,0.140625
nyj,2022,8,2022_08_NE_NYJ,0.137123745819,0.484375,0.128,,0.137123745819,0.135496100643,0.128,0.106060606061,,0.14373088685
nyj,2022,9,2022_09_BUF_NYJ,0.125730994152,0.390625,0.096,0.125730994152,0.125730994152,0.114901402211,0.096,0.132450331126,0.125730994152,0.164179104478
nyj,2022,11,2022_11_NYJ_NE,0.118032786885,0.390625,0.09375,0.123989218329,0.123989218329,0.113108295082,0.09375,0.14450867052,0.118032786885,0.181818181818
nyj,2022,12,2022_12_CHI_NYJ,0.129824561404,0.453125,0.117647058824,0.129675810474,0.129675810474,0.127141128815,0.117647058824,0.157608695652,0.129824561404,
nyj,2022,13,2022_13_NYJ_MIN,0.11673151751,0.296875,0.106060606061,0.127610208817,0.127610208817,0.122768361755,0.106060606061,0.169230769231,0.11673151751,
nyj,2022,14,2022_14_NYJ_BUF,0.115942028986,0.296875,0.132450331126,0.127789046653,0.127789046653,0.124545112566,0.132450331126,0.190217391304,0.115942028986,
nyj,2022,15,2022_15_DET_NYJ,0.12292358804,0.453125,0.14450867052,0.130514705882,0.130514705882,0.131564615514,0.14450867052,0.220238095238,0.12292358804,
nyj,2022,16,2022_16_JAX_NYJ,0.140625,0.609375,0.157608695652,0.138461538462,0.138461538462,0.15088082374,0.157608695652,,0.140625,
nyj,2022,17,2022_17_NYJ_SEA,0.14373088685,0.609375,0.169230769231,0.140575079872,0.140575079872,0.154250849268,0.169230769231,,0.14373088685,
nyj,2022,18,2022_18_NYJ_MIA,0.164179104478,0.640625,0.190217391304,0.144756277696,0.144756277696,0.16264656598,0.190217391304,,0.164179104478,
nyj,2023,1,2023_01_BUF_NYJ,0.181818181818,0.890625,0.220238095238,0.151702786378,,0.180449072759,,0.205479452055,,0.188449848024
nyj,2023,2,2023_02_NYJ_DAL,0.189349112426,0.921875,0.227272727273,0.162118780096,,0.195173513685,,0.175324675325,,0.169054441261
nyj,2023,3,2023_03_NE_NYJ,0.192419825073,0.921875,0.222972972973,0.16,,0.187379990864,,0.196319018405,,0.174157303371
nyj,2023,4,2023_04_KC_NYJ,0.201863354037,0.921875,0.217391304348,0.16220735786,,0.184939238938,,0.204819277108,,0.181818181818
nyj,2023,5,2023_05_NYJ_DEN,0.213375796178,0.921875,0.205479452055,0.169105691057,0.205479452055,0.194242729337,0.205479452055,0.174863387978,,0.17032967033
nyj,2023,6,2023_06_PHI_NYJ,0.201298701299,0.890625,0.175324675325,0.170382165605,0.193370165746,0.187006787135,0.175324675325,0.164102564103,,0.176943699732
nyj,2023,8,2023_08_NYJ_NYG,0.209003215434,0.953125,0.196319018405,0.175548589342,0.2,0.19492846608,0.196319018405,0.155440414508,,0.186666666667
nyj,2023,9,2023_09_LAC_NYJ,0.210526315789,0.921875,0.204819277108,0.186228482003,0.200743494424,0.198376642778,0.204819277108,0.162436548223,,0.168393782383
nyj,2023,10,2023_10_NYJ_LV,0.188449848024,0.859375,0.174863387978,0.185074626866,0.188449848024,0.183953545991,0.174863387978,0.165745856354,0.188449848024,0.164021164021
nyj,2023,11,2023_11_NYJ_BUF,0.169054441261,0.796875,0.164102564103,0.17903930131,0.178191489362,0.169956675541,0.164102564103,0.191011235955,0.169054441261,0.178470254958
nyj,2023,12,2023_12_MIA_NYJ,0.174157303371,0.859375,0.155440414508,0.183118741059,0.179425837321,0.173761754213,0.155440414508,0.21978021978,0.174157303371,
nyj,2023,13,2023_13_ATL_NYJ,0.181818181818,0.890625,0.162436548223,0.191240875912,0.184549356223,0.184509475973,0.162436548223,0.174603174603,0.181818181818,
nyj,2023,14,2023_14_HOU_NYJ,0.17032967033,0.859375,0.165745856354,0.190265486726,0.180392156863,0.176773448028,0.165745856354,0.162436548223,0.17032967033,
nyj,2023,15,2023_15_NYJ_MIA,0.176943699732,0.828125,0.191011235955,0.187958883994,0.182310469314,0.180778938356,0.191011235955,0.165714285714,0.176943699732,
nyj,2023,16,2023_16_WAS_NYJ,0.186666666667,0.921875,0.21978021978,0.196793002915,0.191666666667,0.202418895711,0.21978021978,,0.186666666667,
nyj,2023,17,2023_17_NYJ_CLE,0.168393782383,0.828125,0.174603174603,0.186956521739,0.181679389313,0.176430382269,0.174603174603,,0.168393782383,
nyj,2023,18,2023_18_NYJ_NE,0.164021164021,0.765625,0.162436548223,0.175388967468,0.175388967468,0.160665765717,0.162436548223,,0.164021164021,
nyj,2024,1,2024_01_NYJ_SF,0.178470254958,0.859375,0.165714285714,0.173789173789,,0.16941127418,,0.154320987654,,0.161676646707
nyj,2024,2,2024_02_NYJ_TEN,0.172514619883,0.859375,0.11875,0.17335243553,,0.164516281692,,0.169312169312,,0.159292035398
nyj,2024,3,2024_03_NE_NYJ,0.155487804878,0.640625,0.129496402878,0.169319826339,,0.153482222368,,0.173469387755,,0.161849710983
nyj,2024,4,2024_04_DEN_NYJ,0.149847094801,0.609375,0.130769230769,0.160636758321,,0.141724275042,,0.19689119171,,0.169642857143
nyj,2024,5,2024_05_NYJ_MIN,0.160237388724,0.765625,0.154320987654,0.169014084507,0.154320987654,0.16680723231,0.154320987654,0.168604651163,,0.149847094801
nyj,2024,6,2024_06_BUF_NYJ,0.146131805158,0.640625,0.169312169312,0.167127071823,0.163636363636,0.171132392671,0.169312169312,0.146666666667,,0.140127388535
nyj,2024,7,2024_07_NYJ_PIT,0.155223880597,0.640625,0.173469387755,0.162274618585,0.157088122605,0.163133115929,0.173469387755,0.146666666667,,0.134185303514
nyj,2024,8,2024_08_NYJ_NE,0.170278637771,0.859375,0.19689119171,0.166904422254,0.162790697674,0.169284927485,0.19689119171,0.132867132867,,0.111801242236
nyj,2024,9,2024_09_HOU_NYJ,0.161676646707,0.671875,0.168604651163,0.170305676856,0.161676646707,0.167658324696,0.168604651163,0.129032258065,0.161676646707,0.115853658537
nyj,2024,10,2024_10_NYJ_ARI,0.159292035398,0.578125,0.146666666667,0.165932452276,0.156756756757,0.158962997509,0.146666666667,0.134146341463,0.159292035398,0.117117117117
nyj,2024,11,2024_11_IND_NYJ,0.161849710983,0.609375,0.146666666667,0.158753709199,0.153284671533,0.151782300336,0.146666666667,0.122699386503,0.161849710983,
nyj,2024,13,2024_13_SEA_NYJ,0.169642857143,0.796875,0.132867132867,0.15987933635,0.153153153153,0.151926680055,0.132867132867,0.0949720670391,0.169642857143,
nyj,2024,14,2024_14_NYJ_MIA,0.149847094801,0.515625,0.129032258065,0.155120481928,0.151329243354,0.147800682763,0.129032258065,0.104046242775,0.149847094801,
nyj,2024,15,2024_15_NYJ_JAX,0.140127388535,0.421875,0.134146341463,0.143288084465,0.149812734082,0.143253280964,0.134146341463,0.100591715976,0.140127388535,
nyj,2024,16,2024_16_LA_NYJ,0.134185303514,0.453125,0.122699386503,0.145061728395,0.144599303136,0.132895485167,0.122699386503,,0.134185303514,
nyj,2024,17,2024_17_NYJ_BUF,0.111801242236,0.296875,0.0949720670391,0.141085271318,0.136436597111,0.115163432041,0.0949720670391,,0.111801242236,
nyj,2024,18,2024_18_MIA_NYJ,0.115853658537,0.328125,0.104046242775,0.138972809668,0.138972809668,0.124483196584,0.104046242775,,0.115853658537,
nyj,2025,1,2025_01_PIT_NYJ,0.117117117117,0.359375,0.100591715976,0.138392857143,,0.12402511328,,0.178082191781,,0.212698412698
nyj,2025,2,2025_02_BUF_NYJ,0.1261829653,0.390625,0.12987012987,0.14479638009,,0.136983227175,,0.189944134078,,0.224755700326
nyj,2025,3,2025_03_NYJ_TB,0.133333333333,0.546875,0.183823529412,0.152073732719,,0.149953812343,,0.237288135593,,0.220064724919
nyj,2025,4,2025_04_NYJ_MIA,0.14375,0.546875,0.190476190476,0.146831530139,,0.15911800198,,0.25,,0.221088435374
nyj,2025,5,2025_05_DAL_NYJ,0.136507936508,0.484375,0.178082191781,0.138314785374,0.178082191781,0.144146393536,0.178082191781,0.242603550296,,0.228956228956
nyj,2025,6,2025_06_DEN_NYJ,0.162162162162,0.765625,0.189944134078,0.148606811146,0.196078431373,0.166873926986,0.189944134078,0.2734375,,0.220640569395
nyj,2025,7,2025_07_CAR_NYJ,0.214057507987,0.984375,0.237288135593,0.162204724409,0.236051502146,0.209349752688,0.237288135593,0.19696969697,,0.184300341297
nyj,2025,8,2025_08_NYJ_CIN,0.222570532915,0.984375,0.25,0.168469860896,0.237410071942,0.216355532182,0.25,0.180327868852,,0.17747440273
nyj,2025,10,2025_10_CLE_NYJ,0.212698412698,0.953125,0.242603550296,0.163580246914,0.212698412698,0.18799150295,0.242603550296,0.2109375,0.212698412698,0.191780821918
nyj,2025,11,2025_11_NYJ_NE,0.224755700326,0.953125,0.2734375,0.174679487179,0.225903614458,0.211113138432,0.2734375,0.176470588235,0.224755700326,0.173913043478
nyj,2025,12,2025_12_NYJ_BAL,0.220064724919,0.953125,0.19696969697,0.176282051282,0.221917808219,0.207129338254,0.19696969697,0.173913043478,0.220064724919,
nyj,2025,13,2025_13_ATL_NYJ,0.221088435374,0.953125,0.180327868852,0.180781758958,0.22,0.206929738389,0.180327868852,0.175438596491,0.221088435374,
nyj,2025,14,2025_14_MIA_NYJ,0.228956228956,0.984375,0.2109375,0.18137254902,0.212189616253,0.194530402346,0.2109375,0.176829268293,0.228956228956,
nyj,2025,15,2025_15_NYJ_JAX,0.220640569395,0.921875,0.176470588235,0.188925081433,0.210309278351,0.19510945994,0.176470588235,0.171232876712,0.220640569395,
nyj,2025,16,2025_16_NYJ_NO,0.184300341297,0.796875,0.173913043478,0.199669966997,0.207224334601,0.192763368513,0.173913043478,,0.184300341297,
nyj,2025,17,2025_17_NE_NYJ,0.17747440273,0.796875,0.175438596491,0.200980392157,0.206654991243,0.194310247393,0.175438596491,,0.17747440273,
nyj,2025,18,2025_18_NYJ_BUF,0.191780821918,0.828125,0.176829268293,0.202635914333,0.202635914333,0.186374641581,0.176829268293,,0.191780821918,
phi,2022,1,2022_01_PHI_DET,,,,,,,,0.134969325153,,0.134426229508
phi,2022,2,2022_02_MIN_PHI,,,,,,,,0.145569620253,,0.128472222222
phi,2022,3,2022_03_PHI_WAS,,,,,,,,0.144827586207,,0.125
phi,2022,4,2022_04_JAX_PHI,,,,,,,,0.13768115942,,0.117216117216
phi,2022,5,2022_05_PHI_ARI,0.134969325153,0.484375,0.134969325153,,0.134969325153,0.138181262876,0.134969325153,0.133802816901,,0.104166666667
phi,2022,6,2022_06_DAL_PHI,0.137254901961,0.421875,0.145569620253,,0.137254901961,0.14047217747,0.145569620253,0.107692307692,,0.101754385965
phi,2022,8,2022_08_PIT_PHI,0.136752136752,0.421875,0.144827586207,,0.136752136752,0.139070623621,0.144827586207,0.103703703704,,0.0872483221477
phi,2022,9,2022_09_PHI_HOU,0.133333333333,0.453125,0.13768115942,,0.133333333333,0.132951590544,0.13768115942,0.0962962962963,,0.072131147541
phi,2022,10,2022_10_WAS_PHI,0.134426229508,0.515625,0.133802816901,0.134426229508,0.134426229508,0.134951878963,0.133802816901,0.0753424657534,0.134426229508,0.0809061488673
phi,2022,11,2022_11_PHI_IND,0.128472222222,0.484375,0.107692307692,0.125748502994,0.125748502994,0.118278509492,0.107692307692,0.0967741935484,0.128472222222,0.0866873065015
phi,2022,12,2022_12_GB_PHI,0.125,0.390625,0.103703703704,0.124661246612,0.124661246612,0.11751042488,0.103703703704,0.0736196319018,0.125,
phi,2022,13,2022_13_TEN_PHI,0.117216117216,0.328125,0.0962962962963,0.120987654321,0.120987654321,0.111000345975,0.0962962962963,0.0529411764706,0.117216117216,
phi,2022,14,2022_14_PHI_NYG,0.104166666667,0.140625,0.0753424657534,0.115299334812,0.115299334812,0.100723367661,0.0753424657534,0.0858895705521,0.104166666667,
phi,2022,15,2022_15_PHI_CHI,0.101754385965,0.140625,0.0967741935484,0.116564417178,0.116564417178,0.106298231394,0.0967741935484,0.077380952381,0.101754385965,
phi,2022,16,2022_16_PHI_DAL,0.0872483221477,0.046875,0.0736196319018,0.109022556391,0.109022556391,0.0900567556235,0.0736196319018,,0.0872483221477,
phi,2022,17,2022_17_NO_PHI,0.072131147541,0.015625,0.0529411764706,0.100869565217,0.100869565217,0.0730632813929,0.0529411764706,,0.072131147541,
phi,2022,18,2022_18_NYG_PHI,0.0809061488673,0.015625,0.0858895705521,0.107491856678,0.107491856678,0.0953965145856,0.0858895705521,,0.0809061488673,
phi,2023,1,2023_01_PHI_NE,0.0866873065015,0.015625,0.077380952381,0.106382978723,,0.0947971439915,,0.12962962963,,0.106824925816
phi,2023,2,2023_02_MIN_PHI,0.0848484848485,0.015625,0.0958083832335,0.103278688525,,0.0943663910627,,0.115853658537,,0.109090909091
phi,2023,3,2023_03_PHI_TB,0.0920245398773,0.015625,0.134615384615,0.103505843072,,0.102523994296,,0.0983606557377,,0.106707317073
phi,2023,4,2023_04_WAS_PHI,0.0962732919255,0.015625,0.106918238994,0.1,,0.100711711538,,0.106145251397,,0.0984615384615
phi,2023,5,2023_05_PHI_LA,0.10303030303,0.046875,0.12962962963,0.10243902439,0.12962962963,0.114353942677,0.12962962963,0.0857142857143,,0.0979228486647
phi,2023,6,2023_06_PHI_NYJ,0.105740181269,0.109375,0.115853658537,0.0969793322734,0.111650485437,0.101704457651,0.115853658537,0.102409638554,,0.101851851852
phi,2023,7,2023_07_MIA_PHI,0.115044247788,0.203125,0.0983606557377,0.0947204968944,0.105058365759,0.0969226750739,0.0983606557377,0.11724137931,,0.0935483870968
phi,2023,8,2023_08_PHI_WAS,0.10650887574,0.046875,0.106145251397,0.0942812982998,0.108474576271,0.101822594079,0.106145251397,0.0890410958904,,0.0857142857143
phi,2023,9,2023_09_DAL_PHI,0.106824925816,0.109375,0.0857142857143,0.0969696969697,0.106824925816,0.101202002931,0.0857142857143,0.111111111111,0.106824925816,0.0838926174497
phi,2023,11,2023_11_PHI_KC,0.109090909091,0.109375,0.102409638554,0.0969696969697,0.10752688172,0.102974889105,0.102409638554,0.101265822785,0.109090909091,0.0849673202614
phi,2023,12,2023_12_BUF_PHI,0.106707317073,0.109375,0.11724137931,0.0993883792049,0.109452736318,0.107102151036,0.11724137931,0.0727272727273,0.106707317073,
phi,2023,13,2023_13_SF_PHI,0.0984615384615,0.109375,0.0890410958904,0.097372488408,0.102040816327,0.0938523559227,0.0890410958904,0.0828402366864,0.0984615384615,
phi,2023,14,2023_14_PHI_DAL,0.0979228486647,0.078125,0.111111111111,0.100449775112,0.108216432866,0.107741902854,0.111111111111,0.0514705882353,0.0979228486647,
phi,2023,15,2023_15_PHI_SEA,0.101851851852,0.015625,0.101265822785,0.103816793893,0.105660377358,0.103069760951,0.101265822785,0.0675675675676,0.101851851852,
phi,2023,16,2023_16_NYG_PHI,0.0935483870968,0.015625,0.0727272727273,0.104776579353,0.0987654320988,0.0879961654351,0.0727272727273,,0.0935483870968,
phi,2023,17,2023_17_ARI_PHI,0.0857142857143,0.015625,0.0828402366864,0.0964777947933,0.0967213114754,0.0835003712798,0.0828402366864,,0.0857142857143,
phi,2023,18,2023_18_PHI_NYG,0.0838926174497,0.015625,0.0514705882353,0.096062992126,0.096062992126,0.0829916437946,0.0514705882353,,0.0838926174497,
phi,2024,1,2024_01_GB_PHI,0.0849673202614,0.015625,0.0675675675676,0.0974842767296,,0.0891467364254,,0.148148148148,,0.137546468401
phi,2024,2,2024_02_ATL_PHI,0.0854430379747,0.015625,0.0993377483444,0.0962732919255,,0.0948193567979,,0.141891891892,,0.152671755725
phi,2024,3,2024_03_PHI_NO,0.0984126984127,0.078125,0.116438356164,0.0984375,,0.100939180275,,0.172932330827,,0.150579150579
phi,2024,4,2024_04_PHI_TB,0.0990099009901,0.109375,0.137724550898,0.0984375,,0.114335757071,,0.145454545455,,0.135802469136
phi,2024,6,2024_06_CLE_PHI,0.109677419355,0.140625,0.148148148148,0.105678233438,0.148148148148,0.122260068214,0.148148148148,0.121495327103,,0.131578947368
phi,2024,7,2024_07_PHI_NYG,0.120401337793,0.265625,0.141891891892,0.106732348112,0.13829787234,0.117505981589,0.141891891892,0.166666666667,,0.142857142857
phi,2024,8,2024_08_PHI_CIN,0.143369175627,0.484375,0.172932330827,0.112794612795,0.156398104265,0.138365501616,0.172932330827,0.126984126984,,0.125
phi,2024,9,2024_09_JAX_PHI,0.140794223827,0.421875,0.145454545455,0.111304347826,0.145299145299,0.127603255928,0.145454545455,0.127819548872,,0.139622641509
phi,2024,10,2024_10_PHI_DAL,0.137546468401,0.390625,0.121495327103,0.109565217391,0.137546468401,0.120214679721,0.121495327103,0.140495867769,0.137546468401,0.138888888889
phi,2024,11,2024_11_WAS_PHI,0.152671755725,0.546875,0.166666666667,0.115916955017,0.149006622517,0.140805171522,0.166666666667,0.119658119658,0.152671755725,0.13358778626
phi,2024,12,2024_12_PHI_LA,0.150579150579,0.578125,0.126984126984,0.121951219512,0.145400593472,0.137506111707,0.126984126984,0.122950819672,0.150579150579,
phi,2024,13,2024_13_PHI_BAL,0.135802469136,0.390625,0.127819548872,0.115384615385,0.138964577657,0.126068641521,0.127819548872,0.151515151515,0.135802469136,
phi,2024,14,2024_14_CAR_PHI,0.131578947368,0.34375,0.140495867769,0.118959107807,0.138461538462,0.12727555869,0.140495867769,0.137404580153,0.131578947368,
phi,2024,15,2024_15_PIT_PHI,0.142857142857,0.484375,0.119658119658,0.130188679245,0.140811455847,0.136195613811,0.119658119658,0.144827586207,0.142857142857,
phi,2024,16,2024_16_PHI_WAS,0.125,0.359375,0.122950819672,0.134724857685,0.139433551198,0.1347666639,0.122950819672,,0.125,
phi,2024,17,2024_17_DAL_PHI,0.139622641509,0.515625,0.151515151515,0.140221402214,0.142284569138,0.143374085021,0.151515151515,,0.139622641509,
phi,2024,18,2024_18_NYG_PHI,0.138888888889,0.515625,0.137404580153,0.138195777351,0.138195777351,0.13211683677,0.137404580153,,0.138888888889,
phi,2025,1,2025_01_DAL_PHI,0.13358778626,0.515625,0.144827586207,0.143129770992,,0.144040475143,,0.116279069767,,0.128205128205
phi,2025,2,2025_02_PHI_KC,0.138461538462,0.578125,0.152173913043,0.14450867052,,0.145454136028,,0.123287671233,,0.111111111111
phi,2025,3,2025_03_LA_PHI,0.14453125,0.578125,0.137096774194,0.140280561122,,0.140847012,,0.11320754717,,0.104316546763
phi,2025,4,2025_04_PHI_TB,0.139705882353,0.515625,0.141843971631,0.136,,0.132952635243,,0.123287671233,,0.108391608392
phi,2025,5,2025_05_DEN_PHI,0.131386861314,0.421875,0.116279069767,0.136633663366,0.116279069767,0.127605675751,0.116279069767,0.138888888889,,0.100346020761
phi,2025,6,2025_06_PHI_NYG,0.137323943662,0.484375,0.123287671233,0.131578947368,0.128491620112,0.134089537809,0.123287671233,0.0967741935484,,0.0944055944056
phi,2025,7,2025_07_PHI_MIN,0.123674911661,0.296875,0.11320754717,0.131386861314,0.119266055046,0.12431083359,0.11320754717,0.0924369747899,,0.0922509225092
phi,2025,8,2025_08_NYG_PHI,0.132404181185,0.359375,0.123287671233,0.135435992579,0.122950819672,0.128482232836,0.123287671233,0.0928571428571,,0.0771929824561
phi,2025,10,2025_10_PHI_GB,0.128205128205,0.359375,0.138888888889,0.130841121495,0.128205128205,0.133709715285,0.138888888889,0.0620689655172,0.128205128205,0.0736842105263
phi,2025,11,2025_11_DET_PHI,0.111111111111,0.234375,0.0967741935484,0.124528301887,0.115511551155,0.113351493752,0.0967741935484,0.0925925925926,0.111111111111,0.0897009966777
phi,2025,12,2025_12_PHI_DAL,0.104316546763,0.203125,0.0924369747899,0.123595505618,0.109792284866,0.104341754164,0.0924369747899,0.0921052631579,0.104316546763,
phi,2025,13,2025_13_CHI_PHI,0.108391608392,0.234375,0.0928571428571,0.123655913978,0.111979166667,0.109371697669,0.0928571428571,0.0620689655172,0.108391608392,
phi,2025,14,2025_14_PHI_LAC,0.100346020761,0.140625,0.0620689655172,0.115452930728,0.105263157895,0.0958258054837,0.0620689655172,0.0857142857143,0.100346020761,
phi,2025,15,2025_15_LV_PHI,0.0944055944056,0.046875,0.0925925925926,0.115789473684,0.10752688172,0.102284570687,0.0925925925926,0.0863309352518,0.0944055944056,
phi,2025,16,2025_16_PHI_WAS,0.0922509225092,0.015625,0.0921052631579,0.108303249097,0.104294478528,0.0943705441309,0.0921052631579,,0.0922509225092,
phi,2025,17,2025_17_PHI_BUF,0.0771929824561,0.015625,0.0620689655172,0.104895104895,0.0982986767486,0.0816304008923,0.0620689655172,,0.0771929824561,
phi,2025,18,2025_18_WAS_PHI,0.0736842105263,0.015625,0.0857142857143,0.100358422939,0.100358422939,0.088225316465,0.0857142857143,,0.0736842105263,
pit,2022,1,2022_01_PIT_CIN,,,,,,,,0.111111111111,,0.120448179272
pit,2022,2,2022_02_NE_PIT,,,,,,,,0.111764705882,,0.125
pit,2022,3,2022_03_PIT_CLE,,,,,,,,0.10650887574,,0.132075471698
pit,2022,4,2022_04_NYJ_PIT,,,,,,,,0.119565217391,,0.135869565217
pit,2022,5,2022_05_PIT_BUF,0.111111111111,0.171875,0.111111111111,,0.111111111111,0.115523626471,0.111111111111,0.127450980392,,0.129834254144
pit,2022,6,2022_06_TB_PIT,0.11320754717,0.234375,0.111764705882,,0.11320754717,0.116679516362,0.111764705882,0.136842105263,,0.132352941176
pit,2022,7,2022_07_PIT_MIA,0.104838709677,0.203125,0.10650887574,,0.104838709677,0.103730667425,0.10650887574,0.153465346535,,0.137614678899
pit,2022,8,2022_08_PIT_PHI,0.106666666667,0.203125,0.119565217391,,0.106666666667,0.106840017635,0.119565217391,0.152173913043,,0.136075949367
pit,2022,10,2022_10_NO_PIT,0.120448179272,0.328125,0.127450980392,0.120448179272,0.120448179272,0.129068935365,0.127450980392,0.132911392405,0.120448179272,0.142361111111
pit,2022,11,2022_11_CIN_PIT,0.125,0.40625,0.136842105263,0.124378109453,0.124378109453,0.134234377598,0.136842105263,0.126666666667,0.125,0.129032258065
pit,2022,12,2022_12_PIT_IND,0.132075471698,0.515625,0.153465346535,0.126666666667,0.126666666667,0.136534689815,0.153465346535,0.112,0.132075471698,
pit,2022,13,2022_13_PIT_ATL,0.135869565217,0.515625,0.152173913043,0.123966942149,0.123966942149,0.12962095158,0.152173913043,0.113636363636,0.135869565217,
pit,2022,14,2022_14_BAL_PIT,0.129834254144,0.484375,0.132911392405,0.12427184466,0.12427184466,0.129541858056,0.132911392405,0.153846153846,0.129834254144,
pit,2022,15,2022_15_PIT_CAR,0.132352941176,0.515625,0.126666666667,0.125,0.125,0.130437662928,0.126666666667,0.131782945736,0.132352941176,
pit,2022,16,2022_16_LV_PIT,0.137614678899,0.515625,0.112,0.12347826087,0.12347826087,0.125834708277,0.112,,0.137614678899,
pit,2022,17,2022_17_PIT_BAL,0.136075949367,0.453125,0.113636363636,0.121753246753,0.121753246753,0.120652626474,0.113636363636,,0.136075949367,
pit,2022,18,2022_18_CLE_PIT,0.142361111111,0.546875,0.153846153846,0.13023255814,0.13023255814,0.145990688904,0.153846153846,,0.142361111111,
pit,2023,1,2023_01_SF_PIT,0.129032258065,0.359375,0.131782945736,0.12676056338,,0.131241475593,,0.190789473684,,0.168316831683
pit,2023,2,2023_02_CLE_PIT,0.133802816901,0.390625,0.150943396226,0.132824427481,,0.14054183541,,0.177777777778,,0.164285714286
pit,2023,3,2023_03_PIT_LV,0.156028368794,0.640625,0.193333333333,0.144615384615,,0.161442305972,,0.166666666667,,0.145390070922
pit,2023,4,2023_04_PIT_HOU,0.159010600707,0.640625,0.16339869281,0.142635658915,,0.16039010242,,0.171052631579,,0.137931034483
pit,2023,5,2023_05_BAL_PIT,0.163701067616,0.671875,0.190789473684,0.14653784219,0.190789473684,0.162898649662,0.190789473684,0.145695364238,,0.136363636364
pit,2023,7,2023_07_PIT_LA,0.163265306122,0.640625,0.177777777778,0.149758454106,0.175531914894,0.155345696857,0.177777777778,0.151724137931,,0.138983050847
pit,2023,8,2023_08_JAX_PIT,0.18085106383,0.765625,0.166666666667,0.157190635452,0.184331797235,0.168061431122,0.166666666667,0.126666666667,,0.143333333333
pit,2023,9,2023_09_TEN_PIT,0.167213114754,0.703125,0.171052631579,0.155143338954,0.182156133829,0.168836247075,0.171052631579,0.101449275362,,0.13309352518
pit,2023,10,2023_10_GB_PIT,0.168316831683,0.734375,0.145695364238,0.149484536082,0.168316831683,0.151840525445,0.145695364238,0.125925925926,0.168316831683,0.136531365314
pit,2023,11,2023_11_PIT_CLE,0.164285714286,0.734375,0.151724137931,0.148936170213,0.165165165165,0.149285099891,0.151724137931,0.126666666667,0.164285714286,0.136363636364
pit,2023,12,2023_12_PIT_CIN,0.145390070922,0.515625,0.126666666667,0.150709219858,0.160762942779,0.144751280009,0.126666666667,0.16,0.145390070922,
pit,2023,13,2023_13_ARI_PIT,0.137931034483,0.421875,0.101449275362,0.148342059337,0.154791154791,0.136510078459,0.101449275362,0.164285714286,0.137931034483,
pit,2023,14,2023_14_NE_PIT,0.136363636364,0.421875,0.125925925926,0.149911816578,0.155251141553,0.140214495956,0.125925925926,0.147058823529,0.136363636364,
pit,2023,15,2023_15_PIT_IND,0.138983050847,0.515625,0.126666666667,0.151103565365,0.153209109731,0.139148492267,0.126666666667,0.149122807018,0.138983050847,
pit,2023,16,2023_16_CIN_PIT,0.143333333333,0.609375,0.16,0.161512027491,0.160541586074,0.15947052041,0.16,,0.143333333333,
pit,2023,17,2023_17_PIT_SEA,0.13309352518,0.453125,0.164285714286,0.150943396226,0.157221206581,0.149636965019,0.164285714286,,0.13309352518,
pit,2023,18,2023_18_PIT_BAL,0.136531365314,0.578125,0.147058823529,0.15331010453,0.15331010453,0.140526248541,0.147058823529,,0.136531365314,
pit,2024,1,2024_01_PIT_ATL,0.136363636364,0.515625,0.149122807018,0.150735294118,,0.138779885991,,0.172413793103,,0.187725631769
pit,2024,2,2024_02_PIT_DEN,0.141221374046,0.515625,0.116071428571,0.143382352941,,0.140234239132,,0.193103448276,,0.188612099644
pit,2024,3,2024_03_LAC_PIT,0.152941176471,0.578125,0.139130434783,0.14495412844,,0.147307312878,,0.191780821918,,0.189655172414
pit,2024,4,2024_04_PIT_IND,0.149425287356,0.578125,0.152,0.142595978062,,0.144715825271,,0.197183098592,,0.204861111111
pit,2024,5,2024_05_DAL_PIT,0.162162162162,0.828125,0.172413793103,0.149819494585,0.172413793103,0.158699631614,0.172413793103,0.204545454545,,0.204861111111
pit,2024,6,2024_06_PIT_LV,0.15953307393,0.765625,0.193103448276,0.150807899461,0.186440677966,0.172438983238,0.193103448276,0.183823529412,,0.202090592334
pit,2024,7,2024_07_NYJ_PIT,0.168582375479,0.828125,0.191780821918,0.150278293135,0.184834123223,0.173112672164,0.191780821918,0.1875,,0.2
pit,2024,8,2024_08_NYG_PIT,0.176029962547,0.859375,0.197183098592,0.156133828996,0.180327868852,0.170756135348,0.197183098592,0.212328767123,,0.200704225352
pit,2024,10,2024_10_PIT_WAS,0.187725631769,0.890625,0.204545454545,0.162661737523,0.187725631769,0.183006597625,0.204545454545,0.205128205128,0.187725631769,0.193333333333
pit,2024,11,2024_11_BAL_PIT,0.188612099644,0.890625,0.183823529412,0.165745856354,0.185303514377,0.180771400885,0.183823529412,0.218543046358,0.188612099644,0.197368421053
pit,2024,12,2024_12_PIT_CLE,0.189655172414,0.921875,0.1875,0.17247706422,0.185915492958,0.183694131697,0.1875,0.213235294118,0.189655172414,
pit,2024,13,2024_13_PIT_CIN,0.204861111111,0.984375,0.212328767123,0.178506375228,0.192307692308,0.196236067654,0.212328767123,0.188405797101,0.204861111111,
pit,2024,14,2024_14_CLE_PIT,0.204861111111,0.984375,0.205128205128,0.184643510055,0.193995381062,0.199664912917,0.205128205128,0.180555555556,0.204861111111,
pit,2024,15,2024_15_PIT_PHI,0.202090592334,0.953125,0.218543046358,0.181985294118,0.196120689655,0.202864977847,0.218543046358,0.176470588235,0.202090592334,
pit,2024,16,2024_16_PIT_BAL,0.2,0.953125,0.213235294118,0.184842883549,0.193482688391,0.196498457257,0.213235294118,,0.2,
pit,2024,17,2024_17_KC_PIT,0.200704225352,0.984375,0.188405797101,0.188747731397,0.191287878788,0.191308132398,0.188405797101,,0.200704225352,
pit,2024,18,2024_18_CIN_PIT,0.193333333333,0.953125,0.180555555556,0.190641247834,0.190641247834,0.190004960252,0.180555555556,,0.193333333333,
pit,2025,1,2025_01_PIT_NYJ,0.197368421053,0.984375,0.176470588235,0.193162393162,,0.192101189605,,0.162790697674,,0.124555160142
pit,2025,2,2025_02_SEA_PIT,0.197986577181,0.984375,0.185185185185,0.19387755102,,0.19257800418,,0.137096774194,,0.117857142857
pit,2025,3,2025_03_PIT_NE,0.190789473684,0.953125,0.192771084337,0.197635135135,,0.193632607072,,0.0916666666667,,0.104693140794
pit,2025,4,2025_04_MIN_PIT,0.180555555556,0.890625,0.180555555556,0.192708333333,,0.182994245042,,0.0948905109489,,0.104529616725
pit,2025,6,2025_06_CLE_PIT,0.170212765957,0.859375,0.162790697674,0.186291739895,0.162790697674,0.174553084494,0.162790697674,0.0921052631579,,0.101045296167
pit,2025,7,2025_07_PIT_CIN,0.164335664336,0.765625,0.137096774194,0.181978798587,0.15,0.16242300192,0.137096774194,0.102564102564,,0.0924657534247
pit,2025,8,2025_08_GB_PIT,0.15034965035,0.609375,0.0916666666667,0.175438596491,0.131979695431,0.142720545891,0.0916666666667,0.114649681529,,0.0975609756098
pit,2025,9,2025_09_IND_PIT,0.138790035587,0.484375,0.0948905109489,0.166953528399,0.128630705394,0.135717789661,0.0948905109489,0.113333333333,,0.0890410958904
pit,2025,10,2025_10_PIT_LAC,0.124555160142,0.265625,0.0921052631579,0.162393162393,0.124555160142,0.128784567112,0.0921052631579,0.111111111111,0.124555160142,0.0921501706485
pit,2025,11,2025_11_CIN_PIT,0.117857142857,0.265625,0.102564102564,0.159169550173,0.126582278481,0.130328688721,0.102564102564,0.0808823529412,0.117857142857,0.0806451612903
pit,2025,12,2025_12_PIT_CHI,0.104693140794,0.234375,0.114649681529,0.149741824441,0.124293785311,0.124630772513,0.114649681529,0.0769230769231,0.104693140794,
pit,2025,13,2025_13_BUF_PIT,0.104529616725,0.203125,0.113333333333,0.142608695652,0.122762148338,0.120743770056,0.113333333333,0.0633802816901,0.104529616725,
pit,2025,14,2025_14_PIT_BAL,0.101045296167,0.140625,0.111111111111,0.13532513181,0.120192307692,0.114768781943,0.111111111111,0.0759493670886,0.101045296167,
pit,2025,15,2025_15_MIA_PIT,0.0924657534247,0.046875,0.0808823529412,0.128027681661,0.112831858407,0.0993165549961,0.0808823529412,0.0804597701149,0.0924657534247,
pit,2025,16,2025_16_PIT_DET,0.0975609756098,0.046875,0.0769230769231,0.123909249564,0.111570247934,0.0977245337793,0.0769230769231,,0.0975609756098,
pit,2025,17,2025_17_PIT_CLE,0.0890410958904,0.046875,0.0633802816901,0.113438045375,0.106941838649,0.0882603237346,0.0633802816901,,0.0890410958904,
pit,2025,18,2025_18_BAL_PIT,0.0921501706485,0.078125,0.0759493670886,0.108013937282,0.108013937282,0.09325126159,0.0759493670886,,0.0921501706485,
sea,2022,1,2022_01_DEN_SEA,,,,,,,,0.137254901961,,0.150819672131
sea,2022,2,2022_02_SEA_SF,,,,,,,,0.14,,0.161290322581
sea,2022,3,2022_03_ATL_SEA,,,,,,,,0.121794871795,,0.148734177215
sea,2022,4,2022_04_SEA_DET,,,,,,,,0.123287671233,,0.166134185304
sea,2022,5,2022_05_SEA_NO,0.137254901961,0.515625,0.137254901961,,0.137254901961,0.132145401369,0.137254901961,0.164473684211,,0.175925925926
sea,2022,6,2022_06_ARI_SEA,0.134408602151,0.359375,0.14,,0.134408602151,0.129462418115,0.14,0.18125,,0.173652694611
sea,2022,7,2022_07_SEA_LAC,0.140969162996,0.515625,0.121794871795,,0.140969162996,0.14044393313,0.121794871795,0.175,,0.174418604651
sea,2022,8,2022_08_NYG_SEA,0.136363636364,0.515625,0.123287671233,,0.136363636364,0.133261041968,0.123287671233,0.203592814371,,0.177966101695
sea,2022,9,2022_09_SEA_ARI,0.150819672131,0.671875,0.164473684211,0.150819672131,0.150819672131,0.158314493826,0.164473684211,0.186046511628,0.150819672131,0.177650429799
sea,2022,10,2022_10_SEA_TB,0.161290322581,0.703125,0.18125,0.156069364162,0.156069364162,0.166123308141,0.18125,0.166666666667,0.161290322581,0.171014492754
sea,2022,12,2022_12_LV_SEA,0.148734177215,0.609375,0.175,0.15503875969,0.15503875969,0.162137950551,0.175,0.173913043478,0.148734177215,
sea,2022,13,2022_13_SEA_LA,0.166134185304,0.703125,0.203592814371,0.162412993039,0.162412993039,0.175459810564,0.203592814371,0.155080213904,0.166134185304,
sea,2022,14,2022_14_CAR_SEA,0.175925925926,0.796875,0.186046511628,0.163522012579,0.163522012579,0.175146233325,0.186046511628,0.169491525424,0.175925925926,
sea,2022,15,2022_15_SF_SEA,0.173652694611,0.703125,0.166666666667,0.159615384615,0.159615384615,0.164319557355,0.166666666667,0.175438596491,0.173652694611,
sea,2022,16,2022_16_SEA_KC,0.174418604651,0.765625,0.173913043478,0.16112084063,0.16112084063,0.166822370119,0.173913043478,,0.174418604651,
sea,2022,17,2022_17_NYJ_SEA,0.177966101695,0.734375,0.155080213904,0.160194174757,0.160194174757,0.163528385012,0.155080213904,,0.177966101695,
sea,2022,18,2022_18_LA_SEA,0.177650429799,0.734375,0.169491525424,0.165137614679,0.165137614679,0.175950310857,0.169491525424,,0.177650429799,
sea,2023,1,2023_01_LA_SEA,0.171014492754,0.734375,0.175438596491,0.16641221374,,0.170392772657,,0.125,,0.140983606557
sea,2023,2,2023_02_SEA_DET,0.178041543027,0.828125,0.183006535948,0.163859111792,,0.17539735565,,0.152941176471,,0.125766871166
sea,2023,3,2023_03_CAR_SEA,0.149560117302,0.609375,0.142857142857,0.15749235474,,0.145889214274,,0.185430463576,,0.15
sea,2023,4,2023_04_SEA_NYG,0.15223880597,0.578125,0.132911392405,0.163884673748,,0.15532028754,,0.153333333333,,0.16403785489
sea,2023,6,2023_06_SEA_CIN,0.151702786378,0.546875,0.125,0.162861491629,0.125,0.147853962605,0.125,0.156862745098,,0.165165165165
sea,2023,7,2023_07_ARI_SEA,0.167182662539,0.703125,0.152941176471,0.170914542729,0.162561576355,0.173988170476,0.152941176471,0.0961538461538,,0.142414860681
sea,2023,8,2023_08_CLE_SEA,0.16393442623,0.640625,0.185430463576,0.171471927162,0.155172413793,0.165849837647,0.185430463576,0.118343195266,,0.138972809668
sea,2023,9,2023_09_SEA_BAL,0.142857142857,0.484375,0.153333333333,0.161339421613,0.143911439114,0.150043220568,0.153333333333,0.173652694611,,0.140298507463
sea,2023,10,2023_10_WAS_SEA,0.140983606557,0.484375,0.156862745098,0.156923076923,0.140983606557,0.144672112454,0.156862745098,0.172222222222,0.140983606557,0.153846153846
sea,2023,11,2023_11_SEA_LA,0.125766871166,0.234375,0.0961538461538,0.15233785822,0.133704735376,0.133031823179,0.0961538461538,0.185628742515,0.125766871166,0.149206349206
sea,2023,12,2023_12_SF_SEA,0.15,0.578125,0.118343195266,0.149773071104,0.139650872818,0.141904204533,0.118343195266,0.16049382716,0.15,
sea,2023,13,2023_13_SEA_DAL,0.16403785489,0.765625,0.173652694611,0.157975460123,0.155251141553,0.169850313198,0.173652694611,0.107142857143,0.16403785489,
sea,2023,14,2023_14_SEA_SF,0.165165165165,0.796875,0.172222222222,0.158536585366,0.152577319588,0.162333078617,0.172222222222,0.132911392405,0.165165165165,
sea,2023,15,2023_15_PHI_SEA,0.142414860681,0.546875,0.185628742515,0.15479876161,0.150190114068,0.155349369473,0.185628742515,0.108108108108,0.142414860681,
sea,2023,16,2023_16_SEA_TEN,0.138972809668,0.546875,0.16049382716,0.150943396226,0.145648312611,0.143923096035,0.16049382716,,0.138972809668,
sea,2023,17,2023_17_PIT_SEA,0.140298507463,0.640625,0.107142857143,0.141524105754,0.141914191419,0.133875734778,0.107142857143,,0.140298507463,
sea,2023,18,2023_18_SEA_ARI,0.153846153846,0.703125,0.132911392405,0.147744945568,0.147744945568,0.150877318919,0.132911392405,,0.153846153846,
sea,2024,1,2024_01_DEN_SEA,0.149206349206,0.640625,0.108108108108,0.13728549142,,0.129895576031,,0.148717948718,,0.146666666667
sea,2024,2,2024_02_SEA_NE,0.14983713355,0.640625,0.137931034483,0.149920255183,,0.142918256236,,0.150943396226,,0.151670951157
sea,2024,3,2024_03_MIA_SEA,0.1246105919,0.328125,0.143790849673,0.144200626959,,0.136864003178,,0.142201834862,,0.159151193634
sea,2024,4,2024_04_SEA_DET,0.13141025641,0.390625,0.12987012987,0.148837209302,,0.144854186489,,0.138888888889,,0.156084656085
sea,2024,5,2024_05_NYG_SEA,0.131195335277,0.390625,0.148717948718,0.136636636637,0.148717948718,0.13793512383,0.148717948718,0.144444444444,,0.162790697674
sea,2024,6,2024_06_SF_SEA,0.145658263305,0.515625,0.150943396226,0.142441860465,0.158536585366,0.149020078785,0.150943396226,0.152542372881,,0.148148148148
sea,2024,7,2024_07_SEA_ATL,0.142857142857,0.546875,0.142201834862,0.14164305949,0.145214521452,0.137345835268,0.142201834862,0.182389937107,,0.176848874598
sea,2024,8,2024_08_BUF_SEA,0.135135135135,0.421875,0.138888888889,0.14406779661,0.147492625369,0.141367122759,0.138888888889,0.179012345679,,0.176470588235
sea,2024,9,2024_09_LA_SEA,0.146666666667,0.453125,0.144444444444,0.147826086957,0.146666666667,0.141654783848,0.144444444444,0.182926829268,0.146666666667,0.187301587302
sea,2024,11,2024_11_SEA_SF,0.151670951157,0.578125,0.152542372881,0.150862068966,0.156028368794,0.15697735529,0.152542372881,0.142857142857,0.151670951157,0.175675675676
sea,2024,12,2024_12_ARI_SEA,0.159151193634,0.671875,0.182389937107,0.143266475645,0.158008658009,0.158864100771,0.182389937107,0.171052631579,0.159151193634,
sea,2024,13,2024_13_SEA_NYJ,0.156084656085,0.578125,0.179012345679,0.144927536232,0.157684630739,0.158455868803,0.179012345679,0.173913043478,0.156084656085,
sea,2024,14,2024_14_SEA_ARI,0.162790697674,0.765625,0.182926829268,0.147016011645,0.157699443414,0.158745053265,0.182926829268,0.192052980132,0.162790697674,
sea,2024,15,2024_15_GB_SEA,0.148148148148,0.578125,0.142857142857,0.14684287812,0.152631578947,0.147259483754,0.142857142857,0.208053691275,0.148148148148,
sea,2024,16,2024_16_MIN_SEA,0.176848874598,0.828125,0.171052631579,0.158357771261,0.161237785016,0.170671543258,0.171052631579,,0.176848874598,
sea,2024,17,2024_17_SEA_CHI,0.176470588235,0.828125,0.173913043478,0.154401154401,0.16163141994,0.169226734936,0.173913043478,,0.176470588235,
sea,2024,18,2024_18_SEA_LA,0.187301587302,0.921875,0.192052980132,0.165217391304,0.165217391304,0.180217024771,0.192052980132,,0.187301587302,
sea,2025,1,2025_01_SF_SEA,0.175675675676,0.890625,0.208053691275,0.16204379562,,0.174524605645,,0.130434782609,,0.108870967742
sea,2025,2,2025_02_SEA_PIT,0.166077738516,0.796875,0.160305343511,0.162121212121,,0.163410822403,,0.1171875,,0.10970464135
sea,2025,3,2025_03_NO_SEA,0.175,0.828125,0.176470588235,0.164133738602,,0.173168711431,,0.0909090909091,,0.0843373493976
sea,2025,4,2025_04_SEA_ARI,0.171102661597,0.828125,0.142857142857,0.166392092257,,0.165876393537,,0.101449275362,,0.0859375
sea,2025,5,2025_05_TB_SEA,0.174242424242,0.921875,0.130434782609,0.159863945578,0.130434782609,0.153388496851,0.130434782609,0.0902255639098,,0.09375
sea,2025,6,2025_06_SEA_JAX,0.138996138996,0.546875,0.1171875,0.159649122807,0.11038961039,0.134394525619,0.1171875,0.100917431193,,0.0992063492063
sea,2025,7,2025_07_HOU_SEA,0.133333333333,0.359375,0.0909090909091,0.158081705151,0.114754098361,0.134549938466,0.0909090909091,0.078125,,0.0996168582375
sea,2025,9,2025_09_SEA_WAS,0.12,0.265625,0.101449275362,0.157522123894,0.117647058824,0.133929759163,0.101449275362,0.0677966101695,,0.106060606061
sea,2025,10,2025_10_ARI_SEA,0.108870967742,0.171875,0.0902255639098,0.145220588235,0.108870967742,0.118682264966,0.0902255639098,0.0975609756098,0.108870967742,0.115671641791
sea,2025,11,2025_11_SEA_LA,0.10970464135,0.203125,0.100917431193,0.140384615385,0.106463878327,0.113302994581,0.100917431193,0.0979020979021,0.10970464135,0.115789473684
sea,2025,12,2025_12_SEA_TEN,0.0843373493976,0.078125,0.078125,0.132325141777,0.0996784565916,0.0999973576704,0.078125,0.12030075188,0.0843373493976,
sea,2025,13,2025_13_MIN_SEA,0.0859375,0.015625,0.0677966101695,0.129094412331,0.100294985251,0.100333774216,0.0677966101695,0.13698630137,0.0859375,
sea,2025,14,2025_14_SEA_ATL,0.09375,0.015625,0.0975609756098,0.134615384615,0.105121293801,0.110302494528,0.0975609756098,0.131034482759,0.09375,
sea,2025,15,2025_15_IND_SEA,0.0992063492063,0.109375,0.0979020979021,0.119373776908,0.103448275862,0.103387232815,0.0979020979021,0.133802816901,0.0992063492063,
sea,2025,16,2025_16_LA_SEA,0.0996168582375,0.109375,0.12030075188,0.115768463074,0.105855855856,0.107931654664,0.12030075188,,0.0996168582375,
sea,2025,17,2025_17_SEA_CAR,0.106060606061,0.140625,0.13698630137,0.112840466926,0.111340206186,0.119427362667,0.13698630137,,0.106060606061,
sea,2025,18,2025_18_SEA_SF,0.115671641791,0.234375,0.131034482759,0.112403100775,0.112403100775,0.120752774012,0.131034482759,,0.115671641791,
sf,2022,1,2022_01_SF_CHI,,,,,,,,0.1171875,,0.122448979592
sf,2022,2,2022_02_SEA_SF,,,,,,,,0.125,,0.114583333333
sf,2022,3,2022_03_SF_DEN,,,,,,,,0.111111111111,,0.114186851211
sf,2022,4,2022_04_LA_SF,,,,,,,,0.109090909091,,0.112627986348
sf,2022,5,2022_05_SF_CAR,0.1171875,0.265625,0.1171875,,0.1171875,0.113266131253,0.1171875,0.126506024096,,0.134185303514
sf,2022,6,2022_06_SF_ATL,0.121951219512,0.265625,0.125,,0.121951219512,0.120982709804,0.125,0.10625,,0.134426229508
sf,2022,7,2022_07_KC_SF,0.114832535885,0.265625,0.111111111111,,0.114832535885,0.111058049127,0.111111111111,0.11724137931,,0.137457044674
sf,2022,8,2022_08_SF_LA,0.120754716981,0.296875,0.109090909091,,0.120754716981,0.121041730008,0.109090909091,0.1171875,,0.13358778626
sf,2022,10,2022_10_LAC_SF,0.122448979592,0.390625,0.126506024096,0.122448979592,0.122448979592,0.123778179699,0.126506024096,0.142857142857,0.122448979592,0.129151291513
sf,2022,11,2022_11_SF_ARI,0.114583333333,0.265625,0.10625,0.114197530864,0.114197530864,0.108746611875,0.10625,0.165517241379,0.114583333333,0.149812734082
sf,2022,12,2022_12_NO_SF,0.114186851211,0.234375,0.11724137931,0.11581920904,0.11581920904,0.112804048731,0.11724137931,0.157534246575,0.114186851211,
sf,2022,13,2022_13_MIA_SF,0.112627986348,0.265625,0.1171875,0.119592875318,0.119592875318,0.1211465226,0.1171875,0.149253731343,0.112627986348,
sf,2022,14,2022_14_TB_SF,0.134185303514,0.546875,0.142857142857,0.12925170068,0.12925170068,0.141137772177,0.142857142857,0.112903225806,0.134185303514,
sf,2022,15,2022_15_SF_SEA,0.134426229508,0.578125,0.165517241379,0.130063965885,0.130063965885,0.141373725829,0.165517241379,0.131147540984,0.134426229508,
sf,2022,16,2022_16_WAS_SF,0.137457044674,0.515625,0.157534246575,0.128,0.128,0.134548529004,0.157534246575,,0.137457044674,
sf,2022,17,2022_17_SF_LV,0.13358778626,0.421875,0.149253731343,0.127134724858,0.127134724858,0.131341845528,0.149253731343,,0.13358778626,
sf,2022,18,2022_18_ARI_SF,0.129151291513,0.390625,0.112903225806,0.125663716814,0.125663716814,0.126482702152,0.112903225806,,0.129151291513,
sf,2023,1,2023_01_SF_PIT,0.149812734082,0.578125,0.131147540984,0.131531531532,,0.140547247684,,0.131782945736,,0.131578947368
sf,2023,2,2023_02_SF_LA,0.158671586716,0.703125,0.16,0.135714285714,,0.151883765697,,0.096,,0.132575757576
sf,2023,3,2023_03_NYG_SF,0.153846153846,0.671875,0.15873015873,0.132007233273,,0.145098845842,,0.113636363636,,0.138059701493
sf,2023,4,2023_04_ARI_SF,0.141176470588,0.421875,0.167938931298,0.137323943662,,0.144861852684,,0.099173553719,,0.142857142857
sf,2023,5,2023_05_DAL_SF,0.131474103586,0.296875,0.131782945736,0.13309352518,0.131782945736,0.131995634088,0.131782945736,0.131386861314,,0.149812734082
sf,2023,6,2023_06_SF_CLE,0.128,0.265625,0.096,0.133086876155,0.119496855346,0.122224911866,0.096,0.165467625899,,0.167910447761
sf,2023,7,2023_07_SF_MIN,0.135658914729,0.484375,0.113636363636,0.134615384615,0.128865979381,0.130920672497,0.113636363636,0.161764705882,,0.153256704981
sf,2023,8,2023_08_CIN_SF,0.134920634921,0.484375,0.099173553719,0.131931166348,0.12389380531,0.124584716979,0.099173553719,0.18115942029,,0.163120567376
sf,2023,10,2023_10_SF_JAX,0.131578947368,0.390625,0.131386861314,0.140712945591,0.131578947368,0.135651938909,0.131386861314,0.169230769231,0.131578947368,0.14652014652
sf,2023,11,2023_11_TB_SF,0.132575757576,0.421875,0.165467625899,0.145794392523,0.140939597315,0.149217010485,0.165467625899,0.170542635659,0.132575757576,0.139194139194
sf,2023,12,2023_12_SF_SEA,0.138059701493,0.421875,0.161764705882,0.145833333333,0.142424242424,0.150315127764,0.161764705882,0.144,0.138059701493,
sf,2023,13,2023_13_SF_PHI,0.142857142857,0.515625,0.18115942029,0.142023346304,0.145604395604,0.153988657988,0.18115942029,0.145833333333,0.142857142857,
sf,2023,14,2023_14_SEA_SF,0.149812734082,0.671875,0.169230769231,0.140926640927,0.143939393939,0.14930674468,0.169230769231,0.125874125874,0.149812734082,
sf,2023,15,2023_15_SF_ARI,0.167910447761,0.765625,0.170542635659,0.148648648649,0.149882903981,0.162176824771,0.170542635659,0.111111111111,0.167910447761,
sf,2023,16,2023_16_BAL_SF,0.153256704981,0.703125,0.144,0.14450867052,0.142857142857,0.143791496052,0.144,,0.153256704981,
sf,2023,17,2023_17_SF_WAS,0.163120567376,0.765625,0.145833333333,0.149812734082,0.145669291339,0.150839874766,0.145833333333,,0.163120567376,
sf,2023,18,2023_18_LA_SF,0.14652014652,0.671875,0.125874125874,0.139146567718,0.139146567718,0.132257858216,0.125874125874,,0.14652014652,
sf,2024,1,2024_01_NYJ_SF,0.139194139194,0.453125,0.111111111111,0.135940409683,,0.13528250229,,0.117647058824,,0.115894039735
sf,2024,2,2024_02_SF_MIN,0.134057971014,0.390625,0.12582781457,0.136029411765,,0.131908267148,,0.119496855346,,0.122186495177
sf,2024,3,2024_03_SF_LA,0.132867132867,0.359375,0.119718309859,0.137614678899,,0.137448501515,,0.108108108108,,0.114754098361
sf,2024,4,2024_04_NE_SF,0.124579124579,0.296875,0.123376623377,0.136524822695,,0.124868605319,,0.130136986301,,0.119047619048
sf,2024,5,2024_05_ARI_SF,0.114478114478,0.203125,0.117647058824,0.13982300885,0.117647058824,0.125981397872,0.117647058824,0.114093959732,,0.112280701754
sf,2024,6,2024_06_SF_SEA,0.122580645161,0.328125,0.119496855346,0.136602451839,0.118556701031,0.124771903315,0.119496855346,0.125,,0.110294117647
sf,2024,7,2024_07_KC_SF,0.113793103448,0.25,0.108108108108,0.138111888112,0.118942731278,0.124514092775,0.108108108108,0.12101910828,,0.105839416058
sf,2024,8,2024_08_DAL_SF,0.126666666667,0.328125,0.130136986301,0.13612565445,0.123134328358,0.128019500553,0.130136986301,0.108108108108,,0.104316546763
sf,2024,10,2024_10_SF_TB,0.115894039735,0.203125,0.114093959732,0.126956521739,0.115894039735,0.116309225362,0.114093959732,0.110294117647,0.115894039735,0.113402061856
sf,2024,11,2024_11_SEA_SF,0.122186495177,0.296875,0.125,0.127768313458,0.121387283237,0.124357181935,0.125,0.0916666666667,0.122186495177,0.101694915254
sf,2024,12,2024_12_SF_GB,0.114754098361,0.265625,0.12101910828,0.123519458545,0.119791666667,0.120627164474,0.12101910828,0.0854700854701,0.114754098361,
sf,2024,13,2024_13_SF_BUF,0.119047619048,0.265625,0.108108108108,0.121827411168,0.117788461538,0.116651602397,0.108108108108,0.1,0.119047619048,
sf,2024,14,2024_14_CHI_SF,0.112280701754,0.203125,0.110294117647,0.113402061856,0.114155251142,0.107929562328,0.110294117647,0.116129032258,0.112280701754,
sf,2024,15,2024_15_LA_SF,0.110294117647,0.203125,0.0916666666667,0.116838487973,0.113733905579,0.108457508482,0.0916666666667,0.108571428571,0.110294117647,
sf,2024,16,2024_16_SF_MIA,0.105839416058,0.234375,0.0854700854701,0.109929078014,0.111776447106,0.103408034463,0.0854700854701,,0.105839416058,
sf,2024,17,2024_17_DET_SF,0.104316546763,0.265625,0.1,0.115916955017,0.113553113553,0.110494973716,0.1,,0.104316546763,
sf,2024,18,2024_18_SF_ARI,0.113402061856,0.296875,0.116129032258,0.114671163575,0.114671163575,0.113729221555,0.116129032258,,0.113402061856,
sf,2025,1,2025_01_SF_SEA,0.101694915254,0.265625,0.108571428571,0.112211221122,,0.107428911323,,0.145348837209,,0.163204747774
sf,2025,2,2025_02_SF_NO,0.113712374582,0.296875,0.131868131868,0.114238410596,,0.121718890159,,0.148351648352,,0.15479876161
sf,2025,3,2025_03_ARI_SF,0.118971061093,0.328125,0.132596685083,0.119008264463,,0.125010144794,,0.166666666667,,0.140625
sf,2025,4,2025_04_JAX_SF,0.132132132132,0.453125,0.14606741573,0.122977346278,,0.135291087171,,0.158823529412,,0.131147540984
sf,2025,5,2025_05_SF_LA,0.126801152738,0.359375,0.145348837209,0.119547657512,0.145348837209,0.124404680845,0.145348837209,0.181818181818,,0.128378378378
sf,2025,6,2025_06_SF_TB,0.14010989011,0.578125,0.148351648352,0.12539184953,0.15625,0.1383057566,0.148351648352,0.163120567376,,0.125899280576
sf,2025,7,2025_07_ATL_SF,0.149863760218,0.609375,0.166666666667,0.13023255814,0.165441176471,0.151183029446,0.166666666667,0.10447761194,,0.110701107011
sf,2025,8,2025_08_SF_HOU,0.152298850575,0.671875,0.158823529412,0.134585289515,0.163333333333,0.151031977283,0.158823529412,0.0962962962963,,0.0967741935484
sf,2025,9,2025_09_SF_NYG,0.163204747774,0.734375,0.181818181818,0.134493670886,0.163204747774,0.152659255293,0.181818181818,0.0610687022901,0.163204747774,0.0777385159011
sf,2025,10,2025_10_LA_SF,0.15479876161,0.671875,0.163120567376,0.135048231511,0.158904109589,0.147540313656,0.163120567376,0.0875912408759,0.15479876161,0.0940766550523
sf,2025,11,2025_11_SF_ARI,0.140625,0.515625,0.10447761194,0.129952456418,0.145320197044,0.126042694019,0.10447761194,0.116788321168,0.140625,
sf,2025,12,2025_12_CAR_SF,0.131147540984,0.421875,0.0962962962963,0.131661442006,0.142528735632,0.123578303779,0.0962962962963,0.0972222222222,0.131147540984,
sf,2025,13,2025_13_SF_CLE,0.128378378378,0.390625,0.0610687022901,0.127527216174,0.134615384615,0.109527396767,0.0610687022901,0.0921052631579,0.128378378378,
sf,2025,15,2025_15_TEN_SF,0.125899280576,0.390625,0.0875912408759,0.133956386293,0.139442231076,0.125057520369,0.0875912408759,0.1,0.125899280576,
sf,2025,16,2025_16_SF_IND,0.110701107011,0.171875,0.116788321168,0.133228840125,0.138121546961,0.124367786728,0.116788321168,,0.110701107011,
sf,2025,17,2025_17_CHI_SF,0.0967741935484,0.109375,0.0972222222222,0.127591706539,0.131260794473,0.108277550699,0.0972222222222,,0.0967741935484,
sf,2025,18,2025_18_SEA_SF,0.0777385159011,0.046875,0.0921052631579,0.124193548387,0.124193548387,0.0930001548698,0.0921052631579,,0.0777385159011,
tb,2022,1,2022_01_TB_DAL,,,,,,,,0.093023255814,,0.0911528150134
tb,2022,2,2022_02_TB_NO,,,,,,,,0.0812182741117,,0.0814814814815
tb,2022,3,2022_03_GB_TB,,,,,,,,0.0886699507389,,0.077694235589
tb,2022,4,2022_04_KC_TB,,,,,,,,0.0825242718447,,0.0827067669173
tb,2022,5,2022_05_ATL_TB,0.093023255814,0.046875,0.093023255814,,0.093023255814,0.0908359992975,0.093023255814,0.089552238806,,0.0847880299252
tb,2022,6,2022_06_TB_PIT,0.0884955752212,0.046875,0.0812182741117,,0.0884955752212,0.085606361313,0.0812182741117,0.0817307692308,,0.0913580246914
tb,2022,7,2022_07_TB_CAR,0.092936802974,0.140625,0.0886699507389,,0.092936802974,0.0926017576003,0.0886699507389,0.0663265306122,,0.0953545232274
tb,2022,8,2022_08_BAL_TB,0.0872274143302,0.109375,0.0825242718447,,0.0872274143302,0.0839798619163,0.0825242718447,0.0829015544041,,0.0980392156863
tb,2022,9,2022_09_LA_TB,0.0911528150134,0.078125,0.089552238806,0.0911528150134,0.0911528150134,0.0911096405486,0.089552238806,0.08,0.0911528150134,0.102941176471
tb,2022,10,2022_10_SEA_TB,0.0814814814815,0.046875,0.0817307692308,0.0852534562212,0.0852534562212,0.0810242768001,0.0817307692308,0.10152284264,0.0814814814815,0.115485564304
tb,2022,12,2022_12_TB_CLE,0.077694235589,0.046875,0.0663265306122,0.0817204301075,0.0817204301075,0.0748350289353,0.0663265306122,0.1220657277,0.077694235589,
tb,2022,13,2022_13_NO_TB,0.0827067669173,0.015625,0.0829015544041,0.0856031128405,0.0856031128405,0.0840062123311,0.0829015544041,0.111627906977,0.0827067669173,
tb,2022,14,2022_14_TB_SF,0.0847880299252,0.015625,0.08,0.087260034904,0.087260034904,0.0878301935309,0.08,0.125,0.0847880299252,
tb,2022,15,2022_15_CIN_TB,0.0913580246914,0.109375,0.10152284264,0.0903328050713,0.0903328050713,0.0944593294641,0.10152284264,0.130434782609,0.0913580246914,
tb,2022,16,2022_16_TB_ARI,0.0953545232274,0.109375,0.1220657277,0.094395280236,0.094395280236,0.103326426752,0.1220657277,,0.0953545232274,
tb,2022,17,2022_17_CAR_TB,0.0980392156863,0.109375,0.111627906977,0.0932784636488,0.0932784636488,0.0990051390361,0.111627906977,,0.0980392156863,
tb,2022,18,2022_18_TB_ATL,0.102941176471,0.140625,0.125,0.0973111395647,0.0973111395647,0.108540609516,0.125,,0.102941176471,
tb,2023,1,2023_01_TB_MIN,0.115485564304,0.203125,0.130434782609,0.0979643765903,,0.112969507382,,0.0743243243243,,0.108761329305
tb,2023,2,2023_02_CHI_TB,0.115979381443,0.203125,0.108571428571,0.0965692503177,,0.104877258317,,0.0855263157895,,0.118181818182
tb,2023,3,2023_03_PHI_TB,0.10582010582,0.140625,0.0981595092025,0.0939510939511,,0.0935502125916,,0.109090909091,,0.133720930233
tb,2023,4,2023_04_TB_NO,0.111747851003,0.109375,0.0921985815603,0.0973333333333,,0.102387349072,,0.122994652406,,0.141242937853
tb,2023,6,2023_06_DET_TB,0.105421686747,0.078125,0.0743243243243,0.0976933514247,0.0743243243243,0.0979482789161,0.0743243243243,0.136612021858,,0.14409221902
tb,2023,7,2023_07_ATL_TB,0.0978593272171,0.046875,0.0855263157895,0.0964673913043,0.0789473684211,0.0972909864919,0.0855263157895,0.14606741573,,0.139465875371
tb,2023,8,2023_08_TB_BUF,0.103658536585,0.046875,0.109090909091,0.100543478261,0.0867768595041,0.101446268659,0.109090909091,0.156424581006,,0.140625
tb,2023,9,2023_09_TB_HOU,0.109756097561,0.140625,0.122994652406,0.10597826087,0.105442176871,0.119091708399,0.122994652406,0.161676646707,,0.126623376623
tb,2023,10,2023_10_TEN_TB,0.108761329305,0.109375,0.136612021858,0.112359550562,0.108761329305,0.12244915904,0.136612021858,0.15243902439,0.108761329305,0.11935483871
tb,2023,11,2023_11_TB_SF,0.118181818182,0.203125,0.14606741573,0.116991643454,0.111413043478,0.125020609898,0.14606741573,0.132075471698,0.118181818182,0.122186495177
tb,2023,12,2023_12_TB_IND,0.133720930233,0.328125,0.156424581006,0.119113573407,0.116389548694,0.130323437045,0.156424581006,0.120567375887,0.133720930233,
tb,2023,13,2023_13_CAR_TB,0.141242937853,0.515625,0.161676646707,0.126600284495,0.125813449024,0.145563018588,0.161676646707,0.0851063829787,0.141242937853,
tb,2023,14,2023_14_TB_ATL,0.14409221902,0.546875,0.15243902439,0.125184094256,0.123232323232,0.137980443035,0.15243902439,0.0821917808219,0.14409221902,
tb,2023,15,2023_15_TB_GB,0.139465875371,0.515625,0.132075471698,0.118975903614,0.117647058824,0.123323727063,0.132075471698,0.111842105263,0.139465875371,
tb,2023,16,2023_16_JAX_TB,0.140625,0.640625,0.120567375887,0.121913580247,0.11743772242,0.122569242107,0.120567375887,,0.140625,
tb,2023,17,2023_17_NO_TB,0.126623376623,0.296875,0.0851063829787,0.117924528302,0.116279069767,0.118198910293,0.0851063829787,,0.126623376623,
tb,2023,18,2023_18_TB_CAR,0.11935483871,0.171875,0.0821917808219,0.113884555382,0.113884555382,0.110937604657,0.0821917808219,,0.11935483871,
tb,2024,1,2024_01_WAS_TB,0.122186495177,0.265625,0.111842105263,0.120124804992,,0.11932899987,,0.127388535032,,0.080118694362
tb,2024,2,2024_02_TB_DET,0.115646258503,0.171875,0.111111111111,0.12539184953,,0.119030747504,,0.111842105263,,0.0798816568047
tb,2024,3,2024_03_DEN_TB,0.106382978723,0.171875,0.127659574468,0.125786163522,,0.126322726783,,0.0838323353293,,0.0697674418605
tb,2024,4,2024_04_PHI_TB,0.124567474048,0.265625,0.167832167832,0.135220125786,,0.144277229783,,0.05,,0.0502958579882
tb,2024,5,2024_05_TB_ATL,0.119741100324,0.234375,0.127388535032,0.130030959752,0.127388535032,0.121381154342,0.127388535032,0.0388888888889,,0.0642201834862
tb,2024,6,2024_06_TB_NO,0.111475409836,0.171875,0.111842105263,0.1264,0.11170212766,0.109194419286,0.111842105263,0.0537634408602,,0.0838323353293
tb,2024,7,2024_07_BAL_TB,0.103896103896,0.078125,0.0838323353293,0.11525974026,0.0995670995671,0.0962471187906,0.0838323353293,0.0564971751412,,0.0858895705521
tb,2024,8,2024_08_ATL_TB,0.102167182663,0.078125,0.05,0.110584518167,0.0947368421053,0.0909776353762,0.05,0.0506329113924,,0.0864197530864
tb,2024,9,2024_09_TB_KC,0.080118694362,0.046875,0.0388888888889,0.100308641975,0.080118694362,0.0720329554087,0.0388888888889,0.0952380952381,0.080118694362,0.10355987055
tb,2024,10,2024_10_SF_TB,0.0798816568047,0.046875,0.0537634408602,0.0965189873418,0.0828877005348,0.0763575230582,0.0537634408602,0.121621621622,0.0798816568047,0.0929487179487
tb,2024,12,2024_12_TB_NYG,0.0697674418605,0.015625,0.0564971751412,0.0862619808307,0.0808823529412,0.0723288196892,0.0564971751412,0.120805369128,0.0697674418605,
tb,2024,13,2024_13_TB_CAR,0.0502958579882,0.015625,0.0506329113924,0.0845295055821,0.079006772009,0.0699219384859,0.0506329113924,0.120481927711,0.0502958579882,
tb,2024,14,2024_14_LV_TB,0.0642201834862,0.015625,0.0952380952381,0.0911949685535,0.0847107438017,0.0834969866062,0.0952380952381,0.111111111111,0.0642201834862,
tb,2024,15,2024_15_TB_LAC,0.0838323353293,0.140625,0.121621621622,0.0970266040689,0.0938697318008,0.103778287403,0.121621621622,0.0670731707317,0.0838323353293,
tb,2024,16,2024_16_TB_DAL,0.0858895705521,0.140625,0.120805369128,0.0946372239748,0.0915619389587,0.0967179855358,0.120805369128,,0.0858895705521,
tb,2024,17,2024_17_CAR_TB,0.0864197530864,0.140625,0.120481927711,0.0942812982998,0.0903119868637,0.0926779484249,0.120481927711,,0.0864197530864,
tb,2024,18,2024_18_NO_TB,0.10355987055,0.203125,0.111111111111,0.0913312693498,0.0913312693498,0.0944198908075,0.111111111111,,0.10355987055,
tb,2025,1,2025_01_TB_ATL,0.0929487179487,0.171875,0.0670731707317,0.0861538461538,,0.0826236488718,,0.0693641618497,,0.083850931677
tb,2025,2,2025_02_TB_HOU,0.0949367088608,0.140625,0.0718562874251,0.0818181818182,,0.0813250227713,,0.0628571428571,,0.0876132930514
tb,2025,3,2025_03_NYJ_TB,0.102409638554,0.234375,0.0843373493976,0.0761194029851,,0.0873758614964,,0.04,,0.0828025477707
tb,2025,4,2025_04_PHI_TB,0.0911854103343,0.140625,0.0718562874251,0.077743902439,,0.0825962963016,,0.0714285714286,,0.0934579439252
tb,2025,5,2025_05_TB_SEA,0.0682492581602,0.015625,0.0693641618497,0.0760059612519,0.0693641618497,0.0717181504508,0.0693641618497,0.10067114094,,0.0967741935484
tb,2025,6,2025_06_SF_TB,0.0672514619883,0.015625,0.0628571428571,0.0763473053892,0.0657276995305,0.0684644111977,0.0628571428571,0.115384615385,,0.0970873786408
tb,2025,7,2025_07_TB_DET,0.0632911392405,0.015625,0.04,0.075,0.0627615062762,0.0649848868066,0.04,0.121951219512,,0.109422492401
tb,2025,8,2025_08_TB_NO,0.0716417910448,0.015625,0.0714285714286,0.0869565217391,0.0779661016949,0.083582083823,0.0714285714286,0.117647058824,,0.0980392156863
tb,2025,10,2025_10_NE_TB,0.083850931677,0.015625,0.10067114094,0.0883280757098,0.083850931677,0.0908700358267,0.10067114094,0.0931677018634,0.083850931677,0.0900900900901
tb,2025,11,2025_11_TB_BUF,0.0876132930514,0.015625,0.115384615385,0.0911901081917,0.0867208672087,0.0941990278571,0.115384615385,0.078431372549,0.0876132930514,0.0920634920635
tb,2025,12,2025_12_TB_LA,0.0828025477707,0.015625,0.121951219512,0.0928792569659,0.0868486352357,0.09367709725,0.121951219512,0.0969696969697,0.0828025477707,
tb,2025,13,2025_13_ARI_TB,0.0934579439252,0.078125,0.117647058824,0.0923076923077,0.0915178571429,0.100592923057,0.117647058824,0.078431372549,0.0934579439252,
tb,2025,14,2025_14_NO_TB,0.0967741935484,0.046875,0.0931677018634,0.0819165378671,0.0869565217391,0.0886637888766,0.0931677018634,0.0872093023256,0.0967741935484,
tb,2025,15,2025_15_ATL_TB,0.0970873786408,0.109375,0.078431372549,0.0814132104455,0.0842911877395,0.0827003220944,0.078431372549,0.104938271605,0.0970873786408,
tb,2025,16,2025_16_TB_CAR,0.109422492401,0.171875,0.0969696969697,0.0868217054264,0.0897887323944,0.0961728595514,0.0969696969697,,0.109422492401,
tb,2025,17,2025_17_TB_MIA,0.0980392156863,0.109375,0.078431372549,0.0842433697348,0.0881863560732,0.0909797409565,0.078431372549,,0.0980392156863,
tb,2025,18,2025_18_CAR_TB,0.0900900900901,0.078125,0.0872093023256,0.0870229007634,0.0870229007634,0.0879395313372,0.0872093023256,,0.0900900900901,
ten,2022,1,2022_01_NYG_TEN,,,,,,,,0.142857142857,,0.209090909091
ten,2022,2,2022_02_TEN_BUF,,,,,,,,0.214876033058,,0.202702702703
ten,2022,3,2022_03_LV_TEN,,,,,,,,0.263157894737,,0.20796460177
ten,2022,4,2022_04_TEN_IND,,,,,,,,0.292929292929,,0.205128205128
ten,2022,5,2022_05_TEN_WAS,0.142857142857,0.59375,0.142857142857,,0.142857142857,0.147357300229,0.142857142857,0.297872340426,,0.214876033058
ten,2022,7,2022_07_IND_TEN,0.194968553459,0.921875,0.214876033058,,0.194968553459,0.218364839711,0.214876033058,0.188118811881,,0.1875
ten,2022,8,2022_08_TEN_HOU,0.208791208791,0.984375,0.263157894737,,0.208791208791,0.234932762101,0.263157894737,0.151785714286,,0.172284644195
ten,2022,9,2022_09_TEN_KC,0.213197969543,0.953125,0.292929292929,,0.213197969543,0.239058602335,0.292929292929,0.140740740741,,0.170818505338
ten,2022,10,2022_10_DEN_TEN,0.209090909091,0.921875,0.297872340426,0.209090909091,0.209090909091,0.226574069692,0.297872340426,0.162162162162,0.209090909091,0.18
ten,2022,11,2022_11_TEN_GB,0.202702702703,0.921875,0.188118811881,0.192307692308,0.192307692308,0.190646480515,0.188118811881,0.187096774194,0.202702702703,0.205387205387
ten,2022,12,2022_12_CIN_TEN,0.20796460177,0.984375,0.151785714286,0.187074829932,0.187074829932,0.180928590748,0.151785714286,0.187096774194,0.20796460177,
ten,2022,13,2022_13_TEN_PHI,0.205128205128,0.953125,0.140740740741,0.183734939759,0.183734939759,0.175663294623,0.140740740741,0.198630136986,0.205128205128,
ten,2022,14,2022_14_JAX_TEN,0.214876033058,0.953125,0.162162162162,0.190217391304,0.190217391304,0.190886866935,0.162162162162,0.197368421053,0.214876033058,
ten,2022,15,2022_15_TEN_LAC,0.1875,0.859375,0.187096774194,0.190361445783,0.190361445783,0.191032218164,0.187096774194,0.225352112676,0.1875,
ten,2022,16,2022_16_HOU_TEN,0.172284644195,0.703125,0.187096774194,0.187082405345,0.187082405345,0.183474475857,0.187096774194,,0.172284644195,
ten,2022,17,2022_17_DAL_TEN,0.170818505338,0.703125,0.198630136986,0.188284518828,0.188284518828,0.186951541772,0.198630136986,,0.170818505338,
ten,2022,18,2022_18_TEN_JAX,0.18,0.796875,0.197368421053,0.192307692308,0.192307692308,0.197365349479,0.197368421053,,0.18,
ten,2023,1,2023_01_TEN_NO,0.205387205387,0.953125,0.225352112676,0.204238921002,,0.215886192611,,0.228571428571,,0.239057239057
ten,2023,2,2023_02_LAC_TEN,0.21568627451,0.984375,0.245033112583,0.212406015038,,0.22020920948,,0.222222222222,,0.24584717608
ten,2023,3,2023_03_TEN_CLE,0.220735785953,0.984375,0.241830065359,0.213883677298,,0.216765367252,,0.241134751773,,0.25
ten,2023,4,2023_04_CIN_TEN,0.220338983051,0.953125,0.244755244755,0.217877094972,,0.222211696584,,0.258741258741,,0.239583333333
ten,2023,5,2023_05_TEN_IND,0.22695035461,0.984375,0.228571428571,0.208178438662,0.228571428571,0.222650590703,0.228571428571,0.248407643312,,0.234899328859
ten,2023,6,2023_06_BAL_TEN,0.234265734266,0.984375,0.222222222222,0.204339963834,0.224719101124,0.219899712717,0.222222222222,0.265060240964,,0.23178807947
ten,2023,8,2023_08_ATL_TEN,0.241496598639,0.984375,0.241134751773,0.206956521739,0.232558139535,0.228451845408,0.241134751773,0.258278145695,,0.235880398671
ten,2023,9,2023_09_TEN_PIT,0.251748251748,0.984375,0.258741258741,0.215017064846,0.244979919679,0.24410667469,0.258741258741,0.220689655172,,0.224422442244
ten,2023,10,2023_10_TEN_TB,0.239057239057,0.984375,0.248407643312,0.222222222222,0.239057239057,0.238031711637,0.248407643312,0.219858156028,0.239057239057,0.243055555556
ten,2023,11,2023_11_TEN_JAX,0.24584717608,0.984375,0.265060240964,0.230642504119,0.244186046512,0.24665185408,0.265060240964,0.191176470588,0.24584717608,0.236162361624
ten,2023,12,2023_12_CAR_TEN,0.25,0.984375,0.258278145695,0.235194585448,0.243169398907,0.245650698149,0.258278145695,0.213333333333,0.25,
ten,2023,13,2023_13_IND_TEN,0.239583333333,0.984375,0.220689655172,0.229845626072,0.236040609137,0.231684796427,0.220689655172,0.227848101266,0.239583333333,
ten,2023,14,2023_14_TEN_MIA,0.234899328859,0.984375,0.219858156028,0.231034482759,0.232876712329,0.226678745706,0.219858156028,0.265306122449,0.234899328859,
ten,2023,15,2023_15_HOU_TEN,0.23178807947,0.984375,0.191176470588,0.232993197279,0.229166666667,0.220553853881,0.191176470588,0.281481481481,0.23178807947,
ten,2023,16,2023_16_SEA_TEN,0.235880398671,0.984375,0.213333333333,0.238655462185,0.234496124031,0.234594137123,0.213333333333,,0.235880398671,
ten,2023,17,2023_17_TEN_HOU,0.224422442244,0.984375,0.227848101266,0.237691001698,0.233695652174,0.232510151859,0.227848101266,,0.224422442244,
ten,2023,18,2023_18_JAX_TEN,0.243055555556,0.984375,0.265306122449,0.241025641026,0.241025641026,0.252020235894,0.265306122449,,0.243055555556,
ten,2024,1,2024_01_TEN_CHI,0.236162361624,0.953125,0.281481481481,0.241258741259,,0.24956891371,,0.212328767123,,0.178571428571
ten,2024,2,2024_02_NYJ_TEN,0.239583333333,0.953125,0.268115942029,0.244827586207,,0.251344219325,,0.179856115108,,0.178217821782
ten,2024,3,2024_03_GB_TEN,0.238255033557,0.953125,0.25,0.238907849829,,0.234746691201,,0.204081632653,,0.186274509804
ten,2024,4,2024_04_TEN_MIA,0.247491638796,0.984375,0.230263157895,0.241206030151,,0.241192826218,,0.154362416107,,0.181818181818
ten,2024,6,2024_06_IND_TEN,0.245551601423,0.953125,0.212328767123,0.238421955403,0.212328767123,0.228189325913,0.212328767123,0.148148148148,,0.190476190476
ten,2024,7,2024_07_TEN_BUF,0.223826714801,0.921875,0.179856115108,0.230103806228,0.196629213483,0.211632036638,0.179856115108,0.176829268293,,0.185534591195
ten,2024,8,2024_08_TEN_DET,0.226480836237,0.953125,0.204081632653,0.225423728814,0.205357142857,0.216375933683,0.204081632653,0.169811320755,,0.167721518987
ten,2024,9,2024_09_NE_TEN,0.1926910299,0.921875,0.154362416107,0.217317487267,0.188191881919,0.193615117514,0.154362416107,0.209459459459,,0.169381107492
ten,2024,10,2024_10_TEN_LAC,0.178571428571,0.859375,0.148148148148,0.205526770294,0.178571428571,0.178414131771,0.148148148148,0.235294117647,0.178571428571,0.170418006431
ten,2024,11,2024_11_MIN_TEN,0.178217821782,0.859375,0.176829268293,0.208121827411,0.187134502924,0.191378540643,0.176829268293,0.194805194805,0.178217821782,0.159090909091
ten,2024,12,2024_12_TEN_HOU,0.186274509804,0.890625,0.169811320755,0.211920529801,0.190600522193,0.19687780911,0.169811320755,0.165605095541,0.186274509804,
ten,2024,13,2024_13_TEN_WAS,0.181818181818,0.890625,0.209459459459,0.214765100671,0.195704057279,0.205373765285,0.209459459459,0.132075471698,0.181818181818,
ten,2024,14,2024_14_JAX_TEN,0.190476190476,0.890625,0.235294117647,0.21644295302,0.197396963124,0.207198404428,0.235294117647,0.107594936709,0.190476190476,
ten,2024,15,2024_15_CIN_TEN,0.185534591195,0.890625,0.194805194805,0.203361344538,0.189516129032,0.187163405241,0.194805194805,0.123376623377,0.185534591195,
ten,2024,16,2024_16_TEN_IND,0.167721518987,0.734375,0.165605095541,0.195688225539,0.183333333333,0.172722899668,0.165605095541,,0.167721518987,
ten,2024,17,2024_17_TEN_JAX,0.169381107492,0.765625,0.132075471698,0.180921052632,0.178200692042,0.159804825821,0.132075471698,,0.169381107492,
ten,2024,18,2024_18_HOU_TEN,0.170418006431,0.796875,0.107594936709,0.174474959612,0.174474959612,0.152509123403,0.107594936709,,0.170418006431,
ten,2025,1,2025_01_TEN_DEN,0.159090909091,0.765625,0.123376623377,0.168576104746,,0.152594010158,,0.222222222222,,0.178041543027
ten,2025,2,2025_02_LA_TEN,0.178217821782,0.890625,0.191780821918,0.182266009852,,0.190954506319,,0.152941176471,,0.155487804878
ten,2025,3,2025_03_IND_TEN,0.170967741935,0.828125,0.211920529801,0.176276771005,,0.189081653474,,0.151162790698,,0.148484848485
ten,2025,4,2025_04_TEN_HOU,0.160377358491,0.765625,0.2125,0.175355450237,,0.179210161346,,0.148148148148,,0.158208955224
ten,2025,5,2025_05_TEN_ARI,0.174050632911,0.890625,0.222222222222,0.179810725552,0.222222222222,0.184361884564,0.222222222222,0.137142857143,,0.146551724138
ten,2025,6,2025_06_TEN_LV,0.170886075949,0.859375,0.152941176471,0.169303797468,0.194174757282,0.16627865932,0.152941176471,0.158227848101,,0.155688622754
ten,2025,7,2025_07_NE_TEN,0.179566563467,0.921875,0.151162790698,0.174603174603,0.191235059761,0.169160696804,0.151162790698,0.145569620253,,0.146875
ten,2025,8,2025_08_TEN_IND,0.180124223602,0.859375,0.148148148148,0.175355450237,0.182130584192,0.162388932377,0.148148148148,0.167630057803,,0.150641025641
ten,2025,9,2025_09_LAC_TEN,0.178041543027,0.859375,0.137142857143,0.168992248062,0.178041543027,0.159591476371,0.137142857143,0.156069364162,0.178041543027,0.153354632588
ten,2025,11,2025_11_HOU_TEN,0.155487804878,0.703125,0.158227848101,0.166402535658,0.178571428571,0.16191784531,0.158227848101,0.153409090909,0.155487804878,0.149068322981
ten,2025,12,2025_12_SEA_TEN,0.148484848485,0.609375,0.145569620253,0.159375,0.173594132029,0.155654985416,0.145569620253,0.148148148148,0.148484848485,
ten,2025,13,2025_13_JAX_TEN,0.158208955224,0.671875,0.167630057803,0.159264931087,0.176724137931,0.164733785299,0.167630057803,0.129496402878,0.158208955224,
ten,2025,14,2025_14_TEN_CLE,0.146551724138,0.640625,0.156069364162,0.159638554217,0.170588235294,0.155319799138,0.156069364162,0.15,0.146551724138,
ten,2025,15,2025_15_TEN_SF,0.155688622754,0.703125,0.153409090909,0.163076923077,0.17037037037,0.157199601581,0.153409090909,0.143835616438,0.155688622754,
ten,2025,16,2025_16_KC_TEN,0.146875,0.609375,0.148148148148,0.163297045101,0.166374781086,0.14966294641,0.148148148148,,0.146875,
ten,2025,17,2025_17_NO_TEN,0.150641025641,0.578125,0.129496402878,0.165615141956,0.16583747927,0.150917192762,0.129496402878,,0.150641025641,
ten,2025,18,2025_18_TEN_JAX,0.153354632588,0.640625,0.15,0.166153846154,0.166153846154,0.154707066581,0.15,,0.153354632588,
wsh,2022,1,2022_01_JAX_WAS,,,,,,,,0.207729468599,,0.197183098592
wsh,2022,2,2022_02_WAS_DET,,,,,,,,0.225490196078,,0.214076246334
wsh,2022,3,2022_03_PHI_WAS,,,,,,,,0.213483146067,,0.205607476636
wsh,2022,4,2022_04_WAS_DAL,,,,,,,,0.191082802548,,0.18771331058
wsh,2022,5,2022_05_TEN_WAS,0.207729468599,0.953125,0.207729468599,,0.207729468599,0.218652274874,0.207729468599,0.182432432432,,0.17037037037
wsh,2022,6,2022_06_WAS_CHI,0.196850393701,0.921875,0.225490196078,,0.196850393701,0.20078036828,0.225490196078,0.197080291971,,0.180811808118
wsh,2022,7,2022_07_GB_WAS,0.188612099644,0.890625,0.213483146067,,0.188612099644,0.187416913683,0.213483146067,0.195804195804,,0.193548387097
wsh,2022,8,2022_08_WAS_IND,0.195583596215,0.921875,0.191082802548,,0.195583596215,0.199378892934,0.191082802548,0.183823529412,,0.185053380783
wsh,2022,9,2022_09_MIN_WAS,0.197183098592,0.921875,0.182432432432,0.197183098592,0.197183098592,0.201535951563,0.182432432432,0.155737704918,0.197183098592,0.18115942029
wsh,2022,10,2022_10_WAS_PHI,0.214076246334,0.953125,0.197080291971,0.196930946292,0.196930946292,0.200266682162,0.197080291971,0.164179104478,0.214076246334,0.175373134328
wsh,2022,11,2022_11_WAS_HOU,0.205607476636,0.921875,0.195804195804,0.191037735849,0.191037735849,0.187360360272,0.195804195804,0.191176470588,0.205607476636,
wsh,2022,12,2022_12_ATL_WAS,0.18771331058,0.828125,0.183823529412,0.192052980132,0.192052980132,0.190207724009,0.183823529412,0.186206896552,0.18771331058,
wsh,2022,13,2022_13_WAS_NYG,0.17037037037,0.734375,0.155737704918,0.186582809224,0.186582809224,0.176800661939,0.155737704918,0.201298701299,0.17037037037,
wsh,2022,15,2022_15_NYG_WAS,0.180811808118,0.828125,0.164179104478,0.188571428571,0.188571428571,0.18404688207,0.164179104478,0.186567164179,0.180811808118,
wsh,2022,16,2022_16_WAS_SF,0.193548387097,0.890625,0.191176470588,0.191071428571,0.191071428571,0.191444957215,0.191176470588,,0.193548387097,
wsh,2022,17,2022_17_CLE_WAS,0.185053380783,0.796875,0.186206896552,0.190635451505,0.190635451505,0.190167084316,0.186206896552,,0.185053380783,
wsh,2022,18,2022_18_DAL_WAS,0.18115942029,0.796875,0.201298701299,0.190174326466,0.190174326466,0.188879045487,0.201298701299,,0.18115942029,
wsh,2023,1,2023_01_ARI_WAS,0.175373134328,0.796875,0.186567164179,0.197044334975,,0.18424708952,,0.198952879581,,0.197435897436
wsh,2023,2,2023_02_WAS_DEN,0.175,0.828125,0.159722222222,0.191347753744,,0.173172822475,,0.206730769231,,0.19395465995
wsh,2023,3,2023_03_BUF_WAS,0.168874172185,0.8125,0.152866242038,0.178151260504,,0.16755221815,,0.24064171123,,0.190839694656
wsh,2023,4,2023_04_WAS_PHI,0.200626959248,0.890625,0.2,0.18675721562,,0.202177105149,,0.214285714286,,0.162162162162
wsh,2023,5,2023_05_CHI_WAS,0.193846153846,0.890625,0.198952879581,0.187919463087,0.198952879581,0.194952455232,0.198952879581,0.195979899497,,0.16049382716
wsh,2023,6,2023_06_WAS_ATL,0.1875,0.796875,0.206730769231,0.190174326466,0.193675889328,0.191388296581,0.206730769231,0.179894179894,,0.16935483871
wsh,2023,7,2023_07_WAS_NYG,0.200581395349,0.890625,0.24064171123,0.1936,0.208480565371,0.207838954073,0.24064171123,0.145631067961,,0.147668393782
wsh,2023,8,2023_08_PHI_WAS,0.207756232687,0.921875,0.214285714286,0.196232339089,0.213213213213,0.214033649844,0.214285714286,0.113744075829,,0.130319148936
wsh,2023,9,2023_09_WAS_NE,0.197435897436,0.859375,0.195979899497,0.188449848024,0.197435897436,0.191415846912,0.195979899497,0.126213592233,0.197435897436,0.139601139601
wsh,2023,10,2023_10_WAS_SEA,0.19395465995,0.921875,0.179894179894,0.18611521418,0.18778280543,0.177754464828,0.179894179894,0.158469945355,0.19395465995,0.150602409639
wsh,2023,11,2023_11_NYG_WAS,0.190839694656,0.890625,0.145631067961,0.181294964029,0.18200408998,0.169145710258,0.145631067961,0.15,0.190839694656,
wsh,2023,12,2023_12_WAS_DAL,0.162162162162,0.765625,0.113744075829,0.179063360882,0.174632352941,0.158148335945,0.113744075829,0.151515151515,0.162162162162,
wsh,2023,13,2023_13_MIA_WAS,0.16049382716,0.703125,0.126213592233,0.175342465753,0.172818791946,0.1568653528,0.126213592233,0.158620689655,0.16049382716,
wsh,2023,15,2023_15_WAS_LA,0.16935483871,0.796875,0.158469945355,0.17817679558,0.1792,0.172645529211,0.158469945355,0.140939597315,0.16935483871,
wsh,2023,16,2023_16_WAS_NYJ,0.147668393782,0.671875,0.15,0.172602739726,0.173393124066,0.159245964753,0.15,,0.147668393782,
wsh,2023,17,2023_17_SF_WAS,0.130319148936,0.390625,0.151515151515,0.168249660787,0.169252468265,0.150139706763,0.151515151515,,0.130319148936,
wsh,2023,18,2023_18_DAL_WAS,0.139601139601,0.640625,0.158620689655,0.17004048583,0.17004048583,0.15490821156,0.158620689655,,0.139601139601,
wsh,2024,1,2024_01_WAS_TB,0.150602409639,0.671875,0.140939597315,0.174211248285,,0.162919044432,,0.0972222222222,,0.114754098361
wsh,2024,2,2024_02_NYG_WAS,0.14375,0.578125,0.135714285714,0.169705469846,,0.1473380085,,0.109589041096,,0.117845117845
wsh,2024,3,2024_03_WAS_CIN,0.153594771242,0.671875,0.156028368794,0.158485273492,,0.149020965798,,0.114093959732,,0.114478114478
wsh,2024,4,2024_04_WAS_ARI,0.151408450704,0.671875,0.143884892086,0.156748911466,,0.146675899635,,0.0993377483444,,0.107142857143
wsh,2024,5,2024_05_CLE_WAS,0.119453924915,0.234375,0.0972222222222,0.147368421053,0.0972222222222,0.125748131867,0.0972222222222,0.130434782609,,0.127388535032
wsh,2024,6,2024_06_WAS_BAL,0.122377622378,0.265625,0.109589041096,0.136904761905,0.0994475138122,0.12109025975,0.109589041096,0.12582781457,,0.119122257053
wsh,2024,7,2024_07_CAR_WAS,0.134482758621,0.390625,0.114093959732,0.132132132132,0.115555555556,0.131137050744,0.114093959732,0.114864864865,,0.111455108359
wsh,2024,8,2024_08_CHI_WAS,0.120689655172,0.234375,0.0993377483444,0.13104524181,0.108949416342,0.121614850835,0.0993377483444,0.114649681529,,0.10650887574
wsh,2024,9,2024_09_WAS_NYG,0.114754098361,0.203125,0.130434782609,0.133437990581,0.114754098361,0.126744449053,0.130434782609,0.124183006536,0.114754098361,0.099706744868
wsh,2024,10,2024_10_PIT_WAS,0.117845117845,0.28125,0.12582781457,0.131280388979,0.111445783133,0.120207182615,0.12582781457,0.113095238095,0.117845117845,0.112994350282
wsh,2024,11,2024_11_WAS_PHI,0.114478114478,0.234375,0.114864864865,0.134328358209,0.11528150134,0.125232287671,0.114864864865,0.108571428571,0.114478114478,
wsh,2024,12,2024_12_DAL_WAS,0.107142857143,0.140625,0.114649681529,0.128378378378,0.111111111111,0.115263491386,0.114649681529,0.0994475138122,0.107142857143,
wsh,2024,13,2024_13_TEN_WAS,0.127388535032,0.328125,0.124183006536,0.123558484349,0.117903930131,0.126454228046,0.124183006536,0.0797872340426,0.127388535032,
wsh,2024,15,2024_15_WAS_NO,0.119122257053,0.296875,0.113095238095,0.120661157025,0.112,0.112646983466,0.113095238095,0.112903225806,0.119122257053,
wsh,2024,16,2024_16_PHI_WAS,0.111455108359,0.265625,0.108571428571,0.122349102773,0.113138686131,0.115236380285,0.108571428571,,0.111455108359,
wsh,2024,17,2024_17_ATL_WAS,0.10650887574,0.265625,0.0994475138122,0.113057324841,0.10756302521,0.10086878379,0.0994475138122,,0.10650887574,
wsh,2024,18,2024_18_WAS_DAL,0.099706744868,0.171875,0.0797872340426,0.106811145511,0.106811145511,0.0994163168664,0.0797872340426,,0.099706744868,
wsh,2025,1,2025_01_NYG_WAS,0.112994350282,0.296875,0.112903225806,0.115207373272,,0.115607458763,,0.168831168831,,0.130718954248
wsh,2025,2,2025_02_WAS_GB,0.110169491525,0.265625,0.111731843575,0.112135176651,,0.116078674621,,0.149659863946,,0.138613861386
wsh,2025,3,2025_03_LV_WAS,0.130790190736,0.515625,0.161290322581,0.12,,0.137651380644,,0.0977443609023,,0.130434782609
wsh,2025,4,2025_04_WAS_ATL,0.123563218391,0.359375,0.175,0.125377643505,,0.136928860519,,0.106666666667,,0.132867132867
wsh,2025,5,2025_05_WAS_LAC,0.138235294118,0.484375,0.168831168831,0.128983308042,0.168831168831,0.14286952396,0.168831168831,0.0921052631579,,0.122580645161
wsh,2025,6,2025_06_CHI_WAS,0.128834355828,0.328125,0.149659863946,0.120184899846,0.143617021277,0.125705356278,0.149659863946,0.128205128205,,0.129032258065
wsh,2025,7,2025_07_WAS_DAL,0.134796238245,0.453125,0.0977443609023,0.120243531202,0.131578947368,0.117516215865,0.0977443609023,0.160839160839,,0.140939597315
wsh,2025,8,2025_08_WAS_KC,0.141935483871,0.453125,0.106666666667,0.119815668203,0.133333333333,0.121696448481,0.106666666667,0.161764705882,,0.141342756184
wsh,2025,9,2025_09_SEA_WAS,0.130718954248,0.4375,0.0921052631579,0.121212121212,0.130718954248,0.120396489849,0.0921052631579,0.151898734177,0.130718954248,0.153284671533
wsh,2025,10,2025_10_DET_WAS,0.138613861386,0.484375,0.128205128205,0.123287671233,0.136627906977,0.130652598757,0.128205128205,0.12987012987,0.138613861386,0.144981412639
wsh,2025,11,2025_11_WAS_MIA,0.130434782609,0.390625,0.160839160839,0.130637636081,0.142857142857,0.142680152243,0.160839160839,0.122580645161,0.130434782609,
wsh,2025,13,2025_13_DEN_WAS,0.132867132867,0.421875,0.161764705882,0.127760252366,0.142857142857,0.14220924366,0.161764705882,0.122448979592,0.132867132867,
wsh,2025,14,2025_14_WAS_MIN,0.122580645161,0.359375,0.151898734177,0.130769230769,0.137931034483,0.133753496655,0.151898734177,0.155172413793,0.122580645161,
wsh,2025,15,2025_15_WAS_NYG,0.129032258065,0.390625,0.12987012987,0.12893081761,0.13453815261,0.127135362666,0.12987012987,0.165217391304,0.129032258065,
wsh,2025,16,2025_16_PHI_WAS,0.140939597315,0.515625,0.122580645161,0.137763371151,0.136882129278,0.134868591413,0.122580645161,,0.140939597315,
wsh,2025,17,2025_17_DAL_WAS,0.141342756184,0.484375,0.122448979592,0.141652613828,0.137432188065,0.13716300245,0.122448979592,,0.141342756184,
wsh,2025,18,2025_18_WAS_PHI,0.153284671533,0.640625,0.155172413793,0.141379310345,0.141379310345,0.147917991233,0.155172413793,,0.153284671533,
