game_id,play_id,drive,season,week,team,opponent,player_id,player_name,opportunity_type,yardline_100,rz_opportunity,inside_10_opportunity,goal_line_opportunity,touchdown
2026_01_ARI_LAC,62,1,2026,1,ari,lac,00-0037744,T.McBride,target,70,0,0,0,0
2026_01_ARI_LAC,87,1,2026,1,ari,lac,00-0037263,T.Allgeier,carry,43,0,0,0,0
2026_01_ARI_LAC,109,1,2026,1,ari,lac,00-0039849,M.Harrison,target,41,0,0,0,0
2026_01_ARI_LAC,154,1,2026,1,ari,lac,00-0037263,T.Allgeier,target,30,0,0,0,0
2026_01_ARI_LAC,181,1,2026,1,ari,lac,00-0037263,T.Allgeier,carry,25,0,0,0,0
2026_01_ARI_LAC,203,1,2026,1,ari,lac,00-0033119,J.Brissett,carry,21,0,0,0,0
2026_01_ARI_LAC,225,1,2026,1,ari,lac,00-0041027,J.Love,carry,19,1,0,0,0
2026_01_ARI_LAC,247,1,2026,1,ari,lac,00-0033307,K.Bourne,target,19,1,0,0,0
2026_01_ARI_LAC,272,1,2026,1,ari,lac,00-0041027,J.Love,carry,8,1,1,0,0
2026_01_ARI_LAC,301,1,2026,1,ari,lac,00-0041027,J.Love,carry,5,1,1,1,1
2026_01_ARI_LAC,364,2,2026,1,lac,ari,00-0040666,O.Hampton,carry,77,0,0,0,0
2026_01_ARI_LAC,386,2,2026,1,lac,ari,00-0039915,L.McConkey,target,75,0,0,0,0
2026_01_ARI_LAC,411,2,2026,1,lac,ari,00-0040666,O.Hampton,carry,57,0,0,0,0
2026_01_ARI_LAC,433,2,2026,1,lac,ari,00-0039915,L.McConkey,target,57,0,0,0,0
2026_01_ARI_LAC,458,2,2026,1,lac,ari,00-0039915,L.McConkey,target,34,0,0,0,0
2026_01_ARI_LAC,483,2,2026,1,lac,ari,00-0038454,K.Mitchell,carry,15,1,0,0,0
2026_01_ARI_LAC,527,2,2026,1,lac,ari,00-0040666,O.Hampton,carry,8,1,1,0,1
2026_01_ARI_LAC,590,3,2026,1,ari,lac,00-0037263,T.Allgeier,carry,70,0,0,0,0
2026_01_ARI_LAC,612,3,2026,1,ari,lac,00-0033307,K.Bourne,target,69,0,0,0,0
2026_01_ARI_LAC,678,3,2026,1,ari,lac,00-0037744,T.McBride,target,69,0,0,0,0
2026_01_ARI_LAC,703,3,2026,1,ari,lac,00-0037744,T.McBride,target,52,0,0,0,0
2026_01_ARI_LAC,728,3,2026,1,ari,lac,00-0041027,J.Love,carry,42,0,0,0,0
2026_01_ARI_LAC,753,3,2026,1,ari,lac,00-0041027,J.Love,target,41,0,0,0,0
2026_01_ARI_LAC,798,3,2026,1,ari,lac,00-0038559,Mi.Wilson,target,36,0,0,0,0
2026_01_ARI_LAC,842,4,2026,1,lac,ari,00-0040666,O.Hampton,carry,56,0,0,0,0
2026_01_ARI_LAC,871,4,2026,1,lac,ari,00-0033885,D.Njoku,target,42,0,0,0,0
2026_01_ARI_LAC,901,4,2026,1,lac,ari,00-0038544,Q.Johnston,target,30,0,0,0,0
2026_01_ARI_LAC,924,4,2026,1,lac,ari,00-0040666,O.Hampton,carry,30,0,0,0,0
2026_01_ARI_LAC,962,5,2026,1,ari,lac,00-0033307,K.Bourne,target,66,0,0,0,0
2026_01_ARI_LAC,1018,5,2026,1,ari,lac,00-0041027,J.Love,carry,61,0,0,0,0
2026_01_ARI_LAC,1045,5,2026,1,ari,lac,00-0041027,J.Love,target,43,0,0,0,0
2026_01_ARI_LAC,1072,5,2026,1,ari,lac,00-0041027,J.Love,carry,39,0,0,0,0
2026_01_ARI_LAC,1094,5,2026,1,ari,lac,00-0033119,J.Brissett,carry,34,0,0,0,0
2026_01_ARI_LAC,1150,5,2026,1,ari,lac,00-0037263,T.Allgeier,carry,35,0,0,0,0
2026_01_ARI_LAC,1172,5,2026,1,ari,lac,00-0037744,T.McBride,target,34,0,0,0,0
2026_01_ARI_LAC,1197,5,2026,1,ari,lac,00-0033307,K.Bourne,target,28,0,0,0,0
2026_01_ARI_LAC,1222,5,2026,1,ari,lac,00-0037263,T.Allgeier,carry,16,1,0,0,0
2026_01_ARI_LAC,1244,5,2026,1,ari,lac,00-0037263,T.Allgeier,target,13,1,0,0,0
2026_01_ARI_LAC,1269,5,2026,1,ari,lac,00-0037744,T.McBride,target,9,1,1,0,0
2026_01_ARI_LAC,1433,6,2026,1,lac,ari,00-0038454,K.Mitchell,carry,65,0,0,0,0
2026_01_ARI_LAC,1455,6,2026,1,lac,ari,00-0039915,L.McConkey,target,63,0,0,0,0
2026_01_ARI_LAC,1480,6,2026,1,lac,ari,00-0040666,O.Hampton,carry,49,0,0,0,0
2026_01_ARI_LAC,1502,6,2026,1,lac,ari,00-0040189,O.Gadsden,target,47,0,0,0,0
2026_01_ARI_LAC,1527,6,2026,1,lac,ari,00-0038454,K.Mitchell,carry,21,0,0,0,0
2026_01_ARI_LAC,1549,6,2026,1,lac,ari,00-0033885,D.Njoku,target,13,1,0,0,0
2026_01_ARI_LAC,1574,6,2026,1,lac,ari,00-0038454,K.Mitchell,carry,7,1,1,0,0
2026_01_ARI_LAC,1596,6,2026,1,lac,ari,00-0039915,L.McConkey,target,10,1,1,0,0
2026_01_ARI_LAC,1668,7,2026,1,ari,lac,00-0037263,T.Allgeier,carry,87,0,0,0,0
2026_01_ARI_LAC,1697,7,2026,1,ari,lac,00-0037744,T.McBride,target,79,0,0,0,0
2026_01_ARI_LAC,1722,7,2026,1,ari,lac,00-0038559,Mi.Wilson,target,65,0,0,0,0
2026_01_ARI_LAC,1781,7,2026,1,ari,lac,00-0038559,Mi.Wilson,target,32,0,0,0,0
2026_01_ARI_LAC,1806,7,2026,1,ari,lac,00-0037744,T.McBride,target,22,0,0,0,0
2026_01_ARI_LAC,1836,7,2026,1,ari,lac,00-0033307,K.Bourne,target,22,0,0,0,0
2026_01_ARI_LAC,1861,7,2026,1,ari,lac,00-0037744,T.McBride,target,11,1,0,0,0
2026_01_ARI_LAC,1993,8,2026,1,lac,ari,00-0038544,Q.Johnston,target,77,0,0,0,0
2026_01_ARI_LAC,2018,8,2026,1,lac,ari,00-0040666,O.Hampton,carry,69,0,0,0,0
2026_01_ARI_LAC,2040,8,2026,1,lac,ari,00-0040666,O.Hampton,carry,63,0,0,0,0
2026_01_ARI_LAC,2131,8,2026,1,lac,ari,00-0040727,T.Harris,target,58,0,0,0,0
2026_01_ARI_LAC,2174,9,2026,1,ari,lac,00-0041027,J.Love,carry,90,0,0,0,0
2026_01_ARI_LAC,2203,9,2026,1,ari,lac,00-0039849,M.Harrison,target,88,0,0,0,0
2026_01_ARI_LAC,2228,9,2026,1,ari,lac,00-0041027,J.Love,carry,55,0,0,0,0
2026_01_ARI_LAC,2252,9,2026,1,ari,lac,00-0033307,K.Bourne,target,55,0,0,0,0
2026_01_ARI_LAC,2277,9,2026,1,ari,lac,00-0038559,Mi.Wilson,target,42,0,0,0,0
2026_01_ARI_LAC,2302,9,2026,1,ari,lac,00-0037263,T.Allgeier,carry,25,0,0,0,0
2026_01_ARI_LAC,2324,9,2026,1,ari,lac,00-0037263,T.Allgeier,carry,14,1,0,0,0
2026_01_ARI_LAC,2346,9,2026,1,ari,lac,00-0041027,J.Love,target,15,1,0,0,0
2026_01_ARI_LAC,2369,9,2026,1,ari,lac,00-0037744,T.McBride,target,15,1,0,0,0
2026_01_ARI_LAC,2481,10,2026,1,lac,ari,00-0040666,O.Hampton,carry,12,1,0,0,0
2026_01_ARI_LAC,2530,10,2026,1,lac,ari,00-0039915,L.McConkey,target,8,1,1,0,1
2026_01_ARI_LAC,2596,11,2026,1,ari,lac,00-0038559,Mi.Wilson,target,79,0,0,0,0
2026_01_ARI_LAC,2619,11,2026,1,ari,lac,00-0038559,Mi.Wilson,target,79,0,0,0,0
2026_01_ARI_LAC,2644,11,2026,1,ari,lac,00-0038559,Mi.Wilson,target,73,0,0,0,0
2026_01_ARI_LAC,2680,11,2026,1,ari,lac,00-0041027,J.Love,carry,59,0,0,0,0
2026_01_ARI_LAC,2702,11,2026,1,ari,lac,00-0037744,T.McBride,target,56,0,0,0,0
2026_01_ARI_LAC,2751,11,2026,1,ari,lac,00-0041027,J.Love,target,54,0,0,0,0
2026_01_ARI_LAC,2781,11,2026,1,ari,lac,00-0039849,M.Harrison,target,54,0,0,0,0
2026_01_ARI_LAC,2804,11,2026,1,ari,lac,00-0037744,T.McBride,target,54,0,0,0,0
2026_01_ARI_LAC,2849,12,2026,1,lac,ari,00-0040727,T.Harris,target,88,0,0,0,0
2026_01_ARI_LAC,2886,12,2026,1,lac,ari,00-0040666,O.Hampton,carry,82,0,0,0,0
2026_01_ARI_LAC,2932,12,2026,1,lac,ari,00-0040727,T.Harris,target,81,0,0,0,0
2026_01_ARI_LAC,2955,12,2026,1,lac,ari,00-0040666,O.Hampton,carry,81,0,0,0,0
2026_01_ARI_LAC,2977,12,2026,1,lac,ari,00-0039915,L.McConkey,target,82,0,0,0,0
2026_01_ARI_LAC,3035,13,2026,1,ari,lac,00-0041027,J.Love,carry,69,0,0,0,0
2026_01_ARI_LAC,3077,13,2026,1,ari,lac,00-0033307,K.Bourne,target,69,0,0,0,0
2026_01_ARI_LAC,3102,13,2026,1,ari,lac,00-0033307,K.Bourne,target,64,0,0,0,0
2026_01_ARI_LAC,3175,14,2026,1,lac,ari,00-0040727,T.Harris,target,84,0,0,0,0
2026_01_ARI_LAC,3200,14,2026,1,lac,ari,00-0038544,Q.Johnston,target,81,0,0,0,0
2026_01_ARI_LAC,3261,15,2026,1,ari,lac,00-0037263,T.Allgeier,carry,3,1,1,1,0
2026_01_ARI_LAC,3285,15,2026,1,ari,lac,00-0037744,T.McBride,target,3,1,1,1,1
2026_01_ARI_LAC,3347,16,2026,1,lac,ari,00-0038544,Q.Johnston,target,84,0,0,0,0
2026_01_ARI_LAC,3372,16,2026,1,lac,ari,00-0040666,O.Hampton,carry,75,0,0,0,0
2026_01_ARI_LAC,3394,16,2026,1,lac,ari,00-0033885,D.Njoku,target,73,0,0,0,0
2026_01_ARI_LAC,3419,16,2026,1,lac,ari,00-0038573,D.Davis,target,60,0,0,0,0
2026_01_ARI_LAC,3467,17,2026,1,ari,lac,00-0037263,T.Allgeier,carry,95,0,0,0,0
2026_01_ARI_LAC,3496,17,2026,1,ari,lac,00-0037263,T.Allgeier,carry,93,0,0,0,0
2026_01_ARI_LAC,3518,17,2026,1,ari,lac,00-0037744,T.McBride,target,89,0,0,0,0
2026_01_ARI_LAC,3543,17,2026,1,ari,lac,00-0037263,T.Allgeier,carry,83,0,0,0,0
2026_01_ARI_LAC,3565,17,2026,1,ari,lac,00-0037263,T.Allgeier,carry,76,0,0,0,0
2026_01_ARI_LAC,3587,17,2026,1,ari,lac,00-0037263,T.Allgeier,carry,69,0,0,0,0
2026_01_ARI_LAC,3609,17,2026,1,ari,lac,00-0041027,J.Love,carry,65,0,0,0,0
2026_01_ARI_LAC,3713,18,2026,1,lac,ari,00-0038544,Q.Johnston,target,69,0,0,0,0
2026_01_ARI_LAC,3821,18,2026,1,lac,ari,00-0040727,T.Harris,target,89,0,0,0,0
2026_01_ARI_LAC,3849,18,2026,1,lac,ari,00-0033885,D.Njoku,target,89,0,0,0,0
2026_01_ARI_LAC,3881,18,2026,1,lac,ari,00-0033885,D.Njoku,target,77,0,0,0,0
2026_01_ARI_LAC,3917,19,2026,1,ari,lac,00-0037263,T.Allgeier,carry,38,0,0,0,0
2026_01_ARI_LAC,3939,19,2026,1,ari,lac,00-0037263,T.Allgeier,carry,36,0,0,0,0
2026_01_ARI_LAC,3968,19,2026,1,ari,lac,00-0037263,T.Allgeier,carry,33,0,0,0,0
2026_01_ARI_LAC,4047,20,2026,1,lac,ari,00-0038544,Q.Johnston,target,73,0,0,0,0
2026_01_ARI_LAC,4070,20,2026,1,lac,ari,00-0040727,T.Harris,target,73,0,0,0,0
2026_01_ARI_LAC,4095,20,2026,1,lac,ari,00-0040189,O.Gadsden,target,62,0,0,0,0
2026_01_ATL_PIT,100,1,2026,1,pit,atl,00-0037228,J.Warren,carry,62,0,0,0,0
2026_01_ATL_PIT,122,1,2026,1,pit,atl,00-0035640,D.Metcalf,target,58,0,0,0,0
2026_01_ATL_PIT,164,2,2026,1,atl,pit,00-0038542,Bi.Robinson,carry,83,0,0,0,0
2026_01_ATL_PIT,186,2,2026,1,atl,pit,00-0038542,Bi.Robinson,target,81,0,0,0,0
2026_01_ATL_PIT,268,3,2026,1,pit,atl,00-0036139,R.Dowdle,carry,68,0,0,0,0
2026_01_ATL_PIT,298,3,2026,1,pit,atl,00-0036894,P.Freiermuth,target,62,0,0,0,0
2026_01_ATL_PIT,323,3,2026,1,pit,atl,00-0035640,D.Metcalf,target,53,0,0,0,0
2026_01_ATL_PIT,348,3,2026,1,pit,atl,00-0036252,M.Pittman,target,47,0,0,0,0
2026_01_ATL_PIT,373,3,2026,1,pit,atl,00-0036139,R.Dowdle,carry,26,0,0,0,0
2026_01_ATL_PIT,395,3,2026,1,pit,atl,00-0036139,R.Dowdle,target,25,0,0,0,0
2026_01_ATL_PIT,418,3,2026,1,pit,atl,00-0036139,R.Dowdle,target,25,0,0,0,0
2026_01_ATL_PIT,491,4,2026,1,atl,pit,00-0038542,Bi.Robinson,target,77,0,0,0,0
2026_01_ATL_PIT,516,4,2026,1,atl,pit,00-0038542,Bi.Robinson,carry,70,0,0,0,0
2026_01_ATL_PIT,543,4,2026,1,atl,pit,00-0038542,Bi.Robinson,target,65,0,0,0,0
2026_01_ATL_PIT,571,4,2026,1,atl,pit,00-0037746,Br.Robinson,carry,58,0,0,0,0
2026_01_ATL_PIT,600,4,2026,1,atl,pit,00-0037746,Br.Robinson,carry,51,0,0,0,0
2026_01_ATL_PIT,655,4,2026,1,atl,pit,00-0036970,K.Pitts,target,60,0,0,0,0
2026_01_ATL_PIT,678,4,2026,1,atl,pit,00-0037741,J.Dotson,target,60,0,0,0,0
2026_01_ATL_PIT,721,5,2026,1,pit,atl,00-0035640,D.Metcalf,target,87,0,0,0,0
2026_01_ATL_PIT,758,5,2026,1,pit,atl,00-0037228,J.Warren,carry,78,0,0,0,0
2026_01_ATL_PIT,783,5,2026,1,pit,atl,00-0037228,J.Warren,carry,75,0,0,0,0
2026_01_ATL_PIT,805,5,2026,1,pit,atl,00-0037228,J.Warren,target,73,0,0,0,0
2026_01_ATL_PIT,851,6,2026,1,atl,pit,00-0037746,Br.Robinson,carry,25,0,0,0,0
2026_01_ATL_PIT,873,6,2026,1,atl,pit,00-0037746,Br.Robinson,carry,22,0,0,0,0
2026_01_ATL_PIT,895,6,2026,1,atl,pit,00-0038542,Bi.Robinson,target,23,0,0,0,1
2026_01_ATL_PIT,1000,7,2026,1,pit,atl,00-0036139,R.Dowdle,carry,66,0,0,0,0
2026_01_ATL_PIT,1042,7,2026,1,pit,atl,00-0036139,R.Dowdle,carry,63,0,0,0,0
2026_01_ATL_PIT,1105,7,2026,1,pit,atl,00-0035640,D.Metcalf,target,26,0,0,0,0
2026_01_ATL_PIT,1128,7,2026,1,pit,atl,00-0035640,D.Metcalf,target,26,0,0,0,0
2026_01_ATL_PIT,1153,7,2026,1,pit,atl,00-0036139,R.Dowdle,carry,15,1,0,0,0
2026_01_ATL_PIT,1175,7,2026,1,pit,atl,00-0036894,P.Freiermuth,target,12,1,0,0,0
2026_01_ATL_PIT,1294,8,2026,1,atl,pit,00-0037741,J.Dotson,target,76,0,0,0,0
2026_01_ATL_PIT,1326,9,2026,1,pit,atl,00-0037228,J.Warren,target,31,0,0,0,0
2026_01_ATL_PIT,1351,9,2026,1,pit,atl,00-0037228,J.Warren,target,13,1,0,0,0
2026_01_ATL_PIT,1376,9,2026,1,pit,atl,00-0037228,J.Warren,target,6,1,1,0,0
2026_01_ATL_PIT,1399,9,2026,1,pit,atl,00-0036894,P.Freiermuth,target,6,1,1,0,1
2026_01_ATL_PIT,1469,10,2026,1,atl,pit,00-0038542,Bi.Robinson,carry,65,0,0,0,0
2026_01_ATL_PIT,1491,10,2026,1,atl,pit,00-0038542,Bi.Robinson,carry,60,0,0,0,0
2026_01_ATL_PIT,1544,10,2026,1,atl,pit,00-0038542,Bi.Robinson,target,57,0,0,0,0
2026_01_ATL_PIT,1569,10,2026,1,atl,pit,00-0038542,Bi.Robinson,carry,46,0,0,0,0
2026_01_ATL_PIT,1633,11,2026,1,pit,atl,00-0037228,J.Warren,carry,86,0,0,0,0
2026_01_ATL_PIT,1696,11,2026,1,pit,atl,00-0036139,R.Dowdle,target,92,0,0,0,0
2026_01_ATL_PIT,1743,11,2026,1,pit,atl,00-0035640,D.Metcalf,target,96,0,0,0,0
2026_01_ATL_PIT,1803,12,2026,1,atl,pit,00-0037238,D.London,target,45,0,0,0,0
2026_01_ATL_PIT,1828,12,2026,1,atl,pit,00-0038542,Bi.Robinson,carry,37,0,0,0,0
2026_01_ATL_PIT,1850,12,2026,1,atl,pit,00-0038542,Bi.Robinson,carry,34,0,0,0,0
2026_01_ATL_PIT,1931,12,2026,1,atl,pit,00-0038542,Bi.Robinson,target,43,0,0,0,0
2026_01_ATL_PIT,1984,13,2026,1,pit,atl,00-0037228,J.Warren,target,56,0,0,0,0
2026_01_ATL_PIT,2016,13,2026,1,pit,atl,00-0039739,R.Wilson,target,56,0,0,0,0
2026_01_ATL_PIT,2094,13,2026,1,pit,atl,00-0039739,R.Wilson,target,61,0,0,0,0
2026_01_ATL_PIT,2142,13,2026,1,pit,atl,00-0037228,J.Warren,carry,41,0,0,0,0
2026_01_ATL_PIT,2164,13,2026,1,pit,atl,00-0039739,R.Wilson,target,44,0,0,0,0
2026_01_ATL_PIT,2280,14,2026,1,atl,pit,00-0035208,O.Zaccheaus,target,66,0,0,0,0
2026_01_ATL_PIT,2305,14,2026,1,atl,pit,00-0038542,Bi.Robinson,target,61,0,0,0,0
2026_01_ATL_PIT,2397,15,2026,1,pit,atl,00-0039739,R.Wilson,target,80,0,0,0,0
2026_01_ATL_PIT,2420,15,2026,1,pit,atl,00-0036894,P.Freiermuth,target,80,0,0,0,0
2026_01_ATL_PIT,2515,16,2026,1,atl,pit,00-0038542,Bi.Robinson,carry,57,0,0,0,0
2026_01_ATL_PIT,2537,16,2026,1,atl,pit,00-0038542,Bi.Robinson,carry,52,0,0,0,0
2026_01_ATL_PIT,2561,16,2026,1,atl,pit,00-0038542,Bi.Robinson,carry,50,0,0,0,0
2026_01_ATL_PIT,2583,16,2026,1,atl,pit,00-0037746,Br.Robinson,carry,45,0,0,0,0
2026_01_ATL_PIT,2605,16,2026,1,atl,pit,00-0038542,Bi.Robinson,carry,40,0,0,0,0
2026_01_ATL_PIT,2638,16,2026,1,atl,pit,00-0038542,Bi.Robinson,carry,28,0,0,0,0
2026_01_ATL_PIT,2660,16,2026,1,atl,pit,00-0038542,Bi.Robinson,target,27,0,0,0,0
2026_01_ATL_PIT,2683,16,2026,1,atl,pit,00-0037238,D.London,target,27,0,0,0,0
2026_01_ATL_PIT,2727,17,2026,1,pit,atl,00-0037228,J.Warren,carry,65,0,0,0,0
2026_01_ATL_PIT,2756,17,2026,1,pit,atl,00-0037228,J.Warren,carry,61,0,0,0,0
2026_01_ATL_PIT,2778,17,2026,1,pit,atl,00-0035640,D.Metcalf,target,61,0,0,0,0
2026_01_ATL_PIT,2848,18,2026,1,atl,pit,00-0038542,Bi.Robinson,carry,90,0,0,0,0
2026_01_ATL_PIT,2881,18,2026,1,atl,pit,00-0038542,Bi.Robinson,carry,82,0,0,0,0
2026_01_ATL_PIT,2903,18,2026,1,atl,pit,00-0037238,D.London,target,80,0,0,0,0
2026_01_ATL_PIT,2939,18,2026,1,atl,pit,00-0038542,Bi.Robinson,carry,44,0,0,0,0
2026_01_ATL_PIT,2984,18,2026,1,atl,pit,00-0037238,D.London,target,44,0,0,0,0
2026_01_ATL_PIT,3030,19,2026,1,pit,atl,00-0036252,M.Pittman,target,80,0,0,0,0
2026_01_ATL_PIT,3091,19,2026,1,pit,atl,00-0036894,P.Freiermuth,target,57,0,0,0,0
2026_01_ATL_PIT,3116,19,2026,1,pit,atl,00-0036139,R.Dowdle,target,47,0,0,0,0
2026_01_ATL_PIT,3146,19,2026,1,pit,atl,00-0039739,R.Wilson,target,45,0,0,0,0
2026_01_ATL_PIT,3169,19,2026,1,pit,atl,00-0035640,D.Metcalf,target,45,0,0,0,0
2026_01_ATL_PIT,3192,20,2026,1,atl,pit,00-0038542,Bi.Robinson,target,55,0,0,0,0
2026_01_ATL_PIT,3240,20,2026,1,atl,pit,00-0037746,Br.Robinson,carry,28,0,0,0,0
2026_01_ATL_PIT,3282,20,2026,1,atl,pit,00-0038542,Bi.Robinson,carry,36,0,0,0,0
2026_01_ATL_PIT,3354,21,2026,1,pit,atl,00-0038558,D.Washington,target,68,0,0,0,0
2026_01_ATL_PIT,3379,21,2026,1,pit,atl,00-0036139,R.Dowdle,target,65,0,0,0,0
2026_01_ATL_PIT,3404,21,2026,1,pit,atl,00-0035640,D.Metcalf,target,61,0,0,0,0
2026_01_ATL_PIT,3456,22,2026,1,atl,pit,00-0038542,Bi.Robinson,carry,76,0,0,0,0
2026_01_ATL_PIT,3498,22,2026,1,atl,pit,00-0038542,Bi.Robinson,carry,56,0,0,0,0
2026_01_ATL_PIT,3525,22,2026,1,atl,pit,00-0038542,Bi.Robinson,target,56,0,0,0,0
2026_01_ATL_PIT,3598,23,2026,1,atl,pit,00-0037746,Br.Robinson,carry,66,0,0,0,0
2026_01_ATL_PIT,3620,23,2026,1,atl,pit,00-0037741,J.Dotson,target,52,0,0,0,0
2026_01_ATL_PIT,3645,23,2026,1,atl,pit,00-0037746,Br.Robinson,carry,33,0,0,0,0
2026_01_ATL_PIT,3667,23,2026,1,atl,pit,00-0037238,D.London,carry,30,0,0,0,0
2026_01_ATL_PIT,3689,23,2026,1,atl,pit,00-0038542,Bi.Robinson,carry,24,0,0,0,0
2026_01_ATL_PIT,3769,24,2026,1,pit,atl,00-0037228,J.Warren,carry,60,0,0,0,0
2026_01_ATL_PIT,3791,24,2026,1,pit,atl,00-0037228,J.Warren,carry,52,0,0,0,0
2026_01_ATL_PIT,3816,24,2026,1,pit,atl,00-0037228,J.Warren,target,35,0,0,0,0
2026_01_ATL_PIT,3841,24,2026,1,pit,atl,00-0039739,R.Wilson,target,31,0,0,0,0
2026_01_ATL_PIT,3914,25,2026,1,atl,pit,00-0038542,Bi.Robinson,carry,54,0,0,0,0
2026_01_ATL_PIT,3951,25,2026,1,atl,pit,00-0037746,Br.Robinson,carry,39,0,0,0,0
2026_01_ATL_PIT,3978,25,2026,1,atl,pit,00-0038542,Bi.Robinson,carry,39,0,0,0,0
2026_01_ATL_PIT,4040,26,2026,1,pit,atl,00-0036139,R.Dowdle,carry,92,0,0,0,0
2026_01_ATL_PIT,4062,26,2026,1,pit,atl,00-0035640,D.Metcalf,target,92,0,0,0,0
2026_01_ATL_PIT,4092,26,2026,1,pit,atl,00-0036139,R.Dowdle,carry,78,0,0,0,0
2026_01_ATL_PIT,4114,26,2026,1,pit,atl,00-0036252,M.Pittman,target,80,0,0,0,0
2026_01_ATL_PIT,4146,26,2026,1,pit,atl,00-0038558,D.Washington,target,71,0,0,0,0
2026_01_ATL_PIT,4178,26,2026,1,pit,atl,00-0036139,R.Dowdle,carry,56,0,0,0,0
2026_01_ATL_PIT,4205,26,2026,1,pit,atl,00-0037228,J.Warren,carry,52,0,0,0,0
2026_01_BAL_IND,57,1,2026,1,ind,bal,00-0037292,A.Ogletree,target,65,0,0,0,0
2026_01_BAL_IND,80,1,2026,1,ind,bal,00-0030279,K.Allen,target,65,0,0,0,0
2026_01_BAL_IND,105,1,2026,1,ind,bal,00-0038997,J.Downs,target,58,0,0,0,0
2026_01_BAL_IND,130,1,2026,1,ind,bal,00-0036223,J.Taylor,target,33,0,0,0,0
2026_01_BAL_IND,162,1,2026,1,ind,bal,00-0038997,J.Downs,target,31,0,0,0,0
2026_01_BAL_IND,185,1,2026,1,ind,bal,00-0038997,J.Downs,target,31,0,0,0,0
2026_01_BAL_IND,210,1,2026,1,ind,bal,00-0037664,A.Pierce,target,19,1,0,0,0
2026_01_BAL_IND,235,1,2026,1,ind,bal,00-0036223,J.Taylor,carry,6,1,1,0,0
2026_01_BAL_IND,257,1,2026,1,ind,bal,00-0036223,J.Taylor,carry,1,1,1,1,1
2026_01_BAL_IND,325,2,2026,1,bal,ind,00-0039064,Z.Flowers,target,51,0,0,0,0
2026_01_BAL_IND,374,2,2026,1,bal,ind,00-0032764,D.Henry,carry,7,1,1,0,0
2026_01_BAL_IND,396,2,2026,1,bal,ind,00-0034796,L.Jackson,carry,5,1,1,1,1
2026_01_BAL_IND,464,3,2026,1,ind,bal,00-0036223,J.Taylor,carry,70,0,0,0,0
2026_01_BAL_IND,486,3,2026,1,ind,bal,00-0032951,L.Treadwell,target,72,0,0,0,0
2026_01_BAL_IND,513,4,2026,1,bal,ind,00-0032764,D.Henry,carry,31,0,0,0,0
2026_01_BAL_IND,535,4,2026,1,bal,ind,00-0032764,D.Henry,carry,24,0,0,0,0
2026_01_BAL_IND,617,4,2026,1,bal,ind,00-0040879,M.Hibner,target,21,0,0,0,0
2026_01_BAL_IND,669,4,2026,1,bal,ind,00-0034798,D.Smythe,target,8,1,1,0,0
2026_01_BAL_IND,694,4,2026,1,bal,ind,00-0032764,D.Henry,carry,4,1,1,1,1
2026_01_BAL_IND,793,5,2026,1,ind,bal,00-0040128,T.Warren,target,92,0,0,0,0
2026_01_BAL_IND,818,5,2026,1,ind,bal,00-0036223,J.Taylor,carry,90,0,0,0,0
2026_01_BAL_IND,877,6,2026,1,bal,ind,00-0039064,Z.Flowers,target,62,0,0,0,0
2026_01_BAL_IND,914,6,2026,1,bal,ind,00-0032764,D.Henry,carry,45,0,0,0,0
2026_01_BAL_IND,960,6,2026,1,bal,ind,00-0039064,Z.Flowers,target,47,0,0,0,0
2026_01_BAL_IND,983,6,2026,1,bal,ind,00-0039064,Z.Flowers,target,47,0,0,0,0
2026_01_BAL_IND,1028,6,2026,1,bal,ind,00-0032764,D.Henry,carry,29,0,0,0,0
2026_01_BAL_IND,1052,6,2026,1,bal,ind,00-0032764,D.Henry,target,25,0,0,0,0
2026_01_BAL_IND,1077,6,2026,1,bal,ind,00-0032764,D.Henry,carry,6,1,1,0,0
2026_01_BAL_IND,1136,6,2026,1,bal,ind,00-0034753,M.Andrews,target,14,1,0,0,0
2026_01_BAL_IND,1166,6,2026,1,bal,ind,00-0040870,J.Lane,target,14,1,0,0,0
2026_01_BAL_IND,1191,6,2026,1,bal,ind,00-0040870,J.Lane,target,3,1,1,1,0
2026_01_BAL_IND,1214,7,2026,1,ind,bal,00-0036223,J.Taylor,carry,97,0,0,0,0
2026_01_BAL_IND,1243,7,2026,1,ind,bal,00-0036223,J.Taylor,carry,95,0,0,0,0
2026_01_BAL_IND,1265,7,2026,1,ind,bal,00-0036223,J.Taylor,carry,85,0,0,0,0
2026_01_BAL_IND,1298,7,2026,1,ind,bal,00-0040128,T.Warren,target,88,0,0,0,0
2026_01_BAL_IND,1372,8,2026,1,bal,ind,00-0032764,D.Henry,carry,66,0,0,0,0
2026_01_BAL_IND,1401,8,2026,1,bal,ind,00-0032764,D.Henry,carry,64,0,0,0,0
2026_01_BAL_IND,1434,8,2026,1,bal,ind,00-0034753,M.Andrews,target,72,0,0,0,0
2026_01_BAL_IND,1447,8,2026,1,bal,ind,00-0034975,J.Hill,carry,55,0,0,0,0
2026_01_BAL_IND,1460,8,2026,1,bal,ind,00-0039064,Z.Flowers,target,54,0,0,0,1
2026_01_BAL_IND,1560,9,2026,1,ind,bal,00-0036223,J.Taylor,target,66,0,0,0,0
2026_01_BAL_IND,1601,10,2026,1,bal,ind,00-0032764,D.Henry,carry,47,0,0,0,0
2026_01_BAL_IND,1623,10,2026,1,bal,ind,00-0039064,Z.Flowers,target,44,0,0,0,0
2026_01_BAL_IND,1648,10,2026,1,bal,ind,00-0032764,D.Henry,carry,32,0,0,0,1
2026_01_BAL_IND,1732,11,2026,1,ind,bal,00-0036223,J.Taylor,target,80,0,0,0,0
2026_01_BAL_IND,1755,11,2026,1,ind,bal,00-0035021,A.Dulin,target,80,0,0,0,0
2026_01_BAL_IND,1778,11,2026,1,ind,bal,00-0037664,A.Pierce,target,80,0,0,0,0
2026_01_BAL_IND,1858,13,2026,1,ind,bal,00-0036223,J.Taylor,carry,15,1,0,0,0
2026_01_BAL_IND,1880,13,2026,1,ind,bal,00-0036223,J.Taylor,carry,5,1,1,1,0
2026_01_BAL_IND,1902,13,2026,1,ind,bal,00-0030279,K.Allen,target,6,1,1,0,0
2026_01_BAL_IND,1927,13,2026,1,ind,bal,00-0036223,J.Taylor,carry,3,1,1,1,1
2026_01_BAL_IND,1988,14,2026,1,bal,ind,00-0034975,J.Hill,carry,66,0,0,0,0
2026_01_BAL_IND,2010,14,2026,1,bal,ind,00-0034753,M.Andrews,target,61,0,0,0,0
2026_01_BAL_IND,2076,14,2026,1,bal,ind,00-0040870,J.Lane,target,71,0,0,0,0
2026_01_BAL_IND,2119,15,2026,1,ind,bal,00-0030279,K.Allen,target,82,0,0,0,0
2026_01_BAL_IND,2144,15,2026,1,ind,bal,00-0040128,T.Warren,target,73,0,0,0,0
2026_01_BAL_IND,2172,15,2026,1,ind,bal,00-0036223,J.Taylor,carry,73,0,0,0,0
2026_01_BAL_IND,2221,16,2026,1,bal,ind,00-0040075,L.Wester,target,76,0,0,0,0
2026_01_BAL_IND,2273,16,2026,1,bal,ind,00-0040075,L.Wester,target,51,0,0,0,0
2026_01_BAL_IND,2298,16,2026,1,bal,ind,00-0034975,J.Hill,carry,42,0,0,0,0
2026_01_BAL_IND,2427,17,2026,1,bal,ind,00-0032764,D.Henry,carry,66,0,0,0,0
2026_01_BAL_IND,2449,17,2026,1,bal,ind,00-0036550,R.Bateman,target,66,0,0,0,0
2026_01_BAL_IND,2508,17,2026,1,bal,ind,00-0034753,M.Andrews,target,71,0,0,0,0
2026_01_BAL_IND,2552,18,2026,1,ind,bal,00-0036223,J.Taylor,carry,84,0,0,0,0
2026_01_BAL_IND,2581,18,2026,1,ind,bal,00-0036223,J.Taylor,carry,66,0,0,0,0
2026_01_BAL_IND,2603,18,2026,1,ind,bal,00-0037664,A.Pierce,target,65,0,0,0,0
2026_01_BAL_IND,2633,18,2026,1,ind,bal,00-0036223,J.Taylor,carry,54,0,0,0,0
2026_01_BAL_IND,2684,18,2026,1,ind,bal,00-0036223,J.Taylor,carry,43,0,0,0,0
2026_01_BAL_IND,2706,18,2026,1,ind,bal,00-0040128,T.Warren,target,39,0,0,0,0
2026_01_BAL_IND,2729,18,2026,1,ind,bal,00-0041125,S.McGowan,target,39,0,0,0,0
2026_01_BAL_IND,2820,19,2026,1,bal,ind,00-0032764,D.Henry,carry,82,0,0,0,0
2026_01_BAL_IND,2842,19,2026,1,bal,ind,00-0032764,D.Henry,carry,71,0,0,0,0
2026_01_BAL_IND,2884,19,2026,1,bal,ind,00-0034753,M.Andrews,target,54,0,0,0,0
2026_01_BAL_IND,2933,19,2026,1,bal,ind,00-0032398,C.Moore,target,50,0,0,0,0
2026_01_BAL_IND,2998,20,2026,1,ind,bal,00-0036223,J.Taylor,carry,96,0,0,0,0
2026_01_BAL_IND,3027,20,2026,1,ind,bal,00-0036223,J.Taylor,carry,75,0,0,0,0
2026_01_BAL_IND,3049,20,2026,1,ind,bal,00-0036223,J.Taylor,carry,63,0,0,0,0
2026_01_BAL_IND,3071,20,2026,1,ind,bal,00-0036223,J.Taylor,carry,59,0,0,0,0
2026_01_BAL_IND,3093,20,2026,1,ind,bal,00-0037664,A.Pierce,target,60,0,0,0,0
2026_01_BAL_IND,3147,21,2026,1,bal,ind,00-0032764,D.Henry,carry,77,0,0,0,0
2026_01_BAL_IND,3218,21,2026,1,bal,ind,00-0032398,C.Moore,target,72,0,0,0,0
2026_01_BAL_IND,3248,21,2026,1,bal,ind,00-0032764,D.Henry,carry,19,1,0,0,0
2026_01_BAL_IND,3281,21,2026,1,bal,ind,00-0032764,D.Henry,carry,7,1,1,0,0
2026_01_BAL_IND,3303,21,2026,1,bal,ind,00-0032764,D.Henry,carry,3,1,1,1,1
2026_01_BAL_IND,3405,22,2026,1,ind,bal,00-0036223,J.Taylor,target,63,0,0,0,0
2026_01_BAL_IND,3430,22,2026,1,ind,bal,00-0030279,K.Allen,target,55,0,0,0,0
2026_01_BAL_IND,3455,22,2026,1,ind,bal,00-0037664,A.Pierce,target,52,0,0,0,0
2026_01_BAL_IND,3485,22,2026,1,ind,bal,00-0030279,K.Allen,target,38,0,0,0,0
2026_01_BAL_IND,3510,22,2026,1,ind,bal,00-0037664,A.Pierce,target,32,0,0,0,0
2026_01_BAL_IND,3535,22,2026,1,ind,bal,00-0040128,T.Warren,target,9,1,1,0,1
2026_01_BAL_IND,3609,23,2026,1,bal,ind,00-0032764,D.Henry,carry,70,0,0,0,0
2026_01_BAL_IND,3631,23,2026,1,bal,ind,00-0032764,D.Henry,carry,64,0,0,0,0
2026_01_BAL_IND,3653,23,2026,1,bal,ind,00-0032764,D.Henry,carry,60,0,0,0,0
2026_01_BAL_IND,3677,23,2026,1,bal,ind,00-0034753,M.Andrews,target,58,0,0,0,0
2026_01_BAL_IND,3708,23,2026,1,bal,ind,00-0032764,D.Henry,carry,45,0,0,0,0
2026_01_BAL_IND,3730,23,2026,1,bal,ind,00-0034975,J.Hill,target,44,0,0,0,0
2026_01_BAL_IND,3760,23,2026,1,bal,ind,00-0032764,D.Henry,carry,34,0,0,0,0
2026_01_BAL_IND,3782,23,2026,1,bal,ind,00-0034975,J.Hill,carry,29,0,0,0,0
2026_01_BAL_IND,3806,23,2026,1,bal,ind,00-0034975,J.Hill,carry,29,0,0,0,0
2026_01_BAL_IND,3885,24,2026,1,ind,bal,00-0038997,J.Downs,target,30,0,0,0,0
2026_01_BAL_IND,3908,24,2026,1,ind,bal,00-0030279,K.Allen,target,30,0,0,0,0
2026_01_BAL_IND,4008,25,2026,1,bal,ind,00-0032764,D.Henry,carry,60,0,0,0,0
2026_01_BAL_IND,4032,25,2026,1,bal,ind,00-0034975,J.Hill,carry,51,0,0,0,0
2026_01_BUF_HOU,64,1,2026,1,buf,hou,00-0037248,J.Cook,carry,66,0,0,0,0
2026_01_BUF_HOU,86,1,2026,1,buf,hou,00-0037248,J.Cook,target,57,0,0,0,0
2026_01_BUF_HOU,118,1,2026,1,buf,hou,00-0037248,J.Cook,carry,54,0,0,0,0
2026_01_BUF_HOU,140,1,2026,1,buf,hou,00-0039875,R.Davis,carry,43,0,0,0,0
2026_01_BUF_HOU,162,1,2026,1,buf,hou,00-0034857,J.Allen,carry,40,0,0,0,0
2026_01_BUF_HOU,184,1,2026,1,buf,hou,00-0037248,J.Cook,carry,36,0,0,0,0
2026_01_BUF_HOU,206,1,2026,1,buf,hou,00-0034857,J.Allen,carry,34,0,0,0,0
2026_01_BUF_HOU,228,2,2026,1,hou,buf,00-0035685,D.Montgomery,carry,64,0,0,0,0
2026_01_BUF_HOU,291,2,2026,1,hou,buf,00-0035685,D.Montgomery,carry,68,0,0,0,0
2026_01_BUF_HOU,343,3,2026,1,buf,hou,00-0037248,J.Cook,carry,32,0,0,0,0
2026_01_BUF_HOU,385,3,2026,1,buf,hou,00-0039901,K.Coleman,target,34,0,0,0,0
2026_01_BUF_HOU,505,4,2026,1,hou,buf,00-0035685,D.Montgomery,carry,76,0,0,0,0
2026_01_BUF_HOU,527,4,2026,1,hou,buf,00-0036554,N.Collins,target,72,0,0,0,0
2026_01_BUF_HOU,552,4,2026,1,hou,buf,00-0035685,D.Montgomery,carry,63,0,0,0,0
2026_01_BUF_HOU,574,4,2026,1,hou,buf,00-0041472,M.Klein,target,56,0,0,0,0
2026_01_BUF_HOU,599,4,2026,1,hou,buf,00-0040583,W.Marks,carry,40,0,0,0,0
2026_01_BUF_HOU,621,4,2026,1,hou,buf,00-0036554,N.Collins,carry,36,0,0,0,0
2026_01_BUF_HOU,648,4,2026,1,hou,buf,00-0035685,D.Montgomery,carry,29,0,0,0,0
2026_01_BUF_HOU,672,4,2026,1,hou,buf,00-0038608,K.Boutte,target,27,0,0,0,0
2026_01_BUF_HOU,695,4,2026,1,hou,buf,00-0036554,N.Collins,target,27,0,0,0,0
2026_01_BUF_HOU,725,4,2026,1,hou,buf,00-0035685,D.Montgomery,carry,2,1,1,1,0
2026_01_BUF_HOU,747,4,2026,1,hou,buf,00-0035685,D.Montgomery,carry,1,1,1,1,0
2026_01_BUF_HOU,771,4,2026,1,hou,buf,00-0035685,D.Montgomery,carry,1,1,1,1,1
2026_01_BUF_HOU,839,5,2026,1,buf,hou,00-0037261,K.Shakir,target,62,0,0,0,0
2026_01_BUF_HOU,918,5,2026,1,buf,hou,00-0038933,D.Kincaid,target,48,0,0,0,0
2026_01_BUF_HOU,952,5,2026,1,buf,hou,00-0037261,K.Shakir,target,48,0,0,0,0
2026_01_BUF_HOU,977,5,2026,1,buf,hou,00-0037248,J.Cook,carry,32,0,0,0,0
2026_01_BUF_HOU,1009,5,2026,1,buf,hou,00-0037248,J.Cook,carry,25,0,0,0,0
2026_01_BUF_HOU,1099,6,2026,1,hou,buf,00-0034981,F.Moreau,target,75,0,0,0,0
2026_01_BUF_HOU,1124,6,2026,1,hou,buf,00-0040583,W.Marks,carry,69,0,0,0,0
2026_01_BUF_HOU,1182,6,2026,1,hou,buf,00-0034383,D.Schultz,target,60,0,0,0,0
2026_01_BUF_HOU,1205,6,2026,1,hou,buf,00-0040583,W.Marks,target,60,0,0,0,0
2026_01_BUF_HOU,1252,6,2026,1,hou,buf,00-0035685,D.Montgomery,carry,47,0,0,0,0
2026_01_BUF_HOU,1276,6,2026,1,hou,buf,00-0035685,D.Montgomery,carry,41,0,0,0,0
2026_01_BUF_HOU,1298,6,2026,1,hou,buf,00-0035685,D.Montgomery,carry,38,0,0,0,0
2026_01_BUF_HOU,1320,6,2026,1,hou,buf,00-0034383,D.Schultz,target,36,0,0,0,0
2026_01_BUF_HOU,1352,6,2026,1,hou,buf,00-0040583,W.Marks,carry,36,0,0,0,0
2026_01_BUF_HOU,1374,6,2026,1,hou,buf,00-0039359,C.Stover,target,24,0,0,0,0
2026_01_BUF_HOU,1399,6,2026,1,hou,buf,00-0038618,X.Hutchinson,target,26,0,0,0,0
2026_01_BUF_HOU,1458,6,2026,1,hou,buf,00-0035685,D.Montgomery,carry,18,1,0,0,1
2026_01_BUF_HOU,1520,7,2026,1,buf,hou,00-0034827,D.Moore,target,65,0,0,0,0
2026_01_BUF_HOU,1579,7,2026,1,buf,hou,00-0037261,K.Shakir,target,1,1,1,1,0
2026_01_BUF_HOU,1602,7,2026,1,buf,hou,00-0034857,J.Allen,carry,1,1,1,1,1
2026_01_BUF_HOU,1728,8,2026,1,hou,buf,00-0035685,D.Montgomery,carry,69,0,0,0,0
2026_01_BUF_HOU,1753,8,2026,1,hou,buf,00-0035685,D.Montgomery,target,64,0,0,0,0
2026_01_BUF_HOU,1785,8,2026,1,hou,buf,00-0038618,X.Hutchinson,target,61,0,0,0,0
2026_01_BUF_HOU,1828,9,2026,1,buf,hou,00-0038933,D.Kincaid,target,96,0,0,0,0
2026_01_BUF_HOU,1853,9,2026,1,buf,hou,00-0034827,D.Moore,target,58,0,0,0,0
2026_01_BUF_HOU,1885,9,2026,1,buf,hou,00-0034827,D.Moore,target,43,0,0,0,1
2026_01_BUF_HOU,1967,10,2026,1,hou,buf,00-0034383,D.Schultz,target,86,0,0,0,0
2026_01_BUF_HOU,2026,10,2026,1,hou,buf,00-0038618,X.Hutchinson,target,56,0,0,0,0
2026_01_BUF_HOU,2051,10,2026,1,hou,buf,00-0040138,J.Noel,target,47,0,0,0,0
2026_01_BUF_HOU,2081,10,2026,1,hou,buf,00-0036554,N.Collins,target,12,1,0,0,1
2026_01_BUF_HOU,2156,11,2026,1,buf,hou,00-0034827,D.Moore,target,83,0,0,0,0
2026_01_BUF_HOU,2184,11,2026,1,buf,hou,00-0039471,F.Gore,carry,83,0,0,0,0
2026_01_BUF_HOU,2254,12,2026,1,hou,buf,00-0035685,D.Montgomery,carry,66,0,0,0,0
2026_01_BUF_HOU,2276,12,2026,1,hou,buf,00-0035685,D.Montgomery,carry,61,0,0,0,0
2026_01_BUF_HOU,2339,12,2026,1,hou,buf,00-0034383,D.Schultz,target,76,0,0,0,0
2026_01_BUF_HOU,2409,13,2026,1,buf,hou,00-0037248,J.Cook,carry,86,0,0,0,0
2026_01_BUF_HOU,2431,13,2026,1,buf,hou,00-0037261,K.Shakir,target,85,0,0,0,0
2026_01_BUF_HOU,2456,13,2026,1,buf,hou,00-0034827,D.Moore,target,82,0,0,0,0
2026_01_BUF_HOU,2486,13,2026,1,buf,hou,00-0037248,J.Cook,carry,65,0,0,0,0
2026_01_BUF_HOU,2583,13,2026,1,buf,hou,00-0034827,D.Moore,target,74,0,0,0,0
2026_01_BUF_HOU,2628,14,2026,1,hou,buf,00-0040583,W.Marks,carry,96,0,0,0,0
2026_01_BUF_HOU,2659,14,2026,1,hou,buf,00-0034383,D.Schultz,target,98,0,0,0,0
2026_01_BUF_HOU,2682,14,2026,1,hou,buf,00-0040583,W.Marks,carry,98,0,0,0,0
2026_01_BUF_HOU,2740,15,2026,1,buf,hou,00-0037248,J.Cook,carry,43,0,0,0,0
2026_01_BUF_HOU,2806,15,2026,1,buf,hou,00-0038933,D.Kincaid,target,27,0,0,0,0
2026_01_BUF_HOU,2832,15,2026,1,buf,hou,00-0037248,J.Cook,carry,16,1,0,0,0
2026_01_BUF_HOU,2874,15,2026,1,buf,hou,00-0037261,K.Shakir,target,18,1,0,0,0
2026_01_BUF_HOU,2972,16,2026,1,hou,buf,00-0035685,D.Montgomery,target,72,0,0,0,0
2026_01_BUF_HOU,3000,16,2026,1,hou,buf,00-0035685,D.Montgomery,carry,63,0,0,0,0
2026_01_BUF_HOU,3022,16,2026,1,hou,buf,00-0035685,D.Montgomery,carry,63,0,0,0,0
2026_01_BUF_HOU,3046,16,2026,1,hou,buf,00-0034981,F.Moreau,target,61,0,0,0,0
2026_01_BUF_HOU,3071,16,2026,1,hou,buf,00-0038608,K.Boutte,target,52,0,0,0,0
2026_01_BUF_HOU,3096,16,2026,1,hou,buf,00-0036554,N.Collins,target,31,0,0,0,0
2026_01_BUF_HOU,3119,16,2026,1,hou,buf,00-0036554,N.Collins,target,31,0,0,0,0
2026_01_BUF_HOU,3144,16,2026,1,hou,buf,00-0039163,C.Stroud,carry,22,0,0,0,0
2026_01_BUF_HOU,3166,16,2026,1,hou,buf,00-0040583,W.Marks,carry,22,0,0,0,0
2026_01_BUF_HOU,3210,16,2026,1,hou,buf,00-0038728,J.Wayne,target,19,1,0,0,0
2026_01_BUF_HOU,3235,16,2026,1,hou,buf,00-0035685,D.Montgomery,carry,7,1,1,0,0
2026_01_BUF_HOU,3259,16,2026,1,hou,buf,00-0035685,D.Montgomery,target,7,1,1,0,1
2026_01_BUF_HOU,3340,17,2026,1,buf,hou,00-0037248,J.Cook,target,66,0,0,0,0
2026_01_BUF_HOU,3363,17,2026,1,buf,hou,00-0038933,D.Kincaid,target,66,0,0,0,0
2026_01_BUF_HOU,3388,17,2026,1,buf,hou,00-0038933,D.Kincaid,target,60,0,0,0,0
2026_01_BUF_HOU,3413,17,2026,1,buf,hou,00-0037248,J.Cook,carry,20,1,0,0,0
2026_01_BUF_HOU,3435,17,2026,1,buf,hou,00-0037248,J.Cook,target,17,1,0,0,0
2026_01_BUF_HOU,3465,17,2026,1,buf,hou,00-0037261,K.Shakir,target,14,1,0,0,0
2026_01_BUF_HOU,3538,18,2026,1,hou,buf,00-0036554,N.Collins,target,65,0,0,0,0
2026_01_BUF_HOU,3595,18,2026,1,hou,buf,00-0040583,W.Marks,carry,75,0,0,0,0
2026_01_BUF_HOU,3617,18,2026,1,hou,buf,00-0038618,X.Hutchinson,target,65,0,0,0,0
2026_01_BUF_HOU,3647,18,2026,1,hou,buf,00-0040583,W.Marks,carry,45,0,0,0,0
2026_01_BUF_HOU,3669,18,2026,1,hou,buf,00-0036554,N.Collins,target,47,0,0,0,0
2026_01_BUF_HOU,3694,18,2026,1,hou,buf,00-0036554,N.Collins,target,41,0,0,0,0
2026_01_BUF_HOU,3768,19,2026,1,buf,hou,00-0034857,J.Allen,carry,80,0,0,0,0
2026_01_BUF_HOU,3797,19,2026,1,buf,hou,00-0034827,D.Moore,target,82,0,0,0,0
2026_01_BUF_HOU,3826,19,2026,1,buf,hou,00-0034827,D.Moore,target,82,0,0,0,0
2026_01_BUF_HOU,3869,20,2026,1,hou,buf,00-0035685,D.Montgomery,carry,64,0,0,0,0
2026_01_BUF_HOU,3891,20,2026,1,hou,buf,00-0035685,D.Montgomery,carry,61,0,0,0,0
2026_01_BUF_HOU,3915,20,2026,1,hou,buf,00-0034383,D.Schultz,target,63,0,0,0,0
2026_01_BUF_HOU,3960,21,2026,1,buf,hou,00-0037248,J.Cook,carry,96,0,0,0,0
2026_01_BUF_HOU,3998,21,2026,1,buf,hou,00-0035689,D.Knox,target,81,0,0,0,0
2026_01_BUF_HOU,4026,21,2026,1,buf,hou,00-0037248,J.Cook,target,74,0,0,0,0
2026_01_BUF_HOU,4063,21,2026,1,buf,hou,00-0038933,D.Kincaid,target,68,0,0,0,0
2026_01_BUF_HOU,4100,21,2026,1,buf,hou,00-0037248,J.Cook,carry,33,0,0,0,0
2026_01_BUF_HOU,4122,21,2026,1,buf,hou,00-0036988,J.Palmer,target,34,0,0,0,0
2026_01_BUF_HOU,4152,21,2026,1,buf,hou,00-0036988,J.Palmer,target,34,0,0,0,1
2026_01_BUF_HOU,4214,22,2026,1,hou,buf,00-0034383,D.Schultz,target,71,0,0,0,0
2026_01_BUF_HOU,4239,22,2026,1,hou,buf,00-0034383,D.Schultz,target,53,0,0,0,0
2026_01_BUF_HOU,4264,22,2026,1,hou,buf,00-0038618,X.Hutchinson,target,45,0,0,0,0
2026_01_BUF_HOU,4287,22,2026,1,hou,buf,00-0040583,W.Marks,carry,45,0,0,0,0
2026_01_BUF_HOU,4344,22,2026,1,hou,buf,00-0038618,X.Hutchinson,target,39,0,0,0,0
2026_01_BUF_HOU,4367,22,2026,1,hou,buf,00-0036554,N.Collins,target,39,0,0,0,0
2026_01_BUF_HOU,4392,22,2026,1,hou,buf,00-0040138,J.Noel,target,27,0,0,0,0
2026_01_BUF_HOU,4456,22,2026,1,hou,buf,00-0036554,N.Collins,target,18,1,0,0,0
2026_01_CHI_CAR,57,1,2026,1,chi,car,00-0036275,D.Swift,carry,80,0,0,0,0
2026_01_CHI_CAR,90,1,2026,1,chi,car,00-0036275,D.Swift,carry,81,0,0,0,0
2026_01_CHI_CAR,112,1,2026,1,chi,car,00-0040735,L.Burden,target,77,0,0,0,0
2026_01_CHI_CAR,153,2,2026,1,car,chi,00-0037005,T.Tremble,target,42,0,0,0,0
2026_01_CHI_CAR,178,2,2026,1,car,chi,00-0036555,C.Hubbard,carry,31,0,0,0,0
2026_01_CHI_CAR,200,2,2026,1,car,chi,00-0039491,J.Coker,target,28,0,0,0,0
2026_01_CHI_CAR,313,2,2026,1,car,chi,00-0036555,C.Hubbard,carry,10,1,1,0,0
2026_01_CHI_CAR,355,2,2026,1,car,chi,00-0040187,M.Evans,target,4,1,1,1,0
2026_01_CHI_CAR,378,2,2026,1,car,chi,00-0036555,C.Hubbard,target,4,1,1,1,1
2026_01_CHI_CAR,453,3,2026,1,chi,car,00-0036275,D.Swift,carry,73,0,0,0,0
2026_01_CHI_CAR,475,3,2026,1,chi,car,00-0036275,D.Swift,carry,69,0,0,0,0
2026_01_CHI_CAR,535,3,2026,1,chi,car,00-0040735,L.Burden,target,73,0,0,0,0
2026_01_CHI_CAR,560,3,2026,1,chi,car,00-0032464,K.Raymond,target,58,0,0,0,0
2026_01_CHI_CAR,612,3,2026,1,chi,car,00-0036275,D.Swift,carry,45,0,0,0,0
2026_01_CHI_CAR,634,3,2026,1,chi,car,00-0036275,D.Swift,carry,13,1,0,0,0
2026_01_CHI_CAR,656,3,2026,1,chi,car,00-0040236,K.Monangai,carry,8,1,1,0,0
2026_01_CHI_CAR,752,4,2026,1,car,chi,00-0039342,X.Legette,target,60,0,0,0,0
2026_01_CHI_CAR,787,4,2026,1,car,chi,00-0037005,T.Tremble,target,60,0,0,0,0
2026_01_CHI_CAR,851,5,2026,1,chi,car,00-0032464,K.Raymond,target,67,0,0,0,0
2026_01_CHI_CAR,883,5,2026,1,chi,car,00-0040735,L.Burden,carry,55,0,0,0,0
2026_01_CHI_CAR,910,5,2026,1,chi,car,00-0039919,R.Odunze,target,53,0,0,0,0
2026_01_CHI_CAR,966,5,2026,1,chi,car,00-0036275,D.Swift,carry,6,1,1,0,0
2026_01_CHI_CAR,988,5,2026,1,chi,car,00-0036275,D.Swift,carry,1,1,1,1,1
2026_01_CHI_CAR,1072,6,2026,1,car,chi,00-0039344,J.Brooks,carry,83,0,0,0,0
2026_01_CHI_CAR,1118,6,2026,1,car,chi,00-0039344,J.Brooks,carry,87,0,0,0,0
2026_01_CHI_CAR,1140,6,2026,1,car,chi,00-0036555,C.Hubbard,target,82,0,0,0,0
2026_01_CHI_CAR,1222,7,2026,1,chi,car,00-0040236,K.Monangai,target,41,0,0,0,0
2026_01_CHI_CAR,1247,7,2026,1,chi,car,00-0036290,C.Kmet,target,22,0,0,0,1
2026_01_CHI_CAR,1321,8,2026,1,car,chi,00-0039491,J.Coker,target,73,0,0,0,0
2026_01_CHI_CAR,1351,8,2026,1,car,chi,00-0036555,C.Hubbard,carry,56,0,0,0,0
2026_01_CHI_CAR,1373,8,2026,1,car,chi,00-0039491,J.Coker,target,51,0,0,0,1
2026_01_CHI_CAR,1456,9,2026,1,chi,car,00-0036275,D.Swift,carry,88,0,0,0,0
2026_01_CHI_CAR,1533,9,2026,1,chi,car,00-0039918,C.Williams,carry,79,0,0,0,0
2026_01_CHI_CAR,1556,10,2026,1,car,chi,00-0040124,T.McMillan,target,21,0,0,0,0
2026_01_CHI_CAR,1581,10,2026,1,car,chi,00-0036555,C.Hubbard,carry,7,1,1,0,0
2026_01_CHI_CAR,1768,11,2026,1,chi,car,00-0040236,K.Monangai,carry,75,0,0,0,0
2026_01_CHI_CAR,1790,11,2026,1,chi,car,00-0040236,K.Monangai,carry,68,0,0,0,0
2026_01_CHI_CAR,1842,12,2026,1,chi,car,00-0036275,D.Swift,carry,28,0,0,0,0
2026_01_CHI_CAR,1864,12,2026,1,chi,car,00-0032464,K.Raymond,target,27,0,0,0,0
2026_01_CHI_CAR,1899,12,2026,1,chi,car,00-0032464,K.Raymond,target,27,0,0,0,0
2026_01_CHI_CAR,2008,13,2026,1,car,chi,00-0039491,J.Coker,target,69,0,0,0,0
2026_01_CHI_CAR,2033,13,2026,1,car,chi,00-0039344,J.Brooks,carry,66,0,0,0,0
2026_01_CHI_CAR,2072,13,2026,1,car,chi,00-0039344,J.Brooks,target,74,0,0,0,0
2026_01_CHI_CAR,2097,13,2026,1,car,chi,00-0037005,T.Tremble,target,26,0,0,0,0
2026_01_CHI_CAR,2120,13,2026,1,car,chi,00-0040124,T.McMillan,target,26,0,0,0,0
2026_01_CHI_CAR,2229,14,2026,1,chi,car,00-0039919,R.Odunze,target,86,0,0,0,0
2026_01_CHI_CAR,2261,14,2026,1,chi,car,00-0032464,K.Raymond,target,81,0,0,0,0
2026_01_CHI_CAR,2286,14,2026,1,chi,car,00-0040236,K.Monangai,target,53,0,0,0,0
2026_01_CHI_CAR,2342,14,2026,1,chi,car,00-0040735,L.Burden,target,53,0,0,0,0
2026_01_CHI_CAR,2435,15,2026,1,car,chi,00-0031610,D.Waller,target,71,0,0,0,0
2026_01_CHI_CAR,2460,15,2026,1,car,chi,00-0039491,J.Coker,target,60,0,0,0,0
2026_01_CHI_CAR,2497,16,2026,1,chi,car,00-0039919,R.Odunze,target,62,0,0,0,0
2026_01_CHI_CAR,2570,17,2026,1,car,chi,00-0036555,C.Hubbard,carry,66,0,0,0,0
2026_01_CHI_CAR,2592,17,2026,1,car,chi,00-0036555,C.Hubbard,carry,63,0,0,0,0
2026_01_CHI_CAR,2655,18,2026,1,chi,car,00-0036290,C.Kmet,target,80,0,0,0,0
2026_01_CHI_CAR,2685,18,2026,1,chi,car,00-0036275,D.Swift,carry,80,0,0,0,0
2026_01_CHI_CAR,2765,19,2026,1,car,chi,00-0031610,D.Waller,target,58,0,0,0,0
2026_01_CHI_CAR,2802,19,2026,1,car,chi,00-0036555,C.Hubbard,carry,41,0,0,0,0
2026_01_CHI_CAR,2824,19,2026,1,car,chi,00-0037005,T.Tremble,target,33,0,0,0,0
2026_01_CHI_CAR,2852,19,2026,1,car,chi,00-0037005,T.Tremble,target,33,0,0,0,0
2026_01_CHI_CAR,2880,19,2026,1,car,chi,00-0036555,C.Hubbard,carry,22,0,0,0,0
2026_01_CHI_CAR,2914,19,2026,1,car,chi,00-0040187,M.Evans,target,11,1,0,0,0
2026_01_CHI_CAR,2942,19,2026,1,car,chi,00-0036555,C.Hubbard,carry,2,1,1,1,1
2026_01_CHI_CAR,3012,20,2026,1,chi,car,00-0040126,C.Loveland,target,65,0,0,0,0
2026_01_CHI_CAR,3035,20,2026,1,chi,car,00-0036275,D.Swift,carry,65,0,0,0,0
2026_01_CHI_CAR,3057,20,2026,1,chi,car,00-0032464,K.Raymond,target,60,0,0,0,0
2026_01_CHI_CAR,3082,20,2026,1,chi,car,00-0036275,D.Swift,target,48,0,0,0,0
2026_01_CHI_CAR,3107,20,2026,1,chi,car,00-0036275,D.Swift,carry,38,0,0,0,0
2026_01_CHI_CAR,3159,20,2026,1,chi,car,00-0040735,L.Burden,target,23,0,0,0,0
2026_01_CHI_CAR,3207,20,2026,1,chi,car,00-0032464,K.Raymond,target,18,1,0,0,0
2026_01_CHI_CAR,3240,20,2026,1,chi,car,00-0040126,C.Loveland,target,11,1,0,0,0
2026_01_CHI_CAR,3337,20,2026,1,chi,car,00-0036275,D.Swift,carry,11,1,0,0,0
2026_01_CHI_CAR,3359,20,2026,1,chi,car,00-0036275,D.Swift,carry,5,1,1,1,0
2026_01_CHI_CAR,3381,20,2026,1,chi,car,00-0036275,D.Swift,carry,1,1,1,1,1
2026_01_CHI_CAR,3474,21,2026,1,car,chi,00-0039491,J.Coker,target,60,0,0,0,0
2026_01_CHI_CAR,3523,21,2026,1,car,chi,00-0039344,J.Brooks,carry,51,0,0,0,0
2026_01_CHI_CAR,3545,21,2026,1,car,chi,00-0039491,J.Coker,target,45,0,0,0,0
2026_01_CHI_CAR,3570,21,2026,1,car,chi,00-0039344,J.Brooks,target,39,0,0,0,0
2026_01_CHI_CAR,3593,21,2026,1,car,chi,00-0040124,T.McMillan,target,39,0,0,0,0
2026_01_CHI_CAR,3621,22,2026,1,chi,car,00-0040236,K.Monangai,carry,61,0,0,0,1
2026_01_CHI_CAR,3685,23,2026,1,car,chi,00-0036555,C.Hubbard,carry,73,0,0,0,0
2026_01_CHI_CAR,3707,23,2026,1,car,chi,00-0040124,T.McMillan,target,69,0,0,0,0
2026_01_CHI_CAR,3752,23,2026,1,car,chi,00-0040124,T.McMillan,target,62,0,0,0,0
2026_01_CHI_CAR,3875,24,2026,1,chi,car,00-0040236,K.Monangai,carry,60,0,0,0,0
2026_01_CHI_CAR,3897,24,2026,1,chi,car,00-0032464,K.Raymond,target,57,0,0,0,0
2026_01_CHI_CAR,3957,24,2026,1,chi,car,00-0036275,D.Swift,carry,53,0,0,0,0
2026_01_CHI_CAR,3979,24,2026,1,chi,car,00-0040735,L.Burden,target,52,0,0,0,0
2026_01_CHI_CAR,4004,24,2026,1,chi,car,00-0036290,C.Kmet,target,40,0,0,0,0
2026_01_CHI_CAR,4029,24,2026,1,chi,car,00-0040236,K.Monangai,carry,27,0,0,0,0
2026_01_CHI_CAR,4051,24,2026,1,chi,car,00-0032464,K.Raymond,target,25,0,0,0,0
2026_01_CHI_CAR,4076,24,2026,1,chi,car,00-0040236,K.Monangai,carry,21,0,0,0,0
2026_01_CHI_CAR,4098,24,2026,1,chi,car,00-0039918,C.Williams,carry,7,1,1,0,0
2026_01_CHI_CAR,4158,24,2026,1,chi,car,00-0039918,C.Williams,carry,1,1,1,1,0
2026_01_CHI_CAR,4180,24,2026,1,chi,car,00-0040277,J.Walker,target,1,1,1,1,1
2026_01_CHI_CAR,4256,25,2026,1,car,chi,00-0039342,X.Legette,target,76,0,0,0,0
2026_01_CHI_CAR,4279,25,2026,1,car,chi,00-0039491,J.Coker,target,76,0,0,0,0
2026_01_CHI_CAR,4327,25,2026,1,car,chi,00-0040124,T.McMillan,target,63,0,0,0,0
2026_01_CHI_CAR,4350,25,2026,1,car,chi,00-0036555,C.Hubbard,target,63,0,0,0,0
2026_01_CHI_CAR,4398,25,2026,1,car,chi,00-0040124,T.McMillan,target,34,0,0,0,0
2026_01_CHI_CAR,4428,25,2026,1,car,chi,00-0040124,T.McMillan,target,19,1,0,0,0
2026_01_CHI_CAR,4523,25,2026,1,car,chi,00-0039491,J.Coker,target,8,1,1,0,1
2026_01_CHI_CAR,4588,26,2026,1,chi,car,00-0040236,K.Monangai,carry,49,0,0,0,0
2026_01_CHI_CAR,4610,26,2026,1,chi,car,00-0040236,K.Monangai,carry,45,0,0,0,0
2026_01_CHI_CAR,4670,26,2026,1,chi,car,00-0040236,K.Monangai,carry,37,0,0,0,0
2026_01_CHI_CAR,4692,26,2026,1,chi,car,00-0036275,D.Swift,carry,28,0,0,0,1
2026_01_CHI_CAR,4754,27,2026,1,car,chi,00-0036265,A.Dillon,carry,80,0,0,0,0
2026_01_CHI_CAR,4776,27,2026,1,car,chi,00-0036265,A.Dillon,carry,73,0,0,0,0
2026_01_CHI_CAR,4798,27,2026,1,car,chi,00-0036265,A.Dillon,carry,62,0,0,0,0
2026_01_CHI_CAR,4820,27,2026,1,car,chi,00-0040218,Ji.Horn,target,56,0,0,0,0
2026_01_CHI_CAR,4872,27,2026,1,car,chi,00-0036265,A.Dillon,carry,32,0,0,0,0
2026_01_CHI_CAR,4894,27,2026,1,car,chi,00-0036265,A.Dillon,carry,28,0,0,0,0
2026_01_CLE_JAX,63,1,2026,1,cle,jax,00-0038710,B.Whiteheart,target,60,0,0,0,0
2026_01_CLE_JAX,88,1,2026,1,cle,jax,00-0040784,Q.Judkins,carry,46,0,0,0,0
2026_01_CLE_JAX,110,1,2026,1,cle,jax,00-0041547,K.Concepcion,target,42,0,0,0,0
2026_01_CLE_JAX,135,1,2026,1,cle,jax,00-0040784,Q.Judkins,carry,33,0,0,0,0
2026_01_CLE_JAX,157,1,2026,1,cle,jax,00-0036407,J.Jeudy,target,28,0,0,0,0
2026_01_CLE_JAX,184,2,2026,1,jax,cle,00-0040719,B.Tuten,carry,59,0,0,0,0
2026_01_CLE_JAX,213,2,2026,1,jax,cle,00-0040719,B.Tuten,carry,56,0,0,0,0
2026_01_CLE_JAX,235,2,2026,1,jax,cle,00-0034960,J.Meyers,carry,50,0,0,0,0
2026_01_CLE_JAX,257,2,2026,1,jax,cle,00-0038611,C.Rodriguez,carry,48,0,0,0,0
2026_01_CLE_JAX,279,2,2026,1,jax,cle,00-0038606,P.Washington,target,44,0,0,0,0
2026_01_CLE_JAX,304,2,2026,1,jax,cle,00-0038611,C.Rodriguez,carry,33,0,0,0,0
2026_01_CLE_JAX,349,2,2026,1,jax,cle,00-0038606,P.Washington,target,30,0,0,0,1
2026_01_CLE_JAX,431,3,2026,1,cle,jax,00-0040784,Q.Judkins,carry,83,0,0,0,0
2026_01_CLE_JAX,453,3,2026,1,cle,jax,00-0040784,Q.Judkins,carry,79,0,0,0,0
2026_01_CLE_JAX,475,3,2026,1,cle,jax,00-0040663,H.Fannin,target,79,0,0,0,0
2026_01_CLE_JAX,554,4,2026,1,jax,cle,00-0039893,Bri.Thomas,target,74,0,0,0,0
2026_01_CLE_JAX,584,4,2026,1,jax,cle,00-0038606,P.Washington,target,64,0,0,0,0
2026_01_CLE_JAX,643,4,2026,1,jax,cle,00-0039893,Bri.Thomas,target,53,0,0,0,0
2026_01_CLE_JAX,751,4,2026,1,jax,cle,00-0038606,P.Washington,target,49,0,0,0,0
2026_01_CLE_JAX,791,4,2026,1,jax,cle,00-0039893,Bri.Thomas,target,27,0,0,0,0
2026_01_CLE_JAX,816,4,2026,1,jax,cle,00-0038611,C.Rodriguez,carry,9,1,1,0,0
2026_01_CLE_JAX,838,4,2026,1,jax,cle,00-0041100,J.Cameron,target,4,1,1,1,1
2026_01_CLE_JAX,932,5,2026,1,cle,jax,00-0040784,Q.Judkins,target,66,0,0,0,0
2026_01_CLE_JAX,1037,6,2026,1,jax,cle,00-0041503,N.Boerkircher,target,72,0,0,0,0
2026_01_CLE_JAX,1067,6,2026,1,jax,cle,00-0038606,P.Washington,target,63,0,0,0,0
2026_01_CLE_JAX,1090,6,2026,1,jax,cle,00-0038611,C.Rodriguez,carry,63,0,0,0,0
2026_01_CLE_JAX,1116,6,2026,1,jax,cle,00-0040718,T.Hunter,carry,61,0,0,0,0
2026_01_CLE_JAX,1138,6,2026,1,jax,cle,00-0034960,J.Meyers,target,58,0,0,0,0
2026_01_CLE_JAX,1163,6,2026,1,jax,cle,00-0040719,B.Tuten,carry,50,0,0,0,0
2026_01_CLE_JAX,1185,6,2026,1,jax,cle,00-0040719,B.Tuten,carry,45,0,0,0,0
2026_01_CLE_JAX,1207,6,2026,1,jax,cle,00-0036590,Q.Morris,target,38,0,0,0,0
2026_01_CLE_JAX,1230,6,2026,1,jax,cle,00-0040718,T.Hunter,target,38,0,0,0,0
2026_01_CLE_JAX,1255,6,2026,1,jax,cle,00-0038611,C.Rodriguez,carry,30,0,0,0,0
2026_01_CLE_JAX,1327,7,2026,1,cle,jax,00-0040784,Q.Judkins,carry,61,0,0,0,0
2026_01_CLE_JAX,1352,7,2026,1,cle,jax,00-0041547,K.Concepcion,target,60,0,0,0,0
2026_01_CLE_JAX,1405,8,2026,1,jax,cle,00-0040719,B.Tuten,carry,44,0,0,0,0
2026_01_CLE_JAX,1427,8,2026,1,jax,cle,00-0040719,B.Tuten,carry,32,0,0,0,0
2026_01_CLE_JAX,1449,8,2026,1,jax,cle,00-0038935,B.Strange,target,28,0,0,0,0
2026_01_CLE_JAX,1472,8,2026,1,jax,cle,00-0038606,P.Washington,target,28,0,0,0,0
2026_01_CLE_JAX,1502,8,2026,1,jax,cle,00-0038935,B.Strange,target,14,1,0,0,1
2026_01_CLE_JAX,1573,9,2026,1,cle,jax,00-0041547,K.Concepcion,carry,65,0,0,0,0
2026_01_CLE_JAX,1595,9,2026,1,cle,jax,00-0033537,D.Watson,carry,57,0,0,0,0
2026_01_CLE_JAX,1620,9,2026,1,cle,jax,00-0041547,K.Concepcion,target,54,0,0,0,0
2026_01_CLE_JAX,1643,9,2026,1,cle,jax,00-0036407,J.Jeudy,target,54,0,0,0,0
2026_01_CLE_JAX,1715,10,2026,1,jax,cle,00-0032104,A.Abdullah,carry,87,0,0,0,0
2026_01_CLE_JAX,1744,10,2026,1,jax,cle,00-0032104,A.Abdullah,carry,76,0,0,0,0
2026_01_CLE_JAX,1766,10,2026,1,jax,cle,00-0032104,A.Abdullah,carry,67,0,0,0,0
2026_01_CLE_JAX,1851,11,2026,1,cle,jax,00-0036407,J.Jeudy,target,70,0,0,0,0
2026_01_CLE_JAX,1876,11,2026,1,cle,jax,00-0040466,R.Sanders,target,50,0,0,0,0
2026_01_CLE_JAX,1983,11,2026,1,cle,jax,00-0036407,J.Jeudy,target,59,0,0,0,0
2026_01_CLE_JAX,2046,11,2026,1,cle,jax,00-0040466,R.Sanders,target,63,0,0,0,0
2026_01_CLE_JAX,2071,11,2026,1,cle,jax,00-0041037,D.Boston,target,54,0,0,0,0
2026_01_CLE_JAX,2142,12,2026,1,jax,cle,00-0040719,B.Tuten,carry,60,0,0,0,0
2026_01_CLE_JAX,2188,12,2026,1,jax,cle,00-0040719,B.Tuten,target,45,0,0,0,0
2026_01_CLE_JAX,2223,12,2026,1,jax,cle,00-0040719,B.Tuten,carry,23,0,0,0,0
2026_01_CLE_JAX,2269,12,2026,1,jax,cle,00-0034960,J.Meyers,target,32,0,0,0,1
2026_01_CLE_JAX,2340,13,2026,1,cle,jax,00-0040784,Q.Judkins,carry,23,0,0,0,0
2026_01_CLE_JAX,2362,13,2026,1,cle,jax,00-0041547,K.Concepcion,target,24,0,0,0,0
2026_01_CLE_JAX,2419,13,2026,1,cle,jax,00-0033537,D.Watson,carry,11,1,0,0,0
2026_01_CLE_JAX,2441,13,2026,1,cle,jax,00-0040784,Q.Judkins,carry,5,1,1,1,0
2026_01_CLE_JAX,2487,13,2026,1,cle,jax,00-0041037,D.Boston,target,8,1,1,0,0
2026_01_CLE_JAX,2560,14,2026,1,jax,cle,00-0038935,B.Strange,target,69,0,0,0,0
2026_01_CLE_JAX,2585,14,2026,1,jax,cle,00-0040719,B.Tuten,carry,60,0,0,0,0
2026_01_CLE_JAX,2607,14,2026,1,jax,cle,00-0036971,T.Lawrence,carry,60,0,0,0,0
2026_01_CLE_JAX,2631,14,2026,1,jax,cle,00-0038611,C.Rodriguez,carry,59,0,0,0,0
2026_01_CLE_JAX,2653,14,2026,1,jax,cle,00-0041100,J.Cameron,target,51,0,0,0,0
2026_01_CLE_JAX,2683,14,2026,1,jax,cle,00-0040719,B.Tuten,carry,35,0,0,0,0
2026_01_CLE_JAX,2705,14,2026,1,jax,cle,00-0040719,B.Tuten,carry,23,0,0,0,0
2026_01_CLE_JAX,2760,14,2026,1,jax,cle,00-0032104,A.Abdullah,target,34,0,0,0,0
2026_01_CLE_JAX,2785,14,2026,1,jax,cle,00-0032104,A.Abdullah,carry,34,0,0,0,0
2026_01_CLE_JAX,2868,15,2026,1,cle,jax,00-0040663,H.Fannin,target,85,0,0,0,0
2026_01_CLE_JAX,2893,15,2026,1,cle,jax,00-0040663,H.Fannin,target,76,0,0,0,0
2026_01_CLE_JAX,2965,15,2026,1,cle,jax,00-0041547,K.Concepcion,target,68,0,0,0,0
2026_01_CLE_JAX,2990,15,2026,1,cle,jax,00-0041547,K.Concepcion,carry,43,0,0,0,0
2026_01_CLE_JAX,3012,15,2026,1,cle,jax,00-0041037,D.Boston,target,46,0,0,0,0
2026_01_CLE_JAX,3037,15,2026,1,cle,jax,00-0040784,Q.Judkins,carry,33,0,0,0,0
2026_01_CLE_JAX,3059,15,2026,1,cle,jax,00-0040466,R.Sanders,target,30,0,0,0,0
2026_01_CLE_JAX,3084,15,2026,1,cle,jax,00-0040466,R.Sanders,carry,25,0,0,0,0
2026_01_CLE_JAX,3168,15,2026,1,cle,jax,00-0040784,Q.Judkins,carry,22,0,0,0,0
2026_01_CLE_JAX,3240,15,2026,1,cle,jax,00-0040784,Q.Judkins,carry,18,1,0,0,0
2026_01_CLE_JAX,3302,16,2026,1,jax,cle,00-0040719,B.Tuten,carry,78,0,0,0,0
2026_01_CLE_JAX,3355,16,2026,1,jax,cle,00-0040719,B.Tuten,carry,66,0,0,0,0
2026_01_CLE_JAX,3377,16,2026,1,jax,cle,00-0040719,B.Tuten,carry,60,0,0,0,0
2026_01_CLE_JAX,3399,16,2026,1,jax,cle,00-0040719,B.Tuten,carry,61,0,0,0,0
2026_01_CLE_JAX,3441,17,2026,1,cle,jax,00-0041547,K.Concepcion,carry,89,0,0,0,0
2026_01_CLE_JAX,3470,17,2026,1,cle,jax,00-0033537,D.Watson,carry,79,0,0,0,0
2026_01_CLE_JAX,3492,17,2026,1,cle,jax,00-0040784,Q.Judkins,carry,70,0,0,0,0
2026_01_CLE_JAX,3514,17,2026,1,cle,jax,00-0040784,Q.Judkins,target,67,0,0,0,0
2026_01_CLE_JAX,3544,17,2026,1,cle,jax,00-0040784,Q.Judkins,carry,51,0,0,0,0
2026_01_CLE_JAX,3566,17,2026,1,cle,jax,00-0041037,D.Boston,target,46,0,0,0,1
2026_01_DAL_NYG,62,1,2026,1,dal,nyg,00-0036997,J.Williams,carry,72,0,0,0,0
2026_01_DAL_NYG,84,1,2026,1,dal,nyg,00-0036358,C.Lamb,target,71,0,0,0,0
2026_01_DAL_NYG,107,1,2026,1,dal,nyg,00-0037247,G.Pickens,target,71,0,0,0,0
2026_01_DAL_NYG,180,2,2026,1,nyg,dal,00-0040715,C.Skattebo,carry,83,0,0,0,0
2026_01_DAL_NYG,202,2,2026,1,nyg,dal,00-0035250,D.Singletary,carry,78,0,0,0,0
2026_01_DAL_NYG,224,2,2026,1,nyg,dal,00-0040691,J.Dart,carry,74,0,0,0,0
2026_01_DAL_NYG,246,2,2026,1,nyg,dal,00-0039337,M.Nabers,target,73,0,0,0,0
2026_01_DAL_NYG,304,2,2026,1,nyg,dal,00-0033376,P.Ricard,target,59,0,0,0,0
2026_01_DAL_NYG,327,2,2026,1,nyg,dal,00-0040691,J.Dart,carry,59,0,0,0,0
2026_01_DAL_NYG,370,2,2026,1,nyg,dal,00-0035250,D.Singletary,carry,22,0,0,0,0
2026_01_DAL_NYG,392,2,2026,1,nyg,dal,00-0040715,C.Skattebo,carry,19,1,0,0,0
2026_01_DAL_NYG,414,2,2026,1,nyg,dal,00-0037838,I.Likely,target,16,1,0,0,0
2026_01_DAL_NYG,446,2,2026,1,nyg,dal,00-0040715,C.Skattebo,carry,3,1,1,1,1
2026_01_DAL_NYG,525,3,2026,1,dal,nyg,00-0036997,J.Williams,carry,89,0,0,0,0
2026_01_DAL_NYG,547,3,2026,1,dal,nyg,00-0036358,C.Lamb,carry,84,0,0,0,0
2026_01_DAL_NYG,571,3,2026,1,dal,nyg,00-0037247,G.Pickens,target,84,0,0,0,0
2026_01_DAL_NYG,596,3,2026,1,dal,nyg,00-0039530,B.Spann-Ford,target,75,0,0,0,0
2026_01_DAL_NYG,626,3,2026,1,dal,nyg,00-0036997,J.Williams,carry,67,0,0,0,0
2026_01_DAL_NYG,648,3,2026,1,dal,nyg,00-0036997,J.Williams,carry,67,0,0,0,0
2026_01_DAL_NYG,693,3,2026,1,dal,nyg,00-0039530,B.Spann-Ford,target,63,0,0,0,0
2026_01_DAL_NYG,718,3,2026,1,dal,nyg,00-0037247,G.Pickens,target,57,0,0,0,0
2026_01_DAL_NYG,772,4,2026,1,nyg,dal,00-0040715,C.Skattebo,carry,89,0,0,0,0
2026_01_DAL_NYG,801,4,2026,1,nyg,dal,00-0039384,T.Tracy,carry,84,0,0,0,0
2026_01_DAL_NYG,823,4,2026,1,nyg,dal,00-0039337,M.Nabers,target,78,0,0,0,0
2026_01_DAL_NYG,846,4,2026,1,nyg,dal,00-0037838,I.Likely,target,78,0,0,0,0
2026_01_DAL_NYG,931,4,2026,1,nyg,dal,00-0040715,C.Skattebo,carry,64,0,0,0,0
2026_01_DAL_NYG,953,4,2026,1,nyg,dal,00-0039337,M.Nabers,target,63,0,0,0,0
2026_01_DAL_NYG,978,4,2026,1,nyg,dal,00-0040715,C.Skattebo,carry,56,0,0,0,0
2026_01_DAL_NYG,1073,5,2026,1,dal,nyg,00-0036997,J.Williams,carry,75,0,0,0,0
2026_01_DAL_NYG,1186,5,2026,1,dal,nyg,00-0036997,J.Williams,carry,38,0,0,0,0
2026_01_DAL_NYG,1208,5,2026,1,dal,nyg,00-0037801,K.Turpin,target,35,0,0,0,0
2026_01_DAL_NYG,1233,5,2026,1,dal,nyg,00-0038705,E.Demercado,carry,27,0,0,0,0
2026_01_DAL_NYG,1291,5,2026,1,dal,nyg,00-0038547,L.Schoonmaker,target,33,0,0,0,0
2026_01_DAL_NYG,1350,5,2026,1,dal,nyg,00-0036997,J.Williams,carry,2,1,1,1,0
2026_01_DAL_NYG,1372,5,2026,1,dal,nyg,00-0036997,J.Williams,carry,1,1,1,1,0
2026_01_DAL_NYG,1422,5,2026,1,dal,nyg,00-0036358,C.Lamb,target,1,1,1,1,1
2026_01_DAL_NYG,1504,6,2026,1,nyg,dal,00-0040691,J.Dart,carry,85,0,0,0,0
2026_01_DAL_NYG,1553,6,2026,1,nyg,dal,00-0041042,M.Fields,target,69,0,0,0,0
2026_01_DAL_NYG,1576,6,2026,1,nyg,dal,00-0037838,I.Likely,target,69,0,0,0,0
2026_01_DAL_NYG,1606,6,2026,1,nyg,dal,00-0035250,D.Singletary,carry,50,0,0,0,0
2026_01_DAL_NYG,1628,6,2026,1,nyg,dal,00-0041042,M.Fields,target,47,0,0,0,0
2026_01_DAL_NYG,1688,6,2026,1,nyg,dal,00-0039384,T.Tracy,carry,29,0,0,0,0
2026_01_DAL_NYG,1733,7,2026,1,dal,nyg,00-0036997,J.Williams,carry,84,0,0,0,0
2026_01_DAL_NYG,1769,7,2026,1,dal,nyg,00-0037247,G.Pickens,target,78,0,0,0,0
2026_01_DAL_NYG,1793,7,2026,1,dal,nyg,00-0036358,C.Lamb,target,78,0,0,0,0
2026_01_DAL_NYG,1846,7,2026,1,dal,nyg,00-0039410,R.Flournoy,target,69,0,0,0,0
2026_01_DAL_NYG,1910,8,2026,1,nyg,dal,00-0039337,M.Nabers,target,55,0,0,0,0
2026_01_DAL_NYG,1940,8,2026,1,nyg,dal,00-0041042,M.Fields,target,55,0,0,0,0
2026_01_DAL_NYG,1996,8,2026,1,nyg,dal,00-0039337,M.Nabers,target,54,0,0,0,0
2026_01_DAL_NYG,2026,8,2026,1,nyg,dal,00-0036309,D.Mooney,target,38,0,0,0,0
2026_01_DAL_NYG,2056,8,2026,1,nyg,dal,00-0037838,I.Likely,target,20,1,0,0,0
2026_01_DAL_NYG,2086,8,2026,1,nyg,dal,00-0037838,I.Likely,target,15,1,0,0,1
2026_01_DAL_NYG,2150,9,2026,1,dal,nyg,00-0038041,J.Ferguson,target,68,0,0,0,0
2026_01_DAL_NYG,2183,9,2026,1,dal,nyg,00-0039410,R.Flournoy,target,62,0,0,0,0
2026_01_DAL_NYG,2213,9,2026,1,dal,nyg,00-0038738,H.Luepke,carry,62,0,0,0,0
2026_01_DAL_NYG,2278,10,2026,1,nyg,dal,00-0040715,C.Skattebo,carry,74,0,0,0,0
2026_01_DAL_NYG,2300,10,2026,1,nyg,dal,00-0040715,C.Skattebo,carry,69,0,0,0,0
2026_01_DAL_NYG,2335,10,2026,1,nyg,dal,00-0039847,T.Johnson,target,62,0,0,0,0
2026_01_DAL_NYG,2361,10,2026,1,nyg,dal,00-0040715,C.Skattebo,carry,53,0,0,0,0
2026_01_DAL_NYG,2383,10,2026,1,nyg,dal,00-0035250,D.Singletary,carry,46,0,0,0,0
2026_01_DAL_NYG,2405,10,2026,1,nyg,dal,00-0039337,M.Nabers,target,45,0,0,0,0
2026_01_DAL_NYG,2430,10,2026,1,nyg,dal,00-0035250,D.Singletary,carry,29,0,0,0,0
2026_01_DAL_NYG,2452,10,2026,1,nyg,dal,00-0036309,D.Mooney,target,27,0,0,0,0
2026_01_DAL_NYG,2477,10,2026,1,nyg,dal,00-0040715,C.Skattebo,carry,18,1,0,0,0
2026_01_DAL_NYG,2506,10,2026,1,nyg,dal,00-0039337,M.Nabers,target,17,1,0,0,0
2026_01_DAL_NYG,2531,10,2026,1,nyg,dal,00-0040715,C.Skattebo,carry,4,1,1,1,0
2026_01_DAL_NYG,2553,10,2026,1,nyg,dal,00-0037838,I.Likely,target,2,1,1,1,1
2026_01_DAL_NYG,2624,11,2026,1,dal,nyg,00-0039410,R.Flournoy,target,75,0,0,0,0
2026_01_DAL_NYG,2647,11,2026,1,dal,nyg,00-0036358,C.Lamb,target,75,0,0,0,0
2026_01_DAL_NYG,2695,11,2026,1,dal,nyg,00-0037247,G.Pickens,target,62,0,0,0,0
2026_01_DAL_NYG,2720,11,2026,1,dal,nyg,00-0036997,J.Williams,carry,51,0,0,0,0
2026_01_DAL_NYG,2742,11,2026,1,dal,nyg,00-0036997,J.Williams,target,44,0,0,0,0
2026_01_DAL_NYG,2767,11,2026,1,dal,nyg,00-0036997,J.Williams,carry,34,0,0,0,0
2026_01_DAL_NYG,2823,11,2026,1,dal,nyg,00-0038705,E.Demercado,carry,15,1,0,0,0
2026_01_DAL_NYG,2847,11,2026,1,dal,nyg,00-0036997,J.Williams,target,12,1,0,0,0
2026_01_DAL_NYG,2872,11,2026,1,dal,nyg,00-0036358,C.Lamb,target,17,1,0,0,0
2026_01_DAL_NYG,2931,11,2026,1,dal,nyg,00-0038041,J.Ferguson,target,1,1,1,1,0
2026_01_DAL_NYG,2956,11,2026,1,dal,nyg,00-0036997,J.Williams,carry,1,1,1,1,1
2026_01_DAL_NYG,3089,12,2026,1,nyg,dal,00-0040691,J.Dart,carry,63,0,0,0,0
2026_01_DAL_NYG,3111,12,2026,1,nyg,dal,00-0040691,J.Dart,carry,56,0,0,0,0
2026_01_DAL_NYG,3155,12,2026,1,nyg,dal,00-0040715,C.Skattebo,carry,46,0,0,0,0
2026_01_DAL_NYG,3177,12,2026,1,nyg,dal,00-0041042,M.Fields,target,38,0,0,0,0
2026_01_DAL_NYG,3200,12,2026,1,nyg,dal,00-0040715,C.Skattebo,carry,38,0,0,0,0
2026_01_DAL_NYG,3241,12,2026,1,nyg,dal,00-0035250,D.Singletary,target,28,0,0,0,0
2026_01_DAL_NYG,3273,12,2026,1,nyg,dal,00-0039337,M.Nabers,target,35,0,0,0,0
2026_01_DAL_NYG,3298,12,2026,1,nyg,dal,00-0035250,D.Singletary,target,27,0,0,0,0
2026_01_DAL_NYG,3352,12,2026,1,nyg,dal,00-0035250,D.Singletary,carry,19,1,0,0,0
2026_01_DAL_NYG,3374,12,2026,1,nyg,dal,00-0035250,D.Singletary,target,16,1,0,0,0
2026_01_DAL_NYG,3399,12,2026,1,nyg,dal,00-0035250,D.Singletary,target,9,1,1,0,1
2026_01_DAL_NYG,3475,13,2026,1,dal,nyg,00-0036358,C.Lamb,target,74,0,0,0,0
2026_01_DAL_NYG,3498,13,2026,1,dal,nyg,00-0036997,J.Williams,target,74,0,0,0,0
2026_01_DAL_NYG,3531,13,2026,1,dal,nyg,00-0036358,C.Lamb,target,69,0,0,0,0
2026_01_DAL_NYG,3578,13,2026,1,dal,nyg,00-0036997,J.Williams,target,63,0,0,0,0
2026_01_DAL_NYG,3603,13,2026,1,dal,nyg,00-0039062,J.Mingo,target,59,0,0,0,0
2026_01_DAL_NYG,3633,13,2026,1,dal,nyg,00-0037247,G.Pickens,target,49,0,0,0,0
2026_01_DAL_NYG,3656,13,2026,1,dal,nyg,00-0036358,C.Lamb,target,49,0,0,0,0
2026_01_DAL_NYG,3679,13,2026,1,dal,nyg,00-0039410,R.Flournoy,target,49,0,0,0,0
2026_01_DAL_NYG,3720,13,2026,1,dal,nyg,00-0036997,J.Williams,target,17,1,0,0,1
2026_01_DAL_NYG,3810,14,2026,1,nyg,dal,00-0040715,C.Skattebo,carry,72,0,0,0,0
2026_01_DAL_NYG,3832,14,2026,1,nyg,dal,00-0039337,M.Nabers,target,71,0,0,0,0
2026_01_DAL_NYG,3855,14,2026,1,nyg,dal,00-0037838,I.Likely,target,71,0,0,0,0
2026_01_DAL_NYG,3880,14,2026,1,nyg,dal,00-0040715,C.Skattebo,carry,59,0,0,0,0
2026_01_DAL_NYG,3926,14,2026,1,nyg,dal,00-0040715,C.Skattebo,carry,65,0,0,0,0
2026_01_DAL_NYG,3948,14,2026,1,nyg,dal,00-0037838,I.Likely,target,52,0,0,0,0
2026_01_DAL_NYG,3973,14,2026,1,nyg,dal,00-0040691,J.Dart,carry,47,0,0,0,0
2026_01_DAL_NYG,4015,14,2026,1,nyg,dal,00-0040715,C.Skattebo,carry,31,0,0,0,0
2026_01_DAL_NYG,4037,14,2026,1,nyg,dal,00-0040715,C.Skattebo,carry,28,0,0,0,0
2026_01_DEN_KC,77,1,2026,1,den,kc,00-0036158,J.Dobbins,carry,68,0,0,0,0
2026_01_DEN_KC,99,1,2026,1,den,kc,00-0034348,C.Sutton,target,66,0,0,0,0
2026_01_DEN_KC,126,2,2026,1,kc,den,00-0038134,K.Walker,carry,46,0,0,0,0
2026_01_DEN_KC,148,2,2026,1,kc,den,00-0038134,K.Walker,carry,44,0,0,0,0
2026_01_DEN_KC,170,2,2026,1,kc,den,00-0038134,K.Walker,carry,39,0,0,0,0
2026_01_DEN_KC,192,2,2026,1,kc,den,00-0038134,K.Walker,carry,38,0,0,0,0
2026_01_DEN_KC,220,2,2026,1,kc,den,00-0030506,T.Kelce,target,35,0,0,0,0
2026_01_DEN_KC,243,2,2026,1,kc,den,00-0039894,X.Worthy,target,35,0,0,0,0
2026_01_DEN_KC,273,2,2026,1,kc,den,00-0038134,K.Walker,carry,26,0,0,0,0
2026_01_DEN_KC,301,2,2026,1,kc,den,00-0038134,K.Walker,carry,20,1,0,0,0
2026_01_DEN_KC,323,2,2026,1,kc,den,00-0038134,K.Walker,carry,8,1,1,0,0
2026_01_DEN_KC,451,3,2026,1,den,kc,00-0040730,R.Harvey,carry,68,0,0,0,0
2026_01_DEN_KC,516,3,2026,1,den,kc,00-0040134,P.Bryant,target,56,0,0,0,0
2026_01_DEN_KC,541,3,2026,1,den,kc,00-0036158,J.Dobbins,carry,43,0,0,0,0
2026_01_DEN_KC,563,3,2026,1,den,kc,00-0036422,A.Trautman,target,42,0,0,0,0
2026_01_DEN_KC,593,3,2026,1,den,kc,00-0040134,P.Bryant,target,38,0,0,0,0
2026_01_DEN_KC,618,3,2026,1,den,kc,00-0040134,P.Bryant,target,30,0,0,0,0
2026_01_DEN_KC,648,3,2026,1,den,kc,00-0033881,E.Engram,target,19,1,0,0,1
2026_01_DEN_KC,742,4,2026,1,kc,den,00-0041013,E.Johnson,carry,66,0,0,0,0
2026_01_DEN_KC,764,4,2026,1,kc,den,00-0039894,X.Worthy,target,63,0,0,0,0
2026_01_DEN_KC,807,5,2026,1,den,kc,00-0036422,A.Trautman,target,92,0,0,0,0
2026_01_DEN_KC,837,5,2026,1,den,kc,00-0033881,E.Engram,target,92,0,0,0,0
2026_01_DEN_KC,874,5,2026,1,den,kc,00-0040730,R.Harvey,carry,83,0,0,0,0
2026_01_DEN_KC,929,5,2026,1,den,kc,00-0040730,R.Harvey,target,87,0,0,0,0
2026_01_DEN_KC,974,5,2026,1,den,kc,00-0036158,J.Dobbins,carry,86,0,0,0,0
2026_01_DEN_KC,996,5,2026,1,den,kc,00-0040730,R.Harvey,target,84,0,0,0,0
2026_01_DEN_KC,1047,6,2026,1,kc,den,00-0038134,K.Walker,carry,71,0,0,0,0
2026_01_DEN_KC,1069,6,2026,1,kc,den,00-0038104,T.Thornton,target,62,0,0,0,0
2026_01_DEN_KC,1092,6,2026,1,kc,den,00-0038134,K.Walker,carry,62,0,0,0,0
2026_01_DEN_KC,1118,6,2026,1,kc,den,00-0038134,K.Walker,target,58,0,0,0,0
2026_01_DEN_KC,1143,6,2026,1,kc,den,00-0038134,K.Walker,target,53,0,0,0,0
2026_01_DEN_KC,1187,6,2026,1,kc,den,00-0040890,C.Allen,target,53,0,0,0,0
2026_01_DEN_KC,1230,7,2026,1,den,kc,00-0036422,A.Trautman,target,88,0,0,0,0
2026_01_DEN_KC,1262,7,2026,1,den,kc,00-0040134,P.Bryant,target,82,0,0,0,0
2026_01_DEN_KC,1301,7,2026,1,den,kc,00-0036613,J.Waddle,target,82,0,0,0,0
2026_01_DEN_KC,1346,8,2026,1,kc,den,00-0038134,K.Walker,carry,75,0,0,0,0
2026_01_DEN_KC,1420,8,2026,1,kc,den,00-0038134,K.Walker,carry,65,0,0,0,0
2026_01_DEN_KC,1442,8,2026,1,kc,den,00-0038134,K.Walker,carry,58,0,0,0,0
2026_01_DEN_KC,1467,8,2026,1,kc,den,00-0039894,X.Worthy,target,57,0,0,0,0
2026_01_DEN_KC,1547,9,2026,1,den,kc,00-0039868,T.Franklin,carry,77,0,0,0,0
2026_01_DEN_KC,1576,9,2026,1,den,kc,00-0040730,R.Harvey,target,72,0,0,0,0
2026_01_DEN_KC,1601,9,2026,1,den,kc,00-0036613,J.Waddle,target,68,0,0,0,0
2026_01_DEN_KC,1642,10,2026,1,kc,den,00-0038134,K.Walker,target,80,0,0,0,0
2026_01_DEN_KC,1665,10,2026,1,kc,den,00-0038134,K.Walker,target,80,0,0,0,0
2026_01_DEN_KC,1688,10,2026,1,kc,den,00-0038134,K.Walker,target,80,0,0,0,0
2026_01_DEN_KC,1725,10,2026,1,kc,den,00-0038134,K.Walker,carry,69,0,0,0,0
2026_01_DEN_KC,1752,10,2026,1,kc,den,00-0041013,E.Johnson,carry,41,0,0,0,0
2026_01_DEN_KC,1774,10,2026,1,kc,den,00-0036637,N.Gray,target,37,0,0,0,0
2026_01_DEN_KC,1799,10,2026,1,kc,den,00-0038134,K.Walker,carry,32,0,0,0,0
2026_01_DEN_KC,1821,10,2026,1,kc,den,00-0040081,J.Briningstool,target,26,0,0,0,0
2026_01_DEN_KC,1865,10,2026,1,kc,den,00-0039894,X.Worthy,target,17,1,0,0,0
2026_01_DEN_KC,1897,10,2026,1,kc,den,00-0039067,R.Rice,target,13,1,0,0,1
2026_01_DEN_KC,1998,11,2026,1,den,kc,00-0040134,P.Bryant,target,71,0,0,0,0
2026_01_DEN_KC,2030,11,2026,1,den,kc,00-0034348,C.Sutton,target,61,0,0,0,0
2026_01_DEN_KC,2084,12,2026,1,kc,den,00-0030506,T.Kelce,target,91,0,0,0,0
2026_01_DEN_KC,2113,12,2026,1,kc,den,00-0041013,E.Johnson,carry,85,0,0,0,0
2026_01_DEN_KC,2183,13,2026,1,kc,den,00-0038134,K.Walker,carry,69,0,0,0,0
2026_01_DEN_KC,2227,13,2026,1,kc,den,00-0039067,R.Rice,target,66,0,0,0,0
2026_01_DEN_KC,2252,13,2026,1,kc,den,00-0038134,K.Walker,carry,60,0,0,0,1
2026_01_DEN_KC,2326,14,2026,1,den,kc,00-0036158,J.Dobbins,carry,64,0,0,0,0
2026_01_DEN_KC,2353,14,2026,1,den,kc,00-0036158,J.Dobbins,carry,47,0,0,0,0
2026_01_DEN_KC,2375,14,2026,1,den,kc,00-0036158,J.Dobbins,carry,43,0,0,0,0
2026_01_DEN_KC,2430,14,2026,1,den,kc,00-0036613,J.Waddle,target,44,0,0,0,0
2026_01_DEN_KC,2531,15,2026,1,kc,den,00-0039894,X.Worthy,target,97,0,0,0,0
2026_01_DEN_KC,2603,16,2026,1,den,kc,00-0034348,C.Sutton,target,15,1,0,0,0
2026_01_DEN_KC,2750,17,2026,1,kc,den,00-0038134,K.Walker,carry,67,0,0,0,0
2026_01_DEN_KC,2772,17,2026,1,kc,den,00-0038134,K.Walker,carry,66,0,0,0,0
2026_01_DEN_KC,2794,17,2026,1,kc,den,00-0030506,T.Kelce,target,63,0,0,0,0
2026_01_DEN_KC,2819,17,2026,1,kc,den,00-0038134,K.Walker,carry,4,1,1,1,0
2026_01_DEN_KC,2945,18,2026,1,den,kc,00-0036158,J.Dobbins,carry,70,0,0,0,0
2026_01_DEN_KC,2967,18,2026,1,den,kc,00-0033881,E.Engram,target,68,0,0,0,0
2026_01_DEN_KC,2997,18,2026,1,den,kc,00-0036158,J.Dobbins,carry,59,0,0,0,0
2026_01_DEN_KC,3055,18,2026,1,den,kc,00-0040134,P.Bryant,target,65,0,0,0,0
2026_01_DEN_KC,3115,19,2026,1,kc,den,00-0030506,T.Kelce,target,34,0,0,0,0
2026_01_DEN_KC,3138,19,2026,1,kc,den,00-0039894,X.Worthy,target,34,0,0,0,0
2026_01_DEN_KC,3183,19,2026,1,kc,den,00-0041013,E.Johnson,target,29,0,0,0,0
2026_01_DEN_KC,3219,19,2026,1,kc,den,00-0038134,K.Walker,target,2,1,1,1,1
2026_01_DEN_KC,3290,20,2026,1,den,kc,00-0034348,C.Sutton,target,73,0,0,0,0
2026_01_DEN_KC,3313,20,2026,1,den,kc,00-0034348,C.Sutton,target,73,0,0,0,0
2026_01_DEN_KC,3405,21,2026,1,kc,den,00-0038134,K.Walker,carry,94,0,0,0,0
2026_01_DEN_KC,3434,21,2026,1,kc,den,00-0038134,K.Walker,carry,93,0,0,0,0
2026_01_DEN_KC,3456,21,2026,1,kc,den,00-0038134,K.Walker,carry,80,0,0,0,0
2026_01_DEN_KC,3478,21,2026,1,kc,den,00-0038134,K.Walker,carry,80,0,0,0,0
2026_01_DEN_KC,3500,21,2026,1,kc,den,00-0030506,T.Kelce,target,72,0,0,0,0
2026_01_DEN_KC,3558,21,2026,1,kc,den,00-0041013,E.Johnson,target,81,0,0,0,0
2026_01_DEN_KC,3583,21,2026,1,kc,den,00-0041013,E.Johnson,carry,62,0,0,0,0
2026_01_DEN_KC,3667,22,2026,1,den,kc,00-0040730,R.Harvey,carry,84,0,0,0,0
2026_01_DEN_KC,3696,22,2026,1,den,kc,00-0033881,E.Engram,target,79,0,0,0,0
2026_01_DEN_KC,3721,22,2026,1,den,kc,00-0039732,B.Nix,carry,73,0,0,0,0
2026_01_DEN_KC,3748,22,2026,1,den,kc,00-0033881,E.Engram,target,78,0,0,0,0
2026_01_DEN_KC,3815,22,2026,1,den,kc,00-0040730,R.Harvey,target,78,0,0,0,0
2026_01_DEN_KC,3845,22,2026,1,den,kc,00-0039868,T.Franklin,target,71,0,0,0,0
2026_01_DEN_KC,3920,23,2026,1,kc,den,00-0041013,E.Johnson,carry,28,0,0,0,0
2026_01_DEN_KC,3942,23,2026,1,kc,den,00-0041013,E.Johnson,carry,22,0,0,0,0
2026_01_DEN_KC,3964,23,2026,1,kc,den,00-0041013,E.Johnson,carry,21,0,0,0,0
2026_01_DEN_KC,3992,23,2026,1,kc,den,00-0041013,E.Johnson,carry,18,1,0,0,0
2026_01_GB_MIN,56,1,2026,1,min,gb,00-0033293,A.Jones,carry,65,0,0,0,0
2026_01_GB_MIN,78,1,2026,1,min,gb,00-0036259,J.Jennings,target,66,0,0,0,0
2026_01_GB_MIN,105,2,2026,1,gb,min,00-0038996,T.Kraft,target,53,0,0,0,0
2026_01_GB_MIN,128,2,2026,1,gb,min,00-0038685,C.Brooks,carry,53,0,0,0,0
2026_01_GB_MIN,174,2,2026,1,gb,min,00-0038685,C.Brooks,carry,44,0,0,0,0
2026_01_GB_MIN,196,2,2026,1,gb,min,00-0038996,T.Kraft,target,41,0,0,0,0
2026_01_GB_MIN,219,2,2026,1,gb,min,00-0040667,M.Golden,target,41,0,0,0,0
2026_01_GB_MIN,315,3,2026,1,min,gb,00-0033293,A.Jones,carry,70,0,0,0,0
2026_01_GB_MIN,337,3,2026,1,min,gb,00-0036322,J.Jefferson,target,64,0,0,0,0
2026_01_GB_MIN,362,3,2026,1,min,gb,00-0037525,J.Mason,carry,55,0,0,0,0
2026_01_GB_MIN,454,3,2026,1,min,gb,00-0035229,T.Hockenson,target,62,0,0,0,0
2026_01_GB_MIN,499,4,2026,1,gb,min,00-0033858,J.Smith,target,81,0,0,0,0
2026_01_GB_MIN,531,4,2026,1,gb,min,00-0038124,C.Watson,target,81,0,0,0,1
2026_01_GB_MIN,658,5,2026,1,min,gb,00-0037525,J.Mason,carry,70,0,0,0,0
2026_01_GB_MIN,680,5,2026,1,min,gb,00-0036322,J.Jefferson,target,69,0,0,0,0
2026_01_GB_MIN,741,5,2026,1,min,gb,00-0037525,J.Mason,carry,50,0,0,0,0
2026_01_GB_MIN,770,5,2026,1,min,gb,00-0036322,J.Jefferson,target,46,0,0,0,0
2026_01_GB_MIN,793,5,2026,1,min,gb,00-0036322,J.Jefferson,target,46,0,0,0,0
2026_01_GB_MIN,818,5,2026,1,min,gb,00-0033293,A.Jones,carry,37,0,0,0,0
2026_01_GB_MIN,845,5,2026,1,min,gb,00-0033293,A.Jones,carry,29,0,0,0,0
2026_01_GB_MIN,867,5,2026,1,min,gb,00-0037525,J.Mason,carry,25,0,0,0,0
2026_01_GB_MIN,911,5,2026,1,min,gb,00-0038994,J.Addison,target,20,1,0,0,0
2026_01_GB_MIN,977,6,2026,1,gb,min,00-0039811,M.Lloyd,carry,40,0,0,0,0
2026_01_GB_MIN,1001,6,2026,1,gb,min,00-0039811,M.Lloyd,carry,35,0,0,0,0
2026_01_GB_MIN,1026,6,2026,1,gb,min,00-0038124,C.Watson,target,37,0,0,0,0
2026_01_GB_MIN,1051,6,2026,1,gb,min,00-0040667,M.Golden,target,27,0,0,0,0
2026_01_GB_MIN,1074,6,2026,1,gb,min,00-0039811,M.Lloyd,carry,27,0,0,0,0
2026_01_GB_MIN,1116,6,2026,1,gb,min,00-0038124,C.Watson,target,26,0,0,0,0
2026_01_GB_MIN,1213,7,2026,1,min,gb,00-0037525,J.Mason,carry,60,0,0,0,0
2026_01_GB_MIN,1235,7,2026,1,min,gb,00-0037525,J.Mason,carry,52,0,0,0,0
2026_01_GB_MIN,1257,7,2026,1,min,gb,00-0032950,C.Wentz,carry,51,0,0,0,0
2026_01_GB_MIN,1279,7,2026,1,min,gb,00-0037525,J.Mason,carry,50,0,0,0,0
2026_01_GB_MIN,1301,7,2026,1,min,gb,00-0033293,A.Jones,target,49,0,0,0,0
2026_01_GB_MIN,1324,7,2026,1,min,gb,00-0036425,D.Dallas,target,49,0,0,0,0
2026_01_GB_MIN,1369,8,2026,1,gb,min,00-0038996,T.Kraft,target,86,0,0,0,0
2026_01_GB_MIN,1401,8,2026,1,gb,min,00-0039811,M.Lloyd,carry,56,0,0,0,0
2026_01_GB_MIN,1423,8,2026,1,gb,min,00-0039146,J.Reed,target,54,0,0,0,0
2026_01_GB_MIN,1446,8,2026,1,gb,min,00-0040667,M.Golden,target,54,0,0,0,0
2026_01_GB_MIN,1491,9,2026,1,min,gb,00-0033293,A.Jones,carry,96,0,0,0,0
2026_01_GB_MIN,1522,9,2026,1,min,gb,00-0033293,A.Jones,carry,90,0,0,0,0
2026_01_GB_MIN,1674,10,2026,1,gb,min,00-0038685,C.Brooks,target,51,0,0,0,0
2026_01_GB_MIN,1697,10,2026,1,gb,min,00-0039146,J.Reed,target,51,0,0,0,0
2026_01_GB_MIN,1802,11,2026,1,min,gb,00-0035229,T.Hockenson,target,88,0,0,0,0
2026_01_GB_MIN,1827,11,2026,1,min,gb,00-0036322,J.Jefferson,target,83,0,0,0,0
2026_01_GB_MIN,1863,11,2026,1,min,gb,00-0037525,J.Mason,carry,51,0,0,0,0
2026_01_GB_MIN,1885,11,2026,1,min,gb,00-0035249,J.Oliver,target,47,0,0,0,0
2026_01_GB_MIN,1908,11,2026,1,min,gb,00-0035229,T.Hockenson,target,47,0,0,0,0
2026_01_GB_MIN,1933,11,2026,1,min,gb,00-0036322,J.Jefferson,target,39,0,0,0,1
2026_01_GB_MIN,2026,12,2026,1,gb,min,00-0038685,C.Brooks,carry,74,0,0,0,0
2026_01_GB_MIN,2048,12,2026,1,gb,min,00-0038996,T.Kraft,target,72,0,0,0,0
2026_01_GB_MIN,2073,12,2026,1,gb,min,00-0038124,C.Watson,target,49,0,0,0,0
2026_01_GB_MIN,2096,12,2026,1,gb,min,00-0037091,B.Melton,target,49,0,0,0,0
2026_01_GB_MIN,2121,12,2026,1,gb,min,00-0038124,C.Watson,target,39,0,0,0,0
2026_01_GB_MIN,2162,12,2026,1,gb,min,00-0038685,C.Brooks,carry,7,1,1,0,0
2026_01_GB_MIN,2184,12,2026,1,gb,min,00-0038124,C.Watson,target,2,1,1,1,1
2026_01_GB_MIN,2326,14,2026,1,gb,min,00-0039811,M.Lloyd,carry,86,0,0,0,0
2026_01_GB_MIN,2348,14,2026,1,gb,min,00-0038996,T.Kraft,target,74,0,0,0,0
2026_01_GB_MIN,2373,14,2026,1,gb,min,00-0038685,C.Brooks,carry,62,0,0,0,0
2026_01_GB_MIN,2418,14,2026,1,gb,min,00-0038685,C.Brooks,carry,63,0,0,0,0
2026_01_GB_MIN,2459,15,2026,1,min,gb,00-0035249,J.Oliver,target,60,0,0,0,0
2026_01_GB_MIN,2499,15,2026,1,min,gb,00-0033293,A.Jones,carry,60,0,0,0,0
2026_01_GB_MIN,2521,15,2026,1,min,gb,00-0038994,J.Addison,target,56,0,0,0,0
2026_01_GB_MIN,2570,16,2026,1,gb,min,00-0040667,M.Golden,target,87,0,0,0,0
2026_01_GB_MIN,2607,16,2026,1,gb,min,00-0039811,M.Lloyd,carry,74,0,0,0,0
2026_01_GB_MIN,2629,16,2026,1,gb,min,00-0039811,M.Lloyd,carry,68,0,0,0,0
2026_01_GB_MIN,2651,16,2026,1,gb,min,00-0039811,M.Lloyd,carry,64,0,0,0,0
2026_01_GB_MIN,2673,16,2026,1,gb,min,00-0038685,C.Brooks,carry,63,0,0,0,0
2026_01_GB_MIN,2695,16,2026,1,gb,min,00-0039146,J.Reed,target,58,0,0,0,0
2026_01_GB_MIN,2720,16,2026,1,gb,min,00-0039811,M.Lloyd,carry,52,0,0,0,0
2026_01_GB_MIN,2742,16,2026,1,gb,min,00-0033858,J.Smith,target,50,0,0,0,0
2026_01_GB_MIN,2767,16,2026,1,gb,min,00-0039811,M.Lloyd,carry,7,1,1,0,0
2026_01_GB_MIN,2789,16,2026,1,gb,min,00-0040667,M.Golden,target,8,1,1,0,0
2026_01_GB_MIN,2812,16,2026,1,gb,min,00-0039146,J.Reed,target,8,1,1,0,0
2026_01_GB_MIN,2892,17,2026,1,min,gb,00-0035249,J.Oliver,target,28,0,0,0,0
2026_01_GB_MIN,2917,17,2026,1,min,gb,00-0037525,J.Mason,carry,19,1,0,0,0
2026_01_GB_MIN,2939,17,2026,1,min,gb,00-0033293,A.Jones,carry,19,1,0,0,0
2026_01_GB_MIN,2961,17,2026,1,min,gb,00-0035229,T.Hockenson,target,18,1,0,0,0
2026_01_GB_MIN,2984,17,2026,1,min,gb,00-0033293,A.Jones,carry,18,1,0,0,0
2026_01_GB_MIN,3006,17,2026,1,min,gb,00-0035229,T.Hockenson,target,16,1,0,0,1
2026_01_GB_MIN,3072,18,2026,1,gb,min,00-0039811,M.Lloyd,carry,71,0,0,0,0
2026_01_GB_MIN,3094,18,2026,1,gb,min,00-0040667,M.Golden,target,65,0,0,0,0
2026_01_GB_MIN,3164,18,2026,1,gb,min,00-0040667,M.Golden,target,68,0,0,0,0
2026_01_GB_MIN,3189,18,2026,1,gb,min,00-0039811,M.Lloyd,carry,26,0,0,0,0
2026_01_GB_MIN,3213,18,2026,1,gb,min,00-0038996,T.Kraft,target,22,0,0,0,0
2026_01_GB_MIN,3236,18,2026,1,gb,min,00-0040667,M.Golden,target,22,0,0,0,0
2026_01_GB_MIN,3290,18,2026,1,gb,min,00-0036264,J.Love,carry,17,1,0,0,0
2026_01_GB_MIN,3344,19,2026,1,min,gb,00-0035249,J.Oliver,target,78,0,0,0,0
2026_01_GB_MIN,3369,19,2026,1,min,gb,00-0033293,A.Jones,carry,65,0,0,0,0
2026_01_GB_MIN,3442,19,2026,1,min,gb,00-0037525,J.Mason,carry,61,0,0,0,0
2026_01_GB_MIN,3464,19,2026,1,min,gb,00-0036322,J.Jefferson,target,56,0,0,0,0
2026_01_GB_MIN,3523,19,2026,1,min,gb,00-0037525,J.Mason,carry,39,0,0,0,0
2026_01_GB_MIN,3545,19,2026,1,min,gb,00-0036322,J.Jefferson,target,11,1,0,0,0
2026_01_GB_MIN,3570,19,2026,1,min,gb,00-0037525,J.Mason,carry,6,1,1,0,0
2026_01_GB_MIN,3630,19,2026,1,min,gb,00-0033293,A.Jones,carry,3,1,1,1,1
2026_01_GB_MIN,3697,20,2026,1,gb,min,00-0039811,M.Lloyd,carry,70,0,0,0,0
2026_01_GB_MIN,3784,21,2026,1,min,gb,00-0037525,J.Mason,carry,1,1,1,1,1
2026_01_GB_MIN,3852,22,2026,1,gb,min,00-0039146,J.Reed,target,75,0,0,0,0
2026_01_GB_MIN,3877,22,2026,1,gb,min,00-0038124,C.Watson,target,68,0,0,0,0
2026_01_GB_MIN,3909,23,2026,1,min,gb,00-0033293,A.Jones,carry,14,1,0,0,0
2026_01_GB_MIN,3934,23,2026,1,min,gb,00-0037525,J.Mason,carry,12,1,0,0,0
2026_01_GB_MIN,3963,23,2026,1,min,gb,00-0036322,J.Jefferson,target,9,1,1,0,1
2026_01_GB_MIN,4023,24,2026,1,gb,min,00-0040667,M.Golden,target,65,0,0,0,0
2026_01_GB_MIN,4046,24,2026,1,gb,min,00-0038124,C.Watson,target,65,0,0,0,0
2026_01_GB_MIN,4110,24,2026,1,gb,min,00-0040667,M.Golden,target,54,0,0,0,0
2026_01_GB_MIN,4135,24,2026,1,gb,min,00-0039146,J.Reed,target,34,0,0,0,0
2026_01_GB_MIN,4158,24,2026,1,gb,min,00-0039146,J.Reed,target,34,0,0,0,0
2026_01_GB_MIN,4183,24,2026,1,gb,min,00-0033858,J.Smith,target,27,0,0,0,0
2026_01_GB_MIN,4208,24,2026,1,gb,min,00-0039811,M.Lloyd,target,20,1,0,0,0
2026_01_GB_MIN,4238,24,2026,1,gb,min,00-0040667,M.Golden,target,20,1,0,0,0
2026_01_GB_MIN,4263,24,2026,1,gb,min,00-0040667,M.Golden,target,12,1,0,0,0
2026_01_GB_MIN,4286,24,2026,1,gb,min,00-0038090,S.Moore,target,12,1,0,0,0
2026_01_GB_MIN,4309,25,2026,1,min,gb,00-0037525,J.Mason,carry,88,0,0,0,0
2026_01_MIA_LV,62,1,2026,1,mia,lv,00-0039040,D.Achane,carry,75,0,0,0,0
2026_01_MIA_LV,111,1,2026,1,mia,lv,00-0039040,D.Achane,carry,64,0,0,0,0
2026_01_MIA_LV,133,1,2026,1,mia,lv,00-0039040,D.Achane,target,66,0,0,0,0
2026_01_MIA_LV,158,1,2026,1,mia,lv,00-0039040,D.Achane,target,59,0,0,0,0
2026_01_MIA_LV,183,1,2026,1,mia,lv,00-0038128,M.Willis,carry,45,0,0,0,0
2026_01_MIA_LV,205,1,2026,1,mia,lv,00-0039880,M.Washington,target,45,0,0,0,0
2026_01_MIA_LV,315,2,2026,1,lv,mia,00-0040122,A.Jeanty,carry,93,0,0,0,0
2026_01_MIA_LV,337,2,2026,1,lv,mia,00-0040122,A.Jeanty,carry,82,0,0,0,0
2026_01_MIA_LV,359,2,2026,1,lv,mia,00-0040122,A.Jeanty,carry,77,0,0,0,0
2026_01_MIA_LV,381,2,2026,1,lv,mia,00-0037291,J.Nailor,target,78,0,0,0,0
2026_01_MIA_LV,411,2,2026,1,lv,mia,00-0040894,M.Benson,target,70,0,0,0,0
2026_01_MIA_LV,436,2,2026,1,lv,mia,00-0039066,M.Mayer,target,64,0,0,0,0
2026_01_MIA_LV,461,2,2026,1,lv,mia,00-0039066,M.Mayer,target,57,0,0,0,0
2026_01_MIA_LV,486,2,2026,1,lv,mia,00-0039066,M.Mayer,target,43,0,0,0,0
2026_01_MIA_LV,516,2,2026,1,lv,mia,00-0038563,T.Tucker,target,43,0,0,0,0
2026_01_MIA_LV,546,2,2026,1,lv,mia,00-0040122,A.Jeanty,carry,37,0,0,0,0
2026_01_MIA_LV,568,2,2026,1,lv,mia,00-0037304,C.Heyward,carry,34,0,0,0,0
2026_01_MIA_LV,590,2,2026,1,lv,mia,00-0040122,A.Jeanty,target,33,0,0,0,0
2026_01_MIA_LV,647,2,2026,1,lv,mia,00-0040122,A.Jeanty,carry,28,0,0,0,0
2026_01_MIA_LV,696,2,2026,1,lv,mia,00-0040729,J.Bech,target,18,1,0,0,0
2026_01_MIA_LV,721,2,2026,1,lv,mia,00-0040729,J.Bech,target,15,1,0,0,1
2026_01_MIA_LV,792,3,2026,1,mia,lv,00-0039040,D.Achane,carry,76,0,0,0,0
2026_01_MIA_LV,854,3,2026,1,mia,lv,00-0041523,C.Douglas,target,81,0,0,0,0
2026_01_MIA_LV,905,4,2026,1,lv,mia,00-0040894,M.Benson,carry,67,0,0,0,0
2026_01_MIA_LV,934,4,2026,1,lv,mia,00-0040729,J.Bech,target,75,0,0,0,0
2026_01_MIA_LV,959,4,2026,1,lv,mia,00-0038563,T.Tucker,target,70,0,0,0,0
2026_01_MIA_LV,998,4,2026,1,lv,mia,00-0040122,A.Jeanty,carry,55,0,0,0,0
2026_01_MIA_LV,1020,4,2026,1,lv,mia,00-0040122,A.Jeanty,carry,47,0,0,0,0
2026_01_MIA_LV,1042,4,2026,1,lv,mia,00-0040878,M.Washington,carry,37,0,0,0,0
2026_01_MIA_LV,1064,4,2026,1,lv,mia,00-0035891,C.White,target,34,0,0,0,0
2026_01_MIA_LV,1087,4,2026,1,lv,mia,00-0039066,M.Mayer,target,34,0,0,0,0
2026_01_MIA_LV,1217,5,2026,1,mia,lv,00-0039880,M.Washington,target,65,0,0,0,0
2026_01_MIA_LV,1240,5,2026,1,mia,lv,00-0039040,D.Achane,carry,65,0,0,0,0
2026_01_MIA_LV,1262,5,2026,1,mia,lv,00-0037252,G.Dulcich,target,55,0,0,0,0
2026_01_MIA_LV,1287,5,2026,1,mia,lv,00-0039040,D.Achane,carry,49,0,0,0,0
2026_01_MIA_LV,1309,5,2026,1,mia,lv,00-0039040,D.Achane,carry,44,0,0,0,0
2026_01_MIA_LV,1331,5,2026,1,mia,lv,00-0037252,G.Dulcich,target,43,0,0,0,0
2026_01_MIA_LV,1457,5,2026,1,mia,lv,00-0039880,M.Washington,target,46,0,0,0,0
2026_01_MIA_LV,1489,5,2026,1,mia,lv,00-0041523,C.Douglas,target,47,0,0,0,0
2026_01_MIA_LV,1519,5,2026,1,mia,lv,00-0039040,D.Achane,carry,22,0,0,0,0
2026_01_MIA_LV,1606,6,2026,1,lv,mia,00-0040878,M.Washington,carry,54,0,0,0,0
2026_01_MIA_LV,1628,6,2026,1,lv,mia,00-0040878,M.Washington,carry,46,0,0,0,0
2026_01_MIA_LV,1650,6,2026,1,lv,mia,00-0040878,M.Washington,carry,28,0,0,0,0
2026_01_MIA_LV,1672,6,2026,1,lv,mia,00-0037291,J.Nailor,target,22,0,0,0,0
2026_01_MIA_LV,1704,6,2026,1,lv,mia,00-0039066,M.Mayer,target,15,1,0,0,0
2026_01_MIA_LV,1727,6,2026,1,lv,mia,00-0040122,A.Jeanty,target,15,1,0,0,0
2026_01_MIA_LV,1752,6,2026,1,lv,mia,00-0040122,A.Jeanty,target,13,1,0,0,1
2026_01_MIA_LV,1830,7,2026,1,mia,lv,00-0041525,C.Bell,target,70,0,0,0,0
2026_01_MIA_LV,1853,7,2026,1,mia,lv,00-0039040,D.Achane,carry,70,0,0,0,0
2026_01_MIA_LV,1875,7,2026,1,mia,lv,00-0041523,C.Douglas,target,63,0,0,0,0
2026_01_MIA_LV,1912,7,2026,1,mia,lv,00-0039880,M.Washington,target,49,0,0,0,0
2026_01_MIA_LV,1935,7,2026,1,mia,lv,00-0041523,C.Douglas,target,49,0,0,0,0
2026_01_MIA_LV,2029,8,2026,1,lv,mia,00-0040122,A.Jeanty,carry,65,0,0,0,0
2026_01_MIA_LV,2051,8,2026,1,lv,mia,00-0040729,J.Bech,target,62,0,0,0,0
2026_01_MIA_LV,2078,9,2026,1,mia,lv,00-0041525,C.Bell,target,52,0,0,0,0
2026_01_MIA_LV,2108,9,2026,1,mia,lv,00-0041523,C.Douglas,target,27,0,0,0,0
2026_01_MIA_LV,2205,9,2026,1,mia,lv,00-0039040,D.Achane,carry,19,1,0,0,0
2026_01_MIA_LV,2310,10,2026,1,lv,mia,00-0040122,A.Jeanty,carry,50,0,0,0,0
2026_01_MIA_LV,2332,10,2026,1,lv,mia,00-0038563,T.Tucker,target,45,0,0,0,0
2026_01_MIA_LV,2357,10,2026,1,lv,mia,00-0040122,A.Jeanty,carry,24,0,0,0,0
2026_01_MIA_LV,2384,10,2026,1,lv,mia,00-0040122,A.Jeanty,carry,16,1,0,0,0
2026_01_MIA_LV,2406,10,2026,1,lv,mia,00-0040122,A.Jeanty,target,13,1,0,0,1
2026_01_MIA_LV,2477,11,2026,1,mia,lv,00-0041524,W.Kacmarek,target,77,0,0,0,0
2026_01_MIA_LV,2500,11,2026,1,mia,lv,00-0041523,C.Douglas,target,77,0,0,0,0
2026_01_MIA_LV,2527,12,2026,1,lv,mia,00-0040122,A.Jeanty,carry,66,0,0,0,0
2026_01_MIA_LV,2556,12,2026,1,lv,mia,00-0040122,A.Jeanty,carry,61,0,0,0,0
2026_01_MIA_LV,2601,12,2026,1,lv,mia,00-0040122,A.Jeanty,carry,55,0,0,0,0
2026_01_MIA_LV,2623,12,2026,1,lv,mia,00-0040878,M.Washington,carry,40,0,0,0,0
2026_01_MIA_LV,2645,12,2026,1,lv,mia,00-0037291,J.Nailor,target,36,0,0,0,0
2026_01_MIA_LV,2670,12,2026,1,lv,mia,00-0040122,A.Jeanty,carry,24,0,0,0,0
2026_01_MIA_LV,2692,12,2026,1,lv,mia,00-0040122,A.Jeanty,carry,17,1,0,0,0
2026_01_MIA_LV,2714,12,2026,1,lv,mia,00-0040122,A.Jeanty,carry,17,1,0,0,0
2026_01_MIA_LV,2736,12,2026,1,lv,mia,00-0038563,T.Tucker,target,10,1,1,0,0
2026_01_MIA_LV,2759,12,2026,1,lv,mia,00-0040878,M.Washington,carry,10,1,1,0,0
2026_01_MIA_LV,2781,12,2026,1,lv,mia,00-0040122,A.Jeanty,target,11,1,0,0,0
2026_01_MIA_LV,2897,13,2026,1,mia,lv,00-0039040,D.Achane,carry,18,1,0,0,0
2026_01_MIA_LV,2919,13,2026,1,mia,lv,00-0039040,D.Achane,carry,15,1,0,0,0
2026_01_MIA_LV,2982,14,2026,1,lv,mia,00-0040894,M.Benson,target,69,0,0,0,0
2026_01_MIA_LV,3032,14,2026,1,lv,mia,00-0037291,J.Nailor,target,69,0,0,0,0
2026_01_MIA_LV,3055,14,2026,1,lv,mia,00-0040122,A.Jeanty,target,69,0,0,0,0
2026_01_MIA_LV,3098,15,2026,1,mia,lv,00-0039040,D.Achane,target,80,0,0,0,0
2026_01_MIA_LV,3123,15,2026,1,mia,lv,00-0039880,M.Washington,target,76,0,0,0,0
2026_01_MIA_LV,3257,16,2026,1,lv,mia,00-0040122,A.Jeanty,carry,55,0,0,0,0
2026_01_MIA_LV,3279,16,2026,1,lv,mia,00-0037291,J.Nailor,target,59,0,0,0,0
2026_01_MIA_LV,3318,17,2026,1,mia,lv,00-0039040,D.Achane,target,44,0,0,0,0
2026_01_MIA_LV,3348,17,2026,1,mia,lv,00-0039880,M.Washington,target,44,0,0,0,0
2026_01_MIA_LV,3411,18,2026,1,lv,mia,00-0040122,A.Jeanty,carry,88,0,0,0,0
2026_01_MIA_LV,3440,18,2026,1,lv,mia,00-0040122,A.Jeanty,carry,88,0,0,0,0
2026_01_MIA_LV,3467,18,2026,1,lv,mia,00-0039066,M.Mayer,target,84,0,0,0,0
2026_01_MIA_LV,3504,18,2026,1,lv,mia,00-0040122,A.Jeanty,carry,76,0,0,0,0
2026_01_MIA_LV,3526,18,2026,1,lv,mia,00-0039066,M.Mayer,target,73,0,0,0,0
2026_01_MIA_LV,3551,18,2026,1,lv,mia,00-0029604,K.Cousins,carry,75,0,0,0,0
2026_01_MIA_LV,3645,19,2026,1,mia,lv,00-0039874,J.Wright,carry,73,0,0,0,0
2026_01_MIA_LV,3667,19,2026,1,mia,lv,00-0039880,M.Washington,target,74,0,0,0,0
2026_01_MIA_LV,3692,19,2026,1,mia,lv,00-0041529,K.Coleman,target,44,0,0,0,0
2026_01_MIA_LV,3740,19,2026,1,mia,lv,00-0041523,C.Douglas,target,41,0,0,0,0
2026_01_MIA_LV,3787,19,2026,1,mia,lv,00-0041529,K.Coleman,target,46,0,0,0,0
2026_01_MIA_LV,3810,20,2026,1,lv,mia,00-0040122,A.Jeanty,carry,53,0,0,0,0
2026_01_MIA_LV,3832,20,2026,1,lv,mia,00-0040122,A.Jeanty,carry,53,0,0,0,0
2026_01_MIA_LV,3861,20,2026,1,lv,mia,00-0040878,M.Washington,carry,56,0,0,0,0
2026_01_MIA_LV,3950,21,2026,1,mia,lv,00-0039040,D.Achane,target,97,0,0,0,0
2026_01_MIA_LV,4097,21,2026,1,mia,lv,00-0039880,M.Washington,target,90,0,0,0,0
2026_01_NE_SEA,64,1,2026,1,sea,ne,00-0041512,J.Price,carry,76,0,0,0,0
2026_01_NE_SEA,86,1,2026,1,sea,ne,00-0038543,J.Smith-Njigba,target,63,0,0,0,0
2026_01_NE_SEA,135,1,2026,1,sea,ne,00-0039299,G.Holani,carry,55,0,0,0,0
2026_01_NE_SEA,157,1,2026,1,sea,ne,00-0037545,R.Shaheed,target,46,0,0,0,0
2026_01_NE_SEA,227,2,2026,1,ne,sea,00-0036875,R.Stevenson,carry,92,0,0,0,0
2026_01_NE_SEA,271,2,2026,1,ne,sea,00-0036875,R.Stevenson,carry,79,0,0,0,0
2026_01_NE_SEA,298,2,2026,1,ne,sea,00-0036875,R.Stevenson,carry,77,0,0,0,0
2026_01_NE_SEA,358,2,2026,1,ne,sea,00-0036875,R.Stevenson,carry,58,0,0,0,0
2026_01_NE_SEA,385,2,2026,1,ne,sea,00-0036875,R.Stevenson,carry,52,0,0,0,0
2026_01_NE_SEA,460,3,2026,1,sea,ne,00-0039299,G.Holani,carry,90,0,0,0,0
2026_01_NE_SEA,482,3,2026,1,sea,ne,00-0041512,J.Price,carry,86,0,0,0,0
2026_01_NE_SEA,505,3,2026,1,sea,ne,00-0038543,J.Smith-Njigba,target,79,0,0,0,0
2026_01_NE_SEA,535,3,2026,1,sea,ne,00-0041512,J.Price,carry,71,0,0,0,0
2026_01_NE_SEA,557,3,2026,1,sea,ne,00-0039299,G.Holani,carry,71,0,0,0,0
2026_01_NE_SEA,613,4,2026,1,ne,sea,00-0033555,M.Hollins,target,80,0,0,0,0
2026_01_NE_SEA,638,4,2026,1,ne,sea,00-0039851,D.Maye,carry,71,0,0,0,0
2026_01_NE_SEA,660,4,2026,1,ne,sea,00-0035676,A.Brown,target,68,0,0,0,0
2026_01_NE_SEA,690,4,2026,1,ne,sea,00-0036875,R.Stevenson,carry,61,0,0,0,0
2026_01_NE_SEA,712,4,2026,1,ne,sea,00-0036875,R.Stevenson,carry,59,0,0,0,0
2026_01_NE_SEA,761,5,2026,1,sea,ne,00-0041512,J.Price,carry,86,0,0,0,0
2026_01_NE_SEA,788,5,2026,1,sea,ne,00-0041512,J.Price,carry,74,0,0,0,0
2026_01_NE_SEA,813,5,2026,1,sea,ne,00-0038797,E.Wilson,carry,72,0,0,0,0
2026_01_NE_SEA,855,5,2026,1,sea,ne,00-0033908,C.Kupp,target,69,0,0,0,0
2026_01_NE_SEA,898,6,2026,1,ne,sea,00-0040556,C.Kiner,carry,77,0,0,0,0
2026_01_NE_SEA,920,6,2026,1,ne,sea,00-0040556,C.Kiner,carry,70,0,0,0,0
2026_01_NE_SEA,942,6,2026,1,ne,sea,00-0038621,D.Douglas,target,71,0,0,0,0
2026_01_NE_SEA,972,6,2026,1,ne,sea,00-0040568,L.Larison,target,66,0,0,0,0
2026_01_NE_SEA,997,6,2026,1,ne,sea,00-0040556,C.Kiner,carry,55,0,0,0,0
2026_01_NE_SEA,1046,6,2026,1,ne,sea,00-0035676,A.Brown,target,49,0,0,0,0
2026_01_NE_SEA,1071,6,2026,1,ne,sea,00-0040556,C.Kiner,carry,44,0,0,0,0
2026_01_NE_SEA,1093,6,2026,1,ne,sea,00-0038621,D.Douglas,target,41,0,0,0,0
2026_01_NE_SEA,1152,6,2026,1,ne,sea,00-0041395,E.Raridon,target,2,1,1,1,1
2026_01_NE_SEA,1225,7,2026,1,sea,ne,00-0038488,B.Russell,target,70,0,0,0,0
2026_01_NE_SEA,1255,7,2026,1,sea,ne,00-0041512,J.Price,carry,63,0,0,0,0
2026_01_NE_SEA,1321,7,2026,1,sea,ne,00-0038543,J.Smith-Njigba,target,67,0,0,0,0
2026_01_NE_SEA,1370,7,2026,1,sea,ne,00-0038543,J.Smith-Njigba,target,67,0,0,0,0
2026_01_NE_SEA,1450,8,2026,1,ne,sea,00-0036875,R.Stevenson,carry,92,0,0,0,0
2026_01_NE_SEA,1479,8,2026,1,ne,sea,00-0033090,H.Henry,target,88,0,0,0,0
2026_01_NE_SEA,1504,8,2026,1,ne,sea,00-0035676,A.Brown,target,85,0,0,0,0
2026_01_NE_SEA,1529,8,2026,1,ne,sea,00-0040556,C.Kiner,carry,71,0,0,0,0
2026_01_NE_SEA,1585,8,2026,1,ne,sea,00-0038621,D.Douglas,target,54,0,0,0,0
2026_01_NE_SEA,1611,8,2026,1,ne,sea,00-0036875,R.Stevenson,target,54,0,0,0,0
2026_01_NE_SEA,1636,8,2026,1,ne,sea,00-0036875,R.Stevenson,carry,49,0,0,0,0
2026_01_NE_SEA,1685,9,2026,1,sea,ne,00-0039299,G.Holani,carry,93,0,0,0,0
2026_01_NE_SEA,1714,9,2026,1,sea,ne,00-0039299,G.Holani,carry,89,0,0,0,0
2026_01_NE_SEA,1755,9,2026,1,sea,ne,00-0038543,J.Smith-Njigba,target,88,0,0,0,0
2026_01_NE_SEA,1780,9,2026,1,sea,ne,00-0039793,A.Barner,target,82,0,0,0,0
2026_01_NE_SEA,1812,9,2026,1,sea,ne,00-0039299,G.Holani,target,78,0,0,0,0
2026_01_NE_SEA,1859,9,2026,1,sea,ne,00-0039299,G.Holani,carry,78,0,0,0,0
2026_01_NE_SEA,1934,10,2026,1,ne,sea,00-0033090,H.Henry,target,71,0,0,0,0
2026_01_NE_SEA,1987,10,2026,1,ne,sea,00-0036875,R.Stevenson,carry,58,0,0,0,0
2026_01_NE_SEA,2009,10,2026,1,ne,sea,00-0035676,A.Brown,target,52,0,0,0,0
2026_01_NE_SEA,2073,10,2026,1,ne,sea,00-0036875,R.Stevenson,carry,37,0,0,0,0
2026_01_NE_SEA,2095,10,2026,1,ne,sea,00-0036875,R.Stevenson,target,37,0,0,0,0
2026_01_NE_SEA,2120,10,2026,1,ne,sea,00-0036875,R.Stevenson,target,37,0,0,0,0
2026_01_NE_SEA,2213,11,2026,1,sea,ne,00-0038488,B.Russell,target,71,0,0,0,0
2026_01_NE_SEA,2238,11,2026,1,sea,ne,00-0041512,J.Price,carry,58,0,0,0,0
2026_01_NE_SEA,2260,11,2026,1,sea,ne,00-0037545,R.Shaheed,target,61,0,0,0,0
2026_01_NE_SEA,2307,11,2026,1,sea,ne,00-0037545,R.Shaheed,target,56,0,0,0,0
2026_01_NE_SEA,2359,12,2026,1,ne,sea,00-0036875,R.Stevenson,carry,94,0,0,0,0
2026_01_NE_SEA,2381,12,2026,1,ne,sea,00-0038621,D.Douglas,target,96,0,0,0,0
2026_01_NE_SEA,2406,12,2026,1,ne,sea,00-0036875,R.Stevenson,target,95,0,0,0,0
2026_01_NE_SEA,2488,13,2026,1,sea,ne,00-0041512,J.Price,target,43,0,0,0,0
2026_01_NE_SEA,2513,13,2026,1,sea,ne,00-0041512,J.Price,target,39,0,0,0,0
2026_01_NE_SEA,2550,13,2026,1,sea,ne,00-0033908,C.Kupp,target,37,0,0,0,0
2026_01_NE_SEA,2575,13,2026,1,sea,ne,00-0039299,G.Holani,carry,13,1,0,0,0
2026_01_NE_SEA,2597,13,2026,1,sea,ne,00-0039299,G.Holani,carry,11,1,0,0,0
2026_01_NE_SEA,2656,13,2026,1,sea,ne,00-0038543,J.Smith-Njigba,target,12,1,0,0,0
2026_01_NE_SEA,2753,14,2026,1,ne,sea,00-0036875,R.Stevenson,target,73,0,0,0,0
2026_01_NE_SEA,2783,14,2026,1,ne,sea,00-0036875,R.Stevenson,carry,56,0,0,0,0
2026_01_NE_SEA,2838,14,2026,1,ne,sea,00-0036875,R.Stevenson,target,65,0,0,0,0
2026_01_NE_SEA,2863,14,2026,1,ne,sea,00-0038621,D.Douglas,target,54,0,0,0,0
2026_01_NE_SEA,2908,14,2026,1,ne,sea,00-0040556,C.Kiner,carry,46,0,0,0,0
2026_01_NE_SEA,2945,14,2026,1,ne,sea,00-0037816,R.Doubs,target,45,0,0,0,0
2026_01_NE_SEA,2972,15,2026,1,sea,ne,00-0038543,J.Smith-Njigba,target,67,0,0,0,0
2026_01_NE_SEA,3002,15,2026,1,sea,ne,00-0041512,J.Price,carry,54,0,0,0,0
2026_01_NE_SEA,3024,15,2026,1,sea,ne,00-0041512,J.Price,carry,49,0,0,0,0
2026_01_NE_SEA,3046,15,2026,1,sea,ne,00-0038797,E.Wilson,carry,45,0,0,0,0
2026_01_NE_SEA,3070,15,2026,1,sea,ne,00-0038543,J.Smith-Njigba,target,45,0,0,0,1
2026_01_NE_SEA,3152,16,2026,1,ne,sea,00-0036875,R.Stevenson,carry,86,0,0,0,0
2026_01_NE_SEA,3174,16,2026,1,ne,sea,00-0036875,R.Stevenson,carry,79,0,0,0,0
2026_01_NE_SEA,3196,16,2026,1,ne,sea,00-0036875,R.Stevenson,carry,74,0,0,0,0
2026_01_NE_SEA,3218,16,2026,1,ne,sea,00-0037816,R.Doubs,target,78,0,0,0,0
2026_01_NE_SEA,3241,16,2026,1,ne,sea,00-0038621,D.Douglas,target,78,0,0,0,0
2026_01_NE_SEA,3273,17,2026,1,sea,ne,00-0041512,J.Price,carry,47,0,0,0,0
2026_01_NE_SEA,3300,17,2026,1,sea,ne,00-0039793,A.Barner,target,43,0,0,0,0
2026_01_NE_SEA,3330,17,2026,1,sea,ne,00-0038543,J.Smith-Njigba,target,34,0,0,0,0
2026_01_NE_SEA,3360,17,2026,1,sea,ne,00-0033908,C.Kupp,target,23,0,0,0,0
2026_01_NE_SEA,3460,17,2026,1,sea,ne,00-0038543,J.Smith-Njigba,target,8,1,1,0,0
2026_01_NE_SEA,3483,17,2026,1,sea,ne,00-0038543,J.Smith-Njigba,target,8,1,1,0,0
2026_01_NE_SEA,3609,18,2026,1,ne,sea,00-0033555,M.Hollins,target,84,0,0,0,0
2026_01_NE_SEA,3634,18,2026,1,ne,sea,00-0037816,R.Doubs,target,65,0,0,0,0
2026_01_NE_SEA,3684,18,2026,1,ne,sea,00-0036875,R.Stevenson,carry,60,0,0,0,0
2026_01_NE_SEA,3740,18,2026,1,ne,sea,00-0040568,L.Larison,target,53,0,0,0,0
2026_01_NE_SEA,3785,18,2026,1,ne,sea,00-0033090,H.Henry,target,57,0,0,0,0
2026_01_NE_SEA,3810,18,2026,1,ne,sea,00-0033555,M.Hollins,target,47,0,0,0,0
2026_01_NE_SEA,3854,18,2026,1,ne,sea,00-0036875,R.Stevenson,carry,36,0,0,0,0
2026_01_NE_SEA,3883,18,2026,1,ne,sea,00-0038621,D.Douglas,target,28,0,0,0,0
2026_01_NE_SEA,3964,18,2026,1,ne,sea,00-0033555,M.Hollins,target,28,0,0,0,0
2026_01_NE_SEA,4006,18,2026,1,ne,sea,00-0033555,M.Hollins,target,16,1,0,0,0
2026_01_NO_DET,66,1,2026,1,det,no,00-0039139,J.Gibbs,carry,82,0,0,0,0
2026_01_NO_DET,88,1,2026,1,det,no,00-0036963,A.St. Brown,target,78,0,0,0,0
2026_01_NO_DET,127,1,2026,1,det,no,00-0039139,J.Gibbs,carry,73,0,0,0,0
2026_01_NO_DET,175,2,2026,1,no,det,00-0036973,T.Etienne,carry,77,0,0,0,0
2026_01_NO_DET,197,2,2026,1,no,det,00-0039424,D.Vele,target,77,0,0,0,0
2026_01_NO_DET,227,2,2026,1,no,det,00-0041326,C.Donaldson,carry,68,0,0,0,0
2026_01_NO_DET,249,2,2026,1,no,det,00-0035644,N.Fant,target,65,0,0,0,0
2026_01_NO_DET,279,2,2026,1,no,det,00-0038551,K.Miller,carry,59,0,0,0,0
2026_01_NO_DET,301,2,2026,1,no,det,00-0035644,N.Fant,target,57,0,0,0,0
2026_01_NO_DET,353,3,2026,1,det,no,00-0039139,J.Gibbs,carry,89,0,0,0,0
2026_01_NO_DET,382,3,2026,1,det,no,00-0039139,J.Gibbs,carry,86,0,0,0,0
2026_01_NO_DET,404,3,2026,1,det,no,00-0039065,S.LaPorta,target,84,0,0,0,0
2026_01_NO_DET,429,3,2026,1,det,no,00-0039139,J.Gibbs,target,76,0,0,0,0
2026_01_NO_DET,454,3,2026,1,det,no,00-0040669,I.TeSlaa,target,65,0,0,0,0
2026_01_NO_DET,501,3,2026,1,det,no,00-0039065,S.LaPorta,target,70,0,0,0,0
2026_01_NO_DET,526,3,2026,1,det,no,00-0039139,J.Gibbs,carry,51,0,0,0,0
2026_01_NO_DET,548,3,2026,1,det,no,00-0039139,J.Gibbs,carry,45,0,0,0,0
2026_01_NO_DET,573,3,2026,1,det,no,00-0039139,J.Gibbs,carry,24,0,0,0,0
2026_01_NO_DET,602,3,2026,1,det,no,00-0039139,J.Gibbs,carry,13,1,0,0,0
2026_01_NO_DET,624,3,2026,1,det,no,00-0036963,A.St. Brown,target,11,1,0,0,0
2026_01_NO_DET,647,3,2026,1,det,no,00-0037240,J.Williams,target,11,1,0,0,0
2026_01_NO_DET,672,3,2026,1,det,no,00-0039139,J.Gibbs,carry,1,1,1,1,1
2026_01_NO_DET,742,4,2026,1,no,det,00-0039424,D.Vele,target,73,0,0,0,0
2026_01_NO_DET,765,4,2026,1,no,det,00-0036973,T.Etienne,carry,73,0,0,0,0
2026_01_NO_DET,787,4,2026,1,no,det,00-0036040,J.Johnson,target,70,0,0,0,0
2026_01_NO_DET,845,5,2026,1,det,no,00-0039364,S.Vaki,carry,74,0,0,0,0
2026_01_NO_DET,876,5,2026,1,det,no,00-0036963,A.St. Brown,target,71,0,0,0,0
2026_01_NO_DET,901,5,2026,1,det,no,00-0037240,J.Williams,target,63,0,0,0,0
2026_01_NO_DET,924,5,2026,1,det,no,00-0039139,J.Gibbs,carry,63,0,0,0,0
2026_01_NO_DET,946,5,2026,1,det,no,00-0036963,A.St. Brown,target,58,0,0,0,0
2026_01_NO_DET,1024,5,2026,1,det,no,00-0039065,S.LaPorta,target,63,0,0,0,0
2026_01_NO_DET,1049,5,2026,1,det,no,00-0037240,J.Williams,target,58,0,0,0,0
2026_01_NO_DET,1072,5,2026,1,det,no,00-0036963,A.St. Brown,target,58,0,0,0,0
2026_01_NO_DET,1115,6,2026,1,no,det,00-0041099,B.Brown,carry,87,0,0,0,0
2026_01_NO_DET,1144,6,2026,1,no,det,00-0037239,C.Olave,target,84,0,0,0,0
2026_01_NO_DET,1169,6,2026,1,no,det,00-0037239,C.Olave,target,62,0,0,0,0
2026_01_NO_DET,1194,6,2026,1,no,det,00-0036973,T.Etienne,target,62,0,0,0,0
2026_01_NO_DET,1249,6,2026,1,no,det,00-0037239,C.Olave,target,62,0,0,0,0
2026_01_NO_DET,1363,7,2026,1,det,no,00-0037240,J.Williams,target,74,0,0,0,0
2026_01_NO_DET,1388,7,2026,1,det,no,00-0039139,J.Gibbs,carry,67,0,0,0,0
2026_01_NO_DET,1412,7,2026,1,det,no,00-0033106,J.Goff,carry,62,0,0,0,0
2026_01_NO_DET,1447,7,2026,1,det,no,00-0036963,A.St. Brown,target,68,0,0,0,0
2026_01_NO_DET,1472,7,2026,1,det,no,00-0039065,S.LaPorta,target,68,0,0,0,0
2026_01_NO_DET,1569,8,2026,1,no,det,00-0036973,T.Etienne,carry,86,0,0,0,0
2026_01_NO_DET,1598,8,2026,1,no,det,00-0039424,D.Vele,target,85,0,0,0,0
2026_01_NO_DET,1621,8,2026,1,no,det,00-0037239,C.Olave,target,85,0,0,0,0
2026_01_NO_DET,1646,8,2026,1,no,det,00-0041326,C.Donaldson,target,74,0,0,0,0
2026_01_NO_DET,1669,8,2026,1,no,det,00-0037239,C.Olave,target,74,0,0,0,0
2026_01_NO_DET,1760,9,2026,1,det,no,00-0039139,J.Gibbs,target,44,0,0,0,0
2026_01_NO_DET,1798,10,2026,1,no,det,00-0038551,K.Miller,carry,60,0,0,0,0
2026_01_NO_DET,1866,10,2026,1,no,det,00-0038551,K.Miller,carry,56,0,0,0,0
2026_01_NO_DET,1888,10,2026,1,no,det,00-0038551,K.Miller,carry,52,0,0,0,0
2026_01_NO_DET,1910,10,2026,1,no,det,00-0040743,T.Shough,carry,44,0,0,0,0
2026_01_NO_DET,1937,10,2026,1,no,det,00-0035644,N.Fant,target,40,0,0,0,0
2026_01_NO_DET,1964,11,2026,1,det,no,00-0039139,J.Gibbs,carry,64,0,0,0,0
2026_01_NO_DET,1988,11,2026,1,det,no,00-0039139,J.Gibbs,carry,62,0,0,0,0
2026_01_NO_DET,2010,11,2026,1,det,no,00-0036963,A.St. Brown,target,65,0,0,0,0
2026_01_NO_DET,2087,12,2026,1,no,det,00-0036973,T.Etienne,carry,86,0,0,0,0
2026_01_NO_DET,2118,12,2026,1,no,det,00-0036973,T.Etienne,target,84,0,0,0,0
2026_01_NO_DET,2143,12,2026,1,no,det,00-0037239,C.Olave,target,81,0,0,0,0
2026_01_NO_DET,2175,12,2026,1,no,det,00-0036973,T.Etienne,target,74,0,0,0,0
2026_01_NO_DET,2198,12,2026,1,no,det,00-0039424,D.Vele,target,74,0,0,0,0
2026_01_NO_DET,2264,12,2026,1,no,det,00-0041067,B.Lance,target,65,0,0,0,0
2026_01_NO_DET,2289,12,2026,1,no,det,00-0041326,C.Donaldson,target,46,0,0,0,0
2026_01_NO_DET,2314,12,2026,1,no,det,00-0039424,D.Vele,target,48,0,0,0,0
2026_01_NO_DET,2393,13,2026,1,det,no,00-0039139,J.Gibbs,target,91,0,0,0,0
2026_01_NO_DET,2423,13,2026,1,det,no,00-0039139,J.Gibbs,carry,91,0,0,0,0
2026_01_NO_DET,2504,14,2026,1,no,det,00-0035644,N.Fant,target,60,0,0,0,0
2026_01_NO_DET,2541,15,2026,1,det,no,00-0039364,S.Vaki,target,41,0,0,0,0
2026_01_NO_DET,2566,15,2026,1,det,no,00-0039139,J.Gibbs,carry,30,0,0,0,0
2026_01_NO_DET,2588,15,2026,1,det,no,00-0039139,J.Gibbs,carry,12,1,0,0,0
2026_01_NO_DET,2610,15,2026,1,det,no,00-0039065,S.LaPorta,target,10,1,1,0,0
2026_01_NO_DET,2640,15,2026,1,det,no,00-0039139,J.Gibbs,carry,3,1,1,1,0
2026_01_NO_DET,2664,15,2026,1,det,no,00-0039065,S.LaPorta,target,1,1,1,1,0
2026_01_NO_DET,2689,15,2026,1,det,no,00-0039139,J.Gibbs,carry,1,1,1,1,1
2026_01_NO_DET,2751,16,2026,1,no,det,00-0038551,K.Miller,carry,65,0,0,0,0
2026_01_NO_DET,2823,17,2026,1,det,no,00-0039065,S.LaPorta,target,25,0,0,0,0
2026_01_NO_DET,2846,17,2026,1,det,no,00-0037240,J.Williams,target,25,0,0,0,0
2026_01_NO_DET,2871,17,2026,1,det,no,00-0036963,A.St. Brown,target,19,1,0,0,1
2026_01_NO_DET,2945,18,2026,1,no,det,00-0037239,C.Olave,target,79,0,0,0,0
2026_01_NO_DET,2970,18,2026,1,no,det,00-0035644,N.Fant,target,32,0,0,0,0
2026_01_NO_DET,3000,18,2026,1,no,det,00-0036973,T.Etienne,carry,23,0,0,0,0
2026_01_NO_DET,3044,18,2026,1,no,det,00-0036040,J.Johnson,target,20,1,0,0,0
2026_01_NO_DET,3067,18,2026,1,no,det,00-0036973,T.Etienne,carry,20,1,0,0,0
2026_01_NO_DET,3089,18,2026,1,no,det,00-0036973,T.Etienne,target,13,1,0,0,0
2026_01_NO_DET,3114,18,2026,1,no,det,00-0038551,K.Miller,carry,7,1,1,0,0
2026_01_NO_DET,3136,18,2026,1,no,det,00-0038551,K.Miller,carry,8,1,1,0,1
2026_01_NO_DET,3198,19,2026,1,det,no,00-0036963,A.St. Brown,target,80,0,0,0,0
2026_01_NO_DET,3221,19,2026,1,det,no,00-0036754,B.Wright,target,80,0,0,0,0
2026_01_NO_DET,3246,19,2026,1,det,no,00-0037240,J.Williams,target,75,0,0,0,0
2026_01_NO_DET,3295,20,2026,1,no,det,00-0036973,T.Etienne,target,54,0,0,0,0
2026_01_NO_DET,3327,20,2026,1,no,det,00-0037239,C.Olave,target,54,0,0,0,0
2026_01_NO_DET,3352,20,2026,1,no,det,00-0036973,T.Etienne,target,43,0,0,0,0
2026_01_NO_DET,3382,20,2026,1,no,det,00-0036973,T.Etienne,target,39,0,0,0,0
2026_01_NO_DET,3407,20,2026,1,no,det,00-0038551,K.Miller,carry,23,0,0,0,0
2026_01_NO_DET,3429,20,2026,1,no,det,00-0041067,B.Lance,target,22,0,0,0,0
2026_01_NO_DET,3486,20,2026,1,no,det,00-0039424,D.Vele,target,1,1,1,1,1
2026_01_NO_DET,3550,21,2026,1,det,no,00-0039139,J.Gibbs,carry,73,0,0,0,0
2026_01_NO_DET,3592,21,2026,1,det,no,00-0039139,J.Gibbs,carry,67,0,0,0,0
2026_01_NO_DET,3614,21,2026,1,det,no,00-0039139,J.Gibbs,carry,62,0,0,0,0
2026_01_NO_DET,3636,21,2026,1,det,no,00-0036963,A.St. Brown,target,61,0,0,0,0
2026_01_NO_DET,3661,21,2026,1,det,no,00-0036963,A.St. Brown,target,55,0,0,0,0
2026_01_NO_DET,3704,22,2026,1,no,det,00-0036973,T.Etienne,carry,76,0,0,0,0
2026_01_NO_DET,3726,22,2026,1,no,det,00-0036973,T.Etienne,target,62,0,0,0,0
2026_01_NO_DET,3751,22,2026,1,no,det,00-0039424,D.Vele,target,60,0,0,0,0
2026_01_NO_DET,3776,22,2026,1,no,det,00-0041326,C.Donaldson,carry,53,0,0,0,0
2026_01_NO_DET,3798,22,2026,1,no,det,00-0035644,N.Fant,target,52,0,0,0,0
2026_01_NO_DET,3821,22,2026,1,no,det,00-0037239,C.Olave,target,52,0,0,0,0
2026_01_NO_DET,3846,22,2026,1,no,det,00-0039424,D.Vele,target,47,0,0,0,0
2026_01_NO_DET,3929,22,2026,1,no,det,00-0037239,C.Olave,target,20,1,0,0,0
2026_01_NO_DET,3954,22,2026,1,no,det,00-0036973,T.Etienne,target,11,1,0,0,0
2026_01_NO_DET,4045,23,2026,1,det,no,00-0039139,J.Gibbs,carry,50,0,0,0,0
2026_01_NO_DET,4072,23,2026,1,det,no,00-0039139,J.Gibbs,target,35,0,0,0,0
2026_01_NO_DET,4113,23,2026,1,det,no,00-0039139,J.Gibbs,carry,13,1,0,0,0
2026_01_NO_DET,4135,23,2026,1,det,no,00-0039139,J.Gibbs,carry,5,1,1,1,0
2026_01_NO_DET,4255,23,2026,1,det,no,00-0039364,S.Vaki,carry,13,1,0,0,0
2026_01_NO_DET,4279,23,2026,1,det,no,00-0036963,A.St. Brown,target,9,1,1,0,0
2026_01_NO_DET,4347,24,2026,1,no,det,00-0037239,C.Olave,target,75,0,0,0,0
2026_01_NO_DET,4397,24,2026,1,no,det,00-0036040,J.Johnson,target,77,0,0,0,0
2026_01_NO_DET,4427,24,2026,1,no,det,00-0041067,B.Lance,target,77,0,0,0,0
2026_01_NO_DET,4452,24,2026,1,no,det,00-0039424,D.Vele,target,62,0,0,0,0
2026_01_NO_DET,4507,24,2026,1,no,det,00-0037239,C.Olave,target,51,0,0,0,0
2026_01_NO_DET,4544,24,2026,1,no,det,00-0036040,J.Johnson,target,9,1,1,0,1
2026_01_NO_DET,4639,25,2026,1,det,no,00-0036963,A.St. Brown,target,63,0,0,0,0
2026_01_NO_DET,4664,25,2026,1,det,no,00-0037240,J.Williams,target,56,0,0,0,0
2026_01_NO_DET,4705,26,2026,1,no,det,00-0036973,T.Etienne,carry,80,0,0,0,0
2026_01_NO_DET,4727,26,2026,1,no,det,00-0036040,J.Johnson,target,62,0,0,0,0
2026_01_NO_DET,4879,27,2026,1,det,no,00-0039065,S.LaPorta,target,70,0,0,0,0
2026_01_NO_DET,4904,27,2026,1,det,no,00-0039139,J.Gibbs,carry,61,0,0,0,0
2026_01_NO_DET,4926,27,2026,1,det,no,00-0039139,J.Gibbs,target,50,0,0,0,0
2026_01_NO_DET,4951,27,2026,1,det,no,00-0039139,J.Gibbs,carry,43,0,0,0,0
2026_01_NO_DET,4973,27,2026,1,det,no,00-0037240,J.Williams,target,36,0,0,0,0
2026_01_NO_DET,4996,27,2026,1,det,no,00-0039139,J.Gibbs,carry,36,0,0,0,0
2026_01_NO_DET,5018,27,2026,1,det,no,00-0039139,J.Gibbs,carry,26,0,0,0,0
2026_01_NO_DET,5045,27,2026,1,det,no,00-0037240,J.Williams,target,27,0,0,0,0
2026_01_NO_DET,5075,27,2026,1,det,no,00-0039139,J.Gibbs,carry,5,1,1,1,0
2026_01_NO_DET,5097,27,2026,1,det,no,00-0036963,A.St. Brown,target,4,1,1,1,1
2026_01_NO_DET,5184,28,2026,1,no,det,00-0041067,B.Lance,target,82,0,0,0,0
2026_01_NO_DET,5212,28,2026,1,no,det,00-0040743,T.Shough,carry,74,0,0,0,0
2026_01_NO_DET,5239,28,2026,1,no,det,00-0037239,C.Olave,target,73,0,0,0,0
2026_01_NO_DET,5270,28,2026,1,no,det,00-0036973,T.Etienne,carry,53,0,0,0,0
2026_01_NO_DET,5292,28,2026,1,no,det,00-0035644,N.Fant,target,52,0,0,0,0
2026_01_NO_DET,5325,28,2026,1,no,det,00-0038551,K.Miller,carry,42,0,0,0,0
2026_01_NO_DET,5377,28,2026,1,no,det,00-0036040,J.Johnson,target,35,0,0,0,0
2026_01_NO_DET,5419,28,2026,1,no,det,00-0036040,J.Johnson,target,8,1,1,0,0
2026_01_NO_DET,5442,28,2026,1,no,det,00-0035644,N.Fant,target,8,1,1,0,1
2026_01_NYJ_TEN,67,1,2026,1,nyj,ten,00-0038120,B.Hall,carry,60,0,0,0,0
2026_01_NYJ_TEN,123,1,2026,1,nyj,ten,00-0041032,K.Sadiq,target,46,0,0,0,0
2026_01_NYJ_TEN,148,1,2026,1,nyj,ten,00-0038120,B.Hall,carry,39,0,0,0,0
2026_01_NYJ_TEN,170,1,2026,1,nyj,ten,00-0037740,G.Wilson,target,35,0,0,0,0
2026_01_NYJ_TEN,229,1,2026,1,nyj,ten,00-0038120,B.Hall,carry,40,0,0,0,0
2026_01_NYJ_TEN,251,1,2026,1,nyj,ten,00-0041511,O.Cooper,target,34,0,0,0,0
2026_01_NYJ_TEN,276,1,2026,1,nyj,ten,00-0038120,B.Hall,carry,4,1,1,1,0
2026_01_NYJ_TEN,298,1,2026,1,nyj,ten,00-0041032,K.Sadiq,carry,3,1,1,1,1
2026_01_NYJ_TEN,367,2,2026,1,ten,nyj,00-0035261,T.Pollard,carry,65,0,0,0,0
2026_01_NYJ_TEN,389,2,2026,1,ten,nyj,00-0035261,T.Pollard,carry,63,0,0,0,0
2026_01_NYJ_TEN,438,2,2026,1,ten,nyj,00-0040705,C.Dike,target,54,0,0,0,0
2026_01_NYJ_TEN,468,2,2026,1,ten,nyj,00-0038117,W.Robinson,target,47,0,0,0,0
2026_01_NYJ_TEN,513,2,2026,1,ten,nyj,00-0035261,T.Pollard,carry,42,0,0,0,0
2026_01_NYJ_TEN,583,2,2026,1,ten,nyj,00-0041438,C.Tate,target,47,0,0,0,0
2026_01_NYJ_TEN,666,2,2026,1,ten,nyj,00-0035261,T.Pollard,target,31,0,0,0,0
2026_01_NYJ_TEN,694,2,2026,1,ten,nyj,00-0038115,D.Bellinger,target,31,0,0,0,0
2026_01_NYJ_TEN,790,3,2026,1,nyj,ten,00-0040736,M.Taylor,target,80,0,0,0,0
2026_01_NYJ_TEN,886,3,2026,1,nyj,ten,00-0037740,G.Wilson,target,80,0,0,0,0
2026_01_NYJ_TEN,918,3,2026,1,nyj,ten,00-0030565,G.Smith,carry,76,0,0,0,0
2026_01_NYJ_TEN,974,4,2026,1,ten,nyj,00-0039032,T.Spears,carry,63,0,0,0,0
2026_01_NYJ_TEN,1029,4,2026,1,ten,nyj,00-0040584,G.Helm,target,62,0,0,0,0
2026_01_NYJ_TEN,1074,5,2026,1,nyj,ten,00-0038120,B.Hall,carry,88,0,0,0,0
2026_01_NYJ_TEN,1096,5,2026,1,nyj,ten,00-0038120,B.Hall,carry,83,0,0,0,0
2026_01_NYJ_TEN,1118,5,2026,1,nyj,ten,00-0038120,B.Hall,carry,79,0,0,0,0
2026_01_NYJ_TEN,1160,5,2026,1,nyj,ten,00-0039794,B.Allen,carry,76,0,0,0,0
2026_01_NYJ_TEN,1182,5,2026,1,nyj,ten,00-0039794,B.Allen,carry,69,0,0,0,0
2026_01_NYJ_TEN,1204,5,2026,1,nyj,ten,00-0039794,B.Allen,carry,60,0,0,0,0
2026_01_NYJ_TEN,1226,5,2026,1,nyj,ten,00-0039794,B.Allen,carry,52,0,0,0,0
2026_01_NYJ_TEN,1248,5,2026,1,nyj,ten,00-0038120,B.Hall,carry,48,0,0,0,0
2026_01_NYJ_TEN,1270,5,2026,1,nyj,ten,00-0038120,B.Hall,carry,48,0,0,0,0
2026_01_NYJ_TEN,1319,5,2026,1,nyj,ten,00-0037740,G.Wilson,target,40,0,0,0,0
2026_01_NYJ_TEN,1351,5,2026,1,nyj,ten,00-0038120,B.Hall,target,31,0,0,0,0
2026_01_NYJ_TEN,1376,5,2026,1,nyj,ten,00-0038120,B.Hall,carry,23,0,0,0,0
2026_01_NYJ_TEN,1398,5,2026,1,nyj,ten,00-0039794,B.Allen,carry,22,0,0,0,0
2026_01_NYJ_TEN,1420,5,2026,1,nyj,ten,00-0039794,B.Allen,carry,22,0,0,0,0
2026_01_NYJ_TEN,1442,5,2026,1,nyj,ten,00-0038120,B.Hall,carry,19,1,0,0,0
2026_01_NYJ_TEN,1464,5,2026,1,nyj,ten,00-0038120,B.Hall,carry,15,1,0,0,0
2026_01_NYJ_TEN,1510,5,2026,1,nyj,ten,00-0039794,B.Allen,target,14,1,0,0,0
2026_01_NYJ_TEN,1599,7,2026,1,nyj,ten,00-0038120,B.Hall,carry,38,0,0,0,0
2026_01_NYJ_TEN,1621,7,2026,1,nyj,ten,00-0040736,M.Taylor,target,35,0,0,0,0
2026_01_NYJ_TEN,1649,7,2026,1,nyj,ten,00-0037740,G.Wilson,target,43,0,0,0,0
2026_01_NYJ_TEN,1695,8,2026,1,ten,nyj,00-0035261,T.Pollard,carry,56,0,0,0,0
2026_01_NYJ_TEN,1724,8,2026,1,ten,nyj,00-0038117,W.Robinson,target,54,0,0,0,0
2026_01_NYJ_TEN,1766,8,2026,1,ten,nyj,00-0041438,C.Tate,target,49,0,0,0,0
2026_01_NYJ_TEN,1807,9,2026,1,nyj,ten,00-0040736,M.Taylor,target,80,0,0,0,0
2026_01_NYJ_TEN,1837,9,2026,1,nyj,ten,00-0039451,I.Williams,target,74,0,0,0,0
2026_01_NYJ_TEN,1892,9,2026,1,nyj,ten,00-0039890,A.Mitchell,target,67,0,0,0,0
2026_01_NYJ_TEN,1922,9,2026,1,nyj,ten,00-0039890,A.Mitchell,target,49,0,0,0,0
2026_01_NYJ_TEN,2071,10,2026,1,ten,nyj,00-0041438,C.Tate,target,65,0,0,0,0
2026_01_NYJ_TEN,2111,10,2026,1,ten,nyj,00-0038117,W.Robinson,target,60,0,0,0,0
2026_01_NYJ_TEN,2136,10,2026,1,ten,nyj,00-0041438,C.Tate,target,51,0,0,0,0
2026_01_NYJ_TEN,2166,10,2026,1,ten,nyj,00-0035261,T.Pollard,target,44,0,0,0,0
2026_01_NYJ_TEN,2191,10,2026,1,ten,nyj,00-0040170,E.Ayomanor,target,45,0,0,0,0
2026_01_NYJ_TEN,2232,11,2026,1,nyj,ten,00-0038120,B.Hall,target,80,0,0,0,0
2026_01_NYJ_TEN,2264,11,2026,1,nyj,ten,00-0037740,G.Wilson,target,72,0,0,0,0
2026_01_NYJ_TEN,2327,11,2026,1,nyj,ten,00-0039890,A.Mitchell,target,51,0,0,0,0
2026_01_NYJ_TEN,2374,11,2026,1,nyj,ten,00-0038120,B.Hall,carry,4,1,1,1,1
2026_01_NYJ_TEN,2516,12,2026,1,ten,nyj,00-0039032,T.Spears,target,61,0,0,0,0
2026_01_NYJ_TEN,2565,13,2026,1,nyj,ten,00-0038120,B.Hall,carry,78,0,0,0,0
2026_01_NYJ_TEN,2599,13,2026,1,nyj,ten,00-0038120,B.Hall,carry,66,0,0,0,0
2026_01_NYJ_TEN,2621,13,2026,1,nyj,ten,00-0037740,G.Wilson,target,54,0,0,0,0
2026_01_NYJ_TEN,2687,13,2026,1,nyj,ten,00-0040582,A.Smith,target,37,0,0,0,0
2026_01_NYJ_TEN,2710,13,2026,1,nyj,ten,00-0041032,K.Sadiq,target,37,0,0,0,0
2026_01_NYJ_TEN,2735,13,2026,1,nyj,ten,00-0037740,G.Wilson,target,29,0,0,0,0
2026_01_NYJ_TEN,2859,14,2026,1,ten,nyj,00-0035261,T.Pollard,carry,73,0,0,0,0
2026_01_NYJ_TEN,2904,14,2026,1,ten,nyj,00-0038117,W.Robinson,target,67,0,0,0,0
2026_01_NYJ_TEN,2929,14,2026,1,ten,nyj,00-0035261,T.Pollard,carry,57,0,0,0,0
2026_01_NYJ_TEN,2956,14,2026,1,ten,nyj,00-0035261,T.Pollard,carry,44,0,0,0,0
2026_01_NYJ_TEN,2978,14,2026,1,ten,nyj,00-0039032,T.Spears,target,42,0,0,0,0
2026_01_NYJ_TEN,3046,15,2026,1,nyj,ten,00-0037805,J.Ruckert,target,80,0,0,0,0
2026_01_NYJ_TEN,3071,15,2026,1,nyj,ten,00-0038120,B.Hall,carry,76,0,0,0,0
2026_01_NYJ_TEN,3113,15,2026,1,nyj,ten,00-0038120,B.Hall,carry,73,0,0,0,0
2026_01_NYJ_TEN,3161,16,2026,1,ten,nyj,00-0039032,T.Spears,carry,84,0,0,0,0
2026_01_NYJ_TEN,3227,16,2026,1,ten,nyj,00-0040584,G.Helm,target,99,0,0,0,0
2026_01_NYJ_TEN,3271,17,2026,1,nyj,ten,00-0039794,B.Allen,carry,50,0,0,0,0
2026_01_NYJ_TEN,3300,17,2026,1,nyj,ten,00-0039794,B.Allen,carry,46,0,0,0,0
2026_01_NYJ_TEN,3322,17,2026,1,nyj,ten,00-0041032,K.Sadiq,target,47,0,0,0,0
2026_01_NYJ_TEN,3434,18,2026,1,ten,nyj,00-0038117,W.Robinson,target,93,0,0,0,0
2026_01_NYJ_TEN,3459,18,2026,1,ten,nyj,00-0040584,G.Helm,target,87,0,0,0,0
2026_01_NYJ_TEN,3484,18,2026,1,ten,nyj,00-0041438,C.Tate,target,82,0,0,0,0
2026_01_NYJ_TEN,3556,19,2026,1,nyj,ten,00-0038120,B.Hall,carry,53,0,0,0,0
2026_01_NYJ_TEN,3583,19,2026,1,nyj,ten,00-0038120,B.Hall,carry,40,0,0,0,0
2026_01_NYJ_TEN,3615,19,2026,1,nyj,ten,00-0039794,B.Allen,carry,40,0,0,0,0
2026_01_NYJ_TEN,3637,19,2026,1,nyj,ten,00-0039794,B.Allen,carry,38,0,0,0,0
2026_01_NYJ_TEN,3712,20,2026,1,ten,nyj,00-0038117,W.Robinson,target,65,0,0,0,0
2026_01_NYJ_TEN,3737,20,2026,1,ten,nyj,00-0041438,C.Tate,target,57,0,0,0,0
2026_01_NYJ_TEN,3762,20,2026,1,ten,nyj,00-0039032,T.Spears,target,43,0,0,0,0
2026_01_NYJ_TEN,3787,20,2026,1,ten,nyj,00-0040584,G.Helm,target,39,0,0,0,0
2026_01_NYJ_TEN,3817,20,2026,1,ten,nyj,00-0039032,T.Spears,target,29,0,0,0,0
2026_01_NYJ_TEN,3842,20,2026,1,ten,nyj,00-0039032,T.Spears,carry,21,0,0,0,0
2026_01_NYJ_TEN,3864,20,2026,1,ten,nyj,00-0040170,E.Ayomanor,target,11,1,0,0,0
2026_01_NYJ_TEN,3887,20,2026,1,ten,nyj,00-0040584,G.Helm,target,11,1,0,0,0
2026_01_NYJ_TEN,3910,20,2026,1,ten,nyj,00-0040170,E.Ayomanor,target,11,1,0,0,1
2026_01_NYJ_TEN,3974,21,2026,1,nyj,ten,00-0038120,B.Hall,carry,46,0,0,0,0
2026_01_NYJ_TEN,3996,21,2026,1,nyj,ten,00-0038120,B.Hall,carry,41,0,0,0,0
2026_01_SF_LA,63,1,2026,1,lar,sf,00-0039075,P.Nacua,target,83,0,0,0,0
2026_01_SF_LA,86,1,2026,1,lar,sf,00-0037840,K.Williams,carry,83,0,0,0,0
2026_01_SF_LA,108,1,2026,1,lar,sf,00-0039075,P.Nacua,target,78,0,0,0,0
2026_01_SF_LA,164,2,2026,1,sf,lar,00-0033280,C.McCaffrey,carry,67,0,0,0,0
2026_01_SF_LA,186,2,2026,1,sf,lar,00-0033288,G.Kittle,target,61,0,0,0,0
2026_01_SF_LA,221,2,2026,1,sf,lar,00-0031408,M.Evans,target,61,0,0,0,0
2026_01_SF_LA,246,2,2026,1,sf,lar,00-0033288,G.Kittle,target,54,0,0,0,0
2026_01_SF_LA,271,2,2026,1,sf,lar,00-0035719,D.Samuel,target,48,0,0,0,0
2026_01_SF_LA,305,2,2026,1,sf,lar,00-0041052,K.Black,carry,39,0,0,0,0
2026_01_SF_LA,327,2,2026,1,sf,lar,00-0041052,K.Black,target,38,0,0,0,0
2026_01_SF_LA,352,2,2026,1,sf,lar,00-0031408,M.Evans,target,33,0,0,0,0
2026_01_SF_LA,377,2,2026,1,sf,lar,00-0033288,G.Kittle,target,26,0,0,0,0
2026_01_SF_LA,400,2,2026,1,sf,lar,00-0033280,C.McCaffrey,target,26,0,0,0,0
2026_01_SF_LA,425,2,2026,1,sf,lar,00-0031408,M.Evans,target,18,1,0,0,0
2026_01_SF_LA,450,2,2026,1,sf,lar,00-0035719,D.Samuel,target,10,1,1,0,0
2026_01_SF_LA,475,2,2026,1,sf,lar,00-0033288,G.Kittle,target,8,1,1,0,0
2026_01_SF_LA,500,2,2026,1,sf,lar,00-0032775,D.Robinson,target,2,1,1,1,0
2026_01_SF_LA,573,3,2026,1,lar,sf,00-0039738,B.Corum,carry,75,0,0,0,0
2026_01_SF_LA,595,3,2026,1,lar,sf,00-0039738,B.Corum,carry,66,0,0,0,0
2026_01_SF_LA,617,3,2026,1,lar,sf,00-0037840,K.Williams,carry,67,0,0,0,0
2026_01_SF_LA,640,3,2026,1,lar,sf,00-0039075,P.Nacua,target,64,0,0,0,0
2026_01_SF_LA,663,3,2026,1,lar,sf,00-0037840,K.Williams,target,64,0,0,0,0
2026_01_SF_LA,688,3,2026,1,lar,sf,00-0031381,D.Adams,target,60,0,0,0,0
2026_01_SF_LA,731,4,2026,1,sf,lar,00-0036887,L.Farrell,target,83,0,0,0,0
2026_01_SF_LA,763,4,2026,1,sf,lar,00-0041052,K.Black,carry,78,0,0,0,0
2026_01_SF_LA,785,4,2026,1,sf,lar,00-0033280,C.McCaffrey,target,75,0,0,0,0
2026_01_SF_LA,834,5,2026,1,lar,sf,00-0037840,K.Williams,carry,57,0,0,0,0
2026_01_SF_LA,863,5,2026,1,lar,sf,00-0039075,P.Nacua,target,49,0,0,0,0
2026_01_SF_LA,888,5,2026,1,lar,sf,00-0037840,K.Williams,carry,8,1,1,0,0
2026_01_SF_LA,930,5,2026,1,lar,sf,00-0037840,K.Williams,carry,5,1,1,1,1
2026_01_SF_LA,1003,6,2026,1,sf,lar,00-0035719,D.Samuel,target,69,0,0,0,0
2026_01_SF_LA,1026,6,2026,1,sf,lar,00-0031408,M.Evans,target,69,0,0,0,0
2026_01_SF_LA,1051,6,2026,1,sf,lar,00-0033280,C.McCaffrey,carry,57,0,0,0,0
2026_01_SF_LA,1073,6,2026,1,sf,lar,00-0033280,C.McCaffrey,target,53,0,0,0,0
2026_01_SF_LA,1101,6,2026,1,sf,lar,00-0037834,B.Purdy,carry,48,0,0,0,0
2026_01_SF_LA,1130,6,2026,1,sf,lar,00-0033288,G.Kittle,target,46,0,0,0,0
2026_01_SF_LA,1157,7,2026,1,lar,sf,00-0039738,B.Corum,carry,69,0,0,0,0
2026_01_SF_LA,1186,7,2026,1,lar,sf,00-0039738,B.Corum,carry,64,0,0,0,0
2026_01_SF_LA,1208,7,2026,1,lar,sf,00-0039738,B.Corum,carry,54,0,0,0,0
2026_01_SF_LA,1230,7,2026,1,lar,sf,00-0039738,B.Corum,carry,48,0,0,0,0
2026_01_SF_LA,1252,7,2026,1,lar,sf,00-0037840,K.Williams,carry,35,0,0,0,0
2026_01_SF_LA,1297,7,2026,1,lar,sf,00-0039075,P.Nacua,target,35,0,0,0,0
2026_01_SF_LA,1334,8,2026,1,sf,lar,00-0041052,K.Black,carry,86,0,0,0,0
2026_01_SF_LA,1363,8,2026,1,sf,lar,00-0041052,K.Black,carry,81,0,0,0,0
2026_01_SF_LA,1385,8,2026,1,sf,lar,00-0032701,J.Brendel,target,72,0,0,0,0
2026_01_SF_LA,1413,8,2026,1,sf,lar,00-0033280,C.McCaffrey,target,70,0,0,0,0
2026_01_SF_LA,1443,8,2026,1,sf,lar,00-0031408,M.Evans,target,70,0,0,0,0
2026_01_SF_LA,1468,8,2026,1,sf,lar,00-0041052,K.Black,carry,57,0,0,0,0
2026_01_SF_LA,1495,8,2026,1,sf,lar,00-0041052,K.Black,carry,48,0,0,0,0
2026_01_SF_LA,1517,8,2026,1,sf,lar,00-0041052,K.Black,carry,43,0,0,0,0
2026_01_SF_LA,1539,8,2026,1,sf,lar,00-0032775,D.Robinson,target,39,0,0,0,1
2026_01_SF_LA,1606,9,2026,1,lar,sf,00-0037840,K.Williams,target,65,0,0,0,0
2026_01_SF_LA,1631,9,2026,1,lar,sf,00-0037840,K.Williams,carry,49,0,0,0,0
2026_01_SF_LA,1687,9,2026,1,lar,sf,00-0036244,C.Parkinson,target,52,0,0,0,0
2026_01_SF_LA,1710,9,2026,1,lar,sf,00-0031381,D.Adams,target,52,0,0,0,0
2026_01_SF_LA,1759,10,2026,1,sf,lar,00-0035719,D.Samuel,carry,92,0,0,0,0
2026_01_SF_LA,1784,10,2026,1,sf,lar,00-0033280,C.McCaffrey,carry,80,0,0,0,0
2026_01_SF_LA,1847,10,2026,1,sf,lar,00-0033280,C.McCaffrey,target,58,0,0,0,0
2026_01_SF_LA,1872,10,2026,1,sf,lar,00-0033280,C.McCaffrey,target,59,0,0,0,0
2026_01_SF_LA,1897,10,2026,1,sf,lar,00-0031408,M.Evans,target,51,0,0,0,0
2026_01_SF_LA,2015,12,2026,1,sf,lar,00-0033280,C.McCaffrey,carry,51,0,0,0,0
2026_01_SF_LA,2042,12,2026,1,sf,lar,00-0033280,C.McCaffrey,carry,37,0,0,0,0
2026_01_SF_LA,2064,12,2026,1,sf,lar,00-0041052,K.Black,carry,21,0,0,0,0
2026_01_SF_LA,2086,12,2026,1,sf,lar,00-0032775,D.Robinson,target,17,1,0,0,0
2026_01_SF_LA,2116,12,2026,1,sf,lar,00-0033280,C.McCaffrey,carry,6,1,1,0,0
2026_01_SF_LA,2138,12,2026,1,sf,lar,00-0035719,D.Samuel,target,5,1,1,1,0
2026_01_SF_LA,2170,12,2026,1,sf,lar,00-0031408,M.Evans,target,2,1,1,1,1
2026_01_SF_LA,2241,13,2026,1,lar,sf,00-0039738,B.Corum,carry,73,0,0,0,0
2026_01_SF_LA,2297,13,2026,1,lar,sf,00-0039738,B.Corum,carry,69,0,0,0,0
2026_01_SF_LA,2319,13,2026,1,lar,sf,00-0039738,B.Corum,carry,61,0,0,0,0
2026_01_SF_LA,2341,13,2026,1,lar,sf,00-0039074,D.Allen,target,60,0,0,0,0
2026_01_SF_LA,2371,13,2026,1,lar,sf,00-0037840,K.Williams,carry,47,0,0,0,0
2026_01_SF_LA,2413,13,2026,1,lar,sf,00-0039075,P.Nacua,target,42,0,0,0,0
2026_01_SF_LA,2462,13,2026,1,lar,sf,00-0031381,D.Adams,target,24,0,0,0,0
2026_01_SF_LA,2487,13,2026,1,lar,sf,00-0037840,K.Williams,carry,11,1,0,0,0
2026_01_SF_LA,2509,13,2026,1,lar,sf,00-0036244,C.Parkinson,target,9,1,1,0,0
2026_01_SF_LA,2539,13,2026,1,lar,sf,00-0037840,K.Williams,carry,3,1,1,1,0
2026_01_SF_LA,2561,13,2026,1,lar,sf,00-0039075,P.Nacua,target,2,1,1,1,0
2026_01_SF_LA,2586,13,2026,1,lar,sf,00-0026498,M.Stafford,carry,1,1,1,1,0
2026_01_SF_LA,2608,14,2026,1,sf,lar,00-0037834,B.Purdy,carry,99,0,0,0,0
2026_01_SF_LA,2676,14,2026,1,sf,lar,00-0036887,L.Farrell,target,99,0,0,0,0
2026_01_SF_LA,2711,14,2026,1,sf,lar,00-0033280,C.McCaffrey,carry,85,0,0,0,0
2026_01_SF_LA,2733,14,2026,1,sf,lar,00-0035719,D.Samuel,target,76,0,0,0,0
2026_01_SF_LA,2763,14,2026,1,sf,lar,00-0041052,K.Black,carry,63,0,0,0,0
2026_01_SF_LA,2790,14,2026,1,sf,lar,00-0041052,K.Black,carry,49,0,0,0,0
2026_01_SF_LA,2854,14,2026,1,sf,lar,00-0035719,D.Samuel,target,31,0,0,0,0
2026_01_SF_LA,2906,14,2026,1,sf,lar,00-0033280,C.McCaffrey,carry,17,1,0,0,0
2026_01_SF_LA,2928,14,2026,1,sf,lar,00-0035719,D.Samuel,target,15,1,0,0,1
2026_01_SF_LA,3004,15,2026,1,lar,sf,00-0031381,D.Adams,target,77,0,0,0,0
2026_01_SF_LA,3073,15,2026,1,lar,sf,00-0037840,K.Williams,carry,87,0,0,0,0
2026_01_SF_LA,3129,15,2026,1,lar,sf,00-0033110,T.Higbee,target,69,0,0,0,0
2026_01_SF_LA,3154,15,2026,1,lar,sf,00-0033110,T.Higbee,target,61,0,0,0,0
2026_01_SF_LA,3207,16,2026,1,sf,lar,00-0041052,K.Black,carry,43,0,0,0,0
2026_01_SF_LA,3236,16,2026,1,sf,lar,00-0041052,K.Black,carry,39,0,0,0,0
2026_01_SF_LA,3258,16,2026,1,sf,lar,00-0033280,C.McCaffrey,target,38,0,0,0,0
2026_01_SF_LA,3331,17,2026,1,lar,sf,00-0037840,K.Williams,target,68,0,0,0,0
2026_01_SF_LA,3356,17,2026,1,lar,sf,00-0031381,D.Adams,target,64,0,0,0,0
2026_01_SF_LA,3381,17,2026,1,lar,sf,00-0039075,P.Nacua,target,54,0,0,0,0
2026_01_SF_LA,3404,17,2026,1,lar,sf,00-0031381,D.Adams,target,54,0,0,0,0
2026_01_SF_LA,3427,17,2026,1,lar,sf,00-0039075,P.Nacua,target,54,0,0,0,0
2026_01_SF_LA,3452,17,2026,1,lar,sf,00-0040737,T.Ferguson,target,49,0,0,0,0
2026_01_SF_LA,3475,18,2026,1,sf,lar,00-0033280,C.McCaffrey,carry,50,0,0,0,0
2026_01_SF_LA,3504,18,2026,1,sf,lar,00-0033280,C.McCaffrey,carry,43,0,0,0,0
2026_01_SF_LA,3526,18,2026,1,sf,lar,00-0037834,B.Purdy,carry,41,0,0,0,0
2026_01_SF_LA,3548,18,2026,1,sf,lar,00-0041052,K.Black,carry,40,0,0,0,0
2026_01_SF_LA,3570,18,2026,1,sf,lar,00-0041052,K.Black,carry,38,0,0,0,0
2026_01_SF_LA,3592,18,2026,1,sf,lar,00-0033280,C.McCaffrey,target,34,0,0,0,0
2026_01_SF_LA,3655,19,2026,1,lar,sf,00-0039738,B.Corum,carry,58,0,0,0,0
2026_01_SF_LA,3710,19,2026,1,lar,sf,00-0037557,R.Rivers,carry,45,0,0,0,0
2026_01_SF_LA,3732,19,2026,1,lar,sf,00-0040590,K.Mumpfield,target,38,0,0,0,0
2026_01_SF_LA,3758,19,2026,1,lar,sf,00-0037557,R.Rivers,carry,38,0,0,0,0
2026_01_SF_LA,3780,19,2026,1,lar,sf,00-0037557,R.Rivers,carry,37,0,0,0,0
2026_01_SF_LA,3809,19,2026,1,lar,sf,00-0039751,J.Whittington,target,32,0,0,0,0
2026_01_SF_LA,3837,19,2026,1,lar,sf,00-0037557,R.Rivers,target,24,0,0,0,0
2026_01_SF_LA,3862,19,2026,1,lar,sf,00-0037557,R.Rivers,carry,19,1,0,0,0
2026_01_SF_LA,3894,19,2026,1,lar,sf,00-0037557,R.Rivers,carry,15,1,0,0,0
2026_01_TB_CIN,68,1,2026,1,tb,cin,00-0039361,B.Irving,carry,72,0,0,0,0
2026_01_TB_CIN,90,1,2026,1,tb,cin,00-0040129,E.Egbuka,target,63,0,0,0,0
2026_01_TB_CIN,113,1,2026,1,tb,cin,00-0040129,E.Egbuka,target,63,0,0,0,0
2026_01_TB_CIN,179,1,2026,1,tb,cin,00-0039361,B.Irving,carry,41,0,0,0,0
2026_01_TB_CIN,201,1,2026,1,tb,cin,00-0040237,T.Johnson,carry,32,0,0,0,0
2026_01_TB_CIN,223,1,2026,1,tb,cin,00-0040129,E.Egbuka,target,36,0,0,0,0
2026_01_TB_CIN,248,1,2026,1,tb,cin,00-0033921,C.Godwin,target,26,0,0,0,0
2026_01_TB_CIN,273,1,2026,1,tb,cin,00-0036919,K.Gainwell,carry,21,0,0,0,0
2026_01_TB_CIN,295,1,2026,1,tb,cin,00-0039361,B.Irving,carry,19,1,0,0,0
2026_01_TB_CIN,390,2,2026,1,cin,tb,00-0038597,C.Brown,carry,74,0,0,0,0
2026_01_TB_CIN,412,2,2026,1,cin,tb,00-0038597,C.Brown,target,71,0,0,0,0
2026_01_TB_CIN,437,2,2026,1,cin,tb,00-0036900,J.Chase,target,70,0,0,0,0
2026_01_TB_CIN,491,3,2026,1,tb,cin,00-0039361,B.Irving,carry,68,0,0,0,0
2026_01_TB_CIN,520,3,2026,1,tb,cin,00-0039361,B.Irving,target,68,0,0,0,0
2026_01_TB_CIN,656,4,2026,1,tb,cin,00-0038129,C.Otton,target,75,0,0,0,0
2026_01_TB_CIN,679,4,2026,1,tb,cin,00-0039361,B.Irving,target,75,0,0,0,0
2026_01_TB_CIN,720,5,2026,1,cin,tb,00-0038619,A.Iosivas,target,33,0,0,0,0
2026_01_TB_CIN,745,5,2026,1,cin,tb,00-0038597,C.Brown,carry,21,0,0,0,0
2026_01_TB_CIN,767,5,2026,1,cin,tb,00-0036900,J.Chase,target,17,1,0,0,0
2026_01_TB_CIN,817,5,2026,1,cin,tb,00-0038597,C.Brown,carry,11,1,0,0,0
2026_01_TB_CIN,839,5,2026,1,cin,tb,00-0038597,C.Brown,carry,3,1,1,1,0
2026_01_TB_CIN,861,5,2026,1,cin,tb,00-0034829,M.Gesicki,target,2,1,1,1,1
2026_01_TB_CIN,932,6,2026,1,tb,cin,00-0033921,C.Godwin,target,66,0,0,0,0
2026_01_TB_CIN,962,6,2026,1,tb,cin,00-0036919,K.Gainwell,carry,62,0,0,0,0
2026_01_TB_CIN,984,6,2026,1,tb,cin,00-0038129,C.Otton,target,55,0,0,0,0
2026_01_TB_CIN,1065,6,2026,1,tb,cin,00-0036919,K.Gainwell,target,47,0,0,0,0
2026_01_TB_CIN,1090,6,2026,1,tb,cin,00-0040129,E.Egbuka,target,44,0,0,0,0
2026_01_TB_CIN,1115,6,2026,1,tb,cin,00-0033921,C.Godwin,carry,32,0,0,0,0
2026_01_TB_CIN,1252,7,2026,1,cin,tb,00-0036410,T.Higgins,target,80,0,0,0,0
2026_01_TB_CIN,1282,7,2026,1,cin,tb,00-0033526,S.Perine,carry,80,0,0,0,0
2026_01_TB_CIN,1304,7,2026,1,cin,tb,00-0033526,S.Perine,target,77,0,0,0,0
2026_01_TB_CIN,1329,7,2026,1,cin,tb,00-0038597,C.Brown,target,68,0,0,0,0
2026_01_TB_CIN,1354,7,2026,1,cin,tb,00-0038597,C.Brown,carry,59,0,0,0,0
2026_01_TB_CIN,1376,7,2026,1,cin,tb,00-0036900,J.Chase,target,55,0,0,0,0
2026_01_TB_CIN,1406,7,2026,1,cin,tb,00-0035631,D.Sample,target,39,0,0,0,0
2026_01_TB_CIN,1431,7,2026,1,cin,tb,00-0033526,S.Perine,target,37,0,0,0,0
2026_01_TB_CIN,1456,7,2026,1,cin,tb,00-0036442,J.Burrow,carry,30,0,0,0,0
2026_01_TB_CIN,1478,7,2026,1,cin,tb,00-0036410,T.Higgins,target,28,0,0,0,0
2026_01_TB_CIN,1506,7,2026,1,cin,tb,00-0035631,D.Sample,target,16,1,0,0,0
2026_01_TB_CIN,1543,7,2026,1,cin,tb,00-0038597,C.Brown,carry,5,1,1,1,1
2026_01_TB_CIN,1611,8,2026,1,tb,cin,00-0039361,B.Irving,target,75,0,0,0,0
2026_01_TB_CIN,1641,8,2026,1,tb,cin,00-0040129,E.Egbuka,target,79,0,0,0,0
2026_01_TB_CIN,1666,8,2026,1,tb,cin,00-0033921,C.Godwin,target,68,0,0,0,0
2026_01_TB_CIN,1726,8,2026,1,tb,cin,00-0040129,E.Egbuka,target,33,0,0,0,0
2026_01_TB_CIN,1751,8,2026,1,tb,cin,00-0038129,C.Otton,target,20,1,0,0,0
2026_01_TB_CIN,1788,8,2026,1,tb,cin,00-0039361,B.Irving,carry,10,1,1,0,1
2026_01_TB_CIN,1849,9,2026,1,cin,tb,00-0034829,M.Gesicki,target,72,0,0,0,0
2026_01_TB_CIN,1872,9,2026,1,cin,tb,00-0034829,M.Gesicki,target,72,0,0,0,0
2026_01_TB_CIN,1897,9,2026,1,cin,tb,00-0038597,C.Brown,target,56,0,0,0,0
2026_01_TB_CIN,1920,9,2026,1,cin,tb,00-0034829,M.Gesicki,target,56,0,0,0,0
2026_01_TB_CIN,1945,9,2026,1,cin,tb,00-0034829,M.Gesicki,target,45,0,0,0,0
2026_01_TB_CIN,1970,9,2026,1,cin,tb,00-0036442,J.Burrow,carry,20,1,0,0,0
2026_01_TB_CIN,2010,9,2026,1,cin,tb,00-0038597,C.Brown,carry,4,1,1,1,0
2026_01_TB_CIN,2032,9,2026,1,cin,tb,00-0034829,M.Gesicki,target,2,1,1,1,0
2026_01_TB_CIN,2062,9,2026,1,cin,tb,00-0038619,A.Iosivas,target,2,1,1,1,0
2026_01_TB_CIN,2209,11,2026,1,cin,tb,00-0038597,C.Brown,carry,73,0,0,0,0
2026_01_TB_CIN,2231,11,2026,1,cin,tb,00-0036900,J.Chase,target,69,0,0,0,0
2026_01_TB_CIN,2256,11,2026,1,cin,tb,00-0036410,T.Higgins,target,73,0,0,0,0
2026_01_TB_CIN,2286,11,2026,1,cin,tb,00-0038597,C.Brown,carry,44,0,0,0,0
2026_01_TB_CIN,2325,11,2026,1,cin,tb,00-0038597,C.Brown,carry,31,0,0,0,0
2026_01_TB_CIN,2352,11,2026,1,cin,tb,00-0034613,T.Hudson,target,32,0,0,0,0
2026_01_TB_CIN,2447,12,2026,1,tb,cin,00-0039361,B.Irving,carry,71,0,0,0,0
2026_01_TB_CIN,2496,12,2026,1,tb,cin,00-0039361,B.Irving,target,64,0,0,0,0
2026_01_TB_CIN,2530,12,2026,1,tb,cin,00-0039361,B.Irving,target,42,0,0,0,0
2026_01_TB_CIN,2555,12,2026,1,tb,cin,00-0036919,K.Gainwell,carry,35,0,0,0,0
2026_01_TB_CIN,2577,12,2026,1,tb,cin,00-0036919,K.Gainwell,carry,33,0,0,0,0
2026_01_TB_CIN,2640,12,2026,1,tb,cin,00-0036919,K.Gainwell,carry,28,0,0,0,0
2026_01_TB_CIN,2662,12,2026,1,tb,cin,00-0038129,C.Otton,target,24,0,0,0,0
2026_01_TB_CIN,2758,13,2026,1,cin,tb,00-0038597,C.Brown,target,71,0,0,0,0
2026_01_TB_CIN,2783,13,2026,1,cin,tb,00-0033526,S.Perine,carry,70,0,0,0,0
2026_01_TB_CIN,2805,13,2026,1,cin,tb,00-0038619,A.Iosivas,target,66,0,0,0,0
2026_01_TB_CIN,2935,14,2026,1,cin,tb,00-0036410,T.Higgins,target,78,0,0,0,0
2026_01_TB_CIN,2960,14,2026,1,cin,tb,00-0036410,T.Higgins,target,78,0,0,0,0
2026_01_TB_CIN,3023,14,2026,1,cin,tb,00-0034829,M.Gesicki,target,78,0,0,0,0
2026_01_TB_CIN,3048,14,2026,1,cin,tb,00-0040785,D.Meyers,carry,54,0,0,0,0
2026_01_TB_CIN,3070,14,2026,1,cin,tb,00-0038597,C.Brown,target,44,0,0,0,0
2026_01_TB_CIN,3120,14,2026,1,cin,tb,00-0038597,C.Brown,carry,36,0,0,0,0
2026_01_TB_CIN,3222,15,2026,1,tb,cin,00-0039361,B.Irving,target,73,0,0,0,0
2026_01_TB_CIN,3247,15,2026,1,tb,cin,00-0039361,B.Irving,carry,69,0,0,0,0
2026_01_TB_CIN,3269,15,2026,1,tb,cin,00-0039361,B.Irving,carry,61,0,0,0,0
2026_01_TB_CIN,3291,15,2026,1,tb,cin,00-0033921,C.Godwin,target,56,0,0,0,0
2026_01_TB_CIN,3345,15,2026,1,tb,cin,00-0039361,B.Irving,target,60,0,0,0,0
2026_01_TB_CIN,3429,16,2026,1,cin,tb,00-0035631,D.Sample,target,44,0,0,0,0
2026_01_TB_CIN,3461,16,2026,1,cin,tb,00-0033526,S.Perine,carry,38,0,0,0,0
2026_01_TB_CIN,3483,16,2026,1,cin,tb,00-0033526,S.Perine,carry,36,0,0,0,0
2026_01_TB_CIN,3505,16,2026,1,cin,tb,00-0038597,C.Brown,carry,28,0,0,0,0
2026_01_TB_CIN,3527,16,2026,1,cin,tb,00-0038597,C.Brown,carry,17,1,0,0,0
2026_01_TB_CIN,3549,16,2026,1,cin,tb,00-0033526,S.Perine,carry,15,1,0,0,0
2026_01_TB_CIN,3571,16,2026,1,cin,tb,00-0038597,C.Brown,target,12,1,0,0,0
2026_01_TB_CIN,3699,17,2026,1,tb,cin,00-0041048,T.Hurst,target,56,0,0,0,0
2026_01_TB_CIN,3729,17,2026,1,tb,cin,00-0041048,T.Hurst,target,40,0,0,0,0
2026_01_TB_CIN,3754,17,2026,1,tb,cin,00-0041048,T.Hurst,target,32,0,0,0,0
2026_01_TB_CIN,3806,17,2026,1,tb,cin,00-0038129,C.Otton,target,12,1,0,0,0
2026_01_TB_CIN,3831,17,2026,1,tb,cin,00-0040237,T.Johnson,target,9,1,1,0,0
2026_01_TB_CIN,3941,18,2026,1,cin,tb,00-0040785,D.Meyers,target,76,0,0,0,0
2026_01_TB_CIN,3966,18,2026,1,cin,tb,00-0033526,S.Perine,target,58,0,0,0,0
2026_01_TB_CIN,3991,18,2026,1,cin,tb,00-0038597,C.Brown,carry,44,0,0,0,0
2026_01_TB_CIN,4020,18,2026,1,cin,tb,00-0036410,T.Higgins,target,44,0,0,0,0
2026_01_TB_CIN,4052,18,2026,1,cin,tb,00-0038597,C.Brown,carry,26,0,0,0,0
2026_01_TB_CIN,4114,18,2026,1,cin,tb,00-0038597,C.Brown,carry,22,0,0,0,0
2026_01_TB_CIN,4136,18,2026,1,cin,tb,00-0036442,J.Burrow,carry,17,1,0,0,0
2026_01_WAS_PHI,62,1,2026,1,wsh,phi,00-0040242,J.Croskey-Merritt,carry,64,0,0,0,0
2026_01_WAS_PHI,84,1,2026,1,wsh,phi,00-0037256,R.White,carry,53,0,0,0,0
2026_01_WAS_PHI,106,1,2026,1,wsh,phi,00-0035659,T.McLaurin,target,53,0,0,0,0
2026_01_WAS_PHI,131,1,2026,1,wsh,phi,00-0031588,S.Diggs,target,53,0,0,0,0
2026_01_WAS_PHI,203,1,2026,1,wsh,phi,00-0040242,J.Croskey-Merritt,carry,40,0,0,0,0
2026_01_WAS_PHI,225,1,2026,1,wsh,phi,00-0037256,R.White,carry,40,0,0,0,0
2026_01_WAS_PHI,286,2,2026,1,phi,wsh,00-0034844,S.Barkley,target,65,0,0,0,0
2026_01_WAS_PHI,309,2,2026,1,phi,wsh,00-0034844,S.Barkley,carry,65,0,0,0,0
2026_01_WAS_PHI,358,2,2026,1,phi,wsh,00-0034844,S.Barkley,carry,54,0,0,0,0
2026_01_WAS_PHI,380,2,2026,1,phi,wsh,00-0040867,M.Lemon,target,55,0,0,0,0
2026_01_WAS_PHI,410,2,2026,1,phi,wsh,00-0038393,D.Wicks,target,52,0,0,0,0
2026_01_WAS_PHI,452,3,2026,1,wsh,phi,00-0040242,J.Croskey-Merritt,carry,94,0,0,0,0
2026_01_WAS_PHI,474,3,2026,1,wsh,phi,00-0031588,S.Diggs,target,94,0,0,0,0
2026_01_WAS_PHI,497,3,2026,1,wsh,phi,00-0036626,D.Brown,target,94,0,0,0,0
2026_01_WAS_PHI,546,4,2026,1,phi,wsh,00-0034844,S.Barkley,carry,61,0,0,0,0
2026_01_WAS_PHI,579,4,2026,1,phi,wsh,00-0040867,M.Lemon,target,70,0,0,0,0
2026_01_WAS_PHI,604,4,2026,1,phi,wsh,00-0036912,D.Smith,target,75,0,0,0,0
2026_01_WAS_PHI,675,5,2026,1,wsh,phi,00-0037256,R.White,carry,78,0,0,0,0
2026_01_WAS_PHI,697,5,2026,1,wsh,phi,00-0036628,J.Bates,target,74,0,0,0,0
2026_01_WAS_PHI,722,5,2026,1,wsh,phi,00-0037256,R.White,carry,69,0,0,0,0
2026_01_WAS_PHI,772,6,2026,1,phi,wsh,00-0034844,S.Barkley,carry,76,0,0,0,0
2026_01_WAS_PHI,801,6,2026,1,phi,wsh,00-0038393,D.Wicks,target,70,0,0,0,0
2026_01_WAS_PHI,866,6,2026,1,phi,wsh,00-0034844,S.Barkley,carry,16,1,0,0,0
2026_01_WAS_PHI,908,6,2026,1,phi,wsh,00-0034844,S.Barkley,carry,18,1,0,0,0
2026_01_WAS_PHI,930,6,2026,1,phi,wsh,00-0034351,D.Goedert,target,17,1,0,0,1
2026_01_WAS_PHI,1001,7,2026,1,wsh,phi,00-0037809,C.Okonkwo,target,68,0,0,0,0
2026_01_WAS_PHI,1026,7,2026,1,wsh,phi,00-0035659,T.McLaurin,target,67,0,0,0,0
2026_01_WAS_PHI,1049,7,2026,1,wsh,phi,00-0031588,S.Diggs,target,67,0,0,0,0
2026_01_WAS_PHI,1112,8,2026,1,phi,wsh,00-0034844,S.Barkley,carry,73,0,0,0,0
2026_01_WAS_PHI,1141,8,2026,1,phi,wsh,00-0040867,M.Lemon,target,69,0,0,0,0
2026_01_WAS_PHI,1164,8,2026,1,phi,wsh,00-0038393,D.Wicks,target,69,0,0,0,0
2026_01_WAS_PHI,1256,9,2026,1,wsh,phi,00-0040242,J.Croskey-Merritt,carry,82,0,0,0,0
2026_01_WAS_PHI,1311,9,2026,1,wsh,phi,00-0031588,S.Diggs,target,83,0,0,0,0
2026_01_WAS_PHI,1334,9,2026,1,wsh,phi,00-0040242,J.Croskey-Merritt,target,83,0,0,0,0
2026_01_WAS_PHI,1359,9,2026,1,wsh,phi,00-0037256,R.White,carry,90,0,0,0,0
2026_01_WAS_PHI,1437,10,2026,1,phi,wsh,00-0034844,S.Barkley,carry,62,0,0,0,0
2026_01_WAS_PHI,1466,10,2026,1,phi,wsh,00-0034844,S.Barkley,carry,54,0,0,0,0
2026_01_WAS_PHI,1488,10,2026,1,phi,wsh,00-0038555,T.Bigsby,carry,12,1,0,0,0
2026_01_WAS_PHI,1510,10,2026,1,phi,wsh,00-0038393,D.Wicks,target,9,1,1,0,1
2026_01_WAS_PHI,1581,11,2026,1,wsh,phi,00-0040242,J.Croskey-Merritt,carry,67,0,0,0,0
2026_01_WAS_PHI,1603,11,2026,1,wsh,phi,00-0031588,S.Diggs,target,56,0,0,0,0
2026_01_WAS_PHI,1628,11,2026,1,wsh,phi,00-0037809,C.Okonkwo,target,41,0,0,0,0
2026_01_WAS_PHI,1725,11,2026,1,wsh,phi,00-0040242,J.Croskey-Merritt,carry,32,0,0,0,0
2026_01_WAS_PHI,1747,11,2026,1,wsh,phi,00-0040242,J.Croskey-Merritt,carry,28,0,0,0,0
2026_01_WAS_PHI,1769,11,2026,1,wsh,phi,00-0039910,J.Daniels,carry,19,1,0,0,0
2026_01_WAS_PHI,1791,11,2026,1,wsh,phi,00-0037256,R.White,carry,19,1,0,0,0
2026_01_WAS_PHI,1836,11,2026,1,wsh,phi,00-0041040,A.Williams,target,17,1,0,0,0
2026_01_WAS_PHI,1861,11,2026,1,wsh,phi,00-0040242,J.Croskey-Merritt,carry,1,1,1,1,1
2026_01_WAS_PHI,1963,12,2026,1,phi,wsh,00-0034351,D.Goedert,target,66,0,0,0,0
2026_01_WAS_PHI,1988,12,2026,1,phi,wsh,00-0039746,W.Shipley,target,61,0,0,0,0
2026_01_WAS_PHI,2018,12,2026,1,phi,wsh,00-0036912,D.Smith,target,53,0,0,0,0
2026_01_WAS_PHI,2041,12,2026,1,phi,wsh,00-0036912,D.Smith,target,53,0,0,0,0
2026_01_WAS_PHI,2084,13,2026,1,wsh,phi,00-0037256,R.White,carry,98,0,0,0,0
2026_01_WAS_PHI,2161,14,2026,1,phi,wsh,00-0034844,S.Barkley,carry,74,0,0,0,0
2026_01_WAS_PHI,2188,14,2026,1,phi,wsh,00-0040867,M.Lemon,target,75,0,0,0,0
2026_01_WAS_PHI,2213,14,2026,1,phi,wsh,00-0034351,D.Goedert,target,78,0,0,0,0
2026_01_WAS_PHI,2269,15,2026,1,wsh,phi,00-0040242,J.Croskey-Merritt,carry,59,0,0,0,0
2026_01_WAS_PHI,2298,15,2026,1,wsh,phi,00-0031588,S.Diggs,target,56,0,0,0,0
2026_01_WAS_PHI,2321,15,2026,1,wsh,phi,00-0037256,R.White,target,56,0,0,0,0
2026_01_WAS_PHI,2391,16,2026,1,phi,wsh,00-0036912,D.Smith,target,86,0,0,0,0
2026_01_WAS_PHI,2416,16,2026,1,phi,wsh,00-0036912,D.Smith,target,76,0,0,0,0
2026_01_WAS_PHI,2503,17,2026,1,wsh,phi,00-0040242,J.Croskey-Merritt,carry,61,0,0,0,0
2026_01_WAS_PHI,2525,17,2026,1,wsh,phi,00-0037809,C.Okonkwo,target,58,0,0,0,0
2026_01_WAS_PHI,2550,17,2026,1,wsh,phi,00-0040242,J.Croskey-Merritt,carry,43,0,0,0,0
2026_01_WAS_PHI,2606,17,2026,1,wsh,phi,00-0040242,J.Croskey-Merritt,carry,37,0,0,0,0
2026_01_WAS_PHI,2628,17,2026,1,wsh,phi,00-0031588,S.Diggs,target,36,0,0,0,0
2026_01_WAS_PHI,2651,17,2026,1,wsh,phi,00-0036626,D.Brown,target,36,0,0,0,0
2026_01_WAS_PHI,2695,18,2026,1,phi,wsh,00-0034844,S.Barkley,carry,56,0,0,0,0
2026_01_WAS_PHI,2724,18,2026,1,phi,wsh,00-0034844,S.Barkley,carry,53,0,0,0,0
2026_01_WAS_PHI,2817,19,2026,1,wsh,phi,00-0041096,K.Allen,carry,89,0,0,0,0
2026_01_WAS_PHI,2893,19,2026,1,wsh,phi,00-0040164,J.Lane,target,89,0,0,0,0
2026_01_WAS_PHI,3030,20,2026,1,phi,wsh,00-0036912,D.Smith,target,55,0,0,0,0
2026_01_WAS_PHI,3083,20,2026,1,phi,wsh,00-0034844,S.Barkley,carry,24,0,0,0,0
2026_01_WAS_PHI,3105,20,2026,1,phi,wsh,00-0034351,D.Goedert,target,17,1,0,0,0
2026_01_WAS_PHI,3228,21,2026,1,wsh,phi,00-0036628,J.Bates,target,54,0,0,0,0
2026_01_WAS_PHI,3253,21,2026,1,wsh,phi,00-0040242,J.Croskey-Merritt,carry,46,0,0,0,0
2026_01_WAS_PHI,3275,21,2026,1,wsh,phi,00-0040242,J.Croskey-Merritt,carry,43,0,0,0,0
2026_01_WAS_PHI,3346,21,2026,1,wsh,phi,00-0041040,A.Williams,target,47,0,0,0,0
2026_01_WAS_PHI,3376,21,2026,1,wsh,phi,00-0039910,J.Daniels,carry,14,1,0,0,0
2026_01_WAS_PHI,3398,21,2026,1,wsh,phi,00-0037256,R.White,target,12,1,0,0,0
2026_01_WAS_PHI,3423,21,2026,1,wsh,phi,00-0031588,S.Diggs,target,10,1,1,0,1
2026_01_WAS_PHI,3505,22,2026,1,phi,wsh,00-0034844,S.Barkley,carry,74,0,0,0,0
2026_01_WAS_PHI,3527,22,2026,1,phi,wsh,00-0034844,S.Barkley,carry,68,0,0,0,0
2026_01_WAS_PHI,3549,22,2026,1,phi,wsh,00-0034844,S.Barkley,target,61,0,0,0,0
2026_01_WAS_PHI,3642,22,2026,1,phi,wsh,00-0039746,W.Shipley,carry,47,0,0,0,0
2026_01_WAS_PHI,3672,22,2026,1,phi,wsh,00-0039746,W.Shipley,carry,45,0,0,0,0
2026_01_WAS_PHI,3694,22,2026,1,phi,wsh,00-0034351,D.Goedert,target,43,0,0,0,1
2026_01_WAS_PHI,3765,23,2026,1,wsh,phi,00-0041040,A.Williams,target,63,0,0,0,0
2026_01_WAS_PHI,3795,23,2026,1,wsh,phi,00-0040242,J.Croskey-Merritt,carry,49,0,0,0,0
2026_01_WAS_PHI,3817,23,2026,1,wsh,phi,00-0031588,S.Diggs,target,46,0,0,0,0
2026_01_WAS_PHI,3847,23,2026,1,wsh,phi,00-0035659,T.McLaurin,target,29,0,0,0,0
2026_01_WAS_PHI,3872,23,2026,1,wsh,phi,00-0040242,J.Croskey-Merritt,carry,21,0,0,0,0
2026_01_WAS_PHI,3910,23,2026,1,wsh,phi,00-0041096,K.Allen,carry,18,1,0,0,0
2026_01_WAS_PHI,3932,23,2026,1,wsh,phi,00-0041096,K.Allen,carry,14,1,0,0,0
2026_01_WAS_PHI,3954,23,2026,1,wsh,phi,00-0036628,J.Bates,target,10,1,1,0,0
2026_01_WAS_PHI,3977,23,2026,1,wsh,phi,00-0035659,T.McLaurin,target,10,1,1,0,0
2026_01_WAS_PHI,4019,23,2026,1,wsh,phi,00-0041096,K.Allen,carry,4,1,1,1,0
2026_01_WAS_PHI,4071,23,2026,1,wsh,phi,00-0041040,A.Williams,target,1,1,1,1,1
2026_02_CAR_ATL,137,2,2026,2,car,atl,00-0036555,C.Hubbard,target,35,0,0,0,0
2026_02_CAR_ATL,162,2,2026,2,car,atl,00-0036555,C.Hubbard,carry,27,0,0,0,0
2026_02_CAR_ATL,208,2,2026,2,car,atl,00-0039491,J.Coker,target,29,0,0,0,0
2026_02_CAR_ATL,273,2,2026,2,car,atl,00-0040124,T.McMillan,target,31,0,0,0,0
2026_02_CAR_ATL,309,2,2026,2,car,atl,00-0040124,T.McMillan,target,2,1,1,1,0
2026_02_CAR_ATL,366,2,2026,2,car,atl,00-0036555,C.Hubbard,carry,7,1,1,0,0
2026_02_CAR_ATL,388,2,2026,2,car,atl,00-0039491,J.Coker,target,3,1,1,1,0
2026_02_CAR_ATL,411,2,2026,2,car,atl,00-0036555,C.Hubbard,target,3,1,1,1,1
2026_02_CAR_ATL,475,3,2026,2,atl,car,00-0037238,D.London,target,71,0,0,0,0
2026_02_CAR_ATL,505,3,2026,2,atl,car,00-0038542,Bi.Robinson,carry,57,0,0,0,0
2026_02_CAR_ATL,527,3,2026,2,atl,car,00-0038542,Bi.Robinson,carry,53,0,0,0,0
2026_02_CAR_ATL,549,3,2026,2,atl,car,00-0038542,Bi.Robinson,target,52,0,0,0,0
2026_02_CAR_ATL,607,4,2026,2,car,atl,00-0040124,T.McMillan,target,61,0,0,0,0
2026_02_CAR_ATL,630,4,2026,2,car,atl,00-0040124,T.McMillan,target,61,0,0,0,0
2026_02_CAR_ATL,658,4,2026,2,car,atl,00-0039342,X.Legette,target,61,0,0,0,0
2026_02_CAR_ATL,701,5,2026,2,atl,car,00-0038542,Bi.Robinson,carry,84,0,0,0,0
2026_02_CAR_ATL,730,5,2026,2,atl,car,00-0038542,Bi.Robinson,carry,81,0,0,0,0
2026_02_CAR_ATL,752,5,2026,2,atl,car,00-0036970,K.Pitts,target,79,0,0,0,0
2026_02_CAR_ATL,817,6,2026,2,car,atl,00-0039342,X.Legette,target,29,0,0,0,0
2026_02_CAR_ATL,865,6,2026,2,car,atl,00-0036555,C.Hubbard,carry,20,1,0,0,0
2026_02_CAR_ATL,889,6,2026,2,car,atl,00-0039344,J.Brooks,carry,17,1,0,0,0
2026_02_CAR_ATL,911,6,2026,2,car,atl,00-0039344,J.Brooks,target,14,1,0,0,0
2026_02_CAR_ATL,936,6,2026,2,car,atl,00-0039342,X.Legette,target,19,1,0,0,0
2026_02_CAR_ATL,1012,7,2026,2,atl,car,00-0037238,D.London,target,70,0,0,0,0
2026_02_CAR_ATL,1042,7,2026,2,atl,car,00-0037746,Br.Robinson,carry,56,0,0,0,0
2026_02_CAR_ATL,1064,7,2026,2,atl,car,00-0037746,Br.Robinson,carry,47,0,0,0,0
2026_02_CAR_ATL,1086,7,2026,2,atl,car,00-0041044,Z.Branch,target,40,0,0,0,0
2026_02_CAR_ATL,1111,7,2026,2,atl,car,00-0038542,Bi.Robinson,carry,37,0,0,0,0
2026_02_CAR_ATL,1133,7,2026,2,atl,car,00-0038542,Bi.Robinson,carry,32,0,0,0,0
2026_02_CAR_ATL,1155,7,2026,2,atl,car,00-0037238,D.London,carry,31,0,0,0,0
2026_02_CAR_ATL,1177,8,2026,2,car,atl,00-0040124,T.McMillan,target,67,0,0,0,0
2026_02_CAR_ATL,1275,8,2026,2,car,atl,00-0036555,C.Hubbard,carry,78,0,0,0,0
2026_02_CAR_ATL,1317,9,2026,2,atl,car,00-0038542,Bi.Robinson,carry,81,0,0,0,0
2026_02_CAR_ATL,1346,9,2026,2,atl,car,00-0037741,J.Dotson,target,79,0,0,0,0
2026_02_CAR_ATL,1371,9,2026,2,atl,car,00-0038542,Bi.Robinson,carry,71,0,0,0,0
2026_02_CAR_ATL,1393,9,2026,2,atl,car,00-0038542,Bi.Robinson,target,69,0,0,0,0
2026_02_CAR_ATL,1469,10,2026,2,car,atl,00-0036555,C.Hubbard,carry,80,0,0,0,0
2026_02_CAR_ATL,1503,10,2026,2,car,atl,00-0037005,T.Tremble,target,75,0,0,0,0
2026_02_CAR_ATL,1526,10,2026,2,car,atl,00-0040124,T.McMillan,target,75,0,0,0,0
2026_02_CAR_ATL,1551,10,2026,2,car,atl,00-0040124,T.McMillan,target,63,0,0,0,0
2026_02_CAR_ATL,1576,10,2026,2,car,atl,00-0039491,J.Coker,target,36,0,0,0,0
2026_02_CAR_ATL,1601,10,2026,2,car,atl,00-0037005,T.Tremble,target,11,1,0,0,0
2026_02_CAR_ATL,1626,10,2026,2,car,atl,00-0036555,C.Hubbard,carry,7,1,1,0,0
2026_02_CAR_ATL,1648,10,2026,2,car,atl,00-0040124,T.McMillan,target,7,1,1,0,0
2026_02_CAR_ATL,1785,11,2026,2,atl,car,00-0038542,Bi.Robinson,carry,94,0,0,0,0
2026_02_CAR_ATL,1807,11,2026,2,atl,car,00-0035208,O.Zaccheaus,target,88,0,0,0,0
2026_02_CAR_ATL,1881,11,2026,2,atl,car,00-0036970,K.Pitts,target,82,0,0,0,0
2026_02_CAR_ATL,1911,11,2026,2,atl,car,00-0038542,Bi.Robinson,carry,67,0,0,0,0
2026_02_CAR_ATL,1933,11,2026,2,atl,car,00-0037238,D.London,target,59,0,0,0,0
2026_02_CAR_ATL,1961,11,2026,2,atl,car,00-0037238,D.London,target,59,0,0,0,0
2026_02_CAR_ATL,1986,11,2026,2,atl,car,00-0038542,Bi.Robinson,carry,42,0,0,0,0
2026_02_CAR_ATL,2008,11,2026,2,atl,car,00-0038542,Bi.Robinson,carry,40,0,0,0,0
2026_02_CAR_ATL,2052,11,2026,2,atl,car,00-0038542,Bi.Robinson,target,29,0,0,0,0
2026_02_CAR_ATL,2087,11,2026,2,atl,car,00-0038542,Bi.Robinson,target,27,0,0,0,0
2026_02_CAR_ATL,2117,11,2026,2,atl,car,00-0035208,O.Zaccheaus,target,23,0,0,0,0
2026_02_CAR_ATL,2253,12,2026,2,car,atl,00-0031610,D.Waller,target,73,0,0,0,0
2026_02_CAR_ATL,2327,12,2026,2,car,atl,00-0039342,X.Legette,target,65,0,0,0,0
2026_02_CAR_ATL,2382,12,2026,2,car,atl,00-0039491,J.Coker,target,10,1,1,0,0
2026_02_CAR_ATL,2407,12,2026,2,car,atl,00-0031610,D.Waller,target,7,1,1,0,1
2026_02_CAR_ATL,2478,13,2026,2,atl,car,00-0037741,J.Dotson,target,78,0,0,0,0
2026_02_CAR_ATL,2501,13,2026,2,atl,car,00-0037746,Br.Robinson,carry,78,0,0,0,0
2026_02_CAR_ATL,2566,14,2026,2,car,atl,00-0036555,C.Hubbard,carry,73,0,0,0,0
2026_02_CAR_ATL,2621,14,2026,2,car,atl,00-0039491,J.Coker,target,82,0,0,0,0
2026_02_CAR_ATL,2646,14,2026,2,car,atl,00-0039491,J.Coker,target,75,0,0,0,0
2026_02_CAR_ATL,2671,14,2026,2,car,atl,00-0036555,C.Hubbard,carry,63,0,0,0,0
2026_02_CAR_ATL,2723,14,2026,2,car,atl,00-0039344,J.Brooks,carry,51,0,0,0,0
2026_02_CAR_ATL,2745,14,2026,2,car,atl,00-0040124,T.McMillan,target,52,0,0,0,0
2026_02_CAR_ATL,2785,14,2026,2,car,atl,00-0039491,J.Coker,target,24,0,0,0,0
2026_02_CAR_ATL,2815,14,2026,2,car,atl,00-0036555,C.Hubbard,carry,21,0,0,0,0
2026_02_CAR_ATL,2859,14,2026,2,car,atl,00-0031610,D.Waller,target,12,1,0,0,1
2026_02_CAR_ATL,2924,15,2026,2,atl,car,00-0038542,Bi.Robinson,carry,65,0,0,0,0
2026_02_CAR_ATL,2946,15,2026,2,atl,car,00-0037238,D.London,target,59,0,0,0,0
2026_02_CAR_ATL,2971,15,2026,2,atl,car,00-0038542,Bi.Robinson,carry,53,0,0,0,0
2026_02_CAR_ATL,2998,15,2026,2,atl,car,00-0038542,Bi.Robinson,carry,42,0,0,0,0
2026_02_CAR_ATL,3020,15,2026,2,atl,car,00-0036970,K.Pitts,target,38,0,0,0,0
2026_02_CAR_ATL,3047,16,2026,2,car,atl,00-0039344,J.Brooks,carry,20,1,0,0,0
2026_02_CAR_ATL,3092,16,2026,2,car,atl,00-0039491,J.Coker,target,13,1,0,0,0
2026_02_CAR_ATL,3117,16,2026,2,car,atl,00-0039344,J.Brooks,carry,10,1,1,0,0
2026_02_CAR_ATL,3162,16,2026,2,car,atl,00-0039491,J.Coker,target,7,1,1,0,0
2026_02_CAR_ATL,3187,16,2026,2,car,atl,00-0040124,T.McMillan,target,2,1,1,1,0
2026_02_CAR_ATL,3210,17,2026,2,atl,car,00-0037746,Br.Robinson,carry,98,0,0,0,0
2026_02_CAR_ATL,3239,17,2026,2,atl,car,00-0037746,Br.Robinson,carry,94,0,0,0,0
2026_02_CAR_ATL,3261,17,2026,2,atl,car,00-0037741,J.Dotson,target,90,0,0,0,0
2026_02_CAR_ATL,3333,18,2026,2,atl,car,00-0036429,C.Woerner,target,65,0,0,0,0
2026_02_CAR_ATL,3356,18,2026,2,atl,car,00-0037746,Br.Robinson,carry,65,0,0,0,0
2026_02_CAR_ATL,3378,18,2026,2,atl,car,00-0037746,Br.Robinson,target,62,0,0,0,0
2026_02_CAR_ATL,3403,18,2026,2,atl,car,00-0038542,Bi.Robinson,carry,50,0,0,0,0
2026_02_CAR_ATL,3445,18,2026,2,atl,car,00-0036463,C.Blair,target,52,0,0,0,0
2026_02_CAR_ATL,3514,19,2026,2,car,atl,00-0036555,C.Hubbard,carry,94,0,0,0,0
2026_02_CAR_ATL,3536,19,2026,2,car,atl,00-0036555,C.Hubbard,carry,85,0,0,0,0
2026_02_CAR_ATL,3596,19,2026,2,car,atl,00-0036555,C.Hubbard,carry,87,0,0,0,0
2026_02_CAR_ATL,3694,19,2026,2,car,atl,00-0039344,J.Brooks,carry,95,0,0,0,0
2026_02_CAR_ATL,3721,19,2026,2,car,atl,00-0040187,M.Evans,target,91,0,0,0,0
2026_02_CAR_ATL,3772,20,2026,2,atl,car,00-0032392,A.Hooper,target,64,0,0,0,0
2026_02_CAR_ATL,3804,20,2026,2,atl,car,00-0037746,Br.Robinson,carry,51,0,0,0,0
2026_02_CAR_ATL,3853,20,2026,2,atl,car,00-0035208,O.Zaccheaus,target,39,0,0,0,0
2026_02_CAR_ATL,3878,20,2026,2,atl,car,00-0037746,Br.Robinson,carry,36,0,0,0,0
2026_02_CAR_ATL,3910,20,2026,2,atl,car,00-0037746,Br.Robinson,carry,33,0,0,0,0
2026_02_CAR_ATL,3932,20,2026,2,atl,car,00-0036463,C.Blair,target,28,0,0,0,0
2026_02_CAR_ATL,3955,20,2026,2,atl,car,00-0037741,J.Dotson,target,28,0,0,0,0
2026_02_CAR_ATL,3985,20,2026,2,atl,car,00-0032392,A.Hooper,target,25,0,0,0,0
2026_02_CAR_ATL,4067,21,2026,2,car,atl,00-0036265,A.Dillon,carry,57,0,0,0,0
2026_02_CAR_ATL,4096,21,2026,2,car,atl,00-0036265,A.Dillon,carry,56,0,0,0,0
2026_02_CAR_ATL,4118,21,2026,2,car,atl,00-0036265,A.Dillon,carry,60,0,0,0,0
2026_02_CAR_ATL,4163,22,2026,2,atl,car,00-0037746,Br.Robinson,carry,85,0,0,0,0
2026_02_CAR_ATL,4215,22,2026,2,atl,car,00-0037746,Br.Robinson,carry,72,0,0,0,0
2026_02_CAR_ATL,4237,22,2026,2,atl,car,00-0041044,Z.Branch,target,69,0,0,0,0
2026_02_CAR_ATL,4274,22,2026,2,atl,car,00-0032392,A.Hooper,target,58,0,0,0,0
2026_02_CAR_ATL,4297,22,2026,2,atl,car,00-0036463,C.Blair,target,58,0,0,0,0
2026_02_CAR_ATL,4320,22,2026,2,atl,car,00-0037746,Br.Robinson,target,58,0,0,0,0
2026_02_CAR_ATL,4345,22,2026,2,atl,car,00-0032392,A.Hooper,target,54,0,0,0,0
2026_02_CIN_HOU,63,1,2026,2,cin,hou,00-0038597,C.Brown,target,59,0,0,0,0
2026_02_CIN_HOU,86,1,2026,2,cin,hou,00-0036900,J.Chase,target,59,0,0,0,0
2026_02_CIN_HOU,111,1,2026,2,cin,hou,00-0036900,J.Chase,target,53,0,0,0,0
2026_02_CIN_HOU,207,2,2026,2,hou,cin,00-0035685,D.Montgomery,carry,87,0,0,0,0
2026_02_CIN_HOU,229,2,2026,2,hou,cin,00-0038618,X.Hutchinson,target,85,0,0,0,0
2026_02_CIN_HOU,252,2,2026,2,hou,cin,00-0038728,J.Wayne,target,85,0,0,0,0
2026_02_CIN_HOU,307,3,2026,2,cin,hou,00-0033526,S.Perine,carry,54,0,0,0,0
2026_02_CIN_HOU,336,3,2026,2,cin,hou,00-0036900,J.Chase,target,52,0,0,0,0
2026_02_CIN_HOU,385,3,2026,2,cin,hou,00-0038597,C.Brown,carry,49,0,0,0,0
2026_02_CIN_HOU,407,3,2026,2,cin,hou,00-0038597,C.Brown,target,45,0,0,0,0
2026_02_CIN_HOU,470,4,2026,2,hou,cin,00-0035685,D.Montgomery,carry,92,0,0,0,0
2026_02_CIN_HOU,499,4,2026,2,hou,cin,00-0035685,D.Montgomery,carry,88,0,0,0,0
2026_02_CIN_HOU,521,4,2026,2,hou,cin,00-0038618,X.Hutchinson,target,87,0,0,0,0
2026_02_CIN_HOU,575,5,2026,2,cin,hou,00-0038597,C.Brown,carry,60,0,0,0,0
2026_02_CIN_HOU,597,5,2026,2,cin,hou,00-0038597,C.Brown,carry,55,0,0,0,0
2026_02_CIN_HOU,667,5,2026,2,cin,hou,00-0041069,C.Young,target,55,0,0,0,0
2026_02_CIN_HOU,692,5,2026,2,cin,hou,00-0036900,J.Chase,target,48,0,0,0,0
2026_02_CIN_HOU,724,5,2026,2,cin,hou,00-0038597,C.Brown,target,46,0,0,0,0
2026_02_CIN_HOU,809,6,2026,2,hou,cin,00-0040138,J.Noel,target,92,0,0,0,0
2026_02_CIN_HOU,848,6,2026,2,hou,cin,00-0034383,D.Schultz,target,92,0,0,0,0
2026_02_CIN_HOU,873,6,2026,2,hou,cin,00-0034383,D.Schultz,target,85,0,0,0,0
2026_02_CIN_HOU,936,6,2026,2,hou,cin,00-0038608,K.Boutte,target,60,0,0,0,0
2026_02_CIN_HOU,961,6,2026,2,hou,cin,00-0040138,J.Noel,carry,45,0,0,0,0
2026_02_CIN_HOU,983,6,2026,2,hou,cin,00-0040583,W.Marks,carry,32,0,0,0,0
2026_02_CIN_HOU,1005,6,2026,2,hou,cin,00-0038618,X.Hutchinson,target,34,0,0,0,0
2026_02_CIN_HOU,1028,6,2026,2,hou,cin,00-0040583,W.Marks,target,34,0,0,0,0
2026_02_CIN_HOU,1073,6,2026,2,hou,cin,00-0040583,W.Marks,carry,22,0,0,0,0
2026_02_CIN_HOU,1095,6,2026,2,hou,cin,00-0040583,W.Marks,carry,22,0,0,0,0
2026_02_CIN_HOU,1117,6,2026,2,hou,cin,00-0040583,W.Marks,target,20,1,0,0,0
2026_02_CIN_HOU,1206,7,2026,2,cin,hou,00-0038597,C.Brown,carry,84,0,0,0,0
2026_02_CIN_HOU,1235,7,2026,2,cin,hou,00-0036410,T.Higgins,target,77,0,0,0,0
2026_02_CIN_HOU,1260,7,2026,2,cin,hou,00-0036410,T.Higgins,target,56,0,0,0,0
2026_02_CIN_HOU,1351,7,2026,2,cin,hou,00-0038597,C.Brown,target,72,0,0,0,0
2026_02_CIN_HOU,1395,8,2026,2,hou,cin,00-0034981,F.Moreau,target,67,0,0,0,0
2026_02_CIN_HOU,1427,8,2026,2,hou,cin,00-0035685,D.Montgomery,carry,42,0,0,0,0
2026_02_CIN_HOU,1449,8,2026,2,hou,cin,00-0034383,D.Schultz,target,38,0,0,0,0
2026_02_CIN_HOU,1474,8,2026,2,hou,cin,00-0038608,K.Boutte,target,27,0,0,0,0
2026_02_CIN_HOU,1499,8,2026,2,hou,cin,00-0035685,D.Montgomery,carry,26,0,0,0,0
2026_02_CIN_HOU,1521,8,2026,2,hou,cin,00-0035685,D.Montgomery,target,26,0,0,0,0
2026_02_CIN_HOU,1547,8,2026,2,hou,cin,00-0035685,D.Montgomery,carry,18,1,0,0,0
2026_02_CIN_HOU,1571,9,2026,2,cin,hou,00-0038597,C.Brown,carry,81,0,0,0,0
2026_02_CIN_HOU,1600,9,2026,2,cin,hou,00-0038597,C.Brown,target,76,0,0,0,0
2026_02_CIN_HOU,1625,9,2026,2,cin,hou,00-0036410,T.Higgins,target,79,0,0,0,0
2026_02_CIN_HOU,1653,9,2026,2,cin,hou,00-0038597,C.Brown,carry,61,0,0,0,0
2026_02_CIN_HOU,1675,9,2026,2,cin,hou,00-0036900,J.Chase,target,55,0,0,0,0
2026_02_CIN_HOU,1698,9,2026,2,cin,hou,00-0036410,T.Higgins,target,55,0,0,0,0
2026_02_CIN_HOU,1723,9,2026,2,cin,hou,00-0036900,J.Chase,target,32,0,0,0,1
2026_02_CIN_HOU,1800,10,2026,2,hou,cin,00-0038618,X.Hutchinson,target,73,0,0,0,0
2026_02_CIN_HOU,1825,10,2026,2,hou,cin,00-0034383,D.Schultz,target,60,0,0,0,0
2026_02_CIN_HOU,1850,10,2026,2,hou,cin,00-0038618,X.Hutchinson,target,45,0,0,0,0
2026_02_CIN_HOU,1875,10,2026,2,hou,cin,00-0038728,J.Wayne,target,39,0,0,0,0
2026_02_CIN_HOU,1939,10,2026,2,hou,cin,00-0038618,X.Hutchinson,target,34,0,0,0,0
2026_02_CIN_HOU,1969,10,2026,2,hou,cin,00-0040583,W.Marks,carry,16,1,0,0,0
2026_02_CIN_HOU,1991,10,2026,2,hou,cin,00-0040583,W.Marks,target,13,1,0,0,0
2026_02_CIN_HOU,2107,11,2026,2,cin,hou,00-0036410,T.Higgins,target,82,0,0,0,0
2026_02_CIN_HOU,2130,11,2026,2,cin,hou,00-0036410,T.Higgins,target,82,0,0,0,0
2026_02_CIN_HOU,2155,11,2026,2,cin,hou,00-0036410,T.Higgins,target,72,0,0,0,0
2026_02_CIN_HOU,2198,11,2026,2,cin,hou,00-0038597,C.Brown,carry,77,0,0,0,0
2026_02_CIN_HOU,2260,12,2026,2,hou,cin,00-0038728,J.Wayne,target,76,0,0,0,0
2026_02_CIN_HOU,2329,12,2026,2,hou,cin,00-0040138,J.Noel,target,53,0,0,0,0
2026_02_CIN_HOU,2421,13,2026,2,hou,cin,00-0038618,X.Hutchinson,target,64,0,0,0,0
2026_02_CIN_HOU,2444,13,2026,2,hou,cin,00-0040138,J.Noel,target,64,0,0,0,0
2026_02_CIN_HOU,2467,13,2026,2,hou,cin,00-0038728,J.Wayne,target,64,0,0,0,0
2026_02_CIN_HOU,2532,14,2026,2,cin,hou,00-0039814,E.All,target,41,0,0,0,0
2026_02_CIN_HOU,2564,14,2026,2,cin,hou,00-0038597,C.Brown,carry,36,0,0,0,0
2026_02_CIN_HOU,2586,14,2026,2,cin,hou,00-0038619,A.Iosivas,target,40,0,0,0,0
2026_02_CIN_HOU,2661,15,2026,2,hou,cin,00-0040583,W.Marks,carry,73,0,0,0,0
2026_02_CIN_HOU,2683,15,2026,2,hou,cin,00-0034981,F.Moreau,target,70,0,0,0,0
2026_02_CIN_HOU,2754,15,2026,2,hou,cin,00-0040583,W.Marks,carry,52,0,0,0,0
2026_02_CIN_HOU,2776,15,2026,2,hou,cin,00-0040583,W.Marks,target,49,0,0,0,0
2026_02_CIN_HOU,2801,15,2026,2,hou,cin,00-0040583,W.Marks,target,40,0,0,0,0
2026_02_CIN_HOU,2824,15,2026,2,hou,cin,00-0040583,W.Marks,carry,40,0,0,0,0
2026_02_CIN_HOU,2867,16,2026,2,cin,hou,00-0036900,J.Chase,target,52,0,0,0,0
2026_02_CIN_HOU,2923,16,2026,2,cin,hou,00-0033526,S.Perine,carry,53,0,0,0,0
2026_02_CIN_HOU,2945,16,2026,2,cin,hou,00-0033526,S.Perine,target,49,0,0,0,0
2026_02_CIN_HOU,2970,16,2026,2,cin,hou,00-0039814,E.All,target,33,0,0,0,0
2026_02_CIN_HOU,2993,16,2026,2,cin,hou,00-0038597,C.Brown,carry,33,0,0,0,0
2026_02_CIN_HOU,3015,16,2026,2,cin,hou,00-0038597,C.Brown,carry,22,0,0,0,0
2026_02_CIN_HOU,3037,16,2026,2,cin,hou,00-0038597,C.Brown,carry,20,1,0,0,0
2026_02_CIN_HOU,3064,16,2026,2,cin,hou,00-0036900,J.Chase,target,18,1,0,0,1
2026_02_CIN_HOU,3173,17,2026,2,hou,cin,00-0035685,D.Montgomery,target,53,0,0,0,0
2026_02_CIN_HOU,3198,17,2026,2,hou,cin,00-0038608,K.Boutte,target,47,0,0,0,0
2026_02_CIN_HOU,3245,17,2026,2,hou,cin,00-0038728,J.Wayne,target,22,0,0,0,0
2026_02_CIN_HOU,3292,17,2026,2,hou,cin,00-0034383,D.Schultz,target,27,0,0,0,0
2026_02_CIN_HOU,3369,18,2026,2,cin,hou,00-0038597,C.Brown,carry,72,0,0,0,0
2026_02_CIN_HOU,3431,18,2026,2,cin,hou,00-0036410,T.Higgins,target,67,0,0,0,0
2026_02_CIN_HOU,3461,18,2026,2,cin,hou,00-0038597,C.Brown,carry,44,0,0,0,0
2026_02_CIN_HOU,3483,18,2026,2,cin,hou,00-0038597,C.Brown,carry,42,0,0,0,0
2026_02_CIN_HOU,3505,18,2026,2,cin,hou,00-0036410,T.Higgins,target,39,0,0,0,0
2026_02_CIN_HOU,3572,19,2026,2,hou,cin,00-0040138,J.Noel,target,80,0,0,0,0
2026_02_CIN_HOU,3602,19,2026,2,hou,cin,00-0040138,J.Noel,target,49,0,0,0,0
2026_02_CIN_HOU,3625,19,2026,2,hou,cin,00-0040583,W.Marks,carry,49,0,0,0,0
2026_02_CIN_HOU,3707,20,2026,2,cin,hou,00-0036900,J.Chase,target,82,0,0,0,0
2026_02_CIN_HOU,3744,20,2026,2,cin,hou,00-0040785,D.Meyers,target,77,0,0,0,0
2026_02_CIN_HOU,3779,20,2026,2,cin,hou,00-0036410,T.Higgins,target,77,0,0,0,0
2026_02_CIN_HOU,3845,21,2026,2,hou,cin,00-0034383,D.Schultz,target,64,0,0,0,0
2026_02_CIN_HOU,3890,21,2026,2,hou,cin,00-0038608,K.Boutte,target,60,0,0,0,0
2026_02_CIN_HOU,3933,22,2026,2,cin,hou,00-0038597,C.Brown,carry,80,0,0,0,0
2026_02_CIN_HOU,3967,22,2026,2,cin,hou,00-0038597,C.Brown,carry,72,0,0,0,0
2026_02_CIN_HOU,3989,22,2026,2,cin,hou,00-0039814,E.All,target,67,0,0,0,0
2026_02_CIN_HOU,4014,22,2026,2,cin,hou,00-0038597,C.Brown,carry,67,0,0,0,0
2026_02_CIN_HOU,4107,23,2026,2,hou,cin,00-0034383,D.Schultz,target,79,0,0,0,0
2026_02_CIN_HOU,4132,23,2026,2,hou,cin,00-0034383,D.Schultz,target,70,0,0,0,0
2026_02_CIN_HOU,4181,23,2026,2,hou,cin,00-0034383,D.Schultz,target,63,0,0,0,0
2026_02_CIN_HOU,4226,23,2026,2,hou,cin,00-0040583,W.Marks,target,67,0,0,0,0
2026_02_CIN_HOU,4251,23,2026,2,hou,cin,00-0038728,J.Wayne,target,59,0,0,0,0
2026_02_CIN_HOU,4274,24,2026,2,cin,hou,00-0038597,C.Brown,carry,41,0,0,0,0
2026_02_CIN_HOU,4296,24,2026,2,cin,hou,00-0038597,C.Brown,carry,43,0,0,0,0
2026_02_CIN_HOU,4325,24,2026,2,cin,hou,00-0038597,C.Brown,carry,43,0,0,0,0
2026_02_CIN_HOU,4407,25,2026,2,hou,cin,00-0034383,D.Schultz,target,88,0,0,0,0
2026_02_CIN_HOU,4430,25,2026,2,hou,cin,00-0034383,D.Schultz,target,88,0,0,0,0
2026_02_CIN_HOU,4455,25,2026,2,hou,cin,00-0034383,D.Schultz,target,81,0,0,0,0
2026_02_CIN_HOU,4510,25,2026,2,hou,cin,00-0034383,D.Schultz,target,70,0,0,0,0
2026_02_CIN_HOU,4535,25,2026,2,hou,cin,00-0034383,D.Schultz,target,65,0,0,0,0
2026_02_CIN_HOU,4583,25,2026,2,hou,cin,00-0038618,X.Hutchinson,target,40,0,0,0,0
2026_02_CIN_HOU,4606,25,2026,2,hou,cin,00-0038728,J.Wayne,target,40,0,0,0,0
2026_02_CIN_HOU,4642,25,2026,2,hou,cin,00-0038608,K.Boutte,target,12,1,0,0,0
2026_02_CIN_HOU,4685,25,2026,2,hou,cin,00-0038618,X.Hutchinson,target,19,1,0,0,0
2026_02_CLE_TB,63,1,2026,2,cle,tb,00-0041547,K.Concepcion,target,67,0,0,0,0
2026_02_CLE_TB,88,1,2026,2,cle,tb,00-0041547,K.Concepcion,carry,58,0,0,0,0
2026_02_CLE_TB,110,1,2026,2,cle,tb,00-0040784,Q.Judkins,carry,64,0,0,0,0
2026_02_CLE_TB,213,2,2026,2,tb,cle,00-0033921,C.Godwin,carry,59,0,0,0,0
2026_02_CLE_TB,235,2,2026,2,tb,cle,00-0041048,T.Hurst,target,47,0,0,0,0
2026_02_CLE_TB,258,2,2026,2,tb,cle,00-0040129,E.Egbuka,carry,47,0,0,0,0
2026_02_CLE_TB,285,2,2026,2,tb,cle,00-0038129,C.Otton,target,50,0,0,0,0
2026_02_CLE_TB,360,3,2026,2,cle,tb,00-0040784,Q.Judkins,carry,72,0,0,0,0
2026_02_CLE_TB,382,3,2026,2,cle,tb,00-0040784,Q.Judkins,carry,63,0,0,0,0
2026_02_CLE_TB,404,3,2026,2,cle,tb,00-0040663,H.Fannin,target,57,0,0,0,0
2026_02_CLE_TB,434,3,2026,2,cle,tb,00-0040784,Q.Judkins,carry,36,0,0,0,0
2026_02_CLE_TB,456,3,2026,2,cle,tb,00-0041547,K.Concepcion,target,34,0,0,0,0
2026_02_CLE_TB,481,3,2026,2,cle,tb,00-0040466,R.Sanders,target,34,0,0,0,0
2026_02_CLE_TB,580,4,2026,2,tb,cle,00-0039361,B.Irving,carry,75,0,0,0,0
2026_02_CLE_TB,602,4,2026,2,tb,cle,00-0039361,B.Irving,carry,71,0,0,0,0
2026_02_CLE_TB,624,4,2026,2,tb,cle,00-0039361,B.Irving,target,33,0,0,0,0
2026_02_CLE_TB,649,4,2026,2,tb,cle,00-0039361,B.Irving,carry,30,0,0,0,0
2026_02_CLE_TB,671,4,2026,2,tb,cle,00-0036919,K.Gainwell,target,27,0,0,0,0
2026_02_CLE_TB,744,5,2026,2,cle,tb,00-0040784,Q.Judkins,carry,67,0,0,0,0
2026_02_CLE_TB,766,5,2026,2,cle,tb,00-0040784,Q.Judkins,carry,65,0,0,0,0
2026_02_CLE_TB,788,5,2026,2,cle,tb,00-0040663,H.Fannin,target,69,0,0,0,0
2026_02_CLE_TB,888,6,2026,2,tb,cle,00-0038129,C.Otton,target,83,0,0,0,0
2026_02_CLE_TB,944,6,2026,2,tb,cle,00-0041048,T.Hurst,target,64,0,0,0,0
2026_02_CLE_TB,971,7,2026,2,cle,tb,00-0040784,Q.Judkins,target,28,0,0,0,0
2026_02_CLE_TB,1012,7,2026,2,cle,tb,00-0040784,Q.Judkins,carry,12,1,0,0,0
2026_02_CLE_TB,1045,7,2026,2,cle,tb,00-0041037,D.Boston,target,21,0,0,0,0
2026_02_CLE_TB,1068,7,2026,2,cle,tb,00-0041037,D.Boston,target,21,0,0,0,0
2026_02_CLE_TB,1205,8,2026,2,tb,cle,00-0039361,B.Irving,carry,71,0,0,0,0
2026_02_CLE_TB,1227,8,2026,2,tb,cle,00-0039361,B.Irving,target,66,0,0,0,0
2026_02_CLE_TB,1288,8,2026,2,tb,cle,00-0041048,T.Hurst,target,79,0,0,0,0
2026_02_CLE_TB,1313,8,2026,2,tb,cle,00-0039361,B.Irving,carry,58,0,0,0,0
2026_02_CLE_TB,1335,8,2026,2,tb,cle,00-0039361,B.Irving,carry,54,0,0,0,0
2026_02_CLE_TB,1446,9,2026,2,cle,tb,00-0033537,D.Watson,carry,90,0,0,0,0
2026_02_CLE_TB,1488,9,2026,2,cle,tb,00-0040466,R.Sanders,carry,95,0,0,0,0
2026_02_CLE_TB,1536,10,2026,2,tb,cle,00-0036919,K.Gainwell,target,56,0,0,0,0
2026_02_CLE_TB,1573,10,2026,2,tb,cle,00-0038129,C.Otton,target,54,0,0,0,0
2026_02_CLE_TB,1770,11,2026,2,cle,tb,00-0040784,Q.Judkins,carry,72,0,0,0,0
2026_02_CLE_TB,1792,11,2026,2,cle,tb,00-0041547,K.Concepcion,target,72,0,0,0,0
2026_02_CLE_TB,1817,11,2026,2,cle,tb,00-0040784,Q.Judkins,carry,66,0,0,0,0
2026_02_CLE_TB,1839,12,2026,2,tb,cle,00-0039361,B.Irving,carry,34,0,0,0,0
2026_02_CLE_TB,1868,12,2026,2,tb,cle,00-0040129,E.Egbuka,target,33,0,0,0,0
2026_02_CLE_TB,1905,12,2026,2,tb,cle,00-0036919,K.Gainwell,carry,26,0,0,0,0
2026_02_CLE_TB,1927,12,2026,2,tb,cle,00-0036919,K.Gainwell,target,22,0,0,0,0
2026_02_CLE_TB,1952,12,2026,2,tb,cle,00-0036919,K.Gainwell,carry,17,1,0,0,0
2026_02_CLE_TB,1974,12,2026,2,tb,cle,00-0036919,K.Gainwell,target,11,1,0,0,0
2026_02_CLE_TB,2036,12,2026,2,tb,cle,00-0040237,T.Johnson,target,13,1,0,0,0
2026_02_CLE_TB,2173,14,2026,2,tb,cle,00-0033921,C.Godwin,target,65,0,0,0,0
2026_02_CLE_TB,2203,14,2026,2,tb,cle,00-0039361,B.Irving,carry,41,0,0,0,0
2026_02_CLE_TB,2225,14,2026,2,tb,cle,00-0039361,B.Irving,carry,27,0,0,0,0
2026_02_CLE_TB,2247,14,2026,2,tb,cle,00-0038129,C.Otton,target,27,0,0,0,0
2026_02_CLE_TB,2272,14,2026,2,tb,cle,00-0034855,B.Mayfield,carry,18,1,0,0,0
2026_02_CLE_TB,2294,14,2026,2,tb,cle,00-0039361,B.Irving,carry,15,1,0,0,0
2026_02_CLE_TB,2319,14,2026,2,tb,cle,00-0039361,B.Irving,target,11,1,0,0,0
2026_02_CLE_TB,2371,14,2026,2,tb,cle,00-0040129,E.Egbuka,target,5,1,1,1,1
2026_02_CLE_TB,2442,15,2026,2,cle,tb,00-0040784,Q.Judkins,carry,74,0,0,0,0
2026_02_CLE_TB,2464,15,2026,2,cle,tb,00-0040663,H.Fannin,target,73,0,0,0,0
2026_02_CLE_TB,2489,15,2026,2,cle,tb,00-0033537,D.Watson,carry,67,0,0,0,0
2026_02_CLE_TB,2518,15,2026,2,cle,tb,00-0041037,D.Boston,target,59,0,0,0,0
2026_02_CLE_TB,2548,15,2026,2,cle,tb,00-0040784,Q.Judkins,carry,44,0,0,0,0
2026_02_CLE_TB,2570,15,2026,2,cle,tb,00-0041547,K.Concepcion,target,39,0,0,0,0
2026_02_CLE_TB,2600,15,2026,2,cle,tb,00-0040782,I.Bond,target,30,0,0,0,0
2026_02_CLE_TB,2630,15,2026,2,cle,tb,00-0041547,K.Concepcion,target,20,1,0,0,0
2026_02_CLE_TB,2655,15,2026,2,cle,tb,00-0041547,K.Concepcion,target,14,1,0,0,0
2026_02_CLE_TB,2685,15,2026,2,cle,tb,00-0041037,D.Boston,target,16,1,0,0,0
2026_02_CLE_TB,2770,16,2026,2,tb,cle,00-0038129,C.Otton,target,71,0,0,0,0
2026_02_CLE_TB,2793,16,2026,2,tb,cle,00-0039361,B.Irving,carry,58,0,0,0,0
2026_02_CLE_TB,2862,16,2026,2,tb,cle,00-0040129,E.Egbuka,target,63,0,0,0,0
2026_02_CLE_TB,2885,16,2026,2,tb,cle,00-0040237,T.Johnson,target,63,0,0,0,0
2026_02_CLE_TB,2928,17,2026,2,cle,tb,00-0040663,H.Fannin,target,83,0,0,0,0
2026_02_CLE_TB,2960,17,2026,2,cle,tb,00-0038710,B.Whiteheart,target,70,0,0,0,0
2026_02_CLE_TB,3017,17,2026,2,cle,tb,00-0041037,D.Boston,target,55,0,0,0,1
2026_02_CLE_TB,3081,18,2026,2,tb,cle,00-0039361,B.Irving,carry,71,0,0,0,0
2026_02_CLE_TB,3103,18,2026,2,tb,cle,00-0039361,B.Irving,carry,70,0,0,0,0
2026_02_CLE_TB,3145,18,2026,2,tb,cle,00-0041048,T.Hurst,target,69,0,0,0,0
2026_02_CLE_TB,3187,19,2026,2,cle,tb,00-0040784,Q.Judkins,target,74,0,0,0,0
2026_02_CLE_TB,3217,19,2026,2,cle,tb,00-0040784,Q.Judkins,carry,61,0,0,0,0
2026_02_CLE_TB,3239,19,2026,2,cle,tb,00-0036407,J.Jeudy,target,64,0,0,0,0
2026_02_CLE_TB,3309,20,2026,2,tb,cle,00-0040237,T.Johnson,target,84,0,0,0,0
2026_02_CLE_TB,3344,20,2026,2,tb,cle,00-0033921,C.Godwin,target,84,0,0,0,0
2026_02_CLE_TB,3369,20,2026,2,tb,cle,00-0040237,T.Johnson,target,70,0,0,0,0
2026_02_CLE_TB,3394,20,2026,2,tb,cle,00-0040129,E.Egbuka,target,21,0,0,0,0
2026_02_CLE_TB,3424,20,2026,2,tb,cle,00-0039361,B.Irving,target,17,1,0,0,0
2026_02_CLE_TB,3449,20,2026,2,tb,cle,00-0041048,T.Hurst,target,13,1,0,0,0
2026_02_CLE_TB,3525,21,2026,2,cle,tb,00-0040784,Q.Judkins,target,68,0,0,0,0
2026_02_CLE_TB,3550,21,2026,2,cle,tb,00-0038794,J.McLaughlin,carry,65,0,0,0,0
2026_02_CLE_TB,3640,21,2026,2,cle,tb,00-0040784,Q.Judkins,target,56,0,0,0,0
2026_02_CLE_TB,3665,21,2026,2,cle,tb,00-0040784,Q.Judkins,target,51,0,0,0,0
2026_02_CLE_TB,3695,21,2026,2,cle,tb,00-0041037,D.Boston,target,49,0,0,0,0
2026_02_CLE_TB,3725,21,2026,2,cle,tb,00-0040663,H.Fannin,target,40,0,0,0,0
2026_02_CLE_TB,3750,21,2026,2,cle,tb,00-0040466,R.Sanders,carry,32,0,0,0,0
2026_02_CLE_TB,3772,21,2026,2,cle,tb,00-0040663,H.Fannin,target,31,0,0,0,0
2026_02_CLE_TB,3804,21,2026,2,cle,tb,00-0038794,J.McLaughlin,target,25,0,0,0,0
2026_02_CLE_TB,3827,21,2026,2,cle,tb,00-0041037,D.Boston,target,25,0,0,0,0
2026_02_CLE_TB,3857,21,2026,2,cle,tb,00-0038710,B.Whiteheart,target,17,1,0,0,1
2026_02_CLE_TB,3931,22,2026,2,tb,cle,00-0038129,C.Otton,target,51,0,0,0,0
2026_02_CLE_TB,3956,22,2026,2,tb,cle,00-0039361,B.Irving,carry,47,0,0,0,0
2026_02_CLE_TB,3985,22,2026,2,tb,cle,00-0033921,C.Godwin,target,42,0,0,0,0
2026_02_CLE_TB,4015,22,2026,2,tb,cle,00-0039361,B.Irving,carry,34,0,0,0,0
2026_02_CLE_TB,4084,22,2026,2,tb,cle,00-0039361,B.Irving,carry,28,0,0,0,0
2026_02_CLE_TB,4106,22,2026,2,tb,cle,00-0039361,B.Irving,carry,25,0,0,0,0
2026_02_CLE_TB,4131,22,2026,2,tb,cle,00-0041048,T.Hurst,target,19,1,0,0,0
2026_02_CLE_TB,4197,22,2026,2,tb,cle,00-0041048,T.Hurst,target,23,0,0,0,0
2026_02_CLE_TB,4242,22,2026,2,tb,cle,00-0040129,E.Egbuka,target,20,1,0,0,0
2026_02_DET_BUF,74,1,2026,2,buf,det,00-0037261,K.Shakir,target,85,0,0,0,0
2026_02_DET_BUF,99,1,2026,2,buf,det,00-0037248,J.Cook,carry,76,0,0,0,0
2026_02_DET_BUF,194,1,2026,2,buf,det,00-0037248,J.Cook,carry,51,0,0,0,0
2026_02_DET_BUF,243,1,2026,2,buf,det,00-0037261,K.Shakir,target,38,0,0,0,0
2026_02_DET_BUF,273,1,2026,2,buf,det,00-0037248,J.Cook,carry,25,0,0,0,0
2026_02_DET_BUF,317,1,2026,2,buf,det,00-0034857,J.Allen,carry,1,1,1,1,1
2026_02_DET_BUF,379,2,2026,2,det,buf,00-0039065,S.LaPorta,target,65,0,0,0,0
2026_02_DET_BUF,404,2,2026,2,det,buf,00-0039139,J.Gibbs,carry,63,0,0,0,0
2026_02_DET_BUF,466,3,2026,2,buf,det,00-0037261,K.Shakir,target,79,0,0,0,0
2026_02_DET_BUF,496,3,2026,2,buf,det,00-0037248,J.Cook,carry,79,0,0,0,0
2026_02_DET_BUF,518,3,2026,2,buf,det,00-0039901,K.Coleman,target,75,0,0,0,0
2026_02_DET_BUF,548,3,2026,2,buf,det,00-0037248,J.Cook,carry,68,0,0,0,0
2026_02_DET_BUF,570,3,2026,2,buf,det,00-0038933,D.Kincaid,target,67,0,0,0,0
2026_02_DET_BUF,595,3,2026,2,buf,det,00-0034827,D.Moore,carry,42,0,0,0,0
2026_02_DET_BUF,640,3,2026,2,buf,det,00-0036988,J.Palmer,target,43,0,0,0,1
2026_02_DET_BUF,711,4,2026,2,det,buf,00-0039139,J.Gibbs,carry,66,0,0,0,0
2026_02_DET_BUF,733,4,2026,2,det,buf,00-0039139,J.Gibbs,carry,50,0,0,0,0
2026_02_DET_BUF,790,4,2026,2,det,buf,00-0033106,J.Goff,carry,51,0,0,0,0
2026_02_DET_BUF,848,5,2026,2,buf,det,00-0037248,J.Cook,carry,57,0,0,0,0
2026_02_DET_BUF,877,5,2026,2,buf,det,00-0038933,D.Kincaid,target,48,0,0,0,0
2026_02_DET_BUF,900,5,2026,2,buf,det,00-0037248,J.Cook,carry,48,0,0,0,0
2026_02_DET_BUF,942,5,2026,2,buf,det,00-0038933,D.Kincaid,target,47,0,0,0,0
2026_02_DET_BUF,972,5,2026,2,buf,det,00-0039901,K.Coleman,target,35,0,0,0,0
2026_02_DET_BUF,997,5,2026,2,buf,det,00-0039901,K.Coleman,target,13,1,0,0,0
2026_02_DET_BUF,1022,5,2026,2,buf,det,00-0037248,J.Cook,target,9,1,1,0,0
2026_02_DET_BUF,1117,5,2026,2,buf,det,00-0037248,J.Cook,carry,2,1,1,1,0
2026_02_DET_BUF,1146,5,2026,2,buf,det,00-0035689,D.Knox,target,1,1,1,1,1
2026_02_DET_BUF,1247,6,2026,2,det,buf,00-0039139,J.Gibbs,target,67,0,0,0,0
2026_02_DET_BUF,1310,6,2026,2,det,buf,00-0039139,J.Gibbs,carry,65,0,0,0,0
2026_02_DET_BUF,1332,6,2026,2,det,buf,00-0039364,S.Vaki,target,65,0,0,0,0
2026_02_DET_BUF,1357,6,2026,2,det,buf,00-0039139,J.Gibbs,carry,52,0,0,0,0
2026_02_DET_BUF,1379,6,2026,2,det,buf,00-0039139,J.Gibbs,carry,42,0,0,0,0
2026_02_DET_BUF,1401,6,2026,2,det,buf,00-0039364,S.Vaki,carry,43,0,0,0,0
2026_02_DET_BUF,1423,6,2026,2,det,buf,00-0039139,J.Gibbs,target,36,0,0,0,0
2026_02_DET_BUF,1448,6,2026,2,det,buf,00-0039065,S.LaPorta,target,28,0,0,0,0
2026_02_DET_BUF,1471,6,2026,2,det,buf,00-0036963,A.St. Brown,target,28,0,0,0,0
2026_02_DET_BUF,1501,6,2026,2,det,buf,00-0039139,J.Gibbs,carry,17,1,0,0,0
2026_02_DET_BUF,1523,6,2026,2,det,buf,00-0039139,J.Gibbs,target,11,1,0,0,1
2026_02_DET_BUF,1594,7,2026,2,buf,det,00-0037248,J.Cook,carry,68,0,0,0,0
2026_02_DET_BUF,1626,7,2026,2,buf,det,00-0037248,J.Cook,carry,48,0,0,0,0
2026_02_DET_BUF,1653,7,2026,2,buf,det,00-0037248,J.Cook,carry,13,1,0,0,0
2026_02_DET_BUF,1712,7,2026,2,buf,det,00-0038933,D.Kincaid,target,16,1,0,0,1
2026_02_DET_BUF,1786,8,2026,2,det,buf,00-0039065,S.LaPorta,target,73,0,0,0,0
2026_02_DET_BUF,1811,8,2026,2,det,buf,00-0037240,J.Williams,target,61,0,0,0,0
2026_02_DET_BUF,1834,8,2026,2,det,buf,00-0039139,J.Gibbs,target,61,0,0,0,0
2026_02_DET_BUF,1957,9,2026,2,buf,det,00-0038933,D.Kincaid,target,82,0,0,0,0
2026_02_DET_BUF,1985,9,2026,2,buf,det,00-0038933,D.Kincaid,target,76,0,0,0,0
2026_02_DET_BUF,2051,9,2026,2,buf,det,00-0036988,J.Palmer,target,65,0,0,0,0
2026_02_DET_BUF,2074,9,2026,2,buf,det,00-0036988,J.Palmer,target,65,0,0,0,0
2026_02_DET_BUF,2100,9,2026,2,buf,det,00-0037261,K.Shakir,target,65,0,0,0,0
2026_02_DET_BUF,2143,10,2026,2,det,buf,00-0040669,I.TeSlaa,target,78,0,0,0,0
2026_02_DET_BUF,2166,10,2026,2,det,buf,00-0039065,S.LaPorta,target,78,0,0,0,0
2026_02_DET_BUF,2191,10,2026,2,det,buf,00-0036963,A.St. Brown,target,66,0,0,0,0
2026_02_DET_BUF,2223,10,2026,2,det,buf,00-0037240,J.Williams,target,44,0,0,0,0
2026_02_DET_BUF,2277,10,2026,2,det,buf,00-0037240,J.Williams,target,49,0,0,0,0
2026_02_DET_BUF,2302,10,2026,2,det,buf,00-0040669,I.TeSlaa,target,33,0,0,0,0
2026_02_DET_BUF,2330,10,2026,2,det,buf,00-0039139,J.Gibbs,carry,33,0,0,0,0
2026_02_DET_BUF,2431,11,2026,2,det,buf,00-0039139,J.Gibbs,carry,74,0,0,0,0
2026_02_DET_BUF,2453,11,2026,2,det,buf,00-0040669,I.TeSlaa,target,72,0,0,0,0
2026_02_DET_BUF,2483,11,2026,2,det,buf,00-0036963,A.St. Brown,target,66,0,0,0,0
2026_02_DET_BUF,2523,11,2026,2,det,buf,00-0036963,A.St. Brown,target,45,0,0,0,0
2026_02_DET_BUF,2551,11,2026,2,det,buf,00-0039139,J.Gibbs,carry,45,0,0,0,0
2026_02_DET_BUF,2573,11,2026,2,det,buf,00-0036963,A.St. Brown,target,45,0,0,0,0
2026_02_DET_BUF,2598,11,2026,2,det,buf,00-0039065,S.LaPorta,target,40,0,0,0,0
2026_02_DET_BUF,2623,11,2026,2,det,buf,00-0039139,J.Gibbs,carry,22,0,0,0,0
2026_02_DET_BUF,2645,11,2026,2,det,buf,00-0039139,J.Gibbs,target,20,1,0,0,0
2026_02_DET_BUF,2681,11,2026,2,det,buf,00-0036963,A.St. Brown,target,11,1,0,0,0
2026_02_DET_BUF,2706,11,2026,2,det,buf,00-0036963,A.St. Brown,target,2,1,1,1,1
2026_02_DET_BUF,2799,12,2026,2,buf,det,00-0037248,J.Cook,carry,67,0,0,0,0
2026_02_DET_BUF,2821,12,2026,2,buf,det,00-0034857,J.Allen,carry,66,0,0,0,0
2026_02_DET_BUF,2843,12,2026,2,buf,det,00-0037248,J.Cook,carry,63,0,0,0,0
2026_02_DET_BUF,2865,12,2026,2,buf,det,00-0037248,J.Cook,target,59,0,0,0,0
2026_02_DET_BUF,2890,12,2026,2,buf,det,00-0035689,D.Knox,target,55,0,0,0,0
2026_02_DET_BUF,2937,12,2026,2,buf,det,00-0039901,K.Coleman,target,51,0,0,0,0
2026_02_DET_BUF,2962,12,2026,2,buf,det,00-0034857,J.Allen,carry,42,0,0,0,0
2026_02_DET_BUF,2986,12,2026,2,buf,det,00-0037248,J.Cook,target,40,0,0,0,0
2026_02_DET_BUF,3009,12,2026,2,buf,det,00-0034857,J.Allen,carry,40,0,0,0,0
2026_02_DET_BUF,3050,12,2026,2,buf,det,00-0034857,J.Allen,carry,31,0,0,0,0
2026_02_DET_BUF,3072,12,2026,2,buf,det,00-0038933,D.Kincaid,target,29,0,0,0,0
2026_02_DET_BUF,3102,12,2026,2,buf,det,00-0037248,J.Cook,carry,6,1,1,0,0
2026_02_DET_BUF,3203,13,2026,2,det,buf,00-0039139,J.Gibbs,carry,66,0,0,0,0
2026_02_DET_BUF,3230,13,2026,2,det,buf,00-0036963,A.St. Brown,target,66,0,0,0,0
2026_02_DET_BUF,3280,13,2026,2,det,buf,00-0036963,A.St. Brown,target,32,0,0,0,0
2026_02_DET_BUF,3310,13,2026,2,det,buf,00-0039139,J.Gibbs,carry,32,0,0,0,0
2026_02_DET_BUF,3332,13,2026,2,det,buf,00-0036963,A.St. Brown,target,30,0,0,0,0
2026_02_DET_BUF,3357,13,2026,2,det,buf,00-0039065,S.LaPorta,target,19,1,0,0,0
2026_02_DET_BUF,3387,13,2026,2,det,buf,00-0039139,J.Gibbs,carry,12,1,0,0,0
2026_02_DET_BUF,3409,13,2026,2,det,buf,00-0040669,I.TeSlaa,target,12,1,0,0,0
2026_02_DET_BUF,3517,13,2026,2,det,buf,00-0039139,J.Gibbs,carry,8,1,1,0,0
2026_02_DET_BUF,3573,13,2026,2,det,buf,00-0039065,S.LaPorta,target,1,1,1,1,1
2026_02_DET_BUF,3662,14,2026,2,buf,det,00-0038933,D.Kincaid,target,65,0,0,0,0
2026_02_DET_BUF,3687,14,2026,2,buf,det,00-0034857,J.Allen,carry,58,0,0,0,0
2026_02_DET_BUF,3709,14,2026,2,buf,det,00-0037248,J.Cook,carry,52,0,0,0,0
2026_02_DET_BUF,3754,14,2026,2,buf,det,00-0037261,K.Shakir,target,50,0,0,0,0
2026_02_DET_BUF,3797,15,2026,2,det,buf,00-0039139,J.Gibbs,target,90,0,0,0,0
2026_02_DET_BUF,3827,15,2026,2,det,buf,00-0039139,J.Gibbs,carry,90,0,0,0,0
2026_02_DET_BUF,3849,15,2026,2,det,buf,00-0036963,A.St. Brown,target,90,0,0,0,0
2026_02_DET_BUF,3903,16,2026,2,buf,det,00-0037248,J.Cook,carry,61,0,0,0,0
2026_02_DET_BUF,3932,16,2026,2,buf,det,00-0037248,J.Cook,carry,59,0,0,0,0
2026_02_DET_BUF,3954,16,2026,2,buf,det,00-0039901,K.Coleman,target,58,0,0,0,0
2026_02_DET_BUF,3987,16,2026,2,buf,det,00-0037248,J.Cook,carry,49,0,0,0,0
2026_02_DET_BUF,4014,16,2026,2,buf,det,00-0037261,K.Shakir,target,51,0,0,0,0
2026_02_DET_BUF,4038,16,2026,2,buf,det,00-0039901,K.Coleman,target,35,0,0,0,0
2026_02_DET_BUF,4071,16,2026,2,buf,det,00-0037248,J.Cook,carry,23,0,0,0,0
2026_02_DET_BUF,4101,16,2026,2,buf,det,00-0037248,J.Cook,carry,1,1,1,1,1
2026_02_DET_BUF,4174,17,2026,2,det,buf,00-0039139,J.Gibbs,target,68,0,0,0,0
2026_02_DET_BUF,4217,17,2026,2,det,buf,00-0036963,A.St. Brown,target,76,0,0,0,0
2026_02_DET_BUF,4240,17,2026,2,det,buf,00-0040669,I.TeSlaa,target,76,0,0,0,0
2026_02_DET_BUF,4270,17,2026,2,det,buf,00-0039139,J.Gibbs,target,56,0,0,0,0
2026_02_DET_BUF,4295,17,2026,2,det,buf,00-0037240,J.Williams,target,44,0,0,0,0
2026_02_DET_BUF,4330,17,2026,2,det,buf,00-0036963,A.St. Brown,target,27,0,0,0,1
2026_02_DET_BUF,4402,18,2026,2,buf,det,00-0037248,J.Cook,carry,36,0,0,0,0
2026_02_GB_NYJ,92,1,2026,2,gb,nyj,00-0039146,J.Reed,target,72,0,0,0,0
2026_02_GB_NYJ,124,1,2026,2,gb,nyj,00-0040667,M.Golden,target,68,0,0,0,0
2026_02_GB_NYJ,202,2,2026,2,nyj,gb,00-0038120,B.Hall,carry,95,0,0,0,0
2026_02_GB_NYJ,224,2,2026,2,nyj,gb,00-0041032,K.Sadiq,target,94,0,0,0,0
2026_02_GB_NYJ,273,2,2026,2,nyj,gb,00-0038120,B.Hall,carry,84,0,0,0,0
2026_02_GB_NYJ,333,2,2026,2,nyj,gb,00-0039890,A.Mitchell,target,90,0,0,0,0
2026_02_GB_NYJ,358,2,2026,2,nyj,gb,00-0039890,A.Mitchell,target,83,0,0,0,0
2026_02_GB_NYJ,392,2,2026,2,nyj,gb,00-0038120,B.Hall,target,68,0,0,0,0
2026_02_GB_NYJ,443,2,2026,2,nyj,gb,00-0038120,B.Hall,carry,56,0,0,0,0
2026_02_GB_NYJ,465,2,2026,2,nyj,gb,00-0038120,B.Hall,carry,51,0,0,0,0
2026_02_GB_NYJ,487,2,2026,2,nyj,gb,00-0037740,G.Wilson,target,53,0,0,0,0
2026_02_GB_NYJ,586,3,2026,2,gb,nyj,00-0039811,M.Lloyd,target,96,0,0,0,0
2026_02_GB_NYJ,611,3,2026,2,gb,nyj,00-0038090,S.Moore,target,96,0,0,0,0
2026_02_GB_NYJ,636,3,2026,2,gb,nyj,00-0038090,S.Moore,target,97,0,0,0,0
2026_02_GB_NYJ,696,4,2026,2,nyj,gb,00-0038120,B.Hall,target,71,0,0,0,0
2026_02_GB_NYJ,728,4,2026,2,nyj,gb,00-0038120,B.Hall,carry,64,0,0,0,0
2026_02_GB_NYJ,750,4,2026,2,nyj,gb,00-0039890,A.Mitchell,target,62,0,0,0,0
2026_02_GB_NYJ,775,4,2026,2,nyj,gb,00-0039890,A.Mitchell,target,54,0,0,0,0
2026_02_GB_NYJ,798,4,2026,2,nyj,gb,00-0037740,G.Wilson,target,54,0,0,0,0
2026_02_GB_NYJ,876,5,2026,2,gb,nyj,00-0040142,K.Johnson,carry,80,0,0,0,0
2026_02_GB_NYJ,898,5,2026,2,gb,nyj,00-0038124,C.Watson,target,76,0,0,0,0
2026_02_GB_NYJ,932,5,2026,2,gb,nyj,00-0038124,C.Watson,target,76,0,0,0,0
2026_02_GB_NYJ,1003,6,2026,2,nyj,gb,00-0038120,B.Hall,carry,87,0,0,0,0
2026_02_GB_NYJ,1038,6,2026,2,nyj,gb,00-0039890,A.Mitchell,target,90,0,0,0,0
2026_02_GB_NYJ,1101,7,2026,2,gb,nyj,00-0040142,K.Johnson,carry,64,0,0,0,0
2026_02_GB_NYJ,1143,7,2026,2,gb,nyj,00-0040142,K.Johnson,carry,52,0,0,0,0
2026_02_GB_NYJ,1165,7,2026,2,gb,nyj,00-0038124,C.Watson,target,50,0,0,0,0
2026_02_GB_NYJ,1190,7,2026,2,gb,nyj,00-0039811,M.Lloyd,carry,30,0,0,0,0
2026_02_GB_NYJ,1212,7,2026,2,gb,nyj,00-0040142,K.Johnson,carry,25,0,0,0,0
2026_02_GB_NYJ,1277,7,2026,2,gb,nyj,00-0038124,C.Watson,target,28,0,0,0,0
2026_02_GB_NYJ,1302,7,2026,2,gb,nyj,00-0039811,M.Lloyd,carry,15,1,0,0,0
2026_02_GB_NYJ,1324,7,2026,2,gb,nyj,00-0039811,M.Lloyd,carry,8,1,1,0,0
2026_02_GB_NYJ,1346,7,2026,2,gb,nyj,00-0039811,M.Lloyd,target,6,1,1,0,1
2026_02_GB_NYJ,1417,8,2026,2,nyj,gb,00-0039794,B.Allen,carry,70,0,0,0,0
2026_02_GB_NYJ,1439,8,2026,2,nyj,gb,00-0039890,A.Mitchell,target,71,0,0,0,0
2026_02_GB_NYJ,1462,8,2026,2,nyj,gb,00-0037740,G.Wilson,target,71,0,0,0,0
2026_02_GB_NYJ,1521,8,2026,2,nyj,gb,00-0039794,B.Allen,carry,21,0,0,0,0
2026_02_GB_NYJ,1543,8,2026,2,nyj,gb,00-0037805,J.Ruckert,target,20,1,0,0,0
2026_02_GB_NYJ,1568,8,2026,2,nyj,gb,00-0039890,A.Mitchell,target,20,1,0,0,0
2026_02_GB_NYJ,1593,8,2026,2,nyj,gb,00-0039794,B.Allen,carry,5,1,1,1,1
2026_02_GB_NYJ,1661,9,2026,2,gb,nyj,00-0040142,K.Johnson,carry,54,0,0,0,0
2026_02_GB_NYJ,1704,9,2026,2,gb,nyj,00-0038996,T.Kraft,target,62,0,0,0,0
2026_02_GB_NYJ,1809,9,2026,2,gb,nyj,00-0037091,B.Melton,target,57,0,0,0,0
2026_02_GB_NYJ,1858,10,2026,2,nyj,gb,00-0038120,B.Hall,carry,90,0,0,0,0
2026_02_GB_NYJ,1915,10,2026,2,nyj,gb,00-0039890,A.Mitchell,target,91,0,0,0,0
2026_02_GB_NYJ,1945,10,2026,2,nyj,gb,00-0037805,J.Ruckert,target,77,0,0,0,0
2026_02_GB_NYJ,2021,10,2026,2,nyj,gb,00-0038120,B.Hall,carry,69,0,0,0,0
2026_02_GB_NYJ,2043,10,2026,2,nyj,gb,00-0038120,B.Hall,target,67,0,0,0,0
2026_02_GB_NYJ,2068,10,2026,2,nyj,gb,00-0039451,I.Williams,target,70,0,0,0,0
2026_02_GB_NYJ,2100,10,2026,2,nyj,gb,00-0039890,A.Mitchell,target,62,0,0,0,0
2026_02_GB_NYJ,2155,10,2026,2,nyj,gb,00-0039890,A.Mitchell,target,54,0,0,0,0
2026_02_GB_NYJ,2178,10,2026,2,nyj,gb,00-0039451,I.Williams,target,54,0,0,0,0
2026_02_GB_NYJ,2246,11,2026,2,nyj,gb,00-0037740,G.Wilson,target,66,0,0,0,0
2026_02_GB_NYJ,2271,11,2026,2,nyj,gb,00-0039451,I.Williams,target,49,0,0,0,0
2026_02_GB_NYJ,2306,11,2026,2,nyj,gb,00-0038120,B.Hall,carry,45,0,0,0,0
2026_02_GB_NYJ,2399,12,2026,2,gb,nyj,00-0039811,M.Lloyd,carry,97,0,0,0,0
2026_02_GB_NYJ,2428,12,2026,2,gb,nyj,00-0040667,M.Golden,target,94,0,0,0,0
2026_02_GB_NYJ,2574,12,2026,2,gb,nyj,00-0038685,C.Brooks,carry,76,0,0,0,0
2026_02_GB_NYJ,2632,12,2026,2,gb,nyj,00-0039811,M.Lloyd,carry,67,0,0,0,0
2026_02_GB_NYJ,2654,12,2026,2,gb,nyj,00-0038124,C.Watson,target,66,0,0,0,0
2026_02_GB_NYJ,2677,12,2026,2,gb,nyj,00-0038124,C.Watson,target,66,0,0,0,0
2026_02_GB_NYJ,2719,13,2026,2,nyj,gb,00-0038120,B.Hall,target,70,0,0,0,0
2026_02_GB_NYJ,2756,13,2026,2,nyj,gb,00-0038120,B.Hall,carry,66,0,0,0,0
2026_02_GB_NYJ,2800,13,2026,2,nyj,gb,00-0041032,K.Sadiq,target,58,0,0,0,0
2026_02_GB_NYJ,2823,13,2026,2,nyj,gb,00-0038120,B.Hall,carry,58,0,0,0,0
2026_02_GB_NYJ,2850,13,2026,2,nyj,gb,00-0039451,I.Williams,carry,44,0,0,0,0
2026_02_GB_NYJ,2877,13,2026,2,nyj,gb,00-0039451,I.Williams,target,30,0,0,0,0
2026_02_GB_NYJ,2902,13,2026,2,nyj,gb,00-0039794,B.Allen,carry,21,0,0,0,0
2026_02_GB_NYJ,2924,13,2026,2,nyj,gb,00-0039794,B.Allen,target,19,1,0,0,0
2026_02_GB_NYJ,2960,13,2026,2,nyj,gb,00-0037740,G.Wilson,target,5,1,1,1,1
2026_02_GB_NYJ,3042,14,2026,2,gb,nyj,00-0040142,K.Johnson,carry,73,0,0,0,0
2026_02_GB_NYJ,3064,14,2026,2,gb,nyj,00-0038996,T.Kraft,target,76,0,0,0,0
2026_02_GB_NYJ,3089,14,2026,2,gb,nyj,00-0038124,C.Watson,target,66,0,0,0,0
2026_02_GB_NYJ,3132,15,2026,2,nyj,gb,00-0038120,B.Hall,carry,81,0,0,0,0
2026_02_GB_NYJ,3208,15,2026,2,nyj,gb,00-0038120,B.Hall,target,83,0,0,0,0
2026_02_GB_NYJ,3285,15,2026,2,nyj,gb,00-0030565,G.Smith,carry,33,0,0,0,0
2026_02_GB_NYJ,3373,16,2026,2,gb,nyj,00-0039811,M.Lloyd,carry,86,0,0,0,0
2026_02_GB_NYJ,3418,17,2026,2,nyj,gb,00-0038120,B.Hall,carry,18,1,0,0,0
2026_02_GB_NYJ,3474,17,2026,2,nyj,gb,00-0039451,I.Williams,target,17,1,0,0,0
2026_02_GB_NYJ,3573,18,2026,2,gb,nyj,00-0038685,C.Brooks,target,73,0,0,0,0
2026_02_GB_NYJ,3596,18,2026,2,gb,nyj,00-0038090,S.Moore,target,73,0,0,0,0
2026_02_GB_NYJ,3626,18,2026,2,gb,nyj,00-0040667,M.Golden,target,66,0,0,0,0
2026_02_GB_NYJ,3759,18,2026,2,gb,nyj,00-0038996,T.Kraft,target,25,0,0,0,0
2026_02_GB_NYJ,3782,18,2026,2,gb,nyj,00-0040667,M.Golden,target,25,0,0,0,0
2026_02_GB_NYJ,3841,18,2026,2,gb,nyj,00-0038685,C.Brooks,carry,7,1,1,0,0
2026_02_GB_NYJ,3863,18,2026,2,gb,nyj,00-0038124,C.Watson,target,3,1,1,1,1
2026_02_GB_NYJ,3938,19,2026,2,nyj,gb,00-0039890,A.Mitchell,target,87,0,0,0,0
2026_02_GB_NYJ,3963,19,2026,2,nyj,gb,00-0038120,B.Hall,carry,76,0,0,0,0
2026_02_GB_NYJ,3985,19,2026,2,nyj,gb,00-0038120,B.Hall,carry,72,0,0,0,0
2026_02_GB_NYJ,4007,19,2026,2,nyj,gb,00-0039451,I.Williams,target,73,0,0,0,0
2026_02_GB_NYJ,4070,20,2026,2,gb,nyj,00-0038685,C.Brooks,carry,19,1,0,0,0
2026_02_GB_NYJ,4092,20,2026,2,gb,nyj,00-0038685,C.Brooks,carry,15,1,0,0,0
2026_02_GB_NYJ,4119,20,2026,2,gb,nyj,00-0038124,C.Watson,target,16,1,0,0,0
2026_02_GB_NYJ,4185,21,2026,2,nyj,gb,00-0037740,G.Wilson,target,70,0,0,0,0
2026_02_GB_NYJ,4221,21,2026,2,nyj,gb,00-0039890,A.Mitchell,target,59,0,0,0,0
2026_02_GB_NYJ,4244,21,2026,2,nyj,gb,00-0037740,G.Wilson,target,59,0,0,0,0
2026_02_GB_NYJ,4269,21,2026,2,nyj,gb,00-0038120,B.Hall,carry,51,0,0,0,0
2026_02_GB_NYJ,4298,21,2026,2,nyj,gb,00-0039794,B.Allen,carry,50,0,0,0,0
2026_02_GB_NYJ,4320,22,2026,2,gb,nyj,00-0038124,C.Watson,target,50,0,0,0,0
2026_02_GB_NYJ,4343,22,2026,2,gb,nyj,00-0040667,M.Golden,target,50,0,0,0,0
2026_02_GB_NYJ,4373,22,2026,2,gb,nyj,00-0038124,C.Watson,target,50,0,0,0,0
2026_02_GB_NYJ,4571,23,2026,2,nyj,gb,00-0041032,K.Sadiq,target,90,0,0,0,0
2026_02_GB_NYJ,4627,24,2026,2,gb,nyj,00-0040142,K.Johnson,carry,66,0,0,0,0
2026_02_GB_NYJ,4661,24,2026,2,gb,nyj,00-0040142,K.Johnson,carry,55,0,0,0,0
2026_02_GB_NYJ,4683,24,2026,2,gb,nyj,00-0038685,C.Brooks,target,52,0,0,0,0
2026_02_GB_NYJ,4724,24,2026,2,gb,nyj,00-0040667,M.Golden,target,22,0,0,0,0
2026_02_IND_KC,65,1,2026,2,ind,kc,00-0036223,J.Taylor,carry,65,0,0,0,0
2026_02_IND_KC,87,1,2026,2,ind,kc,00-0036223,J.Taylor,carry,60,0,0,0,0
2026_02_IND_KC,109,1,2026,2,ind,kc,00-0040128,T.Warren,carry,56,0,0,0,0
2026_02_IND_KC,133,1,2026,2,ind,kc,00-0037664,A.Pierce,target,53,0,0,0,0
2026_02_IND_KC,158,1,2026,2,ind,kc,00-0036223,J.Taylor,carry,42,0,0,0,0
2026_02_IND_KC,180,1,2026,2,ind,kc,00-0041132,D.Burks,carry,30,0,0,0,0
2026_02_IND_KC,235,1,2026,2,ind,kc,00-0036223,J.Taylor,carry,25,0,0,0,0
2026_02_IND_KC,257,1,2026,2,ind,kc,00-0032951,L.Treadwell,target,24,0,0,0,0
2026_02_IND_KC,282,1,2026,2,ind,kc,00-0038997,J.Downs,target,14,1,0,0,0
2026_02_IND_KC,318,1,2026,2,ind,kc,00-0036223,J.Taylor,carry,1,1,1,1,0
2026_02_IND_KC,340,1,2026,2,ind,kc,00-0040128,T.Warren,target,1,1,1,1,1
2026_02_IND_KC,411,2,2026,2,kc,ind,00-0038134,K.Walker,carry,64,0,0,0,0
2026_02_IND_KC,438,2,2026,2,kc,ind,00-0039894,X.Worthy,target,45,0,0,0,0
2026_02_IND_KC,463,2,2026,2,kc,ind,00-0038134,K.Walker,carry,29,0,0,0,0
2026_02_IND_KC,485,2,2026,2,kc,ind,00-0039894,X.Worthy,target,28,0,0,0,0
2026_02_IND_KC,508,2,2026,2,kc,ind,00-0038134,K.Walker,target,28,0,0,0,0
2026_02_IND_KC,592,3,2026,2,ind,kc,00-0036223,J.Taylor,carry,90,0,0,0,0
2026_02_IND_KC,614,3,2026,2,ind,kc,00-0030279,K.Allen,target,86,0,0,0,0
2026_02_IND_KC,641,4,2026,2,kc,ind,00-0038134,K.Walker,carry,16,1,0,0,0
2026_02_IND_KC,663,4,2026,2,kc,ind,00-0030506,T.Kelce,target,13,1,0,0,1
2026_02_IND_KC,734,5,2026,2,ind,kc,00-0036223,J.Taylor,carry,58,0,0,0,0
2026_02_IND_KC,756,5,2026,2,ind,kc,00-0040128,T.Warren,target,54,0,0,0,0
2026_02_IND_KC,813,5,2026,2,ind,kc,00-0036223,J.Taylor,carry,49,0,0,0,0
2026_02_IND_KC,846,5,2026,2,ind,kc,00-0037292,A.Ogletree,target,46,0,0,0,0
2026_02_IND_KC,869,5,2026,2,ind,kc,00-0038997,J.Downs,target,46,0,0,0,0
2026_02_IND_KC,894,5,2026,2,ind,kc,00-0036223,J.Taylor,carry,32,0,0,0,0
2026_02_IND_KC,916,5,2026,2,ind,kc,00-0036223,J.Taylor,carry,22,0,0,0,0
2026_02_IND_KC,958,5,2026,2,ind,kc,00-0038997,J.Downs,target,24,0,0,0,0
2026_02_IND_KC,981,5,2026,2,ind,kc,00-0030279,K.Allen,target,24,0,0,0,0
2026_02_IND_KC,1063,6,2026,2,kc,ind,00-0039067,R.Rice,target,70,0,0,0,0
2026_02_IND_KC,1088,6,2026,2,kc,ind,00-0038134,K.Walker,carry,40,0,0,0,0
2026_02_IND_KC,1110,6,2026,2,kc,ind,00-0039894,X.Worthy,target,39,0,0,0,0
2026_02_IND_KC,1135,6,2026,2,kc,ind,00-0030506,T.Kelce,target,33,0,0,0,0
2026_02_IND_KC,1179,7,2026,2,ind,kc,00-0041125,S.McGowan,carry,59,0,0,0,0
2026_02_IND_KC,1213,7,2026,2,ind,kc,00-0040128,T.Warren,target,58,0,0,0,0
2026_02_IND_KC,1279,7,2026,2,ind,kc,00-0041125,S.McGowan,carry,24,0,0,0,0
2026_02_IND_KC,1301,7,2026,2,ind,kc,00-0038997,J.Downs,target,25,0,0,0,0
2026_02_IND_KC,1372,7,2026,2,ind,kc,00-0036223,J.Taylor,target,35,0,0,0,0
2026_02_IND_KC,1447,8,2026,2,kc,ind,00-0038134,K.Walker,target,70,0,0,0,0
2026_02_IND_KC,1511,8,2026,2,kc,ind,00-0039067,R.Rice,target,74,0,0,0,0
2026_02_IND_KC,1553,8,2026,2,kc,ind,00-0038134,K.Walker,carry,58,0,0,0,0
2026_02_IND_KC,1577,8,2026,2,kc,ind,00-0038134,K.Walker,carry,51,0,0,0,0
2026_02_IND_KC,1599,8,2026,2,kc,ind,00-0038104,T.Thornton,target,43,0,0,0,0
2026_02_IND_KC,1624,8,2026,2,kc,ind,00-0030506,T.Kelce,target,37,0,0,0,0
2026_02_IND_KC,1649,8,2026,2,kc,ind,00-0030506,T.Kelce,target,26,0,0,0,0
2026_02_IND_KC,1674,8,2026,2,kc,ind,00-0040646,J.Royals,target,21,0,0,0,0
2026_02_IND_KC,1727,8,2026,2,kc,ind,00-0038134,K.Walker,target,16,1,0,0,0
2026_02_IND_KC,1752,8,2026,2,kc,ind,00-0039894,X.Worthy,target,5,1,1,1,0
2026_02_IND_KC,1782,8,2026,2,kc,ind,00-0039894,X.Worthy,target,1,1,1,1,1
2026_02_IND_KC,1853,9,2026,2,ind,kc,00-0038997,J.Downs,target,72,0,0,0,0
2026_02_IND_KC,1878,9,2026,2,ind,kc,00-0036223,J.Taylor,carry,63,0,0,0,0
2026_02_IND_KC,1941,9,2026,2,ind,kc,00-0036223,J.Taylor,carry,35,0,0,0,0
2026_02_IND_KC,1963,9,2026,2,ind,kc,00-0030279,K.Allen,target,31,0,0,0,0
2026_02_IND_KC,1993,9,2026,2,ind,kc,00-0038997,J.Downs,target,31,0,0,0,0
2026_02_IND_KC,2035,9,2026,2,ind,kc,00-0036223,J.Taylor,carry,24,0,0,0,1
2026_02_IND_KC,2106,10,2026,2,kc,ind,00-0041013,E.Johnson,target,80,0,0,0,0
2026_02_IND_KC,2136,10,2026,2,kc,ind,00-0039067,R.Rice,target,72,0,0,0,0
2026_02_IND_KC,2209,11,2026,2,ind,kc,00-0036223,J.Taylor,carry,89,0,0,0,0
2026_02_IND_KC,2268,12,2026,2,kc,ind,00-0038134,K.Walker,carry,80,0,0,0,0
2026_02_IND_KC,2290,12,2026,2,kc,ind,00-0038134,K.Walker,carry,79,0,0,0,0
2026_02_IND_KC,2312,12,2026,2,kc,ind,00-0038134,K.Walker,carry,67,0,0,0,0
2026_02_IND_KC,2334,12,2026,2,kc,ind,00-0038134,K.Walker,carry,57,0,0,0,0
2026_02_IND_KC,2356,12,2026,2,kc,ind,00-0038134,K.Walker,target,53,0,0,0,0
2026_02_IND_KC,2379,12,2026,2,kc,ind,00-0038104,T.Thornton,target,53,0,0,0,0
2026_02_IND_KC,2404,12,2026,2,kc,ind,00-0036909,K.Tonga,carry,48,0,0,0,0
2026_02_IND_KC,2441,12,2026,2,kc,ind,00-0030506,T.Kelce,target,45,0,0,0,0
2026_02_IND_KC,2466,12,2026,2,kc,ind,00-0038134,K.Walker,target,46,0,0,0,0
2026_02_IND_KC,2489,12,2026,2,kc,ind,00-0038104,T.Thornton,target,46,0,0,0,0
2026_02_IND_KC,2514,12,2026,2,kc,ind,00-0038134,K.Walker,carry,1,1,1,1,0
2026_02_IND_KC,2536,12,2026,2,kc,ind,00-0038134,K.Walker,carry,1,1,1,1,0
2026_02_IND_KC,2558,12,2026,2,kc,ind,00-0038134,K.Walker,carry,1,1,1,1,0
2026_02_IND_KC,2584,12,2026,2,kc,ind,00-0040646,J.Royals,target,1,1,1,1,1
2026_02_IND_KC,2667,13,2026,2,ind,kc,00-0036223,J.Taylor,target,73,0,0,0,0
2026_02_IND_KC,2692,13,2026,2,ind,kc,00-0032951,L.Treadwell,target,58,0,0,0,0
2026_02_IND_KC,2717,13,2026,2,ind,kc,00-0036223,J.Taylor,carry,55,0,0,0,0
2026_02_IND_KC,2739,13,2026,2,ind,kc,00-0030279,K.Allen,target,52,0,0,0,0
2026_02_IND_KC,2788,14,2026,2,kc,ind,00-0030506,T.Kelce,target,91,0,0,0,0
2026_02_IND_KC,2831,14,2026,2,kc,ind,00-0038134,K.Walker,carry,80,0,0,0,0
2026_02_IND_KC,2861,14,2026,2,kc,ind,00-0036637,N.Gray,target,75,0,0,0,0
2026_02_IND_KC,2884,14,2026,2,kc,ind,00-0030506,T.Kelce,target,75,0,0,0,0
2026_02_IND_KC,2909,14,2026,2,kc,ind,00-0041013,E.Johnson,carry,59,0,0,0,0
2026_02_IND_KC,2931,14,2026,2,kc,ind,00-0041013,E.Johnson,carry,51,0,0,0,0
2026_02_IND_KC,2953,14,2026,2,kc,ind,00-0041013,E.Johnson,target,44,0,0,0,0
2026_02_IND_KC,2978,14,2026,2,kc,ind,00-0039894,X.Worthy,target,32,0,0,0,0
2026_02_IND_KC,3001,14,2026,2,kc,ind,00-0030506,T.Kelce,target,32,0,0,0,0
2026_02_IND_KC,3029,14,2026,2,kc,ind,00-0039894,X.Worthy,target,14,1,0,0,0
2026_02_IND_KC,3100,14,2026,2,kc,ind,00-0038134,K.Walker,target,26,0,0,0,0
2026_02_IND_KC,3149,14,2026,2,kc,ind,00-0039067,R.Rice,target,16,1,0,0,0
2026_02_IND_KC,3229,15,2026,2,ind,kc,00-0040128,T.Warren,target,64,0,0,0,0
2026_02_IND_KC,3254,15,2026,2,ind,kc,00-0036223,J.Taylor,target,60,0,0,0,0
2026_02_IND_KC,3279,15,2026,2,ind,kc,00-0036223,J.Taylor,carry,53,0,0,0,0
2026_02_IND_KC,3301,15,2026,2,ind,kc,00-0038997,J.Downs,target,54,0,0,0,0
2026_02_IND_KC,3331,15,2026,2,ind,kc,00-0036223,J.Taylor,carry,34,0,0,0,0
2026_02_IND_KC,3353,15,2026,2,ind,kc,00-0040128,T.Warren,target,33,0,0,0,0
2026_02_IND_KC,3402,15,2026,2,ind,kc,00-0030279,K.Allen,target,30,0,0,0,0
2026_02_IND_KC,3427,15,2026,2,ind,kc,00-0035710,D.Jones,carry,25,0,0,0,0
2026_02_IND_KC,3485,15,2026,2,ind,kc,00-0041132,D.Burks,carry,22,0,0,0,0
2026_02_IND_KC,3507,15,2026,2,ind,kc,00-0036223,J.Taylor,carry,18,1,0,0,0
2026_02_IND_KC,3529,15,2026,2,ind,kc,00-0038997,J.Downs,target,18,1,0,0,0
2026_02_IND_KC,3554,15,2026,2,ind,kc,00-0040128,T.Warren,target,12,1,0,0,0
2026_02_IND_KC,3579,15,2026,2,ind,kc,00-0036223,J.Taylor,carry,5,1,1,1,1
2026_02_IND_KC,3647,16,2026,2,kc,ind,00-0038134,K.Walker,target,74,0,0,0,0
2026_02_IND_KC,3672,16,2026,2,kc,ind,00-0038134,K.Walker,carry,65,0,0,0,0
2026_02_IND_KC,3720,16,2026,2,kc,ind,00-0038134,K.Walker,target,61,0,0,0,0
2026_02_IND_KC,3745,16,2026,2,kc,ind,00-0039067,R.Rice,target,58,0,0,0,0
2026_02_IND_KC,3787,17,2026,2,ind,kc,00-0036223,J.Taylor,target,82,0,0,0,0
2026_02_IND_KC,3824,17,2026,2,ind,kc,00-0036223,J.Taylor,carry,68,0,0,0,0
2026_02_IND_KC,3846,17,2026,2,ind,kc,00-0036223,J.Taylor,carry,62,0,0,0,0
2026_02_IND_KC,3868,17,2026,2,ind,kc,00-0038997,J.Downs,target,62,0,0,0,0
2026_02_IND_KC,3900,17,2026,2,ind,kc,00-0036223,J.Taylor,carry,57,0,0,0,0
2026_02_IND_KC,3922,17,2026,2,ind,kc,00-0040128,T.Warren,target,51,0,0,0,0
2026_02_IND_KC,4024,18,2026,2,kc,ind,00-0038134,K.Walker,carry,84,0,0,0,0
2026_02_IND_KC,4046,18,2026,2,kc,ind,00-0038134,K.Walker,carry,76,0,0,0,0
2026_02_IND_KC,4075,18,2026,2,kc,ind,00-0030506,T.Kelce,target,71,0,0,0,0
2026_02_IND_KC,4107,18,2026,2,kc,ind,00-0039067,R.Rice,target,54,0,0,0,0
2026_02_IND_KC,4199,19,2026,2,kc,ind,00-0038134,K.Walker,carry,68,0,0,0,0
2026_02_IND_KC,4241,19,2026,2,kc,ind,00-0038104,T.Thornton,target,70,0,0,0,0
2026_02_IND_KC,4266,19,2026,2,kc,ind,00-0030506,T.Kelce,target,40,0,0,0,0
2026_02_IND_KC,4289,19,2026,2,kc,ind,00-0030506,T.Kelce,target,40,0,0,0,0
2026_02_IND_KC,4314,19,2026,2,kc,ind,00-0038134,K.Walker,carry,29,0,0,0,0
2026_02_IND_KC,4387,19,2026,2,kc,ind,00-0038134,K.Walker,carry,14,1,0,0,0
2026_02_IND_KC,4432,19,2026,2,kc,ind,00-0038134,K.Walker,target,13,1,0,0,0
2026_02_IND_KC,4505,20,2026,2,ind,kc,00-0032951,L.Treadwell,target,65,0,0,0,0
2026_02_IND_KC,4596,20,2026,2,ind,kc,00-0036223,J.Taylor,carry,17,1,0,0,0
2026_02_IND_KC,4618,20,2026,2,ind,kc,00-0036223,J.Taylor,carry,18,1,0,0,0
2026_02_IND_KC,4748,21,2026,2,kc,ind,00-0038134,K.Walker,carry,68,0,0,0,0
2026_02_IND_KC,4770,21,2026,2,kc,ind,00-0038134,K.Walker,carry,59,0,0,0,0
2026_02_IND_KC,4792,21,2026,2,kc,ind,00-0038134,K.Walker,carry,55,0,0,0,0
2026_02_IND_KC,4843,21,2026,2,kc,ind,00-0038134,K.Walker,target,46,0,0,0,0
2026_02_IND_KC,4875,21,2026,2,kc,ind,00-0038134,K.Walker,carry,24,0,0,0,0
2026_02_JAX_DEN,62,1,2026,2,den,jax,00-0036158,J.Dobbins,carry,76,0,0,0,0
2026_02_JAX_DEN,84,1,2026,2,den,jax,00-0036158,J.Dobbins,carry,72,0,0,0,0
2026_02_JAX_DEN,130,1,2026,2,den,jax,00-0040134,P.Bryant,target,76,0,0,0,0
2026_02_JAX_DEN,192,2,2026,2,jax,den,00-0040719,B.Tuten,carry,72,0,0,0,0
2026_02_JAX_DEN,214,2,2026,2,jax,den,00-0038606,P.Washington,target,69,0,0,0,0
2026_02_JAX_DEN,239,2,2026,2,jax,den,00-0038611,C.Rodriguez,carry,64,0,0,0,0
2026_02_JAX_DEN,327,2,2026,2,jax,den,00-0038611,C.Rodriguez,carry,52,0,0,0,0
2026_02_JAX_DEN,349,2,2026,2,jax,den,00-0038606,P.Washington,target,50,0,0,0,0
2026_02_JAX_DEN,391,3,2026,2,den,jax,00-0036158,J.Dobbins,carry,88,0,0,0,0
2026_02_JAX_DEN,420,3,2026,2,den,jax,00-0036613,J.Waddle,target,73,0,0,0,0
2026_02_JAX_DEN,478,3,2026,2,den,jax,00-0041496,J.Coleman,target,82,0,0,0,0
2026_02_JAX_DEN,503,3,2026,2,den,jax,00-0037085,T.Badie,target,75,0,0,0,0
2026_02_JAX_DEN,554,4,2026,2,jax,den,00-0039893,Bri.Thomas,target,62,0,0,0,0
2026_02_JAX_DEN,584,4,2026,2,jax,den,00-0038606,P.Washington,target,62,0,0,0,0
2026_02_JAX_DEN,609,4,2026,2,jax,den,00-0036971,T.Lawrence,carry,53,0,0,0,0
2026_02_JAX_DEN,631,4,2026,2,jax,den,00-0040719,B.Tuten,carry,50,0,0,0,0
2026_02_JAX_DEN,673,4,2026,2,jax,den,00-0039893,Bri.Thomas,target,58,0,0,0,0
2026_02_JAX_DEN,746,5,2026,2,den,jax,00-0036158,J.Dobbins,carry,89,0,0,0,0
2026_02_JAX_DEN,775,5,2026,2,den,jax,00-0038783,N.Adkins,target,84,0,0,0,0
2026_02_JAX_DEN,800,5,2026,2,den,jax,00-0036613,J.Waddle,target,77,0,0,0,0
2026_02_JAX_DEN,823,5,2026,2,den,jax,00-0041496,J.Coleman,target,77,0,0,0,0
2026_02_JAX_DEN,853,5,2026,2,den,jax,00-0036613,J.Waddle,target,69,0,0,0,0
2026_02_JAX_DEN,895,6,2026,2,jax,den,00-0040719,B.Tuten,carry,72,0,0,0,0
2026_02_JAX_DEN,924,6,2026,2,jax,den,00-0040719,B.Tuten,carry,69,0,0,0,0
2026_02_JAX_DEN,946,6,2026,2,jax,den,00-0038611,C.Rodriguez,carry,63,0,0,0,0
2026_02_JAX_DEN,970,6,2026,2,jax,den,00-0038935,B.Strange,target,61,0,0,0,0
2026_02_JAX_DEN,1015,6,2026,2,jax,den,00-0039893,Bri.Thomas,target,47,0,0,0,0
2026_02_JAX_DEN,1040,6,2026,2,jax,den,00-0040719,B.Tuten,target,25,0,0,0,0
2026_02_JAX_DEN,1101,6,2026,2,jax,den,00-0038606,P.Washington,target,33,0,0,0,0
2026_02_JAX_DEN,1126,6,2026,2,jax,den,00-0040719,B.Tuten,carry,1,1,1,1,1
2026_02_JAX_DEN,1234,7,2026,2,den,jax,00-0034348,C.Sutton,target,65,0,0,0,0
2026_02_JAX_DEN,1259,7,2026,2,den,jax,00-0036158,J.Dobbins,carry,57,0,0,0,0
2026_02_JAX_DEN,1281,7,2026,2,den,jax,00-0039732,B.Nix,carry,51,0,0,0,0
2026_02_JAX_DEN,1303,7,2026,2,den,jax,00-0036613,J.Waddle,target,50,0,0,0,0
2026_02_JAX_DEN,1355,7,2026,2,den,jax,00-0036158,J.Dobbins,carry,1,1,1,1,0
2026_02_JAX_DEN,1377,7,2026,2,den,jax,00-0036158,J.Dobbins,carry,1,1,1,1,0
2026_02_JAX_DEN,1401,7,2026,2,den,jax,00-0036158,J.Dobbins,carry,1,1,1,1,0
2026_02_JAX_DEN,1476,8,2026,2,jax,den,00-0038611,C.Rodriguez,carry,69,0,0,0,0
2026_02_JAX_DEN,1498,8,2026,2,jax,den,00-0038606,P.Washington,target,68,0,0,0,0
2026_02_JAX_DEN,1608,9,2026,2,den,jax,00-0041496,J.Coleman,carry,84,0,0,0,0
2026_02_JAX_DEN,1637,9,2026,2,den,jax,00-0036613,J.Waddle,target,84,0,0,0,0
2026_02_JAX_DEN,1662,9,2026,2,den,jax,00-0036613,J.Waddle,target,64,0,0,0,0
2026_02_JAX_DEN,1698,9,2026,2,den,jax,00-0037085,T.Badie,target,63,0,0,0,0
2026_02_JAX_DEN,1723,9,2026,2,den,jax,00-0039868,T.Franklin,target,36,0,0,0,0
2026_02_JAX_DEN,1753,9,2026,2,den,jax,00-0037085,T.Badie,target,9,1,1,0,0
2026_02_JAX_DEN,1776,9,2026,2,den,jax,00-0041496,J.Coleman,carry,9,1,1,0,0
2026_02_JAX_DEN,1798,9,2026,2,den,jax,00-0034348,C.Sutton,target,8,1,1,0,0
2026_02_JAX_DEN,1862,10,2026,2,jax,den,00-0038606,P.Washington,target,90,0,0,0,0
2026_02_JAX_DEN,1894,10,2026,2,jax,den,00-0039893,Bri.Thomas,target,79,0,0,0,0
2026_02_JAX_DEN,1919,10,2026,2,jax,den,00-0038606,P.Washington,target,70,0,0,0,0
2026_02_JAX_DEN,1944,10,2026,2,jax,den,00-0038606,P.Washington,target,52,0,0,0,0
2026_02_JAX_DEN,1969,10,2026,2,jax,den,00-0039893,Bri.Thomas,target,47,0,0,0,0
2026_02_JAX_DEN,1999,10,2026,2,jax,den,00-0036590,Q.Morris,target,38,0,0,0,0
2026_02_JAX_DEN,2104,11,2026,2,jax,den,00-0040719,B.Tuten,carry,69,0,0,0,0
2026_02_JAX_DEN,2131,11,2026,2,jax,den,00-0038606,P.Washington,target,53,0,0,0,0
2026_02_JAX_DEN,2156,11,2026,2,jax,den,00-0040719,B.Tuten,carry,35,0,0,0,0
2026_02_JAX_DEN,2178,11,2026,2,jax,den,00-0038611,C.Rodriguez,carry,24,0,0,0,0
2026_02_JAX_DEN,2200,11,2026,2,jax,den,00-0036971,T.Lawrence,carry,21,0,0,0,0
2026_02_JAX_DEN,2222,11,2026,2,jax,den,00-0040719,B.Tuten,carry,18,1,0,0,0
2026_02_JAX_DEN,2249,11,2026,2,jax,den,00-0038935,B.Strange,target,9,1,1,0,0
2026_02_JAX_DEN,2285,11,2026,2,jax,den,00-0038611,C.Rodriguez,carry,3,1,1,1,0
2026_02_JAX_DEN,2307,11,2026,2,jax,den,00-0040719,B.Tuten,target,5,1,1,1,0
2026_02_JAX_DEN,2337,11,2026,2,jax,den,00-0040238,L.Allen,target,5,1,1,1,0
2026_02_JAX_DEN,2410,12,2026,2,den,jax,00-0036158,J.Dobbins,carry,72,0,0,0,0
2026_02_JAX_DEN,2432,12,2026,2,den,jax,00-0038783,N.Adkins,carry,70,0,0,0,0
2026_02_JAX_DEN,2459,12,2026,2,den,jax,00-0036613,J.Waddle,target,64,0,0,0,0
2026_02_JAX_DEN,2489,12,2026,2,den,jax,00-0040134,P.Bryant,carry,48,0,0,0,0
2026_02_JAX_DEN,2540,12,2026,2,den,jax,00-0034348,C.Sutton,target,37,0,0,0,0
2026_02_JAX_DEN,2708,13,2026,2,jax,den,00-0032104,A.Abdullah,carry,63,0,0,0,0
2026_02_JAX_DEN,2730,13,2026,2,jax,den,00-0032104,A.Abdullah,carry,63,0,0,0,0
2026_02_JAX_DEN,2752,13,2026,2,jax,den,00-0032104,A.Abdullah,target,54,0,0,0,0
2026_02_JAX_DEN,2782,13,2026,2,jax,den,00-0040719,B.Tuten,carry,52,0,0,0,0
2026_02_JAX_DEN,2811,13,2026,2,jax,den,00-0038606,P.Washington,target,50,0,0,0,0
2026_02_JAX_DEN,2838,14,2026,2,den,jax,00-0036158,J.Dobbins,carry,64,0,0,0,0
2026_02_JAX_DEN,2860,14,2026,2,den,jax,00-0039732,B.Nix,carry,60,0,0,0,0
2026_02_JAX_DEN,2887,14,2026,2,den,jax,00-0038783,N.Adkins,target,52,0,0,0,0
2026_02_JAX_DEN,2932,14,2026,2,den,jax,00-0036727,A.Prentice,target,34,0,0,0,0
2026_02_JAX_DEN,2962,14,2026,2,den,jax,00-0037085,T.Badie,carry,32,0,0,0,0
2026_02_JAX_DEN,2984,14,2026,2,den,jax,00-0036613,J.Waddle,target,31,0,0,0,0
2026_02_JAX_DEN,3009,14,2026,2,den,jax,00-0041496,J.Coleman,carry,17,1,0,0,0
2026_02_JAX_DEN,3031,14,2026,2,den,jax,00-0036613,J.Waddle,target,15,1,0,0,0
2026_02_JAX_DEN,3061,14,2026,2,den,jax,00-0039868,T.Franklin,target,7,1,1,0,0
2026_02_JAX_DEN,3084,14,2026,2,den,jax,00-0038783,N.Adkins,target,7,1,1,0,1
2026_02_JAX_DEN,3160,15,2026,2,jax,den,00-0038606,P.Washington,target,68,0,0,0,0
2026_02_JAX_DEN,3183,15,2026,2,jax,den,00-0040719,B.Tuten,carry,68,0,0,0,0
2026_02_JAX_DEN,3205,15,2026,2,jax,den,00-0034960,J.Meyers,target,66,0,0,0,0
2026_02_JAX_DEN,3230,15,2026,2,jax,den,00-0039893,Bri.Thomas,target,38,0,0,0,0
2026_02_JAX_DEN,3253,15,2026,2,jax,den,00-0040719,B.Tuten,carry,38,0,0,0,0
2026_02_JAX_DEN,3275,15,2026,2,jax,den,00-0038606,P.Washington,target,36,0,0,0,0
2026_02_JAX_DEN,3326,16,2026,2,den,jax,00-0041496,J.Coleman,target,56,0,0,0,0
2026_02_JAX_DEN,3358,16,2026,2,den,jax,00-0034348,C.Sutton,target,52,0,0,0,0
2026_02_JAX_DEN,3383,16,2026,2,den,jax,00-0033881,E.Engram,target,45,0,0,0,0
2026_02_JAX_DEN,3408,16,2026,2,den,jax,00-0035406,L.Humphrey,target,28,0,0,0,0
2026_02_JAX_DEN,3476,16,2026,2,den,jax,00-0041496,J.Coleman,carry,3,1,1,1,1
2026_02_JAX_DEN,3538,17,2026,2,jax,den,00-0040719,B.Tuten,carry,80,0,0,0,0
2026_02_JAX_DEN,3562,17,2026,2,jax,den,00-0032104,A.Abdullah,carry,72,0,0,0,0
2026_02_JAX_DEN,3615,17,2026,2,jax,den,00-0040719,B.Tuten,carry,65,0,0,0,0
2026_02_JAX_DEN,3642,17,2026,2,jax,den,00-0039893,Bri.Thomas,target,66,0,0,0,0
2026_02_JAX_DEN,3665,17,2026,2,jax,den,00-0039893,Bri.Thomas,target,66,0,0,0,0
2026_02_JAX_DEN,3707,18,2026,2,den,jax,00-0041496,J.Coleman,carry,80,0,0,0,0
2026_02_JAX_DEN,3736,18,2026,2,den,jax,00-0041496,J.Coleman,carry,74,0,0,0,0
2026_02_JAX_DEN,3761,18,2026,2,den,jax,00-0036613,J.Waddle,target,73,0,0,0,0
2026_02_JAX_DEN,3804,18,2026,2,den,jax,00-0041496,J.Coleman,carry,44,0,0,0,0
2026_02_JAX_DEN,3826,18,2026,2,den,jax,00-0041496,J.Coleman,carry,41,0,0,0,0
2026_02_JAX_DEN,3860,18,2026,2,den,jax,00-0041496,J.Coleman,carry,29,0,0,0,0
2026_02_JAX_DEN,3889,18,2026,2,den,jax,00-0041496,J.Coleman,carry,30,0,0,0,0
2026_02_LV_LAC,62,1,2026,2,lac,lv,00-0040666,O.Hampton,carry,68,0,0,0,0
2026_02_LV_LAC,84,1,2026,2,lac,lv,00-0038544,Q.Johnston,target,65,0,0,0,0
2026_02_LV_LAC,114,1,2026,2,lac,lv,00-0033885,D.Njoku,target,58,0,0,0,0
2026_02_LV_LAC,144,1,2026,2,lac,lv,00-0040666,O.Hampton,carry,49,0,0,0,0
2026_02_LV_LAC,166,1,2026,2,lac,lv,00-0041550,B.Thompson,target,47,0,0,0,0
2026_02_LV_LAC,201,1,2026,2,lac,lv,00-0040666,O.Hampton,carry,47,0,0,0,0
2026_02_LV_LAC,223,1,2026,2,lac,lv,00-0041550,B.Thompson,target,40,0,0,0,0
2026_02_LV_LAC,267,2,2026,2,lv,lac,00-0040122,A.Jeanty,carry,52,0,0,0,0
2026_02_LV_LAC,329,2,2026,2,lv,lac,00-0039066,M.Mayer,target,60,0,0,0,0
2026_02_LV_LAC,354,2,2026,2,lv,lac,00-0038563,T.Tucker,target,52,0,0,0,0
2026_02_LV_LAC,379,2,2026,2,lv,lac,00-0040122,A.Jeanty,target,37,0,0,0,0
2026_02_LV_LAC,404,2,2026,2,lv,lac,00-0038563,T.Tucker,target,32,0,0,0,0
2026_02_LV_LAC,431,3,2026,2,lac,lv,00-0040666,O.Hampton,carry,83,0,0,0,0
2026_02_LV_LAC,482,3,2026,2,lac,lv,00-0041550,B.Thompson,target,83,0,0,0,0
2026_02_LV_LAC,517,3,2026,2,lac,lv,00-0038454,K.Mitchell,carry,70,0,0,0,0
2026_02_LV_LAC,559,3,2026,2,lac,lv,00-0038544,Q.Johnston,target,68,0,0,0,0
2026_02_LV_LAC,634,4,2026,2,lv,lac,00-0040122,A.Jeanty,carry,80,0,0,0,0
2026_02_LV_LAC,656,4,2026,2,lv,lac,00-0040122,A.Jeanty,target,72,0,0,0,0
2026_02_LV_LAC,704,5,2026,2,lac,lv,00-0038454,K.Mitchell,carry,83,0,0,0,0
2026_02_LV_LAC,733,5,2026,2,lac,lv,00-0033885,D.Njoku,target,78,0,0,0,0
2026_02_LV_LAC,756,5,2026,2,lac,lv,00-0033885,D.Njoku,target,78,0,0,0,0
2026_02_LV_LAC,783,6,2026,2,lv,lac,00-0040729,J.Bech,target,23,0,0,0,0
2026_02_LV_LAC,813,6,2026,2,lv,lac,00-0040122,A.Jeanty,carry,3,1,1,1,0
2026_02_LV_LAC,835,6,2026,2,lv,lac,00-0040122,A.Jeanty,carry,5,1,1,1,0
2026_02_LV_LAC,857,6,2026,2,lv,lac,00-0040122,A.Jeanty,carry,2,1,1,1,0
2026_02_LV_LAC,889,6,2026,2,lv,lac,00-0040122,A.Jeanty,carry,1,1,1,1,0
2026_02_LV_LAC,913,7,2026,2,lac,lv,00-0040666,O.Hampton,carry,99,0,0,0,0
2026_02_LV_LAC,989,7,2026,2,lac,lv,00-0040666,O.Hampton,carry,97,0,0,0,0
2026_02_LV_LAC,1069,7,2026,2,lac,lv,00-0040666,O.Hampton,carry,98,0,0,0,0
2026_02_LV_LAC,1110,8,2026,2,lv,lac,00-0040878,M.Washington,carry,51,0,0,0,0
2026_02_LV_LAC,1156,8,2026,2,lv,lac,00-0038563,T.Tucker,target,53,0,0,0,0
2026_02_LV_LAC,1186,8,2026,2,lv,lac,00-0038563,T.Tucker,target,40,0,0,0,1
2026_02_LV_LAC,1257,9,2026,2,lac,lv,00-0040666,O.Hampton,carry,69,0,0,0,0
2026_02_LV_LAC,1312,9,2026,2,lac,lv,00-0038454,K.Mitchell,carry,74,0,0,0,0
2026_02_LV_LAC,1334,9,2026,2,lac,lv,00-0039915,L.McConkey,target,70,0,0,0,0
2026_02_LV_LAC,1364,9,2026,2,lac,lv,00-0040666,O.Hampton,carry,51,0,0,0,0
2026_02_LV_LAC,1386,9,2026,2,lac,lv,00-0040666,O.Hampton,target,51,0,0,0,0
2026_02_LV_LAC,1435,9,2026,2,lac,lv,00-0040666,O.Hampton,carry,33,0,0,0,0
2026_02_LV_LAC,1457,9,2026,2,lac,lv,00-0040666,O.Hampton,carry,26,0,0,0,0
2026_02_LV_LAC,1482,9,2026,2,lac,lv,00-0038454,K.Mitchell,carry,22,0,0,0,0
2026_02_LV_LAC,1519,9,2026,2,lac,lv,00-0040666,O.Hampton,carry,11,1,0,0,0
2026_02_LV_LAC,1541,9,2026,2,lac,lv,00-0040666,O.Hampton,carry,1,1,1,1,1
2026_02_LV_LAC,1606,10,2026,2,lv,lac,00-0040122,A.Jeanty,carry,65,0,0,0,0
2026_02_LV_LAC,1628,10,2026,2,lv,lac,00-0039066,M.Mayer,target,63,0,0,0,0
2026_02_LV_LAC,1689,10,2026,2,lv,lac,00-0040122,A.Jeanty,carry,63,0,0,0,0
2026_02_LV_LAC,1711,10,2026,2,lv,lac,00-0040729,J.Bech,target,57,0,0,0,0
2026_02_LV_LAC,1776,11,2026,2,lac,lv,00-0040666,O.Hampton,carry,90,0,0,0,0
2026_02_LV_LAC,1805,11,2026,2,lac,lv,00-0038544,Q.Johnston,target,82,0,0,0,0
2026_02_LV_LAC,1828,11,2026,2,lac,lv,00-0038046,C.Kolar,target,82,0,0,0,0
2026_02_LV_LAC,1853,11,2026,2,lac,lv,00-0038046,C.Kolar,target,77,0,0,0,0
2026_02_LV_LAC,1878,11,2026,2,lac,lv,00-0040727,T.Harris,target,69,0,0,0,0
2026_02_LV_LAC,1901,11,2026,2,lac,lv,00-0038544,Q.Johnston,target,69,0,0,0,0
2026_02_LV_LAC,1944,12,2026,2,lv,lac,00-0039066,M.Mayer,target,84,0,0,0,0
2026_02_LV_LAC,1967,12,2026,2,lv,lac,00-0038563,T.Tucker,target,84,0,0,0,0
2026_02_LV_LAC,1992,12,2026,2,lv,lac,00-0040122,A.Jeanty,carry,42,0,0,0,0
2026_02_LV_LAC,2021,12,2026,2,lv,lac,00-0040122,A.Jeanty,target,41,0,0,0,0
2026_02_LV_LAC,2051,12,2026,2,lv,lac,00-0040122,A.Jeanty,carry,41,0,0,0,0
2026_02_LV_LAC,2117,13,2026,2,lac,lv,00-0040666,O.Hampton,carry,65,0,0,0,0
2026_02_LV_LAC,2182,14,2026,2,lv,lac,00-0037291,J.Nailor,target,83,0,0,0,0
2026_02_LV_LAC,2205,14,2026,2,lv,lac,00-0040122,A.Jeanty,target,83,0,0,0,0
2026_02_LV_LAC,2230,14,2026,2,lv,lac,00-0038563,T.Tucker,target,82,0,0,0,0
2026_02_LV_LAC,2272,15,2026,2,lac,lv,00-0040666,O.Hampton,carry,74,0,0,0,0
2026_02_LV_LAC,2301,15,2026,2,lac,lv,00-0040666,O.Hampton,carry,69,0,0,0,0
2026_02_LV_LAC,2328,15,2026,2,lac,lv,00-0040666,O.Hampton,carry,63,0,0,0,0
2026_02_LV_LAC,2350,15,2026,2,lac,lv,00-0040666,O.Hampton,target,61,0,0,0,0
2026_02_LV_LAC,2375,15,2026,2,lac,lv,00-0040727,T.Harris,target,58,0,0,0,0
2026_02_LV_LAC,2405,15,2026,2,lac,lv,00-0036355,J.Herbert,carry,5,1,1,1,0
2026_02_LV_LAC,2437,15,2026,2,lac,lv,00-0040189,O.Gadsden,target,10,1,1,0,1
2026_02_LV_LAC,2508,16,2026,2,lv,lac,00-0040122,A.Jeanty,carry,74,0,0,0,0
2026_02_LV_LAC,2530,16,2026,2,lv,lac,00-0040122,A.Jeanty,target,71,0,0,0,0
2026_02_LV_LAC,2579,16,2026,2,lv,lac,00-0038563,T.Tucker,target,74,0,0,0,0
2026_02_LV_LAC,2604,16,2026,2,lv,lac,00-0037304,C.Heyward,carry,65,0,0,0,0
2026_02_LV_LAC,2628,16,2026,2,lv,lac,00-0034365,I.Thomas,target,64,0,0,0,0
2026_02_LV_LAC,2653,16,2026,2,lv,lac,00-0040122,A.Jeanty,carry,53,0,0,0,0
2026_02_LV_LAC,2675,16,2026,2,lv,lac,00-0040122,A.Jeanty,carry,44,0,0,0,0
2026_02_LV_LAC,2697,16,2026,2,lv,lac,00-0037093,D.Young,target,40,0,0,0,0
2026_02_LV_LAC,2732,16,2026,2,lv,lac,00-0037291,J.Nailor,target,13,1,0,0,0
2026_02_LV_LAC,2760,16,2026,2,lv,lac,00-0040122,A.Jeanty,carry,13,1,0,0,0
2026_02_LV_LAC,2782,16,2026,2,lv,lac,00-0035891,C.White,target,13,1,0,0,1
2026_02_LV_LAC,2853,17,2026,2,lac,lv,00-0038046,C.Kolar,target,77,0,0,0,0
2026_02_LV_LAC,2878,17,2026,2,lac,lv,00-0038454,K.Mitchell,carry,69,0,0,0,0
2026_02_LV_LAC,2900,17,2026,2,lac,lv,00-0036355,J.Herbert,carry,68,0,0,0,0
2026_02_LV_LAC,2953,18,2026,2,lv,lac,00-0039066,M.Mayer,target,69,0,0,0,0
2026_02_LV_LAC,2985,18,2026,2,lv,lac,00-0040122,A.Jeanty,carry,64,0,0,0,0
2026_02_LV_LAC,3010,18,2026,2,lv,lac,00-0037291,J.Nailor,target,65,0,0,0,0
2026_02_LV_LAC,3055,18,2026,2,lv,lac,00-0040122,A.Jeanty,target,56,0,0,0,0
2026_02_LV_LAC,3080,18,2026,2,lv,lac,00-0040122,A.Jeanty,carry,49,0,0,0,0
2026_02_LV_LAC,3138,18,2026,2,lv,lac,00-0040878,M.Washington,target,48,0,0,0,0
2026_02_LV_LAC,3161,18,2026,2,lv,lac,00-0040878,M.Washington,carry,48,0,0,0,0
2026_02_LV_LAC,3183,18,2026,2,lv,lac,00-0040894,M.Benson,target,46,0,0,0,0
2026_02_LV_LAC,3272,19,2026,2,lac,lv,00-0040666,O.Hampton,carry,98,0,0,0,0
2026_02_LV_LAC,3294,19,2026,2,lac,lv,00-0039915,L.McConkey,target,92,0,0,0,0
2026_02_LV_LAC,3352,19,2026,2,lac,lv,00-0038454,K.Mitchell,target,90,0,0,0,0
2026_02_LV_LAC,3382,19,2026,2,lac,lv,00-0040666,O.Hampton,carry,75,0,0,0,0
2026_02_LV_LAC,3404,19,2026,2,lac,lv,00-0040666,O.Hampton,carry,72,0,0,0,0
2026_02_LV_LAC,3480,20,2026,2,lv,lac,00-0040122,A.Jeanty,carry,79,0,0,0,0
2026_02_LV_LAC,3502,20,2026,2,lv,lac,00-0040122,A.Jeanty,target,74,0,0,0,0
2026_02_LV_LAC,3545,21,2026,2,lac,lv,00-0040666,O.Hampton,carry,76,0,0,0,0
2026_02_LV_LAC,3567,21,2026,2,lac,lv,00-0038544,Q.Johnston,carry,76,0,0,0,0
2026_02_LV_LAC,3680,21,2026,2,lac,lv,00-0040189,O.Gadsden,target,68,0,0,0,0
2026_02_LV_LAC,3781,21,2026,2,lac,lv,00-0040666,O.Hampton,carry,48,0,0,0,0
2026_02_LV_LAC,3819,22,2026,2,lv,lac,00-0040122,A.Jeanty,carry,16,1,0,0,0
2026_02_LV_LAC,3846,22,2026,2,lv,lac,00-0040878,M.Washington,carry,13,1,0,0,0
2026_02_LV_LAC,3878,22,2026,2,lv,lac,00-0035891,C.White,target,11,1,0,0,1
2026_02_LV_LAC,3982,23,2026,2,lac,lv,00-0039915,L.McConkey,target,70,0,0,0,0
2026_02_LV_LAC,4007,23,2026,2,lac,lv,00-0038544,Q.Johnston,target,66,0,0,0,0
2026_02_LV_LAC,4030,23,2026,2,lac,lv,00-0038573,D.Davis,target,66,0,0,0,0
2026_02_LV_LAC,4067,24,2026,2,lv,lac,00-0040122,A.Jeanty,carry,48,0,0,0,0
2026_02_LV_LAC,4089,24,2026,2,lv,lac,00-0040122,A.Jeanty,carry,46,0,0,0,0
2026_02_LV_LAC,4121,24,2026,2,lv,lac,00-0040122,A.Jeanty,carry,41,0,0,0,0
2026_02_LV_LAC,4196,25,2026,2,lac,lv,00-0040727,T.Harris,target,94,0,0,0,0
2026_02_MIA_SF,62,1,2026,2,mia,sf,00-0039040,D.Achane,target,67,0,0,0,0
2026_02_MIA_SF,94,1,2026,2,mia,sf,00-0041436,D.Herman,target,67,0,0,0,0
2026_02_MIA_SF,128,1,2026,2,mia,sf,00-0039040,D.Achane,carry,49,0,0,0,0
2026_02_MIA_SF,150,1,2026,2,mia,sf,00-0039040,D.Achane,carry,47,0,0,0,0
2026_02_MIA_SF,172,1,2026,2,mia,sf,00-0039040,D.Achane,carry,40,0,0,0,0
2026_02_MIA_SF,227,1,2026,2,mia,sf,00-0039040,D.Achane,carry,41,0,0,0,0
2026_02_MIA_SF,249,1,2026,2,mia,sf,00-0039880,M.Washington,target,39,0,0,0,0
2026_02_MIA_SF,272,1,2026,2,mia,sf,00-0039040,D.Achane,target,39,0,0,0,0
2026_02_MIA_SF,318,2,2026,2,sf,mia,00-0035719,D.Samuel,target,59,0,0,0,0
2026_02_MIA_SF,343,2,2026,2,sf,mia,00-0032775,D.Robinson,target,57,0,0,0,0
2026_02_MIA_SF,373,2,2026,2,sf,mia,00-0035719,D.Samuel,target,48,0,0,0,0
2026_02_MIA_SF,396,2,2026,2,sf,mia,00-0033280,C.McCaffrey,target,48,0,0,0,0
2026_02_MIA_SF,426,2,2026,2,sf,mia,00-0033280,C.McCaffrey,carry,37,0,0,0,0
2026_02_MIA_SF,448,2,2026,2,sf,mia,00-0033280,C.McCaffrey,carry,33,0,0,0,0
2026_02_MIA_SF,470,2,2026,2,sf,mia,00-0031408,M.Evans,target,32,0,0,0,0
2026_02_MIA_SF,500,2,2026,2,sf,mia,00-0041052,K.Black,carry,22,0,0,0,0
2026_02_MIA_SF,522,2,2026,2,sf,mia,00-0041052,K.Black,carry,16,1,0,0,0
2026_02_MIA_SF,544,2,2026,2,sf,mia,00-0033280,C.McCaffrey,target,17,1,0,0,0
2026_02_MIA_SF,569,2,2026,2,sf,mia,00-0033280,C.McCaffrey,carry,1,1,1,1,0
2026_02_MIA_SF,591,2,2026,2,sf,mia,00-0033280,C.McCaffrey,carry,1,1,1,1,1
2026_02_MIA_SF,664,3,2026,2,mia,sf,00-0039880,M.Washington,target,73,0,0,0,0
2026_02_MIA_SF,716,3,2026,2,mia,sf,00-0039040,D.Achane,carry,57,0,0,0,0
2026_02_MIA_SF,740,3,2026,2,mia,sf,00-0039040,D.Achane,carry,40,0,0,0,0
2026_02_MIA_SF,762,3,2026,2,mia,sf,00-0041436,D.Herman,target,39,0,0,0,0
2026_02_MIA_SF,785,3,2026,2,mia,sf,00-0039040,D.Achane,carry,39,0,0,0,0
2026_02_MIA_SF,807,3,2026,2,mia,sf,00-0038128,M.Willis,carry,31,0,0,0,0
2026_02_MIA_SF,882,3,2026,2,mia,sf,00-0039880,M.Washington,target,34,0,0,0,0
2026_02_MIA_SF,910,3,2026,2,mia,sf,00-0039040,D.Achane,carry,29,0,0,0,0
2026_02_MIA_SF,932,3,2026,2,mia,sf,00-0039040,D.Achane,target,24,0,0,0,0
2026_02_MIA_SF,957,3,2026,2,mia,sf,00-0037252,G.Dulcich,target,17,1,0,0,0
2026_02_MIA_SF,980,3,2026,2,mia,sf,00-0039874,J.Wright,carry,17,1,0,0,0
2026_02_MIA_SF,1005,3,2026,2,mia,sf,00-0039874,J.Wright,carry,9,1,1,0,0
2026_02_MIA_SF,1027,3,2026,2,mia,sf,00-0039040,D.Achane,carry,6,1,1,0,0
2026_02_MIA_SF,1205,4,2026,2,sf,mia,00-0033280,C.McCaffrey,carry,61,0,0,0,0
2026_02_MIA_SF,1227,4,2026,2,sf,mia,00-0032775,D.Robinson,target,56,0,0,0,0
2026_02_MIA_SF,1290,4,2026,2,sf,mia,00-0035719,D.Samuel,carry,27,0,0,0,0
2026_02_MIA_SF,1312,4,2026,2,sf,mia,00-0032775,D.Robinson,target,23,0,0,0,0
2026_02_MIA_SF,1351,4,2026,2,sf,mia,00-0033280,C.McCaffrey,carry,4,1,1,1,0
2026_02_MIA_SF,1449,5,2026,2,mia,sf,00-0039040,D.Achane,target,63,0,0,0,0
2026_02_MIA_SF,1472,5,2026,2,mia,sf,00-0039040,D.Achane,carry,63,0,0,0,0
2026_02_MIA_SF,1528,5,2026,2,mia,sf,00-0039040,D.Achane,carry,44,0,0,0,0
2026_02_MIA_SF,1550,5,2026,2,mia,sf,00-0039040,D.Achane,target,44,0,0,0,0
2026_02_MIA_SF,1599,5,2026,2,mia,sf,00-0039880,M.Washington,target,43,0,0,0,0
2026_02_MIA_SF,1624,5,2026,2,mia,sf,00-0040198,O.Gordon,carry,20,1,0,0,0
2026_02_MIA_SF,1648,5,2026,2,mia,sf,00-0039880,M.Washington,carry,19,1,0,0,0
2026_02_MIA_SF,1677,5,2026,2,mia,sf,00-0041523,C.Douglas,target,15,1,0,0,0
2026_02_MIA_SF,1702,5,2026,2,mia,sf,00-0039040,D.Achane,carry,7,1,1,0,0
2026_02_MIA_SF,1731,5,2026,2,mia,sf,00-0039040,D.Achane,carry,2,1,1,1,0
2026_02_MIA_SF,1807,5,2026,2,mia,sf,00-0039040,D.Achane,carry,13,1,0,0,0
2026_02_MIA_SF,1906,6,2026,2,sf,mia,00-0033288,G.Kittle,target,65,0,0,0,0
2026_02_MIA_SF,1941,6,2026,2,sf,mia,00-0033280,C.McCaffrey,carry,25,0,0,0,0
2026_02_MIA_SF,1963,6,2026,2,sf,mia,00-0033280,C.McCaffrey,target,20,1,0,0,0
2026_02_MIA_SF,1988,6,2026,2,sf,mia,00-0033288,G.Kittle,target,12,1,0,0,1
2026_02_MIA_SF,2062,7,2026,2,mia,sf,00-0039040,D.Achane,carry,71,0,0,0,0
2026_02_MIA_SF,2104,7,2026,2,mia,sf,00-0039880,M.Washington,target,71,0,0,0,0
2026_02_MIA_SF,2151,8,2026,2,sf,mia,00-0033280,C.McCaffrey,carry,71,0,0,0,0
2026_02_MIA_SF,2189,8,2026,2,sf,mia,00-0033280,C.McCaffrey,carry,68,0,0,0,0
2026_02_MIA_SF,2235,8,2026,2,sf,mia,00-0035719,D.Samuel,target,72,0,0,0,0
2026_02_MIA_SF,2263,8,2026,2,sf,mia,00-0031408,M.Evans,target,51,0,0,0,0
2026_02_MIA_SF,2288,8,2026,2,sf,mia,00-0029892,K.Juszczyk,target,34,0,0,0,0
2026_02_MIA_SF,2313,8,2026,2,sf,mia,00-0041052,K.Black,carry,13,1,0,0,0
2026_02_MIA_SF,2335,8,2026,2,sf,mia,00-0033288,G.Kittle,target,8,1,1,0,0
2026_02_MIA_SF,2360,8,2026,2,sf,mia,00-0029892,K.Juszczyk,target,6,1,1,0,1
2026_02_MIA_SF,2431,9,2026,2,mia,sf,00-0037252,G.Dulcich,target,67,0,0,0,0
2026_02_MIA_SF,2461,9,2026,2,mia,sf,00-0039040,D.Achane,carry,56,0,0,0,0
2026_02_MIA_SF,2497,9,2026,2,mia,sf,00-0039040,D.Achane,carry,64,0,0,0,0
2026_02_MIA_SF,2526,9,2026,2,mia,sf,00-0039040,D.Achane,target,61,0,0,0,0
2026_02_MIA_SF,2554,9,2026,2,mia,sf,00-0041523,C.Douglas,target,61,0,0,0,0
2026_02_MIA_SF,2577,9,2026,2,mia,sf,00-0032065,B.Pinion,carry,61,0,0,0,0
2026_02_MIA_SF,2615,10,2026,2,sf,mia,00-0031408,M.Evans,target,28,0,0,0,0
2026_02_MIA_SF,2652,10,2026,2,sf,mia,00-0033280,C.McCaffrey,carry,1,1,1,1,1
2026_02_MIA_SF,2720,11,2026,2,mia,sf,00-0041436,D.Herman,target,73,0,0,0,0
2026_02_MIA_SF,2743,11,2026,2,mia,sf,00-0039040,D.Achane,carry,73,0,0,0,0
2026_02_MIA_SF,2765,11,2026,2,mia,sf,00-0041524,W.Kacmarek,target,74,0,0,0,0
2026_02_MIA_SF,2827,12,2026,2,sf,mia,00-0041052,K.Black,carry,88,0,0,0,0
2026_02_MIA_SF,2856,12,2026,2,sf,mia,00-0033288,G.Kittle,target,84,0,0,0,0
2026_02_MIA_SF,2934,12,2026,2,sf,mia,00-0035719,D.Samuel,target,68,0,0,0,0
2026_02_MIA_SF,3005,12,2026,2,sf,mia,00-0034854,K.Hodge,target,70,0,0,0,0
2026_02_MIA_SF,3030,12,2026,2,sf,mia,00-0033280,C.McCaffrey,target,52,0,0,0,0
2026_02_MIA_SF,3055,12,2026,2,sf,mia,00-0041052,K.Black,carry,44,0,0,0,0
2026_02_MIA_SF,3082,12,2026,2,sf,mia,00-0041052,K.Black,carry,41,0,0,0,0
2026_02_MIA_SF,3200,13,2026,2,mia,sf,00-0039040,D.Achane,carry,82,0,0,0,0
2026_02_MIA_SF,3229,13,2026,2,mia,sf,00-0039040,D.Achane,carry,76,0,0,0,0
2026_02_MIA_SF,3251,13,2026,2,mia,sf,00-0041523,C.Douglas,target,79,0,0,0,0
2026_02_MIA_SF,3311,13,2026,2,mia,sf,00-0037252,G.Dulcich,target,78,0,0,0,0
2026_02_MIA_SF,3339,13,2026,2,mia,sf,00-0041525,C.Bell,target,72,0,0,0,0
2026_02_MIA_SF,3434,14,2026,2,sf,mia,00-0040177,J.James,carry,64,0,0,0,0
2026_02_MIA_SF,3468,14,2026,2,sf,mia,00-0040177,J.James,carry,62,0,0,0,0
2026_02_MIA_SF,3523,14,2026,2,sf,mia,00-0041052,K.Black,carry,70,0,0,0,0
2026_02_MIA_SF,3565,15,2026,2,mia,sf,00-0040198,O.Gordon,carry,83,0,0,0,0
2026_02_MIA_SF,3592,15,2026,2,mia,sf,00-0040198,O.Gordon,carry,82,0,0,0,0
2026_02_MIA_SF,3614,15,2026,2,mia,sf,00-0038824,R.Miller,target,77,0,0,0,1
2026_02_MIA_SF,3678,16,2026,2,sf,mia,00-0040177,J.James,carry,73,0,0,0,0
2026_02_MIA_SF,3700,16,2026,2,sf,mia,00-0040177,J.James,carry,65,0,0,0,0
2026_02_MIN_CHI,63,1,2026,2,min,chi,00-0033293,A.Jones,carry,72,0,0,0,0
2026_02_MIN_CHI,85,1,2026,2,min,chi,00-0036322,J.Jefferson,target,64,0,0,0,0
2026_02_MIN_CHI,138,1,2026,2,min,chi,00-0038994,J.Addison,target,34,0,0,0,0
2026_02_MIN_CHI,168,1,2026,2,min,chi,00-0035229,T.Hockenson,target,28,0,0,0,0
2026_02_MIN_CHI,193,1,2026,2,min,chi,00-0038994,J.Addison,target,21,0,0,0,0
2026_02_MIN_CHI,238,1,2026,2,min,chi,00-0036322,J.Jefferson,target,17,1,0,0,0
2026_02_MIN_CHI,311,2,2026,2,chi,min,00-0036275,D.Swift,target,69,0,0,0,0
2026_02_MIN_CHI,336,2,2026,2,chi,min,00-0039918,C.Williams,carry,62,0,0,0,0
2026_02_MIN_CHI,363,2,2026,2,chi,min,00-0036275,D.Swift,carry,45,0,0,0,0
2026_02_MIN_CHI,385,2,2026,2,chi,min,00-0036275,D.Swift,carry,38,0,0,0,0
2026_02_MIN_CHI,407,2,2026,2,chi,min,00-0036275,D.Swift,carry,36,0,0,0,0
2026_02_MIN_CHI,463,2,2026,2,chi,min,00-0040236,K.Monangai,carry,35,0,0,0,0
2026_02_MIN_CHI,518,2,2026,2,chi,min,00-0040236,K.Monangai,target,42,0,0,0,0
2026_02_MIN_CHI,625,3,2026,2,min,chi,00-0033293,A.Jones,carry,74,0,0,0,0
2026_02_MIN_CHI,647,3,2026,2,min,chi,00-0033293,A.Jones,carry,70,0,0,0,0
2026_02_MIN_CHI,669,3,2026,2,min,chi,00-0032950,C.Wentz,carry,66,0,0,0,0
2026_02_MIN_CHI,747,4,2026,2,chi,min,00-0036275,D.Swift,carry,63,0,0,0,0
2026_02_MIN_CHI,769,4,2026,2,chi,min,00-0040126,C.Loveland,target,63,0,0,0,0
2026_02_MIN_CHI,860,4,2026,2,chi,min,00-0040735,L.Burden,target,60,0,0,0,0
2026_02_MIN_CHI,892,5,2026,2,min,chi,00-0033293,A.Jones,carry,65,0,0,0,0
2026_02_MIN_CHI,921,5,2026,2,min,chi,00-0033293,A.Jones,carry,62,0,0,0,0
2026_02_MIN_CHI,943,5,2026,2,min,chi,00-0038994,J.Addison,target,58,0,0,0,0
2026_02_MIN_CHI,986,6,2026,2,chi,min,00-0040236,K.Monangai,carry,88,0,0,0,0
2026_02_MIN_CHI,1038,6,2026,2,chi,min,00-0040236,K.Monangai,carry,86,0,0,0,0
2026_02_MIN_CHI,1060,6,2026,2,chi,min,00-0039919,R.Odunze,target,86,0,0,0,0
2026_02_MIN_CHI,1103,7,2026,2,min,chi,00-0035229,T.Hockenson,target,64,0,0,0,0
2026_02_MIN_CHI,1126,7,2026,2,min,chi,00-0033293,A.Jones,carry,64,0,0,0,0
2026_02_MIN_CHI,1148,7,2026,2,min,chi,00-0036322,J.Jefferson,target,58,0,0,0,0
2026_02_MIN_CHI,1184,7,2026,2,min,chi,00-0033293,A.Jones,carry,42,0,0,0,0
2026_02_MIN_CHI,1206,7,2026,2,min,chi,00-0033293,A.Jones,carry,35,0,0,0,0
2026_02_MIN_CHI,1228,7,2026,2,min,chi,00-0033293,A.Jones,carry,34,0,0,0,0
2026_02_MIN_CHI,1250,7,2026,2,min,chi,00-0032950,C.Wentz,carry,33,0,0,0,0
2026_02_MIN_CHI,1272,7,2026,2,min,chi,00-0033293,A.Jones,carry,31,0,0,0,0
2026_02_MIN_CHI,1294,7,2026,2,min,chi,00-0036322,J.Jefferson,target,33,0,0,0,0
2026_02_MIN_CHI,1317,7,2026,2,min,chi,00-0041104,D.Claiborne,target,33,0,0,0,0
2026_02_MIN_CHI,1392,8,2026,2,chi,min,00-0036275,D.Swift,carry,82,0,0,0,0
2026_02_MIN_CHI,1414,8,2026,2,chi,min,00-0032464,K.Raymond,target,80,0,0,0,0
2026_02_MIN_CHI,1439,8,2026,2,chi,min,00-0032464,K.Raymond,target,76,0,0,0,0
2026_02_MIN_CHI,1487,8,2026,2,chi,min,00-0032464,K.Raymond,target,60,0,0,0,0
2026_02_MIN_CHI,1523,8,2026,2,chi,min,00-0036275,D.Swift,carry,40,0,0,0,0
2026_02_MIN_CHI,1545,8,2026,2,chi,min,00-0036275,D.Swift,carry,42,0,0,0,0
2026_02_MIN_CHI,1567,8,2026,2,chi,min,00-0036275,D.Swift,carry,36,0,0,0,0
2026_02_MIN_CHI,1589,8,2026,2,chi,min,00-0036275,D.Swift,target,33,0,0,0,0
2026_02_MIN_CHI,1680,8,2026,2,chi,min,00-0036275,D.Swift,carry,35,0,0,0,0
2026_02_MIN_CHI,1747,8,2026,2,chi,min,00-0036275,D.Swift,target,55,0,0,0,0
2026_02_MIN_CHI,1803,8,2026,2,chi,min,00-0036290,C.Kmet,target,49,0,0,0,0
2026_02_MIN_CHI,1846,9,2026,2,min,chi,00-0033293,A.Jones,carry,88,0,0,0,0
2026_02_MIN_CHI,1875,9,2026,2,min,chi,00-0033293,A.Jones,carry,80,0,0,0,0
2026_02_MIN_CHI,1897,9,2026,2,min,chi,00-0040506,M.Price,target,72,0,0,0,0
2026_02_MIN_CHI,1952,9,2026,2,min,chi,00-0036322,J.Jefferson,target,81,0,0,0,0
2026_02_MIN_CHI,2022,10,2026,2,chi,min,00-0039919,R.Odunze,target,66,0,0,0,0
2026_02_MIN_CHI,2134,11,2026,2,chi,min,00-0036275,D.Swift,carry,65,0,0,0,0
2026_02_MIN_CHI,2161,11,2026,2,chi,min,00-0041558,S.Roush,target,53,0,0,0,0
2026_02_MIN_CHI,2211,11,2026,2,chi,min,00-0040236,K.Monangai,carry,42,0,0,0,0
2026_02_MIN_CHI,2233,11,2026,2,chi,min,00-0040236,K.Monangai,carry,27,0,0,0,0
2026_02_MIN_CHI,2255,11,2026,2,chi,min,00-0040236,K.Monangai,carry,23,0,0,0,0
2026_02_MIN_CHI,2277,11,2026,2,chi,min,00-0039918,C.Williams,carry,11,1,0,0,0
2026_02_MIN_CHI,2311,11,2026,2,chi,min,00-0036275,D.Swift,carry,13,1,0,0,0
2026_02_MIN_CHI,2336,11,2026,2,chi,min,00-0032464,K.Raymond,target,9,1,1,0,0
2026_02_MIN_CHI,2383,11,2026,2,chi,min,00-0036275,D.Swift,carry,1,1,1,1,0
2026_02_MIN_CHI,2424,12,2026,2,min,chi,00-0033293,A.Jones,carry,99,0,0,0,0
2026_02_MIN_CHI,2453,12,2026,2,min,chi,00-0033293,A.Jones,carry,96,0,0,0,0
2026_02_MIN_CHI,2475,12,2026,2,min,chi,00-0036425,D.Dallas,carry,76,0,0,0,0
2026_02_MIN_CHI,2497,12,2026,2,min,chi,00-0036425,D.Dallas,carry,72,0,0,0,0
2026_02_MIN_CHI,2597,13,2026,2,chi,min,00-0040236,K.Monangai,carry,90,0,0,0,0
2026_02_MIN_CHI,2652,13,2026,2,chi,min,00-0040126,C.Loveland,target,73,0,0,0,0
2026_02_MIN_CHI,2675,13,2026,2,chi,min,00-0040236,K.Monangai,carry,73,0,0,0,0
2026_02_MIN_CHI,2697,13,2026,2,chi,min,00-0032464,K.Raymond,target,73,0,0,0,0
2026_02_MIN_CHI,2769,14,2026,2,min,chi,00-0035249,J.Oliver,target,86,0,0,0,0
2026_02_MIN_CHI,2801,14,2026,2,min,chi,00-0033293,A.Jones,carry,62,0,0,0,0
2026_02_MIN_CHI,2823,14,2026,2,min,chi,00-0038994,J.Addison,target,59,0,0,0,0
2026_02_MIN_CHI,2892,15,2026,2,chi,min,00-0041558,S.Roush,target,70,0,0,0,0
2026_02_MIN_CHI,2924,15,2026,2,chi,min,00-0036275,D.Swift,carry,61,0,0,0,0
2026_02_MIN_CHI,2946,15,2026,2,chi,min,00-0040735,L.Burden,target,60,0,0,0,0
2026_02_MIN_CHI,2969,15,2026,2,chi,min,00-0036275,D.Swift,carry,60,0,0,0,0
2026_02_MIN_CHI,3011,15,2026,2,chi,min,00-0040735,L.Burden,target,57,0,0,0,0
2026_02_MIN_CHI,3054,16,2026,2,min,chi,00-0036322,J.Jefferson,target,88,0,0,0,0
2026_02_MIN_CHI,3101,16,2026,2,min,chi,00-0033293,A.Jones,carry,93,0,0,0,0
2026_02_MIN_CHI,3123,16,2026,2,min,chi,00-0036425,D.Dallas,target,91,0,0,0,0
2026_02_MIN_CHI,3193,17,2026,2,chi,min,00-0036275,D.Swift,carry,67,0,0,0,0
2026_02_MIN_CHI,3222,17,2026,2,chi,min,00-0036275,D.Swift,carry,65,0,0,0,0
2026_02_MIN_CHI,3244,17,2026,2,chi,min,00-0036275,D.Swift,target,64,0,0,0,0
2026_02_MIN_CHI,3269,17,2026,2,chi,min,00-0039919,R.Odunze,target,32,0,0,0,0
2026_02_MIN_CHI,3294,17,2026,2,chi,min,00-0041558,S.Roush,target,17,1,0,0,0
2026_02_MIN_CHI,3322,17,2026,2,chi,min,00-0040236,K.Monangai,target,17,1,0,0,0
2026_02_MIN_CHI,3347,17,2026,2,chi,min,00-0040236,K.Monangai,carry,10,1,1,0,0
2026_02_MIN_CHI,3369,17,2026,2,chi,min,00-0040236,K.Monangai,carry,8,1,1,0,0
2026_02_MIN_CHI,3423,17,2026,2,chi,min,00-0036275,D.Swift,target,6,1,1,0,0
2026_02_MIN_CHI,3505,18,2026,2,min,chi,00-0033293,A.Jones,carry,88,0,0,0,0
2026_02_MIN_CHI,3534,18,2026,2,min,chi,00-0033293,A.Jones,carry,83,0,0,0,0
2026_02_MIN_CHI,3556,18,2026,2,min,chi,00-0038994,J.Addison,target,83,0,0,0,0
2026_02_MIN_CHI,3615,18,2026,2,min,chi,00-0033293,A.Jones,carry,63,0,0,0,0
2026_02_MIN_CHI,3640,18,2026,2,min,chi,00-0035229,T.Hockenson,target,63,0,0,0,0
2026_02_MIN_CHI,3665,18,2026,2,min,chi,00-0033293,A.Jones,carry,44,0,0,0,0
2026_02_MIN_CHI,3694,18,2026,2,min,chi,00-0033293,A.Jones,carry,39,0,0,0,0
2026_02_MIN_CHI,3723,18,2026,2,min,chi,00-0033293,A.Jones,carry,24,0,0,0,0
2026_02_MIN_CHI,3752,18,2026,2,min,chi,00-0033293,A.Jones,carry,24,0,0,0,0
2026_02_MIN_CHI,3774,18,2026,2,min,chi,00-0035229,T.Hockenson,target,24,0,0,0,0
2026_02_MIN_CHI,3856,19,2026,2,chi,min,00-0040735,L.Burden,target,65,0,0,0,0
2026_02_MIN_CHI,3886,19,2026,2,chi,min,00-0040735,L.Burden,target,59,0,0,0,0
2026_02_MIN_CHI,3946,19,2026,2,chi,min,00-0039919,R.Odunze,target,41,0,0,0,0
2026_02_MIN_CHI,3976,19,2026,2,chi,min,00-0040735,L.Burden,target,20,1,0,0,0
2026_02_MIN_CHI,4001,19,2026,2,chi,min,00-0040735,L.Burden,target,12,1,0,0,0
2026_02_MIN_CHI,4024,19,2026,2,chi,min,00-0040126,C.Loveland,target,12,1,0,0,0
2026_02_NO_BAL,63,1,2026,2,bal,no,00-0032764,D.Henry,carry,75,0,0,0,0
2026_02_NO_BAL,85,1,2026,2,bal,no,00-0032764,D.Henry,carry,70,0,0,0,0
2026_02_NO_BAL,107,1,2026,2,bal,no,00-0034753,M.Andrews,target,71,0,0,0,0
2026_02_NO_BAL,150,2,2026,2,no,bal,00-0036973,T.Etienne,carry,76,0,0,0,0
2026_02_NO_BAL,172,2,2026,2,no,bal,00-0036973,T.Etienne,carry,73,0,0,0,0
2026_02_NO_BAL,194,2,2026,2,no,bal,00-0041326,C.Donaldson,carry,67,0,0,0,0
2026_02_NO_BAL,216,2,2026,2,no,bal,00-0033906,A.Kamara,target,65,0,0,0,0
2026_02_NO_BAL,241,2,2026,2,no,bal,00-0033906,A.Kamara,carry,59,0,0,0,0
2026_02_NO_BAL,303,3,2026,2,bal,no,00-0034753,M.Andrews,target,76,0,0,0,0
2026_02_NO_BAL,335,3,2026,2,bal,no,00-0032764,D.Henry,carry,66,0,0,0,0
2026_02_NO_BAL,357,3,2026,2,bal,no,00-0040075,L.Wester,target,61,0,0,0,0
2026_02_NO_BAL,380,3,2026,2,bal,no,00-0034753,M.Andrews,target,61,0,0,0,0
2026_02_NO_BAL,441,3,2026,2,bal,no,00-0032764,D.Henry,target,61,0,0,0,0
2026_02_NO_BAL,489,3,2026,2,bal,no,00-0036550,R.Bateman,target,41,0,0,0,0
2026_02_NO_BAL,514,3,2026,2,bal,no,00-0032764,D.Henry,target,22,0,0,0,0
2026_02_NO_BAL,539,3,2026,2,bal,no,00-0032764,D.Henry,carry,20,1,0,0,0
2026_02_NO_BAL,561,3,2026,2,bal,no,00-0032764,D.Henry,carry,14,1,0,0,0
2026_02_NO_BAL,583,3,2026,2,bal,no,00-0032764,D.Henry,carry,9,1,1,0,0
2026_02_NO_BAL,605,3,2026,2,bal,no,00-0032764,D.Henry,carry,1,1,1,1,1
2026_02_NO_BAL,700,4,2026,2,no,bal,00-0033906,A.Kamara,carry,70,0,0,0,0
2026_02_NO_BAL,722,4,2026,2,no,bal,00-0037239,C.Olave,target,66,0,0,0,0
2026_02_NO_BAL,758,4,2026,2,no,bal,00-0033906,A.Kamara,target,61,0,0,0,0
2026_02_NO_BAL,783,4,2026,2,no,bal,00-0033906,A.Kamara,target,59,0,0,0,0
2026_02_NO_BAL,808,4,2026,2,no,bal,00-0039424,D.Vele,target,58,0,0,0,0
2026_02_NO_BAL,833,4,2026,2,no,bal,00-0037239,C.Olave,target,47,0,0,0,0
2026_02_NO_BAL,878,4,2026,2,no,bal,00-0040743,T.Shough,carry,46,0,0,0,0
2026_02_NO_BAL,921,4,2026,2,no,bal,00-0036040,J.Johnson,target,53,0,0,0,0
2026_02_NO_BAL,971,5,2026,2,bal,no,00-0032764,D.Henry,carry,94,0,0,0,0
2026_02_NO_BAL,1000,5,2026,2,bal,no,00-0039792,D.Walker,target,89,0,0,0,0
2026_02_NO_BAL,1036,5,2026,2,bal,no,00-0040075,L.Wester,target,42,0,0,0,0
2026_02_NO_BAL,1066,5,2026,2,bal,no,00-0034975,J.Hill,carry,28,0,0,0,0
2026_02_NO_BAL,1113,5,2026,2,bal,no,00-0034975,J.Hill,target,39,0,0,0,0
2026_02_NO_BAL,1170,6,2026,2,no,bal,00-0037239,C.Olave,target,61,0,0,0,0
2026_02_NO_BAL,1236,6,2026,2,no,bal,00-0033906,A.Kamara,target,66,0,0,0,0
2026_02_NO_BAL,1271,6,2026,2,no,bal,00-0039424,D.Vele,target,64,0,0,0,0
2026_02_NO_BAL,1319,6,2026,2,no,bal,00-0033906,A.Kamara,carry,35,0,0,0,0
2026_02_NO_BAL,1341,6,2026,2,no,bal,00-0037239,C.Olave,target,33,0,0,0,0
2026_02_NO_BAL,1366,6,2026,2,no,bal,00-0033906,A.Kamara,carry,22,0,0,0,0
2026_02_NO_BAL,1388,6,2026,2,no,bal,00-0040743,T.Shough,carry,20,1,0,0,0
2026_02_NO_BAL,1415,6,2026,2,no,bal,00-0033906,A.Kamara,carry,12,1,0,0,0
2026_02_NO_BAL,1442,6,2026,2,no,bal,00-0033906,A.Kamara,target,12,1,0,0,0
2026_02_NO_BAL,1538,7,2026,2,bal,no,00-0032764,D.Henry,carry,80,0,0,0,0
2026_02_NO_BAL,1560,7,2026,2,bal,no,00-0032764,D.Henry,carry,72,0,0,0,0
2026_02_NO_BAL,1584,7,2026,2,bal,no,00-0032764,D.Henry,carry,70,0,0,0,0
2026_02_NO_BAL,1606,7,2026,2,bal,no,00-0032398,C.Moore,target,63,0,0,0,0
2026_02_NO_BAL,1638,7,2026,2,bal,no,00-0036550,R.Bateman,target,57,0,0,0,0
2026_02_NO_BAL,1685,7,2026,2,bal,no,00-0034753,M.Andrews,target,37,0,0,0,0
2026_02_NO_BAL,1739,7,2026,2,bal,no,00-0034975,J.Hill,target,26,0,0,0,0
2026_02_NO_BAL,1776,7,2026,2,bal,no,00-0036550,R.Bateman,target,22,0,0,0,1
2026_02_NO_BAL,1857,8,2026,2,no,bal,00-0040743,T.Shough,carry,44,0,0,0,0
2026_02_NO_BAL,1879,8,2026,2,no,bal,00-0039424,D.Vele,target,42,0,0,0,0
2026_02_NO_BAL,2000,9,2026,2,no,bal,00-0036973,T.Etienne,carry,74,0,0,0,0
2026_02_NO_BAL,2056,9,2026,2,no,bal,00-0036973,T.Etienne,carry,61,0,0,0,0
2026_02_NO_BAL,2105,9,2026,2,no,bal,00-0036040,J.Johnson,target,64,0,0,0,0
2026_02_NO_BAL,2147,9,2026,2,no,bal,00-0036973,T.Etienne,target,39,0,0,0,0
2026_02_NO_BAL,2177,9,2026,2,no,bal,00-0036973,T.Etienne,target,33,0,0,0,0
2026_02_NO_BAL,2207,9,2026,2,no,bal,00-0037239,C.Olave,target,33,0,0,0,0
2026_02_NO_BAL,2344,10,2026,2,bal,no,00-0034753,M.Andrews,target,68,0,0,0,0
2026_02_NO_BAL,2369,10,2026,2,bal,no,00-0032764,D.Henry,carry,60,0,0,0,0
2026_02_NO_BAL,2391,10,2026,2,bal,no,00-0034975,J.Hill,carry,53,0,0,0,0
2026_02_NO_BAL,2413,10,2026,2,bal,no,00-0034798,D.Smythe,target,47,0,0,0,0
2026_02_NO_BAL,2436,10,2026,2,bal,no,00-0034753,M.Andrews,target,47,0,0,0,0
2026_02_NO_BAL,2532,10,2026,2,bal,no,00-0036550,R.Bateman,target,51,0,0,0,0
2026_02_NO_BAL,2567,10,2026,2,bal,no,00-0032764,D.Henry,carry,33,0,0,0,0
2026_02_NO_BAL,2589,10,2026,2,bal,no,00-0032764,D.Henry,carry,30,0,0,0,0
2026_02_NO_BAL,2611,10,2026,2,bal,no,00-0036550,R.Bateman,target,25,0,0,0,0
2026_02_NO_BAL,2636,10,2026,2,bal,no,00-0032764,D.Henry,carry,19,1,0,0,0
2026_02_NO_BAL,2658,10,2026,2,bal,no,00-0036550,R.Bateman,target,19,1,0,0,0
2026_02_NO_BAL,2805,11,2026,2,no,bal,00-0033906,A.Kamara,target,83,0,0,0,0
2026_02_NO_BAL,2901,12,2026,2,bal,no,00-0032764,D.Henry,target,54,0,0,0,0
2026_02_NO_BAL,2955,12,2026,2,bal,no,00-0032398,C.Moore,target,65,0,0,0,0
2026_02_NO_BAL,3024,13,2026,2,no,bal,00-0041067,B.Lance,target,68,0,0,0,0
2026_02_NO_BAL,3049,13,2026,2,no,bal,00-0036973,T.Etienne,carry,60,0,0,0,0
2026_02_NO_BAL,3071,13,2026,2,no,bal,00-0041041,O.Delp,target,58,0,0,0,0
2026_02_NO_BAL,3096,13,2026,2,no,bal,00-0033906,A.Kamara,carry,50,0,0,0,0
2026_02_NO_BAL,3118,13,2026,2,no,bal,00-0033906,A.Kamara,carry,44,0,0,0,0
2026_02_NO_BAL,3145,13,2026,2,no,bal,00-0037239,C.Olave,target,42,0,0,0,0
2026_02_NO_BAL,3170,13,2026,2,no,bal,00-0037239,C.Olave,target,39,0,0,0,0
2026_02_NO_BAL,3242,13,2026,2,no,bal,00-0036973,T.Etienne,carry,27,0,0,0,0
2026_02_NO_BAL,3264,13,2026,2,no,bal,00-0037239,C.Olave,target,21,0,0,0,1
2026_02_NO_BAL,3358,14,2026,2,bal,no,00-0036550,R.Bateman,target,72,0,0,0,0
2026_02_NO_BAL,3383,14,2026,2,bal,no,00-0032764,D.Henry,carry,65,0,0,0,0
2026_02_NO_BAL,3405,14,2026,2,bal,no,00-0032398,C.Moore,target,63,0,0,0,0
2026_02_NO_BAL,3459,15,2026,2,no,bal,00-0036973,T.Etienne,carry,68,0,0,0,0
2026_02_NO_BAL,3495,15,2026,2,no,bal,00-0037239,C.Olave,target,68,0,0,0,0
2026_02_NO_BAL,3520,15,2026,2,no,bal,00-0039424,D.Vele,target,53,0,0,0,0
2026_02_NO_BAL,3543,15,2026,2,no,bal,00-0036973,T.Etienne,carry,53,0,0,0,0
2026_02_NO_BAL,3565,15,2026,2,no,bal,00-0039424,D.Vele,target,49,0,0,0,0
2026_02_NO_BAL,3590,15,2026,2,no,bal,00-0040743,T.Shough,carry,44,0,0,0,0
2026_02_NO_BAL,3612,15,2026,2,no,bal,00-0037231,K.Austin,target,43,0,0,0,0
2026_02_NO_BAL,3637,15,2026,2,no,bal,00-0033906,A.Kamara,carry,36,0,0,0,0
2026_02_NO_BAL,3659,15,2026,2,no,bal,00-0037239,C.Olave,target,35,0,0,0,0
2026_02_NO_BAL,3684,15,2026,2,no,bal,00-0033906,A.Kamara,carry,32,0,0,0,0
2026_02_NO_BAL,3706,15,2026,2,no,bal,00-0039424,D.Vele,target,36,0,0,0,0
2026_02_NO_BAL,3731,15,2026,2,no,bal,00-0036040,J.Johnson,target,30,0,0,0,0
2026_02_NO_BAL,3813,15,2026,2,no,bal,00-0039424,D.Vele,target,7,1,1,0,0
2026_02_NO_BAL,3836,15,2026,2,no,bal,00-0036040,J.Johnson,target,7,1,1,0,0
2026_02_NO_BAL,3862,15,2026,2,no,bal,00-0040743,T.Shough,carry,1,1,1,1,0
2026_02_NO_BAL,3928,15,2026,2,no,bal,00-0040743,T.Shough,carry,1,1,1,1,1
2026_02_NO_BAL,4023,16,2026,2,bal,no,00-0039792,D.Walker,target,71,0,0,0,0
2026_02_NO_BAL,4046,16,2026,2,bal,no,00-0036550,R.Bateman,target,71,0,0,0,0
2026_02_NO_BAL,4071,16,2026,2,bal,no,00-0034753,M.Andrews,target,64,0,0,0,0
2026_02_NO_BAL,4141,16,2026,2,bal,no,00-0036550,R.Bateman,target,37,0,0,0,0
2026_02_NYG_LA,68,1,2026,2,nyg,lar,00-0040715,C.Skattebo,carry,70,0,0,0,0
2026_02_NYG_LA,90,1,2026,2,nyg,lar,00-0040715,C.Skattebo,carry,66,0,0,0,0
2026_02_NYG_LA,112,1,2026,2,nyg,lar,00-0037838,I.Likely,target,63,0,0,0,0
2026_02_NYG_LA,137,1,2026,2,nyg,lar,00-0041042,M.Fields,target,59,0,0,0,0
2026_02_NYG_LA,162,1,2026,2,nyg,lar,00-0039847,T.Johnson,target,45,0,0,0,0
2026_02_NYG_LA,185,1,2026,2,nyg,lar,00-0040715,C.Skattebo,target,45,0,0,0,0
2026_02_NYG_LA,215,1,2026,2,nyg,lar,00-0039847,T.Johnson,target,43,0,0,0,0
2026_02_NYG_LA,268,2,2026,2,lar,nyg,00-0037840,K.Williams,carry,90,0,0,0,0
2026_02_NYG_LA,290,2,2026,2,lar,nyg,00-0037840,K.Williams,target,87,0,0,0,0
2026_02_NYG_LA,315,2,2026,2,lar,nyg,00-0031381,D.Adams,target,85,0,0,0,0
2026_02_NYG_LA,358,3,2026,2,nyg,lar,00-0040715,C.Skattebo,carry,53,0,0,0,0
2026_02_NYG_LA,387,3,2026,2,nyg,lar,00-0035250,D.Singletary,carry,51,0,0,0,0
2026_02_NYG_LA,409,3,2026,2,nyg,lar,00-0040715,C.Skattebo,carry,45,0,0,0,0
2026_02_NYG_LA,431,3,2026,2,nyg,lar,00-0039847,T.Johnson,target,40,0,0,0,0
2026_02_NYG_LA,466,3,2026,2,nyg,lar,00-0035250,D.Singletary,carry,40,0,0,0,0
2026_02_NYG_LA,565,3,2026,2,nyg,lar,00-0039337,M.Nabers,target,44,0,0,0,0
2026_02_NYG_LA,591,3,2026,2,nyg,lar,00-0037838,I.Likely,target,43,0,0,0,0
2026_02_NYG_LA,614,3,2026,2,nyg,lar,00-0035250,D.Singletary,target,43,0,0,0,0
2026_02_NYG_LA,655,4,2026,2,lar,nyg,00-0039738,B.Corum,carry,80,0,0,0,0
2026_02_NYG_LA,684,4,2026,2,lar,nyg,00-0040737,T.Ferguson,target,79,0,0,0,0
2026_02_NYG_LA,719,4,2026,2,lar,nyg,00-0039738,B.Corum,carry,71,0,0,0,0
2026_02_NYG_LA,741,4,2026,2,lar,nyg,00-0036244,C.Parkinson,target,69,0,0,0,0
2026_02_NYG_LA,766,4,2026,2,lar,nyg,00-0031381,D.Adams,target,62,0,0,0,0
2026_02_NYG_LA,791,4,2026,2,lar,nyg,00-0039738,B.Corum,carry,43,0,0,0,0
2026_02_NYG_LA,846,4,2026,2,lar,nyg,00-0040737,T.Ferguson,target,37,0,0,0,0
2026_02_NYG_LA,871,4,2026,2,lar,nyg,00-0031381,D.Adams,target,31,0,0,0,1
2026_02_NYG_LA,935,5,2026,2,nyg,lar,00-0039337,M.Nabers,target,73,0,0,0,0
2026_02_NYG_LA,958,5,2026,2,nyg,lar,00-0040715,C.Skattebo,carry,73,0,0,0,0
2026_02_NYG_LA,1003,5,2026,2,nyg,lar,00-0041042,M.Fields,target,72,0,0,0,0
2026_02_NYG_LA,1092,6,2026,2,lar,nyg,00-0031381,D.Adams,target,88,0,0,0,0
2026_02_NYG_LA,1117,6,2026,2,lar,nyg,00-0040737,T.Ferguson,target,84,0,0,0,0
2026_02_NYG_LA,1147,6,2026,2,lar,nyg,00-0031381,D.Adams,target,78,0,0,0,0
2026_02_NYG_LA,1172,6,2026,2,lar,nyg,00-0037840,K.Williams,carry,14,1,0,0,0
2026_02_NYG_LA,1201,6,2026,2,lar,nyg,00-0038359,X.Smith,target,10,1,1,0,0
2026_02_NYG_LA,1224,6,2026,2,lar,nyg,00-0037840,K.Williams,target,10,1,1,0,1
2026_02_NYG_LA,1295,7,2026,2,nyg,lar,00-0036893,N.Harris,carry,66,0,0,0,0
2026_02_NYG_LA,1317,7,2026,2,nyg,lar,00-0036309,D.Mooney,target,64,0,0,0,0
2026_02_NYG_LA,1350,7,2026,2,nyg,lar,00-0036893,N.Harris,carry,31,0,0,0,0
2026_02_NYG_LA,1372,7,2026,2,nyg,lar,00-0037838,I.Likely,target,27,0,0,0,0
2026_02_NYG_LA,1397,7,2026,2,nyg,lar,00-0031503,J.Winston,carry,22,0,0,0,0
2026_02_NYG_LA,1419,7,2026,2,nyg,lar,00-0031503,J.Winston,carry,22,0,0,0,0
2026_02_NYG_LA,1482,7,2026,2,nyg,lar,00-0039847,T.Johnson,target,21,0,0,0,0
2026_02_NYG_LA,1505,7,2026,2,nyg,lar,00-0040715,C.Skattebo,carry,21,0,0,0,0
2026_02_NYG_LA,1527,7,2026,2,nyg,lar,00-0039337,M.Nabers,target,18,1,0,0,0
2026_02_NYG_LA,1559,8,2026,2,lar,nyg,00-0039738,B.Corum,carry,79,0,0,0,0
2026_02_NYG_LA,1593,8,2026,2,lar,nyg,00-0031381,D.Adams,target,74,0,0,0,0
2026_02_NYG_LA,1620,9,2026,2,nyg,lar,00-0040715,C.Skattebo,target,71,0,0,0,0
2026_02_NYG_LA,1670,9,2026,2,nyg,lar,00-0035250,D.Singletary,carry,52,0,0,0,0
2026_02_NYG_LA,1692,9,2026,2,nyg,lar,00-0036309,D.Mooney,target,50,0,0,0,0
2026_02_NYG_LA,1741,10,2026,2,lar,nyg,00-0037840,K.Williams,carry,94,0,0,0,0
2026_02_NYG_LA,1819,11,2026,2,nyg,lar,00-0040715,C.Skattebo,carry,6,1,1,0,0
2026_02_NYG_LA,1841,11,2026,2,nyg,lar,00-0036893,N.Harris,carry,6,1,1,0,0
2026_02_NYG_LA,1870,11,2026,2,nyg,lar,00-0036893,N.Harris,carry,3,1,1,1,0
2026_02_NYG_LA,1936,12,2026,2,lar,nyg,00-0037840,K.Williams,carry,65,0,0,0,0
2026_02_NYG_LA,1963,12,2026,2,lar,nyg,00-0031381,D.Adams,target,52,0,0,0,0
2026_02_NYG_LA,2096,13,2026,2,lar,nyg,00-0039738,B.Corum,carry,89,0,0,0,0
2026_02_NYG_LA,2118,13,2026,2,lar,nyg,00-0036849,T.Atwell,target,86,0,0,0,0
2026_02_NYG_LA,2148,13,2026,2,lar,nyg,00-0036849,T.Atwell,target,67,0,0,0,0
2026_02_NYG_LA,2171,13,2026,2,lar,nyg,00-0040737,T.Ferguson,target,67,0,0,0,0
2026_02_NYG_LA,2194,13,2026,2,lar,nyg,00-0040590,K.Mumpfield,target,67,0,0,0,0
2026_02_NYG_LA,2235,14,2026,2,nyg,lar,00-0040715,C.Skattebo,carry,80,0,0,0,0
2026_02_NYG_LA,2264,14,2026,2,nyg,lar,00-0037838,I.Likely,target,79,0,0,0,0
2026_02_NYG_LA,2300,14,2026,2,nyg,lar,00-0040715,C.Skattebo,carry,66,0,0,0,0
2026_02_NYG_LA,2346,14,2026,2,nyg,lar,00-0040715,C.Skattebo,target,66,0,0,0,0
2026_02_NYG_LA,2371,14,2026,2,nyg,lar,00-0039337,M.Nabers,target,68,0,0,0,0
2026_02_NYG_LA,2420,15,2026,2,lar,nyg,00-0037840,K.Williams,carry,86,0,0,0,0
2026_02_NYG_LA,2449,15,2026,2,lar,nyg,00-0031381,D.Adams,target,81,0,0,0,0
2026_02_NYG_LA,2494,15,2026,2,lar,nyg,00-0040737,T.Ferguson,target,74,0,0,0,0
2026_02_NYG_LA,2519,15,2026,2,lar,nyg,00-0031381,D.Adams,target,54,0,0,0,0
2026_02_NYG_LA,2549,15,2026,2,lar,nyg,00-0037840,K.Williams,carry,31,0,0,0,0
2026_02_NYG_LA,2576,15,2026,2,lar,nyg,00-0031381,D.Adams,target,11,1,0,0,1
2026_02_NYG_LA,2668,16,2026,2,nyg,lar,00-0040715,C.Skattebo,carry,51,0,0,0,0
2026_02_NYG_LA,2690,16,2026,2,nyg,lar,00-0037838,I.Likely,target,49,0,0,0,0
2026_02_NYG_LA,2713,16,2026,2,nyg,lar,00-0036309,D.Mooney,target,49,0,0,0,0
2026_02_NYG_LA,2738,16,2026,2,nyg,lar,00-0037838,I.Likely,target,34,0,0,0,0
2026_02_NYG_LA,2761,16,2026,2,nyg,lar,00-0040715,C.Skattebo,carry,34,0,0,0,0
2026_02_NYG_LA,2853,17,2026,2,lar,nyg,00-0039738,B.Corum,carry,72,0,0,0,0
2026_02_NYG_LA,2875,17,2026,2,lar,nyg,00-0040590,K.Mumpfield,target,71,0,0,0,0
2026_02_NYG_LA,2900,17,2026,2,lar,nyg,00-0039738,B.Corum,carry,59,0,0,0,0
2026_02_NYG_LA,2922,17,2026,2,lar,nyg,00-0039738,B.Corum,carry,53,0,0,0,0
2026_02_NYG_LA,2971,17,2026,2,lar,nyg,00-0040737,T.Ferguson,target,38,0,0,0,0
2026_02_NYG_LA,3001,17,2026,2,lar,nyg,00-0040737,T.Ferguson,target,38,0,0,0,0
2026_02_NYG_LA,3100,18,2026,2,nyg,lar,00-0037838,I.Likely,target,95,0,0,0,0
2026_02_NYG_LA,3123,18,2026,2,nyg,lar,00-0037838,I.Likely,target,95,0,0,0,0
2026_02_NYG_LA,3146,18,2026,2,nyg,lar,00-0041042,M.Fields,target,95,0,0,0,0
2026_02_NYG_LA,3195,19,2026,2,lar,nyg,00-0040737,T.Ferguson,target,64,0,0,0,0
2026_02_NYG_LA,3232,19,2026,2,lar,nyg,00-0037840,K.Williams,carry,55,0,0,0,0
2026_02_NYG_LA,3254,19,2026,2,lar,nyg,00-0037840,K.Williams,carry,39,0,0,0,0
2026_02_NYG_LA,3276,19,2026,2,lar,nyg,00-0037840,K.Williams,carry,33,0,0,0,0
2026_02_NYG_LA,3298,19,2026,2,lar,nyg,00-0036244,C.Parkinson,target,30,0,0,0,0
2026_02_NYG_LA,3323,19,2026,2,lar,nyg,00-0039738,B.Corum,carry,22,0,0,0,0
2026_02_NYG_LA,3361,19,2026,2,lar,nyg,00-0039738,B.Corum,target,21,0,0,0,0
2026_02_NYG_LA,3386,19,2026,2,lar,nyg,00-0037840,K.Williams,carry,8,1,1,0,0
2026_02_NYG_LA,3408,19,2026,2,lar,nyg,00-0040737,T.Ferguson,target,5,1,1,1,1
2026_02_NYG_LA,3473,20,2026,2,nyg,lar,00-0040715,C.Skattebo,carry,65,0,0,0,0
2026_02_NYG_LA,3505,20,2026,2,nyg,lar,00-0037838,I.Likely,target,57,0,0,0,0
2026_02_NYG_LA,3530,20,2026,2,nyg,lar,00-0041042,M.Fields,target,51,0,0,0,0
2026_02_NYG_LA,3555,20,2026,2,nyg,lar,00-0037838,I.Likely,target,35,0,0,0,0
2026_02_NYG_LA,3580,20,2026,2,nyg,lar,00-0040715,C.Skattebo,target,30,0,0,0,0
2026_02_NYG_LA,3634,20,2026,2,nyg,lar,00-0041042,M.Fields,target,35,0,0,0,0
2026_02_NYG_LA,3667,20,2026,2,nyg,lar,00-0041042,M.Fields,target,35,0,0,0,0
2026_02_NYG_LA,3703,21,2026,2,lar,nyg,00-0039738,B.Corum,carry,65,0,0,0,0
2026_02_NYG_LA,3740,21,2026,2,lar,nyg,00-0039738,B.Corum,carry,47,0,0,0,0
2026_02_NYG_LA,3769,21,2026,2,lar,nyg,00-0039738,B.Corum,carry,39,0,0,0,0
2026_02_NYG_LA,3791,21,2026,2,lar,nyg,00-0037840,K.Williams,carry,34,0,0,0,0
2026_02_NYG_LA,3813,21,2026,2,lar,nyg,00-0037840,K.Williams,carry,28,0,0,0,0
2026_02_NYG_LA,3835,21,2026,2,lar,nyg,00-0039074,D.Allen,target,27,0,0,0,0
2026_02_PHI_TEN,63,1,2026,2,ten,phi,00-0035261,T.Pollard,carry,69,0,0,0,0
2026_02_PHI_TEN,85,1,2026,2,ten,phi,00-0035261,T.Pollard,target,71,0,0,0,0
2026_02_PHI_TEN,115,1,2026,2,ten,phi,00-0041438,C.Tate,target,70,0,0,0,0
2026_02_PHI_TEN,164,2,2026,2,phi,ten,00-0034844,S.Barkley,carry,72,0,0,0,0
2026_02_PHI_TEN,198,2,2026,2,phi,ten,00-0038555,T.Bigsby,target,72,0,0,0,0
2026_02_PHI_TEN,223,2,2026,2,phi,ten,00-0038393,D.Wicks,target,74,0,0,0,0
2026_02_PHI_TEN,248,2,2026,2,phi,ten,00-0034351,D.Goedert,target,47,0,0,0,0
2026_02_PHI_TEN,271,2,2026,2,phi,ten,00-0038555,T.Bigsby,carry,47,0,0,0,0
2026_02_PHI_TEN,293,2,2026,2,phi,ten,00-0039746,W.Shipley,carry,43,0,0,0,0
2026_02_PHI_TEN,348,2,2026,2,phi,ten,00-0038555,T.Bigsby,carry,33,0,0,0,0
2026_02_PHI_TEN,370,2,2026,2,phi,ten,00-0034351,D.Goedert,target,32,0,0,0,0
2026_02_PHI_TEN,395,2,2026,2,phi,ten,00-0036912,D.Smith,target,28,0,0,0,0
2026_02_PHI_TEN,420,2,2026,2,phi,ten,00-0039746,W.Shipley,carry,20,1,0,0,0
2026_02_PHI_TEN,442,2,2026,2,phi,ten,00-0039746,W.Shipley,carry,15,1,0,0,0
2026_02_PHI_TEN,464,2,2026,2,phi,ten,00-0038393,D.Wicks,target,14,1,0,0,0
2026_02_PHI_TEN,489,2,2026,2,phi,ten,00-0036389,J.Hurts,carry,7,1,1,0,0
2026_02_PHI_TEN,539,2,2026,2,phi,ten,00-0036912,D.Smith,target,8,1,1,0,0
2026_02_PHI_TEN,566,3,2026,2,ten,phi,00-0035261,T.Pollard,carry,10,1,1,0,0
2026_02_PHI_TEN,588,3,2026,2,ten,phi,00-0040170,E.Ayomanor,target,5,1,1,1,0
2026_02_PHI_TEN,638,3,2026,2,ten,phi,00-0040676,C.Ward,carry,1,1,1,1,1
2026_02_PHI_TEN,705,4,2026,2,phi,ten,00-0038555,T.Bigsby,target,65,0,0,0,0
2026_02_PHI_TEN,735,4,2026,2,phi,ten,00-0038555,T.Bigsby,carry,58,0,0,0,0
2026_02_PHI_TEN,757,4,2026,2,phi,ten,00-0038555,T.Bigsby,carry,54,0,0,0,0
2026_02_PHI_TEN,779,4,2026,2,phi,ten,00-0036912,D.Smith,target,50,0,0,0,0
2026_02_PHI_TEN,804,4,2026,2,phi,ten,00-0038555,T.Bigsby,carry,40,0,0,0,0
2026_02_PHI_TEN,826,4,2026,2,phi,ten,00-0038555,T.Bigsby,carry,38,0,0,0,0
2026_02_PHI_TEN,848,4,2026,2,phi,ten,00-0040867,M.Lemon,target,38,0,0,0,0
2026_02_PHI_TEN,893,4,2026,2,phi,ten,00-0036912,D.Smith,target,24,0,0,0,0
2026_02_PHI_TEN,918,4,2026,2,phi,ten,00-0039746,W.Shipley,carry,16,1,0,0,0
2026_02_PHI_TEN,940,4,2026,2,phi,ten,00-0038555,T.Bigsby,carry,11,1,0,0,0
2026_02_PHI_TEN,962,4,2026,2,phi,ten,00-0038555,T.Bigsby,carry,2,1,1,1,1
2026_02_PHI_TEN,1030,5,2026,2,ten,phi,00-0039032,T.Spears,carry,71,0,0,0,0
2026_02_PHI_TEN,1052,5,2026,2,ten,phi,00-0039032,T.Spears,carry,70,0,0,0,0
2026_02_PHI_TEN,1074,5,2026,2,ten,phi,00-0035261,T.Pollard,carry,62,0,0,0,0
2026_02_PHI_TEN,1103,5,2026,2,ten,phi,00-0039032,T.Spears,carry,49,0,0,0,0
2026_02_PHI_TEN,1136,5,2026,2,ten,phi,00-0040584,G.Helm,target,60,0,0,0,0
2026_02_PHI_TEN,1221,6,2026,2,phi,ten,00-0035662,M.Brown,carry,81,0,0,0,0
2026_02_PHI_TEN,1250,6,2026,2,phi,ten,00-0036912,D.Smith,target,72,0,0,0,0
2026_02_PHI_TEN,1280,6,2026,2,phi,ten,00-0038555,T.Bigsby,carry,54,0,0,0,0
2026_02_PHI_TEN,1368,6,2026,2,phi,ten,00-0038393,D.Wicks,target,46,0,0,0,0
2026_02_PHI_TEN,1400,6,2026,2,phi,ten,00-0039746,W.Shipley,carry,41,0,0,0,0
2026_02_PHI_TEN,1427,6,2026,2,phi,ten,00-0038555,T.Bigsby,carry,34,0,0,0,0
2026_02_PHI_TEN,1449,6,2026,2,phi,ten,00-0036389,J.Hurts,carry,35,0,0,0,0
2026_02_PHI_TEN,1487,6,2026,2,phi,ten,00-0039746,W.Shipley,carry,26,0,0,0,0
2026_02_PHI_TEN,1509,6,2026,2,phi,ten,00-0039746,W.Shipley,target,26,0,0,0,0
2026_02_PHI_TEN,1534,6,2026,2,phi,ten,00-0038393,D.Wicks,target,28,0,0,0,0
2026_02_PHI_TEN,1559,6,2026,2,phi,ten,00-0039746,W.Shipley,carry,13,1,0,0,0
2026_02_PHI_TEN,1621,6,2026,2,phi,ten,00-0036912,D.Smith,target,22,0,0,0,1
2026_02_PHI_TEN,1692,7,2026,2,ten,phi,00-0039032,T.Spears,target,70,0,0,0,0
2026_02_PHI_TEN,1800,7,2026,2,ten,phi,00-0040170,E.Ayomanor,target,73,0,0,0,0
2026_02_PHI_TEN,1832,7,2026,2,ten,phi,00-0039032,T.Spears,target,45,0,0,0,0
2026_02_PHI_TEN,1857,7,2026,2,ten,phi,00-0035261,T.Pollard,carry,18,1,0,0,0
2026_02_PHI_TEN,1982,7,2026,2,ten,phi,00-0035261,T.Pollard,carry,22,0,0,0,0
2026_02_PHI_TEN,2128,8,2026,2,phi,ten,00-0033246,J.Mundt,target,70,0,0,0,0
2026_02_PHI_TEN,2186,8,2026,2,phi,ten,00-0039746,W.Shipley,target,69,0,0,0,0
2026_02_PHI_TEN,2260,9,2026,2,ten,phi,00-0038115,D.Bellinger,target,84,0,0,0,0
2026_02_PHI_TEN,2290,9,2026,2,ten,phi,00-0035261,T.Pollard,carry,84,0,0,0,0
2026_02_PHI_TEN,2312,9,2026,2,ten,phi,00-0041438,C.Tate,target,84,0,0,0,0
2026_02_PHI_TEN,2370,10,2026,2,phi,ten,00-0034844,S.Barkley,carry,56,0,0,0,0
2026_02_PHI_TEN,2399,10,2026,2,phi,ten,00-0034844,S.Barkley,carry,53,0,0,0,0
2026_02_PHI_TEN,2421,10,2026,2,phi,ten,00-0034844,S.Barkley,target,51,0,0,0,0
2026_02_PHI_TEN,2451,10,2026,2,phi,ten,00-0036912,D.Smith,target,40,0,0,0,0
2026_02_PHI_TEN,2474,10,2026,2,phi,ten,00-0034844,S.Barkley,target,40,0,0,0,0
2026_02_PHI_TEN,2580,11,2026,2,ten,phi,00-0040886,N.Singleton,carry,69,0,0,0,0
2026_02_PHI_TEN,2602,11,2026,2,ten,phi,00-0040886,N.Singleton,carry,70,0,0,0,0
2026_02_PHI_TEN,2624,11,2026,2,ten,phi,00-0038117,W.Robinson,target,64,0,0,0,0
2026_02_PHI_TEN,2654,11,2026,2,ten,phi,00-0034837,C.Ridley,target,55,0,0,0,0
2026_02_PHI_TEN,2679,11,2026,2,ten,phi,00-0040886,N.Singleton,carry,30,0,0,0,0
2026_02_PHI_TEN,2701,11,2026,2,ten,phi,00-0034837,C.Ridley,target,26,0,0,0,0
2026_02_PHI_TEN,2726,11,2026,2,ten,phi,00-0040886,N.Singleton,carry,16,1,0,0,0
2026_02_PHI_TEN,2748,11,2026,2,ten,phi,00-0040584,G.Helm,target,15,1,0,0,0
2026_02_PHI_TEN,2773,11,2026,2,ten,phi,00-0040676,C.Ward,carry,7,1,1,0,0
2026_02_PHI_TEN,2795,11,2026,2,ten,phi,00-0035261,T.Pollard,carry,6,1,1,0,0
2026_02_PHI_TEN,2817,11,2026,2,ten,phi,00-0035261,T.Pollard,carry,2,1,1,1,0
2026_02_PHI_TEN,2910,12,2026,2,phi,ten,00-0033246,J.Mundt,target,65,0,0,0,0
2026_02_PHI_TEN,2935,12,2026,2,phi,ten,00-0040024,D.Cooper,target,63,0,0,0,0
2026_02_PHI_TEN,2958,12,2026,2,phi,ten,00-0033246,J.Mundt,target,63,0,0,0,0
2026_02_PHI_TEN,3038,13,2026,2,ten,phi,00-0035261,T.Pollard,carry,81,0,0,0,0
2026_02_PHI_TEN,3060,13,2026,2,ten,phi,00-0035261,T.Pollard,carry,79,0,0,0,0
2026_02_PHI_TEN,3082,13,2026,2,ten,phi,00-0035261,T.Pollard,carry,61,0,0,0,0
2026_02_PHI_TEN,3104,13,2026,2,ten,phi,00-0039032,T.Spears,carry,63,0,0,0,0
2026_02_PHI_TEN,3126,13,2026,2,ten,phi,00-0041438,C.Tate,target,60,0,0,0,0
2026_02_PHI_TEN,3167,14,2026,2,phi,ten,00-0034844,S.Barkley,carry,80,0,0,0,0
2026_02_PHI_TEN,3196,14,2026,2,phi,ten,00-0038555,T.Bigsby,carry,76,0,0,0,0
2026_02_PHI_TEN,3218,14,2026,2,phi,ten,00-0036389,J.Hurts,carry,71,0,0,0,0
2026_02_PHI_TEN,3240,14,2026,2,phi,ten,00-0038555,T.Bigsby,carry,69,0,0,0,0
2026_02_PHI_TEN,3296,14,2026,2,phi,ten,00-0036912,D.Smith,target,71,0,0,0,0
2026_02_PHI_TEN,3321,14,2026,2,phi,ten,00-0035662,M.Brown,carry,58,0,0,0,0
2026_02_PHI_TEN,3359,14,2026,2,phi,ten,00-0040024,D.Cooper,target,65,0,0,0,0
2026_02_PHI_TEN,3384,14,2026,2,phi,ten,00-0038555,T.Bigsby,carry,42,0,0,0,0
2026_02_PHI_TEN,3406,14,2026,2,phi,ten,00-0040867,M.Lemon,carry,39,0,0,0,0
2026_02_PHI_TEN,3436,14,2026,2,phi,ten,00-0036912,D.Smith,target,44,0,0,0,0
2026_02_PHI_TEN,3475,15,2026,2,ten,phi,00-0035261,T.Pollard,carry,83,0,0,0,0
2026_02_PHI_TEN,3509,15,2026,2,ten,phi,00-0035261,T.Pollard,carry,74,0,0,0,0
2026_02_PHI_TEN,3531,15,2026,2,ten,phi,00-0040170,E.Ayomanor,target,65,0,0,0,0
2026_02_PHI_TEN,3594,15,2026,2,ten,phi,00-0039032,T.Spears,carry,34,0,0,0,0
2026_02_PHI_TEN,3639,15,2026,2,ten,phi,00-0041438,C.Tate,target,42,0,0,0,0
2026_02_PHI_TEN,3676,15,2026,2,ten,phi,00-0039032,T.Spears,carry,36,0,0,0,0
2026_02_PHI_TEN,3726,15,2026,2,ten,phi,00-0035261,T.Pollard,carry,18,1,0,0,0
2026_02_PHI_TEN,3755,15,2026,2,ten,phi,00-0039032,T.Spears,carry,15,1,0,0,0
2026_02_PHI_TEN,3853,16,2026,2,phi,ten,00-0038393,D.Wicks,target,65,0,0,0,0
2026_02_PHI_TEN,3876,16,2026,2,phi,ten,00-0036912,D.Smith,target,65,0,0,0,0
2026_02_PHI_TEN,3906,16,2026,2,phi,ten,00-0038393,D.Wicks,target,61,0,0,0,0
2026_02_PHI_TEN,3931,16,2026,2,phi,ten,00-0036912,D.Smith,target,41,0,0,0,0
2026_02_PHI_TEN,3956,16,2026,2,phi,ten,00-0036912,D.Smith,target,32,0,0,0,0
2026_02_PHI_TEN,4031,16,2026,2,phi,ten,00-0036912,D.Smith,target,22,0,0,0,0
2026_02_PHI_TEN,4066,16,2026,2,phi,ten,00-0040024,D.Cooper,target,3,1,1,1,1
2026_02_PHI_TEN,4131,17,2026,2,ten,phi,00-0041438,C.Tate,target,65,0,0,0,0
2026_02_PIT_NE,63,1,2026,2,pit,ne,00-0036139,R.Dowdle,carry,70,0,0,0,0
2026_02_PIT_NE,85,1,2026,2,pit,ne,00-0036139,R.Dowdle,carry,69,0,0,0,0
2026_02_PIT_NE,107,1,2026,2,pit,ne,00-0035640,D.Metcalf,target,67,0,0,0,0
2026_02_PIT_NE,161,2,2026,2,ne,pit,00-0038621,D.Douglas,target,77,0,0,0,0
2026_02_PIT_NE,186,2,2026,2,ne,pit,00-0036875,R.Stevenson,carry,68,0,0,0,0
2026_02_PIT_NE,208,2,2026,2,ne,pit,00-0033090,H.Henry,target,63,0,0,0,0
2026_02_PIT_NE,243,2,2026,2,ne,pit,00-0036875,R.Stevenson,target,34,0,0,0,0
2026_02_PIT_NE,301,3,2026,2,pit,ne,00-0037228,J.Warren,carry,84,0,0,0,0
2026_02_PIT_NE,330,3,2026,2,pit,ne,00-0037228,J.Warren,target,80,0,0,0,0
2026_02_PIT_NE,353,3,2026,2,pit,ne,00-0036894,P.Freiermuth,target,80,0,0,0,0
2026_02_PIT_NE,402,4,2026,2,ne,pit,00-0036187,R.Gilliam,target,49,0,0,0,0
2026_02_PIT_NE,432,4,2026,2,ne,pit,00-0040734,T.Henderson,carry,49,0,0,0,0
2026_02_PIT_NE,485,4,2026,2,ne,pit,00-0040734,T.Henderson,carry,40,0,0,0,0
2026_02_PIT_NE,507,4,2026,2,ne,pit,00-0040734,T.Henderson,carry,39,0,0,0,1
2026_02_PIT_NE,570,5,2026,2,pit,ne,00-0036894,P.Freiermuth,target,74,0,0,0,0
2026_02_PIT_NE,595,5,2026,2,pit,ne,00-0036139,R.Dowdle,carry,65,0,0,0,0
2026_02_PIT_NE,617,5,2026,2,pit,ne,00-0038558,D.Washington,target,59,0,0,0,0
2026_02_PIT_NE,642,5,2026,2,pit,ne,00-0036139,R.Dowdle,target,52,0,0,0,0
2026_02_PIT_NE,667,5,2026,2,pit,ne,00-0037228,J.Warren,carry,43,0,0,0,0
2026_02_PIT_NE,689,5,2026,2,pit,ne,00-0037228,J.Warren,carry,42,0,0,0,0
2026_02_PIT_NE,711,5,2026,2,pit,ne,00-0037228,J.Warren,target,39,0,0,0,0
2026_02_PIT_NE,755,6,2026,2,ne,pit,00-0040734,T.Henderson,carry,53,0,0,0,0
2026_02_PIT_NE,784,6,2026,2,ne,pit,00-0037816,R.Doubs,target,48,0,0,0,0
2026_02_PIT_NE,818,6,2026,2,ne,pit,00-0036875,R.Stevenson,carry,44,0,0,0,0
2026_02_PIT_NE,840,6,2026,2,ne,pit,00-0040734,T.Henderson,carry,42,0,0,0,0
2026_02_PIT_NE,871,6,2026,2,ne,pit,00-0041395,E.Raridon,target,36,0,0,0,0
2026_02_PIT_NE,958,6,2026,2,ne,pit,00-0033090,H.Henry,target,14,1,0,0,0
2026_02_PIT_NE,1089,7,2026,2,pit,ne,00-0037228,J.Warren,carry,70,0,0,0,0
2026_02_PIT_NE,1111,7,2026,2,pit,ne,00-0041489,G.Bernard,target,67,0,0,0,0
2026_02_PIT_NE,1136,7,2026,2,pit,ne,00-0037228,J.Warren,carry,64,0,0,0,0
2026_02_PIT_NE,1158,7,2026,2,pit,ne,00-0036894,P.Freiermuth,carry,61,0,0,0,0
2026_02_PIT_NE,1205,7,2026,2,pit,ne,00-0036139,R.Dowdle,carry,59,0,0,0,0
2026_02_PIT_NE,1227,7,2026,2,pit,ne,00-0041489,G.Bernard,target,57,0,0,0,0
2026_02_PIT_NE,1252,7,2026,2,pit,ne,00-0041489,G.Bernard,target,38,0,0,0,0
2026_02_PIT_NE,1284,7,2026,2,pit,ne,00-0041489,G.Bernard,target,35,0,0,0,0
2026_02_PIT_NE,1309,7,2026,2,pit,ne,00-0035640,D.Metcalf,target,25,0,0,0,0
2026_02_PIT_NE,1334,7,2026,2,pit,ne,00-0038558,D.Washington,target,22,0,0,0,0
2026_02_PIT_NE,1470,8,2026,2,ne,pit,00-0033555,M.Hollins,target,79,0,0,0,0
2026_02_PIT_NE,1517,8,2026,2,ne,pit,00-0040734,T.Henderson,carry,62,0,0,0,0
2026_02_PIT_NE,1539,8,2026,2,ne,pit,00-0038621,D.Douglas,target,65,0,0,0,0
2026_02_PIT_NE,1623,9,2026,2,pit,ne,00-0035594,T.Homer,carry,72,0,0,0,0
2026_02_PIT_NE,1650,9,2026,2,pit,ne,00-0035594,T.Homer,carry,58,0,0,0,0
2026_02_PIT_NE,1739,9,2026,2,pit,ne,00-0035640,D.Metcalf,target,46,0,0,0,0
2026_02_PIT_NE,1770,9,2026,2,pit,ne,00-0037228,J.Warren,carry,47,0,0,0,0
2026_02_PIT_NE,1792,9,2026,2,pit,ne,00-0039739,R.Wilson,target,45,0,0,0,0
2026_02_PIT_NE,1872,10,2026,2,ne,pit,00-0040734,T.Henderson,carry,92,0,0,0,0
2026_02_PIT_NE,1901,10,2026,2,ne,pit,00-0040734,T.Henderson,carry,90,0,0,0,0
2026_02_PIT_NE,1950,11,2026,2,pit,ne,00-0041489,G.Bernard,target,65,0,0,0,0
2026_02_PIT_NE,1980,11,2026,2,pit,ne,00-0036894,P.Freiermuth,target,65,0,0,0,0
2026_02_PIT_NE,2005,11,2026,2,pit,ne,00-0036894,P.Freiermuth,target,56,0,0,0,0
2026_02_PIT_NE,2075,11,2026,2,pit,ne,00-0039739,R.Wilson,target,42,0,0,0,0
2026_02_PIT_NE,2194,12,2026,2,ne,pit,00-0033090,H.Henry,target,67,0,0,0,0
2026_02_PIT_NE,2219,12,2026,2,ne,pit,00-0040734,T.Henderson,carry,60,0,0,0,0
2026_02_PIT_NE,2246,12,2026,2,ne,pit,00-0037816,R.Doubs,target,62,0,0,0,0
2026_02_PIT_NE,2271,12,2026,2,ne,pit,00-0033090,H.Henry,target,33,0,0,0,0
2026_02_PIT_NE,2298,13,2026,2,pit,ne,00-0036139,R.Dowdle,carry,87,0,0,0,0
2026_02_PIT_NE,2327,13,2026,2,pit,ne,00-0036139,R.Dowdle,carry,82,0,0,0,0
2026_02_PIT_NE,2393,13,2026,2,pit,ne,00-0037228,J.Warren,carry,75,0,0,0,0
2026_02_PIT_NE,2415,13,2026,2,pit,ne,00-0039739,R.Wilson,target,67,0,0,0,0
2026_02_PIT_NE,2440,13,2026,2,pit,ne,00-0035640,D.Metcalf,target,62,0,0,0,0
2026_02_PIT_NE,2463,13,2026,2,pit,ne,00-0036139,R.Dowdle,carry,62,0,0,0,0
2026_02_PIT_NE,2485,13,2026,2,pit,ne,00-0041489,G.Bernard,target,58,0,0,0,0
2026_02_PIT_NE,2528,14,2026,2,ne,pit,00-0033555,M.Hollins,target,85,0,0,0,0
2026_02_PIT_NE,2560,14,2026,2,ne,pit,00-0040734,T.Henderson,carry,77,0,0,0,0
2026_02_PIT_NE,2582,14,2026,2,ne,pit,00-0036187,R.Gilliam,target,74,0,0,0,0
2026_02_PIT_NE,2607,14,2026,2,ne,pit,00-0036875,R.Stevenson,target,70,0,0,0,0
2026_02_PIT_NE,2630,14,2026,2,ne,pit,00-0040131,K.Williams,target,70,0,0,0,0
2026_02_PIT_NE,2655,14,2026,2,ne,pit,00-0036875,R.Stevenson,carry,60,0,0,0,0
2026_02_PIT_NE,2677,14,2026,2,ne,pit,00-0036875,R.Stevenson,carry,36,0,0,0,0
2026_02_PIT_NE,2699,14,2026,2,ne,pit,00-0040734,T.Henderson,carry,27,0,0,0,0
2026_02_PIT_NE,2721,14,2026,2,ne,pit,00-0040563,E.Chism,target,27,0,0,0,0
2026_02_PIT_NE,2767,15,2026,2,pit,ne,00-0037228,J.Warren,carry,63,0,0,0,0
2026_02_PIT_NE,2796,15,2026,2,pit,ne,00-0036862,B.Skowronek,target,58,0,0,0,0
2026_02_PIT_NE,2821,15,2026,2,pit,ne,00-0035640,D.Metcalf,target,56,0,0,0,0
2026_02_PIT_NE,2869,16,2026,2,ne,pit,00-0037816,R.Doubs,target,92,0,0,0,0
2026_02_PIT_NE,2930,16,2026,2,ne,pit,00-0033090,H.Henry,target,34,0,0,0,0
2026_02_PIT_NE,2953,16,2026,2,ne,pit,00-0040734,T.Henderson,carry,34,0,0,0,0
2026_02_PIT_NE,3041,17,2026,2,pit,ne,00-0036139,R.Dowdle,target,72,0,0,0,0
2026_02_PIT_NE,3086,17,2026,2,pit,ne,00-0037228,J.Warren,carry,59,0,0,0,0
2026_02_PIT_NE,3225,18,2026,2,pit,ne,00-0035640,D.Metcalf,target,73,0,0,0,0
2026_02_PIT_NE,3248,18,2026,2,pit,ne,00-0036894,P.Freiermuth,target,73,0,0,0,0
2026_02_PIT_NE,3334,19,2026,2,ne,pit,00-0040734,T.Henderson,carry,60,0,0,0,0
2026_02_PIT_NE,3385,19,2026,2,ne,pit,00-0040734,T.Henderson,carry,49,0,0,0,0
2026_02_PIT_NE,3407,19,2026,2,ne,pit,00-0040131,K.Williams,target,48,0,0,0,0
2026_02_PIT_NE,3430,19,2026,2,ne,pit,00-0037816,R.Doubs,target,48,0,0,0,0
2026_02_PIT_NE,3473,20,2026,2,pit,ne,00-0035640,D.Metcalf,target,92,0,0,0,0
2026_02_PIT_NE,3498,20,2026,2,pit,ne,00-0037228,J.Warren,carry,83,0,0,0,0
2026_02_PIT_NE,3520,20,2026,2,pit,ne,00-0037228,J.Warren,target,73,0,0,0,0
2026_02_PIT_NE,3545,20,2026,2,pit,ne,00-0039739,R.Wilson,target,65,0,0,0,0
2026_02_PIT_NE,3570,20,2026,2,pit,ne,00-0041489,G.Bernard,target,60,0,0,0,0
2026_02_PIT_NE,3593,20,2026,2,pit,ne,00-0035640,D.Metcalf,target,60,0,0,0,0
2026_02_PIT_NE,3618,20,2026,2,pit,ne,00-0039739,R.Wilson,target,44,0,0,0,0
2026_02_PIT_NE,3643,20,2026,2,pit,ne,00-0039739,R.Wilson,target,39,0,0,0,0
2026_02_PIT_NE,3673,20,2026,2,pit,ne,00-0037228,J.Warren,target,30,0,0,0,0
2026_02_PIT_NE,3736,20,2026,2,pit,ne,00-0041489,G.Bernard,target,17,1,0,0,0
2026_02_PIT_NE,3772,21,2026,2,ne,pit,00-0040734,T.Henderson,carry,68,0,0,0,0
2026_02_PIT_NE,3803,21,2026,2,ne,pit,00-0036875,R.Stevenson,carry,69,0,0,0,0
2026_02_PIT_NE,3826,21,2026,2,ne,pit,00-0040734,T.Henderson,carry,68,0,0,0,0
2026_02_PIT_NE,3881,22,2026,2,pit,ne,00-0035640,D.Metcalf,target,79,0,0,0,0
2026_02_PIT_NE,3904,22,2026,2,pit,ne,00-0037228,J.Warren,carry,79,0,0,0,0
2026_02_PIT_NE,3968,23,2026,2,ne,pit,00-0036875,R.Stevenson,carry,80,0,0,0,0
2026_02_PIT_NE,3990,23,2026,2,ne,pit,00-0040556,C.Kiner,carry,78,0,0,0,0
2026_02_PIT_NE,4019,23,2026,2,ne,pit,00-0040556,C.Kiner,carry,80,0,0,0,0
2026_02_SEA_ARI,62,1,2026,2,ari,sea,00-0037744,T.McBride,target,57,0,0,0,0
2026_02_SEA_ARI,87,1,2026,2,ari,sea,00-0038559,Mi.Wilson,target,48,0,0,0,0
2026_02_SEA_ARI,110,1,2026,2,ari,sea,00-0037263,T.Allgeier,carry,48,0,0,0,0
2026_02_SEA_ARI,156,2,2026,2,sea,ari,00-0041512,J.Price,carry,86,0,0,0,0
2026_02_SEA_ARI,178,2,2026,2,sea,ari,00-0038543,J.Smith-Njigba,target,82,0,0,0,1
2026_02_SEA_ARI,237,3,2026,2,ari,sea,00-0041027,J.Love,carry,68,0,0,0,0
2026_02_SEA_ARI,295,3,2026,2,ari,sea,00-0037744,T.McBride,target,70,0,0,0,0
2026_02_SEA_ARI,320,3,2026,2,ari,sea,00-0037744,T.McBride,target,61,0,0,0,0
2026_02_SEA_ARI,345,3,2026,2,ari,sea,00-0041027,J.Love,carry,58,0,0,0,0
2026_02_SEA_ARI,367,3,2026,2,ari,sea,00-0041027,J.Love,carry,51,0,0,0,0
2026_02_SEA_ARI,429,4,2026,2,sea,ari,00-0041512,J.Price,carry,88,0,0,0,0
2026_02_SEA_ARI,451,4,2026,2,sea,ari,00-0041512,J.Price,carry,87,0,0,0,0
2026_02_SEA_ARI,473,4,2026,2,sea,ari,00-0037545,R.Shaheed,target,90,0,0,0,0
2026_02_SEA_ARI,516,5,2026,2,ari,sea,00-0038559,Mi.Wilson,target,61,0,0,0,0
2026_02_SEA_ARI,548,5,2026,2,ari,sea,00-0037263,T.Allgeier,carry,52,0,0,0,0
2026_02_SEA_ARI,570,5,2026,2,ari,sea,00-0041027,J.Love,target,50,0,0,0,0
2026_02_SEA_ARI,595,5,2026,2,ari,sea,00-0037263,T.Allgeier,carry,43,0,0,0,0
2026_02_SEA_ARI,640,5,2026,2,ari,sea,00-0037744,T.McBride,target,40,0,0,0,0
2026_02_SEA_ARI,704,5,2026,2,ari,sea,00-0041027,J.Love,carry,27,0,0,0,0
2026_02_SEA_ARI,738,5,2026,2,ari,sea,00-0041027,J.Love,carry,19,1,0,0,0
2026_02_SEA_ARI,760,5,2026,2,ari,sea,00-0041027,J.Love,carry,10,1,1,0,0
2026_02_SEA_ARI,782,5,2026,2,ari,sea,00-0037744,T.McBride,target,9,1,1,0,0
2026_02_SEA_ARI,847,5,2026,2,ari,sea,00-0037744,T.McBride,target,2,1,1,1,1
2026_02_SEA_ARI,906,6,2026,2,sea,ari,00-0037545,R.Shaheed,target,74,0,0,0,0
2026_02_SEA_ARI,931,6,2026,2,sea,ari,00-0037545,R.Shaheed,target,51,0,0,0,0
2026_02_SEA_ARI,956,6,2026,2,sea,ari,00-0041512,J.Price,carry,47,0,0,0,0
2026_02_SEA_ARI,989,7,2026,2,ari,sea,00-0041027,J.Love,target,53,0,0,0,0
2026_02_SEA_ARI,1026,7,2026,2,ari,sea,00-0041027,J.Love,carry,44,0,0,0,0
2026_02_SEA_ARI,1048,7,2026,2,ari,sea,00-0033307,K.Bourne,target,47,0,0,0,0
2026_02_SEA_ARI,1091,8,2026,2,sea,ari,00-0041512,J.Price,carry,84,0,0,0,0
2026_02_SEA_ARI,1120,8,2026,2,sea,ari,00-0039793,A.Barner,target,73,0,0,0,0
2026_02_SEA_ARI,1145,8,2026,2,sea,ari,00-0038797,E.Wilson,carry,65,0,0,0,0
2026_02_SEA_ARI,1167,8,2026,2,sea,ari,00-0038797,E.Wilson,carry,61,0,0,0,0
2026_02_SEA_ARI,1189,8,2026,2,sea,ari,00-0038797,E.Wilson,carry,56,0,0,0,0
2026_02_SEA_ARI,1211,8,2026,2,sea,ari,00-0033908,C.Kupp,target,46,0,0,0,0
2026_02_SEA_ARI,1236,8,2026,2,sea,ari,00-0041512,J.Price,carry,42,0,0,0,0
2026_02_SEA_ARI,1286,8,2026,2,sea,ari,00-0037545,R.Shaheed,target,48,0,0,0,0
2026_02_SEA_ARI,1339,9,2026,2,ari,sea,00-0037263,T.Allgeier,carry,97,0,0,0,0
2026_02_SEA_ARI,1368,9,2026,2,ari,sea,00-0041027,J.Love,carry,92,0,0,0,0
2026_02_SEA_ARI,1390,9,2026,2,ari,sea,00-0037744,T.McBride,target,89,0,0,0,0
2026_02_SEA_ARI,1460,10,2026,2,sea,ari,00-0038543,J.Smith-Njigba,target,31,0,0,0,0
2026_02_SEA_ARI,1492,10,2026,2,sea,ari,00-0041512,J.Price,carry,21,0,0,0,0
2026_02_SEA_ARI,1514,10,2026,2,sea,ari,00-0041512,J.Price,carry,19,1,0,0,0
2026_02_SEA_ARI,1536,10,2026,2,sea,ari,00-0038543,J.Smith-Njigba,target,13,1,0,0,0
2026_02_SEA_ARI,1561,10,2026,2,sea,ari,00-0041512,J.Price,carry,6,1,1,0,0
2026_02_SEA_ARI,1590,10,2026,2,sea,ari,00-0038797,E.Wilson,carry,4,1,1,1,0
2026_02_SEA_ARI,1619,10,2026,2,sea,ari,00-0038797,E.Wilson,carry,2,1,1,1,0
2026_02_SEA_ARI,1644,10,2026,2,sea,ari,00-0038797,E.Wilson,carry,1,1,1,1,0
2026_02_SEA_ARI,1678,11,2026,2,ari,sea,00-0037744,T.McBride,target,98,0,0,0,0
2026_02_SEA_ARI,1710,11,2026,2,ari,sea,00-0039849,M.Harrison,target,94,0,0,0,0
2026_02_SEA_ARI,1740,11,2026,2,ari,sea,00-0038559,Mi.Wilson,target,94,0,0,0,0
2026_02_SEA_ARI,1804,11,2026,2,ari,sea,00-0037744,T.McBride,target,72,0,0,0,0
2026_02_SEA_ARI,1829,11,2026,2,ari,sea,00-0037263,T.Allgeier,target,71,0,0,0,0
2026_02_SEA_ARI,1907,12,2026,2,sea,ari,00-0037545,R.Shaheed,target,74,0,0,0,0
2026_02_SEA_ARI,1930,12,2026,2,sea,ari,00-0033908,C.Kupp,target,74,0,0,0,0
2026_02_SEA_ARI,1955,12,2026,2,sea,ari,00-0038543,J.Smith-Njigba,target,58,0,0,0,0
2026_02_SEA_ARI,1980,12,2026,2,sea,ari,00-0038543,J.Smith-Njigba,target,58,0,0,0,0
2026_02_SEA_ARI,2095,12,2026,2,sea,ari,00-0038543,J.Smith-Njigba,target,58,0,0,0,0
2026_02_SEA_ARI,2244,13,2026,2,sea,ari,00-0041512,J.Price,carry,32,0,0,0,0
2026_02_SEA_ARI,2266,13,2026,2,sea,ari,00-0038797,E.Wilson,carry,7,1,1,0,0
2026_02_SEA_ARI,2288,13,2026,2,sea,ari,00-0041512,J.Price,carry,5,1,1,1,0
2026_02_SEA_ARI,2310,13,2026,2,sea,ari,00-0038543,J.Smith-Njigba,target,7,1,1,0,1
2026_02_SEA_ARI,2370,14,2026,2,ari,sea,00-0038559,Mi.Wilson,target,80,0,0,0,0
2026_02_SEA_ARI,2393,14,2026,2,ari,sea,00-0033307,K.Bourne,target,80,0,0,0,0
2026_02_SEA_ARI,2418,14,2026,2,ari,sea,00-0038559,Mi.Wilson,target,77,0,0,0,0
2026_02_SEA_ARI,2450,15,2026,2,sea,ari,00-0040739,E.Arroyo,target,44,0,0,0,0
2026_02_SEA_ARI,2482,15,2026,2,sea,ari,00-0041512,J.Price,carry,27,0,0,0,0
2026_02_SEA_ARI,2504,15,2026,2,sea,ari,00-0041512,J.Price,target,24,0,0,0,0
2026_02_SEA_ARI,2527,15,2026,2,sea,ari,00-0038543,J.Smith-Njigba,target,24,0,0,0,0
2026_02_SEA_ARI,2585,15,2026,2,sea,ari,00-0039299,G.Holani,target,15,1,0,0,0
2026_02_SEA_ARI,2610,15,2026,2,sea,ari,00-0033576,E.Saubert,target,13,1,0,0,0
2026_02_SEA_ARI,2640,15,2026,2,sea,ari,00-0037545,R.Shaheed,target,23,0,0,0,0
2026_02_SEA_ARI,2720,16,2026,2,ari,sea,00-0041027,J.Love,carry,73,0,0,0,0
2026_02_SEA_ARI,2742,16,2026,2,ari,sea,00-0041027,J.Love,target,70,0,0,0,0
2026_02_SEA_ARI,2767,16,2026,2,ari,sea,00-0037744,T.McBride,target,70,0,0,0,0
2026_02_SEA_ARI,2792,16,2026,2,ari,sea,00-0037263,T.Allgeier,carry,62,0,0,0,0
2026_02_SEA_ARI,2814,16,2026,2,ari,sea,00-0037263,T.Allgeier,target,61,0,0,0,0
2026_02_SEA_ARI,2839,16,2026,2,ari,sea,00-0038559,Mi.Wilson,target,57,0,0,0,0
2026_02_SEA_ARI,2889,17,2026,2,sea,ari,00-0041512,J.Price,carry,80,0,0,0,0
2026_02_SEA_ARI,2941,17,2026,2,sea,ari,00-0041512,J.Price,target,76,0,0,0,0
2026_02_SEA_ARI,2966,17,2026,2,sea,ari,00-0038797,E.Wilson,carry,68,0,0,0,0
2026_02_SEA_ARI,2988,17,2026,2,sea,ari,00-0038543,J.Smith-Njigba,target,65,0,0,0,0
2026_02_SEA_ARI,3013,17,2026,2,sea,ari,00-0038797,E.Wilson,carry,50,0,0,0,0
2026_02_SEA_ARI,3055,17,2026,2,sea,ari,00-0038797,E.Wilson,carry,42,0,0,0,0
2026_02_SEA_ARI,3077,17,2026,2,sea,ari,00-0038797,E.Wilson,carry,37,0,0,0,0
2026_02_SEA_ARI,3133,17,2026,2,sea,ari,00-0038797,E.Wilson,target,16,1,0,0,0
2026_02_SEA_ARI,3156,17,2026,2,sea,ari,00-0037545,R.Shaheed,carry,16,1,0,0,0
2026_02_SEA_ARI,3178,17,2026,2,sea,ari,00-0038543,J.Smith-Njigba,target,12,1,0,0,1
2026_02_SEA_ARI,3238,18,2026,2,ari,sea,00-0033307,K.Bourne,target,65,0,0,0,0
2026_02_SEA_ARI,3263,18,2026,2,ari,sea,00-0038559,Mi.Wilson,target,57,0,0,0,0
2026_02_SEA_ARI,3337,19,2026,2,sea,ari,00-0038797,E.Wilson,carry,70,0,0,0,0
2026_02_SEA_ARI,3366,19,2026,2,sea,ari,00-0038797,E.Wilson,carry,52,0,0,0,0
2026_02_SEA_ARI,3398,19,2026,2,sea,ari,00-0039299,G.Holani,carry,49,0,0,0,0
2026_02_SEA_ARI,3420,19,2026,2,sea,ari,00-0038543,J.Smith-Njigba,target,44,0,0,0,0
2026_02_SEA_ARI,3445,19,2026,2,sea,ari,00-0038797,E.Wilson,carry,40,0,0,0,0
2026_02_SEA_ARI,3505,19,2026,2,sea,ari,00-0038797,E.Wilson,carry,40,0,0,0,0
2026_02_SEA_ARI,3527,19,2026,2,sea,ari,00-0038797,E.Wilson,carry,38,0,0,0,0
2026_02_SEA_ARI,3549,19,2026,2,sea,ari,00-0038797,E.Wilson,carry,29,0,0,0,0
2026_02_SEA_ARI,3571,19,2026,2,sea,ari,00-0038797,E.Wilson,carry,22,0,0,0,0
2026_02_SEA_ARI,3593,19,2026,2,sea,ari,00-0038797,E.Wilson,carry,15,1,0,0,0
2026_02_SEA_ARI,3622,19,2026,2,sea,ari,00-0038797,E.Wilson,carry,14,1,0,0,0
2026_02_SEA_ARI,3644,19,2026,2,sea,ari,00-0039299,G.Holani,carry,13,1,0,0,0
2026_02_SEA_ARI,3677,19,2026,2,sea,ari,00-0039299,G.Holani,carry,3,1,1,1,0
2026_02_SEA_ARI,3699,19,2026,2,sea,ari,00-0039299,G.Holani,carry,1,1,1,1,0
2026_02_SEA_ARI,3721,19,2026,2,sea,ari,00-0038797,E.Wilson,carry,1,1,1,1,0
2026_02_SEA_ARI,3752,19,2026,2,sea,ari,00-0039793,A.Barner,carry,1,1,1,1,1
2026_02_SEA_ARI,3816,20,2026,2,ari,sea,00-0037157,Z.Knight,carry,65,0,0,0,0
2026_02_SEA_ARI,3838,20,2026,2,ari,sea,00-0037157,Z.Knight,carry,47,0,0,0,0
2026_02_WAS_DAL,62,1,2026,2,dal,wsh,00-0036997,J.Williams,target,66,0,0,0,0
2026_02_WAS_DAL,92,1,2026,2,dal,wsh,00-0036997,J.Williams,carry,58,0,0,0,0
2026_02_WAS_DAL,114,1,2026,2,dal,wsh,00-0037247,G.Pickens,target,58,0,0,0,0
2026_02_WAS_DAL,144,1,2026,2,dal,wsh,00-0037247,G.Pickens,target,54,0,0,0,0
2026_02_WAS_DAL,167,1,2026,2,dal,wsh,00-0036358,C.Lamb,target,54,0,0,0,0
2026_02_WAS_DAL,192,1,2026,2,dal,wsh,00-0036358,C.Lamb,target,39,0,0,0,0
2026_02_WAS_DAL,217,1,2026,2,dal,wsh,00-0036997,J.Williams,carry,16,1,0,0,0
2026_02_WAS_DAL,261,1,2026,2,dal,wsh,00-0036997,J.Williams,carry,3,1,1,1,0
2026_02_WAS_DAL,283,1,2026,2,dal,wsh,00-0036358,C.Lamb,target,3,1,1,1,1
2026_02_WAS_DAL,351,2,2026,2,wsh,dal,00-0039912,B.Sinnott,target,81,0,0,0,0
2026_02_WAS_DAL,376,2,2026,2,wsh,dal,00-0040242,J.Croskey-Merritt,carry,75,0,0,0,0
2026_02_WAS_DAL,398,2,2026,2,wsh,dal,00-0037256,R.White,target,76,0,0,0,0
2026_02_WAS_DAL,452,3,2026,2,dal,wsh,00-0036358,C.Lamb,target,64,0,0,0,0
2026_02_WAS_DAL,482,3,2026,2,dal,wsh,00-0036997,J.Williams,carry,26,0,0,0,0
2026_02_WAS_DAL,504,3,2026,2,dal,wsh,00-0039410,R.Flournoy,target,21,0,0,0,0
2026_02_WAS_DAL,527,3,2026,2,dal,wsh,00-0036358,C.Lamb,target,21,0,0,0,0
2026_02_WAS_DAL,564,3,2026,2,dal,wsh,00-0036997,J.Williams,carry,11,1,0,0,0
2026_02_WAS_DAL,586,3,2026,2,dal,wsh,00-0036997,J.Williams,target,11,1,0,0,0
2026_02_WAS_DAL,652,3,2026,2,dal,wsh,00-0037247,G.Pickens,target,6,1,1,0,0
2026_02_WAS_DAL,734,4,2026,2,wsh,dal,00-0040242,J.Croskey-Merritt,target,82,0,0,0,0
2026_02_WAS_DAL,786,4,2026,2,wsh,dal,00-0040242,J.Croskey-Merritt,carry,70,0,0,0,0
2026_02_WAS_DAL,844,4,2026,2,wsh,dal,00-0036626,D.Brown,target,79,0,0,0,0
2026_02_WAS_DAL,880,4,2026,2,wsh,dal,00-0035659,T.McLaurin,target,78,0,0,0,0
2026_02_WAS_DAL,905,4,2026,2,wsh,dal,00-0039686,C.Yankoff,target,54,0,0,0,0
2026_02_WAS_DAL,935,4,2026,2,wsh,dal,00-0040242,J.Croskey-Merritt,carry,40,0,0,0,0
2026_02_WAS_DAL,957,4,2026,2,wsh,dal,00-0040242,J.Croskey-Merritt,carry,38,0,0,0,0
2026_02_WAS_DAL,1033,4,2026,2,wsh,dal,00-0040242,J.Croskey-Merritt,carry,14,1,0,0,0
2026_02_WAS_DAL,1055,4,2026,2,wsh,dal,00-0039910,J.Daniels,carry,9,1,1,0,0
2026_02_WAS_DAL,1082,4,2026,2,wsh,dal,00-0037256,R.White,target,22,0,0,0,0
2026_02_WAS_DAL,1167,5,2026,2,dal,wsh,00-0037247,G.Pickens,target,65,0,0,0,0
2026_02_WAS_DAL,1192,5,2026,2,dal,wsh,00-0039410,R.Flournoy,target,53,0,0,0,0
2026_02_WAS_DAL,1222,5,2026,2,dal,wsh,00-0039410,R.Flournoy,target,47,0,0,0,0
2026_02_WAS_DAL,1252,5,2026,2,dal,wsh,00-0039410,R.Flournoy,target,37,0,0,0,0
2026_02_WAS_DAL,1277,5,2026,2,dal,wsh,00-0038705,E.Demercado,carry,35,0,0,0,0
2026_02_WAS_DAL,1299,5,2026,2,dal,wsh,00-0037247,G.Pickens,target,28,0,0,0,0
2026_02_WAS_DAL,1335,5,2026,2,dal,wsh,00-0038041,J.Ferguson,target,10,1,1,0,1
2026_02_WAS_DAL,1420,6,2026,2,wsh,dal,00-0040242,J.Croskey-Merritt,carry,66,0,0,0,0
2026_02_WAS_DAL,1464,6,2026,2,wsh,dal,00-0037256,R.White,carry,42,0,0,0,0
2026_02_WAS_DAL,1486,6,2026,2,wsh,dal,00-0035659,T.McLaurin,target,34,0,0,0,0
2026_02_WAS_DAL,1558,6,2026,2,wsh,dal,00-0037256,R.White,carry,34,0,0,0,0
2026_02_WAS_DAL,1587,6,2026,2,wsh,dal,00-0037256,R.White,carry,27,0,0,0,0
2026_02_WAS_DAL,1620,6,2026,2,wsh,dal,00-0037256,R.White,carry,6,1,1,0,0
2026_02_WAS_DAL,1652,6,2026,2,wsh,dal,00-0031588,S.Diggs,target,4,1,1,1,1
2026_02_WAS_DAL,1739,7,2026,2,dal,wsh,00-0036358,C.Lamb,target,74,0,0,0,0
2026_02_WAS_DAL,1764,7,2026,2,dal,wsh,00-0037247,G.Pickens,target,69,0,0,0,0
2026_02_WAS_DAL,1813,8,2026,2,wsh,dal,00-0037256,R.White,target,65,0,0,0,0
2026_02_WAS_DAL,1845,8,2026,2,wsh,dal,00-0037742,T.Burks,target,56,0,0,0,0
2026_02_WAS_DAL,1868,8,2026,2,wsh,dal,00-0037256,R.White,carry,56,0,0,0,0
2026_02_WAS_DAL,1890,8,2026,2,wsh,dal,00-0040242,J.Croskey-Merritt,carry,52,0,0,0,0
2026_02_WAS_DAL,1934,8,2026,2,wsh,dal,00-0035659,T.McLaurin,target,42,0,0,0,0
2026_02_WAS_DAL,1972,8,2026,2,wsh,dal,00-0040242,J.Croskey-Merritt,carry,42,0,0,0,0
2026_02_WAS_DAL,2003,8,2026,2,wsh,dal,00-0031588,S.Diggs,target,38,0,0,0,0
2026_02_WAS_DAL,2086,8,2026,2,wsh,dal,00-0031588,S.Diggs,target,13,1,0,0,0
2026_02_WAS_DAL,2123,8,2026,2,wsh,dal,00-0037256,R.White,carry,5,1,1,1,0
2026_02_WAS_DAL,2145,8,2026,2,wsh,dal,00-0035659,T.McLaurin,target,1,1,1,1,0
2026_02_WAS_DAL,2182,8,2026,2,wsh,dal,00-0036626,D.Brown,target,1,1,1,1,0
2026_02_WAS_DAL,2284,9,2026,2,wsh,dal,00-0040242,J.Croskey-Merritt,carry,60,0,0,0,0
2026_02_WAS_DAL,2318,9,2026,2,wsh,dal,00-0035659,T.McLaurin,target,56,0,0,0,0
2026_02_WAS_DAL,2352,9,2026,2,wsh,dal,00-0040242,J.Croskey-Merritt,carry,30,0,0,0,0
2026_02_WAS_DAL,2379,9,2026,2,wsh,dal,00-0036626,D.Brown,target,29,0,0,0,0
2026_02_WAS_DAL,2402,9,2026,2,wsh,dal,00-0031588,S.Diggs,target,29,0,0,0,0
2026_02_WAS_DAL,2520,10,2026,2,dal,wsh,00-0036997,J.Williams,carry,64,0,0,0,0
2026_02_WAS_DAL,2542,10,2026,2,dal,wsh,00-0037247,G.Pickens,target,65,0,0,0,0
2026_02_WAS_DAL,2567,10,2026,2,dal,wsh,00-0038041,J.Ferguson,target,62,0,0,0,0
2026_02_WAS_DAL,2592,10,2026,2,dal,wsh,00-0036997,J.Williams,carry,48,0,0,0,0
2026_02_WAS_DAL,2614,10,2026,2,dal,wsh,00-0037247,G.Pickens,target,41,0,0,0,0
2026_02_WAS_DAL,2639,10,2026,2,dal,wsh,00-0036997,J.Williams,target,29,0,0,0,0
2026_02_WAS_DAL,2664,10,2026,2,dal,wsh,00-0038705,E.Demercado,carry,23,0,0,0,0
2026_02_WAS_DAL,2756,11,2026,2,wsh,dal,00-0036626,D.Brown,target,76,0,0,0,0
2026_02_WAS_DAL,2797,12,2026,2,dal,wsh,00-0037801,K.Turpin,carry,13,1,0,0,0
2026_02_WAS_DAL,2824,12,2026,2,dal,wsh,00-0038041,J.Ferguson,target,12,1,0,0,1
2026_02_WAS_DAL,2887,13,2026,2,wsh,dal,00-0035659,T.McLaurin,target,65,0,0,0,0
2026_02_WAS_DAL,2941,13,2026,2,wsh,dal,00-0040242,J.Croskey-Merritt,carry,60,0,0,0,0
2026_02_WAS_DAL,2985,13,2026,2,wsh,dal,00-0040242,J.Croskey-Merritt,carry,48,0,0,0,0
2026_02_WAS_DAL,3041,13,2026,2,wsh,dal,00-0036626,D.Brown,target,45,0,0,0,0
2026_02_WAS_DAL,3071,13,2026,2,wsh,dal,00-0037256,R.White,carry,27,0,0,0,0
2026_02_WAS_DAL,3093,13,2026,2,wsh,dal,00-0035659,T.McLaurin,target,23,0,0,0,0
2026_02_WAS_DAL,3149,13,2026,2,wsh,dal,00-0037256,R.White,target,33,0,0,0,0
2026_02_WAS_DAL,3237,14,2026,2,dal,wsh,00-0038705,E.Demercado,carry,53,0,0,0,0
2026_02_WAS_DAL,3259,14,2026,2,dal,wsh,00-0039410,R.Flournoy,target,53,0,0,0,0
2026_02_WAS_DAL,3304,14,2026,2,dal,wsh,00-0036997,J.Williams,target,48,0,0,0,0
2026_02_WAS_DAL,3329,14,2026,2,dal,wsh,00-0039410,R.Flournoy,target,42,0,0,0,0
2026_02_WAS_DAL,3354,14,2026,2,dal,wsh,00-0036358,C.Lamb,target,42,0,0,0,0
2026_02_WAS_DAL,3427,15,2026,2,wsh,dal,00-0035659,T.McLaurin,target,73,0,0,0,0
2026_02_WAS_DAL,3450,15,2026,2,wsh,dal,00-0041040,A.Williams,target,73,0,0,0,0
2026_02_WAS_DAL,3475,15,2026,2,wsh,dal,00-0031588,S.Diggs,target,64,0,0,0,0
2026_02_WAS_DAL,3505,15,2026,2,wsh,dal,00-0041040,A.Williams,target,59,0,0,0,0
2026_02_WAS_DAL,3535,15,2026,2,wsh,dal,00-0037256,R.White,target,49,0,0,0,0
2026_02_WAS_DAL,3563,15,2026,2,wsh,dal,00-0035659,T.McLaurin,target,43,0,0,0,0
2026_02_WAS_DAL,3586,15,2026,2,wsh,dal,00-0037256,R.White,target,43,0,0,0,0
2026_02_WAS_DAL,3611,15,2026,2,wsh,dal,00-0041040,A.Williams,target,33,0,0,0,0
2026_02_WAS_DAL,3636,15,2026,2,wsh,dal,00-0036626,D.Brown,target,28,0,0,0,0
2026_02_WAS_DAL,3666,15,2026,2,wsh,dal,00-0031588,S.Diggs,target,20,1,0,0,1
2026_02_WAS_DAL,3763,16,2026,2,dal,wsh,00-0038041,J.Ferguson,target,83,0,0,0,0
2026_02_WAS_DAL,3788,16,2026,2,dal,wsh,00-0036997,J.Williams,carry,76,0,0,0,0
2026_02_WAS_DAL,3810,16,2026,2,dal,wsh,00-0033077,D.Prescott,carry,74,0,0,0,0
2026_02_WAS_DAL,3835,16,2026,2,dal,wsh,00-0036997,J.Williams,carry,71,0,0,0,0
2026_02_WAS_DAL,3900,16,2026,2,dal,wsh,00-0036358,C.Lamb,target,73,0,0,0,0
2026_02_WAS_DAL,3930,16,2026,2,dal,wsh,00-0036997,J.Williams,carry,38,0,0,0,0
2026_02_WAS_DAL,3962,16,2026,2,dal,wsh,00-0036997,J.Williams,carry,29,0,0,0,0
2026_02_WAS_DAL,3987,16,2026,2,dal,wsh,00-0038738,H.Luepke,carry,29,0,0,0,0
2026_02_WAS_DAL,4009,16,2026,2,dal,wsh,00-0036997,J.Williams,carry,28,0,0,0,0
2026_02_WAS_DAL,4031,16,2026,2,dal,wsh,00-0036358,C.Lamb,target,24,0,0,0,1
2026_02_WAS_DAL,4095,17,2026,2,wsh,dal,00-0041096,K.Allen,carry,57,0,0,0,0
2026_02_WAS_DAL,4117,17,2026,2,wsh,dal,00-0041096,K.Allen,carry,50,0,0,0,0
2026_02_WAS_DAL,4159,17,2026,2,wsh,dal,00-0041096,K.Allen,carry,41,0,0,0,0
2026_02_WAS_DAL,4188,17,2026,2,wsh,dal,00-0041096,K.Allen,carry,40,0,0,0,0
2026_02_WAS_DAL,4210,17,2026,2,wsh,dal,00-0041096,K.Allen,carry,36,0,0,0,0
2026_03_ARI_SF,62,1,2026,3,ari,sf,00-0041027,J.Love,carry,73,0,0,0,0
2026_03_ARI_SF,84,1,2026,3,ari,sf,00-0037744,T.McBride,target,66,0,0,0,0
2026_03_ARI_SF,107,1,2026,3,ari,sf,00-0037263,T.Allgeier,target,66,0,0,0,0
2026_03_ARI_SF,132,1,2026,3,ari,sf,00-0041027,J.Love,carry,61,0,0,0,0
2026_03_ARI_SF,154,1,2026,3,ari,sf,00-0041027,J.Love,carry,55,0,0,0,0
2026_03_ARI_SF,176,1,2026,3,ari,sf,00-0038559,Mi.Wilson,target,54,0,0,0,0
2026_03_ARI_SF,206,1,2026,3,ari,sf,00-0038640,J.Brooks,target,49,0,0,0,0
2026_03_ARI_SF,236,1,2026,3,ari,sf,00-0041027,J.Love,carry,49,0,0,0,0
2026_03_ARI_SF,269,1,2026,3,ari,sf,00-0041027,J.Love,carry,41,0,0,0,0
2026_03_ARI_SF,291,1,2026,3,ari,sf,00-0038559,Mi.Wilson,target,36,0,0,0,0
2026_03_ARI_SF,354,1,2026,3,ari,sf,00-0037263,T.Allgeier,target,46,0,0,0,0
2026_03_ARI_SF,379,1,2026,3,ari,sf,00-0033307,K.Bourne,target,41,0,0,0,0
2026_03_ARI_SF,458,2,2026,3,sf,ari,00-0031408,M.Evans,target,85,0,0,0,0
2026_03_ARI_SF,481,2,2026,3,sf,ari,00-0033280,C.McCaffrey,carry,85,0,0,0,0
2026_03_ARI_SF,503,2,2026,3,sf,ari,00-0031408,M.Evans,target,82,0,0,0,1
2026_03_ARI_SF,579,3,2026,3,ari,sf,00-0039041,E.Higgins,target,69,0,0,0,0
2026_03_ARI_SF,604,3,2026,3,ari,sf,00-0041027,J.Love,carry,65,0,0,0,0
2026_03_ARI_SF,634,3,2026,3,ari,sf,00-0033119,J.Brissett,carry,60,0,0,0,0
2026_03_ARI_SF,656,3,2026,3,ari,sf,00-0041027,J.Love,carry,59,0,0,0,0
2026_03_ARI_SF,716,3,2026,3,ari,sf,00-0037004,H.Long,target,61,0,0,0,0
2026_03_ARI_SF,741,3,2026,3,ari,sf,00-0039849,M.Harrison,target,56,0,0,0,0
2026_03_ARI_SF,795,4,2026,3,sf,ari,00-0033280,C.McCaffrey,carry,93,0,0,0,0
2026_03_ARI_SF,824,4,2026,3,sf,ari,00-0033280,C.McCaffrey,carry,85,0,0,0,0
2026_03_ARI_SF,846,4,2026,3,sf,ari,00-0036887,L.Farrell,target,80,0,0,0,0
2026_03_ARI_SF,869,4,2026,3,sf,ari,00-0035719,D.Samuel,carry,80,0,0,0,0
2026_03_ARI_SF,891,4,2026,3,sf,ari,00-0033280,C.McCaffrey,target,77,0,0,0,0
2026_03_ARI_SF,923,4,2026,3,sf,ari,00-0041052,K.Black,target,64,0,0,0,0
2026_03_ARI_SF,953,4,2026,3,sf,ari,00-0041052,K.Black,carry,64,0,0,0,0
2026_03_ARI_SF,975,4,2026,3,sf,ari,00-0040172,J.Watkins,target,66,0,0,0,0
2026_03_ARI_SF,1034,4,2026,3,sf,ari,00-0033288,G.Kittle,target,35,0,0,0,0
2026_03_ARI_SF,1079,4,2026,3,sf,ari,00-0031408,M.Evans,target,23,0,0,0,1
2026_03_ARI_SF,1138,5,2026,3,ari,sf,00-0041027,J.Love,target,71,0,0,0,0
2026_03_ARI_SF,1163,5,2026,3,ari,sf,00-0041027,J.Love,carry,68,0,0,0,0
2026_03_ARI_SF,1221,5,2026,3,ari,sf,00-0037263,T.Allgeier,target,74,0,0,0,0
2026_03_ARI_SF,1272,6,2026,3,sf,ari,00-0033280,C.McCaffrey,target,86,0,0,0,0
2026_03_ARI_SF,1327,6,2026,3,sf,ari,00-0033280,C.McCaffrey,target,81,0,0,0,0
2026_03_ARI_SF,1376,7,2026,3,ari,sf,00-0039041,E.Higgins,target,62,0,0,0,0
2026_03_ARI_SF,1408,7,2026,3,ari,sf,00-0041027,J.Love,carry,53,0,0,0,0
2026_03_ARI_SF,1454,7,2026,3,ari,sf,00-0038559,Mi.Wilson,target,48,0,0,0,0
2026_03_ARI_SF,1484,7,2026,3,ari,sf,00-0039849,M.Harrison,target,43,0,0,0,0
2026_03_ARI_SF,1533,7,2026,3,ari,sf,00-0041027,J.Love,target,41,0,0,0,0
2026_03_ARI_SF,1597,7,2026,3,ari,sf,00-0037744,T.McBride,target,43,0,0,0,0
2026_03_ARI_SF,1646,7,2026,3,ari,sf,00-0041027,J.Love,carry,30,0,0,0,0
2026_03_ARI_SF,1696,7,2026,3,ari,sf,00-0037744,T.McBride,target,25,0,0,0,0
2026_03_ARI_SF,1721,7,2026,3,ari,sf,00-0038559,Mi.Wilson,target,16,1,0,0,0
2026_03_ARI_SF,1746,7,2026,3,ari,sf,00-0037263,T.Allgeier,carry,9,1,1,0,0
2026_03_ARI_SF,1768,7,2026,3,ari,sf,00-0038559,Mi.Wilson,target,12,1,0,0,0
2026_03_ARI_SF,1791,7,2026,3,ari,sf,00-0041027,J.Love,target,12,1,0,0,0
2026_03_ARI_SF,1866,8,2026,3,sf,ari,00-0033280,C.McCaffrey,carry,68,0,0,0,0
2026_03_ARI_SF,1888,8,2026,3,sf,ari,00-0033280,C.McCaffrey,carry,66,0,0,0,0
2026_03_ARI_SF,1910,8,2026,3,sf,ari,00-0031408,M.Evans,target,62,0,0,0,0
2026_03_ARI_SF,1953,8,2026,3,sf,ari,00-0031408,M.Evans,target,53,0,0,0,0
2026_03_ARI_SF,1976,8,2026,3,sf,ari,00-0033288,G.Kittle,target,53,0,0,0,0
2026_03_ARI_SF,1999,8,2026,3,sf,ari,00-0031408,M.Evans,target,53,0,0,0,0
2026_03_ARI_SF,2052,9,2026,3,ari,sf,00-0039849,M.Harrison,target,82,0,0,0,0
2026_03_ARI_SF,2084,9,2026,3,ari,sf,00-0038559,Mi.Wilson,target,68,0,0,0,0
2026_03_ARI_SF,2109,9,2026,3,ari,sf,00-0038559,Mi.Wilson,target,51,0,0,0,0
2026_03_ARI_SF,2138,9,2026,3,ari,sf,00-0037744,T.McBride,target,40,0,0,0,0
2026_03_ARI_SF,2174,9,2026,3,ari,sf,00-0038559,Mi.Wilson,target,19,1,0,0,0
2026_03_ARI_SF,2197,9,2026,3,ari,sf,00-0037263,T.Allgeier,target,19,1,0,0,0
2026_03_ARI_SF,2222,9,2026,3,ari,sf,00-0038559,Mi.Wilson,target,23,0,0,0,0
2026_03_ARI_SF,2302,10,2026,3,sf,ari,00-0040172,J.Watkins,target,73,0,0,0,0
2026_03_ARI_SF,2327,10,2026,3,sf,ari,00-0039365,J.Cowing,target,39,0,0,0,0
2026_03_ARI_SF,2456,11,2026,3,sf,ari,00-0033288,G.Kittle,target,56,0,0,0,0
2026_03_ARI_SF,2481,11,2026,3,sf,ari,00-0033280,C.McCaffrey,carry,45,0,0,0,0
2026_03_ARI_SF,2503,11,2026,3,sf,ari,00-0033280,C.McCaffrey,carry,40,0,0,0,0
2026_03_ARI_SF,2525,11,2026,3,sf,ari,00-0033288,G.Kittle,target,37,0,0,0,0
2026_03_ARI_SF,2550,11,2026,3,sf,ari,00-0033280,C.McCaffrey,target,19,1,0,0,0
2026_03_ARI_SF,2578,11,2026,3,sf,ari,00-0041052,K.Black,carry,7,1,1,0,0
2026_03_ARI_SF,2607,11,2026,3,sf,ari,00-0033280,C.McCaffrey,carry,1,1,1,1,1
2026_03_ARI_SF,2670,12,2026,3,ari,sf,00-0041027,J.Love,carry,69,0,0,0,0
2026_03_ARI_SF,2692,12,2026,3,ari,sf,00-0039041,E.Higgins,target,64,0,0,0,0
2026_03_ARI_SF,2723,12,2026,3,ari,sf,00-0037744,T.McBride,target,57,0,0,0,0
2026_03_ARI_SF,2754,12,2026,3,ari,sf,00-0041027,J.Love,carry,44,0,0,0,0
2026_03_ARI_SF,2776,12,2026,3,ari,sf,00-0041027,J.Love,carry,38,0,0,0,0
2026_03_ARI_SF,2801,12,2026,3,ari,sf,00-0037263,T.Allgeier,carry,34,0,0,0,0
2026_03_ARI_SF,2859,12,2026,3,ari,sf,00-0038559,Mi.Wilson,target,32,0,0,0,0
2026_03_ARI_SF,2884,12,2026,3,ari,sf,00-0038559,Mi.Wilson,target,26,0,0,0,0
2026_03_ARI_SF,2909,12,2026,3,ari,sf,00-0041027,J.Love,carry,21,0,0,0,0
2026_03_ARI_SF,2931,12,2026,3,ari,sf,00-0041027,J.Love,carry,15,1,0,0,0
2026_03_ARI_SF,2956,12,2026,3,ari,sf,00-0041027,J.Love,carry,15,1,0,0,0
2026_03_ARI_SF,2985,12,2026,3,ari,sf,00-0041027,J.Love,carry,7,1,1,0,0
2026_03_ARI_SF,3007,12,2026,3,ari,sf,00-0038559,Mi.Wilson,target,5,1,1,1,1
2026_03_ARI_SF,3076,13,2026,3,sf,ari,00-0033280,C.McCaffrey,carry,77,0,0,0,0
2026_03_ARI_SF,3112,13,2026,3,sf,ari,00-0039365,J.Cowing,target,75,0,0,0,0
2026_03_ARI_SF,3171,13,2026,3,sf,ari,00-0033280,C.McCaffrey,carry,85,0,0,0,0
2026_03_ARI_SF,3224,14,2026,3,ari,sf,00-0038559,Mi.Wilson,target,76,0,0,0,0
2026_03_ARI_SF,3247,14,2026,3,ari,sf,00-0037744,T.McBride,target,76,0,0,0,0
2026_03_ARI_SF,3270,14,2026,3,ari,sf,00-0039849,M.Harrison,target,76,0,0,0,0
2026_03_ARI_SF,3329,15,2026,3,ari,sf,00-0041027,J.Love,carry,28,0,0,0,0
2026_03_ARI_SF,3396,15,2026,3,ari,sf,00-0038559,Mi.Wilson,target,26,0,0,0,0
2026_03_ARI_SF,3433,15,2026,3,ari,sf,00-0041027,J.Love,carry,20,1,0,0,0
2026_03_ARI_SF,3511,15,2026,3,ari,sf,00-0033119,J.Brissett,carry,1,1,1,1,0
2026_03_ARI_SF,3545,15,2026,3,ari,sf,00-0041027,J.Love,target,1,1,1,1,1
2026_03_ARI_SF,3605,16,2026,3,sf,ari,00-0033288,G.Kittle,target,65,0,0,0,0
2026_03_ARI_SF,3630,16,2026,3,sf,ari,00-0033280,C.McCaffrey,carry,54,0,0,0,0
2026_03_ARI_SF,3652,16,2026,3,sf,ari,00-0033280,C.McCaffrey,carry,44,0,0,0,0
2026_03_ARI_SF,3674,16,2026,3,sf,ari,00-0041052,K.Black,carry,35,0,0,0,0
2026_03_ARI_SF,3696,16,2026,3,sf,ari,00-0035719,D.Samuel,carry,26,0,0,0,0
2026_03_ARI_SF,3726,16,2026,3,sf,ari,00-0041052,K.Black,carry,15,1,0,0,0
2026_03_ARI_SF,3753,16,2026,3,sf,ari,00-0029892,K.Juszczyk,target,11,1,0,0,0
2026_03_ARI_SF,3844,16,2026,3,sf,ari,00-0033288,G.Kittle,target,10,1,1,0,1
2026_03_ARI_SF,3930,17,2026,3,ari,sf,00-0037744,T.McBride,target,76,0,0,0,0
2026_03_ARI_SF,3955,17,2026,3,ari,sf,00-0039849,M.Harrison,target,69,0,0,0,0
2026_03_ARI_SF,3983,17,2026,3,ari,sf,00-0041027,J.Love,carry,50,0,0,0,0
2026_03_ARI_SF,4010,17,2026,3,ari,sf,00-0038559,Mi.Wilson,target,45,0,0,0,0
2026_03_ARI_SF,4035,17,2026,3,ari,sf,00-0033119,J.Brissett,carry,41,0,0,0,0
2026_03_ARI_SF,4057,17,2026,3,ari,sf,00-0037744,T.McBride,target,39,0,0,0,0
2026_03_ARI_SF,4082,17,2026,3,ari,sf,00-0041027,J.Love,carry,33,0,0,0,0
2026_03_ARI_SF,4104,17,2026,3,ari,sf,00-0033307,K.Bourne,target,30,0,0,0,0
2026_03_ARI_SF,4134,17,2026,3,ari,sf,00-0033307,K.Bourne,target,16,1,0,0,0
2026_03_ARI_SF,4159,17,2026,3,ari,sf,00-0038559,Mi.Wilson,target,8,1,1,0,0
2026_03_ARI_SF,4182,17,2026,3,ari,sf,00-0037744,T.McBride,target,8,1,1,0,0
2026_03_ARI_SF,4207,17,2026,3,ari,sf,00-0037744,T.McBride,target,4,1,1,1,0
2026_03_ARI_SF,4232,17,2026,3,ari,sf,00-0033119,J.Brissett,carry,1,1,1,1,1
2026_03_ARI_SF,4298,18,2026,3,sf,ari,00-0033280,C.McCaffrey,target,65,0,0,0,0
2026_03_ARI_SF,4323,18,2026,3,sf,ari,00-0029892,K.Juszczyk,target,54,0,0,0,0
2026_03_ARI_SF,4346,18,2026,3,sf,ari,00-0033280,C.McCaffrey,carry,54,0,0,0,0
2026_03_ARI_SF,4368,18,2026,3,sf,ari,00-0033280,C.McCaffrey,carry,42,0,0,0,0
2026_03_ARI_SF,4448,18,2026,3,sf,ari,00-0033280,C.McCaffrey,carry,20,1,0,0,0
2026_03_ARI_SF,4470,18,2026,3,sf,ari,00-0033288,G.Kittle,target,20,1,0,0,1
2026_03_ARI_SF,4536,19,2026,3,ari,sf,00-0037744,T.McBride,target,66,0,0,0,0
2026_03_ARI_SF,4561,19,2026,3,ari,sf,00-0041027,J.Love,target,57,0,0,0,0
2026_03_ARI_SF,4616,19,2026,3,ari,sf,00-0038559,Mi.Wilson,target,49,0,0,0,0
2026_03_ATL_GB,63,1,2026,3,atl,gb,00-0038542,Bi.Robinson,carry,70,0,0,0,0
2026_03_ATL_GB,85,1,2026,3,atl,gb,00-0038542,Bi.Robinson,target,66,0,0,0,0
2026_03_ATL_GB,110,1,2026,3,atl,gb,00-0037741,J.Dotson,target,49,0,0,0,0
2026_03_ATL_GB,133,1,2026,3,atl,gb,00-0037741,J.Dotson,target,49,0,0,0,0
2026_03_ATL_GB,160,2,2026,3,gb,atl,00-0038996,T.Kraft,target,55,0,0,0,0
2026_03_ATL_GB,185,2,2026,3,gb,atl,00-0039811,M.Lloyd,target,49,0,0,0,0
2026_03_ATL_GB,208,2,2026,3,gb,atl,00-0038124,C.Watson,target,49,0,0,0,0
2026_03_ATL_GB,281,3,2026,3,atl,gb,00-0038542,Bi.Robinson,carry,83,0,0,0,0
2026_03_ATL_GB,310,3,2026,3,atl,gb,00-0038542,Bi.Robinson,carry,76,0,0,0,0
2026_03_ATL_GB,332,3,2026,3,atl,gb,00-0036970,K.Pitts,target,73,0,0,0,0
2026_03_ATL_GB,355,3,2026,3,atl,gb,00-0038542,Bi.Robinson,carry,73,0,0,0,0
2026_03_ATL_GB,377,3,2026,3,atl,gb,00-0041044,Z.Branch,target,74,0,0,0,0
2026_03_ATL_GB,420,4,2026,3,gb,atl,00-0040142,K.Johnson,carry,87,0,0,0,0
2026_03_ATL_GB,449,4,2026,3,gb,atl,00-0040667,M.Golden,target,88,0,0,0,0
2026_03_ATL_GB,472,4,2026,3,gb,atl,00-0040667,M.Golden,target,88,0,0,0,0
2026_03_ATL_GB,530,4,2026,3,gb,atl,00-0039811,M.Lloyd,target,53,0,0,0,0
2026_03_ATL_GB,571,4,2026,3,gb,atl,00-0039811,M.Lloyd,carry,28,0,0,0,0
2026_03_ATL_GB,598,4,2026,3,gb,atl,00-0038996,T.Kraft,target,22,0,0,0,0
2026_03_ATL_GB,635,4,2026,3,gb,atl,00-0038090,S.Moore,target,14,1,0,0,0
2026_03_ATL_GB,660,4,2026,3,gb,atl,00-0039811,M.Lloyd,carry,5,1,1,1,0
2026_03_ATL_GB,682,4,2026,3,gb,atl,00-0038124,C.Watson,target,4,1,1,1,1
2026_03_ATL_GB,766,5,2026,3,atl,gb,00-0036970,K.Pitts,target,85,0,0,0,0
2026_03_ATL_GB,791,5,2026,3,atl,gb,00-0037746,Br.Robinson,carry,80,0,0,0,0
2026_03_ATL_GB,813,5,2026,3,atl,gb,00-0037746,Br.Robinson,carry,74,0,0,0,0
2026_03_ATL_GB,912,5,2026,3,atl,gb,00-0038542,Bi.Robinson,carry,60,0,0,0,0
2026_03_ATL_GB,934,5,2026,3,atl,gb,00-0038542,Bi.Robinson,carry,5,1,1,1,0
2026_03_ATL_GB,956,5,2026,3,atl,gb,00-0038542,Bi.Robinson,carry,3,1,1,1,1
2026_03_ATL_GB,1024,6,2026,3,gb,atl,00-0039811,M.Lloyd,target,69,0,0,0,0
2026_03_ATL_GB,1049,6,2026,3,gb,atl,00-0040667,M.Golden,target,72,0,0,0,0
2026_03_ATL_GB,1072,6,2026,3,gb,atl,00-0038996,T.Kraft,target,72,0,0,0,0
2026_03_ATL_GB,1148,7,2026,3,atl,gb,00-0041044,Z.Branch,target,83,0,0,0,0
2026_03_ATL_GB,1173,7,2026,3,atl,gb,00-0038542,Bi.Robinson,carry,76,0,0,0,0
2026_03_ATL_GB,1195,7,2026,3,atl,gb,00-0037741,J.Dotson,target,72,0,0,0,0
2026_03_ATL_GB,1220,7,2026,3,atl,gb,00-0037746,Br.Robinson,carry,61,0,0,0,0
2026_03_ATL_GB,1242,7,2026,3,atl,gb,00-0037238,D.London,target,45,0,0,0,0
2026_03_ATL_GB,1265,7,2026,3,atl,gb,00-0038542,Bi.Robinson,carry,45,0,0,0,0
2026_03_ATL_GB,1287,7,2026,3,atl,gb,00-0037238,D.London,target,45,0,0,0,0
2026_03_ATL_GB,1337,8,2026,3,gb,atl,00-0040142,K.Johnson,carry,89,0,0,0,0
2026_03_ATL_GB,1366,8,2026,3,gb,atl,00-0038996,T.Kraft,target,88,0,0,0,0
2026_03_ATL_GB,1389,8,2026,3,gb,atl,00-0038090,S.Moore,target,88,0,0,0,0
2026_03_ATL_GB,1490,9,2026,3,atl,gb,00-0037238,D.London,target,64,0,0,0,0
2026_03_ATL_GB,1520,9,2026,3,atl,gb,00-0038542,Bi.Robinson,carry,57,0,0,0,0
2026_03_ATL_GB,1542,9,2026,3,atl,gb,00-0035208,O.Zaccheaus,target,49,0,0,0,0
2026_03_ATL_GB,1567,9,2026,3,atl,gb,00-0038542,Bi.Robinson,carry,44,0,0,0,0
2026_03_ATL_GB,1589,9,2026,3,atl,gb,00-0037746,Br.Robinson,carry,34,0,0,0,0
2026_03_ATL_GB,1611,9,2026,3,atl,gb,00-0037238,D.London,target,37,0,0,0,0
2026_03_ATL_GB,1636,9,2026,3,atl,gb,00-0035208,O.Zaccheaus,target,30,0,0,0,0
2026_03_ATL_GB,1745,10,2026,3,gb,atl,00-0040142,K.Johnson,carry,33,0,0,0,0
2026_03_ATL_GB,1767,10,2026,3,gb,atl,00-0038124,C.Watson,target,28,0,0,0,0
2026_03_ATL_GB,1790,10,2026,3,gb,atl,00-0040667,M.Golden,target,28,0,0,0,0
2026_03_ATL_GB,1836,11,2026,3,atl,gb,00-0037238,D.London,target,63,0,0,0,0
2026_03_ATL_GB,1861,11,2026,3,atl,gb,00-0038542,Bi.Robinson,carry,43,0,0,0,0
2026_03_ATL_GB,1883,11,2026,3,atl,gb,00-0032392,A.Hooper,target,40,0,0,0,0
2026_03_ATL_GB,1908,11,2026,3,atl,gb,00-0037238,D.London,target,34,0,0,0,0
2026_03_ATL_GB,1945,11,2026,3,atl,gb,00-0038542,Bi.Robinson,carry,18,1,0,0,0
2026_03_ATL_GB,1967,11,2026,3,atl,gb,00-0038542,Bi.Robinson,carry,8,1,1,0,0
2026_03_ATL_GB,1996,11,2026,3,atl,gb,00-0038542,Bi.Robinson,carry,2,1,1,1,0
2026_03_ATL_GB,2018,11,2026,3,atl,gb,00-0032392,A.Hooper,target,5,1,1,1,1
2026_03_ATL_GB,2101,12,2026,3,gb,atl,00-0040667,M.Golden,target,67,0,0,0,0
2026_03_ATL_GB,2124,12,2026,3,gb,atl,00-0040667,M.Golden,target,67,0,0,0,0
2026_03_ATL_GB,2154,12,2026,3,gb,atl,00-0038996,T.Kraft,target,59,0,0,0,0
2026_03_ATL_GB,2315,13,2026,3,atl,gb,00-0037746,Br.Robinson,carry,89,0,0,0,0
2026_03_ATL_GB,2380,14,2026,3,gb,atl,00-0040142,K.Johnson,carry,70,0,0,0,0
2026_03_ATL_GB,2402,14,2026,3,gb,atl,00-0033858,J.Smith,target,69,0,0,0,0
2026_03_ATL_GB,2427,14,2026,3,gb,atl,00-0040667,M.Golden,target,62,0,0,0,0
2026_03_ATL_GB,2457,14,2026,3,gb,atl,00-0038124,C.Watson,target,50,0,0,0,0
2026_03_ATL_GB,2482,14,2026,3,gb,atl,00-0038090,S.Moore,target,28,0,0,0,0
2026_03_ATL_GB,2505,14,2026,3,gb,atl,00-0038090,S.Moore,target,28,0,0,0,0
2026_03_ATL_GB,2538,14,2026,3,gb,atl,00-0039811,M.Lloyd,carry,16,1,0,0,0
2026_03_ATL_GB,2567,14,2026,3,gb,atl,00-0039811,M.Lloyd,carry,14,1,0,0,0
2026_03_ATL_GB,2589,14,2026,3,gb,atl,00-0038124,C.Watson,target,12,1,0,0,0
2026_03_ATL_GB,2622,14,2026,3,gb,atl,00-0038124,C.Watson,target,7,1,1,0,0
2026_03_ATL_GB,2645,15,2026,3,atl,gb,00-0038542,Bi.Robinson,carry,92,0,0,0,0
2026_03_ATL_GB,2674,15,2026,3,atl,gb,00-0038542,Bi.Robinson,carry,86,0,0,0,0
2026_03_ATL_GB,2735,15,2026,3,atl,gb,00-0037746,Br.Robinson,carry,50,0,0,0,0
2026_03_ATL_GB,2757,15,2026,3,atl,gb,00-0037746,Br.Robinson,carry,42,0,0,0,0
2026_03_ATL_GB,2779,15,2026,3,atl,gb,00-0038542,Bi.Robinson,carry,35,0,0,0,0
2026_03_ATL_GB,2801,15,2026,3,atl,gb,00-0038542,Bi.Robinson,target,34,0,0,0,0
2026_03_ATL_GB,2826,15,2026,3,atl,gb,00-0037238,D.London,target,32,0,0,0,0
2026_03_ATL_GB,2851,15,2026,3,atl,gb,00-0038542,Bi.Robinson,carry,16,1,0,0,0
2026_03_ATL_GB,2873,15,2026,3,atl,gb,00-0038542,Bi.Robinson,carry,10,1,1,0,0
2026_03_ATL_GB,2895,15,2026,3,atl,gb,00-0037746,Br.Robinson,carry,7,1,1,0,1
2026_03_ATL_GB,2965,16,2026,3,gb,atl,00-0040142,K.Johnson,target,71,0,0,0,0
2026_03_ATL_GB,2988,16,2026,3,gb,atl,00-0036264,J.Love,carry,71,0,0,0,0
2026_03_ATL_GB,3017,16,2026,3,gb,atl,00-0040948,J.Sturdivant,target,66,0,0,0,0
2026_03_ATL_GB,3042,16,2026,3,gb,atl,00-0040142,K.Johnson,target,57,0,0,0,0
2026_03_ATL_GB,3072,16,2026,3,gb,atl,00-0040142,K.Johnson,target,47,0,0,0,0
2026_03_ATL_GB,3115,16,2026,3,gb,atl,00-0040667,M.Golden,target,48,0,0,0,0
2026_03_ATL_GB,3226,17,2026,3,atl,gb,00-0038542,Bi.Robinson,carry,96,0,0,0,0
2026_03_ATL_GB,3268,17,2026,3,atl,gb,00-0038542,Bi.Robinson,carry,87,0,0,0,0
2026_03_ATL_GB,3290,17,2026,3,atl,gb,00-0037238,D.London,target,84,0,0,0,0
2026_03_ATL_GB,3320,17,2026,3,atl,gb,00-0038542,Bi.Robinson,carry,16,1,0,0,0
2026_03_ATL_GB,3383,17,2026,3,atl,gb,00-0037746,Br.Robinson,carry,27,0,0,0,0
2026_03_ATL_GB,3405,17,2026,3,atl,gb,00-0037238,D.London,target,29,0,0,0,0
2026_03_ATL_GB,3485,18,2026,3,gb,atl,00-0038996,T.Kraft,target,76,0,0,0,0
2026_03_ATL_GB,3508,18,2026,3,gb,atl,00-0038996,T.Kraft,target,76,0,0,0,0
2026_03_ATL_GB,3531,18,2026,3,gb,atl,00-0038124,C.Watson,target,76,0,0,0,0
2026_03_ATL_GB,3556,18,2026,3,gb,atl,00-0040667,M.Golden,target,42,0,0,0,0
2026_03_ATL_GB,3579,18,2026,3,gb,atl,00-0038090,S.Moore,target,42,0,0,0,0
2026_03_ATL_GB,3602,18,2026,3,gb,atl,00-0040948,J.Sturdivant,target,42,0,0,0,0
2026_03_ATL_GB,3627,18,2026,3,gb,atl,00-0038090,S.Moore,target,39,0,0,0,0
2026_03_ATL_GB,3652,18,2026,3,gb,atl,00-0038124,C.Watson,target,29,0,0,0,0
2026_03_ATL_GB,3682,18,2026,3,gb,atl,00-0038996,T.Kraft,target,18,1,0,0,0
2026_03_ATL_GB,3712,18,2026,3,gb,atl,00-0040667,M.Golden,target,15,1,0,0,1
2026_03_ATL_GB,3798,19,2026,3,atl,gb,00-0038542,Bi.Robinson,carry,67,0,0,0,0
2026_03_ATL_GB,3820,19,2026,3,atl,gb,00-0038542,Bi.Robinson,carry,62,0,0,0,0
2026_03_ATL_GB,3842,19,2026,3,atl,gb,00-0038542,Bi.Robinson,carry,59,0,0,0,0
2026_03_ATL_GB,3865,19,2026,3,atl,gb,00-0037746,Br.Robinson,carry,55,0,0,0,0
2026_03_ATL_GB,3887,19,2026,3,atl,gb,00-0037238,D.London,target,53,0,0,0,0
2026_03_ATL_GB,3912,19,2026,3,atl,gb,00-0038542,Bi.Robinson,carry,13,1,0,0,0
2026_03_ATL_GB,3934,19,2026,3,atl,gb,00-0038542,Bi.Robinson,carry,4,1,1,1,0
2026_03_ATL_GB,3956,19,2026,3,atl,gb,00-0038542,Bi.Robinson,carry,2,1,1,1,1
2026_03_ATL_GB,4039,20,2026,3,gb,atl,00-0033858,J.Smith,target,68,0,0,0,0
2026_03_ATL_GB,4098,20,2026,3,gb,atl,00-0038124,C.Watson,target,64,0,0,0,0
2026_03_ATL_GB,4123,20,2026,3,gb,atl,00-0038124,C.Watson,target,59,0,0,0,0
2026_03_ATL_GB,4171,20,2026,3,gb,atl,00-0038685,C.Brooks,target,44,0,0,0,0
2026_03_ATL_GB,4196,20,2026,3,gb,atl,00-0040667,M.Golden,target,40,0,0,0,0
2026_03_ATL_GB,4234,20,2026,3,gb,atl,00-0040948,J.Sturdivant,target,40,0,0,0,0
2026_03_ATL_GB,4259,20,2026,3,gb,atl,00-0037091,B.Melton,target,30,0,0,0,0
2026_03_ATL_GB,4319,20,2026,3,gb,atl,00-0040667,M.Golden,target,30,0,0,0,0
2026_03_ATL_GB,4349,20,2026,3,gb,atl,00-0038090,S.Moore,target,10,1,1,0,0
2026_03_ATL_GB,4372,20,2026,3,gb,atl,00-0033858,J.Smith,target,10,1,1,0,0
2026_03_BAL_DAL,62,1,2026,3,bal,dal,00-0032764,D.Henry,carry,77,0,0,0,0
2026_03_BAL_DAL,84,1,2026,3,bal,dal,00-0032764,D.Henry,carry,71,0,0,0,0
2026_03_BAL_DAL,106,1,2026,3,bal,dal,00-0034753,M.Andrews,target,71,0,0,0,0
2026_03_BAL_DAL,155,2,2026,3,dal,bal,00-0038547,L.Schoonmaker,target,67,0,0,0,0
2026_03_BAL_DAL,180,2,2026,3,dal,bal,00-0036997,J.Williams,carry,58,0,0,0,0
2026_03_BAL_DAL,202,2,2026,3,dal,bal,00-0037247,G.Pickens,target,50,0,0,0,0
2026_03_BAL_DAL,232,2,2026,3,dal,bal,00-0036997,J.Williams,carry,37,0,0,0,0
2026_03_BAL_DAL,254,2,2026,3,dal,bal,00-0036997,J.Williams,carry,34,0,0,0,0
2026_03_BAL_DAL,276,2,2026,3,dal,bal,00-0036997,J.Williams,carry,17,1,0,0,0
2026_03_BAL_DAL,298,2,2026,3,dal,bal,00-0036997,J.Williams,carry,9,1,1,0,0
2026_03_BAL_DAL,320,2,2026,3,dal,bal,00-0036997,J.Williams,carry,5,1,1,1,0
2026_03_BAL_DAL,342,2,2026,3,dal,bal,00-0039410,R.Flournoy,target,1,1,1,1,0
2026_03_BAL_DAL,439,3,2026,3,bal,dal,00-0032764,D.Henry,target,79,0,0,0,0
2026_03_BAL_DAL,464,3,2026,3,bal,dal,00-0032764,D.Henry,carry,79,0,0,0,0
2026_03_BAL_DAL,486,3,2026,3,bal,dal,00-0034753,M.Andrews,target,79,0,0,0,0
2026_03_BAL_DAL,511,3,2026,3,bal,dal,00-0032764,D.Henry,carry,70,0,0,0,0
2026_03_BAL_DAL,533,4,2026,3,dal,bal,00-0036997,J.Williams,target,30,0,0,0,0
2026_03_BAL_DAL,569,4,2026,3,dal,bal,00-0036997,J.Williams,carry,14,1,0,0,0
2026_03_BAL_DAL,591,4,2026,3,dal,bal,00-0039410,R.Flournoy,target,11,1,0,0,0
2026_03_BAL_DAL,614,4,2026,3,dal,bal,00-0037801,K.Turpin,target,11,1,0,0,0
2026_03_BAL_DAL,644,4,2026,3,dal,bal,00-0036997,J.Williams,carry,2,1,1,1,1
2026_03_BAL_DAL,740,5,2026,3,bal,dal,00-0034796,L.Jackson,carry,65,0,0,0,0
2026_03_BAL_DAL,767,5,2026,3,bal,dal,00-0032764,D.Henry,carry,44,0,0,0,0
2026_03_BAL_DAL,789,5,2026,3,bal,dal,00-0039064,Z.Flowers,target,42,0,0,0,0
2026_03_BAL_DAL,814,5,2026,3,bal,dal,00-0032764,D.Henry,carry,20,1,0,0,0
2026_03_BAL_DAL,836,5,2026,3,bal,dal,00-0032764,D.Henry,carry,9,1,1,0,0
2026_03_BAL_DAL,863,5,2026,3,bal,dal,00-0032764,D.Henry,carry,4,1,1,1,1
2026_03_BAL_DAL,929,6,2026,3,dal,bal,00-0036358,C.Lamb,target,65,0,0,0,0
2026_03_BAL_DAL,959,6,2026,3,dal,bal,00-0037247,G.Pickens,target,54,0,0,0,0
2026_03_BAL_DAL,984,6,2026,3,dal,bal,00-0039410,R.Flournoy,target,50,0,0,0,0
2026_03_BAL_DAL,1019,6,2026,3,dal,bal,00-0038041,J.Ferguson,target,50,0,0,0,0
2026_03_BAL_DAL,1082,7,2026,3,bal,dal,00-0032764,D.Henry,carry,89,0,0,0,0
2026_03_BAL_DAL,1138,7,2026,3,bal,dal,00-0034975,J.Hill,carry,65,0,0,0,0
2026_03_BAL_DAL,1160,7,2026,3,bal,dal,00-0039064,Z.Flowers,target,58,0,0,0,0
2026_03_BAL_DAL,1226,7,2026,3,bal,dal,00-0034975,J.Hill,carry,56,0,0,0,0
2026_03_BAL_DAL,1248,7,2026,3,bal,dal,00-0034753,M.Andrews,target,52,0,0,0,0
2026_03_BAL_DAL,1305,7,2026,3,bal,dal,00-0032764,D.Henry,carry,3,1,1,1,1
2026_03_BAL_DAL,1367,8,2026,3,dal,bal,00-0036997,J.Williams,carry,65,0,0,0,0
2026_03_BAL_DAL,1389,8,2026,3,dal,bal,00-0037247,G.Pickens,target,62,0,0,0,0
2026_03_BAL_DAL,1414,8,2026,3,dal,bal,00-0036997,J.Williams,carry,57,0,0,0,0
2026_03_BAL_DAL,1436,8,2026,3,dal,bal,00-0036997,J.Williams,carry,56,0,0,0,0
2026_03_BAL_DAL,1481,9,2026,3,bal,dal,00-0036550,R.Bateman,target,43,0,0,0,0
2026_03_BAL_DAL,1565,9,2026,3,bal,dal,00-0032764,D.Henry,carry,42,0,0,0,0
2026_03_BAL_DAL,1587,9,2026,3,bal,dal,00-0034975,J.Hill,carry,38,0,0,0,0
2026_03_BAL_DAL,1609,9,2026,3,bal,dal,00-0032764,D.Henry,carry,31,0,0,0,0
2026_03_BAL_DAL,1634,9,2026,3,bal,dal,00-0040887,J.Cuevas,target,27,0,0,0,0
2026_03_BAL_DAL,1693,9,2026,3,bal,dal,00-0032764,D.Henry,carry,12,1,0,0,0
2026_03_BAL_DAL,1715,9,2026,3,bal,dal,00-0039064,Z.Flowers,target,9,1,1,0,0
2026_03_BAL_DAL,1787,10,2026,3,dal,bal,00-0038041,J.Ferguson,target,65,0,0,0,0
2026_03_BAL_DAL,1812,10,2026,3,dal,bal,00-0037120,T.Goodson,carry,59,0,0,0,0
2026_03_BAL_DAL,1834,10,2026,3,dal,bal,00-0037120,T.Goodson,target,49,0,0,0,0
2026_03_BAL_DAL,1859,10,2026,3,dal,bal,00-0036358,C.Lamb,target,54,0,0,0,0
2026_03_BAL_DAL,1889,10,2026,3,dal,bal,00-0036358,C.Lamb,target,47,0,0,0,0
2026_03_BAL_DAL,1914,10,2026,3,dal,bal,00-0037120,T.Goodson,carry,36,0,0,0,0
2026_03_BAL_DAL,1948,10,2026,3,dal,bal,00-0036997,J.Williams,carry,27,0,0,0,0
2026_03_BAL_DAL,1970,10,2026,3,dal,bal,00-0037120,T.Goodson,carry,24,0,0,0,0
2026_03_BAL_DAL,1992,10,2026,3,dal,bal,00-0039410,R.Flournoy,target,20,1,0,0,0
2026_03_BAL_DAL,2022,10,2026,3,dal,bal,00-0039410,R.Flournoy,target,20,1,0,0,0
2026_03_BAL_DAL,2095,11,2026,3,bal,dal,00-0034975,J.Hill,carry,76,0,0,0,0
2026_03_BAL_DAL,2154,12,2026,3,dal,bal,00-0037247,G.Pickens,target,65,0,0,0,0
2026_03_BAL_DAL,2179,12,2026,3,dal,bal,00-0036997,J.Williams,carry,53,0,0,0,0
2026_03_BAL_DAL,2204,12,2026,3,dal,bal,00-0039410,R.Flournoy,target,54,0,0,0,0
2026_03_BAL_DAL,2227,12,2026,3,dal,bal,00-0036358,C.Lamb,target,54,0,0,0,0
2026_03_BAL_DAL,2252,12,2026,3,dal,bal,00-0036358,C.Lamb,target,47,0,0,0,0
2026_03_BAL_DAL,2277,12,2026,3,dal,bal,00-0036997,J.Williams,carry,34,0,0,0,0
2026_03_BAL_DAL,2321,12,2026,3,dal,bal,00-0036997,J.Williams,target,25,0,0,0,0
2026_03_BAL_DAL,2346,12,2026,3,dal,bal,00-0038041,J.Ferguson,target,23,0,0,0,0
2026_03_BAL_DAL,2387,13,2026,3,bal,dal,00-0032764,D.Henry,carry,75,0,0,0,0
2026_03_BAL_DAL,2477,13,2026,3,bal,dal,00-0032764,D.Henry,carry,74,0,0,0,0
2026_03_BAL_DAL,2499,13,2026,3,bal,dal,00-0039792,D.Walker,target,79,0,0,0,0
2026_03_BAL_DAL,2556,14,2026,3,dal,bal,00-0036358,C.Lamb,target,67,0,0,0,0
2026_03_BAL_DAL,2586,14,2026,3,dal,bal,00-0036997,J.Williams,carry,67,0,0,0,0
2026_03_BAL_DAL,2611,14,2026,3,dal,bal,00-0036997,J.Williams,carry,45,0,0,0,0
2026_03_BAL_DAL,2633,14,2026,3,dal,bal,00-0037120,T.Goodson,carry,42,0,0,0,0
2026_03_BAL_DAL,2691,14,2026,3,dal,bal,00-0037247,G.Pickens,target,54,0,0,0,0
2026_03_BAL_DAL,2737,15,2026,3,bal,dal,00-0032764,D.Henry,carry,51,0,0,0,0
2026_03_BAL_DAL,2795,15,2026,3,bal,dal,00-0034975,J.Hill,carry,27,0,0,0,0
2026_03_BAL_DAL,2827,15,2026,3,bal,dal,00-0034796,L.Jackson,carry,16,1,0,0,0
2026_03_BAL_DAL,2856,15,2026,3,bal,dal,00-0032398,C.Moore,target,4,1,1,1,1
2026_03_BAL_DAL,2932,16,2026,3,dal,bal,00-0036997,J.Williams,carry,67,0,0,0,0
2026_03_BAL_DAL,2954,16,2026,3,dal,bal,00-0038041,J.Ferguson,target,52,0,0,0,0
2026_03_BAL_DAL,2977,16,2026,3,dal,bal,00-0036997,J.Williams,target,52,0,0,0,0
2026_03_BAL_DAL,3000,16,2026,3,dal,bal,00-0037247,G.Pickens,target,52,0,0,0,0
2026_03_BAL_DAL,3041,16,2026,3,dal,bal,00-0037120,T.Goodson,carry,18,1,0,0,0
2026_03_BAL_DAL,3063,16,2026,3,dal,bal,00-0038041,J.Ferguson,target,19,1,0,0,1
2026_03_BAL_DAL,3126,17,2026,3,bal,dal,00-0040879,M.Hibner,target,80,0,0,0,0
2026_03_BAL_DAL,3151,17,2026,3,bal,dal,00-0032764,D.Henry,carry,59,0,0,0,0
2026_03_BAL_DAL,3173,17,2026,3,bal,dal,00-0036550,R.Bateman,target,54,0,0,0,0
2026_03_BAL_DAL,3221,17,2026,3,bal,dal,00-0039064,Z.Flowers,carry,23,0,0,0,0
2026_03_BAL_DAL,3246,17,2026,3,bal,dal,00-0034796,L.Jackson,carry,3,1,1,1,0
2026_03_BAL_DAL,3280,17,2026,3,bal,dal,00-0032764,D.Henry,carry,4,1,1,1,0
2026_03_BAL_DAL,3302,17,2026,3,bal,dal,00-0032764,D.Henry,carry,2,1,1,1,0
2026_03_BAL_DAL,3352,17,2026,3,bal,dal,00-0032764,D.Henry,carry,1,1,1,1,0
2026_03_BAL_DAL,3374,18,2026,3,dal,bal,00-0036997,J.Williams,carry,96,0,0,0,0
2026_03_BAL_DAL,3396,18,2026,3,dal,bal,00-0036358,C.Lamb,target,95,0,0,0,0
2026_03_BAL_DAL,3421,18,2026,3,dal,bal,00-0039530,B.Spann-Ford,target,46,0,0,0,0
2026_03_BAL_DAL,3446,18,2026,3,dal,bal,00-0037120,T.Goodson,carry,27,0,0,0,0
2026_03_BAL_DAL,3473,18,2026,3,dal,bal,00-0037247,G.Pickens,target,25,0,0,0,0
2026_03_BAL_DAL,3496,18,2026,3,dal,bal,00-0037247,G.Pickens,target,25,0,0,0,0
2026_03_BAL_DAL,3526,18,2026,3,dal,bal,00-0037801,K.Turpin,carry,9,1,1,0,1
2026_03_BAL_DAL,3612,19,2026,3,bal,dal,00-0032764,D.Henry,carry,60,0,0,0,0
2026_03_BAL_DAL,3634,19,2026,3,bal,dal,00-0034753,M.Andrews,target,56,0,0,0,0
2026_03_BAL_DAL,3659,19,2026,3,bal,dal,00-0032764,D.Henry,carry,51,0,0,0,0
2026_03_BAL_DAL,3709,20,2026,3,dal,bal,00-0036997,J.Williams,carry,76,0,0,0,0
2026_03_BAL_DAL,3753,20,2026,3,dal,bal,00-0037801,K.Turpin,target,72,0,0,0,0
2026_03_BAL_DAL,3829,21,2026,3,bal,dal,00-0032764,D.Henry,carry,47,0,0,0,0
2026_03_BAL_DAL,3851,21,2026,3,bal,dal,00-0032764,D.Henry,carry,39,0,0,0,0
2026_03_BAL_DAL,3906,21,2026,3,bal,dal,00-0034753,M.Andrews,target,43,0,0,0,0
2026_03_BAL_DAL,3931,21,2026,3,bal,dal,00-0032764,D.Henry,carry,33,0,0,0,0
2026_03_BAL_DAL,3956,21,2026,3,bal,dal,00-0039064,Z.Flowers,target,30,0,0,0,0
2026_03_BAL_DAL,3991,21,2026,3,bal,dal,00-0034796,L.Jackson,carry,16,1,0,0,0
2026_03_BAL_DAL,4025,21,2026,3,bal,dal,00-0039064,Z.Flowers,target,16,1,0,0,0
2026_03_BAL_DAL,4127,21,2026,3,bal,dal,00-0032764,D.Henry,carry,2,1,1,1,0
2026_03_BAL_DAL,4151,21,2026,3,bal,dal,00-0036550,R.Bateman,target,2,1,1,1,0
2026_03_BAL_DAL,4186,21,2026,3,bal,dal,00-0040879,M.Hibner,target,2,1,1,1,1
2026_03_BAL_DAL,4244,22,2026,3,dal,bal,00-0039410,R.Flournoy,target,65,0,0,0,0
2026_03_BAL_DAL,4274,22,2026,3,dal,bal,00-0037247,G.Pickens,target,52,0,0,0,0
2026_03_BAL_DAL,4297,22,2026,3,dal,bal,00-0036358,C.Lamb,target,52,0,0,0,0
2026_03_BAL_DAL,4327,22,2026,3,dal,bal,00-0039410,R.Flournoy,target,38,0,0,0,0
2026_03_BAL_DAL,4420,22,2026,3,dal,bal,00-0037247,G.Pickens,target,2,1,1,1,0
2026_03_BAL_DAL,4489,22,2026,3,dal,bal,00-0037247,G.Pickens,target,5,1,1,1,0
2026_03_BAL_DAL,4569,23,2026,3,bal,dal,00-0039064,Z.Flowers,target,65,0,0,0,0
2026_03_CAR_CLE,63,1,2026,3,car,cle,00-0036555,C.Hubbard,carry,71,0,0,0,0
2026_03_CAR_CLE,109,1,2026,3,car,cle,00-0038840,B.Tremayne,target,76,0,0,0,0
2026_03_CAR_CLE,134,1,2026,3,car,cle,00-0036555,C.Hubbard,carry,60,0,0,0,0
2026_03_CAR_CLE,191,1,2026,3,car,cle,00-0036555,C.Hubbard,carry,69,0,0,0,0
2026_03_CAR_CLE,250,2,2026,3,cle,car,00-0040784,Q.Judkins,carry,92,0,0,0,0
2026_03_CAR_CLE,299,2,2026,3,cle,car,00-0041547,K.Concepcion,target,81,0,0,0,0
2026_03_CAR_CLE,322,2,2026,3,cle,car,00-0040784,Q.Judkins,carry,81,0,0,0,0
2026_03_CAR_CLE,366,2,2026,3,cle,car,00-0040663,H.Fannin,target,65,0,0,0,0
2026_03_CAR_CLE,389,2,2026,3,cle,car,00-0041547,K.Concepcion,target,65,0,0,0,0
2026_03_CAR_CLE,412,2,2026,3,cle,car,00-0040466,R.Sanders,target,65,0,0,0,0
2026_03_CAR_CLE,462,3,2026,3,car,cle,00-0037005,T.Tremble,target,81,0,0,0,0
2026_03_CAR_CLE,494,3,2026,3,car,cle,00-0036555,C.Hubbard,carry,64,0,0,0,0
2026_03_CAR_CLE,516,3,2026,3,car,cle,00-0036555,C.Hubbard,carry,64,0,0,0,0
2026_03_CAR_CLE,538,3,2026,3,car,cle,00-0040124,T.McMillan,target,61,0,0,0,0
2026_03_CAR_CLE,583,4,2026,3,cle,car,00-0040784,Q.Judkins,carry,91,0,0,0,0
2026_03_CAR_CLE,617,4,2026,3,cle,car,00-0040784,Q.Judkins,carry,89,0,0,0,0
2026_03_CAR_CLE,639,4,2026,3,cle,car,00-0040466,R.Sanders,target,89,0,0,0,0
2026_03_CAR_CLE,664,4,2026,3,cle,car,00-0040784,Q.Judkins,carry,80,0,0,0,0
2026_03_CAR_CLE,719,4,2026,3,cle,car,00-0040663,H.Fannin,target,75,0,0,0,0
2026_03_CAR_CLE,784,4,2026,3,cle,car,00-0040784,Q.Judkins,carry,45,0,0,0,0
2026_03_CAR_CLE,814,4,2026,3,cle,car,00-0040784,Q.Judkins,carry,39,0,0,0,0
2026_03_CAR_CLE,884,4,2026,3,cle,car,00-0040466,R.Sanders,target,46,0,0,0,0
2026_03_CAR_CLE,929,4,2026,3,cle,car,00-0041547,K.Concepcion,target,38,0,0,0,0
2026_03_CAR_CLE,954,4,2026,3,cle,car,00-0041547,K.Concepcion,target,34,0,0,0,0
2026_03_CAR_CLE,1049,4,2026,3,cle,car,00-0040784,Q.Judkins,carry,39,0,0,0,0
2026_03_CAR_CLE,1095,4,2026,3,cle,car,00-0041037,D.Boston,target,43,0,0,0,0
2026_03_CAR_CLE,1118,4,2026,3,cle,car,00-0040466,R.Sanders,target,43,0,0,0,0
2026_03_CAR_CLE,1160,5,2026,3,car,cle,00-0040187,M.Evans,target,84,0,0,0,0
2026_03_CAR_CLE,1192,5,2026,3,car,cle,00-0036555,C.Hubbard,carry,73,0,0,0,0
2026_03_CAR_CLE,1214,5,2026,3,car,cle,00-0037005,T.Tremble,target,72,0,0,0,0
2026_03_CAR_CLE,1239,5,2026,3,car,cle,00-0039491,J.Coker,target,63,0,0,0,0
2026_03_CAR_CLE,1283,5,2026,3,car,cle,00-0039491,J.Coker,target,50,0,0,0,0
2026_03_CAR_CLE,1308,5,2026,3,car,cle,00-0036555,C.Hubbard,carry,45,0,0,0,0
2026_03_CAR_CLE,1330,5,2026,3,car,cle,00-0039491,J.Coker,target,43,0,0,0,0
2026_03_CAR_CLE,1380,6,2026,3,cle,car,00-0040784,Q.Judkins,target,47,0,0,0,0
2026_03_CAR_CLE,1412,6,2026,3,cle,car,00-0031595,M.Burton,target,38,0,0,0,0
2026_03_CAR_CLE,1435,6,2026,3,cle,car,00-0033537,D.Watson,carry,38,0,0,0,0
2026_03_CAR_CLE,1457,6,2026,3,cle,car,00-0041547,K.Concepcion,target,35,0,0,0,0
2026_03_CAR_CLE,1480,6,2026,3,cle,car,00-0040663,H.Fannin,target,35,0,0,0,0
2026_03_CAR_CLE,1505,6,2026,3,cle,car,00-0033537,D.Watson,carry,27,0,0,0,0
2026_03_CAR_CLE,1577,7,2026,3,car,cle,00-0036555,C.Hubbard,carry,69,0,0,0,0
2026_03_CAR_CLE,1604,7,2026,3,car,cle,00-0036555,C.Hubbard,carry,66,0,0,0,0
2026_03_CAR_CLE,1626,7,2026,3,car,cle,00-0036555,C.Hubbard,carry,61,0,0,0,0
2026_03_CAR_CLE,1648,7,2026,3,car,cle,00-0037005,T.Tremble,target,60,0,0,0,0
2026_03_CAR_CLE,1671,8,2026,3,cle,car,00-0040784,Q.Judkins,carry,40,0,0,0,0
2026_03_CAR_CLE,1700,8,2026,3,cle,car,00-0040784,Q.Judkins,carry,29,0,0,0,0
2026_03_CAR_CLE,1722,8,2026,3,cle,car,00-0040466,R.Sanders,carry,27,0,0,0,0
2026_03_CAR_CLE,1744,8,2026,3,cle,car,00-0040784,Q.Judkins,carry,10,1,1,0,0
2026_03_CAR_CLE,1773,8,2026,3,cle,car,00-0033537,D.Watson,carry,6,1,1,0,0
2026_03_CAR_CLE,1839,8,2026,3,cle,car,00-0040663,H.Fannin,target,2,1,1,1,1
2026_03_CAR_CLE,1956,9,2026,3,car,cle,00-0039491,J.Coker,target,73,0,0,0,0
2026_03_CAR_CLE,1979,9,2026,3,car,cle,00-0040124,T.McMillan,target,73,0,0,0,0
2026_03_CAR_CLE,2043,9,2026,3,car,cle,00-0040124,T.McMillan,target,46,0,0,0,0
2026_03_CAR_CLE,2066,9,2026,3,car,cle,00-0036555,C.Hubbard,target,46,0,0,0,0
2026_03_CAR_CLE,2159,9,2026,3,car,cle,00-0040124,T.McMillan,target,4,1,1,1,0
2026_03_CAR_CLE,2378,12,2026,3,car,cle,00-0036555,C.Hubbard,target,30,0,0,0,0
2026_03_CAR_CLE,2408,12,2026,3,car,cle,00-0036555,C.Hubbard,carry,28,0,0,0,0
2026_03_CAR_CLE,2430,12,2026,3,car,cle,00-0037614,J.Metchie,target,22,0,0,0,0
2026_03_CAR_CLE,2506,13,2026,3,cle,car,00-0040784,Q.Judkins,carry,71,0,0,0,0
2026_03_CAR_CLE,2528,13,2026,3,cle,car,00-0040663,H.Fannin,target,68,0,0,0,0
2026_03_CAR_CLE,2599,14,2026,3,car,cle,00-0036555,C.Hubbard,carry,80,0,0,0,0
2026_03_CAR_CLE,2628,14,2026,3,car,cle,00-0038840,B.Tremayne,target,77,0,0,0,0
2026_03_CAR_CLE,2653,14,2026,3,car,cle,00-0036555,C.Hubbard,carry,61,0,0,0,0
2026_03_CAR_CLE,2703,14,2026,3,car,cle,00-0036555,C.Hubbard,carry,52,0,0,0,0
2026_03_CAR_CLE,2730,14,2026,3,car,cle,00-0036555,C.Hubbard,target,41,0,0,0,0
2026_03_CAR_CLE,2755,14,2026,3,car,cle,00-0038840,B.Tremayne,target,45,0,0,0,0
2026_03_CAR_CLE,2778,14,2026,3,car,cle,00-0031610,D.Waller,target,45,0,0,0,0
2026_03_CAR_CLE,2832,15,2026,3,cle,car,00-0040784,Q.Judkins,carry,95,0,0,0,0
2026_03_CAR_CLE,2872,15,2026,3,cle,car,00-0040784,Q.Judkins,carry,93,0,0,0,0
2026_03_CAR_CLE,2897,15,2026,3,cle,car,00-0041547,K.Concepcion,target,90,0,0,0,0
2026_03_CAR_CLE,2946,16,2026,3,car,cle,00-0040124,T.McMillan,target,66,0,0,0,0
2026_03_CAR_CLE,2981,16,2026,3,car,cle,00-0031610,D.Waller,target,66,0,0,0,0
2026_03_CAR_CLE,3006,16,2026,3,car,cle,00-0036555,C.Hubbard,carry,52,0,0,0,0
2026_03_CAR_CLE,3028,16,2026,3,car,cle,00-0031610,D.Waller,target,50,0,0,0,0
2026_03_CAR_CLE,3053,16,2026,3,car,cle,00-0033589,D.Moore,target,38,0,0,0,0
2026_03_CAR_CLE,3076,16,2026,3,car,cle,00-0036555,C.Hubbard,carry,38,0,0,0,0
2026_03_CAR_CLE,3098,16,2026,3,car,cle,00-0038840,B.Tremayne,target,35,0,0,0,0
2026_03_CAR_CLE,3164,17,2026,3,cle,car,00-0041547,K.Concepcion,target,67,0,0,0,0
2026_03_CAR_CLE,3187,17,2026,3,cle,car,00-0041547,K.Concepcion,target,67,0,0,0,0
2026_03_CAR_CLE,3234,17,2026,3,cle,car,00-0040663,H.Fannin,target,72,0,0,0,0
2026_03_CAR_CLE,3278,18,2026,3,car,cle,00-0036265,A.Dillon,carry,87,0,0,0,0
2026_03_CAR_CLE,3300,18,2026,3,car,cle,00-0036265,A.Dillon,carry,83,0,0,0,0
2026_03_CAR_CLE,3345,18,2026,3,car,cle,00-0040187,M.Evans,target,72,0,0,0,0
2026_03_CAR_CLE,3370,18,2026,3,car,cle,00-0038840,B.Tremayne,target,66,0,0,0,0
2026_03_CAR_CLE,3415,18,2026,3,car,cle,00-0036265,A.Dillon,carry,35,0,0,0,0
2026_03_CAR_CLE,3437,18,2026,3,car,cle,00-0036265,A.Dillon,target,32,0,0,0,0
2026_03_CAR_CLE,3462,18,2026,3,car,cle,00-0037614,J.Metchie,target,34,0,0,0,0
2026_03_CAR_CLE,3492,18,2026,3,car,cle,00-0036265,A.Dillon,carry,23,0,0,0,0
2026_03_CAR_CLE,3514,18,2026,3,car,cle,00-0037614,J.Metchie,target,25,0,0,0,0
2026_03_CAR_CLE,3537,18,2026,3,car,cle,00-0031610,D.Waller,target,25,0,0,0,0
2026_03_CAR_CLE,3612,19,2026,3,cle,car,00-0041037,D.Boston,target,71,0,0,0,0
2026_03_CAR_CLE,3637,19,2026,3,cle,car,00-0041547,K.Concepcion,target,43,0,0,0,0
2026_03_CAR_CLE,3662,19,2026,3,cle,car,00-0040784,Q.Judkins,carry,38,0,0,0,0
2026_03_CAR_CLE,3704,19,2026,3,cle,car,00-0040466,R.Sanders,target,38,0,0,0,0
2026_03_CAR_CLE,3806,20,2026,3,car,cle,00-0040187,M.Evans,target,72,0,0,0,0
2026_03_CAR_CLE,3831,20,2026,3,car,cle,00-0036555,C.Hubbard,carry,53,0,0,0,0
2026_03_CAR_CLE,3853,20,2026,3,car,cle,00-0036555,C.Hubbard,carry,50,0,0,0,0
2026_03_CAR_CLE,3875,20,2026,3,car,cle,00-0036555,C.Hubbard,carry,39,0,0,0,0
2026_03_CAR_CLE,3897,20,2026,3,car,cle,00-0037005,T.Tremble,target,23,0,0,0,0
2026_03_CAR_CLE,3922,20,2026,3,car,cle,00-0037614,J.Metchie,target,8,1,1,0,1
2026_03_CAR_CLE,3990,21,2026,3,cle,car,00-0041037,D.Boston,target,65,0,0,0,0
2026_03_CAR_CLE,4028,21,2026,3,cle,car,00-0040663,H.Fannin,target,52,0,0,0,0
2026_03_CAR_CLE,4051,21,2026,3,cle,car,00-0040663,H.Fannin,target,52,0,0,0,0
2026_03_CAR_CLE,4204,21,2026,3,cle,car,00-0040784,Q.Judkins,target,14,1,0,0,0
2026_03_CAR_CLE,4229,21,2026,3,cle,car,00-0041037,D.Boston,target,14,1,0,0,0
2026_03_CAR_CLE,4259,21,2026,3,cle,car,00-0040663,H.Fannin,target,14,1,0,0,1
2026_03_CAR_CLE,4324,22,2026,3,car,cle,00-0037614,J.Metchie,target,78,0,0,0,0
2026_03_CAR_CLE,4347,22,2026,3,car,cle,00-0036555,C.Hubbard,target,78,0,0,0,0
2026_03_CAR_CLE,4400,22,2026,3,car,cle,00-0031610,D.Waller,target,84,0,0,0,0
2026_03_CAR_CLE,4432,23,2026,3,cle,car,00-0040784,Q.Judkins,carry,24,0,0,0,0
2026_03_CAR_CLE,4454,23,2026,3,cle,car,00-0040784,Q.Judkins,carry,16,1,0,0,0
2026_03_CAR_CLE,4494,23,2026,3,cle,car,00-0033537,D.Watson,carry,15,1,0,0,0
2026_03_CAR_CLE,4516,23,2026,3,cle,car,00-0040784,Q.Judkins,carry,15,1,0,0,0
2026_03_CAR_CLE,4545,24,2026,3,car,cle,00-0031610,D.Waller,target,83,0,0,0,0
2026_03_CAR_CLE,4570,24,2026,3,car,cle,00-0031610,D.Waller,target,72,0,0,0,0
2026_03_CAR_CLE,4617,24,2026,3,car,cle,00-0038840,B.Tremayne,target,78,0,0,0,0
2026_03_CAR_CLE,4665,24,2026,3,car,cle,00-0033589,D.Moore,target,58,0,0,0,0
2026_03_CAR_CLE,4688,24,2026,3,car,cle,00-0031610,D.Waller,target,58,0,0,0,0
2026_03_CIN_PIT,63,1,2026,3,pit,cin,00-0037228,J.Warren,target,73,0,0,0,0
2026_03_CIN_PIT,88,1,2026,3,pit,cin,00-0039739,R.Wilson,target,43,0,0,0,0
2026_03_CIN_PIT,136,1,2026,3,pit,cin,00-0039739,R.Wilson,target,38,0,0,0,1
2026_03_CIN_PIT,216,2,2026,3,cin,pit,00-0041069,C.Young,target,73,0,0,0,0
2026_03_CIN_PIT,241,2,2026,3,cin,pit,00-0038597,C.Brown,carry,71,0,0,0,0
2026_03_CIN_PIT,263,2,2026,3,cin,pit,00-0038597,C.Brown,carry,59,0,0,0,0
2026_03_CIN_PIT,285,2,2026,3,cin,pit,00-0036900,J.Chase,target,60,0,0,0,0
2026_03_CIN_PIT,310,2,2026,3,cin,pit,00-0040785,D.Meyers,target,51,0,0,0,0
2026_03_CIN_PIT,342,2,2026,3,cin,pit,00-0038597,C.Brown,carry,28,0,0,0,0
2026_03_CIN_PIT,369,2,2026,3,cin,pit,00-0036410,T.Higgins,target,26,0,0,0,0
2026_03_CIN_PIT,418,2,2026,3,cin,pit,00-0034613,T.Hudson,target,21,0,0,0,0
2026_03_CIN_PIT,443,2,2026,3,cin,pit,00-0036900,J.Chase,target,15,1,0,0,0
2026_03_CIN_PIT,468,2,2026,3,cin,pit,00-0033526,S.Perine,carry,8,1,1,0,0
2026_03_CIN_PIT,490,2,2026,3,cin,pit,00-0036900,J.Chase,target,3,1,1,1,1
2026_03_CIN_PIT,579,3,2026,3,pit,cin,00-0035640,D.Metcalf,target,86,0,0,0,0
2026_03_CIN_PIT,604,3,2026,3,pit,cin,00-0037228,J.Warren,carry,75,0,0,0,0
2026_03_CIN_PIT,626,3,2026,3,pit,cin,00-0035640,D.Metcalf,target,76,0,0,0,0
2026_03_CIN_PIT,649,3,2026,3,pit,cin,00-0039739,R.Wilson,target,76,0,0,0,0
2026_03_CIN_PIT,674,3,2026,3,pit,cin,00-0037228,J.Warren,carry,59,0,0,0,0
2026_03_CIN_PIT,706,3,2026,3,pit,cin,00-0039739,R.Wilson,target,46,0,0,0,0
2026_03_CIN_PIT,729,3,2026,3,pit,cin,00-0038558,D.Washington,target,46,0,0,0,0
2026_03_CIN_PIT,754,3,2026,3,pit,cin,00-0037228,J.Warren,carry,35,0,0,0,0
2026_03_CIN_PIT,779,3,2026,3,pit,cin,00-0037228,J.Warren,carry,31,0,0,0,0
2026_03_CIN_PIT,813,3,2026,3,pit,cin,00-0036252,M.Pittman,target,31,0,0,0,0
2026_03_CIN_PIT,838,3,2026,3,pit,cin,00-0036862,B.Skowronek,target,23,0,0,0,1
2026_03_CIN_PIT,909,4,2026,3,cin,pit,00-0038597,C.Brown,carry,64,0,0,0,0
2026_03_CIN_PIT,931,4,2026,3,cin,pit,00-0036900,J.Chase,target,64,0,0,0,0
2026_03_CIN_PIT,981,4,2026,3,cin,pit,00-0040785,D.Meyers,target,52,0,0,0,0
2026_03_CIN_PIT,1006,4,2026,3,cin,pit,00-0033526,S.Perine,carry,49,0,0,0,0
2026_03_CIN_PIT,1028,4,2026,3,cin,pit,00-0036900,J.Chase,target,45,0,0,0,0
2026_03_CIN_PIT,1053,4,2026,3,cin,pit,00-0035631,D.Sample,target,38,0,0,0,0
2026_03_CIN_PIT,1078,4,2026,3,cin,pit,00-0034829,M.Gesicki,target,38,0,0,0,0
2026_03_CIN_PIT,1142,4,2026,3,cin,pit,00-0033526,S.Perine,target,37,0,0,0,0
2026_03_CIN_PIT,1211,5,2026,3,pit,cin,00-0037228,J.Warren,carry,65,0,0,0,0
2026_03_CIN_PIT,1233,5,2026,3,pit,cin,00-0037228,J.Warren,carry,30,0,0,0,0
2026_03_CIN_PIT,1281,5,2026,3,pit,cin,00-0038558,D.Washington,target,37,0,0,0,0
2026_03_CIN_PIT,1330,5,2026,3,pit,cin,00-0035640,D.Metcalf,target,33,0,0,0,0
2026_03_CIN_PIT,1353,5,2026,3,pit,cin,00-0036252,M.Pittman,target,33,0,0,0,0
2026_03_CIN_PIT,1435,6,2026,3,cin,pit,00-0038597,C.Brown,carry,69,0,0,0,0
2026_03_CIN_PIT,1457,6,2026,3,cin,pit,00-0040785,D.Meyers,target,61,0,0,0,0
2026_03_CIN_PIT,1482,6,2026,3,cin,pit,00-0036900,J.Chase,target,58,0,0,0,0
2026_03_CIN_PIT,1505,6,2026,3,cin,pit,00-0034613,T.Hudson,target,58,0,0,0,0
2026_03_CIN_PIT,1533,6,2026,3,cin,pit,00-0040785,D.Meyers,target,51,0,0,0,0
2026_03_CIN_PIT,1587,7,2026,3,pit,cin,00-0036894,P.Freiermuth,target,85,0,0,0,0
2026_03_CIN_PIT,1619,7,2026,3,pit,cin,00-0037228,J.Warren,carry,77,0,0,0,0
2026_03_CIN_PIT,1691,7,2026,3,pit,cin,00-0036894,P.Freiermuth,carry,76,0,0,0,0
2026_03_CIN_PIT,1715,7,2026,3,pit,cin,00-0036894,P.Freiermuth,target,75,0,0,0,0
2026_03_CIN_PIT,1740,7,2026,3,pit,cin,00-0036252,M.Pittman,target,53,0,0,0,0
2026_03_CIN_PIT,1818,7,2026,3,pit,cin,00-0038558,D.Washington,target,48,0,0,0,0
2026_03_CIN_PIT,1841,7,2026,3,pit,cin,00-0039739,R.Wilson,target,48,0,0,0,0
2026_03_CIN_PIT,1868,8,2026,3,cin,pit,00-0038597,C.Brown,target,53,0,0,0,0
2026_03_CIN_PIT,1893,8,2026,3,cin,pit,00-0036900,J.Chase,target,41,0,0,0,0
2026_03_CIN_PIT,1918,8,2026,3,cin,pit,00-0040785,D.Meyers,target,32,0,0,0,0
2026_03_CIN_PIT,1941,8,2026,3,cin,pit,00-0038597,C.Brown,carry,32,0,0,0,0
2026_03_CIN_PIT,1963,8,2026,3,cin,pit,00-0036410,T.Higgins,target,28,0,0,0,1
2026_03_CIN_PIT,2163,10,2026,3,cin,pit,00-0038597,C.Brown,carry,85,0,0,0,0
2026_03_CIN_PIT,2185,10,2026,3,cin,pit,00-0038597,C.Brown,carry,79,0,0,0,0
2026_03_CIN_PIT,2231,10,2026,3,cin,pit,00-0036410,T.Higgins,target,71,0,0,0,0
2026_03_CIN_PIT,2278,10,2026,3,cin,pit,00-0038597,C.Brown,carry,50,0,0,0,0
2026_03_CIN_PIT,2322,10,2026,3,cin,pit,00-0033526,S.Perine,target,42,0,0,0,0
2026_03_CIN_PIT,2345,10,2026,3,cin,pit,00-0036900,J.Chase,target,42,0,0,0,0
2026_03_CIN_PIT,2375,10,2026,3,cin,pit,00-0035631,D.Sample,target,21,0,0,0,0
2026_03_CIN_PIT,2403,10,2026,3,cin,pit,00-0038597,C.Brown,carry,21,0,0,0,0
2026_03_CIN_PIT,2449,10,2026,3,cin,pit,00-0036410,T.Higgins,target,20,1,0,0,0
2026_03_CIN_PIT,2522,11,2026,3,pit,cin,00-0037228,J.Warren,target,74,0,0,0,0
2026_03_CIN_PIT,2547,11,2026,3,pit,cin,00-0036252,M.Pittman,target,63,0,0,0,0
2026_03_CIN_PIT,2570,11,2026,3,pit,cin,00-0037228,J.Warren,carry,63,0,0,0,0
2026_03_CIN_PIT,2597,11,2026,3,pit,cin,00-0036894,P.Freiermuth,target,59,0,0,0,0
2026_03_CIN_PIT,2656,11,2026,3,pit,cin,00-0037228,J.Warren,carry,44,0,0,0,0
2026_03_CIN_PIT,2678,11,2026,3,pit,cin,00-0037228,J.Warren,target,35,0,0,0,0
2026_03_CIN_PIT,2701,11,2026,3,pit,cin,00-0037228,J.Warren,carry,35,0,0,0,0
2026_03_CIN_PIT,2723,11,2026,3,pit,cin,00-0041489,G.Bernard,target,28,0,0,0,0
2026_03_CIN_PIT,2748,11,2026,3,pit,cin,00-0035594,T.Homer,carry,14,1,0,0,0
2026_03_CIN_PIT,2770,11,2026,3,pit,cin,00-0037228,J.Warren,target,14,1,0,0,0
2026_03_CIN_PIT,2795,11,2026,3,pit,cin,00-0035640,D.Metcalf,target,6,1,1,0,1
2026_03_CIN_PIT,2869,12,2026,3,cin,pit,00-0036410,T.Higgins,target,64,0,0,0,0
2026_03_CIN_PIT,2901,12,2026,3,cin,pit,00-0038597,C.Brown,carry,50,0,0,0,0
2026_03_CIN_PIT,2923,12,2026,3,cin,pit,00-0036900,J.Chase,target,50,0,0,0,0
2026_03_CIN_PIT,2946,12,2026,3,cin,pit,00-0036410,T.Higgins,target,50,0,0,0,0
2026_03_CIN_PIT,2971,12,2026,3,cin,pit,00-0038597,C.Brown,carry,33,0,0,0,0
2026_03_CIN_PIT,3013,12,2026,3,cin,pit,00-0038597,C.Brown,carry,28,0,0,0,0
2026_03_CIN_PIT,3035,12,2026,3,cin,pit,00-0033526,S.Perine,carry,25,0,0,0,0
2026_03_CIN_PIT,3060,12,2026,3,cin,pit,00-0034829,M.Gesicki,target,25,0,0,0,1
2026_03_CIN_PIT,3138,13,2026,3,pit,cin,00-0037228,J.Warren,carry,75,0,0,0,0
2026_03_CIN_PIT,3160,13,2026,3,pit,cin,00-0037228,J.Warren,carry,71,0,0,0,0
2026_03_CIN_PIT,3182,13,2026,3,pit,cin,00-0037228,J.Warren,carry,66,0,0,0,0
2026_03_CIN_PIT,3204,13,2026,3,pit,cin,00-0036894,P.Freiermuth,target,64,0,0,0,0
2026_03_CIN_PIT,3227,13,2026,3,pit,cin,00-0036252,M.Pittman,target,64,0,0,0,0
2026_03_CIN_PIT,3250,13,2026,3,pit,cin,00-0039739,R.Wilson,target,64,0,0,0,0
2026_03_CIN_PIT,3313,14,2026,3,pit,cin,00-0033757,R.Tonyan,target,14,1,0,0,0
2026_03_CIN_PIT,3338,14,2026,3,pit,cin,00-0037228,J.Warren,carry,12,1,0,0,0
2026_03_CIN_PIT,3430,15,2026,3,cin,pit,00-0036900,J.Chase,target,59,0,0,0,0
2026_03_CIN_PIT,3453,15,2026,3,cin,pit,00-0036410,T.Higgins,target,59,0,0,0,0
2026_03_CIN_PIT,3478,15,2026,3,cin,pit,00-0033526,S.Perine,target,51,0,0,0,0
2026_03_CIN_PIT,3521,16,2026,3,pit,cin,00-0037228,J.Warren,carry,92,0,0,0,0
2026_03_CIN_PIT,3566,16,2026,3,pit,cin,00-0035640,D.Metcalf,target,93,0,0,0,0
2026_03_CIN_PIT,3591,16,2026,3,pit,cin,00-0038558,D.Washington,target,79,0,0,0,0
2026_03_CIN_PIT,3616,16,2026,3,pit,cin,00-0037228,J.Warren,carry,32,0,0,0,0
2026_03_CIN_PIT,3638,16,2026,3,pit,cin,00-0038409,L.Nichols,carry,6,1,1,0,0
2026_03_CIN_PIT,3704,16,2026,3,pit,cin,00-0037228,J.Warren,carry,11,1,0,0,0
2026_03_CIN_PIT,3789,17,2026,3,cin,pit,00-0036900,J.Chase,target,70,0,0,0,0
2026_03_CIN_PIT,3821,17,2026,3,cin,pit,00-0038597,C.Brown,target,53,0,0,0,0
2026_03_CIN_PIT,3853,17,2026,3,cin,pit,00-0034829,M.Gesicki,target,57,0,0,0,0
2026_03_CIN_PIT,3878,17,2026,3,cin,pit,00-0036900,J.Chase,target,51,0,0,0,0
2026_03_HOU_IND,63,1,2026,3,hou,ind,00-0035685,D.Montgomery,carry,71,0,0,0,0
2026_03_HOU_IND,90,1,2026,3,hou,ind,00-0038618,X.Hutchinson,target,68,0,0,0,0
2026_03_HOU_IND,173,2,2026,3,ind,hou,00-0040128,T.Warren,target,64,0,0,0,0
2026_03_HOU_IND,198,2,2026,3,ind,hou,00-0036223,J.Taylor,carry,55,0,0,0,0
2026_03_HOU_IND,220,2,2026,3,ind,hou,00-0035710,D.Jones,carry,55,0,0,0,0
2026_03_HOU_IND,293,3,2026,3,hou,ind,00-0034981,F.Moreau,target,40,0,0,0,0
2026_03_HOU_IND,335,3,2026,3,hou,ind,00-0035685,D.Montgomery,carry,40,0,0,0,0
2026_03_HOU_IND,359,3,2026,3,hou,ind,00-0034981,F.Moreau,target,37,0,0,0,0
2026_03_HOU_IND,384,3,2026,3,hou,ind,00-0035685,D.Montgomery,carry,31,0,0,0,0
2026_03_HOU_IND,408,4,2026,3,ind,hou,00-0036223,J.Taylor,carry,69,0,0,0,0
2026_03_HOU_IND,437,4,2026,3,ind,hou,00-0040128,T.Warren,target,68,0,0,0,0
2026_03_HOU_IND,462,4,2026,3,ind,hou,00-0036223,J.Taylor,carry,53,0,0,0,0
2026_03_HOU_IND,484,4,2026,3,ind,hou,00-0038997,J.Downs,target,52,0,0,0,0
2026_03_HOU_IND,507,4,2026,3,ind,hou,00-0038997,J.Downs,target,52,0,0,0,0
2026_03_HOU_IND,532,4,2026,3,ind,hou,00-0038997,J.Downs,target,28,0,0,0,0
2026_03_HOU_IND,555,4,2026,3,ind,hou,00-0040128,T.Warren,target,28,0,0,0,0
2026_03_HOU_IND,580,4,2026,3,ind,hou,00-0036223,J.Taylor,carry,20,1,0,0,0
2026_03_HOU_IND,624,4,2026,3,ind,hou,00-0036223,J.Taylor,carry,18,1,0,0,0
2026_03_HOU_IND,646,4,2026,3,ind,hou,00-0038997,J.Downs,target,16,1,0,0,0
2026_03_HOU_IND,700,4,2026,3,ind,hou,00-0030279,K.Allen,target,21,0,0,0,0
2026_03_HOU_IND,775,5,2026,3,hou,ind,00-0040138,J.Noel,target,80,0,0,0,0
2026_03_HOU_IND,800,5,2026,3,hou,ind,00-0040583,W.Marks,carry,68,0,0,0,0
2026_03_HOU_IND,903,5,2026,3,hou,ind,00-0041467,L.Bond,target,73,0,0,0,0
2026_03_HOU_IND,971,6,2026,3,ind,hou,00-0038997,J.Downs,target,69,0,0,0,0
2026_03_HOU_IND,1001,6,2026,3,ind,hou,00-0038997,J.Downs,target,69,0,0,0,0
2026_03_HOU_IND,1026,6,2026,3,ind,hou,00-0040128,T.Warren,target,51,0,0,0,0
2026_03_HOU_IND,1051,6,2026,3,ind,hou,00-0036223,J.Taylor,carry,44,0,0,0,0
2026_03_HOU_IND,1093,6,2026,3,ind,hou,00-0040128,T.Warren,target,43,0,0,0,0
2026_03_HOU_IND,1118,6,2026,3,ind,hou,00-0036223,J.Taylor,target,40,0,0,0,0
2026_03_HOU_IND,1143,6,2026,3,ind,hou,00-0038997,J.Downs,target,37,0,0,0,0
2026_03_HOU_IND,1168,6,2026,3,ind,hou,00-0036223,J.Taylor,target,19,1,0,0,0
2026_03_HOU_IND,1193,6,2026,3,ind,hou,00-0038997,J.Downs,target,18,1,0,0,0
2026_03_HOU_IND,1218,6,2026,3,ind,hou,00-0041125,S.McGowan,carry,6,1,1,0,0
2026_03_HOU_IND,1240,6,2026,3,ind,hou,00-0030279,K.Allen,target,6,1,1,0,0
2026_03_HOU_IND,1263,6,2026,3,ind,hou,00-0030279,K.Allen,target,6,1,1,0,1
2026_03_HOU_IND,1350,7,2026,3,hou,ind,00-0035685,D.Montgomery,carry,68,0,0,0,0
2026_03_HOU_IND,1422,7,2026,3,hou,ind,00-0038728,J.Wayne,target,66,0,0,0,0
2026_03_HOU_IND,1467,7,2026,3,hou,ind,00-0035685,D.Montgomery,carry,58,0,0,0,0
2026_03_HOU_IND,1489,7,2026,3,hou,ind,00-0038618,X.Hutchinson,target,56,0,0,0,0
2026_03_HOU_IND,1514,7,2026,3,hou,ind,00-0040138,J.Noel,carry,50,0,0,0,0
2026_03_HOU_IND,1544,7,2026,3,hou,ind,00-0035685,D.Montgomery,carry,42,0,0,0,0
2026_03_HOU_IND,1566,7,2026,3,hou,ind,00-0035685,D.Montgomery,carry,38,0,0,0,0
2026_03_HOU_IND,1588,7,2026,3,hou,ind,00-0039163,C.Stroud,carry,33,0,0,0,0
2026_03_HOU_IND,1615,7,2026,3,hou,ind,00-0035685,D.Montgomery,carry,31,0,0,0,0
2026_03_HOU_IND,1637,7,2026,3,hou,ind,00-0035685,D.Montgomery,target,27,0,0,0,0
2026_03_HOU_IND,1716,7,2026,3,hou,ind,00-0034981,F.Moreau,target,1,1,1,1,1
2026_03_HOU_IND,1783,8,2026,3,ind,hou,00-0036223,J.Taylor,carry,65,0,0,0,0
2026_03_HOU_IND,1805,8,2026,3,ind,hou,00-0036223,J.Taylor,carry,59,0,0,0,0
2026_03_HOU_IND,1827,8,2026,3,ind,hou,00-0035710,D.Jones,carry,56,0,0,0,0
2026_03_HOU_IND,1849,8,2026,3,ind,hou,00-0040128,T.Warren,target,54,0,0,0,0
2026_03_HOU_IND,1872,8,2026,3,ind,hou,00-0030279,K.Allen,target,54,0,0,0,0
2026_03_HOU_IND,1897,8,2026,3,ind,hou,00-0036223,J.Taylor,target,34,0,0,0,0
2026_03_HOU_IND,1927,8,2026,3,ind,hou,00-0030279,K.Allen,target,34,0,0,0,0
2026_03_HOU_IND,2073,9,2026,3,hou,ind,00-0038618,X.Hutchinson,target,66,0,0,0,0
2026_03_HOU_IND,2103,9,2026,3,hou,ind,00-0040138,J.Noel,target,66,0,0,0,0
2026_03_HOU_IND,2161,10,2026,3,ind,hou,00-0036223,J.Taylor,carry,86,0,0,0,0
2026_03_HOU_IND,2233,11,2026,3,ind,hou,00-0038997,J.Downs,target,63,0,0,0,0
2026_03_HOU_IND,2256,11,2026,3,ind,hou,00-0040128,T.Warren,target,63,0,0,0,0
2026_03_HOU_IND,2281,11,2026,3,ind,hou,00-0030279,K.Allen,target,60,0,0,0,0
2026_03_HOU_IND,2306,11,2026,3,ind,hou,00-0036223,J.Taylor,carry,34,0,0,0,0
2026_03_HOU_IND,2328,11,2026,3,ind,hou,00-0036223,J.Taylor,carry,30,0,0,0,0
2026_03_HOU_IND,2366,11,2026,3,ind,hou,00-0036223,J.Taylor,carry,29,0,0,0,0
2026_03_HOU_IND,2388,11,2026,3,ind,hou,00-0038997,J.Downs,target,28,0,0,0,0
2026_03_HOU_IND,2420,12,2026,3,hou,ind,00-0035685,D.Montgomery,carry,99,0,0,0,0
2026_03_HOU_IND,2449,12,2026,3,hou,ind,00-0038728,J.Wayne,target,99,0,0,0,0
2026_03_HOU_IND,2472,12,2026,3,hou,ind,00-0034383,D.Schultz,target,99,0,0,0,0
2026_03_HOU_IND,2557,13,2026,3,ind,hou,00-0036223,J.Taylor,carry,72,0,0,0,0
2026_03_HOU_IND,2589,13,2026,3,ind,hou,00-0040128,T.Warren,target,71,0,0,0,0
2026_03_HOU_IND,2660,14,2026,3,hou,ind,00-0040583,W.Marks,carry,72,0,0,0,0
2026_03_HOU_IND,2689,14,2026,3,hou,ind,00-0040583,W.Marks,target,72,0,0,0,0
2026_03_HOU_IND,2719,14,2026,3,hou,ind,00-0038618,X.Hutchinson,target,66,0,0,0,0
2026_03_HOU_IND,2761,15,2026,3,ind,hou,00-0040128,T.Warren,target,70,0,0,0,0
2026_03_HOU_IND,2796,15,2026,3,ind,hou,00-0036223,J.Taylor,carry,62,0,0,0,0
2026_03_HOU_IND,2830,15,2026,3,ind,hou,00-0036223,J.Taylor,carry,57,0,0,0,0
2026_03_HOU_IND,2866,15,2026,3,ind,hou,00-0036223,J.Taylor,carry,53,0,0,0,0
2026_03_HOU_IND,2888,15,2026,3,ind,hou,00-0036223,J.Taylor,carry,49,0,0,0,0
2026_03_HOU_IND,2910,15,2026,3,ind,hou,00-0036223,J.Taylor,carry,48,0,0,0,0
2026_03_HOU_IND,2934,15,2026,3,ind,hou,00-0041125,S.McGowan,carry,44,0,0,0,0
2026_03_HOU_IND,2956,15,2026,3,ind,hou,00-0041125,S.McGowan,carry,39,0,0,0,0
2026_03_HOU_IND,2978,15,2026,3,ind,hou,00-0041125,S.McGowan,carry,32,0,0,0,0
2026_03_HOU_IND,3000,15,2026,3,ind,hou,00-0030279,K.Allen,target,30,0,0,0,0
2026_03_HOU_IND,3045,15,2026,3,ind,hou,00-0040128,T.Warren,carry,23,0,0,0,0
2026_03_HOU_IND,3069,15,2026,3,ind,hou,00-0040128,T.Warren,target,21,0,0,0,0
2026_03_HOU_IND,3097,15,2026,3,ind,hou,00-0038997,J.Downs,target,24,0,0,0,0
2026_03_HOU_IND,3195,16,2026,3,hou,ind,00-0038618,X.Hutchinson,carry,77,0,0,0,0
2026_03_HOU_IND,3217,16,2026,3,hou,ind,00-0035685,D.Montgomery,carry,74,0,0,0,0
2026_03_HOU_IND,3239,16,2026,3,hou,ind,00-0038618,X.Hutchinson,target,65,0,0,0,0
2026_03_HOU_IND,3269,16,2026,3,hou,ind,00-0038728,J.Wayne,target,37,0,0,0,0
2026_03_HOU_IND,3292,16,2026,3,hou,ind,00-0035685,D.Montgomery,target,37,0,0,0,0
2026_03_HOU_IND,3317,16,2026,3,hou,ind,00-0038728,J.Wayne,target,32,0,0,0,0
2026_03_HOU_IND,3345,16,2026,3,hou,ind,00-0035685,D.Montgomery,carry,12,1,0,0,0
2026_03_HOU_IND,3369,16,2026,3,hou,ind,00-0034981,F.Moreau,target,11,1,0,0,0
2026_03_HOU_IND,3392,16,2026,3,hou,ind,00-0034383,D.Schultz,target,11,1,0,0,0
2026_03_HOU_IND,3461,17,2026,3,ind,hou,00-0033217,M.Alie-Cox,target,65,0,0,0,0
2026_03_HOU_IND,3486,17,2026,3,ind,hou,00-0036223,J.Taylor,carry,49,0,0,0,0
2026_03_HOU_IND,3508,17,2026,3,ind,hou,00-0036223,J.Taylor,carry,42,0,0,0,0
2026_03_HOU_IND,3530,17,2026,3,ind,hou,00-0036223,J.Taylor,carry,39,0,0,0,0
2026_03_HOU_IND,3585,18,2026,3,hou,ind,00-0040583,W.Marks,carry,54,0,0,0,0
2026_03_HOU_IND,3607,18,2026,3,hou,ind,00-0038618,X.Hutchinson,carry,45,0,0,0,0
2026_03_HOU_IND,3634,18,2026,3,hou,ind,00-0038618,X.Hutchinson,target,44,0,0,0,0
2026_03_HOU_IND,3662,18,2026,3,hou,ind,00-0038608,K.Boutte,target,27,0,0,0,0
2026_03_HOU_IND,3687,18,2026,3,hou,ind,00-0038608,K.Boutte,target,12,1,0,0,0
2026_03_HOU_IND,3712,18,2026,3,hou,ind,00-0040583,W.Marks,carry,6,1,1,0,0
2026_03_HOU_IND,3748,18,2026,3,hou,ind,00-0040583,W.Marks,carry,1,1,1,1,1
2026_03_HOU_IND,3812,19,2026,3,ind,hou,00-0030279,K.Allen,target,65,0,0,0,0
2026_03_HOU_IND,3835,19,2026,3,ind,hou,00-0032951,L.Treadwell,target,65,0,0,0,0
2026_03_HOU_IND,3860,19,2026,3,ind,hou,00-0036223,J.Taylor,carry,45,0,0,0,0
2026_03_HOU_IND,3882,19,2026,3,ind,hou,00-0036223,J.Taylor,carry,40,0,0,0,0
2026_03_HOU_IND,3911,19,2026,3,ind,hou,00-0030279,K.Allen,target,41,0,0,0,0
2026_03_HOU_IND,4061,20,2026,3,hou,ind,00-0034383,D.Schultz,target,69,0,0,0,0
2026_03_KC_MIA,63,1,2026,3,kc,mia,00-0030506,T.Kelce,target,67,0,0,0,0
2026_03_KC_MIA,88,1,2026,3,kc,mia,00-0039067,R.Rice,target,19,1,0,0,0
2026_03_KC_MIA,113,1,2026,3,kc,mia,00-0038134,K.Walker,carry,14,1,0,0,0
2026_03_KC_MIA,135,1,2026,3,kc,mia,00-0038134,K.Walker,carry,10,1,1,0,1
2026_03_KC_MIA,216,2,2026,3,mia,kc,00-0039040,D.Achane,carry,91,0,0,0,0
2026_03_KC_MIA,238,2,2026,3,mia,kc,00-0039040,D.Achane,carry,87,0,0,0,0
2026_03_KC_MIA,260,2,2026,3,mia,kc,00-0041525,C.Bell,target,85,0,0,0,0
2026_03_KC_MIA,294,2,2026,3,mia,kc,00-0039040,D.Achane,target,78,0,0,0,0
2026_03_KC_MIA,317,2,2026,3,mia,kc,00-0039040,D.Achane,carry,78,0,0,0,0
2026_03_KC_MIA,369,2,2026,3,mia,kc,00-0039880,M.Washington,target,64,0,0,0,0
2026_03_KC_MIA,430,2,2026,3,mia,kc,00-0040198,O.Gordon,carry,44,0,0,0,0
2026_03_KC_MIA,452,2,2026,3,mia,kc,00-0040198,O.Gordon,carry,39,0,0,0,0
2026_03_KC_MIA,543,2,2026,3,mia,kc,00-0041525,C.Bell,target,32,0,0,0,0
2026_03_KC_MIA,571,2,2026,3,mia,kc,00-0037252,G.Dulcich,target,32,0,0,0,0
2026_03_KC_MIA,596,2,2026,3,mia,kc,00-0038824,R.Miller,target,25,0,0,0,0
2026_03_KC_MIA,621,2,2026,3,mia,kc,00-0039880,M.Washington,target,15,1,0,0,0
2026_03_KC_MIA,669,2,2026,3,mia,kc,00-0040198,O.Gordon,carry,14,1,0,0,0
2026_03_KC_MIA,691,2,2026,3,mia,kc,00-0040198,O.Gordon,carry,3,1,1,1,1
2026_03_KC_MIA,755,3,2026,3,kc,mia,00-0038134,K.Walker,carry,65,0,0,0,0
2026_03_KC_MIA,777,3,2026,3,kc,mia,00-0038104,T.Thornton,target,59,0,0,0,0
2026_03_KC_MIA,802,3,2026,3,kc,mia,00-0039067,R.Rice,target,54,0,0,0,0
2026_03_KC_MIA,832,3,2026,3,kc,mia,00-0038134,K.Walker,carry,43,0,0,0,0
2026_03_KC_MIA,854,3,2026,3,kc,mia,00-0038134,K.Walker,carry,37,0,0,0,0
2026_03_KC_MIA,876,3,2026,3,kc,mia,00-0038104,T.Thornton,target,34,0,0,0,0
2026_03_KC_MIA,906,3,2026,3,kc,mia,00-0040078,B.Smith,target,17,1,0,0,0
2026_03_KC_MIA,951,3,2026,3,kc,mia,00-0039067,R.Rice,target,13,1,0,0,0
2026_03_KC_MIA,1014,3,2026,3,kc,mia,00-0038134,K.Walker,carry,4,1,1,1,0
2026_03_KC_MIA,1036,3,2026,3,kc,mia,00-0038134,K.Walker,target,5,1,1,1,1
2026_03_KC_MIA,1114,4,2026,3,mia,kc,00-0039880,M.Washington,target,66,0,0,0,0
2026_03_KC_MIA,1139,4,2026,3,mia,kc,00-0040198,O.Gordon,carry,57,0,0,0,0
2026_03_KC_MIA,1161,4,2026,3,mia,kc,00-0040198,O.Gordon,carry,55,0,0,0,0
2026_03_KC_MIA,1183,4,2026,3,mia,kc,00-0040198,O.Gordon,target,53,0,0,0,0
2026_03_KC_MIA,1213,4,2026,3,mia,kc,00-0041525,C.Bell,target,53,0,0,0,0
2026_03_KC_MIA,1238,4,2026,3,mia,kc,00-0039880,M.Washington,target,49,0,0,0,0
2026_03_KC_MIA,1261,5,2026,3,kc,mia,00-0036637,N.Gray,target,51,0,0,0,0
2026_03_KC_MIA,1293,5,2026,3,kc,mia,00-0039894,X.Worthy,target,38,0,0,0,0
2026_03_KC_MIA,1318,5,2026,3,kc,mia,00-0041013,E.Johnson,carry,21,0,0,0,0
2026_03_KC_MIA,1340,5,2026,3,kc,mia,00-0036637,N.Gray,target,14,1,0,0,0
2026_03_KC_MIA,1365,5,2026,3,kc,mia,00-0038134,K.Walker,carry,12,1,0,0,0
2026_03_KC_MIA,1392,5,2026,3,kc,mia,00-0038134,K.Walker,carry,12,1,0,0,0
2026_03_KC_MIA,1416,6,2026,3,mia,kc,00-0041525,C.Bell,target,88,0,0,0,0
2026_03_KC_MIA,1453,6,2026,3,mia,kc,00-0041525,C.Bell,target,44,0,0,0,0
2026_03_KC_MIA,1476,6,2026,3,mia,kc,00-0037252,G.Dulcich,target,44,0,0,0,0
2026_03_KC_MIA,1506,6,2026,3,mia,kc,00-0040198,O.Gordon,carry,39,0,0,0,0
2026_03_KC_MIA,1562,6,2026,3,mia,kc,00-0039880,M.Washington,carry,32,0,0,0,0
2026_03_KC_MIA,1584,6,2026,3,mia,kc,00-0038128,M.Willis,carry,31,0,0,0,0
2026_03_KC_MIA,1606,7,2026,3,kc,mia,00-0038134,K.Walker,carry,75,0,0,0,0
2026_03_KC_MIA,1671,7,2026,3,kc,mia,00-0038134,K.Walker,carry,53,0,0,0,0
2026_03_KC_MIA,1693,7,2026,3,kc,mia,00-0039067,R.Rice,target,51,0,0,0,0
2026_03_KC_MIA,1767,8,2026,3,mia,kc,00-0040198,O.Gordon,carry,48,0,0,0,0
2026_03_KC_MIA,1789,8,2026,3,mia,kc,00-0039880,M.Washington,target,42,0,0,0,0
2026_03_KC_MIA,1812,8,2026,3,mia,kc,00-0040198,O.Gordon,target,42,0,0,0,0
2026_03_KC_MIA,1840,8,2026,3,mia,kc,00-0038128,M.Willis,carry,47,0,0,0,0
2026_03_KC_MIA,1920,9,2026,3,kc,mia,00-0039894,X.Worthy,target,91,0,0,0,0
2026_03_KC_MIA,1961,9,2026,3,kc,mia,00-0041013,E.Johnson,carry,94,0,0,0,0
2026_03_KC_MIA,2029,10,2026,3,mia,kc,00-0040198,O.Gordon,carry,74,0,0,0,0
2026_03_KC_MIA,2053,10,2026,3,mia,kc,00-0037252,G.Dulcich,target,72,0,0,0,0
2026_03_KC_MIA,2078,10,2026,3,mia,kc,00-0037252,G.Dulcich,target,30,0,0,0,0
2026_03_KC_MIA,2103,10,2026,3,mia,kc,00-0041525,C.Bell,target,30,0,0,0,0
2026_03_KC_MIA,2126,10,2026,3,mia,kc,00-0040198,O.Gordon,target,30,0,0,0,0
2026_03_KC_MIA,2151,10,2026,3,mia,kc,00-0040198,O.Gordon,carry,11,1,0,0,0
2026_03_KC_MIA,2213,10,2026,3,mia,kc,00-0037252,G.Dulcich,target,19,1,0,0,0
2026_03_KC_MIA,2315,11,2026,3,kc,mia,00-0038134,K.Walker,carry,64,0,0,0,0
2026_03_KC_MIA,2348,11,2026,3,kc,mia,00-0039067,R.Rice,target,73,0,0,0,0
2026_03_KC_MIA,2373,11,2026,3,kc,mia,00-0038134,K.Walker,carry,61,0,0,0,0
2026_03_KC_MIA,2395,11,2026,3,kc,mia,00-0039067,R.Rice,target,62,0,0,0,0
2026_03_KC_MIA,2447,12,2026,3,mia,kc,00-0039880,M.Washington,target,80,0,0,0,0
2026_03_KC_MIA,2479,12,2026,3,mia,kc,00-0041529,K.Coleman,target,69,0,0,0,0
2026_03_KC_MIA,2502,12,2026,3,mia,kc,00-0040198,O.Gordon,carry,69,0,0,0,0
2026_03_KC_MIA,2524,12,2026,3,mia,kc,00-0038824,R.Miller,target,64,0,0,0,0
2026_03_KC_MIA,2554,12,2026,3,mia,kc,00-0040198,O.Gordon,carry,59,0,0,0,0
2026_03_KC_MIA,2576,12,2026,3,mia,kc,00-0040198,O.Gordon,carry,56,0,0,0,0
2026_03_KC_MIA,2598,12,2026,3,mia,kc,00-0041525,C.Bell,target,55,0,0,0,0
2026_03_KC_MIA,2633,12,2026,3,mia,kc,00-0039880,M.Washington,target,43,0,0,0,0
2026_03_KC_MIA,2656,12,2026,3,mia,kc,00-0040198,O.Gordon,carry,43,0,0,0,0
2026_03_KC_MIA,2681,12,2026,3,mia,kc,00-0039880,M.Washington,target,42,0,0,0,0
2026_03_KC_MIA,2750,13,2026,3,kc,mia,00-0040081,J.Briningstool,target,96,0,0,0,0
2026_03_KC_MIA,2829,13,2026,3,kc,mia,00-0038134,K.Walker,carry,80,0,0,0,0
2026_03_KC_MIA,2851,13,2026,3,kc,mia,00-0041013,E.Johnson,carry,72,0,0,0,0
2026_03_KC_MIA,2873,13,2026,3,kc,mia,00-0039067,R.Rice,target,69,0,0,0,0
2026_03_KC_MIA,2898,13,2026,3,kc,mia,00-0038134,K.Walker,carry,62,0,0,0,0
2026_03_KC_MIA,2942,13,2026,3,kc,mia,00-0040646,J.Royals,target,58,0,0,0,0
2026_03_KC_MIA,2969,13,2026,3,kc,mia,00-0038134,K.Walker,carry,47,0,0,0,0
2026_03_KC_MIA,2996,13,2026,3,kc,mia,00-0036637,N.Gray,target,32,0,0,0,0
2026_03_KC_MIA,3021,13,2026,3,kc,mia,00-0038134,K.Walker,carry,8,1,1,0,0
2026_03_KC_MIA,3066,13,2026,3,kc,mia,00-0038134,K.Walker,target,14,1,0,0,0
2026_03_KC_MIA,3152,14,2026,3,mia,kc,00-0039880,M.Washington,carry,84,0,0,0,0
2026_03_KC_MIA,3203,14,2026,3,mia,kc,00-0038128,M.Willis,carry,75,0,0,0,0
2026_03_KC_MIA,3232,14,2026,3,mia,kc,00-0040198,O.Gordon,carry,72,0,0,0,0
2026_03_KC_MIA,3254,14,2026,3,mia,kc,00-0040198,O.Gordon,carry,70,0,0,0,0
2026_03_KC_MIA,3298,14,2026,3,mia,kc,00-0040198,O.Gordon,carry,57,0,0,0,0
2026_03_KC_MIA,3320,14,2026,3,mia,kc,00-0039880,M.Washington,target,57,0,0,0,0
2026_03_KC_MIA,3345,14,2026,3,mia,kc,00-0037252,G.Dulcich,target,52,0,0,0,0
2026_03_KC_MIA,3368,14,2026,3,mia,kc,00-0041529,K.Coleman,target,52,0,0,0,0
2026_03_KC_MIA,3391,15,2026,3,kc,mia,00-0038134,K.Walker,carry,47,0,0,0,0
2026_03_KC_MIA,3420,15,2026,3,kc,mia,00-0039067,R.Rice,target,49,0,0,0,0
2026_03_KC_MIA,3450,15,2026,3,kc,mia,00-0038134,K.Walker,carry,15,1,0,0,0
2026_03_KC_MIA,3508,15,2026,3,kc,mia,00-0039067,R.Rice,target,26,0,0,0,0
2026_03_KC_MIA,3538,15,2026,3,kc,mia,00-0030506,T.Kelce,target,11,1,0,0,1
2026_03_KC_MIA,3609,16,2026,3,mia,kc,00-0037252,G.Dulcich,target,61,0,0,0,0
2026_03_KC_MIA,3634,16,2026,3,mia,kc,00-0041529,K.Coleman,target,55,0,0,0,0
2026_03_KC_MIA,3659,16,2026,3,mia,kc,00-0039880,M.Washington,target,52,0,0,0,0
2026_03_KC_MIA,3682,16,2026,3,mia,kc,00-0038824,R.Miller,target,52,0,0,0,0
2026_03_KC_MIA,3709,17,2026,3,kc,mia,00-0041013,E.Johnson,carry,36,0,0,0,0
2026_03_KC_MIA,3740,17,2026,3,kc,mia,00-0041013,E.Johnson,carry,36,0,0,0,0
2026_03_KC_MIA,3769,17,2026,3,kc,mia,00-0041013,E.Johnson,carry,36,0,0,0,0
2026_03_KC_MIA,3828,18,2026,3,mia,kc,00-0041529,K.Coleman,target,60,0,0,0,0
2026_03_LAC_BUF,63,1,2026,3,buf,lac,00-0037248,J.Cook,carry,57,0,0,0,0
2026_03_LAC_BUF,135,2,2026,3,lac,buf,00-0040666,O.Hampton,carry,32,0,0,0,0
2026_03_LAC_BUF,157,2,2026,3,lac,buf,00-0035125,A.Ingold,target,25,0,0,0,0
2026_03_LAC_BUF,180,2,2026,3,lac,buf,00-0036355,J.Herbert,carry,25,0,0,0,0
2026_03_LAC_BUF,202,2,2026,3,lac,buf,00-0035125,A.Ingold,target,18,1,0,0,0
2026_03_LAC_BUF,227,2,2026,3,lac,buf,00-0039391,K.Vidal,carry,13,1,0,0,0
2026_03_LAC_BUF,249,2,2026,3,lac,buf,00-0040666,O.Hampton,carry,7,1,1,0,0
2026_03_LAC_BUF,271,2,2026,3,lac,buf,00-0040666,O.Hampton,carry,3,1,1,1,0
2026_03_LAC_BUF,295,2,2026,3,lac,buf,00-0038454,K.Mitchell,target,1,1,1,1,1
2026_03_LAC_BUF,368,3,2026,3,buf,lac,00-0034827,D.Moore,target,70,0,0,0,0
2026_03_LAC_BUF,398,3,2026,3,buf,lac,00-0037248,J.Cook,carry,62,0,0,0,0
2026_03_LAC_BUF,420,3,2026,3,buf,lac,00-0034857,J.Allen,target,54,0,0,0,0
2026_03_LAC_BUF,445,3,2026,3,buf,lac,00-0038933,D.Kincaid,target,53,0,0,0,0
2026_03_LAC_BUF,531,4,2026,3,lac,buf,00-0039915,L.McConkey,target,71,0,0,0,0
2026_03_LAC_BUF,566,4,2026,3,lac,buf,00-0038454,K.Mitchell,target,64,0,0,0,0
2026_03_LAC_BUF,591,4,2026,3,lac,buf,00-0040189,O.Gadsden,target,70,0,0,0,0
2026_03_LAC_BUF,657,5,2026,3,buf,lac,00-0039901,K.Coleman,target,66,0,0,0,0
2026_03_LAC_BUF,692,5,2026,3,buf,lac,00-0037248,J.Cook,carry,66,0,0,0,0
2026_03_LAC_BUF,714,5,2026,3,buf,lac,00-0035689,D.Knox,carry,57,0,0,0,0
2026_03_LAC_BUF,738,5,2026,3,buf,lac,00-0034857,J.Allen,carry,57,0,0,0,0
2026_03_LAC_BUF,793,5,2026,3,buf,lac,00-0034827,D.Moore,target,66,0,0,0,0
2026_03_LAC_BUF,820,6,2026,3,lac,buf,00-0040666,O.Hampton,carry,43,0,0,0,0
2026_03_LAC_BUF,842,6,2026,3,lac,buf,00-0038544,Q.Johnston,target,41,0,0,0,0
2026_03_LAC_BUF,878,6,2026,3,lac,buf,00-0040666,O.Hampton,carry,20,1,0,0,0
2026_03_LAC_BUF,900,6,2026,3,lac,buf,00-0040666,O.Hampton,carry,17,1,0,0,0
2026_03_LAC_BUF,922,6,2026,3,lac,buf,00-0038454,K.Mitchell,carry,15,1,0,0,0
2026_03_LAC_BUF,987,7,2026,3,buf,lac,00-0037248,J.Cook,carry,68,0,0,0,0
2026_03_LAC_BUF,1029,7,2026,3,buf,lac,00-0034827,D.Moore,target,65,0,0,0,0
2026_03_LAC_BUF,1056,8,2026,3,lac,buf,00-0038454,K.Mitchell,carry,90,0,0,0,0
2026_03_LAC_BUF,1083,8,2026,3,lac,buf,00-0035125,A.Ingold,target,83,0,0,0,0
2026_03_LAC_BUF,1108,8,2026,3,lac,buf,00-0038454,K.Mitchell,carry,58,0,0,0,0
2026_03_LAC_BUF,1130,8,2026,3,lac,buf,00-0040727,T.Harris,target,60,0,0,0,0
2026_03_LAC_BUF,1153,8,2026,3,lac,buf,00-0040727,T.Harris,target,60,0,0,0,0
2026_03_LAC_BUF,1189,8,2026,3,lac,buf,00-0038544,Q.Johnston,target,47,0,0,0,0
2026_03_LAC_BUF,1212,8,2026,3,lac,buf,00-0038544,Q.Johnston,target,47,0,0,0,0
2026_03_LAC_BUF,1242,8,2026,3,lac,buf,00-0040666,O.Hampton,carry,34,0,0,0,0
2026_03_LAC_BUF,1296,8,2026,3,lac,buf,00-0039915,L.McConkey,target,27,0,0,0,0
2026_03_LAC_BUF,1345,9,2026,3,buf,lac,00-0037248,J.Cook,carry,65,0,0,0,0
2026_03_LAC_BUF,1374,9,2026,3,buf,lac,00-0038933,D.Kincaid,target,60,0,0,0,0
2026_03_LAC_BUF,1403,9,2026,3,buf,lac,00-0037248,J.Cook,carry,46,0,0,0,0
2026_03_LAC_BUF,1449,9,2026,3,buf,lac,00-0037248,J.Cook,carry,36,0,0,0,0
2026_03_LAC_BUF,1471,9,2026,3,buf,lac,00-0035537,T.Johnson,target,30,0,0,0,0
2026_03_LAC_BUF,1496,9,2026,3,buf,lac,00-0035537,T.Johnson,target,27,0,0,0,0
2026_03_LAC_BUF,1533,9,2026,3,buf,lac,00-0034857,J.Allen,carry,11,1,0,0,0
2026_03_LAC_BUF,1560,9,2026,3,buf,lac,00-0037261,K.Shakir,target,10,1,1,0,0
2026_03_LAC_BUF,1583,9,2026,3,buf,lac,00-0034827,D.Moore,target,10,1,1,0,0
2026_03_LAC_BUF,1661,10,2026,3,lac,buf,00-0038454,K.Mitchell,carry,68,0,0,0,0
2026_03_LAC_BUF,1691,10,2026,3,lac,buf,00-0040666,O.Hampton,target,51,0,0,0,0
2026_03_LAC_BUF,1726,10,2026,3,lac,buf,00-0040666,O.Hampton,carry,51,0,0,0,0
2026_03_LAC_BUF,1786,11,2026,3,buf,lac,00-0037248,J.Cook,carry,80,0,0,0,0
2026_03_LAC_BUF,1815,11,2026,3,buf,lac,00-0037248,J.Cook,carry,77,0,0,0,0
2026_03_LAC_BUF,1837,11,2026,3,buf,lac,00-0034827,D.Moore,target,74,0,0,0,0
2026_03_LAC_BUF,1867,11,2026,3,buf,lac,00-0037248,J.Cook,carry,61,0,0,0,0
2026_03_LAC_BUF,1902,11,2026,3,buf,lac,00-0037248,J.Cook,target,58,0,0,0,0
2026_03_LAC_BUF,1925,11,2026,3,buf,lac,00-0034827,D.Moore,target,58,0,0,0,0
2026_03_LAC_BUF,1957,11,2026,3,buf,lac,00-0034827,D.Moore,target,48,0,0,0,0
2026_03_LAC_BUF,1982,11,2026,3,buf,lac,00-0035537,T.Johnson,target,40,0,0,0,0
2026_03_LAC_BUF,2014,11,2026,3,buf,lac,00-0039901,K.Coleman,target,38,0,0,0,0
2026_03_LAC_BUF,2039,11,2026,3,buf,lac,00-0034857,J.Allen,carry,1,1,1,1,1
2026_03_LAC_BUF,2112,12,2026,3,lac,buf,00-0038454,K.Mitchell,carry,65,0,0,0,0
2026_03_LAC_BUF,2134,12,2026,3,lac,buf,00-0039391,K.Vidal,target,56,0,0,0,0
2026_03_LAC_BUF,2164,12,2026,3,lac,buf,00-0038544,Q.Johnston,target,56,0,0,0,0
2026_03_LAC_BUF,2245,13,2026,3,lac,buf,00-0040666,O.Hampton,carry,72,0,0,0,0
2026_03_LAC_BUF,2267,13,2026,3,lac,buf,00-0038454,K.Mitchell,carry,66,0,0,0,0
2026_03_LAC_BUF,2289,13,2026,3,lac,buf,00-0036355,J.Herbert,carry,63,0,0,0,0
2026_03_LAC_BUF,2311,13,2026,3,lac,buf,00-0040666,O.Hampton,carry,62,0,0,0,0
2026_03_LAC_BUF,2340,13,2026,3,lac,buf,00-0039915,L.McConkey,target,60,0,0,0,0
2026_03_LAC_BUF,2365,13,2026,3,lac,buf,00-0040727,T.Harris,target,49,0,0,0,0
2026_03_LAC_BUF,2401,13,2026,3,lac,buf,00-0040666,O.Hampton,carry,20,1,0,0,0
2026_03_LAC_BUF,2498,13,2026,3,lac,buf,00-0038454,K.Mitchell,carry,36,0,0,0,0
2026_03_LAC_BUF,2525,13,2026,3,lac,buf,00-0039915,L.McConkey,target,25,0,0,0,0
2026_03_LAC_BUF,2599,13,2026,3,lac,buf,00-0040666,O.Hampton,carry,3,1,1,1,0
2026_03_LAC_BUF,2645,13,2026,3,lac,buf,00-0040727,T.Harris,target,6,1,1,0,0
2026_03_LAC_BUF,2694,13,2026,3,lac,buf,00-0040727,T.Harris,target,11,1,0,0,0
2026_03_LAC_BUF,2763,14,2026,3,buf,lac,00-0037248,J.Cook,carry,65,0,0,0,0
2026_03_LAC_BUF,2790,14,2026,3,buf,lac,00-0037248,J.Cook,carry,50,0,0,0,0
2026_03_LAC_BUF,2812,14,2026,3,buf,lac,00-0035689,D.Knox,target,48,0,0,0,0
2026_03_LAC_BUF,2861,14,2026,3,buf,lac,00-0038933,D.Kincaid,target,48,0,0,0,0
2026_03_LAC_BUF,2902,15,2026,3,lac,buf,00-0040666,O.Hampton,carry,83,0,0,0,0
2026_03_LAC_BUF,2931,15,2026,3,lac,buf,00-0040666,O.Hampton,carry,80,0,0,0,0
2026_03_LAC_BUF,2953,15,2026,3,lac,buf,00-0038454,K.Mitchell,carry,70,0,0,0,0
2026_03_LAC_BUF,3009,15,2026,3,lac,buf,00-0038544,Q.Johnston,target,70,0,0,0,0
2026_03_LAC_BUF,3032,15,2026,3,lac,buf,00-0040189,O.Gadsden,target,70,0,0,0,0
2026_03_LAC_BUF,3079,16,2026,3,buf,lac,00-0034827,D.Moore,target,75,0,0,0,0
2026_03_LAC_BUF,3111,16,2026,3,buf,lac,00-0037248,J.Cook,carry,63,0,0,0,0
2026_03_LAC_BUF,3251,17,2026,3,lac,buf,00-0038454,K.Mitchell,target,28,0,0,0,0
2026_03_LAC_BUF,3281,17,2026,3,lac,buf,00-0035125,A.Ingold,target,28,0,0,0,0
2026_03_LAC_BUF,3306,17,2026,3,lac,buf,00-0034272,M.Valdes-Scantling,target,23,0,0,0,0
2026_03_LAC_BUF,3333,18,2026,3,buf,lac,00-0037248,J.Cook,carry,58,0,0,0,0
2026_03_LAC_BUF,3362,18,2026,3,buf,lac,00-0040194,J.Hawes,target,53,0,0,0,0
2026_03_LAC_BUF,3385,18,2026,3,buf,lac,00-0037261,K.Shakir,target,53,0,0,0,0
2026_03_LAC_BUF,3410,18,2026,3,buf,lac,00-0034857,J.Allen,carry,47,0,0,0,0
2026_03_LAC_BUF,3432,18,2026,3,buf,lac,00-0037261,K.Shakir,target,43,0,0,0,0
2026_03_LAC_BUF,3455,18,2026,3,buf,lac,00-0034827,D.Moore,target,43,0,0,0,0
2026_03_LAC_BUF,3478,18,2026,3,buf,lac,00-0035537,T.Johnson,target,43,0,0,0,0
2026_03_LAC_BUF,3515,18,2026,3,buf,lac,00-0037248,J.Cook,carry,24,0,0,0,0
2026_03_LAC_BUF,3685,18,2026,3,buf,lac,00-0037248,J.Cook,carry,27,0,0,0,0
2026_03_LAC_BUF,3707,18,2026,3,buf,lac,00-0037248,J.Cook,carry,16,1,0,0,0
2026_03_LAC_BUF,3729,18,2026,3,buf,lac,00-0037248,J.Cook,carry,5,1,1,1,0
2026_03_LAC_BUF,3751,18,2026,3,buf,lac,00-0034857,J.Allen,carry,1,1,1,1,1
2026_03_LAC_BUF,3858,19,2026,3,lac,buf,00-0040666,O.Hampton,carry,62,0,0,0,0
2026_03_LAC_BUF,3922,19,2026,3,lac,buf,00-0038544,Q.Johnston,target,55,0,0,0,0
2026_03_LAC_BUF,3945,19,2026,3,lac,buf,00-0039391,K.Vidal,target,55,0,0,0,0
2026_03_LAC_BUF,3968,20,2026,3,buf,lac,00-0037248,J.Cook,carry,45,0,0,0,0
2026_03_LAC_BUF,3990,20,2026,3,buf,lac,00-0037248,J.Cook,carry,42,0,0,0,0
2026_03_LAC_BUF,4032,20,2026,3,buf,lac,00-0034857,J.Allen,carry,26,0,0,0,0
2026_03_LAC_BUF,4061,20,2026,3,buf,lac,00-0034827,D.Moore,target,19,1,0,0,0
2026_03_LAC_BUF,4151,20,2026,3,buf,lac,00-0037248,J.Cook,carry,3,1,1,1,1
2026_03_LAC_BUF,4228,21,2026,3,lac,buf,00-0040727,T.Harris,target,84,0,0,0,0
2026_03_LAC_BUF,4253,21,2026,3,lac,buf,00-0039391,K.Vidal,target,61,0,0,0,0
2026_03_LAC_BUF,4283,21,2026,3,lac,buf,00-0039915,L.McConkey,target,47,0,0,0,0
2026_03_LAC_BUF,4318,21,2026,3,lac,buf,00-0040727,T.Harris,target,18,1,0,0,0
2026_03_LAC_BUF,4423,21,2026,3,lac,buf,00-0040189,O.Gadsden,target,15,1,0,0,0
2026_03_LAC_BUF,4500,22,2026,3,buf,lac,00-0037248,J.Cook,carry,45,0,0,0,0
2026_03_LAC_BUF,4522,22,2026,3,buf,lac,00-0037248,J.Cook,carry,43,0,0,0,0
2026_03_LAC_BUF,4551,22,2026,3,buf,lac,00-0037248,J.Cook,carry,41,0,0,0,0
2026_03_LA_DEN,62,1,2026,3,lar,den,00-0039074,D.Allen,target,74,0,0,0,0
2026_03_LA_DEN,92,1,2026,3,lar,den,00-0037840,K.Williams,carry,61,0,0,0,0
2026_03_LA_DEN,114,1,2026,3,lar,den,00-0039074,D.Allen,target,58,0,0,0,0
2026_03_LA_DEN,139,1,2026,3,lar,den,00-0037840,K.Williams,carry,52,0,0,0,0
2026_03_LA_DEN,161,1,2026,3,lar,den,00-0037840,K.Williams,carry,48,0,0,0,0
2026_03_LA_DEN,183,1,2026,3,lar,den,00-0033110,T.Higbee,target,43,0,0,0,0
2026_03_LA_DEN,253,2,2026,3,den,lar,00-0036158,J.Dobbins,carry,86,0,0,0,0
2026_03_LA_DEN,275,2,2026,3,den,lar,00-0040730,R.Harvey,target,88,0,0,0,0
2026_03_LA_DEN,349,3,2026,3,lar,den,00-0031381,D.Adams,target,63,0,0,0,0
2026_03_LA_DEN,374,3,2026,3,lar,den,00-0039738,B.Corum,carry,41,0,0,0,0
2026_03_LA_DEN,396,3,2026,3,lar,den,00-0039738,B.Corum,carry,34,0,0,0,0
2026_03_LA_DEN,418,3,2026,3,lar,den,00-0040737,T.Ferguson,target,35,0,0,0,0
2026_03_LA_DEN,441,3,2026,3,lar,den,00-0037840,K.Williams,target,35,0,0,0,0
2026_03_LA_DEN,466,3,2026,3,lar,den,00-0033110,T.Higbee,target,30,0,0,0,0
2026_03_LA_DEN,554,3,2026,3,lar,den,00-0033110,T.Higbee,target,17,1,0,0,0
2026_03_LA_DEN,609,3,2026,3,lar,den,00-0036244,C.Parkinson,target,5,1,1,1,0
2026_03_LA_DEN,632,3,2026,3,lar,den,00-0033110,T.Higbee,target,5,1,1,1,1
2026_03_LA_DEN,715,4,2026,3,den,lar,00-0036613,J.Waddle,target,65,0,0,0,0
2026_03_LA_DEN,738,4,2026,3,den,lar,00-0034348,C.Sutton,target,65,0,0,0,0
2026_03_LA_DEN,763,4,2026,3,den,lar,00-0036158,J.Dobbins,carry,55,0,0,0,0
2026_03_LA_DEN,785,4,2026,3,den,lar,00-0040730,R.Harvey,target,51,0,0,0,0
2026_03_LA_DEN,815,4,2026,3,den,lar,00-0037085,T.Badie,carry,46,0,0,0,0
2026_03_LA_DEN,876,4,2026,3,den,lar,00-0034348,C.Sutton,target,29,0,0,0,0
2026_03_LA_DEN,899,4,2026,3,den,lar,00-0040730,R.Harvey,carry,29,0,0,0,0
2026_03_LA_DEN,926,4,2026,3,den,lar,00-0036613,J.Waddle,target,25,0,0,0,0
2026_03_LA_DEN,970,5,2026,3,lar,den,00-0037840,K.Williams,carry,67,0,0,0,0
2026_03_LA_DEN,999,5,2026,3,lar,den,00-0037840,K.Williams,carry,37,0,0,0,0
2026_03_LA_DEN,1041,5,2026,3,lar,den,00-0037840,K.Williams,target,34,0,0,0,0
2026_03_LA_DEN,1074,5,2026,3,lar,den,00-0037840,K.Williams,carry,16,1,0,0,0
2026_03_LA_DEN,1160,5,2026,3,lar,den,00-0040590,K.Mumpfield,target,18,1,0,0,0
2026_03_LA_DEN,1233,6,2026,3,den,lar,00-0036158,J.Dobbins,carry,69,0,0,0,0
2026_03_LA_DEN,1255,6,2026,3,den,lar,00-0036158,J.Dobbins,target,66,0,0,0,0
2026_03_LA_DEN,1280,6,2026,3,den,lar,00-0036613,J.Waddle,target,62,0,0,0,0
2026_03_LA_DEN,1323,7,2026,3,lar,den,00-0039738,B.Corum,target,79,0,0,0,0
2026_03_LA_DEN,1346,7,2026,3,lar,den,00-0033110,T.Higbee,target,79,0,0,0,0
2026_03_LA_DEN,1405,7,2026,3,lar,den,00-0039738,B.Corum,carry,63,0,0,0,0
2026_03_LA_DEN,1427,7,2026,3,lar,den,00-0039738,B.Corum,target,61,0,0,0,0
2026_03_LA_DEN,1452,7,2026,3,lar,den,00-0040737,T.Ferguson,target,60,0,0,0,0
2026_03_LA_DEN,1477,7,2026,3,lar,den,00-0039738,B.Corum,target,51,0,0,0,0
2026_03_LA_DEN,1502,7,2026,3,lar,den,00-0040590,K.Mumpfield,target,52,0,0,0,0
2026_03_LA_DEN,1525,7,2026,3,lar,den,00-0040590,K.Mumpfield,target,52,0,0,0,0
2026_03_LA_DEN,1555,7,2026,3,lar,den,00-0033110,T.Higbee,target,37,0,0,0,0
2026_03_LA_DEN,1585,7,2026,3,lar,den,00-0031381,D.Adams,target,37,0,0,0,0
2026_03_LA_DEN,1639,7,2026,3,lar,den,00-0039738,B.Corum,target,20,1,0,0,0
2026_03_LA_DEN,1703,7,2026,3,lar,den,00-0037840,K.Williams,carry,30,0,0,0,0
2026_03_LA_DEN,1725,7,2026,3,lar,den,00-0037840,K.Williams,target,26,0,0,0,0
2026_03_LA_DEN,1833,8,2026,3,den,lar,00-0040730,R.Harvey,target,81,0,0,0,0
2026_03_LA_DEN,1863,8,2026,3,den,lar,00-0040730,R.Harvey,carry,62,0,0,0,0
2026_03_LA_DEN,1885,8,2026,3,den,lar,00-0036613,J.Waddle,target,60,0,0,0,0
2026_03_LA_DEN,1908,8,2026,3,den,lar,00-0036613,J.Waddle,target,60,0,0,0,0
2026_03_LA_DEN,1941,8,2026,3,den,lar,00-0039732,B.Nix,carry,51,0,0,0,0
2026_03_LA_DEN,1970,8,2026,3,den,lar,00-0036158,J.Dobbins,carry,47,0,0,0,0
2026_03_LA_DEN,2073,9,2026,3,lar,den,00-0037840,K.Williams,carry,76,0,0,0,0
2026_03_LA_DEN,2095,9,2026,3,lar,den,00-0033110,T.Higbee,target,69,0,0,0,0
2026_03_LA_DEN,2125,9,2026,3,lar,den,00-0031381,D.Adams,target,59,0,0,0,0
2026_03_LA_DEN,2155,9,2026,3,lar,den,00-0031381,D.Adams,target,46,0,0,0,0
2026_03_LA_DEN,2202,9,2026,3,lar,den,00-0031381,D.Adams,target,51,0,0,0,0
2026_03_LA_DEN,2232,9,2026,3,lar,den,00-0037840,K.Williams,carry,37,0,0,0,0
2026_03_LA_DEN,2284,9,2026,3,lar,den,00-0033110,T.Higbee,target,32,0,0,0,0
2026_03_LA_DEN,2398,10,2026,3,den,lar,00-0036158,J.Dobbins,carry,68,0,0,0,0
2026_03_LA_DEN,2422,10,2026,3,den,lar,00-0036613,J.Waddle,target,62,0,0,0,0
2026_03_LA_DEN,2445,10,2026,3,den,lar,00-0033881,E.Engram,target,62,0,0,0,0
2026_03_LA_DEN,2504,11,2026,3,lar,den,00-0039738,B.Corum,carry,90,0,0,0,0
2026_03_LA_DEN,2526,11,2026,3,lar,den,00-0033110,T.Higbee,target,87,0,0,0,0
2026_03_LA_DEN,2549,11,2026,3,lar,den,00-0031381,D.Adams,target,87,0,0,0,0
2026_03_LA_DEN,2603,12,2026,3,den,lar,00-0036158,J.Dobbins,carry,42,0,0,0,0
2026_03_LA_DEN,2632,12,2026,3,den,lar,00-0036158,J.Dobbins,carry,36,0,0,0,0
2026_03_LA_DEN,2654,12,2026,3,den,lar,00-0036158,J.Dobbins,carry,34,0,0,0,0
2026_03_LA_DEN,2676,12,2026,3,den,lar,00-0040730,R.Harvey,target,31,0,0,0,0
2026_03_LA_DEN,2699,12,2026,3,den,lar,00-0040730,R.Harvey,target,31,0,0,0,0
2026_03_LA_DEN,2729,12,2026,3,den,lar,00-0039732,B.Nix,carry,22,0,0,0,0
2026_03_LA_DEN,2774,12,2026,3,den,lar,00-0036613,J.Waddle,target,21,0,0,0,0
2026_03_LA_DEN,2804,12,2026,3,den,lar,00-0034348,C.Sutton,target,20,1,0,0,0
2026_03_LA_DEN,2840,12,2026,3,den,lar,00-0036158,J.Dobbins,carry,5,1,1,1,0
2026_03_LA_DEN,2862,12,2026,3,den,lar,00-0040730,R.Harvey,target,5,1,1,1,0
2026_03_LA_DEN,2890,12,2026,3,den,lar,00-0040134,P.Bryant,target,5,1,1,1,1
2026_03_LA_DEN,2959,13,2026,3,lar,den,00-0037840,K.Williams,carry,79,0,0,0,0
2026_03_LA_DEN,2981,13,2026,3,lar,den,00-0037840,K.Williams,carry,70,0,0,0,0
2026_03_LA_DEN,3040,13,2026,3,lar,den,00-0037840,K.Williams,carry,76,0,0,0,0
2026_03_LA_DEN,3062,13,2026,3,lar,den,00-0031381,D.Adams,target,73,0,0,0,0
2026_03_LA_DEN,3088,13,2026,3,lar,den,00-0037840,K.Williams,target,73,0,0,0,0
2026_03_LA_DEN,3198,14,2026,3,den,lar,00-0036158,J.Dobbins,carry,52,0,0,0,0
2026_03_LA_DEN,3220,14,2026,3,den,lar,00-0036158,J.Dobbins,carry,47,0,0,0,0
2026_03_LA_DEN,3263,14,2026,3,den,lar,00-0036613,J.Waddle,carry,34,0,0,0,0
2026_03_LA_DEN,3308,14,2026,3,den,lar,00-0037085,T.Badie,target,20,1,0,0,0
2026_03_LA_DEN,3333,14,2026,3,den,lar,00-0034348,C.Sutton,target,8,1,1,0,0
2026_03_LA_DEN,3356,14,2026,3,den,lar,00-0038783,N.Adkins,target,8,1,1,0,1
2026_03_LA_DEN,3425,15,2026,3,lar,den,00-0031381,D.Adams,target,70,0,0,0,0
2026_03_LA_DEN,3450,15,2026,3,lar,den,00-0039074,D.Allen,target,64,0,0,0,0
2026_03_LA_DEN,3473,15,2026,3,lar,den,00-0033110,T.Higbee,target,64,0,0,0,0
2026_03_LA_DEN,3561,15,2026,3,lar,den,00-0040590,K.Mumpfield,target,68,0,0,0,0
2026_03_LA_DEN,3610,16,2026,3,den,lar,00-0036158,J.Dobbins,carry,71,0,0,0,0
2026_03_LA_DEN,3632,16,2026,3,den,lar,00-0034348,C.Sutton,target,71,0,0,0,0
2026_03_LA_DEN,3673,16,2026,3,den,lar,00-0036158,J.Dobbins,carry,44,0,0,0,0
2026_03_LA_DEN,3719,16,2026,3,den,lar,00-0034348,C.Sutton,target,48,0,0,0,0
2026_03_LA_DEN,3749,17,2026,3,lar,den,00-0037840,K.Williams,carry,37,0,0,0,0
2026_03_LA_DEN,3780,17,2026,3,lar,den,00-0031381,D.Adams,target,39,0,0,0,0
2026_03_LA_DEN,3805,17,2026,3,lar,den,00-0026498,M.Stafford,carry,28,0,0,0,0
2026_03_LA_DEN,3827,17,2026,3,lar,den,00-0037840,K.Williams,carry,25,0,0,0,0
2026_03_LA_DEN,3849,17,2026,3,lar,den,00-0037840,K.Williams,carry,20,1,0,0,0
2026_03_LA_DEN,3941,18,2026,3,den,lar,00-0036158,J.Dobbins,carry,70,0,0,0,0
2026_03_LA_DEN,3965,18,2026,3,den,lar,00-0036158,J.Dobbins,carry,64,0,0,0,0
2026_03_LA_DEN,3987,18,2026,3,den,lar,00-0033881,E.Engram,target,62,0,0,0,0
2026_03_LA_DEN,4029,19,2026,3,lar,den,00-0031381,D.Adams,target,91,0,0,0,0
2026_03_LA_DEN,4066,19,2026,3,lar,den,00-0039738,B.Corum,carry,42,0,0,0,0
2026_03_LA_DEN,4088,19,2026,3,lar,den,00-0039738,B.Corum,carry,42,0,0,0,0
2026_03_LA_DEN,4110,19,2026,3,lar,den,00-0037840,K.Williams,target,38,0,0,0,0
2026_03_LA_DEN,4196,20,2026,3,lar,den,00-0040590,K.Mumpfield,target,78,0,0,0,0
2026_03_LA_DEN,4221,20,2026,3,lar,den,00-0040590,K.Mumpfield,target,57,0,0,0,0
2026_03_LA_DEN,4246,20,2026,3,lar,den,00-0040590,K.Mumpfield,target,48,0,0,0,1
2026_03_LA_DEN,4311,21,2026,3,den,lar,00-0036158,J.Dobbins,target,65,0,0,0,0
2026_03_LA_DEN,4372,21,2026,3,den,lar,00-0040134,P.Bryant,target,75,0,0,0,0
2026_03_LA_DEN,4397,21,2026,3,den,lar,00-0039868,T.Franklin,target,36,0,0,0,0
2026_03_LA_DEN,4422,21,2026,3,den,lar,00-0036158,J.Dobbins,carry,15,1,0,0,0
2026_03_LA_DEN,4453,21,2026,3,den,lar,00-0040730,R.Harvey,target,13,1,0,0,0
2026_03_LA_DEN,4524,21,2026,3,den,lar,00-0036158,J.Dobbins,carry,7,1,1,0,0
2026_03_LA_DEN,4546,21,2026,3,den,lar,00-0034348,C.Sutton,target,5,1,1,1,0
2026_03_LA_DEN,4632,21,2026,3,den,lar,00-0038783,N.Adkins,target,2,1,1,1,0
2026_03_LA_DEN,4657,21,2026,3,den,lar,00-0039732,B.Nix,carry,2,1,1,1,0
2026_03_LA_DEN,4746,21,2026,3,den,lar,00-0039732,B.Nix,carry,1,1,1,1,1
2026_03_LA_DEN,4821,22,2026,3,lar,den,00-0040590,K.Mumpfield,target,67,0,0,0,0
2026_03_LA_DEN,4844,22,2026,3,lar,den,00-0031381,D.Adams,target,67,0,0,0,0
2026_03_LA_DEN,4879,22,2026,3,lar,den,00-0037840,K.Williams,target,67,0,0,0,0
2026_03_LA_DEN,4904,22,2026,3,lar,den,00-0033110,T.Higbee,target,48,0,0,0,0
2026_03_LA_DEN,4934,22,2026,3,lar,den,00-0031381,D.Adams,target,34,0,0,0,0
2026_03_LA_DEN,4997,22,2026,3,lar,den,00-0037840,K.Williams,target,34,0,0,0,0
2026_03_LA_DEN,5085,22,2026,3,lar,den,00-0031381,D.Adams,target,19,1,0,0,0
2026_03_LV_NO,62,1,2026,3,no,lv,00-0036973,T.Etienne,carry,73,0,0,0,0
2026_03_LV_NO,150,2,2026,3,lv,no,00-0039338,B.Bowers,target,76,0,0,0,0
2026_03_LV_NO,180,2,2026,3,lv,no,00-0040122,A.Jeanty,carry,68,0,0,0,0
2026_03_LV_NO,202,2,2026,3,lv,no,00-0037291,J.Nailor,target,69,0,0,0,0
2026_03_LV_NO,227,2,2026,3,lv,no,00-0039338,B.Bowers,target,53,0,0,0,0
2026_03_LV_NO,252,2,2026,3,lv,no,00-0040122,A.Jeanty,carry,35,0,0,0,0
2026_03_LV_NO,274,2,2026,3,lv,no,00-0040878,M.Washington,carry,31,0,0,0,0
2026_03_LV_NO,296,2,2026,3,lv,no,00-0039338,B.Bowers,target,28,0,0,0,0
2026_03_LV_NO,321,2,2026,3,lv,no,00-0035891,C.White,target,17,1,0,0,0
2026_03_LV_NO,344,2,2026,3,lv,no,00-0040122,A.Jeanty,carry,17,1,0,0,0
2026_03_LV_NO,377,2,2026,3,lv,no,00-0040122,A.Jeanty,target,24,0,0,0,0
2026_03_LV_NO,472,3,2026,3,no,lv,00-0036040,J.Johnson,target,79,0,0,0,0
2026_03_LV_NO,497,3,2026,3,no,lv,00-0036973,T.Etienne,carry,73,0,0,0,0
2026_03_LV_NO,519,3,2026,3,no,lv,00-0036973,T.Etienne,carry,70,0,0,0,0
2026_03_LV_NO,568,3,2026,3,no,lv,00-0036973,T.Etienne,carry,32,0,0,0,0
2026_03_LV_NO,590,3,2026,3,no,lv,00-0037239,C.Olave,target,28,0,0,0,0
2026_03_LV_NO,613,3,2026,3,no,lv,00-0039424,D.Vele,target,28,0,0,0,0
2026_03_LV_NO,638,3,2026,3,no,lv,00-0036973,T.Etienne,carry,17,1,0,0,0
2026_03_LV_NO,696,3,2026,3,no,lv,00-0039424,D.Vele,target,18,1,0,0,0
2026_03_LV_NO,719,3,2026,3,no,lv,00-0037239,C.Olave,target,18,1,0,0,0
2026_03_LV_NO,744,3,2026,3,no,lv,00-0041326,C.Donaldson,carry,6,1,1,0,0
2026_03_LV_NO,766,3,2026,3,no,lv,00-0036973,T.Etienne,carry,1,1,1,1,0
2026_03_LV_NO,788,3,2026,3,no,lv,00-0036040,J.Johnson,target,2,1,1,1,1
2026_03_LV_NO,876,4,2026,3,lv,no,00-0040122,A.Jeanty,carry,60,0,0,0,0
2026_03_LV_NO,901,4,2026,3,lv,no,00-0039338,B.Bowers,target,57,0,0,0,0
2026_03_LV_NO,931,4,2026,3,lv,no,00-0040878,M.Washington,carry,52,0,0,0,0
2026_03_LV_NO,967,4,2026,3,lv,no,00-0040122,A.Jeanty,carry,45,0,0,0,0
2026_03_LV_NO,989,4,2026,3,lv,no,00-0039066,M.Mayer,target,41,0,0,0,0
2026_03_LV_NO,1014,4,2026,3,lv,no,00-0038563,T.Tucker,target,23,0,0,0,0
2026_03_LV_NO,1039,4,2026,3,lv,no,00-0040122,A.Jeanty,carry,15,1,0,0,0
2026_03_LV_NO,1095,4,2026,3,lv,no,00-0039338,B.Bowers,target,18,1,0,0,0
2026_03_LV_NO,1168,5,2026,3,no,lv,00-0033906,A.Kamara,carry,78,0,0,0,0
2026_03_LV_NO,1214,5,2026,3,no,lv,00-0033906,A.Kamara,target,86,0,0,0,0
2026_03_LV_NO,1244,5,2026,3,no,lv,00-0041067,B.Lance,target,81,0,0,0,0
2026_03_LV_NO,1298,6,2026,3,lv,no,00-0039066,M.Mayer,target,53,0,0,0,0
2026_03_LV_NO,1335,6,2026,3,lv,no,00-0040122,A.Jeanty,carry,42,0,0,0,0
2026_03_LV_NO,1364,6,2026,3,lv,no,00-0039338,B.Bowers,target,40,0,0,0,0
2026_03_LV_NO,1399,6,2026,3,lv,no,00-0037291,J.Nailor,target,21,0,0,0,0
2026_03_LV_NO,1422,6,2026,3,lv,no,00-0040878,M.Washington,carry,21,0,0,0,0
2026_03_LV_NO,1501,6,2026,3,lv,no,00-0040122,A.Jeanty,carry,11,1,0,0,0
2026_03_LV_NO,1562,6,2026,3,lv,no,00-0039066,M.Mayer,target,3,1,1,1,1
2026_03_LV_NO,1635,7,2026,3,no,lv,00-0036973,T.Etienne,carry,72,0,0,0,0
2026_03_LV_NO,1657,7,2026,3,no,lv,00-0036973,T.Etienne,carry,66,0,0,0,0
2026_03_LV_NO,1679,7,2026,3,no,lv,00-0036973,T.Etienne,carry,63,0,0,0,0
2026_03_LV_NO,1701,7,2026,3,no,lv,00-0037239,C.Olave,target,59,0,0,0,0
2026_03_LV_NO,1731,7,2026,3,no,lv,00-0037239,C.Olave,target,46,0,0,0,0
2026_03_LV_NO,1756,7,2026,3,no,lv,00-0035644,N.Fant,target,30,0,0,0,0
2026_03_LV_NO,1781,7,2026,3,no,lv,00-0036040,J.Johnson,target,21,0,0,0,0
2026_03_LV_NO,1811,7,2026,3,no,lv,00-0036973,T.Etienne,carry,7,1,1,0,0
2026_03_LV_NO,1833,7,2026,3,no,lv,00-0037239,C.Olave,target,3,1,1,1,0
2026_03_LV_NO,1863,7,2026,3,no,lv,00-0035644,N.Fant,target,3,1,1,1,1
2026_03_LV_NO,1933,8,2026,3,lv,no,00-0040122,A.Jeanty,carry,65,0,0,0,0
2026_03_LV_NO,1955,8,2026,3,lv,no,00-0037291,J.Nailor,target,63,0,0,0,0
2026_03_LV_NO,1978,8,2026,3,lv,no,00-0039338,B.Bowers,target,63,0,0,0,0
2026_03_LV_NO,2042,8,2026,3,lv,no,00-0038563,T.Tucker,target,47,0,0,0,0
2026_03_LV_NO,2067,8,2026,3,lv,no,00-0040122,A.Jeanty,target,36,0,0,0,0
2026_03_LV_NO,2148,8,2026,3,lv,no,00-0039338,B.Bowers,target,29,0,0,0,0
2026_03_LV_NO,2289,8,2026,3,lv,no,00-0039338,B.Bowers,target,7,1,1,0,0
2026_03_LV_NO,2380,9,2026,3,lv,no,00-0040122,A.Jeanty,carry,63,0,0,0,0
2026_03_LV_NO,2402,9,2026,3,lv,no,00-0039338,B.Bowers,target,63,0,0,0,0
2026_03_LV_NO,2427,9,2026,3,lv,no,00-0039338,B.Bowers,target,58,0,0,0,0
2026_03_LV_NO,2470,10,2026,3,no,lv,00-0039424,D.Vele,target,87,0,0,0,0
2026_03_LV_NO,2512,10,2026,3,no,lv,00-0036973,T.Etienne,carry,76,0,0,0,0
2026_03_LV_NO,2534,10,2026,3,no,lv,00-0036973,T.Etienne,target,72,0,0,0,0
2026_03_LV_NO,2559,10,2026,3,no,lv,00-0033906,A.Kamara,carry,65,0,0,0,0
2026_03_LV_NO,2581,10,2026,3,no,lv,00-0033906,A.Kamara,carry,56,0,0,0,0
2026_03_LV_NO,2605,10,2026,3,no,lv,00-0036973,T.Etienne,target,52,0,0,0,0
2026_03_LV_NO,2630,10,2026,3,no,lv,00-0036973,T.Etienne,carry,46,0,0,0,0
2026_03_LV_NO,2652,10,2026,3,no,lv,00-0038551,K.Miller,target,40,0,0,0,0
2026_03_LV_NO,2677,10,2026,3,no,lv,00-0036040,J.Johnson,target,36,0,0,0,0
2026_03_LV_NO,2702,10,2026,3,no,lv,00-0039424,D.Vele,target,24,0,0,0,0
2026_03_LV_NO,2727,10,2026,3,no,lv,00-0037239,C.Olave,target,7,1,1,0,0
2026_03_LV_NO,2776,10,2026,3,no,lv,00-0036040,J.Johnson,target,1,1,1,1,1
2026_03_LV_NO,2866,12,2026,3,no,lv,00-0036973,T.Etienne,carry,32,0,0,0,0
2026_03_LV_NO,2893,12,2026,3,no,lv,00-0035644,N.Fant,target,16,1,0,0,1
2026_03_LV_NO,2969,13,2026,3,lv,no,00-0040122,A.Jeanty,carry,71,0,0,0,0
2026_03_LV_NO,2991,13,2026,3,lv,no,00-0040122,A.Jeanty,carry,65,0,0,0,0
2026_03_LV_NO,3013,13,2026,3,lv,no,00-0039338,B.Bowers,target,65,0,0,0,0
2026_03_LV_NO,3038,13,2026,3,lv,no,00-0038563,T.Tucker,target,45,0,0,0,0
2026_03_LV_NO,3068,13,2026,3,lv,no,00-0040878,M.Washington,carry,36,0,0,0,1
2026_03_LV_NO,3181,14,2026,3,no,lv,00-0038551,K.Miller,carry,60,0,0,0,0
2026_03_LV_NO,3203,14,2026,3,no,lv,00-0037239,C.Olave,target,55,0,0,0,0
2026_03_LV_NO,3228,14,2026,3,no,lv,00-0041067,B.Lance,target,43,0,0,0,0
2026_03_LV_NO,3256,14,2026,3,no,lv,00-0037239,C.Olave,target,43,0,0,0,0
2026_03_LV_NO,3279,14,2026,3,no,lv,00-0039424,D.Vele,target,43,0,0,0,0
2026_03_LV_NO,3350,15,2026,3,lv,no,00-0035891,C.White,target,90,0,0,0,0
2026_03_LV_NO,3403,15,2026,3,lv,no,00-0040894,M.Benson,target,90,0,0,0,0
2026_03_LV_NO,3466,16,2026,3,no,lv,00-0033906,A.Kamara,carry,61,0,0,0,0
2026_03_LV_NO,3488,16,2026,3,no,lv,00-0037239,C.Olave,target,56,0,0,0,0
2026_03_LV_NO,3511,16,2026,3,no,lv,00-0037239,C.Olave,target,56,0,0,0,0
2026_03_LV_NO,3536,16,2026,3,no,lv,00-0038551,K.Miller,carry,45,0,0,0,0
2026_03_LV_NO,3587,16,2026,3,no,lv,00-0039424,D.Vele,target,44,0,0,0,0
2026_03_LV_NO,3632,16,2026,3,no,lv,00-0037239,C.Olave,target,44,0,0,0,0
2026_03_LV_NO,3662,16,2026,3,no,lv,00-0035644,N.Fant,target,35,0,0,0,0
2026_03_LV_NO,3692,16,2026,3,no,lv,00-0033906,A.Kamara,carry,30,0,0,0,0
2026_03_LV_NO,3746,17,2026,3,lv,no,00-0040122,A.Jeanty,target,55,0,0,0,0
2026_03_LV_NO,3782,17,2026,3,lv,no,00-0040122,A.Jeanty,carry,33,0,0,0,0
2026_03_LV_NO,3804,17,2026,3,lv,no,00-0040878,M.Washington,carry,26,0,0,0,0
2026_03_LV_NO,3836,17,2026,3,lv,no,00-0038563,T.Tucker,target,21,0,0,0,0
2026_03_LV_NO,3861,17,2026,3,lv,no,00-0040122,A.Jeanty,carry,6,1,1,0,0
2026_03_LV_NO,3883,17,2026,3,lv,no,00-0035891,C.White,target,4,1,1,1,1
2026_03_LV_NO,3954,18,2026,3,no,lv,00-0038551,K.Miller,carry,73,0,0,0,0
2026_03_LV_NO,3976,18,2026,3,no,lv,00-0038551,K.Miller,target,70,0,0,0,0
2026_03_LV_NO,4001,18,2026,3,no,lv,00-0041067,B.Lance,target,69,0,0,0,0
2026_03_LV_NO,4049,19,2026,3,lv,no,00-0040122,A.Jeanty,carry,4,1,1,1,0
2026_03_LV_NO,4071,19,2026,3,lv,no,00-0040122,A.Jeanty,carry,2,1,1,1,0
2026_03_LV_NO,4095,19,2026,3,lv,no,00-0039338,B.Bowers,target,4,1,1,1,1
2026_03_LV_NO,4166,20,2026,3,no,lv,00-0033906,A.Kamara,carry,76,0,0,0,0
2026_03_LV_NO,4188,20,2026,3,no,lv,00-0033906,A.Kamara,carry,65,0,0,0,0
2026_03_LV_NO,4210,20,2026,3,no,lv,00-0033906,A.Kamara,carry,62,0,0,0,0
2026_03_LV_NO,4232,20,2026,3,no,lv,00-0038551,K.Miller,carry,56,0,0,0,0
2026_03_LV_NO,4263,20,2026,3,no,lv,00-0036040,J.Johnson,target,51,0,0,0,0
2026_03_LV_NO,4298,20,2026,3,no,lv,00-0038551,K.Miller,target,29,0,0,0,0
2026_03_LV_NO,4333,20,2026,3,no,lv,00-0037239,C.Olave,target,29,0,0,0,0
2026_03_LV_NO,4358,20,2026,3,no,lv,00-0033906,A.Kamara,carry,20,1,0,0,0
2026_03_LV_NO,4437,21,2026,3,lv,no,00-0040122,A.Jeanty,carry,68,0,0,0,0
2026_03_LV_NO,4459,21,2026,3,lv,no,00-0040122,A.Jeanty,carry,56,0,0,0,0
2026_03_LV_NO,4493,21,2026,3,lv,no,00-0040122,A.Jeanty,carry,52,0,0,0,0
2026_03_LV_NO,4643,22,2026,3,no,lv,00-0036040,J.Johnson,target,75,0,0,0,0
2026_03_LV_NO,4668,22,2026,3,no,lv,00-0037239,C.Olave,target,79,0,0,0,0
2026_03_LV_NO,4698,22,2026,3,no,lv,00-0036040,J.Johnson,target,60,0,0,0,0
2026_03_MIN_TB,62,1,2026,3,min,tb,00-0036322,J.Jefferson,target,76,0,0,0,0
2026_03_MIN_TB,87,1,2026,3,min,tb,00-0033293,A.Jones,carry,54,0,0,0,0
2026_03_MIN_TB,109,1,2026,3,min,tb,00-0033293,A.Jones,carry,46,0,0,0,0
2026_03_MIN_TB,131,1,2026,3,min,tb,00-0033293,A.Jones,carry,37,0,0,0,0
2026_03_MIN_TB,153,1,2026,3,min,tb,00-0033293,A.Jones,carry,35,0,0,0,0
2026_03_MIN_TB,206,1,2026,3,min,tb,00-0036322,J.Jefferson,target,46,0,0,0,0
2026_03_MIN_TB,284,2,2026,3,tb,min,00-0039361,B.Irving,carry,60,0,0,0,0
2026_03_MIN_TB,306,2,2026,3,tb,min,00-0039361,B.Irving,carry,56,0,0,0,0
2026_03_MIN_TB,328,2,2026,3,tb,min,00-0039855,J.McMillan,target,55,0,0,0,0
2026_03_MIN_TB,437,3,2026,3,tb,min,00-0039361,B.Irving,target,80,0,0,0,0
2026_03_MIN_TB,472,3,2026,3,tb,min,00-0038129,C.Otton,target,80,0,0,0,0
2026_03_MIN_TB,509,3,2026,3,tb,min,00-0039361,B.Irving,carry,66,0,0,0,0
2026_03_MIN_TB,531,3,2026,3,tb,min,00-0039361,B.Irving,carry,58,0,0,0,0
2026_03_MIN_TB,564,3,2026,3,tb,min,00-0041048,T.Hurst,target,40,0,0,0,1
2026_03_MIN_TB,698,4,2026,3,min,tb,00-0035229,T.Hockenson,target,76,0,0,0,0
2026_03_MIN_TB,750,4,2026,3,min,tb,00-0041104,D.Claiborne,carry,59,0,0,0,0
2026_03_MIN_TB,779,4,2026,3,min,tb,00-0041104,D.Claiborne,carry,56,0,0,0,0
2026_03_MIN_TB,801,4,2026,3,min,tb,00-0040154,T.Felton,target,57,0,0,0,0
2026_03_MIN_TB,855,5,2026,3,tb,min,00-0039361,B.Irving,carry,75,0,0,0,0
2026_03_MIN_TB,889,5,2026,3,tb,min,00-0041048,T.Hurst,target,71,0,0,0,0
2026_03_MIN_TB,912,5,2026,3,tb,min,00-0040129,E.Egbuka,target,71,0,0,0,0
2026_03_MIN_TB,957,6,2026,3,min,tb,00-0033293,A.Jones,carry,81,0,0,0,0
2026_03_MIN_TB,992,6,2026,3,min,tb,00-0038994,J.Addison,target,80,0,0,0,0
2026_03_MIN_TB,1124,7,2026,3,tb,min,00-0033921,C.Godwin,target,67,0,0,0,0
2026_03_MIN_TB,1165,7,2026,3,tb,min,00-0033921,C.Godwin,target,67,0,0,0,0
2026_03_MIN_TB,1210,8,2026,3,min,tb,00-0033293,A.Jones,carry,87,0,0,0,0
2026_03_MIN_TB,1239,8,2026,3,min,tb,00-0033293,A.Jones,carry,82,0,0,0,0
2026_03_MIN_TB,1301,9,2026,3,tb,min,00-0039361,B.Irving,carry,52,0,0,0,0
2026_03_MIN_TB,1330,9,2026,3,tb,min,00-0039361,B.Irving,carry,47,0,0,0,0
2026_03_MIN_TB,1352,9,2026,3,tb,min,00-0038129,C.Otton,target,44,0,0,0,0
2026_03_MIN_TB,1446,9,2026,3,tb,min,00-0040129,E.Egbuka,target,27,0,0,0,0
2026_03_MIN_TB,1471,9,2026,3,tb,min,00-0039361,B.Irving,target,14,1,0,0,0
2026_03_MIN_TB,1502,9,2026,3,tb,min,00-0036919,K.Gainwell,target,10,1,1,0,0
2026_03_MIN_TB,1579,10,2026,3,min,tb,00-0038994,J.Addison,target,73,0,0,0,0
2026_03_MIN_TB,1614,10,2026,3,min,tb,00-0033293,A.Jones,target,43,0,0,0,0
2026_03_MIN_TB,1677,10,2026,3,min,tb,00-0033293,A.Jones,carry,43,0,0,0,0
2026_03_MIN_TB,1699,10,2026,3,min,tb,00-0038994,J.Addison,target,41,0,0,0,1
2026_03_MIN_TB,1774,11,2026,3,tb,min,00-0039361,B.Irving,carry,84,0,0,0,0
2026_03_MIN_TB,1840,11,2026,3,tb,min,00-0038129,C.Otton,target,74,0,0,0,0
2026_03_MIN_TB,1879,11,2026,3,tb,min,00-0038129,C.Otton,target,74,0,0,0,0
2026_03_MIN_TB,1945,12,2026,3,min,tb,00-0033293,A.Jones,carry,80,0,0,0,0
2026_03_MIN_TB,1967,12,2026,3,min,tb,00-0040154,T.Felton,target,74,0,0,0,0
2026_03_MIN_TB,1990,12,2026,3,min,tb,00-0038994,J.Addison,target,74,0,0,0,0
2026_03_MIN_TB,2033,13,2026,3,tb,min,00-0038129,C.Otton,target,77,0,0,0,0
2026_03_MIN_TB,2056,13,2026,3,tb,min,00-0040129,E.Egbuka,target,77,0,0,0,0
2026_03_MIN_TB,2101,13,2026,3,tb,min,00-0040237,T.Johnson,target,68,0,0,0,0
2026_03_MIN_TB,2133,13,2026,3,tb,min,00-0040237,T.Johnson,target,60,0,0,0,0
2026_03_MIN_TB,2230,14,2026,3,tb,min,00-0039361,B.Irving,carry,70,0,0,0,0
2026_03_MIN_TB,2252,14,2026,3,tb,min,00-0039361,B.Irving,target,67,0,0,0,0
2026_03_MIN_TB,2277,14,2026,3,tb,min,00-0039361,B.Irving,carry,59,0,0,0,0
2026_03_MIN_TB,2299,14,2026,3,tb,min,00-0039361,B.Irving,carry,56,0,0,0,0
2026_03_MIN_TB,2332,14,2026,3,tb,min,00-0040129,E.Egbuka,target,58,0,0,0,0
2026_03_MIN_TB,2375,15,2026,3,min,tb,00-0033293,A.Jones,carry,80,0,0,0,0
2026_03_MIN_TB,2404,15,2026,3,min,tb,00-0033293,A.Jones,carry,66,0,0,0,0
2026_03_MIN_TB,2449,15,2026,3,min,tb,00-0036259,J.Jennings,target,64,0,0,0,0
2026_03_MIN_TB,2516,16,2026,3,tb,min,00-0038129,C.Otton,target,86,0,0,0,0
2026_03_MIN_TB,2548,16,2026,3,tb,min,00-0040129,E.Egbuka,target,81,0,0,0,0
2026_03_MIN_TB,2571,16,2026,3,tb,min,00-0040129,E.Egbuka,target,81,0,0,0,0
2026_03_MIN_TB,2620,17,2026,3,min,tb,00-0041104,D.Claiborne,carry,68,0,0,0,0
2026_03_MIN_TB,2659,17,2026,3,min,tb,00-0035229,T.Hockenson,target,69,0,0,0,0
2026_03_MIN_TB,2682,17,2026,3,min,tb,00-0038994,J.Addison,target,69,0,0,0,0
2026_03_MIN_TB,2709,18,2026,3,tb,min,00-0039361,B.Irving,carry,22,0,0,0,0
2026_03_MIN_TB,2731,18,2026,3,tb,min,00-0039361,B.Irving,target,19,1,0,0,0
2026_03_MIN_TB,2880,19,2026,3,min,tb,00-0035229,T.Hockenson,target,77,0,0,0,0
2026_03_MIN_TB,2954,20,2026,3,tb,min,00-0039361,B.Irving,carry,66,0,0,0,0
2026_03_MIN_TB,3070,20,2026,3,tb,min,00-0036919,K.Gainwell,carry,92,0,0,0,0
2026_03_MIN_TB,3112,21,2026,3,min,tb,00-0033293,A.Jones,carry,61,0,0,0,0
2026_03_MIN_TB,3134,21,2026,3,min,tb,00-0033293,A.Jones,carry,59,0,0,0,0
2026_03_MIN_TB,3156,21,2026,3,min,tb,00-0038994,J.Addison,target,58,0,0,0,0
2026_03_MIN_TB,3199,22,2026,3,tb,min,00-0039361,B.Irving,carry,84,0,0,0,0
2026_03_MIN_TB,3221,22,2026,3,tb,min,00-0033921,C.Godwin,target,79,0,0,0,0
2026_03_MIN_TB,3317,23,2026,3,min,tb,00-0035229,T.Hockenson,target,75,0,0,0,0
2026_03_MIN_TB,3340,23,2026,3,min,tb,00-0038994,J.Addison,target,75,0,0,0,0
2026_03_MIN_TB,3399,23,2026,3,min,tb,00-0036259,J.Jennings,target,70,0,0,0,0
2026_03_MIN_TB,3442,24,2026,3,tb,min,00-0040129,E.Egbuka,target,66,0,0,0,0
2026_03_MIN_TB,3474,24,2026,3,tb,min,00-0039361,B.Irving,carry,45,0,0,0,0
2026_03_MIN_TB,3549,24,2026,3,tb,min,00-0040129,E.Egbuka,target,64,0,0,0,0
2026_03_MIN_TB,3585,24,2026,3,tb,min,00-0036919,K.Gainwell,carry,39,0,0,0,0
2026_03_MIN_TB,3607,24,2026,3,tb,min,00-0039050,P.Durham,target,45,0,0,0,0
2026_03_MIN_TB,3630,24,2026,3,tb,min,00-0033921,C.Godwin,target,45,0,0,0,0
2026_03_MIN_TB,3698,25,2026,3,min,tb,00-0033293,A.Jones,carry,55,0,0,0,0
2026_03_MIN_TB,3738,25,2026,3,min,tb,00-0038994,J.Addison,target,54,0,0,0,0
2026_03_MIN_TB,3786,25,2026,3,min,tb,00-0033293,A.Jones,target,44,0,0,0,0
2026_03_MIN_TB,3811,25,2026,3,min,tb,00-0033293,A.Jones,target,39,0,0,0,0
2026_03_MIN_TB,3836,25,2026,3,min,tb,00-0033293,A.Jones,carry,35,0,0,0,0
2026_03_MIN_TB,3889,25,2026,3,min,tb,00-0033293,A.Jones,target,37,0,0,0,0
2026_03_MIN_TB,3948,25,2026,3,min,tb,00-0038994,J.Addison,target,44,0,0,0,0
2026_03_MIN_TB,3984,25,2026,3,min,tb,00-0033293,A.Jones,target,49,0,0,0,0
2026_03_MIN_TB,4064,26,2026,3,tb,min,00-0036919,K.Gainwell,target,71,0,0,0,0
2026_03_MIN_TB,4094,26,2026,3,tb,min,00-0036919,K.Gainwell,carry,58,0,0,0,0
2026_03_MIN_TB,4116,26,2026,3,tb,min,00-0036919,K.Gainwell,target,62,0,0,0,0
2026_03_MIN_TB,4141,26,2026,3,tb,min,00-0040129,E.Egbuka,target,61,0,0,0,0
2026_03_MIN_TB,4171,26,2026,3,tb,min,00-0036919,K.Gainwell,target,61,0,0,0,0
2026_03_MIN_TB,4198,27,2026,3,min,tb,00-0033293,A.Jones,target,41,0,0,0,0
2026_03_MIN_TB,4226,27,2026,3,min,tb,00-0036425,D.Dallas,carry,29,0,0,0,0
2026_03_MIN_TB,4255,27,2026,3,min,tb,00-0033293,A.Jones,carry,27,0,0,0,0
2026_03_MIN_TB,4284,27,2026,3,min,tb,00-0033293,A.Jones,carry,26,0,0,0,0
2026_03_MIN_TB,4368,28,2026,3,tb,min,00-0041048,T.Hurst,target,69,0,0,0,0
2026_03_MIN_TB,4418,28,2026,3,tb,min,00-0036919,K.Gainwell,target,60,0,0,0,0
2026_03_NE_JAX,107,1,2026,3,jax,ne,00-0038935,B.Strange,target,94,0,0,0,0
2026_03_NE_JAX,132,1,2026,3,jax,ne,00-0041100,J.Cameron,target,86,0,0,0,0
2026_03_NE_JAX,199,2,2026,3,ne,jax,00-0036875,R.Stevenson,target,72,0,0,0,0
2026_03_NE_JAX,224,2,2026,3,ne,jax,00-0040734,T.Henderson,carry,70,0,0,0,0
2026_03_NE_JAX,246,2,2026,3,ne,jax,00-0033555,M.Hollins,target,67,0,0,0,0
2026_03_NE_JAX,294,2,2026,3,ne,jax,00-0040734,T.Henderson,carry,46,0,0,0,0
2026_03_NE_JAX,339,2,2026,3,ne,jax,00-0033090,H.Henry,target,45,0,0,0,0
2026_03_NE_JAX,382,3,2026,3,jax,ne,00-0040719,B.Tuten,carry,88,0,0,0,0
2026_03_NE_JAX,411,3,2026,3,jax,ne,00-0038935,B.Strange,target,76,0,0,0,0
2026_03_NE_JAX,436,3,2026,3,jax,ne,00-0034960,J.Meyers,target,75,0,0,0,0
2026_03_NE_JAX,461,3,2026,3,jax,ne,00-0040238,L.Allen,target,70,0,0,0,0
2026_03_NE_JAX,512,4,2026,3,ne,jax,00-0036875,R.Stevenson,carry,71,0,0,0,0
2026_03_NE_JAX,563,4,2026,3,ne,jax,00-0033555,M.Hollins,target,58,0,0,0,0
2026_03_NE_JAX,586,4,2026,3,ne,jax,00-0033555,M.Hollins,target,58,0,0,0,0
2026_03_NE_JAX,621,4,2026,3,ne,jax,00-0040734,T.Henderson,carry,45,0,0,0,0
2026_03_NE_JAX,643,4,2026,3,ne,jax,00-0040734,T.Henderson,carry,41,0,0,0,0
2026_03_NE_JAX,665,4,2026,3,ne,jax,00-0036875,R.Stevenson,carry,37,0,0,0,0
2026_03_NE_JAX,721,5,2026,3,jax,ne,00-0040719,B.Tuten,target,62,0,0,0,0
2026_03_NE_JAX,762,5,2026,3,jax,ne,00-0038611,C.Rodriguez,carry,60,0,0,0,0
2026_03_NE_JAX,784,5,2026,3,jax,ne,00-0038606,P.Washington,target,57,0,0,0,0
2026_03_NE_JAX,809,5,2026,3,jax,ne,00-0040719,B.Tuten,carry,39,0,0,0,0
2026_03_NE_JAX,831,5,2026,3,jax,ne,00-0040719,B.Tuten,carry,38,0,0,0,0
2026_03_NE_JAX,853,5,2026,3,jax,ne,00-0038611,C.Rodriguez,carry,30,0,0,0,0
2026_03_NE_JAX,897,5,2026,3,jax,ne,00-0039893,Bri.Thomas,target,23,0,0,0,0
2026_03_NE_JAX,922,5,2026,3,jax,ne,00-0040719,B.Tuten,carry,15,1,0,0,0
2026_03_NE_JAX,944,5,2026,3,jax,ne,00-0032104,A.Abdullah,target,12,1,0,0,0
2026_03_NE_JAX,967,5,2026,3,jax,ne,00-0041100,J.Cameron,target,12,1,0,0,1
2026_03_NE_JAX,1049,6,2026,3,ne,jax,00-0040734,T.Henderson,target,80,0,0,0,0
2026_03_NE_JAX,1074,6,2026,3,ne,jax,00-0040734,T.Henderson,carry,74,0,0,0,0
2026_03_NE_JAX,1134,7,2026,3,jax,ne,00-0038935,B.Strange,target,80,0,0,0,0
2026_03_NE_JAX,1243,8,2026,3,ne,jax,00-0033555,M.Hollins,target,41,0,0,0,0
2026_03_NE_JAX,1268,8,2026,3,ne,jax,00-0037816,R.Doubs,target,25,0,0,0,0
2026_03_NE_JAX,1298,8,2026,3,ne,jax,00-0033555,M.Hollins,target,17,1,0,0,0
2026_03_NE_JAX,1368,9,2026,3,jax,ne,00-0038606,P.Washington,target,65,0,0,0,0
2026_03_NE_JAX,1398,9,2026,3,jax,ne,00-0040719,B.Tuten,carry,60,0,0,0,0
2026_03_NE_JAX,1420,9,2026,3,jax,ne,00-0040719,B.Tuten,carry,53,0,0,0,0
2026_03_NE_JAX,1442,9,2026,3,jax,ne,00-0038935,B.Strange,target,44,0,0,0,0
2026_03_NE_JAX,1467,9,2026,3,jax,ne,00-0040719,B.Tuten,carry,21,0,0,0,0
2026_03_NE_JAX,1497,9,2026,3,jax,ne,00-0040719,B.Tuten,carry,15,1,0,0,0
2026_03_NE_JAX,1519,9,2026,3,jax,ne,00-0038611,C.Rodriguez,carry,13,1,0,0,0
2026_03_NE_JAX,1541,9,2026,3,jax,ne,00-0041503,N.Boerkircher,target,10,1,1,0,0
2026_03_NE_JAX,1569,9,2026,3,jax,ne,00-0034960,J.Meyers,target,10,1,1,0,1
2026_03_NE_JAX,1643,10,2026,3,ne,jax,00-0040734,T.Henderson,carry,72,0,0,0,0
2026_03_NE_JAX,1667,10,2026,3,ne,jax,00-0038621,D.Douglas,target,71,0,0,0,0
2026_03_NE_JAX,1692,10,2026,3,ne,jax,00-0038621,D.Douglas,target,33,0,0,0,0
2026_03_NE_JAX,1727,10,2026,3,ne,jax,00-0038621,D.Douglas,target,33,0,0,0,0
2026_03_NE_JAX,1784,10,2026,3,ne,jax,00-0040734,T.Henderson,carry,28,0,0,0,0
2026_03_NE_JAX,1830,10,2026,3,ne,jax,00-0040734,T.Henderson,carry,18,1,0,0,0
2026_03_NE_JAX,1881,10,2026,3,ne,jax,00-0039851,D.Maye,carry,5,1,1,1,0
2026_03_NE_JAX,1953,10,2026,3,ne,jax,00-0036875,R.Stevenson,carry,4,1,1,1,0
2026_03_NE_JAX,1984,10,2026,3,ne,jax,00-0040563,E.Chism,target,2,1,1,1,0
2026_03_NE_JAX,2099,11,2026,3,jax,ne,00-0034960,J.Meyers,target,69,0,0,0,0
2026_03_NE_JAX,2122,11,2026,3,jax,ne,00-0034960,J.Meyers,target,69,0,0,0,0
2026_03_NE_JAX,2147,11,2026,3,jax,ne,00-0040238,L.Allen,target,59,0,0,0,0
2026_03_NE_JAX,2315,12,2026,3,ne,jax,00-0036875,R.Stevenson,carry,62,0,0,0,0
2026_03_NE_JAX,2337,12,2026,3,ne,jax,00-0033090,H.Henry,target,58,0,0,0,0
2026_03_NE_JAX,2367,12,2026,3,ne,jax,00-0039851,D.Maye,carry,53,0,0,0,0
2026_03_NE_JAX,2390,12,2026,3,ne,jax,00-0036875,R.Stevenson,carry,53,0,0,0,0
2026_03_NE_JAX,2447,12,2026,3,ne,jax,00-0036875,R.Stevenson,target,40,0,0,0,0
2026_03_NE_JAX,2477,12,2026,3,ne,jax,00-0036875,R.Stevenson,carry,28,0,0,0,0
2026_03_NE_JAX,2501,12,2026,3,ne,jax,00-0036875,R.Stevenson,carry,24,0,0,0,0
2026_03_NE_JAX,2523,12,2026,3,ne,jax,00-0036875,R.Stevenson,target,22,0,0,0,0
2026_03_NE_JAX,2548,12,2026,3,ne,jax,00-0037816,R.Doubs,target,20,1,0,0,0
2026_03_NE_JAX,2592,13,2026,3,jax,ne,00-0040719,B.Tuten,carry,72,0,0,0,0
2026_03_NE_JAX,2621,13,2026,3,jax,ne,00-0040719,B.Tuten,target,68,0,0,0,0
2026_03_NE_JAX,2651,13,2026,3,jax,ne,00-0038611,C.Rodriguez,carry,53,0,0,0,0
2026_03_NE_JAX,2697,13,2026,3,jax,ne,00-0038935,B.Strange,target,43,0,0,0,0
2026_03_NE_JAX,2720,13,2026,3,jax,ne,00-0038611,C.Rodriguez,carry,43,0,0,0,0
2026_03_NE_JAX,2742,13,2026,3,jax,ne,00-0036971,T.Lawrence,carry,34,0,0,0,0
2026_03_NE_JAX,2764,13,2026,3,jax,ne,00-0038611,C.Rodriguez,carry,32,0,0,0,0
2026_03_NE_JAX,2786,13,2026,3,jax,ne,00-0034960,J.Meyers,target,30,0,0,0,0
2026_03_NE_JAX,2811,13,2026,3,jax,ne,00-0034960,J.Meyers,target,31,0,0,0,0
2026_03_NE_JAX,2836,13,2026,3,jax,ne,00-0038611,C.Rodriguez,carry,17,1,0,0,0
2026_03_NE_JAX,2878,13,2026,3,jax,ne,00-0034960,J.Meyers,target,18,1,0,0,0
2026_03_NE_JAX,2945,13,2026,3,jax,ne,00-0038606,P.Washington,target,7,1,1,0,0
2026_03_NE_JAX,2968,13,2026,3,jax,ne,00-0038606,P.Washington,target,7,1,1,0,0
2026_03_NE_JAX,3028,13,2026,3,jax,ne,00-0038606,P.Washington,target,17,1,0,0,1
2026_03_NE_JAX,3110,14,2026,3,ne,jax,00-0040131,K.Williams,target,73,0,0,0,0
2026_03_NE_JAX,3137,15,2026,3,jax,ne,00-0038611,C.Rodriguez,carry,5,1,1,1,1
2026_03_NE_JAX,3235,16,2026,3,ne,jax,00-0033555,M.Hollins,target,99,0,0,0,0
2026_03_NE_JAX,3288,16,2026,3,ne,jax,00-0033555,M.Hollins,target,89,0,0,0,0
2026_03_NE_JAX,3329,16,2026,3,ne,jax,00-0037816,R.Doubs,target,71,0,0,0,0
2026_03_NE_JAX,3354,16,2026,3,ne,jax,00-0040131,K.Williams,target,50,0,0,0,0
2026_03_NE_JAX,3385,16,2026,3,ne,jax,00-0033555,M.Hollins,target,16,1,0,0,0
2026_03_NE_JAX,3408,16,2026,3,ne,jax,00-0038621,D.Douglas,target,16,1,0,0,0
2026_03_NE_JAX,3434,16,2026,3,ne,jax,00-0033555,M.Hollins,target,16,1,0,0,0
2026_03_NE_JAX,3538,17,2026,3,jax,ne,00-0040719,B.Tuten,carry,49,0,0,0,0
2026_03_NE_JAX,3565,17,2026,3,jax,ne,00-0040719,B.Tuten,carry,43,0,0,0,0
2026_03_NE_JAX,3592,17,2026,3,jax,ne,00-0040719,B.Tuten,carry,38,0,0,0,0
2026_03_NE_JAX,3614,17,2026,3,jax,ne,00-0034960,J.Meyers,target,35,0,0,0,0
2026_03_NE_JAX,3644,17,2026,3,jax,ne,00-0040719,B.Tuten,carry,22,0,0,0,0
2026_03_NE_JAX,3666,17,2026,3,jax,ne,00-0040719,B.Tuten,carry,19,1,0,0,0
2026_03_NE_JAX,3688,17,2026,3,jax,ne,00-0036971,T.Lawrence,carry,16,1,0,0,0
2026_03_NE_JAX,3710,17,2026,3,jax,ne,00-0040719,B.Tuten,carry,1,1,1,1,1
2026_03_NE_JAX,3785,18,2026,3,ne,jax,00-0040556,C.Kiner,carry,73,0,0,0,0
2026_03_NE_JAX,3807,18,2026,3,ne,jax,00-0040556,C.Kiner,carry,66,0,0,0,0
2026_03_NE_JAX,3851,18,2026,3,ne,jax,00-0040556,C.Kiner,carry,59,0,0,0,0
2026_03_NE_JAX,3873,18,2026,3,ne,jax,00-0037816,R.Doubs,target,59,0,0,0,0
2026_03_NE_JAX,3898,18,2026,3,ne,jax,00-0040556,C.Kiner,carry,39,0,0,0,0
2026_03_NE_JAX,3920,18,2026,3,ne,jax,00-0040556,C.Kiner,target,37,0,0,0,0
2026_03_NE_JAX,3945,18,2026,3,ne,jax,00-0040556,C.Kiner,carry,28,0,0,0,0
2026_03_NE_JAX,3967,18,2026,3,ne,jax,00-0040563,E.Chism,target,26,0,0,0,0
2026_03_NE_JAX,3997,18,2026,3,ne,jax,00-0040131,K.Williams,target,25,0,0,0,0
2026_03_NE_JAX,4020,18,2026,3,ne,jax,00-0038621,D.Douglas,target,25,0,0,0,0
2026_03_NE_JAX,4043,19,2026,3,jax,ne,00-0032104,A.Abdullah,carry,75,0,0,0,0
2026_03_NE_JAX,4065,19,2026,3,jax,ne,00-0032104,A.Abdullah,carry,72,0,0,0,0
2026_03_NE_JAX,4094,19,2026,3,jax,ne,00-0032104,A.Abdullah,carry,75,0,0,0,0
2026_03_NE_JAX,4154,20,2026,3,ne,jax,00-0040556,C.Kiner,carry,60,0,0,0,0
2026_03_NYJ_DET,63,1,2026,3,nyj,det,00-0037740,G.Wilson,target,69,0,0,0,0
2026_03_NYJ_DET,88,1,2026,3,nyj,det,00-0038120,B.Hall,carry,63,0,0,0,0
2026_03_NYJ_DET,152,2,2026,3,det,nyj,00-0037240,J.Williams,target,87,0,0,0,0
2026_03_NYJ_DET,182,2,2026,3,det,nyj,00-0039065,S.LaPorta,target,73,0,0,0,0
2026_03_NYJ_DET,207,2,2026,3,det,nyj,00-0036963,A.St. Brown,target,65,0,0,0,0
2026_03_NYJ_DET,230,2,2026,3,det,nyj,00-0036754,B.Wright,target,65,0,0,0,0
2026_03_NYJ_DET,255,2,2026,3,det,nyj,00-0039139,J.Gibbs,carry,60,0,0,0,0
2026_03_NYJ_DET,279,2,2026,3,det,nyj,00-0037240,J.Williams,target,57,0,0,0,0
2026_03_NYJ_DET,309,2,2026,3,det,nyj,00-0039139,J.Gibbs,target,52,0,0,0,0
2026_03_NYJ_DET,334,2,2026,3,det,nyj,00-0039364,S.Vaki,carry,45,0,0,0,0
2026_03_NYJ_DET,356,2,2026,3,det,nyj,00-0039139,J.Gibbs,target,42,0,0,0,0
2026_03_NYJ_DET,424,3,2026,3,nyj,det,00-0037805,J.Ruckert,target,91,0,0,0,0
2026_03_NYJ_DET,458,3,2026,3,nyj,det,00-0038120,B.Hall,carry,84,0,0,0,0
2026_03_NYJ_DET,480,3,2026,3,nyj,det,00-0037805,J.Ruckert,target,78,0,0,0,0
2026_03_NYJ_DET,505,3,2026,3,nyj,det,00-0038120,B.Hall,carry,71,0,0,0,0
2026_03_NYJ_DET,527,3,2026,3,nyj,det,00-0038120,B.Hall,target,68,0,0,0,0
2026_03_NYJ_DET,552,3,2026,3,nyj,det,00-0041032,K.Sadiq,target,61,0,0,0,0
2026_03_NYJ_DET,577,3,2026,3,nyj,det,00-0032385,S.Shepard,target,56,0,0,0,0
2026_03_NYJ_DET,602,3,2026,3,nyj,det,00-0037740,G.Wilson,target,53,0,0,0,0
2026_03_NYJ_DET,666,4,2026,3,det,nyj,00-0039139,J.Gibbs,carry,71,0,0,0,0
2026_03_NYJ_DET,707,4,2026,3,det,nyj,00-0036963,A.St. Brown,target,69,0,0,0,0
2026_03_NYJ_DET,732,4,2026,3,det,nyj,00-0036963,A.St. Brown,target,53,0,0,0,0
2026_03_NYJ_DET,775,4,2026,3,det,nyj,00-0036963,A.St. Brown,target,62,0,0,0,0
2026_03_NYJ_DET,834,5,2026,3,nyj,det,00-0041032,K.Sadiq,target,80,0,0,0,0
2026_03_NYJ_DET,869,5,2026,3,nyj,det,00-0037740,G.Wilson,target,80,0,0,0,0
2026_03_NYJ_DET,916,5,2026,3,nyj,det,00-0037740,G.Wilson,target,85,0,0,0,0
2026_03_NYJ_DET,987,6,2026,3,det,nyj,00-0039139,J.Gibbs,carry,61,0,0,0,0
2026_03_NYJ_DET,1009,6,2026,3,det,nyj,00-0039139,J.Gibbs,carry,52,0,0,0,0
2026_03_NYJ_DET,1036,6,2026,3,det,nyj,00-0039139,J.Gibbs,target,46,0,0,0,0
2026_03_NYJ_DET,1061,6,2026,3,det,nyj,00-0039364,S.Vaki,carry,33,0,0,0,0
2026_03_NYJ_DET,1083,6,2026,3,det,nyj,00-0039139,J.Gibbs,target,26,0,0,0,0
2026_03_NYJ_DET,1108,6,2026,3,det,nyj,00-0039139,J.Gibbs,carry,14,1,0,0,0
2026_03_NYJ_DET,1130,6,2026,3,det,nyj,00-0039139,J.Gibbs,carry,10,1,1,0,0
2026_03_NYJ_DET,1163,6,2026,3,det,nyj,00-0036963,A.St. Brown,target,12,1,0,0,0
2026_03_NYJ_DET,1238,7,2026,3,nyj,det,00-0038120,B.Hall,carry,74,0,0,0,0
2026_03_NYJ_DET,1265,7,2026,3,nyj,det,00-0038120,B.Hall,carry,69,0,0,0,0
2026_03_NYJ_DET,1287,7,2026,3,nyj,det,00-0038120,B.Hall,target,70,0,0,0,0
2026_03_NYJ_DET,1312,7,2026,3,nyj,det,00-0037805,J.Ruckert,target,58,0,0,0,0
2026_03_NYJ_DET,1342,7,2026,3,nyj,det,00-0037755,J.Woods,target,42,0,0,0,0
2026_03_NYJ_DET,1367,7,2026,3,nyj,det,00-0038120,B.Hall,carry,22,0,0,0,0
2026_03_NYJ_DET,1389,7,2026,3,nyj,det,00-0041032,K.Sadiq,target,24,0,0,0,1
2026_03_NYJ_DET,1460,8,2026,3,det,nyj,00-0039065,S.LaPorta,target,53,0,0,0,0
2026_03_NYJ_DET,1485,8,2026,3,det,nyj,00-0039364,S.Vaki,carry,45,0,0,0,0
2026_03_NYJ_DET,1507,8,2026,3,det,nyj,00-0040669,I.TeSlaa,target,40,0,0,0,0
2026_03_NYJ_DET,1532,8,2026,3,det,nyj,00-0036963,A.St. Brown,target,28,0,0,0,0
2026_03_NYJ_DET,1555,8,2026,3,det,nyj,00-0039139,J.Gibbs,carry,28,0,0,0,0
2026_03_NYJ_DET,1577,8,2026,3,det,nyj,00-0039364,S.Vaki,carry,21,0,0,0,0
2026_03_NYJ_DET,1600,8,2026,3,det,nyj,00-0036963,A.St. Brown,target,17,1,0,0,0
2026_03_NYJ_DET,1625,8,2026,3,det,nyj,00-0039139,J.Gibbs,target,18,1,0,0,0
2026_03_NYJ_DET,1657,8,2026,3,det,nyj,00-0039065,S.LaPorta,target,9,1,1,0,0
2026_03_NYJ_DET,1689,8,2026,3,det,nyj,00-0040669,I.TeSlaa,target,9,1,1,0,0
2026_03_NYJ_DET,1744,8,2026,3,det,nyj,00-0036963,A.St. Brown,target,4,1,1,1,1
2026_03_NYJ_DET,1809,9,2026,3,nyj,det,00-0037740,G.Wilson,target,65,0,0,0,0
2026_03_NYJ_DET,1846,9,2026,3,nyj,det,00-0038120,B.Hall,carry,54,0,0,0,0
2026_03_NYJ_DET,1868,9,2026,3,nyj,det,00-0038120,B.Hall,target,49,0,0,0,0
2026_03_NYJ_DET,1893,9,2026,3,nyj,det,00-0038120,B.Hall,carry,45,0,0,0,0
2026_03_NYJ_DET,1958,9,2026,3,nyj,det,00-0041032,K.Sadiq,target,53,0,0,0,0
2026_03_NYJ_DET,2017,9,2026,3,nyj,det,00-0039451,I.Williams,target,55,0,0,0,0
2026_03_NYJ_DET,2117,10,2026,3,det,nyj,00-0040390,J.Meeks,target,80,0,0,0,0
2026_03_NYJ_DET,2142,10,2026,3,det,nyj,00-0039139,J.Gibbs,carry,72,0,0,0,0
2026_03_NYJ_DET,2166,10,2026,3,det,nyj,00-0039065,S.LaPorta,target,69,0,0,0,0
2026_03_NYJ_DET,2196,10,2026,3,det,nyj,00-0039139,J.Gibbs,target,41,0,0,0,0
2026_03_NYJ_DET,2221,10,2026,3,det,nyj,00-0039139,J.Gibbs,carry,34,0,0,0,0
2026_03_NYJ_DET,2265,10,2026,3,det,nyj,00-0039139,J.Gibbs,carry,17,1,0,0,1
2026_03_NYJ_DET,2333,11,2026,3,nyj,det,00-0038120,B.Hall,carry,68,0,0,0,0
2026_03_NYJ_DET,2382,11,2026,3,nyj,det,00-0037740,G.Wilson,target,55,0,0,0,0
2026_03_NYJ_DET,2407,11,2026,3,nyj,det,00-0038120,B.Hall,carry,23,0,0,0,0
2026_03_NYJ_DET,2429,11,2026,3,nyj,det,00-0039794,B.Allen,carry,11,1,0,0,0
2026_03_NYJ_DET,2554,12,2026,3,det,nyj,00-0036754,B.Wright,target,62,0,0,0,0
2026_03_NYJ_DET,2579,12,2026,3,det,nyj,00-0039139,J.Gibbs,carry,60,0,0,0,0
2026_03_NYJ_DET,2601,12,2026,3,det,nyj,00-0039139,J.Gibbs,carry,54,0,0,0,0
2026_03_NYJ_DET,2623,12,2026,3,det,nyj,00-0039139,J.Gibbs,carry,51,0,0,0,0
2026_03_NYJ_DET,2705,12,2026,3,det,nyj,00-0039139,J.Gibbs,carry,46,0,0,0,0
2026_03_NYJ_DET,2727,12,2026,3,det,nyj,00-0039139,J.Gibbs,carry,40,0,0,0,0
2026_03_NYJ_DET,2770,12,2026,3,det,nyj,00-0037240,J.Williams,target,42,0,0,0,0
2026_03_NYJ_DET,2800,12,2026,3,det,nyj,00-0037240,J.Williams,target,21,0,0,0,0
2026_03_NYJ_DET,2825,12,2026,3,det,nyj,00-0039139,J.Gibbs,carry,12,1,0,0,0
2026_03_NYJ_DET,2847,12,2026,3,det,nyj,00-0039139,J.Gibbs,carry,4,1,1,1,0
2026_03_NYJ_DET,2889,12,2026,3,det,nyj,00-0039139,J.Gibbs,carry,1,1,1,1,1
2026_03_NYJ_DET,2966,13,2026,3,nyj,det,00-0041032,K.Sadiq,target,80,0,0,0,0
2026_03_NYJ_DET,2991,13,2026,3,nyj,det,00-0037740,G.Wilson,target,77,0,0,0,0
2026_03_NYJ_DET,3014,13,2026,3,nyj,det,00-0039451,I.Williams,target,77,0,0,0,0
2026_03_NYJ_DET,3057,13,2026,3,nyj,det,00-0041032,K.Sadiq,target,56,0,0,0,0
2026_03_NYJ_DET,3099,13,2026,3,nyj,det,00-0038120,B.Hall,carry,13,1,0,0,0
2026_03_NYJ_DET,3186,13,2026,3,nyj,det,00-0038120,B.Hall,carry,4,1,1,1,0
2026_03_NYJ_DET,3210,13,2026,3,nyj,det,00-0038120,B.Hall,carry,4,1,1,1,0
2026_03_NYJ_DET,3240,13,2026,3,nyj,det,00-0037805,J.Ruckert,target,4,1,1,1,1
2026_03_NYJ_DET,3310,14,2026,3,det,nyj,00-0039364,S.Vaki,target,65,0,0,0,0
2026_03_NYJ_DET,3335,14,2026,3,det,nyj,00-0039364,S.Vaki,carry,54,0,0,0,0
2026_03_NYJ_DET,3359,14,2026,3,det,nyj,00-0039364,S.Vaki,carry,49,0,0,0,0
2026_03_NYJ_DET,3403,14,2026,3,det,nyj,00-0039139,J.Gibbs,carry,45,0,0,0,0
2026_03_NYJ_DET,3436,15,2026,3,nyj,det,00-0039794,B.Allen,carry,54,0,0,0,0
2026_03_NYJ_DET,3465,15,2026,3,nyj,det,00-0037740,G.Wilson,target,52,0,0,0,0
2026_03_NYJ_DET,3495,15,2026,3,nyj,det,00-0037740,G.Wilson,target,48,0,0,0,0
2026_03_NYJ_DET,3520,15,2026,3,nyj,det,00-0037740,G.Wilson,target,42,0,0,0,0
2026_03_NYJ_DET,3550,15,2026,3,nyj,det,00-0039794,B.Allen,carry,27,0,0,0,0
2026_03_NYJ_DET,3572,15,2026,3,nyj,det,00-0039794,B.Allen,carry,20,1,0,0,0
2026_03_NYJ_DET,3594,15,2026,3,nyj,det,00-0039794,B.Allen,target,19,1,0,0,0
2026_03_NYJ_DET,3619,15,2026,3,nyj,det,00-0037740,G.Wilson,target,23,0,0,0,1
2026_03_NYJ_DET,3745,16,2026,3,det,nyj,00-0040669,I.TeSlaa,target,65,0,0,0,0
2026_03_NYJ_DET,3770,16,2026,3,det,nyj,00-0039139,J.Gibbs,carry,16,1,0,0,0
2026_03_NYJ_DET,3792,16,2026,3,det,nyj,00-0039139,J.Gibbs,target,17,1,0,0,0
2026_03_NYJ_DET,3817,16,2026,3,det,nyj,00-0039139,J.Gibbs,target,11,1,0,0,1
2026_03_NYJ_DET,3888,17,2026,3,nyj,det,00-0041032,K.Sadiq,target,69,0,0,0,0
2026_03_NYJ_DET,3913,17,2026,3,nyj,det,00-0039794,B.Allen,target,54,0,0,0,0
2026_03_NYJ_DET,3950,17,2026,3,nyj,det,00-0041032,K.Sadiq,target,54,0,0,0,0
2026_03_NYJ_DET,3980,17,2026,3,nyj,det,00-0037740,G.Wilson,target,47,0,0,0,0
2026_03_NYJ_DET,4005,17,2026,3,nyj,det,00-0039794,B.Allen,target,40,0,0,0,0
2026_03_NYJ_DET,4030,17,2026,3,nyj,det,00-0037805,J.Ruckert,target,33,0,0,0,0
2026_03_NYJ_DET,4060,17,2026,3,nyj,det,00-0037740,G.Wilson,target,28,0,0,0,0
2026_03_PHI_CHI,63,1,2026,3,chi,phi,00-0040735,L.Burden,target,66,0,0,0,0
2026_03_PHI_CHI,93,1,2026,3,chi,phi,00-0040126,C.Loveland,target,59,0,0,0,0
2026_03_PHI_CHI,118,1,2026,3,chi,phi,00-0036275,D.Swift,carry,55,0,0,0,0
2026_03_PHI_CHI,140,1,2026,3,chi,phi,00-0032464,K.Raymond,target,51,0,0,0,0
2026_03_PHI_CHI,165,1,2026,3,chi,phi,00-0036275,D.Swift,carry,41,0,0,0,0
2026_03_PHI_CHI,187,1,2026,3,chi,phi,00-0036290,C.Kmet,target,32,0,0,0,0
2026_03_PHI_CHI,224,1,2026,3,chi,phi,00-0036275,D.Swift,carry,32,0,0,0,0
2026_03_PHI_CHI,246,1,2026,3,chi,phi,00-0041558,S.Roush,target,32,0,0,0,0
2026_03_PHI_CHI,271,1,2026,3,chi,phi,00-0040735,L.Burden,carry,16,1,0,0,0
2026_03_PHI_CHI,293,1,2026,3,chi,phi,00-0036275,D.Swift,carry,9,1,1,0,0
2026_03_PHI_CHI,315,1,2026,3,chi,phi,00-0040735,L.Burden,target,8,1,1,0,1
2026_03_PHI_CHI,386,2,2026,3,phi,chi,00-0040867,M.Lemon,target,75,0,0,0,0
2026_03_PHI_CHI,411,2,2026,3,phi,chi,00-0034844,S.Barkley,carry,56,0,0,0,0
2026_03_PHI_CHI,438,2,2026,3,phi,chi,00-0034844,S.Barkley,carry,44,0,0,0,0
2026_03_PHI_CHI,494,2,2026,3,phi,chi,00-0033246,J.Mundt,target,50,0,0,0,0
2026_03_PHI_CHI,538,3,2026,3,chi,phi,00-0036275,D.Swift,carry,84,0,0,0,0
2026_03_PHI_CHI,567,3,2026,3,chi,phi,00-0036275,D.Swift,carry,82,0,0,0,0
2026_03_PHI_CHI,589,3,2026,3,chi,phi,00-0036275,D.Swift,target,76,0,0,0,0
2026_03_PHI_CHI,614,3,2026,3,chi,phi,00-0040735,L.Burden,target,72,0,0,0,0
2026_03_PHI_CHI,673,3,2026,3,chi,phi,00-0040236,K.Monangai,carry,54,0,0,0,0
2026_03_PHI_CHI,695,3,2026,3,chi,phi,00-0041051,Z.Thomas,target,51,0,0,0,0
2026_03_PHI_CHI,720,3,2026,3,chi,phi,00-0039919,R.Odunze,target,50,0,0,0,0
2026_03_PHI_CHI,763,4,2026,3,phi,chi,00-0034844,S.Barkley,target,80,0,0,0,0
2026_03_PHI_CHI,837,4,2026,3,phi,chi,00-0038555,T.Bigsby,target,90,0,0,0,0
2026_03_PHI_CHI,878,5,2026,3,chi,phi,00-0036275,D.Swift,carry,15,1,0,0,0
2026_03_PHI_CHI,924,5,2026,3,chi,phi,00-0040735,L.Burden,target,17,1,0,0,0
2026_03_PHI_CHI,1003,5,2026,3,chi,phi,00-0040126,C.Loveland,target,6,1,1,0,0
2026_03_PHI_CHI,1064,5,2026,3,chi,phi,00-0036275,D.Swift,carry,1,1,1,1,0
2026_03_PHI_CHI,1086,5,2026,3,chi,phi,00-0039919,R.Odunze,target,3,1,1,1,0
2026_03_PHI_CHI,1109,5,2026,3,chi,phi,00-0040735,L.Burden,target,3,1,1,1,0
2026_03_PHI_CHI,1163,6,2026,3,phi,chi,00-0034844,S.Barkley,carry,98,0,0,0,0
2026_03_PHI_CHI,1185,6,2026,3,phi,chi,00-0034844,S.Barkley,carry,91,0,0,0,0
2026_03_PHI_CHI,1212,6,2026,3,phi,chi,00-0036912,D.Smith,target,88,0,0,0,0
2026_03_PHI_CHI,1276,6,2026,3,phi,chi,00-0034844,S.Barkley,carry,54,0,0,0,0
2026_03_PHI_CHI,1298,6,2026,3,phi,chi,00-0034844,S.Barkley,carry,46,0,0,0,0
2026_03_PHI_CHI,1320,6,2026,3,phi,chi,00-0036912,D.Smith,target,43,0,0,0,0
2026_03_PHI_CHI,1345,6,2026,3,phi,chi,00-0034844,S.Barkley,carry,38,0,0,0,0
2026_03_PHI_CHI,1372,6,2026,3,phi,chi,00-0034844,S.Barkley,carry,21,0,0,0,0
2026_03_PHI_CHI,1432,6,2026,3,phi,chi,00-0034844,S.Barkley,carry,15,1,0,0,0
2026_03_PHI_CHI,1467,6,2026,3,phi,chi,00-0034844,S.Barkley,carry,1,1,1,1,0
2026_03_PHI_CHI,1491,6,2026,3,phi,chi,00-0034844,S.Barkley,carry,2,1,1,1,0
2026_03_PHI_CHI,1513,6,2026,3,phi,chi,00-0038393,D.Wicks,target,2,1,1,1,0
2026_03_PHI_CHI,1541,7,2026,3,chi,phi,00-0040735,L.Burden,target,80,0,0,0,0
2026_03_PHI_CHI,1578,7,2026,3,chi,phi,00-0039919,R.Odunze,target,55,0,0,0,0
2026_03_PHI_CHI,1608,7,2026,3,chi,phi,00-0036275,D.Swift,target,33,0,0,0,0
2026_03_PHI_CHI,1633,7,2026,3,chi,phi,00-0032464,K.Raymond,target,33,0,0,0,0
2026_03_PHI_CHI,1661,7,2026,3,chi,phi,00-0039919,R.Odunze,target,33,0,0,0,0
2026_03_PHI_CHI,1686,7,2026,3,chi,phi,00-0040236,K.Monangai,carry,18,1,0,0,0
2026_03_PHI_CHI,1708,7,2026,3,chi,phi,00-0032464,K.Raymond,target,20,1,0,0,0
2026_03_PHI_CHI,1733,7,2026,3,chi,phi,00-0040236,K.Monangai,carry,7,1,1,0,0
2026_03_PHI_CHI,1755,7,2026,3,chi,phi,00-0036275,D.Swift,carry,9,1,1,0,0
2026_03_PHI_CHI,1794,7,2026,3,chi,phi,00-0040735,L.Burden,target,11,1,0,0,0
2026_03_PHI_CHI,1874,8,2026,3,phi,chi,00-0038393,D.Wicks,target,67,0,0,0,0
2026_03_PHI_CHI,1904,8,2026,3,phi,chi,00-0036912,D.Smith,target,54,0,0,0,0
2026_03_PHI_CHI,1932,8,2026,3,phi,chi,00-0036912,D.Smith,target,49,0,0,0,0
2026_03_PHI_CHI,1957,8,2026,3,phi,chi,00-0030061,Z.Ertz,target,19,1,0,0,0
2026_03_PHI_CHI,1982,8,2026,3,phi,chi,00-0038393,D.Wicks,target,10,1,1,0,0
2026_03_PHI_CHI,2034,8,2026,3,phi,chi,00-0036912,D.Smith,target,9,1,1,0,0
2026_03_PHI_CHI,2066,8,2026,3,phi,chi,00-0036389,J.Hurts,carry,1,1,1,1,1
2026_03_PHI_CHI,2161,9,2026,3,phi,chi,00-0034844,S.Barkley,carry,80,0,0,0,0
2026_03_PHI_CHI,2183,9,2026,3,phi,chi,00-0034844,S.Barkley,target,73,0,0,0,0
2026_03_PHI_CHI,2208,9,2026,3,phi,chi,00-0030061,Z.Ertz,target,75,0,0,0,0
2026_03_PHI_CHI,2251,10,2026,3,chi,phi,00-0036275,D.Swift,carry,68,0,0,0,0
2026_03_PHI_CHI,2280,10,2026,3,chi,phi,00-0040126,C.Loveland,target,59,0,0,0,0
2026_03_PHI_CHI,2310,10,2026,3,chi,phi,00-0032464,K.Raymond,target,47,0,0,0,0
2026_03_PHI_CHI,2335,10,2026,3,chi,phi,00-0036275,D.Swift,carry,35,0,0,0,0
2026_03_PHI_CHI,2357,10,2026,3,chi,phi,00-0040735,L.Burden,target,34,0,0,0,0
2026_03_PHI_CHI,2382,10,2026,3,chi,phi,00-0039919,R.Odunze,target,30,0,0,0,0
2026_03_PHI_CHI,2452,11,2026,3,phi,chi,00-0034844,S.Barkley,carry,65,0,0,0,0
2026_03_PHI_CHI,2474,11,2026,3,phi,chi,00-0040867,M.Lemon,target,64,0,0,0,0
2026_03_PHI_CHI,2499,11,2026,3,phi,chi,00-0039746,W.Shipley,target,67,0,0,0,0
2026_03_PHI_CHI,2548,12,2026,3,chi,phi,00-0032464,K.Raymond,target,71,0,0,0,0
2026_03_PHI_CHI,2590,12,2026,3,chi,phi,00-0040126,C.Loveland,target,62,0,0,0,0
2026_03_PHI_CHI,2615,12,2026,3,chi,phi,00-0032464,K.Raymond,target,52,0,0,0,0
2026_03_PHI_CHI,2640,12,2026,3,chi,phi,00-0040236,K.Monangai,carry,47,0,0,0,0
2026_03_PHI_CHI,2662,12,2026,3,chi,phi,00-0032464,K.Raymond,target,41,0,0,0,1
2026_03_PHI_CHI,2759,13,2026,3,phi,chi,00-0034844,S.Barkley,carry,62,0,0,0,0
2026_03_PHI_CHI,2781,13,2026,3,phi,chi,00-0039746,W.Shipley,target,62,0,0,0,0
2026_03_PHI_CHI,2859,14,2026,3,chi,phi,00-0040735,L.Burden,target,85,0,0,0,0
2026_03_PHI_CHI,2902,14,2026,3,chi,phi,00-0040735,L.Burden,target,87,0,0,0,0
2026_03_PHI_CHI,2925,14,2026,3,chi,phi,00-0036275,D.Swift,target,87,0,0,0,0
2026_03_PHI_CHI,2993,15,2026,3,phi,chi,00-0038393,D.Wicks,target,70,0,0,0,0
2026_03_PHI_CHI,3025,15,2026,3,phi,chi,00-0034844,S.Barkley,carry,51,0,0,0,0
2026_03_PHI_CHI,3047,15,2026,3,phi,chi,00-0036912,D.Smith,target,50,0,0,0,0
2026_03_PHI_CHI,3070,15,2026,3,phi,chi,00-0036912,D.Smith,target,50,0,0,0,0
2026_03_PHI_CHI,3095,15,2026,3,phi,chi,00-0036912,D.Smith,target,46,0,0,0,0
2026_03_PHI_CHI,3122,16,2026,3,chi,phi,00-0036275,D.Swift,carry,58,0,0,0,0
2026_03_PHI_CHI,3164,16,2026,3,chi,phi,00-0040236,K.Monangai,carry,55,0,0,0,0
2026_03_PHI_CHI,3186,16,2026,3,chi,phi,00-0040735,L.Burden,target,47,0,0,0,0
2026_03_PHI_CHI,3209,16,2026,3,chi,phi,00-0040236,K.Monangai,carry,47,0,0,0,0
2026_03_PHI_CHI,3294,16,2026,3,chi,phi,00-0040236,K.Monangai,carry,34,0,0,0,0
2026_03_PHI_CHI,3316,16,2026,3,chi,phi,00-0040236,K.Monangai,carry,27,0,0,0,0
2026_03_PHI_CHI,3338,16,2026,3,chi,phi,00-0040236,K.Monangai,carry,25,0,0,0,0
2026_03_PHI_CHI,3360,16,2026,3,chi,phi,00-0040236,K.Monangai,carry,19,1,0,0,0
2026_03_PHI_CHI,3382,16,2026,3,chi,phi,00-0039919,R.Odunze,target,17,1,0,0,0
2026_03_PHI_CHI,3462,16,2026,3,chi,phi,00-0036275,D.Swift,carry,9,1,1,0,0
2026_03_PHI_CHI,3484,16,2026,3,chi,phi,00-0036275,D.Swift,carry,5,1,1,1,0
2026_03_PHI_CHI,3506,16,2026,3,chi,phi,00-0028986,C.Keenum,carry,1,1,1,1,1
2026_03_PHI_CHI,3585,17,2026,3,phi,chi,00-0040867,M.Lemon,target,60,0,0,0,0
2026_03_PHI_CHI,3635,17,2026,3,phi,chi,00-0038393,D.Wicks,target,27,0,0,0,0
2026_03_PHI_CHI,3772,17,2026,3,phi,chi,00-0040867,M.Lemon,target,39,0,0,0,0
2026_03_PHI_CHI,3795,18,2026,3,chi,phi,00-0036275,D.Swift,carry,61,0,0,0,0
2026_03_PHI_CHI,3817,18,2026,3,chi,phi,00-0036275,D.Swift,carry,52,0,0,0,0
2026_03_PHI_CHI,3839,18,2026,3,chi,phi,00-0036275,D.Swift,carry,43,0,0,0,0
2026_03_PHI_CHI,3861,18,2026,3,chi,phi,00-0036275,D.Swift,carry,38,0,0,0,0
2026_03_PHI_CHI,3883,18,2026,3,chi,phi,00-0036275,D.Swift,carry,36,0,0,0,0
2026_03_PHI_CHI,3905,18,2026,3,chi,phi,00-0036275,D.Swift,carry,34,0,0,0,0
2026_03_SEA_WAS,68,1,2026,3,sea,wsh,00-0041512,J.Price,carry,63,0,0,0,0
2026_03_SEA_WAS,90,1,2026,3,sea,wsh,00-0039793,A.Barner,target,52,0,0,0,0
2026_03_SEA_WAS,118,1,2026,3,sea,wsh,00-0041512,J.Price,carry,52,0,0,0,0
2026_03_SEA_WAS,140,1,2026,3,sea,wsh,00-0037545,R.Shaheed,target,56,0,0,0,0
2026_03_SEA_WAS,212,2,2026,3,wsh,sea,00-0040242,J.Croskey-Merritt,target,80,0,0,0,0
2026_03_SEA_WAS,244,2,2026,3,wsh,sea,00-0040242,J.Croskey-Merritt,carry,73,0,0,0,0
2026_03_SEA_WAS,266,2,2026,3,wsh,sea,00-0031588,S.Diggs,target,74,0,0,0,0
2026_03_SEA_WAS,315,3,2026,3,sea,wsh,00-0041512,J.Price,carry,80,0,0,0,0
2026_03_SEA_WAS,373,4,2026,3,wsh,sea,00-0040242,J.Croskey-Merritt,carry,21,0,0,0,0
2026_03_SEA_WAS,401,4,2026,3,wsh,sea,00-0040242,J.Croskey-Merritt,carry,12,1,0,0,0
2026_03_SEA_WAS,423,4,2026,3,wsh,sea,00-0040242,J.Croskey-Merritt,carry,9,1,1,0,0
2026_03_SEA_WAS,445,4,2026,3,wsh,sea,00-0037256,R.White,target,6,1,1,0,1
2026_03_SEA_WAS,533,5,2026,3,sea,wsh,00-0038797,E.Wilson,carry,80,0,0,0,0
2026_03_SEA_WAS,555,5,2026,3,sea,wsh,00-0039299,G.Holani,target,78,0,0,0,0
2026_03_SEA_WAS,599,6,2026,3,wsh,sea,00-0039686,C.Yankoff,target,72,0,0,0,0
2026_03_SEA_WAS,629,6,2026,3,wsh,sea,00-0040242,J.Croskey-Merritt,carry,72,0,0,0,0
2026_03_SEA_WAS,651,6,2026,3,wsh,sea,00-0035659,T.McLaurin,target,72,0,0,0,0
2026_03_SEA_WAS,705,6,2026,3,wsh,sea,00-0037256,R.White,carry,66,0,0,0,0
2026_03_SEA_WAS,761,6,2026,3,wsh,sea,00-0040242,J.Croskey-Merritt,carry,50,0,0,0,0
2026_03_SEA_WAS,822,6,2026,3,wsh,sea,00-0036626,D.Brown,target,53,0,0,0,0
2026_03_SEA_WAS,857,6,2026,3,wsh,sea,00-0039686,C.Yankoff,target,53,0,0,0,0
2026_03_SEA_WAS,907,7,2026,3,sea,wsh,00-0038543,J.Smith-Njigba,target,90,0,0,0,0
2026_03_SEA_WAS,939,7,2026,3,sea,wsh,00-0038797,E.Wilson,carry,79,0,0,0,0
2026_03_SEA_WAS,961,7,2026,3,sea,wsh,00-0038543,J.Smith-Njigba,target,79,0,0,0,0
2026_03_SEA_WAS,986,7,2026,3,sea,wsh,00-0038797,E.Wilson,carry,59,0,0,0,0
2026_03_SEA_WAS,1008,7,2026,3,sea,wsh,00-0039793,A.Barner,target,53,0,0,0,0
2026_03_SEA_WAS,1033,7,2026,3,sea,wsh,00-0038488,B.Russell,target,21,0,0,0,0
2026_03_SEA_WAS,1078,7,2026,3,sea,wsh,00-0038797,E.Wilson,carry,1,1,1,1,0
2026_03_SEA_WAS,1139,7,2026,3,sea,wsh,00-0039299,G.Holani,carry,1,1,1,1,0
2026_03_SEA_WAS,1161,7,2026,3,sea,wsh,00-0038543,J.Smith-Njigba,target,1,1,1,1,1
2026_03_SEA_WAS,1237,8,2026,3,wsh,sea,00-0040242,J.Croskey-Merritt,carry,56,0,0,0,0
2026_03_SEA_WAS,1283,8,2026,3,wsh,sea,00-0040242,J.Croskey-Merritt,carry,58,0,0,0,0
2026_03_SEA_WAS,1305,8,2026,3,wsh,sea,00-0031588,S.Diggs,target,57,0,0,0,0
2026_03_SEA_WAS,1385,9,2026,3,sea,wsh,00-0033576,E.Saubert,target,84,0,0,0,0
2026_03_SEA_WAS,1408,9,2026,3,sea,wsh,00-0039299,G.Holani,target,84,0,0,0,0
2026_03_SEA_WAS,1433,9,2026,3,sea,wsh,00-0033908,C.Kupp,target,78,0,0,0,0
2026_03_SEA_WAS,1476,10,2026,3,wsh,sea,00-0040242,J.Croskey-Merritt,carry,60,0,0,0,0
2026_03_SEA_WAS,1498,10,2026,3,wsh,sea,00-0035659,T.McLaurin,target,54,0,0,0,0
2026_03_SEA_WAS,1523,10,2026,3,wsh,sea,00-0041040,A.Williams,target,48,0,0,0,0
2026_03_SEA_WAS,1548,10,2026,3,wsh,sea,00-0040242,J.Croskey-Merritt,carry,39,0,0,0,0
2026_03_SEA_WAS,1575,10,2026,3,wsh,sea,00-0031588,S.Diggs,target,33,0,0,0,0
2026_03_SEA_WAS,1605,10,2026,3,wsh,sea,00-0040164,J.Lane,target,33,0,0,0,0
2026_03_SEA_WAS,1635,10,2026,3,wsh,sea,00-0040242,J.Croskey-Merritt,carry,12,1,0,0,0
2026_03_SEA_WAS,1657,10,2026,3,wsh,sea,00-0037742,T.Burks,target,11,1,0,0,1
2026_03_SEA_WAS,1727,11,2026,3,sea,wsh,00-0038797,E.Wilson,carry,80,0,0,0,0
2026_03_SEA_WAS,1752,11,2026,3,sea,wsh,00-0033908,C.Kupp,target,73,0,0,0,0
2026_03_SEA_WAS,1789,11,2026,3,sea,wsh,00-0038797,E.Wilson,carry,54,0,0,0,0
2026_03_SEA_WAS,1811,11,2026,3,sea,wsh,00-0038543,J.Smith-Njigba,target,58,0,0,0,0
2026_03_SEA_WAS,1834,11,2026,3,sea,wsh,00-0033908,C.Kupp,target,58,0,0,0,0
2026_03_SEA_WAS,1859,11,2026,3,sea,wsh,00-0039299,G.Holani,carry,42,0,0,0,0
2026_03_SEA_WAS,1881,11,2026,3,sea,wsh,00-0040648,T.Horton,target,37,0,0,0,0
2026_03_SEA_WAS,1906,11,2026,3,sea,wsh,00-0039793,A.Barner,target,20,1,0,0,0
2026_03_SEA_WAS,1931,11,2026,3,sea,wsh,00-0038797,E.Wilson,carry,5,1,1,1,0
2026_03_SEA_WAS,1955,11,2026,3,sea,wsh,00-0039793,A.Barner,target,2,1,1,1,0
2026_03_SEA_WAS,1985,11,2026,3,sea,wsh,00-0038543,J.Smith-Njigba,target,2,1,1,1,0
2026_03_SEA_WAS,2008,11,2026,3,sea,wsh,00-0039793,A.Barner,target,2,1,1,1,0
2026_03_SEA_WAS,2031,12,2026,3,wsh,sea,00-0039912,B.Sinnott,target,98,0,0,0,0
2026_03_SEA_WAS,2054,12,2026,3,wsh,sea,00-0040242,J.Croskey-Merritt,carry,98,0,0,0,0
2026_03_SEA_WAS,2154,13,2026,3,sea,wsh,00-0041512,J.Price,target,41,0,0,0,0
2026_03_SEA_WAS,2204,13,2026,3,sea,wsh,00-0038543,J.Smith-Njigba,target,46,0,0,0,0
2026_03_SEA_WAS,2234,13,2026,3,sea,wsh,00-0033908,C.Kupp,target,43,0,0,0,0
2026_03_SEA_WAS,2303,14,2026,3,wsh,sea,00-0035659,T.McLaurin,target,65,0,0,0,0
2026_03_SEA_WAS,2366,14,2026,3,wsh,sea,00-0041040,A.Williams,target,47,0,0,0,0
2026_03_SEA_WAS,2410,14,2026,3,wsh,sea,00-0037256,R.White,carry,41,0,0,0,0
2026_03_SEA_WAS,2510,15,2026,3,wsh,sea,00-0031588,S.Diggs,target,66,0,0,0,0
2026_03_SEA_WAS,2535,15,2026,3,wsh,sea,00-0040242,J.Croskey-Merritt,carry,58,0,0,0,0
2026_03_SEA_WAS,2557,15,2026,3,wsh,sea,00-0041040,A.Williams,target,58,0,0,0,0
2026_03_SEA_WAS,2603,16,2026,3,sea,wsh,00-0041512,J.Price,target,82,0,0,0,0
2026_03_SEA_WAS,2635,16,2026,3,sea,wsh,00-0041512,J.Price,carry,75,0,0,0,0
2026_03_SEA_WAS,2662,16,2026,3,sea,wsh,00-0038543,J.Smith-Njigba,target,68,0,0,0,0
2026_03_SEA_WAS,2689,17,2026,3,wsh,sea,00-0031588,S.Diggs,target,43,0,0,0,0
2026_03_SEA_WAS,2714,17,2026,3,wsh,sea,00-0037742,T.Burks,target,32,0,0,0,0
2026_03_SEA_WAS,2739,17,2026,3,wsh,sea,00-0035659,T.McLaurin,target,30,0,0,0,1
2026_03_SEA_WAS,2814,18,2026,3,sea,wsh,00-0038797,E.Wilson,carry,60,0,0,0,0
2026_03_SEA_WAS,2836,18,2026,3,sea,wsh,00-0039793,A.Barner,target,59,0,0,0,0
2026_03_SEA_WAS,2899,18,2026,3,sea,wsh,00-0041512,J.Price,carry,44,0,0,0,0
2026_03_SEA_WAS,2921,18,2026,3,sea,wsh,00-0037545,R.Shaheed,target,44,0,0,0,0
2026_03_SEA_WAS,2946,18,2026,3,sea,wsh,00-0038543,J.Smith-Njigba,target,39,0,0,0,0
2026_03_SEA_WAS,2976,18,2026,3,sea,wsh,00-0040648,T.Horton,target,27,0,0,0,0
2026_03_SEA_WAS,3001,18,2026,3,sea,wsh,00-0033576,E.Saubert,target,13,1,0,0,1
2026_03_SEA_WAS,3072,19,2026,3,wsh,sea,00-0035659,T.McLaurin,target,74,0,0,0,0
2026_03_SEA_WAS,3110,19,2026,3,wsh,sea,00-0037256,R.White,carry,74,0,0,0,0
2026_03_SEA_WAS,3132,19,2026,3,wsh,sea,00-0035659,T.McLaurin,target,69,0,0,0,0
2026_03_SEA_WAS,3222,20,2026,3,sea,wsh,00-0038797,E.Wilson,carry,85,0,0,0,0
2026_03_SEA_WAS,3244,20,2026,3,sea,wsh,00-0038543,J.Smith-Njigba,target,84,0,0,0,0
2026_03_SEA_WAS,3267,20,2026,3,sea,wsh,00-0037545,R.Shaheed,target,84,0,0,0,0
2026_03_SEA_WAS,3310,21,2026,3,wsh,sea,00-0036628,J.Bates,target,56,0,0,0,0
2026_03_SEA_WAS,3340,21,2026,3,wsh,sea,00-0040242,J.Croskey-Merritt,carry,47,0,0,0,0
2026_03_SEA_WAS,3362,21,2026,3,wsh,sea,00-0040242,J.Croskey-Merritt,carry,46,0,0,0,0
2026_03_SEA_WAS,3431,21,2026,3,wsh,sea,00-0037256,R.White,carry,54,0,0,0,0
2026_03_SEA_WAS,3453,21,2026,3,wsh,sea,00-0035659,T.McLaurin,target,50,0,0,0,0
2026_03_SEA_WAS,3497,22,2026,3,sea,wsh,00-0039299,G.Holani,target,80,0,0,0,0
2026_03_SEA_WAS,3546,22,2026,3,sea,wsh,00-0039793,A.Barner,target,75,0,0,0,0
2026_03_SEA_WAS,3596,22,2026,3,sea,wsh,00-0039299,G.Holani,carry,63,0,0,0,0
2026_03_SEA_WAS,3664,22,2026,3,sea,wsh,00-0039299,G.Holani,target,43,0,0,0,0
2026_03_SEA_WAS,3689,22,2026,3,sea,wsh,00-0039299,G.Holani,target,30,0,0,0,0
2026_03_SEA_WAS,3714,22,2026,3,sea,wsh,00-0039793,A.Barner,target,16,1,0,0,0
2026_03_SEA_WAS,3739,22,2026,3,sea,wsh,00-0038543,J.Smith-Njigba,target,11,1,0,0,1
2026_03_SEA_WAS,3816,23,2026,3,wsh,sea,00-0040242,J.Croskey-Merritt,carry,60,0,0,0,0
2026_03_SEA_WAS,3904,23,2026,3,wsh,sea,00-0031588,S.Diggs,target,48,0,0,0,0
2026_03_SEA_WAS,3929,23,2026,3,wsh,sea,00-0040242,J.Croskey-Merritt,carry,44,0,0,0,0
2026_03_SEA_WAS,3951,23,2026,3,wsh,sea,00-0035659,T.McLaurin,target,46,0,0,0,0
2026_03_SEA_WAS,3976,23,2026,3,wsh,sea,00-0035659,T.McLaurin,target,39,0,0,0,0
2026_03_SEA_WAS,4001,23,2026,3,wsh,sea,00-0040242,J.Croskey-Merritt,carry,34,0,0,0,0
2026_03_SEA_WAS,4023,23,2026,3,wsh,sea,00-0031588,S.Diggs,target,32,0,0,0,0
2026_03_SEA_WAS,4075,23,2026,3,wsh,sea,00-0037256,R.White,carry,20,1,0,0,0
2026_03_SEA_WAS,4172,24,2026,3,sea,wsh,00-0038543,J.Smith-Njigba,target,70,0,0,0,0
2026_03_SEA_WAS,4236,24,2026,3,sea,wsh,00-0041512,J.Price,target,49,0,0,0,0
2026_03_SEA_WAS,4262,24,2026,3,sea,wsh,00-0039793,A.Barner,target,49,0,0,0,0
2026_03_SEA_WAS,4339,25,2026,3,sea,wsh,00-0038543,J.Smith-Njigba,target,68,0,0,0,0
2026_03_SEA_WAS,4374,25,2026,3,sea,wsh,00-0038543,J.Smith-Njigba,target,50,0,0,0,0
2026_03_SEA_WAS,4399,25,2026,3,sea,wsh,00-0038543,J.Smith-Njigba,target,39,0,0,0,0
2026_03_SEA_WAS,4424,25,2026,3,sea,wsh,00-0040648,T.Horton,target,24,0,0,0,0
2026_03_SEA_WAS,4459,25,2026,3,sea,wsh,00-0033908,C.Kupp,target,7,1,1,0,1
2026_03_SEA_WAS,4523,26,2026,3,wsh,sea,00-0040242,J.Croskey-Merritt,carry,67,0,0,0,0
2026_03_SEA_WAS,4545,26,2026,3,wsh,sea,00-0041040,A.Williams,target,66,0,0,0,0
2026_03_SEA_WAS,4575,26,2026,3,wsh,sea,00-0037256,R.White,carry,66,0,0,0,0
2026_03_SEA_WAS,4597,26,2026,3,wsh,sea,00-0037256,R.White,carry,47,0,0,0,0
2026_03_SEA_WAS,4628,26,2026,3,wsh,sea,00-0037256,R.White,carry,47,0,0,0,0
2026_03_SEA_WAS,4657,26,2026,3,wsh,sea,00-0032268,M.Mariota,carry,44,0,0,0,0
2026_03_TEN_NYG,79,2,2026,3,nyg,ten,00-0040715,C.Skattebo,carry,37,0,0,0,0
2026_03_TEN_NYG,101,2,2026,3,nyg,ten,00-0036309,D.Mooney,carry,36,0,0,0,0
2026_03_TEN_NYG,161,2,2026,3,nyg,ten,00-0037838,I.Likely,target,37,0,0,0,0
2026_03_TEN_NYG,184,2,2026,3,nyg,ten,00-0040715,C.Skattebo,carry,37,0,0,0,0
2026_03_TEN_NYG,206,2,2026,3,nyg,ten,00-0036309,D.Mooney,target,38,0,0,0,0
2026_03_TEN_NYG,249,3,2026,3,ten,nyg,00-0035261,T.Pollard,carry,89,0,0,0,0
2026_03_TEN_NYG,281,3,2026,3,ten,nyg,00-0035261,T.Pollard,carry,84,0,0,0,0
2026_03_TEN_NYG,310,3,2026,3,ten,nyg,00-0038117,W.Robinson,target,84,0,0,0,0
2026_03_TEN_NYG,352,4,2026,3,nyg,ten,00-0040715,C.Skattebo,carry,71,0,0,0,0
2026_03_TEN_NYG,381,4,2026,3,nyg,ten,00-0031235,O.Beckham,target,68,0,0,0,0
2026_03_TEN_NYG,404,4,2026,3,nyg,ten,00-0040715,C.Skattebo,target,68,0,0,0,0
2026_03_TEN_NYG,434,4,2026,3,nyg,ten,00-0037838,I.Likely,target,38,0,0,0,0
2026_03_TEN_NYG,464,4,2026,3,nyg,ten,00-0040715,C.Skattebo,carry,28,0,0,0,0
2026_03_TEN_NYG,486,4,2026,3,nyg,ten,00-0039337,M.Nabers,target,26,0,0,0,0
2026_03_TEN_NYG,511,4,2026,3,nyg,ten,00-0039337,M.Nabers,target,26,0,0,0,0
2026_03_TEN_NYG,580,5,2026,3,ten,nyg,00-0040705,C.Dike,target,65,0,0,0,0
2026_03_TEN_NYG,605,5,2026,3,ten,nyg,00-0035261,T.Pollard,carry,62,0,0,0,0
2026_03_TEN_NYG,627,5,2026,3,ten,nyg,00-0038117,W.Robinson,target,59,0,0,0,0
2026_03_TEN_NYG,671,6,2026,3,nyg,ten,00-0037838,I.Likely,target,95,0,0,0,0
2026_03_TEN_NYG,701,6,2026,3,nyg,ten,00-0040715,C.Skattebo,carry,95,0,0,0,0
2026_03_TEN_NYG,723,6,2026,3,nyg,ten,00-0041042,M.Fields,target,98,0,0,0,0
2026_03_TEN_NYG,774,7,2026,3,ten,nyg,00-0035261,T.Pollard,target,53,0,0,0,0
2026_03_TEN_NYG,799,7,2026,3,ten,nyg,00-0039032,T.Spears,carry,54,0,0,0,0
2026_03_TEN_NYG,821,7,2026,3,ten,nyg,00-0034837,C.Ridley,target,52,0,0,0,0
2026_03_TEN_NYG,870,8,2026,3,nyg,ten,00-0040715,C.Skattebo,carry,82,0,0,0,0
2026_03_TEN_NYG,1038,9,2026,3,ten,nyg,00-0035261,T.Pollard,carry,90,0,0,0,0
2026_03_TEN_NYG,1060,9,2026,3,ten,nyg,00-0035261,T.Pollard,carry,89,0,0,0,0
2026_03_TEN_NYG,1082,9,2026,3,ten,nyg,00-0038117,W.Robinson,target,87,0,0,0,0
2026_03_TEN_NYG,1132,10,2026,3,nyg,ten,00-0036893,N.Harris,carry,53,0,0,0,0
2026_03_TEN_NYG,1161,10,2026,3,nyg,ten,00-0036893,N.Harris,carry,47,0,0,0,0
2026_03_TEN_NYG,1183,10,2026,3,nyg,ten,00-0036893,N.Harris,carry,38,0,0,0,0
2026_03_TEN_NYG,1205,10,2026,3,nyg,ten,00-0040715,C.Skattebo,carry,34,0,0,0,0
2026_03_TEN_NYG,1227,10,2026,3,nyg,ten,00-0039384,T.Tracy,carry,30,0,0,0,0
2026_03_TEN_NYG,1249,10,2026,3,nyg,ten,00-0036893,N.Harris,carry,27,0,0,0,0
2026_03_TEN_NYG,1304,10,2026,3,nyg,ten,00-0036893,N.Harris,carry,16,1,0,0,0
2026_03_TEN_NYG,1326,10,2026,3,nyg,ten,00-0040715,C.Skattebo,carry,5,1,1,1,0
2026_03_TEN_NYG,1350,10,2026,3,nyg,ten,00-0040715,C.Skattebo,carry,12,1,0,0,0
2026_03_TEN_NYG,1372,10,2026,3,nyg,ten,00-0039337,M.Nabers,target,8,1,1,0,0
2026_03_TEN_NYG,1477,11,2026,3,ten,nyg,00-0038117,W.Robinson,target,75,0,0,0,0
2026_03_TEN_NYG,1507,11,2026,3,ten,nyg,00-0041438,C.Tate,target,69,0,0,0,0
2026_03_TEN_NYG,1530,11,2026,3,ten,nyg,00-0038115,D.Bellinger,target,69,0,0,0,0
2026_03_TEN_NYG,1615,12,2026,3,nyg,ten,00-0040715,C.Skattebo,carry,93,0,0,0,0
2026_03_TEN_NYG,1637,12,2026,3,nyg,ten,00-0040715,C.Skattebo,carry,95,0,0,0,0
2026_03_TEN_NYG,1666,12,2026,3,nyg,ten,00-0040715,C.Skattebo,target,94,0,0,0,0
2026_03_TEN_NYG,1741,13,2026,3,ten,nyg,00-0038117,W.Robinson,target,53,0,0,0,0
2026_03_TEN_NYG,1817,13,2026,3,ten,nyg,00-0041438,C.Tate,target,47,0,0,0,0
2026_03_TEN_NYG,1865,13,2026,3,ten,nyg,00-0040584,G.Helm,target,41,0,0,0,0
2026_03_TEN_NYG,1913,14,2026,3,nyg,ten,00-0040715,C.Skattebo,target,51,0,0,0,0
2026_03_TEN_NYG,1936,14,2026,3,nyg,ten,00-0037838,I.Likely,target,51,0,0,0,0
2026_03_TEN_NYG,1959,14,2026,3,nyg,ten,00-0039337,M.Nabers,target,51,0,0,0,0
2026_03_TEN_NYG,1992,14,2026,3,nyg,ten,00-0036309,D.Mooney,target,41,0,0,0,0
2026_03_TEN_NYG,2024,14,2026,3,nyg,ten,00-0040715,C.Skattebo,carry,34,0,0,0,0
2026_03_TEN_NYG,2053,14,2026,3,nyg,ten,00-0040715,C.Skattebo,carry,29,0,0,0,0
2026_03_TEN_NYG,2153,15,2026,3,nyg,ten,00-0040715,C.Skattebo,carry,70,0,0,0,0
2026_03_TEN_NYG,2184,15,2026,3,nyg,ten,00-0040715,C.Skattebo,carry,60,0,0,0,0
2026_03_TEN_NYG,2228,15,2026,3,nyg,ten,00-0036893,N.Harris,carry,44,0,0,0,0
2026_03_TEN_NYG,2279,15,2026,3,nyg,ten,00-0040715,C.Skattebo,target,48,0,0,0,0
2026_03_TEN_NYG,2309,15,2026,3,nyg,ten,00-0036309,D.Mooney,target,45,0,0,0,0
2026_03_TEN_NYG,2334,15,2026,3,nyg,ten,00-0041042,M.Fields,target,32,0,0,0,0
2026_03_TEN_NYG,2359,15,2026,3,nyg,ten,00-0040715,C.Skattebo,carry,22,0,0,0,0
2026_03_TEN_NYG,2381,15,2026,3,nyg,ten,00-0040715,C.Skattebo,carry,9,1,1,0,0
2026_03_TEN_NYG,2497,15,2026,3,nyg,ten,00-0040715,C.Skattebo,carry,17,1,0,0,0
2026_03_TEN_NYG,2574,16,2026,3,ten,nyg,00-0035261,T.Pollard,carry,75,0,0,0,0
2026_03_TEN_NYG,2596,16,2026,3,ten,nyg,00-0035261,T.Pollard,carry,66,0,0,0,0
2026_03_TEN_NYG,2618,16,2026,3,ten,nyg,00-0035261,T.Pollard,carry,60,0,0,0,0
2026_03_TEN_NYG,2640,16,2026,3,ten,nyg,00-0035261,T.Pollard,carry,56,0,0,0,0
2026_03_TEN_NYG,2662,16,2026,3,ten,nyg,00-0041438,C.Tate,target,54,0,0,0,0
2026_03_TEN_NYG,2687,16,2026,3,ten,nyg,00-0041438,C.Tate,target,48,0,0,0,0
2026_03_TEN_NYG,2717,16,2026,3,ten,nyg,00-0035261,T.Pollard,target,28,0,0,0,0
2026_03_TEN_NYG,2742,16,2026,3,ten,nyg,00-0035261,T.Pollard,carry,24,0,0,0,0
2026_03_TEN_NYG,2764,16,2026,3,ten,nyg,00-0035261,T.Pollard,carry,12,1,0,0,0
2026_03_TEN_NYG,2786,16,2026,3,ten,nyg,00-0038117,W.Robinson,target,7,1,1,0,0
2026_03_TEN_NYG,2809,16,2026,3,ten,nyg,00-0041438,C.Tate,target,7,1,1,0,0
2026_03_TEN_NYG,2832,16,2026,3,ten,nyg,00-0040584,G.Helm,target,7,1,1,0,0
2026_03_TEN_NYG,2855,17,2026,3,nyg,ten,00-0036893,N.Harris,carry,93,0,0,0,0
2026_03_TEN_NYG,2884,17,2026,3,nyg,ten,00-0036893,N.Harris,carry,88,0,0,0,0
2026_03_TEN_NYG,2926,17,2026,3,nyg,ten,00-0036893,N.Harris,carry,80,0,0,0,0
2026_03_TEN_NYG,2948,17,2026,3,nyg,ten,00-0037838,I.Likely,target,78,0,0,0,0
2026_03_TEN_NYG,3048,18,2026,3,ten,nyg,00-0035261,T.Pollard,carry,91,0,0,0,0
2026_03_TEN_NYG,3077,18,2026,3,ten,nyg,00-0038115,D.Bellinger,target,75,0,0,0,0
2026_03_TEN_NYG,3133,18,2026,3,ten,nyg,00-0035261,T.Pollard,target,54,0,0,0,0
2026_03_TEN_NYG,3166,18,2026,3,ten,nyg,00-0038117,W.Robinson,target,53,0,0,0,0
2026_03_TEN_NYG,3198,18,2026,3,ten,nyg,00-0035261,T.Pollard,carry,44,0,0,0,0
2026_03_TEN_NYG,3220,18,2026,3,ten,nyg,00-0041438,C.Tate,target,45,0,0,0,0
2026_03_TEN_NYG,3259,18,2026,3,ten,nyg,00-0040584,G.Helm,target,38,0,0,0,0
2026_03_TEN_NYG,3284,18,2026,3,ten,nyg,00-0039032,T.Spears,carry,33,0,0,0,0
2026_03_TEN_NYG,3306,18,2026,3,ten,nyg,00-0040584,G.Helm,target,30,0,0,0,0
2026_03_TEN_NYG,3341,18,2026,3,ten,nyg,00-0041438,C.Tate,target,21,0,0,0,0
2026_03_TEN_NYG,3366,18,2026,3,ten,nyg,00-0035261,T.Pollard,carry,8,1,1,0,0
2026_03_TEN_NYG,3388,18,2026,3,ten,nyg,00-0035261,T.Pollard,carry,5,1,1,1,0
2026_03_TEN_NYG,3412,18,2026,3,ten,nyg,00-0038117,W.Robinson,target,4,1,1,1,1
2026_03_TEN_NYG,3507,19,2026,3,nyg,ten,00-0039337,M.Nabers,target,58,0,0,0,0
2026_03_TEN_NYG,3532,19,2026,3,nyg,ten,00-0040715,C.Skattebo,carry,46,0,0,0,0
2026_03_TEN_NYG,3554,19,2026,3,nyg,ten,00-0040715,C.Skattebo,carry,42,0,0,0,0
2026_03_TEN_NYG,3576,19,2026,3,nyg,ten,00-0039337,M.Nabers,target,41,0,0,0,0
2026_03_TEN_NYG,3661,20,2026,3,ten,nyg,00-0038117,W.Robinson,target,77,0,0,0,0
2026_03_TEN_NYG,3693,20,2026,3,ten,nyg,00-0035261,T.Pollard,carry,65,0,0,0,0
2026_03_TEN_NYG,3720,20,2026,3,ten,nyg,00-0040170,E.Ayomanor,target,62,0,0,0,0
2026_03_TEN_NYG,3746,20,2026,3,ten,nyg,00-0035261,T.Pollard,target,62,0,0,0,0
2026_03_TEN_NYG,3776,20,2026,3,ten,nyg,00-0035261,T.Pollard,carry,44,0,0,0,0
2026_03_TEN_NYG,3798,20,2026,3,ten,nyg,00-0041438,C.Tate,target,41,0,0,0,0
2026_03_TEN_NYG,3835,20,2026,3,ten,nyg,00-0040676,C.Ward,carry,35,0,0,0,0
2026_03_TEN_NYG,3892,20,2026,3,ten,nyg,00-0039032,T.Spears,carry,33,0,0,0,0
2026_03_TEN_NYG,3914,20,2026,3,ten,nyg,00-0041438,C.Tate,target,33,0,0,0,0
2026_03_TEN_NYG,3937,20,2026,3,ten,nyg,00-0038117,W.Robinson,target,33,0,0,0,0
2026_03_TEN_NYG,3991,20,2026,3,ten,nyg,00-0038117,W.Robinson,target,18,1,0,0,0
2026_03_TEN_NYG,4026,20,2026,3,ten,nyg,00-0040170,E.Ayomanor,target,18,1,0,0,0
2026_03_TEN_NYG,4070,20,2026,3,ten,nyg,00-0040170,E.Ayomanor,target,7,1,1,0,0
2026_04_ARI_NYG,63,1,2026,4,ari,nyg,00-0037744,T.McBride,target,58,0,0,0,0
2026_04_ARI_NYG,86,1,2026,4,ari,nyg,00-0041027,J.Love,carry,58,0,0,0,0
2026_04_ARI_NYG,108,1,2026,4,ari,nyg,00-0038559,Mi.Wilson,target,58,0,0,0,0
2026_04_ARI_NYG,144,1,2026,4,ari,nyg,00-0037744,T.McBride,target,45,0,0,0,0
2026_04_ARI_NYG,169,1,2026,4,ari,nyg,00-0041027,J.Love,carry,39,0,0,0,0
2026_04_ARI_NYG,193,1,2026,4,ari,nyg,00-0041027,J.Love,carry,23,0,0,0,0
2026_04_ARI_NYG,215,1,2026,4,ari,nyg,00-0041027,J.Love,carry,14,1,0,0,0
2026_04_ARI_NYG,237,1,2026,4,ari,nyg,00-0039849,M.Harrison,target,12,1,0,0,1
2026_04_ARI_NYG,328,2,2026,4,nyg,ari,00-0037838,I.Likely,target,79,0,0,0,0
2026_04_ARI_NYG,351,2,2026,4,nyg,ari,00-0039337,M.Nabers,target,79,0,0,0,0
2026_04_ARI_NYG,379,2,2026,4,nyg,ari,00-0040715,C.Skattebo,carry,40,0,0,0,0
2026_04_ARI_NYG,401,2,2026,4,nyg,ari,00-0033376,P.Ricard,target,36,0,0,0,0
2026_04_ARI_NYG,424,2,2026,4,nyg,ari,00-0039337,M.Nabers,target,36,0,0,0,0
2026_04_ARI_NYG,449,2,2026,4,nyg,ari,00-0036893,N.Harris,carry,27,0,0,0,0
2026_04_ARI_NYG,483,2,2026,4,nyg,ari,00-0036893,N.Harris,carry,23,0,0,0,0
2026_04_ARI_NYG,505,2,2026,4,nyg,ari,00-0040715,C.Skattebo,carry,19,1,0,0,0
2026_04_ARI_NYG,577,3,2026,4,ari,nyg,00-0038559,Mi.Wilson,target,74,0,0,0,0
2026_04_ARI_NYG,602,3,2026,4,ari,nyg,00-0041027,J.Love,carry,54,0,0,0,0
2026_04_ARI_NYG,631,3,2026,4,ari,nyg,00-0041027,J.Love,carry,46,0,0,0,0
2026_04_ARI_NYG,658,3,2026,4,ari,nyg,00-0037263,T.Allgeier,carry,38,0,0,0,0
2026_04_ARI_NYG,680,3,2026,4,ari,nyg,00-0037263,T.Allgeier,carry,31,0,0,0,0
2026_04_ARI_NYG,702,3,2026,4,ari,nyg,00-0037263,T.Allgeier,carry,22,0,0,0,1
2026_04_ARI_NYG,775,4,2026,4,nyg,ari,00-0036893,N.Harris,carry,45,0,0,0,0
2026_04_ARI_NYG,797,4,2026,4,nyg,ari,00-0040715,C.Skattebo,carry,36,0,0,0,0
2026_04_ARI_NYG,839,4,2026,4,nyg,ari,00-0037838,I.Likely,target,35,0,0,0,0
2026_04_ARI_NYG,864,4,2026,4,nyg,ari,00-0037838,I.Likely,target,33,0,0,0,0
2026_04_ARI_NYG,958,5,2026,4,ari,nyg,00-0037744,T.McBride,target,62,0,0,0,0
2026_04_ARI_NYG,983,5,2026,4,ari,nyg,00-0039849,M.Harrison,target,65,0,0,0,0
2026_04_ARI_NYG,1010,6,2026,4,nyg,ari,00-0040715,C.Skattebo,carry,68,0,0,0,0
2026_04_ARI_NYG,1039,6,2026,4,nyg,ari,00-0036309,D.Mooney,target,63,0,0,0,0
2026_04_ARI_NYG,1062,6,2026,4,nyg,ari,00-0036309,D.Mooney,target,63,0,0,0,0
2026_04_ARI_NYG,1111,7,2026,4,ari,nyg,00-0037263,T.Allgeier,carry,73,0,0,0,0
2026_04_ARI_NYG,1142,7,2026,4,ari,nyg,00-0038559,Mi.Wilson,target,71,0,0,0,0
2026_04_ARI_NYG,1165,7,2026,4,ari,nyg,00-0037263,T.Allgeier,target,71,0,0,0,0
2026_04_ARI_NYG,1209,8,2026,4,nyg,ari,00-0036893,N.Harris,carry,75,0,0,0,0
2026_04_ARI_NYG,1238,8,2026,4,nyg,ari,00-0039337,M.Nabers,target,73,0,0,0,0
2026_04_ARI_NYG,1263,8,2026,4,nyg,ari,00-0034419,B.Berrios,target,68,0,0,0,0
2026_04_ARI_NYG,1306,9,2026,4,ari,nyg,00-0041027,J.Love,carry,83,0,0,0,0
2026_04_ARI_NYG,1335,9,2026,4,ari,nyg,00-0039849,M.Harrison,target,83,0,0,0,0
2026_04_ARI_NYG,1358,9,2026,4,ari,nyg,00-0037744,T.McBride,target,83,0,0,0,0
2026_04_ARI_NYG,1440,10,2026,4,nyg,ari,00-0040715,C.Skattebo,carry,41,0,0,0,0
2026_04_ARI_NYG,1462,10,2026,4,nyg,ari,00-0040715,C.Skattebo,carry,34,0,0,0,0
2026_04_ARI_NYG,1484,10,2026,4,nyg,ari,00-0040715,C.Skattebo,carry,28,0,0,0,0
2026_04_ARI_NYG,1506,10,2026,4,nyg,ari,00-0037838,I.Likely,target,25,0,0,0,0
2026_04_ARI_NYG,1536,10,2026,4,nyg,ari,00-0040715,C.Skattebo,carry,18,1,0,0,0
2026_04_ARI_NYG,1588,10,2026,4,nyg,ari,00-0037838,I.Likely,target,17,1,0,0,0
2026_04_ARI_NYG,1613,10,2026,4,nyg,ari,00-0041042,M.Fields,target,12,1,0,0,1
2026_04_ARI_NYG,1675,11,2026,4,ari,nyg,00-0041027,J.Love,carry,73,0,0,0,0
2026_04_ARI_NYG,1697,11,2026,4,ari,nyg,00-0041027,J.Love,carry,68,0,0,0,0
2026_04_ARI_NYG,1724,11,2026,4,ari,nyg,00-0038559,Mi.Wilson,target,65,0,0,0,0
2026_04_ARI_NYG,1761,12,2026,4,nyg,ari,00-0040715,C.Skattebo,carry,26,0,0,0,0
2026_04_ARI_NYG,1783,12,2026,4,nyg,ari,00-0039337,M.Nabers,target,25,0,0,0,1
2026_04_ARI_NYG,1847,13,2026,4,ari,nyg,00-0037263,T.Allgeier,carry,69,0,0,0,0
2026_04_ARI_NYG,1896,13,2026,4,ari,nyg,00-0041027,J.Love,target,77,0,0,0,0
2026_04_ARI_NYG,1954,14,2026,4,nyg,ari,00-0037838,I.Likely,target,54,0,0,0,0
2026_04_ARI_NYG,1977,14,2026,4,nyg,ari,00-0039337,M.Nabers,target,54,0,0,0,0
2026_04_ARI_NYG,2002,14,2026,4,nyg,ari,00-0040715,C.Skattebo,target,48,0,0,0,0
2026_04_ARI_NYG,2041,14,2026,4,nyg,ari,00-0041042,M.Fields,target,40,0,0,0,0
2026_04_ARI_NYG,2068,15,2026,4,ari,nyg,00-0037744,T.McBride,target,75,0,0,0,0
2026_04_ARI_NYG,2122,15,2026,4,ari,nyg,00-0038559,Mi.Wilson,target,66,0,0,0,0
2026_04_ARI_NYG,2299,16,2026,4,nyg,ari,00-0040715,C.Skattebo,carry,79,0,0,0,0
2026_04_ARI_NYG,2326,16,2026,4,nyg,ari,00-0039384,T.Tracy,carry,71,0,0,0,0
2026_04_ARI_NYG,2372,16,2026,4,nyg,ari,00-0037838,I.Likely,target,77,0,0,0,0
2026_04_ARI_NYG,2425,17,2026,4,ari,nyg,00-0041027,J.Love,carry,37,0,0,0,0
2026_04_ARI_NYG,2454,17,2026,4,ari,nyg,00-0037004,H.Long,target,36,0,0,0,0
2026_04_ARI_NYG,2479,17,2026,4,ari,nyg,00-0041027,J.Love,carry,26,0,0,0,0
2026_04_ARI_NYG,2501,17,2026,4,ari,nyg,00-0041027,J.Love,carry,21,0,0,0,0
2026_04_ARI_NYG,2523,17,2026,4,ari,nyg,00-0033119,J.Brissett,carry,17,1,0,0,0
2026_04_ARI_NYG,2545,17,2026,4,ari,nyg,00-0037263,T.Allgeier,carry,15,1,0,0,0
2026_04_ARI_NYG,2567,17,2026,4,ari,nyg,00-0038559,Mi.Wilson,target,14,1,0,0,0
2026_04_ARI_NYG,2592,17,2026,4,ari,nyg,00-0039849,M.Harrison,target,4,1,1,1,0
2026_04_ARI_NYG,2654,17,2026,4,ari,nyg,00-0037263,T.Allgeier,carry,2,1,1,1,0
2026_04_ARI_NYG,2676,17,2026,4,ari,nyg,00-0039041,E.Higgins,target,2,1,1,1,1
2026_04_ARI_NYG,2747,18,2026,4,nyg,ari,00-0039337,M.Nabers,target,76,0,0,0,0
2026_04_ARI_NYG,2797,18,2026,4,nyg,ari,00-0039337,M.Nabers,target,58,0,0,0,0
2026_04_ARI_NYG,2831,18,2026,4,nyg,ari,00-0041042,M.Fields,target,58,0,0,0,0
2026_04_ARI_NYG,2861,18,2026,4,nyg,ari,00-0036893,N.Harris,carry,18,1,0,0,0
2026_04_ARI_NYG,2883,18,2026,4,nyg,ari,00-0036893,N.Harris,carry,15,1,0,0,0
2026_04_ARI_NYG,2934,18,2026,4,nyg,ari,00-0037838,I.Likely,target,18,1,0,0,0
2026_04_ARI_NYG,3000,18,2026,4,nyg,ari,00-0036893,N.Harris,carry,11,1,0,0,0
2026_04_ARI_NYG,3022,18,2026,4,nyg,ari,00-0039847,T.Johnson,target,11,1,0,0,1
2026_04_ARI_NYG,3097,19,2026,4,ari,nyg,00-0039041,E.Higgins,target,71,0,0,0,0
2026_04_ARI_NYG,3155,19,2026,4,ari,nyg,00-0037744,T.McBride,target,64,0,0,0,0
2026_04_ARI_NYG,3185,19,2026,4,ari,nyg,00-0041027,J.Love,carry,55,0,0,0,0
2026_04_ARI_NYG,3276,20,2026,4,nyg,ari,00-0036893,N.Harris,carry,84,0,0,0,0
2026_04_ARI_NYG,3305,20,2026,4,nyg,ari,00-0040715,C.Skattebo,carry,79,0,0,0,0
2026_04_ARI_NYG,3327,20,2026,4,nyg,ari,00-0037838,I.Likely,target,78,0,0,0,0
2026_04_ARI_NYG,3352,20,2026,4,nyg,ari,00-0033376,P.Ricard,target,44,0,0,0,0
2026_04_ARI_NYG,3377,20,2026,4,nyg,ari,00-0036893,N.Harris,carry,43,0,0,0,0
2026_04_ARI_NYG,3415,21,2026,4,ari,nyg,00-0041027,J.Love,carry,58,0,0,0,0
2026_04_ARI_NYG,3446,21,2026,4,ari,nyg,00-0038559,Mi.Wilson,target,60,0,0,0,0
2026_04_ARI_NYG,3469,21,2026,4,ari,nyg,00-0037263,T.Allgeier,target,60,0,0,0,0
2026_04_ARI_NYG,3525,22,2026,4,nyg,ari,00-0037838,I.Likely,target,67,0,0,0,0
2026_04_ARI_NYG,3562,22,2026,4,nyg,ari,00-0040715,C.Skattebo,carry,52,0,0,0,0
2026_04_ARI_NYG,3634,22,2026,4,nyg,ari,00-0040715,C.Skattebo,carry,44,0,0,0,0
2026_04_ARI_NYG,3700,22,2026,4,nyg,ari,00-0037838,I.Likely,target,50,0,0,0,0
2026_04_ARI_NYG,3777,23,2026,4,ari,nyg,00-0037263,T.Allgeier,carry,90,0,0,0,0
2026_04_ARI_NYG,3799,23,2026,4,ari,nyg,00-0037744,T.McBride,target,89,0,0,0,0
2026_04_ARI_NYG,3870,24,2026,4,nyg,ari,00-0040715,C.Skattebo,carry,50,0,0,0,0
2026_04_ARI_NYG,3894,24,2026,4,nyg,ari,00-0040715,C.Skattebo,carry,46,0,0,0,0
2026_04_ARI_NYG,3916,24,2026,4,nyg,ari,00-0040715,C.Skattebo,carry,43,0,0,0,0
2026_04_ARI_NYG,3938,24,2026,4,nyg,ari,00-0040715,C.Skattebo,carry,39,0,0,0,0
2026_04_ARI_NYG,3960,24,2026,4,nyg,ari,00-0040715,C.Skattebo,carry,40,0,0,0,0
2026_04_ARI_NYG,3989,24,2026,4,nyg,ari,00-0037838,I.Likely,target,34,0,0,0,0
2026_04_ARI_NYG,4071,25,2026,4,ari,nyg,00-0038559,Mi.Wilson,target,67,0,0,0,0
2026_04_ARI_NYG,4107,25,2026,4,ari,nyg,00-0038559,Mi.Wilson,target,56,0,0,0,0
2026_04_ARI_NYG,4138,25,2026,4,ari,nyg,00-0037744,T.McBride,target,47,0,0,0,0
2026_04_ARI_NYG,4168,25,2026,4,ari,nyg,00-0033119,J.Brissett,carry,47,0,0,0,0
2026_04_ARI_NYG,4190,25,2026,4,ari,nyg,00-0037744,T.McBride,target,39,0,0,0,0
2026_04_ARI_NYG,4215,25,2026,4,ari,nyg,00-0038559,Mi.Wilson,target,34,0,0,0,0
2026_04_ARI_NYG,4240,25,2026,4,ari,nyg,00-0037744,T.McBride,target,26,0,0,0,0
2026_04_ARI_NYG,4263,25,2026,4,ari,nyg,00-0037744,T.McBride,target,26,0,0,0,0
2026_04_ARI_NYG,4322,25,2026,4,ari,nyg,00-0038559,Mi.Wilson,target,4,1,1,1,0
2026_04_ARI_NYG,4347,25,2026,4,ari,nyg,00-0038559,Mi.Wilson,target,4,1,1,1,0
2026_04_ARI_NYG,4370,25,2026,4,ari,nyg,00-0037744,T.McBride,target,4,1,1,1,0
2026_04_ARI_NYG,4393,25,2026,4,ari,nyg,00-0038559,Mi.Wilson,target,4,1,1,1,0
2026_04_ATL_NO,60,1,2026,4,atl,no,00-0037238,D.London,target,80,0,0,0,0
2026_04_ATL_NO,85,1,2026,4,atl,no,00-0032392,A.Hooper,target,68,0,0,0,0
2026_04_ATL_NO,110,1,2026,4,atl,no,00-0038542,Bi.Robinson,carry,59,0,0,0,1
2026_04_ATL_NO,178,2,2026,4,no,atl,00-0037239,C.Olave,target,73,0,0,0,0
2026_04_ATL_NO,216,2,2026,4,no,atl,00-0039424,D.Vele,target,73,0,0,0,0
2026_04_ATL_NO,253,2,2026,4,no,atl,00-0041067,B.Lance,target,71,0,0,0,0
2026_04_ATL_NO,347,3,2026,4,atl,no,00-0041044,Z.Branch,target,51,0,0,0,0
2026_04_ATL_NO,377,3,2026,4,atl,no,00-0038542,Bi.Robinson,carry,42,0,0,0,0
2026_04_ATL_NO,399,3,2026,4,atl,no,00-0037238,D.London,target,39,0,0,0,0
2026_04_ATL_NO,422,3,2026,4,atl,no,00-0038542,Bi.Robinson,carry,39,0,0,0,0
2026_04_ATL_NO,444,3,2026,4,atl,no,00-0037741,J.Dotson,target,36,0,0,0,0
2026_04_ATL_NO,542,4,2026,4,no,atl,00-0038551,K.Miller,carry,82,0,0,0,0
2026_04_ATL_NO,599,4,2026,4,no,atl,00-0036040,J.Johnson,target,89,0,0,0,0
2026_04_ATL_NO,629,4,2026,4,no,atl,00-0033906,A.Kamara,carry,66,0,0,0,0
2026_04_ATL_NO,651,4,2026,4,no,atl,00-0033906,A.Kamara,target,62,0,0,0,0
2026_04_ATL_NO,676,4,2026,4,no,atl,00-0040743,T.Shough,carry,57,0,0,0,0
2026_04_ATL_NO,698,4,2026,4,no,atl,00-0033906,A.Kamara,target,55,0,0,0,0
2026_04_ATL_NO,728,4,2026,4,no,atl,00-0033906,A.Kamara,carry,38,0,0,0,0
2026_04_ATL_NO,778,4,2026,4,no,atl,00-0036040,J.Johnson,target,36,0,0,0,0
2026_04_ATL_NO,829,5,2026,4,atl,no,00-0037746,Br.Robinson,carry,58,0,0,0,0
2026_04_ATL_NO,858,5,2026,4,atl,no,00-0037746,Br.Robinson,carry,55,0,0,0,0
2026_04_ATL_NO,926,6,2026,4,no,atl,00-0038551,K.Miller,carry,80,0,0,0,0
2026_04_ATL_NO,948,7,2026,4,atl,no,00-0038542,Bi.Robinson,carry,22,0,0,0,0
2026_04_ATL_NO,1024,7,2026,4,atl,no,00-0038542,Bi.Robinson,target,14,1,0,0,0
2026_04_ATL_NO,1059,7,2026,4,atl,no,00-0038542,Bi.Robinson,carry,14,1,0,0,0
2026_04_ATL_NO,1081,7,2026,4,atl,no,00-0038542,Bi.Robinson,carry,11,1,0,0,0
2026_04_ATL_NO,1144,7,2026,4,atl,no,00-0038542,Bi.Robinson,carry,4,1,1,1,1
2026_04_ATL_NO,1216,8,2026,4,no,atl,00-0037239,C.Olave,target,54,0,0,0,0
2026_04_ATL_NO,1241,8,2026,4,no,atl,00-0041067,B.Lance,target,10,1,1,0,0
2026_04_ATL_NO,1286,8,2026,4,no,atl,00-0033906,A.Kamara,carry,3,1,1,1,1
2026_04_ATL_NO,1341,9,2026,4,atl,no,00-0036970,K.Pitts,target,65,0,0,0,0
2026_04_ATL_NO,1371,9,2026,4,atl,no,00-0037746,Br.Robinson,carry,56,0,0,0,0
2026_04_ATL_NO,1395,9,2026,4,atl,no,00-0037746,Br.Robinson,carry,51,0,0,0,0
2026_04_ATL_NO,1417,9,2026,4,atl,no,00-0037746,Br.Robinson,carry,44,0,0,0,0
2026_04_ATL_NO,1439,9,2026,4,atl,no,00-0037746,Br.Robinson,carry,42,0,0,0,0
2026_04_ATL_NO,1461,9,2026,4,atl,no,00-0038542,Bi.Robinson,carry,39,0,0,0,0
2026_04_ATL_NO,1483,9,2026,4,atl,no,00-0037238,D.London,target,39,0,0,0,0
2026_04_ATL_NO,1508,9,2026,4,atl,no,00-0038542,Bi.Robinson,carry,12,1,0,0,0
2026_04_ATL_NO,1530,9,2026,4,atl,no,00-0037746,Br.Robinson,target,9,1,1,0,0
2026_04_ATL_NO,1555,9,2026,4,atl,no,00-0037746,Br.Robinson,carry,4,1,1,1,1
2026_04_ATL_NO,1623,10,2026,4,no,atl,00-0038551,K.Miller,carry,71,0,0,0,0
2026_04_ATL_NO,1645,10,2026,4,no,atl,00-0039424,D.Vele,target,67,0,0,0,0
2026_04_ATL_NO,1668,10,2026,4,no,atl,00-0037239,C.Olave,target,67,0,0,0,0
2026_04_ATL_NO,1711,11,2026,4,atl,no,00-0037238,D.London,target,86,0,0,0,0
2026_04_ATL_NO,1754,11,2026,4,atl,no,00-0038542,Bi.Robinson,carry,49,0,0,0,0
2026_04_ATL_NO,1776,11,2026,4,atl,no,00-0038542,Bi.Robinson,carry,38,0,0,0,0
2026_04_ATL_NO,1798,11,2026,4,atl,no,00-0037746,Br.Robinson,carry,30,0,0,0,0
2026_04_ATL_NO,1820,11,2026,4,atl,no,00-0041044,Z.Branch,target,25,0,0,0,0
2026_04_ATL_NO,1845,11,2026,4,atl,no,00-0036970,K.Pitts,target,24,0,0,0,0
2026_04_ATL_NO,1870,11,2026,4,atl,no,00-0038542,Bi.Robinson,carry,14,1,0,0,0
2026_04_ATL_NO,1892,11,2026,4,atl,no,00-0036429,C.Woerner,target,11,1,0,0,0
2026_04_ATL_NO,1915,11,2026,4,atl,no,00-0035208,O.Zaccheaus,target,11,1,0,0,0
2026_04_ATL_NO,1988,12,2026,4,no,atl,00-0033906,A.Kamara,target,74,0,0,0,0
2026_04_ATL_NO,2013,12,2026,4,no,atl,00-0036040,J.Johnson,target,72,0,0,0,0
2026_04_ATL_NO,2038,12,2026,4,no,atl,00-0036040,J.Johnson,target,54,0,0,0,0
2026_04_ATL_NO,2075,12,2026,4,no,atl,00-0041067,B.Lance,target,53,0,0,0,0
2026_04_ATL_NO,2098,12,2026,4,no,atl,00-0037239,C.Olave,target,53,0,0,0,0
2026_04_ATL_NO,2153,12,2026,4,no,atl,00-0037239,C.Olave,target,48,0,0,0,0
2026_04_ATL_NO,2178,12,2026,4,no,atl,00-0041067,B.Lance,target,42,0,0,0,0
2026_04_ATL_NO,2245,13,2026,4,atl,no,00-0037746,Br.Robinson,carry,92,0,0,0,0
2026_04_ATL_NO,2267,13,2026,4,atl,no,00-0037238,D.London,target,87,0,0,0,0
2026_04_ATL_NO,2342,14,2026,4,no,atl,00-0033906,A.Kamara,carry,67,0,0,0,0
2026_04_ATL_NO,2388,14,2026,4,no,atl,00-0038551,K.Miller,carry,58,0,0,0,0
2026_04_ATL_NO,2410,14,2026,4,no,atl,00-0037239,C.Olave,target,56,0,0,0,0
2026_04_ATL_NO,2435,14,2026,4,no,atl,00-0038551,K.Miller,carry,45,0,0,0,0
2026_04_ATL_NO,2457,14,2026,4,no,atl,00-0033906,A.Kamara,target,46,0,0,0,0
2026_04_ATL_NO,2487,14,2026,4,no,atl,00-0036040,J.Johnson,target,39,0,0,0,0
2026_04_ATL_NO,2512,14,2026,4,no,atl,00-0033906,A.Kamara,target,30,0,0,0,0
2026_04_ATL_NO,2535,14,2026,4,no,atl,00-0033906,A.Kamara,carry,30,0,0,0,0
2026_04_ATL_NO,2557,14,2026,4,no,atl,00-0037239,C.Olave,target,27,0,0,0,0
2026_04_ATL_NO,2621,14,2026,4,no,atl,00-0041099,B.Brown,carry,15,1,0,0,0
2026_04_ATL_NO,2667,14,2026,4,no,atl,00-0038551,K.Miller,target,15,1,0,0,0
2026_04_ATL_NO,2692,14,2026,4,no,atl,00-0039424,D.Vele,target,8,1,1,0,0
2026_04_ATL_NO,2770,15,2026,4,atl,no,00-0038542,Bi.Robinson,carry,74,0,0,0,0
2026_04_ATL_NO,2792,15,2026,4,atl,no,00-0037741,J.Dotson,target,70,0,0,0,0
2026_04_ATL_NO,2828,15,2026,4,atl,no,00-0038542,Bi.Robinson,carry,47,0,0,0,0
2026_04_ATL_NO,2850,15,2026,4,atl,no,00-0038542,Bi.Robinson,carry,38,0,0,0,0
2026_04_ATL_NO,2872,15,2026,4,atl,no,00-0037746,Br.Robinson,carry,28,0,0,0,0
2026_04_ATL_NO,2894,15,2026,4,atl,no,00-0038542,Bi.Robinson,target,30,0,0,0,0
2026_04_ATL_NO,2919,15,2026,4,atl,no,00-0037238,D.London,target,28,0,0,0,0
2026_04_ATL_NO,2949,15,2026,4,atl,no,00-0038542,Bi.Robinson,carry,14,1,0,0,0
2026_04_ATL_NO,2971,15,2026,4,atl,no,00-0037746,Br.Robinson,carry,8,1,1,0,1
2026_04_ATL_NO,3044,16,2026,4,no,atl,00-0039518,T.Welch,target,68,0,0,0,0
2026_04_ATL_NO,3067,16,2026,4,no,atl,00-0038551,K.Miller,target,68,0,0,0,0
2026_04_ATL_NO,3136,16,2026,4,no,atl,00-0033906,A.Kamara,target,43,0,0,0,0
2026_04_ATL_NO,3171,16,2026,4,no,atl,00-0037239,C.Olave,target,43,0,0,0,0
2026_04_ATL_NO,3194,16,2026,4,no,atl,00-0041067,B.Lance,target,43,0,0,0,0
2026_04_ATL_NO,3217,16,2026,4,no,atl,00-0039424,D.Vele,target,43,0,0,0,0
2026_04_ATL_NO,3312,16,2026,4,no,atl,00-0038551,K.Miller,target,40,0,0,0,0
2026_04_ATL_NO,3357,16,2026,4,no,atl,00-0033906,A.Kamara,target,37,0,0,0,0
2026_04_ATL_NO,3387,16,2026,4,no,atl,00-0039424,D.Vele,target,33,0,0,0,0
2026_04_ATL_NO,3412,16,2026,4,no,atl,00-0033906,A.Kamara,carry,16,1,0,0,0
2026_04_ATL_NO,3434,16,2026,4,no,atl,00-0036040,J.Johnson,target,14,1,0,0,0
2026_04_ATL_NO,3457,16,2026,4,no,atl,00-0039424,D.Vele,target,14,1,0,0,0
2026_04_ATL_NO,3482,16,2026,4,no,atl,00-0033906,A.Kamara,carry,5,1,1,1,1
2026_04_ATL_NO,3550,17,2026,4,atl,no,00-0036970,K.Pitts,target,72,0,0,0,0
2026_04_ATL_NO,3582,17,2026,4,atl,no,00-0038542,Bi.Robinson,carry,44,0,0,0,0
2026_04_ATL_NO,3604,17,2026,4,atl,no,00-0038542,Bi.Robinson,carry,41,0,0,0,0
2026_04_ATL_NO,3626,17,2026,4,atl,no,00-0038542,Bi.Robinson,carry,36,0,0,0,0
2026_04_ATL_NO,3648,17,2026,4,atl,no,00-0037741,J.Dotson,target,31,0,0,0,1
2026_04_ATL_NO,3719,18,2026,4,no,atl,00-0036040,J.Johnson,target,74,0,0,0,0
2026_04_ATL_NO,3781,18,2026,4,no,atl,00-0036040,J.Johnson,target,71,0,0,0,0
2026_04_ATL_NO,3850,19,2026,4,atl,no,00-0037746,Br.Robinson,carry,21,0,0,0,0
2026_04_ATL_NO,3879,19,2026,4,atl,no,00-0037746,Br.Robinson,carry,18,1,0,0,0
2026_04_ATL_NO,3901,19,2026,4,atl,no,00-0037746,Br.Robinson,carry,11,1,0,0,1
2026_04_ATL_NO,3983,20,2026,4,no,atl,00-0041326,C.Donaldson,carry,76,0,0,0,0
2026_04_ATL_NO,4005,20,2026,4,no,atl,00-0041326,C.Donaldson,carry,67,0,0,0,0
2026_04_ATL_NO,4027,20,2026,4,no,atl,00-0037239,C.Olave,target,64,0,0,0,0
2026_04_ATL_NO,4050,20,2026,4,no,atl,00-0041326,C.Donaldson,carry,64,0,0,0,0
2026_04_ATL_NO,4072,20,2026,4,no,atl,00-0039424,D.Vele,target,58,0,0,0,0
2026_04_ATL_NO,4097,20,2026,4,no,atl,00-0041326,C.Donaldson,target,53,0,0,0,0
2026_04_ATL_NO,4122,20,2026,4,no,atl,00-0038551,K.Miller,carry,54,0,0,0,0
2026_04_ATL_NO,4144,20,2026,4,no,atl,00-0039424,D.Vele,target,50,0,0,0,0
2026_04_ATL_NO,4167,20,2026,4,no,atl,00-0037239,C.Olave,target,50,0,0,0,0
2026_04_ATL_NO,4192,20,2026,4,no,atl,00-0037239,C.Olave,target,27,0,0,0,0
2026_04_ATL_NO,4217,20,2026,4,no,atl,00-0041326,C.Donaldson,target,22,0,0,0,0
2026_04_ATL_NO,4242,20,2026,4,no,atl,00-0037239,C.Olave,target,16,1,0,0,0
2026_04_ATL_NO,4308,20,2026,4,no,atl,00-0039424,D.Vele,target,3,1,1,1,1
2026_04_DAL_HOU,75,1,2026,4,hou,dal,00-0036554,N.Collins,target,85,0,0,0,0
2026_04_DAL_HOU,101,1,2026,4,hou,dal,00-0035685,D.Montgomery,carry,40,0,0,0,0
2026_04_DAL_HOU,151,1,2026,4,hou,dal,00-0035685,D.Montgomery,carry,29,0,0,0,0
2026_04_DAL_HOU,173,1,2026,4,hou,dal,00-0036556,B.Jordan,target,27,0,0,0,0
2026_04_DAL_HOU,203,1,2026,4,hou,dal,00-0034383,D.Schultz,target,14,1,0,0,0
2026_04_DAL_HOU,228,1,2026,4,hou,dal,00-0035685,D.Montgomery,carry,7,1,1,0,0
2026_04_DAL_HOU,250,1,2026,4,hou,dal,00-0036554,N.Collins,target,7,1,1,0,1
2026_04_DAL_HOU,337,2,2026,4,dal,hou,00-0036997,J.Williams,carry,59,0,0,0,0
2026_04_DAL_HOU,359,2,2026,4,dal,hou,00-0036358,C.Lamb,target,57,0,0,0,0
2026_04_DAL_HOU,384,2,2026,4,dal,hou,00-0036997,J.Williams,carry,49,0,0,0,0
2026_04_DAL_HOU,406,2,2026,4,dal,hou,00-0039062,J.Mingo,target,45,0,0,0,0
2026_04_DAL_HOU,429,2,2026,4,dal,hou,00-0039410,R.Flournoy,target,45,0,0,0,0
2026_04_DAL_HOU,454,2,2026,4,dal,hou,00-0036997,J.Williams,carry,26,0,0,0,0
2026_04_DAL_HOU,496,2,2026,4,dal,hou,00-0037247,G.Pickens,target,21,0,0,0,0
2026_04_DAL_HOU,580,3,2026,4,hou,dal,00-0040583,W.Marks,carry,92,0,0,0,0
2026_04_DAL_HOU,604,3,2026,4,hou,dal,00-0040138,J.Noel,target,83,0,0,0,0
2026_04_DAL_HOU,674,3,2026,4,hou,dal,00-0040583,W.Marks,target,41,0,0,0,0
2026_04_DAL_HOU,708,3,2026,4,hou,dal,00-0040583,W.Marks,carry,41,0,0,0,0
2026_04_DAL_HOU,730,3,2026,4,hou,dal,00-0036554,N.Collins,target,38,0,0,0,0
2026_04_DAL_HOU,838,4,2026,4,dal,hou,00-0036997,J.Williams,target,63,0,0,0,0
2026_04_DAL_HOU,902,4,2026,4,dal,hou,00-0036358,C.Lamb,target,49,0,0,0,0
2026_04_DAL_HOU,927,4,2026,4,dal,hou,00-0038041,J.Ferguson,target,47,0,0,0,0
2026_04_DAL_HOU,972,4,2026,4,dal,hou,00-0036358,C.Lamb,target,45,0,0,0,0
2026_04_DAL_HOU,997,4,2026,4,dal,hou,00-0038041,J.Ferguson,target,37,0,0,0,0
2026_04_DAL_HOU,1022,4,2026,4,dal,hou,00-0036997,J.Williams,carry,35,0,0,0,0
2026_04_DAL_HOU,1044,4,2026,4,dal,hou,00-0036997,J.Williams,target,33,0,0,0,0
2026_04_DAL_HOU,1143,5,2026,4,hou,dal,00-0038618,X.Hutchinson,target,81,0,0,0,0
2026_04_DAL_HOU,1168,5,2026,4,hou,dal,00-0035685,D.Montgomery,carry,71,0,0,0,0
2026_04_DAL_HOU,1236,6,2026,4,dal,hou,00-0036997,J.Williams,carry,69,0,0,0,0
2026_04_DAL_HOU,1299,6,2026,4,dal,hou,00-0036997,J.Williams,carry,81,0,0,0,0
2026_04_DAL_HOU,1332,6,2026,4,dal,hou,00-0036358,C.Lamb,carry,68,0,0,0,0
2026_04_DAL_HOU,1354,6,2026,4,dal,hou,00-0036358,C.Lamb,target,74,0,0,0,0
2026_04_DAL_HOU,1384,6,2026,4,dal,hou,00-0038041,J.Ferguson,target,74,0,0,0,0
2026_04_DAL_HOU,1433,7,2026,4,hou,dal,00-0038618,X.Hutchinson,target,83,0,0,0,0
2026_04_DAL_HOU,1463,7,2026,4,hou,dal,00-0040583,W.Marks,carry,83,0,0,0,0
2026_04_DAL_HOU,1487,7,2026,4,hou,dal,00-0038618,X.Hutchinson,target,80,0,0,0,0
2026_04_DAL_HOU,1541,8,2026,4,dal,hou,00-0036358,C.Lamb,target,64,0,0,0,0
2026_04_DAL_HOU,1573,8,2026,4,dal,hou,00-0037120,T.Goodson,target,53,0,0,0,0
2026_04_DAL_HOU,1596,8,2026,4,dal,hou,00-0037120,T.Goodson,carry,53,0,0,0,0
2026_04_DAL_HOU,1618,8,2026,4,dal,hou,00-0037120,T.Goodson,carry,43,0,0,0,0
2026_04_DAL_HOU,1640,8,2026,4,dal,hou,00-0039062,J.Mingo,target,44,0,0,0,0
2026_04_DAL_HOU,1663,8,2026,4,dal,hou,00-0036358,C.Lamb,target,44,0,0,0,0
2026_04_DAL_HOU,1707,9,2026,4,hou,dal,00-0035685,D.Montgomery,carry,48,0,0,0,0
2026_04_DAL_HOU,1729,9,2026,4,hou,dal,00-0036554,N.Collins,target,45,0,0,0,0
2026_04_DAL_HOU,1754,9,2026,4,hou,dal,00-0035685,D.Montgomery,carry,27,0,0,0,0
2026_04_DAL_HOU,1776,9,2026,4,hou,dal,00-0035685,D.Montgomery,carry,21,0,0,0,0
2026_04_DAL_HOU,1864,10,2026,4,dal,hou,00-0036358,C.Lamb,target,74,0,0,0,0
2026_04_DAL_HOU,1901,10,2026,4,dal,hou,00-0036997,J.Williams,carry,65,0,0,0,0
2026_04_DAL_HOU,1923,10,2026,4,dal,hou,00-0036358,C.Lamb,target,52,0,0,0,0
2026_04_DAL_HOU,1948,10,2026,4,dal,hou,00-0036997,J.Williams,target,41,0,0,0,0
2026_04_DAL_HOU,2062,11,2026,4,hou,dal,00-0038608,K.Boutte,target,45,0,0,0,0
2026_04_DAL_HOU,2203,12,2026,4,dal,hou,00-0036997,J.Williams,carry,49,0,0,0,0
2026_04_DAL_HOU,2225,12,2026,4,dal,hou,00-0036997,J.Williams,carry,42,0,0,0,0
2026_04_DAL_HOU,2247,12,2026,4,dal,hou,00-0036358,C.Lamb,target,38,0,0,0,0
2026_04_DAL_HOU,2272,12,2026,4,dal,hou,00-0036997,J.Williams,carry,8,1,1,0,1
2026_04_DAL_HOU,2345,13,2026,4,hou,dal,00-0035685,D.Montgomery,carry,38,0,0,0,0
2026_04_DAL_HOU,2369,13,2026,4,hou,dal,00-0038618,X.Hutchinson,target,36,0,0,0,0
2026_04_DAL_HOU,2399,13,2026,4,hou,dal,00-0040138,J.Noel,carry,26,0,0,0,0
2026_04_DAL_HOU,2421,13,2026,4,hou,dal,00-0036554,N.Collins,target,22,0,0,0,1
2026_04_DAL_HOU,2507,14,2026,4,dal,hou,00-0037247,G.Pickens,target,64,0,0,0,0
2026_04_DAL_HOU,2532,14,2026,4,dal,hou,00-0036997,J.Williams,carry,11,1,0,0,0
2026_04_DAL_HOU,2554,14,2026,4,dal,hou,00-0036997,J.Williams,carry,5,1,1,1,0
2026_04_DAL_HOU,2610,14,2026,4,dal,hou,00-0036997,J.Williams,carry,1,1,1,1,0
2026_04_DAL_HOU,2632,14,2026,4,dal,hou,00-0036358,C.Lamb,target,4,1,1,1,0
2026_04_DAL_HOU,2711,14,2026,4,dal,hou,00-0036997,J.Williams,carry,1,1,1,1,1
2026_04_DAL_HOU,2782,15,2026,4,hou,dal,00-0039359,C.Stover,target,80,0,0,0,0
2026_04_DAL_HOU,2807,15,2026,4,hou,dal,00-0040583,W.Marks,carry,60,0,0,0,0
2026_04_DAL_HOU,2829,15,2026,4,hou,dal,00-0036554,N.Collins,target,58,0,0,0,0
2026_04_DAL_HOU,2906,16,2026,4,dal,hou,00-0036358,C.Lamb,target,81,0,0,0,0
2026_04_DAL_HOU,2938,16,2026,4,dal,hou,00-0037120,T.Goodson,carry,73,0,0,0,0
2026_04_DAL_HOU,2960,16,2026,4,dal,hou,00-0039410,R.Flournoy,target,70,0,0,0,0
2026_04_DAL_HOU,2985,16,2026,4,dal,hou,00-0036358,C.Lamb,target,68,0,0,0,0
2026_04_DAL_HOU,3013,16,2026,4,dal,hou,00-0036358,C.Lamb,target,61,0,0,0,0
2026_04_DAL_HOU,3040,16,2026,4,dal,hou,00-0036997,J.Williams,carry,45,0,0,0,0
2026_04_DAL_HOU,3062,16,2026,4,dal,hou,00-0036997,J.Williams,target,44,0,0,0,0
2026_04_DAL_HOU,3087,16,2026,4,dal,hou,00-0039410,R.Flournoy,target,42,0,0,0,0
2026_04_DAL_HOU,3194,16,2026,4,dal,hou,00-0039410,R.Flournoy,target,48,0,0,0,0
2026_04_DAL_HOU,3219,16,2026,4,dal,hou,00-0036358,C.Lamb,target,41,0,0,0,0
2026_04_DAL_HOU,3244,16,2026,4,dal,hou,00-0036997,J.Williams,carry,20,1,0,0,0
2026_04_DAL_HOU,3266,16,2026,4,dal,hou,00-0036358,C.Lamb,target,20,1,0,0,0
2026_04_DAL_HOU,3291,16,2026,4,dal,hou,00-0036997,J.Williams,carry,3,1,1,1,0
2026_04_DAL_HOU,3313,16,2026,4,dal,hou,00-0036997,J.Williams,carry,2,1,1,1,1
2026_04_DAL_HOU,3408,17,2026,4,hou,dal,00-0038608,K.Boutte,target,86,0,0,0,0
2026_04_DAL_HOU,3490,17,2026,4,hou,dal,00-0035685,D.Montgomery,carry,65,0,0,0,0
2026_04_DAL_HOU,3524,17,2026,4,hou,dal,00-0035685,D.Montgomery,carry,60,0,0,0,0
2026_04_DAL_HOU,3599,18,2026,4,dal,hou,00-0036997,J.Williams,carry,69,0,0,0,0
2026_04_DAL_HOU,3628,18,2026,4,dal,hou,00-0039530,B.Spann-Ford,target,67,0,0,0,0
2026_04_DAL_HOU,3651,18,2026,4,dal,hou,00-0038738,H.Luepke,target,67,0,0,0,0
2026_04_DAL_HOU,3728,19,2026,4,hou,dal,00-0038618,X.Hutchinson,target,92,0,0,0,0
2026_04_DAL_HOU,3753,19,2026,4,hou,dal,00-0038608,K.Boutte,target,66,0,0,0,0
2026_04_DAL_HOU,3778,19,2026,4,hou,dal,00-0040583,W.Marks,carry,57,0,0,0,0
2026_04_DAL_HOU,3800,19,2026,4,hou,dal,00-0036554,N.Collins,target,58,0,0,0,0
2026_04_DAL_HOU,3825,19,2026,4,hou,dal,00-0040138,J.Noel,target,45,0,0,0,0
2026_04_DAL_HOU,3883,19,2026,4,hou,dal,00-0034981,F.Moreau,target,33,0,0,0,0
2026_04_DAL_HOU,3908,19,2026,4,hou,dal,00-0038608,K.Boutte,target,32,0,0,0,0
2026_04_DAL_HOU,3957,19,2026,4,hou,dal,00-0034383,D.Schultz,target,27,0,0,0,0
2026_04_DAL_HOU,3982,19,2026,4,hou,dal,00-0040583,W.Marks,carry,6,1,1,0,1
2026_04_DAL_HOU,4059,20,2026,4,dal,hou,00-0036358,C.Lamb,target,74,0,0,0,0
2026_04_DAL_HOU,4082,20,2026,4,dal,hou,00-0036358,C.Lamb,target,74,0,0,0,0
2026_04_DAL_HOU,4107,20,2026,4,dal,hou,00-0036358,C.Lamb,target,65,0,0,0,0
2026_04_DAL_HOU,4139,20,2026,4,dal,hou,00-0038041,J.Ferguson,target,68,0,0,0,0
2026_04_DAL_HOU,4187,20,2026,4,dal,hou,00-0036358,C.Lamb,target,61,0,0,0,0
2026_04_DAL_HOU,4212,20,2026,4,dal,hou,00-0036997,J.Williams,target,46,0,0,0,0
2026_04_DAL_HOU,4244,20,2026,4,dal,hou,00-0036358,C.Lamb,target,42,0,0,0,0
2026_04_DAL_HOU,4276,20,2026,4,dal,hou,00-0037247,G.Pickens,target,34,0,0,0,0
2026_04_DAL_HOU,4313,20,2026,4,dal,hou,00-0039410,R.Flournoy,target,12,1,0,0,0
2026_04_DAL_HOU,4336,20,2026,4,dal,hou,00-0036358,C.Lamb,target,12,1,0,0,1
2026_04_DAL_HOU,4408,21,2026,4,hou,dal,00-0036554,N.Collins,target,72,0,0,0,0
2026_04_DAL_HOU,4438,21,2026,4,hou,dal,00-0040138,J.Noel,target,64,0,0,0,0
2026_04_DEN_SF,56,1,2026,4,den,sf,00-0036613,J.Waddle,target,65,0,0,0,0
2026_04_DEN_SF,104,1,2026,4,den,sf,00-0034348,C.Sutton,target,63,0,0,0,0
2026_04_DEN_SF,153,2,2026,4,sf,den,00-0033280,C.McCaffrey,carry,94,0,0,0,0
2026_04_DEN_SF,175,2,2026,4,sf,den,00-0033280,C.McCaffrey,carry,91,0,0,0,0
2026_04_DEN_SF,197,2,2026,4,sf,den,00-0035719,D.Samuel,target,79,0,0,0,0
2026_04_DEN_SF,222,2,2026,4,sf,den,00-0039365,J.Cowing,carry,72,0,0,0,0
2026_04_DEN_SF,264,2,2026,4,sf,den,00-0037834,B.Purdy,carry,70,0,0,0,0
2026_04_DEN_SF,286,2,2026,4,sf,den,00-0041052,K.Black,carry,68,0,0,0,0
2026_04_DEN_SF,308,2,2026,4,sf,den,00-0033288,G.Kittle,target,67,0,0,0,0
2026_04_DEN_SF,344,2,2026,4,sf,den,00-0039365,J.Cowing,target,64,0,0,0,0
2026_04_DEN_SF,441,3,2026,4,den,sf,00-0040730,R.Harvey,target,94,0,0,0,0
2026_04_DEN_SF,466,3,2026,4,den,sf,00-0040134,P.Bryant,target,88,0,0,0,0
2026_04_DEN_SF,491,3,2026,4,den,sf,00-0037085,T.Badie,target,82,0,0,0,0
2026_04_DEN_SF,521,3,2026,4,den,sf,00-0040730,R.Harvey,carry,57,0,0,0,0
2026_04_DEN_SF,543,3,2026,4,den,sf,00-0040730,R.Harvey,target,51,0,0,0,0
2026_04_DEN_SF,568,3,2026,4,den,sf,00-0037085,T.Badie,carry,49,0,0,0,0
2026_04_DEN_SF,590,3,2026,4,den,sf,00-0040730,R.Harvey,carry,45,0,0,0,0
2026_04_DEN_SF,612,3,2026,4,den,sf,00-0036613,J.Waddle,target,43,0,0,0,0
2026_04_DEN_SF,635,3,2026,4,den,sf,00-0038976,M.Mims,target,43,0,0,0,0
2026_04_DEN_SF,693,3,2026,4,den,sf,00-0033881,E.Engram,target,43,0,0,0,0
2026_04_DEN_SF,728,3,2026,4,den,sf,00-0040730,R.Harvey,target,43,0,0,0,0
2026_04_DEN_SF,753,3,2026,4,den,sf,00-0040730,R.Harvey,target,40,0,0,0,0
2026_04_DEN_SF,826,4,2026,4,sf,den,00-0035719,D.Samuel,carry,65,0,0,0,0
2026_04_DEN_SF,853,4,2026,4,sf,den,00-0033280,C.McCaffrey,carry,43,0,0,0,0
2026_04_DEN_SF,875,4,2026,4,sf,den,00-0035719,D.Samuel,target,41,0,0,0,0
2026_04_DEN_SF,920,4,2026,4,sf,den,00-0033280,C.McCaffrey,carry,37,0,0,0,0
2026_04_DEN_SF,942,4,2026,4,sf,den,00-0037834,B.Purdy,carry,34,0,0,0,0
2026_04_DEN_SF,964,5,2026,4,den,sf,00-0040730,R.Harvey,carry,66,0,0,0,0
2026_04_DEN_SF,993,5,2026,4,den,sf,00-0036613,J.Waddle,target,64,0,0,0,0
2026_04_DEN_SF,1042,5,2026,4,den,sf,00-0033881,E.Engram,target,63,0,0,0,0
2026_04_DEN_SF,1084,6,2026,4,sf,den,00-0033288,G.Kittle,target,88,0,0,0,0
2026_04_DEN_SF,1116,6,2026,4,sf,den,00-0041052,K.Black,carry,84,0,0,0,0
2026_04_DEN_SF,1138,6,2026,4,sf,den,00-0033280,C.McCaffrey,carry,79,0,0,0,0
2026_04_DEN_SF,1180,7,2026,4,den,sf,00-0036158,J.Dobbins,carry,70,0,0,0,0
2026_04_DEN_SF,1209,7,2026,4,den,sf,00-0036613,J.Waddle,target,70,0,0,0,0
2026_04_DEN_SF,1280,7,2026,4,den,sf,00-0036158,J.Dobbins,carry,58,0,0,0,0
2026_04_DEN_SF,1302,7,2026,4,den,sf,00-0036158,J.Dobbins,carry,54,0,0,0,0
2026_04_DEN_SF,1324,7,2026,4,den,sf,00-0037085,T.Badie,carry,50,0,0,0,0
2026_04_DEN_SF,1383,7,2026,4,den,sf,00-0036158,J.Dobbins,target,47,0,0,0,0
2026_04_DEN_SF,1413,7,2026,4,den,sf,00-0033881,E.Engram,target,42,0,0,0,0
2026_04_DEN_SF,1488,8,2026,4,sf,den,00-0031408,M.Evans,target,80,0,0,0,0
2026_04_DEN_SF,1520,8,2026,4,sf,den,00-0033280,C.McCaffrey,carry,62,0,0,0,0
2026_04_DEN_SF,1569,8,2026,4,sf,den,00-0033280,C.McCaffrey,carry,53,0,0,0,0
2026_04_DEN_SF,1596,8,2026,4,sf,den,00-0031408,M.Evans,target,43,0,0,0,0
2026_04_DEN_SF,1619,8,2026,4,sf,den,00-0035719,D.Samuel,carry,43,0,0,0,0
2026_04_DEN_SF,1641,8,2026,4,sf,den,00-0035719,D.Samuel,target,23,0,0,0,0
2026_04_DEN_SF,1671,8,2026,4,sf,den,00-0029892,K.Juszczyk,target,23,0,0,0,0
2026_04_DEN_SF,1696,8,2026,4,sf,den,00-0041052,K.Black,carry,11,1,0,0,0
2026_04_DEN_SF,1725,8,2026,4,sf,den,00-0037834,B.Purdy,carry,9,1,1,0,0
2026_04_DEN_SF,1754,8,2026,4,sf,den,00-0031408,M.Evans,target,6,1,1,0,0
2026_04_DEN_SF,1828,9,2026,4,den,sf,00-0040730,R.Harvey,target,80,0,0,0,0
2026_04_DEN_SF,1853,9,2026,4,den,sf,00-0040730,R.Harvey,target,75,0,0,0,0
2026_04_DEN_SF,1883,9,2026,4,den,sf,00-0034348,C.Sutton,target,71,0,0,0,0
2026_04_DEN_SF,1919,9,2026,4,den,sf,00-0034348,C.Sutton,target,62,0,0,0,0
2026_04_DEN_SF,1965,9,2026,4,den,sf,00-0034348,C.Sutton,target,62,0,0,0,0
2026_04_DEN_SF,2007,10,2026,4,sf,den,00-0033288,G.Kittle,target,82,0,0,0,0
2026_04_DEN_SF,2037,10,2026,4,sf,den,00-0031408,M.Evans,target,82,0,0,0,0
2026_04_DEN_SF,2065,10,2026,4,sf,den,00-0033280,C.McCaffrey,target,58,0,0,0,0
2026_04_DEN_SF,2131,10,2026,4,sf,den,00-0031408,M.Evans,target,49,0,0,0,0
2026_04_DEN_SF,2156,10,2026,4,sf,den,00-0033280,C.McCaffrey,target,41,0,0,0,0
2026_04_DEN_SF,2355,11,2026,4,sf,den,00-0033288,G.Kittle,target,68,0,0,0,0
2026_04_DEN_SF,2389,11,2026,4,sf,den,00-0031236,B.Cooks,target,68,0,0,0,0
2026_04_DEN_SF,2434,12,2026,4,den,sf,00-0036158,J.Dobbins,carry,77,0,0,0,0
2026_04_DEN_SF,2471,12,2026,4,den,sf,00-0036158,J.Dobbins,carry,75,0,0,0,0
2026_04_DEN_SF,2500,12,2026,4,den,sf,00-0040134,P.Bryant,target,74,0,0,0,0
2026_04_DEN_SF,2530,12,2026,4,den,sf,00-0036422,A.Trautman,target,63,0,0,0,0
2026_04_DEN_SF,2565,12,2026,4,den,sf,00-0036158,J.Dobbins,carry,63,0,0,0,0
2026_04_DEN_SF,2642,13,2026,4,sf,den,00-0033280,C.McCaffrey,target,92,0,0,0,0
2026_04_DEN_SF,2672,13,2026,4,sf,den,00-0033280,C.McCaffrey,carry,92,0,0,0,0
2026_04_DEN_SF,2694,13,2026,4,sf,den,00-0031408,M.Evans,target,89,0,0,0,0
2026_04_DEN_SF,2759,14,2026,4,sf,den,00-0035719,D.Samuel,carry,28,0,0,0,0
2026_04_DEN_SF,2781,14,2026,4,sf,den,00-0033288,G.Kittle,target,26,0,0,0,0
2026_04_DEN_SF,2806,14,2026,4,sf,den,00-0041052,K.Black,carry,19,1,0,0,0
2026_04_DEN_SF,2828,14,2026,4,sf,den,00-0041052,K.Black,carry,19,1,0,0,0
2026_04_DEN_SF,2852,14,2026,4,sf,den,00-0033280,C.McCaffrey,carry,17,1,0,0,0
2026_04_DEN_SF,2901,14,2026,4,sf,den,00-0035719,D.Samuel,target,7,1,1,0,0
2026_04_DEN_SF,2926,14,2026,4,sf,den,00-0033280,C.McCaffrey,carry,1,1,1,1,0
2026_04_DEN_SF,2957,14,2026,4,sf,den,00-0035719,D.Samuel,target,1,1,1,1,1
2026_04_DEN_SF,3049,15,2026,4,den,sf,00-0040730,R.Harvey,carry,85,0,0,0,0
2026_04_DEN_SF,3079,15,2026,4,den,sf,00-0040730,R.Harvey,carry,85,0,0,0,0
2026_04_DEN_SF,3101,15,2026,4,den,sf,00-0040134,P.Bryant,target,81,0,0,0,0
2026_04_DEN_SF,3129,15,2026,4,den,sf,00-0040730,R.Harvey,target,51,0,0,0,0
2026_04_DEN_SF,3163,15,2026,4,den,sf,00-0040730,R.Harvey,carry,42,0,0,0,0
2026_04_DEN_SF,3185,15,2026,4,den,sf,00-0036158,J.Dobbins,carry,40,0,0,0,0
2026_04_DEN_SF,3207,15,2026,4,den,sf,00-0036158,J.Dobbins,target,37,0,0,0,0
2026_04_DEN_SF,3275,15,2026,4,den,sf,00-0038976,M.Mims,target,30,0,0,0,0
2026_04_DEN_SF,3298,15,2026,4,den,sf,00-0040730,R.Harvey,target,30,0,0,0,0
2026_04_DEN_SF,3371,16,2026,4,sf,den,00-0029892,K.Juszczyk,target,74,0,0,0,0
2026_04_DEN_SF,3399,16,2026,4,sf,den,00-0031408,M.Evans,target,58,0,0,0,0
2026_04_DEN_SF,3431,16,2026,4,sf,den,00-0033280,C.McCaffrey,carry,49,0,0,0,0
2026_04_DEN_SF,3453,16,2026,4,sf,den,00-0033280,C.McCaffrey,carry,35,0,0,0,0
2026_04_DEN_SF,3475,16,2026,4,sf,den,00-0035719,D.Samuel,target,34,0,0,0,0
2026_04_DEN_SF,3500,16,2026,4,sf,den,00-0041052,K.Black,carry,26,0,0,0,0
2026_04_DEN_SF,3555,16,2026,4,sf,den,00-0031408,M.Evans,target,18,1,0,0,0
2026_04_DEN_SF,3580,16,2026,4,sf,den,00-0033280,C.McCaffrey,carry,1,1,1,1,0
2026_04_DEN_SF,3607,16,2026,4,sf,den,00-0033280,C.McCaffrey,carry,1,1,1,1,1
2026_04_DEN_SF,3690,17,2026,4,den,sf,00-0040730,R.Harvey,target,70,0,0,0,0
2026_04_DEN_SF,3715,17,2026,4,den,sf,00-0036158,J.Dobbins,carry,52,0,0,0,0
2026_04_DEN_SF,3737,17,2026,4,den,sf,00-0036158,J.Dobbins,carry,44,0,0,0,0
2026_04_DEN_SF,3759,17,2026,4,den,sf,00-0036158,J.Dobbins,carry,42,0,0,0,0
2026_04_DEN_SF,3781,17,2026,4,den,sf,00-0040730,R.Harvey,target,40,0,0,0,0
2026_04_DEN_SF,3822,17,2026,4,den,sf,00-0040730,R.Harvey,carry,31,0,0,0,0
2026_04_DEN_SF,3844,17,2026,4,den,sf,00-0036158,J.Dobbins,carry,22,0,0,0,0
2026_04_DEN_SF,3866,17,2026,4,den,sf,00-0036613,J.Waddle,target,13,1,0,0,1
2026_04_DEN_SF,3928,18,2026,4,sf,den,00-0033280,C.McCaffrey,target,69,0,0,0,0
2026_04_DEN_SF,3951,18,2026,4,sf,den,00-0033280,C.McCaffrey,target,69,0,0,0,0
2026_04_DEN_SF,3976,18,2026,4,sf,den,00-0037834,B.Purdy,carry,60,0,0,0,0
2026_04_DEN_SF,3998,18,2026,4,sf,den,00-0033280,C.McCaffrey,carry,58,0,0,0,0
2026_04_DEN_SF,4020,18,2026,4,sf,den,00-0033288,G.Kittle,target,56,0,0,0,1
2026_04_DEN_SF,4094,19,2026,4,den,sf,00-0037085,T.Badie,target,58,0,0,0,0
2026_04_DEN_SF,4143,19,2026,4,den,sf,00-0033881,E.Engram,target,51,0,0,0,0
2026_04_DEN_SF,4176,19,2026,4,den,sf,00-0038976,M.Mims,target,51,0,0,0,0
2026_04_DEN_SF,4240,19,2026,4,den,sf,00-0033881,E.Engram,target,51,0,0,0,0
2026_04_DEN_SF,4265,19,2026,4,den,sf,00-0034348,C.Sutton,target,45,0,0,0,0
2026_04_DEN_SF,4288,19,2026,4,den,sf,00-0034348,C.Sutton,target,45,0,0,0,0
2026_04_DEN_SF,4311,19,2026,4,den,sf,00-0036613,J.Waddle,target,45,0,0,0,0
2026_04_DET_CAR,56,1,2026,4,det,car,00-0039139,J.Gibbs,carry,65,0,0,0,0
2026_04_DET_CAR,78,1,2026,4,det,car,00-0037240,J.Williams,target,58,0,0,0,0
2026_04_DET_CAR,108,1,2026,4,det,car,00-0036963,A.St. Brown,target,52,0,0,0,0
2026_04_DET_CAR,162,1,2026,4,det,car,00-0039139,J.Gibbs,carry,39,0,0,0,0
2026_04_DET_CAR,184,1,2026,4,det,car,00-0040669,I.TeSlaa,target,36,0,0,0,0
2026_04_DET_CAR,207,1,2026,4,det,car,00-0039065,S.LaPorta,target,36,0,0,0,0
2026_04_DET_CAR,292,2,2026,4,car,det,00-0037005,T.Tremble,target,64,0,0,0,0
2026_04_DET_CAR,317,2,2026,4,car,det,00-0036555,C.Hubbard,carry,59,0,0,0,0
2026_04_DET_CAR,339,2,2026,4,car,det,00-0040124,T.McMillan,target,63,0,0,0,0
2026_04_DET_CAR,400,2,2026,4,car,det,00-0040124,T.McMillan,target,58,0,0,0,0
2026_04_DET_CAR,425,2,2026,4,car,det,00-0036555,C.Hubbard,carry,46,0,0,0,0
2026_04_DET_CAR,527,3,2026,4,det,car,00-0036963,A.St. Brown,target,94,0,0,0,0
2026_04_DET_CAR,557,3,2026,4,det,car,00-0037240,J.Williams,target,89,0,0,0,0
2026_04_DET_CAR,580,3,2026,4,det,car,00-0039139,J.Gibbs,target,89,0,0,0,0
2026_04_DET_CAR,640,4,2026,4,car,det,00-0040124,T.McMillan,target,72,0,0,0,0
2026_04_DET_CAR,683,4,2026,4,car,det,00-0036555,C.Hubbard,carry,63,0,0,0,0
2026_04_DET_CAR,705,4,2026,4,car,det,00-0036555,C.Hubbard,carry,60,0,0,0,0
2026_04_DET_CAR,754,4,2026,4,car,det,00-0037005,T.Tremble,target,47,0,0,0,0
2026_04_DET_CAR,779,4,2026,4,car,det,00-0036555,C.Hubbard,target,43,0,0,0,0
2026_04_DET_CAR,804,4,2026,4,car,det,00-0040124,T.McMillan,target,36,0,0,0,0
2026_04_DET_CAR,829,4,2026,4,car,det,00-0036555,C.Hubbard,carry,15,1,0,0,1
2026_04_DET_CAR,897,5,2026,4,det,car,00-0039065,S.LaPorta,target,73,0,0,0,0
2026_04_DET_CAR,922,5,2026,4,det,car,00-0039065,S.LaPorta,target,75,0,0,0,0
2026_04_DET_CAR,959,5,2026,4,det,car,00-0039139,J.Gibbs,carry,49,0,0,0,0
2026_04_DET_CAR,1002,5,2026,4,det,car,00-0039065,S.LaPorta,target,45,0,0,0,0
2026_04_DET_CAR,1027,5,2026,4,det,car,00-0039139,J.Gibbs,carry,38,0,0,0,0
2026_04_DET_CAR,1049,5,2026,4,det,car,00-0039139,J.Gibbs,carry,41,0,0,0,0
2026_04_DET_CAR,1076,5,2026,4,det,car,00-0039139,J.Gibbs,carry,28,0,0,0,0
2026_04_DET_CAR,1098,5,2026,4,det,car,00-0039139,J.Gibbs,target,25,0,0,0,0
2026_04_DET_CAR,1138,5,2026,4,det,car,00-0039139,J.Gibbs,target,25,0,0,0,0
2026_04_DET_CAR,1297,6,2026,4,car,det,00-0036555,C.Hubbard,carry,75,0,0,0,0
2026_04_DET_CAR,1319,6,2026,4,car,det,00-0036555,C.Hubbard,carry,70,0,0,0,0
2026_04_DET_CAR,1341,6,2026,4,car,det,00-0040124,T.McMillan,target,74,0,0,0,0
2026_04_DET_CAR,1371,6,2026,4,car,det,00-0037005,T.Tremble,target,48,0,0,0,0
2026_04_DET_CAR,1407,6,2026,4,car,det,00-0036265,A.Dillon,target,48,0,0,0,0
2026_04_DET_CAR,1432,6,2026,4,car,det,00-0036265,A.Dillon,carry,43,0,0,0,0
2026_04_DET_CAR,1454,6,2026,4,car,det,00-0037614,J.Metchie,target,42,0,0,0,0
2026_04_DET_CAR,1479,6,2026,4,car,det,00-0031610,D.Waller,target,32,0,0,0,0
2026_04_DET_CAR,1502,6,2026,4,car,det,00-0040124,T.McMillan,target,32,0,0,0,1
2026_04_DET_CAR,1573,7,2026,4,det,car,00-0039139,J.Gibbs,carry,68,0,0,0,0
2026_04_DET_CAR,1597,7,2026,4,det,car,00-0039364,S.Vaki,target,68,0,0,0,0
2026_04_DET_CAR,1620,7,2026,4,det,car,00-0039364,S.Vaki,target,68,0,0,0,0
2026_04_DET_CAR,1645,7,2026,4,det,car,00-0039139,J.Gibbs,carry,51,0,0,0,0
2026_04_DET_CAR,1672,7,2026,4,det,car,00-0039139,J.Gibbs,carry,46,0,0,0,0
2026_04_DET_CAR,1694,7,2026,4,det,car,00-0037240,J.Williams,target,46,0,0,0,0
2026_04_DET_CAR,1719,7,2026,4,det,car,00-0036963,A.St. Brown,target,38,0,0,0,0
2026_04_DET_CAR,1744,7,2026,4,det,car,00-0039139,J.Gibbs,target,24,0,0,0,0
2026_04_DET_CAR,1774,7,2026,4,det,car,00-0039139,J.Gibbs,carry,19,1,0,0,0
2026_04_DET_CAR,1801,7,2026,4,det,car,00-0037240,J.Williams,target,17,1,0,0,0
2026_04_DET_CAR,1869,7,2026,4,det,car,00-0039139,J.Gibbs,carry,1,1,1,1,1
2026_04_DET_CAR,1934,8,2026,4,car,det,00-0040124,T.McMillan,target,70,0,0,0,0
2026_04_DET_CAR,1959,8,2026,4,car,det,00-0040124,T.McMillan,target,59,0,0,0,0
2026_04_DET_CAR,1991,8,2026,4,car,det,00-0036555,C.Hubbard,carry,51,0,0,0,0
2026_04_DET_CAR,2013,8,2026,4,car,det,00-0040124,T.McMillan,target,47,0,0,0,0
2026_04_DET_CAR,2036,8,2026,4,car,det,00-0040124,T.McMillan,target,47,0,0,0,0
2026_04_DET_CAR,2099,8,2026,4,car,det,00-0037614,J.Metchie,target,29,0,0,0,0
2026_04_DET_CAR,2122,8,2026,4,car,det,00-0037614,J.Metchie,target,29,0,0,0,0
2026_04_DET_CAR,2195,9,2026,4,det,car,00-0037240,J.Williams,target,72,0,0,0,0
2026_04_DET_CAR,2220,9,2026,4,det,car,00-0040669,I.TeSlaa,target,23,0,0,0,0
2026_04_DET_CAR,2250,9,2026,4,det,car,00-0039065,S.LaPorta,target,23,0,0,0,0
2026_04_DET_CAR,2344,10,2026,4,car,det,00-0040124,T.McMillan,target,76,0,0,0,0
2026_04_DET_CAR,2369,10,2026,4,car,det,00-0036555,C.Hubbard,carry,71,0,0,0,0
2026_04_DET_CAR,2396,10,2026,4,car,det,00-0036265,A.Dillon,carry,67,0,0,0,0
2026_04_DET_CAR,2418,10,2026,4,car,det,00-0038840,B.Tremayne,target,65,0,0,0,0
2026_04_DET_CAR,2448,10,2026,4,car,det,00-0036555,C.Hubbard,carry,54,0,0,0,0
2026_04_DET_CAR,2493,10,2026,4,car,det,00-0037614,J.Metchie,target,46,0,0,0,0
2026_04_DET_CAR,2581,10,2026,4,car,det,00-0037005,T.Tremble,target,25,0,0,0,0
2026_04_DET_CAR,2606,10,2026,4,car,det,00-0031610,D.Waller,target,22,0,0,0,0
2026_04_DET_CAR,2631,10,2026,4,car,det,00-0036265,A.Dillon,carry,11,1,0,0,0
2026_04_DET_CAR,2653,10,2026,4,car,det,00-0040124,T.McMillan,target,10,1,1,0,1
2026_04_DET_CAR,2718,11,2026,4,det,car,00-0036754,B.Wright,target,65,0,0,0,0
2026_04_DET_CAR,2748,11,2026,4,det,car,00-0039139,J.Gibbs,carry,57,0,0,0,0
2026_04_DET_CAR,2803,11,2026,4,det,car,00-0040669,I.TeSlaa,target,69,0,0,0,0
2026_04_DET_CAR,2828,11,2026,4,det,car,00-0039139,J.Gibbs,carry,12,1,0,0,0
2026_04_DET_CAR,2850,11,2026,4,det,car,00-0039139,J.Gibbs,target,8,1,1,0,0
2026_04_DET_CAR,2873,11,2026,4,det,car,00-0039065,S.LaPorta,target,8,1,1,0,0
2026_04_DET_CAR,2962,12,2026,4,car,det,00-0031610,D.Waller,target,85,0,0,0,0
2026_04_DET_CAR,2987,12,2026,4,car,det,00-0036555,C.Hubbard,carry,69,0,0,0,0
2026_04_DET_CAR,3009,12,2026,4,car,det,00-0038840,B.Tremayne,target,67,0,0,0,0
2026_04_DET_CAR,3034,12,2026,4,car,det,00-0036555,C.Hubbard,carry,46,0,0,0,0
2026_04_DET_CAR,3056,12,2026,4,car,det,00-0037614,J.Metchie,target,45,0,0,0,0
2026_04_DET_CAR,3084,12,2026,4,car,det,00-0036555,C.Hubbard,carry,27,0,0,0,0
2026_04_DET_CAR,3106,12,2026,4,car,det,00-0036555,C.Hubbard,carry,2,1,1,1,1
2026_04_DET_CAR,3174,13,2026,4,det,car,00-0039139,J.Gibbs,carry,75,0,0,0,0
2026_04_DET_CAR,3219,13,2026,4,det,car,00-0037240,J.Williams,target,72,0,0,0,0
2026_04_DET_CAR,3244,13,2026,4,det,car,00-0036963,A.St. Brown,target,58,0,0,0,0
2026_04_DET_CAR,3279,13,2026,4,det,car,00-0039139,J.Gibbs,carry,39,0,0,0,0
2026_04_DET_CAR,3345,13,2026,4,det,car,00-0037240,J.Williams,target,43,0,0,0,0
2026_04_DET_CAR,3368,13,2026,4,det,car,00-0036963,A.St. Brown,target,43,0,0,0,0
2026_04_DET_CAR,3439,14,2026,4,car,det,00-0036555,C.Hubbard,carry,86,0,0,0,0
2026_04_DET_CAR,3528,14,2026,4,car,det,00-0036555,C.Hubbard,carry,55,0,0,0,0
2026_04_DET_CAR,3550,14,2026,4,car,det,00-0036265,A.Dillon,carry,43,0,0,0,0
2026_04_DET_CAR,3572,14,2026,4,car,det,00-0040124,T.McMillan,target,43,0,0,0,0
2026_04_DET_CAR,3597,14,2026,4,car,det,00-0036265,A.Dillon,carry,35,0,0,0,0
2026_04_DET_CAR,3619,14,2026,4,car,det,00-0031610,D.Waller,target,37,0,0,0,0
2026_04_DET_CAR,3651,14,2026,4,car,det,00-0040187,M.Evans,target,28,0,0,0,0
2026_04_DET_CAR,3676,14,2026,4,car,det,00-0036555,C.Hubbard,carry,20,1,0,0,0
2026_04_DET_CAR,3698,14,2026,4,car,det,00-0031610,D.Waller,target,14,1,0,0,0
2026_04_DET_CAR,3721,14,2026,4,car,det,00-0040265,J.Reed,target,14,1,0,0,0
2026_04_DET_CAR,3744,14,2026,4,car,det,00-0031610,D.Waller,target,14,1,0,0,0
2026_04_DET_CAR,3817,15,2026,4,det,car,00-0039065,S.LaPorta,target,76,0,0,0,0
2026_04_DET_CAR,3842,15,2026,4,det,car,00-0039139,J.Gibbs,target,51,0,0,0,0
2026_04_DET_CAR,3867,15,2026,4,det,car,00-0036963,A.St. Brown,target,43,0,0,0,0
2026_04_DET_CAR,3902,15,2026,4,det,car,00-0039065,S.LaPorta,target,36,0,0,0,0
2026_04_DET_CAR,3927,15,2026,4,det,car,00-0037240,J.Williams,target,29,0,0,0,0
2026_04_DET_CAR,3952,15,2026,4,det,car,00-0039065,S.LaPorta,target,15,1,0,0,0
2026_04_DET_CAR,3975,15,2026,4,det,car,00-0036963,A.St. Brown,target,15,1,0,0,0
2026_04_DET_CAR,3998,15,2026,4,det,car,00-0036963,A.St. Brown,target,15,1,0,0,0
2026_04_DET_CAR,4069,15,2026,4,det,car,00-0036963,A.St. Brown,target,25,0,0,0,0
2026_04_DET_CAR,4111,16,2026,4,car,det,00-0036555,C.Hubbard,carry,88,0,0,0,0
2026_04_DET_CAR,4140,16,2026,4,car,det,00-0040124,T.McMillan,target,85,0,0,0,0
2026_04_DET_CAR,4163,16,2026,4,car,det,00-0038840,B.Tremayne,target,85,0,0,0,0
2026_04_DET_CAR,4228,17,2026,4,det,car,00-0039139,J.Gibbs,target,67,0,0,0,0
2026_04_DET_CAR,4253,17,2026,4,det,car,00-0040669,I.TeSlaa,target,62,0,0,0,0
2026_04_DET_CAR,4278,17,2026,4,det,car,00-0040669,I.TeSlaa,target,52,0,0,0,0
2026_04_DET_CAR,4303,17,2026,4,det,car,00-0040669,I.TeSlaa,target,36,0,0,0,0
2026_04_DET_CAR,4326,17,2026,4,det,car,00-0039065,S.LaPorta,target,36,0,0,0,0
2026_04_DET_CAR,4351,17,2026,4,det,car,00-0040669,I.TeSlaa,target,15,1,0,0,0
2026_04_DET_CAR,4374,17,2026,4,det,car,00-0036963,A.St. Brown,target,15,1,0,0,0
2026_04_DET_CAR,4399,17,2026,4,det,car,00-0036754,B.Wright,target,10,1,1,0,0
2026_04_DET_CAR,4422,17,2026,4,det,car,00-0039065,S.LaPorta,target,10,1,1,0,0
2026_04_DET_CAR,4471,17,2026,4,det,car,00-0039065,S.LaPorta,target,8,1,1,0,1
2026_04_DET_CAR,4542,18,2026,4,car,det,00-0036555,C.Hubbard,carry,64,0,0,0,0
2026_04_DET_CAR,4607,18,2026,4,car,det,00-0036555,C.Hubbard,target,68,0,0,0,0
2026_04_DET_CAR,4630,18,2026,4,car,det,00-0040124,T.McMillan,target,68,0,0,0,0
2026_04_DET_CAR,4660,18,2026,4,car,det,00-0040124,T.McMillan,target,50,0,0,0,0
2026_04_DET_CAR,4685,18,2026,4,car,det,00-0036555,C.Hubbard,carry,46,0,0,0,0
2026_04_DET_CAR,4804,19,2026,4,det,car,00-0036963,A.St. Brown,target,87,0,0,0,0
2026_04_DET_CAR,4856,19,2026,4,det,car,00-0039065,S.LaPorta,target,90,0,0,0,0
2026_04_DET_CAR,4879,19,2026,4,det,car,00-0040669,I.TeSlaa,target,90,0,0,0,0
2026_04_GB_TB,57,1,2026,4,tb,gb,00-0039361,B.Irving,carry,75,0,0,0,0
2026_04_GB_TB,105,1,2026,4,tb,gb,00-0039361,B.Irving,carry,70,0,0,0,0
2026_04_GB_TB,167,2,2026,4,gb,tb,00-0038685,C.Brooks,carry,71,0,0,0,0
2026_04_GB_TB,189,2,2026,4,gb,tb,00-0038996,T.Kraft,target,69,0,0,0,0
2026_04_GB_TB,214,2,2026,4,gb,tb,00-0040667,M.Golden,carry,52,0,0,0,0
2026_04_GB_TB,244,2,2026,4,gb,tb,00-0039811,M.Lloyd,carry,46,0,0,0,0
2026_04_GB_TB,266,2,2026,4,gb,tb,00-0037091,B.Melton,target,44,0,0,0,0
2026_04_GB_TB,336,3,2026,4,tb,gb,00-0038129,C.Otton,target,86,0,0,0,0
2026_04_GB_TB,373,3,2026,4,tb,gb,00-0039361,B.Irving,carry,73,0,0,0,0
2026_04_GB_TB,395,3,2026,4,tb,gb,00-0039361,B.Irving,carry,68,0,0,0,0
2026_04_GB_TB,461,3,2026,4,tb,gb,00-0040129,E.Egbuka,target,49,0,0,0,0
2026_04_GB_TB,503,4,2026,4,gb,tb,00-0040598,M.Redman,target,68,0,0,0,0
2026_04_GB_TB,528,4,2026,4,gb,tb,00-0038685,C.Brooks,carry,64,0,0,0,0
2026_04_GB_TB,550,4,2026,4,gb,tb,00-0036264,J.Love,carry,37,0,0,0,0
2026_04_GB_TB,572,4,2026,4,gb,tb,00-0039811,M.Lloyd,carry,33,0,0,0,0
2026_04_GB_TB,594,4,2026,4,gb,tb,00-0038685,C.Brooks,target,33,0,0,0,0
2026_04_GB_TB,619,4,2026,4,gb,tb,00-0038996,T.Kraft,target,28,0,0,0,0
2026_04_GB_TB,649,4,2026,4,gb,tb,00-0039811,M.Lloyd,carry,18,1,0,0,0
2026_04_GB_TB,671,4,2026,4,gb,tb,00-0038996,T.Kraft,target,13,1,0,0,0
2026_04_GB_TB,701,4,2026,4,gb,tb,00-0039811,M.Lloyd,carry,10,1,1,0,0
2026_04_GB_TB,723,4,2026,4,gb,tb,00-0038996,T.Kraft,carry,9,1,1,0,0
2026_04_GB_TB,747,4,2026,4,gb,tb,00-0038685,C.Brooks,carry,6,1,1,0,0
2026_04_GB_TB,789,4,2026,4,gb,tb,00-0038996,T.Kraft,target,3,1,1,1,0
2026_04_GB_TB,846,4,2026,4,gb,tb,00-0038685,C.Brooks,carry,1,1,1,1,0
2026_04_GB_TB,868,4,2026,4,gb,tb,00-0039811,M.Lloyd,carry,3,1,1,1,0
2026_04_GB_TB,897,4,2026,4,gb,tb,00-0039811,M.Lloyd,target,6,1,1,0,0
2026_04_GB_TB,927,4,2026,4,gb,tb,00-0040667,M.Golden,target,2,1,1,1,1
2026_04_GB_TB,999,5,2026,4,tb,gb,00-0039361,B.Irving,carry,65,0,0,0,0
2026_04_GB_TB,1021,5,2026,4,tb,gb,00-0038129,C.Otton,target,65,0,0,0,0
2026_04_GB_TB,1134,6,2026,4,gb,tb,00-0040142,K.Johnson,carry,86,0,0,0,0
2026_04_GB_TB,1156,6,2026,4,gb,tb,00-0040667,M.Golden,target,82,0,0,0,0
2026_04_GB_TB,1179,6,2026,4,gb,tb,00-0040948,J.Sturdivant,target,82,0,0,0,0
2026_04_GB_TB,1222,7,2026,4,tb,gb,00-0036919,K.Gainwell,carry,54,0,0,0,0
2026_04_GB_TB,1251,7,2026,4,tb,gb,00-0036919,K.Gainwell,carry,50,0,0,0,0
2026_04_GB_TB,1273,7,2026,4,tb,gb,00-0041048,T.Hurst,target,49,0,0,0,0
2026_04_GB_TB,1303,7,2026,4,tb,gb,00-0039361,B.Irving,carry,28,0,0,0,0
2026_04_GB_TB,1325,7,2026,4,tb,gb,00-0038129,C.Otton,target,25,0,0,0,0
2026_04_GB_TB,1350,7,2026,4,tb,gb,00-0038951,S.Tucker,carry,19,1,0,0,0
2026_04_GB_TB,1387,7,2026,4,tb,gb,00-0038951,S.Tucker,carry,19,1,0,0,0
2026_04_GB_TB,1409,7,2026,4,tb,gb,00-0041251,J.Daniels,carry,11,1,0,0,0
2026_04_GB_TB,1431,7,2026,4,tb,gb,00-0038951,S.Tucker,carry,2,1,1,1,1
2026_04_GB_TB,1499,8,2026,4,gb,tb,00-0040142,K.Johnson,carry,74,0,0,0,0
2026_04_GB_TB,1532,8,2026,4,gb,tb,00-0038124,C.Watson,target,83,0,0,0,0
2026_04_GB_TB,1557,8,2026,4,gb,tb,00-0040142,K.Johnson,carry,67,0,0,0,0
2026_04_GB_TB,1579,8,2026,4,gb,tb,00-0040667,M.Golden,target,69,0,0,0,0
2026_04_GB_TB,1724,9,2026,4,tb,gb,00-0040237,T.Johnson,target,84,0,0,0,0
2026_04_GB_TB,1754,9,2026,4,tb,gb,00-0033921,C.Godwin,target,82,0,0,0,0
2026_04_GB_TB,1779,9,2026,4,tb,gb,00-0040237,T.Johnson,target,73,0,0,0,0
2026_04_GB_TB,1880,9,2026,4,tb,gb,00-0033921,C.Godwin,target,49,0,0,0,0
2026_04_GB_TB,1905,9,2026,4,tb,gb,00-0038129,C.Otton,target,45,0,0,0,0
2026_04_GB_TB,1928,9,2026,4,tb,gb,00-0041048,T.Hurst,target,45,0,0,0,0
2026_04_GB_TB,1953,9,2026,4,tb,gb,00-0033921,C.Godwin,target,41,0,0,0,0
2026_04_GB_TB,1976,9,2026,4,tb,gb,00-0039589,K.Johnson,target,41,0,0,0,0
2026_04_GB_TB,2013,10,2026,4,gb,tb,00-0039811,M.Lloyd,target,44,0,0,0,0
2026_04_GB_TB,2043,10,2026,4,gb,tb,00-0039811,M.Lloyd,target,41,0,0,0,0
2026_04_GB_TB,2137,11,2026,4,gb,tb,00-0040598,M.Redman,target,80,0,0,0,0
2026_04_GB_TB,2162,11,2026,4,gb,tb,00-0039811,M.Lloyd,carry,55,0,0,0,0
2026_04_GB_TB,2184,11,2026,4,gb,tb,00-0040667,M.Golden,target,52,0,0,0,0
2026_04_GB_TB,2214,11,2026,4,gb,tb,00-0039811,M.Lloyd,carry,46,0,0,0,0
2026_04_GB_TB,2236,11,2026,4,gb,tb,00-0040142,K.Johnson,carry,41,0,0,0,0
2026_04_GB_TB,2258,11,2026,4,gb,tb,00-0040142,K.Johnson,carry,36,0,0,0,0
2026_04_GB_TB,2280,11,2026,4,gb,tb,00-0040142,K.Johnson,carry,5,1,1,1,0
2026_04_GB_TB,2302,11,2026,4,gb,tb,00-0038996,T.Kraft,target,2,1,1,1,1
2026_04_GB_TB,2423,12,2026,4,tb,gb,00-0039361,B.Irving,carry,65,0,0,0,0
2026_04_GB_TB,2445,12,2026,4,tb,gb,00-0039361,B.Irving,carry,62,0,0,0,0
2026_04_GB_TB,2581,13,2026,4,gb,tb,00-0040667,M.Golden,target,72,0,0,0,0
2026_04_GB_TB,2611,13,2026,4,gb,tb,00-0040142,K.Johnson,carry,59,0,0,0,0
2026_04_GB_TB,2657,13,2026,4,gb,tb,00-0040667,M.Golden,target,64,0,0,0,0
2026_04_GB_TB,2740,14,2026,4,tb,gb,00-0033921,C.Godwin,target,79,0,0,0,0
2026_04_GB_TB,2768,14,2026,4,tb,gb,00-0039361,B.Irving,carry,66,0,0,0,0
2026_04_GB_TB,2790,14,2026,4,tb,gb,00-0039589,K.Johnson,target,61,0,0,0,0
2026_04_GB_TB,2837,14,2026,4,tb,gb,00-0039361,B.Irving,carry,37,0,0,0,0
2026_04_GB_TB,2859,14,2026,4,tb,gb,00-0040237,T.Johnson,carry,34,0,0,0,0
2026_04_GB_TB,2905,14,2026,4,tb,gb,00-0036919,K.Gainwell,target,29,0,0,0,0
2026_04_GB_TB,2935,14,2026,4,tb,gb,00-0039361,B.Irving,carry,17,1,0,0,0
2026_04_GB_TB,2957,14,2026,4,tb,gb,00-0039361,B.Irving,carry,13,1,0,0,0
2026_04_GB_TB,2999,14,2026,4,tb,gb,00-0040129,E.Egbuka,target,10,1,1,0,0
2026_04_GB_TB,3027,14,2026,4,tb,gb,00-0036919,K.Gainwell,target,10,1,1,0,1
2026_04_GB_TB,3144,15,2026,4,gb,tb,00-0033858,J.Smith,target,78,0,0,0,0
2026_04_GB_TB,3193,15,2026,4,gb,tb,00-0038996,T.Kraft,target,63,0,0,0,0
2026_04_GB_TB,3218,15,2026,4,gb,tb,00-0038124,C.Watson,target,61,0,0,0,0
2026_04_GB_TB,3243,15,2026,4,gb,tb,00-0038090,S.Moore,target,43,0,0,0,0
2026_04_GB_TB,3268,15,2026,4,gb,tb,00-0038996,T.Kraft,target,45,0,0,0,0
2026_04_GB_TB,3327,15,2026,4,gb,tb,00-0039811,M.Lloyd,target,32,0,0,0,0
2026_04_GB_TB,3361,15,2026,4,gb,tb,00-0038090,S.Moore,target,16,1,0,0,0
2026_04_GB_TB,3396,15,2026,4,gb,tb,00-0038124,C.Watson,target,16,1,0,0,0
2026_04_GB_TB,3426,15,2026,4,gb,tb,00-0040142,K.Johnson,carry,3,1,1,1,0
2026_04_GB_TB,3464,16,2026,4,tb,gb,00-0033921,C.Godwin,target,96,0,0,0,0
2026_04_GB_TB,3496,16,2026,4,tb,gb,00-0039361,B.Irving,carry,94,0,0,0,0
2026_04_GB_TB,3518,16,2026,4,tb,gb,00-0040129,E.Egbuka,target,93,0,0,0,0
2026_04_GB_TB,3546,16,2026,4,tb,gb,00-0036919,K.Gainwell,carry,85,0,0,0,0
2026_04_GB_TB,3568,16,2026,4,tb,gb,00-0033921,C.Godwin,target,85,0,0,0,0
2026_04_GB_TB,3598,16,2026,4,tb,gb,00-0041251,J.Daniels,carry,88,0,0,0,0
2026_04_GB_TB,3651,17,2026,4,gb,tb,00-0039811,M.Lloyd,target,33,0,0,0,0
2026_04_GB_TB,3717,17,2026,4,gb,tb,00-0040667,M.Golden,target,26,0,0,0,0
2026_04_GB_TB,3744,18,2026,4,tb,gb,00-0039361,B.Irving,carry,85,0,0,0,0
2026_04_GB_TB,3766,18,2026,4,tb,gb,00-0039361,B.Irving,carry,78,0,0,0,0
2026_04_GB_TB,3791,18,2026,4,tb,gb,00-0039361,B.Irving,carry,71,0,0,0,0
2026_04_GB_TB,3813,18,2026,4,tb,gb,00-0033921,C.Godwin,target,70,0,0,0,0
2026_04_GB_TB,3843,18,2026,4,tb,gb,00-0038129,C.Otton,target,64,0,0,0,0
2026_04_GB_TB,3875,18,2026,4,tb,gb,00-0038129,C.Otton,target,59,0,0,0,0
2026_04_GB_TB,3966,18,2026,4,tb,gb,00-0040129,E.Egbuka,target,52,0,0,0,0
2026_04_GB_TB,3991,18,2026,4,tb,gb,00-0041048,T.Hurst,target,47,0,0,0,0
2026_04_IND_WAS,62,1,2026,4,ind,wsh,00-0036223,J.Taylor,target,68,0,0,0,0
2026_04_IND_WAS,115,2,2026,4,wsh,ind,00-0040242,J.Croskey-Merritt,carry,21,0,0,0,0
2026_04_IND_WAS,137,2,2026,4,wsh,ind,00-0040242,J.Croskey-Merritt,carry,18,1,0,0,0
2026_04_IND_WAS,159,2,2026,4,wsh,ind,00-0031588,S.Diggs,target,22,0,0,0,0
2026_04_IND_WAS,241,3,2026,4,ind,wsh,00-0036223,J.Taylor,carry,71,0,0,0,0
2026_04_IND_WAS,263,3,2026,4,ind,wsh,00-0036223,J.Taylor,target,68,0,0,0,0
2026_04_IND_WAS,288,3,2026,4,ind,wsh,00-0038997,J.Downs,target,66,0,0,0,0
2026_04_IND_WAS,339,4,2026,4,wsh,ind,00-0032268,M.Mariota,carry,81,0,0,0,0
2026_04_IND_WAS,368,4,2026,4,wsh,ind,00-0040242,J.Croskey-Merritt,carry,46,0,0,0,0
2026_04_IND_WAS,390,4,2026,4,wsh,ind,00-0037809,C.Okonkwo,target,44,0,0,0,0
2026_04_IND_WAS,420,4,2026,4,wsh,ind,00-0040242,J.Croskey-Merritt,target,42,0,0,0,0
2026_04_IND_WAS,450,4,2026,4,wsh,ind,00-0040242,J.Croskey-Merritt,target,7,1,1,0,0
2026_04_IND_WAS,473,4,2026,4,wsh,ind,00-0041096,K.Allen,carry,7,1,1,0,0
2026_04_IND_WAS,565,5,2026,4,ind,wsh,00-0032951,L.Treadwell,target,78,0,0,0,0
2026_04_IND_WAS,588,5,2026,4,ind,wsh,00-0036223,J.Taylor,target,78,0,0,0,0
2026_04_IND_WAS,611,5,2026,4,ind,wsh,00-0032951,L.Treadwell,target,78,0,0,0,0
2026_04_IND_WAS,705,6,2026,4,wsh,ind,00-0033699,A.Ekeler,carry,87,0,0,0,0
2026_04_IND_WAS,734,6,2026,4,wsh,ind,00-0033699,A.Ekeler,carry,84,0,0,0,0
2026_04_IND_WAS,761,6,2026,4,wsh,ind,00-0037809,C.Okonkwo,target,75,0,0,0,0
2026_04_IND_WAS,786,6,2026,4,wsh,ind,00-0037809,C.Okonkwo,target,72,0,0,0,0
2026_04_IND_WAS,809,6,2026,4,wsh,ind,00-0031588,S.Diggs,target,72,0,0,0,0
2026_04_IND_WAS,854,7,2026,4,ind,wsh,00-0036223,J.Taylor,carry,82,0,0,0,0
2026_04_IND_WAS,883,7,2026,4,ind,wsh,00-0036223,J.Taylor,carry,76,0,0,0,0
2026_04_IND_WAS,928,7,2026,4,ind,wsh,00-0035021,A.Dulin,target,72,0,0,0,0
2026_04_IND_WAS,951,7,2026,4,ind,wsh,00-0038997,J.Downs,target,72,0,0,0,0
2026_04_IND_WAS,996,8,2026,4,wsh,ind,00-0040242,J.Croskey-Merritt,carry,85,0,0,0,0
2026_04_IND_WAS,1067,8,2026,4,wsh,ind,00-0040242,J.Croskey-Merritt,carry,84,0,0,0,0
2026_04_IND_WAS,1089,8,2026,4,wsh,ind,00-0031588,S.Diggs,target,82,0,0,0,0
2026_04_IND_WAS,1114,8,2026,4,wsh,ind,00-0040242,J.Croskey-Merritt,carry,75,0,0,0,0
2026_04_IND_WAS,1136,8,2026,4,wsh,ind,00-0037809,C.Okonkwo,target,73,0,0,0,0
2026_04_IND_WAS,1159,8,2026,4,wsh,ind,00-0041040,A.Williams,target,73,0,0,0,0
2026_04_IND_WAS,1202,9,2026,4,ind,wsh,00-0041125,S.McGowan,target,61,0,0,0,0
2026_04_IND_WAS,1234,9,2026,4,ind,wsh,00-0041125,S.McGowan,carry,54,0,0,0,0
2026_04_IND_WAS,1256,9,2026,4,ind,wsh,00-0035021,A.Dulin,target,52,0,0,0,0
2026_04_IND_WAS,1281,9,2026,4,ind,wsh,00-0041125,S.McGowan,carry,52,0,0,0,0
2026_04_IND_WAS,1312,9,2026,4,ind,wsh,00-0041125,S.McGowan,target,44,0,0,0,0
2026_04_IND_WAS,1345,9,2026,4,ind,wsh,00-0035021,A.Dulin,target,44,0,0,0,0
2026_04_IND_WAS,1368,9,2026,4,ind,wsh,00-0035021,A.Dulin,target,44,0,0,0,0
2026_04_IND_WAS,1398,10,2026,4,wsh,ind,00-0035567,C.Reynolds,carry,63,0,0,0,0
2026_04_IND_WAS,1443,10,2026,4,wsh,ind,00-0041040,A.Williams,target,59,0,0,0,0
2026_04_IND_WAS,1473,10,2026,4,wsh,ind,00-0035567,C.Reynolds,carry,54,0,0,0,0
2026_04_IND_WAS,1495,11,2026,4,ind,wsh,00-0036223,J.Taylor,carry,46,0,0,0,0
2026_04_IND_WAS,1529,11,2026,4,ind,wsh,00-0036223,J.Taylor,carry,39,0,0,0,0
2026_04_IND_WAS,1551,11,2026,4,ind,wsh,00-0040128,T.Warren,target,38,0,0,0,0
2026_04_IND_WAS,1576,11,2026,4,ind,wsh,00-0036223,J.Taylor,carry,26,0,0,0,0
2026_04_IND_WAS,1618,11,2026,4,ind,wsh,00-0038997,J.Downs,target,30,0,0,0,0
2026_04_IND_WAS,1654,11,2026,4,ind,wsh,00-0041125,S.McGowan,carry,13,1,0,0,0
2026_04_IND_WAS,1676,11,2026,4,ind,wsh,00-0041125,S.McGowan,carry,7,1,1,0,0
2026_04_IND_WAS,1698,11,2026,4,ind,wsh,00-0036223,J.Taylor,carry,5,1,1,1,1
2026_04_IND_WAS,1775,12,2026,4,wsh,ind,00-0036626,D.Brown,target,79,0,0,0,0
2026_04_IND_WAS,1800,12,2026,4,wsh,ind,00-0033699,A.Ekeler,carry,70,0,0,0,0
2026_04_IND_WAS,1822,12,2026,4,wsh,ind,00-0031588,S.Diggs,target,60,0,0,0,0
2026_04_IND_WAS,1854,12,2026,4,wsh,ind,00-0033699,A.Ekeler,target,56,0,0,0,0
2026_04_IND_WAS,1877,12,2026,4,wsh,ind,00-0041040,A.Williams,target,56,0,0,0,0
2026_04_IND_WAS,1920,13,2026,4,ind,wsh,00-0040128,T.Warren,target,81,0,0,0,0
2026_04_IND_WAS,1945,13,2026,4,ind,wsh,00-0035021,A.Dulin,target,72,0,0,0,0
2026_04_IND_WAS,1975,13,2026,4,ind,wsh,00-0035021,A.Dulin,target,49,0,0,0,0
2026_04_IND_WAS,2000,13,2026,4,ind,wsh,00-0032951,L.Treadwell,target,43,0,0,0,0
2026_04_IND_WAS,2032,13,2026,4,ind,wsh,00-0036223,J.Taylor,target,34,0,0,0,0
2026_04_IND_WAS,2085,13,2026,4,ind,wsh,00-0036223,J.Taylor,carry,34,0,0,0,0
2026_04_IND_WAS,2188,14,2026,4,wsh,ind,00-0040242,J.Croskey-Merritt,carry,69,0,0,0,0
2026_04_IND_WAS,2210,14,2026,4,wsh,ind,00-0041040,A.Williams,target,71,0,0,0,0
2026_04_IND_WAS,2279,14,2026,4,wsh,ind,00-0041040,A.Williams,target,76,0,0,0,0
2026_04_IND_WAS,2311,15,2026,4,ind,wsh,00-0036223,J.Taylor,carry,20,1,0,0,0
2026_04_IND_WAS,2356,15,2026,4,ind,wsh,00-0032951,L.Treadwell,target,16,1,0,0,0
2026_04_IND_WAS,2381,15,2026,4,ind,wsh,00-0036223,J.Taylor,carry,5,1,1,1,1
2026_04_IND_WAS,2454,16,2026,4,wsh,ind,00-0041040,A.Williams,target,70,0,0,0,0
2026_04_IND_WAS,2487,16,2026,4,wsh,ind,00-0033699,A.Ekeler,target,70,0,0,0,0
2026_04_IND_WAS,2520,16,2026,4,wsh,ind,00-0033699,A.Ekeler,carry,59,0,0,0,0
2026_04_IND_WAS,2542,16,2026,4,wsh,ind,00-0040242,J.Croskey-Merritt,carry,52,0,0,0,0
2026_04_IND_WAS,2564,16,2026,4,wsh,ind,00-0037742,T.Burks,target,47,0,0,0,1
2026_04_IND_WAS,2635,17,2026,4,ind,wsh,00-0036223,J.Taylor,carry,66,0,0,0,0
2026_04_IND_WAS,2665,17,2026,4,ind,wsh,00-0036223,J.Taylor,carry,56,0,0,0,0
2026_04_IND_WAS,2687,17,2026,4,ind,wsh,00-0040128,T.Warren,target,55,0,0,0,0
2026_04_IND_WAS,2715,17,2026,4,ind,wsh,00-0036223,J.Taylor,carry,42,0,0,0,0
2026_04_IND_WAS,2765,17,2026,4,ind,wsh,00-0041132,D.Burks,target,40,0,0,0,0
2026_04_IND_WAS,2856,18,2026,4,wsh,ind,00-0036626,D.Brown,target,84,0,0,0,0
2026_04_IND_WAS,2881,18,2026,4,wsh,ind,00-0040242,J.Croskey-Merritt,carry,36,0,0,0,0
2026_04_IND_WAS,2903,18,2026,4,wsh,ind,00-0031588,S.Diggs,target,35,0,0,0,0
2026_04_IND_WAS,2978,19,2026,4,ind,wsh,00-0032951,L.Treadwell,target,79,0,0,0,0
2026_04_IND_WAS,3003,19,2026,4,ind,wsh,00-0040128,T.Warren,target,66,0,0,0,0
2026_04_IND_WAS,3031,19,2026,4,ind,wsh,00-0038997,J.Downs,target,67,0,0,0,0
2026_04_IND_WAS,3054,19,2026,4,ind,wsh,00-0041132,D.Burks,target,67,0,0,0,0
2026_04_IND_WAS,3097,20,2026,4,wsh,ind,00-0041117,A.Kaliakmanis,carry,86,0,0,0,0
2026_04_IND_WAS,3124,20,2026,4,wsh,ind,00-0031588,S.Diggs,target,87,0,0,0,0
2026_04_IND_WAS,3236,21,2026,4,ind,wsh,00-0036223,J.Taylor,carry,52,0,0,0,0
2026_04_IND_WAS,3258,21,2026,4,ind,wsh,00-0036223,J.Taylor,carry,48,0,0,0,0
2026_04_IND_WAS,3280,21,2026,4,ind,wsh,00-0035710,D.Jones,carry,43,0,0,0,0
2026_04_IND_WAS,3324,21,2026,4,ind,wsh,00-0036223,J.Taylor,carry,42,0,0,0,0
2026_04_IND_WAS,3346,21,2026,4,ind,wsh,00-0036223,J.Taylor,carry,36,0,0,0,0
2026_04_IND_WAS,3371,21,2026,4,ind,wsh,00-0036223,J.Taylor,carry,24,0,0,0,0
2026_04_IND_WAS,3398,21,2026,4,ind,wsh,00-0036223,J.Taylor,carry,12,1,0,0,0
2026_04_IND_WAS,3420,21,2026,4,ind,wsh,00-0032951,L.Treadwell,target,11,1,0,0,0
2026_04_IND_WAS,3450,21,2026,4,ind,wsh,00-0035710,D.Jones,carry,4,1,1,1,1
2026_04_IND_WAS,3531,22,2026,4,wsh,ind,00-0041040,A.Williams,target,75,0,0,0,0
2026_04_IND_WAS,3592,22,2026,4,wsh,ind,00-0041040,A.Williams,target,75,0,0,0,0
2026_04_IND_WAS,3617,22,2026,4,wsh,ind,00-0031588,S.Diggs,target,68,0,0,0,0
2026_04_IND_WAS,3685,22,2026,4,wsh,ind,00-0036626,D.Brown,target,63,0,0,0,0
2026_04_IND_WAS,3719,22,2026,4,wsh,ind,00-0040242,J.Croskey-Merritt,target,63,0,0,0,0
2026_04_IND_WAS,3766,22,2026,4,wsh,ind,00-0040242,J.Croskey-Merritt,target,54,0,0,0,0
2026_04_IND_WAS,3789,23,2026,4,ind,wsh,00-0041125,S.McGowan,carry,46,0,0,0,0
2026_04_IND_WAS,3851,23,2026,4,ind,wsh,00-0040128,T.Warren,target,35,0,0,0,0
2026_04_IND_WAS,3876,23,2026,4,ind,wsh,00-0036223,J.Taylor,carry,27,0,0,0,0
2026_04_IND_WAS,3957,24,2026,4,wsh,ind,00-0039913,B.Coleman,target,61,0,0,0,0
2026_04_IND_WAS,3982,24,2026,4,wsh,ind,00-0041096,K.Allen,carry,48,0,0,0,0
2026_04_IND_WAS,4007,24,2026,4,wsh,ind,00-0037742,T.Burks,target,50,0,0,0,0
2026_04_IND_WAS,4033,24,2026,4,wsh,ind,00-0031588,S.Diggs,target,50,0,0,0,0
2026_04_IND_WAS,4058,24,2026,4,wsh,ind,00-0036626,D.Brown,target,40,0,0,0,0
2026_04_IND_WAS,4083,24,2026,4,wsh,ind,00-0041096,K.Allen,carry,32,0,0,0,0
2026_04_IND_WAS,4129,24,2026,4,wsh,ind,00-0039686,C.Yankoff,target,36,0,0,0,0
2026_04_IND_WAS,4153,24,2026,4,wsh,ind,00-0031588,S.Diggs,target,36,0,0,0,0
2026_04_IND_WAS,4183,24,2026,4,wsh,ind,00-0037742,T.Burks,target,36,0,0,0,0
2026_04_IND_WAS,4206,25,2026,4,ind,wsh,00-0041125,S.McGowan,carry,64,0,0,0,0
2026_04_JAX_CIN,113,1,2026,4,jax,cin,00-0040719,B.Tuten,carry,90,0,0,0,0
2026_04_JAX_CIN,135,1,2026,4,jax,cin,00-0040719,B.Tuten,carry,75,0,0,0,0
2026_04_JAX_CIN,192,1,2026,4,jax,cin,00-0034960,J.Meyers,target,84,0,0,0,0
2026_04_JAX_CIN,255,2,2026,4,cin,jax,00-0036410,T.Higgins,target,90,0,0,0,0
2026_04_JAX_CIN,285,2,2026,4,cin,jax,00-0038597,C.Brown,carry,76,0,0,0,0
2026_04_JAX_CIN,307,2,2026,4,cin,jax,00-0040785,D.Meyers,target,81,0,0,0,0
2026_04_JAX_CIN,332,2,2026,4,cin,jax,00-0038597,C.Brown,target,65,0,0,0,0
2026_04_JAX_CIN,357,2,2026,4,cin,jax,00-0038597,C.Brown,carry,60,0,0,0,0
2026_04_JAX_CIN,379,2,2026,4,cin,jax,00-0036410,T.Higgins,target,58,0,0,0,0
2026_04_JAX_CIN,448,3,2026,4,jax,cin,00-0040719,B.Tuten,carry,81,0,0,0,0
2026_04_JAX_CIN,497,3,2026,4,jax,cin,00-0038935,B.Strange,target,89,0,0,0,0
2026_04_JAX_CIN,522,3,2026,4,jax,cin,00-0038606,P.Washington,carry,66,0,0,0,0
2026_04_JAX_CIN,549,3,2026,4,jax,cin,00-0034960,J.Meyers,target,63,0,0,0,0
2026_04_JAX_CIN,574,3,2026,4,jax,cin,00-0040719,B.Tuten,carry,41,0,0,0,0
2026_04_JAX_CIN,630,3,2026,4,jax,cin,00-0041503,N.Boerkircher,target,46,0,0,0,0
2026_04_JAX_CIN,693,3,2026,4,jax,cin,00-0038935,B.Strange,target,51,0,0,0,0
2026_04_JAX_CIN,773,4,2026,4,cin,jax,00-0038597,C.Brown,carry,77,0,0,0,0
2026_04_JAX_CIN,795,4,2026,4,cin,jax,00-0036410,T.Higgins,target,74,0,0,0,0
2026_04_JAX_CIN,861,4,2026,4,cin,jax,00-0036900,J.Chase,target,59,0,0,0,0
2026_04_JAX_CIN,891,4,2026,4,cin,jax,00-0036410,T.Higgins,target,53,0,0,0,0
2026_04_JAX_CIN,941,4,2026,4,cin,jax,00-0038597,C.Brown,carry,43,0,0,0,0
2026_04_JAX_CIN,963,4,2026,4,cin,jax,00-0033526,S.Perine,carry,42,0,0,0,0
2026_04_JAX_CIN,985,4,2026,4,cin,jax,00-0036900,J.Chase,target,39,0,0,0,0
2026_04_JAX_CIN,1030,4,2026,4,cin,jax,00-0036900,J.Chase,target,33,0,0,0,0
2026_04_JAX_CIN,1069,4,2026,4,cin,jax,00-0033526,S.Perine,carry,14,1,0,0,0
2026_04_JAX_CIN,1110,4,2026,4,cin,jax,00-0038597,C.Brown,target,22,0,0,0,0
2026_04_JAX_CIN,1135,4,2026,4,cin,jax,00-0038839,M.Tinsley,target,13,1,0,0,0
2026_04_JAX_CIN,1230,5,2026,4,jax,cin,00-0038935,B.Strange,target,73,0,0,0,0
2026_04_JAX_CIN,1260,5,2026,4,jax,cin,00-0040719,B.Tuten,carry,61,0,0,0,0
2026_04_JAX_CIN,1282,5,2026,4,jax,cin,00-0041503,N.Boerkircher,target,59,0,0,0,0
2026_04_JAX_CIN,1307,5,2026,4,jax,cin,00-0040719,B.Tuten,carry,44,0,0,0,0
2026_04_JAX_CIN,1341,5,2026,4,jax,cin,00-0039893,Bri.Thomas,target,49,0,0,0,0
2026_04_JAX_CIN,1371,5,2026,4,jax,cin,00-0038611,C.Rodriguez,carry,39,0,0,0,0
2026_04_JAX_CIN,1393,5,2026,4,jax,cin,00-0038611,C.Rodriguez,carry,38,0,0,0,0
2026_04_JAX_CIN,1415,5,2026,4,jax,cin,00-0041100,J.Cameron,target,32,0,0,0,0
2026_04_JAX_CIN,1484,5,2026,4,jax,cin,00-0038611,C.Rodriguez,carry,13,1,0,0,0
2026_04_JAX_CIN,1506,5,2026,4,jax,cin,00-0038606,P.Washington,target,10,1,1,0,0
2026_04_JAX_CIN,1529,5,2026,4,jax,cin,00-0034960,J.Meyers,target,10,1,1,0,0
2026_04_JAX_CIN,1602,6,2026,4,cin,jax,00-0038597,C.Brown,carry,65,0,0,0,0
2026_04_JAX_CIN,1624,6,2026,4,cin,jax,00-0040785,D.Meyers,target,59,0,0,0,0
2026_04_JAX_CIN,1649,6,2026,4,cin,jax,00-0040785,D.Meyers,target,49,0,0,0,0
2026_04_JAX_CIN,1679,6,2026,4,cin,jax,00-0038597,C.Brown,carry,46,0,0,0,0
2026_04_JAX_CIN,1701,6,2026,4,cin,jax,00-0040785,D.Meyers,target,45,0,0,0,0
2026_04_JAX_CIN,1740,7,2026,4,jax,cin,00-0040719,B.Tuten,carry,18,1,0,0,0
2026_04_JAX_CIN,1762,7,2026,4,jax,cin,00-0040719,B.Tuten,carry,9,1,1,0,0
2026_04_JAX_CIN,1841,7,2026,4,jax,cin,00-0040719,B.Tuten,carry,13,1,0,0,0
2026_04_JAX_CIN,1863,7,2026,4,jax,cin,00-0039893,Bri.Thomas,target,7,1,1,0,1
2026_04_JAX_CIN,1952,8,2026,4,cin,jax,00-0036410,T.Higgins,target,80,0,0,0,0
2026_04_JAX_CIN,1977,8,2026,4,cin,jax,00-0036410,T.Higgins,target,73,0,0,0,0
2026_04_JAX_CIN,2038,8,2026,4,cin,jax,00-0038597,C.Brown,target,69,0,0,0,0
2026_04_JAX_CIN,2068,8,2026,4,cin,jax,00-0036410,T.Higgins,target,61,0,0,0,0
2026_04_JAX_CIN,2098,8,2026,4,cin,jax,00-0038597,C.Brown,target,61,0,0,0,0
2026_04_JAX_CIN,2140,8,2026,4,cin,jax,00-0038597,C.Brown,target,54,0,0,0,0
2026_04_JAX_CIN,2238,9,2026,4,cin,jax,00-0036410,T.Higgins,target,70,0,0,0,0
2026_04_JAX_CIN,2273,9,2026,4,cin,jax,00-0038597,C.Brown,carry,54,0,0,0,0
2026_04_JAX_CIN,2295,9,2026,4,cin,jax,00-0038597,C.Brown,target,51,0,0,0,0
2026_04_JAX_CIN,2347,9,2026,4,cin,jax,00-0033526,S.Perine,target,44,0,0,0,0
2026_04_JAX_CIN,2370,9,2026,4,cin,jax,00-0036410,T.Higgins,target,44,0,0,0,0
2026_04_JAX_CIN,2400,9,2026,4,cin,jax,00-0038597,C.Brown,target,30,0,0,0,0
2026_04_JAX_CIN,2430,9,2026,4,cin,jax,00-0040785,D.Meyers,target,23,0,0,0,0
2026_04_JAX_CIN,2455,9,2026,4,cin,jax,00-0036410,T.Higgins,target,18,1,0,0,0
2026_04_JAX_CIN,2512,9,2026,4,cin,jax,00-0038597,C.Brown,carry,13,1,0,0,0
2026_04_JAX_CIN,2544,9,2026,4,cin,jax,00-0034829,M.Gesicki,target,15,1,0,0,1
2026_04_JAX_CIN,2643,10,2026,4,jax,cin,00-0040719,B.Tuten,target,80,0,0,0,0
2026_04_JAX_CIN,2683,10,2026,4,jax,cin,00-0034960,J.Meyers,target,71,0,0,0,0
2026_04_JAX_CIN,2715,10,2026,4,jax,cin,00-0040719,B.Tuten,carry,64,0,0,0,0
2026_04_JAX_CIN,2737,10,2026,4,jax,cin,00-0041100,J.Cameron,target,60,0,0,0,0
2026_04_JAX_CIN,2762,10,2026,4,jax,cin,00-0038935,B.Strange,target,47,0,0,0,0
2026_04_JAX_CIN,2816,10,2026,4,jax,cin,00-0040719,B.Tuten,carry,39,0,0,0,0
2026_04_JAX_CIN,2838,10,2026,4,jax,cin,00-0038606,P.Washington,target,36,0,0,0,0
2026_04_JAX_CIN,2911,11,2026,4,cin,jax,00-0034829,M.Gesicki,target,74,0,0,0,0
2026_04_JAX_CIN,2934,11,2026,4,cin,jax,00-0040785,D.Meyers,target,74,0,0,0,0
2026_04_JAX_CIN,3003,11,2026,4,cin,jax,00-0040785,D.Meyers,target,80,0,0,0,0
2026_04_JAX_CIN,3028,11,2026,4,cin,jax,00-0033526,S.Perine,carry,51,0,0,0,0
2026_04_JAX_CIN,3050,11,2026,4,cin,jax,00-0038597,C.Brown,target,49,0,0,0,0
2026_04_JAX_CIN,3080,11,2026,4,cin,jax,00-0038597,C.Brown,target,45,0,0,0,0
2026_04_JAX_CIN,3125,11,2026,4,cin,jax,00-0036410,T.Higgins,target,36,0,0,0,0
2026_04_JAX_CIN,3150,11,2026,4,cin,jax,00-0038839,M.Tinsley,target,10,1,1,0,0
2026_04_JAX_CIN,3177,12,2026,4,jax,cin,00-0040719,B.Tuten,carry,85,0,0,0,0
2026_04_JAX_CIN,3245,12,2026,4,jax,cin,00-0038935,B.Strange,target,46,0,0,0,0
2026_04_JAX_CIN,3268,12,2026,4,jax,cin,00-0038611,C.Rodriguez,carry,46,0,0,0,0
2026_04_JAX_CIN,3290,12,2026,4,jax,cin,00-0038611,C.Rodriguez,carry,44,0,0,0,0
2026_04_JAX_CIN,3360,13,2026,4,cin,jax,00-0036410,T.Higgins,target,80,0,0,0,0
2026_04_JAX_CIN,3395,13,2026,4,cin,jax,00-0036410,T.Higgins,target,80,0,0,0,0
2026_04_JAX_CIN,3443,13,2026,4,cin,jax,00-0036410,T.Higgins,target,62,0,0,0,0
2026_04_JAX_CIN,3466,13,2026,4,cin,jax,00-0038839,M.Tinsley,target,62,0,0,0,0
2026_04_JAX_CIN,3515,14,2026,4,jax,cin,00-0040719,B.Tuten,carry,76,0,0,0,0
2026_04_JAX_CIN,3544,14,2026,4,jax,cin,00-0040719,B.Tuten,target,76,0,0,0,0
2026_04_JAX_CIN,3569,14,2026,4,jax,cin,00-0036971,T.Lawrence,carry,67,0,0,0,0
2026_04_JAX_CIN,3591,14,2026,4,jax,cin,00-0040719,B.Tuten,carry,65,0,0,0,0
2026_04_JAX_CIN,3624,14,2026,4,jax,cin,00-0040719,B.Tuten,carry,47,0,0,0,0
2026_04_JAX_CIN,3646,14,2026,4,jax,cin,00-0038935,B.Strange,target,41,0,0,0,0
2026_04_JAX_CIN,3671,14,2026,4,jax,cin,00-0038611,C.Rodriguez,carry,25,0,0,0,1
2026_04_JAX_CIN,3773,15,2026,4,cin,jax,00-0038597,C.Brown,target,81,0,0,0,0
2026_04_JAX_CIN,3798,15,2026,4,cin,jax,00-0036410,T.Higgins,target,82,0,0,0,0
2026_04_JAX_CIN,3828,15,2026,4,cin,jax,00-0038597,C.Brown,carry,63,0,0,0,0
2026_04_JAX_CIN,3871,15,2026,4,cin,jax,00-0036410,T.Higgins,target,47,0,0,0,0
2026_04_JAX_CIN,3896,15,2026,4,cin,jax,00-0034829,M.Gesicki,target,30,0,0,0,0
2026_04_JAX_CIN,3926,15,2026,4,cin,jax,00-0038839,M.Tinsley,target,23,0,0,0,0
2026_04_JAX_CIN,3970,15,2026,4,cin,jax,00-0034613,T.Hudson,target,12,1,0,0,0
2026_04_JAX_CIN,3998,15,2026,4,cin,jax,00-0038839,M.Tinsley,target,10,1,1,0,0
2026_04_JAX_CIN,4023,15,2026,4,cin,jax,00-0036442,J.Burrow,carry,1,1,1,1,1
2026_04_JAX_CIN,4084,16,2026,4,jax,cin,00-0040719,B.Tuten,carry,72,0,0,0,0
2026_04_JAX_CIN,4106,16,2026,4,jax,cin,00-0038935,B.Strange,target,74,0,0,0,0
2026_04_JAX_CIN,4131,16,2026,4,jax,cin,00-0038935,B.Strange,target,70,0,0,0,0
2026_04_JAX_CIN,4163,16,2026,4,jax,cin,00-0040719,B.Tuten,carry,55,0,0,0,0
2026_04_JAX_CIN,4219,16,2026,4,jax,cin,00-0038606,P.Washington,target,55,0,0,0,0
2026_04_JAX_CIN,4336,17,2026,4,cin,jax,00-0038839,M.Tinsley,target,83,0,0,0,0
2026_04_JAX_CIN,4366,17,2026,4,cin,jax,00-0034829,M.Gesicki,target,54,0,0,0,0
2026_04_JAX_CIN,4396,17,2026,4,cin,jax,00-0040785,D.Meyers,target,36,0,0,0,0
2026_04_JAX_CIN,4421,17,2026,4,cin,jax,00-0040785,D.Meyers,target,21,0,0,0,0
2026_04_JAX_CIN,4444,17,2026,4,cin,jax,00-0034829,M.Gesicki,target,21,0,0,0,0
2026_04_JAX_CIN,4467,17,2026,4,cin,jax,00-0038839,M.Tinsley,target,21,0,0,0,0
2026_04_JAX_CIN,4490,17,2026,4,cin,jax,00-0038597,C.Brown,target,21,0,0,0,0
2026_04_KC_LV,62,1,2026,4,kc,lv,00-0038134,K.Walker,carry,71,0,0,0,0
2026_04_KC_LV,84,1,2026,4,kc,lv,00-0038134,K.Walker,carry,67,0,0,0,0
2026_04_KC_LV,106,1,2026,4,kc,lv,00-0039894,X.Worthy,target,65,0,0,0,0
2026_04_KC_LV,166,1,2026,4,kc,lv,00-0037284,M.Araiza,carry,70,0,0,0,0
2026_04_KC_LV,192,1,2026,4,kc,lv,00-0038134,K.Walker,carry,58,0,0,0,0
2026_04_KC_LV,214,1,2026,4,kc,lv,00-0030506,T.Kelce,target,55,0,0,0,0
2026_04_KC_LV,239,1,2026,4,kc,lv,00-0036909,K.Tonga,carry,50,0,0,0,0
2026_04_KC_LV,265,1,2026,4,kc,lv,00-0038134,K.Walker,carry,50,0,0,0,0
2026_04_KC_LV,292,2,2026,4,lv,kc,00-0039066,M.Mayer,target,50,0,0,0,0
2026_04_KC_LV,324,2,2026,4,lv,kc,00-0037093,D.Young,target,40,0,0,0,0
2026_04_KC_LV,349,2,2026,4,lv,kc,00-0040122,A.Jeanty,carry,31,0,0,0,0
2026_04_KC_LV,373,2,2026,4,lv,kc,00-0034365,I.Thomas,target,27,0,0,0,1
2026_04_KC_LV,480,3,2026,4,kc,lv,00-0038104,T.Thornton,target,64,0,0,0,0
2026_04_KC_LV,505,3,2026,4,kc,lv,00-0038134,K.Walker,carry,60,0,0,0,0
2026_04_KC_LV,553,3,2026,4,kc,lv,00-0036637,N.Gray,target,59,0,0,0,0
2026_04_KC_LV,578,3,2026,4,kc,lv,00-0040646,J.Royals,target,48,0,0,0,0
2026_04_KC_LV,601,3,2026,4,kc,lv,00-0040890,C.Allen,target,48,0,0,0,0
2026_04_KC_LV,624,3,2026,4,kc,lv,00-0039894,X.Worthy,target,48,0,0,0,0
2026_04_KC_LV,649,3,2026,4,kc,lv,00-0038134,K.Walker,carry,7,1,1,0,0
2026_04_KC_LV,671,3,2026,4,kc,lv,00-0038134,K.Walker,carry,2,1,1,1,0
2026_04_KC_LV,693,3,2026,4,kc,lv,00-0038104,T.Thornton,target,2,1,1,1,1
2026_04_KC_LV,768,4,2026,4,lv,kc,00-0039066,M.Mayer,target,69,0,0,0,0
2026_04_KC_LV,793,4,2026,4,lv,kc,00-0040878,M.Washington,carry,54,0,0,0,0
2026_04_KC_LV,815,4,2026,4,lv,kc,00-0040122,A.Jeanty,carry,53,0,0,0,0
2026_04_KC_LV,837,4,2026,4,lv,kc,00-0039338,B.Bowers,target,53,0,0,0,0
2026_04_KC_LV,950,5,2026,4,kc,lv,00-0038134,K.Walker,carry,86,0,0,0,0
2026_04_KC_LV,972,5,2026,4,kc,lv,00-0038134,K.Walker,target,75,0,0,0,0
2026_04_KC_LV,997,5,2026,4,kc,lv,00-0038134,K.Walker,carry,73,0,0,0,0
2026_04_KC_LV,1055,5,2026,4,kc,lv,00-0038104,T.Thornton,target,57,0,0,0,0
2026_04_KC_LV,1078,5,2026,4,kc,lv,00-0039894,X.Worthy,target,57,0,0,0,0
2026_04_KC_LV,1103,5,2026,4,kc,lv,00-0040646,J.Royals,target,45,0,0,0,0
2026_04_KC_LV,1146,6,2026,4,lv,kc,00-0039338,B.Bowers,target,88,0,0,0,0
2026_04_KC_LV,1178,6,2026,4,lv,kc,00-0039338,B.Bowers,target,70,0,0,0,0
2026_04_KC_LV,1201,6,2026,4,lv,kc,00-0040878,M.Washington,carry,70,0,0,0,0
2026_04_KC_LV,1223,6,2026,4,lv,kc,00-0039066,M.Mayer,target,68,0,0,0,0
2026_04_KC_LV,1248,6,2026,4,lv,kc,00-0037304,C.Heyward,carry,61,0,0,0,0
2026_04_KC_LV,1272,6,2026,4,lv,kc,00-0040878,M.Washington,target,60,0,0,0,0
2026_04_KC_LV,1295,6,2026,4,lv,kc,00-0038563,T.Tucker,target,60,0,0,0,0
2026_04_KC_LV,1320,6,2026,4,lv,kc,00-0040122,A.Jeanty,carry,46,0,0,0,0
2026_04_KC_LV,1342,6,2026,4,lv,kc,00-0040878,M.Washington,carry,38,0,0,0,0
2026_04_KC_LV,1364,6,2026,4,lv,kc,00-0037304,C.Heyward,carry,30,0,0,0,0
2026_04_KC_LV,1386,6,2026,4,lv,kc,00-0039338,B.Bowers,target,35,0,0,0,0
2026_04_KC_LV,1448,6,2026,4,lv,kc,00-0040878,M.Washington,carry,14,1,0,0,0
2026_04_KC_LV,1470,6,2026,4,lv,kc,00-0040878,M.Washington,carry,19,1,0,0,0
2026_04_KC_LV,1495,6,2026,4,lv,kc,00-0040122,A.Jeanty,target,17,1,0,0,0
2026_04_KC_LV,1570,7,2026,4,kc,lv,00-0038134,K.Walker,carry,80,0,0,0,0
2026_04_KC_LV,1592,7,2026,4,kc,lv,00-0030506,T.Kelce,target,74,0,0,0,0
2026_04_KC_LV,1617,7,2026,4,kc,lv,00-0038134,K.Walker,carry,64,0,0,0,0
2026_04_KC_LV,1639,7,2026,4,kc,lv,00-0030506,T.Kelce,target,57,0,0,0,0
2026_04_KC_LV,1669,7,2026,4,kc,lv,00-0039894,X.Worthy,target,57,0,0,0,0
2026_04_KC_LV,1694,7,2026,4,kc,lv,00-0038104,T.Thornton,target,47,0,0,0,0
2026_04_KC_LV,1719,7,2026,4,kc,lv,00-0038134,K.Walker,carry,5,1,1,1,0
2026_04_KC_LV,1768,7,2026,4,kc,lv,00-0036637,N.Gray,target,10,1,1,0,0
2026_04_KC_LV,1855,8,2026,4,lv,kc,00-0040122,A.Jeanty,carry,71,0,0,0,0
2026_04_KC_LV,1882,8,2026,4,lv,kc,00-0040122,A.Jeanty,target,70,0,0,0,0
2026_04_KC_LV,1908,8,2026,4,lv,kc,00-0039338,B.Bowers,target,70,0,0,0,0
2026_04_KC_LV,1933,8,2026,4,lv,kc,00-0039066,M.Mayer,target,54,0,0,0,0
2026_04_KC_LV,1958,8,2026,4,lv,kc,00-0039338,B.Bowers,target,52,0,0,0,0
2026_04_KC_LV,2022,8,2026,4,lv,kc,00-0039066,M.Mayer,target,47,0,0,0,0
2026_04_KC_LV,2136,9,2026,4,lv,kc,00-0040122,A.Jeanty,carry,67,0,0,0,0
2026_04_KC_LV,2158,9,2026,4,lv,kc,00-0040122,A.Jeanty,carry,60,0,0,0,0
2026_04_KC_LV,2180,9,2026,4,lv,kc,00-0040122,A.Jeanty,target,54,0,0,0,0
2026_04_KC_LV,2205,9,2026,4,lv,kc,00-0040878,M.Washington,carry,26,0,0,0,0
2026_04_KC_LV,2239,9,2026,4,lv,kc,00-0038563,T.Tucker,target,23,0,0,0,0
2026_04_KC_LV,2264,9,2026,4,lv,kc,00-0039338,B.Bowers,target,23,0,0,0,0
2026_04_KC_LV,2326,9,2026,4,lv,kc,00-0040122,A.Jeanty,target,18,1,0,0,0
2026_04_KC_LV,2349,10,2026,4,kc,lv,00-0039894,X.Worthy,target,81,0,0,0,0
2026_04_KC_LV,2386,10,2026,4,kc,lv,00-0038134,K.Walker,carry,74,0,0,0,0
2026_04_KC_LV,2408,10,2026,4,kc,lv,00-0041013,E.Johnson,target,68,0,0,0,0
2026_04_KC_LV,2433,10,2026,4,kc,lv,00-0030506,T.Kelce,target,58,0,0,0,0
2026_04_KC_LV,2476,10,2026,4,kc,lv,00-0038104,T.Thornton,target,66,0,0,0,0
2026_04_KC_LV,2519,11,2026,4,lv,kc,00-0040122,A.Jeanty,carry,88,0,0,0,0
2026_04_KC_LV,2581,11,2026,4,lv,kc,00-0040878,M.Washington,carry,91,0,0,0,0
2026_04_KC_LV,2608,11,2026,4,lv,kc,00-0034365,I.Thomas,target,80,0,0,0,0
2026_04_KC_LV,2633,11,2026,4,lv,kc,00-0039066,M.Mayer,target,75,0,0,0,0
2026_04_KC_LV,2658,11,2026,4,lv,kc,00-0040122,A.Jeanty,carry,64,0,0,0,0
2026_04_KC_LV,2680,11,2026,4,lv,kc,00-0037093,D.Young,target,65,0,0,0,0
2026_04_KC_LV,2708,11,2026,4,lv,kc,00-0039338,B.Bowers,target,65,0,0,0,0
2026_04_KC_LV,2757,12,2026,4,kc,lv,00-0038134,K.Walker,carry,58,0,0,0,0
2026_04_KC_LV,2786,12,2026,4,kc,lv,00-0039894,X.Worthy,target,55,0,0,0,0
2026_04_KC_LV,2809,12,2026,4,kc,lv,00-0038104,T.Thornton,target,55,0,0,0,0
2026_04_KC_LV,2852,13,2026,4,lv,kc,00-0040122,A.Jeanty,target,85,0,0,0,0
2026_04_KC_LV,2884,13,2026,4,lv,kc,00-0040122,A.Jeanty,carry,77,0,0,0,0
2026_04_KC_LV,2909,13,2026,4,lv,kc,00-0039338,B.Bowers,target,78,0,0,0,0
2026_04_KC_LV,2934,13,2026,4,lv,kc,00-0037304,C.Heyward,target,74,0,0,0,0
2026_04_KC_LV,2959,13,2026,4,lv,kc,00-0040878,M.Washington,carry,65,0,0,0,0
2026_04_KC_LV,2981,13,2026,4,lv,kc,00-0038563,T.Tucker,target,69,0,0,0,0
2026_04_KC_LV,3039,14,2026,4,kc,lv,00-0038134,K.Walker,carry,84,0,0,0,0
2026_04_KC_LV,3121,14,2026,4,kc,lv,00-0038104,T.Thornton,target,8,1,1,0,1
2026_04_KC_LV,3187,15,2026,4,lv,kc,00-0040122,A.Jeanty,carry,45,0,0,0,0
2026_04_KC_LV,3209,15,2026,4,lv,kc,00-0040878,M.Washington,target,45,0,0,0,0
2026_04_KC_LV,3241,15,2026,4,lv,kc,00-0039338,B.Bowers,target,46,0,0,0,0
2026_04_KC_LV,3273,15,2026,4,lv,kc,00-0039066,M.Mayer,target,25,0,0,0,0
2026_04_KC_LV,3296,15,2026,4,lv,kc,00-0040122,A.Jeanty,carry,25,0,0,0,0
2026_04_KC_LV,3318,15,2026,4,lv,kc,00-0038563,T.Tucker,target,25,0,0,0,0
2026_04_KC_LV,3393,16,2026,4,kc,lv,00-0038134,K.Walker,carry,70,0,0,0,0
2026_04_KC_LV,3438,16,2026,4,kc,lv,00-0036637,N.Gray,target,71,0,0,0,0
2026_04_KC_LV,3489,17,2026,4,lv,kc,00-0040878,M.Washington,carry,90,0,0,0,0
2026_04_KC_LV,3520,17,2026,4,lv,kc,00-0035891,C.White,target,90,0,0,0,0
2026_04_KC_LV,3545,17,2026,4,lv,kc,00-0040122,A.Jeanty,carry,63,0,0,0,0
2026_04_KC_LV,3567,17,2026,4,lv,kc,00-0040122,A.Jeanty,carry,57,0,0,0,0
2026_04_KC_LV,3594,17,2026,4,lv,kc,00-0039066,M.Mayer,target,38,0,0,0,0
2026_04_KC_LV,3643,17,2026,4,lv,kc,00-0040122,A.Jeanty,carry,34,0,0,0,0
2026_04_KC_LV,3665,17,2026,4,lv,kc,00-0040122,A.Jeanty,carry,30,0,0,0,0
2026_04_KC_LV,3724,18,2026,4,kc,lv,00-0038134,K.Walker,carry,65,0,0,0,0
2026_04_KC_LV,3746,18,2026,4,kc,lv,00-0038134,K.Walker,carry,62,0,0,0,0
2026_04_KC_LV,3768,18,2026,4,kc,lv,00-0038104,T.Thornton,target,60,0,0,0,0
2026_04_KC_LV,3807,18,2026,4,kc,lv,00-0038134,K.Walker,carry,2,1,1,1,1
2026_04_KC_LV,3879,20,2026,4,kc,lv,00-0038134,K.Walker,carry,22,0,0,0,1
2026_04_KC_LV,3929,21,2026,4,lv,kc,00-0040122,A.Jeanty,target,65,0,0,0,0
2026_04_KC_LV,3954,21,2026,4,lv,kc,00-0035891,C.White,target,59,0,0,0,0
2026_04_KC_LV,4013,21,2026,4,lv,kc,00-0040122,A.Jeanty,target,35,0,0,0,0
2026_04_KC_LV,4092,21,2026,4,lv,kc,00-0039338,B.Bowers,target,20,1,0,0,1
2026_04_KC_LV,4156,22,2026,4,kc,lv,00-0038134,K.Walker,carry,55,0,0,0,0
2026_04_KC_LV,4178,22,2026,4,kc,lv,00-0038134,K.Walker,carry,54,0,0,0,0
2026_04_KC_LV,4207,22,2026,4,kc,lv,00-0039894,X.Worthy,target,53,0,0,0,0
2026_04_KC_LV,4273,23,2026,4,lv,kc,00-0038563,T.Tucker,target,99,0,0,0,0
2026_04_KC_LV,4301,23,2026,4,lv,kc,00-0038563,T.Tucker,target,91,0,0,0,0
2026_04_KC_LV,4348,23,2026,4,lv,kc,00-0039066,M.Mayer,target,95,0,0,0,0
2026_04_KC_LV,4396,23,2026,4,lv,kc,00-0035891,C.White,target,84,0,0,0,0
2026_04_KC_LV,4419,23,2026,4,lv,kc,00-0035891,C.White,target,84,0,0,0,0
2026_04_KC_LV,4444,23,2026,4,lv,kc,00-0040122,A.Jeanty,target,84,0,0,0,0
2026_04_KC_LV,4509,23,2026,4,lv,kc,00-0038563,T.Tucker,target,72,0,0,0,0
2026_04_KC_LV,4532,23,2026,4,lv,kc,00-0038563,T.Tucker,target,72,0,0,0,0
2026_04_KC_LV,4580,23,2026,4,lv,kc,00-0039066,M.Mayer,target,49,0,0,0,0
2026_04_LAC_SEA,62,1,2026,4,lac,sea,00-0040189,O.Gadsden,target,69,0,0,0,0
2026_04_LAC_SEA,89,2,2026,4,sea,lac,00-0038797,E.Wilson,target,45,0,0,0,0
2026_04_LAC_SEA,116,3,2026,4,lac,sea,00-0040666,O.Hampton,carry,52,0,0,0,0
2026_04_LAC_SEA,140,3,2026,4,lac,sea,00-0038454,K.Mitchell,target,49,0,0,0,0
2026_04_LAC_SEA,165,3,2026,4,lac,sea,00-0039391,K.Vidal,target,41,0,0,0,0
2026_04_LAC_SEA,188,3,2026,4,lac,sea,00-0040727,T.Harris,target,41,0,0,0,0
2026_04_LAC_SEA,255,3,2026,4,lac,sea,00-0038454,K.Mitchell,target,23,0,0,0,0
2026_04_LAC_SEA,278,3,2026,4,lac,sea,00-0039391,K.Vidal,carry,23,0,0,0,0
2026_04_LAC_SEA,311,3,2026,4,lac,sea,00-0038544,Q.Johnston,target,22,0,0,0,0
2026_04_LAC_SEA,413,4,2026,4,sea,lac,00-0038797,E.Wilson,carry,75,0,0,0,0
2026_04_LAC_SEA,435,4,2026,4,sea,lac,00-0038797,E.Wilson,carry,60,0,0,0,0
2026_04_LAC_SEA,530,5,2026,4,sea,lac,00-0038797,E.Wilson,target,23,0,0,0,1
2026_04_LAC_SEA,624,6,2026,4,lac,sea,00-0039391,K.Vidal,carry,69,0,0,0,0
2026_04_LAC_SEA,646,6,2026,4,lac,sea,00-0040189,O.Gadsden,target,70,0,0,0,0
2026_04_LAC_SEA,731,7,2026,4,sea,lac,00-0038543,J.Smith-Njigba,target,77,0,0,0,0
2026_04_LAC_SEA,756,7,2026,4,sea,lac,00-0039299,G.Holani,carry,68,0,0,0,0
2026_04_LAC_SEA,789,7,2026,4,sea,lac,00-0038797,E.Wilson,target,54,0,0,0,0
2026_04_LAC_SEA,825,7,2026,4,sea,lac,00-0039299,G.Holani,carry,66,0,0,0,0
2026_04_LAC_SEA,847,7,2026,4,sea,lac,00-0039299,G.Holani,carry,67,0,0,0,0
2026_04_LAC_SEA,913,8,2026,4,lac,sea,00-0039391,K.Vidal,carry,67,0,0,0,0
2026_04_LAC_SEA,937,8,2026,4,lac,sea,00-0040666,O.Hampton,carry,58,0,0,0,0
2026_04_LAC_SEA,959,8,2026,4,lac,sea,00-0040666,O.Hampton,carry,43,0,0,0,0
2026_04_LAC_SEA,981,8,2026,4,lac,sea,00-0038544,Q.Johnston,carry,41,0,0,0,0
2026_04_LAC_SEA,1008,8,2026,4,lac,sea,00-0039915,L.McConkey,target,45,0,0,0,0
2026_04_LAC_SEA,1061,9,2026,4,sea,lac,00-0038797,E.Wilson,carry,80,0,0,0,0
2026_04_LAC_SEA,1090,9,2026,4,sea,lac,00-0038543,J.Smith-Njigba,target,81,0,0,0,0
2026_04_LAC_SEA,1115,9,2026,4,sea,lac,00-0039793,A.Barner,target,75,0,0,0,0
2026_04_LAC_SEA,1164,10,2026,4,lac,sea,00-0040666,O.Hampton,target,79,0,0,0,0
2026_04_LAC_SEA,1196,10,2026,4,lac,sea,00-0038454,K.Mitchell,carry,74,0,0,0,0
2026_04_LAC_SEA,1300,11,2026,4,sea,lac,00-0038797,E.Wilson,carry,70,0,0,0,0
2026_04_LAC_SEA,1322,11,2026,4,sea,lac,00-0037545,R.Shaheed,target,67,0,0,0,0
2026_04_LAC_SEA,1352,11,2026,4,sea,lac,00-0038797,E.Wilson,carry,47,0,0,0,0
2026_04_LAC_SEA,1374,11,2026,4,sea,lac,00-0039299,G.Holani,carry,44,0,0,0,0
2026_04_LAC_SEA,1396,11,2026,4,sea,lac,00-0037545,R.Shaheed,target,46,0,0,0,0
2026_04_LAC_SEA,1446,12,2026,4,lac,sea,00-0040666,O.Hampton,carry,88,0,0,0,0
2026_04_LAC_SEA,1468,12,2026,4,lac,sea,00-0038454,K.Mitchell,carry,82,0,0,0,0
2026_04_LAC_SEA,1490,12,2026,4,lac,sea,00-0040189,O.Gadsden,target,82,0,0,0,0
2026_04_LAC_SEA,1560,13,2026,4,sea,lac,00-0039299,G.Holani,target,73,0,0,0,0
2026_04_LAC_SEA,1585,13,2026,4,sea,lac,00-0038543,J.Smith-Njigba,target,71,0,0,0,0
2026_04_LAC_SEA,1610,13,2026,4,sea,lac,00-0038797,E.Wilson,carry,43,0,0,0,0
2026_04_LAC_SEA,1632,13,2026,4,sea,lac,00-0038797,E.Wilson,carry,40,0,0,0,0
2026_04_LAC_SEA,1654,13,2026,4,sea,lac,00-0038797,E.Wilson,carry,34,0,0,0,0
2026_04_LAC_SEA,1678,13,2026,4,sea,lac,00-0037545,R.Shaheed,carry,28,0,0,0,1
2026_04_LAC_SEA,1798,14,2026,4,lac,sea,00-0038454,K.Mitchell,carry,64,0,0,0,0
2026_04_LAC_SEA,1877,15,2026,4,sea,lac,00-0038797,E.Wilson,carry,63,0,0,0,0
2026_04_LAC_SEA,1899,15,2026,4,sea,lac,00-0033908,C.Kupp,target,64,0,0,0,0
2026_04_LAC_SEA,1946,15,2026,4,sea,lac,00-0038543,J.Smith-Njigba,target,69,0,0,0,0
2026_04_LAC_SEA,2011,16,2026,4,lac,sea,00-0040189,O.Gadsden,carry,74,0,0,0,0
2026_04_LAC_SEA,2040,16,2026,4,lac,sea,00-0039915,L.McConkey,target,72,0,0,0,0
2026_04_LAC_SEA,2067,17,2026,4,sea,lac,00-0039793,A.Barner,target,20,1,0,0,0
2026_04_LAC_SEA,2092,17,2026,4,sea,lac,00-0038797,E.Wilson,carry,8,1,1,0,1
2026_04_LAC_SEA,2153,18,2026,4,lac,sea,00-0039391,K.Vidal,target,66,0,0,0,0
2026_04_LAC_SEA,2190,18,2026,4,lac,sea,00-0034272,M.Valdes-Scantling,target,64,0,0,0,0
2026_04_LAC_SEA,2266,18,2026,4,lac,sea,00-0039391,K.Vidal,carry,43,0,0,0,0
2026_04_LAC_SEA,2367,19,2026,4,sea,lac,00-0038543,J.Smith-Njigba,target,68,0,0,0,0
2026_04_LAC_SEA,2397,19,2026,4,sea,lac,00-0038797,E.Wilson,carry,48,0,0,0,0
2026_04_LAC_SEA,2430,19,2026,4,sea,lac,00-0038797,E.Wilson,carry,39,0,0,0,0
2026_04_LAC_SEA,2479,19,2026,4,sea,lac,00-0033908,C.Kupp,target,28,0,0,0,0
2026_04_LAC_SEA,2504,19,2026,4,sea,lac,00-0037545,R.Shaheed,carry,15,1,0,0,0
2026_04_LAC_SEA,2526,19,2026,4,sea,lac,00-0038797,E.Wilson,carry,10,1,1,0,0
2026_04_LAC_SEA,2548,19,2026,4,sea,lac,00-0040648,T.Horton,target,6,1,1,0,1
2026_04_LAC_SEA,2644,20,2026,4,lac,sea,00-0038454,K.Mitchell,carry,81,0,0,0,0
2026_04_LAC_SEA,2709,20,2026,4,lac,sea,00-0040189,O.Gadsden,target,68,0,0,0,0
2026_04_LAC_SEA,2739,20,2026,4,lac,sea,00-0038454,K.Mitchell,target,63,0,0,0,0
2026_04_LAC_SEA,2780,20,2026,4,lac,sea,00-0040727,T.Harris,target,46,0,0,0,0
2026_04_LAC_SEA,2843,20,2026,4,lac,sea,00-0040666,O.Hampton,carry,25,0,0,0,0
2026_04_LAC_SEA,2870,20,2026,4,lac,sea,00-0038454,K.Mitchell,target,26,0,0,0,0
2026_04_LAC_SEA,2900,20,2026,4,lac,sea,00-0040189,O.Gadsden,target,23,0,0,0,0
2026_04_LAC_SEA,2925,20,2026,4,lac,sea,00-0040189,O.Gadsden,target,14,1,0,0,0
2026_04_LAC_SEA,2950,20,2026,4,lac,sea,00-0036355,J.Herbert,target,9,1,1,0,0
2026_04_LAC_SEA,2973,20,2026,4,lac,sea,00-0039391,K.Vidal,target,9,1,1,0,1
2026_04_LAC_SEA,3084,21,2026,4,sea,lac,00-0038797,E.Wilson,carry,69,0,0,0,0
2026_04_LAC_SEA,3106,21,2026,4,sea,lac,00-0038797,E.Wilson,target,65,0,0,0,0
2026_04_LAC_SEA,3142,21,2026,4,sea,lac,00-0039299,G.Holani,carry,37,0,0,0,0
2026_04_LAC_SEA,3187,21,2026,4,sea,lac,00-0037545,R.Shaheed,target,35,0,0,0,0
2026_04_LAC_SEA,3259,21,2026,4,sea,lac,00-0038797,E.Wilson,carry,20,1,0,0,0
2026_04_LAC_SEA,3281,21,2026,4,sea,lac,00-0038797,E.Wilson,carry,21,0,0,0,0
2026_04_LAC_SEA,3308,21,2026,4,sea,lac,00-0038543,J.Smith-Njigba,target,17,1,0,0,0
2026_04_LAC_SEA,3392,22,2026,4,lac,sea,00-0040727,T.Harris,target,85,0,0,0,0
2026_04_LAC_SEA,3415,22,2026,4,lac,sea,00-0038454,K.Mitchell,carry,85,0,0,0,0
2026_04_LAC_SEA,3442,22,2026,4,lac,sea,00-0038454,K.Mitchell,target,84,0,0,0,0
2026_04_LAC_SEA,3579,22,2026,4,lac,sea,00-0038454,K.Mitchell,carry,62,0,0,0,0
2026_04_LAC_SEA,3601,22,2026,4,lac,sea,00-0038454,K.Mitchell,carry,54,0,0,0,0
2026_04_LAC_SEA,3628,22,2026,4,lac,sea,00-0038454,K.Mitchell,carry,34,0,0,0,0
2026_04_LAC_SEA,3694,22,2026,4,lac,sea,00-0040666,O.Hampton,target,48,0,0,0,0
2026_04_LAC_SEA,3752,22,2026,4,lac,sea,00-0038454,K.Mitchell,carry,24,0,0,0,0
2026_04_LAC_SEA,3774,22,2026,4,lac,sea,00-0040666,O.Hampton,carry,23,0,0,0,0
2026_04_LAC_SEA,3796,22,2026,4,lac,sea,00-0040666,O.Hampton,carry,17,1,0,0,0
2026_04_LAC_SEA,3823,22,2026,4,lac,sea,00-0040666,O.Hampton,carry,6,1,1,0,0
2026_04_LAC_SEA,3850,22,2026,4,lac,sea,00-0036355,J.Herbert,carry,5,1,1,1,0
2026_04_LAC_SEA,3885,22,2026,4,lac,sea,00-0040666,O.Hampton,carry,2,1,1,1,1
2026_04_LAC_SEA,3982,23,2026,4,sea,lac,00-0038797,E.Wilson,carry,66,0,0,0,0
2026_04_LAC_SEA,4004,23,2026,4,sea,lac,00-0038797,E.Wilson,carry,65,0,0,0,0
2026_04_LAC_SEA,4026,23,2026,4,sea,lac,00-0038797,E.Wilson,carry,50,0,0,0,0
2026_04_LAC_SEA,4053,23,2026,4,sea,lac,00-0039299,G.Holani,carry,49,0,0,0,0
2026_04_LAC_SEA,4075,23,2026,4,sea,lac,00-0039299,G.Holani,carry,41,0,0,0,0
2026_04_LAC_SEA,4148,24,2026,4,lac,sea,00-0038454,K.Mitchell,carry,93,0,0,0,0
2026_04_LAC_SEA,4175,24,2026,4,lac,sea,00-0038454,K.Mitchell,target,87,0,0,0,0
2026_04_LAC_SEA,4200,24,2026,4,lac,sea,00-0040189,O.Gadsden,target,90,0,0,0,0
2026_04_LAC_SEA,4223,24,2026,4,lac,sea,00-0038544,Q.Johnston,target,90,0,0,0,0
2026_04_LAC_SEA,4248,24,2026,4,lac,sea,00-0040727,T.Harris,target,46,0,0,0,0
2026_04_LAC_SEA,4271,24,2026,4,lac,sea,00-0038573,D.Davis,target,46,0,0,0,0
2026_04_LAC_SEA,4313,24,2026,4,lac,sea,00-0040727,T.Harris,target,40,0,0,0,0
2026_04_LAC_SEA,4380,25,2026,4,sea,lac,00-0038797,E.Wilson,carry,65,0,0,0,0
2026_04_LAC_SEA,4440,25,2026,4,sea,lac,00-0039793,A.Barner,target,53,0,0,0,0
2026_04_LAC_SEA,4463,25,2026,4,sea,lac,00-0038797,E.Wilson,carry,53,0,0,0,0
2026_04_LAC_SEA,4546,26,2026,4,lac,sea,00-0039391,K.Vidal,carry,89,0,0,0,0
2026_04_LAC_SEA,4568,26,2026,4,lac,sea,00-0040189,O.Gadsden,target,80,0,0,0,0
2026_04_LA_PHI,63,1,2026,4,phi,lar,00-0034844,S.Barkley,carry,75,0,0,0,0
2026_04_LA_PHI,85,1,2026,4,phi,lar,00-0034844,S.Barkley,target,73,0,0,0,0
2026_04_LA_PHI,164,2,2026,4,lar,phi,00-0037840,K.Williams,target,85,0,0,0,0
2026_04_LA_PHI,189,2,2026,4,lar,phi,00-0037840,K.Williams,carry,78,0,0,0,0
2026_04_LA_PHI,245,2,2026,4,lar,phi,00-0040590,K.Mumpfield,target,70,0,0,0,0
2026_04_LA_PHI,277,3,2026,4,phi,lar,00-0034844,S.Barkley,carry,28,0,0,0,0
2026_04_LA_PHI,312,3,2026,4,phi,lar,00-0038555,T.Bigsby,carry,22,0,0,0,0
2026_04_LA_PHI,341,3,2026,4,phi,lar,00-0036389,J.Hurts,carry,15,1,0,0,0
2026_04_LA_PHI,363,3,2026,4,phi,lar,00-0038555,T.Bigsby,carry,10,1,1,0,0
2026_04_LA_PHI,385,3,2026,4,phi,lar,00-0038555,T.Bigsby,carry,6,1,1,0,0
2026_04_LA_PHI,464,4,2026,4,lar,phi,00-0039738,B.Corum,carry,80,0,0,0,0
2026_04_LA_PHI,486,4,2026,4,lar,phi,00-0039738,B.Corum,target,79,0,0,0,0
2026_04_LA_PHI,509,4,2026,4,lar,phi,00-0031381,D.Adams,target,79,0,0,0,0
2026_04_LA_PHI,539,4,2026,4,lar,phi,00-0031381,D.Adams,target,69,0,0,0,0
2026_04_LA_PHI,562,4,2026,4,lar,phi,00-0039738,B.Corum,target,69,0,0,0,0
2026_04_LA_PHI,592,4,2026,4,lar,phi,00-0039075,P.Nacua,target,62,0,0,0,0
2026_04_LA_PHI,617,4,2026,4,lar,phi,00-0039738,B.Corum,carry,34,0,0,0,0
2026_04_LA_PHI,639,4,2026,4,lar,phi,00-0039738,B.Corum,carry,28,0,0,0,0
2026_04_LA_PHI,661,4,2026,4,lar,phi,00-0037840,K.Williams,carry,26,0,0,0,0
2026_04_LA_PHI,683,4,2026,4,lar,phi,00-0037840,K.Williams,carry,20,1,0,0,0
2026_04_LA_PHI,743,4,2026,4,lar,phi,00-0037840,K.Williams,carry,26,0,0,0,0
2026_04_LA_PHI,770,4,2026,4,lar,phi,00-0031381,D.Adams,target,22,0,0,0,0
2026_04_LA_PHI,843,5,2026,4,phi,lar,00-0038555,T.Bigsby,carry,67,0,0,0,0
2026_04_LA_PHI,865,5,2026,4,phi,lar,00-0040867,M.Lemon,target,63,0,0,0,0
2026_04_LA_PHI,919,5,2026,4,phi,lar,00-0030061,Z.Ertz,target,55,0,0,0,0
2026_04_LA_PHI,964,5,2026,4,phi,lar,00-0038393,D.Wicks,target,47,0,0,0,0
2026_04_LA_PHI,997,5,2026,4,phi,lar,00-0040867,M.Lemon,target,47,0,0,0,0
2026_04_LA_PHI,1025,5,2026,4,phi,lar,00-0039746,W.Shipley,carry,34,0,0,0,0
2026_04_LA_PHI,1047,5,2026,4,phi,lar,00-0038393,D.Wicks,target,30,0,0,0,0
2026_04_LA_PHI,1105,5,2026,4,phi,lar,00-0040867,M.Lemon,target,34,0,0,0,0
2026_04_LA_PHI,1130,5,2026,4,phi,lar,00-0030061,Z.Ertz,target,28,0,0,0,0
2026_04_LA_PHI,1223,6,2026,4,lar,phi,00-0037840,K.Williams,carry,73,0,0,0,0
2026_04_LA_PHI,1245,6,2026,4,lar,phi,00-0037840,K.Williams,target,69,0,0,0,0
2026_04_LA_PHI,1270,6,2026,4,lar,phi,00-0037840,K.Williams,carry,64,0,0,0,0
2026_04_LA_PHI,1318,7,2026,4,phi,lar,00-0038393,D.Wicks,target,71,0,0,0,0
2026_04_LA_PHI,1361,7,2026,4,phi,lar,00-0038555,T.Bigsby,carry,49,0,0,0,0
2026_04_LA_PHI,1383,7,2026,4,phi,lar,00-0039746,W.Shipley,target,48,0,0,0,0
2026_04_LA_PHI,1430,7,2026,4,phi,lar,00-0040867,M.Lemon,target,53,0,0,0,0
2026_04_LA_PHI,1473,8,2026,4,lar,phi,00-0039074,D.Allen,target,93,0,0,0,0
2026_04_LA_PHI,1503,8,2026,4,lar,phi,00-0039751,J.Whittington,target,93,0,0,0,0
2026_04_LA_PHI,1526,8,2026,4,lar,phi,00-0040590,K.Mumpfield,target,93,0,0,0,0
2026_04_LA_PHI,1578,9,2026,4,phi,lar,00-0036389,J.Hurts,carry,17,1,0,0,0
2026_04_LA_PHI,1605,9,2026,4,phi,lar,00-0040024,D.Cooper,target,18,1,0,0,1
2026_04_LA_PHI,1676,10,2026,4,lar,phi,00-0037840,K.Williams,target,67,0,0,0,0
2026_04_LA_PHI,1706,10,2026,4,lar,phi,00-0039075,P.Nacua,target,51,0,0,0,0
2026_04_LA_PHI,1729,10,2026,4,lar,phi,00-0039751,J.Whittington,target,51,0,0,0,0
2026_04_LA_PHI,1754,10,2026,4,lar,phi,00-0031381,D.Adams,target,47,0,0,0,0
2026_04_LA_PHI,1789,10,2026,4,lar,phi,00-0031381,D.Adams,target,35,0,0,0,0
2026_04_LA_PHI,1814,10,2026,4,lar,phi,00-0037840,K.Williams,carry,30,0,0,0,0
2026_04_LA_PHI,1836,10,2026,4,lar,phi,00-0037840,K.Williams,target,26,0,0,0,0
2026_04_LA_PHI,1861,10,2026,4,lar,phi,00-0033110,T.Higbee,target,21,0,0,0,0
2026_04_LA_PHI,1886,10,2026,4,lar,phi,00-0039075,P.Nacua,carry,2,1,1,1,1
2026_04_LA_PHI,1955,11,2026,4,phi,lar,00-0030061,Z.Ertz,target,65,0,0,0,0
2026_04_LA_PHI,1980,11,2026,4,phi,lar,00-0038393,D.Wicks,target,60,0,0,0,0
2026_04_LA_PHI,2122,12,2026,4,lar,phi,00-0037840,K.Williams,target,79,0,0,0,0
2026_04_LA_PHI,2172,12,2026,4,lar,phi,00-0039075,P.Nacua,target,72,0,0,0,0
2026_04_LA_PHI,2211,13,2026,4,phi,lar,00-0040867,M.Lemon,target,35,0,0,0,0
2026_04_LA_PHI,2268,13,2026,4,phi,lar,00-0040024,D.Cooper,target,10,1,1,0,1
2026_04_LA_PHI,2393,15,2026,4,lar,phi,00-0039738,B.Corum,carry,79,0,0,0,0
2026_04_LA_PHI,2418,15,2026,4,lar,phi,00-0033110,T.Higbee,target,76,0,0,0,0
2026_04_LA_PHI,2450,15,2026,4,lar,phi,00-0037840,K.Williams,target,65,0,0,0,0
2026_04_LA_PHI,2475,15,2026,4,lar,phi,00-0031381,D.Adams,target,60,0,0,0,0
2026_04_LA_PHI,2498,15,2026,4,lar,phi,00-0031381,D.Adams,target,60,0,0,0,0
2026_04_LA_PHI,2541,16,2026,4,phi,lar,00-0038555,T.Bigsby,carry,87,0,0,0,0
2026_04_LA_PHI,2570,16,2026,4,phi,lar,00-0038555,T.Bigsby,target,87,0,0,0,0
2026_04_LA_PHI,2593,16,2026,4,phi,lar,00-0040024,D.Cooper,target,87,0,0,0,0
2026_04_LA_PHI,2676,17,2026,4,lar,phi,00-0037840,K.Williams,target,57,0,0,0,0
2026_04_LA_PHI,2699,17,2026,4,lar,phi,00-0039075,P.Nacua,target,57,0,0,0,0
2026_04_LA_PHI,2724,17,2026,4,lar,phi,00-0033110,T.Higbee,target,51,0,0,0,0
2026_04_LA_PHI,2749,17,2026,4,lar,phi,00-0039075,P.Nacua,target,47,0,0,0,0
2026_04_LA_PHI,2779,17,2026,4,lar,phi,00-0040590,K.Mumpfield,target,39,0,0,0,0
2026_04_LA_PHI,2827,17,2026,4,lar,phi,00-0037840,K.Williams,carry,40,0,0,0,0
2026_04_LA_PHI,2852,17,2026,4,lar,phi,00-0039075,P.Nacua,target,36,0,0,0,0
2026_04_LA_PHI,2898,18,2026,4,phi,lar,00-0038555,T.Bigsby,carry,62,0,0,0,0
2026_04_LA_PHI,2927,18,2026,4,phi,lar,00-0040867,M.Lemon,target,57,0,0,0,0
2026_04_LA_PHI,2950,18,2026,4,phi,lar,00-0040024,D.Cooper,target,57,0,0,0,0
2026_04_LA_PHI,3010,19,2026,4,lar,phi,00-0037840,K.Williams,carry,85,0,0,0,0
2026_04_LA_PHI,3032,19,2026,4,lar,phi,00-0037840,K.Williams,carry,82,0,0,0,0
2026_04_LA_PHI,3054,19,2026,4,lar,phi,00-0037840,K.Williams,carry,76,0,0,0,0
2026_04_LA_PHI,3090,19,2026,4,lar,phi,00-0039738,B.Corum,carry,68,0,0,0,0
2026_04_LA_PHI,3148,19,2026,4,lar,phi,00-0037840,K.Williams,target,76,0,0,0,0
2026_04_LA_PHI,3171,19,2026,4,lar,phi,00-0039075,P.Nacua,target,76,0,0,0,0
2026_04_LA_PHI,3223,20,2026,4,phi,lar,00-0038555,T.Bigsby,carry,71,0,0,0,0
2026_04_LA_PHI,3245,20,2026,4,phi,lar,00-0038555,T.Bigsby,carry,67,0,0,0,0
2026_04_LA_PHI,3267,20,2026,4,phi,lar,00-0039746,W.Shipley,carry,65,0,0,0,0
2026_04_LA_PHI,3294,20,2026,4,phi,lar,00-0036389,J.Hurts,carry,62,0,0,0,0
2026_04_LA_PHI,3318,21,2026,4,lar,phi,00-0037840,K.Williams,carry,38,0,0,0,0
2026_04_LA_PHI,3426,21,2026,4,lar,phi,00-0037840,K.Williams,target,45,0,0,0,0
2026_04_LA_PHI,3451,21,2026,4,lar,phi,00-0033110,T.Higbee,target,36,0,0,0,0
2026_04_LA_PHI,3474,22,2026,4,phi,lar,00-0038555,T.Bigsby,carry,64,0,0,0,0
2026_04_LA_PHI,3503,22,2026,4,phi,lar,00-0038555,T.Bigsby,carry,45,0,0,0,0
2026_04_LA_PHI,3525,22,2026,4,phi,lar,00-0038555,T.Bigsby,carry,38,0,0,0,0
2026_04_LA_PHI,3552,22,2026,4,phi,lar,00-0039746,W.Shipley,carry,35,0,0,0,0
2026_04_LA_PHI,3596,22,2026,4,phi,lar,00-0038555,T.Bigsby,carry,21,0,0,0,0
2026_04_LA_PHI,3623,22,2026,4,phi,lar,00-0039746,W.Shipley,carry,18,1,0,0,0
2026_04_LA_PHI,3645,22,2026,4,phi,lar,00-0039746,W.Shipley,carry,9,1,1,0,0
2026_04_LA_PHI,3667,22,2026,4,phi,lar,00-0039746,W.Shipley,carry,6,1,1,0,0
2026_04_LA_PHI,3689,22,2026,4,phi,lar,00-0036389,J.Hurts,carry,2,1,1,1,0
2026_04_LA_PHI,3722,22,2026,4,phi,lar,00-0040024,D.Cooper,target,2,1,1,1,0
2026_04_LA_PHI,3745,23,2026,4,lar,phi,00-0037840,K.Williams,target,98,0,0,0,0
2026_04_LA_PHI,3777,23,2026,4,lar,phi,00-0039075,P.Nacua,target,96,0,0,0,0
2026_04_LA_PHI,3802,23,2026,4,lar,phi,00-0033110,T.Higbee,target,87,0,0,0,0
2026_04_LA_PHI,3827,23,2026,4,lar,phi,00-0039075,P.Nacua,target,67,0,0,0,0
2026_04_LA_PHI,3863,23,2026,4,lar,phi,00-0039074,D.Allen,target,35,0,0,0,0
2026_04_LA_PHI,3886,23,2026,4,lar,phi,00-0037840,K.Williams,target,35,0,0,0,0
2026_04_LA_PHI,3909,23,2026,4,lar,phi,00-0037840,K.Williams,target,35,0,0,0,0
2026_04_LA_PHI,3950,23,2026,4,lar,phi,00-0031381,D.Adams,target,13,1,0,0,0
2026_04_LA_PHI,3975,23,2026,4,lar,phi,00-0037840,K.Williams,target,8,1,1,0,0
2026_04_LA_PHI,4067,23,2026,4,lar,phi,00-0037840,K.Williams,carry,1,1,1,1,1
2026_04_LA_PHI,4155,24,2026,4,phi,lar,00-0038555,T.Bigsby,carry,60,0,0,0,0
2026_04_LA_PHI,4192,24,2026,4,phi,lar,00-0038393,D.Wicks,target,59,0,0,0,0
2026_04_LA_PHI,4224,24,2026,4,phi,lar,00-0030061,Z.Ertz,target,54,0,0,0,0
2026_04_LA_PHI,4338,25,2026,4,lar,phi,00-0039075,P.Nacua,target,75,0,0,0,0
2026_04_LA_PHI,4368,25,2026,4,lar,phi,00-0039075,P.Nacua,target,68,0,0,0,0
2026_04_LA_PHI,4393,25,2026,4,lar,phi,00-0033110,T.Higbee,target,52,0,0,0,0
2026_04_LA_PHI,4423,25,2026,4,lar,phi,00-0036849,T.Atwell,target,39,0,0,0,0
2026_04_LA_PHI,4448,25,2026,4,lar,phi,00-0039075,P.Nacua,target,31,0,0,0,0
2026_04_LA_PHI,4480,25,2026,4,lar,phi,00-0031381,D.Adams,target,19,1,0,0,0
2026_04_LA_PHI,4536,25,2026,4,lar,phi,00-0037840,K.Williams,carry,11,1,0,0,0
2026_04_LA_PHI,4564,25,2026,4,lar,phi,00-0037840,K.Williams,carry,8,1,1,0,0
2026_04_LA_PHI,4593,25,2026,4,lar,phi,00-0037840,K.Williams,carry,7,1,1,0,1
2026_04_LA_PHI,4681,26,2026,4,phi,lar,00-0040024,D.Cooper,target,80,0,0,0,0
2026_04_LA_PHI,4741,26,2026,4,phi,lar,00-0040024,D.Cooper,target,88,0,0,0,0
2026_04_MIA_MIN,82,1,2026,4,min,mia,00-0033293,A.Jones,carry,60,0,0,0,0
2026_04_MIA_MIN,104,1,2026,4,min,mia,00-0036425,D.Dallas,target,58,0,0,0,0
2026_04_MIA_MIN,173,2,2026,4,mia,min,00-0041524,W.Kacmarek,target,90,0,0,0,0
2026_04_MIA_MIN,198,2,2026,4,mia,min,00-0039874,J.Wright,carry,75,0,0,0,0
2026_04_MIA_MIN,220,2,2026,4,mia,min,00-0039874,J.Wright,carry,73,0,0,0,0
2026_04_MIA_MIN,242,2,2026,4,mia,min,00-0041525,C.Bell,target,74,0,0,0,0
2026_04_MIA_MIN,371,3,2026,4,min,mia,00-0033293,A.Jones,target,25,0,0,0,0
2026_04_MIA_MIN,394,3,2026,4,min,mia,00-0033293,A.Jones,carry,25,0,0,0,0
2026_04_MIA_MIN,451,3,2026,4,min,mia,00-0036259,J.Jennings,target,38,0,0,0,0
2026_04_MIA_MIN,476,3,2026,4,min,mia,00-0040506,M.Price,target,30,0,0,0,0
2026_04_MIA_MIN,556,4,2026,4,mia,min,00-0041529,K.Coleman,target,82,0,0,0,0
2026_04_MIA_MIN,593,4,2026,4,mia,min,00-0040198,O.Gordon,carry,79,0,0,0,0
2026_04_MIA_MIN,615,4,2026,4,mia,min,00-0040198,O.Gordon,target,67,0,0,0,0
2026_04_MIA_MIN,640,4,2026,4,mia,min,00-0040198,O.Gordon,target,67,0,0,0,0
2026_04_MIA_MIN,727,4,2026,4,mia,min,00-0041529,K.Coleman,target,54,0,0,0,0
2026_04_MIA_MIN,783,4,2026,4,mia,min,00-0039880,M.Washington,target,64,0,0,0,0
2026_04_MIA_MIN,853,5,2026,4,min,mia,00-0033293,A.Jones,carry,79,0,0,0,0
2026_04_MIA_MIN,887,5,2026,4,min,mia,00-0033293,A.Jones,carry,75,0,0,0,0
2026_04_MIA_MIN,909,5,2026,4,min,mia,00-0038994,J.Addison,target,71,0,0,0,0
2026_04_MIA_MIN,972,5,2026,4,min,mia,00-0033293,A.Jones,carry,74,0,0,0,0
2026_04_MIA_MIN,1014,5,2026,4,min,mia,00-0033293,A.Jones,target,70,0,0,0,0
2026_04_MIA_MIN,1107,6,2026,4,mia,min,00-0040198,O.Gordon,carry,74,0,0,0,0
2026_04_MIA_MIN,1136,6,2026,4,mia,min,00-0039880,M.Washington,carry,71,0,0,0,0
2026_04_MIA_MIN,1166,6,2026,4,mia,min,00-0041525,C.Bell,target,68,0,0,0,0
2026_04_MIA_MIN,1229,7,2026,4,min,mia,00-0033293,A.Jones,carry,82,0,0,0,0
2026_04_MIA_MIN,1338,7,2026,4,min,mia,00-0040215,G.Bartholomew,target,78,0,0,0,0
2026_04_MIA_MIN,1363,7,2026,4,min,mia,00-0033293,A.Jones,target,74,0,0,0,0
2026_04_MIA_MIN,1435,7,2026,4,min,mia,00-0035229,T.Hockenson,target,64,0,0,0,0
2026_04_MIA_MIN,1460,7,2026,4,min,mia,00-0033293,A.Jones,carry,49,0,0,0,0
2026_04_MIA_MIN,1482,7,2026,4,min,mia,00-0033293,A.Jones,target,34,0,0,0,0
2026_04_MIA_MIN,1505,7,2026,4,min,mia,00-0040506,M.Price,carry,34,0,0,0,0
2026_04_MIA_MIN,1605,8,2026,4,mia,min,00-0038128,M.Willis,carry,72,0,0,0,0
2026_04_MIA_MIN,1662,8,2026,4,mia,min,00-0039874,J.Wright,carry,59,0,0,0,0
2026_04_MIA_MIN,1707,9,2026,4,min,mia,00-0033293,A.Jones,carry,50,0,0,0,0
2026_04_MIA_MIN,1784,9,2026,4,min,mia,00-0033293,A.Jones,target,48,0,0,0,0
2026_04_MIA_MIN,1814,9,2026,4,min,mia,00-0038994,J.Addison,target,48,0,0,0,0
2026_04_MIA_MIN,1856,10,2026,4,mia,min,00-0039874,J.Wright,carry,72,0,0,0,0
2026_04_MIA_MIN,1911,10,2026,4,mia,min,00-0039880,M.Washington,target,80,0,0,0,0
2026_04_MIA_MIN,1936,10,2026,4,mia,min,00-0041529,K.Coleman,target,69,0,0,0,0
2026_04_MIA_MIN,2000,11,2026,4,min,mia,00-0038994,J.Addison,target,76,0,0,0,0
2026_04_MIA_MIN,2035,11,2026,4,min,mia,00-0035228,K.Murray,carry,57,0,0,0,0
2026_04_MIA_MIN,2063,11,2026,4,min,mia,00-0033293,A.Jones,carry,51,0,0,0,0
2026_04_MIA_MIN,2095,11,2026,4,min,mia,00-0033293,A.Jones,carry,48,0,0,0,0
2026_04_MIA_MIN,2117,11,2026,4,min,mia,00-0035229,T.Hockenson,target,46,0,0,0,0
2026_04_MIA_MIN,2174,11,2026,4,min,mia,00-0040154,T.Felton,target,33,0,0,0,0
2026_04_MIA_MIN,2206,11,2026,4,min,mia,00-0035229,T.Hockenson,target,19,1,0,0,0
2026_04_MIA_MIN,2322,12,2026,4,mia,min,00-0041524,W.Kacmarek,target,69,0,0,0,0
2026_04_MIA_MIN,2350,12,2026,4,mia,min,00-0040198,O.Gordon,carry,69,0,0,0,0
2026_04_MIA_MIN,2372,12,2026,4,mia,min,00-0040198,O.Gordon,carry,64,0,0,0,0
2026_04_MIA_MIN,2394,12,2026,4,mia,min,00-0040198,O.Gordon,carry,11,1,0,0,0
2026_04_MIA_MIN,2418,12,2026,4,mia,min,00-0039880,M.Washington,carry,9,1,1,0,0
2026_04_MIA_MIN,2440,12,2026,4,mia,min,00-0041529,K.Coleman,target,9,1,1,0,0
2026_04_MIA_MIN,2512,13,2026,4,min,mia,00-0041104,D.Claiborne,carry,65,0,0,0,0
2026_04_MIA_MIN,2534,13,2026,4,min,mia,00-0035229,T.Hockenson,target,64,0,0,0,0
2026_04_MIA_MIN,2562,13,2026,4,min,mia,00-0035229,T.Hockenson,target,58,0,0,0,0
2026_04_MIA_MIN,2617,13,2026,4,min,mia,00-0033293,A.Jones,carry,54,0,0,0,0
2026_04_MIA_MIN,2644,13,2026,4,min,mia,00-0033293,A.Jones,carry,35,0,0,0,0
2026_04_MIA_MIN,2736,13,2026,4,min,mia,00-0041104,D.Claiborne,carry,32,0,0,0,0
2026_04_MIA_MIN,2758,13,2026,4,min,mia,00-0038994,J.Addison,carry,29,0,0,0,0
2026_04_MIA_MIN,2857,14,2026,4,mia,min,00-0039880,M.Washington,target,67,0,0,0,0
2026_04_MIA_MIN,2882,14,2026,4,mia,min,00-0040198,O.Gordon,carry,61,0,0,0,0
2026_04_MIA_MIN,2904,14,2026,4,mia,min,00-0039874,J.Wright,carry,59,0,0,0,0
2026_04_MIA_MIN,2957,15,2026,4,min,mia,00-0033293,A.Jones,carry,74,0,0,0,0
2026_04_MIA_MIN,2986,15,2026,4,min,mia,00-0035229,T.Hockenson,target,70,0,0,0,0
2026_04_MIA_MIN,3053,16,2026,4,mia,min,00-0039880,M.Washington,target,55,0,0,0,0
2026_04_MIA_MIN,3085,16,2026,4,mia,min,00-0040198,O.Gordon,carry,38,0,0,0,0
2026_04_MIA_MIN,3107,16,2026,4,mia,min,00-0039880,M.Washington,target,29,0,0,0,0
2026_04_MIA_MIN,3132,16,2026,4,mia,min,00-0040198,O.Gordon,carry,12,1,0,0,1
2026_04_MIA_MIN,3188,17,2026,4,min,mia,00-0035229,T.Hockenson,target,71,0,0,0,0
2026_04_MIA_MIN,3233,17,2026,4,min,mia,00-0033293,A.Jones,carry,63,0,0,0,0
2026_04_MIA_MIN,3255,17,2026,4,min,mia,00-0035229,T.Hockenson,target,63,0,0,0,0
2026_04_MIA_MIN,3280,17,2026,4,min,mia,00-0033293,A.Jones,carry,57,0,0,0,0
2026_04_MIA_MIN,3304,17,2026,4,min,mia,00-0035229,T.Hockenson,target,55,0,0,0,0
2026_04_MIA_MIN,3329,17,2026,4,min,mia,00-0035229,T.Hockenson,target,53,0,0,0,0
2026_04_MIA_MIN,3354,17,2026,4,min,mia,00-0038994,J.Addison,target,39,0,0,0,0
2026_04_MIA_MIN,3383,17,2026,4,min,mia,00-0038994,J.Addison,target,39,0,0,0,0
2026_04_MIA_MIN,3408,17,2026,4,min,mia,00-0040506,M.Price,target,35,0,0,0,0
2026_04_MIA_MIN,3433,17,2026,4,min,mia,00-0033293,A.Jones,carry,30,0,0,0,0
2026_04_MIA_MIN,3455,17,2026,4,min,mia,00-0033293,A.Jones,target,27,0,0,0,0
2026_04_MIA_MIN,3480,17,2026,4,min,mia,00-0033293,A.Jones,carry,16,1,0,0,0
2026_04_MIA_MIN,3502,17,2026,4,min,mia,00-0033293,A.Jones,target,19,1,0,0,0
2026_04_MIA_MIN,3527,17,2026,4,min,mia,00-0033293,A.Jones,target,14,1,0,0,0
2026_04_MIA_MIN,3610,18,2026,4,mia,min,00-0040198,O.Gordon,carry,82,0,0,0,0
2026_04_MIA_MIN,3632,18,2026,4,mia,min,00-0037666,J.Tolbert,target,80,0,0,0,0
2026_04_MIA_MIN,3694,18,2026,4,mia,min,00-0041525,C.Bell,target,80,0,0,0,0
2026_04_MIA_MIN,3748,19,2026,4,min,mia,00-0033293,A.Jones,carry,81,0,0,0,0
2026_04_MIA_MIN,3770,19,2026,4,min,mia,00-0033293,A.Jones,carry,67,0,0,0,0
2026_04_MIA_MIN,3792,19,2026,4,min,mia,00-0038994,J.Addison,target,67,0,0,0,0
2026_04_MIA_MIN,3843,19,2026,4,min,mia,00-0041104,D.Claiborne,carry,45,0,0,0,0
2026_04_MIA_MIN,3871,19,2026,4,min,mia,00-0035229,T.Hockenson,target,37,0,0,0,0
2026_04_MIA_MIN,3920,19,2026,4,min,mia,00-0035229,T.Hockenson,target,20,1,0,0,0
2026_04_MIA_MIN,3952,19,2026,4,min,mia,00-0033293,A.Jones,carry,15,1,0,0,0
2026_04_MIA_MIN,3981,19,2026,4,min,mia,00-0035229,T.Hockenson,target,10,1,1,0,0
2026_04_NE_BUF,63,1,2026,4,buf,ne,00-0037248,J.Cook,carry,67,0,0,0,0
2026_04_NE_BUF,95,1,2026,4,buf,ne,00-0037261,K.Shakir,target,63,0,0,0,0
2026_04_NE_BUF,120,1,2026,4,buf,ne,00-0038933,D.Kincaid,target,62,0,0,0,0
2026_04_NE_BUF,186,2,2026,4,ne,buf,00-0036875,R.Stevenson,carry,97,0,0,0,0
2026_04_NE_BUF,236,2,2026,4,ne,buf,00-0040734,T.Henderson,carry,80,0,0,0,0
2026_04_NE_BUF,258,2,2026,4,ne,buf,00-0041395,E.Raridon,target,79,0,0,0,0
2026_04_NE_BUF,283,2,2026,4,ne,buf,00-0040734,T.Henderson,carry,67,0,0,0,0
2026_04_NE_BUF,305,2,2026,4,ne,buf,00-0033090,H.Henry,target,64,0,0,0,0
2026_04_NE_BUF,330,2,2026,4,ne,buf,00-0033090,H.Henry,target,56,0,0,0,0
2026_04_NE_BUF,369,2,2026,4,ne,buf,00-0036875,R.Stevenson,carry,36,0,0,0,0
2026_04_NE_BUF,391,2,2026,4,ne,buf,00-0036875,R.Stevenson,target,37,0,0,0,0
2026_04_NE_BUF,414,2,2026,4,ne,buf,00-0033555,M.Hollins,target,37,0,0,0,0
2026_04_NE_BUF,454,2,2026,4,ne,buf,00-0037816,R.Doubs,target,29,0,0,0,0
2026_04_NE_BUF,484,2,2026,4,ne,buf,00-0037816,R.Doubs,target,14,1,0,0,1
2026_04_NE_BUF,580,3,2026,4,buf,ne,00-0037248,J.Cook,target,66,0,0,0,0
2026_04_NE_BUF,610,3,2026,4,buf,ne,00-0034827,D.Moore,target,60,0,0,0,0
2026_04_NE_BUF,645,3,2026,4,buf,ne,00-0034857,J.Allen,carry,49,0,0,0,0
2026_04_NE_BUF,674,3,2026,4,buf,ne,00-0037261,K.Shakir,target,51,0,0,0,0
2026_04_NE_BUF,710,3,2026,4,buf,ne,00-0034827,D.Moore,carry,47,0,0,0,0
2026_04_NE_BUF,735,3,2026,4,buf,ne,00-0035537,T.Johnson,target,41,0,0,0,0
2026_04_NE_BUF,767,3,2026,4,buf,ne,00-0037261,K.Shakir,target,32,0,0,0,0
2026_04_NE_BUF,825,3,2026,4,buf,ne,00-0039901,K.Coleman,target,32,0,0,0,0
2026_04_NE_BUF,855,3,2026,4,buf,ne,00-0037248,J.Cook,carry,19,1,0,0,0
2026_04_NE_BUF,887,3,2026,4,buf,ne,00-0035689,D.Knox,target,20,1,0,0,0
2026_04_NE_BUF,937,3,2026,4,buf,ne,00-0037261,K.Shakir,target,15,1,0,0,0
2026_04_NE_BUF,967,3,2026,4,buf,ne,00-0037248,J.Cook,carry,8,1,1,0,1
2026_04_NE_BUF,1050,4,2026,4,ne,buf,00-0040734,T.Henderson,target,60,0,0,0,0
2026_04_NE_BUF,1073,4,2026,4,ne,buf,00-0040734,T.Henderson,carry,60,0,0,0,0
2026_04_NE_BUF,1095,4,2026,4,ne,buf,00-0036875,R.Stevenson,carry,49,0,0,0,0
2026_04_NE_BUF,1117,4,2026,4,ne,buf,00-0036875,R.Stevenson,carry,41,0,0,0,0
2026_04_NE_BUF,1139,4,2026,4,ne,buf,00-0033090,H.Henry,target,35,0,0,0,0
2026_04_NE_BUF,1164,4,2026,4,ne,buf,00-0040734,T.Henderson,carry,27,0,0,0,0
2026_04_NE_BUF,1245,5,2026,4,buf,ne,00-0039875,R.Davis,target,70,0,0,0,0
2026_04_NE_BUF,1322,5,2026,4,buf,ne,00-0039875,R.Davis,carry,66,0,0,0,0
2026_04_NE_BUF,1344,5,2026,4,buf,ne,00-0036988,J.Palmer,target,63,0,0,0,0
2026_04_NE_BUF,1405,6,2026,4,ne,buf,00-0040563,E.Chism,target,63,0,0,0,0
2026_04_NE_BUF,1453,6,2026,4,ne,buf,00-0033555,M.Hollins,target,63,0,0,0,0
2026_04_NE_BUF,1478,6,2026,4,ne,buf,00-0036875,R.Stevenson,carry,37,0,0,0,0
2026_04_NE_BUF,1502,6,2026,4,ne,buf,00-0040734,T.Henderson,carry,27,0,0,0,0
2026_04_NE_BUF,1548,6,2026,4,ne,buf,00-0036875,R.Stevenson,carry,1,1,1,1,1
2026_04_NE_BUF,1662,7,2026,4,buf,ne,00-0037248,J.Cook,carry,67,0,0,0,0
2026_04_NE_BUF,1684,7,2026,4,buf,ne,00-0035689,D.Knox,target,66,0,0,0,0
2026_04_NE_BUF,1714,7,2026,4,buf,ne,00-0034857,J.Allen,carry,58,0,0,0,0
2026_04_NE_BUF,1736,7,2026,4,buf,ne,00-0037261,K.Shakir,target,57,0,0,0,0
2026_04_NE_BUF,1766,7,2026,4,buf,ne,00-0037248,J.Cook,carry,6,1,1,0,0
2026_04_NE_BUF,1834,7,2026,4,buf,ne,00-0034827,D.Moore,target,16,1,0,0,0
2026_04_NE_BUF,1926,7,2026,4,buf,ne,00-0037248,J.Cook,carry,6,1,1,0,0
2026_04_NE_BUF,1948,7,2026,4,buf,ne,00-0039901,K.Coleman,target,2,1,1,1,0
2026_04_NE_BUF,1971,7,2026,4,buf,ne,00-0034857,J.Allen,carry,2,1,1,1,1
2026_04_NE_BUF,2056,8,2026,4,ne,buf,00-0033555,M.Hollins,target,65,0,0,0,0
2026_04_NE_BUF,2084,8,2026,4,ne,buf,00-0036875,R.Stevenson,target,65,0,0,0,0
2026_04_NE_BUF,2140,9,2026,4,buf,ne,00-0039901,K.Coleman,target,69,0,0,0,0
2026_04_NE_BUF,2179,9,2026,4,buf,ne,00-0037261,K.Shakir,target,47,0,0,0,0
2026_04_NE_BUF,2220,10,2026,4,ne,buf,00-0037816,R.Doubs,target,64,0,0,0,0
2026_04_NE_BUF,2364,13,2026,4,ne,buf,00-0040734,T.Henderson,carry,73,0,0,0,0
2026_04_NE_BUF,2388,13,2026,4,ne,buf,00-0037816,R.Doubs,target,70,0,0,0,0
2026_04_NE_BUF,2425,13,2026,4,ne,buf,00-0036875,R.Stevenson,carry,64,0,0,0,0
2026_04_NE_BUF,2478,13,2026,4,ne,buf,00-0040734,T.Henderson,carry,45,0,0,0,0
2026_04_NE_BUF,2500,13,2026,4,ne,buf,00-0033555,M.Hollins,target,44,0,0,0,0
2026_04_NE_BUF,2541,13,2026,4,ne,buf,00-0036875,R.Stevenson,carry,25,0,0,0,0
2026_04_NE_BUF,2563,13,2026,4,ne,buf,00-0036875,R.Stevenson,target,23,0,0,0,0
2026_04_NE_BUF,2590,13,2026,4,ne,buf,00-0038621,D.Douglas,target,17,1,0,0,0
2026_04_NE_BUF,2613,13,2026,4,ne,buf,00-0037816,R.Doubs,target,17,1,0,0,0
2026_04_NE_BUF,2654,13,2026,4,ne,buf,00-0040734,T.Henderson,carry,8,1,1,0,0
2026_04_NE_BUF,2684,13,2026,4,ne,buf,00-0041395,E.Raridon,target,2,1,1,1,0
2026_04_NE_BUF,2752,13,2026,4,ne,buf,00-0039851,D.Maye,carry,1,1,1,1,0
2026_04_NE_BUF,2781,13,2026,4,ne,buf,00-0037816,R.Doubs,target,2,1,1,1,1
2026_04_NE_BUF,2856,14,2026,4,buf,ne,00-0037248,J.Cook,carry,66,0,0,0,0
2026_04_NE_BUF,2889,14,2026,4,buf,ne,00-0037248,J.Cook,target,59,0,0,0,0
2026_04_NE_BUF,2928,14,2026,4,buf,ne,00-0036988,J.Palmer,target,57,0,0,0,0
2026_04_NE_BUF,2951,14,2026,4,buf,ne,00-0039901,K.Coleman,target,57,0,0,0,0
2026_04_NE_BUF,3017,15,2026,4,ne,buf,00-0040734,T.Henderson,carry,74,0,0,0,0
2026_04_NE_BUF,3046,15,2026,4,ne,buf,00-0038621,D.Douglas,target,74,0,0,0,0
2026_04_NE_BUF,3071,15,2026,4,ne,buf,00-0038621,D.Douglas,target,69,0,0,0,0
2026_04_NE_BUF,3125,15,2026,4,ne,buf,00-0036875,R.Stevenson,target,64,0,0,0,0
2026_04_NE_BUF,3150,15,2026,4,ne,buf,00-0040131,K.Williams,target,56,0,0,0,0
2026_04_NE_BUF,3173,15,2026,4,ne,buf,00-0037816,R.Doubs,target,56,0,0,0,0
2026_04_NE_BUF,3252,16,2026,4,buf,ne,00-0037261,K.Shakir,target,89,0,0,0,0
2026_04_NE_BUF,3277,16,2026,4,buf,ne,00-0037261,K.Shakir,target,83,0,0,0,0
2026_04_NE_BUF,3320,17,2026,4,ne,buf,00-0036875,R.Stevenson,carry,63,0,0,0,0
2026_04_NE_BUF,3354,17,2026,4,ne,buf,00-0036875,R.Stevenson,carry,55,0,0,0,0
2026_04_NE_BUF,3385,17,2026,4,ne,buf,00-0036875,R.Stevenson,carry,54,0,0,0,0
2026_04_NE_BUF,3427,18,2026,4,buf,ne,00-0037248,J.Cook,carry,80,0,0,0,0
2026_04_NE_BUF,3469,18,2026,4,buf,ne,00-0037248,J.Cook,carry,72,0,0,0,0
2026_04_NE_BUF,3496,18,2026,4,buf,ne,00-0037248,J.Cook,carry,55,0,0,0,0
2026_04_NE_BUF,3518,18,2026,4,buf,ne,00-0036988,J.Palmer,target,45,0,0,0,0
2026_04_NE_BUF,3576,18,2026,4,buf,ne,00-0039901,K.Coleman,target,42,0,0,0,0
2026_04_NE_BUF,3601,18,2026,4,buf,ne,00-0035537,T.Johnson,carry,20,1,0,0,0
2026_04_NE_BUF,3623,18,2026,4,buf,ne,00-0034857,J.Allen,carry,17,1,0,0,0
2026_04_NE_BUF,3656,18,2026,4,buf,ne,00-0035537,T.Johnson,target,20,1,0,0,0
2026_04_NE_BUF,3741,19,2026,4,ne,buf,00-0040734,T.Henderson,carry,74,0,0,0,0
2026_04_NE_BUF,3763,19,2026,4,ne,buf,00-0040734,T.Henderson,carry,66,0,0,0,0
2026_04_NE_BUF,3785,19,2026,4,ne,buf,00-0039851,D.Maye,carry,65,0,0,0,0
2026_04_NE_BUF,3807,19,2026,4,ne,buf,00-0040734,T.Henderson,carry,64,0,0,0,0
2026_04_NE_BUF,3834,19,2026,4,ne,buf,00-0040734,T.Henderson,carry,56,0,0,0,0
2026_04_NE_BUF,3892,19,2026,4,ne,buf,00-0036875,R.Stevenson,target,71,0,0,0,0
2026_04_NE_BUF,3935,20,2026,4,buf,ne,00-0037248,J.Cook,carry,80,0,0,0,0
2026_04_NE_BUF,3957,20,2026,4,buf,ne,00-0037248,J.Cook,carry,64,0,0,0,0
2026_04_NE_BUF,4002,20,2026,4,buf,ne,00-0039901,K.Coleman,target,58,0,0,0,0
2026_04_NE_BUF,4030,20,2026,4,buf,ne,00-0039901,K.Coleman,target,34,0,0,0,1
2026_04_NE_BUF,4098,21,2026,4,ne,buf,00-0033090,H.Henry,target,73,0,0,0,0
2026_04_NE_BUF,4125,21,2026,4,ne,buf,00-0040734,T.Henderson,target,59,0,0,0,0
2026_04_NE_BUF,4148,21,2026,4,ne,buf,00-0037816,R.Doubs,target,59,0,0,0,0
2026_04_NE_BUF,4173,21,2026,4,ne,buf,00-0037816,R.Doubs,target,47,0,0,0,0
2026_04_NE_BUF,4196,21,2026,4,ne,buf,00-0040563,E.Chism,target,47,0,0,0,0
2026_04_NE_BUF,4221,21,2026,4,ne,buf,00-0036875,R.Stevenson,carry,28,0,0,0,0
2026_04_NE_BUF,4243,21,2026,4,ne,buf,00-0040131,K.Williams,target,23,0,0,0,0
2026_04_NE_BUF,4276,21,2026,4,ne,buf,00-0040563,E.Chism,target,23,0,0,0,1
2026_04_NE_BUF,4338,22,2026,4,buf,ne,00-0038933,D.Kincaid,target,76,0,0,0,0
2026_04_NE_BUF,4424,22,2026,4,buf,ne,00-0036988,J.Palmer,target,60,0,0,0,0
2026_04_NE_BUF,4456,23,2026,4,ne,buf,00-0036875,R.Stevenson,carry,81,0,0,0,0
2026_04_NE_BUF,4480,23,2026,4,ne,buf,00-0040563,E.Chism,target,81,0,0,0,0
2026_04_NE_BUF,4512,23,2026,4,ne,buf,00-0033090,H.Henry,target,81,0,0,0,0
2026_04_NE_BUF,4542,23,2026,4,ne,buf,00-0040734,T.Henderson,carry,69,0,0,0,0
2026_04_NYJ_CHI,74,1,2026,4,chi,nyj,00-0036275,D.Swift,carry,94,0,0,0,0
2026_04_NYJ_CHI,96,1,2026,4,chi,nyj,00-0040735,L.Burden,target,92,0,0,0,0
2026_04_NYJ_CHI,126,1,2026,4,chi,nyj,00-0036275,D.Swift,carry,85,0,0,0,0
2026_04_NYJ_CHI,148,1,2026,4,chi,nyj,00-0036275,D.Swift,carry,78,0,0,0,0
2026_04_NYJ_CHI,172,1,2026,4,chi,nyj,00-0036275,D.Swift,carry,78,0,0,0,0
2026_04_NYJ_CHI,194,1,2026,4,chi,nyj,00-0039919,R.Odunze,target,74,0,0,0,0
2026_04_NYJ_CHI,219,1,2026,4,chi,nyj,00-0040735,L.Burden,target,53,0,0,0,0
2026_04_NYJ_CHI,290,1,2026,4,chi,nyj,00-0039919,R.Odunze,target,33,0,0,0,0
2026_04_NYJ_CHI,315,1,2026,4,chi,nyj,00-0040236,K.Monangai,carry,31,0,0,0,0
2026_04_NYJ_CHI,348,1,2026,4,chi,nyj,00-0040126,C.Loveland,target,15,1,0,0,0
2026_04_NYJ_CHI,396,1,2026,4,chi,nyj,00-0036275,D.Swift,carry,3,1,1,1,0
2026_04_NYJ_CHI,446,1,2026,4,chi,nyj,00-0040126,C.Loveland,target,1,1,1,1,0
2026_04_NYJ_CHI,469,1,2026,4,chi,nyj,00-0036275,D.Swift,carry,1,1,1,1,0
2026_04_NYJ_CHI,543,2,2026,4,nyj,chi,00-0041032,K.Sadiq,target,99,0,0,0,0
2026_04_NYJ_CHI,566,2,2026,4,nyj,chi,00-0039794,B.Allen,carry,99,0,0,0,0
2026_04_NYJ_CHI,588,2,2026,4,nyj,chi,00-0037740,G.Wilson,target,96,0,0,0,0
2026_04_NYJ_CHI,670,3,2026,4,chi,nyj,00-0036290,C.Kmet,target,57,0,0,0,0
2026_04_NYJ_CHI,719,3,2026,4,chi,nyj,00-0040735,L.Burden,target,55,0,0,0,0
2026_04_NYJ_CHI,749,3,2026,4,chi,nyj,00-0040236,K.Monangai,carry,33,0,0,0,0
2026_04_NYJ_CHI,771,3,2026,4,chi,nyj,00-0040236,K.Monangai,carry,29,0,0,0,0
2026_04_NYJ_CHI,842,3,2026,4,chi,nyj,00-0036275,D.Swift,carry,30,0,0,0,0
2026_04_NYJ_CHI,864,3,2026,4,chi,nyj,00-0036275,D.Swift,carry,27,0,0,0,0
2026_04_NYJ_CHI,886,3,2026,4,chi,nyj,00-0040126,C.Loveland,target,23,0,0,0,0
2026_04_NYJ_CHI,922,3,2026,4,chi,nyj,00-0036275,D.Swift,carry,21,0,0,0,0
2026_04_NYJ_CHI,944,3,2026,4,chi,nyj,00-0036275,D.Swift,carry,8,1,1,0,0
2026_04_NYJ_CHI,966,3,2026,4,chi,nyj,00-0040236,K.Monangai,carry,4,1,1,1,0
2026_04_NYJ_CHI,988,3,2026,4,chi,nyj,00-0040236,K.Monangai,carry,1,1,1,1,0
2026_04_NYJ_CHI,1010,3,2026,4,chi,nyj,00-0040236,K.Monangai,carry,1,1,1,1,1
2026_04_NYJ_CHI,1065,4,2026,4,nyj,chi,00-0039794,B.Allen,carry,80,0,0,0,0
2026_04_NYJ_CHI,1107,4,2026,4,nyj,chi,00-0039794,B.Allen,carry,74,0,0,0,0
2026_04_NYJ_CHI,1129,4,2026,4,nyj,chi,00-0039451,I.Williams,target,68,0,0,0,0
2026_04_NYJ_CHI,1152,4,2026,4,nyj,chi,00-0041032,K.Sadiq,target,68,0,0,0,0
2026_04_NYJ_CHI,1245,5,2026,4,chi,nyj,00-0036275,D.Swift,carry,69,0,0,0,0
2026_04_NYJ_CHI,1274,5,2026,4,chi,nyj,00-0036275,D.Swift,target,61,0,0,0,0
2026_04_NYJ_CHI,1299,5,2026,4,chi,nyj,00-0040126,C.Loveland,target,57,0,0,0,0
2026_04_NYJ_CHI,1336,6,2026,4,nyj,chi,00-0039794,B.Allen,carry,34,0,0,0,0
2026_04_NYJ_CHI,1358,6,2026,4,nyj,chi,00-0039794,B.Allen,target,28,0,0,0,0
2026_04_NYJ_CHI,1388,6,2026,4,nyj,chi,00-0039794,B.Allen,carry,23,0,0,0,0
2026_04_NYJ_CHI,1430,6,2026,4,nyj,chi,00-0037740,G.Wilson,target,25,0,0,0,0
2026_04_NYJ_CHI,1505,7,2026,4,chi,nyj,00-0040236,K.Monangai,carry,71,0,0,0,0
2026_04_NYJ_CHI,1527,7,2026,4,chi,nyj,00-0040236,K.Monangai,carry,52,0,0,0,0
2026_04_NYJ_CHI,1549,7,2026,4,chi,nyj,00-0040236,K.Monangai,carry,48,0,0,0,0
2026_04_NYJ_CHI,1576,7,2026,4,chi,nyj,00-0039919,R.Odunze,target,45,0,0,0,0
2026_04_NYJ_CHI,1601,7,2026,4,chi,nyj,00-0040236,K.Monangai,carry,40,0,0,0,0
2026_04_NYJ_CHI,1634,7,2026,4,chi,nyj,00-0040236,K.Monangai,carry,32,0,0,0,0
2026_04_NYJ_CHI,1656,7,2026,4,chi,nyj,00-0040236,K.Monangai,carry,26,0,0,0,0
2026_04_NYJ_CHI,1678,7,2026,4,chi,nyj,00-0032464,K.Raymond,target,20,1,0,0,0
2026_04_NYJ_CHI,1703,7,2026,4,chi,nyj,00-0036275,D.Swift,carry,19,1,0,0,0
2026_04_NYJ_CHI,1725,7,2026,4,chi,nyj,00-0036275,D.Swift,carry,16,1,0,0,0
2026_04_NYJ_CHI,1797,8,2026,4,nyj,chi,00-0039794,B.Allen,carry,71,0,0,0,0
2026_04_NYJ_CHI,1819,8,2026,4,nyj,chi,00-0041032,K.Sadiq,target,65,0,0,0,0
2026_04_NYJ_CHI,1849,8,2026,4,nyj,chi,00-0041032,K.Sadiq,target,65,0,0,0,0
2026_04_NYJ_CHI,1892,9,2026,4,chi,nyj,00-0040126,C.Loveland,target,80,0,0,0,0
2026_04_NYJ_CHI,1924,9,2026,4,chi,nyj,00-0040126,C.Loveland,target,73,0,0,0,0
2026_04_NYJ_CHI,1969,9,2026,4,chi,nyj,00-0036275,D.Swift,target,75,0,0,0,0
2026_04_NYJ_CHI,2042,9,2026,4,chi,nyj,00-0032464,K.Raymond,target,58,0,0,0,0
2026_04_NYJ_CHI,2067,9,2026,4,chi,nyj,00-0040126,C.Loveland,target,53,0,0,0,0
2026_04_NYJ_CHI,2097,9,2026,4,chi,nyj,00-0039919,R.Odunze,target,53,0,0,0,0
2026_04_NYJ_CHI,2269,10,2026,4,nyj,chi,00-0039794,B.Allen,carry,65,0,0,0,0
2026_04_NYJ_CHI,2291,10,2026,4,nyj,chi,00-0039794,B.Allen,carry,60,0,0,0,0
2026_04_NYJ_CHI,2313,10,2026,4,nyj,chi,00-0039794,B.Allen,carry,54,0,0,0,0
2026_04_NYJ_CHI,2335,10,2026,4,nyj,chi,00-0039794,B.Allen,carry,49,0,0,0,0
2026_04_NYJ_CHI,2357,10,2026,4,nyj,chi,00-0039794,B.Allen,carry,39,0,0,0,0
2026_04_NYJ_CHI,2379,10,2026,4,nyj,chi,00-0037755,J.Woods,target,44,0,0,0,0
2026_04_NYJ_CHI,2472,11,2026,4,chi,nyj,00-0039919,R.Odunze,target,96,0,0,0,0
2026_04_NYJ_CHI,2509,11,2026,4,chi,nyj,00-0036275,D.Swift,carry,76,0,0,0,0
2026_04_NYJ_CHI,2536,11,2026,4,chi,nyj,00-0036275,D.Swift,carry,72,0,0,0,0
2026_04_NYJ_CHI,2574,12,2026,4,nyj,chi,00-0039451,I.Williams,target,28,0,0,0,0
2026_04_NYJ_CHI,2604,12,2026,4,nyj,chi,00-0039794,B.Allen,carry,13,1,0,0,0
2026_04_NYJ_CHI,2626,12,2026,4,nyj,chi,00-0039794,B.Allen,carry,11,1,0,0,0
2026_04_NYJ_CHI,2651,12,2026,4,nyj,chi,00-0032385,S.Shepard,target,7,1,1,0,0
2026_04_NYJ_CHI,2765,13,2026,4,chi,nyj,00-0040236,K.Monangai,carry,72,0,0,0,0
2026_04_NYJ_CHI,2787,13,2026,4,chi,nyj,00-0036290,C.Kmet,target,66,0,0,0,0
2026_04_NYJ_CHI,2823,13,2026,4,chi,nyj,00-0039919,R.Odunze,target,45,0,0,0,0
2026_04_NYJ_CHI,2848,13,2026,4,chi,nyj,00-0040236,K.Monangai,carry,36,0,0,0,0
2026_04_NYJ_CHI,2870,13,2026,4,chi,nyj,00-0040236,K.Monangai,carry,29,0,0,0,0
2026_04_NYJ_CHI,2892,13,2026,4,chi,nyj,00-0041558,S.Roush,target,28,0,0,0,0
2026_04_NYJ_CHI,2920,13,2026,4,chi,nyj,00-0040126,C.Loveland,target,20,1,0,0,0
2026_04_NYJ_CHI,2947,13,2026,4,chi,nyj,00-0040236,K.Monangai,carry,8,1,1,0,0
2026_04_NYJ_CHI,2969,13,2026,4,chi,nyj,00-0040236,K.Monangai,carry,5,1,1,1,1
2026_04_NYJ_CHI,3037,14,2026,4,nyj,chi,00-0039794,B.Allen,target,68,0,0,0,0
2026_04_NYJ_CHI,3070,14,2026,4,nyj,chi,00-0039794,B.Allen,carry,65,0,0,0,0
2026_04_NYJ_CHI,3095,14,2026,4,nyj,chi,00-0037740,G.Wilson,target,62,0,0,0,0
2026_04_NYJ_CHI,3136,15,2026,4,chi,nyj,00-0040735,L.Burden,target,80,0,0,0,0
2026_04_NYJ_CHI,3161,15,2026,4,chi,nyj,00-0040735,L.Burden,carry,66,0,0,0,0
2026_04_NYJ_CHI,3203,15,2026,4,chi,nyj,00-0040236,K.Monangai,carry,55,0,0,0,0
2026_04_NYJ_CHI,3225,15,2026,4,chi,nyj,00-0040735,L.Burden,target,44,0,0,0,0
2026_04_NYJ_CHI,3248,15,2026,4,chi,nyj,00-0040236,K.Monangai,carry,44,0,0,0,0
2026_04_NYJ_CHI,3270,15,2026,4,chi,nyj,00-0040236,K.Monangai,carry,18,1,0,0,0
2026_04_NYJ_CHI,3292,15,2026,4,chi,nyj,00-0039021,R.Johnson,carry,15,1,0,0,0
2026_04_NYJ_CHI,3314,15,2026,4,chi,nyj,00-0039021,R.Johnson,carry,4,1,1,1,0
2026_04_NYJ_CHI,3336,15,2026,4,chi,nyj,00-0040236,K.Monangai,carry,4,1,1,1,0
2026_04_NYJ_CHI,3358,15,2026,4,chi,nyj,00-0040236,K.Monangai,carry,1,1,1,1,0
2026_04_NYJ_CHI,3430,16,2026,4,nyj,chi,00-0037740,G.Wilson,target,72,0,0,0,0
2026_04_NYJ_CHI,3460,16,2026,4,nyj,chi,00-0039451,I.Williams,target,58,0,0,0,1
2026_04_NYJ_CHI,3547,17,2026,4,chi,nyj,00-0040735,L.Burden,target,91,0,0,0,0
2026_04_NYJ_CHI,3570,17,2026,4,chi,nyj,00-0040236,K.Monangai,carry,91,0,0,0,0
2026_04_NYJ_CHI,3630,17,2026,4,chi,nyj,00-0040236,K.Monangai,carry,80,0,0,0,0
2026_04_NYJ_CHI,3652,17,2026,4,chi,nyj,00-0040236,K.Monangai,carry,77,0,0,0,0
2026_04_NYJ_CHI,3674,17,2026,4,chi,nyj,00-0040236,K.Monangai,carry,69,0,0,0,0
2026_04_NYJ_CHI,3696,17,2026,4,chi,nyj,00-0039919,R.Odunze,target,67,0,0,0,0
2026_04_NYJ_CHI,3757,17,2026,4,chi,nyj,00-0040236,K.Monangai,carry,62,0,0,0,0
2026_04_NYJ_CHI,3779,17,2026,4,chi,nyj,00-0040236,K.Monangai,target,61,0,0,0,0
2026_04_NYJ_CHI,3816,17,2026,4,chi,nyj,00-0040126,C.Loveland,target,57,0,0,0,0
2026_04_NYJ_CHI,3848,17,2026,4,chi,nyj,00-0040236,K.Monangai,carry,39,0,0,0,0
2026_04_NYJ_CHI,3877,17,2026,4,chi,nyj,00-0040236,K.Monangai,carry,35,0,0,0,0
2026_04_NYJ_CHI,3899,17,2026,4,chi,nyj,00-0040236,K.Monangai,carry,34,0,0,0,0
2026_04_NYJ_CHI,3945,17,2026,4,chi,nyj,00-0039021,R.Johnson,carry,24,0,0,0,0
2026_04_NYJ_CHI,3967,17,2026,4,chi,nyj,00-0039021,R.Johnson,carry,22,0,0,0,0
2026_04_NYJ_CHI,3989,17,2026,4,chi,nyj,00-0039021,R.Johnson,target,19,1,0,0,0
2026_04_PIT_CLE,75,1,2026,4,cle,pit,00-0041037,D.Boston,target,84,0,0,0,0
2026_04_PIT_CLE,100,1,2026,4,cle,pit,00-0040784,Q.Judkins,carry,79,0,0,0,0
2026_04_PIT_CLE,122,1,2026,4,cle,pit,00-0040782,I.Bond,target,77,0,0,0,0
2026_04_PIT_CLE,178,2,2026,4,pit,cle,00-0037228,J.Warren,carry,78,0,0,0,0
2026_04_PIT_CLE,200,2,2026,4,pit,cle,00-0035640,D.Metcalf,target,74,0,0,0,0
2026_04_PIT_CLE,247,2,2026,4,pit,cle,00-0035640,D.Metcalf,target,79,0,0,0,0
2026_04_PIT_CLE,272,2,2026,4,pit,cle,00-0037228,J.Warren,carry,64,0,0,0,0
2026_04_PIT_CLE,294,2,2026,4,pit,cle,00-0038558,D.Washington,target,63,0,0,0,0
2026_04_PIT_CLE,319,2,2026,4,pit,cle,00-0035640,D.Metcalf,target,57,0,0,0,0
2026_04_PIT_CLE,389,2,2026,4,pit,cle,00-0037228,J.Warren,carry,60,0,0,0,0
2026_04_PIT_CLE,411,2,2026,4,pit,cle,00-0037228,J.Warren,target,60,0,0,0,0
2026_04_PIT_CLE,460,2,2026,4,pit,cle,00-0037228,J.Warren,carry,44,0,0,0,0
2026_04_PIT_CLE,485,2,2026,4,pit,cle,00-0037228,J.Warren,carry,38,0,0,0,0
2026_04_PIT_CLE,534,2,2026,4,pit,cle,00-0036252,M.Pittman,target,44,0,0,0,0
2026_04_PIT_CLE,581,2,2026,4,pit,cle,00-0036862,B.Skowronek,target,20,1,0,0,0
2026_04_PIT_CLE,604,2,2026,4,pit,cle,00-0037228,J.Warren,carry,20,1,0,0,0
2026_04_PIT_CLE,626,2,2026,4,pit,cle,00-0035594,T.Homer,carry,11,1,0,0,0
2026_04_PIT_CLE,648,2,2026,4,pit,cle,00-0035594,T.Homer,carry,9,1,1,0,0
2026_04_PIT_CLE,675,2,2026,4,pit,cle,00-0039739,R.Wilson,target,12,1,0,0,1
2026_04_PIT_CLE,740,3,2026,4,cle,pit,00-0041547,K.Concepcion,target,65,0,0,0,0
2026_04_PIT_CLE,765,3,2026,4,cle,pit,00-0041037,D.Boston,target,44,0,0,0,0
2026_04_PIT_CLE,788,3,2026,4,cle,pit,00-0040784,Q.Judkins,carry,44,0,0,0,0
2026_04_PIT_CLE,810,3,2026,4,cle,pit,00-0041037,D.Boston,target,43,0,0,0,0
2026_04_PIT_CLE,887,4,2026,4,pit,cle,00-0037228,J.Warren,carry,94,0,0,0,0
2026_04_PIT_CLE,909,4,2026,4,pit,cle,00-0037228,J.Warren,target,86,0,0,0,0
2026_04_PIT_CLE,959,4,2026,4,pit,cle,00-0037228,J.Warren,carry,77,0,0,0,0
2026_04_PIT_CLE,981,4,2026,4,pit,cle,00-0036252,M.Pittman,target,71,0,0,0,0
2026_04_PIT_CLE,1008,5,2026,4,cle,pit,00-0040784,Q.Judkins,carry,56,0,0,0,0
2026_04_PIT_CLE,1030,5,2026,4,cle,pit,00-0040663,H.Fannin,target,53,0,0,0,0
2026_04_PIT_CLE,1060,5,2026,4,cle,pit,00-0040784,Q.Judkins,target,40,0,0,0,0
2026_04_PIT_CLE,1085,5,2026,4,cle,pit,00-0038794,J.McLaughlin,carry,28,0,0,0,1
2026_04_PIT_CLE,1164,6,2026,4,pit,cle,00-0038558,D.Washington,target,77,0,0,0,0
2026_04_PIT_CLE,1189,6,2026,4,pit,cle,00-0036894,P.Freiermuth,target,77,0,0,0,0
2026_04_PIT_CLE,1214,6,2026,4,pit,cle,00-0035640,D.Metcalf,target,72,0,0,0,0
2026_04_PIT_CLE,1257,7,2026,4,cle,pit,00-0041037,D.Boston,target,74,0,0,0,0
2026_04_PIT_CLE,1294,7,2026,4,cle,pit,00-0041547,K.Concepcion,target,14,1,0,0,0
2026_04_PIT_CLE,1331,7,2026,4,cle,pit,00-0040784,Q.Judkins,target,9,1,1,0,0
2026_04_PIT_CLE,1356,7,2026,4,cle,pit,00-0040784,Q.Judkins,carry,2,1,1,1,1
2026_04_PIT_CLE,1420,8,2026,4,pit,cle,00-0036894,P.Freiermuth,target,65,0,0,0,0
2026_04_PIT_CLE,1445,8,2026,4,pit,cle,00-0037228,J.Warren,carry,56,0,0,0,0
2026_04_PIT_CLE,1467,8,2026,4,pit,cle,00-0037228,J.Warren,carry,54,0,0,0,0
2026_04_PIT_CLE,1489,8,2026,4,pit,cle,00-0036252,M.Pittman,target,30,0,0,0,0
2026_04_PIT_CLE,1512,8,2026,4,pit,cle,00-0036252,M.Pittman,target,30,0,0,0,0
2026_04_PIT_CLE,1583,9,2026,4,cle,pit,00-0041547,K.Concepcion,target,62,0,0,0,0
2026_04_PIT_CLE,1618,9,2026,4,cle,pit,00-0040784,Q.Judkins,carry,55,0,0,0,0
2026_04_PIT_CLE,1684,9,2026,4,cle,pit,00-0041037,D.Boston,target,58,0,0,0,0
2026_04_PIT_CLE,1709,9,2026,4,cle,pit,00-0041547,K.Concepcion,target,49,0,0,0,0
2026_04_PIT_CLE,1732,9,2026,4,cle,pit,00-0041547,K.Concepcion,target,49,0,0,0,0
2026_04_PIT_CLE,1757,9,2026,4,cle,pit,00-0040784,Q.Judkins,carry,24,0,0,0,0
2026_04_PIT_CLE,1779,9,2026,4,cle,pit,00-0040784,Q.Judkins,target,23,0,0,0,0
2026_04_PIT_CLE,1816,9,2026,4,cle,pit,00-0040784,Q.Judkins,carry,14,1,0,0,0
2026_04_PIT_CLE,1891,9,2026,4,cle,pit,00-0040784,Q.Judkins,target,5,1,1,1,0
2026_04_PIT_CLE,1957,9,2026,4,cle,pit,00-0040784,Q.Judkins,carry,1,1,1,1,0
2026_04_PIT_CLE,1986,9,2026,4,cle,pit,00-0040663,H.Fannin,target,2,1,1,1,1
2026_04_PIT_CLE,2075,10,2026,4,pit,cle,00-0036894,P.Freiermuth,target,72,0,0,0,0
2026_04_PIT_CLE,2098,10,2026,4,pit,cle,00-0039739,R.Wilson,target,72,0,0,0,0
2026_04_PIT_CLE,2198,10,2026,4,pit,cle,00-0039739,R.Wilson,target,13,1,0,0,0
2026_04_PIT_CLE,2221,10,2026,4,pit,cle,00-0037228,J.Warren,target,13,1,0,0,0
2026_04_PIT_CLE,2411,12,2026,4,pit,cle,00-0037228,J.Warren,carry,65,0,0,0,0
2026_04_PIT_CLE,2433,12,2026,4,pit,cle,00-0037228,J.Warren,carry,66,0,0,0,0
2026_04_PIT_CLE,2455,12,2026,4,pit,cle,00-0037228,J.Warren,target,65,0,0,0,0
2026_04_PIT_CLE,2551,13,2026,4,cle,pit,00-0040784,Q.Judkins,carry,91,0,0,0,0
2026_04_PIT_CLE,2573,13,2026,4,cle,pit,00-0040466,R.Sanders,target,90,0,0,0,0
2026_04_PIT_CLE,2598,13,2026,4,cle,pit,00-0041547,K.Concepcion,target,85,0,0,0,0
2026_04_PIT_CLE,2621,13,2026,4,cle,pit,00-0040466,R.Sanders,target,85,0,0,0,0
2026_04_PIT_CLE,2670,13,2026,4,cle,pit,00-0040784,Q.Judkins,target,88,0,0,0,0
2026_04_PIT_CLE,2731,14,2026,4,pit,cle,00-0037228,J.Warren,carry,57,0,0,0,0
2026_04_PIT_CLE,2760,14,2026,4,pit,cle,00-0035640,D.Metcalf,target,52,0,0,0,0
2026_04_PIT_CLE,2845,15,2026,4,cle,pit,00-0033537,D.Watson,carry,84,0,0,0,0
2026_04_PIT_CLE,2874,15,2026,4,cle,pit,00-0040784,Q.Judkins,carry,77,0,0,0,0
2026_04_PIT_CLE,2896,15,2026,4,cle,pit,00-0040466,R.Sanders,carry,68,0,0,0,0
2026_04_PIT_CLE,2918,15,2026,4,cle,pit,00-0040784,Q.Judkins,carry,62,0,0,0,0
2026_04_PIT_CLE,2940,15,2026,4,cle,pit,00-0040784,Q.Judkins,carry,53,0,0,0,0
2026_04_PIT_CLE,2962,15,2026,4,cle,pit,00-0036407,J.Jeudy,target,50,0,0,0,0
2026_04_PIT_CLE,2987,15,2026,4,cle,pit,00-0040466,R.Sanders,carry,41,0,0,0,0
2026_04_PIT_CLE,3014,15,2026,4,cle,pit,00-0033537,D.Watson,carry,38,0,0,0,0
2026_04_PIT_CLE,3052,16,2026,4,pit,cle,00-0036862,B.Skowronek,target,50,0,0,0,0
2026_04_PIT_CLE,3084,16,2026,4,pit,cle,00-0037228,J.Warren,carry,43,0,0,0,0
2026_04_PIT_CLE,3133,16,2026,4,pit,cle,00-0039739,R.Wilson,target,35,0,0,0,0
2026_04_PIT_CLE,3167,16,2026,4,pit,cle,00-0035640,D.Metcalf,target,35,0,0,0,0
2026_04_PIT_CLE,3228,17,2026,4,cle,pit,00-0040784,Q.Judkins,carry,80,0,0,0,0
2026_04_PIT_CLE,3257,17,2026,4,cle,pit,00-0040784,Q.Judkins,carry,75,0,0,0,0
2026_04_PIT_CLE,3299,17,2026,4,cle,pit,00-0040784,Q.Judkins,carry,72,0,0,0,0
2026_04_PIT_CLE,3321,17,2026,4,cle,pit,00-0041037,D.Boston,target,65,0,0,0,0
2026_04_PIT_CLE,3359,18,2026,4,pit,cle,00-0037228,J.Warren,carry,77,0,0,0,0
2026_04_PIT_CLE,3457,18,2026,4,pit,cle,00-0035640,D.Metcalf,target,75,0,0,0,0
2026_04_PIT_CLE,3502,18,2026,4,pit,cle,00-0037228,J.Warren,target,36,0,0,0,0
2026_04_PIT_CLE,3527,18,2026,4,pit,cle,00-0037228,J.Warren,carry,23,0,0,0,0
2026_04_PIT_CLE,3552,18,2026,4,pit,cle,00-0038558,D.Washington,target,21,0,0,0,1
2026_04_PIT_CLE,3644,19,2026,4,cle,pit,00-0040784,Q.Judkins,target,70,0,0,0,0
2026_04_PIT_CLE,3702,19,2026,4,cle,pit,00-0040784,Q.Judkins,carry,34,0,0,0,0
2026_04_PIT_CLE,3724,19,2026,4,cle,pit,00-0040663,H.Fannin,target,33,0,0,0,0
2026_04_PIT_CLE,3847,20,2026,4,pit,cle,00-0037228,J.Warren,carry,68,0,0,0,0
2026_04_PIT_CLE,3869,20,2026,4,pit,cle,00-0037228,J.Warren,target,63,0,0,0,0
2026_04_PIT_CLE,3892,20,2026,4,pit,cle,00-0036894,P.Freiermuth,target,63,0,0,0,0
2026_04_PIT_CLE,3935,21,2026,4,cle,pit,00-0033537,D.Watson,carry,99,0,0,0,0
2026_04_PIT_CLE,3968,21,2026,4,cle,pit,00-0041037,D.Boston,target,98,0,0,0,0
2026_04_PIT_CLE,3993,21,2026,4,cle,pit,00-0040784,Q.Judkins,carry,83,0,0,0,0
2026_04_PIT_CLE,4015,21,2026,4,cle,pit,00-0040784,Q.Judkins,target,82,0,0,0,0
2026_04_PIT_CLE,4040,21,2026,4,cle,pit,00-0040663,H.Fannin,target,81,0,0,0,0
2026_04_PIT_CLE,4088,22,2026,4,pit,cle,00-0039739,R.Wilson,target,80,0,0,0,0
2026_04_PIT_CLE,4113,22,2026,4,pit,cle,00-0035640,D.Metcalf,target,67,0,0,0,0
2026_04_PIT_CLE,4146,22,2026,4,pit,cle,00-0041489,G.Bernard,target,45,0,0,0,0
2026_04_PIT_CLE,4171,22,2026,4,pit,cle,00-0035640,D.Metcalf,target,39,0,0,0,0
2026_04_PIT_CLE,4238,22,2026,4,pit,cle,00-0041489,G.Bernard,target,16,1,0,0,0
2026_04_PIT_CLE,4263,22,2026,4,pit,cle,00-0038558,D.Washington,target,11,1,0,0,0
2026_04_PIT_CLE,4293,22,2026,4,pit,cle,00-0038558,D.Washington,target,11,1,0,0,0
2026_04_PIT_CLE,4353,22,2026,4,pit,cle,00-0036894,P.Freiermuth,target,3,1,1,1,1
2026_04_PIT_CLE,4435,23,2026,4,cle,pit,00-0036407,J.Jeudy,target,74,0,0,0,0
2026_04_PIT_CLE,4486,23,2026,4,cle,pit,00-0040663,H.Fannin,target,62,0,0,0,0
2026_04_PIT_CLE,4516,23,2026,4,cle,pit,00-0036407,J.Jeudy,target,50,0,0,0,0
2026_04_PIT_CLE,4546,23,2026,4,cle,pit,00-0041547,K.Concepcion,target,40,0,0,0,0
2026_04_PIT_CLE,4606,23,2026,4,cle,pit,00-0041547,K.Concepcion,target,38,0,0,0,0
2026_04_PIT_CLE,4673,24,2026,4,pit,cle,00-0039739,R.Wilson,target,65,0,0,0,0
2026_04_TEN_BAL,63,1,2026,4,ten,bal,00-0040705,C.Dike,target,58,0,0,0,0
2026_04_TEN_BAL,93,1,2026,4,ten,bal,00-0035261,T.Pollard,target,43,0,0,0,0
2026_04_TEN_BAL,120,2,2026,4,bal,ten,00-0039064,Z.Flowers,target,37,0,0,0,0
2026_04_TEN_BAL,145,2,2026,4,bal,ten,00-0034753,M.Andrews,target,14,1,0,0,0
2026_04_TEN_BAL,173,2,2026,4,bal,ten,00-0039064,Z.Flowers,target,14,1,0,0,0
2026_04_TEN_BAL,202,2,2026,4,bal,ten,00-0032764,D.Henry,carry,8,1,1,0,0
2026_04_TEN_BAL,224,2,2026,4,bal,ten,00-0032764,D.Henry,carry,5,1,1,1,1
2026_04_TEN_BAL,299,3,2026,4,ten,bal,00-0035261,T.Pollard,carry,70,0,0,0,0
2026_04_TEN_BAL,321,3,2026,4,ten,bal,00-0035261,T.Pollard,carry,65,0,0,0,0
2026_04_TEN_BAL,343,3,2026,4,ten,bal,00-0038117,W.Robinson,target,58,0,0,0,0
2026_04_TEN_BAL,368,3,2026,4,ten,bal,00-0041438,C.Tate,target,46,0,0,0,0
2026_04_TEN_BAL,393,3,2026,4,ten,bal,00-0035261,T.Pollard,carry,24,0,0,0,0
2026_04_TEN_BAL,438,3,2026,4,ten,bal,00-0039032,T.Spears,carry,18,1,0,0,0
2026_04_TEN_BAL,477,3,2026,4,ten,bal,00-0035261,T.Pollard,carry,10,1,1,0,0
2026_04_TEN_BAL,499,3,2026,4,ten,bal,00-0035261,T.Pollard,carry,8,1,1,0,0
2026_04_TEN_BAL,521,3,2026,4,ten,bal,00-0035261,T.Pollard,carry,6,1,1,0,0
2026_04_TEN_BAL,543,3,2026,4,ten,bal,00-0035261,T.Pollard,carry,3,1,1,1,1
2026_04_TEN_BAL,605,4,2026,4,bal,ten,00-0032764,D.Henry,carry,65,0,0,0,0
2026_04_TEN_BAL,627,4,2026,4,bal,ten,00-0039792,D.Walker,target,66,0,0,0,0
2026_04_TEN_BAL,652,4,2026,4,bal,ten,00-0032764,D.Henry,target,47,0,0,0,0
2026_04_TEN_BAL,677,4,2026,4,bal,ten,00-0034796,L.Jackson,carry,50,0,0,0,0
2026_04_TEN_BAL,761,5,2026,4,ten,bal,00-0041438,C.Tate,target,92,0,0,0,0
2026_04_TEN_BAL,793,5,2026,4,ten,bal,00-0040886,N.Singleton,carry,81,0,0,0,0
2026_04_TEN_BAL,838,5,2026,4,ten,bal,00-0039032,T.Spears,target,81,0,0,0,0
2026_04_TEN_BAL,882,6,2026,4,bal,ten,00-0039064,Z.Flowers,target,81,0,0,0,0
2026_04_TEN_BAL,927,6,2026,4,bal,ten,00-0032764,D.Henry,carry,73,0,0,0,0
2026_04_TEN_BAL,949,6,2026,4,bal,ten,00-0032764,D.Henry,carry,69,0,0,0,0
2026_04_TEN_BAL,971,6,2026,4,bal,ten,00-0040879,M.Hibner,target,55,0,0,0,0
2026_04_TEN_BAL,996,6,2026,4,bal,ten,00-0032764,D.Henry,carry,30,0,0,0,0
2026_04_TEN_BAL,1018,6,2026,4,bal,ten,00-0039064,Z.Flowers,target,19,1,0,0,1
2026_04_TEN_BAL,1106,7,2026,4,ten,bal,00-0035261,T.Pollard,carry,75,0,0,0,0
2026_04_TEN_BAL,1139,7,2026,4,ten,bal,00-0038117,W.Robinson,carry,58,0,0,0,0
2026_04_TEN_BAL,1166,7,2026,4,ten,bal,00-0040170,E.Ayomanor,target,57,0,0,0,0
2026_04_TEN_BAL,1191,7,2026,4,ten,bal,00-0035261,T.Pollard,target,35,0,0,0,0
2026_04_TEN_BAL,1214,7,2026,4,ten,bal,00-0041438,C.Tate,target,35,0,0,0,0
2026_04_TEN_BAL,1261,7,2026,4,ten,bal,00-0035261,T.Pollard,carry,20,1,0,0,0
2026_04_TEN_BAL,1299,7,2026,4,ten,bal,00-0035261,T.Pollard,carry,8,1,1,0,0
2026_04_TEN_BAL,1326,7,2026,4,ten,bal,00-0035261,T.Pollard,carry,5,1,1,1,0
2026_04_TEN_BAL,1355,7,2026,4,ten,bal,00-0035261,T.Pollard,carry,3,1,1,1,0
2026_04_TEN_BAL,1377,7,2026,4,ten,bal,00-0035261,T.Pollard,carry,2,1,1,1,0
2026_04_TEN_BAL,1389,8,2026,4,bal,ten,00-0032764,D.Henry,carry,98,0,0,0,0
2026_04_TEN_BAL,1454,8,2026,4,bal,ten,00-0034753,M.Andrews,target,99,0,0,0,0
2026_04_TEN_BAL,1479,8,2026,4,bal,ten,00-0034753,M.Andrews,target,92,0,0,0,0
2026_04_TEN_BAL,1504,8,2026,4,bal,ten,00-0032764,D.Henry,carry,86,0,0,0,0
2026_04_TEN_BAL,1526,8,2026,4,bal,ten,00-0036550,R.Bateman,target,85,0,0,0,0
2026_04_TEN_BAL,1551,8,2026,4,bal,ten,00-0039064,Z.Flowers,target,57,0,0,0,0
2026_04_TEN_BAL,1576,8,2026,4,bal,ten,00-0032764,D.Henry,carry,5,1,1,1,0
2026_04_TEN_BAL,1598,8,2026,4,bal,ten,00-0034753,M.Andrews,target,3,1,1,1,1
2026_04_TEN_BAL,1669,9,2026,4,ten,bal,00-0041438,C.Tate,target,80,0,0,0,0
2026_04_TEN_BAL,1694,9,2026,4,ten,bal,00-0034837,C.Ridley,target,74,0,0,0,0
2026_04_TEN_BAL,1753,9,2026,4,ten,bal,00-0039032,T.Spears,carry,50,0,0,0,0
2026_04_TEN_BAL,1805,9,2026,4,ten,bal,00-0041438,C.Tate,target,51,0,0,0,0
2026_04_TEN_BAL,1865,10,2026,4,bal,ten,00-0039064,Z.Flowers,target,88,0,0,0,0
2026_04_TEN_BAL,1950,10,2026,4,bal,ten,00-0034975,J.Hill,target,81,0,0,0,0
2026_04_TEN_BAL,1997,10,2026,4,bal,ten,00-0034753,M.Andrews,target,86,0,0,0,0
2026_04_TEN_BAL,2079,11,2026,4,ten,bal,00-0041438,C.Tate,target,70,0,0,0,0
2026_04_TEN_BAL,2120,12,2026,4,bal,ten,00-0039792,D.Walker,target,65,0,0,0,0
2026_04_TEN_BAL,2143,12,2026,4,bal,ten,00-0039064,Z.Flowers,target,65,0,0,0,0
2026_04_TEN_BAL,2168,12,2026,4,bal,ten,00-0040876,E.Sarratt,target,54,0,0,0,0
2026_04_TEN_BAL,2200,12,2026,4,bal,ten,00-0040876,E.Sarratt,target,41,0,0,0,0
2026_04_TEN_BAL,2368,13,2026,4,bal,ten,00-0039064,Z.Flowers,target,71,0,0,0,0
2026_04_TEN_BAL,2403,13,2026,4,bal,ten,00-0032764,D.Henry,carry,66,0,0,0,0
2026_04_TEN_BAL,2425,13,2026,4,bal,ten,00-0034975,J.Hill,target,66,0,0,0,0
2026_04_TEN_BAL,2475,14,2026,4,ten,bal,00-0035261,T.Pollard,carry,91,0,0,0,0
2026_04_TEN_BAL,2507,14,2026,4,ten,bal,00-0035261,T.Pollard,carry,87,0,0,0,0
2026_04_TEN_BAL,2529,14,2026,4,ten,bal,00-0041438,C.Tate,target,86,0,0,0,0
2026_04_TEN_BAL,2559,14,2026,4,ten,bal,00-0041438,C.Tate,target,74,0,0,0,0
2026_04_TEN_BAL,2652,14,2026,4,ten,bal,00-0040886,N.Singleton,carry,35,0,0,0,0
2026_04_TEN_BAL,2674,14,2026,4,ten,bal,00-0041438,C.Tate,target,33,0,0,0,0
2026_04_TEN_BAL,2699,14,2026,4,ten,bal,00-0040886,N.Singleton,carry,20,1,0,0,0
2026_04_TEN_BAL,2814,15,2026,4,bal,ten,00-0032764,D.Henry,carry,65,0,0,0,0
2026_04_TEN_BAL,2836,15,2026,4,bal,ten,00-0034975,J.Hill,target,63,0,0,0,0
2026_04_TEN_BAL,2861,15,2026,4,bal,ten,00-0032764,D.Henry,carry,48,0,0,0,0
2026_04_TEN_BAL,2883,15,2026,4,bal,ten,00-0034753,M.Andrews,target,48,0,0,0,0
2026_04_TEN_BAL,2923,15,2026,4,bal,ten,00-0039064,Z.Flowers,target,42,0,0,0,0
2026_04_TEN_BAL,2984,16,2026,4,ten,bal,00-0034837,C.Ridley,target,86,0,0,0,0
2026_04_TEN_BAL,3019,16,2026,4,ten,bal,00-0035261,T.Pollard,target,86,0,0,0,0
2026_04_TEN_BAL,3134,17,2026,4,bal,ten,00-0032764,D.Henry,carry,43,0,0,0,0
2026_04_TEN_BAL,3189,17,2026,4,bal,ten,00-0039064,Z.Flowers,target,53,0,0,0,0
2026_04_TEN_BAL,3243,18,2026,4,ten,bal,00-0035261,T.Pollard,carry,85,0,0,0,0
2026_04_TEN_BAL,3285,18,2026,4,ten,bal,00-0038115,D.Bellinger,target,80,0,0,0,0
2026_04_TEN_BAL,3310,18,2026,4,ten,bal,00-0038117,W.Robinson,target,78,0,0,0,0
2026_04_TEN_BAL,3364,19,2026,4,bal,ten,00-0040879,M.Hibner,target,78,0,0,0,0
2026_04_TEN_BAL,3396,19,2026,4,bal,ten,00-0032764,D.Henry,carry,69,0,0,0,0
2026_04_TEN_BAL,3452,19,2026,4,bal,ten,00-0032764,D.Henry,target,63,0,0,0,0
2026_04_TEN_BAL,3477,19,2026,4,bal,ten,00-0032764,D.Henry,carry,54,0,0,0,0
2026_04_TEN_BAL,3502,19,2026,4,bal,ten,00-0032764,D.Henry,carry,50,0,0,0,0
2026_04_TEN_BAL,3582,20,2026,4,ten,bal,00-0035261,T.Pollard,target,80,0,0,0,0
2026_04_TEN_BAL,3612,20,2026,4,ten,bal,00-0038117,W.Robinson,target,78,0,0,0,0
2026_04_TEN_BAL,3659,20,2026,4,ten,bal,00-0041438,C.Tate,target,83,0,0,0,0
2026_04_TEN_BAL,3743,21,2026,4,bal,ten,00-0032764,D.Henry,carry,70,0,0,0,0
2026_04_TEN_BAL,3768,21,2026,4,bal,ten,00-0032764,D.Henry,carry,67,0,0,0,0
2026_04_TEN_BAL,3790,21,2026,4,bal,ten,00-0035993,T.Huntley,carry,61,0,0,0,0
2026_04_TEN_BAL,3812,21,2026,4,bal,ten,00-0032764,D.Henry,carry,52,0,0,0,0
2026_04_TEN_BAL,3834,21,2026,4,bal,ten,00-0032764,D.Henry,carry,49,0,0,0,0
2026_04_TEN_BAL,3859,21,2026,4,bal,ten,00-0034975,J.Hill,carry,47,0,0,0,0
2026_04_TEN_BAL,3881,21,2026,4,bal,ten,00-0036550,R.Bateman,target,44,0,0,0,0
2026_04_TEN_BAL,3921,21,2026,4,bal,ten,00-0032764,D.Henry,carry,26,0,0,0,0
2026_04_TEN_BAL,3953,21,2026,4,bal,ten,00-0032764,D.Henry,carry,26,0,0,0,0
2026_04_TEN_BAL,3975,21,2026,4,bal,ten,00-0032764,D.Henry,carry,24,0,0,0,0
2026_04_TEN_BAL,4032,22,2026,4,ten,bal,00-0041438,C.Tate,target,70,0,0,0,0
2026_04_TEN_BAL,4084,22,2026,4,ten,bal,00-0038117,W.Robinson,target,35,0,0,0,0
2026_04_TEN_BAL,4129,22,2026,4,ten,bal,00-0040584,G.Helm,target,41,0,0,0,0
2026_04_TEN_BAL,4161,22,2026,4,ten,bal,00-0041438,C.Tate,target,36,0,0,0,0
2026_04_TEN_BAL,4200,22,2026,4,ten,bal,00-0038117,W.Robinson,target,3,1,1,1,1
