team,season,game_id,prior8,prior4,next4,next8
ari,2022,2022_01_KC_ARI,,,0.136363636364,0.138138138138
ari,2022,2022_02_ARI_LV,,,0.139072847682,0.145454545455
ari,2022,2022_03_LA_ARI,,,0.141891891892,0.162079510703
ari,2022,2022_04_ARI_CAR,,,0.109195402299,0.157575757576
ari,2022,2022_05_PHI_ARI,0.136363636364,0.136363636364,0.139664804469,0.179710144928
ari,2022,2022_06_ARI_SEA,0.138461538462,0.139072847682,0.150837988827,0.166180758017
ari,2022,2022_07_NO_ARI,0.14406779661,0.141891891892,0.178770949721,0.176119402985
ari,2022,2022_08_ARI_MIN,0.128027681661,0.109195402299,0.211538461538,0.18018018018
ari,2022,2022_09_SEA_ARI,0.138138138138,0.139664804469,0.222891566265,0.169278996865
ari,2022,2022_10_ARI_LA,0.145454545455,0.150837988827,0.182926829268,0.171052631579
ari,2022,2022_11_SF_ARI,0.162079510703,0.178770949721,0.173076923077,
ari,2022,2022_12_LAC_ARI,0.157575757576,0.211538461538,0.152542372881,
ari,2022,2022_14_NE_ARI,0.179710144928,0.222891566265,0.111111111111,
ari,2022,2022_15_ARI_DEN,0.166180758017,0.182926829268,0.157142857143,
ari,2022,2022_16_TB_ARI,0.176119402985,0.173076923077,,
ari,2022,2022_17_ARI_ATL,0.18018018018,0.152542372881,,
ari,2022,2022_18_ARI_SF,0.169278996865,0.111111111111,,
ari,2023,2023_01_ARI_WAS,0.171052631579,0.157142857143,0.0969696969697,0.102893890675
ari,2023,2023_02_NYG_ARI,0.149350649351,0.125,0.0809248554913,0.102990033223
ari,2023,2023_03_DAL_ARI,0.145061728395,0.136054421769,0.0779220779221,0.108391608392
ari,2023,2023_04_ARI_SF,0.11875,0.125748502994,0.0827067669173,0.115107913669
ari,2023,2023_05_CIN_ARI,0.124590163934,0.0969696969697,0.109589041096,0.118055555556
ari,2023,2023_06_ARI_LA,0.101538461538,0.0809248554913,0.1328125,0.131578947368
ari,2023,2023_07_ARI_SEA,0.106312292359,0.0779220779221,0.143939393939,0.123595505618
ari,2023,2023_08_BAL_ARI,0.106666666667,0.0827067669173,0.144827586207,0.113138686131
ari,2023,2023_09_ARI_CLE,0.102893890675,0.109589041096,0.12676056338,0.103053435115
ari,2023,2023_10_ATL_ARI,0.102990033223,0.1328125,0.130434782609,0.0852713178295
ari,2023,2023_11_ARI_HOU,0.108391608392,0.143939393939,0.103703703704,
ari,2023,2023_12_LA_ARI,0.115107913669,0.144827586207,0.077519379845,
ari,2023,2023_13_ARI_PIT,0.118055555556,0.12676056338,0.075,
ari,2023,2023_15_SF_ARI,0.131578947368,0.130434782609,0.0333333333333,
ari,2023,2023_16_ARI_CHI,0.123595505618,0.103703703704,,
ari,2023,2023_17_ARI_PHI,0.113138686131,0.077519379845,,
ari,2023,2023_18_SEA_ARI,0.103053435115,0.075,,
ari,2024,2024_01_ARI_BUF,0.0852713178295,0.0333333333333,0.1171875,0.109589041096
ari,2024,2024_02_LA_ARI,0.0772200772201,0.0483870967742,0.124087591241,0.130573248408
ari,2024,2024_03_DET_ARI,0.0963855421687,0.116666666667,0.0704225352113,0.114551083591
ari,2024,2024_04_WAS_ARI,0.0954356846473,0.115702479339,0.0931677018634,0.122023809524
ari,2024,2024_05_ARI_SF,0.0766129032258,0.1171875,0.103658536585,0.141592920354
ari,2024,2024_06_ARI_GB,0.088122605364,0.124087591241,0.135593220339,0.136778115502
ari,2024,2024_07_LAC_ARI,0.0916030534351,0.0704225352113,0.149171270718,0.140186915888
ari,2024,2024_08_ARI_MIA,0.102836879433,0.0931677018634,0.148571428571,0.131832797428
ari,2024,2024_09_CHI_ARI,0.109589041096,0.103658536585,0.177142857143,0.130718954248
ari,2024,2024_10_NYJ_ARI,0.130573248408,0.135593220339,0.138157894737,0.106666666667
ari,2024,2024_12_ARI_SEA,0.114551083591,0.149171270718,0.128571428571,
ari,2024,2024_13_ARI_MIN,0.122023809524,0.148571428571,0.110294117647,
ari,2024,2024_14_SEA_ARI,0.141592920354,0.177142857143,0.0687022900763,
ari,2024,2024_15_NE_ARI,0.136778115502,0.138157894737,0.0743243243243,
ari,2024,2024_16_ARI_CAR,0.140186915888,0.128571428571,,
ari,2024,2024_17_ARI_LA,0.131832797428,0.110294117647,,
ari,2024,2024_18_SF_ARI,0.130718954248,0.0687022900763,,
ari,2025,2025_01_ARI_NO,0.106666666667,0.0743243243243,0.119791666667,0.124293785311
ari,2025,2025_02_CAR_ARI,0.0935483870968,0.0647058823529,0.135135135135,0.135220125786
ari,2025,2025_03_ARI_SF,0.0982142857143,0.09,0.137254901961,0.127659574468
ari,2025,2025_04_SEA_ARI,0.0973451327434,0.115384615385,0.103448275862,0.120437956204
ari,2025,2025_05_TEN_ARI,0.1,0.119791666667,0.12962962963,0.111913357401
ari,2025,2025_06_ARI_IND,0.101408450704,0.135135135135,0.135338345865,0.109022556391
ari,2025,2025_07_GB_ARI,0.110481586402,0.137254901961,0.116279069767,0.093984962406
ari,2025,2025_09_ARI_DAL,0.110481586402,0.103448275862,0.139534883721,0.100746268657
ari,2025,2025_10_ARI_SEA,0.124293785311,0.12962962963,0.0869565217391,0.087786259542
ari,2025,2025_11_SF_ARI,0.135220125786,0.135338345865,0.0827067669173,0.0896551724138
ari,2025,2025_12_JAX_ARI,0.127659574468,0.116279069767,0.0729927007299,
ari,2025,2025_13_ARI_TB,0.120437956204,0.139534883721,0.0647482014388,
ari,2025,2025_14_LA_ARI,0.111913357401,0.0869565217391,0.0884353741497,
ari,2025,2025_15_ARI_HOU,0.109022556391,0.0827067669173,0.0955414012739,
ari,2025,2025_16_ATL_ARI,0.093984962406,0.0729927007299,,
ari,2025,2025_17_ARI_CIN,0.100746268657,0.0647482014388,,
ari,2025,2025_18_ARI_LA,0.087786259542,0.0884353741497,,
atl,2022,2022_01_NO_ATL,,,0.134969325153,0.108262108262
atl,2022,2022_02_ATL_LA,,,0.101123595506,0.0896358543417
atl,2022,2022_03_ATL_SEA,,,0.10752688172,0.0979228486647
atl,2022,2022_04_CLE_ATL,,,0.112903225806,0.102167182663
atl,2022,2022_05_ATL_TB,0.134969325153,0.134969325153,0.0851063829787,0.0912052117264
atl,2022,2022_06_SF_ATL,0.119815668203,0.101123595506,0.0782122905028,0.0985915492958
atl,2022,2022_07_ATL_CIN,0.114503816794,0.10752688172,0.0860927152318,0.103846153846
atl,2022,2022_08_CAR_ATL,0.116504854369,0.112903225806,0.0875912408759,0.0909090909091
atl,2022,2022_09_LAC_ATL,0.108262108262,0.0851063829787,0.100840336134,0.10970464135
atl,2022,2022_10_ATL_CAR,0.0896358543417,0.0782122905028,0.133333333333,0.128318584071
atl,2022,2022_11_CHI_ATL,0.0979228486647,0.0860927152318,0.128440366972,
atl,2022,2022_12_ATL_WAS,0.102167182663,0.0875912408759,0.0957446808511,
atl,2022,2022_13_PIT_ATL,0.0912052117264,0.100840336134,0.118644067797,
atl,2022,2022_15_ATL_NO,0.0985915492958,0.133333333333,0.123966942149,
atl,2022,2022_16_ATL_BAL,0.103846153846,0.128440366972,,
atl,2022,2022_17_ARI_ATL,0.0909090909091,0.0957446808511,,
atl,2022,2022_18_TB_ATL,0.10970464135,0.118644067797,,
atl,2023,2023_01_CAR_ATL,0.128318584071,0.123966942149,0.18,0.185430463576
atl,2023,2023_02_GB_ATL,0.133333333333,0.13698630137,0.15,0.171052631579
atl,2023,2023_03_ATL_DET,0.127490039841,0.146496815287,0.198581560284,0.162420382166
atl,2023,2023_04_ATL_JAX,0.147727272727,0.171232876712,0.160256410256,0.140625
atl,2023,2023_05_HOU_ATL,0.154981549815,0.18,0.190789473684,0.134969325153
atl,2023,2023_06_WAS_ATL,0.143356643357,0.15,0.189024390244,0.133540372671
atl,2023,2023_07_ATL_TB,0.171140939597,0.198581560284,0.132947976879,0.117647058824
atl,2023,2023_08_ATL_TEN,0.165562913907,0.160256410256,0.121951219512,0.134375
atl,2023,2023_09_MIN_ATL,0.185430463576,0.190789473684,0.0862068965517,0.116564417178
atl,2023,2023_10_ATL_ARI,0.171052631579,0.189024390244,0.0759493670886,0.122580645161
atl,2023,2023_12_NO_ATL,0.162420382166,0.132947976879,0.1,
atl,2023,2023_13_ATL_NYJ,0.140625,0.121951219512,0.147435897436,
atl,2023,2023_14_TB_ATL,0.134969325153,0.0862068965517,0.151315789474,
atl,2023,2023_15_ATL_CAR,0.133540372671,0.0759493670886,0.171052631579,
atl,2023,2023_16_IND_ATL,0.117647058824,0.1,,
atl,2023,2023_17_ATL_CHI,0.134375,0.147435897436,,
atl,2023,2023_18_ATL_NO,0.116564417178,0.151315789474,,
atl,2024,2024_01_PIT_ATL,0.122580645161,0.171052631579,0.130718954248,0.0949367088608
atl,2024,2024_02_ATL_PHI,0.135313531353,0.169934640523,0.105263157895,0.0970588235294
atl,2024,2024_03_KC_ATL,0.144295302013,0.140845070423,0.0886075949367,0.0881458966565
atl,2024,2024_04_NO_ATL,0.148648648649,0.145833333333,0.0855263157895,0.077399380805
atl,2024,2024_05_TB_ATL,0.150819672131,0.130718954248,0.0613496932515,0.096463022508
atl,2024,2024_06_ATL_CAR,0.137704918033,0.105263157895,0.0904255319149,0.113924050633
atl,2024,2024_07_SEA_ATL,0.113333333333,0.0886075949367,0.0877192982456,0.122257053292
atl,2024,2024_08_ATL_TB,0.114864864865,0.0855263157895,0.0701754385965,0.119266055046
atl,2024,2024_09_DAL_ATL,0.0949367088608,0.0613496932515,0.135135135135,0.134969325153
atl,2024,2024_10_ATL_NO,0.0970588235294,0.0904255319149,0.1484375,0.11575562701
atl,2024,2024_11_ATL_DEN,0.0881458966565,0.0877192982456,0.162162162162,
atl,2024,2024_13_LAC_ATL,0.077399380805,0.0701754385965,0.173076923077,
atl,2024,2024_14_ATL_MIN,0.096463022508,0.135135135135,0.134831460674,
atl,2024,2024_15_ATL_LV,0.113924050633,0.1484375,0.0928961748634,
atl,2024,2024_16_NYG_ATL,0.122257053292,0.162162162162,,
atl,2024,2024_17_ATL_WAS,0.119266055046,0.173076923077,,
atl,2024,2024_18_CAR_ATL,0.134969325153,0.134831460674,,
atl,2025,2025_01_TB_ATL,0.11575562701,0.0928961748634,0.175572519084,0.153558052434
atl,2025,2025_02_ATL_MIN,0.11801242236,0.0804597701149,0.2,0.166666666667
atl,2025,2025_03_ATL_CAR,0.145569620253,0.11875,0.1484375,0.151202749141
atl,2025,2025_04_WAS_ATL,0.129746835443,0.123188405797,0.138461538462,0.158227848101
atl,2025,2025_06_BUF_ATL,0.127388535032,0.175572519084,0.132352941176,0.153846153846
atl,2025,2025_07_ATL_SF,0.131578947368,0.2,0.135714285714,0.145510835913
atl,2025,2025_08_MIA_ATL,0.131944444444,0.1484375,0.153374233129,0.146627565982
atl,2025,2025_09_ATL_NE,0.130597014925,0.138461538462,0.172043010753,0.154069767442
atl,2025,2025_10_ATL_IND,0.153558052434,0.132352941176,0.169312169312,0.149425287356
atl,2025,2025_11_CAR_ATL,0.166666666667,0.135714285714,0.153005464481,0.139204545455
atl,2025,2025_12_ATL_NO,0.151202749141,0.153374233129,0.140449438202,
atl,2025,2025_13_ATL_NYJ,0.158227848101,0.172043010753,0.132911392405,
atl,2025,2025_14_SEA_ATL,0.153846153846,0.169312169312,0.125786163522,
atl,2025,2025_15_ATL_TB,0.145510835913,0.153005464481,0.12426035503,
atl,2025,2025_16_ATL_ARI,0.146627565982,0.140449438202,,
atl,2025,2025_17_LA_ATL,0.154069767442,0.132911392405,,
atl,2025,2025_18_NO_ATL,0.149425287356,0.125786163522,,
bal,2022,2022_01_BAL_NYJ,,,0.103448275862,0.113821138211
bal,2022,2022_02_MIA_BAL,,,0.0893854748603,0.115044247788
bal,2022,2022_03_BAL_NE,,,0.11875,0.134146341463
bal,2022,2022_04_BUF_BAL,,,0.127388535032,0.139393939394
bal,2022,2022_05_CIN_BAL,0.103448275862,0.103448275862,0.126506024096,0.143312101911
bal,2022,2022_06_BAL_NYG,0.10612244898,0.0893854748603,0.14375,0.145631067961
bal,2022,2022_07_CLE_BAL,0.111111111111,0.11875,0.14880952381,0.146103896104
bal,2022,2022_08_BAL_TB,0.11356466877,0.127388535032,0.150289017341,0.142394822006
bal,2022,2022_09_BAL_NO,0.113821138211,0.126506024096,0.162162162162,0.164335664336
bal,2022,2022_11_CAR_BAL,0.115044247788,0.14375,0.147651006711,0.155405405405
bal,2022,2022_12_BAL_JAX,0.134146341463,0.14880952381,0.142857142857,
bal,2022,2022_13_DEN_BAL,0.139393939394,0.150289017341,0.132352941176,
bal,2022,2022_14_BAL_PIT,0.143312101911,0.162162162162,0.166666666667,
bal,2022,2022_15_BAL_CLE,0.145631067961,0.147651006711,0.163265306122,
bal,2022,2022_16_ATL_BAL,0.146103896104,0.142857142857,,
bal,2022,2022_17_PIT_BAL,0.142394822006,0.132352941176,,
bal,2022,2022_18_BAL_CIN,0.164335664336,0.166666666667,,
bal,2023,2023_01_HOU_BAL,0.155405405405,0.163265306122,0.152284263959,0.1581769437
bal,2023,2023_02_BAL_CIN,0.157556270096,0.169590643275,0.136363636364,0.151428571429
bal,2023,2023_03_IND_BAL,0.153354632588,0.169491525424,0.172619047619,0.158640226629
bal,2023,2023_04_BAL_CLE,0.15223880597,0.142131979695,0.167597765363,0.161383285303
bal,2023,2023_05_BAL_PIT,0.156976744186,0.152284263959,0.164772727273,0.161931818182
bal,2023,2023_06_BAL_TEN,0.152737752161,0.136363636364,0.166666666667,0.174033149171
bal,2023,2023_07_DET_BAL,0.171014492754,0.172619047619,0.145945945946,0.152406417112
bal,2023,2023_08_BAL_ARI,0.154255319149,0.167597765363,0.154761904762,0.158038147139
bal,2023,2023_09_SEA_BAL,0.1581769437,0.164772727273,0.159090909091,0.149051490515
bal,2023,2023_10_CLE_BAL,0.151428571429,0.166666666667,0.18085106383,0.150837988827
bal,2023,2023_11_CIN_BAL,0.158640226629,0.145945945946,0.15873015873,
bal,2023,2023_12_BAL_LAC,0.161383285303,0.154761904762,0.160804020101,
bal,2023,2023_14_LA_BAL,0.161931818182,0.159090909091,0.139896373057,
bal,2023,2023_15_BAL_JAX,0.174033149171,0.18085106383,0.117647058824,
bal,2023,2023_16_BAL_SF,0.152406417112,0.15873015873,,
bal,2023,2023_17_MIA_BAL,0.158038147139,0.160804020101,,
bal,2023,2023_18_PIT_BAL,0.149051490515,0.139896373057,,
bal,2024,2024_01_BAL_KC,0.150837988827,0.117647058824,0.177777777778,0.166666666667
bal,2024,2024_02_LV_BAL,0.154518950437,0.149350649351,0.178010471204,0.155672823219
bal,2024,2024_03_BAL_DAL,0.161849710983,0.163265306122,0.169312169312,0.155778894472
bal,2024,2024_04_BUF_BAL,0.151260504202,0.164634146341,0.160220994475,0.166666666667
bal,2024,2024_05_BAL_CIN,0.148571428571,0.177777777778,0.155913978495,0.158974358974
bal,2024,2024_06_WAS_BAL,0.165217391304,0.178010471204,0.132978723404,0.151761517615
bal,2024,2024_07_BAL_TB,0.166666666667,0.169312169312,0.143540669856,0.14745308311
bal,2024,2024_08_BAL_CLE,0.16231884058,0.160220994475,0.172588832487,0.160112359551
bal,2024,2024_09_DEN_BAL,0.166666666667,0.155913978495,0.161764705882,0.164772727273
bal,2024,2024_10_CIN_BAL,0.155672823219,0.132978723404,0.171270718232,0.161383285303
bal,2024,2024_11_BAL_PIT,0.155778894472,0.143540669856,0.15243902439,
bal,2024,2024_12_BAL_LAC,0.166666666667,0.172588832487,0.14465408805,
bal,2024,2024_13_PHI_BAL,0.158974358974,0.161764705882,0.168918918919,
bal,2024,2024_15_BAL_NYG,0.151761517615,0.171270718232,0.150602409639,
bal,2024,2024_16_PIT_BAL,0.14745308311,0.15243902439,,
bal,2024,2024_17_BAL_HOU,0.160112359551,0.14465408805,,
bal,2024,2024_18_CLE_BAL,0.164772727273,0.168918918919,,
bal,2025,2025_01_BAL_BUF,0.161383285303,0.150602409639,0.117318435754,0.111111111111
bal,2025,2025_02_CLE_BAL,0.136904761905,0.122093023256,0.134969325153,0.139817629179
bal,2025,2025_03_DET_BAL,0.135838150289,0.128342245989,0.113475177305,0.151612903226
bal,2025,2025_04_BAL_KC,0.141538461538,0.118644067797,0.0915032679739,0.152380952381
bal,2025,2025_05_HOU_BAL,0.133333333333,0.117318435754,0.103896103896,0.16199376947
bal,2025,2025_06_LA_BAL,0.128358208955,0.134969325153,0.144578313253,0.153605015674
bal,2025,2025_08_CHI_BAL,0.121951219512,0.113475177305,0.183431952663,0.166172106825
bal,2025,2025_09_BAL_MIA,0.106060606061,0.0915032679739,0.20987654321,0.17816091954
bal,2025,2025_10_BAL_MIN,0.111111111111,0.103896103896,0.215568862275,0.180473372781
bal,2025,2025_11_BAL_CLE,0.139817629179,0.144578313253,0.16339869281,0.152941176471
bal,2025,2025_12_NYJ_BAL,0.151612903226,0.183431952663,0.14880952381,
bal,2025,2025_13_CIN_BAL,0.152380952381,0.20987654321,0.150537634409,
bal,2025,2025_14_PIT_BAL,0.16199376947,0.215568862275,0.146198830409,
bal,2025,2025_15_BAL_CIN,0.153605015674,0.16339869281,0.144385026738,
bal,2025,2025_16_NE_BAL,0.166172106825,0.14880952381,,
bal,2025,2025_17_BAL_GB,0.17816091954,0.150537634409,,
bal,2025,2025_18_BAL_PIT,0.180473372781,0.146198830409,,
buf,2022,2022_01_BUF_LA,,,0.182432432432,0.153846153846
buf,2022,2022_02_TEN_BUF,,,0.114649681529,0.131343283582
buf,2022,2022_03_BUF_MIA,,,0.133333333333,0.129213483146
buf,2022,2022_04_BUF_BAL,,,0.130890052356,0.139784946237
buf,2022,2022_05_PIT_BUF,0.182432432432,0.182432432432,0.129943502825,0.137837837838
buf,2022,2022_06_BUF_KC,0.164251207729,0.114649681529,0.14606741573,0.14364640884
buf,2022,2022_08_GB_BUF,0.165384615385,0.133333333333,0.125,0.137026239067
buf,2022,2022_09_BUF_NYJ,0.158783783784,0.130890052356,0.149171270718,0.137829912023
buf,2022,2022_10_MIN_BUF,0.153846153846,0.129943502825,0.145077720207,0.134453781513
buf,2022,2022_11_CLE_BUF,0.131343283582,0.14606741573,0.141304347826,
buf,2022,2022_12_BUF_DET,0.129213483146,0.125,0.149700598802,
buf,2022,2022_13_BUF_NE,0.139784946237,0.149171270718,0.125,
buf,2022,2022_14_NYJ_BUF,0.137837837838,0.145077720207,0.121951219512,
buf,2022,2022_15_MIA_BUF,0.14364640884,0.141304347826,,
buf,2022,2022_16_BUF_CHI,0.137026239067,0.149700598802,,
buf,2022,2022_18_NE_BUF,0.137829912023,0.125,,
buf,2023,2023_01_BUF_NYJ,0.134453781513,0.121951219512,0.242857142857,0.186544342508
buf,2023,2023_02_LV_BUF,0.141975308642,0.142857142857,0.206060606061,0.171919770774
buf,2023,2023_03_BUF_WAS,0.14381270903,0.136363636364,0.2,0.181318681319
buf,2023,2023_04_MIA_BUF,0.163879598662,0.208633093525,0.14364640884,0.161643835616
buf,2023,2023_05_JAX_BUF,0.177631578947,0.242857142857,0.144385026738,0.142458100559
buf,2023,2023_06_NYG_BUF,0.177049180328,0.206060606061,0.141304347826,0.14447592068
buf,2023,2023_07_BUF_NE,0.173501577287,0.2,0.162011173184,0.152298850575
buf,2023,2023_08_TB_BUF,0.171875,0.14364640884,0.179347826087,0.155367231638
buf,2023,2023_09_BUF_CIN,0.186544342508,0.144385026738,0.140350877193,0.159159159159
buf,2023,2023_10_DEN_BUF,0.171919770774,0.141304347826,0.147928994083,0.155555555556
buf,2023,2023_11_NYJ_BUF,0.181318681319,0.162011173184,0.14201183432,
buf,2023,2023_12_BUF_PHI,0.161643835616,0.179347826087,0.129411764706,
buf,2023,2023_14_BUF_KC,0.142458100559,0.140350877193,0.179012345679,
buf,2023,2023_15_DAL_BUF,0.14447592068,0.147928994083,0.164383561644,
buf,2023,2023_16_BUF_LAC,0.152298850575,0.14201183432,,
buf,2023,2023_17_NE_BUF,0.155367231638,0.129411764706,,
buf,2023,2023_18_BUF_MIA,0.159159159159,0.179012345679,,
buf,2024,2024_01_ARI_BUF,0.155555555556,0.164383561644,0.147435897436,0.155763239875
buf,2024,2024_02_BUF_MIA,0.147435897436,0.153846153846,0.15,0.149681528662
buf,2024,2024_03_JAX_BUF,0.136942675159,0.145833333333,0.152866242038,0.153846153846
buf,2024,2024_04_BUF_BAL,0.158536585366,0.138554216867,0.166666666667,0.151515151515
buf,2024,2024_05_BUF_HOU,0.155629139073,0.147435897436,0.163636363636,0.144295302013
buf,2024,2024_06_BUF_NYJ,0.151815181518,0.15,0.149350649351,0.137457044674
buf,2024,2024_07_TEN_BUF,0.14950166113,0.152866242038,0.154838709677,0.143312101911
buf,2024,2024_08_BUF_SEA,0.151898734177,0.166666666667,0.136054421769,0.121405750799
buf,2024,2024_09_MIA_BUF,0.155763239875,0.163636363636,0.12030075188,0.126582278481
buf,2024,2024_10_BUF_IND,0.149681528662,0.149350649351,0.124087591241,0.130841121495
buf,2024,2024_11_KC_BUF,0.153846153846,0.154838709677,0.132075471698,
buf,2024,2024_13_SF_BUF,0.151515151515,0.136054421769,0.10843373494,
buf,2024,2024_14_BUF_LA,0.144295302013,0.12030075188,0.131147540984,
buf,2024,2024_15_BUF_DET,0.137457044674,0.124087591241,0.135869565217,
buf,2024,2024_16_NE_BUF,0.143312101911,0.132075471698,,
buf,2024,2024_17_NYJ_BUF,0.121405750799,0.10843373494,,
buf,2024,2024_18_BUF_NE,0.126582278481,0.131147540984,,
buf,2025,2025_01_BAL_BUF,0.130841121495,0.135869565217,0.126984126984,0.187725631769
buf,2025,2025_02_BUF_NYJ,0.132450331126,0.132867132867,0.13986013986,0.181818181818
buf,2025,2025_03_MIA_BUF,0.135593220339,0.170542635659,0.113333333333,0.165467625899
buf,2025,2025_04_NO_BUF,0.129032258065,0.125984251969,0.170068027211,0.178181818182
buf,2025,2025_05_NE_BUF,0.132258064516,0.126984126984,0.238410596026,0.177358490566
buf,2025,2025_06_BUF_ATL,0.136363636364,0.13986013986,0.227272727273,0.166037735849
buf,2025,2025_08_BUF_CAR,0.139784946237,0.113333333333,0.2265625,0.175097276265
buf,2025,2025_09_KC_BUF,0.149635036496,0.170068027211,0.1875,0.179389312977
buf,2025,2025_10_BUF_MIA,0.187725631769,0.238410596026,0.0964912280702,0.142857142857
buf,2025,2025_11_TB_BUF,0.181818181818,0.227272727273,0.105263157895,0.149019607843
buf,2025,2025_12_BUF_HOU,0.165467625899,0.2265625,0.124031007752,
buf,2025,2025_13_BUF_PIT,0.178181818182,0.1875,0.171641791045,
buf,2025,2025_14_CIN_BUF,0.177358490566,0.0964912280702,0.18115942029,
buf,2025,2025_15_BUF_NE,0.166037735849,0.105263157895,0.196721311475,
buf,2025,2025_16_BUF_CLE,0.175097276265,0.124031007752,,
buf,2025,2025_17_PHI_BUF,0.179389312977,0.171641791045,,
buf,2025,2025_18_NYJ_BUF,0.142857142857,0.18115942029,,
car,2022,2022_01_CLE_CAR,,,0.122093023256,0.122699386503
car,2022,2022_02_CAR_NYG,,,0.125748502994,0.11875
car,2022,2022_03_NO_CAR,,,0.0961538461538,0.125
car,2022,2022_04_ARI_CAR,,,0.0740740740741,0.118032786885
car,2022,2022_05_SF_CAR,0.122093023256,0.122093023256,0.123376623377,0.145631067961
car,2022,2022_06_CAR_LA,0.125,0.125748502994,0.111111111111,0.142405063291
car,2022,2022_07_TB_CAR,0.119341563786,0.0961538461538,0.153846153846,0.144736842105
car,2022,2022_08_CAR_ATL,0.108474576271,0.0740740740741,0.167832167832,0.158940397351
car,2022,2022_09_CAR_CIN,0.122699386503,0.123376623377,0.167741935484,0.148606811146
car,2022,2022_10_ATL_CAR,0.11875,0.111111111111,0.171779141104,0.152380952381
car,2022,2022_11_CAR_BAL,0.125,0.153846153846,0.135135135135,
car,2022,2022_12_DEN_CAR,0.118032786885,0.167832167832,0.150943396226,
car,2022,2022_14_CAR_SEA,0.145631067961,0.167741935484,0.130952380952,
car,2022,2022_15_PIT_CAR,0.142405063291,0.171779141104,0.131578947368,
car,2022,2022_16_DET_CAR,0.144736842105,0.135135135135,,
car,2022,2022_17_CAR_TB,0.158940397351,0.150943396226,,
car,2022,2022_18_CAR_NO,0.148606811146,0.130952380952,,
car,2023,2023_01_CAR_ATL,0.152380952381,0.131578947368,0.174242424242,0.149019607843
car,2023,2023_02_NO_CAR,0.142857142857,0.150326797386,0.18115942029,0.137037037037
car,2023,2023_03_CAR_SEA,0.150819672131,0.150684931507,0.15625,0.128676470588
car,2023,2023_04_MIN_CAR,0.145695364238,0.164179104478,0.129310344828,0.119230769231
car,2023,2023_05_CAR_DET,0.151408450704,0.174242424242,0.121951219512,0.111524163569
car,2023,2023_06_CAR_MIA,0.164948453608,0.18115942029,0.0909090909091,0.109022556391
car,2023,2023_08_HOU_CAR,0.153284671533,0.15625,0.104166666667,0.113725490196
car,2023,2023_09_IND_CAR,0.148,0.129310344828,0.111111111111,0.107692307692
car,2023,2023_10_CAR_CHI,0.149019607843,0.121951219512,0.102739726027,0.11673151751
car,2023,2023_11_DAL_CAR,0.137037037037,0.0909090909091,0.126865671642,0.125
car,2023,2023_12_CAR_TEN,0.128676470588,0.104166666667,0.126126126126,
car,2023,2023_13_CAR_TB,0.119230769231,0.111111111111,0.103448275862,
car,2023,2023_14_CAR_NO,0.111524163569,0.102739726027,0.135135135135,
car,2023,2023_15_ATL_CAR,0.109022556391,0.126865671642,0.122950819672,
car,2023,2023_16_GB_CAR,0.113725490196,0.126126126126,,
car,2023,2023_17_CAR_JAX,0.107692307692,0.103448275862,,
car,2023,2023_18_TB_CAR,0.11673151751,0.135135135135,,
car,2024,2024_01_CAR_NO,0.125,0.122950819672,0.0808823529412,0.0716845878136
car,2024,2024_02_LAC_CAR,0.121338912134,0.1171875,0.0821917808219,0.0833333333333
car,2024,2024_03_CAR_LV,0.114893617021,0.126050420168,0.0849673202614,0.0885245901639
car,2024,2024_04_CIN_CAR,0.120481927711,0.108695652174,0.0656934306569,0.0938511326861
car,2024,2024_05_CAR_CHI,0.100775193798,0.0808823529412,0.0629370629371,0.105095541401
car,2024,2024_06_ATL_CAR,0.0985401459854,0.0821917808219,0.0845070422535,0.118032786885
car,2024,2024_07_CAR_WAS,0.102941176471,0.0849673202614,0.0921052631579,0.118421052632
car,2024,2024_08_CAR_DEN,0.0872727272727,0.0656934306569,0.116279069767,0.116719242902
car,2024,2024_09_NO_CAR,0.0716845878136,0.0629370629371,0.140350877193,0.125
car,2024,2024_10_NYG_CAR,0.0833333333333,0.0845070422535,0.147239263804,0.123417721519
car,2024,2024_12_KC_CAR,0.0885245901639,0.0921052631579,0.144736842105,
car,2024,2024_13_TB_CAR,0.0938511326861,0.116279069767,0.11724137931,
car,2024,2024_14_CAR_PHI,0.105095541401,0.140350877193,0.106382978723,
car,2024,2024_15_DAL_CAR,0.118032786885,0.147239263804,0.0980392156863,
car,2024,2024_16_ARI_CAR,0.118421052632,0.144736842105,,
car,2024,2024_17_CAR_TB,0.116719242902,0.11724137931,,
car,2024,2024_18_CAR_ATL,0.125,0.106382978723,,
car,2025,2025_01_CAR_JAX,0.123417721519,0.0980392156863,0.0592592592593,0.0950704225352
car,2025,2025_02_CAR_ARI,0.113636363636,0.0833333333333,0.0694444444444,0.110726643599
car,2025,2025_03_ATL_CAR,0.106896551724,0.0965517241379,0.0547945205479,0.114982578397
car,2025,2025_04_CAR_NE,0.0918367346939,0.078431372549,0.116438356164,0.115523465704
car,2025,2025_05_MIA_CAR,0.0798611111111,0.0592592592593,0.127516778523,0.11149825784
car,2025,2025_06_DAL_CAR,0.0766666666667,0.0694444444444,0.151724137931,0.112727272727
car,2025,2025_07_CAR_NYJ,0.0756013745704,0.0547945205479,0.177304964539,0.123674911661
car,2025,2025_08_BUF_CAR,0.0969899665552,0.116438356164,0.114503816794,0.0959409594096
car,2025,2025_09_CAR_GB,0.0950704225352,0.127516778523,0.0942028985507,0.0978260869565
car,2025,2025_10_NO_CAR,0.110726643599,0.151724137931,0.0692307692308,0.0936329588015
car,2025,2025_11_CAR_ATL,0.114982578397,0.177304964539,0.0704225352113,
car,2025,2025_12_CAR_SF,0.115523465704,0.114503816794,0.0785714285714,
car,2025,2025_13_LA_CAR,0.11149825784,0.0942028985507,0.101449275362,
car,2025,2025_15_CAR_NO,0.112727272727,0.0692307692308,0.116788321168,
car,2025,2025_16_TB_CAR,0.123674911661,0.0704225352113,,
car,2025,2025_17_SEA_CAR,0.0959409594096,0.0785714285714,,
car,2025,2025_18_CAR_TB,0.0978260869565,0.101449275362,,
chi,2022,2022_01_SF_CHI,,,0.102362204724,0.0909090909091
chi,2022,2022_02_CHI_GB,,,0.0875912408759,0.087786259542
chi,2022,2022_03_HOU_CHI,,,0.0820895522388,0.0830188679245
chi,2022,2022_04_CHI_NYG,,,0.0814814814815,0.0787401574803
chi,2022,2022_05_CHI_MIN,0.102362204724,0.102362204724,0.0802919708029,0.0813953488372
chi,2022,2022_06_WAS_CHI,0.0924855491329,0.0875912408759,0.088,0.0731707317073
chi,2022,2022_07_CHI_NE,0.095,0.0820895522388,0.0839694656489,0.0610687022901
chi,2022,2022_08_CHI_DAL,0.0932203389831,0.0814814814815,0.0756302521008,0.0613026819923
chi,2022,2022_09_MIA_CHI,0.0909090909091,0.0802919708029,0.0826446280992,0.0641509433962
chi,2022,2022_10_DET_CHI,0.087786259542,0.088,0.0578512396694,0.0603773584906
chi,2022,2022_11_CHI_ATL,0.0830188679245,0.0839694656489,0.0381679389313,
chi,2022,2022_12_CHI_NYJ,0.0787401574803,0.0756302521008,0.0492957746479,
chi,2022,2022_13_GB_CHI,0.0813953488372,0.0826446280992,0.0486111111111,
chi,2022,2022_15_PHI_CHI,0.0731707317073,0.0578512396694,0.0625,
chi,2022,2022_16_BUF_CHI,0.0610687022901,0.0381679389313,,
chi,2022,2022_17_CHI_DET,0.0613026819923,0.0492957746479,,
chi,2022,2022_18_MIN_CHI,0.0641509433962,0.0486111111111,,
chi,2023,2023_01_GB_CHI,0.0603773584906,0.0625,0.0979020979021,0.102102102102
chi,2023,2023_02_CHI_TB,0.0610687022901,0.0839694656489,0.125714285714,0.0970588235294
chi,2023,2023_03_CHI_KC,0.057761732852,0.0666666666667,0.147058823529,0.117816091954
chi,2023,2023_04_DEN_CHI,0.0620689655172,0.0753424657534,0.130681818182,0.127906976744
chi,2023,2023_05_CHI_WAS,0.0801393728223,0.0979020979021,0.105263157895,0.13597733711
chi,2023,2023_06_MIN_CHI,0.107843137255,0.125714285714,0.0666666666667,0.138554216867
chi,2023,2023_07_LV_CHI,0.111475409836,0.147058823529,0.0898876404494,0.143266475645
chi,2023,2023_08_CHI_LAC,0.105590062112,0.130681818182,0.125,0.149122807018
chi,2023,2023_09_CHI_NO,0.102102102102,0.105263157895,0.171779141104,0.169642857143
chi,2023,2023_10_CAR_CHI,0.0970588235294,0.0666666666667,0.209580838323,0.168168168168
chi,2023,2023_11_CHI_DET,0.117816091954,0.0898876404494,0.198830409357,
chi,2023,2023_12_CHI_MIN,0.127906976744,0.125,0.172413793103,
chi,2023,2023_14_DET_CHI,0.13597733711,0.171779141104,0.167630057803,
chi,2023,2023_15_CHI_CLE,0.138554216867,0.209580838323,0.126506024096,
chi,2023,2023_16_ARI_CHI,0.143266475645,0.198830409357,,
chi,2023,2023_17_ATL_CHI,0.149122807018,0.172413793103,,
chi,2023,2023_18_CHI_GB,0.169642857143,0.167630057803,,
chi,2024,2024_01_TEN_CHI,0.168168168168,0.126506024096,0.169117647059,0.174657534247
chi,2024,2024_02_CHI_HOU,0.175384615385,0.149350649351,0.165467625899,0.169014084507
chi,2024,2024_03_CHI_IND,0.162576687117,0.151315789474,0.19014084507,0.172932330827
chi,2024,2024_04_LA_CHI,0.152103559871,0.132352941176,0.185628742515,0.181818181818
chi,2024,2024_05_CAR_CHI,0.145695364238,0.169117647059,0.179487179487,0.170138888889
chi,2024,2024_06_JAX_CHI,0.156996587031,0.165467625899,0.172413793103,0.153284671533
chi,2024,2024_08_CHI_WAS,0.170068027211,0.19014084507,0.153225806452,0.151079136691
chi,2024,2024_09_CHI_ARI,0.161716171617,0.185628742515,0.176470588235,0.144486692015
chi,2024,2024_10_NE_CHI,0.174657534247,0.179487179487,0.159090909091,0.15671641791
chi,2024,2024_11_GB_CHI,0.169014084507,0.172413793103,0.131782945736,0.15671641791
chi,2024,2024_12_MIN_CHI,0.172932330827,0.153225806452,0.149350649351,
chi,2024,2024_13_CHI_DET,0.181818181818,0.176470588235,0.118055555556,
chi,2024,2024_14_CHI_SF,0.170138888889,0.159090909091,0.154411764706,
chi,2024,2024_15_CHI_MIN,0.153284671533,0.131782945736,0.179856115108,
chi,2024,2024_16_DET_CHI,0.151079136691,0.149350649351,,
chi,2024,2024_17_SEA_CHI,0.144486692015,0.118055555556,,
chi,2024,2024_18_CHI_GB,0.15671641791,0.154411764706,,
chi,2025,2025_01_MIN_CHI,0.15671641791,0.179856115108,0.130769230769,0.121527777778
chi,2025,2025_02_CHI_DET,0.164233576642,0.183333333333,0.105633802817,0.127868852459
chi,2025,2025_03_DAL_CHI,0.153256704981,0.196581196581,0.119205298013,0.12987012987
chi,2025,2025_04_CHI_LV,0.16,0.165467625899,0.109375,0.125423728814
chi,2025,2025_06_CHI_WAS,0.156133828996,0.130769230769,0.113924050633,0.120521172638
chi,2025,2025_07_NO_CHI,0.141221374046,0.105633802817,0.147239263804,0.119047619048
chi,2025,2025_08_CHI_BAL,0.152985074627,0.119205298013,0.140127388535,0.144781144781
chi,2025,2025_09_CHI_CIN,0.138576779026,0.109375,0.137724550898,0.148514851485
chi,2025,2025_10_NYG_CHI,0.121527777778,0.113924050633,0.127516778523,0.140410958904
chi,2025,2025_11_CHI_MIN,0.127868852459,0.147239263804,0.0839694656489,0.13698630137
chi,2025,2025_12_PIT_CHI,0.12987012987,0.140127388535,0.15,
chi,2025,2025_13_CHI_PHI,0.125423728814,0.137724550898,0.161764705882,
chi,2025,2025_14_CHI_GB,0.120521172638,0.127516778523,0.153846153846,
chi,2025,2025_15_CLE_CHI,0.119047619048,0.0839694656489,0.180124223602,
chi,2025,2025_16_GB_CHI,0.144781144781,0.15,,
chi,2025,2025_17_CHI_SF,0.148514851485,0.161764705882,,
chi,2025,2025_18_DET_CHI,0.140410958904,0.153846153846,,
cin,2022,2022_01_PIT_CIN,,,0.164772727273,0.16835016835
cin,2022,2022_02_CIN_DAL,,,0.163742690058,0.160278745645
cin,2022,2022_03_CIN_NYJ,,,0.16,0.159468438538
cin,2022,2022_04_MIA_CIN,,,0.166666666667,0.156583629893
cin,2022,2022_05_CIN_BAL,0.164772727273,0.164772727273,0.173553719008,0.158671586716
cin,2022,2022_06_CIN_NO,0.154929577465,0.163742690058,0.155172413793,0.16961130742
cin,2022,2022_07_ATL_CIN,0.151394422311,0.16,0.15873015873,0.171232876712
cin,2022,2022_08_CIN_CLE,0.158088235294,0.166666666667,0.146853146853,0.168284789644
cin,2022,2022_09_CAR_CIN,0.16835016835,0.173553719008,0.146666666667,0.156626506024
cin,2022,2022_11_CIN_PIT,0.160278745645,0.155172413793,0.179640718563,
cin,2022,2022_12_CIN_TEN,0.159468438538,0.15873015873,0.180722891566,
cin,2022,2022_13_KC_CIN,0.156583629893,0.146853146853,0.186746987952,
cin,2022,2022_14_CLE_CIN,0.158671586716,0.146666666667,0.164835164835,
cin,2022,2022_15_CIN_TB,0.16961130742,0.179640718563,,
cin,2022,2022_16_CIN_NE,0.171232876712,0.180722891566,,
cin,2022,2022_18_BAL_CIN,0.168284789644,0.186746987952,,
cin,2023,2023_01_CIN_CLE,0.156626506024,0.164835164835,0.152866242038,0.176291793313
cin,2023,2023_02_BAL_CIN,0.167164179104,0.154761904762,0.171974522293,0.169642857143
cin,2023,2023_03_LA_CIN,0.150602409639,0.120481927711,0.245398773006,0.185975609756
cin,2023,2023_04_CIN_TEN,0.160237388724,0.134502923977,0.23125,0.169230769231
cin,2023,2023_05_CIN_ARI,0.159292035398,0.152866242038,0.197674418605,0.159763313609
cin,2023,2023_06_SEA_CIN,0.163076923077,0.171974522293,0.167597765363,0.14409221902
cin,2023,2023_08_CIN_SF,0.182370820669,0.245398773006,0.127272727273,0.139880952381
cin,2023,2023_09_BUF_CIN,0.181268882175,0.23125,0.109090909091,0.131901840491
cin,2023,2023_10_HOU_CIN,0.176291793313,0.197674418605,0.120481927711,0.136942675159
cin,2023,2023_11_CIN_BAL,0.169642857143,0.167597765363,0.119047619048,0.157894736842
cin,2023,2023_12_PIT_CIN,0.185975609756,0.127272727273,0.152046783626,
cin,2023,2023_13_CIN_JAX,0.169230769231,0.109090909091,0.155279503106,
cin,2023,2023_14_IND_CIN,0.159763313609,0.120481927711,0.155405405405,
cin,2023,2023_15_MIN_CIN,0.14409221902,0.119047619048,0.205882352941,
cin,2023,2023_16_CIN_PIT,0.139880952381,0.152046783626,,
cin,2023,2023_17_CIN_KC,0.131901840491,0.155279503106,,
cin,2023,2023_18_CLE_CIN,0.136942675159,0.155405405405,,
cin,2024,2024_01_NE_CIN,0.157894736842,0.205882352941,0.122302158273,0.132075471698
cin,2024,2024_02_CIN_KC,0.168918918919,0.192,0.107594936709,0.145454545455
cin,2024,2024_03_WAS_CIN,0.171232876712,0.190839694656,0.111764705882,0.135135135135
cin,2024,2024_04_CIN_CAR,0.170909090909,0.188976377953,0.13,0.135057471264
cin,2024,2024_05_BAL_CIN,0.163636363636,0.122302158273,0.139664804469,0.155619596542
cin,2024,2024_06_CIN_NYG,0.144876325088,0.107594936709,0.18023255814,0.161194029851
cin,2024,2024_07_CIN_CLE,0.146179401993,0.111764705882,0.159509202454,0.160120845921
cin,2024,2024_08_PHI_CIN,0.152905198777,0.13,0.141891891892,0.164556962025
cin,2024,2024_09_LV_CIN,0.132075471698,0.139664804469,0.172619047619,0.165662650602
cin,2024,2024_10_CIN_BAL,0.145454545455,0.18023255814,0.141104294479,0.151057401813
cin,2024,2024_11_CIN_LAC,0.135135135135,0.159509202454,0.160714285714,
cin,2024,2024_13_PIT_CIN,0.135057471264,0.141891891892,0.184523809524,
cin,2024,2024_14_CIN_DAL,0.155619596542,0.172619047619,0.158536585366,
cin,2024,2024_15_CIN_TEN,0.161194029851,0.141104294479,0.160714285714,
cin,2024,2024_16_CLE_CIN,0.160120845921,0.160714285714,,
cin,2024,2024_17_DEN_CIN,0.164556962025,0.184523809524,,
cin,2024,2024_18_CIN_PIT,0.165662650602,0.158536585366,,
cin,2025,2025_01_CIN_CLE,0.151057401813,0.160714285714,0.0872093023256,0.0944625407166
cin,2025,2025_02_JAX_CIN,0.15652173913,0.152542372881,0.115646258503,0.103333333333
cin,2025,2025_03_CIN_MIN,0.150724637681,0.118644067797,0.125925925926,0.105802047782
cin,2025,2025_04_CIN_DEN,0.144578313253,0.130952380952,0.0985915492958,0.0950819672131
cin,2025,2025_05_DET_CIN,0.123529411765,0.0872093023256,0.103703703704,0.109634551495
cin,2025,2025_06_CIN_GB,0.135802469136,0.115646258503,0.0915032679739,0.0996784565916
cin,2025,2025_07_PIT_CIN,0.121794871795,0.125925925926,0.0886075949367,0.107744107744
cin,2025,2025_08_NYJ_CIN,0.116129032258,0.0985915492958,0.0920245398773,0.116438356164
cin,2025,2025_09_CHI_CIN,0.0944625407166,0.103703703704,0.114457831325,0.137123745819
cin,2025,2025_11_CIN_PIT,0.103333333333,0.0915032679739,0.107594936709,0.151943462898
cin,2025,2025_12_NE_CIN,0.105802047782,0.0886075949367,0.129496402878,
cin,2025,2025_13_CIN_BAL,0.0950819672131,0.0920245398773,0.147286821705,
cin,2025,2025_14_CIN_BUF,0.109634551495,0.114457831325,0.165413533835,
cin,2025,2025_15_BAL_CIN,0.0996784565916,0.107594936709,0.208,
cin,2025,2025_16_CIN_MIA,0.107744107744,0.129496402878,,
cin,2025,2025_17_ARI_CIN,0.116438356164,0.147286821705,,
cin,2025,2025_18_CLE_CIN,0.137123745819,0.165413533835,,
cle,2022,2022_01_CLE_CAR,,,0.12676056338,0.118466898955
cle,2022,2022_02_NYJ_CLE,,,0.0952380952381,0.104166666667
cle,2022,2022_03_PIT_CLE,,,0.0802919708029,0.107407407407
cle,2022,2022_04_CLE_ATL,,,0.114754098361,0.117021276596
cle,2022,2022_05_LAC_CLE,0.12676056338,0.12676056338,0.110344827586,0.0990099009901
cle,2022,2022_06_NE_CLE,0.10989010989,0.0952380952381,0.113475177305,0.104575163399
cle,2022,2022_07_CLE_BAL,0.0990990990991,0.0802919708029,0.135338345865,0.118811881188
cle,2022,2022_08_CIN_CLE,0.110655737705,0.114754098361,0.11875,0.10472972973
cle,2022,2022_10_CLE_MIA,0.118466898955,0.110344827586,0.0886075949367,0.104895104895
cle,2022,2022_11_CLE_BUF,0.104166666667,0.113475177305,0.0969696969697,0.104895104895
cle,2022,2022_12_TB_CLE,0.107407407407,0.135338345865,0.105882352941,
cle,2022,2022_13_CLE_HOU,0.117021276596,0.11875,0.0882352941176,
cle,2022,2022_14_CLE_CIN,0.0990099009901,0.0886075949367,0.125,
cle,2022,2022_15_BAL_CLE,0.104575163399,0.0969696969697,0.115702479339,
cle,2022,2022_16_NO_CLE,0.118811881188,0.105882352941,,
cle,2022,2022_17_CLE_WAS,0.10472972973,0.0882352941176,,
cle,2022,2022_18_CLE_PIT,0.104895104895,0.125,,
cle,2023,2023_01_CIN_CLE,0.104895104895,0.115702479339,0.263565891473,0.214814814815
cle,2023,2023_02_CLE_PIT,0.124137931034,0.15,0.234375,0.201492537313
cle,2023,2023_03_TEN_CLE,0.142857142857,0.197080291971,0.201550387597,0.181481481481
cle,2023,2023_04_BAL_CLE,0.170454545455,0.213235294118,0.154411764706,0.169172932331
cle,2023,2023_06_SF_CLE,0.192,0.263565891473,0.170212765957,0.145454545455
cle,2023,2023_07_CLE_IND,0.193548387097,0.234375,0.171428571429,0.154882154882
cle,2023,2023_08_CLE_SEA,0.199248120301,0.201550387597,0.163120567376,0.154838709677
cle,2023,2023_09_ARI_CLE,0.183823529412,0.154411764706,0.184615384615,0.154545454545
cle,2023,2023_10_CLE_BAL,0.214814814815,0.170212765957,0.119402985075,0.132183908046
cle,2023,2023_11_PIT_CLE,0.201492537313,0.171428571429,0.140127388535,0.12893982808
cle,2023,2023_12_CLE_DEN,0.181481481481,0.163120567376,0.147928994083,
cle,2023,2023_13_CLE_LA,0.169172932331,0.184615384615,0.135,
cle,2023,2023_14_JAX_CLE,0.145454545455,0.119402985075,0.140186915888,
cle,2023,2023_15_CHI_CLE,0.154882154882,0.140127388535,0.119791666667,
cle,2023,2023_16_CLE_HOU,0.154838709677,0.147928994083,,
cle,2023,2023_17_NYJ_CLE,0.154545454545,0.135,,
cle,2023,2023_18_CLE_CIN,0.132183908046,0.140186915888,,
cle,2024,2024_01_DAL_CLE,0.12893982808,0.119791666667,0.164383561644,0.154929577465
cle,2024,2024_02_CLE_JAX,0.128205128205,0.10989010989,0.163265306122,0.180212014134
cle,2024,2024_03_NYG_CLE,0.132231404959,0.128834355828,0.142857142857,0.167883211679
cle,2024,2024_04_CLE_LV,0.150273224044,0.164473684211,0.140495867769,0.171641791045
cle,2024,2024_05_CLE_WAS,0.139053254438,0.164383561644,0.144927536232,0.15770609319
cle,2024,2024_06_CLE_PHI,0.133738601824,0.163265306122,0.198529411765,0.172161172161
cle,2024,2024_07_CIN_CLE,0.135135135135,0.142857142857,0.191489361702,0.19723183391
cle,2024,2024_08_BAL_CLE,0.153846153846,0.140495867769,0.197278911565,0.195945945946
cle,2024,2024_09_LAC_CLE,0.154929577465,0.144927536232,0.170212765957,0.205574912892
cle,2024,2024_11_CLE_NO,0.180212014134,0.198529411765,0.14598540146,0.18275862069
cle,2024,2024_12_PIT_CLE,0.167883211679,0.191489361702,0.202702702703,
cle,2024,2024_13_CLE_DEN,0.171641791045,0.197278911565,0.194630872483,
cle,2024,2024_14_CLE_PIT,0.15770609319,0.170212765957,0.239726027397,
cle,2024,2024_15_KC_CLE,0.172161172161,0.14598540146,0.21568627451,
cle,2024,2024_16_CLE_CIN,0.19723183391,0.202702702703,,
cle,2024,2024_17_MIA_CLE,0.195945945946,0.194630872483,,
cle,2024,2024_18_CLE_BAL,0.205574912892,0.239726027397,,
cle,2025,2025_01_CIN_CLE,0.18275862069,0.21568627451,0.184615384615,0.157142857143
cle,2025,2025_02_CLE_BAL,0.201388888889,0.2,0.13698630137,0.167910447761
cle,2025,2025_03_GB_CLE,0.186851211073,0.178571428571,0.127659574468,0.17803030303
cle,2025,2025_04_CLE_DET,0.207746478873,0.173913043478,0.118881118881,0.207612456747
cle,2025,2025_05_MIN_CLE,0.201413427562,0.184615384615,0.133333333333,0.211604095563
cle,2025,2025_06_CLE_PIT,0.167832167832,0.13698630137,0.204918032787,0.230215827338
cle,2025,2025_07_MIA_CLE,0.153024911032,0.127659574468,0.235772357724,0.242857142857
cle,2025,2025_08_CLE_NE,0.14590747331,0.118881118881,0.294520547945,0.251879699248
cle,2025,2025_10_CLE_NYJ,0.157142857143,0.133333333333,0.293706293706,0.237037037037
cle,2025,2025_11_BAL_CLE,0.167910447761,0.204918032787,0.25,0.206779661017
cle,2025,2025_12_CLE_LV,0.17803030303,0.235772357724,0.248407643312,
cle,2025,2025_13_SF_CLE,0.207612456747,0.294520547945,0.2,
cle,2025,2025_14_TEN_CLE,0.211604095563,0.293706293706,0.173228346457,
cle,2025,2025_15_CLE_CHI,0.230215827338,0.25,0.158273381295,
cle,2025,2025_16_BUF_CLE,0.242857142857,0.248407643312,,
cle,2025,2025_17_PIT_CLE,0.251879699248,0.2,,
cle,2025,2025_18_CLE_CIN,0.237037037037,0.173228346457,,
dal,2022,2022_01_TB_DAL,,,0.205714285714,0.188271604938
dal,2022,2022_02_CIN_DAL,,,0.219387755102,0.184375
dal,2022,2022_03_DAL_NYG,,,0.209944751381,0.2
dal,2022,2022_04_WAS_DAL,,,0.19375,0.1926910299
dal,2022,2022_05_DAL_LA,0.205714285714,0.205714285714,0.167785234899,0.183050847458
dal,2022,2022_06_DAL_PHI,0.208888888889,0.219387755102,0.129032258065,0.160583941606
dal,2022,2022_07_DET_DAL,0.2,0.209944751381,0.186567164179,0.155709342561
dal,2022,2022_08_CHI_DAL,0.194444444444,0.19375,0.191489361702,0.133779264214
dal,2022,2022_10_DAL_GB,0.188271604938,0.167785234899,0.198630136986,0.147540983607
dal,2022,2022_11_DAL_MIN,0.184375,0.129032258065,0.186666666667,0.152597402597
dal,2022,2022_12_NYG_DAL,0.2,0.186567164179,0.129032258065,
dal,2022,2022_13_IND_DAL,0.1926910299,0.191489361702,0.0822784810127,
dal,2022,2022_14_HOU_DAL,0.183050847458,0.198630136986,0.100628930818,
dal,2022,2022_15_DAL_JAX,0.160583941606,0.186666666667,0.120253164557,
dal,2022,2022_16_PHI_DAL,0.155709342561,0.129032258065,,
dal,2022,2022_17_DAL_TEN,0.133779264214,0.0822784810127,,
dal,2022,2022_18_DAL_WAS,0.147540983607,0.100628930818,,
dal,2023,2023_01_DAL_NYG,0.152597402597,0.120253164557,0.156462585034,0.139534883721
dal,2023,2023_02_NYJ_DAL,0.145110410095,0.16049382716,0.1015625,0.127147766323
dal,2023,2023_03_DAL_ARI,0.141025641026,0.201298701299,0.109589041096,0.146757679181
dal,2023,2023_04_NE_DAL,0.136666666667,0.177304964539,0.111111111111,0.148734177215
dal,2023,2023_05_DAL_SF,0.137704918033,0.156462585034,0.123376623377,0.155015197568
dal,2023,2023_06_DAL_LAC,0.134482758621,0.1015625,0.147239263804,0.154545454545
dal,2023,2023_08_LA_DAL,0.156666666667,0.109589041096,0.183673469388,0.157718120805
dal,2023,2023_09_DAL_PHI,0.142857142857,0.111111111111,0.184049079755,0.156146179402
dal,2023,2023_10_NYG_DAL,0.139534883721,0.123376623377,0.182857142857,0.166112956811
dal,2023,2023_11_DAL_CAR,0.127147766323,0.147239263804,0.161676646707,0.169491525424
dal,2023,2023_12_WAS_DAL,0.146757679181,0.183673469388,0.132450331126,
dal,2023,2023_13_SEA_DAL,0.148734177215,0.184049079755,0.123188405797,
dal,2023,2023_14_PHI_DAL,0.155015197568,0.182857142857,0.142857142857,
dal,2023,2023_15_DAL_BUF,0.154545454545,0.161676646707,0.1796875,
dal,2023,2023_16_DAL_MIA,0.157718120805,0.132450331126,,
dal,2023,2023_17_DET_DAL,0.156146179402,0.123188405797,,
dal,2023,2023_18_DAL_WAS,0.166112956811,0.142857142857,,
dal,2024,2024_01_DAL_CLE,0.169491525424,0.1796875,0.156028368794,0.161048689139
dal,2024,2024_02_NO_DAL,0.176100628931,0.215568862275,0.115044247788,0.141666666667
dal,2024,2024_03_BAL_DAL,0.171929824561,0.21768707483,0.1484375,0.130268199234
dal,2024,2024_04_DAL_NYG,0.171875,0.2,0.138888888889,0.142857142857
dal,2024,2024_05_DAL_PIT,0.167286245353,0.156028368794,0.166666666667,0.180555555556
dal,2024,2024_06_DET_DAL,0.175,0.115044247788,0.165354330709,0.168831168831
dal,2024,2024_08_DAL_SF,0.185454545455,0.1484375,0.112781954887,0.174050632911
dal,2024,2024_09_DAL_ATL,0.167883211679,0.138888888889,0.146853146853,0.170658682635
dal,2024,2024_10_PHI_DAL,0.161048689139,0.166666666667,0.191358024691,0.163636363636
dal,2024,2024_11_HOU_DAL,0.141666666667,0.165354330709,0.171270718232,0.160237388724
dal,2024,2024_12_DAL_WAS,0.130268199234,0.112781954887,0.218579234973,
dal,2024,2024_13_NYG_DAL,0.142857142857,0.146853146853,0.188481675393,
dal,2024,2024_14_CIN_DAL,0.180555555556,0.191358024691,0.136904761905,
dal,2024,2024_15_DAL_CAR,0.168831168831,0.171270718232,0.147435897436,
dal,2024,2024_16_TB_DAL,0.174050632911,0.218579234973,,
dal,2024,2024_17_DAL_PHI,0.170658682635,0.188481675393,,
dal,2024,2024_18_WAS_DAL,0.163636363636,0.136904761905,,
dal,2025,2025_01_DAL_PHI,0.160237388724,0.147435897436,0.1,0.130434782609
dal,2025,2025_02_NYG_DAL,0.175757575758,0.122448979592,0.135135135135,0.146788990826
dal,2025,2025_03_DAL_CHI,0.168674698795,0.141843971631,0.142857142857,0.159638554217
dal,2025,2025_04_GB_DAL,0.135220125786,0.133333333333,0.162011173184,0.166666666667
dal,2025,2025_05_DAL_NYJ,0.123417721519,0.1,0.16049382716,0.183139534884
dal,2025,2025_06_DAL_CAR,0.129518072289,0.135135135135,0.161971830986,0.175384615385
dal,2025,2025_07_WAS_DAL,0.142394822006,0.142857142857,0.176829268293,0.163580246914
dal,2025,2025_08_DAL_DEN,0.148936170213,0.162011173184,0.171597633136,0.165079365079
dal,2025,2025_09_ARI_DAL,0.130434782609,0.16049382716,0.203296703297,0.184466019417
dal,2025,2025_11_DAL_LV,0.146788990826,0.161971830986,0.185792349727,0.174603174603
dal,2025,2025_12_PHI_DAL,0.159638554217,0.176829268293,0.15,
dal,2025,2025_13_KC_DAL,0.166666666667,0.171597633136,0.157534246575,
dal,2025,2025_14_DAL_DET,0.183139534884,0.203296703297,0.157480314961,
dal,2025,2025_15_MIN_DAL,0.175384615385,0.185792349727,0.159090909091,
dal,2025,2025_16_LAC_DAL,0.163580246914,0.15,,
dal,2025,2025_17_DAL_WAS,0.165079365079,0.157534246575,,
dal,2025,2025_18_DAL_NYG,0.184466019417,0.157480314961,,
den,2022,2022_01_DEN_SEA,,,0.136363636364,0.138728323699
den,2022,2022_02_HOU_DEN,,,0.170588235294,0.137142857143
den,2022,2022_03_SF_DEN,,,0.159793814433,0.132183908046
den,2022,2022_04_DEN_LV,,,0.155440414508,0.126126126126
den,2022,2022_05_IND_DEN,0.136363636364,0.136363636364,0.140625,0.122807017544
den,2022,2022_06_DEN_LAC,0.160194174757,0.170588235294,0.105555555556,0.104790419162
den,2022,2022_07_NYJ_DEN,0.150183150183,0.159793814433,0.0974025974026,0.109324758842
den,2022,2022_08_DEN_JAX,0.14983713355,0.155440414508,0.0857142857143,0.0977198697068
den,2022,2022_10_DEN_TEN,0.138728323699,0.140625,0.1,0.0987261146497
den,2022,2022_11_LV_DEN,0.137142857143,0.105555555556,0.103896103896,0.090625
den,2022,2022_12_DEN_CAR,0.132183908046,0.0974025974026,0.12101910828,
den,2022,2022_13_DEN_BAL,0.126126126126,0.0857142857143,0.107784431138,
den,2022,2022_14_KC_DEN,0.122807017544,0.1,0.0975609756098,
den,2022,2022_15_ARI_DEN,0.104790419162,0.103896103896,0.078313253012,
den,2022,2022_16_DEN_LA,0.109324758842,0.12101910828,,
den,2022,2022_17_DEN_KC,0.0977198697068,0.107784431138,,
den,2022,2022_18_LAC_DEN,0.0987261146497,0.0975609756098,,
den,2023,2023_01_LV_DEN,0.090625,0.078313253012,0.141935483871,0.14375
den,2023,2023_02_WAS_DEN,0.0900321543408,0.0584415584416,0.151898734177,0.145569620253
den,2023,2023_03_DEN_MIA,0.0994152046784,0.0914285714286,0.135483870968,0.156862745098
den,2023,2023_04_DEN_CHI,0.0931677018634,0.0886075949367,0.142857142857,0.165644171779
den,2023,2023_05_NYJ_DEN,0.109034267913,0.141935483871,0.145454545455,0.15625
den,2023,2023_06_DEN_KC,0.105769230769,0.151898734177,0.139240506329,0.161676646707
den,2023,2023_07_GB_DEN,0.112121212121,0.135483870968,0.17880794702,0.173374613003
den,2023,2023_08_KC_DEN,0.115987460815,0.142857142857,0.187878787879,0.179012345679
den,2023,2023_10_DEN_BUF,0.14375,0.145454545455,0.167741935484,0.154574132492
den,2023,2023_11_MIN_DEN,0.145569620253,0.139240506329,0.181818181818,0.157407407407
den,2023,2023_12_CLE_DEN,0.156862745098,0.17880794702,0.168604651163,
den,2023,2023_13_DEN_HOU,0.165644171779,0.187878787879,0.169811320755,
den,2023,2023_14_DEN_LAC,0.15625,0.167741935484,0.141975308642,
den,2023,2023_15_DEN_DET,0.161676646707,0.181818181818,0.128378378378,
den,2023,2023_16_NE_DEN,0.173374613003,0.168604651163,,
den,2023,2023_17_LAC_DEN,0.179012345679,0.169811320755,,
den,2023,2023_18_DEN_LV,0.154574132492,0.141975308642,,
den,2024,2024_01_DEN_SEA,0.157407407407,0.128378378378,0.222222222222,0.185507246377
den,2024,2024_02_PIT_DEN,0.15141955836,0.131034482759,0.201149425287,0.173134328358
den,2024,2024_03_DEN_TB,0.156146179402,0.140845070423,0.192307692308,0.172804532578
den,2024,2024_04_DEN_NYJ,0.16393442623,0.188811188811,0.19170984456,0.166666666667
den,2024,2024_05_LV_DEN,0.177419354839,0.222222222222,0.153005464481,0.151260504202
den,2024,2024_06_LAC_DEN,0.169278996865,0.201149425287,0.142857142857,0.155080213904
den,2024,2024_07_DEN_NO,0.16975308642,0.192307692308,0.152046783626,0.163588390501
den,2024,2024_08_CAR_DEN,0.190476190476,0.19170984456,0.135483870968,0.161202185792
den,2024,2024_09_DEN_BAL,0.185507246377,0.153005464481,0.149425287356,0.178756476684
den,2024,2024_10_DEN_KC,0.173134328358,0.142857142857,0.164319248826,0.199481865285
den,2024,2024_11_ATL_DEN,0.172804532578,0.152046783626,0.173076923077,
den,2024,2024_12_DEN_LV,0.166666666667,0.135483870968,0.18009478673,
den,2024,2024_13_CLE_DEN,0.151260504202,0.149425287356,0.202830188679,
den,2024,2024_15_IND_DEN,0.155080213904,0.164319248826,0.242774566474,
den,2024,2024_16_DEN_LAC,0.163588390501,0.173076923077,,
den,2024,2024_17_DEN_CIN,0.161202185792,0.18009478673,,
den,2024,2024_18_KC_DEN,0.178756476684,0.202830188679,,
den,2025,2025_01_TEN_DEN,0.199481865285,0.242774566474,0.239520958084,0.241791044776
den,2025,2025_02_DEN_IND,0.22102425876,0.282208588957,0.187845303867,0.21325648415
den,2025,2025_03_DEN_LAC,0.218666666667,0.268292682927,0.252941176471,0.229651162791
den,2025,2025_04_CIN_DEN,0.232432432432,0.272151898734,0.251612903226,0.213450292398
den,2025,2025_05_DEN_PHI,0.241176470588,0.239520958084,0.244047619048,0.198910081744
den,2025,2025_06_DEN_NYJ,0.232558139535,0.187845303867,0.240963855422,0.202247191011
den,2025,2025_07_NYG_DEN,0.260479041916,0.252941176471,0.206896551724,0.192
den,2025,2025_08_DAL_DEN,0.261980830671,0.251612903226,0.181818181818,0.201591511936
den,2025,2025_09_DEN_HOU,0.241791044776,0.244047619048,0.160804020101,0.210674157303
den,2025,2025_10_LV_DEN,0.21325648415,0.240963855422,0.168421052632,0.211111111111
den,2025,2025_11_KC_DEN,0.229651162791,0.206896551724,0.179104477612,
den,2025,2025_13_DEN_WAS,0.213450292398,0.181818181818,0.221052631579,
den,2025,2025_14_DEN_LV,0.198910081744,0.160804020101,0.273885350318,
den,2025,2025_15_GB_DEN,0.202247191011,0.168421052632,0.258823529412,
den,2025,2025_16_JAX_DEN,0.192,0.179104477612,,
den,2025,2025_17_DEN_KC,0.201591511936,0.221052631579,,
den,2025,2025_18_LAC_DEN,0.210674157303,0.273885350318,,
det,2022,2022_01_PHI_DET,,,0.144444444444,0.118181818182
det,2022,2022_02_WAS_DET,,,0.13125,0.122186495177
det,2022,2022_03_DET_MIN,,,0.115942028986,0.119741100324
det,2022,2022_04_SEA_DET,,,0.0820895522388,0.120253164557
det,2022,2022_05_DET_NE,0.144444444444,0.144444444444,0.0866666666667,0.121875
det,2022,2022_07_DET_DAL,0.126213592233,0.13125,0.112582781457,0.140762463343
det,2022,2022_08_MIA_DET,0.135021097046,0.115942028986,0.122807017544,0.148148148148
det,2022,2022_09_GB_DET,0.121863799283,0.0820895522388,0.148351648352,0.149700598802
det,2022,2022_10_DET_CHI,0.118181818182,0.0866666666667,0.152941176471,0.170347003155
det,2022,2022_11_DET_NYG,0.122186495177,0.112582781457,0.163157894737,0.176470588235
det,2022,2022_12_BUF_DET,0.119741100324,0.122807017544,0.172222222222,
det,2022,2022_13_JAX_DET,0.120253164557,0.148351648352,0.151315789474,
det,2022,2022_14_MIN_DET,0.121875,0.152941176471,0.190476190476,
det,2022,2022_15_DET_NYJ,0.140762463343,0.163157894737,0.195488721805,
det,2022,2022_16_DET_CAR,0.148148148148,0.172222222222,,
det,2022,2022_17_CHI_DET,0.149700598802,0.151315789474,,
det,2022,2022_18_DET_GB,0.170347003155,0.190476190476,,
det,2023,2023_01_DET_KC,0.176470588235,0.195488721805,0.144385026738,0.137026239067
det,2023,2023_02_SEA_DET,0.16875,0.164285714286,0.139037433155,0.132352941176
det,2023,2023_03_ATL_DET,0.149206349206,0.147239263804,0.160220994475,0.147692307692
det,2023,2023_04_DET_GB,0.157407407407,0.129943502825,0.129411764706,0.141479099678
det,2023,2023_05_CAR_DET,0.165625,0.144385026738,0.128205128205,0.133779264214
det,2023,2023_06_DET_TB,0.149847094801,0.139037433155,0.124183006536,0.142372881356
det,2023,2023_07_DET_BAL,0.154069767442,0.160220994475,0.131944444444,0.159169550173
det,2023,2023_08_LV_DET,0.129682997118,0.129411764706,0.156028368794,0.189830508475
det,2023,2023_10_DET_LAC,0.137026239067,0.128205128205,0.13986013986,0.174757281553
det,2023,2023_11_CHI_DET,0.132352941176,0.124183006536,0.161971830986,0.203174603175
det,2023,2023_12_GB_DET,0.147692307692,0.131944444444,0.186206896552,
det,2023,2023_13_DET_NO,0.141479099678,0.156028368794,0.220779220779,
det,2023,2023_14_DET_CHI,0.133779264214,0.13986013986,0.204819277108,
det,2023,2023_15_DEN_DET,0.142372881356,0.161971830986,0.236994219653,
det,2023,2023_16_DET_MIN,0.159169550173,0.186206896552,,
det,2023,2023_17_DET_DAL,0.189830508475,0.220779220779,,
det,2023,2023_18_MIN_DET,0.174757281553,0.204819277108,,
det,2024,2024_01_LA_DET,0.203174603175,0.236994219653,0.153846153846,0.140583554377
det,2024,2024_02_TB_DET,0.214925373134,0.236842105263,0.148717948718,0.132231404959
det,2024,2024_03_DET_ARI,0.22188449848,0.222857142857,0.139423076923,0.125340599455
det,2024,2024_04_SEA_DET,0.205882352941,0.206896551724,0.140845070423,0.133333333333
det,2024,2024_06_DET_DAL,0.192934782609,0.153846153846,0.126373626374,0.143274853801
det,2024,2024_07_DET_MIN,0.192207792208,0.148717948718,0.113095238095,0.142405063291
det,2024,2024_08_TEN_DET,0.177545691906,0.139423076923,0.106918238994,0.137380191693
det,2024,2024_09_DET_GB,0.170542635659,0.140845070423,0.122448979592,0.136942675159
det,2024,2024_10_DET_HOU,0.140583554377,0.126373626374,0.1625,0.146875
det,2024,2024_11_JAX_DET,0.132231404959,0.113095238095,0.175675675676,0.151975683891
det,2024,2024_12_DET_IND,0.125340599455,0.106918238994,0.168831168831,
det,2024,2024_13_CHI_DET,0.133333333333,0.122448979592,0.149700598802,
det,2024,2024_14_GB_DET,0.143274853801,0.1625,0.13125,
det,2024,2024_15_BUF_DET,0.142405063291,0.175675675676,0.132596685083,
det,2024,2024_16_DET_CHI,0.137380191693,0.168831168831,,
det,2024,2024_17_DET_SF,0.136942675159,0.149700598802,,
det,2024,2024_18_MIN_DET,0.146875,0.13125,,
det,2025,2025_01_DET_GB,0.151975683891,0.132596685083,0.148648648649,0.156441717791
det,2025,2025_02_CHI_DET,0.152647975078,0.137724550898,0.167630057803,0.16717325228
det,2025,2025_03_DET_BAL,0.142424242424,0.134969325153,0.165680473373,0.166144200627
det,2025,2025_04_CLE_DET,0.139240506329,0.147435897436,0.156756756757,0.164596273292
det,2025,2025_05_DET_CIN,0.139817629179,0.148648648649,0.162921348315,0.145569620253
det,2025,2025_06_DET_KC,0.152941176471,0.167630057803,0.166666666667,0.147239263804
det,2025,2025_07_TB_DET,0.150602409639,0.165680473373,0.166666666667,0.160606060606
det,2025,2025_09_MIN_DET,0.152492668622,0.156756756757,0.175182481752,0.148606811146
det,2025,2025_10_DET_WAS,0.156441717791,0.162921348315,0.123188405797,0.147798742138
det,2025,2025_11_DET_PHI,0.16717325228,0.166666666667,0.129411764706,0.137614678899
det,2025,2025_12_NYG_DET,0.166144200627,0.166666666667,0.155555555556,
det,2025,2025_13_GB_DET,0.164596273292,0.175182481752,0.129032258065,
det,2025,2025_14_DAL_DET,0.145569620253,0.123188405797,0.166666666667,
det,2025,2025_15_DET_LA,0.147239263804,0.129411764706,0.146496815287,
det,2025,2025_16_PIT_DET,0.160606060606,0.155555555556,,
det,2025,2025_17_DET_MIN,0.148606811146,0.129032258065,,
det,2025,2025_18_DET_CHI,0.147798742138,0.166666666667,,
gb,2022,2022_01_GB_MIN,,,0.185483870968,0.164658634538
gb,2022,2022_02_CHI_GB,,,0.154471544715,0.147540983607
gb,2022,2022_03_GB_TB,,,0.124031007752,0.13309352518
gb,2022,2022_04_NE_GB,,,0.181034482759,0.144486692015
gb,2022,2022_05_NYG_GB,0.185483870968,0.185483870968,0.144,0.127737226277
gb,2022,2022_06_NYJ_GB,0.171974522293,0.154471544715,0.140495867769,0.125925925926
gb,2022,2022_07_GB_WAS,0.162011173184,0.124031007752,0.140939597315,0.148550724638
gb,2022,2022_08_GB_BUF,0.176744186047,0.181034482759,0.115646258503,0.14126394052
gb,2022,2022_09_GB_DET,0.164658634538,0.144,0.114093959732,0.156363636364
gb,2022,2022_10_DAL_GB,0.147540983607,0.140495867769,0.114093959732,0.151408450704
gb,2022,2022_11_TEN_GB,0.13309352518,0.140939597315,0.157480314961,
gb,2022,2022_12_GB_PHI,0.144486692015,0.115646258503,0.172131147541,
gb,2022,2022_13_GB_CHI,0.127737226277,0.114093959732,0.206349206349,
gb,2022,2022_15_LA_GB,0.125925925926,0.114093959732,0.192592592593,
gb,2022,2022_16_GB_MIA,0.148550724638,0.157480314961,,
gb,2022,2022_17_MIN_GB,0.14126394052,0.172131147541,,
gb,2022,2022_18_DET_GB,0.156363636364,0.206349206349,,
gb,2023,2023_01_GB_CHI,0.151408450704,0.192592592593,0.148148148148,0.146103896104
gb,2023,2023_02_GB_ATL,0.151408450704,0.146496815287,0.163265306122,0.149305555556
gb,2023,2023_03_NO_GB,0.150684931507,0.135294117647,0.151079136691,0.143835616438
gb,2023,2023_04_DET_GB,0.159863945578,0.125,0.160839160839,0.155844155844
gb,2023,2023_05_GB_LV,0.16835016835,0.148148148148,0.143835616438,0.153125
gb,2023,2023_07_GB_DEN,0.154605263158,0.163265306122,0.13475177305,0.143769968051
gb,2023,2023_08_MIN_GB,0.142394822006,0.151079136691,0.137254901961,0.146496815287
gb,2023,2023_09_LA_GB,0.141479099678,0.160839160839,0.151515151515,0.153846153846
gb,2023,2023_10_GB_PIT,0.146103896104,0.143835616438,0.16091954023,0.183544303797
gb,2023,2023_11_LAC_GB,0.149305555556,0.13475177305,0.151162790698,0.190322580645
gb,2023,2023_12_GB_DET,0.143835616438,0.137254901961,0.155279503106,
gb,2023,2023_13_KC_GB,0.155844155844,0.151515151515,0.156462585034,
gb,2023,2023_14_GB_NYG,0.153125,0.16091954023,0.211267605634,
gb,2023,2023_15_TB_GB,0.143769968051,0.151162790698,0.239130434783,
gb,2023,2023_16_GB_CAR,0.146496815287,0.155279503106,,
gb,2023,2023_17_GB_MIN,0.153846153846,0.156462585034,,
gb,2023,2023_18_CHI_GB,0.183544303797,0.211267605634,,
gb,2024,2024_01_GB_PHI,0.190322580645,0.239130434783,0.14465408805,0.143312101911
gb,2024,2024_02_IND_GB,0.194078947368,0.237762237762,0.166666666667,0.147651006711
gb,2024,2024_03_GB_TEN,0.173611111111,0.191489361702,0.153846153846,0.156146179402
gb,2024,2024_04_MIN_GB,0.190311418685,0.170068027211,0.134615384615,0.131944444444
gb,2024,2024_05_GB_LA,0.188552188552,0.14465408805,0.141935483871,0.133986928105
gb,2024,2024_06_ARI_GB,0.199356913183,0.166666666667,0.123076923077,0.112582781457
gb,2024,2024_07_HOU_GB,0.170967741935,0.153846153846,0.159090909091,0.14657980456
gb,2024,2024_08_GB_JAX,0.151815181518,0.134615384615,0.128787878788,0.140127388535
gb,2024,2024_09_DET_GB,0.143312101911,0.141935483871,0.12582781457,0.135384615385
gb,2024,2024_11_GB_CHI,0.147651006711,0.123076923077,0.104651162791,0.125
gb,2024,2024_12_SF_GB,0.156146179402,0.159090909091,0.137142857143,
gb,2024,2024_13_MIA_GB,0.131944444444,0.128787878788,0.148351648352,
gb,2024,2024_14_GB_DET,0.133986928105,0.12582781457,0.14367816092,
gb,2024,2024_15_GB_SEA,0.112582781457,0.104651162791,0.146341463415,
gb,2024,2024_16_NO_GB,0.14657980456,0.137142857143,,
gb,2024,2024_17_GB_MIN,0.140127388535,0.148351648352,,
gb,2024,2024_18_CHI_GB,0.135384615385,0.14367816092,,
gb,2025,2025_01_DET_GB,0.125,0.146341463415,0.189189189189,0.168091168091
gb,2025,2025_02_WAS_GB,0.132743362832,0.128048780488,0.16577540107,0.148367952522
gb,2025,2025_03_GB_CLE,0.149584487535,0.150837988827,0.16847826087,0.136075949367
gb,2025,2025_04_GB_DAL,0.164772727273,0.185393258427,0.142076502732,0.14527027027
gb,2025,2025_06_CIN_GB,0.169054441261,0.189189189189,0.144578313253,0.160839160839
gb,2025,2025_07_GB_ARI,0.148148148148,0.16577540107,0.126666666667,0.167857142857
gb,2025,2025_08_GB_PIT,0.159779614325,0.16847826087,0.0909090909091,0.142322097378
gb,2025,2025_09_CAR_GB,0.163434903047,0.142076502732,0.150442477876,0.140151515152
gb,2025,2025_10_PHI_GB,0.168091168091,0.144578313253,0.183333333333,0.148288973384
gb,2025,2025_11_GB_NYG,0.148367952522,0.126666666667,0.215384615385,0.171003717472
gb,2025,2025_12_MIN_GB,0.136075949367,0.0909090909091,0.192592592593,
gb,2025,2025_13_GB_DET,0.14527027027,0.150442477876,0.132450331126,
gb,2025,2025_14_CHI_GB,0.160839160839,0.183333333333,0.118881118881,
gb,2025,2025_15_GB_DEN,0.167857142857,0.215384615385,0.129496402878,
gb,2025,2025_16_GB_CHI,0.142322097378,0.192592592593,,
gb,2025,2025_17_BAL_GB,0.140151515152,0.132450331126,,
gb,2025,2025_18_GB_MIN,0.148288973384,0.118881118881,,
hou,2022,2022_01_IND_HOU,,,0.146341463415,0.126279863481
hou,2022,2022_02_HOU_DEN,,,0.113924050633,0.137931034483
hou,2022,2022_03_HOU_CHI,,,0.0958904109589,0.140562248996
hou,2022,2022_04_LAC_HOU,,,0.0740740740741,0.120879120879
hou,2022,2022_05_HOU_JAX,0.146341463415,0.146341463415,0.100775193798,0.12890625
hou,2022,2022_07_HOU_LV,0.116822429907,0.113924050633,0.174757281553,0.149193548387
hou,2022,2022_08_TEN_HOU,0.115226337449,0.0958904109589,0.203883495146,0.139622641509
hou,2022,2022_09_PHI_HOU,0.124031007752,0.0740740740741,0.166666666667,0.139784946237
hou,2022,2022_10_HOU_NYG,0.126279863481,0.100775193798,0.157480314961,0.13309352518
hou,2022,2022_11_WAS_HOU,0.137931034483,0.174757281553,0.131034482759,0.118243243243
hou,2022,2022_12_HOU_MIA,0.140562248996,0.203883495146,0.0987654320988,
hou,2022,2022_13_CLE_HOU,0.120879120879,0.166666666667,0.113475177305,
hou,2022,2022_14_HOU_DAL,0.12890625,0.157480314961,0.112582781457,
hou,2022,2022_15_KC_HOU,0.149193548387,0.131034482759,0.105960264901,
hou,2022,2022_16_HOU_TEN,0.139622641509,0.0987654320988,,
hou,2022,2022_17_JAX_HOU,0.139784946237,0.113475177305,,
hou,2022,2022_18_HOU_IND,0.13309352518,0.112582781457,,
hou,2023,2023_01_HOU_BAL,0.118243243243,0.105960264901,0.123376623377,0.138972809668
hou,2023,2023_02_IND_HOU,0.119205298013,0.142857142857,0.101265822785,0.138328530259
hou,2023,2023_03_HOU_JAX,0.107638888889,0.102040816327,0.128491620112,0.148571428571
hou,2023,2023_04_PIT_HOU,0.108974358974,0.105590062112,0.16,0.142441860465
hou,2023,2023_05_HOU_ATL,0.114754098361,0.123376623377,0.152542372881,0.147826086957
hou,2023,2023_06_NO_HOU,0.120805369128,0.101265822785,0.169312169312,0.16
hou,2023,2023_08_HOU_CAR,0.116564417178,0.128491620112,0.169590643275,0.179331306991
hou,2023,2023_09_TB_HOU,0.133928571429,0.16,0.12426035503,0.171171171171
hou,2023,2023_10_HOU_CIN,0.138972809668,0.152542372881,0.142857142857,0.19452887538
hou,2023,2023_11_ARI_HOU,0.138328530259,0.169312169312,0.149068322981,0.18954248366
hou,2023,2023_12_JAX_HOU,0.148571428571,0.169590643275,0.189873417722,
hou,2023,2023_13_DEN_HOU,0.142441860465,0.12426035503,0.219512195122,
hou,2023,2023_14_HOU_NYJ,0.147826086957,0.142857142857,0.248447204969,
hou,2023,2023_15_HOU_TEN,0.16,0.149068322981,0.234482758621,
hou,2023,2023_16_CLE_HOU,0.179331306991,0.189873417722,,
hou,2023,2023_17_TEN_HOU,0.171171171171,0.219512195122,,
hou,2023,2023_18_HOU_IND,0.19452887538,0.248447204969,,
hou,2024,2024_01_HOU_IND,0.18954248366,0.234482758621,0.149659863946,0.177631578947
hou,2024,2024_02_CHI_HOU,0.188356164384,0.186567164179,0.184713375796,0.177777777778
hou,2024,2024_03_HOU_MIN,0.211920529801,0.202898550725,0.173333333333,0.168918918919
hou,2024,2024_04_JAX_HOU,0.205980066445,0.157142857143,0.169934640523,0.15243902439
hou,2024,2024_05_BUF_HOU,0.191780821918,0.149659863946,0.203821656051,0.170212765957
hou,2024,2024_06_HOU_NE,0.185567010309,0.184713375796,0.170886075949,0.147492625369
hou,2024,2024_07_HOU_GB,0.1875,0.173333333333,0.164383561644,0.131195335277
hou,2024,2024_08_IND_HOU,0.163822525597,0.169934640523,0.137142857143,0.121468926554
hou,2024,2024_09_HOU_NYJ,0.177631578947,0.203821656051,0.139534883721,0.116071428571
hou,2024,2024_10_DET_HOU,0.177777777778,0.170886075949,0.127071823204,0.12084592145
hou,2024,2024_11_HOU_DAL,0.168918918919,0.164383561644,0.106598984772,
hou,2024,2024_12_TEN_HOU,0.15243902439,0.137142857143,0.106145251397,
hou,2024,2024_13_HOU_JAX,0.170212765957,0.139534883721,0.0914634146341,
hou,2024,2024_15_MIA_HOU,0.147492625369,0.127071823204,0.113333333333,
hou,2024,2024_16_HOU_KC,0.131195335277,0.106598984772,,
hou,2024,2024_17_BAL_HOU,0.121468926554,0.106145251397,,
hou,2024,2024_18_HOU_TEN,0.116071428571,0.0914634146341,,
hou,2025,2025_01_HOU_LA,0.12084592145,0.113333333333,0.147239263804,0.136212624585
hou,2025,2025_02_TB_HOU,0.123493975904,0.148148148148,0.131578947368,0.134426229508
hou,2025,2025_03_HOU_JAX,0.129746835443,0.160583941606,0.136690647482,0.137123745819
hou,2025,2025_04_TEN_HOU,0.113846153846,0.136645962733,0.152671755725,0.160535117057
hou,2025,2025_05_HOU_BAL,0.130990415335,0.147239263804,0.123188405797,0.158249158249
hou,2025,2025_07_HOU_SEA,0.1393728223,0.131578947368,0.137254901961,0.168253968254
hou,2025,2025_08_SF_HOU,0.148550724638,0.136690647482,0.1375,0.158385093168
hou,2025,2025_09_DEN_HOU,0.143835616438,0.152671755725,0.166666666667,0.150641025641
hou,2025,2025_10_JAX_HOU,0.136212624585,0.123188405797,0.188679245283,0.160377358491
hou,2025,2025_11_HOU_TEN,0.134426229508,0.137254901961,0.197530864198,0.150470219436
hou,2025,2025_12_BUF_HOU,0.137123745819,0.1375,0.179012345679,
hou,2025,2025_13_HOU_IND,0.160535117057,0.166666666667,0.131944444444,
hou,2025,2025_14_HOU_KC,0.158249158249,0.188679245283,0.132075471698,
hou,2025,2025_15_ARI_HOU,0.168253968254,0.197530864198,0.101910828025,
hou,2025,2025_16_LV_HOU,0.158385093168,0.179012345679,,
hou,2025,2025_17_HOU_LAC,0.150641025641,0.131944444444,,
hou,2025,2025_18_IND_HOU,0.160377358491,0.132075471698,,
ind,2022,2022_01_IND_HOU,,,0.115646258503,0.154929577465
ind,2022,2022_02_IND_JAX,,,0.133333333333,0.167272727273
ind,2022,2022_03_KC_IND,,,0.148648648649,0.171328671329
ind,2022,2022_04_TEN_IND,,,0.188976377953,0.173285198556
ind,2022,2022_05_IND_DEN,0.115646258503,0.115646258503,0.197080291971,0.162544169611
ind,2022,2022_06_JAX_IND,0.129533678756,0.133333333333,0.208,0.144981412639
ind,2022,2022_07_IND_TEN,0.130044843049,0.148648648649,0.195652173913,0.150326797386
ind,2022,2022_08_WAS_IND,0.146341463415,0.188976377953,0.16,0.14375
ind,2022,2022_09_IND_NE,0.154929577465,0.197080291971,0.130136986301,0.128617363344
ind,2022,2022_10_IND_LV,0.167272727273,0.208,0.0902777777778,0.122257053292
ind,2022,2022_11_PHI_IND,0.171328671329,0.195652173913,0.113095238095,
ind,2022,2022_12_PIT_IND,0.173285198556,0.16,0.129411764706,
ind,2022,2022_13_IND_DAL,0.162544169611,0.130136986301,0.127272727273,
ind,2022,2022_15_IND_MIN,0.144981412639,0.0902777777778,0.148571428571,
ind,2022,2022_16_LAC_IND,0.150326797386,0.113095238095,,
ind,2022,2022_17_IND_NYG,0.14375,0.129411764706,,
ind,2022,2022_18_HOU_IND,0.128617363344,0.127272727273,,
ind,2023,2023_01_JAX_IND,0.122257053292,0.148571428571,0.146892655367,0.151234567901
ind,2023,2023_02_IND_HOU,0.121794871795,0.131944444444,0.167597765363,0.154761904762
ind,2023,2023_03_IND_BAL,0.129909365559,0.130434782609,0.16049382716,0.164556962025
ind,2023,2023_04_LA_IND,0.13056379822,0.133720930233,0.184049079755,0.180379746835
ind,2023,2023_05_TEN_IND,0.147727272727,0.146892655367,0.156462585034,0.182108626198
ind,2023,2023_06_IND_JAX,0.151702786378,0.167597765363,0.140127388535,0.170491803279
ind,2023,2023_07_CLE_IND,0.145510835913,0.16049382716,0.168831168831,0.185430463576
ind,2023,2023_08_NO_IND,0.158208955224,0.184049079755,0.176470588235,0.172881355932
ind,2023,2023_09_IND_CAR,0.151234567901,0.156462585034,0.204819277108,0.175159235669
ind,2023,2023_10_IND_NE,0.154761904762,0.140127388535,0.202702702703,0.175084175084
ind,2023,2023_12_TB_IND,0.164556962025,0.168831168831,0.202702702703,
ind,2023,2023_13_IND_TEN,0.180379746835,0.176470588235,0.169014084507,
ind,2023,2023_14_IND_CIN,0.182108626198,0.204819277108,0.141891891892,
ind,2023,2023_15_PIT_IND,0.170491803279,0.202702702703,0.147651006711,
ind,2023,2023_16_IND_ATL,0.185430463576,0.202702702703,,
ind,2023,2023_17_LV_IND,0.172881355932,0.169014084507,,
ind,2023,2023_18_HOU_IND,0.175159235669,0.141891891892,,
ind,2024,2024_01_HOU_IND,0.175084175084,0.147651006711,0.155279503106,0.142857142857
ind,2024,2024_02_IND_GB,0.174917491749,0.148387096774,0.0961538461538,0.13201320132
ind,2024,2024_03_CHI_IND,0.156028368794,0.142857142857,0.112426035503,0.137614678899
ind,2024,2024_04_PIT_IND,0.138047138047,0.134228187919,0.12676056338,0.146179401993
ind,2024,2024_05_IND_JAX,0.151612903226,0.155279503106,0.128571428571,0.147651006711
ind,2024,2024_06_IND_TEN,0.122186495177,0.0961538461538,0.170068027211,0.154098360656
ind,2024,2024_07_MIA_IND,0.126213592233,0.112426035503,0.164556962025,0.141025641026
ind,2024,2024_08_IND_HOU,0.13058419244,0.12676056338,0.163522012579,0.135220125786
ind,2024,2024_09_IND_MIN,0.142857142857,0.128571428571,0.164556962025,0.115511551155
ind,2024,2024_10_BUF_IND,0.13201320132,0.170068027211,0.139240506329,0.110738255034
ind,2024,2024_11_IND_NYJ,0.137614678899,0.164556962025,0.116883116883,
ind,2024,2024_12_DET_IND,0.146179401993,0.163522012579,0.106918238994,
ind,2024,2024_13_IND_NE,0.147651006711,0.164556962025,0.0620689655172,
ind,2024,2024_15_IND_DEN,0.154098360656,0.139240506329,0.0785714285714,
ind,2024,2024_16_TEN_IND,0.141025641026,0.116883116883,,
ind,2024,2024_17_IND_NYG,0.135220125786,0.106918238994,,
ind,2024,2024_18_JAX_IND,0.115511551155,0.0620689655172,,
ind,2025,2025_01_MIA_IND,0.110738255034,0.0785714285714,0.129411764706,0.163978494624
ind,2025,2025_02_DEN_IND,0.116838487973,0.116788321168,0.118644067797,0.156914893617
ind,2025,2025_03_IND_TEN,0.0986394557823,0.0888888888889,0.17277486911,0.166219839142
ind,2025,2025_04_IND_LA,0.0888157894737,0.11320754717,0.200980392157,0.170603674541
ind,2025,2025_05_LV_IND,0.106451612903,0.129411764706,0.193069306931,0.163101604278
ind,2025,2025_06_ARI_IND,0.117834394904,0.118644067797,0.190954773869,0.153424657534
ind,2025,2025_07_IND_LAC,0.138036809816,0.17277486911,0.159340659341,0.1388101983
ind,2025,2025_08_TEN_IND,0.162534435262,0.200980392157,0.135593220339,0.10736196319
ind,2025,2025_09_IND_PIT,0.163978494624,0.193069306931,0.127906976744,0.108359133127
ind,2025,2025_10_ATL_IND,0.156914893617,0.190954773869,0.10843373494,0.103448275862
ind,2025,2025_12_IND_KC,0.166219839142,0.159340659341,0.116959064327,
ind,2025,2025_13_HOU_IND,0.170603674541,0.135593220339,0.0738255033557,
ind,2025,2025_14_IND_JAX,0.163101604278,0.127906976744,0.0860927152318,
ind,2025,2025_15_IND_SEA,0.153424657534,0.10843373494,0.0980392156863,
ind,2025,2025_16_SF_IND,0.1388101983,0.116959064327,,
ind,2025,2025_17_JAX_IND,0.10736196319,0.0738255033557,,
ind,2025,2025_18_IND_HOU,0.108359133127,0.0860927152318,,
jax,2022,2022_01_JAX_WAS,,,0.155688622754,0.144578313253
jax,2022,2022_02_IND_JAX,,,0.188811188811,0.146417445483
jax,2022,2022_03_JAX_LAC,,,0.129411764706,0.122699386503
jax,2022,2022_04_JAX_PHI,,,0.117283950617,0.11746031746
jax,2022,2022_05_HOU_JAX,0.155688622754,0.155688622754,0.133333333333,0.112462006079
jax,2022,2022_06_JAX_IND,0.160621761658,0.188811188811,0.112359550562,0.117142857143
jax,2022,2022_07_NYG_JAX,0.14453125,0.129411764706,0.115384615385,0.136645962733
jax,2022,2022_08_DEN_JAX,0.134228187919,0.117283950617,0.117647058824,0.14953271028
jax,2022,2022_09_LV_JAX,0.144578313253,0.133333333333,0.0914634146341,0.153846153846
jax,2022,2022_10_JAX_KC,0.146417445483,0.112359550562,0.122093023256,0.178571428571
jax,2022,2022_12_BAL_JAX,0.122699386503,0.115384615385,0.156626506024,
jax,2022,2022_13_JAX_DET,0.11746031746,0.117647058824,0.178571428571,
jax,2022,2022_14_JAX_TEN,0.112462006079,0.0914634146341,0.212643678161,
jax,2022,2022_15_DAL_JAX,0.117142857143,0.122093023256,0.237804878049,
jax,2022,2022_16_JAX_NYJ,0.136645962733,0.156626506024,,
jax,2022,2022_17_JAX_HOU,0.14953271028,0.178571428571,,
jax,2022,2022_18_TEN_JAX,0.153846153846,0.212643678161,,
jax,2023,2023_01_JAX_IND,0.178571428571,0.237804878049,0.127272727273,0.131443298969
jax,2023,2023_02_KC_JAX,0.18023255814,0.202247191011,0.128834355828,0.140161725067
jax,2023,2023_03_HOU_JAX,0.178470254958,0.178378378378,0.140449438202,0.153623188406
jax,2023,2023_04_ATL_JAX,0.182890855457,0.151515151515,0.134615384615,0.15512465374
jax,2023,2023_05_JAX_BUF,0.182370820669,0.127272727273,0.134529147982,0.149863760218
jax,2023,2023_06_IND_JAX,0.16715542522,0.128834355828,0.149038461538,0.141689373297
jax,2023,2023_07_JAX_NO,0.159779614325,0.140449438202,0.167664670659,0.158208955224
jax,2023,2023_08_JAX_PIT,0.142091152815,0.134615384615,0.183006535948,0.15923566879
jax,2023,2023_10_SF_JAX,0.131443298969,0.134529147982,0.173611111111,0.162790697674
jax,2023,2023_11_TEN_JAX,0.140161725067,0.149038461538,0.132075471698,0.163879598662
jax,2023,2023_12_JAX_HOU,0.153623188406,0.167664670659,0.14880952381,
jax,2023,2023_13_CIN_JAX,0.15512465374,0.183006535948,0.136645962733,
jax,2023,2023_14_JAX_CLE,0.149863760218,0.173611111111,0.152866242038,
jax,2023,2023_15_BAL_JAX,0.141689373297,0.132075471698,0.2,
jax,2023,2023_16_JAX_TB,0.158208955224,0.14880952381,,
jax,2023,2023_17_CAR_JAX,0.15923566879,0.136645962733,,
jax,2023,2023_18_JAX_TEN,0.162790697674,0.152866242038,,
jax,2024,2024_01_JAX_MIA,0.163879598662,0.2,0.107344632768,0.104651162791
jax,2024,2024_02_CLE_JAX,0.149068322981,0.149350649351,0.109289617486,0.104790419162
jax,2024,2024_03_JAX_BUF,0.154574132492,0.173076923077,0.0944444444444,0.0892857142857
jax,2024,2024_04_JAX_HOU,0.140575079872,0.128205128205,0.102150537634,0.0925373134328
jax,2024,2024_05_IND_JAX,0.148264984227,0.107344632768,0.101796407186,0.0864197530864
jax,2024,2024_06_JAX_CHI,0.127596439169,0.109289617486,0.0993377483444,0.0844155844156
jax,2024,2024_07_NE_JAX,0.130952380952,0.0944444444444,0.0833333333333,0.0776699029126
jax,2024,2024_08_GB_JAX,0.114035087719,0.102150537634,0.0805369127517,0.0838709677419
jax,2024,2024_09_JAX_PHI,0.104651162791,0.101796407186,0.0700636942675,0.0846394984326
jax,2024,2024_10_MIN_JAX,0.104790419162,0.0993377483444,0.0700636942675,0.0884146341463
jax,2024,2024_11_JAX_DET,0.0892857142857,0.0833333333333,0.0718954248366,
jax,2024,2024_13_HOU_JAX,0.0925373134328,0.0805369127517,0.0869565217391,
jax,2024,2024_14_JAX_TEN,0.0864197530864,0.0700636942675,0.0987654320988,
jax,2024,2024_15_NYJ_JAX,0.0844155844156,0.0700636942675,0.105263157895,
jax,2024,2024_16_JAX_LV,0.0776699029126,0.0718954248366,,
jax,2024,2024_17_TEN_JAX,0.0838709677419,0.0869565217391,,
jax,2024,2024_18_JAX_IND,0.0846394984326,0.0987654320988,,
jax,2025,2025_01_CAR_JAX,0.0884146341463,0.105263157895,0.127071823204,0.113702623907
jax,2025,2025_02_JAX_CIN,0.0948012232416,0.114942528736,0.119565217391,0.105413105413
jax,2025,2025_03_HOU_JAX,0.111764705882,0.134078212291,0.104938271605,0.101492537313
jax,2025,2025_04_JAX_SF,0.11884057971,0.136612021858,0.0943396226415,0.121126760563
jax,2025,2025_05_KC_JAX,0.116477272727,0.127071823204,0.0987654320988,0.125348189415
jax,2025,2025_06_SEA_JAX,0.117318435754,0.119565217391,0.0898203592814,0.128491620112
jax,2025,2025_07_LA_JAX,0.120234604106,0.104938271605,0.0982658959538,0.132432432432
jax,2025,2025_09_JAX_LV,0.116959064327,0.0943396226415,0.142857142857,0.132275132275
jax,2025,2025_10_JAX_HOU,0.113702623907,0.0987654320988,0.147208121827,0.138586956522
jax,2025,2025_11_LAC_JAX,0.105413105413,0.0898203592814,0.162303664921,0.150141643059
jax,2025,2025_12_JAX_ARI,0.101492537313,0.0982658959538,0.162436548223,
jax,2025,2025_13_JAX_TEN,0.121126760563,0.142857142857,0.120879120879,
jax,2025,2025_14_IND_JAX,0.125348189415,0.147208121827,0.12865497076,
jax,2025,2025_15_NYJ_JAX,0.128491620112,0.162303664921,0.135802469136,
jax,2025,2025_16_JAX_DEN,0.132432432432,0.162436548223,,
jax,2025,2025_17_JAX_IND,0.132275132275,0.120879120879,,
jax,2025,2025_18_TEN_JAX,0.138586956522,0.12865497076,,
kc,2022,2022_01_KC_ARI,,,0.147208121827,0.145251396648
kc,2022,2022_02_LAC_KC,,,0.157894736842,0.142465753425
kc,2022,2022_03_KC_IND,,,0.141304347826,0.153846153846
kc,2022,2022_04_KC_TB,,,0.123076923077,0.145833333333
kc,2022,2022_05_LV_KC,0.147208121827,0.147208121827,0.142857142857,0.140186915888
kc,2022,2022_06_BUF_KC,0.153846153846,0.157894736842,0.125714285714,0.144117647059
kc,2022,2022_07_KC_SF,0.143369175627,0.141304347826,0.167664670659,0.150602409639
kc,2022,2022_09_TEN_KC,0.14328358209,0.123076923077,0.177304964539,0.151702786378
kc,2022,2022_10_JAX_KC,0.145251396648,0.142857142857,0.1375,0.152737752161
kc,2022,2022_11_KC_LAC,0.142465753425,0.125714285714,0.163636363636,0.175287356322
kc,2022,2022_12_LA_KC,0.153846153846,0.167664670659,0.133333333333,
kc,2022,2022_13_KC_CIN,0.145833333333,0.177304964539,0.131868131868,
kc,2022,2022_14_KC_DEN,0.140186915888,0.1375,0.16577540107,
kc,2022,2022_15_KC_HOU,0.144117647059,0.163636363636,0.185792349727,
kc,2022,2022_16_SEA_KC,0.150602409639,0.133333333333,,
kc,2022,2022_17_DEN_KC,0.151702786378,0.131868131868,,
kc,2022,2022_18_KC_LV,0.152737752161,0.16577540107,,
kc,2023,2023_01_DET_KC,0.175287356322,0.185792349727,0.1625,0.199367088608
kc,2023,2023_02_KC_JAX,0.158501440922,0.181318681319,0.19209039548,0.202492211838
kc,2023,2023_03_CHI_KC,0.154471544715,0.176470588235,0.217948717949,0.207357859532
kc,2023,2023_04_KC_NYJ,0.171348314607,0.177514792899,0.224242424242,0.2
kc,2023,2023_05_KC_MIN,0.174927113703,0.1625,0.237179487179,0.182119205298
kc,2023,2023_06_DEN_KC,0.186629526462,0.19209039548,0.215277777778,0.176666666667
kc,2023,2023_07_LAC_KC,0.195335276968,0.217948717949,0.195804195804,0.169934640523
kc,2023,2023_08_KC_DEN,0.200598802395,0.224242424242,0.171428571429,0.171232876712
kc,2023,2023_09_MIA_KC,0.199367088608,0.237179487179,0.123287671233,0.177049180328
kc,2023,2023_11_PHI_KC,0.202492211838,0.215277777778,0.141025641026,0.173374613003
kc,2023,2023_12_KC_LV,0.207357859532,0.195804195804,0.147239263804,
kc,2023,2023_13_KC_GB,0.2,0.171428571429,0.171052631579,
kc,2023,2023_14_BUF_KC,0.182119205298,0.123287671233,0.22641509434,
kc,2023,2023_15_KC_NE,0.176666666667,0.141025641026,0.203592814371,
kc,2023,2023_16_LV_KC,0.169934640523,0.147239263804,,
kc,2023,2023_17_CIN_KC,0.171232876712,0.171052631579,,
kc,2023,2023_18_KC_LAC,0.177049180328,0.22641509434,,
kc,2024,2024_01_BAL_KC,0.173374613003,0.203592814371,0.160714285714,0.168224299065
kc,2024,2024_02_CIN_KC,0.150997150997,0.154255319149,0.234899328859,0.195286195286
kc,2024,2024_03_KC_ATL,0.152777777778,0.139423076923,0.239726027397,0.186666666667
kc,2024,2024_04_KC_LAC,0.171348314607,0.126903553299,0.22602739726,0.172638436482
kc,2024,2024_05_NO_KC,0.182089552239,0.160714285714,0.176470588235,0.147798742138
kc,2024,2024_07_KC_SF,0.189910979228,0.234899328859,0.155405405405,0.141955835962
kc,2024,2024_08_KC_LV,0.180790960452,0.239726027397,0.136363636364,0.156739811912
kc,2024,2024_09_TB_KC,0.169096209913,0.22602739726,0.124223602484,0.162079510703
kc,2024,2024_10_DEN_KC,0.168224299065,0.176470588235,0.121212121212,0.171091445428
kc,2024,2024_11_KC_BUF,0.195286195286,0.155405405405,0.130177514793,0.155425219941
kc,2024,2024_12_KC_CAR,0.186666666667,0.136363636364,0.175757575758,
kc,2024,2024_13_LV_KC,0.172638436482,0.124223602484,0.198795180723,
kc,2024,2024_14_LAC_KC,0.147798742138,0.121212121212,0.218390804598,
kc,2024,2024_15_KC_CLE,0.141955835962,0.130177514793,0.18023255814,
kc,2024,2024_16_HOU_KC,0.156739811912,0.175757575758,,
kc,2024,2024_17_KC_PIT,0.162079510703,0.198795180723,,
kc,2024,2024_18_KC_DEN,0.171091445428,0.218390804598,,
kc,2025,2025_01_KC_LAC,0.155425219941,0.18023255814,0.157894736842,0.148936170213
kc,2025,2025_02_PHI_KC,0.157270029674,0.139534883721,0.189189189189,0.162962962963
kc,2025,2025_03_KC_NYG,0.153125,0.103896103896,0.188311688312,0.161403508772
kc,2025,2025_04_BAL_KC,0.168224299065,0.108843537415,0.162962962963,0.15523465704
kc,2025,2025_05_KC_JAX,0.16975308642,0.157894736842,0.138461538462,0.14590747331
kc,2025,2025_06_DET_KC,0.1625,0.189189189189,0.131147540984,0.153024911032
kc,2025,2025_07_LV_KC,0.146103896104,0.188311688312,0.129770992366,0.179577464789
kc,2025,2025_08_WAS_KC,0.13475177305,0.162962962963,0.147887323944,0.184300341297
kc,2025,2025_09_KC_BUF,0.148936170213,0.138461538462,0.152317880795,0.185430463576
kc,2025,2025_11_KC_DEN,0.162962962963,0.131147540984,0.169811320755,0.181518151815
kc,2025,2025_12_IND_KC,0.161403508772,0.129770992366,0.222222222222,
kc,2025,2025_13_KC_DAL,0.15523465704,0.147887323944,0.218543046358,
kc,2025,2025_14_HOU_KC,0.14590747331,0.152317880795,0.218543046358,
kc,2025,2025_15_LAC_KC,0.153024911032,0.169811320755,0.194444444444,
kc,2025,2025_16_KC_TEN,0.179577464789,0.222222222222,,
kc,2025,2025_17_DEN_KC,0.184300341297,0.218543046358,,
kc,2025,2025_18_KC_LV,0.185430463576,0.218543046358,,
lac,2022,2022_01_LV_LAC,,,0.150602409639,0.134868421053
lac,2022,2022_02_LAC_KC,,,0.11875,0.113793103448
lac,2022,2022_03_JAX_LAC,,,0.133757961783,0.119863013699
lac,2022,2022_04_LAC_HOU,,,0.149350649351,0.119298245614
lac,2022,2022_05_LAC_CLE,0.150602409639,0.150602409639,0.115942028986,0.0948905109489
lac,2022,2022_06_DEN_LAC,0.137254901961,0.11875,0.107692307692,0.09963099631
lac,2022,2022_07_SEA_LAC,0.141666666667,0.133757961783,0.103703703704,0.0966542750929
lac,2022,2022_09_LAC_ATL,0.137184115523,0.149350649351,0.0839694656489,0.115241635688
lac,2022,2022_10_LAC_SF,0.134868421053,0.115942028986,0.0735294117647,0.119850187266
lac,2022,2022_11_KC_LAC,0.113793103448,0.107692307692,0.0921985815603,0.130111524164
lac,2022,2022_12_LAC_ARI,0.119863013699,0.103703703704,0.089552238806,
lac,2022,2022_13_LAC_LV,0.119298245614,0.0839694656489,0.144927536232,
lac,2022,2022_14_MIA_LAC,0.0948905109489,0.0735294117647,0.167938931298,
lac,2022,2022_15_TEN_LAC,0.09963099631,0.0921985815603,0.171875,
lac,2022,2022_16_LAC_IND,0.0966542750929,0.089552238806,,
lac,2022,2022_17_LA_LAC,0.115241635688,0.144927536232,,
lac,2022,2022_18_LAC_DEN,0.119850187266,0.167938931298,,
lac,2023,2023_01_MIA_LAC,0.130111524164,0.171875,0.145945945946,0.12600536193
lac,2023,2023_02_LAC_TEN,0.112727272727,0.13475177305,0.173184357542,0.130193905817
lac,2023,2023_03_LAC_MIN,0.131868131868,0.118518518519,0.147959183673,0.128
lac,2023,2023_04_LV_LAC,0.160535117057,0.154761904762,0.0960451977401,0.104225352113
lac,2023,2023_06_DAL_LAC,0.156549520767,0.145945945946,0.106382978723,0.111764705882
lac,2023,2023_07_LAC_KC,0.15625,0.173184357542,0.0879120879121,0.110119047619
lac,2023,2023_08_CHI_LAC,0.135951661631,0.147959183673,0.106145251397,0.110429447853
lac,2023,2023_09_LAC_NYJ,0.124637681159,0.0960451977401,0.112359550562,0.115015974441
lac,2023,2023_10_DET_LAC,0.12600536193,0.106382978723,0.118421052632,0.109965635739
lac,2023,2023_11_LAC_GB,0.130193905817,0.0879120879121,0.136363636364,0.134020618557
lac,2023,2023_12_BAL_LAC,0.128,0.106145251397,0.115646258503,
lac,2023,2023_13_LAC_NE,0.104225352113,0.112359550562,0.118518518519,
lac,2023,2023_14_DEN_LAC,0.111764705882,0.118421052632,0.10071942446,
lac,2023,2023_15_LAC_LV,0.110119047619,0.136363636364,0.131386861314,
lac,2023,2023_16_BUF_LAC,0.110429447853,0.115646258503,,
lac,2023,2023_17_LAC_DEN,0.115015974441,0.118518518519,,
lac,2023,2023_18_KC_LAC,0.109965635739,0.10071942446,,
lac,2024,2024_01_LV_LAC,0.134020618557,0.131386861314,0.116438356164,0.117824773414
lac,2024,2024_02_LAC_CAR,0.132404181185,0.15,0.108108108108,0.12962962963
lac,2024,2024_03_LAC_PIT,0.132142857143,0.144827586207,0.101351351351,0.153409090909
lac,2024,2024_04_KC_LAC,0.127208480565,0.152777777778,0.104294478528,0.15
lac,2024,2024_06_LAC_DEN,0.123674911661,0.116438356164,0.118918918919,0.147398843931
lac,2024,2024_07_LAC_ARI,0.128472222222,0.108108108108,0.147727272727,0.169054441261
lac,2024,2024_08_NO_LAC,0.122866894198,0.101351351351,0.191176470588,0.169971671388
lac,2024,2024_09_LAC_CLE,0.127035830619,0.104294478528,0.19209039548,0.164739884393
lac,2024,2024_10_TEN_LAC,0.117824773414,0.118918918919,0.180124223602,0.163076923077
lac,2024,2024_11_CIN_LAC,0.12962962963,0.147727272727,0.190751445087,0.148484848485
lac,2024,2024_12_BAL_LAC,0.153409090909,0.191176470588,0.140939597315,
lac,2024,2024_13_LAC_ATL,0.15,0.19209039548,0.136094674556,
lac,2024,2024_14_LAC_KC,0.147398843931,0.180124223602,0.146341463415,
lac,2024,2024_15_TB_LAC,0.169054441261,0.190751445087,0.101910828025,
lac,2024,2024_16_DEN_LAC,0.169971671388,0.140939597315,,
lac,2024,2024_17_LAC_NE,0.164739884393,0.136094674556,,
lac,2024,2024_18_LAC_LV,0.163076923077,0.146341463415,,
lac,2025,2025_01_KC_LAC,0.148484848485,0.101910828025,0.153846153846,0.140127388535
lac,2025,2025_02_LAC_LV,0.135220125786,0.130177514793,0.121794871795,0.139455782313
lac,2025,2025_03_DEN_LAC,0.132947976879,0.129943502825,0.12676056338,0.148550724638
lac,2025,2025_04_LAC_NYG,0.136094674556,0.126436781609,0.133802816901,0.14606741573
lac,2025,2025_05_WAS_LAC,0.128834355828,0.153846153846,0.124137931034,0.148288973384
lac,2025,2025_06_LAC_MIA,0.126153846154,0.121794871795,0.159420289855,0.159420289855
lac,2025,2025_07_IND_LAC,0.128526645768,0.12676056338,0.171641791045,0.175627240143
lac,2025,2025_08_MIN_LAC,0.129746835443,0.133802816901,0.16,0.166666666667
lac,2025,2025_09_LAC_TEN,0.140127388535,0.124137931034,0.177966101695,0.145454545455
lac,2025,2025_10_PIT_LAC,0.139455782313,0.159420289855,0.159420289855,0.148936170213
lac,2025,2025_11_LAC_JAX,0.148550724638,0.171641791045,0.179310344828,
lac,2025,2025_13_LV_LAC,0.14606741573,0.16,0.171974522293,
lac,2025,2025_14_PHI_LAC,0.148288973384,0.177966101695,0.12101910828,
lac,2025,2025_15_LAC_KC,0.159420289855,0.159420289855,0.138888888889,
lac,2025,2025_16_LAC_DAL,0.175627240143,0.179310344828,,
lac,2025,2025_17_HOU_LAC,0.166666666667,0.171974522293,,
lac,2025,2025_18_LAC_DEN,0.145454545455,0.12101910828,,
lar,2022,2022_01_BUF_LA,,,0.0858895705521,0.101694915254
lar,2022,2022_02_ATL_LA,,,0.125,0.117056856187
lar,2022,2022_03_LA_ARI,,,0.112781954887,0.117845117845
lar,2022,2022_04_LA_SF,,,0.141414141414,0.112676056338
lar,2022,2022_05_DAL_LA,0.0858895705521,0.0858895705521,0.121212121212,0.129139072848
lar,2022,2022_06_CAR_LA,0.10989010989,0.125,0.109677419355,0.117263843648
lar,2022,2022_08_SF_LA,0.112195121951,0.112781954887,0.121951219512,0.11875
lar,2022,2022_09_LA_TB,0.115384615385,0.141414141414,0.0972972972973,0.137313432836
lar,2022,2022_10_ARI_LA,0.101694915254,0.121212121212,0.135294117647,0.147540983607
lar,2022,2022_11_LA_NO,0.117056856187,0.109677419355,0.125,0.143333333333
lar,2022,2022_12_LA_KC,0.117845117845,0.121951219512,0.115384615385,
lar,2022,2022_13_SEA_LA,0.112676056338,0.0972972972973,0.186666666667,
lar,2022,2022_14_LV_LA,0.129139072848,0.135294117647,0.162962962963,
lar,2022,2022_15_LA_GB,0.117263843648,0.125,0.162162162162,
lar,2022,2022_16_DEN_LA,0.11875,0.115384615385,,
lar,2022,2022_17_LA_LAC,0.137313432836,0.186666666667,,
lar,2022,2022_18_LA_SEA,0.147540983607,0.162962962963,,
lar,2023,2023_01_LA_SEA,0.143333333333,0.162162162162,0.12925170068,0.128617363344
lar,2023,2023_02_SF_LA,0.146179401993,0.179310344828,0.0886075949367,0.122977346278
lar,2023,2023_03_LA_CIN,0.161290322581,0.131782945736,0.112359550562,0.133126934985
lar,2023,2023_04_LA_IND,0.15034965035,0.139072847682,0.136363636364,0.133126934985
lar,2023,2023_05_PHI_LA,0.145762711864,0.12925170068,0.128048780488,0.133136094675
lar,2023,2023_06_ARI_LA,0.13201320132,0.0886075949367,0.158940397351,0.138328530259
lar,2023,2023_07_PIT_LA,0.120521172638,0.112359550562,0.158620689655,0.125364431487
lar,2023,2023_08_LA_DAL,0.137704918033,0.136363636364,0.130177514793,0.109243697479
lar,2023,2023_09_LA_GB,0.128617363344,0.128048780488,0.137931034483,0.125340599455
lar,2023,2023_11_SEA_LA,0.122977346278,0.158940397351,0.122448979592,0.125
lar,2023,2023_12_LA_ARI,0.133126934985,0.158620689655,0.10101010101,
lar,2023,2023_13_CLE_LA,0.133126934985,0.130177514793,0.0904255319149,
lar,2023,2023_14_LA_BAL,0.133136094675,0.137931034483,0.113989637306,
lar,2023,2023_15_WAS_LA,0.138328530259,0.122448979592,0.127906976744,
lar,2023,2023_16_NO_LA,0.125364431487,0.10101010101,,
lar,2023,2023_17_LA_NYG,0.109243697479,0.0904255319149,,
lar,2023,2023_18_LA_SF,0.125340599455,0.113989637306,,
lar,2024,2024_01_LA_DET,0.125,0.127906976744,0.0902255639098,0.145833333333
lar,2024,2024_02_LA_ARI,0.120448179272,0.14465408805,0.0757575757576,0.142361111111
lar,2024,2024_03_SF_LA,0.114803625378,0.146853146853,0.124183006536,0.145631067961
lar,2024,2024_04_LA_CHI,0.110429447853,0.105263157895,0.158273381295,0.148648648649
lar,2024,2024_05_GB_LA,0.111475409836,0.0902255639098,0.193548387097,0.144262295082
lar,2024,2024_07_LV_LA,0.113402061856,0.0757575757576,0.198717948718,0.13125
lar,2024,2024_08_MIN_LA,0.135135135135,0.124183006536,0.166666666667,0.114006514658
lar,2024,2024_09_LA_SEA,0.132352941176,0.158273381295,0.140127388535,0.0948012232416
lar,2024,2024_10_MIA_LA,0.145833333333,0.193548387097,0.0933333333333,0.0771513353116
lar,2024,2024_11_LA_NE,0.142361111111,0.198717948718,0.0670731707317,0.0776119402985
lar,2024,2024_12_PHI_LA,0.145631067961,0.166666666667,0.0596026490066,
lar,2024,2024_13_LA_NO,0.148648648649,0.140127388535,0.0529411764706,
lar,2024,2024_14_BUF_LA,0.144262295082,0.0933333333333,0.0641711229947,
lar,2024,2024_15_LA_SF,0.13125,0.0670731707317,0.0877192982456,
lar,2024,2024_16_LA_NYJ,0.114006514658,0.0596026490066,,
lar,2024,2024_17_ARI_LA,0.0948012232416,0.0529411764706,,
lar,2024,2024_18_SEA_LA,0.0771513353116,0.0641711229947,,
lar,2025,2025_01_HOU_LA,0.0776119402985,0.0877192982456,0.1625,0.177514792899
lar,2025,2025_02_LA_TEN,0.0861538461538,0.109195402299,0.166666666667,0.158357771261
lar,2025,2025_03_LA_PHI,0.100591715976,0.14880952381,0.186046511628,0.14161849711
lar,2025,2025_04_IND_LA,0.104166666667,0.154362416107,0.203125,0.144886363636
lar,2025,2025_05_SF_LA,0.123867069486,0.1625,0.191011235955,0.136904761905
lar,2025,2025_06_LA_BAL,0.137931034483,0.166666666667,0.149700598802,0.140718562874
lar,2025,2025_07_LA_JAX,0.167647058824,0.186046511628,0.0977011494253,0.130952380952
lar,2025,2025_09_NO_LA,0.181818181818,0.203125,0.075,0.125786163522
lar,2025,2025_10_LA_SF,0.177514792899,0.191011235955,0.0759493670886,0.144230769231
lar,2025,2025_11_SEA_LA,0.158357771261,0.149700598802,0.131736526946,0.178913738019
lar,2025,2025_12_TB_LA,0.14161849711,0.0977011494253,0.166666666667,
lar,2025,2025_13_LA_CAR,0.144886363636,0.075,0.177215189873,
lar,2025,2025_14_LA_ARI,0.136904761905,0.0759493670886,0.214285714286,
lar,2025,2025_15_DET_LA,0.140718562874,0.131736526946,0.232876712329,
lar,2025,2025_16_LA_SEA,0.130952380952,0.166666666667,,
lar,2025,2025_17_LA_ATL,0.125786163522,0.177215189873,,
lar,2025,2025_18_ARI_LA,0.144230769231,0.214285714286,,
lv,2022,2022_01_LV_LAC,,,0.10625,0.113924050633
lv,2022,2022_02_ARI_LV,,,0.114942528736,0.108974358974
lv,2022,2022_03_LV_TEN,,,0.151898734177,0.134020618557
lv,2022,2022_04_DEN_LV,,,0.11875,0.144262295082
lv,2022,2022_05_LV_KC,0.10625,0.10625,0.121794871795,0.166153846154
lv,2022,2022_07_HOU_LV,0.109523809524,0.114942528736,0.101449275362,0.169811320755
lv,2022,2022_08_LV_NO,0.126984126984,0.151898734177,0.112781954887,0.161290322581
lv,2022,2022_09_LV_JAX,0.112676056338,0.11875,0.172413793103,0.169278996865
lv,2022,2022_10_IND_LV,0.113924050633,0.121794871795,0.207100591716,0.166153846154
lv,2022,2022_11_LV_DEN,0.108974358974,0.101449275362,0.222222222222,0.175384615385
lv,2022,2022_12_LV_SEA,0.134020618557,0.112781954887,0.197740112994,
lv,2022,2022_13_LAC_LV,0.144262295082,0.172413793103,0.166666666667,
lv,2022,2022_14_LV_LA,0.166153846154,0.207100591716,0.121794871795,
lv,2022,2022_15_NE_LV,0.169811320755,0.222222222222,0.11724137931,
lv,2022,2022_16_LV_PIT,0.161290322581,0.197740112994,,
lv,2022,2022_17_SF_LV,0.169278996865,0.166666666667,,
lv,2022,2022_18_KC_LV,0.166153846154,0.121794871795,,
lv,2023,2023_01_LV_DEN,0.175384615385,0.11724137931,0.102040816327,0.102389078498
lv,2023,2023_02_LV_BUF,0.155015197568,0.105263157895,0.0921985815603,0.119047619048
lv,2023,2023_03_PIT_LV,0.131498470948,0.0915032679739,0.115942028986,0.127090301003
lv,2023,2023_04_LV_LAC,0.112211221122,0.102040816327,0.10071942446,0.116504854369
lv,2023,2023_05_GB_LV,0.109589041096,0.102040816327,0.102739726027,0.107936507937
lv,2023,2023_06_NE_LV,0.098976109215,0.0921985815603,0.143790849673,0.131498470948
lv,2023,2023_07_LV_CHI,0.103092783505,0.115942028986,0.136645962733,0.135384615385
lv,2023,2023_08_LV_DET,0.101398601399,0.10071942446,0.129411764706,0.144886363636
lv,2023,2023_09_NYG_LV,0.102389078498,0.102739726027,0.112426035503,0.141176470588
lv,2023,2023_10_NYJ_LV,0.119047619048,0.143790849673,0.120689655172,0.147058823529
lv,2023,2023_11_LV_MIA,0.127090301003,0.136645962733,0.134146341463,
lv,2023,2023_12_KC_LV,0.116504854369,0.129411764706,0.159340659341,
lv,2023,2023_14_MIN_LV,0.107936507937,0.112426035503,0.169590643275,
lv,2023,2023_15_LAC_LV,0.131498470948,0.120689655172,0.174698795181,
lv,2023,2023_16_LV_KC,0.135384615385,0.134146341463,,
lv,2023,2023_17_LV_IND,0.144886363636,0.159340659341,,
lv,2023,2023_18_DEN_LV,0.141176470588,0.169590643275,,
lv,2024,2024_01_LV_LAC,0.147058823529,0.174698795181,0.150326797386,0.131487889273
lv,2024,2024_02_LV_BAL,0.155279503106,0.177215189873,0.140127388535,0.13201320132
lv,2024,2024_03_CAR_LV,0.154088050314,0.147058823529,0.169934640523,0.131147540984
lv,2024,2024_04_CLE_LV,0.16149068323,0.152317880795,0.167883211679,0.12012987013
lv,2024,2024_05_LV_DEN,0.163009404389,0.150326797386,0.110294117647,0.119122257053
lv,2024,2024_06_PIT_LV,0.15873015873,0.140127388535,0.123287671233,0.12962962963
lv,2024,2024_07_LV_LA,0.159169550173,0.169934640523,0.0921052631579,0.125
lv,2024,2024_08_KC_LV,0.159722222222,0.167883211679,0.0818713450292,0.123867069486
lv,2024,2024_09_LV_CIN,0.131487889273,0.110294117647,0.125683060109,0.134328358209
lv,2024,2024_11_LV_MIA,0.13201320132,0.123287671233,0.134831460674,0.123867069486
lv,2024,2024_12_DEN_LV,0.131147540984,0.0921052631579,0.15625,
lv,2024,2024_13_LV_KC,0.12012987013,0.0818713450292,0.16875,
lv,2024,2024_14_LV_TB,0.119122257053,0.125683060109,0.144736842105,
lv,2024,2024_15_ATL_LV,0.12962962963,0.134831460674,0.111111111111,
lv,2024,2024_16_JAX_LV,0.125,0.15625,,
lv,2024,2024_17_LV_NO,0.123867069486,0.16875,,
lv,2024,2024_18_LAC_LV,0.134328358209,0.144736842105,,
lv,2025,2025_01_LV_NE,0.123867069486,0.111111111111,0.109677419355,0.103125
lv,2025,2025_02_LAC_LV,0.139130434783,0.124324324324,0.0808823529412,0.0936454849498
lv,2025,2025_03_LV_WAS,0.147147147147,0.127167630058,0.108108108108,0.0963455149502
lv,2025,2025_04_CHI_LV,0.13201320132,0.119205298013,0.0958083832335,0.103333333333
lv,2025,2025_05_LV_IND,0.11038961039,0.109677419355,0.0969696969697,0.115789473684
lv,2025,2025_06_TEN_LV,0.105919003115,0.0808823529412,0.104294478528,0.122866894198
lv,2025,2025_07_LV_KC,0.118380062305,0.108108108108,0.0849673202614,0.106617647059
lv,2025,2025_09_JAX_LV,0.106918238994,0.0958083832335,0.112781954887,0.111940298507
lv,2025,2025_10_LV_DEN,0.103125,0.0969696969697,0.141666666667,0.133079847909
lv,2025,2025_11_DAL_LV,0.0936454849498,0.104294478528,0.146153846154,0.165441176471
lv,2025,2025_12_CLE_LV,0.0963455149502,0.0849673202614,0.134453781513,
lv,2025,2025_13_LV_LAC,0.103333333333,0.112781954887,0.111111111111,
lv,2025,2025_14_DEN_LV,0.115789473684,0.141666666667,0.125874125874,
lv,2025,2025_15_LV_PHI,0.122866894198,0.146153846154,0.183098591549,
lv,2025,2025_16_LV_HOU,0.106617647059,0.134453781513,,
lv,2025,2025_17_NYG_LV,0.111940298507,0.111111111111,,
lv,2025,2025_18_KC_LV,0.133079847909,0.125874125874,,
mia,2022,2022_01_NE_MIA,,,0.0965909090909,0.112121212121
mia,2022,2022_02_MIA_BAL,,,0.101796407186,0.107462686567
mia,2022,2022_03_BUF_MIA,,,0.14371257485,0.14409221902
mia,2022,2022_04_MIA_CIN,,,0.128378378378,0.142857142857
mia,2022,2022_05_MIA_NYJ,0.0965909090909,0.0965909090909,0.12987012987,0.158682634731
mia,2022,2022_06_MIN_MIA,0.0990099009901,0.101796407186,0.113095238095,0.155737704918
mia,2022,2022_07_PIT_MIA,0.114406779661,0.14371257485,0.144444444444,0.147368421053
mia,2022,2022_08_MIA_DET,0.114583333333,0.128378378378,0.155172413793,0.142857142857
mia,2022,2022_09_MIA_CHI,0.112121212121,0.12987012987,0.183333333333,0.146739130435
mia,2022,2022_10_CLE_MIA,0.107462686567,0.113095238095,0.191919191919,0.170798898072
mia,2022,2022_12_HOU_MIA,0.14409221902,0.144444444444,0.15,
mia,2022,2022_13_MIA_SF,0.142857142857,0.155172413793,0.131979695431,
mia,2022,2022_14_MIA_LAC,0.158682634731,0.183333333333,0.11170212766,
mia,2022,2022_15_MIA_BUF,0.155737704918,0.191919191919,0.145454545455,
mia,2022,2022_16_GB_MIA,0.147368421053,0.15,,
mia,2022,2022_17_MIA_NE,0.142857142857,0.131979695431,,
mia,2022,2022_18_NYJ_MIA,0.146739130435,0.11170212766,,
mia,2023,2023_01_MIA_LAC,0.170798898072,0.145454545455,0.174698795181,0.195718654434
mia,2023,2023_02_MIA_NE,0.146814404432,0.142857142857,0.22619047619,0.196261682243
mia,2023,2023_03_DEN_MIA,0.147945205479,0.166666666667,0.240740740741,0.193650793651
mia,2023,2023_04_MIA_BUF,0.158774373259,0.210526315789,0.196202531646,0.183800623053
mia,2023,2023_05_NYG_MIA,0.160120845921,0.174698795181,0.217391304348,0.203125
mia,2023,2023_06_CAR_MIA,0.185410334347,0.22619047619,0.16339869281,0.186708860759
mia,2023,2023_07_MIA_PHI,0.20303030303,0.240740740741,0.143790849673,0.201257861635
mia,2023,2023_08_NE_MIA,0.203647416413,0.196202531646,0.171779141104,0.219814241486
mia,2023,2023_09_MIA_KC,0.195718654434,0.217391304348,0.188679245283,0.208201892744
mia,2023,2023_11_LV_MIA,0.196261682243,0.16339869281,0.208588957055,0.218461538462
mia,2023,2023_12_MIA_NYJ,0.193650793651,0.143790849673,0.254545454545,
mia,2023,2023_13_MIA_WAS,0.183800623053,0.171779141104,0.26875,
mia,2023,2023_14_TEN_MIA,0.203125,0.188679245283,0.227848101266,
mia,2023,2023_15_NYJ_MIA,0.186708860759,0.208588957055,0.228395061728,
mia,2023,2023_16_DAL_MIA,0.201257861635,0.254545454545,,
mia,2023,2023_17_MIA_BAL,0.219814241486,0.26875,,
mia,2023,2023_18_BUF_MIA,0.208201892744,0.227848101266,,
mia,2024,2024_01_JAX_MIA,0.218461538462,0.228395061728,0.128440366972,0.117424242424
mia,2024,2024_02_BUF_MIA,0.224025974026,0.188811188811,0.155737704918,0.115384615385
mia,2024,2024_03_MIA_SEA,0.207142857143,0.125,0.174242424242,0.117088607595
mia,2024,2024_04_TEN_MIA,0.193771626298,0.152671755725,0.127819548872,0.115501519757
mia,2024,2024_05_MIA_NE,0.188191881919,0.128440366972,0.109677419355,0.11377245509
mia,2024,2024_07_MIA_IND,0.17358490566,0.155737704918,0.0853658536585,0.103244837758
mia,2024,2024_08_ARI_MIA,0.150793650794,0.174242424242,0.0760869565217,0.108187134503
mia,2024,2024_09_MIA_BUF,0.140151515152,0.127819548872,0.107142857143,0.120689655172
mia,2024,2024_10_MIA_LA,0.117424242424,0.109677419355,0.117318435754,0.127478753541
mia,2024,2024_11_LV_MIA,0.115384615385,0.0853658536585,0.12,0.127536231884
mia,2024,2024_12_NE_MIA,0.117088607595,0.0760869565217,0.145569620253,
mia,2024,2024_13_MIA_GB,0.115501519757,0.107142857143,0.138157894737,
mia,2024,2024_14_NYJ_MIA,0.11377245509,0.117318435754,0.137931034483,
mia,2024,2024_15_MIA_HOU,0.103244837758,0.12,0.135294117647,
mia,2024,2024_16_SF_MIA,0.108187134503,0.145569620253,,
mia,2024,2024_17_MIA_CLE,0.120689655172,0.138157894737,,
mia,2024,2024_18_MIA_NYJ,0.127478753541,0.137931034483,,
mia,2025,2025_01_MIA_IND,0.127536231884,0.135294117647,0.0714285714286,0.115942028986
mia,2025,2025_02_NE_MIA,0.127659574468,0.111111111111,0.111111111111,0.126394052045
mia,2025,2025_03_MIA_BUF,0.11935483871,0.101265822785,0.132450331126,0.133802816901
mia,2025,2025_04_NYJ_MIA,0.114285714286,0.0851063829787,0.146853146853,0.143859649123
mia,2025,2025_05_MIA_CAR,0.106451612903,0.0714285714286,0.161764705882,0.158075601375
mia,2025,2025_06_LAC_MIA,0.111111111111,0.111111111111,0.144,0.15593220339
mia,2025,2025_07_MIA_CLE,0.116504854369,0.132450331126,0.135338345865,0.145833333333
mia,2025,2025_08_MIA_ATL,0.116197183099,0.146853146853,0.140845070423,0.147651006711
mia,2025,2025_09_BAL_MIA,0.115942028986,0.161764705882,0.154838709677,0.137931034483
mia,2025,2025_10_BUF_MIA,0.126394052045,0.144,0.164705882353,0.133540372671
mia,2025,2025_11_WAS_MIA,0.133802816901,0.135338345865,0.154838709677,
mia,2025,2025_13_NO_MIA,0.143859649123,0.140845070423,0.153846153846,
mia,2025,2025_14_MIA_NYJ,0.158075601375,0.154838709677,0.121951219512,
mia,2025,2025_15_MIA_PIT,0.15593220339,0.164705882353,0.0986842105263,
mia,2025,2025_16_CIN_MIA,0.145833333333,0.154838709677,,
mia,2025,2025_17_TB_MIA,0.147651006711,0.153846153846,,
mia,2025,2025_18_MIA_NE,0.137931034483,0.121951219512,,
min,2022,2022_01_GB_MIN,,,0.1,0.130813953488
min,2022,2022_02_MIN_PHI,,,0.0939597315436,0.124293785311
min,2022,2022_03_DET_MIN,,,0.127272727273,0.113702623907
min,2022,2022_04_MIN_NO,,,0.139664804469,0.117647058824
min,2022,2022_05_CHI_MIN,0.1,0.1,0.157608695652,0.121293800539
min,2022,2022_06_MIN_MIA,0.0994764397906,0.0939597315436,0.146341463415,0.11811023622
min,2022,2022_08_ARI_MIN,0.128,0.127272727273,0.101123595506,0.108635097493
min,2022,2022_09_MIN_WAS,0.123376623377,0.139664804469,0.0931677018634,0.125
min,2022,2022_10_MIN_BUF,0.130813953488,0.157608695652,0.0855614973262,0.115942028986
min,2022,2022_11_DAL_MIN,0.124293785311,0.146341463415,0.0852272727273,0.120743034056
min,2022,2022_12_NE_MIN,0.113702623907,0.101123595506,0.116022099448,
min,2022,2022_13_NYJ_MIN,0.117647058824,0.0931677018634,0.151832460733,
min,2022,2022_14_MIN_DET,0.121293800539,0.0855614973262,0.151898734177,
min,2022,2022_15_IND_MIN,0.11811023622,0.0852272727273,0.163265306122,
min,2022,2022_16_NYG_MIN,0.108635097493,0.116022099448,,
min,2022,2022_17_MIN_GB,0.125,0.151832460733,,
min,2022,2022_18_MIN_CHI,0.115942028986,0.151898734177,,
min,2023,2023_01_TB_MIN,0.120743034056,0.163265306122,0.109756097561,0.141104294479
min,2023,2023_02_MIN_PHI,0.121580547112,0.128378378378,0.147928994083,0.142424242424
min,2023,2023_03_LAC_MIN,0.13125,0.100775193798,0.164705882353,0.140804597701
min,2023,2023_04_MIN_CAR,0.126213592233,0.0993377483444,0.172185430464,0.15223880597
min,2023,2023_05_KC_MIN,0.135048231511,0.109756097561,0.172839506173,0.154761904762
min,2023,2023_06_MIN_CHI,0.13880126183,0.147928994083,0.136645962733,0.145896656535
min,2023,2023_07_SF_MIN,0.137123745819,0.164705882353,0.11797752809,0.136627906977
min,2023,2023_08_MIN_GB,0.135761589404,0.172185430464,0.135869565217,0.132394366197
min,2023,2023_09_MIN_ATL,0.141104294479,0.172839506173,0.137931034483,0.125373134328
min,2023,2023_10_NO_MIN,0.142424242424,0.136645962733,0.154761904762,0.128440366972
min,2023,2023_11_MIN_DEN,0.140804597701,0.11797752809,0.156626506024,
min,2023,2023_12_CHI_MIN,0.15223880597,0.135869565217,0.12865497076,
min,2023,2023_14_MIN_LV,0.154761904762,0.137931034483,0.111801242236,
min,2023,2023_15_MIN_CIN,0.145896656535,0.154761904762,0.100628930818,
min,2023,2023_16_DET_MIN,0.136627906977,0.156626506024,,
min,2023,2023_17_GB_MIN,0.132394366197,0.12865497076,,
min,2023,2023_18_MIN_DET,0.125373134328,0.111801242236,,
min,2024,2024_01_MIN_NYG,0.128440366972,0.100628930818,0.178743961353,0.173913043478
min,2024,2024_02_SF_MIN,0.143292682927,0.12962962963,0.168224299065,0.16231884058
min,2024,2024_03_HOU_MIN,0.140718562874,0.153374233129,0.180904522613,0.169590643275
min,2024,2024_04_MIN_GB,0.139130434783,0.163043478261,0.16393442623,0.157434402332
min,2024,2024_05_NYJ_MIN,0.144808743169,0.178743961353,0.167701863354,0.138235294118
min,2024,2024_07_DET_MIN,0.151595744681,0.168224299065,0.152671755725,0.124223602484
min,2024,2024_08_MIN_LA,0.168508287293,0.180904522613,0.153846153846,0.108761329305
min,2024,2024_09_IND_MIN,0.16348773842,0.16393442623,0.15,0.123529411765
min,2024,2024_10_MIN_JAX,0.173913043478,0.167701863354,0.111731843575,0.126099706745
min,2024,2024_11_MIN_TEN,0.16231884058,0.152671755725,0.104712041885,0.12893982808
min,2024,2024_12_MIN_CHI,0.169590643275,0.153846153846,0.0744680851064,
min,2024,2024_13_ARI_MIN,0.157434402332,0.15,0.1,
min,2024,2024_14_ATL_MIN,0.138235294118,0.111731843575,0.141975308642,
min,2024,2024_15_CHI_MIN,0.124223602484,0.104712041885,0.158227848101,
min,2024,2024_16_MIN_SEA,0.108761329305,0.0744680851064,,
min,2024,2024_17_GB_MIN,0.123529411765,0.1,,
min,2024,2024_18_MIN_DET,0.126099706745,0.141975308642,,
min,2025,2025_01_MIN_CHI,0.12893982808,0.158227848101,0.152671755725,0.17037037037
min,2025,2025_02_ATL_MIN,0.110169491525,0.150602409639,0.166666666667,0.180769230769
min,2025,2025_03_CIN_MIN,0.123456790123,0.152777777778,0.158333333333,0.173431734317
min,2025,2025_04_MIN_PIT,0.151315789474,0.161971830986,0.148760330579,0.164122137405
min,2025,2025_05_MIN_CLE,0.155709342561,0.152671755725,0.187050359712,0.167286245353
min,2025,2025_07_PHI_MIN,0.157342657343,0.166666666667,0.192857142857,0.167910447761
min,2025,2025_08_MIN_LAC,0.155303030303,0.158333333333,0.185430463576,0.183745583039
min,2025,2025_09_MIN_DET,0.155893536122,0.148760330579,0.177304964539,0.18315018315
min,2025,2025_10_BAL_MIN,0.17037037037,0.187050359712,0.146153846154,0.17803030303
min,2025,2025_11_CHI_MIN,0.180769230769,0.192857142857,0.140625,0.19512195122
min,2025,2025_12_MIN_GB,0.173431734317,0.185430463576,0.181818181818,
min,2025,2025_13_MIN_SEA,0.164122137405,0.177304964539,0.189393939394,
min,2025,2025_14_WAS_MIN,0.167286245353,0.146153846154,0.208955223881,
min,2025,2025_15_MIN_DAL,0.167910447761,0.140625,0.254237288136,
min,2025,2025_16_MIN_NYG,0.183745583039,0.181818181818,,
min,2025,2025_17_DET_MIN,0.18315018315,0.189393939394,,
min,2025,2025_18_GB_MIN,0.17803030303,0.208955223881,,
ne,2022,2022_01_NE_MIA,,,0.124137931034,0.127035830619
ne,2022,2022_02_NE_PIT,,,0.113333333333,0.139682539683
ne,2022,2022_03_BAL_NE,,,0.140243902439,0.152597402597
ne,2022,2022_04_NE_GB,,,0.140127388535,0.146031746032
ne,2022,2022_05_DET_NE,0.124137931034,0.124137931034,0.12962962963,0.154574132492
ne,2022,2022_06_NE_CLE,0.129032258065,0.113333333333,0.163636363636,0.155688622754
ne,2022,2022_07_CHI_NE,0.139240506329,0.140243902439,0.166666666667,0.146788990826
ne,2022,2022_08_NE_NYJ,0.140151515152,0.140127388535,0.151898734177,0.128491620112
ne,2022,2022_09_IND_NE,0.127035830619,0.12962962963,0.18064516129,0.141274238227
ne,2022,2022_11_NYJ_NE,0.139682539683,0.163636363636,0.147928994083,0.118644067797
ne,2022,2022_12_NE_MIN,0.152597402597,0.166666666667,0.131147540984,
ne,2022,2022_13_BUF_NE,0.146031746032,0.151898734177,0.11,
ne,2022,2022_14_NE_ARI,0.154574132492,0.18064516129,0.111650485437,
ne,2022,2022_15_NE_LV,0.155688622754,0.147928994083,0.0918918918919,
ne,2022,2022_16_CIN_NE,0.146788990826,0.131147540984,,
ne,2022,2022_17_MIA_NE,0.128491620112,0.11,,
ne,2022,2022_18_NE_BUF,0.141274238227,0.111650485437,,
ne,2023,2023_01_PHI_NE,0.118644067797,0.0918918918919,0.129032258065,0.102803738318
ne,2023,2023_02_MIA_NE,0.109289617486,0.0874316939891,0.125874125874,0.105740181269
ne,2023,2023_03_NE_NYJ,0.106145251397,0.101265822785,0.130136986301,0.103343465046
ne,2023,2023_04_NE_DAL,0.108635097493,0.104575163399,0.116883116883,0.105919003115
ne,2023,2023_05_NO_NE,0.108823529412,0.129032258065,0.078313253012,0.090625
ne,2023,2023_06_NE_LV,0.104294478528,0.125874125874,0.0904255319149,0.0985074626866
ne,2023,2023_07_BUF_NE,0.115131578947,0.130136986301,0.0819672131148,0.0988372093023
ne,2023,2023_08_NE_MIA,0.110749185668,0.116883116883,0.0958083832335,0.109144542773
ne,2023,2023_09_WAS_NE,0.102803738318,0.078313253012,0.103896103896,0.120743034056
ne,2023,2023_10_IND_NE,0.105740181269,0.0904255319149,0.108843537415,0.133105802048
ne,2023,2023_12_NE_NYG,0.103343465046,0.0819672131148,0.11801242236,
ne,2023,2023_13_LAC_NE,0.105919003115,0.0958083832335,0.122093023256,
ne,2023,2023_14_NE_PIT,0.090625,0.103896103896,0.136094674556,
ne,2023,2023_15_KC_NE,0.0985074626866,0.108843537415,0.157534246575,
ne,2023,2023_16_NE_DEN,0.0988372093023,0.11801242236,,
ne,2023,2023_17_NE_BUF,0.109144542773,0.122093023256,,
ne,2023,2023_18_NYJ_NE,0.120743034056,0.136094674556,,
ne,2024,2024_01_NE_CIN,0.133105802048,0.157534246575,0.110429447853,0.11186440678
ne,2024,2024_02_SEA_NE,0.14,0.165467625899,0.116564417178,0.112244897959
ne,2024,2024_03_NE_NYJ,0.12893081761,0.13698630137,0.119205298013,0.140350877193
ne,2024,2024_04_NE_SF,0.133126934985,0.12987012987,0.107692307692,0.148148148148
ne,2024,2024_05_MIA_NE,0.132686084142,0.110429447853,0.113636363636,0.13475177305
ne,2024,2024_06_HOU_NE,0.139072847682,0.116564417178,0.106870229008,0.128676470588
ne,2024,2024_07_NE_JAX,0.127946127946,0.119205298013,0.164179104478,0.109489051095
ne,2024,2024_08_NYJ_NE,0.119718309859,0.107692307692,0.185714285714,0.11149825784
ne,2024,2024_09_NE_TEN,0.11186440678,0.113636363636,0.153333333333,0.103678929766
ne,2024,2024_10_NE_CHI,0.112244897959,0.106870229008,0.148936170213,0.0983050847458
ne,2024,2024_11_LA_NE,0.140350877193,0.164179104478,0.0571428571429,
ne,2024,2024_12_NE_MIA,0.148148148148,0.185714285714,0.0408163265306,
ne,2024,2024_13_IND_NE,0.13475177305,0.153333333333,0.0536912751678,
ne,2024,2024_15_NE_ARI,0.128676470588,0.148936170213,0.0519480519481,
ne,2024,2024_16_NE_BUF,0.109489051095,0.0571428571429,,
ne,2024,2024_17_LAC_NE,0.11149825784,0.0408163265306,,
ne,2024,2024_18_BUF_NE,0.103678929766,0.0536912751678,,
ne,2025,2025_01_LV_NE,0.0983050847458,0.0519480519481,0.141891891892,0.12131147541
ne,2025,2025_02_NE_MIA,0.085910652921,0.112582781457,0.111111111111,0.10355987055
ne,2025,2025_03_PIT_NE,0.0852459016393,0.126582278481,0.109589041096,0.101910828025
ne,2025,2025_04_CAR_NE,0.0934256055363,0.135714285714,0.11320754717,0.109375
ne,2025,2025_05_NE_BUF,0.0960264900662,0.141891891892,0.101910828025,0.116352201258
ne,2025,2025_06_NE_NO,0.111842105263,0.111111111111,0.0961538461538,0.127035830619
ne,2025,2025_07_NE_TEN,0.118421052632,0.109589041096,0.0952380952381,0.126623376623
ne,2025,2025_08_CLE_NE,0.123745819398,0.11320754717,0.105590062112,0.134020618557
ne,2025,2025_09_ATL_NE,0.12131147541,0.101910828025,0.130434782609,0.145833333333
ne,2025,2025_10_NE_TB,0.10355987055,0.0961538461538,0.158940397351,0.169675090253
ne,2025,2025_11_NYJ_NE,0.101910828025,0.0952380952381,0.164285714286,
ne,2025,2025_12_NE_CIN,0.109375,0.105590062112,0.169230769231,
ne,2025,2025_13_NYG_NE,0.116352201258,0.130434782609,0.165354330709,
ne,2025,2025_15_BUF_NE,0.127035830619,0.158940397351,0.18253968254,
ne,2025,2025_16_NE_BAL,0.126623376623,0.164285714286,,
ne,2025,2025_17_NE_NYJ,0.134020618557,0.169230769231,,
ne,2025,2025_18_MIA_NE,0.145833333333,0.165354330709,,
no,2022,2022_01_NO_ATL,,,0.119205298013,0.130293159609
no,2022,2022_02_TB_NO,,,0.144827586207,0.138983050847
no,2022,2022_03_NO_CAR,,,0.157894736842,0.148514851485
no,2022,2022_04_MIN_NO,,,0.125786163522,0.147909967846
no,2022,2022_05_SEA_NO,0.119205298013,0.119205298013,0.141025641026,0.145214521452
no,2022,2022_06_CIN_NO,0.119565217391,0.144827586207,0.133333333333,0.139817629179
no,2022,2022_07_NO_ARI,0.122807017544,0.157894736842,0.139072847682,0.138888888889
no,2022,2022_08_LV_NO,0.114068441065,0.125786163522,0.171052631579,0.144615384615
no,2022,2022_09_BAL_NO,0.130293159609,0.141025641026,0.149659863946,0.140625
no,2022,2022_10_NO_PIT,0.138983050847,0.133333333333,0.145251396648,0.143312101911
no,2022,2022_11_LA_NO,0.148514851485,0.139072847682,0.138728323699,
no,2022,2022_12_NO_SF,0.147909967846,0.171052631579,0.121387283237,
no,2022,2022_13_NO_TB,0.145214521452,0.149659863946,0.132947976879,
no,2022,2022_15_ATL_NO,0.139817629179,0.145251396648,0.140740740741,
no,2022,2022_16_NO_CLE,0.138888888889,0.138728323699,,
no,2022,2022_17_NO_PHI,0.144615384615,0.121387283237,,
no,2022,2022_18_CAR_NO,0.140625,0.132947976879,,
no,2023,2023_01_TEN_NO,0.143312101911,0.140740740741,0.129213483146,0.115501519757
no,2023,2023_02_NO_CAR,0.153846153846,0.172661870504,0.1,0.0984615384615
no,2023,2023_03_NO_GB,0.15141955836,0.1875,0.0802469135802,0.0884146341463
no,2023,2023_04_TB_NO,0.135951661631,0.139240506329,0.0689655172414,0.0903010033445
no,2023,2023_05_NO_NE,0.134185303514,0.129213483146,0.0993377483444,0.0982456140351
no,2023,2023_06_NO_HOU,0.132686084142,0.1,0.0967741935484,0.108474576271
no,2023,2023_07_JAX_NO,0.130718954248,0.0802469135802,0.0963855421687,0.12012987013
no,2023,2023_08_NO_IND,0.105610561056,0.0689655172414,0.11038961039,0.12987012987
no,2023,2023_09_CHI_NO,0.115501519757,0.0993377483444,0.0970149253731,0.116666666667
no,2023,2023_10_NO_MIN,0.0984615384615,0.0967741935484,0.121428571429,0.117845117845
no,2023,2023_12_NO_ATL,0.0884146341463,0.0963855421687,0.147887323944,
no,2023,2023_13_DET_NO,0.0903010033445,0.11038961039,0.149350649351,
no,2023,2023_14_CAR_NO,0.0982456140351,0.0970149253731,0.132530120482,
no,2023,2023_15_NYG_NO,0.108474576271,0.121428571429,0.114649681529,
no,2023,2023_16_NO_LA,0.12012987013,0.147887323944,,
no,2023,2023_17_NO_TB,0.12987012987,0.149350649351,,
no,2023,2023_18_ATL_NO,0.116666666667,0.132530120482,,
no,2024,2024_01_CAR_NO,0.117845117845,0.114649681529,0.112994350282,0.101744186047
no,2024,2024_02_NO_DAL,0.122033898305,0.0980392156863,0.115384615385,0.102102102102
no,2024,2024_03_PHI_NO,0.11875,0.0903614457831,0.113636363636,0.121951219512
no,2024,2024_04_NO_ATL,0.12389380531,0.115606936416,0.0722891566265,0.111111111111
no,2024,2024_05_NO_KC,0.11377245509,0.112994350282,0.0898203592814,0.121875
no,2024,2024_06_TB_NO,0.107462686567,0.115384615385,0.0860927152318,0.138972809668
no,2024,2024_07_DEN_NO,0.102339181287,0.113636363636,0.131578947368,0.14880952381
no,2024,2024_08_NO_LAC,0.094395280236,0.0722891566265,0.149700598802,0.160606060606
no,2024,2024_09_NO_CAR,0.101744186047,0.0898203592814,0.156862745098,0.147239263804
no,2024,2024_10_ATL_NO,0.102102102102,0.0860927152318,0.183333333333,0.134328358209
no,2024,2024_11_CLE_NO,0.121951219512,0.131578947368,0.163043478261,
no,2024,2024_13_LA_NO,0.111111111111,0.149700598802,0.171779141104,
no,2024,2024_14_NO_NYG,0.121875,0.156862745098,0.138728323699,
no,2024,2024_15_WAS_NO,0.138972809668,0.183333333333,0.0774193548387,
no,2024,2024_16_NO_GB,0.14880952381,0.163043478261,,
no,2024,2024_17_LV_NO,0.160606060606,0.171779141104,,
no,2024,2024_18_NO_TB,0.147239263804,0.138728323699,,
no,2025,2025_01_ARI_NO,0.134328358209,0.0774193548387,0.148148148148,0.139194139194
no,2025,2025_02_SF_NO,0.123493975904,0.0743243243243,0.140845070423,0.138059701493
no,2025,2025_03_NO_SEA,0.129230769231,0.0864197530864,0.135338345865,0.133858267717
no,2025,2025_04_NO_BUF,0.119122257053,0.0958904109589,0.15,0.131274131274
no,2025,2025_05_NYG_NO,0.110344827586,0.148148148148,0.130434782609,0.127906976744
no,2025,2025_06_NE_NO,0.106896551724,0.140845070423,0.134920634921,0.120481927711
no,2025,2025_07_NO_CHI,0.108474576271,0.135338345865,0.132231404959,0.117886178862
no,2025,2025_08_TB_NO,0.122377622378,0.15,0.109243697479,0.125475285171
no,2025,2025_09_NO_LA,0.139194139194,0.130434782609,0.125,0.13074204947
no,2025,2025_10_NO_CAR,0.138059701493,0.134920634921,0.105691056911,0.147887323944
no,2025,2025_12_ATL_NO,0.133858267717,0.132231404959,0.104,
no,2025,2025_13_NO_MIA,0.131274131274,0.109243697479,0.138888888889,
no,2025,2025_14_NO_TB,0.127906976744,0.125,0.134969325153,
no,2025,2025_15_CAR_NO,0.120481927711,0.105691056911,0.180124223602,
no,2025,2025_16_NYJ_NO,0.117886178862,0.104,,
no,2025,2025_17_NO_TEN,0.125475285171,0.138888888889,,
no,2025,2025_18_NO_ATL,0.13074204947,0.134969325153,,
nyg,2022,2022_01_NYG_TEN,,,0.137931034483,0.128205128205
nyg,2022,2022_02_CAR_NYG,,,0.14,0.147335423197
nyg,2022,2022_03_DAL_NYG,,,0.130136986301,0.148867313916
nyg,2022,2022_04_CHI_NYG,,,0.117283950617,0.168789808917
nyg,2022,2022_05_NYG_GB,0.137931034483,0.137931034483,0.119760479042,0.165644171779
nyg,2022,2022_06_BAL_NYG,0.13829787234,0.14,0.153846153846,0.165109034268
nyg,2022,2022_07_NYG_JAX,0.125,0.130136986301,0.165644171779,0.184375
nyg,2022,2022_08_NYG_SEA,0.110701107011,0.117283950617,0.223684210526,0.209230769231
nyg,2022,2022_10_HOU_NYG,0.128205128205,0.119760479042,0.213836477987,0.196825396825
nyg,2022,2022_11_DET_NYG,0.147335423197,0.153846153846,0.177631578947,0.172523961661
nyg,2022,2022_12_NYG_DAL,0.148867313916,0.165644171779,0.203821656051,
nyg,2022,2022_13_WAS_NYG,0.168789808917,0.223684210526,0.196531791908,
nyg,2022,2022_14_PHI_NYG,0.165644171779,0.213836477987,0.179487179487,
nyg,2022,2022_15_NYG_WAS,0.165109034268,0.177631578947,0.167701863354,
nyg,2022,2022_16_NYG_MIN,0.184375,0.203821656051,,
nyg,2022,2022_17_IND_NYG,0.209230769231,0.196531791908,,
nyg,2022,2022_18_NYG_PHI,0.196825396825,0.179487179487,,
nyg,2023,2023_01_DAL_NYG,0.172523961661,0.167701863354,0.131386861314,0.141891891892
nyg,2023,2023_02_NYG_ARI,0.173633440514,0.142857142857,0.121428571429,0.136518771331
nyg,2023,2023_03_NYG_SF,0.164516129032,0.124087591241,0.0863309352518,0.124590163934
nyg,2023,2023_04_SEA_NYG,0.154098360656,0.127516778523,0.123287671233,0.119873817035
nyg,2023,2023_05_NYG_MIA,0.151006711409,0.131386861314,0.150943396226,0.117647058824
nyg,2023,2023_06_NYG_BUF,0.132653061224,0.121428571429,0.150326797386,0.134328358209
nyg,2023,2023_07_WAS_NYG,0.105072463768,0.0863309352518,0.156626506024,0.138138138138
nyg,2023,2023_08_NYJ_NYG,0.125423728814,0.123287671233,0.116959064327,0.113496932515
nyg,2023,2023_09_NYG_LV,0.141891891892,0.150943396226,0.0853658536585,0.11214953271
nyg,2023,2023_10_NYG_DAL,0.136518771331,0.150326797386,0.120879120879,0.117994100295
nyg,2023,2023_11_NYG_WAS,0.124590163934,0.156626506024,0.119760479042,
nyg,2023,2023_12_NE_NYG,0.119873817035,0.116959064327,0.109677419355,
nyg,2023,2023_14_GB_NYG,0.117647058824,0.0853658536585,0.140127388535,
nyg,2023,2023_15_NYG_NO,0.134328358209,0.120879120879,0.114649681529,
nyg,2023,2023_16_NYG_PHI,0.138138138138,0.119760479042,,
nyg,2023,2023_17_LA_NYG,0.113496932515,0.109677419355,,
nyg,2023,2023_18_PHI_NYG,0.11214953271,0.140127388535,,
nyg,2024,2024_01_MIN_NYG,0.117994100295,0.114649681529,0.192052980132,0.208904109589
nyg,2024,2024_02_NYG_WAS,0.11875,0.117647058824,0.212643678161,0.209621993127
nyg,2024,2024_03_NYG_CLE,0.127450980392,0.145695364238,0.221556886228,0.207885304659
nyg,2024,2024_04_DAL_NYG,0.166144200627,0.191358024691,0.192857142857,0.162878787879
nyg,2024,2024_05_NYG_SEA,0.152597402597,0.192052980132,0.22695035461,0.156934306569
nyg,2024,2024_06_CIN_NYG,0.168195718654,0.212643678161,0.205128205128,0.142857142857
nyg,2024,2024_07_PHI_NYG,0.185534591195,0.221556886228,0.1875,0.133858267717
nyg,2024,2024_08_NYG_PIT,0.192052980132,0.192857142857,0.129032258065,0.111111111111
nyg,2024,2024_09_WAS_NYG,0.208904109589,0.22695035461,0.0827067669173,0.0922509225092
nyg,2024,2024_10_NYG_CAR,0.209621993127,0.205128205128,0.0915492957746,0.108013937282
nyg,2024,2024_12_TB_NYG,0.207885304659,0.1875,0.0915492957746,
nyg,2024,2024_13_NYG_DAL,0.162878787879,0.129032258065,0.0948905109489,
nyg,2024,2024_14_NO_NYG,0.156934306569,0.0827067669173,0.101449275362,
nyg,2024,2024_15_BAL_NYG,0.142857142857,0.0915492957746,0.124137931034,
nyg,2024,2024_16_NYG_ATL,0.133858267717,0.0915492957746,,
nyg,2024,2024_17_IND_NYG,0.111111111111,0.0948905109489,,
nyg,2024,2024_18_NYG_PHI,0.0922509225092,0.101449275362,,
nyg,2025,2025_01_NYG_WAS,0.108013937282,0.124137931034,0.157360406091,0.12676056338
nyg,2025,2025_02_NYG_DAL,0.107023411371,0.12101910828,0.141361256545,0.125730994152
nyg,2025,2025_03_KC_NYG,0.113496932515,0.126984126984,0.136904761905,0.12
nyg,2025,2025_04_LAC_NYG,0.124242424242,0.140625,0.118644067797,0.129032258065
nyg,2025,2025_05_NYG_NO,0.143274853801,0.157360406091,0.0886075949367,0.113636363636
nyg,2025,2025_06_PHI_NYG,0.132183908046,0.141361256545,0.105960264901,0.12540192926
nyg,2025,2025_07_NYG_DEN,0.131652661064,0.136904761905,0.101910828025,0.136666666667
nyg,2025,2025_08_NYG_PHI,0.130081300813,0.118644067797,0.142857142857,0.163043478261
nyg,2025,2025_09_SF_NYG,0.12676056338,0.0886075949367,0.14,0.171929824561
nyg,2025,2025_10_NYG_CHI,0.125730994152,0.105960264901,0.14375,0.169014084507
nyg,2025,2025_11_GB_NYG,0.12,0.101910828025,0.174825174825,
nyg,2025,2025_12_NYG_DET,0.129032258065,0.142857142857,0.181818181818,
nyg,2025,2025_13_NYG_NE,0.113636363636,0.14,0.207407407407,
nyg,2025,2025_15_WAS_NYG,0.12540192926,0.14375,0.201612903226,
nyg,2025,2025_16_MIN_NYG,0.136666666667,0.174825174825,,
nyg,2025,2025_17_NYG_LV,0.163043478261,0.181818181818,,
nyg,2025,2025_18_DAL_NYG,0.171929824561,0.207407407407,,
nyj,2022,2022_01_BAL_NYJ,,,0.171232876712,0.194610778443
nyj,2022,2022_02_NYJ_CLE,,,0.245033112583,0.201754385965
nyj,2022,2022_03_CIN_NYJ,,,0.239766081871,0.209912536443
nyj,2022,2022_04_NYJ_PIT,,,0.216666666667,0.206060606061
nyj,2022,2022_05_MIA_NYJ,0.171232876712,0.171232876712,0.212765957447,0.209580838323
nyj,2022,2022_06_NYJ_GB,0.220430107527,0.245033112583,0.167539267016,0.181268882175
nyj,2022,2022_07_NYJ_DEN,0.209205020921,0.239766081871,0.18023255814,0.177215189873
nyj,2022,2022_08_NE_NYJ,0.19723183391,0.216666666667,0.193333333333,0.181518151815
nyj,2022,2022_09_BUF_NYJ,0.194610778443,0.212765957447,0.205479452055,0.190476190476
nyj,2022,2022_11_NYJ_NE,0.201754385965,0.167539267016,0.2,0.2
nyj,2022,2022_12_CHI_NYJ,0.209912536443,0.18023255814,0.173611111111,
nyj,2022,2022_13_NYJ_MIN,0.206060606061,0.193333333333,0.169934640523,
nyj,2022,2022_14_NYJ_BUF,0.209580838323,0.205479452055,0.175675675676,
nyj,2022,2022_15_DET_NYJ,0.181268882175,0.2,0.2,
nyj,2022,2022_16_JAX_NYJ,0.177215189873,0.173611111111,,
nyj,2022,2022_17_NYJ_SEA,0.181518151815,0.169934640523,,
nyj,2022,2022_18_NYJ_MIA,0.190476190476,0.175675675676,,
nyj,2023,2023_01_BUF_NYJ,0.2,0.2,0.166666666667,0.184375
nyj,2023,2023_02_NYJ_DAL,0.1926910299,0.210191082803,0.161290322581,0.188741721854
nyj,2023,2023_03_NE_NYJ,0.180952380952,0.191358024691,0.15243902439,0.190635451505
nyj,2023,2023_04_KC_NYJ,0.173770491803,0.171974522293,0.176100628931,0.182724252492
nyj,2023,2023_05_NYJ_DEN,0.182410423453,0.166666666667,0.20253164557,0.183050847458
nyj,2023,2023_06_PHI_NYJ,0.185897435897,0.161290322581,0.21768707483,0.18339100346
nyj,2023,2023_08_NYJ_NYG,0.171779141104,0.15243902439,0.237037037037,0.201492537313
nyj,2023,2023_09_LAC_NYJ,0.174050632911,0.176100628931,0.19014084507,0.177304964539
nyj,2023,2023_10_NYJ_LV,0.184375,0.20253164557,0.160583941606,0.13768115942
nyj,2023,2023_11_NYJ_BUF,0.188741721854,0.21768707483,0.147887323944,0.144876325088
nyj,2023,2023_12_MIA_NYJ,0.190635451505,0.237037037037,0.165413533835,
nyj,2023,2023_13_ATL_NYJ,0.182724252492,0.19014084507,0.164285714286,
nyj,2023,2023_14_HOU_NYJ,0.183050847458,0.160583941606,0.115107913669,
nyj,2023,2023_15_NYJ_MIA,0.18339100346,0.147887323944,0.141843971631,
nyj,2023,2023_16_WAS_NYJ,0.201492537313,0.165413533835,,
nyj,2023,2023_17_NYJ_CLE,0.177304964539,0.164285714286,,
nyj,2023,2023_18_NYJ_NE,0.13768115942,0.115107913669,,
nyj,2024,2024_01_NYJ_SF,0.144876325088,0.141843971631,0.191489361702,0.154109589041
nyj,2024,2024_02_NYJ_TEN,0.146953405018,0.130136986301,0.201342281879,0.170491803279
nyj,2024,2024_03_NE_NYJ,0.154929577465,0.145833333333,0.175675675676,0.163265306122
nyj,2024,2024_04_DEN_NYJ,0.175862068966,0.23178807947,0.112676056338,0.132404181185
nyj,2024,2024_05_NYJ_MIN,0.166666666667,0.191489361702,0.119205298013,0.141891891892
nyj,2024,2024_06_BUF_NYJ,0.166101694915,0.201342281879,0.141025641026,0.115511551155
nyj,2024,2024_07_NYJ_PIT,0.16095890411,0.175675675676,0.150684931507,0.108359133127
nyj,2024,2024_08_NYJ_NE,0.174061433447,0.112676056338,0.151724137931,0.1
nyj,2024,2024_09_HOU_NYJ,0.154109589041,0.119205298013,0.165517241379,0.0970873786408
nyj,2024,2024_10_NYJ_ARI,0.170491803279,0.141025641026,0.0884353741497,0.0903225806452
nyj,2024,2024_11_IND_NYJ,0.163265306122,0.150684931507,0.0734463276836,
nyj,2024,2024_13_SEA_NYJ,0.132404181185,0.151724137931,0.0545454545455,
nyj,2024,2024_14_NYJ_MIA,0.141891891892,0.165517241379,0.0365853658537,
nyj,2024,2024_15_NYJ_JAX,0.115511551155,0.0884353741497,0.0920245398773,
nyj,2024,2024_16_LA_NYJ,0.108359133127,0.0734463276836,,
nyj,2024,2024_17_NYJ_BUF,0.1,0.0545454545455,,
nyj,2024,2024_18_MIA_NYJ,0.0970873786408,0.0365853658537,,
nyj,2025,2025_01_PIT_NYJ,0.0903225806452,0.0920245398773,0.0802919708029,0.0928571428571
nyj,2025,2025_02_BUF_NYJ,0.103448275862,0.140845070423,0.0522388059701,0.0896551724138
nyj,2025,2025_03_NYJ_TB,0.0934579439252,0.134615384615,0.0588235294118,0.0945945945946
nyj,2025,2025_04_NYJ_MIA,0.0809968847352,0.127388535032,0.0962962962963,0.0931034482759
nyj,2025,2025_05_DAL_NYJ,0.0866666666667,0.0802919708029,0.104895104895,0.114478114478
nyj,2025,2025_06_DEN_NYJ,0.0978260869565,0.0522388059701,0.121794871795,0.118466898955
nyj,2025,2025_07_CAR_NYJ,0.0993150684932,0.0588235294118,0.125,0.113793103448
nyj,2025,2025_08_NYJ_CIN,0.11301369863,0.0962962962963,0.0903225806452,0.100649350649
nyj,2025,2025_10_CLE_NYJ,0.0928571428571,0.104895104895,0.123376623377,0.105610561056
nyj,2025,2025_11_NYJ_NE,0.0896551724138,0.121794871795,0.114503816794,0.0871080139373
nyj,2025,2025_12_NYJ_BAL,0.0945945945946,0.125,0.1,
nyj,2025,2025_13_ATL_NYJ,0.0931034482759,0.0903225806452,0.111111111111,
nyj,2025,2025_14_MIA_NYJ,0.114478114478,0.123376623377,0.0872483221477,
nyj,2025,2025_15_NYJ_JAX,0.118466898955,0.114503816794,0.0641025641026,
nyj,2025,2025_16_NYJ_NO,0.113793103448,0.1,,
nyj,2025,2025_17_NE_NYJ,0.100649350649,0.111111111111,,
nyj,2025,2025_18_NYJ_BUF,0.105610561056,0.0872483221477,,
phi,2022,2022_01_PHI_DET,,,0.185393258427,0.154727793696
phi,2022,2022_02_MIN_PHI,,,0.162011173184,0.152492668622
phi,2022,2022_03_PHI_WAS,,,0.154761904762,0.162576687117
phi,2022,2022_04_JAX_PHI,,,0.119047619048,0.138047138047
phi,2022,2022_05_PHI_ARI,0.185393258427,0.185393258427,0.122807017544,0.154098360656
phi,2022,2022_06_DAL_PHI,0.159090909091,0.162011173184,0.141975308642,0.185667752443
phi,2022,2022_08_PIT_PHI,0.149425287356,0.154761904762,0.170886075949,0.196666666667
phi,2022,2022_09_PHI_HOU,0.157232704403,0.119047619048,0.162790697674,0.197916666667
phi,2022,2022_10_WAS_PHI,0.154727793696,0.122807017544,0.194029850746,0.210344827586
phi,2022,2022_11_PHI_IND,0.152492668622,0.141975308642,0.234482758621,0.21926910299
phi,2022,2022_12_GB_PHI,0.162576687117,0.170886075949,0.225352112676,
phi,2022,2022_13_TEN_PHI,0.138047138047,0.162790697674,0.22641509434,
phi,2022,2022_14_PHI_NYG,0.154098360656,0.194029850746,0.224358974359,
phi,2022,2022_15_PHI_CHI,0.185667752443,0.234482758621,0.205128205128,
phi,2022,2022_16_PHI_DAL,0.196666666667,0.225352112676,,
phi,2022,2022_17_NO_PHI,0.197916666667,0.22641509434,,
phi,2022,2022_18_NYG_PHI,0.210344827586,0.224358974359,,
phi,2023,2023_01_PHI_NE,0.21926910299,0.205128205128,0.162303664921,0.164420485175
phi,2023,2023_02_MIN_PHI,0.201863354037,0.183333333333,0.182857142857,0.173441734417
phi,2023,2023_03_PHI_TB,0.204081632653,0.184782608696,0.188235294118,0.16935483871
phi,2023,2023_04_WAS_PHI,0.195845697329,0.171270718232,0.186440677966,0.154613466334
phi,2023,2023_05_PHI_LA,0.181556195965,0.162303664921,0.166666666667,0.150395778364
phi,2023,2023_06_PHI_NYJ,0.183098591549,0.182857142857,0.164948453608,0.134715025907
phi,2023,2023_07_MIA_PHI,0.186440677966,0.188235294118,0.153465346535,0.118733509235
phi,2023,2023_08_PHI_WAS,0.178770949721,0.186440677966,0.129464285714,0.119363395225
phi,2023,2023_09_DAL_PHI,0.164420485175,0.166666666667,0.13567839196,0.11797752809
phi,2023,2023_11_PHI_KC,0.173441734417,0.164948453608,0.104166666667,0.102339181287
phi,2023,2023_12_BUF_PHI,0.16935483871,0.153465346535,0.0790960451977,
phi,2023,2023_13_SF_PHI,0.154613466334,0.129464285714,0.104575163399,
phi,2023,2023_14_PHI_DAL,0.150395778364,0.13567839196,0.0955414012739,
phi,2023,2023_15_PHI_SEA,0.134715025907,0.104166666667,0.1,
phi,2023,2023_16_NYG_PHI,0.118733509235,0.0790960451977,,
phi,2023,2023_17_ARI_PHI,0.119363395225,0.104575163399,,
phi,2023,2023_18_PHI_NYG,0.11797752809,0.0955414012739,,
phi,2024,2024_01_GB_PHI,0.102339181287,0.1,0.0844155844156,0.134426229508
phi,2024,2024_02_ATL_PHI,0.0933734939759,0.109677419355,0.124137931034,0.140939597315
phi,2024,2024_03_PHI_NO,0.0947712418301,0.0849673202614,0.175324675325,0.140522875817
phi,2024,2024_04_PHI_TB,0.0963455149502,0.0972222222222,0.161676646707,0.153846153846
phi,2024,2024_06_CLE_PHI,0.0921052631579,0.0844155844156,0.185430463576,0.169811320755
phi,2024,2024_07_PHI_NYG,0.116666666667,0.124137931034,0.156862745098,0.158536585366
phi,2024,2024_08_PHI_CIN,0.130293159609,0.175324675325,0.105263157895,0.143769968051
phi,2024,2024_09_JAX_PHI,0.131832797428,0.161676646707,0.145569620253,0.134375
phi,2024,2024_10_PHI_DAL,0.134426229508,0.185430463576,0.155688622754,0.139240506329
phi,2024,2024_11_WAS_PHI,0.140939597315,0.156862745098,0.16,0.129032258065
phi,2024,2024_12_PHI_LA,0.140522875817,0.105263157895,0.180124223602,
phi,2024,2024_13_PHI_BAL,0.153846153846,0.145569620253,0.123456790123,
phi,2024,2024_14_CAR_PHI,0.169811320755,0.155688622754,0.120805369128,
phi,2024,2024_15_PIT_PHI,0.158536585366,0.16,0.0888888888889,
phi,2024,2024_16_PHI_WAS,0.143769968051,0.180124223602,,
phi,2024,2024_17_DAL_PHI,0.134375,0.123456790123,,
phi,2024,2024_18_NYG_PHI,0.139240506329,0.120805369128,,
phi,2025,2025_01_DAL_PHI,0.129032258065,0.0888888888889,0.11801242236,0.13707165109
phi,2025,2025_02_PHI_KC,0.123376623377,0.0612244897959,0.155688622754,0.156923076923
phi,2025,2025_03_LA_PHI,0.122112211221,0.120567375887,0.11801242236,0.148606811146
phi,2025,2025_04_PHI_TB,0.129692832765,0.138888888889,0.114942528736,0.141141141141
phi,2025,2025_05_DEN_PHI,0.10472972973,0.11801242236,0.15625,0.158054711246
phi,2025,2025_06_PHI_NYG,0.111464968153,0.155688622754,0.158227848101,0.168195718654
phi,2025,2025_07_PHI_MIN,0.119205298013,0.11801242236,0.179012345679,0.189440993789
phi,2025,2025_08_NYG_PHI,0.125786163522,0.114942528736,0.169811320755,0.189368770764
phi,2025,2025_10_PHI_GB,0.13707165109,0.15625,0.159763313609,0.182108626198
phi,2025,2025_11_DET_PHI,0.156923076923,0.158227848101,0.177514792899,0.174917491749
phi,2025,2025_12_PHI_DAL,0.148606811146,0.179012345679,0.2,
phi,2025,2025_13_CHI_PHI,0.141141141141,0.169811320755,0.211267605634,
phi,2025,2025_14_PHI_LAC,0.158054711246,0.159763313609,0.208333333333,
phi,2025,2025_15_LV_PHI,0.168195718654,0.177514792899,0.171641791045,
phi,2025,2025_16_PHI_WAS,0.189440993789,0.2,,
phi,2025,2025_17_PHI_BUF,0.189368770764,0.211267605634,,
phi,2025,2025_18_WAS_PHI,0.182108626198,0.208333333333,,
pit,2022,2022_01_PIT_CIN,,,0.128342245989,0.101744186047
pit,2022,2022_02_NE_PIT,,,0.0891719745223,0.0846905537459
pit,2022,2022_03_PIT_CLE,,,0.1,0.0970873786408
pit,2022,2022_04_NYJ_PIT,,,0.0792682926829,0.107594936709
pit,2022,2022_05_PIT_BUF,0.128342245989,0.128342245989,0.0700636942675,0.107382550336
pit,2022,2022_06_TB_PIT,0.11013215859,0.0891719745223,0.08,0.124555160142
pit,2022,2022_07_PIT_MIA,0.111111111111,0.1,0.0939597315436,0.134328358209
pit,2022,2022_08_PIT_PHI,0.100649350649,0.0792682926829,0.138157894737,0.150943396226
pit,2022,2022_10_NO_PIT,0.101744186047,0.0700636942675,0.148936170213,0.152941176471
pit,2022,2022_11_CIN_PIT,0.0846905537459,0.08,0.175572519084,0.175373134328
pit,2022,2022_12_PIT_IND,0.0970873786408,0.0939597315436,0.18487394958,
pit,2022,2022_13_PIT_ATL,0.107594936709,0.138157894737,0.16814159292,
pit,2022,2022_14_BAL_PIT,0.107382550336,0.148936170213,0.157894736842,
pit,2022,2022_15_PIT_CAR,0.124555160142,0.175572519084,0.175182481752,
pit,2022,2022_16_LV_PIT,0.134328358209,0.18487394958,,
pit,2022,2022_17_PIT_BAL,0.150943396226,0.16814159292,,
pit,2022,2022_18_CLE_PIT,0.152941176471,0.157894736842,,
pit,2023,2023_01_SF_PIT,0.175373134328,0.175182481752,0.186046511628,0.169096209913
pit,2023,2023_02_CLE_PIT,0.180769230769,0.177304964539,0.167567567568,0.158192090395
pit,2023,2023_03_PIT_LV,0.184501845018,0.196202531646,0.141176470588,0.14121037464
pit,2023,2023_04_PIT_HOU,0.180602006689,0.194594594595,0.141025641026,0.140672782875
pit,2023,2023_05_BAL_PIT,0.181229773463,0.186046511628,0.152046783626,0.138888888889
pit,2023,2023_07_PIT_LA,0.171779141104,0.167567567568,0.147928994083,0.131832797428
pit,2023,2023_08_JAX_PIT,0.167682926829,0.141176470588,0.141242937853,0.136363636364
pit,2023,2023_09_TEN_PIT,0.17008797654,0.141025641026,0.140350877193,0.139240506329
pit,2023,2023_10_GB_PIT,0.169096209913,0.152046783626,0.124183006536,0.140983606557
pit,2023,2023_11_PIT_CLE,0.158192090395,0.147928994083,0.112676056338,0.147651006711
pit,2023,2023_12_PIT_CIN,0.14121037464,0.141242937853,0.129770992366,
pit,2023,2023_13_ARI_PIT,0.140672782875,0.140350877193,0.137931034483,
pit,2023,2023_14_NE_PIT,0.138888888889,0.124183006536,0.157894736842,
pit,2023,2023_15_PIT_IND,0.131832797428,0.112676056338,0.179487179487,
pit,2023,2023_16_CIN_PIT,0.136363636364,0.129770992366,,
pit,2023,2023_17_PIT_SEA,0.139240506329,0.137931034483,,
pit,2023,2023_18_PIT_BAL,0.140983606557,0.157894736842,,
pit,2024,2024_01_PIT_ATL,0.147651006711,0.179487179487,0.211678832117,0.185897435897
pit,2024,2024_02_PIT_DEN,0.164912280702,0.194805194805,0.185430463576,0.177570093458
pit,2024,2024_03_LAC_PIT,0.165540540541,0.192052980132,0.16,0.177777777778
pit,2024,2024_04_PIT_IND,0.174657534247,0.192857142857,0.15243902439,0.171875
pit,2024,2024_05_DAL_PIT,0.194539249147,0.211678832117,0.165714285714,0.173652694611
pit,2024,2024_06_PIT_LV,0.190163934426,0.185430463576,0.170588235294,0.173134328358
pit,2024,2024_07_NYJ_PIT,0.176079734219,0.16,0.193939393939,0.180722891566
pit,2024,2024_08_NYG_PIT,0.171052631579,0.15243902439,0.192307692308,0.16403785489
pit,2024,2024_10_PIT_WAS,0.185897435897,0.165714285714,0.182389937107,0.134185303514
pit,2024,2024_11_BAL_PIT,0.177570093458,0.170588235294,0.175757575758,0.126543209877
pit,2024,2024_12_PIT_CLE,0.177777777778,0.193939393939,0.167664670659,
pit,2024,2024_13_PIT_CIN,0.171875,0.192307692308,0.136645962733,
pit,2024,2024_14_CLE_PIT,0.173652694611,0.182389937107,0.0844155844156,
pit,2024,2024_15_PIT_PHI,0.173134328358,0.175757575758,0.0754716981132,
pit,2024,2024_16_PIT_BAL,0.180722891566,0.167664670659,,
pit,2024,2024_17_KC_PIT,0.16403785489,0.136645962733,,
pit,2024,2024_18_CIN_PIT,0.134185303514,0.0844155844156,,
pit,2025,2025_01_PIT_NYJ,0.126543209877,0.0754716981132,0.215568862275,0.184210526316
pit,2025,2025_02_SEA_PIT,0.131832797428,0.0902777777778,0.227053140097,0.183879093199
pit,2025,2025_03_PIT_NE,0.136075949367,0.135483870968,0.201793721973,0.168734491315
pit,2025,2025_04_MIN_PIT,0.1261829653,0.165644171779,0.2,0.155216284987
pit,2025,2025_06_CLE_PIT,0.147239263804,0.215568862275,0.159624413146,0.131868131868
pit,2025,2025_07_PIT_CIN,0.17094017094,0.227053140097,0.136842105263,0.105263157895
pit,2025,2025_08_GB_PIT,0.174603174603,0.201793721973,0.127777777778,0.108359133127
pit,2025,2025_09_IND_PIT,0.184986595174,0.2,0.103825136612,0.112068965517
pit,2025,2025_10_PIT_LAC,0.184210526316,0.159624413146,0.0927152317881,0.116352201258
pit,2025,2025_11_CIN_PIT,0.183879093199,0.136842105263,0.0657894736842,0.11
pit,2025,2025_12_PIT_CHI,0.168734491315,0.127777777778,0.0839160839161,
pit,2025,2025_13_BUF_PIT,0.155216284987,0.103825136612,0.121212121212,
pit,2025,2025_14_PIT_BAL,0.131868131868,0.0927152317881,0.137724550898,
pit,2025,2025_15_MIA_PIT,0.105263157895,0.0657894736842,0.155405405405,
pit,2025,2025_16_PIT_DET,0.108359133127,0.0839160839161,,
pit,2025,2025_17_PIT_CLE,0.112068965517,0.121212121212,,
pit,2025,2025_18_BAL_PIT,0.116352201258,0.137724550898,,
sea,2022,2022_01_DEN_SEA,,,0.138157894737,0.149847094801
sea,2022,2022_02_SEA_SF,,,0.134328358209,0.141538461538
sea,2022,2022_03_ATL_SEA,,,0.138157894737,0.131498470948
sea,2022,2022_04_SEA_DET,,,0.125683060109,0.121301775148
sea,2022,2022_05_SEA_NO,0.138157894737,0.138157894737,0.16,0.144171779141
sea,2022,2022_06_ARI_SEA,0.14364640884,0.134328358209,0.146596858639,0.141538461538
sea,2022,2022_07_SEA_LAC,0.144736842105,0.138157894737,0.125714285714,0.135922330097
sea,2022,2022_08_NYG_SEA,0.142857142857,0.125683060109,0.116129032258,0.13074204947
sea,2022,2022_09_SEA_ARI,0.149847094801,0.16,0.12582781457,0.132653061224
sea,2022,2022_10_SEA_TB,0.141538461538,0.146596858639,0.134328358209,0.155477031802
sea,2022,2022_12_LV_SEA,0.131498470948,0.125714285714,0.149253731343,
sea,2022,2022_13_SEA_LA,0.121301775148,0.116129032258,0.1484375,
sea,2022,2022_14_CAR_SEA,0.144171779141,0.12582781457,0.13986013986,
sea,2022,2022_15_SF_SEA,0.141538461538,0.134328358209,0.174496644295,
sea,2022,2022_16_SEA_KC,0.135922330097,0.149253731343,,
sea,2022,2022_17_NYJ_SEA,0.13074204947,0.1484375,,
sea,2022,2022_18_LA_SEA,0.132653061224,0.13986013986,,
sea,2023,2023_01_LA_SEA,0.155477031802,0.174496644295,0.161616161616,0.153631284916
sea,2023,2023_02_SEA_DET,0.153583617747,0.157232704403,0.177664974619,0.162087912088
sea,2023,2023_03_CAR_SEA,0.160409556314,0.169696969697,0.18407960199,0.153005464481
sea,2023,2023_04_SEA_NYG,0.148606811146,0.155555555556,0.211428571429,0.155688622754
sea,2023,2023_06_SEA_CIN,0.167146974063,0.161616161616,0.14375,0.13353115727
sea,2023,2023_07_ARI_SEA,0.168539325843,0.177664974619,0.14371257485,0.143292682927
sea,2023,2023_08_CLE_SEA,0.177595628415,0.18407960199,0.115151515152,0.121118012422
sea,2023,2023_09_SEA_BAL,0.183098591549,0.211428571429,0.0943396226415,0.116352201258
sea,2023,2023_10_WAS_SEA,0.153631284916,0.14375,0.124293785311,0.126623376623
sea,2023,2023_11_SEA_LA,0.162087912088,0.14371257485,0.142857142857,0.122866894198
sea,2023,2023_12_SF_SEA,0.153005464481,0.115151515152,0.127388535032,
sea,2023,2023_13_SEA_DAL,0.155688622754,0.0943396226415,0.138364779874,
sea,2023,2023_14_SEA_SF,0.13353115727,0.124293785311,0.129770992366,
sea,2023,2023_15_PHI_SEA,0.143292682927,0.142857142857,0.0984848484848,
sea,2023,2023_16_SEA_TEN,0.121118012422,0.127388535032,,
sea,2023,2023_17_PIT_SEA,0.116352201258,0.138364779874,,
sea,2023,2023_18_SEA_ARI,0.126623376623,0.129770992366,,
sea,2024,2024_01_DEN_SEA,0.122866894198,0.0984848484848,0.216216216216,0.165562913907
sea,2024,2024_02_SEA_NE,0.136212624585,0.145833333333,0.210144927536,0.162790697674
sea,2024,2024_03_MIA_SEA,0.143333333333,0.148936170213,0.18115942029,0.147058823529
sea,2024,2024_04_SEA_DET,0.16724738676,0.198717948718,0.160583941606,0.12987012987
sea,2024,2024_05_NYG_SEA,0.160714285714,0.216216216216,0.116883116883,0.127659574468
sea,2024,2024_06_SF_SEA,0.177304964539,0.210144927536,0.122699386503,0.124629080119
sea,2024,2024_07_SEA_ATL,0.164874551971,0.18115942029,0.119047619048,0.131736526946
sea,2024,2024_08_BUF_SEA,0.180887372014,0.160583941606,0.105263157895,0.125373134328
sea,2024,2024_09_LA_SEA,0.165562913907,0.116883116883,0.137142857143,0.155223880597
sea,2024,2024_11_SEA_SF,0.162790697674,0.122699386503,0.126436781609,0.165662650602
sea,2024,2024_12_ARI_SEA,0.147058823529,0.119047619048,0.144578313253,
sea,2024,2024_13_SEA_NYJ,0.12987012987,0.105263157895,0.146341463415,
sea,2024,2024_14_SEA_ARI,0.127659574468,0.137142857143,0.175,
sea,2024,2024_15_GB_SEA,0.124629080119,0.126436781609,0.208860759494,
sea,2024,2024_16_MIN_SEA,0.131736526946,0.144578313253,,
sea,2024,2024_17_SEA_CHI,0.125373134328,0.146341463415,,
sea,2024,2024_18_SEA_LA,0.155223880597,0.175,,
sea,2025,2025_01_SF_SEA,0.165662650602,0.208860759494,0.167567567568,0.170212765957
sea,2025,2025_02_SEA_PIT,0.175595238095,0.205882352941,0.136612021858,0.169230769231
sea,2025,2025_03_NO_SEA,0.18018018018,0.213017751479,0.174358974359,0.161803713528
sea,2025,2025_04_SEA_ARI,0.184523809524,0.193181818182,0.159420289855,0.166666666667
sea,2025,2025_05_TB_SEA,0.186588921283,0.167567567568,0.17277486911,0.175342465753
sea,2025,2025_06_SEA_JAX,0.169971671388,0.136612021858,0.19806763285,0.192737430168
sea,2025,2025_07_HOU_SEA,0.192307692308,0.174358974359,0.148351648352,0.167664670659
sea,2025,2025_09_SEA_WAS,0.174934725849,0.159420289855,0.175141242938,0.162079510703
sea,2025,2025_10_ARI_SEA,0.170212765957,0.17277486911,0.17816091954,0.155763239875
sea,2025,2025_11_SEA_LA,0.169230769231,0.19806763285,0.185430463576,0.161616161616
sea,2025,2025_12_SEA_TEN,0.161803713528,0.148351648352,0.190789473684,
sea,2025,2025_13_MIN_SEA,0.166666666667,0.175141242938,0.146666666667,
sea,2025,2025_14_SEA_ATL,0.175342465753,0.17816091954,0.12925170068,
sea,2025,2025_15_IND_SEA,0.192737430168,0.185430463576,0.13698630137,
sea,2025,2025_16_LA_SEA,0.167664670659,0.190789473684,,
sea,2025,2025_17_SEA_CAR,0.162079510703,0.146666666667,,
sea,2025,2025_18_SEA_SF,0.155763239875,0.12925170068,,
sf,2022,2022_01_SF_CHI,,,0.201257861635,0.174757281553
sf,2022,2022_02_SEA_SF,,,0.215053763441,0.182370820669
sf,2022,2022_03_SF_DEN,,,0.194117647059,0.174927113703
sf,2022,2022_04_LA_SF,,,0.159763313609,0.165191740413
sf,2022,2022_05_SF_CAR,0.201257861635,0.201257861635,0.146666666667,0.156739811912
sf,2022,2022_06_SF_ATL,0.204761904762,0.215053763441,0.13986013986,0.141104294479
sf,2022,2022_07_KC_SF,0.196506550218,0.194117647059,0.156069364162,0.148044692737
sf,2022,2022_08_SF_LA,0.177121771218,0.159763313609,0.170588235294,0.161016949153
sf,2022,2022_10_LAC_SF,0.174757281553,0.146666666667,0.165680473373,0.168067226891
sf,2022,2022_11_SF_ARI,0.182370820669,0.13986013986,0.142076502732,0.168115942029
sf,2022,2022_12_NO_SF,0.174927113703,0.156069364162,0.140540540541,
sf,2022,2022_13_MIA_SF,0.165191740413,0.170588235294,0.152173913043,
sf,2022,2022_14_TB_SF,0.156739811912,0.165680473373,0.170212765957,
sf,2022,2022_15_SF_SEA,0.141104294479,0.142076502732,0.197530864198,
sf,2022,2022_16_WAS_SF,0.148044692737,0.140540540541,,
sf,2022,2022_17_SF_LV,0.161016949153,0.152173913043,,
sf,2022,2022_18_ARI_SF,0.168067226891,0.170212765957,,
sf,2023,2023_01_SF_PIT,0.168115942029,0.197530864198,0.144278606965,0.170391061453
sf,2023,2023_02_SF_LA,0.166189111748,0.19512195122,0.162921348315,0.178674351585
sf,2023,2023_03_NYG_SF,0.162162162162,0.172043010753,0.194968553459,0.185294117647
sf,2023,2023_04_ARI_SF,0.163978494624,0.157608695652,0.185628742515,0.204142011834
sf,2023,2023_05_DAL_SF,0.168044077135,0.144278606965,0.203821656051,0.204610951009
sf,2023,2023_06_SF_CLE,0.178362573099,0.162921348315,0.195266272189,0.187150837989
sf,2023,2023_07_SF_MIN,0.182608695652,0.194968553459,0.17679558011,0.170798898072
sf,2023,2023_08_CIN_SF,0.17094017094,0.185628742515,0.222222222222,0.166666666667
sf,2023,2023_10_SF_JAX,0.170391061453,0.203821656051,0.205263157895,0.164305949008
sf,2023,2023_11_TB_SF,0.178674351585,0.195266272189,0.179894179894,0.147826086957
sf,2023,2023_12_SF_SEA,0.185294117647,0.17679558011,0.164835164835,
sf,2023,2023_13_SF_PHI,0.204142011834,0.222222222222,0.116402116402,
sf,2023,2023_14_SEA_SF,0.204610951009,0.205263157895,0.116564417178,
sf,2023,2023_15_SF_ARI,0.187150837989,0.179894179894,0.108974358974,
sf,2023,2023_16_BAL_SF,0.170798898072,0.164835164835,,
sf,2023,2023_17_SF_WAS,0.166666666667,0.116402116402,,
sf,2023,2023_18_LA_SF,0.164305949008,0.116564417178,,
sf,2024,2024_01_NYJ_SF,0.147826086957,0.108974358974,0.185185185185,0.159468438538
sf,2024,2024_02_SF_MIN,0.145510835913,0.120567375887,0.167883211679,0.151315789474
sf,2024,2024_03_SF_LA,0.129337539432,0.1484375,0.134969325153,0.150641025641
sf,2024,2024_04_NE_SF,0.126712328767,0.139534883721,0.153374233129,0.147058823529
sf,2024,2024_05_ARI_SF,0.144329896907,0.185185185185,0.138554216867,0.125874125874
sf,2024,2024_06_SF_SEA,0.143884892086,0.167883211679,0.137724550898,0.143356643357
sf,2024,2024_07_KC_SF,0.14089347079,0.134969325153,0.167785234899,0.15953307393
sf,2024,2024_08_DAL_SF,0.147260273973,0.153374233129,0.13986013986,0.131274131274
sf,2024,2024_10_SF_TB,0.159468438538,0.138554216867,0.108333333333,0.118577075099
sf,2024,2024_11_SEA_SF,0.151315789474,0.137724550898,0.151260504202,0.116279069767
sf,2024,2024_12_SF_GB,0.150641025641,0.167785234899,0.148148148148,
sf,2024,2024_13_SF_BUF,0.147058823529,0.13986013986,0.120689655172,
sf,2024,2024_14_CHI_SF,0.125874125874,0.108333333333,0.127819548872,
sf,2024,2024_15_LA_SF,0.143356643357,0.151260504202,0.0863309352518,
sf,2024,2024_16_SF_MIA,0.15953307393,0.148148148148,,
sf,2024,2024_17_DET_SF,0.131274131274,0.120689655172,,
sf,2024,2024_18_SF_ARI,0.118577075099,0.127819548872,,
sf,2025,2025_01_SF_SEA,0.116279069767,0.0863309352518,0.0763888888889,0.0673076923077
sf,2025,2025_02_SF_NO,0.102040816327,0.0656934306569,0.0654761904762,0.0676923076923
sf,2025,2025_03_ARI_SF,0.103053435115,0.0890410958904,0.0466666666667,0.0786163522013
sf,2025,2025_04_JAX_SF,0.106007067138,0.0866666666667,0.0512820512821,0.0744047619048
sf,2025,2025_05_SF_LA,0.0812720848057,0.0763888888889,0.0595238095238,0.0825958702065
sf,2025,2025_06_SF_TB,0.0655737704918,0.0654761904762,0.0700636942675,0.0996884735202
sf,2025,2025_07_ATL_SF,0.0675675675676,0.0466666666667,0.107142857143,0.104294478528
sf,2025,2025_08_SF_HOU,0.0686274509804,0.0512820512821,0.0944444444444,0.103448275862
sf,2025,2025_09_SF_NYG,0.0673076923077,0.0595238095238,0.105263157895,0.10625
sf,2025,2025_10_LA_SF,0.0676923076923,0.0700636942675,0.128048780488,0.108626198083
sf,2025,2025_11_SF_ARI,0.0786163522013,0.107142857143,0.101265822785,
sf,2025,2025_12_CAR_SF,0.0744047619048,0.0944444444444,0.115107913669,
sf,2025,2025_13_SF_CLE,0.0825958702065,0.105263157895,0.107382550336,
sf,2025,2025_15_TEN_SF,0.0996884735202,0.128048780488,0.0872483221477,
sf,2025,2025_16_SF_IND,0.104294478528,0.101265822785,,
sf,2025,2025_17_CHI_SF,0.103448275862,0.115107913669,,
sf,2025,2025_18_SEA_SF,0.10625,0.107382550336,,
tb,2022,2022_01_TB_DAL,,,0.161111111111,0.147335423197
tb,2022,2022_02_TB_NO,,,0.186746987952,0.155629139073
tb,2022,2022_03_GB_TB,,,0.156862745098,0.149659863946
tb,2022,2022_04_KC_TB,,,0.151079136691,0.161716171617
tb,2022,2022_05_ATL_TB,0.161111111111,0.161111111111,0.129496402878,0.157534246575
tb,2022,2022_06_TB_PIT,0.180555555556,0.186746987952,0.117647058824,0.140845070423
tb,2022,2022_07_TB_CAR,0.162698412698,0.156862745098,0.141843971631,0.155172413793
tb,2022,2022_08_BAL_TB,0.16,0.151079136691,0.170731707317,0.155063291139
tb,2022,2022_09_LA_TB,0.147335423197,0.129496402878,0.183006535948,0.165079365079
tb,2022,2022_10_SEA_TB,0.155629139073,0.117647058824,0.162162162162,0.154574132492
tb,2022,2022_12_TB_CLE,0.149659863946,0.141843971631,0.167785234899,
tb,2022,2022_13_NO_TB,0.161716171617,0.170731707317,0.138157894737,
tb,2022,2022_14_TB_SF,0.157534246575,0.183006535948,0.148148148148,
tb,2022,2022_15_CIN_TB,0.140845070423,0.162162162162,0.147928994083,
tb,2022,2022_16_TB_ARI,0.155172413793,0.167785234899,,
tb,2022,2022_17_CAR_TB,0.155063291139,0.138157894737,,
tb,2022,2022_18_TB_ATL,0.165079365079,0.148148148148,,
tb,2023,2023_01_TB_MIN,0.154574132492,0.147928994083,0.16091954023,0.118497109827
tb,2023,2023_02_CHI_TB,0.16049382716,0.154285714286,0.126436781609,0.130434782609
tb,2023,2023_03_PHI_TB,0.161904761905,0.184049079755,0.078313253012,0.117647058824
tb,2023,2023_04_TB_NO,0.16049382716,0.172839506173,0.0705882352941,0.113372093023
tb,2023,2023_06_DET_TB,0.154518950437,0.16091954023,0.0755813953488,0.11377245509
tb,2023,2023_07_ATL_TB,0.140401146132,0.126436781609,0.134502923977,0.114457831325
tb,2023,2023_08_TB_BUF,0.130699088146,0.078313253012,0.155172413793,0.124277456647
tb,2023,2023_09_TB_HOU,0.120481927711,0.0705882352941,0.155172413793,0.12676056338
tb,2023,2023_10_TEN_TB,0.118497109827,0.0755813953488,0.154320987654,0.114369501466
tb,2023,2023_11_TB_SF,0.130434782609,0.134502923977,0.0931677018634,0.0943396226415
tb,2023,2023_12_TB_IND,0.117647058824,0.155172413793,0.093023255814,
tb,2023,2023_13_CAR_TB,0.113372093023,0.155172413793,0.0994475138122,
tb,2023,2023_14_TB_ATL,0.11377245509,0.154320987654,0.0782122905028,
tb,2023,2023_15_TB_GB,0.114457831325,0.0931677018634,0.0955414012739,
tb,2023,2023_16_JAX_TB,0.124277456647,0.093023255814,,
tb,2023,2023_17_NO_TB,0.12676056338,0.0994475138122,,
tb,2023,2023_18_TB_CAR,0.114369501466,0.0782122905028,,
tb,2024,2024_01_WAS_TB,0.0943396226415,0.0955414012739,0.114942528736,0.133522727273
tb,2024,2024_02_TB_DET,0.0841121495327,0.0738255033557,0.142156862745,0.141304347826
tb,2024,2024_03_DEN_TB,0.102102102102,0.105263157895,0.147208121827,0.138418079096
tb,2024,2024_04_PHI_TB,0.094395280236,0.1125,0.158469945355,0.158192090395
tb,2024,2024_05_TB_ATL,0.105740181269,0.114942528736,0.151685393258,0.165760869565
tb,2024,2024_06_TB_NO,0.113314447592,0.142156862745,0.140243902439,0.161849710983
tb,2024,2024_07_BAL_TB,0.12893982808,0.147208121827,0.127388535032,0.166666666667
tb,2024,2024_08_ATL_TB,0.137026239067,0.158469945355,0.157894736842,0.167630057803
tb,2024,2024_09_TB_KC,0.133522727273,0.151685393258,0.178947368421,0.174785100287
tb,2024,2024_10_SF_TB,0.141304347826,0.140243902439,0.181318681319,0.173410404624
tb,2024,2024_12_TB_NYG,0.138418079096,0.127388535032,0.201117318436,
tb,2024,2024_13_TB_CAR,0.158192090395,0.157894736842,0.177142857143,
tb,2024,2024_14_LV_TB,0.165760869565,0.178947368421,0.169811320755,
tb,2024,2024_15_TB_LAC,0.161849710983,0.181318681319,0.164634146341,
tb,2024,2024_16_TB_DAL,0.166666666667,0.201117318436,,
tb,2024,2024_17_CAR_TB,0.167630057803,0.177142857143,,
tb,2024,2024_18_NO_TB,0.174785100287,0.169811320755,,
tb,2025,2025_01_TB_ATL,0.173410404624,0.164634146341,0.141104294479,0.149425287356
tb,2025,2025_02_TB_HOU,0.161473087819,0.120689655172,0.139072847682,0.161194029851
tb,2025,2025_03_NYJ_TB,0.158357771261,0.138554216867,0.14880952381,0.144970414201
tb,2025,2025_04_PHI_TB,0.156342182891,0.144444444444,0.154838709677,0.129230769231
tb,2025,2025_05_TB_SEA,0.152905198777,0.141104294479,0.156756756757,0.136094674556
tb,2025,2025_06_SF_TB,0.129230769231,0.139072847682,0.179347826087,0.147692307692
tb,2025,2025_07_TB_DET,0.14371257485,0.14880952381,0.141176470588,0.130434782609
tb,2025,2025_08_TB_NO,0.149253731343,0.154838709677,0.105882352941,0.130841121495
tb,2025,2025_10_NE_TB,0.149425287356,0.156756756757,0.111111111111,0.129370629371
tb,2025,2025_11_TB_BUF,0.161194029851,0.179347826087,0.106382978723,0.112676056338
tb,2025,2025_12_TB_LA,0.144970414201,0.141176470588,0.118421052632,
tb,2025,2025_13_ARI_TB,0.129230769231,0.105882352941,0.158940397351,
tb,2025,2025_14_NO_TB,0.136094674556,0.111111111111,0.15037593985,
tb,2025,2025_15_ATL_TB,0.147692307692,0.106382978723,0.118881118881,
tb,2025,2025_16_TB_CAR,0.130434782609,0.118421052632,,
tb,2025,2025_17_TB_MIA,0.130841121495,0.158940397351,,
tb,2025,2025_18_CAR_TB,0.129370629371,0.15037593985,,
ten,2022,2022_01_NYG_TEN,,,0.123529411765,0.137305699482
ten,2022,2022_02_TEN_BUF,,,0.10752688172,0.153658536585
ten,2022,2022_03_LV_TEN,,,0.142857142857,0.155555555556
ten,2022,2022_04_TEN_IND,,,0.16091954023,0.155778894472
ten,2022,2022_05_TEN_WAS,0.123529411765,0.123529411765,0.148148148148,0.149253731343
ten,2022,2022_07_IND_TEN,0.129032258065,0.10752688172,0.191964285714,0.135
ten,2022,2022_08_TEN_HOU,0.143396226415,0.142857142857,0.166666666667,0.130982367758
ten,2022,2022_09_TEN_KC,0.145695364238,0.16091954023,0.151785714286,0.130982367758
ten,2022,2022_10_DEN_TEN,0.137305699482,0.148148148148,0.150537634409,0.129834254144
ten,2022,2022_11_TEN_GB,0.153658536585,0.191964285714,0.0625,0.0967741935484
ten,2022,2022_12_CIN_TEN,0.155555555556,0.166666666667,0.0883977900552,
ten,2022,2022_13_TEN_PHI,0.155778894472,0.151785714286,0.104046242775,
ten,2022,2022_14_JAX_TEN,0.149253731343,0.150537634409,0.107954545455,
ten,2022,2022_15_TEN_LAC,0.135,0.0625,0.133333333333,
ten,2022,2022_16_HOU_TEN,0.130982367758,0.0883977900552,,
ten,2022,2022_17_DAL_TEN,0.130982367758,0.104046242775,,
ten,2022,2022_18_TEN_JAX,0.129834254144,0.107954545455,,
ten,2023,2023_01_TEN_NO,0.0967741935484,0.133333333333,0.172839506173,0.135048231511
ten,2023,2023_02_LAC_TEN,0.111764705882,0.138364779874,0.141935483871,0.126213592233
ten,2023,2023_03_TEN_CLE,0.114369501466,0.125,0.122448979592,0.12
ten,2023,2023_04_CIN_TEN,0.122023809524,0.1375,0.145695364238,0.122112211221
ten,2023,2023_05_TEN_IND,0.152905198777,0.172839506173,0.0939597315436,0.111111111111
ten,2023,2023_06_BAL_TEN,0.140127388535,0.141935483871,0.11038961039,0.123076923077
ten,2023,2023_08_ATL_TEN,0.12380952381,0.122448979592,0.117647058824,0.135951661631
ten,2023,2023_09_TEN_PIT,0.141479099678,0.145695364238,0.0986842105263,0.121580547112
ten,2023,2023_10_TEN_TB,0.135048231511,0.0939597315436,0.126506024096,0.121580547112
ten,2023,2023_11_TEN_JAX,0.126213592233,0.11038961039,0.134502923977,0.108823529412
ten,2023,2023_12_CAR_TEN,0.12,0.117647058824,0.151685393258,
ten,2023,2023_13_IND_TEN,0.122112211221,0.0986842105263,0.141242937853,
ten,2023,2023_14_TEN_MIA,0.111111111111,0.126506024096,0.116564417178,
ten,2023,2023_15_HOU_TEN,0.123076923077,0.134502923977,0.0828402366864,
ten,2023,2023_16_SEA_TEN,0.135951661631,0.151685393258,,
ten,2023,2023_17_TEN_HOU,0.121580547112,0.141242937853,,
ten,2023,2023_18_JAX_TEN,0.121580547112,0.116564417178,,
ten,2024,2024_01_TEN_CHI,0.108823529412,0.0828402366864,0.120967741935,0.125
ten,2024,2024_02_NYJ_TEN,0.115727002967,0.0754716981132,0.0977443609023,0.122222222222
ten,2024,2024_03_GB_TEN,0.110091743119,0.0733333333333,0.10447761194,0.12274368231
ten,2024,2024_04_TEN_MIA,0.101639344262,0.0845070422535,0.121212121212,0.126279863481
ten,2024,2024_06_IND_TEN,0.098976109215,0.120967741935,0.128205128205,0.111475409836
ten,2024,2024_07_TEN_BUF,0.0856164383562,0.0977443609023,0.14598540146,0.127946127946
ten,2024,2024_08_TEN_DET,0.0880281690141,0.10447761194,0.13986013986,0.13201320132
ten,2024,2024_09_NE_TEN,0.102189781022,0.121212121212,0.130434782609,0.122866894198
ten,2024,2024_10_TEN_LAC,0.125,0.128205128205,0.0939597315436,0.11320754717
ten,2024,2024_11_MIN_TEN,0.122222222222,0.14598540146,0.1125,0.10989010989
ten,2024,2024_12_TEN_HOU,0.12274368231,0.13986013986,0.125,
ten,2024,2024_13_TEN_WAS,0.126279863481,0.130434782609,0.113636363636,
ten,2024,2024_14_JAX_TEN,0.111475409836,0.0939597315436,0.137931034483,
ten,2024,2024_15_CIN_TEN,0.127946127946,0.1125,0.106194690265,
ten,2024,2024_16_TEN_IND,0.13201320132,0.125,,
ten,2024,2024_17_TEN_JAX,0.122866894198,0.113636363636,,
ten,2024,2024_18_HOU_TEN,0.11320754717,0.137931034483,,
ten,2025,2025_01_TEN_DEN,0.10989010989,0.106194690265,0.122448979592,0.1393728223
ten,2025,2025_02_LA_TEN,0.110714285714,0.0916666666667,0.136690647482,0.165467625899
ten,2025,2025_03_IND_TEN,0.113138686131,0.112676056338,0.151515151515,0.165517241379
ten,2025,2025_04_TEN_HOU,0.11877394636,0.103448275862,0.158273381295,0.16955017301
ten,2025,2025_05_TEN_ARI,0.115384615385,0.122448979592,0.157142857143,0.168965517241
ten,2025,2025_06_TEN_LV,0.11583011583,0.136690647482,0.194244604317,0.1872909699
ten,2025,2025_07_NE_TEN,0.131386861314,0.151515151515,0.177215189873,0.173633440514
ten,2025,2025_08_TEN_IND,0.130281690141,0.158273381295,0.18,0.178571428571
ten,2025,2025_09_LAC_TEN,0.1393728223,0.157142857143,0.18,0.183006535948
ten,2025,2025_11_HOU_TEN,0.165467625899,0.194244604317,0.18125,0.153594771242
ten,2025,2025_12_SEA_TEN,0.165517241379,0.177215189873,0.169934640523,
ten,2025,2025_13_JAX_TEN,0.16955017301,0.18,0.177215189873,
ten,2025,2025_14_TEN_CLE,0.168965517241,0.18,0.185897435897,
ten,2025,2025_15_TEN_SF,0.1872909699,0.18125,0.123287671233,
ten,2025,2025_16_KC_TEN,0.173633440514,0.169934640523,,
ten,2025,2025_17_NO_TEN,0.178571428571,0.177215189873,,
ten,2025,2025_18_TEN_JAX,0.183006535948,0.185897435897,,
wsh,2022,2022_01_JAX_WAS,,,0.185185185185,0.202572347267
wsh,2022,2022_02_WAS_DET,,,0.22602739726,0.209150326797
wsh,2022,2022_03_PHI_WAS,,,0.227272727273,0.184563758389
wsh,2022,2022_04_WAS_DAL,,,0.198675496689,0.195286195286
wsh,2022,2022_05_TEN_WAS,0.185185185185,0.185185185185,0.221476510067,0.2
wsh,2022,2022_06_WAS_CHI,0.220512820513,0.22602739726,0.19375,0.165540540541
wsh,2022,2022_07_GB_WAS,0.229166666667,0.227272727273,0.138888888889,0.143356643357
wsh,2022,2022_08_WAS_IND,0.2,0.198675496689,0.191780821918,0.157509157509
wsh,2022,2022_09_MIN_WAS,0.202572347267,0.221476510067,0.177304964539,0.152416356877
wsh,2022,2022_10_WAS_PHI,0.209150326797,0.19375,0.132352941176,0.126865671642
wsh,2022,2022_11_WAS_HOU,0.184563758389,0.138888888889,0.147887323944,
wsh,2022,2022_12_ATL_WAS,0.195286195286,0.191780821918,0.11811023622,
wsh,2022,2022_13_WAS_NYG,0.2,0.177304964539,0.125,
wsh,2022,2022_15_NYG_WAS,0.165540540541,0.132352941176,0.121212121212,
wsh,2022,2022_16_WAS_SF,0.143356643357,0.147887323944,,
wsh,2022,2022_17_CLE_WAS,0.157509157509,0.11811023622,,
wsh,2022,2022_18_DAL_WAS,0.152416356877,0.125,,
wsh,2023,2023_01_ARI_WAS,0.126865671642,0.121212121212,0.176829268293,0.156626506024
wsh,2023,2023_02_WAS_DEN,0.141304347826,0.134328358209,0.2,0.137426900585
wsh,2023,2023_03_BUF_WAS,0.158844765343,0.193333333333,0.140350877193,0.107648725212
wsh,2023,2023_04_WAS_PHI,0.141868512111,0.155279503106,0.156976744186,0.136363636364
wsh,2023,2023_05_CHI_WAS,0.152027027027,0.176829268293,0.136904761905,0.123529411765
wsh,2023,2023_06_WAS_ATL,0.170068027211,0.2,0.0824175824176,0.105105105105
wsh,2023,2023_07_WAS_NYG,0.165109034268,0.140350877193,0.0769230769231,0.110410094637
wsh,2023,2023_08_PHI_WAS,0.156156156156,0.156976744186,0.116666666667,0.105105105105
wsh,2023,2023_09_WAS_NE,0.156626506024,0.136904761905,0.110465116279,0.0993788819876
wsh,2023,2023_10_WAS_SEA,0.137426900585,0.0824175824176,0.132450331126,0.0977917981073
wsh,2023,2023_11_NYG_WAS,0.107648725212,0.0769230769231,0.155555555556,
wsh,2023,2023_12_WAS_DAL,0.136363636364,0.116666666667,0.0915032679739,
wsh,2023,2023_13_MIA_WAS,0.123529411765,0.110465116279,0.0866666666667,
wsh,2023,2023_15_WAS_LA,0.105105105105,0.132450331126,0.066265060241,
wsh,2023,2023_16_WAS_NYJ,0.110410094637,0.155555555556,,
wsh,2023,2023_17_SF_WAS,0.105105105105,0.0915032679739,,
wsh,2023,2023_18_DAL_WAS,0.0993788819876,0.0866666666667,,
wsh,2024,2024_01_WAS_TB,0.0977917981073,0.066265060241,0.14598540146,0.169172932331
wsh,2024,2024_02_NYG_WAS,0.100334448161,0.0548780487805,0.19014084507,0.171102661597
wsh,2024,2024_03_WAS_CIN,0.0784982935154,0.0642857142857,0.1875,0.175373134328
wsh,2024,2024_04_WAS_ARI,0.0863787375415,0.0860927152318,0.19512195122,0.176245210728
wsh,2024,2024_05_CLE_WAS,0.102310231023,0.14598540146,0.193798449612,0.151291512915
wsh,2024,2024_06_WAS_BAL,0.117647058824,0.19014084507,0.148760330579,0.143382352941
wsh,2024,2024_07_CAR_WAS,0.12676056338,0.1875,0.161290322581,0.151624548736
wsh,2024,2024_08_CHI_WAS,0.13503649635,0.19512195122,0.159420289855,0.158783783784
wsh,2024,2024_09_WAS_NYG,0.169172932331,0.193798449612,0.112676056338,0.134868421053
wsh,2024,2024_10_PIT_WAS,0.171102661597,0.148760330579,0.139072847682,0.12540192926
wsh,2024,2024_11_WAS_PHI,0.175373134328,0.161290322581,0.143790849673,
wsh,2024,2024_12_DAL_WAS,0.176245210728,0.159420289855,0.158227848101,
wsh,2024,2024_13_TEN_WAS,0.151291512915,0.112676056338,0.154320987654,
wsh,2024,2024_15_WAS_NO,0.143382352941,0.139072847682,0.1125,
wsh,2024,2024_16_PHI_WAS,0.151624548736,0.143790849673,,
wsh,2024,2024_17_ATL_WAS,0.158783783784,0.158227848101,,
wsh,2024,2024_18_WAS_DAL,0.134868421053,0.154320987654,,
wsh,2025,2025_01_NYG_WAS,0.12540192926,0.1125,0.151315789474,0.158064516129
wsh,2025,2025_02_WAS_GB,0.125766871166,0.109826589595,0.169014084507,0.146853146853
wsh,2025,2025_03_LV_WAS,0.125,0.0941176470588,0.176056338028,0.150877192982
wsh,2025,2025_04_WAS_ATL,0.147692307692,0.141104294479,0.144827586207,0.13503649635
wsh,2025,2025_05_WAS_LAC,0.13141025641,0.151315789474,0.164556962025,0.132653061224
wsh,2025,2025_06_CHI_WAS,0.136507936508,0.169014084507,0.125,0.12676056338
wsh,2025,2025_07_WAS_DAL,0.13141025641,0.176056338028,0.125874125874,0.133561643836
wsh,2025,2025_08_WAS_KC,0.142857142857,0.144827586207,0.124031007752,0.119047619048
wsh,2025,2025_09_SEA_WAS,0.158064516129,0.164556962025,0.0955882352941,0.129568106312
wsh,2025,2025_10_DET_WAS,0.146853146853,0.125,0.128571428571,0.1375
wsh,2025,2025_11_WAS_MIA,0.150877192982,0.125874125874,0.140939597315,
wsh,2025,2025_13_DEN_WAS,0.13503649635,0.124031007752,0.115151515152,
wsh,2025,2025_14_WAS_MIN,0.132653061224,0.0955882352941,0.157575757576,
wsh,2025,2025_15_WAS_NYG,0.12676056338,0.128571428571,0.144444444444,
wsh,2025,2025_16_PHI_WAS,0.133561643836,0.140939597315,,
wsh,2025,2025_17_DAL_WAS,0.119047619048,0.115151515152,,
wsh,2025,2025_18_WAS_PHI,0.129568106312,0.157575757576,,
