team,season,transition_week,qb_changed,old_qb_id,old_qb_name,new_qb_id,new_qb_name,old_games,new_games,before_games,before_hit_rate,before_sack_rate,before_pass_epa_db,before_opponent_pregame_rush_rate,before_opponent_adjusted_hit_residual,before_pregame_raw_protection_rate,before_pregame_adjusted_protection_rate,after_games,after_hit_rate,after_sack_rate,after_pass_epa_db,after_opponent_pregame_rush_rate,after_opponent_adjusted_hit_residual,after_pregame_raw_protection_rate,after_pregame_adjusted_protection_rate,change_hit_rate,change_sack_rate,change_pass_epa_db,change_opponent_pregame_rush_rate,change_opponent_adjusted_hit_residual
ari,2022,4,False,00-0035228,Kyler Murray,00-0035228,Kyler Murray,2022_02_ARI_LV;2022_03_LA_ARI,2022_04_ARI_CAR;2022_05_PHI_ARI,2,0.0826446280992,0.0247933884298,-0.0407794380288,,,,,2,0.037037037037,0.0246913580247,0.0982021382251,0.185393258427,,0.0833333333333,,-0.0456075910621,-0.000102030405061,0.138981576254,,
ari,2022,5,False,00-0035228,Kyler Murray,00-0035228,Kyler Murray,2022_03_LA_ARI;2022_04_ARI_CAR,2022_05_PHI_ARI;2022_06_ARI_SEA,2,0.0588235294118,0.0294117647059,-0.0582755041566,,,,,2,0.101123595506,0.0786516853933,-0.058869258846,0.164519833633,,0.0802845528455,,0.0423000660939,0.0492399206874,-0.000593754689386,,
ari,2022,6,False,00-0035228,Kyler Murray,00-0035228,Kyler Murray,2022_04_ARI_CAR;2022_05_PHI_ARI,2022_06_ARI_SEA;2022_07_NO_ARI,2,0.037037037037,0.0246913580247,0.0982021382251,0.185393258427,,0.0833333333333,,2,0.109756097561,0.0975609756098,-0.0759406848894,0.133226713192,,0.0829864868614,,0.0727190605239,0.0728696175851,-0.174142823114,-0.052166545235,
ari,2022,7,False,00-0035228,Kyler Murray,00-0035228,Kyler Murray,2022_05_PHI_ARI;2022_06_ARI_SEA,2022_07_NO_ARI;2022_08_ARI_MIN,2,0.101123595506,0.0786516853933,-0.058869258846,0.164519833633,,0.0802845528455,,2,0.0860215053763,0.0645161290323,0.0696765353499,0.125403508772,-0.026830699999,0.0870515275118,,-0.0151020901293,-0.014135556361,0.128545794196,-0.0391163248615,
ari,2022,8,False,00-0035228,Kyler Murray,00-0035228,Kyler Murray,2022_06_ARI_SEA;2022_07_NO_ARI,2022_08_ARI_MIN;2022_09_SEA_ARI,2,0.109756097561,0.0975609756098,-0.0759406848894,0.133226713192,,0.0829864868614,,2,0.106796116505,0.0873786407767,-0.029560207203,0.138923547401,-0.0274400554149,0.0867243776064,,-0.00295998105612,-0.0101823348331,0.0463804776864,0.0056968342085,
ari,2023,3,False,00-0033949,Joshua Dobbs,00-0033949,Joshua Dobbs,2023_01_ARI_WAS;2023_02_NYG_ARI,2023_03_DAL_ARI;2023_04_ARI_SF,2,0.166666666667,0.0416666666667,0.0110087604347,0.150249556078,0.021159518291,0.151770623742,0.011178550823,2,0.141025641026,0.0384615384615,0.191079006869,0.152502067825,-0.007883935831,0.154224039014,0.0132327060675,-0.025641025641,-0.00320512820513,0.180070246434,0.002252511747,-0.029043454122
ari,2023,4,False,00-0033949,Joshua Dobbs,00-0033949,Joshua Dobbs,2023_02_NYG_ARI;2023_03_DAL_ARI,2023_04_ARI_SF;2023_05_CIN_ARI,2,0.15625,0.03125,0.267712230685,0.15732954077,0.00709515325934,0.15011904762,0.00918295748723,2,0.178571428571,0.047619047619,-0.0794647531365,0.161635265011,0.0270443999806,0.158766645529,0.016994939568,0.0223214285714,0.016369047619,-0.347176983821,0.004305724241,0.0199492467212
ari,2023,5,False,00-0033949,Joshua Dobbs,00-0033949,Joshua Dobbs,2023_03_DAL_ARI;2023_04_ARI_SF,2023_05_CIN_ARI;2023_06_ARI_LA,2,0.141025641026,0.0384615384615,0.191079006869,0.152502067825,-0.007883935831,0.154224039014,0.0132327060675,2,0.204819277108,0.0602409638554,-0.337886498006,0.145652618359,0.0589694007482,0.161749916192,0.0181967132636,0.0637936360828,0.0217794253939,-0.528965504875,-0.006849449466,0.0668533365792
ari,2023,12,False,00-0035228,Kyler Murray,00-0035228,Kyler Murray,2023_10_ATL_ARI;2023_11_ARI_HOU,2023_12_LA_ARI;2023_13_ARI_PIT,2,0.0897435897436,0.0641025641026,-0.107511011376,0.154690580919,-0.0588726051805,0.17929193038,0.0288757932295,2,0.132530120482,0.0722891566265,-0.0236726364596,0.13689985893,-0.00935160585197,0.16718381419,0.0178577778295,0.0427865307383,0.00818659252394,0.0838383749159,-0.017790721989,0.0495209993286
ari,2023,13,False,00-0035228,Kyler Murray,00-0035228,Kyler Murray,2023_11_ARI_HOU;2023_12_LA_ARI,2023_13_ARI_PIT;2023_15_SF_ARI,2,0.119565217391,0.0760869565217,-0.145918909511,0.135727732622,-0.0223148977883,0.170785984848,0.0204588604265,2,0.118421052632,0.0657894736842,0.0407923065878,0.163911810432,-0.0347538778449,0.161362684965,0.013255364471,-0.00114416475973,-0.0102974828375,0.186711216098,0.02818407781,-0.0124389800565
ari,2023,15,False,00-0035228,Kyler Murray,00-0035228,Kyler Murray,2023_12_LA_ARI;2023_13_ARI_PIT,2023_15_SF_ARI;2023_16_ARI_CHI,2,0.132530120482,0.0722891566265,-0.0236726364596,0.13689985893,-0.00935160585197,0.16718381419,0.0178577778295,2,0.0909090909091,0.0568181818182,-0.096028496016,0.165208656817,-0.0613852566625,0.150892799048,0.00190609788368,-0.0416210295728,-0.0154709748083,-0.0723558595564,0.028308797887,-0.0520336508105
ari,2023,16,False,00-0035228,Kyler Murray,00-0035228,Kyler Murray,2023_13_ARI_PIT;2023_15_SF_ARI,2023_16_ARI_CHI;2023_17_ARI_PHI,2,0.118421052632,0.0657894736842,0.0407923065878,0.163911810432,-0.0347538778449,0.161362684965,0.013255364471,2,0.0897435897436,0.0384615384615,0.108415777973,0.131314935435,-0.0506983755798,0.13781636367,-0.011814093858,-0.028677462888,-0.0273279352227,0.0676234713857,-0.032596874997,-0.0159444977349
ari,2023,17,False,00-0035228,Kyler Murray,00-0035228,Kyler Murray,2023_15_SF_ARI;2023_16_ARI_CHI,2023_17_ARI_PHI;2023_18_SEA_ARI,2,0.0909090909091,0.0568181818182,-0.096028496016,0.165208656817,-0.0613852566625,0.150892799048,0.00190609788368,2,0.0882352941176,0.0294117647059,0.432366706887,0.122993385924,-0.049151486809,0.127079446891,-0.0212387027377,-0.00267379679144,-0.0274064171123,0.528395202903,-0.042215270893,0.0122337698535
ari,2024,3,False,00-0035228,Kyler Murray,00-0035228,Kyler Murray,2024_01_ARI_BUF;2024_02_LA_ARI,2024_03_DET_ARI;2024_04_WAS_ARI,2,0.0923076923077,0.0769230769231,0.44273251677,0.138001867414,-0.0510944417978,0.105852932955,-0.0392434889844,2,0.157142857143,0.0714285714286,-0.106820254739,0.154131618011,0.00336869435805,0.100474896713,-0.0460838418044,0.0648351648352,-0.00549450549451,-0.54955277151,0.0161297505967,0.0544631361559
ari,2024,4,False,00-0035228,Kyler Murray,00-0035228,Kyler Murray,2024_02_LA_ARI;2024_03_DET_ARI,2024_04_WAS_ARI;2024_05_ARI_SF,2,0.0724637681159,0.0289855072464,0.327639175976,0.171166338876,-0.0861925078525,0.106366588941,-0.0381050342582,2,0.147540983607,0.0819672131148,-0.12360373927,0.115354317224,0.0116719786079,0.102752659419,-0.0452885708422,0.0750772154906,0.0529817058684,-0.451242915246,-0.0558120216518,0.0978644864605
ari,2024,5,False,00-0035228,Kyler Murray,00-0035228,Kyler Murray,2024_03_DET_ARI;2024_04_WAS_ARI,2024_05_ARI_SF;2024_06_ARI_GB,2,0.157142857143,0.0714285714286,-0.106820254739,0.154131618011,0.00336869435805,0.100474896713,-0.0460838418044,2,0.0416666666667,0.0138888888889,-0.0355018399212,0.171843405045,-0.113889998793,0.105422878193,-0.0406044016523,-0.115476190476,-0.0575396825397,0.0713184148183,0.0177117870343,-0.117258693151
ari,2024,6,False,00-0035228,Kyler Murray,00-0035228,Kyler Murray,2024_04_WAS_ARI;2024_05_ARI_SF,2024_06_ARI_GB;2024_07_LAC_ARI,2,0.147540983607,0.0819672131148,-0.12360373927,0.115354317224,0.0116719786079,0.102752659419,-0.0452885708422,2,0.0285714285714,0,0.0832516771274,0.163914567703,-0.124767210318,0.0994310006543,-0.0468745806146,-0.118969555035,-0.0819672131148,0.206855416397,0.0485602504783,-0.136439188926
ari,2024,7,False,00-0035228,Kyler Murray,00-0035228,Kyler Murray,2024_05_ARI_SF;2024_06_ARI_GB,2024_07_LAC_ARI;2024_08_ARI_MIA,2,0.0416666666667,0.0138888888889,-0.0355018399212,0.171843405045,-0.113889998793,0.105422878193,-0.0406044016523,2,0.0285714285714,0,0.362212532177,0.139632936508,-0.115297595585,0.0917171717172,-0.0563258608039,-0.0130952380952,-0.0138888888889,0.397714372098,-0.032210468537,-0.00140759679191
ari,2024,8,False,00-0035228,Kyler Murray,00-0035228,Kyler Murray,2024_06_ARI_GB;2024_07_LAC_ARI,2024_08_ARI_MIA;2024_09_CHI_ARI,2,0.0285714285714,0,0.0832516771274,0.163914567703,-0.124767210318,0.0994310006543,-0.0468745806146,2,0.0645161290323,0.0483870967742,0.159066897626,0.156254911206,-0.0840002533696,0.0841556357802,-0.0646690868585,0.0359447004608,0.0483870967742,0.0758152204984,-0.007659656497,0.0407669569488
ari,2024,9,False,00-0035228,Kyler Murray,00-0035228,Kyler Murray,2024_07_LAC_ARI;2024_08_ARI_MIA,2024_09_CHI_ARI;2024_10_NYJ_ARI,2,0.0285714285714,0,0.362212532177,0.139632936508,-0.115297595585,0.0917171717172,-0.0563258608039,2,0.1,0.08,0.249274788086,0.166103987448,-0.0520804237339,0.077879130267,-0.0715364170986,0.0714285714286,0.08,-0.112937744091,0.02647105094,0.0632171718506
ari,2024,10,False,00-0035228,Kyler Murray,00-0035228,Kyler Murray,2024_08_ARI_MIA;2024_09_CHI_ARI,2024_10_NYJ_ARI;2024_12_ARI_SEA,2,0.0645161290323,0.0483870967742,0.159066897626,0.156254911206,-0.0840002533696,0.0841556357802,-0.0646690868585,2,0.12676056338,0.0845070422535,0.178031421406,0.158775313404,-0.0216262953526,0.0782442748091,-0.0721682003121,0.062244434348,0.0361199454793,0.0189645237801,0.0025204021985,0.062373958017
ari,2024,12,False,00-0035228,Kyler Murray,00-0035228,Kyler Murray,2024_09_CHI_ARI;2024_10_NYJ_ARI,2024_12_ARI_SEA;2024_13_ARI_MIN,2,0.1,0.08,0.249274788086,0.166103987448,-0.0520804237339,0.077879130267,-0.0715364170986,2,0.102040816327,0.0612244897959,0.00837344061347,0.152246612931,-0.0450468876503,0.0855308813324,-0.0635352353835,0.00204081632653,-0.0187755102041,-0.240901347473,-0.0138573745175,0.00703353608359
ari,2024,13,False,00-0035228,Kyler Murray,00-0035228,Kyler Murray,2024_10_NYJ_ARI;2024_12_ARI_SEA,2024_13_ARI_MIN;2024_14_SEA_ARI,2,0.12676056338,0.0845070422535,0.178031421406,0.158775313404,-0.0216262953526,0.0782442748091,-0.0721682003121,2,0.0792079207921,0.029702970297,0.018712116799,0.1425469884,-0.0651382485282,0.0799373040753,-0.0681187459431,-0.0475526425882,-0.0548040719565,-0.159319304607,-0.016228325004,-0.0435119531756
ari,2025,3,False,00-0035228,Kyler Murray,00-0035228,Kyler Murray,2025_01_ARI_NO;2025_02_CAR_ARI,2025_03_ARI_SF;2025_04_SEA_ARI,2,0.12,0.08,0.186090781111,0.123982360923,-0.0169507925374,0.0814420397725,-0.0581247961239,2,0.115789473684,0.0736842105263,0.0482666616724,0.143788622319,-0.0289850740497,0.0809047289356,-0.0555616949808,-0.00421052631579,-0.00631578947368,-0.137824119438,0.019806261397,-0.0120342815123
ari,2025,15,False,00-0033119,Jacoby Brissett,00-0033119,Jacoby Brissett,2025_13_ARI_TB;2025_14_LA_ARI,2025_15_ARI_HOU;2025_16_ATL_ARI,2,0.191489361702,0.0531914893617,0.0181860677824,0.133067765568,0.0516518082917,0.188753837742,0.0513649948029,2,0.101265822785,0.0506329113924,-0.00294777738738,0.157440767118,-0.0473536506421,0.188734392062,0.0507026623888,-0.0902235389173,-0.0025585779693,-0.0211338451698,0.02437300155,-0.0990054589338
ari,2025,16,False,00-0033119,Jacoby Brissett,00-0033119,Jacoby Brissett,2025_14_LA_ARI;2025_15_ARI_HOU,2025_16_ATL_ARI;2025_17_ARI_CIN,2,0.147368421053,0.0526315789474,-0.0290908938952,0.152579365079,0.00135581764458,0.194807106507,0.0581778064617,2,0.166666666667,0.0769230769231,-0.00466897076694,0.131532961073,0.027790403927,0.173859761296,0.0349587231081,0.019298245614,0.0242914979757,0.0244219231283,-0.0210464040065,0.0264345862825
ari,2025,17,False,00-0033119,Jacoby Brissett,00-0033119,Jacoby Brissett,2025_15_ARI_HOU;2025_16_ATL_ARI,2025_17_ARI_CIN;2025_18_ARI_LA,2,0.101265822785,0.0506329113924,-0.00294777738738,0.157440767118,-0.0473536506421,0.188734392062,0.0507026623888,2,0.232558139535,0.116279069767,0.00388092436074,0.130334562697,0.0935427524348,0.163744065143,0.0251932782013,0.13129231675,0.065646158375,0.00682870174812,-0.0271062044205,0.140896403077
atl,2022,3,False,00-0032268,Marcus Mariota,00-0032268,Marcus Mariota,2022_01_NO_ATL;2022_02_ATL_LA,2022_03_ATL_SEA;2022_04_CLE_ATL,2,0.0958904109589,0.041095890411,0.0800393264277,,,,,2,0.229166666667,0.0833333333333,0.21046872398,,,,,0.133276255708,0.0422374429224,0.130429397552,,
atl,2022,4,False,00-0032268,Marcus Mariota,00-0032268,Marcus Mariota,2022_02_ATL_LA;2022_03_ATL_SEA,2022_04_CLE_ATL;2022_05_ATL_TB,2,0.193548387097,0.0967741935484,0.311098152238,,,,,2,0.267857142857,0.107142857143,-0.137084433687,0.161111111111,,0.148760330579,,0.0743087557604,0.0103686635945,-0.448182585925,,
atl,2022,5,False,00-0032268,Marcus Mariota,00-0032268,Marcus Mariota,2022_03_ATL_SEA;2022_04_CLE_ATL,2022_05_ATL_TB;2022_06_SF_ATL,2,0.229166666667,0.0833333333333,0.21046872398,,,,,2,0.218181818182,0.127272727273,0.0833552513211,0.182936507937,,0.163552139812,,-0.0109848484848,0.0439393939394,-0.127113472659,,
atl,2022,6,False,00-0032268,Marcus Mariota,00-0032268,Marcus Mariota,2022_04_CLE_ATL;2022_05_ATL_TB,2022_06_SF_ATL;2022_07_ATL_CIN,2,0.267857142857,0.107142857143,-0.137084433687,0.161111111111,,0.148760330579,,2,0.175,0.125,0.208005454951,0.178078163537,,0.17439924725,,-0.0928571428571,0.0178571428571,0.345089888638,0.0169670524255,
atl,2022,7,False,00-0032268,Marcus Mariota,00-0032268,Marcus Mariota,2022_05_ATL_TB;2022_06_SF_ATL,2022_07_ATL_CIN;2022_08_CAR_ATL,2,0.218181818182,0.127272727273,0.0833552513211,0.182936507937,,0.163552139812,,2,0.25,0.0961538461538,0.14356217984,0.129934499291,0.133177444425,0.174059760037,,0.0318181818182,-0.0311188811189,0.0602069285189,-0.0530020086455,
atl,2022,8,False,00-0032268,Marcus Mariota,00-0032268,Marcus Mariota,2022_06_SF_ATL;2022_07_ATL_CIN,2022_08_CAR_ATL;2022_09_LAC_ATL,2,0.175,0.125,0.208005454951,0.178078163537,,0.17439924725,,2,0.189655172414,0.0689655172414,-0.0373046609867,0.122829345897,0.0595116854718,0.183130732924,,0.0146551724138,-0.0560344827586,-0.245310115937,-0.0552488176395,
atl,2022,9,False,00-0032268,Marcus Mariota,00-0032268,Marcus Mariota,2022_07_ATL_CIN;2022_08_CAR_ATL,2022_09_LAC_ATL;2022_10_ATL_CAR,2,0.25,0.0961538461538,0.14356217984,0.129934499291,0.133177444425,0.174059760037,,2,0.2,0.107692307692,-0.189847660484,0.127967057761,0.0685340643124,0.198464912281,,-0.05,0.0115384615385,-0.333409840324,-0.0019674415295,-0.0646433801123
atl,2022,10,False,00-0032268,Marcus Mariota,00-0032268,Marcus Mariota,2022_08_CAR_ATL;2022_09_LAC_ATL,2022_10_ATL_CAR;2022_11_CHI_ATL,2,0.189655172414,0.0689655172414,-0.0373046609867,0.122829345897,0.0595116854718,0.183130732924,,2,0.177419354839,0.0806451612903,-0.0428888040997,0.100884433962,0.0509249299223,0.21553030303,,-0.0122358175751,0.0116796440489,-0.00558414311295,-0.0219449119348,-0.00858675554944
atl,2022,11,False,00-0032268,Marcus Mariota,00-0032268,Marcus Mariota,2022_09_LAC_ATL;2022_10_ATL_CAR,2022_11_CHI_ATL;2022_12_ATL_WAS,2,0.2,0.107692307692,-0.189847660484,0.127967057761,0.0685340643124,0.198464912281,,2,0.1,0.02,-0.0694985894948,0.139152531605,-0.0426577923025,0.213215488216,0.0550751951046,-0.1,-0.0876923076923,0.120349070989,0.0111854738437,-0.111191856615
atl,2022,12,False,00-0032268,Marcus Mariota,00-0032268,Marcus Mariota,2022_10_ATL_CAR;2022_11_CHI_ATL,2022_12_ATL_WAS;2022_13_PIT_ATL,2,0.177419354839,0.0806451612903,-0.0428888040997,0.100884433962,0.0509249299223,0.21553030303,,2,0.156862745098,0.0392156862745,-0.190404800445,0.151440565997,0.0110881509036,0.198698698699,0.0496277528343,-0.0205566097407,-0.0414294750158,-0.147515996346,0.0505561320353,-0.0398367790187
atl,2022,17,False,00-0038122,Desmond Ridder,00-0038122,Desmond Ridder,2022_15_ATL_NO;2022_16_ATL_BAL,2022_17_ARI_ATL;2022_18_TB_ATL,2,0.115384615385,0.0769230769231,-0.147183906976,0.142960762641,-0.0269609028679,0.174257811699,0.0368956103552,2,0.123076923077,0.0461538461538,0.0571170412915,0.17262977263,-0.0293782632355,0.146861640109,0.00886046607756,0.00769230769231,-0.0307692307692,0.204300948267,0.029669009988,-0.00241736036759
atl,2023,3,False,00-0038122,Desmond Ridder,00-0038122,Desmond Ridder,2023_01_CAR_ATL;2023_02_GB_ATL,2023_03_ATL_DET;2023_04_ATL_JAX,2,0.166666666667,0.0757575757576,-0.0397403544797,0.151894701543,0.019144633063,0.134362086777,-0.00875262218092,2,0.176470588235,0.129411764706,-0.367560212989,0.166048602332,0.0255253732575,0.140152755046,-0.00600048865852,0.00980392156863,0.0536541889483,-0.32781985851,0.014153900789,0.00638074019451
atl,2023,4,False,00-0038122,Desmond Ridder,00-0038122,Desmond Ridder,2023_02_GB_ATL;2023_03_ATL_DET,2023_04_ATL_JAX;2023_05_HOU_ATL,2,0.155555555556,0.0888888888889,-0.104230858892,0.150307399955,0.00903893231798,0.133280356008,-0.0123858402005,2,0.144736842105,0.0526315789474,-0.126741113473,0.148822476909,-0.002458012447,0.144051237516,-0.00278672142994,-0.0108187134503,-0.0362573099415,-0.0225102545809,-0.001484923046,-0.011496944765
atl,2023,5,False,00-0038122,Desmond Ridder,00-0038122,Desmond Ridder,2023_03_ATL_DET;2023_04_ATL_JAX,2023_05_HOU_ATL;2023_06_WAS_ATL,2,0.176470588235,0.129411764706,-0.367560212989,0.166048602332,0.0255253732575,0.140152755046,-0.00600048865852,2,0.10752688172,0.0322580645161,0.0768133564232,0.142411062786,-0.0402347124522,0.144557823129,-0.00343058541905,-0.0689437065149,-0.0971537001898,0.444373569413,-0.0236375395455,-0.0657600857098
atl,2023,6,False,00-0038122,Desmond Ridder,00-0038122,Desmond Ridder,2023_04_ATL_JAX;2023_05_HOU_ATL,2023_06_WAS_ATL;2023_07_ATL_TB,2,0.144736842105,0.0526315789474,-0.126741113473,0.148822476909,-0.002458012447,0.144051237516,-0.00278672142994,2,0.0843373493976,0.0481927710843,0.101200932668,0.155234586672,-0.0672513833582,0.142625982431,-0.00603466296747,-0.0603994927077,-0.00443880786303,0.227942046141,0.0064121097625,-0.0647933709112
atl,2023,14,False,00-0038122,Desmond Ridder,00-0038122,Desmond Ridder,2023_12_NO_ATL;2023_13_ATL_NYJ,2023_14_TB_ATL;2023_15_ATL_CAR,2,0.157894736842,0.0526315789474,-0.0326000642656,0.135569443319,0.0137493287109,0.125954510606,-0.0181781217681,2,0.0588235294118,0.0441176470588,0.0530914794634,0.111397505741,-0.0752210131027,0.121500088606,-0.0212543603094,-0.0990712074303,-0.00851393188854,0.085691543729,-0.0241719375786,-0.0889703418136
atl,2024,3,False,00-0029604,Kirk Cousins,00-0029604,Kirk Cousins,2024_01_PIT_ATL;2024_02_ATL_PHI,2024_03_KC_ATL;2024_04_NO_ATL,2,0.138461538462,0.0461538461538,-0.00409931910938,0.120512250343,0.0021749961627,0.128053624628,-0.0137395247397,2,0.184210526316,0.0394736842105,0.0415361065322,0.138335791544,0.0413985762283,0.133799869195,-0.00788907096876,0.0457489878543,-0.00668016194332,0.0456354256416,0.0178235412005,0.0392235800656
atl,2024,4,False,00-0029604,Kirk Cousins,00-0029604,Kirk Cousins,2024_02_ATL_PHI;2024_03_KC_ATL,2024_04_NO_ATL;2024_05_TB_ATL,2,0.173913043478,0.0434782608696,0.232672791256,0.123075635877,0.0358250978088,0.131244019138,-0.0111642622681,2,0.142857142857,0.047619047619,0.18059574098,0.114816993289,0.00862551000012,0.140036500211,-0.00152703254238,-0.0310559006211,0.00414078674948,-0.0520770502759,-0.00825864258745,-0.0271995878087
atl,2024,5,False,00-0029604,Kirk Cousins,00-0029604,Kirk Cousins,2024_03_KC_ATL;2024_04_NO_ATL,2024_05_TB_ATL;2024_06_ATL_CAR,2,0.184210526316,0.0394736842105,0.0415361065322,0.138335791544,0.0413985762283,0.133799869195,-0.00788907096876,2,0.145833333333,0.0416666666667,0.32258493151,0.102140163627,0.0147428999903,0.149468954248,0.00829482121079,-0.0383771929825,0.00219298245614,0.281048824977,-0.0361956279168,-0.026655676238
atl,2025,14,False,00-0029604,Kirk Cousins,00-0029604,Kirk Cousins,2025_12_ATL_NO;2025_13_ATL_NYJ,2025_14_SEA_ATL;2025_15_ATL_TB,2,0.145161290323,0.0806451612903,0.0443731872197,0.113480857996,0.0129615861329,0.0855603397842,-0.0495126005169,2,0.141025641026,0.025641025641,0.0138794095141,0.161517386722,-0.00754678077827,0.109618874773,-0.0246461874381,-0.00413564929694,-0.0550041356493,-0.0304937777056,0.048036528726,-0.0205083669112
atl,2025,15,False,00-0029604,Kirk Cousins,00-0029604,Kirk Cousins,2025_13_ATL_NYJ;2025_14_SEA_ATL,2025_15_ATL_TB;2025_16_ATL_ARI,2,0.202898550725,0.0434782608696,-0.0825668669243,0.134222957014,0.0633905205412,0.0958937492384,-0.0386775206811,2,0.0963855421687,0.0240963855422,0.290419802901,0.120838635049,-0.0401167752367,0.114431839315,-0.022753122038,-0.106513008556,-0.0193818753274,0.372986669826,-0.0133843219655,-0.103507295778
atl,2025,16,False,00-0029604,Kirk Cousins,00-0029604,Kirk Cousins,2025_14_SEA_ATL;2025_15_ATL_TB,2025_16_ATL_ARI;2025_17_LA_ATL,2,0.141025641026,0.025641025641,0.0138794095141,0.161517386722,-0.00754678077827,0.109618874773,-0.0246461874381,2,0.189655172414,0.0172413793103,0.269187937366,0.109885562964,0.0591593067157,0.112092658029,-0.0267813153659,0.0486295313882,-0.00839964633068,0.255308527852,-0.0516318237585,0.066706087494
atl,2025,17,False,00-0029604,Kirk Cousins,00-0029604,Kirk Cousins,2025_15_ATL_TB;2025_16_ATL_ARI,2025_17_LA_ATL;2025_18_NO_ATL,2,0.0963855421687,0.0240963855422,0.290419802901,0.120838635049,-0.0401167752367,0.114431839315,-0.022753122038,2,0.280701754386,0.0701754385965,0.0028682306793,0.128264106496,0.142004920087,0.121345029239,-0.0172074352882,0.184316212217,0.0460790530543,-0.287551572222,0.007425471447,0.182121695324
bal,2022,3,False,00-0034796,Lamar Jackson,00-0034796,Lamar Jackson,2022_01_BAL_NYJ;2022_02_MIA_BAL,2022_03_BAL_NE;2022_04_BUF_BAL,2,0.0579710144928,0.0289855072464,0.440916065749,,,,,2,0.12987012987,0.0779220779221,-0.0502742810703,,,,,0.0718991153774,0.0489365706757,-0.49119034682,,
bal,2022,4,False,00-0034796,Lamar Jackson,00-0034796,Lamar Jackson,2022_02_MIA_BAL;2022_03_BAL_NE,2022_04_BUF_BAL;2022_05_CIN_BAL,2,0.0735294117647,0.0588235294118,0.376737176506,,,,,2,0.1125,0.0375,-0.150763729246,0.164772727273,,0.0958904109589,,0.0389705882353,-0.0213235294118,-0.527500905752,,
bal,2022,5,False,00-0034796,Lamar Jackson,00-0034796,Lamar Jackson,2022_03_BAL_NE;2022_04_BUF_BAL,2022_05_CIN_BAL;2022_06_BAL_NYG,2,0.12987012987,0.0779220779221,-0.0502742810703,,,,,2,0.0821917808219,0.041095890411,-0.0602509889437,0.151535299806,,0.0971255333483,,-0.0476783490482,-0.0368261875111,-0.00997670787345,,
bal,2022,6,False,00-0034796,Lamar Jackson,00-0034796,Lamar Jackson,2022_04_BUF_BAL;2022_05_CIN_BAL,2022_06_BAL_NYG;2022_07_CLE_BAL,2,0.1125,0.0375,-0.150763729246,0.164772727273,,0.0958904109589,,2,0.120689655172,0.0862068965517,-0.031723542799,0.11869848572,,0.0948424283255,,0.00818965517241,0.0487068965517,0.119040186447,-0.0460742415534,
bal,2022,7,False,00-0034796,Lamar Jackson,00-0034796,Lamar Jackson,2022_05_CIN_BAL;2022_06_BAL_NYG,2022_07_CLE_BAL;2022_08_BAL_TB,2,0.0821917808219,0.041095890411,-0.0602509889437,0.151535299806,,0.0971255333483,,2,0.121212121212,0.0909090909091,-0.0244438677384,0.12954954955,-0.0723058214172,0.0975293203736,,0.0390203403902,0.0498132004981,0.0358071212053,-0.0219857502569,
bal,2022,8,False,00-0034796,Lamar Jackson,00-0034796,Lamar Jackson,2022_06_BAL_NYG;2022_07_CLE_BAL,2022_08_BAL_TB;2022_09_BAL_NO,2,0.120689655172,0.0862068965517,-0.031723542799,0.11869848572,,0.0948424283255,,2,0.0704225352113,0.0845070422535,0.0781224553712,0.145146579805,-0.0668320170746,0.100990026935,,-0.0502671199611,-0.0016998542982,0.10984599817,0.026448094085,
bal,2022,9,False,00-0034796,Lamar Jackson,00-0034796,Lamar Jackson,2022_07_CLE_BAL;2022_08_BAL_TB,2022_09_BAL_NO;2022_11_CAR_BAL,2,0.121212121212,0.0909090909091,-0.0244438677384,0.12954954955,-0.0723058214172,0.0975293203736,,2,0.0757575757576,0.0909090909091,-0.0715300067686,0.127646579805,-0.0576516813086,0.0960542149598,,-0.0454545454545,0,-0.0470861390303,-0.00190296974505,0.0146541401085
bal,2022,11,False,00-0034796,Lamar Jackson,00-0034796,Lamar Jackson,2022_08_BAL_TB;2022_09_BAL_NO,2022_11_CAR_BAL;2022_12_BAL_JAX,2,0.0704225352113,0.0845070422535,0.0781224553712,0.145146579805,-0.0668320170746,0.100990026935,,2,0.0769230769231,0.0512820512821,0.0115780231965,0.123849693251,-0.0586448514609,0.0983498476588,,0.00650054171181,-0.0332249909715,-0.0665444321747,-0.021296886553,0.00818716561367
bal,2023,3,False,00-0034796,Lamar Jackson,00-0034796,Lamar Jackson,2023_01_HOU_BAL;2023_02_BAL_CIN,2023_03_IND_BAL;2023_04_BAL_CLE,2,0.1,0.05,0.133097572754,0.142703711174,-0.0449455328007,0.119191919192,-0.0189560076713,2,0.159420289855,0.101449275362,-0.0606635657014,0.150181955507,0.0140396033253,0.117542390622,-0.0234234122818,0.0594202898551,0.0514492753623,-0.193761138455,0.0074782443335,0.058985136126
bal,2023,4,False,00-0034796,Lamar Jackson,00-0034796,Lamar Jackson,2023_02_BAL_CIN;2023_03_IND_BAL,2023_04_BAL_CLE;2023_05_BAL_PIT,2,0.0588235294118,0.0470588235294,0.0502935006707,0.148536772332,-0.087717745193,0.122355224847,-0.0171185354746,2,0.171052631579,0.0921052631579,-0.186041824988,0.175842159459,0.0146459585984,0.1217731697,-0.0205564976033,0.112229102167,0.0450464396285,-0.236335325659,0.0273053871275,0.102363703791
bal,2023,5,False,00-0034796,Lamar Jackson,00-0034796,Lamar Jackson,2023_03_IND_BAL;2023_04_BAL_CLE,2023_05_BAL_PIT;2023_06_BAL_TEN,2,0.159420289855,0.101449275362,-0.0606635657014,0.150181955507,0.0140396033253,0.117542390622,-0.0234234122818,2,0.0823529411765,0.0588235294118,-0.135680519916,0.160678580999,-0.0697625764652,0.123713529177,-0.021864831903,-0.0770673486786,-0.0426257459506,-0.0750169542142,0.010496625492,-0.0838021797904
bal,2023,12,False,00-0034796,Lamar Jackson,00-0034796,Lamar Jackson,2023_10_CLE_BAL;2023_11_CIN_BAL,2023_12_BAL_LAC;2023_14_LA_BAL,2,0.154929577465,0.0845070422535,0.164681647735,0.192228835979,-0.00624261929114,0.093774948754,-0.0559741431527,2,0.0879120879121,0.043956043956,0.0966814819933,0.130568047337,-0.0520319536415,0.0999556933983,-0.0516532272737,-0.0670174895527,-0.0405509982975,-0.0680001657417,-0.0616607886415,-0.0457893343503
bal,2023,14,False,00-0034796,Lamar Jackson,00-0034796,Lamar Jackson,2023_11_CIN_BAL;2023_12_BAL_LAC,2023_14_LA_BAL;2023_15_BAL_JAX,2,0.106666666667,0.0666666666667,0.0652478925425,0.148821428571,-0.0395335224017,0.105893518937,-0.0456659960206,2,0.166666666667,0.0595238095238,0.164717344449,0.137412733986,0.0247118491406,0.0893099994728,-0.0599841920923,0.06,-0.00714285714286,0.0994694519067,-0.0114086945855,0.0642453715423
bal,2023,15,False,00-0034796,Lamar Jackson,00-0034796,Lamar Jackson,2023_12_BAL_LAC;2023_14_LA_BAL,2023_15_BAL_JAX;2023_16_BAL_SF,2,0.0879120879121,0.043956043956,0.0966814819933,0.130568047337,-0.0520319536415,0.0999556933983,-0.0516532272737,2,0.173333333333,0.0666666666667,0.117571450508,0.156244135684,0.0236283442836,0.100974149602,-0.0469139334728,0.0854212454212,0.0227106227106,0.0208899685142,0.025676088347,0.075660297925
bal,2024,7,False,00-0034796,Lamar Jackson,00-0034796,Lamar Jackson,2024_05_BAL_CIN;2024_06_WAS_BAL,2024_07_BAL_TB;2024_08_BAL_CLE,2,0.135802469136,0.037037037037,0.436307836258,0.14064171123,-0.00944244465983,0.0954296388542,-0.057161282105,2,0.12,0.0666666666667,0.537943296451,0.141392990963,-0.0250631831865,0.0921997409554,-0.0572171335477,-0.0158024691358,0.0296296296296,0.101635460193,0.000751279733,-0.0156207385266
bal,2024,8,False,00-0034796,Lamar Jackson,00-0034796,Lamar Jackson,2024_06_WAS_BAL;2024_07_BAL_TB,2024_08_BAL_CLE;2024_09_DEN_BAL,2,0.0967741935484,0.0645161290323,0.696679035316,0.123293443452,-0.0409839443275,0.090783893141,-0.0611374344399,2,0.114285714286,0.0571428571429,0.466528872376,0.169676700111,-0.0377247999074,0.092328148337,-0.0559554017396,0.0175115207373,-0.0073732718894,-0.23015016294,0.0463832566595,0.00325914442012
bal,2024,9,False,00-0034796,Lamar Jackson,00-0034796,Lamar Jackson,2024_07_BAL_TB;2024_08_BAL_CLE,2024_09_DEN_BAL;2024_10_CIN_BAL,2,0.12,0.0666666666667,0.537943296451,0.141392990963,-0.0250631831865,0.0921997409554,-0.0572171335477,2,0.031746031746,0.015873015873,0.619125025138,0.165480895916,-0.118711755911,0.0989209354568,-0.0494286672511,-0.088253968254,-0.0507936507937,0.0811817286874,0.024087904953,-0.0936485727243
bal,2024,10,False,00-0034796,Lamar Jackson,00-0034796,Lamar Jackson,2024_08_BAL_CLE;2024_09_DEN_BAL,2024_10_CIN_BAL;2024_11_BAL_PIT,2,0.114285714286,0.0571428571429,0.466528872376,0.169676700111,-0.0377247999074,0.092328148337,-0.0559554017396,2,0.0909090909091,0.025974025974,0.162823800523,0.161512319457,-0.0593952159392,0.102916779779,-0.0449060813422,-0.0233766233766,-0.0311688311688,-0.303705071853,-0.008164380655,-0.0216704160318
bal,2024,11,False,00-0034796,Lamar Jackson,00-0034796,Lamar Jackson,2024_09_DEN_BAL;2024_10_CIN_BAL,2024_11_BAL_PIT;2024_12_BAL_LAC,2,0.031746031746,0.015873015873,0.619125025138,0.165480895916,-0.118711755911,0.0989209354568,-0.0494286672511,2,0.126984126984,0.047619047619,0.0355663837419,0.165489592184,-0.0253033874224,0.106142992582,-0.0417068173078,0.0952380952381,0.031746031746,-0.583558641396,8.6962675e-06,0.0934083684884
bal,2024,12,False,00-0034796,Lamar Jackson,00-0034796,Lamar Jackson,2024_10_CIN_BAL;2024_11_BAL_PIT,2024_12_BAL_LAC;2024_13_PHI_BAL,2,0.0909090909091,0.025974025974,0.162823800523,0.161512319457,-0.0593952159392,0.102916779779,-0.0449060813422,2,0.114285714286,0.0571428571429,0.194243269538,0.153627622377,-0.0330293090702,0.108946885045,-0.0390935609559,0.0233766233766,0.0311688311688,0.0314194690155,-0.007884697079,0.026365906869
bal,2024,13,False,00-0034796,Lamar Jackson,00-0034796,Lamar Jackson,2024_11_BAL_PIT;2024_12_BAL_LAC,2024_13_PHI_BAL;2024_15_BAL_NYG,2,0.126984126984,0.047619047619,0.0355663837419,0.165489592184,-0.0253033874224,0.106142992582,-0.0417068173078,2,0.135135135135,0.0810810810811,0.401438346481,0.148351648351,-0.0108395652761,0.105162815527,-0.0424016129169,0.00815100815101,0.033462033462,0.365871962739,-0.017137943832,0.0144638221463
bal,2024,15,False,00-0034796,Lamar Jackson,00-0034796,Lamar Jackson,2024_12_BAL_LAC;2024_13_PHI_BAL,2024_15_BAL_NYG;2024_16_PIT_BAL,2,0.114285714286,0.0571428571429,0.194243269538,0.153627622377,-0.0330293090702,0.108946885045,-0.0390935609559,2,0.0740740740741,0.0740740740741,0.612603994445,0.161790017211,-0.0750333107604,0.104698598892,-0.042998250201,-0.0402116402116,0.0169312169312,0.418360724907,0.008162394834,-0.0420040016903
bal,2025,11,False,00-0034796,Lamar Jackson,00-0034796,Lamar Jackson,2025_09_BAL_MIA;2025_10_BAL_MIN,2025_11_BAL_CLE;2025_12_NYJ_BAL,2,0.126984126984,0.047619047619,0.19817784866,0.143156199678,-0.017323551733,0.168914440506,0.0221532268624,2,0.125,0.09375,-0.0918535835083,0.131252521178,-0.0140673513101,0.167323133906,0.0215678521766,-0.00198412698413,0.046130952381,-0.290031432169,-0.0119036785002,0.00325620042296
bal,2025,12,False,00-0034796,Lamar Jackson,00-0034796,Lamar Jackson,2025_10_BAL_MIN;2025_11_BAL_CLE,2025_12_NYJ_BAL;2025_13_CIN_BAL,2,0.161764705882,0.0882352941176,-0.176591463943,0.169140409065,0.0100081309279,0.166452129638,0.0207390995064,2,0.0833333333333,0.0555555555556,-0.217877268216,0.0948382809038,-0.0437846747462,0.163362399318,0.0192406879315,-0.078431372549,-0.0326797385621,-0.0412858042731,-0.0743021281616,-0.053792805674
bal,2025,13,False,00-0034796,Lamar Jackson,00-0034796,Lamar Jackson,2025_11_BAL_CLE;2025_12_NYJ_BAL,2025_13_CIN_BAL;2025_14_PIT_BAL,2,0.125,0.09375,-0.0918535835083,0.131252521178,-0.0140673513101,0.167323133906,0.0215678521766,2,0.120481927711,0.0602409638554,-0.264161237786,0.113475049541,-0.0130573593128,0.148925503577,0.00757936382936,-0.00451807228916,-0.0335090361446,-0.172307654277,-0.0177774716373,0.00100999199728
bal,2025,14,False,00-0034796,Lamar Jackson,00-0034796,Lamar Jackson,2025_12_NYJ_BAL;2025_13_CIN_BAL,2025_14_PIT_BAL;2025_15_BAL_CIN,2,0.0833333333333,0.0555555555556,-0.217877268216,0.0948382809038,-0.0437846747462,0.163362399318,0.0192406879315,2,0.161290322581,0.0967741935484,0.0221510054578,0.11577329423,0.0251201310626,0.143647872399,0.00412163075336,0.0779569892473,0.0412186379928,0.240028273673,0.020935013326,0.0689048058088
buf,2022,9,False,00-0034857,Josh Allen,00-0034857,Josh Allen,2022_06_BUF_KC;2022_08_GB_BUF,2022_09_BUF_NYJ;2022_10_MIN_BUF,2,0.0886075949367,0.0379746835443,0.27109161244,0.165295169947,-0.0587237025357,0.0925127928899,,2,0.126315789474,0.0736842105263,-0.00628469409979,0.162712365966,-0.0151382068774,0.0974181093754,,0.037708194537,0.035709526982,-0.27737630654,-0.002582803981,0.0435854956583
buf,2022,10,False,00-0034857,Josh Allen,00-0034857,Josh Allen,2022_08_GB_BUF;2022_09_BUF_NYJ,2022_10_MIN_BUF;2022_11_CLE_BUF,2,0.142857142857,0.0909090909091,-0.0171585030923,0.185677482245,-0.00653976319634,0.0919853667295,,2,0.0952380952381,0.047619047619,0.172535297716,0.117490310078,-0.0364945050117,0.103810853801,,-0.047619047619,-0.04329004329,0.189693800809,-0.0681871721675,-0.0299547418153
buf,2022,11,False,00-0034857,Josh Allen,00-0034857,Josh Allen,2022_09_BUF_NYJ;2022_10_MIN_BUF,2022_11_CLE_BUF;2022_12_BUF_DET,2,0.126315789474,0.0736842105263,-0.00628469409979,0.162712365966,-0.0151382068774,0.0974181093754,,2,0.141176470588,0.0588235294118,0.133588399348,0.111953883496,0.0080851231004,0.107834375931,-0.0221683241435,0.0148606811146,-0.0148606811146,0.139873093448,-0.05075848247,0.0232233299778
buf,2022,12,False,00-0034857,Josh Allen,00-0034857,Josh Allen,2022_10_MIN_BUF;2022_11_CLE_BUF,2022_12_BUF_DET;2022_13_BUF_NE,2,0.0952380952381,0.047619047619,0.172535297716,0.117490310078,-0.0364945050117,0.103810853801,,2,0.150537634409,0.0537634408602,0.198037791135,0.132886423178,0.0113583118019,0.109649122807,-0.0175035547727,0.0552995391705,0.00614439324117,0.0255024934183,0.0153961131005,0.0478528168136
buf,2022,13,False,00-0034857,Josh Allen,00-0034857,Josh Allen,2022_11_CLE_BUF;2022_12_BUF_DET,2022_13_BUF_NE;2022_14_NYJ_BUF,2,0.141176470588,0.0588235294118,0.133588399348,0.111953883496,0.0080851231004,0.107834375931,-0.0221683241435,2,0.155844155844,0.0649350649351,0.141708988265,0.177806292177,0.000898742271344,0.110140764891,-0.0113658044914,0.0146676852559,0.0061115355233,0.00812058891645,0.065852408682,-0.00718638082906
buf,2022,14,False,00-0034857,Josh Allen,00-0034857,Josh Allen,2022_12_BUF_DET;2022_13_BUF_NE,2022_14_NYJ_BUF;2022_15_MIA_BUF,2,0.150537634409,0.0537634408602,0.198037791135,0.132886423178,0.0113583118019,0.109649122807,-0.0175035547727,2,0.141176470588,0.0588235294118,0.118067373956,0.18265927162,-0.0137895697098,0.120035292878,-0.00954829653462,-0.00936116382037,0.00506008855155,-0.0799704171783,0.0497728484425,-0.0251478815117
buf,2022,15,False,00-0034857,Josh Allen,00-0034857,Josh Allen,2022_13_BUF_NE;2022_14_NYJ_BUF,2022_15_MIA_BUF;2022_16_BUF_CHI,2,0.155844155844,0.0649350649351,0.141708988265,0.177806292177,0.000898742271344,0.110140764891,-0.0113658044914,2,0.10843373494,0.0361445783133,0.145196997588,0.108403203604,-0.0252625271717,0.130359776654,-0.010036826654,-0.0474104209044,-0.0287904866218,0.00348800932321,-0.0694030885734,-0.0261612694431
buf,2022,16,False,00-0034857,Josh Allen,00-0034857,Josh Allen,2022_14_NYJ_BUF;2022_15_MIA_BUF,2022_16_BUF_CHI;2022_18_NE_BUF,2,0.141176470588,0.0588235294118,0.118067373956,0.18265927162,-0.0137895697098,0.120035292878,-0.00954829653462,2,0.0833333333333,0.0416666666667,0.103320459898,0.101171470259,-0.0473132714637,0.132548152004,-0.00952094307184,-0.0578431372549,-0.0171568627451,-0.0147469140582,-0.0814878013619,-0.0335237017538
buf,2023,3,False,00-0034857,Josh Allen,00-0034857,Josh Allen,2023_01_BUF_NYJ;2023_02_LV_BUF,2023_03_BUF_WAS;2023_04_MIA_BUF,2,0.119565217391,0.0760869565217,0.182382062756,0.177507598784,-0.0373431353418,0.127651323859,-0.0141447363128,2,0.0588235294118,0.0294117647059,0.487185429196,0.158809569301,-0.0905239380097,0.117911368636,-0.0291882830929,-0.0607416879795,-0.0466751918159,0.30480336644,-0.018698029483,-0.0531808026679
buf,2023,4,False,00-0034857,Josh Allen,00-0034857,Josh Allen,2023_02_LV_BUF;2023_03_BUF_WAS,2023_04_MIA_BUF;2023_05_JAX_BUF,2,0.0375,0.025,0.310356708677,0.156929981455,-0.11131862516,0.130636581413,-0.0144550234361,2,0.116883116883,0.025974025974,0.447202090068,0.170572596964,-0.0383072429333,0.107096344746,-0.0413658387044,0.0793831168831,0.000974025974026,0.136845381391,0.0136426155085,0.0730113822264
buf,2023,5,False,00-0034857,Josh Allen,00-0034857,Josh Allen,2023_03_BUF_WAS;2023_04_MIA_BUF,2023_05_JAX_BUF;2023_06_NYG_BUF,2,0.0588235294118,0.0294117647059,0.487185429196,0.158809569301,-0.0905239380097,0.117911368636,-0.0291882830929,2,0.0864197530864,0,0.108766526694,0.157511940947,-0.0652572672106,0.102509188783,-0.0459818339044,0.0275962236747,-0.0294117647059,-0.378418902502,-0.0012976283545,0.0252666707991
buf,2023,6,False,00-0034857,Josh Allen,00-0034857,Josh Allen,2023_04_MIA_BUF;2023_05_JAX_BUF,2023_06_NYG_BUF;2023_07_BUF_NE,2,0.116883116883,0.025974025974,0.447202090068,0.170572596964,-0.0383072429333,0.107096344746,-0.0413658387044,2,0.0843373493976,0.0120481927711,0.112440239074,0.123892320085,-0.0538689230214,0.0951871501013,-0.0528389022426,-0.0325457674855,-0.0139258332029,-0.334761850994,-0.0466802768785,-0.0155616800881
buf,2023,7,False,00-0034857,Josh Allen,00-0034857,Josh Allen,2023_05_JAX_BUF;2023_06_NYG_BUF,2023_07_BUF_NE;2023_08_TB_BUF,2,0.0864197530864,0,0.108766526694,0.157511940947,-0.0652572672106,0.102509188783,-0.0459818339044,2,0.0947368421053,0.0315789473684,0.146636366961,0.122915333546,-0.0430672156179,0.0921290461256,-0.0564693775568,0.00831708901884,0.0315789473684,0.0378698402663,-0.0345966074,0.0221900515927
buf,2023,8,False,00-0034857,Josh Allen,00-0034857,Josh Allen,2023_06_NYG_BUF;2023_07_BUF_NE,2023_08_TB_BUF;2023_09_BUF_CIN,2,0.0843373493976,0.0120481927711,0.112440239074,0.123892320085,-0.0538689230214,0.0951871501013,-0.0528389022426,2,0.0869565217391,0.0326086956522,0.0369208855197,0.15598398516,-0.0619024546805,0.0935315640018,-0.0554891801151,0.00261917234154,0.0205605028811,-0.0755193535543,0.032091665075,-0.00803353165912
buf,2023,9,False,00-0034857,Josh Allen,00-0034857,Josh Allen,2023_07_BUF_NE;2023_08_TB_BUF,2023_09_BUF_CIN;2023_10_DEN_BUF,2,0.0947368421053,0.0315789473684,0.146636366961,0.122915333546,-0.0430672156179,0.0921290461256,-0.0564693775568,2,0.108108108108,0.0135135135135,-0.11911099502,0.162509441087,-0.0444749811453,0.0867936029833,-0.0613914156563,0.0133712660028,-0.0180654338549,-0.265747361981,0.039594107541,-0.00140776552734
buf,2023,10,False,00-0034857,Josh Allen,00-0034857,Josh Allen,2023_08_TB_BUF;2023_09_BUF_CIN,2023_10_DEN_BUF;2023_11_NYJ_BUF,2,0.0869565217391,0.0326086956522,0.0369208855197,0.15598398516,-0.0619024546805,0.0935315640018,-0.0554891801151,2,0.10447761194,0.0149253731343,0.0537725083827,0.166245860927,-0.0487173386645,0.0846878078351,-0.0627620847285,0.0175210902012,-0.0176833225178,0.016851622863,0.0102618757665,0.013185116016
buf,2023,11,False,00-0034857,Josh Allen,00-0034857,Josh Allen,2023_09_BUF_CIN;2023_10_DEN_BUF,2023_11_NYJ_BUF;2023_12_BUF_PHI,2,0.108108108108,0.0135135135135,-0.11911099502,0.162509441087,-0.0444749811453,0.0867936029833,-0.0613914156563,2,0.0816326530612,0.0204081632653,0.294489559168,0.179048280282,-0.0739603248812,0.0926144989255,-0.0552712559955,-0.0264754550469,0.00689464975179,0.413600554189,0.0165388391945,-0.0294853437359
buf,2023,12,False,00-0034857,Josh Allen,00-0034857,Josh Allen,2023_10_DEN_BUF;2023_11_NYJ_BUF,2023_12_BUF_PHI;2023_14_BUF_KC,2,0.10447761194,0.0149253731343,0.0537725083827,0.166245860927,-0.0487173386645,0.0846878078351,-0.0627620847285,2,0.127272727273,0.0363636363636,0.119355749599,0.175737022004,-0.0274297685771,0.0945663531871,-0.0542894096568,0.0227951153324,0.0214382632293,0.0655832412166,0.009491161077,0.0212875700874
buf,2023,14,False,00-0034857,Josh Allen,00-0034857,Josh Allen,2023_11_NYJ_BUF;2023_12_BUF_PHI,2023_14_BUF_KC;2023_15_DAL_BUF,2,0.0816326530612,0.0204081632653,0.294489559168,0.179048280282,-0.0739603248812,0.0926144989255,-0.0552712559955,2,0.194444444444,0.0555555555556,0.0214041092925,0.168332329921,0.0402905371307,0.0971133751307,-0.0519785402788,0.112811791383,0.0351473922902,-0.273085449876,-0.0107159503605,0.114250862012
buf,2023,15,False,00-0034857,Josh Allen,00-0034857,Josh Allen,2023_12_BUF_PHI;2023_14_BUF_KC,2023_15_DAL_BUF;2023_16_BUF_LAC,2,0.127272727273,0.0363636363636,0.119355749599,0.175737022004,-0.0274297685771,0.0945663531871,-0.0542894096568,2,0.127659574468,0.0425531914894,0.226926134974,0.132487451199,-0.0124747688249,0.108658487531,-0.0406633842022,0.000386847195358,0.00618955512573,0.107570385375,-0.043249570805,0.0149549997522
buf,2023,16,False,00-0034857,Josh Allen,00-0034857,Josh Allen,2023_14_BUF_KC;2023_15_DAL_BUF,2023_16_BUF_LAC;2023_17_NE_BUF,2,0.194444444444,0.0555555555556,0.0214041092925,0.168332329921,0.0402905371307,0.0971133751307,-0.0519785402788,2,0.0983606557377,0.0327868852459,0.0453344833725,0.109786995313,-0.0346511129189,0.11290187073,-0.0371781348888,-0.0960837887067,-0.0227686703097,0.02393037408,-0.0585453346085,-0.0749416500497
buf,2023,17,False,00-0034857,Josh Allen,00-0034857,Josh Allen,2023_15_DAL_BUF;2023_16_BUF_LAC,2023_17_NE_BUF;2023_18_BUF_MIA,2,0.127659574468,0.0425531914894,0.226926134974,0.132487451199,-0.0124747688249,0.108658487531,-0.0406633842022,2,0.16049382716,0.0493827160494,0.0555651478775,0.158673217758,0.00797830355117,0.114396140278,-0.0358646352597,0.0328342526924,0.00682952456002,-0.171360987096,0.0261857665595,0.020453072376
buf,2024,7,False,00-0034857,Josh Allen,00-0034857,Josh Allen,2024_05_BUF_HOU;2024_06_BUF_NYJ,2024_07_TEN_BUF;2024_08_BUF_SEA,2,0.152777777778,0.0416666666667,0.19232944196,0.178941258416,-0.00393468230608,0.126253989968,-0.0217105298013,2,0.0526315789474,0.0263157894737,0.359432023301,0.133251905185,-0.0894028169642,0.127208480565,-0.0229579711985,-0.10014619883,-0.015350877193,0.167102581342,-0.0456893532314,-0.0854681346582
buf,2024,8,False,00-0034857,Josh Allen,00-0034857,Josh Allen,2024_06_BUF_NYJ;2024_07_TEN_BUF,2024_08_BUF_SEA;2024_09_MIA_BUF,2,0.0833333333333,0.0416666666667,0.348381864433,0.125859066636,-0.0552472698531,0.12978071087,-0.0199845247184,2,0.0344827586207,0.0229885057471,0.304660551216,0.160519443583,-0.115518022464,0.112165391362,-0.0365521744355,-0.0488505747126,-0.0186781609195,-0.0437213132172,0.0346603769474,-0.0602707526105
buf,2024,9,False,00-0034857,Josh Allen,00-0034857,Josh Allen,2024_07_TEN_BUF;2024_08_BUF_SEA,2024_09_MIA_BUF;2024_10_BUF_IND,2,0.0526315789474,0.0263157894737,0.359432023301,0.133251905185,-0.0894028169642,0.127208480565,-0.0229579711985,2,0.0898876404494,0.0337078651685,0.0746263786317,0.136082358236,-0.0521766988713,0.0947940277915,-0.053977436514,0.0372560615021,0.00739207569486,-0.28480564467,0.0028304530509,0.037226118093
buf,2024,10,False,00-0034857,Josh Allen,00-0034857,Josh Allen,2024_08_BUF_SEA;2024_09_MIA_BUF,2024_10_BUF_IND;2024_11_KC_BUF,2,0.0344827586207,0.0229885057471,0.304660551216,0.160519443583,-0.115518022464,0.112165391362,-0.0365521744355,2,0.1,0.0222222222222,0.105803499262,0.163649698303,-0.0515309254518,0.0970265275059,-0.0512990337273,0.0655172413793,-0.000766283524904,-0.198857051954,0.00313025472,0.0639870970119
buf,2025,5,False,00-0034857,Josh Allen,00-0034857,Josh Allen,2025_03_MIA_BUF;2025_04_NO_BUF,2025_05_NE_BUF;2025_06_BUF_ATL,2,0.142857142857,0.0793650793651,0.313212259502,0.119238547881,0.00745938101711,0.0577484742807,-0.080729237722,2,0.1375,0.0625,0.0563237174726,0.111707512549,0.00528908270531,0.0842945874002,-0.0514619233348,-0.00535714285714,-0.0168650793651,-0.25688854203,-0.0075310353324,-0.0021702983118
buf,2025,11,False,00-0034857,Josh Allen,00-0034857,Josh Allen,2025_09_KC_BUF;2025_10_BUF_MIA,2025_11_TB_BUF;2025_12_BUF_HOU,2,0.166666666667,0.0769230769231,0.21135572157,0.137665111129,0.0264415950049,0.110751915709,-0.0251294245903,2,0.164556962025,0.101265822785,0.0312177896114,0.149158887835,0.0200766054751,0.133451957295,-0.00216923973494,-0.00210970464135,0.0243427458617,-0.180137931959,0.011493776706,-0.00636498952978
buf,2025,12,False,00-0034857,Josh Allen,00-0034857,Josh Allen,2025_10_BUF_MIA;2025_11_TB_BUF,2025_12_BUF_HOU;2025_13_BUF_PIT,2,0.0987654320988,0.037037037037,0.252980231602,0.143794040948,-0.0434930701859,0.126643436141,-0.00891013985192,2,0.180555555556,0.111111111111,-0.0791514276962,0.146170015403,0.0372435679946,0.146315750987,0.00914095189113,0.0817901234568,0.0740740740741,-0.332131659298,0.002375974455,0.0807366381805
buf,2025,13,False,00-0034857,Josh Allen,00-0034857,Josh Allen,2025_11_TB_BUF;2025_12_BUF_HOU,2025_13_BUF_PIT;2025_14_CIN_BUF,2,0.164556962025,0.101265822785,0.0312177896114,0.149158887835,0.0200766054751,0.133451957295,-0.00216923973494,2,0.0923076923077,0.0461538461538,0.502434327786,0.132425418241,-0.0461044110117,0.151169107227,0.0130332352658,-0.0722492697176,-0.055111976631,0.471216538174,-0.016733469594,-0.0661810164867
buf,2025,14,False,00-0034857,Josh Allen,00-0034857,Josh Allen,2025_12_BUF_HOU;2025_13_BUF_PIT,2025_14_CIN_BUF;2025_15_BUF_NE,2,0.180555555556,0.111111111111,-0.0791514276962,0.146170015403,0.0372435679946,0.146315750987,0.00914095189113,2,0.121621621622,0.0675675675676,0.504719211414,0.118335191057,-0.0132779297448,0.142619479734,0.003520021316,-0.0589339339339,-0.0435435435435,0.58387063911,-0.027834824346,-0.0505214977394
buf,2025,15,False,00-0034857,Josh Allen,00-0034857,Josh Allen,2025_13_BUF_PIT;2025_14_CIN_BUF,2025_15_BUF_NE;2025_16_BUF_CLE,2,0.0923076923077,0.0461538461538,0.502434327786,0.132425418241,-0.0461044110117,0.151169107227,0.0130332352658,2,0.152542372881,0.0677966101695,0.0581307848773,0.184946486738,-0.000591110583318,0.140591796392,0.00107353365011,0.0602346805737,0.0216427640156,-0.444303542908,0.052521068497,0.0455133004283
buf,2025,16,False,00-0034857,Josh Allen,00-0034857,Josh Allen,2025_14_CIN_BUF;2025_15_BUF_NE,2025_16_BUF_CLE;2025_17_PHI_BUF,2,0.121621621622,0.0675675675676,0.504719211414,0.118335191057,-0.0132779297448,0.142619479734,0.003520021316,2,0.164179104478,0.10447761194,-0.208885765607,0.21611295681,-0.00139436393927,0.141615708486,-8.2163237659e-06,0.042557482856,0.0369100443727,-0.713604977021,0.0977777657535,0.0118835658055
car,2022,3,False,00-0034855,Baker Mayfield,00-0034855,Baker Mayfield,2022_01_CLE_CAR;2022_02_CAR_NYG,2022_03_NO_CAR;2022_04_ARI_CAR,2,0.133333333333,0.08,-0.122061309982,,,,,2,0.134328358209,0.0746268656716,-0.261881684085,,,,,0.000995024875622,-0.00537313432836,-0.139820374103,,
car,2022,15,False,00-0034869,Sam Darnold,00-0034869,Sam Darnold,2022_12_DEN_CAR;2022_14_CAR_SEA,2022_15_PIT_CAR;2022_16_DET_CAR,2,0.125,0.0416666666667,0.115691249833,0.138177843593,-0.0165026846094,0.125338289963,-0.0342242562326,2,0.109090909091,0.0727272727273,0.491557657829,0.136351654145,-0.0307702024013,0.114895139124,-0.0226051618709,-0.0159090909091,0.0310606060606,0.375866407996,-0.0018261894485,-0.014267517792
car,2022,16,False,00-0034869,Sam Darnold,00-0034869,Sam Darnold,2022_14_CAR_SEA;2022_15_PIT_CAR,2022_16_DET_CAR;2022_17_CAR_TB,2,0.172413793103,0.103448275862,0.215805215861,0.134363469641,0.033204015911,0.119066079295,-0.0319258918329,2,0.0882352941176,0.0294117647059,0.382307330088,0.151605719644,-0.0571089800096,0.112795161524,-0.022783532978,-0.0841784989858,-0.0740365111562,0.166502114227,0.017242250002,-0.0903129959206
car,2022,17,False,00-0034869,Sam Darnold,00-0034869,Sam Darnold,2022_15_PIT_CAR;2022_16_DET_CAR,2022_17_CAR_TB;2022_18_CAR_NO,2,0.109090909091,0.0727272727273,0.491557657829,0.136351654145,-0.0307702024013,0.114895139124,-0.0226051618709,2,0.125,0.0625,0.00480030121719,0.147844145569,-0.0200211697443,0.114147536294,-0.0230573181252,0.0159090909091,-0.0102272727273,-0.486757356612,0.0114924914245,0.010749032657
car,2023,6,False,00-0039150,Bryce Young,00-0039150,Bryce Young,2023_04_MIN_CAR;2023_05_CAR_DET,2023_06_CAR_MIA;2023_08_HOU_CAR,2,0.131868131868,0.0659340659341,-0.0890051467893,0.145919296117,-0.0145572309388,0.143095238095,-0.000798244875075,2,0.215909090909,0.113636363636,-0.0957106681075,0.150987375762,0.0677982030754,0.144272113022,-0.00237746804607,0.084040959041,0.0477022977023,-0.00670552131816,0.005068079646,0.0823554340142
car,2023,8,False,00-0039150,Bryce Young,00-0039150,Bryce Young,2023_05_CAR_DET;2023_06_CAR_MIA,2023_08_HOU_CAR;2023_09_IND_CAR,2,0.163043478261,0.054347826087,-0.0973829069721,0.175517667173,0.00624565700621,0.138996138996,-0.00563686614679,2,0.184782608696,0.108695652174,-0.180592553422,0.13389949254,0.0432714975311,0.158857519959,0.0118720768238,0.0217391304348,0.054347826087,-0.0832096464503,-0.041618174634,0.0370258405249
car,2023,9,False,00-0039150,Bryce Young,00-0039150,Bryce Young,2023_06_CAR_MIA;2023_08_HOU_CAR,2023_09_IND_CAR;2023_10_CAR_CHI,2,0.215909090909,0.113636363636,-0.0957106681075,0.150987375762,0.0677982030754,0.144272113022,-0.00237746804607,2,0.168421052632,0.0736842105263,-0.256840062422,0.124146695715,0.0304500535673,0.165047711346,0.01858356921,-0.0474880382775,-0.03995215311,-0.161129394314,-0.0268406800473,-0.0373481495081
car,2023,10,False,00-0039150,Bryce Young,00-0039150,Bryce Young,2023_08_HOU_CAR;2023_09_IND_CAR,2023_10_CAR_CHI;2023_11_DAL_CAR,2,0.184782608696,0.108695652174,-0.180592553422,0.13389949254,0.0432714975311,0.158857519959,0.0118720768238,2,0.238095238095,0.119047619048,-0.264772958778,0.112103294926,0.10491708227,0.166884238154,0.0209026307925,0.0533126293996,0.0103519668737,-0.0841804053558,-0.0217961976133,0.0616455847389
car,2023,11,False,00-0039150,Bryce Young,00-0039150,Bryce Young,2023_09_IND_CAR;2023_10_CAR_CHI,2023_11_DAL_CAR;2023_12_CAR_TEN,2,0.168421052632,0.0736842105263,-0.256840062422,0.124146695715,0.0304500535673,0.165047711346,0.01858356921,2,0.20987654321,0.135802469136,-0.206638351474,0.123573883162,0.0718471945407,0.174175177705,0.0291946479665,0.0414554905783,0.0621182586095,0.0502017109477,-0.0005728125537,0.0413971409734
car,2023,12,False,00-0039150,Bryce Young,00-0039150,Bryce Young,2023_10_CAR_CHI;2023_11_DAL_CAR,2023_12_CAR_TEN;2023_13_CAR_TB,2,0.238095238095,0.119047619048,-0.264772958778,0.112103294926,0.10491708227,0.166884238154,0.0209026307925,2,0.123456790123,0.0987654320988,-0.0479685180523,0.116686046511,-0.0124365812158,0.180326521463,0.0366975220251,-0.114638447972,-0.0202821869489,0.216804440726,0.0045827515853,-0.117353663486
car,2023,13,False,00-0039150,Bryce Young,00-0039150,Bryce Young,2023_11_DAL_CAR;2023_12_CAR_TEN,2023_13_CAR_TB;2023_14_CAR_NO,2,0.20987654321,0.135802469136,-0.206638351474,0.123573883162,0.0718471945407,0.174175177705,0.0291946479665,2,0.146341463415,0.0975609756098,-0.392617577418,0.105808853529,0.0149027943191,0.17896605997,0.0365178536324,-0.0635350797952,-0.038241493526,-0.185979225943,-0.0177650296324,-0.0569444002215
car,2023,14,False,00-0039150,Bryce Young,00-0039150,Bryce Young,2023_12_CAR_TEN;2023_13_CAR_TB,2023_14_CAR_NO;2023_15_ATL_CAR,2,0.123456790123,0.0987654320988,-0.0479685180523,0.116686046511,-0.0124365812158,0.180326521463,0.0366975220251,2,0.171052631579,0.0921052631579,-0.359718699866,0.115892993353,0.0368978997123,0.181310764033,0.0406873435511,0.0475958414555,-0.00666016894087,-0.311750181814,-0.00079305315845,0.0493344809281
car,2023,15,False,00-0039150,Bryce Young,00-0039150,Bryce Young,2023_13_CAR_TB;2023_14_CAR_NO,2023_15_ATL_CAR;2023_16_GB_CAR,2,0.146341463415,0.0975609756098,-0.392617577418,0.105808853529,0.0149027943191,0.17896605997,0.0365178536324,2,0.211267605634,0.0704225352113,0.189452272817,0.140018593979,0.0675370020491,0.182575639223,0.0448860594774,0.0649261422192,-0.0271384403985,0.582069850234,0.03420974045,0.05263420773
car,2023,16,False,00-0039150,Bryce Young,00-0039150,Bryce Young,2023_14_CAR_NO;2023_15_ATL_CAR,2023_16_GB_CAR;2023_17_CAR_JAX,2,0.171052631579,0.0921052631579,-0.359718699866,0.115892993353,0.0368978997123,0.181310764033,0.0406873435511,2,0.227848101266,0.101265822785,-0.102511385446,0.152866242039,0.0804702813223,0.181275500425,0.0442935534404,0.0567954696869,0.00916055962692,0.25720731442,0.0369732486855,0.04357238161
car,2023,17,False,00-0039150,Bryce Young,00-0039150,Bryce Young,2023_15_ATL_CAR;2023_16_GB_CAR,2023_17_CAR_JAX;2023_18_TB_CAR,2,0.211267605634,0.0704225352113,0.189452272817,0.140018593979,0.0675370020491,0.182575639223,0.0448860594774,2,0.190476190476,0.142857142857,-0.533646311524,0.136802585128,0.0468122783903,0.186497910334,0.0488963484018,-0.0207914151576,0.0724346076459,-0.72309858434,-0.003216008851,-0.0207247236588
car,2024,10,False,00-0039150,Bryce Young,00-0039150,Bryce Young,2024_08_CAR_DEN;2024_09_NO_CAR,2024_10_NYG_CAR;2024_12_KC_CAR,2,0.12,0.04,-0.0433042384404,0.146110188262,-0.0278289749058,0.111735261402,-0.0332945462555,2,0.152777777778,0.0416666666667,0.059497100195,0.198144329897,-0.00870104930852,0.114106505411,-0.0336213577201,0.0327777777778,0.00166666666667,0.102801338635,0.0520341416355,0.0191279255973
car,2024,12,False,00-0039150,Bryce Young,00-0039150,Bryce Young,2024_09_NO_CAR;2024_10_NYG_CAR,2024_12_KC_CAR;2024_13_TB_CAR,2,0.133333333333,0.0333333333333,-0.0184397577827,0.155683089587,-0.0141388603709,0.110022656166,-0.0364950742471,2,0.189473684211,0.0315789473684,0.178484756848,0.172429378531,0.0365052773578,0.121003095836,-0.0286879096713,0.0561403508772,-0.00175438596491,0.196924514631,0.016746288944,0.0506441377287
car,2024,13,False,00-0039150,Bryce Young,00-0039150,Bryce Young,2024_10_NYG_CAR;2024_12_KC_CAR,2024_13_TB_CAR;2024_14_CAR_PHI,2,0.152777777778,0.0416666666667,0.059497100195,0.198144329897,-0.00870104930852,0.114106505411,-0.0336213577201,2,0.2,0.0210526315789,0.113620062703,0.164001705575,0.0499654284683,0.137243935606,-0.0126996258909,0.0472222222222,-0.0206140350877,0.0541229625082,-0.034142624322,0.0586664777768
car,2024,14,False,00-0039150,Bryce Young,00-0039150,Bryce Young,2024_12_KC_CAR;2024_13_TB_CAR,2024_14_CAR_PHI;2024_15_DAL_CAR,2,0.189473684211,0.0315789473684,0.178484756848,0.172429378531,0.0365052773578,0.121003095836,-0.0286879096713,2,0.211764705882,0.0823529411765,-0.0332422818536,0.169321244793,0.0601388693987,0.146824636478,-0.00311606500194,0.0222910216718,0.050773993808,-0.211727038702,-0.003108133738,0.023633592041
car,2024,15,False,00-0039150,Bryce Young,00-0039150,Bryce Young,2024_13_TB_CAR;2024_14_CAR_PHI,2024_15_DAL_CAR;2024_16_ARI_CAR,2,0.2,0.0210526315789,0.113620062703,0.164001705575,0.0499654284683,0.137243935606,-0.0126996258909,2,0.168831168831,0.116883116883,0.0411505265225,0.154509042359,0.0212305996865,0.155267795162,0.00426937789354,-0.0311688311688,0.0958304853042,-0.0724695361807,-0.0094926632155,-0.0287348287817
car,2024,16,False,00-0039150,Bryce Young,00-0039150,Bryce Young,2024_14_CAR_PHI;2024_15_DAL_CAR,2024_16_ARI_CAR;2024_17_CAR_TB,2,0.211764705882,0.0823529411765,-0.0332422818536,0.169321244793,0.0601388693987,0.146824636478,-0.00311606500194,2,0.140845070423,0.112676056338,0.121801676188,0.153908486846,-0.00614300005044,0.165111259571,0.0135429814744,-0.0709196354598,0.0303231151616,0.155043958041,-0.0154127579475,-0.0662818694492
car,2024,17,False,00-0039150,Bryce Young,00-0039150,Bryce Young,2024_15_DAL_CAR;2024_16_ARI_CAR,2024_17_CAR_TB;2024_18_CAR_ATL,2,0.168831168831,0.116883116883,0.0411505265225,0.154509042359,0.0212305996865,0.155267795162,0.00426937789354,2,0.0909090909091,0.0649350649351,0.287244778832,0.151299691478,-0.0544248829112,0.168321422452,0.0174777504935,-0.0779220779221,-0.0519480519481,0.24609425231,-0.0032093508815,-0.0756554825977
car,2025,11,False,00-0039150,Bryce Young,00-0039150,Bryce Young,2025_09_CAR_GB;2025_10_NO_CAR,2025_11_CAR_ATL;2025_12_CAR_SF,2,0.0909090909091,0.0545454545455,-0.0697359228653,0.15074730227,-0.0542228504699,0.161233115283,0.028482429979,2,0.149425287356,0.0689655172414,0.0543358080897,0.120535714286,0.0110713383494,0.162157294377,0.0247562489926,0.0585161964472,0.0144200626959,0.124071730955,-0.0302115879841,0.0652941888193
car,2025,12,False,00-0039150,Bryce Young,00-0039150,Bryce Young,2025_10_NO_CAR;2025_11_CAR_ATL,2025_12_CAR_SF;2025_13_LA_CAR,2,0.16049382716,0.0864197530864,0.103188124766,0.15236318408,0.0131119149118,0.158483680812,0.0232774501298,2,0.0833333333333,0.05,0.0832370306817,0.10964556277,-0.0464481990696,0.168139097745,0.0301246223562,-0.0771604938272,-0.0364197530864,-0.019951094084,-0.0427176213096,-0.0595601139814
car,2025,13,False,00-0039150,Bryce Young,00-0039150,Bryce Young,2025_11_CAR_ATL;2025_12_CAR_SF,2025_13_LA_CAR;2025_15_CAR_NO,2,0.149425287356,0.0689655172414,0.0543358080897,0.120535714286,0.0110713383494,0.162157294377,0.0247562489926,2,0.0892857142857,0.0535714285714,0.443472322374,0.132684145674,-0.0499576052505,0.160996240602,0.0225492240124,-0.0601395730706,-0.01539408867,0.389136514284,0.0121484313876,-0.0610289435999
car,2025,15,False,00-0039150,Bryce Young,00-0039150,Bryce Young,2025_12_CAR_SF;2025_13_LA_CAR,2025_15_CAR_NO;2025_16_TB_CAR,2,0.0833333333333,0.05,0.0832370306817,0.10964556277,-0.0464481990696,0.168139097745,0.0301246223562,2,0.176470588235,0.0441176470588,0.202499702248,0.12545835516,0.0388868084478,0.149558375493,0.0104760817538,0.093137254902,-0.00588235294118,0.119262671567,0.0158127923896,0.0853350075174
car,2025,16,False,00-0039150,Bryce Young,00-0039150,Bryce Young,2025_13_LA_CAR;2025_15_CAR_NO,2025_16_TB_CAR;2025_17_SEA_CAR,2,0.0892857142857,0.0535714285714,0.443472322374,0.132684145674,-0.0499576052505,0.160996240602,0.0225492240124,2,0.191176470588,0.0588235294118,-0.193228183361,0.146257146656,0.0468369586142,0.148983243633,0.0092641309137,0.101890756303,0.00525210084034,-0.636700505735,0.0135730009825,0.0967945638647
car,2025,17,False,00-0039150,Bryce Young,00-0039150,Bryce Young,2025_15_CAR_NO;2025_16_TB_CAR,2025_17_SEA_CAR;2025_18_CAR_TB,2,0.176470588235,0.0441176470588,0.202499702248,0.12545835516,0.0388868084478,0.149558375493,0.0104760817538,2,0.0735294117647,0.0294117647059,-0.168949087757,0.145725070037,-0.070688696251,0.144161710246,0.00318259924556,-0.102941176471,-0.0147058823529,-0.371448790005,0.020266714877,-0.109575504699
chi,2022,3,False,00-0036945,Justin Fields,00-0036945,Justin Fields,2022_01_SF_CHI;2022_02_CHI_GB,2022_03_HOU_CHI;2022_04_CHI_NYG,2,0.2,0.125,-0.127123758202,,,,,2,0.274193548387,0.177419354839,-0.0339617524355,,,,,0.0741935483871,0.0524193548387,0.093162005767,,
chi,2022,4,False,00-0036945,Justin Fields,00-0036945,Justin Fields,2022_02_CHI_GB;2022_03_HOU_CHI,2022_04_CHI_NYG;2022_05_CHI_MIN,2,0.309523809524,0.190476190476,-0.26271390704,,,,,2,0.179104477612,0.119402985075,0.156490753946,0.1,,0.245098039216,,-0.130419331912,-0.0710732054016,0.419204660987,,
chi,2022,5,False,00-0036945,Justin Fields,00-0036945,Justin Fields,2022_03_HOU_CHI;2022_04_CHI_NYG,2022_05_CHI_MIN;2022_06_WAS_CHI,2,0.274193548387,0.177419354839,-0.0339617524355,,,,,2,0.197368421053,0.0921052631579,0.0128306339833,0.160256410257,,0.227812177502,,-0.0768251273345,-0.0853140916808,0.0467923864188,,
chi,2022,6,False,00-0036945,Justin Fields,00-0036945,Justin Fields,2022_04_CHI_NYG;2022_05_CHI_MIN,2022_06_WAS_CHI;2022_07_CHI_NE,2,0.179104477612,0.119402985075,0.156490753946,0.1,,0.245098039216,,2,0.222222222222,0.125,-0.0523446371332,0.179876663421,0.0134973249842,0.217622708457,,0.0431177446103,0.00559701492537,-0.208835391079,0.079876663421,
chi,2023,3,False,00-0036945,Justin Fields,00-0036945,Justin Fields,2023_01_GB_CHI;2023_02_CHI_TB,2023_03_CHI_KC;2023_04_DEN_CHI,2,0.183908045977,0.114942528736,-0.165813131508,0.155951138932,0.0347470545017,0.153680900071,0.0105757020439,2,0.208333333333,0.0972222222222,-0.110113459793,0.123819623289,0.0722578651395,0.166365824308,0.0200433438947,0.0244252873563,-0.0177203065134,0.0556996717149,-0.0321315156428,0.0375108106378
chi,2023,4,False,00-0036945,Justin Fields,00-0036945,Justin Fields,2023_02_CHI_TB;2023_03_CHI_KC,2023_04_DEN_CHI;2023_05_CHI_WAS,2,0.227272727273,0.136363636364,-0.405216347731,0.157482685937,0.0776665163308,0.158700980392,0.0129755948689,2,0.25,0.0921052631579,0.303989887232,0.122597364445,0.113090957687,0.174097783071,0.0295206040572,0.0227272727273,-0.0442583732057,0.709206234963,-0.0348853214923,0.0354244413562
chi,2023,9,False,00-0038416,Tyson Bagent,00-0038416,Tyson Bagent,2023_07_LV_CHI;2023_08_CHI_LAC,2023_09_CHI_NO;2023_10_CAR_CHI,2,0.0694444444444,0.0416666666667,-0.0224705334925,0.119522222568,-0.0680526403241,0.197556228374,0.0550461099935,2,0.102564102564,0.025641025641,-0.100561823148,0.1322605638,-0.0384366472647,0.178386428386,0.0367713153337,0.0331196581197,-0.0160256410256,-0.0780912896556,0.012738341232,0.0296159930594
chi,2023,14,False,00-0036945,Justin Fields,00-0036945,Justin Fields,2023_11_CHI_DET;2023_12_CHI_MIN,2023_14_DET_CHI;2023_15_CHI_CLE,2,0.142857142857,0.0649350649351,-0.0255312481621,0.142295873573,-0.00139680371359,0.153467465754,0.0136708329528,2,0.166666666667,0.0666666666667,-0.0368005502456,0.144330709548,0.0219678724933,0.135755343991,-0.00603605885307,0.0238095238095,0.0017316017316,-0.0112693020835,0.002034835975,0.0233646762069
chi,2023,15,False,00-0036945,Justin Fields,00-0036945,Justin Fields,2023_12_CHI_MIN;2023_14_DET_CHI,2023_15_CHI_CLE;2023_16_ARI_CHI,2,0.170454545455,0.0681818181818,-0.000230547940909,0.143009035092,0.0266033211795,0.14530833606,0.00447191171569,2,0.0975609756098,0.0487804878049,-0.162213071071,0.13923883025,-0.0461002533235,0.127303669268,-0.0143902545923,-0.0728935698448,-0.0194013303769,-0.16198252313,-0.003770204842,-0.072703574503
chi,2023,16,False,00-0036945,Justin Fields,00-0036945,Justin Fields,2023_14_DET_CHI;2023_15_CHI_CLE,2023_16_ARI_CHI;2023_17_ATL_CHI,2,0.166666666667,0.0666666666667,-0.0368005502456,0.144330709548,0.0219678724933,0.135755343991,-0.00603605885307,2,0.0921052631579,0.0526315789474,0.113598684316,0.128985252809,-0.047353271191,0.119326695584,-0.0230315187998,-0.0745614035088,-0.0140350877193,0.150399234562,-0.015345456739,-0.0693211436843
chi,2023,17,False,00-0036945,Justin Fields,00-0036945,Justin Fields,2023_15_CHI_CLE;2023_16_ARI_CHI,2023_17_ATL_CHI;2023_18_CHI_GB,2,0.0975609756098,0.0487804878049,-0.162213071071,0.13923883025,-0.0461002533235,0.127303669268,-0.0143902545923,2,0.171875,0.125,0.136965339808,0.158959651899,0.0241751389376,0.121675428349,-0.0208866460686,0.0743140243902,0.0762195121951,0.299178410879,0.0197208216485,0.0702753922611
chi,2024,3,False,00-0039918,Caleb Williams,00-0039918,Caleb Williams,2024_01_TEN_CHI;2024_02_CHI_HOU,2024_03_CHI_IND;2024_04_LA_CHI,2,0.174418604651,0.104651162791,-0.261339980471,0.148589846898,0.0255356274255,0.138394892841,-0.0053917646605,2,0.0989010989011,0.0769230769231,0.0108260364549,0.133228908324,-0.0445881235214,0.148204291045,0.00207243789759,-0.0755175057501,-0.0277280858676,0.272166016926,-0.0153609385745,-0.0701237509469
chi,2024,4,False,00-0039918,Caleb Williams,00-0039918,Caleb Williams,2024_02_CHI_HOU;2024_03_CHI_IND,2024_04_LA_CHI;2024_05_CAR_CHI,2,0.153153153153,0.0990990990991,-0.129557871315,0.172192266589,-0.000917080133726,0.146329941861,0.00189029910956,2,0.0714285714286,0.0571428571429,0.299722379278,0.105602320826,-0.0603202465994,0.138205258537,-0.00786597209846,-0.0817245817246,-0.0419562419562,0.429280250593,-0.0665899457635,-0.0594031664657
chi,2024,5,False,00-0039918,Caleb Williams,00-0039918,Caleb Williams,2024_03_CHI_IND;2024_04_LA_CHI,2024_05_CAR_CHI;2024_06_JAX_CHI,2,0.0989010989011,0.0769230769231,0.0108260364549,0.133228908324,-0.0445881235214,0.148204291045,0.00207243789759,2,0.0909090909091,0.0519480519481,0.490641925362,0.114185816483,-0.0440224767283,0.12688092781,-0.0178034916093,-0.00799200799201,-0.024975024975,0.479815888907,-0.01904309184,0.000565646793117
chi,2024,6,False,00-0039918,Caleb Williams,00-0039918,Caleb Williams,2024_04_LA_CHI;2024_05_CAR_CHI,2024_06_JAX_CHI;2024_08_CHI_WAS,2,0.0714285714286,0.0571428571429,0.299722379278,0.105602320826,-0.0603202465994,0.138205258537,-0.00786597209846,2,0.178082191781,0.0821917808219,0.189685277452,0.13131646776,0.0377379264126,0.126355196166,-0.0172891705089,0.106653620352,0.0250489236791,-0.110037101826,0.025714146934,0.098058173012
chi,2024,8,False,00-0039918,Caleb Williams,00-0039918,Caleb Williams,2024_05_CAR_CHI;2024_06_JAX_CHI,2024_08_CHI_WAS;2024_09_CHI_ARI,2,0.0909090909091,0.0519480519481,0.490641925362,0.114185816483,-0.0440224767283,0.12688092781,-0.0178034916093,2,0.227272727273,0.102272727273,-0.247742276136,0.122312768723,0.09087127745,0.136550556362,-0.00721717468241,0.136363636364,0.0503246753247,-0.738384201499,0.0081269522395,0.134893754178
chi,2024,9,False,00-0039918,Caleb Williams,00-0039918,Caleb Williams,2024_06_JAX_CHI;2024_08_CHI_WAS,2024_09_CHI_ARI;2024_10_NE_CHI,2,0.178082191781,0.0821917808219,0.189685277452,0.13131646776,0.0377379264126,0.126355196166,-0.0172891705089,2,0.260416666667,0.15625,-0.34663164153,0.110916969527,0.126721022986,0.145074224022,0.00262055772248,0.0823344748858,0.0740582191781,-0.536316918982,-0.020399498232,0.0889830965738
chi,2024,10,False,00-0039918,Caleb Williams,00-0039918,Caleb Williams,2024_08_CHI_WAS;2024_09_CHI_ARI,2024_10_NE_CHI;2024_11_GB_CHI,2,0.227272727273,0.102272727273,-0.247742276136,0.122312768723,0.09087127745,0.136550556362,-0.00721717468241,2,0.228915662651,0.144578313253,-0.130282496278,0.129947952335,0.0888599108769,0.160275689223,0.0191508314405,0.00164293537788,0.0423055859803,0.117459779858,0.007635183612,-0.00201136657305
chi,2024,11,False,00-0039918,Caleb Williams,00-0039918,Caleb Williams,2024_09_CHI_ARI;2024_10_NE_CHI,2024_11_GB_CHI;2024_12_MIN_CHI,2,0.260416666667,0.15625,-0.34663164153,0.110916969527,0.126721022986,0.145074224022,0.00262055772248,2,0.103092783505,0.0618556701031,0.140017277051,0.158620824993,-0.046776058664,0.166835229668,0.0268254507008,-0.157323883162,-0.0943943298969,0.486648918581,0.0477038554655,-0.17349708165
chi,2024,12,False,00-0039918,Caleb Williams,00-0039918,Caleb Williams,2024_10_NE_CHI;2024_11_GB_CHI,2024_12_MIN_CHI;2024_13_CHI_DET,2,0.228915662651,0.144578313253,-0.130282496278,0.129947952335,0.0888599108769,0.160275689223,0.0191508314405,2,0.127272727273,0.0727272727273,0.0772145723228,0.151461988304,-0.0197152684683,0.159989991572,0.0208557381287,-0.101642935378,-0.0718510405257,0.207497068601,0.021514035969,-0.108575179345
chi,2025,6,False,00-0039918,Caleb Williams,00-0039918,Caleb Williams,2025_03_DAL_CHI;2025_04_CHI_LV,2025_06_CHI_WAS;2025_07_NO_CHI,2,0.0405405405405,0.0135135135135,0.21292378278,0.150343950058,-0.103790842009,0.120276501998,-0.0206768475183,2,0.153846153846,0.0615384615385,0.0702857759925,0.12249125639,0.017320951189,0.0952430391694,-0.0463127861578,0.113305613306,0.0480249480249,-0.142638006788,-0.027852693668,0.121111793198
chi,2025,7,False,00-0039918,Caleb Williams,00-0039918,Caleb Williams,2025_04_CHI_LV;2025_06_CHI_WAS,2025_07_NO_CHI;2025_08_CHI_BAL,2,0.0875,0.05,0.0399321533415,0.134260568914,-0.052532868993,0.101392016774,-0.0400310645299,2,0.128571428571,0.0285714285714,0.0708736564549,0.115212897891,-0.00544860255758,0.101689785624,-0.039474527994,0.0410714285714,-0.0214285714286,0.0309415031133,-0.0190476710225,0.0470842664354
chi,2025,12,False,00-0039918,Caleb Williams,00-0039918,Caleb Williams,2025_10_NYG_CHI;2025_11_CHI_MIN,2025_12_PIT_CHI;2025_13_CHI_PHI,2,0.0975609756098,0.0243902439024,0.0552166793918,0.153250112461,-0.047896983082,0.0979465319651,-0.0402567984126,2,0.0853658536585,0.0365853658537,-0.0360151282168,0.154937816228,-0.0614895741595,0.102094400684,-0.037252757833,-0.0121951219512,0.0121951219512,-0.0912318076086,0.0016877037675,-0.0135925910775
chi,2025,13,False,00-0039918,Caleb Williams,00-0039918,Caleb Williams,2025_11_CHI_MIN;2025_12_PIT_CHI,2025_13_CHI_PHI;2025_14_CHI_GB,2,0.0779220779221,0.038961038961,0.0259539597654,0.174751861042,-0.075535058252,0.100830568186,-0.0378104651995,2,0.146341463415,0.0365853658537,-0.0552524545714,0.15099015099,0.000690355039759,0.107096799794,-0.0326421219139,0.0684193854926,-0.00237567310738,-0.0812064143368,-0.023761710052,0.0762254132918
chi,2025,14,False,00-0039918,Caleb Williams,00-0039918,Caleb Williams,2025_12_PIT_CHI;2025_13_CHI_PHI,2025_14_CHI_GB;2025_15_CLE_CHI,2,0.0853658536585,0.0365853658537,-0.0360151282168,0.154937816228,-0.0614895741595,0.102094400684,-0.037252757833,2,0.178082191781,0.0547945205479,0.0829240593801,0.195527494089,0.0186237962824,0.114594834385,-0.0258654685112,0.0927163381223,0.0182091546943,0.118939187597,0.0405896778605,0.0801133704419
chi,2025,15,False,00-0039918,Caleb Williams,00-0039918,Caleb Williams,2025_13_CHI_PHI;2025_14_CHI_GB,2025_15_CLE_CHI;2025_16_GB_CHI,2,0.146341463415,0.0365853658537,-0.0552524545714,0.15099015099,0.000690355039759,0.107096799794,-0.0326421219139,2,0.148648648649,0.0405405405405,0.204353948022,0.186268962358,-0.00745950347058,0.1178125,-0.0251813591699,0.00230718523401,0.00395517468688,0.259606402593,0.035278811368,-0.00814985851034
chi,2025,16,False,00-0039918,Caleb Williams,00-0039918,Caleb Williams,2025_14_CHI_GB;2025_15_CLE_CHI,2025_16_GB_CHI;2025_17_CHI_SF,2,0.178082191781,0.0547945205479,0.0829240593801,0.195527494089,0.0186237962824,0.114594834385,-0.0258654685112,2,0.0804597701149,0,0.321142923792,0.12288518662,-0.0557667952583,0.120185185185,-0.0252881110448,-0.0976224216659,-0.0547945205479,0.238218864412,-0.0726423074685,-0.0743905915407
chi,2025,17,False,00-0039918,Caleb Williams,00-0039918,Caleb Williams,2025_15_CLE_CHI;2025_16_GB_CHI,2025_17_CHI_SF;2025_18_DET_CHI,2,0.148648648649,0.0405405405405,0.204353948022,0.186268962358,-0.00745950347058,0.1178125,-0.0251813591699,2,0.0853658536585,0.0121951219512,0.221075882781,0.125623509,-0.0513058486549,0.114197530864,-0.0320162682999,-0.0632827949901,-0.0283454185893,0.016721934759,-0.060645453358,-0.0438463451843
cin,2022,3,False,00-0036442,Joe Burrow,00-0036442,Joe Burrow,2022_01_PIT_CIN;2022_02_CIN_DAL,2022_03_CIN_NYJ;2022_04_MIA_CIN,2,0.173913043478,0.113043478261,-0.0395717626664,,,,,2,0.155844155844,0.038961038961,0.362920934017,,,,,-0.0180688876341,-0.0740824392998,0.402492696683,,
cin,2022,4,False,00-0036442,Joe Burrow,00-0036442,Joe Burrow,2022_02_CIN_DAL;2022_03_CIN_NYJ,2022_04_MIA_CIN;2022_05_CIN_BAL,2,0.209302325581,0.093023255814,0.222802611938,,,,,2,0.102564102564,0.0512820512821,0.156567791338,0.103448275862,,0.166666666667,,-0.106738223017,-0.0417412045319,-0.0662348206001,,
cin,2022,5,False,00-0036442,Joe Burrow,00-0036442,Joe Burrow,2022_03_CIN_NYJ;2022_04_MIA_CIN,2022_05_CIN_BAL;2022_06_CIN_NO,2,0.155844155844,0.038961038961,0.362920934017,,,,,2,0.127906976744,0.0697674418605,0.146116906602,0.111506746627,,0.162393162393,,-0.0279371791,0.0308064028994,-0.216804027415,,
cin,2022,6,False,00-0036442,Joe Burrow,00-0036442,Joe Burrow,2022_04_MIA_CIN;2022_05_CIN_BAL,2022_06_CIN_NO;2022_07_ATL_CIN,2,0.102564102564,0.0512820512821,0.156567791338,0.103448275862,,0.166666666667,,2,0.131868131868,0.0659340659341,0.461485728596,0.117034517092,,0.156397958557,,0.029304029304,0.014652014652,0.304917937258,0.0135862412305,
cin,2022,7,False,00-0036442,Joe Burrow,00-0036442,Joe Burrow,2022_05_CIN_BAL;2022_06_CIN_NO,2022_07_ATL_CIN;2022_08_CIN_CLE,2,0.127906976744,0.0697674418605,0.146116906602,0.111506746627,,0.162393162393,,2,0.144444444444,0.0888888888889,0.221637762735,0.112579777249,0.0347019303621,0.152722744881,,0.0165374677003,0.0191214470284,0.0755208561331,0.001073030623,
cin,2022,13,False,00-0036442,Joe Burrow,00-0036442,Joe Burrow,2022_11_CIN_PIT;2022_12_CIN_TEN,2022_13_KC_CIN;2022_14_CLE_CIN,2,0.126436781609,0.0344827586207,0.229466949993,0.120123054651,-0.0102725228171,0.141769041769,,2,0.0588235294118,0.0352941176471,0.22577902631,0.122421617162,-0.0760284174487,0.118730186686,-0.0178134337548,-0.0676132521974,0.000811359026369,-0.00368792368358,0.0022985625106,-0.0657558946315
cin,2022,14,False,00-0036442,Joe Burrow,00-0036442,Joe Burrow,2022_12_CIN_TEN;2022_13_KC_CIN,2022_14_CLE_CIN;2022_15_CIN_TB,2,0.0574712643678,0.0229885057471,0.301176246143,0.150694444445,-0.0881551504376,0.131074215206,-0.00626708813497,2,0.129411764706,0.0470588235294,0.0683177508878,0.119927485707,-0.00417327354774,0.11307141625,-0.0296728597381,0.0719405003381,0.0240703177823,-0.232858495255,-0.0307669587379,0.0839818768899
cin,2022,15,False,00-0036442,Joe Burrow,00-0036442,Joe Burrow,2022_13_KC_CIN;2022_14_CLE_CIN,2022_15_CIN_TB;2022_16_CIN_NE,2,0.0588235294118,0.0352941176471,0.22577902631,0.122421617162,-0.0760284174487,0.118730186686,-0.0178134337548,2,0.09,0.04,0.111339872209,0.143817030625,-0.0529706228521,0.113240598967,-0.0260070155681,0.0311764705882,0.00470588235294,-0.1144391541,0.021395413463,0.0230577945966
cin,2022,16,False,00-0036442,Joe Burrow,00-0036442,Joe Burrow,2022_14_CLE_CIN;2022_15_CIN_TB,2022_16_CIN_NE;2022_18_BAL_CIN,2,0.129411764706,0.0470588235294,0.0683177508878,0.119927485707,-0.00417327354774,0.11307141625,-0.0296728597381,2,0.0769230769231,0.0384615384615,-0.0110376464125,0.155562327581,-0.070469258892,0.107522123894,-0.0292905416753,-0.0524886877828,-0.00859728506787,-0.0793553973003,0.0356348418744,-0.0662959853442
cin,2023,4,False,00-0036442,Joe Burrow,00-0036442,Joe Burrow,2023_02_BAL_CIN;2023_03_LA_CIN,2023_04_CIN_TEN;2023_05_CIN_ARI,2,0.112244897959,0.030612244898,-0.0318415566403,0.159423296338,-0.0376887745352,0.112531453259,-0.0281480294268,2,0.157303370787,0.0674157303371,-0.00080389565618,0.123306986729,0.0183457366591,0.12580226657,-0.016556506279,0.0450584728273,0.0368034854391,0.0310376609841,-0.0361163096095,0.0560345111942
cin,2023,5,False,00-0036442,Joe Burrow,00-0036442,Joe Burrow,2023_03_LA_CIN;2023_04_CIN_TEN,2023_05_CIN_ARI;2023_06_SEA_CIN,2,0.179775280899,0.0561797752809,-0.177715711497,0.141657066053,0.0346978828782,0.110786232301,-0.0316309105919,2,0.0967741935484,0.0645161290323,0.0842703439512,0.145868568999,-0.0493575959245,0.137388560516,-0.00542289101393,-0.0830010873505,0.00833635375136,0.261986055448,0.004211502946,-0.0840554788027
cin,2023,6,False,00-0036442,Joe Burrow,00-0036442,Joe Burrow,2023_04_CIN_TEN;2023_05_CIN_ARI,2023_06_SEA_CIN;2023_08_CIN_SF,2,0.157303370787,0.0674157303371,-0.00080389565618,0.123306986729,0.0183457366591,0.12580226657,-0.016556506279,2,0.164556962025,0.0759493670886,0.131684996935,0.169043572501,0.0101749033823,0.133145772875,-0.0111633107804,0.0072535912388,0.00853363675153,0.132488892591,0.0457365857725,-0.00817083327679
cin,2023,8,False,00-0036442,Joe Burrow,00-0036442,Joe Burrow,2023_05_CIN_ARI;2023_06_SEA_CIN,2023_08_CIN_SF;2023_09_BUF_CIN,2,0.0967741935484,0.0645161290323,0.0842703439512,0.145868568999,-0.0493575959245,0.137388560516,-0.00542289101393,2,0.170454545455,0.0454545454545,0.308096685156,0.178742256724,0.0134120501061,0.142981302265,-0.00264172185863,0.0736803519062,-0.0190615835777,0.223826341204,0.0328736877255,0.0627696460306
cin,2023,9,False,00-0036442,Joe Burrow,00-0036442,Joe Burrow,2023_06_SEA_CIN;2023_08_CIN_SF,2023_09_BUF_CIN;2023_10_HOU_CIN,2,0.164556962025,0.0759493670886,0.131684996935,0.169043572501,0.0101749033823,0.133145772875,-0.0111633107804,2,0.16,0.05,0.188892567993,0.162758576088,0.00899211673,0.155933785244,0.00915493024947,-0.00455696202532,-0.0259493670886,0.0572075710583,-0.0062849964135,-0.00118278665228
cin,2024,3,False,00-0036442,Joe Burrow,00-0036442,Joe Burrow,2024_01_NE_CIN;2024_02_CIN_KC,2024_03_WAS_CIN;2024_04_CIN_CAR,2,0.121951219512,0.0731707317073,-0.0741309446062,0.142051476522,-0.0221078986916,0.165352712956,0.0185257774928,2,0.0897435897436,0.025641025641,0.397157886578,0.0994901106132,-0.0392323903831,0.158369126051,0.0134436914147,-0.0322076297686,-0.0475297060663,0.471288831184,-0.0425613659093,-0.0171244916914
cin,2024,4,False,00-0036442,Joe Burrow,00-0036442,Joe Burrow,2024_02_CIN_KC;2024_03_WAS_CIN,2024_04_CIN_CAR;2024_05_BAL_CIN,2,0.127906976744,0.0581395348837,0.265649338738,0.114747722256,-0.0070092606433,0.160816161844,0.0144025005998,2,0.1375,0.0375,0.423378197954,0.134526678141,-0.00468543917376,0.154217504729,0.0118801747121,0.00959302325581,-0.0206395348837,0.157728859216,0.0197789558848,0.00232382146954
cin,2024,5,False,00-0036442,Joe Burrow,00-0036442,Joe Burrow,2024_03_WAS_CIN;2024_04_CIN_CAR,2024_05_BAL_CIN;2024_06_CIN_NYG,2,0.0897435897436,0.025641025641,0.397157886578,0.0994901106132,-0.0392323903831,0.158369126051,0.0134436914147,2,0.205128205128,0.0897435897436,0.398795289738,0.158383573612,0.0556909667175,0.155247235366,0.0137844948767,0.115384615385,0.0641025641026,0.00163740315962,0.0588934629993,0.0949233571006
cin,2024,6,False,00-0036442,Joe Burrow,00-0036442,Joe Burrow,2024_04_CIN_CAR;2024_05_BAL_CIN,2024_06_CIN_NYG;2024_07_CIN_CLE,2,0.1375,0.0375,0.423378197954,0.134526678141,-0.00468543917376,0.154217504729,0.0118801747121,2,0.222222222222,0.111111111111,0.109784261083,0.151665426894,0.0744632845572,0.16082957958,0.0187149807185,0.0847222222222,0.0736111111111,-0.31359393687,0.0171387487535,0.079148723731
cin,2024,7,False,00-0036442,Joe Burrow,00-0036442,Joe Burrow,2024_05_BAL_CIN;2024_06_CIN_NYG,2024_07_CIN_CLE;2024_08_PHI_CIN,2,0.205128205128,0.0897435897436,0.398795289738,0.158383573612,0.0556909667175,0.155247235366,0.0137844948767,2,0.159420289855,0.0579710144928,0.0539016897952,0.132714147372,0.0187387464825,0.155753311259,0.0139673454772,-0.0457079152731,-0.0317725752508,-0.344893599943,-0.0256694262405,-0.036952220235
cin,2024,8,False,00-0036442,Joe Burrow,00-0036442,Joe Burrow,2024_06_CIN_NYG;2024_07_CIN_CLE,2024_08_PHI_CIN;2024_09_LV_CIN,2,0.222222222222,0.111111111111,0.109784261083,0.151665426894,0.0744632845572,0.16082957958,0.0187149807185,2,0.132530120482,0.0240963855422,0.154885793517,0.130890524441,-0.0076885409232,0.146164549044,0.00530768522686,-0.0896921017403,-0.0870147255689,0.045101532434,-0.0207749024535,-0.0821518254804
cin,2024,9,False,00-0036442,Joe Burrow,00-0036442,Joe Burrow,2024_07_CIN_CLE;2024_08_PHI_CIN,2024_09_LV_CIN;2024_10_CIN_BAL,2,0.159420289855,0.0579710144928,0.0539016897952,0.132714147372,0.0187387464825,0.155753311259,0.0139673454772,2,0.185185185185,0.037037037037,0.269301584676,0.143580356246,0.039937844838,0.146981750606,0.00617266431538,0.0257648953301,-0.0209339774557,0.215399894881,0.010866208874,0.0211990983555
cin,2024,10,False,00-0036442,Joe Burrow,00-0036442,Joe Burrow,2024_08_PHI_CIN;2024_09_LV_CIN,2024_10_CIN_BAL;2024_11_CIN_LAC,2,0.132530120482,0.0240963855422,0.154885793517,0.130890524441,-0.0076885409232,0.146164549044,0.00530768522686,2,0.217741935484,0.0483870967742,0.255224044887,0.142651226425,0.0734147806255,0.156401593901,0.0152739259734,0.0852118150019,0.024290711232,0.10033825137,0.0117607019835,0.0811033215487
cin,2024,11,False,00-0036442,Joe Burrow,00-0036442,Joe Burrow,2024_09_LV_CIN;2024_10_CIN_BAL,2024_11_CIN_LAC;2024_13_PIT_CIN,2,0.185185185185,0.037037037037,0.269301584676,0.143580356246,0.039937844838,0.146981750606,0.00617266431538,2,0.231481481481,0.0648148148148,0.130843590999,0.150752314815,0.0857928864455,0.171081081081,0.0286048695088,0.0462962962963,0.0277777777778,-0.138457993677,0.007171958569,0.0458550416075
cin,2024,13,False,00-0036442,Joe Burrow,00-0036442,Joe Burrow,2024_10_CIN_BAL;2024_11_CIN_LAC,2024_13_PIT_CIN;2024_14_CIN_DAL,2,0.217741935484,0.0483870967742,0.255224044887,0.142651226425,0.0734147806255,0.156401593901,0.0152739259734,2,0.188118811881,0.0594059405941,0.111014252511,0.176215277778,0.0342504593764,0.189173553719,0.0447275069596,-0.0296231236027,0.0110188438199,-0.144209792376,0.0335640513535,-0.0391643212491
cin,2024,14,False,00-0036442,Joe Burrow,00-0036442,Joe Burrow,2024_11_CIN_LAC;2024_13_PIT_CIN,2024_14_CIN_DAL;2024_15_CIN_TEN,2,0.231481481481,0.0648148148148,0.130843590999,0.150752314815,0.0857928864455,0.171081081081,0.0286048695088,2,0.150537634409,0.0322580645161,0.219143676573,0.154250841751,0.0024557714262,0.194860885255,0.048861244681,-0.0809438470729,-0.0325567502987,0.0883000855737,0.003498526936,-0.0833371150193
cin,2024,15,False,00-0036442,Joe Burrow,00-0036442,Joe Burrow,2024_13_PIT_CIN;2024_14_CIN_DAL,2024_15_CIN_TEN;2024_16_CLE_CIN,2,0.188118811881,0.0594059405941,0.111014252511,0.176215277778,0.0342504593764,0.189173553719,0.0447275069596,2,0.181818181818,0.0649350649351,0.221227056685,0.162588980928,0.0327584495134,0.188279924129,0.0423671316079,-0.00630063006301,0.00552912434101,0.110212804174,-0.01362629685,-0.00149200986305
cin,2024,16,False,00-0036442,Joe Burrow,00-0036442,Joe Burrow,2024_14_CIN_DAL;2024_15_CIN_TEN,2024_16_CLE_CIN;2024_17_DEN_CIN,2,0.150537634409,0.0322580645161,0.219143676573,0.154250841751,0.0024557714262,0.194860885255,0.048861244681,2,0.23,0.11,0.260137089421,0.179217009851,0.0771971511227,0.1848003848,0.0387362271942,0.0794623655914,0.0777419354839,0.0409934128478,0.0249661681,0.0747413796965
cin,2024,17,False,00-0036442,Joe Burrow,00-0036442,Joe Burrow,2024_15_CIN_TEN;2024_16_CLE_CIN,2024_17_DEN_CIN;2024_18_CIN_PIT,2,0.181818181818,0.0649350649351,0.221227056685,0.162588980928,0.0327584495134,0.188279924129,0.0423671316079,2,0.172413793103,0.0948275862069,0.17834645932,0.147693744653,0.0274144335054,0.192452290985,0.0450789642565,-0.00940438871473,0.0298925212718,-0.0428805973654,-0.014895236275,-0.00534401600798
cin,2025,8,False,00-0026158,Joe Flacco,00-0026158,Joe Flacco,2025_06_CIN_GB;2025_07_PIT_CIN,2025_08_NYJ_CIN;2025_09_CHI_CIN,2,0.112244897959,0.030612244898,0.240216673066,0.169997306101,-0.039665391591,0.18848327233,0.0428891012715,2,0.0786516853933,0.0449438202247,0.229585839063,0.125795238828,-0.0591759329815,0.160985278452,0.015636521477,-0.0335932125659,0.0143315753268,-0.0106308340021,-0.0442020672725,-0.0195105413904
cin,2025,9,False,00-0026158,Joe Flacco,00-0026158,Joe Flacco,2025_07_PIT_CIN;2025_08_NYJ_CIN,2025_09_CHI_CIN;2025_11_CIN_PIT,2,0.0898876404494,0.0337078651685,0.245491921479,0.141976934785,-0.0542945346548,0.171706978397,0.0262590856415,2,0.0851063829787,0.0425531914894,0.00399088636277,0.161227936112,-0.0630647749515,0.152094321265,0.00771707712391,-0.00478125747071,0.00884532632082,-0.241501035116,0.0192510013275,-0.0087702402967
cle,2022,3,False,00-0033119,Jacoby Brissett,00-0033119,Jacoby Brissett,2022_01_CLE_CAR;2022_02_NYJ_CLE,2022_03_PIT_CLE;2022_04_CLE_ATL,2,0.135135135135,0.027027027027,0.192293128804,,,,,2,0.148648648649,0.0405405405405,-0.0870967647905,,,,,0.0135135135135,0.0135135135135,-0.279389893595,,
cle,2022,4,False,00-0033119,Jacoby Brissett,00-0033119,Jacoby Brissett,2022_02_NYJ_CLE;2022_03_PIT_CLE,2022_04_CLE_ATL;2022_05_LAC_CLE,2,0.134328358209,0.044776119403,0.241934260396,,,,,2,0.128205128205,0.0128205128205,0.0634822143244,0.150602409639,,0.141891891892,,-0.00612323000383,-0.0319556065825,-0.178452046071,,
cle,2022,5,False,00-0033119,Jacoby Brissett,00-0033119,Jacoby Brissett,2022_03_PIT_CLE;2022_04_CLE_ATL,2022_05_LAC_CLE;2022_06_NE_CLE,2,0.148648648649,0.0405405405405,-0.0870967647905,,,,,2,0.134831460674,0.0449438202247,0.0211731482733,0.139817333852,,0.135462074978,,-0.0138171879745,0.00440327968418,0.108269913064,,
cle,2022,6,False,00-0033119,Jacoby Brissett,00-0033119,Jacoby Brissett,2022_04_CLE_ATL;2022_05_LAC_CLE,2022_06_NE_CLE;2022_07_CLE_BAL,2,0.128205128205,0.0128205128205,0.0634822143244,0.150602409639,,0.141891891892,,2,0.157303370787,0.101123595506,-0.09089040281,0.120071684588,,0.134136382197,,0.0290982425814,0.0883030826851,-0.154372617134,-0.030530725051,
cle,2022,7,False,00-0033119,Jacoby Brissett,00-0033119,Jacoby Brissett,2022_05_LAC_CLE;2022_06_NE_CLE,2022_07_CLE_BAL;2022_08_CIN_CLE,2,0.134831460674,0.0449438202247,0.0211731482733,0.139817333852,,0.135462074978,,2,0.190476190476,0.111111111111,0.182374579508,0.134599673202,0.139353571303,0.138711162256,,0.055644729802,0.0661672908864,0.161201431235,-0.0052176606495,
cle,2022,8,False,00-0033119,Jacoby Brissett,00-0033119,Jacoby Brissett,2022_06_NE_CLE;2022_07_CLE_BAL,2022_08_CIN_CLE;2022_10_CLE_MIA,2,0.157303370787,0.101123595506,-0.09089040281,0.120071684588,,0.134136382197,,2,0.295774647887,0.0704225352113,0.144501756622,0.132775460931,0.164859844726,0.144090909091,,0.138471277101,-0.0307010602944,0.235392159432,0.0127037763425,
cle,2022,10,False,00-0033119,Jacoby Brissett,00-0033119,Jacoby Brissett,2022_07_CLE_BAL;2022_08_CIN_CLE,2022_10_CLE_MIA;2022_11_CLE_BUF,2,0.190476190476,0.111111111111,0.182374579508,0.134599673202,0.139353571303,0.138711162256,,2,0.19587628866,0.0412371134021,0.248203658355,0.119402985075,0.0648082129692,0.163524590164,,0.0054000981836,-0.069873997709,0.0658290788473,-0.015196688128,-0.0745453583334
cle,2022,11,False,00-0033119,Jacoby Brissett,00-0033119,Jacoby Brissett,2022_08_CIN_CLE;2022_10_CLE_MIA,2022_11_CLE_BUF;2022_12_TB_CLE,2,0.295774647887,0.0704225352113,0.144501756622,0.132775460931,0.164859844726,0.144090909091,,2,0.164948453608,0.0515463917526,0.207464845841,0.140501573764,0.0245212449473,0.172115921433,,-0.130826194279,-0.0188761434587,0.0629630892195,0.0077261128335,-0.140338599779
cle,2022,17,False,00-0033537,Deshaun Watson,00-0033537,Deshaun Watson,2022_15_BAL_CLE;2022_16_NO_CLE,2022_17_CLE_WAS;2022_18_CLE_PIT,2,0.130434782609,0.0724637681159,-0.208137201943,0.142259978425,-0.0116884605865,0.186888111888,0.0573994815924,2,0.205479452055,0.164383561644,0.0409384086893,0.15522516699,0.058267211378,0.180076509512,0.0403870760392,0.0750446694461,0.0919197935279,0.249075610632,0.012965188565,0.0699556719645
cle,2024,3,False,00-0033537,Deshaun Watson,00-0033537,Deshaun Watson,2024_01_DAL_CLE;2024_02_CLE_JAX,2024_03_NYG_CLE;2024_04_CLE_LV,2,0.245098039216,0.078431372549,-0.20185813045,0.159279924203,0.0943365206732,0.142939528115,-0.00519082159565,2,0.297872340426,0.117021276596,-0.262528590626,0.144470831811,0.15343040435,0.180010742787,0.0319760845782,0.0527743012098,0.0385899040467,-0.0606704601762,-0.0148090923915,0.0590938836765
cle,2025,7,False,00-0040704,Dillon Gabriel,00-0040704,Dillon Gabriel,2025_05_MIN_CLE;2025_06_CLE_PIT,2025_07_MIA_CLE;2025_08_CLE_NE,2,0.2,0.08,-0.122857410759,0.151474303182,0.0551345644961,0.161101985964,0.017312919912,2,0.0769230769231,0.0461538461538,-0.177359644996,0.120125336883,-0.0585387018144,0.163784885682,0.0202857381854,-0.123076923077,-0.0338461538462,-0.0545022342365,-0.031348966299,-0.113673266311
cle,2025,8,False,00-0040704,Dillon Gabriel,00-0040704,Dillon Gabriel,2025_06_CLE_PIT;2025_07_MIA_CLE,2025_08_CLE_NE;2025_10_CLE_NYJ,2,0.21978021978,0.0879120879121,-0.0412080065831,0.131872059086,0.0787824113148,0.157118683289,0.0134790868062,2,0.105882352941,0.0823529411765,-0.204230376678,0.108301481128,-0.0248470409506,0.164323194066,0.0214096693629,-0.113897866839,-0.00555914673562,-0.163022370095,-0.0235705779589,-0.103629452265
cle,2025,16,False,00-0040668,Shedeur Sanders,00-0040668,Shedeur Sanders,2025_14_TEN_CLE;2025_15_CLE_CHI,2025_16_BUF_CLE;2025_17_PIT_CLE,2,0.307692307692,0.0769230769231,-0.192698157343,0.144006568144,0.163625986567,0.188651804671,0.0521899485978,2,0.220588235294,0.0735294117647,-0.197372162678,0.143583120891,0.0754999779686,0.218297838669,0.0817221021355,-0.0871040723982,-0.00339366515837,-0.0046740053342,-0.0004234472535,-0.0881260085986
cle,2025,17,False,00-0040668,Shedeur Sanders,00-0040668,Shedeur Sanders,2025_15_CLE_CHI;2025_16_BUF_CLE,2025_17_PIT_CLE;2025_18_CLE_CIN,2,0.320987654321,0.0987654320988,-0.396773202569,0.147072447656,0.176666405437,0.205129467901,0.0689323180395,2,0.220338983051,0.135593220339,-0.192082648452,0.124596355668,0.0831050501675,0.234235141425,0.0965453045292,-0.10064867127,0.0368277882402,0.204690554117,-0.0224760919885,-0.0935613552693
dal,2022,4,False,00-0033662,Cooper Rush,00-0033662,Cooper Rush,2022_02_CIN_DAL;2022_03_DAL_NYG,2022_04_WAS_DAL;2022_05_DAL_LA,2,0.107692307692,0.0153846153846,0.1137264834,,,,,2,0.192307692308,0.0769230769231,0.0447750701002,0.0858895705521,,0.128378378378,,0.0846153846154,0.0615384615385,-0.0689514132995,,
dal,2022,5,False,00-0033662,Cooper Rush,00-0033662,Cooper Rush,2022_03_DAL_NYG;2022_04_WAS_DAL,2022_05_DAL_LA;2022_06_DAL_PHI,2,0.09375,0.015625,0.193484417772,,,,,2,0.166666666667,0.05,-0.24432312535,0.122490239822,,0.13903948859,,0.0729166666667,0.034375,-0.437807543121,,
dal,2022,14,False,00-0033077,Dak Prescott,00-0033077,Dak Prescott,2022_12_NYG_DAL;2022_13_IND_DAL,2022_14_HOU_DAL;2022_15_DAL_JAX,2,0.147058823529,0.0147058823529,0.329864886625,0.155705741763,-0.000538105998351,0.128860936408,-0.013613256111,2,0.181818181818,0.0519480519481,0.00631066030104,0.123024553571,0.0463745397261,0.123274940164,-0.0312078831092,0.0347593582888,0.0372421695951,-0.323554226324,-0.032681188192,0.0469126457245
dal,2022,15,False,00-0033077,Dak Prescott,00-0033077,Dak Prescott,2022_13_IND_DAL;2022_14_HOU_DAL,2022_15_DAL_JAX;2022_16_PHI_DAL,2,0.0810810810811,0.027027027027,0.0453997822204,0.145725209805,-0.0617642921429,0.135426132452,-0.023109754322,2,0.225,0.1125,0.193963374329,0.156904761905,0.0763841927349,0.126400996264,-0.0192833321211,0.143918918919,0.085472972973,0.148563592109,0.0111795520995,0.138148484878
dal,2022,16,False,00-0033077,Dak Prescott,00-0033077,Dak Prescott,2022_14_HOU_DAL;2022_15_DAL_JAX,2022_16_PHI_DAL;2022_17_DAL_TEN,2,0.181818181818,0.0519480519481,0.00631066030104,0.123024553571,0.0463745397261,0.123274940164,-0.0312078831092,2,0.13829787234,0.0744680851064,0.325986922577,0.163824517213,-0.0106233591816,0.138181818182,-0.00512417126503,-0.0435203094778,0.0225200331583,0.319676262276,0.040799963641,-0.0569978989077
dal,2023,14,False,00-0033077,Dak Prescott,00-0033077,Dak Prescott,2023_12_WAS_DAL;2023_13_SEA_DAL,2023_14_PHI_DAL;2023_15_DAL_BUF,2,0.101123595506,0.0449438202247,0.445278561263,0.146026129559,-0.0448535583363,0.134115746056,-0.0111253781438,2,0.111111111111,0.0666666666667,-0.0142084576298,0.147435849522,-0.0348327832149,0.116805266805,-0.0296467654313,0.00998751560549,0.0217228464419,-0.459487018893,0.001409719963,0.0100207751214
dal,2023,15,False,00-0033077,Dak Prescott,00-0033077,Dak Prescott,2023_13_SEA_DAL;2023_14_PHI_DAL,2023_15_DAL_BUF;2023_16_DAL_MIA,2,0.0961538461538,0.0673076923077,0.244271268084,0.153042200559,-0.0512648585152,0.131266743207,-0.014672274972,2,0.22619047619,0.0833333333333,0.104189132846,0.172866891158,0.0717299814182,0.106756756757,-0.0390936284075,0.130036630037,0.0160256410256,-0.140082135238,0.0198246905985,0.122994839933
dal,2023,16,False,00-0033077,Dak Prescott,00-0033077,Dak Prescott,2023_14_PHI_DAL;2023_15_DAL_BUF,2023_16_DAL_MIA;2023_17_DET_DAL,2,0.111111111111,0.0666666666667,-0.0142084576298,0.147435849522,-0.0348327832149,0.116805266805,-0.0296467654313,2,0.220930232558,0.0813953488372,0.246772367383,0.195544185055,0.0594933851062,0.12027027027,-0.0264927112676,0.109819121447,0.0147286821705,0.260980825013,0.048108335533,0.0943261683211
dal,2024,13,False,00-0033662,Cooper Rush,00-0033662,Cooper Rush,2024_11_HOU_DAL;2024_12_DAL_WAS,2024_13_NYG_DAL;2024_14_CIN_DAL,2,0.0761904761905,0.0571428571429,-0.0914947999345,0.172582064823,-0.0772362928648,0.138945890485,-0.00947016738979,2,0.128205128205,0.0384615384615,-0.0490516065242,0.15924919221,-0.0207748156254,0.133357041251,-0.0162556027412,0.0520146520147,-0.0186813186813,0.0424431934102,-0.013332872613,0.0564614772394
dal,2024,14,False,00-0033662,Cooper Rush,00-0033662,Cooper Rush,2024_12_DAL_WAS;2024_13_NYG_DAL,2024_14_CIN_DAL;2024_15_DAL_CAR,2,0.0625,0.0125,0.128323586824,0.169561999304,-0.0899266017406,0.137364521882,-0.0122578215715,2,0.151515151515,0.0606060606061,0.079056524993,0.136826191713,0.00886689747129,0.134708392603,-0.0138990684638,0.0890151515152,0.0481060606061,-0.0492670618313,-0.03273580759,0.0987934992119
dal,2024,15,False,00-0033662,Cooper Rush,00-0033662,Cooper Rush,2024_13_NYG_DAL;2024_14_CIN_DAL,2024_15_DAL_CAR;2024_16_TB_DAL,2,0.128205128205,0.0384615384615,-0.0490516065242,0.15924919221,-0.0207748156254,0.133357041251,-0.0162556027412,2,0.101449275362,0.0289855072464,0.284799671387,0.142349726776,-0.0431254751091,0.130878573098,-0.0153079313296,-0.0267558528428,-0.00947603121516,0.333851277911,-0.0168994654345,-0.0223506594837
dal,2025,6,False,00-0033077,Dak Prescott,00-0033077,Dak Prescott,2025_04_GB_DAL;2025_05_DAL_NYJ,2025_06_DAL_CAR;2025_07_WAS_DAL,2,0.0933333333333,0.0266666666667,0.466575247756,0.12571969697,-0.0452709306221,0.101257850153,-0.0399055284163,2,0.0945945945946,0.0135135135135,0.476407942373,0.104038461538,-0.0352771656697,0.0923879244478,-0.0460413464029,0.00126126126126,-0.0131531531532,0.00983269461697,-0.0216812354315,0.00999376495244
dal,2025,12,False,00-0033077,Dak Prescott,00-0033077,Dak Prescott,2025_09_ARI_DAL;2025_11_DAL_LV,2025_12_PHI_DAL;2025_13_KC_DAL,2,0.154761904762,0.0714285714286,-0.00508116918452,0.102063535676,0.0251454239651,0.116670455283,-0.0252626462092,2,0.133333333333,0.0111111111111,0.267360228034,0.151920734093,-0.0128349156069,0.127101392172,-0.014581970462,-0.0214285714286,-0.0603174603175,0.272441397218,0.0498571984171,-0.037980339572
dal,2025,13,False,00-0033077,Dak Prescott,00-0033077,Dak Prescott,2025_11_DAL_LV;2025_12_PHI_DAL,2025_13_KC_DAL;2025_14_DAL_DET,2,0.125,0.025,0.200546591529,0.121126148048,-0.012038521731,0.127032034425,-0.0145716019,2,0.163461538462,0.0480769230769,0.12750764284,0.150402138646,0.0181108038021,0.129020840413,-0.0124298639775,0.0384615384615,0.0230769230769,-0.0730389486897,0.0292759905986,0.0301493255331
dal,2025,14,False,00-0033077,Dak Prescott,00-0033077,Dak Prescott,2025_12_PHI_DAL;2025_13_KC_DAL,2025_14_DAL_DET;2025_15_MIN_DAL,2,0.133333333333,0.0111111111111,0.267360228034,0.151920734093,-0.0128349156069,0.127101392172,-0.014581970462,2,0.22,0.07,-0.0554427756571,0.156740034007,0.0727849220118,0.137987195814,-0.00433487280774,0.0866666666667,0.0588888888889,-0.322803003691,0.004819299914,0.0856198376187
den,2022,3,False,00-0029263,Russell Wilson,00-0029263,Russell Wilson,2022_01_DEN_SEA;2022_02_HOU_DEN,2022_03_SF_DEN;2022_04_DEN_LV,2,0.170454545455,0.0568181818182,0.280506758118,,,,,2,0.164556962025,0.0886075949367,-0.156928464814,,,,,-0.00589758342923,0.0317894131185,-0.437435222932,,
den,2022,4,False,00-0029263,Russell Wilson,00-0029263,Russell Wilson,2022_02_HOU_DEN;2022_03_SF_DEN,2022_04_DEN_LV;2022_05_IND_DEN,2,0.190476190476,0.0833333333333,-0.0593975152275,,,,,2,0.146341463415,0.0853658536585,-0.15276151789,0.115646258503,,0.167664670659,,-0.0441347270616,0.0020325203252,-0.0933640026623,,
den,2022,5,False,00-0029263,Russell Wilson,00-0029263,Russell Wilson,2022_03_SF_DEN;2022_04_DEN_LV,2022_05_IND_DEN;2022_06_DEN_LAC,2,0.164556962025,0.0886075949367,-0.156928464814,,,,,2,0.170731707317,0.0975609756098,-0.157342610986,0.126450580232,,0.168339377583,,0.00617474529176,0.00895338067305,-0.000414146172052,,
den,2022,11,False,00-0029263,Russell Wilson,00-0029263,Russell Wilson,2022_08_DEN_JAX;2022_10_DEN_TEN,2022_11_LV_DEN;2022_12_DEN_CAR,2,0.292134831461,0.101123595506,0.0350816307974,0.135766943701,0.158087890275,0.167525384916,,2,0.25,0.075,-0.0542569674721,0.11350357293,0.116831219545,0.202098035974,0.103611776943,-0.0421348314607,-0.0261235955056,-0.0893385982695,-0.022263370771,-0.0412566707295
den,2022,12,False,00-0029263,Russell Wilson,00-0029263,Russell Wilson,2022_10_DEN_TEN;2022_11_LV_DEN,2022_12_DEN_CAR;2022_13_DEN_BAL,2,0.304347826087,0.0978260869565,0.0558616653055,0.123140029228,0.170803737432,0.183826054794,,2,0.2,0.0714285714286,-0.124240530973,0.128713363139,0.0622521755623,0.209198813057,0.102993019886,-0.104347826087,-0.026397515528,-0.180102196279,0.0055733339115,-0.10855156187
den,2023,3,False,00-0029263,Russell Wilson,00-0029263,Russell Wilson,2023_01_LV_DEN;2023_02_WAS_DEN,2023_03_DEN_MIA;2023_04_DEN_CHI,2,0.214285714286,0.107142857143,0.183532843334,0.158344481605,0.0649794845779,0.202558304298,0.0620064111589,2,0.246575342466,0.027397260274,0.0538782116836,0.105007085498,0.113147476085,0.213113928224,0.069842985765,0.03228962818,-0.0797455968689,-0.12965463165,-0.0533373961074,0.0481679915072
den,2023,4,False,00-0029263,Russell Wilson,00-0029263,Russell Wilson,2023_02_WAS_DEN;2023_03_DEN_MIA,2023_04_DEN_CHI;2023_05_NYJ_DEN,2,0.317647058824,0.0941176470588,-0.0423792499172,0.144624776653,0.173901844657,0.19814241486,0.055528002637,2,0.162162162162,0.0675675675676,0.112927353895,0.122239694485,0.0209248879709,0.221170387734,0.0787935208037,-0.155484896661,-0.0265500794913,0.155306603812,-0.0223850821674,-0.152976956686
den,2023,5,False,00-0029263,Russell Wilson,00-0029263,Russell Wilson,2023_03_DEN_MIA;2023_04_DEN_CHI,2023_05_NYJ_DEN;2023_06_DEN_KC,2,0.246575342466,0.027397260274,0.0538782116836,0.105007085498,0.113147476085,0.213113928224,0.069842985765,2,0.189189189189,0.108108108108,-0.302823694249,0.184519974957,0.0297781338131,0.213938812451,0.0719089951507,-0.0573861532766,0.0807108478341,-0.356701905933,0.0795128894594,-0.083369342272
den,2023,6,False,00-0029263,Russell Wilson,00-0029263,Russell Wilson,2023_04_DEN_CHI;2023_05_NYJ_DEN,2023_06_DEN_KC;2023_07_GB_DEN,2,0.162162162162,0.0675675675676,0.112927353895,0.122239694485,0.0209248879709,0.221170387734,0.0787935208037,2,0.153846153846,0.0769230769231,-0.127291605637,0.17061739481,-0.000689747855034,0.203715170279,0.059404241341,-0.00831600831601,0.00935550935551,-0.240218959532,0.0483777003249,-0.0216146358259
den,2023,7,False,00-0029263,Russell Wilson,00-0029263,Russell Wilson,2023_05_NYJ_DEN;2023_06_DEN_KC,2023_07_GB_DEN;2023_08_KC_DEN,2,0.189189189189,0.108108108108,-0.302823694249,0.184519974957,0.0297781338131,0.213938812451,0.0719089951507,2,0.191176470588,0.102941176471,0.0710792667216,0.177602032776,0.0345380649702,0.19595959596,0.0498474853307,0.00198728139905,-0.00516693163752,0.373902960971,-0.006917942181,0.00475993115708
den,2023,8,False,00-0029263,Russell Wilson,00-0029263,Russell Wilson,2023_06_DEN_KC;2023_07_GB_DEN,2023_08_KC_DEN;2023_10_DEN_BUF,2,0.153846153846,0.0769230769231,-0.127291605637,0.17061739481,-0.000689747855034,0.203715170279,0.059404241341,2,0.24,0.133333333333,0.0239694797564,0.186259286585,0.0810752112776,0.201310766528,0.0533284271465,0.0861538461538,0.0564102564103,0.151261085393,0.0156418917745,0.0817649591327
den,2023,10,False,00-0029263,Russell Wilson,00-0029263,Russell Wilson,2023_07_GB_DEN;2023_08_KC_DEN,2023_10_DEN_BUF;2023_11_MIN_DEN,2,0.191176470588,0.102941176471,0.0710792667216,0.177602032776,0.0345380649702,0.19595959596,0.0498474853307,2,0.189873417722,0.0759493670886,0.0607396744188,0.156362184238,0.0406748893137,0.217391304348,0.0679533754512,-0.00130305286672,-0.026991809382,-0.0103395923028,-0.021239848539,0.00613682434355
den,2023,11,False,00-0029263,Russell Wilson,00-0029263,Russell Wilson,2023_08_KC_DEN;2023_10_DEN_BUF,2023_11_MIN_DEN;2023_12_CLE_DEN,2,0.24,0.133333333333,0.0239694797564,0.186259286585,0.0810752112776,0.201310766528,0.0533284271465,2,0.166666666667,0.0454545454545,0.0745345145558,0.161143039591,0.0172350798622,0.214080950106,0.0646550106622,-0.0733333333333,-0.0878787878788,0.0505650347994,-0.0251162469935,-0.0638401314155
den,2023,12,False,00-0029263,Russell Wilson,00-0029263,Russell Wilson,2023_10_DEN_BUF;2023_11_MIN_DEN,2023_12_CLE_DEN;2023_13_DEN_HOU,2,0.189873417722,0.0759493670886,0.0607396744188,0.156362184238,0.0406748893137,0.217391304348,0.0679533754512,2,0.1875,0.0625,-0.11370754389,0.161961670973,0.0378629877568,0.193112244898,0.0428284094506,-0.00237341772152,-0.0134493670886,-0.174447218309,0.0055994867355,-0.00281190155689
den,2023,13,False,00-0029263,Russell Wilson,00-0029263,Russell Wilson,2023_11_MIN_DEN;2023_12_CLE_DEN,2023_13_DEN_HOU;2023_14_DEN_LAC,2,0.166666666667,0.0454545454545,0.0745345145558,0.161143039591,0.0172350798622,0.214080950106,0.0646550106622,2,0.178082191781,0.0684931506849,-0.186255608215,0.127103283174,0.0391401658911,0.185808270677,0.0334495224525,0.0114155251142,0.0230386052304,-0.260790122771,-0.0340397564175,0.0219050860289
den,2023,14,False,00-0029263,Russell Wilson,00-0029263,Russell Wilson,2023_12_CLE_DEN;2023_13_DEN_HOU,2023_14_DEN_LAC;2023_15_DEN_DET,2,0.1875,0.0625,-0.11370754389,0.161961670973,0.0378629877568,0.193112244898,0.0428284094506,2,0.178082191781,0.0547945205479,0.00491187081096,0.127068793619,0.0388764813358,0.187926806263,0.0358508478255,-0.00941780821918,-0.00770547945205,0.118619414701,-0.034892877354,0.00101349357894
den,2023,15,False,00-0029263,Russell Wilson,00-0029263,Russell Wilson,2023_13_DEN_HOU;2023_14_DEN_LAC,2023_15_DEN_DET;2023_16_NE_DEN,2,0.178082191781,0.0684931506849,-0.186255608215,0.127103283174,0.0391401658911,0.185808270677,0.0334495224525,2,0.2125,0.0875,-0.0702463450285,0.120605045329,0.0767528198282,0.186499823312,0.0370306913507,0.0344178082192,0.0190068493151,0.116009263186,-0.00649823784435,0.0376126539371
den,2024,3,False,00-0039732,Bo Nix,00-0039732,Bo Nix,2024_01_DEN_SEA;2024_02_PIT_DEN,2024_03_DEN_TB;2024_04_DEN_NYJ,2,0.161290322581,0.0430107526882,-0.299457735011,0.14388958745,0.0172695963769,0.185580968821,0.0455168115738,2,0.0555555555556,0,-0.127363528887,0.138982085534,-0.0848802143546,0.173105620959,0.0342239066785,-0.105734767025,-0.0430107526882,0.172094206124,-0.004907501916,-0.102149810732
den,2024,4,False,00-0039732,Bo Nix,00-0039732,Bo Nix,2024_02_PIT_DEN;2024_03_DEN_TB,2024_04_DEN_NYJ;2024_05_LV_DEN,2,0.103448275862,0.0229885057471,-0.0421270497302,0.133507191402,-0.0375696031912,0.183960023749,0.0442992259973,2,0.0967741935484,0.0483870967742,-0.255358544363,0.169435736678,-0.0568826690151,0.159542619542,0.0204942354358,-0.00667408231368,0.0253985910271,-0.213231494633,0.0359285452755,-0.0193130658239
den,2024,5,False,00-0039732,Bo Nix,00-0039732,Bo Nix,2024_03_DEN_TB;2024_04_DEN_NYJ,2024_05_LV_DEN;2024_06_LAC_DEN,2,0.0555555555556,0,-0.127363528887,0.138982085534,-0.0848802143546,0.173105620959,0.0342239066785,2,0.118421052632,0.0657894736842,0.0400474166098,0.143342158025,-0.0254608208863,0.151442904921,0.0110232474491,0.062865497076,0.0657894736842,0.167410945496,0.004360072491,0.0594193934683
den,2024,6,False,00-0039732,Bo Nix,00-0039732,Bo Nix,2024_04_DEN_NYJ;2024_05_LV_DEN,2024_06_LAC_DEN;2024_07_DEN_NO,2,0.0967741935484,0.0483870967742,-0.255358544363,0.169435736678,-0.0568826690151,0.159542619542,0.0204942354358,2,0.0632911392405,0.0253164556962,0.018463622681,0.113007046474,-0.0712075240645,0.139959559606,-0.00144996189721,-0.0334830543079,-0.023070641078,0.273822167044,-0.0564286902035,-0.0143248550494
den,2024,7,False,00-0039732,Bo Nix,00-0039732,Bo Nix,2024_05_LV_DEN;2024_06_LAC_DEN,2024_07_DEN_NO;2024_08_CAR_DEN,2,0.118421052632,0.0657894736842,0.0400474166098,0.143342158025,-0.0254608208863,0.151442904921,0.0110232474491,2,0.025641025641,0.025641025641,0.0269832859078,0.0948059542799,-0.101911894864,0.128106719792,-0.0137262898046,-0.0927800269906,-0.0401484480432,-0.013064130702,-0.0485362037451,-0.0764510739772
den,2024,8,False,00-0039732,Bo Nix,00-0039732,Bo Nix,2024_06_LAC_DEN;2024_07_DEN_NO,2024_08_CAR_DEN;2024_09_DEN_BAL,2,0.0632911392405,0.0253164556962,0.018463622681,0.113007046474,-0.0712075240645,0.139959559606,-0.00144996189721,2,0.0795454545455,0.0681818181818,0.0139451275349,0.12696969697,-0.0598755578489,0.10815047022,-0.032238028935,0.0162543153049,0.0428653624856,-0.00451849514613,0.0139626504958,0.0113319662156
den,2024,9,False,00-0039732,Bo Nix,00-0039732,Bo Nix,2024_07_DEN_NO;2024_08_CAR_DEN,2024_09_DEN_BAL;2024_10_DEN_KC,2,0.025641025641,0.025641025641,0.0269832859078,0.0948059542799,-0.101911894864,0.128106719792,-0.0137262898046,2,0.125,0.075,0.0462701217779,0.167445482866,-0.0275206819098,0.089743462561,-0.0505440721435,0.099358974359,0.049358974359,0.0192868358701,0.0726395285861,0.0743912129538
den,2024,10,False,00-0039732,Bo Nix,00-0039732,Bo Nix,2024_08_CAR_DEN;2024_09_DEN_BAL,2024_10_DEN_KC;2024_11_ATL_DEN,2,0.0795454545455,0.0681818181818,0.0139451275349,0.12696969697,-0.0598755578489,0.10815047022,-0.032238028935,2,0.114285714286,0.0428571428571,0.394088704696,0.128185097861,-0.0246732737644,0.08357119219,-0.0577240248608,0.0347402597403,-0.0253246753247,0.380143577161,0.0012154008909,0.0352022840845
den,2024,11,False,00-0039732,Bo Nix,00-0039732,Bo Nix,2024_09_DEN_BAL;2024_10_DEN_KC,2024_11_ATL_DEN;2024_12_DEN_LV,2,0.125,0.075,0.0462701217779,0.167445482866,-0.0275206819098,0.089743462561,-0.0505440721435,2,0.0617283950617,0.0246913580247,0.386600558962,0.10964671882,-0.0723327532031,0.0843279340722,-0.0567377975649,-0.0632716049383,-0.0503086419753,0.340330437184,-0.0577987640458,-0.0448120712934
den,2024,12,False,00-0039732,Bo Nix,00-0039732,Bo Nix,2024_10_DEN_KC;2024_11_ATL_DEN,2024_12_DEN_LV;2024_13_CLE_DEN,2,0.114285714286,0.0428571428571,0.394088704696,0.128185097861,-0.0246732737644,0.08357119219,-0.0577240248608,2,0.0470588235294,0.0117647058824,0.192026147954,0.151394666014,-0.0990417074305,0.0847481021394,-0.0554875854925,-0.0672268907563,-0.0310924369748,-0.202062556742,0.0232095681537,-0.0743684336661
den,2024,13,False,00-0039732,Bo Nix,00-0039732,Bo Nix,2024_11_ATL_DEN;2024_12_DEN_LV,2024_13_CLE_DEN;2024_15_IND_DEN,2,0.0617283950617,0.0246913580247,0.386600558962,0.10964671882,-0.0723327532031,0.0843279340722,-0.0567377975649,2,0.0379746835443,0.0126582278481,-0.0727130486684,0.162870075851,-0.111939358554,0.0785369220152,-0.061154732811,-0.0237537115174,-0.0120331301766,-0.45931360763,0.0532233570303,-0.0396066053504
den,2024,15,False,00-0039732,Bo Nix,00-0039732,Bo Nix,2024_12_DEN_LV;2024_13_CLE_DEN,2024_15_IND_DEN;2024_16_DEN_LAC,2,0.0470588235294,0.0117647058824,0.192026147954,0.151394666014,-0.0990417074305,0.0847481021394,-0.0554875854925,2,0.0595238095238,0.0357142857143,-0.0390225435299,0.162035016022,-0.0902250035989,0.0687136216258,-0.0717479474079,0.0124649859944,0.0239495798319,-0.231048691484,0.0106403500075,0.00881670383161
den,2024,16,False,00-0039732,Bo Nix,00-0039732,Bo Nix,2024_13_CLE_DEN;2024_15_IND_DEN,2024_16_DEN_LAC;2024_17_DEN_CIN,2,0.0379746835443,0.0126582278481,-0.0727130486684,0.162870075851,-0.111939358554,0.0785369220152,-0.061154732811,2,0.0952380952381,0.047619047619,0.219402642531,0.167264316706,-0.0557038363031,0.0681437885869,-0.0742354030618,0.0572634116938,0.0349608197709,0.2921156912,0.004394240856,0.0562355222504
den,2024,17,False,00-0039732,Bo Nix,00-0039732,Bo Nix,2024_15_IND_DEN;2024_16_DEN_LAC,2024_17_DEN_CIN;2024_18_KC_DEN,2,0.0595238095238,0.0357142857143,-0.0390225435299,0.162035016022,-0.0902250035989,0.0687136216258,-0.0717479474079,2,0.0533333333333,0.0266666666667,0.472954397912,0.167824203727,-0.0972592940114,0.0768207044965,-0.068465450848,-0.00619047619048,-0.00904761904762,0.511976941442,0.0057891877045,-0.00703429041256
den,2025,3,False,00-0039732,Bo Nix,00-0039732,Bo Nix,2025_01_TEN_DEN;2025_02_DEN_IND,2025_03_DEN_LAC;2025_04_CIN_DEN,2,0.0595238095238,0.0119047619048,0.0751418928582,0.113364298932,-0.0736150012619,0.0654516855678,-0.0797375226387,2,0.0632911392405,0.0253164556962,0.139786837363,0.138763145066,-0.0782774534573,0.0588855652707,-0.0858762690111,0.0037673297167,0.0134116937914,0.0646449445046,0.0253988461345,-0.00466245219542
den,2025,4,False,00-0039732,Bo Nix,00-0039732,Bo Nix,2025_02_DEN_IND;2025_03_DEN_LAC,2025_04_CIN_DEN;2025_05_DEN_PHI,2,0.056338028169,0.0281690140845,0.146912831312,0.124893232426,-0.0806486899104,0.0594512195122,-0.0848305609954,2,0.101123595506,0.0224719101124,0.223835701557,0.124654021491,-0.0355108568615,0.0609496464705,-0.0832435991807,0.0447855673366,-0.00569710397215,0.0769228702444,-0.0002392109345,0.0451378330489
den,2025,5,False,00-0039732,Bo Nix,00-0039732,Bo Nix,2025_03_DEN_LAC;2025_04_CIN_DEN,2025_05_DEN_PHI;2025_06_DEN_NYJ,2,0.0632911392405,0.0253164556962,0.139786837363,0.138763145066,-0.0782774534573,0.0588855652707,-0.0858762690111,2,0.135802469136,0.037037037037,0.017213204623,0.101277908343,0.00657163561741,0.0691372519315,-0.0733325876727,0.0725113298953,0.0117205813408,-0.12257363274,-0.0374852367228,0.0848490890747
den,2025,6,False,00-0039732,Bo Nix,00-0039732,Bo Nix,2025_04_CIN_DEN;2025_05_DEN_PHI,2025_06_DEN_NYJ;2025_07_NYG_DEN,2,0.101123595506,0.0224719101124,0.223835701557,0.124654021491,-0.0355108568615,0.0609496464705,-0.0832435991807,2,0.0879120879121,0.032967032967,-0.0449321628281,0.11473937401,-0.046769101639,0.0788190993195,-0.0610169053256,-0.0132115075935,0.0104951228547,-0.268767864385,-0.00991464748125,-0.0112582447775
den,2025,7,False,00-0039732,Bo Nix,00-0039732,Bo Nix,2025_05_DEN_PHI;2025_06_DEN_NYJ,2025_07_NYG_DEN;2025_08_DAL_DEN,2,0.135802469136,0.037037037037,0.017213204623,0.101277908343,0.00657163561741,0.0691372519315,-0.0733325876727,2,0.0681818181818,0.0227272727273,0.198026520274,0.140294415639,-0.0730826749122,0.0779909231273,-0.0597369110299,-0.067620650954,-0.0143097643098,0.180813315651,0.0390165072953,-0.0796543105296
den,2025,8,False,00-0039732,Bo Nix,00-0039732,Bo Nix,2025_06_DEN_NYJ;2025_07_NYG_DEN,2025_08_DAL_DEN;2025_09_DEN_HOU,2,0.0879120879121,0.032967032967,-0.0449321628281,0.11473937401,-0.046769101639,0.0788190993195,-0.0610169053256,2,0.0684931506849,0.013698630137,0.216967431592,0.146385893326,-0.0754026852643,0.0794686207517,-0.057262885628,-0.0194189372272,-0.01926840283,0.26189959442,0.0316465193153,-0.0286335836253
den,2025,9,False,00-0039732,Bo Nix,00-0039732,Bo Nix,2025_07_NYG_DEN;2025_08_DAL_DEN,2025_09_DEN_HOU;2025_10_LV_DEN,2,0.0681818181818,0.0227272727273,0.198026520274,0.140294415639,-0.0730826749122,0.0779909231273,-0.0597369110299,2,0.109589041096,0.041095890411,-0.223958166241,0.123480308219,-0.0273236164175,0.0807861073925,-0.0562859590719,0.0414072229141,0.0183686176837,-0.421984686515,-0.0168141074195,0.0457590584947
den,2025,10,False,00-0039732,Bo Nix,00-0039732,Bo Nix,2025_08_DAL_DEN;2025_09_DEN_HOU,2025_10_LV_DEN;2025_11_KC_DEN,2,0.0684931506849,0.013698630137,0.216967431592,0.146385893326,-0.0754026852643,0.0794686207517,-0.057262885628,2,0.121621621622,0.0540540540541,-0.120940790421,0.133043981481,-0.0188993456347,0.0868524287527,-0.0507036864417,0.0531284709367,0.0403554239171,-0.337908222013,-0.013341911844,0.0565033396297
den,2025,11,False,00-0039732,Bo Nix,00-0039732,Bo Nix,2025_09_DEN_HOU;2025_10_LV_DEN,2025_11_KC_DEN;2025_13_DEN_WAS,2,0.109589041096,0.041095890411,-0.223958166241,0.123480308219,-0.0273236164175,0.0807861073925,-0.0562859590719,2,0.1,0.0333333333333,0.16006577932,0.148999729656,-0.0445600591174,0.0941295835834,-0.0438227048549,-0.00958904109589,-0.00776255707763,0.384023945562,0.0255194214375,-0.0172364426999
den,2025,13,False,00-0039732,Bo Nix,00-0039732,Bo Nix,2025_10_LV_DEN;2025_11_KC_DEN,2025_13_DEN_WAS;2025_14_DEN_LV,2,0.121621621622,0.0540540540541,-0.120940790421,0.133043981481,-0.0188993456347,0.0868524287527,-0.0507036864417,2,0.108695652174,0.0434782608696,0.203381409603,0.125412985017,-0.0287854067111,0.0986054308978,-0.0398228244578,-0.0129259694477,-0.0105757931845,0.324322200024,-0.0076309964645,-0.00988606107641
den,2025,14,False,00-0039732,Bo Nix,00-0039732,Bo Nix,2025_11_KC_DEN;2025_13_DEN_WAS,2025_14_DEN_LV;2025_15_GB_DEN,2,0.1,0.0333333333333,0.16006577932,0.148999729656,-0.0445600591174,0.0941295835834,-0.0438227048549,2,0.111111111111,0.037037037037,0.360696611639,0.14182330827,-0.0312469160539,0.0996896677618,-0.038847703996,0.0111111111111,0.0037037037037,0.200630832318,-0.007176421386,0.0133131430635
den,2025,15,False,00-0039732,Bo Nix,00-0039732,Bo Nix,2025_13_DEN_WAS;2025_14_DEN_LV,2025_15_GB_DEN;2025_16_JAX_DEN,2,0.108695652174,0.0434782608696,0.203381409603,0.125412985017,-0.0287854067111,0.0986054308978,-0.0398228244578,2,0.0909090909091,0.0113636363636,0.243012231735,0.150144787645,-0.0541051258979,0.0966776195692,-0.0434611116547,-0.0177865612648,-0.0321146245059,0.0396308221324,0.0247318026275,-0.0253197191868
den,2025,16,False,00-0039732,Bo Nix,00-0039732,Bo Nix,2025_14_DEN_LV;2025_15_GB_DEN,2025_16_JAX_DEN;2025_17_DEN_KC,2,0.111111111111,0.037037037037,0.360696611639,0.14182330827,-0.0312469160539,0.0996896677618,-0.038847703996,2,0.115789473684,0.0210526315789,0.0806834357524,0.158366386864,-0.0326703058835,0.0971224346929,-0.044425611301,0.0046783625731,-0.0159844054581,-0.280013175886,0.016543078594,-0.00142338982959
den,2025,17,False,00-0039732,Bo Nix,00-0039732,Bo Nix,2025_15_GB_DEN;2025_16_JAX_DEN,2025_17_DEN_KC;2025_18_LAC_DEN,2,0.0909090909091,0.0113636363636,0.243012231735,0.150144787645,-0.0541051258979,0.0966776195692,-0.0434611116547,2,0.164556962025,0.0632911392405,0.0441070904587,0.164877443376,0.0124547055186,0.103501934995,-0.0390522012135,0.0736478711162,0.0519275028769,-0.198905141276,0.0147326557315,0.0665598314165
det,2022,3,False,00-0033106,Jared Goff,00-0033106,Jared Goff,2022_01_PHI_DET;2022_02_WAS_DET,2022_03_DET_MIN;2022_04_SEA_DET,2,0.205128205128,0.0512820512821,0.0349969379687,,,,,2,0.054347826087,0.0108695652174,0.189560827827,,,,,-0.150780379041,-0.0404124860647,0.154563889858,,
det,2022,4,False,00-0033106,Jared Goff,00-0033106,Jared Goff,2022_02_WAS_DET;2022_03_DET_MIN,2022_04_SEA_DET;2022_05_DET_NE,2,0.148148148148,0.037037037037,0.112110802667,,,,,2,0.101123595506,0.0337078651685,-0.122071413922,0.124137931034,,0.123529411765,,-0.0470245526425,-0.0033291718685,-0.23418221659,,
det,2022,5,False,00-0033106,Jared Goff,00-0033106,Jared Goff,2022_03_DET_MIN;2022_04_SEA_DET,2022_05_DET_NE;2022_07_DET_DAL,2,0.054347826087,0.0108695652174,0.189560827827,,,,,2,0.148648648649,0.0945945945946,-0.399728215906,0.162068965517,,0.125745748537,,0.0943008225617,0.0837250293772,-0.589289043733,,
det,2022,7,False,00-0033106,Jared Goff,00-0033106,Jared Goff,2022_04_SEA_DET;2022_05_DET_NE,2022_07_DET_DAL;2022_08_MIA_DET,2,0.101123595506,0.0337078651685,-0.122071413922,0.124137931034,,0.123529411765,,2,0.12,0.08,0.0102637070801,0.157291666667,-0.031335896712,0.129554813146,,0.0188764044944,0.0462921348315,0.132335121003,0.0331537356325,
det,2022,8,False,00-0033106,Jared Goff,00-0033106,Jared Goff,2022_05_DET_NE;2022_07_DET_DAL,2022_08_MIA_DET;2022_09_GB_DET,2,0.148648648649,0.0945945945946,-0.399728215906,0.162068965517,,0.125745748537,,2,0.0985915492958,0.0140845070423,0.160118901891,0.139620983935,-0.0348651931207,0.128510833429,,-0.0500570993529,-0.0805100875523,0.559847117796,-0.0224479815815,
det,2022,9,False,00-0033106,Jared Goff,00-0033106,Jared Goff,2022_07_DET_DAL;2022_08_MIA_DET,2022_09_GB_DET;2022_10_DET_CHI,2,0.12,0.08,0.0102637070801,0.157291666667,-0.031335896712,0.129554813146,,2,0.0967741935484,0.0322580645161,0.33826078276,0.12622244704,-0.0337388821511,0.124841824842,,-0.0232258064516,-0.0477419354839,0.32799707568,-0.0310692196265,-0.00240298543912
det,2022,10,False,00-0033106,Jared Goff,00-0033106,Jared Goff,2022_08_MIA_DET;2022_09_GB_DET,2022_10_DET_CHI;2022_11_DET_NYG,2,0.0985915492958,0.0140845070423,0.160118901891,0.139620983935,-0.0348651931207,0.128510833429,,2,0.0952380952381,0.031746031746,0.366580153145,0.117560841369,-0.0338324493947,0.120536683729,,-0.00335345405768,0.0176615247038,0.206461251254,-0.022060142566,0.00103274372593
det,2022,11,False,00-0033106,Jared Goff,00-0033106,Jared Goff,2022_09_GB_DET;2022_10_DET_CHI,2022_11_DET_NYG;2022_12_BUF_DET,2,0.0967741935484,0.0322580645161,0.33826078276,0.12622244704,-0.0337388821511,0.124841824842,,2,0.169014084507,0.0281690140845,0.151747021322,0.138274453172,0.0299516229565,0.106965255157,-0.0343796494286,0.0722398909587,-0.00408905043162,-0.186513761438,0.0120520061315,0.0636905051076
det,2022,12,False,00-0033106,Jared Goff,00-0033106,Jared Goff,2022_10_DET_CHI;2022_11_DET_NYG,2022_12_BUF_DET;2022_13_JAX_DET,2,0.0952380952381,0.031746031746,0.366580153145,0.117560841369,-0.0338324493947,0.120536683729,,2,0.162790697674,0.046511627907,0.331131416126,0.123336900303,0.0265087859943,0.108939393939,-0.0208508336439,0.0675526024363,0.0147655961609,-0.0354487370191,0.0057760589335,0.0603412353891
det,2022,13,False,00-0033106,Jared Goff,00-0033106,Jared Goff,2022_11_DET_NYG;2022_12_BUF_DET,2022_13_JAX_DET;2022_14_MIN_DET,2,0.169014084507,0.0281690140845,0.151747021322,0.138274453172,0.0299516229565,0.106965255157,-0.0343796494286,2,0.093023255814,0.0232558139535,0.445283808941,0.119377059,-0.0412593423644,0.125231910946,-0.00894991217488,-0.0759908286931,-0.00491320013102,0.293536787619,-0.018897394172,-0.0712109653209
det,2022,14,False,00-0033106,Jared Goff,00-0033106,Jared Goff,2022_12_BUF_DET;2022_13_JAX_DET,2022_14_MIN_DET;2022_15_DET_NYJ,2,0.162790697674,0.046511627907,0.331131416126,0.123336900303,0.0265087859943,0.108939393939,-0.0208508336439,2,0.101265822785,0,0.363613479695,0.151281341357,-0.042399328063,0.124149659864,-0.0145411188941,-0.0615248748896,-0.046511627907,0.032482063569,0.027944441054,-0.0689081140573
det,2022,15,False,00-0033106,Jared Goff,00-0033106,Jared Goff,2022_13_JAX_DET;2022_14_MIN_DET,2022_15_DET_NYJ;2022_16_DET_CAR,2,0.093023255814,0.0232558139535,0.445283808941,0.119377059,-0.0412593423644,0.125231910946,-0.00894991217488,2,0.136363636364,0.0227272727273,0.337356164322,0.16300286214,-0.0116180380254,0.118052237617,-0.0187449653895,0.0433403805497,-0.000528541226216,-0.107927644619,0.0436258031405,0.029641304339
det,2022,16,False,00-0033106,Jared Goff,00-0033106,Jared Goff,2022_14_MIN_DET;2022_15_DET_NYJ,2022_16_DET_CAR;2022_17_CHI_DET,2,0.101265822785,0,0.363613479695,0.151281341357,-0.042399328063,0.124149659864,-0.0145411188941,2,0.121951219512,0.0487804878049,0.336131383775,0.103019762049,-0.0114660058203,0.120417678908,-0.0168802680681,0.0206853967274,0.0487804878049,-0.0274820959202,-0.0482615793083,0.0309333222427
det,2022,17,False,00-0033106,Jared Goff,00-0033106,Jared Goff,2022_15_DET_NYJ;2022_16_DET_CAR,2022_17_CHI_DET;2022_18_DET_GB,2,0.136363636364,0.0227272727273,0.337356164322,0.16300286214,-0.0116180380254,0.118052237617,-0.0187449653895,2,0.0857142857143,0.0428571428571,0.210292672032,0.108833159178,-0.0491255714756,0.123179573395,-0.0140672733445,-0.0506493506494,0.0201298701299,-0.12706349229,-0.0541697029619,-0.0375075334502
det,2023,3,False,00-0033106,Jared Goff,00-0033106,Jared Goff,2023_01_DET_KC;2023_02_SEA_DET,2023_03_ATL_DET;2023_04_DET_GB,2,0.133333333333,0.04,0.120360692846,0.164435487035,-0.0189404138824,0.121065123869,-0.019185110359,2,0.217391304348,0.0289855072464,0.0646769683488,0.143676992709,0.0737156637421,0.120735013961,-0.0220238611722,0.0840579710145,-0.0110144927536,-0.0556837244968,-0.020758494325,0.0926560776244
det,2023,4,False,00-0033106,Jared Goff,00-0033106,Jared Goff,2023_02_SEA_DET;2023_03_ATL_DET,2023_04_DET_GB;2023_05_CAR_DET,2,0.197368421053,0.0263157894737,0.114636414656,0.140536828794,0.0538987659004,0.11717399584,-0.02462773196,2,0.209677419355,0.0645161290323,0.129238530802,0.155636198141,0.0604691122487,0.135500734652,-0.00856004589752,0.0123089983022,0.0382003395586,0.0146021161462,0.015099369347,0.00657034634835
det,2023,5,False,00-0033106,Jared Goff,00-0033106,Jared Goff,2023_03_ATL_DET;2023_04_DET_GB,2023_05_CAR_DET;2023_06_DET_TB,2,0.217391304348,0.0289855072464,0.0646769683488,0.143676992709,0.0737156637421,0.120735013961,-0.0220238611722,2,0.128205128205,0.0641025641026,0.316630940466,0.152963700571,-0.0214504413279,0.147722665225,0.0030936282728,-0.0891861761427,0.0351170568562,0.251953972117,0.009286707861,-0.0951661050699
det,2023,6,False,00-0033106,Jared Goff,00-0033106,Jared Goff,2023_04_DET_GB;2023_05_CAR_DET,2023_06_DET_TB;2023_07_DET_BAL,2,0.209677419355,0.0645161290323,0.129238530802,0.155636198141,0.0604691122487,0.135500734652,-0.00856004589752,2,0.101851851852,0.0740740740741,0.0510761678481,0.162766721595,-0.0512146160512,0.146736091697,0.00193424055348,-0.107825567503,0.00955794504182,-0.0781623629543,0.0071305234545,-0.1116837283
det,2023,7,False,00-0033106,Jared Goff,00-0033106,Jared Goff,2023_05_CAR_DET;2023_06_DET_TB,2023_07_DET_BAL;2023_08_LV_DET,2,0.128205128205,0.0641025641026,0.316630940466,0.152963700571,-0.0214504413279,0.147722665225,0.0030936282728,2,0.131313131313,0.0606060606061,-0.181878844512,0.136206547076,-0.0140688912502,0.142080479452,-0.005597488569,0.003108003108,-0.0034965034965,-0.498509784979,-0.016757153494,0.00738155007774
det,2023,8,False,00-0033106,Jared Goff,00-0033106,Jared Goff,2023_06_DET_TB;2023_07_DET_BAL,2023_08_LV_DET;2023_10_DET_LAC,2,0.101851851852,0.0740740740741,0.0510761678481,0.162766721595,-0.0512146160512,0.146736091697,0.00193424055348,2,0.0945945945946,0.0135135135135,0.13528811567,0.113701981665,-0.0397880524405,0.14664135514,-0.0021869172693,-0.00725725725726,-0.0605605605606,0.084211947822,-0.049064739931,0.0114265636107
det,2023,10,False,00-0033106,Jared Goff,00-0033106,Jared Goff,2023_07_DET_BAL;2023_08_LV_DET,2023_10_DET_LAC;2023_11_CHI_DET,2,0.131313131313,0.0606060606061,-0.181878844512,0.136206547076,-0.0140688912502,0.142080479452,-0.005597488569,2,0.135135135135,0.027027027027,0.191933129753,0.121910726942,-0.00221485954555,0.14664135514,-5.01202791907e-05,0.003822003822,-0.033579033579,0.373811974265,-0.0142958201345,0.0118540317046
det,2023,11,False,00-0033106,Jared Goff,00-0033106,Jared Goff,2023_08_LV_DET;2023_10_DET_LAC,2023_11_CHI_DET;2023_12_GB_DET,2,0.0945945945946,0.0135135135135,0.13528811567,0.113701981665,-0.0397880524405,0.14664135514,-0.0021869172693,2,0.215053763441,0.0537634408602,-0.098116567789,0.130825854196,0.0740140611672,0.146875,0.00191628638783,0.120459168846,0.0402499273467,-0.233404683459,0.0171238725315,0.113802113608
det,2023,12,False,00-0033106,Jared Goff,00-0033106,Jared Goff,2023_10_DET_LAC;2023_11_CHI_DET,2023_12_GB_DET;2023_13_DET_NO,2,0.135135135135,0.027027027027,0.191933129753,0.121910726942,-0.00221485954555,0.14664135514,-5.01202791907e-05,2,0.197530864198,0.0493827160494,0.00200471140704,0.117068309891,0.0587241632832,0.150667655786,0.00610096845768,0.0623957290624,0.0223556890224,-0.189928418346,-0.00484241705075,0.0609390228288
det,2023,13,False,00-0033106,Jared Goff,00-0033106,Jared Goff,2023_11_CHI_DET;2023_12_GB_DET,2023_13_DET_NO;2023_14_DET_CHI,2,0.215053763441,0.0537634408602,-0.098116567789,0.130825854196,0.0740140611672,0.146875,0.00191628638783,2,0.191176470588,0.0735294117647,0.0157287988753,0.113139170227,0.0554793379282,0.149462836509,0.00549954779909,-0.0238772928526,0.0197659709045,0.113845366664,-0.0176866839688,-0.0185347232391
det,2023,14,False,00-0033106,Jared Goff,00-0033106,Jared Goff,2023_12_GB_DET;2023_13_DET_NO,2023_14_DET_CHI;2023_15_DEN_DET,2,0.197530864198,0.0493827160494,0.00200471140704,0.117068309891,0.0587241632832,0.150667655786,0.00610096845768,2,0.205128205128,0.0769230769231,0.107483183715,0.148826991909,0.0593558242838,0.148139204046,0.00547783973892,0.00759734093067,0.0275403608737,0.105478472308,0.0317586820173,0.000631661000602
det,2023,15,False,00-0033106,Jared Goff,00-0033106,Jared Goff,2023_13_DET_NO;2023_14_DET_CHI,2023_15_DEN_DET;2023_16_DET_MIN,2,0.191176470588,0.0735294117647,0.0157287988753,0.113139170227,0.0554793379282,0.149462836509,0.00549954779909,2,0.125,0.0375,0.388552479606,0.149152276842,-0.0209543344571,0.157175348624,0.0149701420246,-0.0661764705882,-0.0360294117647,0.372823680731,0.0360131066147,-0.0764336723852
det,2023,16,False,00-0033106,Jared Goff,00-0033106,Jared Goff,2023_14_DET_CHI;2023_15_DEN_DET,2023_16_DET_MIN;2023_17_DET_DAL,2,0.205128205128,0.0769230769231,0.107483183715,0.148826991909,0.0593558242838,0.148139204046,0.00547783973892,2,0.128205128205,0.025641025641,0.235934926047,0.14638704319,-0.0166777573215,0.162196404666,0.0213714504174,-0.0769230769231,-0.0512820512821,0.128451742332,-0.002439948719,-0.0760335816053
det,2023,17,False,00-0033106,Jared Goff,00-0033106,Jared Goff,2023_15_DEN_DET;2023_16_DET_MIN,2023_17_DET_DAL;2023_18_MIN_DET,2,0.125,0.0375,0.388552479606,0.149152276842,-0.0209543344571,0.157175348624,0.0149701420246,2,0.144927536232,0.0289855072464,0.22882701396,0.140759656865,0.00164733572719,0.162966365538,0.0223155127082,0.0199275362319,-0.00851449275362,-0.159725465646,-0.008392619977,0.0226016701843
det,2024,3,False,00-0033106,Jared Goff,00-0033106,Jared Goff,2024_01_LA_DET;2024_02_TB_DET,2024_03_DET_ARI;2024_04_SEA_DET,2,0.168539325843,0.0224719101124,-0.142997354323,0.104556074766,0.0404859673788,0.168265327921,0.0264526074875,2,0.12,0.1,0.494475611543,0.131816464464,-0.0202120253592,0.153841208615,0.0158900166957,-0.0485393258427,0.0775280898876,0.637472965866,0.027260389698,-0.060697992738
det,2024,14,False,00-0033106,Jared Goff,00-0033106,Jared Goff,2024_12_DET_IND;2024_13_CHI_DET,2024_14_GB_DET;2024_15_BUF_DET,2,0.157894736842,0.0657894736842,0.125017716199,0.163998791905,0.00755238629412,0.16498458088,0.0217237820191,2,0.119266055046,0.0366972477064,0.317244806717,0.13572198639,-0.0226195993359,0.152027319097,0.007924985765,-0.0386286817962,-0.0290922259778,0.192227090518,-0.028276805516,-0.03017198563
det,2024,15,False,00-0033106,Jared Goff,00-0033106,Jared Goff,2024_13_CHI_DET;2024_14_GB_DET,2024_15_BUF_DET;2024_16_DET_CHI,2,0.0740740740741,0.037037037037,0.178555240826,0.157902554962,-0.0738118779061,0.168793722821,0.0241457650679,2,0.134020618557,0.0412371134021,0.377436979547,0.144268090683,-0.00962174551258,0.138066180787,-0.00478780048027,0.0599465444826,0.00420007636502,0.198881738721,-0.013634464279,0.0641901323936
det,2024,16,False,00-0033106,Jared Goff,00-0033106,Jared Goff,2024_14_GB_DET;2024_15_BUF_DET,2024_16_DET_CHI;2024_17_DET_SF,2,0.119266055046,0.0366972477064,0.317244806717,0.13572198639,-0.0226195993359,0.152027319097,0.007924985765,2,0.1,0.0428571428571,0.507478347591,0.141176633983,-0.0426409934947,0.129734530016,-0.0136866537609,-0.0192660550459,0.00615989515072,0.190233540875,0.005454647593,-0.0200213941588
det,2024,17,False,00-0033106,Jared Goff,00-0033106,Jared Goff,2024_15_BUF_DET;2024_16_DET_CHI,2024_17_DET_SF;2024_18_MIN_DET,2,0.134020618557,0.0412371134021,0.377436979547,0.144268090683,-0.00962174551258,0.138066180787,-0.00478780048027,2,0.13698630137,0.0547945205479,0.284987315276,0.12868691901,-0.00138718332907,0.122116270409,-0.0218733587084,0.00296568281316,0.0135574071459,-0.0924496642719,-0.015581171673,0.00823456218351
det,2025,3,False,00-0033106,Jared Goff,00-0033106,Jared Goff,2025_01_DET_GB;2025_02_CHI_DET,2025_03_DET_BAL;2025_04_CLE_DET,2,0.175675675676,0.0540540540541,0.345589165783,0.144616788321,0.0338333152396,0.130939527287,-0.0113549556883,2,0.183333333333,0,0.217576752371,0.171792314581,0.0314075256927,0.135148299976,-0.00709996234562,0.00765765765766,-0.0540540540541,-0.128012413411,0.02717552626,-0.00242578954691
det,2025,4,False,00-0033106,Jared Goff,00-0033106,Jared Goff,2025_02_CHI_DET;2025_03_DET_BAL,2025_04_CLE_DET;2025_05_DET_CIN,2,0.166666666667,0,0.636806365463,0.150035863466,0.0217515671179,0.134764638347,-0.00818343759993,2,0.206896551724,0.0689655172414,0.197202053174,0.165637945319,0.0566775068993,0.14783554694,0.00535368824547,0.0402298850575,0.0689655172414,-0.439604312289,0.0156020818535,0.0349259397813
det,2025,5,False,00-0033106,Jared Goff,00-0033106,Jared Goff,2025_03_DET_BAL;2025_04_CLE_DET,2025_05_DET_CIN;2025_06_DET_KC,2,0.183333333333,0,0.217576752371,0.171792314581,0.0314075256927,0.135148299976,-0.00709996234562,2,0.183333333333,0.0833333333333,0.323967029314,0.143014705883,0.0400922185818,0.159392183818,0.016055753425,0,0.0833333333333,0.106390276942,-0.0287776086985,0.0086846928891
det,2025,6,False,00-0033106,Jared Goff,00-0033106,Jared Goff,2025_04_CLE_DET;2025_05_DET_CIN,2025_06_DET_KC;2025_07_TB_DET,2,0.206896551724,0.0689655172414,0.197202053174,0.165637945319,0.0566775068993,0.14783554694,0.00535368824547,2,0.188405797101,0.0724637681159,0.00401890101348,0.153106287425,0.0423296218257,0.166359215161,0.0230726147247,-0.0184907546227,0.00349825087456,-0.19318315216,-0.012531657894,-0.0143478850736
det,2025,7,False,00-0033106,Jared Goff,00-0033106,Jared Goff,2025_05_DET_CIN;2025_06_DET_KC,2025_07_TB_DET;2025_09_MIN_DET,2,0.183333333333,0.0833333333333,0.323967029314,0.143014705883,0.0400922185818,0.159392183818,0.016055753425,2,0.25,0.1125,-0.0362061257635,0.149803055486,0.104682894502,0.177902621723,0.0341712918135,0.0666666666667,0.0291666666667,-0.360173155077,0.0067883496035,0.0645906759202
det,2025,13,False,00-0033106,Jared Goff,00-0033106,Jared Goff,2025_11_DET_PHI;2025_12_NYG_DET,2025_13_GB_DET;2025_14_DAL_DET,2,0.164705882353,0.0588235294118,-0.234332455844,0.142977667494,0.0221637397599,0.194046479836,0.0474700495576,2,0.211267605634,0.056338028169,0.323897912379,0.164204902577,0.0605684467629,0.191771342786,0.0469518140025,0.0465617232809,-0.00248550124275,0.558230368223,0.021227235083,0.038404707003
det,2025,14,False,00-0033106,Jared Goff,00-0033106,Jared Goff,2025_12_NYG_DET;2025_13_GB_DET,2025_14_DAL_DET;2025_15_DET_LA,2,0.179487179487,0.0769230769231,0.084075417711,0.137151264168,0.038847098939,0.192683536395,0.046528868432,2,0.19512195122,0.0243902439024,0.331129650111,0.161929048879,0.0459846238903,0.192664361416,0.0476947540849,0.0156347717323,-0.0525328330206,0.2470542324,0.0247777847115,0.00713752495136
det,2025,15,False,00-0033106,Jared Goff,00-0033106,Jared Goff,2025_13_GB_DET;2025_14_DAL_DET,2025_15_DET_LA;2025_16_PIT_DET,2,0.211267605634,0.056338028169,0.323897912379,0.164204902577,0.0605684467629,0.191771342786,0.0469518140025,2,0.161904761905,0.0380952380952,0.227934102266,0.124538848,0.0258210322348,0.193807435255,0.0480904915039,-0.049362843729,-0.0182427900738,-0.0959638101133,-0.0396660545765,-0.0347474145281
det,2025,16,False,00-0033106,Jared Goff,00-0033106,Jared Goff,2025_14_DAL_DET;2025_15_DET_LA,2025_16_PIT_DET;2025_17_DET_MIN,2,0.19512195122,0.0243902439024,0.331129650111,0.161929048879,0.0459846238903,0.192664361416,0.0476947540849,2,0.177083333333,0.0833333333333,-0.00393991778521,0.145754658138,0.0363887132419,0.189589169,0.0454176185751,-0.0180386178862,0.0589430894309,-0.335069567896,-0.0161743907405,-0.00959591064843
det,2025,17,False,00-0033106,Jared Goff,00-0033106,Jared Goff,2025_15_DET_LA;2025_16_PIT_DET,2025_17_DET_MIN;2025_18_DET_CHI,2,0.161904761905,0.0380952380952,0.227934102266,0.124538848,0.0258210322348,0.193807435255,0.0480904915039,2,0.20253164557,0.101265822785,0.0208930624041,0.161780571027,0.0535485830953,0.180300337658,0.036798983954,0.0406268836649,0.0631705846896,-0.207041039861,0.0372417230265,0.0277275508605
gb,2022,4,False,00-0023459,Aaron Rodgers,00-0023459,Aaron Rodgers,2022_02_CHI_GB;2022_03_GB_TB,2022_04_NE_GB;2022_05_NYG_GB,2,0.149253731343,0.0597014925373,0.232113670922,,,,,2,0.111111111111,0.037037037037,0.0458259061351,0.137931034483,,0.122448979592,,-0.0381426202322,-0.0226644555003,-0.186287764787,,
gb,2022,9,False,00-0023459,Aaron Rodgers,00-0023459,Aaron Rodgers,2022_07_GB_WAS;2022_08_GB_BUF,2022_09_GB_DET;2022_10_DAL_GB,2,0.0657894736842,0.0263157894737,-0.00418540949961,0.197275641026,-0.0326133481931,0.127971905946,,2,0.0921052631579,0.0394736842105,0.0298603460049,0.15506770211,-0.046881576863,0.117487957795,,0.0263157894737,0.0131578947368,0.0340457555045,-0.0422079389155,-0.01426822867
gb,2022,10,False,00-0023459,Aaron Rodgers,00-0023459,Aaron Rodgers,2022_08_GB_BUF;2022_09_GB_DET,2022_10_DAL_GB;2022_11_TEN_GB,2,0.103448275862,0.0344827586207,-0.0762953697306,0.143624207334,-0.0334841165728,0.119631799904,,2,0.0769230769231,0.0461538461538,0.154882731144,0.170965070761,-0.0692652872373,0.113654383448,,-0.026525198939,0.0116710875332,0.231178100874,0.0273408634275,-0.0357811706645
gb,2023,3,False,00-0036264,Jordan Love,00-0036264,Jordan Love,2023_01_GB_CHI;2023_02_GB_ATL,2023_03_NO_GB;2023_04_DET_GB,2,0.101694915254,0.0338983050847,0.480720951292,0.0968553459118,-0.0262610119741,0.105352359084,-0.0342591991265,2,0.145833333333,0.0625,-0.101913574389,0.154413482883,-0.00170770644178,0.102381838977,-0.0351910399352,0.0441384180791,0.0286016949153,-0.58263452568,0.0575581369717,0.0245533055323
gb,2023,4,False,00-0036264,Jordan Love,00-0036264,Jordan Love,2023_02_GB_ATL;2023_03_NO_GB,2023_04_DET_GB;2023_05_GB_LV,2,0.0731707317073,0.0243902439024,0.173709393425,0.142376445846,-0.0713624593758,0.108457064564,-0.0290488544654,2,0.166666666667,0.0897435897436,-0.340912740987,0.133498224251,0.0241055819854,0.111227516715,-0.0282538672994,0.0934959349593,0.0653533458412,-0.514622134413,-0.008878221595,0.0954680413612
gb,2023,5,False,00-0036264,Jordan Love,00-0036264,Jordan Love,2023_03_NO_GB;2023_04_DET_GB,2023_05_GB_LV;2023_07_GB_DEN,2,0.145833333333,0.0625,-0.101913574389,0.154413482883,-0.00170770644178,0.102381838977,-0.0351910399352,2,0.0714285714286,0.0285714285714,-0.0351213342429,0.110855126608,-0.0631104163256,0.123511223088,-0.0177272782099,-0.0744047619048,-0.0339285714286,0.0667922401459,-0.043558356275,-0.0614027098838
gb,2023,7,False,00-0036264,Jordan Love,00-0036264,Jordan Love,2023_04_DET_GB;2023_05_GB_LV,2023_07_GB_DEN;2023_08_MIN_GB,2,0.166666666667,0.0897435897436,-0.340912740987,0.133498224251,0.0241055819854,0.111227516715,-0.0282538672994,2,0.123595505618,0.0449438202247,0.0246764548122,0.123941400762,-0.0153728369818,0.120297643654,-0.0204212155018,-0.0430711610487,-0.0447997695189,0.365589195799,-0.009556823489,-0.0394784189672
gb,2023,8,False,00-0036264,Jordan Love,00-0036264,Jordan Love,2023_05_GB_LV;2023_07_GB_DEN,2023_08_MIN_GB;2023_09_LA_GB,2,0.0714285714286,0.0285714285714,-0.0351213342429,0.110855126608,-0.0631104163256,0.123511223088,-0.0177272782099,2,0.152941176471,0.0941176470588,-0.0693569228827,0.132189476374,0.0116895338409,0.125078173859,-0.0153506852375,0.081512605042,0.0655462184874,-0.0342355886398,0.0213343497655,0.0747999501665
gb,2023,9,False,00-0036264,Jordan Love,00-0036264,Jordan Love,2023_07_GB_DEN;2023_08_MIN_GB,2023_09_LA_GB;2023_10_GB_PIT,2,0.123595505618,0.0449438202247,0.0246764548122,0.123941400762,-0.0153728369818,0.120297643654,-0.0204212155018,2,0.131578947368,0.0657894736842,0.1199495253,0.148856786628,-0.0164774320026,0.125392886683,-0.0145385414956,0.00798344175044,0.0208456534595,0.0952730704876,0.024915385866,-0.0011045950208
gb,2023,10,False,00-0036264,Jordan Love,00-0036264,Jordan Love,2023_08_MIN_GB;2023_09_LA_GB,2023_10_GB_PIT;2023_11_LAC_GB,2,0.152941176471,0.0941176470588,-0.0693569228827,0.132189476374,0.0116895338409,0.125078173859,-0.0153506852375,2,0.133333333333,0.0444444444444,0.202503850123,0.149645057865,-0.0134770841825,0.122828784119,-0.0184276901234,-0.0196078431373,-0.0496732026144,0.271860773006,0.017455581491,-0.0251666180234
gb,2023,11,False,00-0036264,Jordan Love,00-0036264,Jordan Love,2023_09_LA_GB;2023_10_GB_PIT,2023_11_LAC_GB;2023_12_GB_DET,2,0.131578947368,0.0657894736842,0.1199495253,0.148856786628,-0.0164774320026,0.125392886683,-0.0145385414956,2,0.139240506329,0.0379746835443,0.300917958363,0.138943106755,-0.00339280902067,0.126054590571,-0.0171810508871,0.00766155896069,-0.0278147901399,0.180968433063,-0.009913679874,0.0130846229819
gb,2023,12,False,00-0036264,Jordan Love,00-0036264,Jordan Love,2023_10_GB_PIT;2023_11_LAC_GB,2023_12_GB_DET;2023_13_KC_GB,2,0.133333333333,0.0444444444444,0.202503850123,0.149645057865,-0.0134770841825,0.122828784119,-0.0184276901234,2,0.108108108108,0.027027027027,0.354223085512,0.173846153846,-0.047254021789,0.13439190543,-0.00860521089682,-0.0252252252252,-0.0174174174174,0.151719235389,0.024201095981,-0.0337769376066
gb,2023,13,False,00-0036264,Jordan Love,00-0036264,Jordan Love,2023_11_LAC_GB;2023_12_GB_DET,2023_13_KC_GB;2023_14_GB_NYG,2,0.139240506329,0.0379746835443,0.300917958363,0.138943106755,-0.00339280902067,0.126054590571,-0.0171810508871,2,0.156626506024,0.0481927710843,0.202735865202,0.158823529412,0.00745016887678,0.129436904924,-0.0143146144733,0.017385999695,0.01021808754,-0.0981820931614,0.0198804226575,0.0108429778975
gb,2023,14,False,00-0036264,Jordan Love,00-0036264,Jordan Love,2023_12_GB_DET;2023_13_KC_GB,2023_14_GB_NYG;2023_15_TB_GB,2,0.108108108108,0.027027027027,0.354223085512,0.173846153846,-0.047254021789,0.13439190543,-0.00860521089682,2,0.174418604651,0.046511627907,0.0730431597026,0.116052445074,0.0386724086073,0.128368467976,-0.0162201421602,0.0663104965431,0.0194846008799,-0.28117992581,-0.0577937087715,0.0859264303963
gb,2023,15,False,00-0036264,Jordan Love,00-0036264,Jordan Love,2023_13_KC_GB;2023_14_GB_NYG,2023_15_TB_GB;2023_16_GB_CAR,2,0.156626506024,0.0481927710843,0.202735865202,0.158823529412,0.00745016887678,0.129436904924,-0.0143146144733,2,0.105263157895,0.0394736842105,0.257704080255,0.114091660761,-0.0297299099046,0.140449130495,-0.00405368860873,-0.0513633481294,-0.00871908687381,0.0549682150528,-0.0447318686515,-0.0371800787813
gb,2024,6,False,00-0036264,Jordan Love,00-0036264,Jordan Love,2024_04_MIN_GB;2024_05_GB_LA,2024_06_ARI_GB;2024_07_HOU_GB,2,0.149425287356,0.0344827586207,-0.0440760655189,0.125302922309,0.00936307714896,0.105003041362,-0.0342685291399,2,0.106666666667,0.04,0.291633906651,0.137811302682,-0.0363808281139,0.0974780058651,-0.0418761969789,-0.0427586206897,0.00551724137931,0.33570997217,0.0125083803725,-0.0457439052629
gb,2024,12,False,00-0036264,Jordan Love,00-0036264,Jordan Love,2024_09_DET_GB;2024_11_GB_CHI,2024_12_SF_GB;2024_13_MIA_GB,2,0.0634920634921,0.015873015873,0.140051330859,0.169778360083,-0.0897537451059,0.112290289781,-0.0285508471785,2,0.107142857143,0.0357142857143,0.392527569767,0.133071272699,-0.0337301191782,0.112875130643,-0.0302473589776,0.0436507936508,0.0198412698413,0.252476238908,-0.036707087384,0.0560236259278
gb,2024,13,False,00-0036264,Jordan Love,00-0036264,Jordan Love,2024_11_GB_CHI;2024_12_SF_GB,2024_13_MIA_GB;2024_14_GB_DET,2,0.102040816327,0.0612244897959,0.407447641167,0.159827555074,-0.0472678152713,0.110108531045,-0.0324313878066,2,0.178571428571,0.0178571428571,0.349286879024,0.129388186779,0.0388817350331,0.105166153169,-0.0381835366762,0.0765306122449,-0.0433673469388,-0.0581607621423,-0.030439368295,0.0861495503044
gb,2024,14,False,00-0036264,Jordan Love,00-0036264,Jordan Love,2024_12_SF_GB;2024_13_MIA_GB,2024_14_GB_DET;2024_15_GB_SEA,2,0.107142857143,0.0357142857143,0.392527569767,0.133071272699,-0.0337301191782,0.112875130643,-0.0302473589776,2,0.228070175439,0.0175438596491,0.376723732782,0.13395196696,0.0870955080362,0.106140377965,-0.0373943898928,0.120927318296,-0.0181704260652,-0.0158038369854,0.000880694261,0.120825627214
gb,2025,3,False,00-0036264,Jordan Love,00-0036264,Jordan Love,2025_01_DET_GB;2025_02_WAS_GB,2025_03_GB_CLE;2025_04_GB_DAL,2,0.0983606557377,0.0327868852459,0.332085191758,0.138871277528,-0.0420119623514,0.167385057472,0.0248948671244,2,0.129411764706,0.0705882352941,0.334264905916,0.16103566843,-0.0174577784205,0.169967213115,0.0276891512092,0.0310511089682,0.0378013500482,0.00217971415853,0.022164390901,0.0245541839309
gb,2025,4,False,00-0036264,Jordan Love,00-0036264,Jordan Love,2025_02_WAS_GB;2025_03_GB_CLE,2025_04_GB_DAL;2025_06_CIN_GB,2,0.152777777778,0.0972222222222,0.141633866464,0.15630904112,0.00644308409177,0.165300546449,0.0237678887926,2,0.0963855421687,0.0240963855422,0.44537287985,0.135511297461,-0.044042490849,0.163091575091,0.0197605058392,-0.0563922356091,-0.0731258366801,0.303739013386,-0.0207977436585,-0.0504855749408
gb,2025,6,False,00-0036264,Jordan Love,00-0036264,Jordan Love,2025_03_GB_CLE;2025_04_GB_DAL,2025_06_CIN_GB;2025_07_GB_ARI,2,0.129411764706,0.0705882352941,0.334264905916,0.16103566843,-0.0174577784205,0.169967213115,0.0276891512092,2,0.0869565217391,0.0289855072464,0.279163168445,0.123142027769,-0.0491337134169,0.145743749004,0.00262077338502,-0.0424552429668,-0.0416027280477,-0.0551017374716,-0.0378936406605,-0.0316759349964
gb,2025,7,False,00-0036264,Jordan Love,00-0036264,Jordan Love,2025_04_GB_DAL;2025_06_CIN_GB,2025_07_GB_ARI;2025_08_GB_PIT,2,0.0963855421687,0.0240963855422,0.44537287985,0.135511297461,-0.044042490849,0.163091575091,0.0197605058392,2,0.0958904109589,0.013698630137,0.420267765606,0.142542380503,-0.0470909751537,0.138028060438,-0.00439579300623,-0.000495131209771,-0.0103977554052,-0.0251051142446,0.0070310830415,-0.00304848430473
gb,2025,8,False,00-0036264,Jordan Love,00-0036264,Jordan Love,2025_06_CIN_GB;2025_07_GB_ARI,2025_08_GB_PIT;2025_09_CAR_GB,2,0.0869565217391,0.0289855072464,0.279163168445,0.123142027769,-0.0491337134169,0.145743749004,0.00262077338502,2,0.146666666667,0.0133333333333,0.362653413191,0.134836798569,0.00683280847598,0.129213342355,-0.0134728676146,0.0597101449275,-0.015652173913,0.083490244746,0.0116947708001,0.0559665218929
gb,2025,9,False,00-0036264,Jordan Love,00-0036264,Jordan Love,2025_07_GB_ARI;2025_08_GB_PIT,2025_09_CAR_GB;2025_10_PHI_GB,2,0.0958904109589,0.013698630137,0.420267765606,0.142542380503,-0.0470909751537,0.138028060438,-0.00439579300623,2,0.172839506173,0.0493827160494,-0.00534355619654,0.116071036813,0.038627072762,0.120458145486,-0.0219792539622,0.0769490952139,0.0356840859124,-0.425611321802,-0.0264713436899,0.0857180479157
hou,2022,3,False,00-0036898,Davis Mills,00-0036898,Davis Mills,2022_01_IND_HOU;2022_02_HOU_DEN,2022_03_HOU_CHI;2022_04_LAC_HOU,2,0.127906976744,0.0697674418605,-0.152575194264,,,,,2,0.166666666667,0.0641025641026,-0.158735573304,,,,,0.0387596899225,-0.0056648777579,-0.00616037904016,,
hou,2022,4,False,00-0036898,Davis Mills,00-0036898,Davis Mills,2022_02_HOU_DEN;2022_03_HOU_CHI,2022_04_LAC_HOU;2022_05_HOU_JAX,2,0.115384615385,0.0512820512821,-0.194809537182,,,,,2,0.217391304348,0.0724637681159,-0.156153404504,0.155688622754,,0.146341463415,,0.102006688963,0.0211817168339,0.0386561326778,,
hou,2022,5,False,00-0036898,Davis Mills,00-0036898,Davis Mills,2022_03_HOU_CHI;2022_04_LAC_HOU,2022_05_HOU_JAX;2022_07_HOU_LV,2,0.166666666667,0.0641025641026,-0.158735573304,,,,,2,0.205882352941,0.0294117647059,0.0182495254537,0.132606216139,0.0879531693493,0.149486521181,,0.0392156862745,-0.0346907993967,0.176985098758,,
hou,2022,7,False,00-0036898,Davis Mills,00-0036898,Davis Mills,2022_04_LAC_HOU;2022_05_HOU_JAX,2022_07_HOU_LV;2022_08_TEN_HOU,2,0.217391304348,0.0724637681159,-0.156153404504,0.155688622754,,0.146341463415,,2,0.189873417722,0.0506329113924,-0.139545384718,0.126460017969,0.0600699495644,0.158212341197,,-0.0275178866263,-0.0218308567235,0.0166080197853,-0.0292286047845,
hou,2022,8,False,00-0036898,Davis Mills,00-0036898,Davis Mills,2022_05_HOU_JAX;2022_07_HOU_LV,2022_08_TEN_HOU;2022_09_PHI_HOU,2,0.205882352941,0.0294117647059,0.0182495254537,0.132606216139,0.0879531693493,0.149486521181,,2,0.147058823529,0.0882352941176,-0.292758578024,0.150314465409,0.00977441987966,0.163680938341,,-0.0588235294118,0.0588235294118,-0.311008103477,0.01770824927,-0.0781787494696
hou,2022,9,False,00-0036898,Davis Mills,00-0036898,Davis Mills,2022_07_HOU_LV;2022_08_TEN_HOU,2022_09_PHI_HOU;2022_10_HOU_NYG,2,0.189873417722,0.0506329113924,-0.139545384718,0.126460017969,0.0600699495644,0.158212341197,,2,0.210526315789,0.0921052631579,-0.0232208880091,0.142718916304,0.0743891644985,0.161784386617,,0.020652898068,0.0414723517655,0.116324496709,0.0162588983345,0.0143192149341
hou,2022,10,False,00-0036898,Davis Mills,00-0036898,Davis Mills,2022_08_TEN_HOU;2022_09_PHI_HOU,2022_10_HOU_NYG;2022_11_WAS_HOU,2,0.147058823529,0.0882352941176,-0.292758578024,0.150314465409,0.00977441987966,0.163680938341,,2,0.241379310345,0.103448275862,-0.125246013458,0.156384443297,0.100826597109,0.171059602649,0.0670909839837,0.0943204868154,0.0152129817444,0.167512564565,0.006069977888,0.0910521772291
hou,2023,3,False,00-0039163,C.J. Stroud,00-0039163,C.J. Stroud,2023_01_HOU_BAL;2023_02_IND_HOU,2023_03_HOU_JAX;2023_04_PIT_HOU,2,0.171171171171,0.0990990990991,-0.0928723017147,0.1386001386,0.0281226212859,0.145904977376,0.00274963100421,2,0.15625,0,0.478673710805,0.179536130824,-0.000134263935784,0.151678228933,0.00834190495159,-0.0149211711712,-0.0990990990991,0.571546012519,0.0409359922235,-0.0282568852217
hou,2023,4,False,00-0039163,C.J. Stroud,00-0039163,C.J. Stroud,2023_02_IND_HOU;2023_03_HOU_JAX,2023_04_PIT_HOU;2023_05_HOU_ATL,2,0.152941176471,0.0705882352941,0.232044093971,0.150132563376,0.00917614767032,0.145334685598,0.00258929824282,2,0.115942028986,0,0.271512073428,0.167791778252,-0.0374089849437,0.163197688502,0.018677294113,-0.0369991474851,-0.0705882352941,0.039467979457,0.0176592148755,-0.046585132614
hou,2023,5,False,00-0039163,C.J. Stroud,00-0039163,C.J. Stroud,2023_03_HOU_JAX;2023_04_PIT_HOU,2023_05_HOU_ATL;2023_06_NO_HOU,2,0.15625,0,0.478673710805,0.179536130824,-0.000134263935784,0.151678228933,0.00834190495159,2,0.0724637681159,0.0289855072464,0.109411953974,0.143833816979,-0.0736880591071,0.165440482928,0.0204214841307,-0.0837862318841,0.0289855072464,-0.36926175683,-0.035702313845,-0.0735537951713
hou,2023,6,False,00-0039163,C.J. Stroud,00-0039163,C.J. Stroud,2023_04_PIT_HOU;2023_05_HOU_ATL,2023_06_NO_HOU;2023_08_HOU_CAR,2,0.115942028986,0,0.271512073428,0.167791778252,-0.0374089849437,0.163197688502,0.018677294113,2,0.0983606557377,0.0655737704918,0.018786115303,0.142985377837,-0.046504958938,0.157796496602,0.0121209525668,-0.0175813732478,0.0655737704918,-0.252725958125,-0.0248064004145,-0.00909597399435
hou,2023,8,False,00-0039163,C.J. Stroud,00-0039163,C.J. Stroud,2023_05_HOU_ATL;2023_06_NO_HOU,2023_08_HOU_CAR;2023_09_TB_HOU,2,0.0724637681159,0.0289855072464,0.109411953974,0.143833816979,-0.0736880591071,0.165440482928,0.0204214841307,2,0.116883116883,0.0649350649351,0.265696121764,0.136883299622,-0.0242269977706,0.145622672891,-0.000540300556136,0.0444193487672,0.0359495576887,0.156284167789,-0.0069505173565,0.0494610613365
hou,2023,9,False,00-0039163,C.J. Stroud,00-0039163,C.J. Stroud,2023_06_NO_HOU;2023_08_HOU_CAR,2023_09_TB_HOU;2023_10_HOU_CIN,2,0.0983606557377,0.0655737704918,0.018786115303,0.142985377837,-0.046504958938,0.157796496602,0.0121209525668,2,0.10989010989,0.043956043956,0.364460187765,0.148386860512,-0.0360155161352,0.135449530726,-0.0107051660041,0.0115294541524,-0.0216177265358,0.345674072462,0.0054014826745,0.0104894428028
hou,2024,9,False,00-0039163,C.J. Stroud,00-0039163,C.J. Stroud,2024_07_HOU_GB;2024_08_IND_HOU,2024_09_HOU_NYJ;2024_10_DET_HOU,2,0.219178082192,0.0821917808219,-0.0446091409115,0.150775967187,0.0728545010957,0.143528660095,-0.00484629588927,2,0.206896551724,0.137931034483,-0.079841327481,0.147346571709,0.0607562028975,0.161342123056,0.0141432430004,-0.0122815304676,0.0557392536608,-0.0352321865695,-0.0034293954785,-0.0120982981982
hou,2024,10,False,00-0039163,C.J. Stroud,00-0039163,C.J. Stroud,2024_08_IND_HOU;2024_09_HOU_NYJ,2024_10_DET_HOU;2024_11_HOU_DAL,2,0.224719101124,0.112359550562,0.0162981282338,0.14234689074,0.0802445300837,0.156639928699,0.00821251648909,2,0.101265822785,0.0632911392405,0.059704706751,0.141125110522,-0.0424802767412,0.165474179337,0.0193540051479,-0.123453278339,-0.0490684113213,0.0434065785172,-0.0012217802185,-0.122724806825
hou,2024,11,False,00-0039163,C.J. Stroud,00-0039163,C.J. Stroud,2024_09_HOU_NYJ;2024_10_DET_HOU,2024_11_HOU_DAL;2024_12_TEN_HOU,2,0.206896551724,0.137931034483,-0.079841327481,0.147346571709,0.0607562028975,0.161342123056,0.0141432430004,2,0.0853658536585,0.0609756097561,0.00421585487085,0.132205174488,-0.0551715796051,0.163327662234,0.0178217484671,-0.121530698066,-0.0769554247267,0.0840571823519,-0.0151413972205,-0.115927782503
hou,2024,12,False,00-0039163,C.J. Stroud,00-0039163,C.J. Stroud,2024_10_DET_HOU;2024_11_HOU_DAL,2024_12_TEN_HOU;2024_13_HOU_JAX,2,0.101265822785,0.0632911392405,0.059704706751,0.141125110522,-0.0424802767412,0.165474179337,0.0193540051479,2,0.109756097561,0.0731707317073,-0.048514200368,0.107640497871,-0.0234727628835,0.158808609049,0.0136352629413,0.00849027477617,0.00987959246681,-0.108218907119,-0.0334846126506,0.0190075138577
hou,2024,13,False,00-0039163,C.J. Stroud,00-0039163,C.J. Stroud,2024_11_HOU_DAL;2024_12_TEN_HOU,2024_13_HOU_JAX;2024_15_MIA_HOU,2,0.0853658536585,0.0609756097561,0.00421585487085,0.132205174488,-0.0551715796051,0.163327662234,0.0178217484671,2,0.123287671233,0.0821917808219,-0.066035261976,0.0978910755954,-0.00713738924059,0.156819343576,0.0133013121598,0.0379218175743,0.0212161710658,-0.0702511168469,-0.0343140988931,0.0480341903645
hou,2024,15,False,00-0039163,C.J. Stroud,00-0039163,C.J. Stroud,2024_12_TEN_HOU;2024_13_HOU_JAX,2024_15_MIA_HOU;2024_16_HOU_KC,2,0.109756097561,0.0731707317073,-0.048514200368,0.107640497871,-0.0234727628835,0.158808609049,0.0136352629413,2,0.220779220779,0.0779220779221,-0.0320554785062,0.129992324835,0.0794803791918,0.155689066904,0.0140241015914,0.111023123218,0.00475134621476,0.0164587218618,0.0223518269636,0.102953142075
hou,2025,3,False,00-0039163,C.J. Stroud,00-0039163,C.J. Stroud,2025_01_HOU_LA;2025_02_TB_HOU,2025_03_HOU_JAX;2025_04_TEN_HOU,2,0.188405797101,0.0869565217391,-0.090145366157,0.119542514059,0.0548762801273,0.145396179142,0.00685420226357,2,0.139240506329,0.0506329113924,0.00418172267532,0.115269326121,0.00530924963219,0.165841584159,0.0287315846711,-0.0491652907723,-0.0363236103467,0.0943270888323,-0.00427318793775,-0.0495670304951
hou,2025,15,False,00-0039163,C.J. Stroud,00-0039163,C.J. Stroud,2025_13_HOU_IND;2025_14_HOU_KC,2025_15_ARI_HOU;2025_16_LV_HOU,2,0.1875,0.0625,0.136236393122,0.158255573925,0.0392296966488,0.110660442336,-0.0364855856859,2,0.0821917808219,0.013698630137,0.290127797419,0.107820101725,-0.0491246213931,0.123313506455,-0.023364182377,-0.105308219178,-0.048801369863,0.153891404298,-0.0504354722005,-0.088354318042
hou,2025,16,False,00-0039163,C.J. Stroud,00-0039163,C.J. Stroud,2025_14_HOU_KC;2025_15_ARI_HOU,2025_16_LV_HOU;2025_17_HOU_LAC,2,0.166666666667,0.0555555555556,0.22241744465,0.12746501485,0.0282634426964,0.117636050602,-0.0305994344318,2,0.0714285714286,0,0.074199714775,0.136642156863,-0.068486378411,0.124843233886,-0.0210060958722,-0.0952380952381,-0.0555555555556,-0.148217729875,0.0091771420125,-0.0967498211074
ind,2022,3,False,00-0026143,Matt Ryan,00-0026143,Matt Ryan,2022_01_IND_HOU;2022_02_IND_JAX,2022_03_KC_IND;2022_04_TEN_IND,2,0.195652173913,0.0760869565217,-0.165868411355,,,,,2,0.172413793103,0.0919540229885,0.0679264669845,,,,,-0.0232383808096,0.0158670664668,0.233794878339,,
ind,2022,4,False,00-0026143,Matt Ryan,00-0026143,Matt Ryan,2022_02_IND_JAX;2022_03_KC_IND,2022_04_TEN_IND;2022_05_IND_DEN,2,0.259259259259,0.123456790123,-0.309546531324,,,,,2,0.18085106383,0.0957446808511,-0.0476454712894,0.136363636364,,0.184357541899,,-0.0784081954295,-0.0277121092724,0.261901060035,,
ind,2022,5,False,00-0026143,Matt Ryan,00-0026143,Matt Ryan,2022_03_KC_IND;2022_04_TEN_IND,2022_05_IND_DEN;2022_06_JAX_IND,2,0.172413793103,0.0919540229885,0.0679264669845,,,,,2,0.15652173913,0.0521739130435,0.0524630541009,0.148492699011,,0.189581368352,,-0.015892053973,-0.039780109945,-0.0154634128836,,
ind,2022,6,False,00-0026143,Matt Ryan,00-0026143,Matt Ryan,2022_04_TEN_IND;2022_05_IND_DEN,2022_06_JAX_IND;2022_07_IND_TEN,2,0.18085106383,0.0957446808511,-0.0476454712894,0.136363636364,,0.184357541899,,2,0.144144144144,0.027027027027,0.0580751724009,0.144827009861,,0.18413729128,,-0.0367069196856,-0.068717653824,0.10572064369,0.0084633734975,
ind,2022,12,False,00-0026143,Matt Ryan,00-0026143,Matt Ryan,2022_10_IND_LV;2022_11_PHI_IND,2022_12_PIT_IND;2022_13_IND_DAL,2,0.130434782609,0.0724637681159,0.0422706846735,0.133208359627,-0.00628356302016,0.189343327359,,2,0.182926829268,0.0731707317073,-0.216173413771,0.14488920427,0.0386413449573,0.179346573132,0.0571550390427,0.0524920466596,0.000706963591375,-0.258444098445,0.0116808446429,0.0449249079775
ind,2022,13,False,00-0026143,Matt Ryan,00-0026143,Matt Ryan,2022_11_PHI_IND;2022_12_PIT_IND,2022_13_IND_DAL;2022_15_IND_MIN,2,0.205128205128,0.0897435897436,-0.0744512362244,0.124790023631,0.0715967541643,0.175627844261,0.0557340940907,2,0.179487179487,0.0769230769231,-0.232579176731,0.15540063306,0.0310698889587,0.179491114976,0.054054142076,-0.025641025641,-0.0128205128205,-0.158127940506,0.0306106094286,-0.0405268652055
ind,2023,8,False,00-0035289,Gardner Minshew,00-0035289,Gardner Minshew,2023_06_IND_JAX;2023_07_CLE_IND,2023_08_NO_IND;2023_09_IND_CAR,2,0.135416666667,0.0729166666667,-0.0880518863268,0.180351906158,-0.02204590114,0.110491233155,-0.03728548132,2,0.151898734177,0.0379746835443,0.0672070980442,0.126805280528,0.0144529735432,0.111891995071,-0.0372164960779,0.0164820675105,-0.0349419831224,0.155258984371,-0.0535466256305,0.0364988746832
ind,2023,9,False,00-0035289,Gardner Minshew,00-0035289,Gardner Minshew,2023_07_CLE_IND;2023_08_NO_IND,2023_09_IND_CAR;2023_10_IND_NE,2,0.1625,0.075,0.0519679692594,0.149579474077,0.0178350346649,0.105651268878,-0.0440653637157,2,0.0793650793651,0.015873015873,0.0959421072303,0.126870090634,-0.0597071371857,0.116941070625,-0.0306557507846,-0.0831349206349,-0.059126984127,0.0439741379709,-0.022709383442,-0.0775421718506
ind,2023,10,False,00-0035289,Gardner Minshew,00-0035289,Gardner Minshew,2023_08_NO_IND;2023_09_IND_CAR,2023_10_IND_NE;2023_12_TB_IND,2,0.151898734177,0.0379746835443,0.0672070980442,0.126805280528,0.0144529735432,0.111891995071,-0.0372164960779,2,0.0519480519481,0.025974025974,0.034630888667,0.111693620047,-0.0826538812479,0.117836538461,-0.0288300669979,-0.0999506822292,-0.0120006575703,-0.0325762093772,-0.0151116604815,-0.0971068547911
ind,2023,12,False,00-0035289,Gardner Minshew,00-0035289,Gardner Minshew,2023_09_IND_CAR;2023_10_IND_NE,2023_12_TB_IND;2023_13_IND_TEN,2,0.0793650793651,0.015873015873,0.0959421072303,0.126870090634,-0.0597071371857,0.116941070625,-0.0306557507846,2,0.117021276596,0.0531914893617,0.0576683312118,0.119879635023,-0.0197538318275,0.113002760253,-0.0327679052358,0.0376561972307,0.0373184734887,-0.0382737760185,-0.006990455612,0.0399533053582
ind,2023,13,False,00-0035289,Gardner Minshew,00-0035289,Gardner Minshew,2023_10_IND_NE;2023_12_TB_IND,2023_13_IND_TEN;2023_14_IND_CIN,2,0.0519480519481,0.025974025974,0.034630888667,0.111693620047,-0.0826538812479,0.117836538461,-0.0288300669979,2,0.130434782609,0.0652173913043,0.0368892111135,0.140937762415,-0.012582763879,0.112362700012,-0.0319599999679,0.0784867306606,0.0392433653303,0.00225832244652,0.0292441423685,0.0700711173689
ind,2023,14,False,00-0035289,Gardner Minshew,00-0035289,Gardner Minshew,2023_12_TB_IND;2023_13_IND_TEN,2023_14_IND_CIN;2023_15_PIT_IND,2,0.117021276596,0.0531914893617,0.0576683312118,0.119879635023,-0.0197538318275,0.113002760253,-0.0327679052358,2,0.115384615385,0.0769230769231,0.0211412446626,0.145798055519,-0.030305688275,0.118327963015,-0.0254379045708,-0.00163666121113,0.0237315875614,-0.0365270865492,0.025918420496,-0.0105518564475
ind,2023,15,False,00-0035289,Gardner Minshew,00-0035289,Gardner Minshew,2023_13_IND_TEN;2023_14_IND_CIN,2023_15_PIT_IND;2023_16_IND_ATL,2,0.130434782609,0.0652173913043,0.0368892111135,0.140937762415,-0.012582763879,0.112362700012,-0.0319599999679,2,0.192771084337,0.10843373494,-0.0244109052349,0.124739928126,0.054957414903,0.119910483574,-0.022755164487,0.0623363017287,0.0432163436354,-0.0613001163485,-0.016197834289,0.0675401787821
ind,2023,16,False,00-0035289,Gardner Minshew,00-0035289,Gardner Minshew,2023_14_IND_CIN;2023_15_PIT_IND,2023_16_IND_ATL;2023_17_LV_IND,2,0.115384615385,0.0769230769231,0.0211412446626,0.145798055519,-0.030305688275,0.118327963015,-0.0254379045708,2,0.171052631579,0.0921052631579,0.10979093109,0.13126671123,0.0321636534371,0.126782717115,-0.0131527776569,0.0556680161943,0.0151821862348,0.0886496864278,-0.0145313442885,0.0624693417122
ind,2023,17,False,00-0035289,Gardner Minshew,00-0035289,Gardner Minshew,2023_15_PIT_IND;2023_16_IND_ATL,2023_17_LV_IND;2023_18_HOU_IND,2,0.192771084337,0.10843373494,-0.0244109052349,0.124739928126,0.054957414903,0.119910483574,-0.022755164487,2,0.0909090909091,0.0363636363636,0.165644157527,0.169707619508,-0.0625169717285,0.127558504386,-0.0116505412115,-0.101861993428,-0.0720700985761,0.190055062762,0.044967691382,-0.117474386632
ind,2024,13,False,00-0039164,Anthony Richardson,00-0039164,Anthony Richardson,2024_11_IND_NYJ;2024_12_DET_IND,2024_13_IND_NE;2024_15_IND_DEN,2,0.164179104478,0.0298507462687,-0.00522985550791,0.144302952788,0.0198159668347,0.148744070131,0.0011453656298,2,0.162162162162,0.027027027027,-0.259131379336,0.144915993477,0.0168401670423,0.143844336377,-0.00155920059142,-0.00201694231545,-0.00282371924163,-0.253901523828,0.0006130406885,-0.00297579979237
ind,2024,15,False,00-0039164,Anthony Richardson,00-0039164,Anthony Richardson,2024_12_DET_IND;2024_13_IND_NE,2024_15_IND_DEN;2024_16_TEN_IND,2,0.126984126984,0,-0.131867278711,0.130046186253,-0.0128059271187,0.14657980456,-7.49454591004e-05,2,0.183333333333,0.05,-0.3243744172,0.143546707612,0.0373793403269,0.15754895225,0.0110441460478,0.0563492063492,0.05,-0.19250713849,0.0135005213595,0.0501852674456
ind,2025,3,False,00-0035710,Daniel Jones,00-0035710,Daniel Jones,2025_01_MIA_IND;2025_02_DEN_IND,2025_03_IND_TEN;2025_04_IND_LA,2,0.108108108108,0.027027027027,0.332168641959,0.174280245322,-0.0454008078355,0.132067768932,-0.00741121432085,2,0.130434782609,0.0289855072464,0.139400527308,0.108652676399,-0.0014450407308,0.120934238524,-0.0202773580645,0.0223266745006,0.00195848021935,-0.192768114652,-0.065627568923,0.0439557671047
ind,2025,12,False,00-0035710,Daniel Jones,00-0035710,Daniel Jones,2025_09_IND_PIT;2025_10_ATL_IND,2025_12_IND_KC;2025_13_HOU_IND,2,0.13,0.12,-0.1518449111,0.169272323804,-0.0228054223517,0.129416416626,-0.0112052660014,2,0.184615384615,0.0153846153846,0.114631645965,0.160969312915,0.0356325716252,0.138890628915,-0.0017204337399,0.0546153846154,-0.104615384615,0.266476557066,-0.0083030108895,0.0584379939769
jax,2022,3,False,00-0036971,Trevor Lawrence,00-0036971,Trevor Lawrence,2022_01_JAX_WAS;2022_02_IND_JAX,2022_03_JAX_LAC;2022_04_JAX_PHI,2,0.148148148148,0.0246913580247,0.269164919353,,,,,2,0.0735294117647,0.0588235294118,0.0714769684909,,,,,-0.0746187363834,0.0341321713871,-0.197687950862,,
jax,2022,4,False,00-0036971,Trevor Lawrence,00-0036971,Trevor Lawrence,2022_02_IND_JAX;2022_03_JAX_LAC,2022_04_JAX_PHI;2022_05_HOU_JAX,2,0.0555555555556,0,0.431851436643,,,,,2,0.0512820512821,0.0512820512821,-0.183824925292,0.146341463415,,0.114093959732,,-0.0042735042735,0.0512820512821,-0.615676361935,,
jax,2022,5,False,00-0036971,Trevor Lawrence,00-0036971,Trevor Lawrence,2022_03_JAX_LAC;2022_04_JAX_PHI,2022_05_HOU_JAX;2022_06_JAX_IND,2,0.0735294117647,0.0588235294118,0.0714769684909,,,,,2,0.0625,0.05,-0.002299986613,0.137937571086,,0.102273110519,,-0.0110294117647,-0.00882352941176,-0.0737769551039,,
jax,2022,6,False,00-0036971,Trevor Lawrence,00-0036971,Trevor Lawrence,2022_04_JAX_PHI;2022_05_HOU_JAX,2022_06_JAX_IND;2022_07_NYG_JAX,2,0.0512820512821,0.0512820512821,-0.183824925292,0.146341463415,,0.114093959732,,2,0.0779220779221,0.0519480519481,0.214796818446,0.127266839378,,0.093261065151,,0.02664002664,0.000666000666001,0.398621743738,-0.019074624037,
jax,2022,7,False,00-0036971,Trevor Lawrence,00-0036971,Trevor Lawrence,2022_05_HOU_JAX;2022_06_JAX_IND,2022_07_NYG_JAX;2022_08_DEN_JAX,2,0.0625,0.05,-0.002299986613,0.137937571086,,0.102273110519,,2,0.046511627907,0.0232558139535,-0.0170039389453,0.137418566775,-0.0850621335743,0.0915131953674,,-0.015988372093,-0.0267441860465,-0.0147039523323,-0.0005190043105,
jax,2022,8,False,00-0036971,Trevor Lawrence,00-0036971,Trevor Lawrence,2022_06_JAX_IND;2022_07_NYG_JAX,2022_08_DEN_JAX;2022_09_LV_JAX,2,0.0779220779221,0.0519480519481,0.214796818446,0.127266839378,,0.093261065151,,2,0.0845070422535,0.0281690140845,0.0685638707845,0.131256594944,-0.0488492428432,0.0847481021394,,0.00658496433144,-0.0237790378635,-0.146232947661,0.003989755566,
jax,2022,9,False,00-0036971,Trevor Lawrence,00-0036971,Trevor Lawrence,2022_07_NYG_JAX;2022_08_DEN_JAX,2022_09_LV_JAX;2022_10_JAX_KC,2,0.046511627907,0.0232558139535,-0.0170039389453,0.137418566775,-0.0850621335743,0.0915131953674,,2,0.120481927711,0.0602409638554,0.266742200875,0.128963726493,-0.0143430865001,0.0748268882497,,0.0739702998039,0.0369851499019,0.283746139821,-0.008454840282,0.0707190470742
jax,2022,10,False,00-0036971,Trevor Lawrence,00-0036971,Trevor Lawrence,2022_08_DEN_JAX;2022_09_LV_JAX,2022_10_JAX_KC;2022_12_BAL_JAX,2,0.0845070422535,0.0281690140845,0.0685638707845,0.131256594944,-0.0488492428432,0.0847481021394,,2,0.127659574468,0.0957446808511,0.209689186271,0.139698869055,-0.0114558885838,0.0714119365698,,0.0431525322146,0.0675756667666,0.141125315486,0.0084422741115,0.0373933542594
jax,2023,6,False,00-0036971,Trevor Lawrence,00-0036971,Trevor Lawrence,2023_04_ATL_JAX;2023_05_JAX_BUF,2023_06_IND_JAX;2023_07_JAX_NO,2,0.166666666667,0.0777777777778,0.282283628637,0.162679425837,0.0142530770855,0.116141695573,-0.0271066362408,2,0.0684931506849,0.041095890411,0.107059369029,0.141210870313,-0.0766875295683,0.131419939577,-0.0132533211392,-0.0981735159817,-0.0366818873668,-0.175224259609,-0.021468555524,-0.0909406066538
jax,2023,7,False,00-0036971,Trevor Lawrence,00-0036971,Trevor Lawrence,2023_05_JAX_BUF;2023_06_IND_JAX,2023_07_JAX_NO;2023_08_JAX_PIT,2,0.14606741573,0.0898876404494,0.173280264753,0.164667182662,-0.00760694190516,0.129736861736,-0.0143970675754,2,0.08,0.04,0.163670043485,0.149200940538,-0.0673258093083,0.12501474284,-0.0193888506939,-0.0660674157303,-0.0498876404494,-0.0096102212679,-0.015466242124,-0.0597188674031
jax,2024,16,False,00-0036972,Mac Jones,00-0036972,Mac Jones,2024_14_JAX_TEN;2024_15_NYJ_JAX,2024_16_JAX_LV;2024_17_TEN_JAX,2,0.0869565217391,0.0326086956522,0.129415193898,0.113493480496,-0.0485245368875,0.101449275362,-0.0447585997181,2,0.0985915492958,0.0422535211268,0.000537182475352,0.123933447099,-0.0391519641957,0.0894293268701,-0.0532820713996,0.0116350275566,0.00964482547459,-0.128878011422,0.0104399666035,0.0093725726918
jax,2024,17,False,00-0036972,Mac Jones,00-0036972,Mac Jones,2024_15_NYJ_JAX;2024_16_JAX_LV,2024_17_TEN_JAX;2024_18_JAX_IND,2,0.0588235294118,0.0294117647059,-0.0060208363902,0.120255775578,-0.0780897993715,0.0992628685658,-0.0448927980997,2,0.126984126984,0.0634920634921,0.190000075735,0.119189222677,-0.00862106277913,0.0923785101732,-0.0495960767235,0.0681605975724,0.0340802987862,0.196020912125,-0.001066552901,0.0694687365923
jax,2025,3,False,00-0036971,Trevor Lawrence,00-0036971,Trevor Lawrence,2025_01_CAR_JAX;2025_02_JAX_CIN,2025_03_HOU_JAX;2025_04_JAX_SF,2,0.0641025641026,0.0128205128205,0.0798980823822,0.139969730324,-0.0783470537431,0.0927287149656,-0.0471258131316,2,0.0641025641026,0.025641025641,0.0396140790964,0.11787695129,-0.0713853055107,0.0897832817337,-0.0491552892716,0,0.0128205128205,-0.0402840032858,-0.022092779034,0.00696174823239
jax,2025,4,False,00-0036971,Trevor Lawrence,00-0036971,Trevor Lawrence,2025_02_JAX_CIN;2025_03_HOU_JAX,2025_04_JAX_SF;2025_05_KC_JAX,2,0.1,0.0333333333333,-0.0155077525711,0.143134287287,-0.042699413941,0.0868920403475,-0.0525636184155,2,0.111111111111,0.0416666666667,0.263393587873,0.137880076779,-0.0307880886459,0.0838228060531,-0.0539902905715,0.0111111111111,0.00833333333333,0.278901340444,-0.0052542105075,0.0119113252951
jax,2025,5,False,00-0036971,Trevor Lawrence,00-0036971,Trevor Lawrence,2025_03_HOU_JAX;2025_04_JAX_SF,2025_05_KC_JAX;2025_06_SEA_JAX,2,0.0641025641026,0.025641025641,0.0396140790964,0.11787695129,-0.0713853055107,0.0897832817337,-0.0491552892716,2,0.271739130435,0.108695652174,0.0860434761584,0.169862378904,0.120524869404,0.0868881280652,-0.0517696866527,0.207636566332,0.0830546265329,0.046429397062,0.0519854276135,0.191910174915
jax,2025,6,False,00-0036971,Trevor Lawrence,00-0036971,Trevor Lawrence,2025_04_JAX_SF;2025_05_KC_JAX,2025_06_SEA_JAX;2025_07_LA_JAX,2,0.111111111111,0.0416666666667,0.263393587873,0.137880076779,-0.0307880886459,0.0838228060531,-0.0539902905715,2,0.25,0.125,-0.143188390065,0.168809365106,0.0987743509876,0.118636783293,-0.0221482136177,0.138888888889,0.0833333333333,-0.406581977938,0.030929288327,0.129562439634
jax,2025,7,False,00-0036971,Trevor Lawrence,00-0036971,Trevor Lawrence,2025_05_KC_JAX;2025_06_SEA_JAX,2025_07_LA_JAX;2025_09_JAX_LV,2,0.271739130435,0.108695652174,0.0860434761584,0.169862378904,0.120524869404,0.0868881280652,-0.0517696866527,2,0.13,0.08,-0.179524689909,0.137282648909,-0.012626490154,0.143259739774,0.000394194480842,-0.141739130435,-0.0286956521739,-0.265568166068,-0.032579729995,-0.133151359558
jax,2025,9,False,00-0036971,Trevor Lawrence,00-0036971,Trevor Lawrence,2025_06_SEA_JAX;2025_07_LA_JAX,2025_09_JAX_LV;2025_10_JAX_HOU,2,0.25,0.125,-0.143188390065,0.168809365106,0.0987743509876,0.118636783293,-0.0221482136177,2,0.101265822785,0.0759493670886,-0.126471832944,0.121565431789,-0.0341792711077,0.143093424218,-0.000445767128272,-0.148734177215,-0.0490506329114,0.016716557121,-0.0472439333165,-0.132953622095
jax,2025,10,False,00-0036971,Trevor Lawrence,00-0036971,Trevor Lawrence,2025_07_LA_JAX;2025_09_JAX_LV,2025_10_JAX_HOU;2025_11_LAC_JAX,2,0.13,0.08,-0.179524689909,0.137282648909,-0.012626490154,0.143259739774,0.000394194480842,2,0.125,0.078125,0.000618610455469,0.142381674612,-0.0173830628751,0.144036338771,0.000598809733,-0.005,-0.001875,0.180143300365,0.0050990257025,-0.00475657272112
jax,2025,11,False,00-0036971,Trevor Lawrence,00-0036971,Trevor Lawrence,2025_09_JAX_LV;2025_10_JAX_HOU,2025_11_LAC_JAX;2025_12_JAX_ARI,2,0.101265822785,0.0759493670886,-0.126471832944,0.121565431789,-0.0341792711077,0.143093424218,-0.000445767128272,2,0.112903225806,0.0483870967742,-0.01182927185,0.138105149553,-0.0279557589723,0.151418126918,0.00797005026797,0.0116374030216,-0.0275622703144,0.114642561094,0.0165397177635,0.00622351213536
jax,2025,12,False,00-0036971,Trevor Lawrence,00-0036971,Trevor Lawrence,2025_10_JAX_HOU;2025_11_LAC_JAX,2025_12_JAX_ARI;2025_13_JAX_TEN,2,0.125,0.078125,0.000618610455469,0.142381674612,-0.0173830628751,0.144036338771,0.000598809733,2,0.140845070423,0.0845070422535,0.00394330269634,0.148604873739,-0.00401458589007,0.154808843851,0.0114967495367,0.0158450704225,0.00638204225352,0.00332469224087,0.0062231991275,0.013368476985
kc,2022,3,False,00-0033873,Patrick Mahomes,00-0033873,Patrick Mahomes,2022_01_KC_ARI;2022_02_LAC_KC,2022_03_KC_IND;2022_04_KC_TB,2,0.120481927711,0.0120481927711,0.439974122535,,,,,2,0.125,0.0454545454545,0.206546277225,,,,,0.00451807228916,0.0334063526835,-0.23342784531,,
kc,2022,4,False,00-0033873,Patrick Mahomes,00-0033873,Patrick Mahomes,2022_02_LAC_KC;2022_03_KC_IND,2022_04_KC_TB;2022_05_LV_KC,2,0.10843373494,0.0240963855422,0.144862950966,,,,,2,0.127659574468,0.063829787234,0.301106826082,0.10625,,0.122807017544,,0.0192258395283,0.0397334016919,0.156243875116,,
kc,2022,5,False,00-0033873,Patrick Mahomes,00-0033873,Patrick Mahomes,2022_03_KC_IND;2022_04_KC_TB,2022_05_LV_KC;2022_06_BUF_KC,2,0.125,0.0454545454545,0.206546277225,,,,,2,0.145631067961,0.0582524271845,0.22737662257,0.135250603864,,0.122489481623,,0.0206310679612,0.0127978817299,0.0208303453453,,
kc,2022,11,False,00-0033873,Patrick Mahomes,00-0033873,Patrick Mahomes,2022_09_TEN_KC;2022_10_JAX_KC,2022_11_KC_LAC;2022_12_LA_KC,2,0.104,0.032,0.258032087706,0.146056404861,-0.0341091216734,0.121708860759,,2,0.0879120879121,0.010989010989,0.300329098568,0.115819110646,-0.0461669281995,0.118084884756,-0.0344979916806,-0.0160879120879,-0.021010989011,0.0422970108623,-0.030237294214,-0.0120578065261
kc,2022,12,False,00-0033873,Patrick Mahomes,00-0033873,Patrick Mahomes,2022_10_JAX_KC;2022_11_KC_LAC,2022_12_LA_KC;2022_13_KC_CIN,2,0.121951219512,0.0121951219512,0.477039479284,0.130105274466,-0.0137260707453,0.117934508816,,2,0.121951219512,0.0243902439024,0.231251674677,0.137214373869,-0.0180796252462,0.115705931496,-0.0403618223996,0,0.0121951219512,-0.245787804607,0.0071090994035,-0.00435355450097
kc,2022,13,False,00-0033873,Patrick Mahomes,00-0033873,Patrick Mahomes,2022_11_KC_LAC;2022_12_LA_KC,2022_13_KC_CIN;2022_14_KC_DEN,2,0.0879120879121,0.010989010989,0.300329098568,0.115819110646,-0.0461669281995,0.118084884756,-0.0344979916806,2,0.171052631579,0.0526315789474,0.16271053817,0.139695323719,0.0305881041135,0.115351993215,-0.0380406050762,0.0831405436669,0.0416425679584,-0.137618560398,0.023876213072,0.076755032313
kc,2022,14,False,00-0033873,Patrick Mahomes,00-0033873,Patrick Mahomes,2022_12_LA_KC;2022_13_KC_CIN,2022_14_KC_DEN;2022_15_KC_HOU,2,0.121951219512,0.0243902439024,0.231251674677,0.137214373869,-0.0180796252462,0.115705931496,-0.0403618223996,2,0.0888888888889,0.0444444444444,0.220509998346,0.136000282965,-0.050603777844,0.119227962207,-0.0293013153312,-0.0330623306233,0.020054200542,-0.0107416763311,-0.0012140909035,-0.0325241525978
kc,2022,15,False,00-0033873,Patrick Mahomes,00-0033873,Patrick Mahomes,2022_13_KC_CIN;2022_14_KC_DEN,2022_15_KC_HOU;2022_16_SEA_KC,2,0.171052631579,0.0526315789474,0.16271053817,0.139695323719,0.0305881041135,0.115351993215,-0.0380406050762,2,0.0759493670886,0.0379746835443,0.228997266264,0.142557939242,-0.0665069184259,0.112063103495,-0.0317583414798,-0.0951032644903,-0.0146568954031,0.0662867280942,0.0028626155235,-0.0970950225393
kc,2022,16,False,00-0033873,Patrick Mahomes,00-0033873,Patrick Mahomes,2022_14_KC_DEN;2022_15_KC_HOU,2022_16_SEA_KC;2022_17_DEN_KC,2,0.0888888888889,0.0444444444444,0.220509998346,0.136000282965,-0.050603777844,0.119227962207,-0.0293013153312,2,0.0759493670886,0.0126582278481,0.166346497472,0.116821099902,-0.0576917123032,0.106539934743,-0.032740844178,-0.0129395218003,-0.0317862165963,-0.0541635008748,-0.0191791830636,-0.00708793445912
kc,2022,17,False,00-0033873,Patrick Mahomes,00-0033873,Patrick Mahomes,2022_15_KC_HOU;2022_16_SEA_KC,2022_17_DEN_KC;2022_18_KC_LV,2,0.0759493670886,0.0379746835443,0.228997266264,0.142557939242,-0.0665069184259,0.112063103495,-0.0317583414798,2,0.0897435897436,0.025641025641,0.188011234737,0.13193685793,-0.0480869969212,0.104959406846,-0.0329537157126,0.013794222655,-0.0123336579033,-0.0409860315275,-0.0106210813116,0.0184199215047
kc,2023,6,False,00-0033873,Patrick Mahomes,00-0033873,Patrick Mahomes,2023_04_KC_NYJ;2023_05_KC_MIN,2023_06_DEN_KC;2023_07_LAC_KC,2,0.219512195122,0.0365853658537,0.32511825383,0.154409361657,0.0708826403378,0.106716417911,-0.0357957851016,2,0.09375,0.03125,0.324275152724,0.131009615385,-0.047483402503,0.132547480991,-0.0104779849721,-0.125762195122,-0.00533536585366,-0.000843101106512,-0.0233997462725,-0.118366042841
kc,2023,7,False,00-0033873,Patrick Mahomes,00-0033873,Patrick Mahomes,2023_05_KC_MIN;2023_06_DEN_KC,2023_07_LAC_KC;2023_08_KC_DEN,2,0.153846153846,0.043956043956,0.295571634622,0.12040873114,0.0160825878834,0.122981478151,-0.0206810116313,2,0.157894736842,0.0421052631579,0.107315303922,0.136118730407,0.0153446627959,0.133617664302,-0.0102091260058,0.00404858299595,-0.00185078079815,-0.1882563307,0.0157099992675,-0.000737925087521
kc,2023,8,False,00-0033873,Patrick Mahomes,00-0033873,Patrick Mahomes,2023_06_DEN_KC;2023_07_LAC_KC,2023_08_KC_DEN;2023_09_MIA_KC,2,0.09375,0.03125,0.324275152724,0.131009615385,-0.047483402503,0.132547480991,-0.0104779849721,2,0.176470588235,0.0588235294118,-0.136115074391,0.155853057624,0.0281664621189,0.141511067729,-0.00282402258865,0.0827205882353,0.0275735294118,-0.460390227115,0.02484344224,0.075649864622
kc,2023,9,False,00-0033873,Patrick Mahomes,00-0033873,Patrick Mahomes,2023_07_LAC_KC;2023_08_KC_DEN,2023_09_MIA_KC;2023_11_PHI_KC,2,0.157894736842,0.0421052631579,0.107315303922,0.136118730407,0.0153446627959,0.133617664302,-0.0102091260058,2,0.144444444444,0.0333333333333,-0.077568734369,0.184580194425,-0.0139482299191,0.146209722481,0.00257475758491,-0.0134502923977,-0.00877192982456,-0.184884038291,0.048461464018,-0.029292892715
kc,2023,11,False,00-0033873,Patrick Mahomes,00-0033873,Patrick Mahomes,2023_08_KC_DEN;2023_09_MIA_KC,2023_11_PHI_KC;2023_12_KC_LV,2,0.176470588235,0.0588235294118,-0.136115074391,0.155853057624,0.0281664621189,0.141511067729,-0.00282402258865,2,0.122222222222,0.0222222222222,0.044334007775,0.144973294393,-0.0241112256835,0.150246188808,0.00659810413678,-0.0542483660131,-0.0366013071895,0.180449082166,-0.0108797632315,-0.0522776878024
kc,2023,12,False,00-0033873,Patrick Mahomes,00-0033873,Patrick Mahomes,2023_09_MIA_KC;2023_11_PHI_KC,2023_12_KC_LV;2023_13_KC_GB,2,0.144444444444,0.0333333333333,-0.077568734369,0.184580194425,-0.0139482299191,0.146209722481,0.00257475758491,2,0.109756097561,0.0487804878049,0.200467881571,0.136174505107,-0.0326452033886,0.153283112033,0.00856601318841,-0.0346883468835,0.0154471544715,0.27803661594,-0.048405689319,-0.0186969734695
kc,2023,13,False,00-0033873,Patrick Mahomes,00-0033873,Patrick Mahomes,2023_11_PHI_KC;2023_12_KC_LV,2023_13_KC_GB;2023_14_BUF_KC,2,0.122222222222,0.0222222222222,0.044334007775,0.144973294393,-0.0241112256835,0.150246188808,0.00659810413678,2,0.164835164835,0.043956043956,-0.0442465623123,0.149151128202,0.0187180418937,0.146299871809,0.000681642896923,0.0426129426129,0.0217338217338,-0.0885805700873,0.0041778338085,0.0428292675772
kc,2023,14,False,00-0033873,Patrick Mahomes,00-0033873,Patrick Mahomes,2023_12_KC_LV;2023_13_KC_GB,2023_14_BUF_KC;2023_15_KC_NE,2,0.109756097561,0.0487804878049,0.200467881571,0.136174505107,-0.0326452033886,0.153283112033,0.00856601318841,2,0.130434782609,0.0434782608696,-0.0564278562333,0.120482781623,-0.00686823882221,0.14028982376,-0.00504587117735,0.0206786850477,-0.00530222693531,-0.256895737805,-0.0156917234837,0.0257769645664
kc,2023,15,False,00-0033873,Patrick Mahomes,00-0033873,Patrick Mahomes,2023_13_KC_GB;2023_14_BUF_KC,2023_15_KC_NE;2023_16_LV_KC,2,0.164835164835,0.043956043956,-0.0442465623123,0.149151128202,0.0187180418937,0.146299871809,0.000681642896923,2,0.133333333333,0.0666666666667,0.0197629633081,0.116946039036,-0.00338001876884,0.137305898829,-0.00796031334681,-0.0315018315018,0.0227106227106,0.0640095256204,-0.0322050891657,-0.0220980606625
kc,2023,16,False,00-0033873,Patrick Mahomes,00-0033873,Patrick Mahomes,2023_14_BUF_KC;2023_15_KC_NE,2023_16_LV_KC;2023_17_CIN_KC,2,0.130434782609,0.0434782608696,-0.0564278562333,0.120482781623,-0.00686823882221,0.14028982376,-0.00504587117735,2,0.159574468085,0.063829787234,0.003528429078,0.133643227938,0.0185337298371,0.142369114566,-0.00220705940005,0.0291396854764,0.0203515263645,0.0599562853113,0.0131604463152,0.0254019686593
kc,2024,3,False,00-0033873,Patrick Mahomes,00-0033873,Patrick Mahomes,2024_01_BAL_KC;2024_02_CIN_KC,2024_03_KC_ATL;2024_04_KC_LAC,2,0.159420289855,0.0579710144928,0.111711812986,0.159878453873,0.0091378343933,0.153437290409,0.0126166134814,2,0.139240506329,0.0379746835443,0.0277707196861,0.135751891289,-0.00304189738849,0.162163624559,0.0203400162591,-0.020179783526,-0.0199963309484,-0.0839410933,-0.024126562584,-0.0121797317818
kc,2024,4,False,00-0033873,Patrick Mahomes,00-0033873,Patrick Mahomes,2024_02_CIN_KC;2024_03_KC_ATL,2024_04_KC_LAC;2024_05_NO_KC,2,0.141025641026,0.025641025641,-0.0139453371013,0.156607110466,-0.00784314749901,0.158219275735,0.0171415858995,2,0.119047619048,0.0595238095238,0.0669655389779,0.120490467828,-0.0175572217533,0.158965052758,0.0176876817841,-0.021978021978,0.0338827838828,0.0809108760791,-0.0361166426385,-0.00971407425428
kc,2024,5,False,00-0033873,Patrick Mahomes,00-0033873,Patrick Mahomes,2024_03_KC_ATL;2024_04_KC_LAC,2024_05_NO_KC;2024_07_KC_SF,2,0.139240506329,0.0379746835443,0.0277707196861,0.135751891289,-0.00304189738849,0.162163624559,0.0203400162591,2,0.175,0.05,0.128218256388,0.12733296294,0.0364807356746,0.157886665133,0.016646754935,0.0357594936709,0.0120253164557,0.100447536702,-0.008418928349,0.0395226330631
kc,2024,7,False,00-0033873,Patrick Mahomes,00-0033873,Patrick Mahomes,2024_04_KC_LAC;2024_05_NO_KC,2024_07_KC_SF;2024_08_KC_LV,2,0.119047619048,0.0595238095238,0.0669655389779,0.120490467828,-0.0175572217533,0.158965052758,0.0176876817841,2,0.144736842105,0.0394736842105,0.182572462039,0.150307846506,-0.00258375532481,0.164421997755,0.0227603403466,0.0256892230576,-0.0200501253133,0.115606923061,0.0298173786785,0.0149734664285
kc,2024,8,False,00-0033873,Patrick Mahomes,00-0033873,Patrick Mahomes,2024_05_NO_KC;2024_07_KC_SF,2024_08_KC_LV;2024_09_TB_KC,2,0.175,0.05,0.128218256388,0.12733296294,0.0364807356746,0.157886665133,0.016646754935,2,0.106382978723,0.0531914893617,0.270598698682,0.146622474748,-0.0388646262277,0.162606456724,0.0201507141264,-0.0686170212766,0.0031914893617,0.142380442294,0.0192895118075,-0.0753453619023
kc,2024,9,False,00-0033873,Patrick Mahomes,00-0033873,Patrick Mahomes,2024_07_KC_SF;2024_08_KC_LV,2024_09_TB_KC;2024_10_DEN_KC,2,0.144736842105,0.0394736842105,0.182572462039,0.150307846506,-0.00258375532481,0.164421997755,0.0227603403466,2,0.156862745098,0.078431372549,0.191548750885,0.153328527815,0.00910695100187,0.149859943977,0.0063398335431,0.0121259029928,0.0389576883385,0.00897628884579,0.0030206813095,0.0116907063267
kc,2024,10,False,00-0033873,Patrick Mahomes,00-0033873,Patrick Mahomes,2024_08_KC_LV;2024_09_TB_KC,2024_10_DEN_KC;2024_11_KC_BUF,2,0.106382978723,0.0531914893617,0.270598698682,0.146622474748,-0.0388646262277,0.162606456724,0.0201507141264,2,0.179775280899,0.0674157303371,0.117056144135,0.163490241102,0.0283667360981,0.142016806722,-0.00252633540851,0.0733923021755,0.0142242409754,-0.153542554547,0.0168677663545,0.0672313623258
kc,2024,11,False,00-0033873,Patrick Mahomes,00-0033873,Patrick Mahomes,2024_09_TB_KC;2024_10_DEN_KC,2024_11_KC_BUF;2024_12_KC_CAR,2,0.156862745098,0.078431372549,0.191548750885,0.153328527815,0.00910695100187,0.149859943977,0.0063398335431,2,0.166666666667,0.0777777777778,0.208609309259,0.121185372005,0.0313099221791,0.145149638803,0.000274152337974,0.00980392156863,-0.000653594771242,0.0170605583739,-0.0321431558105,0.0222029711772
kc,2024,12,False,00-0033873,Patrick Mahomes,00-0033873,Patrick Mahomes,2024_10_DEN_KC;2024_11_KC_BUF,2024_12_KC_CAR;2024_13_LV_KC,2,0.179775280899,0.0674157303371,0.117056144135,0.163490241102,0.0283667360981,0.142016806722,-0.00252633540851,2,0.18691588785,0.0934579439252,0.167881275543,0.104327230147,0.0550841876134,0.148425039872,0.00521370879173,0.00714060695159,0.0260422135882,0.0508251314084,-0.059163010955,0.0267174515153
kc,2024,13,False,00-0033873,Patrick Mahomes,00-0033873,Patrick Mahomes,2024_11_KC_BUF;2024_12_KC_CAR,2024_13_LV_KC;2024_14_LAC_KC,2,0.166666666667,0.0777777777778,0.208609309259,0.121185372005,0.0313099221791,0.145149638803,0.000274152337974,2,0.247524752475,0.0792079207921,0.0954553165463,0.13376435703,0.106844175711,0.154944717445,0.0133318942041,0.0808580858086,0.0014301430143,-0.113153992712,0.0125789850255,0.0755342535315
kc,2025,3,False,00-0033873,Patrick Mahomes,00-0033873,Patrick Mahomes,2025_01_KC_LAC;2025_02_PHI_KC,2025_03_KC_NYG;2025_04_BAL_KC,2,0.204545454545,0.0454545454545,0.127353987666,0.135930735931,0.0639099654344,0.191502463054,0.0490077486494,2,0.112359550562,0.0337078651685,0.276381133067,0.127517697027,-0.025391163182,0.197595238503,0.0537143497772,-0.0921859039837,-0.011746680286,0.149027145401,-0.0084130389045,-0.0893011286164
kc,2025,4,False,00-0033873,Patrick Mahomes,00-0033873,Patrick Mahomes,2025_02_PHI_KC;2025_03_KC_NYG,2025_04_BAL_KC;2025_05_KC_JAX,2,0.195402298851,0.0459770114943,0.121698129034,0.118436777946,0.0606101007181,0.196394164602,0.0532070715913,2,0.0786516853933,0.0112359550562,0.22471290378,0.129007867133,-0.0594804579841,0.178774498481,0.0352236215774,-0.116750613457,-0.0347410564381,0.103014774746,0.0105710891865,-0.120090558702
kc,2025,5,False,00-0033873,Patrick Mahomes,00-0033873,Patrick Mahomes,2025_03_KC_NYG;2025_04_BAL_KC,2025_05_KC_JAX;2025_06_DET_KC,2,0.112359550562,0.0337078651685,0.276381133067,0.127517697027,-0.025391163182,0.197595238503,0.0537143497772,2,0.0813953488372,0.0348837209302,0.270840387278,0.134709224599,-0.0583216657543,0.15186195656,0.00967682016585,-0.0309642017246,0.00117585576169,-0.00554074578951,0.0071915275725,-0.0329305025723
kc,2025,6,False,00-0033873,Patrick Mahomes,00-0033873,Patrick Mahomes,2025_04_BAL_KC;2025_05_KC_JAX,2025_06_DET_KC;2025_07_LV_KC,2,0.0786516853933,0.0112359550562,0.22471290378,0.129007867133,-0.0594804579841,0.178774498481,0.0352236215774,2,0.0714285714286,0.047619047619,0.502025362851,0.135660619388,-0.0686156593395,0.139435441809,-0.00191971264589,-0.00722311396469,0.0363830925629,0.277312459071,0.0066527522555,-0.00913520135539
kc,2025,7,False,00-0033873,Patrick Mahomes,00-0033873,Patrick Mahomes,2025_05_KC_JAX;2025_06_DET_KC,2025_07_LV_KC;2025_08_WAS_KC,2,0.0813953488372,0.0348837209302,0.270840387278,0.134709224599,-0.0583216657543,0.15186195656,0.00967682016585,2,0.116279069767,0.046511627907,0.458885809412,0.130618602581,-0.0221991232423,0.140905793442,0.000172138893473,0.0348837209302,0.0116279069767,0.188045422134,-0.004090622018,0.036122542512
kc,2025,8,False,00-0033873,Patrick Mahomes,00-0033873,Patrick Mahomes,2025_06_DET_KC;2025_07_LV_KC,2025_08_WAS_KC;2025_09_KC_BUF,2,0.0714285714286,0.047619047619,0.502025362851,0.135660619388,-0.0686156593395,0.139435441809,-0.00191971264589,2,0.271604938272,0.0740740740741,0.164298464617,0.146246089676,0.127815784047,0.135466892892,-0.00397783929879,0.200176366843,0.026455026455,-0.337726898234,0.0105854702885,0.196431443386
kc,2025,9,False,00-0033873,Patrick Mahomes,00-0033873,Patrick Mahomes,2025_07_LV_KC;2025_08_WAS_KC,2025_09_KC_BUF;2025_11_KC_DEN,2,0.116279069767,0.046511627907,0.458885809412,0.130618602581,-0.0221991232423,0.140905793442,0.000172138893473,2,0.242105263158,0.0631578947368,0.0587221336861,0.189643099644,0.0815017630018,0.140716248351,0.00159790808219,0.12582619339,0.0166462668299,-0.400163675726,0.0590244970625,0.103700886244
kc,2025,11,False,00-0033873,Patrick Mahomes,00-0033873,Patrick Mahomes,2025_08_WAS_KC;2025_09_KC_BUF,2025_11_KC_DEN;2025_12_IND_KC,2,0.271604938272,0.0740740740741,0.164298464617,0.146246089676,0.127815784047,0.135466892892,-0.00397783929879,2,0.157894736842,0.0614035087719,0.17255489848,0.197935500967,-0.00296946584295,0.146471053412,0.00467375788111,-0.113710201429,-0.0126705653021,0.00825643386215,0.05168941129,-0.130785249889
kc,2025,12,False,00-0033873,Patrick Mahomes,00-0033873,Patrick Mahomes,2025_09_KC_BUF;2025_11_KC_DEN,2025_12_IND_KC;2025_13_KC_DAL,2,0.242105263158,0.0631578947368,0.0587221336861,0.189643099644,0.0815017630018,0.140716248351,0.00159790808219,2,0.182692307692,0.0673076923077,0.257609361164,0.166443252905,0.0319220159508,0.142235588666,-0.00344219449507,-0.0594129554656,0.00414979757085,0.198887227478,-0.023199846739,-0.049579747051
kc,2025,13,False,00-0033873,Patrick Mahomes,00-0033873,Patrick Mahomes,2025_11_KC_DEN;2025_12_IND_KC,2025_13_KC_DAL;2025_14_HOU_KC,2,0.157894736842,0.0614035087719,0.17255489848,0.197935500967,-0.00296946584295,0.146471053412,0.00467375788111,2,0.195402298851,0.0574712643678,-0.0408499200115,0.162457912458,0.0457659244999,0.151525694363,0.00415950203268,0.0375075620085,-0.00393224440411,-0.213404818491,-0.0354775885085,0.0487353903428
lac,2022,3,False,00-0036355,Justin Herbert,00-0036355,Justin Herbert,2022_01_LV_LAC;2022_02_LAC_KC,2022_03_JAX_LAC;2022_04_LAC_HOU,2,0.126436781609,0.0229885057471,0.185984501483,,,,,2,0.0879120879121,0.021978021978,0.0707178263516,,,,,-0.0385246936971,-0.0010104837691,-0.115266675131,,
lac,2022,4,False,00-0036355,Justin Herbert,00-0036355,Justin Herbert,2022_02_LAC_KC;2022_03_JAX_LAC,2022_04_LAC_HOU;2022_05_LAC_CLE,2,0.138613861386,0.029702970297,-0.0977082366543,,,,,2,0.0493827160494,0.0246913580247,0.303437996453,0.12676056338,,0.106741573034,,-0.0892311453368,-0.00501161227234,0.401146233107,,
lac,2022,5,False,00-0036355,Justin Herbert,00-0036355,Justin Herbert,2022_03_JAX_LAC;2022_04_LAC_HOU,2022_05_LAC_CLE;2022_06_DEN_LAC,2,0.0879120879121,0.021978021978,0.0707178263516,,,,,2,0.0934579439252,0.0280373831776,0.00621262330374,0.143477369069,,0.101535924132,,0.00554585601315,0.00605936119955,-0.0645052030479,,
lac,2022,6,False,00-0036355,Justin Herbert,00-0036355,Justin Herbert,2022_04_LAC_HOU;2022_05_LAC_CLE,2022_06_DEN_LAC;2022_07_SEA_LAC,2,0.0493827160494,0.0246913580247,0.303437996453,0.12676056338,,0.106741573034,,2,0.126984126984,0.0396825396825,-0.124141720915,0.152465508431,-0.00328169641692,0.0990423305972,,0.0776014109347,0.0149911816578,-0.427579717368,0.025704945051,
lac,2022,7,False,00-0036355,Justin Herbert,00-0036355,Justin Herbert,2022_05_LAC_CLE;2022_06_DEN_LAC,2022_07_SEA_LAC;2022_09_LAC_ATL,2,0.0934579439252,0.0280373831776,0.00621262330374,0.143477369069,,0.101535924132,,2,0.0961538461538,0.0288461538462,-0.0435121234116,0.126499475184,-0.0382538315416,0.10465626275,,0.00269590222861,0.000808770668584,-0.0497247467154,-0.016977893885,
lac,2022,13,False,00-0036355,Justin Herbert,00-0036355,Justin Herbert,2022_11_KC_LAC;2022_12_LAC_ARI,2022_13_LAC_LV;2022_14_MIA_LAC,2,0.252747252747,0.0989010989011,0.0865932057389,0.150020755501,0.10723857483,0.118032765323,0.0174347324829,2,0.184210526316,0.0789473684211,-0.0227102586068,0.151472464907,0.0387621740694,0.151856994099,0.0412851656739,-0.0685367264315,-0.01995373048,-0.109303464346,0.001451709406,-0.0684764007602
lac,2022,14,False,00-0036355,Justin Herbert,00-0036355,Justin Herbert,2022_12_LAC_ARI;2022_13_LAC_LV,2022_14_MIA_LAC;2022_15_TEN_LAC,2,0.245454545455,0.0818181818182,-0.0568680554643,0.150919026329,0.0997920088665,0.131125144211,0.0259304192295,2,0.145631067961,0.0679611650485,-0.00438024026136,0.146841317365,0.0016529731063,0.166613361763,0.0419853239779,-0.0998234774934,-0.0138570167696,0.0524878152029,-0.0040777089635,-0.0981390357602
lac,2022,15,False,00-0036355,Justin Herbert,00-0036355,Justin Herbert,2022_13_LAC_LV;2022_14_MIA_LAC,2022_15_TEN_LAC;2022_16_LAC_IND,2,0.184210526316,0.0789473684211,-0.0227102586068,0.151472464907,0.0387621740694,0.151856994099,0.0412851656739,2,0.182926829268,0.0853658536585,-0.146293285635,0.142663398693,0.0414531595906,0.173719789423,0.0359694961094,-0.0012836970475,0.00641848523748,-0.123583027028,-0.0088090662135,0.0026909855212
lac,2023,3,False,00-0036355,Justin Herbert,00-0036355,Justin Herbert,2023_01_MIA_LAC;2023_02_LAC_TEN,2023_03_LAC_MIN;2023_04_LV_LAC,2,0.111111111111,0.0666666666667,0.124008539375,0.141281801977,-0.032927599122,0.164705577441,0.0219609648594,2,0.10843373494,0.0361445783133,0.269331590164,0.121730610561,-0.0297264515492,0.126133093249,-0.015179902436,-0.00267737617135,-0.0305220883534,0.145323050789,-0.019551191416,0.00320114757273
lac,2023,4,False,00-0036355,Justin Herbert,00-0036355,Justin Herbert,2023_02_LAC_TEN;2023_03_LAC_MIN,2023_04_LV_LAC;2023_06_DAL_LAC,2,0.103092783505,0.0412371134021,0.296778736201,0.121507352941,-0.0336693279256,0.147037639319,0.0044801434067,2,0.141176470588,0.0352941176471,0.0118734344639,0.123346989872,0.00114177358523,0.114491485495,-0.025730114367,0.0380836870831,-0.005942995755,-0.284905301737,0.0018396369305,0.0348111015108
lac,2023,6,False,00-0036355,Justin Herbert,00-0036355,Justin Herbert,2023_03_LAC_MIN;2023_04_LV_LAC,2023_06_DAL_LAC;2023_07_LAC_KC,2,0.10843373494,0.0361445783133,0.269331590164,0.121730610561,-0.0297264515492,0.126133093249,-0.015179902436,2,0.175824175824,0.0659340659341,0.000534453595374,0.164909017795,0.0248511720393,0.113111268604,-0.0265396640661,0.0673904408844,0.0297894876208,-0.268797136568,0.0431784072335,0.0545776235885
lac,2023,7,False,00-0036355,Justin Herbert,00-0036355,Justin Herbert,2023_04_LV_LAC;2023_06_DAL_LAC,2023_07_LAC_KC;2023_08_CHI_LAC,2,0.141176470588,0.0352941176471,0.0118734344639,0.123346989872,0.00114177358523,0.114491485495,-0.025730114367,2,0.120481927711,0.0602409638554,0.184373321605,0.15046266954,-0.0256930673752,0.113067103674,-0.0278786736442,-0.0206945428774,0.0249468462084,0.172499887141,0.0271156796685,-0.0268348409604
lac,2023,8,False,00-0036355,Justin Herbert,00-0036355,Justin Herbert,2023_06_DAL_LAC;2023_07_LAC_KC,2023_08_CHI_LAC;2023_09_LAC_NYJ,2,0.175824175824,0.0659340659341,0.000534453595374,0.164909017795,0.0248511720393,0.113111268604,-0.0265396640661,2,0.180722891566,0.0602409638554,0.118222639642,0.139820347512,0.038198266019,0.112114328198,-0.029284593067,0.00489871574209,-0.00569310207864,0.117688186047,-0.025088670283,0.0133470939797
lac,2023,9,False,00-0036355,Justin Herbert,00-0036355,Justin Herbert,2023_07_LAC_KC;2023_08_CHI_LAC,2023_09_LAC_NYJ;2023_10_DET_LAC,2,0.120481927711,0.0602409638554,0.184373321605,0.15046266954,-0.0256930673752,0.113067103674,-0.0278786736442,2,0.21686746988,0.0602409638554,0.210974462793,0.155538435989,0.0686214214924,0.126975686975,-0.0154718449665,0.0963855421687,0,0.0266011411874,0.005075766449,0.0943144888675
lac,2023,10,False,00-0036355,Justin Herbert,00-0036355,Justin Herbert,2023_08_CHI_LAC;2023_09_LAC_NYJ,2023_10_DET_LAC;2023_11_LAC_GB,2,0.180722891566,0.0602409638554,0.118222639642,0.139820347512,0.038198266019,0.112114328198,-0.029284593067,2,0.10989010989,0.021978021978,0.356971668999,0.143165897312,-0.0348522658307,0.14388518997,0.000567982671509,-0.0708327816762,-0.0382629418774,0.238749029357,0.0033455498,-0.0730505318497
lac,2023,11,False,00-0036355,Justin Herbert,00-0036355,Justin Herbert,2023_09_LAC_NYJ;2023_10_DET_LAC,2023_11_LAC_GB;2023_12_BAL_LAC,2,0.21686746988,0.0602409638554,0.210974462793,0.155538435989,0.0686214214924,0.126975686975,-0.0154718449665,2,0.144329896907,0.0515463917526,-0.0972535149464,0.15534442043,-0.00398072501814,0.14367816092,0.000269023568474,-0.0725375729723,-0.00869457210284,-0.308227977739,-0.0001940155595,-0.0726021465105
lac,2023,12,False,00-0036355,Justin Herbert,00-0036355,Justin Herbert,2023_10_DET_LAC;2023_11_LAC_GB,2023_12_BAL_LAC;2023_13_LAC_NE,2,0.10989010989,0.021978021978,0.356971668999,0.143165897312,-0.0348522658307,0.14388518997,0.000567982671509,2,0.123595505618,0.0337078651685,-0.210073271335,0.133651144209,-0.0185592376885,0.149425287357,0.0044066593185,0.0137053957279,0.0117298431905,-0.567044940334,-0.0095147531025,0.0162930281422
lac,2023,17,False,00-0035282,Easton Stick,00-0035282,Easton Stick,2023_15_LAC_LV;2023_16_BUF_LAC,2023_17_LAC_DEN;2023_18_KC_LAC,2,0.15,0.1,-0.151573122276,0.141898660761,0.00573590095071,0.148780188293,0.00396670309317,2,0.10101010101,0.040404040404,-0.0516264214858,0.178030763004,-0.055320407658,0.142287969745,-0.00338855144783,-0.0489898989899,-0.059595959596,0.0999467007901,0.036132102242,-0.0610563086087
lac,2024,7,False,00-0036355,Justin Herbert,00-0036355,Justin Herbert,2024_04_KC_LAC;2024_06_LAC_DEN,2024_07_LAC_ARI;2024_08_NO_LAC,2,0.225352112676,0.0704225352113,0.0809787758585,0.170313655736,0.0715385851495,0.153151013391,0.00382352182816,2,0.162790697674,0.0697674418605,0.135119231944,0.0929991668355,0.0358807869594,0.158699096077,0.00895601830334,-0.0625614150016,-0.000655093350802,0.0541404560855,-0.0773144889004,-0.0356577981901
lac,2024,8,False,00-0036355,Justin Herbert,00-0036355,Justin Herbert,2024_06_LAC_DEN;2024_07_LAC_ARI,2024_08_NO_LAC;2024_09_LAC_CLE,2,0.151162790698,0.0697674418605,0.167780948111,0.13044102515,0.0116977072825,0.158628234398,0.00812830183467,2,0.236842105263,0.118421052632,0.0729380885703,0.12466242885,0.0998452993352,0.16806756601,0.0219278874406,0.0856793145655,0.0486536107711,-0.0948428595407,-0.00577859629955,0.0881475920527
lac,2024,9,False,00-0036355,Justin Herbert,00-0036355,Justin Herbert,2024_07_LAC_ARI;2024_08_NO_LAC,2024_09_LAC_CLE;2024_10_TEN_LAC,2,0.162790697674,0.0697674418605,0.135119231944,0.0929991668355,0.0358807869594,0.158699096077,0.00895601830334,2,0.220338983051,0.101694915254,0.17487695451,0.139964788733,0.0759166853906,0.189611607981,0.0465306543915,0.0575482853764,0.0319274733938,0.0397577225657,0.046965621897,0.0400358984312
lac,2024,10,False,00-0036355,Justin Herbert,00-0036355,Justin Herbert,2024_08_NO_LAC;2024_09_LAC_CLE,2024_10_TEN_LAC;2024_11_CIN_LAC,2,0.236842105263,0.118421052632,0.0729380885703,0.12466242885,0.0998452993352,0.16806756601,0.0219278874406,2,0.115942028986,0.0289855072464,0.180128603938,0.130067567567,-0.0245474209436,0.199220375663,0.0575521245397,-0.120900076278,-0.0894355453852,0.107190515368,0.005405138717,-0.124392720279
lac,2024,11,False,00-0036355,Justin Herbert,00-0036355,Justin Herbert,2024_09_LAC_CLE;2024_10_TEN_LAC,2024_11_CIN_LAC;2024_12_BAL_LAC,2,0.220338983051,0.101694915254,0.17487695451,0.139964788733,0.0759166853906,0.189611607981,0.0465306543915,2,0.135416666667,0.0625,0.069179506231,0.150900900901,-0.0113796904104,0.195305336512,0.0537695079467,-0.0849223163842,-0.0391949152542,-0.105697448279,0.0109361121685,-0.0872963758011
lac,2024,12,False,00-0036355,Justin Herbert,00-0036355,Justin Herbert,2024_10_TEN_LAC;2024_11_CIN_LAC,2024_12_BAL_LAC;2024_13_LAC_ATL,2,0.115942028986,0.0289855072464,0.180128603938,0.130067567567,-0.0245474209436,0.199220375663,0.0575521245397,2,0.1875,0.1125,-0.0523257430815,0.122033023736,0.0459301074641,0.187304565353,0.0451962028029,0.0715579710145,0.0835144927536,-0.232454347019,-0.0080345438315,0.0704775284077
lac,2024,13,False,00-0036355,Justin Herbert,00-0036355,Justin Herbert,2024_11_CIN_LAC;2024_12_BAL_LAC,2024_13_LAC_ATL;2024_14_LAC_KC,2,0.135416666667,0.0625,0.069179506231,0.150900900901,-0.0113796904104,0.195305336512,0.0537695079467,2,0.223880597015,0.119402985075,-0.0123617525381,0.112599061472,0.0878060236932,0.17656031,0.0355136319663,0.0884639303483,0.0569029850746,-0.0815412587691,-0.0383018394295,0.0991857141036
lac,2025,3,False,00-0036355,Justin Herbert,00-0036355,Justin Herbert,2025_01_KC_LAC;2025_02_LAC_LV,2025_03_DEN_LAC;2025_04_LAC_NYG,2,0.0921052631579,0.0657894736842,0.406885867613,0.147277827362,-0.0522446842282,0.159501293813,0.0164276518588,2,0.245283018868,0.0660377358491,-0.126458847128,0.171454545455,0.0921543258183,0.155416278889,0.0106529478534,0.15317775571,0.000248262164846,-0.533344714741,0.0241767180925,0.144399010047
lac,2025,8,False,00-0036355,Justin Herbert,00-0036355,Justin Herbert,2025_06_LAC_MIA;2025_07_IND_LAC,2025_08_MIN_LAC;2025_09_LAC_TEN,2,0.21568627451,0.0392156862745,0.169131023026,0.124573960463,0.0781092310539,0.163294797688,0.019180821388,2,0.256756756757,0.108108108108,0.289971315351,0.147337926301,0.112618907443,0.192032967033,0.0477755617251,0.041070482247,0.0688924218336,0.120840292325,0.022763965838,0.0345096763891
lac,2025,9,False,00-0036355,Justin Herbert,00-0036355,Justin Herbert,2025_07_IND_LAC;2025_08_MIN_LAC,2025_09_LAC_TEN;2025_10_PIT_LAC,2,0.234693877551,0.0510204081633,0.268680545145,0.146669920059,0.0914236453612,0.172957822524,0.0294698167502,2,0.246913580247,0.135802469136,0.00217252872815,0.161791674308,0.0974302871354,0.21095505618,0.0666098389802,0.0122197026959,0.0847820609725,-0.266508016417,0.0151217542485,0.00600664177416
lac,2025,16,False,00-0036355,Justin Herbert,00-0036355,Justin Herbert,2025_14_PHI_LAC;2025_15_LAC_KC,2025_16_LAC_DAL;2025_17_HOU_LAC,2,0.294871794872,0.141025641026,-0.107211519714,0.155539811139,0.147491361994,0.216710758377,0.0757920018087,2,0.164556962025,0.0632911392405,0.292431734134,0.157110636277,0.0165788730041,0.232543103448,0.0886401289293,-0.130314832846,-0.0777345017851,0.399643253848,0.0015708251385,-0.130912488989
lar,2022,3,False,00-0026498,Matthew Stafford,00-0026498,Matthew Stafford,2022_01_BUF_LA;2022_02_ATL_LA,2022_03_LA_ARI;2022_04_LA_SF,2,0.206896551724,0.0919540229885,-0.161347353994,,,,,2,0.190476190476,0.0952380952381,-0.0116035998024,,,,,-0.0164203612479,0.00328407224959,0.149743754192,,
lar,2022,4,False,00-0026498,Matthew Stafford,00-0026498,Matthew Stafford,2022_02_ATL_LA;2022_03_LA_ARI,2022_04_LA_SF;2022_05_DAL_LA,2,0.109375,0.03125,0.192701311932,,,,,2,0.205607476636,0.11214953271,-0.239545368771,0.205714285714,,0.198830409357,,0.0962324766355,0.0808995327103,-0.432246680703,,
lar,2022,5,False,00-0026498,Matthew Stafford,00-0026498,Matthew Stafford,2022_03_LA_ARI;2022_04_LA_SF,2022_05_DAL_LA;2022_06_CAR_LA,2,0.190476190476,0.0952380952381,-0.0116035998024,,,,,2,0.164705882353,0.0705882352941,-0.125612031897,0.165357142857,,0.20122515943,,-0.0257703081232,-0.024649859944,-0.114008432095,,
lar,2022,6,False,00-0026498,Matthew Stafford,00-0026498,Matthew Stafford,2022_04_LA_SF;2022_05_DAL_LA,2022_06_CAR_LA;2022_08_SF_LA,2,0.205607476636,0.11214953271,-0.239545368771,0.205714285714,,0.198830409357,,2,0.123287671233,0.041095890411,0.088074555366,0.151060885609,0.0138555214291,0.195559954751,,-0.0823198054026,-0.0710536422993,0.327619924137,-0.054653400105,
lar,2022,8,False,00-0026498,Matthew Stafford,00-0026498,Matthew Stafford,2022_05_DAL_LA;2022_06_CAR_LA,2022_08_SF_LA;2022_09_LA_TB,2,0.164705882353,0.0705882352941,-0.125612031897,0.165357142857,,0.20122515943,,2,0.197183098592,0.0845070422535,0.0025388812331,0.162228597207,0.0556404241837,0.185586734694,,0.0324772162386,0.0139188069594,0.12815091313,-0.0031285456495,
lar,2022,16,False,00-0034855,Baker Mayfield,00-0034855,Baker Mayfield,2022_14_LV_LA;2022_15_LA_GB,2022_16_DEN_LA;2022_17_LA_LAC,2,0.211267605634,0.12676056338,0.0311166913486,0.14603988604,0.0659741107981,0.197897099922,0.0715181829471,2,0.0909090909091,0.0545454545455,0.0868792751836,0.112283197265,-0.0413364322959,0.211660016467,0.0706899213331,-0.120358514725,-0.0722151088348,0.055762583835,-0.033756688775,-0.107310543094
lar,2022,17,False,00-0034855,Baker Mayfield,00-0034855,Baker Mayfield,2022_15_LA_GB;2022_16_DEN_LA,2022_17_LA_LAC;2022_18_LA_SEA,2,0.172413793103,0.0862068965517,0.230289456581,0.117625342384,0.038808818575,0.204662340783,0.069886373748,2,0.237288135593,0.135593220339,-0.352243791636,0.123947348456,0.099598181992,0.201401097795,0.0613757968458,0.0648743424898,0.0493863237873,-0.582533248216,0.006322006072,0.060789363417
lar,2023,3,False,00-0026498,Matthew Stafford,00-0026498,Matthew Stafford,2023_01_LA_SEA;2023_02_SF_LA,2023_03_LA_CIN;2023_04_LA_IND,2,0.0891089108911,0.00990099009901,0.149402728639,0.160833071775,-0.0613242537821,0.183470566373,0.0429003255014,2,0.211111111111,0.0888888888889,0.0908586768762,0.14058310393,0.0676893863696,0.161400186071,0.0179546979894,0.12200220022,0.0789878987899,-0.0585440517625,-0.0202499678455,0.129013640152
lar,2023,4,False,00-0026498,Matthew Stafford,00-0026498,Matthew Stafford,2023_02_SF_LA;2023_03_LA_CIN,2023_04_LA_IND;2023_05_PHI_LA,2,0.165048543689,0.0679611650485,-0.133775526422,0.158395760694,0.0158186503543,0.166950402906,0.0249955181579,2,0.191011235955,0.0674157303371,0.130807390729,0.156059997093,0.0422768364178,0.165007689678,0.0214887635806,0.0259626922657,-0.000545434711465,0.264582917151,-0.002335763601,0.0264581860635
lar,2023,5,False,00-0026498,Matthew Stafford,00-0026498,Matthew Stafford,2023_03_LA_CIN;2023_04_LA_IND,2023_05_PHI_LA;2023_06_ARI_LA,2,0.211111111111,0.0888888888889,0.0908586768762,0.14058310393,0.0676893863696,0.161400186071,0.0179546979894,2,0.159420289855,0.101449275362,-0.00155354833377,0.141547328752,0.0119447370172,0.163608131,0.0195848874552,-0.051690821256,0.0125603864734,-0.09241222521,0.000964224822,-0.0557446493523
lar,2023,6,False,00-0026498,Matthew Stafford,00-0026498,Matthew Stafford,2023_04_LA_IND;2023_05_PHI_LA,2023_06_ARI_LA;2023_07_PIT_LA,2,0.191011235955,0.0674157303371,0.130807390729,0.156059997093,0.0422768364178,0.165007689678,0.0214887635806,2,0.109375,0.078125,0.0199200490945,0.136658801321,-0.0353444547836,0.162264646898,0.0168993865145,-0.0816362359551,0.0107092696629,-0.110887341635,-0.0194011957715,-0.0776212912014
lar,2023,13,False,00-0026498,Matthew Stafford,00-0026498,Matthew Stafford,2023_11_SEA_LA;2023_12_LA_ARI,2023_13_CLE_LA;2023_14_LA_BAL,2,0.08,0.0133333333333,0.164496833724,0.138597912878,-0.063624664529,0.151127924064,0.00356346922684,2,0.142857142857,0.0238095238095,0.205916500454,0.165552375257,-0.00869688672289,0.120389805097,-0.026682258737,0.0628571428571,0.0104761904762,0.0414196667301,0.026954462378,0.0549277778062
lar,2023,14,False,00-0026498,Matthew Stafford,00-0026498,Matthew Stafford,2023_12_LA_ARI;2023_13_CLE_LA,2023_14_LA_BAL;2023_15_WAS_LA,2,0.0694444444444,0,0.293050018019,0.142140423,-0.0752492248316,0.13989271598,-0.00689705548646,2,0.190476190476,0.0595238095238,0.159812502168,0.133518461644,0.0485158376043,0.112995543045,-0.0344573447189,0.121031746032,0.0595238095238,-0.13323751585,-0.0086219613565,0.123765062436
lar,2023,15,False,00-0026498,Matthew Stafford,00-0026498,Matthew Stafford,2023_13_CLE_LA;2023_14_LA_BAL,2023_15_WAS_LA;2023_16_NO_LA,2,0.142857142857,0.0238095238095,0.205916500454,0.165552375257,-0.00869688672289,0.120389805097,-0.026682258737,2,0.121621621622,0.0540540540541,0.290196430799,0.112617487617,-0.0127615166867,0.118478866957,-0.0282017867317,-0.0212355212355,0.0302445302445,0.0842799303458,-0.052934887639,-0.00406462996382
lar,2023,16,False,00-0026498,Matthew Stafford,00-0026498,Matthew Stafford,2023_14_LA_BAL;2023_15_WAS_LA,2023_16_NO_LA;2023_17_LA_NYG,2,0.190476190476,0.0595238095238,0.159812502168,0.133518461644,0.0485158376043,0.112995543045,-0.0344573447189,2,0.146666666667,0.0666666666667,0.189958077263,0.116813401322,0.0111970587758,0.119866264021,-0.0255203034193,-0.0438095238095,0.00714285714286,0.0301455750946,-0.016705060321,-0.0373187788285
lar,2024,3,False,00-0026498,Matthew Stafford,00-0026498,Matthew Stafford,2024_01_LA_DET;2024_02_LA_ARI,2024_03_SF_LA;2024_04_LA_CHI,2,0.247058823529,0.0823529411765,-0.0312908799256,0.140197340198,0.0977037062371,0.135990874337,-0.00875689554869,2,0.164179104478,0.089552238806,0.0991234764394,0.140720549651,0.0201916795359,0.173892913835,0.0298164617868,-0.0828797190518,0.0071992976295,0.130414356365,0.00052320945395,-0.0775120267012
lar,2024,4,False,00-0026498,Matthew Stafford,00-0026498,Matthew Stafford,2024_02_LA_ARI;2024_03_SF_LA,2024_04_LA_CHI;2024_05_GB_LA,2,0.215384615385,0.123076923077,-0.0513248927831,0.103278808326,0.0847041548443,0.157760130562,0.0122363174882,2,0.192771084337,0.0722891566265,-0.101018476252,0.170327874212,0.0376747862227,0.17698867608,0.033950863875,-0.0226135310473,-0.0507877664504,-0.049693583469,0.0670490658855,-0.0470293686216
lar,2024,5,False,00-0026498,Matthew Stafford,00-0026498,Matthew Stafford,2024_03_SF_LA;2024_04_LA_CHI,2024_05_GB_LA;2024_07_LV_LA,2,0.164179104478,0.089552238806,0.0991234764394,0.140720549651,0.0201916795359,0.173892913835,0.0298164617868,2,0.16,0.0533333333333,-0.172298867593,0.173860869363,0.00319226301431,0.177279102384,0.0324805864108,-0.00417910447761,-0.0362189054726,-0.271422344033,0.033140319711,-0.0169994165216
lar,2024,7,False,00-0026498,Matthew Stafford,00-0026498,Matthew Stafford,2024_04_LA_CHI;2024_05_GB_LA,2024_07_LV_LA;2024_08_MIN_LA,2,0.192771084337,0.0722891566265,-0.101018476252,0.170327874212,0.0376747862227,0.17698867608,0.033950863875,2,0.0615384615385,0.0153846153846,0.230179493289,0.163838918733,-0.0907913564768,0.181989247312,0.0344016219234,-0.131232622799,-0.0569045412419,0.331197969541,-0.0064889554785,-0.1284661427
lar,2024,8,False,00-0026498,Matthew Stafford,00-0026498,Matthew Stafford,2024_05_GB_LA;2024_07_LV_LA,2024_08_MIN_LA;2024_09_LA_SEA,2,0.16,0.0533333333333,-0.172298867593,0.173860869363,0.00319226301431,0.177279102384,0.0324805864108,2,0.103448275862,0,0.352928096074,0.1670356006,-0.0491703977103,0.173333333333,0.0237297679501,-0.0565517241379,-0.0533333333333,0.525226963667,-0.0068252687625,-0.0523626607246
lar,2024,9,False,00-0026498,Matthew Stafford,00-0026498,Matthew Stafford,2024_07_LV_LA;2024_08_MIN_LA,2024_09_LA_SEA;2024_10_MIA_LA,2,0.0615384615385,0.0153846153846,0.230179493289,0.163838918733,-0.0907913564768,0.181989247312,0.0344016219234,2,0.134020618557,0.0412371134021,0.0264724594042,0.141493578166,-0.00998801587883,0.166061571125,0.0151812603793,0.0724821570182,0.0258524980174,-0.203707033885,-0.0223453405675,0.080803340598
lar,2024,10,False,00-0026498,Matthew Stafford,00-0026498,Matthew Stafford,2024_08_MIN_LA;2024_09_LA_SEA,2024_10_MIA_LA;2024_11_LA_NE,2,0.103448275862,0,0.352928096074,0.1670356006,-0.0491703977103,0.173333333333,0.0237297679501,2,0.12987012987,0.0519480519481,0.113272787583,0.128887559809,-0.00910975874645,0.160201356071,0.0117905991254,0.0264218540081,0.0519480519481,-0.23965530849,-0.0381480407915,0.0400606389638
lar,2024,11,False,00-0026498,Matthew Stafford,00-0026498,Matthew Stafford,2024_09_LA_SEA;2024_10_MIA_LA,2024_11_LA_NE;2024_12_PHI_LA,2,0.134020618557,0.0412371134021,0.0264724594042,0.141493578166,-0.00998801587883,0.166061571125,0.0151812603793,2,0.202702702703,0.0675675675676,0.336331908625,0.140436876505,0.0593125076992,0.144433902593,-0.00269159169187,0.068682084146,0.0263304541655,0.309859449221,-0.0010567016605,0.0693005235781
lar,2024,12,False,00-0026498,Matthew Stafford,00-0026498,Matthew Stafford,2024_10_MIA_LA;2024_11_LA_NE,2024_12_PHI_LA;2024_13_LA_NO,2,0.12987012987,0.0519480519481,0.113272787583,0.128887559809,-0.00910975874645,0.160201356071,0.0117905991254,2,0.232876712329,0.0958904109589,0.146945891258,0.125816993464,0.0928595355204,0.143862560699,-0.00452202099707,0.103006582459,0.0439423590109,0.0336731036744,-0.0030705663445,0.101969294267
lar,2024,13,False,00-0026498,Matthew Stafford,00-0026498,Matthew Stafford,2024_11_LA_NE;2024_12_PHI_LA,2024_13_LA_NO;2024_14_BUF_LA,2,0.202702702703,0.0675675675676,0.336331908625,0.140436876505,0.0593125076992,0.144433902593,-0.00269159169187,2,0.145161290323,0.0322580645161,0.472975275622,0.127703206562,0.00514144417369,0.152158186641,0.00427976682147,-0.0575414123801,-0.0353095030514,0.136643366997,-0.012733669943,-0.0541710635255
lar,2024,14,False,00-0026498,Matthew Stafford,00-0026498,Matthew Stafford,2024_12_PHI_LA;2024_13_LA_NO,2024_14_BUF_LA;2024_15_LA_SF,2,0.232876712329,0.0958904109589,0.146945891258,0.125816993464,0.0928595355204,0.143862560699,-0.00452202099707,2,0.126984126984,0,0.372728805863,0.143825972685,-0.017208838936,0.145715023231,-0.00036070377949,-0.105892585345,-0.0958904109589,0.225782914605,0.018008979221,-0.110068374456
lar,2024,15,False,00-0026498,Matthew Stafford,00-0026498,Matthew Stafford,2024_13_LA_NO;2024_14_BUF_LA,2024_15_LA_SF;2024_16_LA_NYJ,2,0.145161290323,0.0322580645161,0.472975275622,0.127703206562,0.00514144417369,0.152158186641,0.00427976682147,2,0.125,0,0.00383673583479,0.125857888242,-0.0147194558939,0.142125279642,-0.00243596668079,-0.0201612903226,-0.0322580645161,-0.469138539787,-0.00184531832,-0.0198609000676
lar,2024,16,False,00-0026498,Matthew Stafford,00-0026498,Matthew Stafford,2024_14_BUF_LA;2024_15_LA_SF,2024_16_LA_NYJ;2024_17_ARI_LA,2,0.126984126984,0,0.372728805863,0.143825972685,-0.017208838936,0.145715023231,-0.00036070377949,2,0.0535714285714,0,0.052056085993,0.120095965277,-0.0841683387743,0.14984578885,0.00658813831099,-0.0734126984127,0,-0.32067271987,-0.0237300074075,-0.0669594998383
lar,2025,3,False,00-0026498,Matthew Stafford,00-0026498,Matthew Stafford,2025_01_HOU_LA;2025_02_LA_TEN,2025_03_LA_PHI;2025_04_IND_LA,2,0.171428571429,0.0571428571429,0.161303278413,0.115780103582,0.0375971054386,0.160426094827,0.0189263018495,2,0.192771084337,0.0481927710843,0.139857782001,0.105464000347,0.0625101150199,0.149062086057,0.0096147956432,0.0213425129088,-0.00895008605852,-0.0214454964117,-0.0103161032347,0.0249130095813
lar,2025,4,False,00-0026498,Matthew Stafford,00-0026498,Matthew Stafford,2025_02_LA_TEN;2025_03_LA_PHI,2025_04_IND_LA;2025_05_SF_LA,2,0.183098591549,0.0281690140845,0.149954068261,0.116413248467,0.0488680853538,0.155893455486,0.0156861595426,2,0.112244897959,0.0408163265306,0.295028989718,0.0850439371397,-0.0120977496907,0.155909726067,0.0178759534169,-0.0708536935901,0.0126473124461,0.145074921457,-0.0313693113278,-0.0609658350445
lar,2025,5,False,00-0026498,Matthew Stafford,00-0026498,Matthew Stafford,2025_03_LA_PHI;2025_04_IND_LA,2025_05_SF_LA;2025_06_LA_BAL,2,0.192771084337,0.0481927710843,0.139857782001,0.105464000347,0.0625101150199,0.149062086057,0.0096147956432,2,0.0625,0.0375,0.262266836356,0.10481514688,-0.065821154507,0.152283967899,0.0171785905783,-0.130271084337,-0.0106927710843,0.122409054355,-0.000648853467,-0.128331269527
lar,2025,6,False,00-0026498,Matthew Stafford,00-0026498,Matthew Stafford,2025_04_IND_LA;2025_05_SF_LA,2025_06_LA_BAL;2025_07_LA_JAX,2,0.112244897959,0.0408163265306,0.295028989718,0.0850439371397,-0.0120977496907,0.155909726067,0.0178759534169,2,0.0972222222222,0.0277777777778,0.294501780325,0.124296406531,-0.0388807462466,0.142379735166,0.00856665633267,-0.015022675737,-0.0130385487528,-0.000527209393784,0.0392524693908,-0.026782996556
lar,2025,7,False,00-0026498,Matthew Stafford,00-0026498,Matthew Stafford,2025_05_SF_LA;2025_06_LA_BAL,2025_07_LA_JAX;2025_09_NO_LA,2,0.0625,0.0375,0.262266836356,0.10481514688,-0.065821154507,0.152283967899,0.0171785905783,2,0.102564102564,0.025641025641,0.412749746914,0.12971437165,-0.035481393747,0.145093550956,0.0113617601724,0.0400641025641,-0.011858974359,0.150482910558,0.0248992247696,0.0303397607601
lar,2025,9,False,00-0026498,Matthew Stafford,00-0026498,Matthew Stafford,2025_06_LA_BAL;2025_07_LA_JAX,2025_09_NO_LA;2025_10_LA_SF,2,0.0972222222222,0.0277777777778,0.294501780325,0.124296406531,-0.0388807462466,0.142379735166,0.00856665633267,2,0.164383561644,0.041095890411,0.511985371563,0.103443223443,0.0351373715754,0.139353898714,0.00636332967984,0.0671613394216,0.0133181126332,0.217483591238,-0.0208531830873,0.074018117822
lar,2025,10,False,00-0026498,Matthew Stafford,00-0026498,Matthew Stafford,2025_07_LA_JAX;2025_09_NO_LA,2025_10_LA_SF;2025_11_SEA_LA,2,0.102564102564,0.025641025641,0.412749746914,0.12971437165,-0.035481393747,0.145093550956,0.0113617601724,2,0.169230769231,0.0153846153846,0.202584622272,0.118461538462,0.0371561934847,0.134387736293,0.00292119295099,0.0666666666667,-0.0102564102564,-0.210165124642,-0.0112528331883,0.0726375872317
lar,2025,11,False,00-0026498,Matthew Stafford,00-0026498,Matthew Stafford,2025_09_NO_LA;2025_10_LA_SF,2025_11_SEA_LA;2025_12_TB_LA,2,0.164383561644,0.041095890411,0.511985371563,0.103443223443,0.0351373715754,0.139353898714,0.00636332967984,2,0.0923076923077,0.0153846153846,-0.0345393861046,0.157100591716,-0.0549009979056,0.133830814704,0.00256159995122,-0.0720758693361,-0.0257112750263,-0.546524757668,0.0536573682728,-0.090038369481
lar,2025,12,False,00-0026498,Matthew Stafford,00-0026498,Matthew Stafford,2025_10_LA_SF;2025_11_SEA_LA,2025_12_TB_LA;2025_13_LA_CAR,2,0.169230769231,0.0153846153846,0.202584622272,0.118461538462,0.0371561934847,0.134387736293,0.00292119295099,2,0.0746268656716,0.044776119403,0.0552989288966,0.12823433602,-0.0641889794188,0.123801035566,-0.00880046705297,-0.0946039035591,0.0293915040184,-0.147285693376,0.00977279755885,-0.101345172904
lar,2025,13,False,00-0026498,Matthew Stafford,00-0026498,Matthew Stafford,2025_11_SEA_LA;2025_12_TB_LA,2025_13_LA_CAR;2025_14_LA_ARI,2,0.0923076923077,0.0153846153846,-0.0345393861046,0.157100591716,-0.0549009979056,0.133830814704,0.00256159995122,2,0.0634920634921,0.031746031746,0.214801825703,0.111705807621,-0.0691733592899,0.108441558441,-0.0251995561927,-0.0288156288156,0.0163614163614,0.249341211807,-0.0453947840955,-0.0142723613843
lar,2025,14,False,00-0026498,Matthew Stafford,00-0026498,Matthew Stafford,2025_12_TB_LA;2025_13_LA_CAR,2025_14_LA_ARI;2025_15_DET_LA,2,0.0746268656716,0.044776119403,0.0552989288966,0.12823433602,-0.0641889794188,0.123801035566,-0.00880046705297,2,0.12987012987,0.025974025974,0.332545672641,0.129576310602,-0.00980092959898,0.103113553114,-0.0320479455107,0.0552432641985,-0.018802093429,0.277246743744,0.001341974582,0.0543880498199
lar,2025,15,False,00-0026498,Matthew Stafford,00-0026498,Matthew Stafford,2025_13_LA_CAR;2025_14_LA_ARI,2025_15_DET_LA;2025_16_LA_SEA,2,0.0634920634921,0.031746031746,0.214801825703,0.111705807621,-0.0691733592899,0.108441558441,-0.0251995561927,2,0.123711340206,0.020618556701,0.344674743752,0.157451967232,-0.0249585898471,0.112347002591,-0.0243677834522,0.0602192767141,-0.011127475045,0.129872918049,0.045746159611,0.0442147694428
lar,2025,16,False,00-0026498,Matthew Stafford,00-0026498,Matthew Stafford,2025_14_LA_ARI;2025_15_DET_LA,2025_16_LA_SEA;2025_17_LA_ATL,2,0.12987012987,0.025974025974,0.332545672641,0.129576310602,-0.00980092959898,0.103113553114,-0.0320479455107,2,0.0927835051546,0.0309278350515,0.216665998327,0.16086721905,-0.0570011263583,0.116280429343,-0.0224789191488,-0.0370866247155,0.00495380907752,-0.115879674314,0.031290908448,-0.0472001967594
lar,2025,17,False,00-0026498,Matthew Stafford,00-0026498,Matthew Stafford,2025_15_DET_LA;2025_16_LA_SEA,2025_17_LA_ATL;2025_18_ARI_LA,2,0.123711340206,0.020618556701,0.344674743752,0.157451967232,-0.0249585898471,0.112347002591,-0.0243677834522,2,0.103448275862,0.0459770114943,0.136646354609,0.120928013492,-0.0327049413529,0.114236522349,-0.026406300778,-0.0202630643441,0.0253584547932,-0.208028389143,-0.0365239537395,-0.00774635150576
lv,2022,3,False,00-0031280,Derek Carr,00-0031280,Derek Carr,2022_01_LV_LAC;2022_02_ARI_LV,2022_03_LV_TEN;2022_04_DEN_LV,2,0.181818181818,0.0795454545455,-0.0676850665851,,,,,2,0.108695652174,0.0326086956522,0.139810947519,,,,,-0.0731225296443,-0.0469367588933,0.207496014104,,
lv,2022,4,False,00-0031280,Derek Carr,00-0031280,Derek Carr,2022_02_ARI_LV;2022_03_LV_TEN,2022_04_DEN_LV;2022_05_LV_KC,2,0.125,0.0208333333333,0.1361410419,,,,,2,0.155844155844,0.0519480519481,0.16407209204,0.147208121827,,0.144444444444,,0.0308441558442,0.0311147186147,0.0279310501396,,
lv,2022,5,False,00-0031280,Derek Carr,00-0031280,Derek Carr,2022_03_LV_TEN;2022_04_DEN_LV,2022_05_LV_KC;2022_07_HOU_LV,2,0.108695652174,0.0326086956522,0.139810947519,,,,,2,0.151515151515,0.0454545454545,0.38136463917,0.132015275867,-0.0253440514314,0.148259088581,,0.0428194993412,0.0128458498024,0.24155369165,,
lv,2022,11,False,00-0031280,Derek Carr,00-0031280,Derek Carr,2022_09_LV_JAX;2022_10_IND_LV,2022_11_LV_DEN;2022_12_LV_SEA,2,0.0975609756098,0.0487804878049,0.119149367836,0.155925520263,-0.0452752016079,0.153778429934,,2,0.1,0.025,0.279507389412,0.134320664045,-0.0392325430622,0.133212945591,-0.00439337651222,0.00243902439024,-0.0237804878049,0.160358021575,-0.0216048562175,0.00604265854575
lv,2022,12,False,00-0031280,Derek Carr,00-0031280,Derek Carr,2022_10_IND_LV;2022_11_LV_DEN,2022_12_LV_SEA;2022_13_LAC_LV,2,0.107142857143,0.0357142857143,0.129857370048,0.152207792208,-0.0359984632918,0.143065646082,-6.80223706319e-05,2,0.0845070422535,0.0140845070423,0.112829574879,0.125398358281,-0.0525398037188,0.130320512821,-0.0110596779065,-0.0226358148893,-0.021629778672,-0.0170277951682,-0.026809433927,-0.016541340427
lv,2022,13,False,00-0031280,Derek Carr,00-0031280,Derek Carr,2022_11_LV_DEN;2022_12_LV_SEA,2022_13_LAC_LV;2022_14_LV_LA,2,0.1,0.025,0.279507389412,0.134320664045,-0.0392325430622,0.133212945591,-0.00439337651222,2,0.0892857142857,0,-0.144813633228,0.124218659231,-0.0461024372284,0.128205128205,-0.0168860752616,-0.0107142857143,-0.025,-0.42432102264,-0.0101020048145,-0.00686989416622
lv,2022,14,False,00-0031280,Derek Carr,00-0031280,Derek Carr,2022_12_LV_SEA;2022_13_LAC_LV,2022_14_LV_LA;2022_15_NE_LV,2,0.0845070422535,0.0140845070423,0.112829574879,0.125398358281,-0.0525398037188,0.130320512821,-0.0110596779065,2,0.117647058824,0.0441176470588,-0.0939738228904,0.142413847801,-0.0251062079449,0.120919243987,-0.0200326413714,0.03314001657,0.0300331400166,-0.20680339777,0.01701548952,0.027433595774
lv,2022,15,False,00-0031280,Derek Carr,00-0031280,Derek Carr,2022_13_LAC_LV;2022_14_LV_LA,2022_15_NE_LV;2022_16_LV_PIT,2,0.0892857142857,0,-0.144813633228,0.124218659231,-0.0461024372284,0.128205128205,-0.0168860752616,2,0.126582278481,0.0759493670886,-0.122018694951,0.145008490481,-0.016241400537,0.117242773399,-0.0203230909785,0.0372965641953,0.0759493670886,0.0227949382771,0.0207898312505,0.0298610366914
lv,2023,11,False,00-0038579,Aidan O'Connell,00-0038579,Aidan O'Connell,2023_09_NYG_LV;2023_10_NYJ_LV,2023_11_LV_MIA;2023_12_KC_LV,2,0.140350877193,0.0526315789474,-0.0865120192128,0.163133445946,-0.0116725786309,0.124365074262,-0.0201813895737,2,0.126582278481,0.0379746835443,-0.0915418314457,0.201809770888,-0.0375423132276,0.135071450289,-0.0120423546572,-0.013768598712,-0.0146568954031,-0.00502981223289,0.0386763249415,-0.0258697345967
lv,2023,12,False,00-0038579,Aidan O'Connell,00-0038579,Aidan O'Connell,2023_10_NYJ_LV;2023_11_LV_MIA,2023_12_KC_LV;2023_14_MIN_LV,2,0.171052631579,0.0657894736842,-0.306122664992,0.190318341122,0.0101436930665,0.129440096328,-0.0167696549062,2,0.12676056338,0.0704225352113,-0.285422034118,0.181059882147,-0.0299501264874,0.135310684738,-0.0127992603548,-0.0442920681987,0.00463306152706,0.0207006308737,-0.0092584589745,-0.0400938195539
lv,2023,14,False,00-0038579,Aidan O'Connell,00-0038579,Aidan O'Connell,2023_11_LV_MIA;2023_12_KC_LV,2023_14_MIN_LV;2023_15_LAC_LV,2,0.126582278481,0.0379746835443,-0.0915418314457,0.201809770888,-0.0375423132276,0.135071450289,-0.0120423546572,2,0.108108108108,0.0675675675676,-0.144184852277,0.132440476191,-0.032559325717,0.134854619065,-0.0136610519556,-0.0184741703729,0.0295928840233,-0.0526430208313,-0.069369294697,0.00498298751059
lv,2023,15,False,00-0038579,Aidan O'Connell,00-0038579,Aidan O'Connell,2023_12_KC_LV;2023_14_MIN_LV,2023_15_LAC_LV;2023_16_LV_KC,2,0.12676056338,0.0704225352113,-0.285422034118,0.181059882147,-0.0299501264874,0.135310684738,-0.0127992603548,2,0.145161290323,0.0483870967742,0.0364906256952,0.140026844071,0.00379749551778,0.132405788656,-0.0157451896647,0.0184007269423,-0.0220354384371,0.321912659814,-0.041033038076,0.0337476220052
lv,2023,16,False,00-0038579,Aidan O'Connell,00-0038579,Aidan O'Connell,2023_14_MIN_LV;2023_15_LAC_LV,2023_16_LV_KC;2023_17_LV_IND,2,0.108108108108,0.0675675675676,-0.144184852277,0.132440476191,-0.032559325717,0.134854619065,-0.0136610519556,2,0.162162162162,0.0540540540541,-0.00275626171622,0.171407998227,0.00847352583966,0.143918990283,-0.00581653901745,0.0540540540541,-0.0135135135135,0.141428590561,0.038967522037,0.0410328515567
lv,2025,3,False,00-0030565,Geno Smith,00-0030565,Geno Smith,2025_01_LV_NE;2025_02_LAC_LV,2025_03_LV_WAS;2025_04_CHI_LV,2,0.153846153846,0.0769230769231,-0.0710944219769,0.116762605266,0.0184127907741,0.123761229972,-0.0192659160569,2,0.175438596491,0.0877192982456,0.0536932160807,0.1425,0.0340496669799,0.130573138847,-0.00928615087967,0.0215924426451,0.0107962213225,0.124787638058,0.0257373947341,0.0156368762058
lv,2025,4,False,00-0030565,Geno Smith,00-0030565,Geno Smith,2025_02_LAC_LV;2025_03_LV_WAS,2025_04_CHI_LV;2025_05_LV_IND,2,0.159090909091,0.0909090909091,-0.116968083701,0.130110062893,0.0200280732022,0.127430692419,-0.0143614925264,2,0.0923076923077,0.0615384615385,-0.237426806763,0.133225806452,-0.0444121780111,0.135772684001,-0.00267061452485,-0.0667832167832,-0.0293706293706,-0.120458723062,0.0031157435585,-0.0644402512133
lv,2025,5,False,00-0030565,Geno Smith,00-0030565,Geno Smith,2025_03_LV_WAS;2025_04_CHI_LV,2025_05_LV_IND;2025_06_TEN_LV,2,0.175438596491,0.0877192982456,0.0536932160807,0.1425,0.0340496669799,0.130573138847,-0.00928615087967,2,0.166666666667,0.0833333333333,-0.0280778269885,0.111140864367,0.0347289328691,0.13174126445,-0.00594300312232,-0.00877192982456,-0.00438596491228,-0.0817710430692,-0.0313591356335,0.000679265889166
mia,2023,9,False,00-0036212,Tua Tagovailoa,00-0036212,Tua Tagovailoa,2023_07_MIA_PHI;2023_08_NE_MIA,2023_09_MIA_KC;2023_11_LV_MIA,2,0.0909090909091,0.0681818181818,0.11674735093,0.148594931817,-0.0534792177714,0.110356360282,-0.035417504885,2,0.10843373494,0.0481927710843,-0.119198961468,0.163228694806,-0.0435642967238,0.0888893698529,-0.0563561247198,0.0175246440307,-0.0199890470975,-0.235946312397,0.0146337629885,0.0099149210476
mia,2023,11,False,00-0036212,Tua Tagovailoa,00-0036212,Tua Tagovailoa,2023_08_NE_MIA;2023_09_MIA_KC,2023_11_LV_MIA;2023_12_MIA_NYJ,2,0.0869565217391,0.054347826087,0.0796953584549,0.155058137138,-0.0606528239122,0.0958890261709,-0.0494987815484,2,0.08,0.04,0.057310550786,0.158862876254,-0.0684509187386,0.0965598542493,-0.0506626973714,-0.00695652173913,-0.014347826087,-0.0223848076689,0.003804739116,-0.00779809482631
mia,2024,10,False,00-0036212,Tua Tagovailoa,00-0036212,Tua Tagovailoa,2024_08_ARI_MIA;2024_09_MIA_BUF,2024_10_MIA_LA;2024_11_LV_MIA,2,0.0694444444444,0.0277777777778,0.425758840951,0.129300059654,-0.068941181362,0.139339503983,-0.00394946348398,2,0.0845070422535,0.0704225352113,0.350696903685,0.138923267327,-0.0584008027162,0.138591021732,-0.0027348529695,0.0150625978091,0.0426447574335,-0.0750619372659,0.0096232076725,0.0105403786458
mia,2024,11,False,00-0036212,Tua Tagovailoa,00-0036212,Tua Tagovailoa,2024_09_MIA_BUF;2024_10_MIA_LA,2024_11_LV_MIA;2024_12_NE_MIA,2,0.0967741935484,0.0645161290323,0.316231540262,0.150798286604,-0.0503079219228,0.13696369637,-0.00498186404201,2,0.0481927710843,0.0481927710843,0.483074335429,0.140080674734,-0.0952370573587,0.137600922722,-0.00277656137979,-0.048581422464,-0.0163233579479,0.166842795167,-0.01071761187,-0.0449291354359
mia,2024,12,False,00-0036212,Tua Tagovailoa,00-0036212,Tua Tagovailoa,2024_10_MIA_LA;2024_11_LV_MIA,2024_12_NE_MIA;2024_13_MIA_GB,2,0.0845070422535,0.0704225352113,0.350696903685,0.138923267327,-0.0584008027162,0.138591021732,-0.0027348529695,2,0.0824742268041,0.0721649484536,0.264623407048,0.140046296296,-0.0604819395118,0.115617715618,-0.0244299296953,-0.0020328154494,0.00174241324234,-0.0860734966368,0.0011230289695,-0.00208113679556
mia,2024,13,False,00-0036212,Tua Tagovailoa,00-0036212,Tua Tagovailoa,2024_11_LV_MIA;2024_12_NE_MIA,2024_13_MIA_GB;2024_14_NYJ_MIA,2,0.0481927710843,0.0481927710843,0.483074335429,0.140080674734,-0.0952370573587,0.137600922722,-0.00277656137979,2,0.0576923076923,0.0480769230769,0.315003239179,0.136918168168,-0.0844114346317,0.0957252424994,-0.0449224400048,0.00949953660797,-0.000115848007414,-0.16807109625,-0.003162506566,0.0108256227269
mia,2024,14,False,00-0036212,Tua Tagovailoa,00-0036212,Tua Tagovailoa,2024_12_NE_MIA;2024_13_MIA_GB,2024_14_NYJ_MIA;2024_15_MIA_HOU,2,0.0824742268041,0.0721649484536,0.264623407048,0.140046296296,-0.0604819395118,0.115617715618,-0.0244299296953,2,0.030303030303,0.030303030303,0.10581951684,0.144692258631,-0.114112953977,0.0840412742937,-0.0573256438315,-0.0521711965011,-0.0418619181506,-0.158803890208,0.0046459623345,-0.0536310144649
mia,2024,15,False,00-0036212,Tua Tagovailoa,00-0036212,Tua Tagovailoa,2024_13_MIA_GB;2024_14_NYJ_MIA,2024_15_MIA_HOU;2024_16_SF_MIA,2,0.0576923076923,0.0480769230769,0.315003239179,0.136918168168,-0.0844114346317,0.0957252424994,-0.0449224400048,2,0.047619047619,0.0357142857143,-0.0748935986624,0.15351284965,-0.0990252820071,0.0697154583264,-0.0722628815317,-0.0100732600733,-0.0123626373626,-0.389896837841,0.0165946814815,-0.0146138473754
mia,2025,4,False,00-0036212,Tua Tagovailoa,00-0036212,Tua Tagovailoa,2025_02_NE_MIA;2025_03_MIA_BUF,2025_04_NYJ_MIA;2025_05_MIA_CAR,2,0.0759493670886,0.0632911392405,0.0920660234707,0.11075193663,-0.0560124787491,0.103552343549,-0.0377143902912,2,0.0422535211268,0.0422535211268,0.323709734499,0.0804289979232,-0.080429660334,0.101801502044,-0.0370605744715,-0.0336958459618,-0.0210376181137,0.231643711028,-0.0303229387069,-0.024417181585
mia,2025,5,False,00-0036212,Tua Tagovailoa,00-0036212,Tua Tagovailoa,2025_03_MIA_BUF;2025_04_NYJ_MIA,2025_05_MIA_CAR;2025_06_LAC_MIA,2,0.0151515151515,0,0.197719357562,0.108295052537,-0.117727914259,0.103231004071,-0.0367282083624,2,0.0864197530864,0.0617283950617,0.0784191581148,0.103007478633,-0.0428662556265,0.10629369904,-0.0298505059114,0.0712682379349,0.0617283950617,-0.119300199447,-0.00528757390455,0.0748616586321
mia,2025,11,False,00-0036212,Tua Tagovailoa,00-0036212,Tua Tagovailoa,2025_09_BAL_MIA;2025_10_BUF_MIA,2025_11_WAS_MIA;2025_13_NO_MIA,2,0.107692307692,0.0307692307692,0.0591352097054,0.146893118915,-0.0315850293764,0.089264454095,-0.0435412597524,2,0.173076923077,0.134615384615,-0.13959056964,0.141075662128,0.0308920434591,0.0878879079722,-0.0480186507675,0.0653846153846,0.103846153846,-0.198725779345,-0.005817456787,0.0624770728355
mia,2025,13,False,00-0036212,Tua Tagovailoa,00-0036212,Tua Tagovailoa,2025_10_BUF_MIA;2025_11_WAS_MIA,2025_13_NO_MIA;2025_14_MIA_NYJ,2,0.111111111111,0.0666666666667,0.258719550394,0.169301412376,-0.0404826159568,0.0842607973422,-0.0499485173323,2,0.176470588235,0.0980392156863,-0.161119182201,0.122876122876,0.0397473279735,0.105087156092,-0.031805379265,0.0653594771242,0.0313725490196,-0.419838732596,-0.0464252894995,0.0802299439302
mia,2025,14,False,00-0036212,Tua Tagovailoa,00-0036212,Tua Tagovailoa,2025_11_WAS_MIA;2025_13_NO_MIA,2025_14_MIA_NYJ;2025_15_MIA_PIT,2,0.173076923077,0.134615384615,-0.13959056964,0.141075662128,0.0308920434591,0.0878879079722,-0.0480186507675,2,0.142857142857,0.0892857142857,0.089833148762,0.109870636187,0.0109395919866,0.121023713128,-0.0178586480117,-0.0302197802198,-0.0453296703297,0.229423718402,-0.0312050259415,-0.0199524514725
min,2022,3,False,00-0029604,Kirk Cousins,00-0029604,Kirk Cousins,2022_01_GB_MIN;2022_02_MIN_PHI,2022_03_DET_MIN;2022_04_MIN_NO,2,0.174418604651,0.0348837209302,-0.0593835437957,,,,,2,0.161290322581,0.0430107526882,0.121908249241,,,,,-0.0131282820705,0.00812703175794,0.181291793037,,
min,2022,4,False,00-0029604,Kirk Cousins,00-0029604,Kirk Cousins,2022_02_MIN_PHI;2022_03_DET_MIN,2022_04_MIN_NO;2022_05_CHI_MIN,2,0.142857142857,0.030612244898,-0.0952533809453,,,,,2,0.118279569892,0.0430107526882,0.261597023109,0.102362204724,,0.167597765363,,-0.0245775729647,0.0123985077902,0.356850404054,,
min,2022,5,False,00-0029604,Kirk Cousins,00-0029604,Kirk Cousins,2022_03_DET_MIN;2022_04_MIN_NO,2022_05_CHI_MIN;2022_06_MIN_MIA,2,0.161290322581,0.0430107526882,0.121908249241,,,,,2,0.125,0.05,0.148164597293,0.100686052857,,0.157132216015,,-0.0362903225806,0.00698924731183,0.0262563480521,,
min,2022,6,False,00-0029604,Kirk Cousins,00-0029604,Kirk Cousins,2022_04_MIN_NO;2022_05_CHI_MIN,2022_06_MIN_MIA;2022_08_ARI_MIN,2,0.118279569892,0.0430107526882,0.261597023109,0.102362204724,,0.167597765363,,2,0.205128205128,0.0769230769231,-0.074019911971,0.113518791326,0.0742588344527,0.150553410554,,0.0868486352357,0.0339123242349,-0.33561693508,0.0111565866016,
min,2022,14,False,00-0029604,Kirk Cousins,00-0029604,Kirk Cousins,2022_12_NE_MIN;2022_13_NYJ_MIN,2022_14_MIN_DET;2022_15_IND_MIN,2,0.158536585366,0.0365853658537,0.166558876745,0.179329004329,0.00306557421572,0.185474960317,0.0729659353475,2,0.175438596491,0.0964912280702,0.168646850302,0.13342820632,0.0364781433003,0.19684981685,0.0598776664814,0.0169020111254,0.0599058622165,0.00208797355712,-0.0459007980095,0.0334125690846
min,2022,15,False,00-0029604,Kirk Cousins,00-0029604,Kirk Cousins,2022_13_NYJ_MIN;2022_14_MIN_DET,2022_15_IND_MIN;2022_16_NYG_MIN,2,0.204545454545,0.0681818181818,0.211713184845,0.16396780303,0.0562732059951,0.185577849117,0.0605269960286,2,0.18487394958,0.0924369747899,0.00564638526765,0.16467820632,0.0366179284642,0.201522435898,0.056370902013,-0.0196715049656,0.0242551566081,-0.206066799577,0.000710403289,-0.0196552775309
min,2023,3,False,00-0029604,Kirk Cousins,00-0029604,Kirk Cousins,2023_01_TB_MIN;2023_02_MIN_PHI,2023_03_LAC_MIN;2023_04_MIN_CAR,2,0.19587628866,0.0412371134021,0.137278606367,0.178218743264,0.0392371849394,0.177676571599,0.0327963623669,2,0.21686746988,0.0722891566265,-0.10418358443,0.138781748053,0.0752852862107,0.184940727346,0.039279074429,0.0209911812197,0.0310520432244,-0.241462190797,-0.0394369952115,0.0360481012713
min,2023,4,False,00-0029604,Kirk Cousins,00-0029604,Kirk Cousins,2023_02_MIN_PHI;2023_03_LAC_MIN,2023_04_MIN_CAR;2023_05_KC_MIN,2,0.224299065421,0.0560747663551,0.121073468444,0.166865742953,0.0730488791404,0.176404976405,0.0305122280657,2,0.205128205128,0.0641025641026,-0.160093615738,0.16031123897,0.0525034697175,0.186164183663,0.0412548787688,-0.0191708602924,0.00802779774742,-0.281167084182,-0.006554503982,-0.0205454094229
min,2023,5,False,00-0029604,Kirk Cousins,00-0029604,Kirk Cousins,2023_03_LAC_MIN;2023_04_MIN_CAR,2023_05_KC_MIN;2023_06_MIN_CHI,2,0.21686746988,0.0722891566265,-0.10418358443,0.138781748053,0.0752852862107,0.184940727346,0.039279074429,2,0.183908045977,0.0574712643678,-0.0937981592011,0.141385125479,0.036738046947,0.189986333798,0.0433275794814,-0.0329594239025,-0.0148178922587,0.0103854252285,0.002603377426,-0.0385472392637
min,2023,6,False,00-0029604,Kirk Cousins,00-0029604,Kirk Cousins,2023_04_MIN_CAR;2023_05_KC_MIN,2023_06_MIN_CHI;2023_07_SF_MIN,2,0.205128205128,0.0641025641026,-0.160093615738,0.16031123897,0.0525034697175,0.186164183663,0.0412548787688,2,0.123456790123,0.0246913580247,0.116034275206,0.145225916453,-0.0242987980217,0.18986840278,0.043474110121,-0.0816714150047,-0.0394112060779,0.276127890944,-0.015085322517,-0.0768022677392
min,2024,3,False,00-0034869,Sam Darnold,00-0034869,Sam Darnold,2024_01_MIN_NYG;2024_02_SF_MIN,2024_03_HOU_MIN;2024_04_MIN_GB,2,0.135593220339,0.0847457627119,0.0892046303539,0.131752468104,-0.00492913003697,0.249328223426,0.105836523612,2,0.12676056338,0.0845070422535,0.244801608478,0.201115974243,-0.0380027062968,0.244843559691,0.0990828729233,-0.0088326569587,-0.000238720458343,0.155596978124,0.069363506139,-0.0330735762598
min,2024,9,False,00-0034869,Sam Darnold,00-0034869,Sam Darnold,2024_07_DET_MIN;2024_08_MIN_LA,2024_09_IND_MIN;2024_10_MIN_JAX,2,0.157142857143,0.1,0.126645897036,0.163671463671,0.00371030913439,0.19996990024,0.0467014106997,2,0.116279069767,0.0581395348837,-0.0271794951253,0.12382378101,-0.0216798379794,0.158718224132,0.00580012326455,-0.0408637873754,-0.0418604651163,-0.153825392161,-0.039847682662,-0.0253901471138
min,2024,10,False,00-0034869,Sam Darnold,00-0034869,Sam Darnold,2024_08_MIN_LA;2024_09_IND_MIN,2024_10_MIN_JAX;2024_11_MIN_TEN,2,0.183098591549,0.0985915492958,0.0823750521746,0.138996138996,0.039776877768,0.180428750448,0.0265268892707,2,0.0823529411765,0.0352941176471,0.181734842235,0.113506320692,-0.052370585671,0.145112781955,-0.00630440280357,-0.100745650373,-0.0632974316487,0.0993597900603,-0.025489818304,-0.092147463439
min,2024,15,False,00-0034869,Sam Darnold,00-0034869,Sam Darnold,2024_13_ARI_MIN;2024_14_ATL_MIN,2024_15_CHI_MIN;2024_16_MIN_SEA,2,0.194805194805,0.116883116883,0.294969529244,0.109243416016,0.0605888784946,0.144582801192,-0.00208671467757,2,0.168539325843,0.0561797752809,0.192244128302,0.142510599239,0.024845579516,0.157782422283,0.0160766588492,-0.0262658689625,-0.0607033416022,-0.102725400942,0.0332671832235,-0.0357432989786
min,2024,16,False,00-0034869,Sam Darnold,00-0034869,Sam Darnold,2024_14_ATL_MIN;2024_15_CHI_MIN,2024_16_MIN_SEA;2024_17_GB_MIN,2,0.180722891566,0.0722891566265,0.352929672385,0.124873847021,0.0410344674341,0.152904350197,0.00895630624035,2,0.125,0.0454545454545,0.268175568375,0.13593195774,-0.0162126079044,0.159364403656,0.018642077512,-0.0557228915663,-0.026834611172,-0.0847541040104,0.01105811072,-0.0572470753385
min,2024,17,False,00-0034869,Sam Darnold,00-0034869,Sam Darnold,2024_15_CHI_MIN;2024_16_MIN_SEA,2024_17_GB_MIN;2024_18_MIN_DET,2,0.168539325843,0.0561797752809,0.192244128302,0.142510599239,0.024845579516,0.157782422283,0.0160766588492,2,0.148936170213,0.031914893617,-0.0837463221564,0.143501194268,0.00589648240784,0.152398459383,0.0118864073101,-0.0196031556299,-0.0242648816639,-0.275990450459,0.000990595028,-0.0189490971081
min,2025,11,False,00-0039923,J.J. McCarthy,00-0039923,J.J. McCarthy,2025_09_MIN_DET;2025_10_BAL_MIN,2025_11_CHI_MIN;2025_12_MIN_GB,2,0.253012048193,0.0722891566265,-0.100805012469,0.131801889866,0.115418717974,0.201984745179,0.0591381064376,2,0.258620689655,0.0862068965517,-0.486970462417,0.131972400913,0.119460493333,0.202768520892,0.0616959063388,0.0056086414624,0.0139177399252,-0.386165449948,0.0001705110465,0.00404177535894
ne,2022,11,False,00-0036972,Mac Jones,00-0036972,Mac Jones,2022_08_NE_NYJ;2022_09_IND_NE,2022_11_NYJ_NE;2022_12_NE_MIN,2,0.189873417722,0.126582278481,-0.183693393187,0.176080705688,0.0441509357599,0.0935570987652,,2,0.146666666667,0.12,0.0434855128593,0.157728504936,0.00348567835507,0.125106947562,0.0326778185302,-0.0432067510549,-0.00658227848101,0.227178906046,-0.0183522007515,-0.0406652574048
ne,2022,12,False,00-0036972,Mac Jones,00-0036972,Mac Jones,2022_09_IND_NE;2022_11_NYJ_NE,2022_12_NE_MIN;2022_13_BUF_NE,2,0.220588235294,0.147058823529,-0.229733699154,0.178341981715,0.0733901874121,0.10783851142,,2,0.0853658536585,0.0487804878049,0.0806327411792,0.126743785072,-0.0529472194081,0.133451957295,0.0225249250174,-0.135222381636,-0.0982783357245,0.310366440334,-0.051598196643,-0.12633740682
ne,2022,13,False,00-0036972,Mac Jones,00-0036972,Mac Jones,2022_11_NYJ_NE;2022_12_NE_MIN,2022_13_BUF_NE;2022_14_NE_ARI,2,0.146666666667,0.12,0.0434855128593,0.157728504936,0.00348567835507,0.125106947562,0.0326778185302,2,0.0625,0.025,-0.0447829067611,0.159747545582,-0.0856620219695,0.124758857855,0.00732740746124,-0.0841666666667,-0.095,-0.0882684196204,0.0020190406465,-0.0891477003245
ne,2022,14,False,00-0036972,Mac Jones,00-0036972,Mac Jones,2022_12_NE_MIN;2022_13_BUF_NE,2022_14_NE_ARI;2022_15_NE_LV,2,0.0853658536585,0.0487804878049,0.0806327411792,0.126743785072,-0.0529472194081,0.133451957295,0.0225249250174,2,0.0821917808219,0.013698630137,-0.137378288566,0.174760732842,-0.0704408518304,0.116987075051,-0.0071961560164,-0.00317407283662,-0.0350818576679,-0.218011029745,0.0480169477695,-0.0174936324223
ne,2022,15,False,00-0036972,Mac Jones,00-0036972,Mac Jones,2022_13_BUF_NE;2022_14_NE_ARI,2022_15_NE_LV;2022_16_CIN_NE,2,0.0625,0.025,-0.0447829067611,0.159747545582,-0.0856620219695,0.124758857855,0.00732740746124,2,0.166666666667,0.0555555555556,-0.0248916001071,0.170522098733,0.0154651133809,0.122209252971,-0.0159277766959,0.104166666667,0.0305555555556,0.019891306654,0.010774553151,0.10112713535
ne,2022,16,False,00-0036972,Mac Jones,00-0036972,Mac Jones,2022_14_NE_ARI;2022_15_NE_LV,2022_16_CIN_NE;2022_17_MIA_NE,2,0.0821917808219,0.013698630137,-0.137378288566,0.174760732842,-0.0704408518304,0.116987075051,-0.0071961560164,2,0.155844155844,0.0909090909091,0.0784360328249,0.157045009784,0.00887597799608,0.13440617475,-0.0108420652328,0.0736523750222,0.0772104607721,0.215814321391,-0.017715723057,0.0793168298265
ne,2022,17,False,00-0036972,Mac Jones,00-0036972,Mac Jones,2022_15_NE_LV;2022_16_CIN_NE,2022_17_MIA_NE;2022_18_NE_BUF,2,0.166666666667,0.0555555555556,-0.0248916001071,0.170522098733,0.0154651133809,0.122209252971,-0.0159277766959,2,0.107142857143,0.047619047619,-0.011318507609,0.14034352744,-0.0351924713789,0.136928104575,-0.00960162147115,-0.0595238095238,-0.00793650793651,0.013573092498,-0.0301785712935,-0.0506575847598
ne,2023,8,False,00-0036972,Mac Jones,00-0036972,Mac Jones,2023_06_NE_LV;2023_07_BUF_NE,2023_08_NE_MIA;2023_09_WAS_NE,2,0.118421052632,0.0657894736842,0.090473918328,0.136238843251,-0.0245459271899,0.124059324362,-0.0252480221761,2,0.1,0.0375,-0.169872681643,0.180136961218,-0.0561989229499,0.1255165735,-0.0254584406919,-0.0184210526316,-0.0282894736842,-0.260346599972,0.0438981179675,-0.03165299576
ne,2023,15,False,00-0038108,Bailey Zappe,00-0038108,Bailey Zappe,2023_13_LAC_NE;2023_14_NE_PIT,2023_15_KC_NE;2023_16_NE_DEN,2,0.117647058824,0.102941176471,-0.161735286959,0.121557120501,-0.0193107803788,0.125,-0.0208373436388,2,0.150684931507,0.0821917808219,-0.196243335083,0.175020639835,-0.00422780498997,0.127558280789,-0.0191459098854,0.0330378726833,-0.0207493956487,-0.0345080481241,0.053463519334,0.0150829753888
ne,2023,16,False,00-0038108,Bailey Zappe,00-0038108,Bailey Zappe,2023_14_NE_PIT;2023_15_KC_NE,2023_16_NE_DEN;2023_17_NE_BUF,2,0.112676056338,0.0845070422535,-0.213266115154,0.157777777778,-0.0365849084334,0.128590242785,-0.0165220951636,2,0.194029850746,0.0746268656716,-0.171901831661,0.16437092232,0.0425194242742,0.1316272383,-0.0165810356499,0.0813537944082,-0.00988017658188,0.041364283493,0.0065931445425,0.0791043327076
ne,2023,17,False,00-0038108,Bailey Zappe,00-0038108,Bailey Zappe,2023_15_KC_NE;2023_16_NE_DEN,2023_17_NE_BUF;2023_18_NYJ_NE,2,0.150684931507,0.0821917808219,-0.196243335083,0.175020639835,-0.00422780498997,0.127558280789,-0.0191459098854,2,0.257142857143,0.142857142857,-0.604405401953,0.146524195529,0.112265035275,0.13574633916,-0.01136846555,0.106457925636,0.0606653620352,-0.40816206687,-0.028496444306,0.116492840265
ne,2024,11,False,00-0039851,Drake Maye,00-0039851,Drake Maye,2024_09_NE_TEN;2024_10_NE_CHI,2024_11_LA_NE;2024_12_NE_MIA,2,0.188235294118,0.0588235294118,-0.0427378030322,0.138423657635,0.0491577319147,0.20236226576,0.0546190409931,2,0.131313131313,0.0707070707071,-0.0152482220495,0.129724859353,-0.00850369877493,0.178536727555,0.0313963894463,-0.0569221628045,0.0118835412953,0.0274895809827,-0.0086987982815,-0.0576614306897
ne,2024,12,False,00-0039851,Drake Maye,00-0039851,Drake Maye,2024_10_NE_CHI;2024_11_LA_NE,2024_12_NE_MIA;2024_13_IND_NE,2,0.151898734177,0.0506329113924,0.114780537938,0.158509322679,0.00355850738958,0.196693961474,0.0498888417195,2,0.118279569892,0.0860215053763,-0.0558053453047,0.132369807153,-0.0218342929737,0.155929252199,0.00941629769179,-0.0336191642847,0.0353885939839,-0.170585883243,-0.026139515526,-0.0253928003633
ne,2024,13,False,00-0039851,Drake Maye,00-0039851,Drake Maye,2024_11_LA_NE;2024_12_NE_MIA,2024_13_IND_NE;2024_15_NE_ARI,2,0.131313131313,0.0707070707071,-0.0152482220495,0.129724859353,-0.00850369877493,0.178536727555,0.0313963894463,2,0.0704225352113,0.0845070422535,0.195868003642,0.142214561106,-0.0737123920662,0.1416682717,-0.00367824247842,-0.0608905961019,0.0137999715465,0.211116225691,0.0124897017535,-0.0652086932913
ne,2024,15,False,00-0039851,Drake Maye,00-0039851,Drake Maye,2024_12_NE_MIA;2024_13_IND_NE,2024_15_NE_ARI;2024_16_NE_BUF,2,0.118279569892,0.0860215053763,-0.0558053453047,0.132369807153,-0.0218342929737,0.155929252199,0.00941629769179,2,0.0810810810811,0.0540540540541,0.250687336607,0.140045108706,-0.0619649785531,0.127035068365,-0.0163939622247,-0.0371984888114,-0.0319674513223,0.306492681912,0.0076753015535,-0.0401306855794
ne,2025,10,False,00-0039851,Drake Maye,00-0039851,Drake Maye,2025_08_CLE_NE;2025_09_ATL_NE,2025_10_NE_TB;2025_11_NYJ_NE,2,0.181818181818,0.155844155844,0.156355410969,0.138252244118,0.040662133441,0.140283366332,0.00331232775368,2,0.128205128205,0.025641025641,0.222129034021,0.119540229885,-0.00673858551348,0.146923191069,0.00879747295508,-0.0536130536131,-0.130203130203,0.0657736230527,-0.0187120142326,-0.0474007189544
ne,2025,11,False,00-0039851,Drake Maye,00-0039851,Drake Maye,2025_09_ATL_NE;2025_10_NE_TB,2025_11_NYJ_NE;2025_12_NE_CIN,2,0.153846153846,0.0897435897436,0.0827763658597,0.140011151141,0.0120675166982,0.144962257229,0.00746687885632,2,0.0853658536585,0.0243902439024,0.280891194438,0.0977286100979,-0.0426837806471,0.146185092176,0.00867260093118,-0.0684803001876,-0.0653533458412,0.198114828578,-0.0422825410426,-0.0547512973453
ne,2025,12,False,00-0039851,Drake Maye,00-0039851,Drake Maye,2025_10_NE_TB;2025_11_NYJ_NE,2025_12_NE_CIN;2025_13_NYG_NE,2,0.128205128205,0.025641025641,0.222129034021,0.119540229885,-0.00673858551348,0.146923191069,0.00879747295508,2,0.1,0.05,0.293790883459,0.109719205709,-0.0319972860119,0.14073945086,0.00433812536641,-0.0282051282051,0.024358974359,0.0716618494373,-0.0098210241759,-0.0252587004984
ne,2025,13,False,00-0039851,Drake Maye,00-0039851,Drake Maye,2025_11_NYJ_NE;2025_12_NE_CIN,2025_13_NYG_NE;2025_15_BUF_NE,2,0.0853658536585,0.0243902439024,0.280891194438,0.0977286100979,-0.0426837806471,0.146185092176,0.00867260093118,2,0.147058823529,0.0882352941176,0.163940220791,0.139837049742,0.00598884716632,0.135164671929,-0.000856211267885,0.0616929698709,0.0638450502152,-0.116950973647,0.0421084396446,0.0486726278135
ne,2025,15,False,00-0039851,Drake Maye,00-0039851,Drake Maye,2025_12_NE_CIN;2025_13_NYG_NE,2025_15_BUF_NE;2025_16_NE_BAL,2,0.1,0.05,0.293790883459,0.109719205709,-0.0319972860119,0.14073945086,0.00433812536641,2,0.180722891566,0.0843373493976,0.130592384741,0.166104921337,0.0294850476053,0.133465789417,-0.00326268944598,0.0807228915663,0.0343373493976,-0.163198498718,0.056385715628,0.0614823336172
no,2022,6,False,00-0027973,Andy Dalton,00-0027973,Andy Dalton,2022_04_MIN_NO;2022_05_SEA_NO,2022_06_CIN_NO;2022_07_NO_ARI,2,0.133333333333,0.05,0.103869867989,0.138157894737,,0.157575757576,,2,0.0879120879121,0.010989010989,0.089640950658,0.149498687037,,0.157483114113,,-0.0454212454212,-0.039010989011,-0.0142289173309,0.0113407923005,
no,2022,7,False,00-0027973,Andy Dalton,00-0027973,Andy Dalton,2022_05_SEA_NO;2022_06_CIN_NO,2022_07_NO_ARI;2022_08_LV_NO,2,0.149253731343,0.0298507462687,0.0415075089009,0.146543736101,,0.158684786005,,2,0.0352941176471,0,0.202671224177,0.135525961797,-0.129998444692,0.146007259528,,-0.113959613696,-0.0298507462687,0.161163715277,-0.011017774304,
no,2022,8,False,00-0027973,Andy Dalton,00-0027973,Andy Dalton,2022_06_CIN_NO;2022_07_NO_ARI,2022_08_LV_NO;2022_09_BAL_NO,2,0.0879120879121,0.010989010989,0.089640950658,0.149498687037,,0.157483114113,,2,0.102941176471,0.0588235294118,0.116579106791,0.120402632598,-0.0249060068587,0.129935248215,,0.0150290885585,0.0478345184228,0.0269381561329,-0.02909605444,
no,2022,9,False,00-0027973,Andy Dalton,00-0027973,Andy Dalton,2022_07_NO_ARI;2022_08_LV_NO,2022_09_BAL_NO;2022_10_NO_PIT,2,0.0352941176471,0,0.202671224177,0.135525961797,-0.129998444692,0.146007259528,,2,0.130434782609,0.0869565217391,-0.091967173792,0.107782662129,0.0055454947257,0.122023749723,,0.0951406649616,0.0869565217391,-0.294638397969,-0.027743299668,0.135543939418
no,2022,10,False,00-0027973,Andy Dalton,00-0027973,Andy Dalton,2022_08_LV_NO;2022_09_BAL_NO,2022_10_NO_PIT;2022_11_LA_NO,2,0.102941176471,0.0588235294118,0.116579106791,0.120402632598,-0.0249060068587,0.129935248215,,2,0.123076923077,0.0923076923077,0.0995053090315,0.109400521117,-0.00493755441384,0.112522976959,,0.0201357466063,0.0334841628959,-0.0170737977593,-0.0110021114805,0.0199684524448
no,2022,11,False,00-0027973,Andy Dalton,00-0027973,Andy Dalton,2022_09_BAL_NO;2022_10_NO_PIT,2022_11_LA_NO;2022_12_NO_SF,2,0.130434782609,0.0869565217391,-0.091967173792,0.107782662129,0.0055454947257,0.122023749723,,2,0.154929577465,0.0704225352113,0.0849971965587,0.145991984945,0.0101573738399,0.106590887608,-0.0151469887465,0.0244947948561,-0.0165339865279,0.176964370351,0.038209322816,0.00461187911421
no,2022,12,False,00-0027973,Andy Dalton,00-0027973,Andy Dalton,2022_10_NO_PIT;2022_11_LA_NO,2022_12_NO_SF;2022_13_NO_TB,2,0.123076923077,0.0923076923077,0.0995053090315,0.109400521117,-0.00493755441384,0.112522976959,,2,0.111111111111,0.0416666666667,0.0481378868358,0.16832164266,-0.0414134873324,0.111084314104,-0.0164576151624,-0.0119658119658,-0.050641025641,-0.0513674221957,0.058921121543,-0.0364759329185
no,2022,13,False,00-0027973,Andy Dalton,00-0027973,Andy Dalton,2022_11_LA_NO;2022_12_NO_SF,2022_13_NO_TB;2022_15_ATL_NO,2,0.154929577465,0.0704225352113,0.0849971965587,0.145991984945,0.0101573738399,0.106590887608,-0.0151469887465,2,0.111111111111,0.0740740740741,0.340073838568,0.130153860456,-0.030034419182,0.10887171418,-0.0210702685726,-0.0438184663537,0.00365153886281,0.25507664201,-0.0158381244886,-0.0401917930219
no,2022,15,False,00-0027973,Andy Dalton,00-0027973,Andy Dalton,2022_12_NO_SF;2022_13_NO_TB,2022_15_ATL_NO;2022_16_NO_CLE,2,0.111111111111,0.0416666666667,0.0481378868358,0.16832164266,-0.0414134873324,0.111084314104,-0.0164576151624,2,0.0833333333333,0.0555555555556,0.190568644307,0.108701715242,-0.0475124729993,0.10433619103,-0.0225356968704,-0.0277777777778,0.0138888888889,0.142430757471,-0.0596199274181,-0.00609898566692
no,2022,16,False,00-0027973,Andy Dalton,00-0027973,Andy Dalton,2022_13_NO_TB;2022_15_ATL_NO,2022_16_NO_CLE;2022_17_NO_PHI,2,0.111111111111,0.0740740740741,0.340073838568,0.130153860456,-0.030034419182,0.10887171418,-0.0210702685726,2,0.166666666667,0.145833333333,-0.233851413407,0.158364273927,0.0153375378065,0.105913234878,-0.0242640088778,0.0555555555556,0.0717592592593,-0.573925251976,0.0282104134711,0.0453719569885
no,2022,17,False,00-0027973,Andy Dalton,00-0027973,Andy Dalton,2022_15_ATL_NO;2022_16_NO_CLE,2022_17_NO_PHI;2022_18_CAR_NO,2,0.0833333333333,0.0555555555556,0.190568644307,0.108701715242,-0.0475124729993,0.10433619103,-0.0225356968704,2,0.183333333333,0.133333333333,-0.223838756771,0.173261738906,0.0303111663383,0.124189842598,-0.0134637245479,0.1,0.0777777777778,-0.414407401078,0.0645600236646,0.0778236393376
no,2023,7,False,00-0031280,Derek Carr,00-0031280,Derek Carr,2023_05_NO_NE;2023_06_NO_HOU,2023_07_JAX_NO;2023_08_NO_IND,2,0.114942528736,0.0459770114943,0.107927236889,0.11481444927,-0.0221456979998,0.143997427869,0.000864743086561,2,0.0978260869565,0.0217391304348,-0.00419462922826,0.158994284775,-0.0530934770729,0.139037881328,-0.00371187007666,-0.0171164417791,-0.0242378810595,-0.112121866117,0.0441798355045,-0.0309477790731
no,2023,8,False,00-0031280,Derek Carr,00-0031280,Derek Carr,2023_06_NO_HOU;2023_07_JAX_NO,2023_08_NO_IND;2023_09_CHI_NO,2,0.127118644068,0.0254237288136,-0.113703884676,0.140292491726,-0.0179197066222,0.14310134882,8.83385123303e-05,2,0.0588235294118,0.0147058823529,0.332973053819,0.130155528663,-0.0805463227457,0.129373288713,-0.0135729136808,-0.068295114656,-0.0107178464606,0.446676938495,-0.0101369630635,-0.0626266161235
no,2023,16,False,00-0031280,Derek Carr,00-0031280,Derek Carr,2023_14_CAR_NO;2023_15_NYG_NO,2023_16_NO_LA;2023_17_NO_TB,2,0.135593220339,0.0338983050847,0.0614925174469,0.122926260889,-0.0023917835407,0.118196893001,-0.0253477709227,2,0.0384615384615,0.0384615384615,0.129868629967,0.126062497434,-0.100138990904,0.1121140764,-0.0310495636554,-0.0971316818774,0.00456323337679,0.0683761125201,0.0031362365445,-0.0977472073637
no,2023,17,False,00-0031280,Derek Carr,00-0031280,Derek Carr,2023_15_NYG_NO;2023_16_NO_LA,2023_17_NO_TB;2023_18_ATL_NO,2,0.0666666666667,0.04,0.181107557828,0.129846394848,-0.0733124282169,0.120006847752,-0.0239138785647,2,0.0597014925373,0.0597014925373,0.376918936675,0.121662490279,-0.0772214226515,0.104757339177,-0.0366393258142,-0.00696517412935,0.0197014925373,0.195811378846,-0.008183904569,-0.00390899443456
no,2024,11,False,00-0031280,Derek Carr,00-0031280,Derek Carr,2024_09_NO_CAR;2024_10_ATL_NO,2024_11_CLE_NO;2024_13_LA_NO,2,0.09375,0.015625,0.156719643361,0.0843717056715,-0.0299308149018,0.15305000916,0.0104206506123,2,0.0694444444444,0.0138888888889,0.0513523483327,0.164430331391,-0.0808628884404,0.149414389292,0.00851359945914,-0.0243055555556,-0.00173611111111,-0.105367295029,0.08005862572,-0.0509320735386
no,2024,13,False,00-0031280,Derek Carr,00-0031280,Derek Carr,2024_10_ATL_NO;2024_11_CLE_NO,2024_13_LA_NO;2024_14_NO_NYG,2,0.051724137931,0.0172413793103,0.152964912841,0.138635418832,-0.0920818195958,0.155303468766,0.0147556454791,2,0.0909090909091,0.025974025974,0.050061622427,0.152791477609,-0.0558818931343,0.145454545455,0.00331901609041,0.0391849529781,0.00873264666368,-0.102903290414,0.0141560587773,0.0361999264615
no,2025,6,False,00-0039376,Spencer Rattler,00-0039376,Spencer Rattler,2025_04_NO_BUF;2025_05_NYG_NO,2025_06_NE_NO;2025_07_NO_CHI,2,0.0714285714286,0.0428571428571,0.106452612931,0.136153555933,-0.0690797585706,0.128388278388,-0.0136552633521,2,0.148648648649,0.0810810810811,-0.133794141179,0.126531739654,0.0113172141364,0.110131825476,-0.0306060046043,0.0772200772201,0.0382239382239,-0.24024675411,-0.0096218162785,0.080396972707
no,2025,12,False,00-0040743,Tyler Shough,00-0040743,Tyler Shough,2025_09_NO_LA;2025_10_NO_CAR,2025_12_ATL_NO;2025_13_NO_MIA,2,0.120689655172,0.051724137931,0.168546215113,0.146272412708,-0.0219709466104,0.116405999787,-0.02471699483,2,0.17,0.09,-0.214313353598,0.147531199132,0.0252084017147,0.12579244728,-0.0167822770354,0.0493103448276,0.038275862069,-0.382859568712,0.0012587864235,0.0471793483251
no,2025,13,False,00-0040743,Tyler Shough,00-0040743,Tyler Shough,2025_10_NO_CAR;2025_12_ATL_NO,2025_13_NO_MIA;2025_14_NO_TB,2,0.162790697674,0.0813953488372,-0.0572414872351,0.13096469637,0.0220432522658,0.123072481658,-0.0197478788036,2,0.166666666667,0.0972222222222,-0.0600811277524,0.139977161839,0.0241882633462,0.130164653382,-0.0120853279942,0.00387596899225,0.015826873385,-0.00283964051724,0.0090124654695,0.00214501108031
nyg,2022,7,False,00-0035710,Daniel Jones,00-0035710,Daniel Jones,2022_05_NYG_GB;2022_06_BAL_NYG,2022_07_NYG_JAX;2022_08_NYG_SEA,2,0.134328358209,0.0746268656716,0.397592894497,0.145803159974,,0.190831377807,,2,0.134146341463,0.0731707317073,0.101942436389,0.143694196429,0.065691810056,0.170112781954,,-0.000182016745541,-0.00145613396432,-0.295650458108,-0.0021089635455,
nyg,2022,8,False,00-0035710,Daniel Jones,00-0035710,Daniel Jones,2022_06_BAL_NYG;2022_07_NYG_JAX,2022_08_NYG_SEA;2022_10_HOU_NYG,2,0.105263157895,0.0657894736842,0.245550233489,0.12532684949,,0.181390977443,,2,0.21875,0.125,0.219012356442,0.134568503169,0.0853811367952,0.164160401003,,0.113486842105,0.0592105263158,-0.0265378770469,0.009241653679,
nyg,2022,10,False,00-0035710,Daniel Jones,00-0035710,Daniel Jones,2022_07_NYG_JAX;2022_08_NYG_SEA,2022_10_HOU_NYG;2022_11_DET_NYG,2,0.134146341463,0.0731707317073,0.101942436389,0.143694196429,0.065691810056,0.170112781954,,2,0.213333333333,0.0666666666667,0.162452941387,0.124233179329,0.0802450116602,0.165273132664,,0.0791869918699,-0.00650406504065,0.0605105049979,-0.0194610170995,0.0145532016042
nyg,2022,11,False,00-0035710,Daniel Jones,00-0035710,Daniel Jones,2022_08_NYG_SEA;2022_10_HOU_NYG,2022_11_DET_NYG;2022_12_NYG_DAL,2,0.21875,0.125,0.219012356442,0.134568503169,0.0853811367952,0.164160401003,,2,0.186813186813,0.0549450549451,-0.0599186702578,0.161093247589,0.0412956562315,0.164176641437,,-0.0319368131868,-0.0700549450549,-0.2789310267,0.0265247444195,-0.0440854805636
nyg,2022,12,False,00-0035710,Daniel Jones,00-0035710,Daniel Jones,2022_10_HOU_NYG;2022_11_DET_NYG,2022_12_NYG_DAL;2022_13_WAS_NYG,2,0.213333333333,0.0666666666667,0.162452941387,0.124233179329,0.0802450116602,0.165273132664,,2,0.139240506329,0.0886075949367,-0.0406348292559,0.2,-0.0221024071176,0.159823049002,0.0594986933675,-0.0740928270042,0.02194092827,-0.203087770642,0.075766820671,-0.102347418778
nyg,2023,12,False,00-0038476,Tommy DeVito,00-0038476,Tommy DeVito,2023_10_NYG_DAL;2023_11_NYG_WAS,2023_12_NE_NYG;2023_14_GB_NYG,2,0.236842105263,0.184210526316,-0.103602652626,0.123591804467,0.0988285851501,0.198549898683,0.0501806789234,2,0.147540983607,0.0983606557377,0.0598616833002,0.128234232523,0.00867917017003,0.215611223639,0.0701999614548,-0.0893011216566,-0.0858498705781,0.163464335926,0.0046424280565,-0.0901494149801
nyg,2024,3,False,00-0035710,Daniel Jones,00-0035710,Daniel Jones,2024_01_MIN_NYG;2024_02_NYG_WAS,2024_03_NYG_CLE;2024_04_DAL_NYG,2,0.19512195122,0.0731707317073,-0.150615514725,0.114387407567,0.059999670944,0.177031211599,0.041148622971,2,0.141176470588,0.0352941176471,0.136092719068,0.152053202479,-0.00678851640912,0.164073509534,0.0281719876706,-0.0539454806313,-0.0378766140603,0.286708233793,0.037665794913,-0.0667881873531
nyg,2024,4,False,00-0035710,Daniel Jones,00-0035710,Daniel Jones,2024_02_NYG_WAS;2024_03_NYG_CLE,2024_04_DAL_NYG;2024_05_NYG_SEA,2,0.180555555556,0.0416666666667,0.242008132222,0.11628292656,0.045058014065,0.172273932963,0.0367449174261,2,0.0963855421687,0.0481927710843,0.157581076219,0.166294642857,-0.056511417232,0.162743734453,0.0255927833797,-0.0841700133869,0.00652610441767,-0.0844270560025,0.050011716297,-0.101569431297
nyg,2024,5,False,00-0035710,Daniel Jones,00-0035710,Daniel Jones,2024_03_NYG_CLE;2024_04_DAL_NYG,2024_05_NYG_SEA;2024_06_CIN_NYG,2,0.141176470588,0.0352941176471,0.136092719068,0.152053202479,-0.00678851640912,0.164073509534,0.0281719876706,2,0.126436781609,0.0574712643678,0.00912727830322,0.152795305401,-0.021183811752,0.157555879495,0.0186247102896,-0.014739688979,0.0221771467208,-0.126965440765,0.0007421029215,-0.0143952953429
nyj,2022,6,False,00-0037013,Zach Wilson,00-0037013,Zach Wilson,2022_04_NYJ_PIT;2022_05_MIA_NYJ,2022_06_NYJ_GB;2022_07_NYJ_DEN,2,0.130434782609,0.0434782608696,0.0924244409011,0.0965909090909,,0.142857142857,,2,0.125,0.0892857142857,-0.246111623736,0.161078836238,0.00702326027514,0.137883376039,,-0.0054347826087,0.0458074534161,-0.338536064637,0.0644879271471,
nyj,2022,7,False,00-0037013,Zach Wilson,00-0037013,Zach Wilson,2022_05_MIA_NYJ;2022_06_NYJ_GB,2022_07_NYJ_DEN;2022_08_NE_NYJ,2,0.104166666667,0.0833333333333,-0.00845034387896,0.134282715692,,0.141387419165,,2,0.0909090909091,0.0649350649351,-0.129997126194,0.145167332667,-0.0455519033553,0.136486401212,,-0.0132575757576,-0.0183982683983,-0.121546782315,0.0108846169755,
nyj,2022,8,False,00-0037013,Zach Wilson,00-0037013,Zach Wilson,2022_06_NYJ_GB;2022_07_NYJ_DEN,2022_08_NE_NYJ;2022_09_BUF_NYJ,2,0.125,0.0892857142857,-0.246111623736,0.161078836238,0.00702326027514,0.137883376039,,2,0.0694444444444,0.0555555555556,-0.010886812966,0.149467649468,-0.0675093646233,0.131427369986,,-0.0555555555556,-0.0337301587302,0.23522481077,-0.01161118677,-0.0745326248984
nyj,2022,9,False,00-0037013,Zach Wilson,00-0037013,Zach Wilson,2022_07_NYJ_DEN;2022_08_NE_NYJ,2022_09_BUF_NYJ;2022_11_NYJ_NE,2,0.0909090909091,0.0649350649351,-0.129997126194,0.145167332667,-0.0455519033553,0.136486401212,,2,0.152542372881,0.101694915254,-0.130425778071,0.149233161733,0.012608766353,0.121881890519,,0.0616332819723,0.0367598503192,-0.000428651876432,0.004065829066,0.0581606697083
nyj,2023,4,False,00-0037013,Zach Wilson,00-0037013,Zach Wilson,2023_02_NYJ_DAL;2023_03_NE_NYJ,2023_04_KC_NYJ;2023_05_NYJ_DEN,2,0.157894736842,0.0789473684211,-0.339232510064,0.125627830746,0.0209394706238,0.190884468749,0.0517229408078,2,0.192307692308,0.0769230769231,-0.0570945421737,0.14019129126,0.0469998094671,0.207619575108,0.0665862529197,0.0344129554656,-0.00202429149798,0.282137967891,0.014563460514,0.0260603388433
nyj,2023,5,False,00-0037013,Zach Wilson,00-0037013,Zach Wilson,2023_03_NE_NYJ;2023_04_KC_NYJ,2023_05_NYJ_DEN;2023_06_PHI_NYJ,2,0.202380952381,0.0595238095238,-0.134222333964,0.138746783002,0.0594095925513,0.197141589555,0.0570394678823,2,0.189873417722,0.113924050633,-0.205876061661,0.146066429731,0.040811877405,0.207337248739,0.0657230774487,-0.0125075346594,0.0544002411091,-0.0716537276974,0.007319646729,-0.0185977151463
nyj,2023,6,False,00-0037013,Zach Wilson,00-0037013,Zach Wilson,2023_04_KC_NYJ;2023_05_NYJ_DEN,2023_06_PHI_NYJ;2023_08_NYJ_NYG,2,0.192307692308,0.0769230769231,-0.0570945421737,0.14019129126,0.0469998094671,0.207619575108,0.0665862529197,2,0.215909090909,0.102272727273,-0.239698813184,0.154261160181,0.0663858473677,0.205150958366,0.0624988670773,0.0236013986014,0.0253496503497,-0.182604271011,0.0140698689215,0.0193860379006
nyj,2023,8,False,00-0037013,Zach Wilson,00-0037013,Zach Wilson,2023_05_NYJ_DEN;2023_06_PHI_NYJ,2023_08_NYJ_NYG;2023_09_LAC_NYJ,2,0.189873417722,0.113924050633,-0.205876061661,0.146066429731,0.040811877405,0.207337248739,0.0657230774487,2,0.163461538462,0.115384615385,-0.328604176035,0.125030704986,0.0252606878991,0.209764765611,0.0656892972117,-0.02641187926,0.0014605647517,-0.122728114373,-0.0210357247445,-0.0155511895059
nyj,2023,9,False,00-0037013,Zach Wilson,00-0037013,Zach Wilson,2023_06_PHI_NYJ;2023_08_NYJ_NYG,2023_09_LAC_NYJ;2023_10_NYJ_LV,2,0.215909090909,0.102272727273,-0.239698813184,0.154261160181,0.0663858473677,0.205150958366,0.0624988670773,2,0.121495327103,0.0934579439252,-0.233466290589,0.121842650103,-0.0158090845887,0.199488081906,0.0560174134138,-0.0944137638063,-0.00881478334749,0.00623252259574,-0.032418510078,-0.0821949319564
nyj,2024,4,False,00-0023459,Aaron Rodgers,00-0023459,Aaron Rodgers,2024_02_NYJ_TEN;2024_03_NE_NYJ,2024_04_DEN_NYJ;2024_05_NYJ_MIN,2,0.0909090909091,0.0519480519481,0.279422694872,0.122328910289,-0.0462169146065,0.16400121238,0.0186023437982,2,0.223214285714,0.0714285714286,-0.234697191604,0.1543715847,0.0748039658357,0.155042241763,0.0113140818575,0.132305194805,0.0194805194805,-0.514119886476,0.032042674411,0.121020880442
nyj,2024,5,False,00-0023459,Aaron Rodgers,00-0023459,Aaron Rodgers,2024_03_NE_NYJ;2024_04_DEN_NYJ,2024_05_NYJ_MIN;2024_06_BUF_NYJ,2,0.185567010309,0.0721649484536,0.0608600062155,0.14643262192,0.0392792690772,0.15266744984,0.00923154824174,2,0.161616161616,0.0606060606061,-0.024727818197,0.148311962343,0.015443220503,0.153184596941,0.00977881127214,-0.0239508486931,-0.0115588878475,-0.0855878244124,0.0018793404235,-0.0238360485742
nyj,2024,6,False,00-0023459,Aaron Rodgers,00-0023459,Aaron Rodgers,2024_04_DEN_NYJ;2024_05_NYJ_MIN,2024_06_BUF_NYJ;2024_07_NYJ_PIT,2,0.223214285714,0.0714285714286,-0.234697191604,0.1543715847,0.0748039658357,0.155042241763,0.0113140818575,2,0.16049382716,0.0493827160494,0.139756619593,0.163947457869,0.00857675928515,0.150677842878,0.00707347126278,-0.0627204585538,-0.0220458553792,0.374453811197,0.009575873169,-0.0662272065506
nyj,2024,7,False,00-0023459,Aaron Rodgers,00-0023459,Aaron Rodgers,2024_05_NYJ_MIN;2024_06_BUF_NYJ,2024_07_NYJ_PIT;2024_08_NYJ_NE,2,0.161616161616,0.0606060606061,-0.024727818197,0.148311962343,0.015443220503,0.153184596941,0.00977881127214,2,0.178082191781,0.027397260274,0.127560032828,0.147899022039,0.030690863928,0.162751259184,0.017624409828,0.0164660301647,-0.0332088003321,0.152287851025,-0.0004129403045,0.015247643425
nyj,2024,8,False,00-0023459,Aaron Rodgers,00-0023459,Aaron Rodgers,2024_06_BUF_NYJ;2024_07_NYJ_PIT,2024_08_NYJ_NE;2024_09_HOU_NYJ,2,0.16049382716,0.0493827160494,0.139756619593,0.163947457869,0.00857675928515,0.150677842878,0.00707347126278,2,0.130434782609,0.0434782608696,0.284795994438,0.148674944403,-0.0163524771178,0.165977642239,0.020544701753,-0.0300590445518,-0.00590445517982,0.145039374845,-0.0152725134655,-0.024929236403
nyj,2024,9,False,00-0023459,Aaron Rodgers,00-0023459,Aaron Rodgers,2024_07_NYJ_PIT;2024_08_NYJ_NE,2024_09_HOU_NYJ;2024_10_NYJ_ARI,2,0.178082191781,0.027397260274,0.127560032828,0.147899022039,0.030690863928,0.162751259184,0.017624409828,2,0.116883116883,0.0649350649351,0.0128234792613,0.154102413677,-0.0309834504816,0.160484341052,0.014666803278,-0.0611990748977,0.0375378046611,-0.114736553567,0.0062033916385,-0.0616743144096
nyj,2024,10,False,00-0023459,Aaron Rodgers,00-0023459,Aaron Rodgers,2024_08_NYJ_NE;2024_09_HOU_NYJ,2024_10_NYJ_ARI;2024_11_IND_NYJ,2,0.130434782609,0.0434782608696,0.284795994438,0.148674944403,-0.0163524771178,0.165977642239,0.020544701753,2,0.135135135135,0.0810810810811,-0.124127787971,0.134093963654,-0.00636143570669,0.160570873191,0.0139739517461,0.00470035252644,0.0376028202115,-0.408923782409,-0.0145809807495,0.00999104141114
nyj,2024,11,False,00-0023459,Aaron Rodgers,00-0023459,Aaron Rodgers,2024_09_HOU_NYJ;2024_10_NYJ_ARI,2024_11_IND_NYJ;2024_13_SEA_NYJ,2,0.116883116883,0.0649350649351,0.0128234792613,0.154102413677,-0.0309834504816,0.160484341052,0.014666803278,2,0.141025641026,0.0641025641026,-0.161855793562,0.133742404384,-0.000194726712079,0.165746284063,0.0186268803562,0.0241425241425,-0.000832500832501,-0.174679272823,-0.020360009293,0.0307887237696
nyj,2024,13,False,00-0023459,Aaron Rodgers,00-0023459,Aaron Rodgers,2024_10_NYJ_ARI;2024_11_IND_NYJ,2024_13_SEA_NYJ;2024_14_NYJ_MIA,2,0.135135135135,0.0810810810811,-0.124127787971,0.134093963654,-0.00636143570669,0.160570873191,0.0139739517461,2,0.133333333333,0.0555555555556,0.0584992649878,0.12182129248,-0.00438309125851,0.159744975972,0.0132139201717,-0.0018018018018,-0.0255255255255,0.182627052958,-0.0122726711735,0.00197834444818
nyj,2024,14,False,00-0023459,Aaron Rodgers,00-0023459,Aaron Rodgers,2024_11_IND_NYJ;2024_13_SEA_NYJ,2024_14_NYJ_MIA;2024_15_NYJ_JAX,2,0.141025641026,0.0641025641026,-0.161855793562,0.133742404384,-0.000194726712079,0.165746284063,0.0186268803562,2,0.105882352941,0.0470588235294,0.443160032885,0.0990940197528,-0.0255202987346,0.144987241668,2.41537045068e-05,-0.0351432880845,-0.0170437405732,0.605015826446,-0.0346483846317,-0.0253255720225
nyj,2024,15,False,00-0023459,Aaron Rodgers,00-0023459,Aaron Rodgers,2024_13_SEA_NYJ;2024_14_NYJ_MIA,2024_15_NYJ_JAX;2024_16_LA_NYJ,2,0.133333333333,0.0555555555556,0.0584992649878,0.12182129248,-0.00438309125851,0.159744975972,0.0132139201717,2,0.0561797752809,0.0224719101124,0.218572879974,0.0992110495368,-0.0753855925102,0.137156346024,-0.00578977344475,-0.0771535580524,-0.0330836454432,0.160073614987,-0.0226102429432,-0.0710025012517
nyj,2025,17,False,00-0040398,Brady Cook,00-0040398,Brady Cook,2025_15_NYJ_JAX;2025_16_NYJ_NO,2025_17_NE_NYJ;2025_18_NYJ_BUF,2,0.186046511628,0.127906976744,-0.364492161719,0.123188899487,0.0495519908555,0.202470455346,0.0625470490473,2,0.15,0.0333333333333,-0.309183604051,0.138438880707,0.00834385606031,0.184627612324,0.0436931184696,-0.0360465116279,-0.0945736434109,0.0553085576676,0.01524998122,-0.0412081347952
phi,2022,3,False,00-0036389,Jalen Hurts,00-0036389,Jalen Hurts,2022_01_PHI_DET;2022_02_MIN_PHI,2022_03_PHI_WAS;2022_04_JAX_PHI,2,0.123595505618,0.0449438202247,0.233032342574,,,,,2,0.148648648649,0.0675675675676,0.148040629312,,,,,0.0250531430307,0.0226237473428,-0.0849917132621,,
phi,2022,4,False,00-0036389,Jalen Hurts,00-0036389,Jalen Hurts,2022_02_MIN_PHI;2022_03_PHI_WAS,2022_04_JAX_PHI;2022_05_PHI_ARI,2,0.139534883721,0.0697674418605,0.297043279485,,,,,2,0.152777777778,0.0555555555556,-0.0299758914253,0.136363636364,,0.134969325153,,0.0132428940568,-0.0142118863049,-0.32701917091,,
phi,2022,5,False,00-0036389,Jalen Hurts,00-0036389,Jalen Hurts,2022_03_PHI_WAS;2022_04_JAX_PHI,2022_05_PHI_ARI;2022_06_DAL_PHI,2,0.148648648649,0.0675675675676,0.148040629312,,,,,2,0.140845070423,0.0845070422535,0.135424496533,0.172626262626,,0.136112113557,,-0.00780357822611,0.016939474686,-0.0126161327791,,
phi,2022,11,False,00-0036389,Jalen Hurts,00-0036389,Jalen Hurts,2022_09_PHI_HOU;2022_10_WAS_PHI,2022_11_PHI_IND;2022_12_GB_PHI,2,0.09375,0.078125,0.00821427982687,0.166590667275,-0.0511213601374,0.13387978142,,2,0.0985915492958,0.0704225352113,-0.110693307534,0.157907681672,-0.0462630626378,0.126736111111,-0.0355416704181,0.00484154929577,-0.00770246478873,-0.11890758736,-0.0086829856025,0.00485829749957
phi,2023,3,False,00-0036389,Jalen Hurts,00-0036389,Jalen Hurts,2023_01_PHI_NE;2023_02_MIN_PHI,2023_03_PHI_TB;2023_04_WAS_PHI,2,0.121621621622,0.0945945945946,-0.0523586160762,0.120112307454,-0.0149297694491,0.085767895675,-0.0586741998861,2,0.136363636364,0.0454545454545,0.178389093109,0.151886637008,-0.010889583713,0.0941489159014,-0.049205417733,0.014742014742,-0.04914004914,0.230747709185,0.0317743295535,0.00404018573611
phi,2023,4,False,00-0036389,Jalen Hurts,00-0036389,Jalen Hurts,2023_02_MIN_PHI;2023_03_PHI_TB,2023_04_WAS_PHI;2023_05_PHI_LA,2,0.121621621622,0.0675675675676,0.0367543448802,0.141742654508,-0.0230503899948,0.0884365123629,-0.0550622831037,2,0.111111111111,0.0444444444444,0.287007792699,0.143815611987,-0.0343032902911,0.0996517974778,-0.0435415392248,-0.0105105105105,-0.0231231231231,0.250253447819,0.002072957479,-0.0112529002962
phi,2023,5,False,00-0036389,Jalen Hurts,00-0036389,Jalen Hurts,2023_03_PHI_TB;2023_04_WAS_PHI,2023_05_PHI_LA;2023_06_PHI_NYJ,2,0.136363636364,0.0454545454545,0.178389093109,0.151886637008,-0.010889583713,0.0941489159014,-0.049205417733,2,0.0631578947368,0.0315789473684,0.0345574277165,0.165830073881,-0.0915323552037,0.10438524215,-0.0402150956259,-0.0732057416268,-0.0138755980861,-0.143831665392,0.0139434368725,-0.0806427714907
phi,2023,6,False,00-0036389,Jalen Hurts,00-0036389,Jalen Hurts,2023_04_WAS_PHI;2023_05_PHI_LA,2023_06_PHI_NYJ;2023_07_MIA_PHI,2,0.111111111111,0.0444444444444,0.287007792699,0.143815611987,-0.0343032902911,0.0996517974778,-0.0435415392248,2,0.101123595506,0.0561797752809,-0.0363914011036,0.194463869463,-0.0620883666611,0.110392214529,-0.037101649322,-0.00998751560549,0.0117353308365,-0.323399193802,0.050648257476,-0.02778507637
phi,2023,7,False,00-0036389,Jalen Hurts,00-0036389,Jalen Hurts,2023_05_PHI_LA;2023_06_PHI_NYJ,2023_07_MIA_PHI;2023_08_PHI_WAS,2,0.0631578947368,0.0315789473684,0.0345574277165,0.165830073881,-0.0915323552037,0.10438524215,-0.0402150956259,2,0.1125,0.0625,0.458421906988,0.179593229593,-0.0442054917419,0.110776561764,-0.0391360259523,0.0493421052632,0.0309210526316,0.423864479271,0.0137631557125,0.0473268634618
phi,2023,8,False,00-0036389,Jalen Hurts,00-0036389,Jalen Hurts,2023_06_PHI_NYJ;2023_07_MIA_PHI,2023_08_PHI_WAS;2023_09_DAL_PHI,2,0.101123595506,0.0561797752809,-0.0363914011036,0.194463869463,-0.0620883666611,0.110392214529,-0.037101649322,2,0.103896103896,0.0649350649351,0.570549155408,0.149506649507,-0.0429003915862,0.106666900778,-0.0435520748038,0.00277250839049,0.00875528965417,0.606940556511,-0.044957219957,0.0191879750749
phi,2023,9,False,00-0036389,Jalen Hurts,00-0036389,Jalen Hurts,2023_07_MIA_PHI;2023_08_PHI_WAS,2023_09_DAL_PHI;2023_11_PHI_KC,2,0.1125,0.0625,0.458421906988,0.179593229593,-0.0442054917419,0.110776561764,-0.0391360259523,2,0.123076923077,0.123076923077,0.147469852464,0.172674677347,-0.0300663799373,0.107957917454,-0.0418490732009,0.0105769230769,0.0605769230769,-0.310952054523,-0.0069185522455,0.0141391118046
phi,2023,11,False,00-0036389,Jalen Hurts,00-0036389,Jalen Hurts,2023_08_PHI_WAS;2023_09_DAL_PHI,2023_11_PHI_KC;2023_12_BUF_PHI,2,0.103896103896,0.0649350649351,0.570549155408,0.149506649507,-0.0429003915862,0.106666900778,-0.0435520748038,2,0.0724637681159,0.101449275362,0.00930678872812,0.182068023727,-0.0837443140614,0.107899113082,-0.0437260244047,-0.0314323357802,0.0365142104273,-0.56124236668,0.0325613742205,-0.0408439224753
phi,2023,16,False,00-0036389,Jalen Hurts,00-0036389,Jalen Hurts,2023_14_PHI_DAL;2023_15_PHI_SEA,2023_16_NYG_PHI;2023_17_ARI_PHI,2,0.0294117647059,0.0147058823529,0.0193928578247,0.149153940248,-0.116897835363,0.0998873502583,-0.0565706350722,2,0.0735294117647,0.0147058823529,0.254271341874,0.125638412134,-0.0658817805813,0.0896313364055,-0.0633864236763,0.0441176470588,0,0.23487848405,-0.023515528113,0.0510160547814
phi,2024,3,False,00-0036389,Jalen Hurts,00-0036389,Jalen Hurts,2024_01_GB_PHI;2024_02_ATL_PHI,2024_03_PHI_NO;2024_04_PHI_TB,2,0.128205128205,0.0384615384615,0.25446790401,0.162818055999,-0.0232528332798,0.0852051791181,-0.0636724611539,2,0.166666666667,0.119047619048,-0.154797259959,0.106572640118,0.0344487940757,0.0987112997014,-0.0465737463857,0.0384615384615,0.0805860805861,-0.409265163969,-0.056245415881,0.0577016273555
phi,2024,4,False,00-0036389,Jalen Hurts,00-0036389,Jalen Hurts,2024_02_ATL_PHI;2024_03_PHI_NO,2024_04_PHI_TB;2024_06_CLE_PHI,2,0.154761904762,0.0595238095238,0.0272904704843,0.127031765676,0.0163139111215,0.0919278681937,-0.0564672317218,2,0.125,0.109375,-0.0436322777197,0.11406694103,-0.00840208235016,0.104343660173,-0.0371908662335,-0.0297619047619,0.0498511904762,-0.070922748204,-0.0129648246465,-0.0247159934717
phi,2024,13,False,00-0036389,Jalen Hurts,00-0036389,Jalen Hurts,2024_11_WAS_PHI;2024_12_PHI_LA,2024_13_PHI_BAL;2024_14_CAR_PHI,2,0.0923076923077,0.0461538461538,0.196895166602,0.160502101145,-0.0579876023278,0.151625453152,0.0102715487697,2,0.153846153846,0.115384615385,-0.012280424873,0.132034950187,0.0139814641598,0.133690708252,-0.0116778972631,0.0615384615385,0.0692307692308,-0.209175591475,-0.028467150957,0.0719690664876
phi,2024,14,False,00-0036389,Jalen Hurts,00-0036389,Jalen Hurts,2024_12_PHI_LA;2024_13_PHI_BAL,2024_14_CAR_PHI;2024_15_PIT_PHI,2,0.0943396226415,0.0566037735849,0.152332344145,0.152302713468,-0.0522436489747,0.143190809857,0.000173737424225,2,0.144927536232,0.101449275362,0.227958137432,0.139114934879,0.000444814142846,0.137218045112,-0.00914767019394,0.0505879135904,0.0448455017774,0.0756257932875,-0.013187778588,0.0526884631175
phi,2025,3,False,00-0036389,Jalen Hurts,00-0036389,Jalen Hurts,2025_01_DAL_PHI;2025_02_PHI_KC,2025_03_LA_PHI;2025_04_PHI_TB,2,0.135593220339,0.0508474576271,0.0420473800773,0.158753709199,-0.0119904046595,0.136024662361,-0.00789163623727,2,0.1,0.0857142857143,0.037897408006,0.128466949434,-0.0373005567623,0.142118566176,-0.000282583204979,-0.035593220339,0.0348668280872,-0.00414997207126,-0.0302867597655,-0.0253101521027
phi,2025,4,False,00-0036389,Jalen Hurts,00-0036389,Jalen Hurts,2025_02_PHI_KC;2025_03_LA_PHI,2025_04_PHI_TB;2025_05_DEN_PHI,2,0.107692307692,0.0923076923077,-0.0823037624912,0.128930872825,-0.0288231045412,0.141496394231,-0.00203829788766,2,0.135802469136,0.0987654320988,0.0596167157121,0.19875932674,-0.0277935939265,0.135546371833,-0.00640346307006,0.0281101614435,0.00645773979107,0.141920478203,0.0698284539145,0.00102951061472
phi,2025,5,False,00-0036389,Jalen Hurts,00-0036389,Jalen Hurts,2025_03_LA_PHI;2025_04_PHI_TB,2025_05_DEN_PHI;2025_06_PHI_NYG,2,0.1,0.0857142857143,0.037897408006,0.128466949434,-0.0373005567623,0.142118566176,-0.000282583204979,2,0.123595505618,0.101123595506,0.00435683117663,0.186680189317,-0.034955062634,0.134355402488,-0.0103901061148,0.023595505618,0.0154093097913,-0.0335405768294,0.0582132398835,0.00234549412831
phi,2025,6,False,00-0036389,Jalen Hurts,00-0036389,Jalen Hurts,2025_04_PHI_TB;2025_05_DEN_PHI,2025_06_PHI_NYG;2025_07_PHI_MIN,2,0.135802469136,0.0987654320988,0.0596167157121,0.19875932674,-0.0277935939265,0.135546371833,-0.00640346307006,2,0.107692307692,0.0923076923077,0.257141400638,0.144763282695,-0.0347060970854,0.130499427661,-0.0157508086748,-0.0281101614435,-0.00645773979107,0.197524684926,-0.053996044045,-0.00691250315889
phi,2025,7,False,00-0036389,Jalen Hurts,00-0036389,Jalen Hurts,2025_05_DEN_PHI;2025_06_PHI_NYG,2025_07_PHI_MIN;2025_08_NYG_PHI,2,0.123595505618,0.101123595506,0.00435683117663,0.186680189317,-0.034955062634,0.134355402488,-0.0103901061148,2,0.163636363636,0.127272727273,0.581003857311,0.143711979078,0.0207583781399,0.128039546423,-0.017550543688,0.0400408580184,0.0261491317671,0.576647026134,-0.042968210239,0.0557134407739
phi,2025,8,False,00-0036389,Jalen Hurts,00-0036389,Jalen Hurts,2025_06_PHI_NYG;2025_07_PHI_MIN,2025_08_NYG_PHI;2025_10_PHI_GB,2,0.107692307692,0.0923076923077,0.257141400638,0.144763282695,-0.0347060970854,0.130499427661,-0.0157508086748,2,0.0847457627119,0.0677966101695,0.373415047682,0.149086234452,-0.0604800681981,0.130304654695,-0.016202593095,-0.0229465449804,-0.0245110821382,0.116273647044,0.0043229517575,-0.0257739711127
phi,2025,10,False,00-0036389,Jalen Hurts,00-0036389,Jalen Hurts,2025_07_PHI_MIN;2025_08_NYG_PHI,2025_10_PHI_GB;2025_11_DET_PHI,2,0.163636363636,0.127272727273,0.581003857311,0.143711979078,0.0207583781399,0.128039546423,-0.017550543688,2,0.03125,0.015625,0.0157044288709,0.167632210186,-0.119915963085,0.119658119658,-0.0281086270016,-0.132386363636,-0.111647727273,-0.56529942844,0.0239202311075,-0.140674341225
phi,2025,11,False,00-0036389,Jalen Hurts,00-0036389,Jalen Hurts,2025_08_NYG_PHI;2025_10_PHI_GB,2025_11_DET_PHI;2025_12_PHI_DAL,2,0.0847457627119,0.0677966101695,0.373415047682,0.149086234452,-0.0604800681981,0.130304654695,-0.016202593095,2,0.0987654320988,0.0246913580247,-0.0698491951909,0.163405903248,-0.0508799351334,0.107713828937,-0.0404653577448,0.0140196693869,-0.0431052521448,-0.443264242872,0.0143196687965,0.00960013306466
phi,2025,12,False,00-0036389,Jalen Hurts,00-0036389,Jalen Hurts,2025_10_PHI_GB;2025_11_DET_PHI,2025_12_PHI_DAL;2025_13_CHI_PHI,2,0.03125,0.015625,0.0157044288709,0.167632210186,-0.119915963085,0.119658119658,-0.0281086270016,2,0.0864197530864,0.0123456790123,0.0576584006464,0.142531141516,-0.0575349023481,0.106354077578,-0.0433643129692,0.0551697530864,-0.00327932098765,0.0419539717755,-0.02510106867,0.0623810607366
phi,2025,13,False,00-0036389,Jalen Hurts,00-0036389,Jalen Hurts,2025_11_DET_PHI;2025_12_PHI_DAL,2025_13_CHI_PHI;2025_14_PHI_LAC,2,0.0987654320988,0.0246913580247,-0.0698491951909,0.163405903248,-0.0508799351334,0.107713828937,-0.0404653577448,2,0.0864197530864,0.0123456790123,-0.20393288909,0.136856351099,-0.0552633930157,0.104368814576,-0.0460708527754,-0.0123456790123,-0.0123456790123,-0.134083693899,-0.0265495521495,-0.00438345788231
pit,2022,10,False,00-0038102,Kenny Pickett,00-0038102,Kenny Pickett,2022_07_PIT_MIA;2022_08_PIT_PHI,2022_10_NO_PIT;2022_11_CIN_PIT,2,0.155963302752,0.0733944954128,-0.198060174242,0.131916033509,0.022624932951,0.105752688172,,2,0.150537634409,0.0860215053763,0.0687576704917,0.149630898246,0.00951859391639,0.122724089636,,-0.00542566834369,0.0126270099635,0.266817844734,0.0177148647375,-0.0131063390346
pit,2022,11,False,00-0038102,Kenny Pickett,00-0038102,Kenny Pickett,2022_08_PIT_PHI;2022_10_NO_PIT,2022_11_CIN_PIT;2022_12_PIT_IND,2,0.176470588235,0.117647058824,-0.0750353161625,0.144204169101,0.0403729655598,0.113557422969,,2,0.121951219512,0.0609756097561,0.0100479706127,0.1667819721,-0.0272253757132,0.128537735849,0.0165908263658,-0.0545193687231,-0.0566714490674,0.0850832867751,0.022577802999,-0.067598341273
pit,2022,12,False,00-0038102,Kenny Pickett,00-0038102,Kenny Pickett,2022_10_NO_PIT;2022_11_CIN_PIT,2022_12_PIT_IND;2022_13_PIT_ATL,2,0.150537634409,0.0860215053763,0.0687576704917,0.149630898246,0.00951859391639,0.122724089636,,2,0.107692307692,0.0461538461538,0.171173351151,0.132245205141,-0.0327328784307,0.133972518457,0.0106573288586,-0.0428453267163,-0.0398676592225,0.10241568066,-0.0173856931048,-0.0422514723471
pit,2023,11,False,00-0038102,Kenny Pickett,00-0038102,Kenny Pickett,2023_09_TEN_PIT;2023_10_GB_PIT,2023_11_PIT_CLE;2023_12_PIT_CIN,2,0.09375,0.015625,0.0709533232345,0.143791497891,-0.0513637580672,0.167764973218,0.0250526521419,2,0.108108108108,0.0675675675676,-0.0200352525135,0.193734073535,-0.0534890648681,0.154837892604,0.0113762178539,0.0143581081081,0.0519425675676,-0.090988575748,0.0499425756435,-0.00212530680084
pit,2024,3,False,00-0036945,Justin Fields,00-0036945,Justin Fields,2024_01_PIT_ATL;2024_02_PIT_DEN,2024_03_LAC_PIT;2024_04_PIT_IND,2,0.169230769231,0.0615384615385,0.0575679469769,0.137000101761,0.0271006284592,0.138792505205,-0.00480016032943,2,0.175,0.075,0.159199211077,0.135094997595,0.0331778384877,0.151183231913,0.0110745734795,0.00576923076923,0.0134615384615,0.1016312641,-0.0019051041655,0.00607721002846
pit,2024,10,False,00-0029263,Russell Wilson,00-0029263,Russell Wilson,2024_07_NYJ_PIT;2024_08_NYG_PIT,2024_10_PIT_WAS;2024_11_BAL_PIT,2,0.19696969697,0.0757575757576,0.17229473205,0.176505942121,0.041035576654,0.172306169013,0.0273909592798,2,0.179487179487,0.0897435897436,-0.0366773270638,0.163440778034,0.0286415765854,0.188168865706,0.0396235134602,-0.0174825174825,0.013986013986,-0.208972059114,-0.0130651640865,-0.0123940000687
pit,2024,15,False,00-0029263,Russell Wilson,00-0029263,Russell Wilson,2024_13_PIT_CIN;2024_14_CLE_PIT,2024_15_PIT_PHI;2024_16_PIT_BAL,2,0.216216216216,0.0405405405405,0.262087012605,0.146381782227,0.0717701536704,0.204861111111,0.0538353979347,2,0.15625,0.078125,-0.247318772769,0.152994834238,0.00959617299541,0.201045296167,0.0506990542756,-0.0599662162162,0.0375844594595,-0.509405785374,0.006613052011,-0.062173980675
pit,2024,16,False,00-0029263,Russell Wilson,00-0029263,Russell Wilson,2024_14_CLE_PIT;2024_15_PIT_PHI,2024_16_PIT_BAL;2024_17_KC_PIT,2,0.189655172414,0.051724137931,-0.0782237250023,0.158121339278,0.0412312139441,0.203475851722,0.0528053669434,2,0.174418604651,0.093023255814,-0.249342029644,0.154766296907,0.0270345897561,0.200352112676,0.0504419273407,-0.0152365677626,0.0412991178829,-0.171118304642,-0.0033550423715,-0.014196624188
pit,2024,17,False,00-0029263,Russell Wilson,00-0029263,Russell Wilson,2024_15_PIT_PHI;2024_16_PIT_BAL,2024_17_KC_PIT;2024_18_CIN_PIT,2,0.15625,0.078125,-0.247318772769,0.152994834238,0.00959617299541,0.201045296167,0.0506990542756,2,0.191011235955,0.101123595506,-0.146712503236,0.163871080653,0.0415949015429,0.197018779343,0.0481458492131,0.0347612359551,0.0229985955056,0.100606269533,0.0108762464145,0.0319987285475
pit,2025,6,False,00-0023459,Aaron Rodgers,00-0023459,Aaron Rodgers,2025_03_PIT_NE;2025_04_MIN_PIT,2025_06_CLE_PIT;2025_07_PIT_CIN,2,0.115384615385,0.0384615384615,0.214421820263,0.118280845557,-0.0193246502293,0.18567251462,0.0410372540816,2,0.0735294117647,0,0.326455494696,0.144813519813,-0.0690364375186,0.167274215146,0.0235201354733,-0.0418552036199,-0.0384615384615,0.112033674433,0.0265326742568,-0.0497117872893
pit,2025,7,False,00-0023459,Aaron Rodgers,00-0023459,Aaron Rodgers,2025_04_MIN_PIT;2025_06_CLE_PIT,2025_07_PIT_CIN;2025_08_GB_PIT,2,0.107142857143,0.0357142857143,0.270843734814,0.159573978653,-0.0412587818654,0.175384160756,0.0316122275183,2,0.0864197530864,0.037037037037,0.0986895920354,0.14078724306,-0.0562462388534,0.157342657343,0.0140532131721,-0.0207231040564,0.00132275132275,-0.172154142778,-0.018786735593,-0.014987456988
pit,2025,8,False,00-0023459,Aaron Rodgers,00-0023459,Aaron Rodgers,2025_06_CLE_PIT;2025_07_PIT_CIN,2025_08_GB_PIT;2025_09_IND_PIT,2,0.0735294117647,0,0.326455494696,0.144813519813,-0.0690364375186,0.167274215146,0.0235201354733,2,0.107142857143,0.0714285714286,-0.0974938544444,0.161879054475,-0.0420651149808,0.144569842969,0.00199133216142,0.0336134453782,0.0714285714286,-0.423949349141,0.017065534661,0.0269713225377
pit,2025,9,False,00-0023459,Aaron Rodgers,00-0023459,Aaron Rodgers,2025_07_PIT_CIN;2025_08_GB_PIT,2025_09_IND_PIT;2025_10_PIT_LAC,2,0.0864197530864,0.037037037037,0.0986895920354,0.14078724306,-0.0562462388534,0.157342657343,0.0140532131721,2,0.12,0.08,-0.275096375236,0.151717138468,-0.0261727947384,0.131672597865,-0.0108147651733,0.0335802469136,0.042962962963,-0.373785967271,0.0109298954085,0.0300734441149
pit,2025,16,False,00-0023459,Aaron Rodgers,00-0023459,Aaron Rodgers,2025_14_PIT_BAL;2025_15_MIA_PIT,2025_16_PIT_DET;2025_17_PIT_CLE,2,0.0588235294118,0.0441176470588,0.332292975022,0.15896298643,-0.0898709606983,0.0967555247959,-0.0465310535527,2,0.0888888888889,0.0444444444444,-0.13819149851,0.206242879927,-0.0752729443819,0.0933010357501,-0.0515846073583,0.0300653594771,0.000326797385621,-0.470484473532,0.047279893497,0.0145980163164
pit,2025,17,False,00-0023459,Aaron Rodgers,00-0023459,Aaron Rodgers,2025_15_MIA_PIT;2025_16_PIT_DET,2025_17_PIT_CLE;2025_18_BAL_PIT,2,0.0740740740741,0.0617283950617,0.16116512109,0.158269131998,-0.0748863108622,0.0950133645172,-0.048999254905,2,0.0860215053763,0.0430107526882,-0.0520417751046,0.216176536015,-0.0814436932352,0.0905956332694,-0.0566322250252,0.0119474313023,-0.0187176423736,-0.213206896194,0.0579074040165,-0.00655738237295
sea,2022,3,False,00-0030565,Geno Smith,00-0030565,Geno Smith,2022_01_DEN_SEA;2022_02_SEA_SF,2022_03_ATL_SEA;2022_04_SEA_DET,2,0.183098591549,0.056338028169,-0.0464878257587,,,,,2,0.0975609756098,0.0243902439024,0.378887579628,,,,,-0.0855376159395,-0.0319477842666,0.425375405387,,
sea,2022,4,False,00-0030565,Geno Smith,00-0030565,Geno Smith,2022_02_SEA_SF;2022_03_ATL_SEA,2022_04_SEA_DET;2022_05_SEA_NO,2,0.170731707317,0.0487804878049,0.00634862178659,,,,,2,0.102941176471,0.0441176470588,0.364940108132,0.119205298013,,0.137254901961,,-0.0677905308465,-0.00466284074605,0.358591486346,,
sea,2022,5,False,00-0030565,Geno Smith,00-0030565,Geno Smith,2022_03_ATL_SEA;2022_04_SEA_DET,2022_05_SEA_NO;2022_06_ARI_SEA,2,0.0975609756098,0.0243902439024,0.378887579628,,,,,2,0.148648648649,0.108108108108,0.0326609635901,0.128833418237,,0.135831752056,,0.0510876730389,0.0837178642057,-0.346226616038,,
sea,2022,6,False,00-0030565,Geno Smith,00-0030565,Geno Smith,2022_04_SEA_DET;2022_05_SEA_NO,2022_06_ARI_SEA;2022_07_SEA_LAC,2,0.102941176471,0.0441176470588,0.364940108132,0.119205298013,,0.137254901961,,2,0.141025641026,0.0897435897436,0.107843957543,0.140064102564,-0.0298791599641,0.137688882574,,0.0380844645551,0.0456259426848,-0.257096150589,0.0208588045515,
sea,2022,7,False,00-0030565,Geno Smith,00-0030565,Geno Smith,2022_05_SEA_NO;2022_06_ARI_SEA,2022_07_SEA_LAC;2022_08_NYG_SEA,2,0.148648648649,0.108108108108,0.0326609635901,0.128833418237,,0.135831752056,,2,0.179487179487,0.0641025641026,0.0914651769638,0.126183886839,0.0482340411801,0.13866639968,,0.0308385308385,-0.0440055440055,0.0588042133737,-0.0026495313985,
sea,2022,8,False,00-0030565,Geno Smith,00-0030565,Geno Smith,2022_06_ARI_SEA;2022_07_SEA_LAC,2022_08_NYG_SEA;2022_09_SEA_ARI,2,0.141025641026,0.0897435897436,0.107843957543,0.140064102564,-0.0298791599641,0.137688882574,,2,0.219512195122,0.0609756097561,-0.0192082532085,0.124419622574,0.089280745394,0.143591654248,,0.0784865540963,-0.0287679799875,-0.127052210752,-0.01564447999,0.119159905358
sea,2022,9,False,00-0030565,Geno Smith,00-0030565,Geno Smith,2022_07_SEA_LAC;2022_08_NYG_SEA,2022_09_SEA_ARI;2022_10_SEA_TB,2,0.179487179487,0.0641025641026,0.0914651769638,0.126183886839,0.0482340411801,0.13866639968,,2,0.170731707317,0.0609756097561,0.104198263053,0.146883638605,0.0321066075983,0.156054997356,,-0.00875547217011,-0.00312695434647,0.0127330860892,0.0206997517665,-0.0161274335818
sea,2022,10,False,00-0030565,Geno Smith,00-0030565,Geno Smith,2022_08_NYG_SEA;2022_09_SEA_ARI,2022_10_SEA_TB;2022_12_LV_SEA,2,0.219512195122,0.0609756097561,-0.0192082532085,0.124419622574,0.089280745394,0.143591654248,,2,0.188235294118,0.0705882352941,0.208582539545,0.144824878815,0.0471190656231,0.155012249898,0.0399687314694,-0.0312769010043,0.00961262553802,0.227790792754,0.0204052562405,-0.0421616797709
sea,2022,12,False,00-0030565,Geno Smith,00-0030565,Geno Smith,2022_09_SEA_ARI;2022_10_SEA_TB,2022_12_LV_SEA;2022_13_SEA_LA,2,0.170731707317,0.0609756097561,0.104198263053,0.146883638605,0.0321066075983,0.156054997356,,2,0.2,0.0777777777778,0.261348808839,0.123348337448,0.0648081532283,0.15743418126,0.0450348872583,0.0292682926829,0.0168021680217,0.157150545786,-0.023535301158,0.03270154563
sea,2022,13,False,00-0030565,Geno Smith,00-0030565,Geno Smith,2022_10_SEA_TB;2022_12_LV_SEA,2022_13_SEA_LA;2022_14_CAR_SEA,2,0.188235294118,0.0705882352941,0.208582539545,0.144824878815,0.0471190656231,0.155012249898,0.0399687314694,2,0.14606741573,0.0786516853933,0.161616005659,0.129153562149,0.00952125447816,0.171030055615,0.0495059831749,-0.0421678783873,0.00806345009914,-0.0469665338858,-0.0156713166655,-0.037597811145
sea,2022,14,False,00-0030565,Geno Smith,00-0030565,Geno Smith,2022_12_LV_SEA;2022_13_SEA_LA,2022_14_CAR_SEA;2022_15_SF_SEA,2,0.2,0.0777777777778,0.261348808839,0.123348337448,0.0648081532283,0.15743418126,0.0450348872583,2,0.148936170213,0.063829787234,-0.107128748526,0.14336768122,0.00699528233546,0.174789310269,0.043342841225,-0.0510638297872,-0.0139479905437,-0.368477557365,0.0200193437725,-0.0578128708928
sea,2022,15,False,00-0030565,Geno Smith,00-0030565,Geno Smith,2022_13_SEA_LA;2022_14_CAR_SEA,2022_15_SF_SEA;2022_16_SEA_KC,2,0.14606741573,0.0786516853933,0.161616005659,0.129153562149,0.00952125447816,0.171030055615,0.0495059831749,2,0.163265306122,0.0510204081633,-0.250986286051,0.145853352059,0.0202513562497,0.174035649631,0.03761599493,0.0171978903921,-0.02763127723,-0.41260229171,0.0166997899095,0.0107301017716
sea,2022,16,False,00-0030565,Geno Smith,00-0030565,Geno Smith,2022_14_CAR_SEA;2022_15_SF_SEA,2022_16_SEA_KC;2022_17_NYJ_SEA,2,0.148936170213,0.063829787234,-0.107128748526,0.14336768122,0.00699528233546,0.174789310269,0.043342841225,2,0.192771084337,0.0722891566265,-0.181804370501,0.166060280727,0.043218131343,0.176192353173,0.03872602533,0.0438349141246,0.00845936939246,-0.0746756219756,0.022692599507,0.0362228490075
sea,2022,17,False,00-0030565,Geno Smith,00-0030565,Geno Smith,2022_15_SF_SEA;2022_16_SEA_KC,2022_17_NYJ_SEA;2022_18_LA_SEA,2,0.163265306122,0.0510204081633,-0.250986286051,0.145853352059,0.0202513562497,0.174035649631,0.03761599493,2,0.191780821918,0.0958904109589,-0.0694294965355,0.164529567711,0.0414425826176,0.177808265747,0.0382067753813,0.0285155157954,0.0448700027956,0.181556789516,0.018676215652,0.0211912263678
sea,2023,8,False,00-0030565,Geno Smith,00-0030565,Geno Smith,2023_06_SEA_CIN;2023_07_ARI_SEA,2023_08_CLE_SEA;2023_09_SEA_BAL,2,0.2125,0.075,0.089301996403,0.134694607718,0.0670415482385,0.159442724458,0.0109649169954,2,0.0958904109589,0.0684931506849,-0.165072639091,0.178712532,-0.0618601473829,0.153395784544,0.00435793687816,-0.116609589041,-0.00650684931507,-0.254374635494,0.0440179242825,-0.128901695621
sea,2023,9,False,00-0030565,Geno Smith,00-0030565,Geno Smith,2023_07_ARI_SEA;2023_08_CLE_SEA,2023_09_SEA_BAL;2023_10_WAS_SEA,2,0.0882352941176,0.0441176470588,0.182697531571,0.15278020633,-0.0623081960473,0.165558544385,0.0166272004172,2,0.102272727273,0.0568181818182,-0.0564817034153,0.147801922142,-0.0434175414194,0.141920374707,-0.00800452097436,0.0140374331551,0.0127005347594,-0.239179234986,-0.0049782841875,0.0188906546279
sea,2024,3,False,00-0030565,Geno Smith,00-0030565,Geno Smith,2024_01_DEN_SEA;2024_02_SEA_NE,2024_03_MIA_SEA;2024_04_SEA_DET,2,0.152941176471,0.0588235294118,0.131081838498,0.148703703704,0.00728259612244,0.149521741378,0.00306029057465,2,0.145454545455,0.0545454545455,0.0515079779936,0.206512605042,-0.021400001226,0.128010424155,-0.0186196525728,-0.00748663101604,-0.00427807486631,-0.0795738605046,0.0578089013385,-0.0286825973485
sea,2024,4,False,00-0030565,Geno Smith,00-0030565,Geno Smith,2024_02_SEA_NE;2024_03_MIA_SEA,2024_04_SEA_DET;2024_05_NYG_SEA,2,0.14606741573,0.0674157303371,0.121243024175,0.173571428571,-0.00757551363093,0.137223862725,-0.00902852562324,2,0.154471544715,0.0813008130081,0.0123076315766,0.179239877769,-0.00429671337122,0.131302795844,-0.0176216463266,0.00840412898511,0.0138850826711,-0.108935392599,0.0056684491975,0.00327880025971
sea,2024,5,False,00-0030565,Geno Smith,00-0030565,Geno Smith,2024_03_MIA_SEA;2024_04_SEA_DET,2024_05_NYG_SEA;2024_06_SF_SEA,2,0.145454545455,0.0545454545455,0.0515079779936,0.206512605042,-0.021400001226,0.128010424155,-0.0186196525728,2,0.138888888889,0.0740740740741,-0.0137913386708,0.148241147342,-0.00755727428842,0.138426799291,-0.0117427528803,-0.00656565656566,0.0195286195286,-0.0652993166645,-0.0582714577005,0.0138427269376
sea,2024,6,False,00-0030565,Geno Smith,00-0030565,Geno Smith,2024_04_SEA_DET;2024_05_NYG_SEA,2024_06_SF_SEA;2024_07_SEA_ATL,2,0.154471544715,0.0813008130081,0.0123076315766,0.179239877769,-0.00429671337122,0.131302795844,-0.0176216463266,2,0.118279569892,0.0215053763441,0.186995142352,0.128609112709,-0.0224118380216,0.144257703081,-0.00627001575585,-0.036191974823,-0.059795436664,0.174687510775,-0.0506307650595,-0.0181151246504
sea,2024,7,False,00-0030565,Geno Smith,00-0030565,Geno Smith,2024_05_NYG_SEA;2024_06_SF_SEA,2024_07_SEA_ATL;2024_08_BUF_SEA,2,0.138888888889,0.0740740740741,-0.0137913386708,0.148241147342,-0.00755727428842,0.138426799291,-0.0117427528803,2,0.152777777778,0.0277777777778,0.195942095792,0.132616033755,0.0122393184078,0.138996138996,-0.0111929167349,0.0138888888889,-0.0462962962963,0.209733434462,-0.0156251135865,0.0197965926962
sea,2024,8,False,00-0030565,Geno Smith,00-0030565,Geno Smith,2024_06_SF_SEA;2024_07_SEA_ATL,2024_08_BUF_SEA;2024_09_LA_SEA,2,0.118279569892,0.0215053763441,0.186995142352,0.128609112709,-0.0224118380216,0.144257703081,-0.00627001575585,2,0.190476190476,0.0952380952381,-0.0340730229132,0.142125837676,0.0468277280754,0.140900900901,-0.0095408711001,0.0721966205837,0.073732718894,-0.221068165265,0.013516724967,0.0692395660971
sea,2024,9,False,00-0030565,Geno Smith,00-0030565,Geno Smith,2024_07_SEA_ATL;2024_08_BUF_SEA,2024_09_LA_SEA;2024_11_SEA_SF,2,0.152777777778,0.0277777777778,0.195942095792,0.132616033755,0.0122393184078,0.138996138996,-0.0111929167349,2,0.206896551724,0.126436781609,0.00964058276805,0.141834365325,0.0633553258307,0.149168808912,-0.00139558689777,0.0541187739464,0.0986590038314,-0.186301513024,0.00921833157,0.051116007423
sea,2024,11,False,00-0030565,Geno Smith,00-0030565,Geno Smith,2024_08_BUF_SEA;2024_09_LA_SEA,2024_11_SEA_SF;2024_12_ARI_SEA,2,0.190476190476,0.0952380952381,-0.0340730229132,0.142125837676,0.0468277280754,0.140900900901,-0.0095408711001,2,0.166666666667,0.115384615385,0.0850036292177,0.132933436533,0.02567231499,0.155411072396,0.00510547277385,-0.0238095238095,0.0201465201465,0.119076652131,-0.009192401144,-0.0211554130855
sea,2024,12,False,00-0030565,Geno Smith,00-0030565,Geno Smith,2024_09_LA_SEA;2024_11_SEA_SF,2024_12_ARI_SEA;2024_13_SEA_NYJ,2,0.206896551724,0.126436781609,0.00964058276805,0.141834365325,0.0633553258307,0.149168808912,-0.00139558689777,2,0.155844155844,0.103896103896,0.090524456069,0.123477632388,0.0178729745144,0.157617924859,0.00867021233211,-0.05105239588,-0.0225406777131,0.0808838733009,-0.018356732937,-0.0454823513164
sea,2024,13,False,00-0030565,Geno Smith,00-0030565,Geno Smith,2024_11_SEA_SF;2024_12_ARI_SEA,2024_13_SEA_NYJ;2024_14_SEA_ARI,2,0.166666666667,0.115384615385,0.0850036292177,0.132933436533,0.02567231499,0.155411072396,0.00510547277385,2,0.115942028986,0.0434782608696,0.164669049857,0.13699855077,-0.0261586855818,0.15943767688,0.0145020944608,-0.0507246376812,-0.0719063545151,0.0796654206393,0.004065114237,-0.0518310005718
sea,2025,6,False,00-0034869,Sam Darnold,00-0034869,Sam Darnold,2025_04_SEA_ARI;2025_05_TB_SEA,2025_06_SEA_JAX;2025_07_HOU_SEA,2,0.0704225352113,0.0422535211268,0.53908703669,0.12512516576,-0.0673628946173,0.17267254292,0.0377557232182,2,0.134328358209,0.044776119403,-0.034105242803,0.128345629027,-0.00399885449607,0.136164736164,0.000368891015771,0.0639058229977,0.00252259827622,-0.573192279493,0.0032204632668,0.0633640401213
sea,2025,7,False,00-0034869,Sam Darnold,00-0034869,Sam Darnold,2025_05_TB_SEA;2025_06_SEA_JAX,2025_07_HOU_SEA;2025_09_SEA_WAS,2,0.0882352941176,0.0147058823529,0.504460422866,0.135111817266,-0.0523405694211,0.156619281619,0.0217961465305,2,0.0923076923077,0.0307692307692,0.167831113091,0.148718669214,-0.0520222029622,0.126666666667,-0.00928874985161,0.00407239819005,0.0160633484163,-0.336629309775,0.013606851949,0.000318366458898
sea,2025,9,False,00-0034869,Sam Darnold,00-0034869,Sam Darnold,2025_06_SEA_JAX;2025_07_HOU_SEA,2025_09_SEA_WAS;2025_10_ARI_SEA,2,0.134328358209,0.044776119403,-0.034105242803,0.128345629027,-0.00399885449607,0.136164736164,0.000368891015771,2,0.047619047619,0.0238095238095,0.724951712413,0.14117915072,-0.0963113794197,0.114435483871,-0.0229906617564,-0.0867093105899,-0.0209665955935,0.759056955216,0.012833521693,-0.0923125249237
sea,2025,10,False,00-0034869,Sam Darnold,00-0034869,Sam Darnold,2025_07_HOU_SEA;2025_09_SEA_WAS,2025_10_ARI_SEA;2025_11_SEA_LA,2,0.0923076923077,0.0307692307692,0.167831113091,0.148718669214,-0.0520222029622,0.126666666667,-0.00928874985161,2,0.0634920634921,0.015873015873,-0.0919744609789,0.141325778286,-0.081814040249,0.109287804546,-0.0297949044642,-0.0288156288156,-0.0148962148962,-0.25980557407,-0.0073928909285,-0.0297918372868
sea,2025,11,False,00-0034869,Sam Darnold,00-0034869,Sam Darnold,2025_09_SEA_WAS;2025_10_ARI_SEA,2025_11_SEA_LA;2025_12_SEA_TEN,2,0.047619047619,0.0238095238095,0.724951712413,0.14117915072,-0.0963113794197,0.114435483871,-0.0229906617564,2,0.0789473684211,0.0131578947368,-0.0396862531343,0.16193750632,-0.0699182147125,0.0970209953738,-0.0431102351231,0.031328320802,-0.0106516290727,-0.764637965547,0.0207583556,0.0263931647072
sea,2025,12,False,00-0034869,Sam Darnold,00-0034869,Sam Darnold,2025_10_ARI_SEA;2025_11_SEA_LA,2025_12_SEA_TEN;2025_13_MIN_SEA,2,0.0634920634921,0.015873015873,-0.0919744609789,0.141325778286,-0.081814040249,0.109287804546,-0.0297949044642,2,0.133333333333,0.0833333333333,0.0268919007857,0.164819689392,-0.0169203753005,0.0851374246988,-0.0564690386594,0.0698412698413,0.0674603174603,0.118866361765,0.023493911106,0.0648936649485
sea,2025,13,False,00-0034869,Sam Darnold,00-0034869,Sam Darnold,2025_11_SEA_LA;2025_12_SEA_TEN,2025_13_MIN_SEA;2025_14_SEA_ATL,2,0.0789473684211,0.0131578947368,-0.0396862531343,0.16193750632,-0.0699182147125,0.0970209953738,-0.0431102351231,2,0.119402985075,0.089552238806,0.0601365840351,0.158984145626,-0.0289707180224,0.08984375,-0.0537493359175,0.0404556166536,0.0763943440691,0.0998228371694,-0.0029533606945,0.0409474966901
sea,2025,14,False,00-0034869,Sam Darnold,00-0034869,Sam Darnold,2025_12_SEA_TEN;2025_13_MIN_SEA,2025_14_SEA_ATL;2025_15_IND_SEA,2,0.133333333333,0.0833333333333,0.0268919007857,0.164819689392,-0.0169203753005,0.0851374246988,-0.0564690386594,2,0.109589041096,0.041095890411,0.203259833616,0.15363540569,-0.0372385660437,0.0964781746032,-0.0485577125532,-0.0237442922374,-0.0422374429224,0.176367932831,-0.011184283702,-0.0203181907432
sea,2025,15,False,00-0034869,Sam Darnold,00-0034869,Sam Darnold,2025_13_MIN_SEA;2025_14_SEA_ATL,2025_15_IND_SEA;2025_16_LA_SEA,2,0.119402985075,0.089552238806,0.0601365840351,0.158984145626,-0.0289707180224,0.08984375,-0.0537493359175,2,0.151898734177,0.0632911392405,-0.0693303698923,0.142188519243,0.00889159398703,0.0994116037219,-0.0464565627156,0.0324957491026,-0.0262610995655,-0.129466953927,-0.0167956263825,0.0378623120094
sea,2025,16,False,00-0034869,Sam Darnold,00-0034869,Sam Darnold,2025_14_SEA_ATL;2025_15_IND_SEA,2025_16_LA_SEA;2025_17_SEA_CAR,2,0.109589041096,0.041095890411,0.203259833616,0.15363540569,-0.0372385660437,0.0964781746032,-0.0485577125532,2,0.152777777778,0.0972222222222,-0.23849254636,0.113446670181,0.0186353115572,0.102838732149,-0.0435754871102,0.0431887366819,0.0561263318113,-0.441752379976,-0.0401887355092,0.0558738776009
sea,2025,17,False,00-0034869,Sam Darnold,00-0034869,Sam Darnold,2025_15_IND_SEA;2025_16_LA_SEA,2025_17_SEA_CAR;2025_18_SEA_SF,2,0.151898734177,0.0632911392405,-0.0693303698923,0.142188519243,0.00889159398703,0.0994116037219,-0.0464565627156,2,0.111111111111,0.0793650793651,0.0121423270611,0.101095479705,-0.0179691770364,0.110866123926,-0.0341496492949,-0.0407876230661,0.0160739401246,0.0814726969534,-0.0410930395382,-0.0268607710234
sf,2022,5,False,00-0031345,Jimmy Garoppolo,00-0031345,Jimmy Garoppolo,2022_03_SF_DEN;2022_04_LA_SF,2022_05_SF_CAR;2022_06_SF_ATL,2,0.111111111111,0.0634920634921,0.021027474219,,,,,2,0.111111111111,0.0246913580247,0.217236790136,0.12095434573,,0.119569359756,,0,-0.0388007054674,0.196209315917,,
sf,2022,11,False,00-0031345,Jimmy Garoppolo,00-0031345,Jimmy Garoppolo,2022_08_SF_LA;2022_10_LAC_SF,2022_11_SF_ARI;2022_12_NO_SF,2,0.0847457627119,0.0677966101695,0.372630328454,0.123531771502,-0.0470322665642,0.121601848287,,2,0.144927536232,0.0144927536232,0.258962660491,0.154994739274,-0.00183006063522,0.114385092272,-0.0205639253394,0.06018177352,-0.0533038565463,-0.113667667963,0.0314629677725,0.045202205929
sf,2022,17,False,00-0037834,Brock Purdy,00-0037834,Brock Purdy,2022_15_SF_SEA;2022_16_WAS_SF,2022_17_SF_LV;2022_18_ARI_SF,2,0.103448275862,0.0689655172414,0.182012132026,0.142447552448,-0.038187256378,0.135941637091,-0.000887213641006,2,0.15625,0.0625,0.249357218767,0.169278996865,0.00397709356557,0.131369538886,-0.0115961630555,0.0528017241379,-0.00646551724138,0.0673450867405,0.0268314444175,0.0421643499436
sf,2023,3,False,00-0037834,Brock Purdy,00-0037834,Brock Purdy,2023_01_SF_PIT;2023_02_SF_LA,2023_03_NYG_SF;2023_04_ARI_SF,2,0.161290322581,0.0645161290323,0.224288086121,0.160776268161,0.0104431337566,0.154242160399,0.00755786887946,2,0.10447761194,0.044776119403,0.654564051315,0.141633064516,-0.0416373389869,0.147511312217,-0.000415488086313,-0.0568127106403,-0.0197400096293,0.430275965194,-0.0191432036445,-0.0520804727436
sf,2023,13,False,00-0037834,Brock Purdy,00-0037834,Brock Purdy,2023_11_TB_SF;2023_12_SF_SEA,2023_13_SF_PHI;2023_14_SEA_SF,2,0.166666666667,0.0757575757576,0.306747558501,0.141720123545,0.0225075490697,0.135317729534,-0.0131042036294,2,0.174603174603,0.0793650793651,0.511020954979,0.144072311802,0.0299877238097,0.146334938469,-0.00181557913978,0.00793650793651,0.0036075036075,0.204273396478,0.002352188257,0.00748017473995
sf,2024,3,False,00-0037834,Brock Purdy,00-0037834,Brock Purdy,2024_01_NYJ_SF;2024_02_SF_MIN,2024_03_SF_LA;2024_04_NE_SF,2,0.139240506329,0.113924050633,0.0746712332011,0.144084504008,-0.00550642782273,0.136626055104,-0.0060900065409,2,0.0945945945946,0.027027027027,0.365420463359,0.123965280181,-0.0428394071723,0.128723128723,-0.0130770076218,-0.0446459117345,-0.0868970236059,0.290749230158,-0.020119223826,-0.0373329793495
sf,2024,4,False,00-0037834,Brock Purdy,00-0037834,Brock Purdy,2024_02_SF_MIN;2024_03_SF_LA,2024_04_NE_SF;2024_05_ARI_SF,2,0.114942528736,0.0804597701149,0.196226620059,0.129048154153,-0.024776328676,0.13346255194,-0.00937421722019,2,0.125,0.0416666666667,0.148468207786,0.104869919105,-0.00518681236269,0.119528619528,-0.0214130421254,0.0100574712644,-0.0387931034483,-0.0477584122729,-0.0241782350471,0.0195895163133
sf,2024,5,False,00-0037834,Brock Purdy,00-0037834,Brock Purdy,2024_03_SF_LA;2024_04_NE_SF,2024_05_ARI_SF;2024_06_SF_SEA,2,0.0945945945946,0.027027027027,0.365420463359,0.123965280181,-0.0428394071723,0.128723128723,-0.0130770076218,2,0.121621621622,0.027027027027,0.198146152469,0.126958933882,-0.0158968344707,0.118529379819,-0.0211664407981,0.027027027027,0,-0.16727431089,0.0029936537009,0.0269425727015
sf,2024,6,False,00-0037834,Brock Purdy,00-0037834,Brock Purdy,2024_04_NE_SF;2024_05_ARI_SF,2024_06_SF_SEA;2024_07_KC_SF,2,0.125,0.0416666666667,0.148468207786,0.104869919105,-0.00518681236269,0.119528619528,-0.0214130421254,2,0.135135135135,0.0135135135135,0.0944479592165,0.183607971883,-0.0240984258963,0.118186874305,-0.0204880082752,0.0101351351351,-0.0281531531532,-0.0540202485692,0.0787380527781,-0.0189116135336
sf,2024,7,False,00-0037834,Brock Purdy,00-0037834,Brock Purdy,2024_05_ARI_SF;2024_06_SF_SEA,2024_07_KC_SF;2024_08_DAL_SF,2,0.121621621622,0.027027027027,0.198146152469,0.126958933882,-0.0158968344707,0.118529379819,-0.0211664407981,2,0.106666666667,0.04,0.0517320438977,0.187682762341,-0.0534343648262,0.120229885057,-0.0205900472908,-0.014954954955,0.012972972973,-0.146414108571,0.0607238284591,-0.0375375303554
sf,2024,8,False,00-0037834,Brock Purdy,00-0037834,Brock Purdy,2024_06_SF_SEA;2024_07_KC_SF,2024_08_DAL_SF;2024_10_SF_TB,2,0.135135135135,0.0135135135135,0.0944479592165,0.183607971883,-0.0240984258963,0.118186874305,-0.0204880082752,2,0.115384615385,0.0641025641026,0.401847811873,0.16337944664,-0.0349118324663,0.121280353201,-0.0225866882822,-0.0197505197505,0.0505890505891,0.307399852657,-0.020228525243,-0.01081340657
sf,2024,10,False,00-0037834,Brock Purdy,00-0037834,Brock Purdy,2024_07_KC_SF;2024_08_DAL_SF,2024_10_SF_TB;2024_11_SEA_SF,2,0.106666666667,0.04,0.0517320438977,0.187682762341,-0.0534343648262,0.120229885057,-0.0205900472908,2,0.134146341463,0.0609756097561,0.316065387708,0.15204752275,-0.0128192680551,0.119040267456,-0.0258623640099,0.0274796747967,0.0209756097561,0.26433334381,-0.0356352395915,0.0406150967711
sf,2025,7,False,00-0036972,Mac Jones,00-0036972,Mac Jones,2025_05_SF_LA;2025_06_SF_TB,2025_07_ATL_SF;2025_08_SF_HOU,2,0.2,0.07,0.0866985702014,0.126548919358,0.0626690518391,0.133455521424,-0.00411764434961,2,0.153846153846,0.0461538461538,0.0167253251168,0.140064836003,0.0114688776466,0.151081305396,0.0132475875155,-0.0461538461538,-0.0238461538462,-0.0699732450846,0.0135159166445,-0.0512001741925
sf,2025,8,False,00-0036972,Mac Jones,00-0036972,Mac Jones,2025_06_SF_TB;2025_07_ATL_SF,2025_08_SF_HOU;2025_09_SF_NYG,2,0.184210526316,0.0921052631579,-0.043740490643,0.130404858299,0.0456274794235,0.144986825164,0.00731258118738,2,0.138461538462,0.0615384615385,0.165742814983,0.137655644009,-0.00311543429846,0.157751799174,0.0197748590877,-0.0457489878543,-0.0305668016194,0.209483305626,0.0072507857095,-0.048742913722
sf,2025,9,False,00-0036972,Mac Jones,00-0036972,Mac Jones,2025_07_ATL_SF;2025_08_SF_HOU,2025_09_SF_NYG;2025_10_LA_SF,2,0.153846153846,0.0461538461538,0.0167253251168,0.140064836003,0.0114688776466,0.151081305396,0.0132475875155,2,0.0579710144928,0.0289855072464,0.352533984628,0.152137678139,-0.0897383883681,0.159001754692,0.0214859365975,-0.0958751393534,-0.0171683389075,0.335808659511,0.0120728421365,-0.101207266015
sf,2025,13,False,00-0037834,Brock Purdy,00-0037834,Brock Purdy,2025_11_SF_ARI;2025_12_CAR_SF,2025_13_SF_CLE;2025_15_TEN_SF,2,0.0645161290323,0.0161290322581,0.127311393629,0.125371795745,-0.0725223751522,0.135886270492,-0.00405616900073,2,0.16,0.04,0.312405378834,0.197451713323,-0.00120078315638,0.127138829477,-0.0155287146897,0.0954838709677,0.0238709677419,0.185093985205,0.0720799175785,0.0713215919958
sf,2025,15,False,00-0037834,Brock Purdy,00-0037834,Brock Purdy,2025_12_CAR_SF;2025_13_SF_CLE,2025_15_TEN_SF;2025_16_SF_IND,2,0.119402985075,0.0149253731343,0.00961177858746,0.161567961225,-0.0302442354676,0.129762959681,-0.0110247446874,2,0.0779220779221,0.038961038961,0.532900568304,0.1630505841,-0.0727706938382,0.118300193793,-0.0278302515786,-0.0414809071525,0.0240356658267,0.523288789716,0.0014826228745,-0.0425264583706
sf,2025,16,False,00-0037834,Brock Purdy,00-0037834,Brock Purdy,2025_13_SF_CLE;2025_15_TEN_SF,2025_16_SF_IND;2025_17_CHI_SF,2,0.16,0.04,0.312405378834,0.197451713323,-0.00120078315638,0.127138829477,-0.0155287146897,2,0.025974025974,0.025974025974,0.483981551477,0.143662524892,-0.117912693777,0.10373765028,-0.0440531784519,-0.134025974026,-0.014025974026,0.171576172643,-0.053789188431,-0.116711910621
sf,2025,17,False,00-0037834,Brock Purdy,00-0037834,Brock Purdy,2025_15_TEN_SF;2025_16_SF_IND,2025_17_CHI_SF;2025_18_SEA_SF,2,0.0779220779221,0.038961038961,0.532900568304,0.1630505841,-0.0727706938382,0.118300193793,-0.0278302515786,2,0.123287671233,0.0547945205479,0.0584732614658,0.15213904568,-0.0232429049125,0.0872563547247,-0.0606264866275,0.0453655933108,0.0158334815869,-0.474427306838,-0.01091153842,0.0495277889257
tb,2022,3,False,00-0019596,Tom Brady,00-0019596,Tom Brady,2022_01_TB_DAL;2022_02_TB_NO,2022_03_GB_TB;2022_04_KC_TB,2,0.106060606061,0.0454545454545,0.0929434340595,,,,,2,0.0849056603774,0.0377358490566,0.0419602727786,,,,,-0.0211549456832,-0.00771869639794,-0.050983161281,,
tb,2022,4,False,00-0019596,Tom Brady,00-0019596,Tom Brady,2022_02_TB_NO;2022_03_GB_TB,2022_04_KC_TB;2022_05_ATL_TB,2,0.0813953488372,0.046511627907,-0.00963077502453,,,,,2,0.0810810810811,0.00900900900901,0.235047933777,0.134969325153,,0.093023255814,,-0.000314267756128,-0.037502618898,0.244678708801,,
tb,2022,5,False,00-0019596,Tom Brady,00-0019596,Tom Brady,2022_03_GB_TB;2022_04_KC_TB,2022_05_ATL_TB;2022_06_TB_PIT,2,0.0849056603774,0.0377358490566,0.0419602727786,,,,,2,0.0927835051546,0.020618556701,0.257256308511,0.122550741872,,0.0907594155176,,0.00787784477728,-0.0171172923556,0.215296035732,,
tb,2022,6,False,00-0019596,Tom Brady,00-0019596,Tom Brady,2022_04_KC_TB;2022_05_ATL_TB,2022_06_TB_PIT;2022_07_TB_CAR,2,0.0810810810811,0.00900900900901,0.235047933777,0.134969325153,,0.093023255814,,2,0.0842105263158,0.0315789473684,0.0579211216577,0.114736861188,,0.0907161890976,,0.00312944523471,0.0225699383594,-0.177126812119,-0.020232463965,
tb,2022,7,False,00-0019596,Tom Brady,00-0019596,Tom Brady,2022_05_ATL_TB;2022_06_TB_PIT,2022_07_TB_CAR;2022_08_BAL_TB,2,0.0927835051546,0.020618556701,0.257256308511,0.122550741872,,0.0907594155176,,2,0.0865384615385,0.0384615384615,0.039629944549,0.116453116278,-0.0112231286989,0.0900821086521,,-0.00624504361618,0.0178429817605,-0.217626363962,-0.0060976255935,
tb,2022,8,False,00-0019596,Tom Brady,00-0019596,Tom Brady,2022_06_TB_PIT;2022_07_TB_CAR,2022_08_BAL_TB;2022_09_LA_TB,2,0.0842105263158,0.0315789473684,0.0579211216577,0.114736861188,,0.0907161890976,,2,0.0796460176991,0.0353982300885,0.0403463604907,0.114474642077,-0.0475691585825,0.0891901146718,,-0.00456450861667,0.00381928272007,-0.017574761167,-0.0002622191105,
tb,2022,9,False,00-0019596,Tom Brady,00-0019596,Tom Brady,2022_07_TB_CAR;2022_08_BAL_TB,2022_09_LA_TB;2022_10_SEA_TB,2,0.0865384615385,0.0384615384615,0.039629944549,0.116453116278,-0.0112231286989,0.0900821086521,,2,0.0434782608696,0.0108695652174,0.086671302402,0.128461538461,-0.0874930482148,0.0863171482475,,-0.0430602006689,-0.0275919732441,0.0470413578529,0.0120084221835,-0.0762699195159
tb,2022,10,False,00-0019596,Tom Brady,00-0019596,Tom Brady,2022_08_BAL_TB;2022_09_LA_TB,2022_10_SEA_TB;2022_12_TB_CLE,2,0.0796460176991,0.0353982300885,0.0403463604907,0.114474642077,-0.0475691585825,0.0891901146718,,2,0.0875,0.0375,0.122220340586,0.124472934473,-0.0464797748364,0.0795878585352,,0.00785398230088,0.0021017699115,0.0818739800954,0.009998292395,0.00108938374604
tb,2022,12,False,00-0019596,Tom Brady,00-0019596,Tom Brady,2022_09_LA_TB;2022_10_SEA_TB,2022_12_TB_CLE;2022_13_NO_TB,2,0.0434782608696,0.0108695652174,0.086671302402,0.128461538461,-0.0874930482148,0.0863171482475,,2,0.111111111111,0.037037037037,0.00956224185019,0.12631096443,-0.0271205385257,0.0802005012532,-0.047117600553,0.0676328502415,0.0261674718196,-0.0771090605518,-0.002150574032,0.0603725096891
tb,2022,13,False,00-0019596,Tom Brady,00-0019596,Tom Brady,2022_10_SEA_TB;2022_12_TB_CLE,2022_13_NO_TB;2022_14_TB_SF,2,0.0875,0.0375,0.122220340586,0.124472934473,-0.0464797748364,0.0795878585352,,2,0.111111111111,0.00854700854701,-0.0950745697288,0.150977166682,-0.034211241374,0.0837473984213,-0.0464992393418,0.0236111111111,-0.028952991453,-0.217294910315,0.0265042322095,0.0122685334624
tb,2022,14,False,00-0019596,Tom Brady,00-0019596,Tom Brady,2022_12_TB_CLE;2022_13_NO_TB,2022_14_TB_SF;2022_15_CIN_TB,2,0.111111111111,0.037037037037,0.00956224185019,0.12631096443,-0.0271205385257,0.0802005012532,-0.047117600553,2,0.133333333333,0.00952380952381,-0.0882000274804,0.163175559666,-0.0154063814933,0.0880730273083,-0.0440636844644,0.0222222222222,-0.0275132275132,-0.0977622693306,0.0368645952365,0.0117141570324
tb,2022,15,False,00-0019596,Tom Brady,00-0019596,Tom Brady,2022_13_NO_TB;2022_14_TB_SF,2022_15_CIN_TB;2022_16_TB_ARI,2,0.111111111111,0.00854700854701,-0.0950745697288,0.150977166682,-0.034211241374,0.0837473984213,-0.0464992393418,2,0.112244897959,0.0102040816327,0.0294456486902,0.172865355203,-0.0395607837833,0.0933562739594,-0.0395821408413,0.00113378684807,0.00165707308564,0.124520218419,0.0218881885205,-0.00534954240925
tb,2022,16,False,00-0019596,Tom Brady,00-0019596,Tom Brady,2022_14_TB_SF;2022_15_CIN_TB,2022_16_TB_ARI;2022_17_CAR_TB,2,0.133333333333,0.00952380952381,-0.0882000274804,0.163175559666,-0.0154063814933,0.0880730273083,-0.0440636844644,2,0.116504854369,0.0291262135922,0.0952558378765,0.167529900168,-0.0333474726831,0.0966968694568,-0.0392595926949,-0.0168284789644,0.0196024040684,0.183455865357,0.004354340502,-0.0179410911898
tb,2023,3,False,00-0034855,Baker Mayfield,00-0034855,Baker Mayfield,2023_01_TB_MIN;2023_02_CHI_TB,2023_03_PHI_TB;2023_04_TB_NO,2,0.038961038961,0.012987012987,0.16269059894,0.090905868173,-0.0864962893709,0.115732472873,-0.0278513404376,2,0.112676056338,0.0422535211268,0.141364063882,0.170016647142,-0.0389820838705,0.108783978412,-0.0341298727195,0.073715017377,0.0292665081397,-0.0213265350577,0.0791107789689,0.0475142055003
tb,2023,4,False,00-0034855,Baker Mayfield,00-0034855,Baker Mayfield,2023_02_CHI_TB;2023_03_PHI_TB,2023_04_TB_NO;2023_06_DET_TB,2,0.0869565217391,0.0289855072464,0.159771303547,0.132575167472,-0.0499463995417,0.110899743632,-0.0318547459424,2,0.0843373493976,0.0240963855422,0.0210875249578,0.142899378216,-0.0611509586765,0.108584768875,-0.0347815405632,-0.00261917234154,-0.00488912170421,-0.138683778589,0.0103242107445,-0.0112045591348
tb,2023,6,False,00-0034855,Baker Mayfield,00-0034855,Baker Mayfield,2023_03_PHI_TB;2023_04_TB_NO,2023_06_DET_TB;2023_07_ATL_TB,2,0.112676056338,0.0422535211268,0.141364063882,0.170016647142,-0.0389820838705,0.108783978412,-0.0341298727195,2,0.106382978723,0.0425531914894,-0.0740991899235,0.160494017199,-0.0459411422754,0.101640506982,-0.0411454255468,-0.00629307761462,0.000299670362601,-0.215463253806,-0.009522629943,-0.00695905840489
tb,2023,7,False,00-0034855,Baker Mayfield,00-0034855,Baker Mayfield,2023_04_TB_NO;2023_06_DET_TB,2023_07_ATL_TB;2023_08_TB_BUF,2,0.0843373493976,0.0240963855422,0.0210875249578,0.142899378216,-0.0611509586765,0.108584768875,-0.0347815405632,2,0.153846153846,0.0576923076923,0.0948407407272,0.171507969798,-0.000940591109839,0.100758931901,-0.0420474695091,0.0695088044486,0.0335959221501,0.0737532157694,0.0286085915825,0.0602103675667
tb,2023,8,False,00-0034855,Baker Mayfield,00-0034855,Baker Mayfield,2023_06_DET_TB;2023_07_ATL_TB,2023_08_TB_BUF;2023_09_TB_HOU,2,0.106382978723,0.0425531914894,-0.0740991899235,0.160494017199,-0.0459411422754,0.101640506982,-0.0411454255468,2,0.168539325843,0.0561797752809,0.228693157481,0.152901785714,0.0194169864469,0.106707317073,-0.0368924367454,0.0621563471193,0.0136265837915,0.302792347405,-0.0075922314845,0.0653581287223
tb,2023,9,False,00-0034855,Baker Mayfield,00-0034855,Baker Mayfield,2023_07_ATL_TB;2023_08_TB_BUF,2023_09_TB_HOU;2023_10_TEN_TB,2,0.153846153846,0.0576923076923,0.0948407407272,0.171507969798,-0.000940591109839,0.100758931901,-0.0420474695091,2,0.135135135135,0.0675675675676,0.320134312139,0.13448840147,-0.00671489314195,0.109258713433,-0.035366136687,-0.018711018711,0.00987525987526,0.225293571412,-0.0370195683285,-0.00577430203211
tb,2023,10,False,00-0034855,Baker Mayfield,00-0034855,Baker Mayfield,2023_08_TB_BUF;2023_09_TB_HOU,2023_10_TEN_TB;2023_11_TB_SF,2,0.168539325843,0.0561797752809,0.228693157481,0.152901785714,0.0194169864469,0.106707317073,-0.0368924367454,2,0.144444444444,0.0777777777778,0.0543320564471,0.156861291548,-0.0057381748282,0.113471573744,-0.0319674901001,-0.0240948813983,0.0215980024969,-0.174361101034,0.0039595058335,-0.0251551612751
tb,2023,15,False,00-0034855,Baker Mayfield,00-0034855,Baker Mayfield,2023_13_CAR_TB;2023_14_TB_ATL,2023_15_TB_GB;2023_16_JAX_TB,2,0.0606060606061,0.030303030303,-0.0145785334653,0.127100047192,-0.078096464697,0.142667578436,-0.00688893346945,2,0.106666666667,0.0933333333333,0.564132761021,0.150989461637,-0.040508491501,0.140045437685,-0.00786442557955,0.0460606060606,0.0630303030303,0.578711294487,0.0238894144455,0.037587973196
tb,2023,16,False,00-0034855,Baker Mayfield,00-0034855,Baker Mayfield,2023_14_TB_ATL;2023_15_TB_GB,2023_16_JAX_TB;2023_17_NO_TB,2,0.0746268656716,0.089552238806,0.401851598467,0.139369646602,-0.0684857076343,0.141779047195,-0.00722106849302,2,0.0886075949367,0.0506329113924,0.303510783601,0.144039542547,-0.0558726771037,0.133624188311,-0.0130705449445,0.0139807292651,-0.0389193274136,-0.0983408148659,0.004669895945,0.0126130305305
tb,2023,17,False,00-0034855,Baker Mayfield,00-0034855,Baker Mayfield,2023_15_TB_GB;2023_16_JAX_TB,2023_17_NO_TB;2023_18_TB_CAR,2,0.106666666667,0.0933333333333,0.564132761021,0.150989461637,-0.040508491501,0.140045437685,-0.00786442557955,2,0.116883116883,0.0649350649351,-0.00630726948338,0.12330082369,-0.0205375588345,0.122989107666,-0.0230824676744,0.0102164502165,-0.0283982683983,-0.570440030505,-0.0276886379475,0.0199709326665
tb,2024,3,False,00-0034855,Baker Mayfield,00-0034855,Baker Mayfield,2024_01_WAS_TB;2024_02_TB_DET,2024_03_DEN_TB;2024_04_PHI_TB,2,0.140625,0.09375,0.418798097741,0.156358585621,-0.00607621618655,0.11891637684,-0.0241536691805,2,0.118279569892,0.0967741935484,-0.0631600383237,0.126245847176,-0.0192753502412,0.115475226386,-0.0277729747396,-0.0223454301075,0.00302419354839,-0.481958136065,-0.0301127384446,-0.0131991340547
tb,2024,4,False,00-0034855,Baker Mayfield,00-0034855,Baker Mayfield,2024_02_TB_DET;2024_03_DEN_TB,2024_04_PHI_TB;2024_05_TB_ATL,2,0.202898550725,0.173913043478,-0.283522853551,0.185535776268,0.0451669722813,0.111014618613,-0.0307201819637,2,0.0361445783133,0.0361445783133,0.310907263965,0.123582593541,-0.0993843644595,0.122154287186,-0.0207587504788,-0.166753972411,-0.137768465165,0.594430117517,-0.0619531827274,-0.144551336741
tb,2024,5,False,00-0034855,Baker Mayfield,00-0034855,Baker Mayfield,2024_03_DEN_TB;2024_04_PHI_TB,2024_05_TB_ATL;2024_06_TB_NO,2,0.118279569892,0.0967741935484,-0.0631600383237,0.126245847176,-0.0192753502412,0.115475226386,-0.0277729747396,2,0.0405405405405,0.027027027027,0.201631236519,0.129141179349,-0.0980939532345,0.11560825508,-0.0262476617962,-0.0777390293519,-0.0697471665214,0.264791274842,0.0028953321729,-0.0788186029933
tb,2024,6,False,00-0034855,Baker Mayfield,00-0034855,Baker Mayfield,2024_04_PHI_TB;2024_05_TB_ATL,2024_06_TB_NO;2024_07_BAL_TB,2,0.0361445783133,0.0361445783133,0.310907263965,0.123582593541,-0.0993843644595,0.122154287186,-0.0207587504788,2,0.0618556701031,0.0412371134021,0.128197806316,0.137064676617,-0.0820999032542,0.107685756866,-0.0331353654193,0.0257110917898,0.00509253508881,-0.182709457649,0.0134820830764,0.0172844612052
tb,2024,7,False,00-0034855,Baker Mayfield,00-0034855,Baker Mayfield,2024_05_TB_ATL;2024_06_TB_NO,2024_07_BAL_TB;2024_08_ATL_TB,2,0.0405405405405,0.027027027027,0.201631236519,0.129141179349,-0.0980939532345,0.11560825508,-0.0262476617962,2,0.0377358490566,0.0283018867925,0.144862965356,0.140765765766,-0.106406930261,0.103031643279,-0.037780890017,-0.00280469148394,0.00127485976543,-0.056768271163,0.011624586417,-0.00831297702692
tb,2024,8,False,00-0034855,Baker Mayfield,00-0034855,Baker Mayfield,2024_06_TB_NO;2024_07_BAL_TB,2024_08_ATL_TB;2024_09_TB_KC,2,0.0618556701031,0.0412371134021,0.128197806316,0.137064676617,-0.0820999032542,0.107685756866,-0.0331353654193,2,0.0449438202247,0.0224719101124,0.180478027669,0.141980537389,-0.0974038948956,0.0911429385125,-0.0506295144558,-0.0169118498784,-0.0187652032897,0.0522802213527,0.004915860772,-0.0153039916413
tb,2024,9,False,00-0034855,Baker Mayfield,00-0034855,Baker Mayfield,2024_07_BAL_TB;2024_08_ATL_TB,2024_09_TB_KC;2024_10_SF_TB,2,0.0377358490566,0.0283018867925,0.144862965356,0.140765765766,-0.106406930261,0.103031643279,-0.037780890017,2,0.0845070422535,0.056338028169,0.120750288272,0.164282324225,-0.0669149873139,0.0800001755834,-0.0629379783886,0.0467711931969,0.0280361413766,-0.0241126770838,0.0235165584595,0.0394919429476
tb,2024,10,False,00-0034855,Baker Mayfield,00-0034855,Baker Mayfield,2024_08_ATL_TB;2024_09_TB_KC,2024_10_SF_TB;2024_12_TB_NYG,2,0.0449438202247,0.0224719101124,0.180478027669,0.141980537389,-0.0974038948956,0.0911429385125,-0.0506295144558,2,0.0579710144928,0.0289855072464,0.372300675506,0.183676871598,-0.099609380723,0.0748245493326,-0.0686526722626,0.013027194268,0.00651359713402,0.191822647838,0.0416963342095,-0.00220548582742
tb,2024,16,False,00-0034855,Baker Mayfield,00-0034855,Baker Mayfield,2024_14_LV_TB;2024_15_TB_LAC,2024_16_TB_DAL;2024_17_CAR_TB,2,0.13698630137,0.0684931506849,0.317711732964,0.144088349157,-0.00703426917304,0.0740262594077,-0.0702821097921,2,0.0898876404494,0.0674157303371,0.286813234447,0.145384937907,-0.0556832594091,0.0861546618192,-0.0599008577576,-0.0470986609204,-0.00107742034785,-0.0308984985173,0.0012965887495,-0.048648990236
tb,2024,17,False,00-0034855,Baker Mayfield,00-0034855,Baker Mayfield,2024_15_TB_LAC;2024_16_TB_DAL,2024_17_CAR_TB;2024_18_NO_TB,2,0.0689655172414,0.0574712643678,0.180911017437,0.171552537086,-0.0834649191781,0.0848609529407,-0.0600600290649,2,0.0649350649351,0.038961038961,0.546966520751,0.131979253353,-0.0750202322773,0.0949898118182,-0.0513252057832,-0.00403045230631,-0.0185102254068,0.366055503314,-0.039573283733,0.00844468690075
tb,2025,3,False,00-0034855,Baker Mayfield,00-0034855,Baker Mayfield,2025_01_TB_ATL;2025_02_TB_HOU,2025_03_NYJ_TB;2025_04_PHI_TB,2,0.101123595506,0.0561797752809,0.200412252319,0.119624801457,-0.0344862880874,0.0939427134047,-0.0506994350206,2,0.0357142857143,0.0357142857143,0.137604709641,0.111575388345,-0.0978169795551,0.0967975244441,-0.0435325914801,-0.0654093097913,-0.0204654895666,-0.0628075426776,-0.0080494131119,-0.0633306914677
tb,2025,4,False,00-0034855,Baker Mayfield,00-0034855,Baker Mayfield,2025_02_TB_HOU;2025_03_NYJ_TB,2025_04_PHI_TB;2025_05_TB_SEA,2,0.0898876404494,0.0561797752809,0.215729093227,0.108475959915,-0.0428704757076,0.0986731737074,-0.0433861364803,2,0.0348837209302,0.0348837209302,0.286530518792,0.158140877024,-0.11199467432,0.0797173342472,-0.0606282148798,-0.0550039195192,-0.0212960543507,0.0708014255659,0.0496649171094,-0.0691241986128
tb,2025,5,False,00-0034855,Baker Mayfield,00-0034855,Baker Mayfield,2025_03_NYJ_TB;2025_04_PHI_TB,2025_05_TB_SEA;2025_06_SF_TB,2,0.0357142857143,0.0357142857143,0.137604709641,0.111575388345,-0.0978169795551,0.0967975244441,-0.0435325914801,2,0.0454545454545,0.030303030303,0.615752071321,0.126081345887,-0.0953466519423,0.0677503600743,-0.0730259018562,0.00974025974026,-0.00541125541126,0.47814736168,0.0145059575423,0.00247032761277
tb,2025,6,False,00-0034855,Baker Mayfield,00-0034855,Baker Mayfield,2025_04_PHI_TB;2025_05_TB_SEA,2025_06_SF_TB;2025_07_TB_DET,2,0.0348837209302,0.0348837209302,0.286530518792,0.158140877024,-0.11199467432,0.0797173342472,-0.0606282148798,2,0.109756097561,0.0609756097561,-0.110995852234,0.108088090065,-0.0266659264818,0.0652713006144,-0.0738916683664,0.0748723766307,0.0260918888259,-0.397526371027,-0.0500527869586,0.0853287478386
tb,2025,7,False,00-0034855,Baker Mayfield,00-0034855,Baker Mayfield,2025_05_TB_SEA;2025_06_SF_TB,2025_07_TB_DET;2025_08_TB_NO,2,0.0454545454545,0.030303030303,0.615752071321,0.126081345887,-0.0953466519423,0.0677503600743,-0.0730259018562,2,0.144578313253,0.0843373493976,-0.309708682405,0.136490016008,0.00225151715335,0.0674664651427,-0.0705303460557,0.0991237677985,0.0540343190946,-0.925460753727,0.0104086701211,0.0975981690957
tb,2025,8,False,00-0034855,Baker Mayfield,00-0034855,Baker Mayfield,2025_06_SF_TB;2025_07_TB_DET,2025_08_TB_NO;2025_10_NE_TB,2,0.109756097561,0.0609756097561,-0.110995852234,0.108088090065,-0.0266659264818,0.0652713006144,-0.0738916683664,2,0.121621621622,0.0675675675676,-0.00181872778595,0.112968746464,-0.010141616765,0.0777463613609,-0.0605817595872,0.0118655240606,0.00659195781147,0.109177124448,0.0048806563986,0.0165243097168
tb,2025,10,False,00-0034855,Baker Mayfield,00-0034855,Baker Mayfield,2025_07_TB_DET;2025_08_TB_NO,2025_10_NE_TB;2025_11_TB_BUF,2,0.144578313253,0.0843373493976,-0.309708682405,0.136490016008,0.00225151715335,0.0674664651427,-0.0705303460557,2,0.0987654320988,0.037037037037,0.0264528102671,0.142689026184,-0.0418381611368,0.0857321123642,-0.0517554655998,-0.0458128811542,-0.0473003123606,0.336161492673,0.0061990101755,-0.0440896782901
tb,2025,15,False,00-0034855,Baker Mayfield,00-0034855,Baker Mayfield,2025_13_ARI_TB;2025_14_NO_TB,2025_15_ATL_TB;2025_16_TB_CAR,2,0.0405405405405,0.027027027027,-0.0670229166993,0.124172466474,-0.0963880547945,0.0951160687368,-0.0458694251264,2,0.113924050633,0.0886075949367,0.18292780724,0.134592873787,-0.0270727929033,0.103254935521,-0.0364934522593,0.0733835100924,0.0615805679097,0.249950723939,0.010420407313,0.0693152618912
tb,2025,16,False,00-0034855,Baker Mayfield,00-0034855,Baker Mayfield,2025_14_NO_TB;2025_15_ATL_TB,2025_16_TB_CAR;2025_17_TB_MIA,2,0.105882352941,0.0588235294118,0.0411145964071,0.136708906328,-0.0354422791197,0.0969307860946,-0.0427514654022,2,0.0689655172414,0.0574712643678,0.11768906792,0.135662959186,-0.0730610672973,0.103730854044,-0.0366183192794,-0.0369168356998,-0.00135226504395,0.0765744715133,-0.0010459471425,-0.0376187881777
tb,2025,17,False,00-0034855,Baker Mayfield,00-0034855,Baker Mayfield,2025_15_ATL_TB;2025_16_TB_CAR,2025_17_TB_MIA;2025_18_CAR_TB,2,0.113924050633,0.0886075949367,0.18292780724,0.134592873787,-0.0270727929033,0.103254935521,-0.0364934522593,2,0.0963855421687,0.0602409638554,0.175759226537,0.122738546834,-0.0428383572519,0.0940646528882,-0.0462533639617,-0.0175385084642,-0.0283666310813,-0.0071685807029,-0.0118543269532,-0.0157655643486
ten,2022,5,False,00-0029701,Ryan Tannehill,00-0029701,Ryan Tannehill,2022_03_LV_TEN;2022_04_TEN_IND,2022_05_TEN_WAS;2022_07_IND_TEN,2,0.172413793103,0.0689655172414,0.194471479542,,,,,2,0.357142857143,0.125,0.0413661947386,0.157615014117,,0.168912848158,,0.184729064039,0.0560344827586,-0.153105284803,,
ten,2023,3,False,00-0029701,Ryan Tannehill,00-0029701,Ryan Tannehill,2023_01_TEN_NO;2023_02_LAC_TEN,2023_03_TEN_CLE;2023_04_CIN_TEN,2,0.216216216216,0.108108108108,-0.0639815155796,0.128019687319,0.0764017733585,0.210536739949,0.0710744890632,2,0.242424242424,0.121212121212,0.0275246960015,0.15154726579,0.0953278998838,0.220537384502,0.0822030739324,0.026208026208,0.013104013104,0.0915062115811,0.0235275784715,0.0189261265253
ten,2023,4,False,00-0029701,Ryan Tannehill,00-0029701,Ryan Tannehill,2023_02_LAC_TEN;2023_03_TEN_CLE,2023_04_CIN_TEN;2023_05_TEN_IND,2,0.222222222222,0.15873015873,-0.102583715408,0.127792207792,0.0834359636403,0.218211030232,0.0791210746647,2,0.222222222222,0.0555555555556,0.323639264502,0.153982330725,0.0733511563696,0.22364466883,0.0838615889386,0,-0.103174603175,0.42622297991,0.0261901229335,-0.0100848072707
ten,2023,10,False,00-0039152,Will Levis,00-0039152,Will Levis,2023_08_ATL_TEN;2023_09_TEN_PIT,2023_10_TEN_TB;2023_11_TEN_JAX,2,0.256097560976,0.0731707317073,0.0546037582323,0.167825445224,0.102392738717,0.246622425193,0.101256464005,2,0.260869565217,0.0869565217391,-0.0530311749193,0.129329417447,0.122443048662,0.242452207568,0.0956734562517,0.00477200424178,0.0137857900318,-0.107634933152,-0.0384960277765,0.0200503099454
ten,2023,11,False,00-0039152,Will Levis,00-0039152,Will Levis,2023_09_TEN_PIT;2023_10_TEN_TB,2023_11_TEN_JAX;2023_12_CAR_TEN,2,0.242105263158,0.0842105263158,-0.0922616782565,0.144292543183,0.0965769892084,0.245402745402,0.0985869664517,2,0.18,0.06,0.0968835864594,0.134419097828,0.0384218994433,0.24792358804,0.10124364186,-0.0621052631579,-0.0242105263158,0.189145264716,-0.009873445356,-0.0581550897651
ten,2023,12,False,00-0039152,Will Levis,00-0039152,Will Levis,2023_10_TEN_TB;2023_11_TEN_JAX,2023_12_CAR_TEN;2023_13_IND_TEN,2,0.260869565217,0.0869565217391,-0.0530311749193,0.129329417447,0.122443048662,0.242452207568,0.0956734562517,2,0.180555555556,0.0972222222222,0.0382316788028,0.154528108711,0.0307170469368,0.244791666666,0.097703626294,-0.0803140096618,0.0102657004831,0.0912628537221,0.0251986912645,-0.0917260017252
ten,2023,13,False,00-0039152,Will Levis,00-0039152,Will Levis,2023_11_TEN_JAX;2023_12_CAR_TEN,2023_13_IND_TEN;2023_14_TEN_MIA,2,0.18,0.06,0.0968835864594,0.134419097828,0.0384218994433,0.24792358804,0.10124364186,2,0.197674418605,0.0813953488372,0.159920998407,0.191752373418,0.0381488867887,0.237241331096,0.0898233656242,0.0176744186047,0.0213953488372,0.0630374119475,0.05733327559,-0.000273012654598
ten,2023,14,False,00-0039152,Will Levis,00-0039152,Will Levis,2023_12_CAR_TEN;2023_13_IND_TEN,2023_14_TEN_MIA;2023_15_HOU_TEN,2,0.180555555556,0.0972222222222,0.0382316788028,0.154528108711,0.0307170469368,0.244791666666,0.097703626294,2,0.24358974359,0.102564102564,0.0842660781471,0.1815625,0.0864870671051,0.233343704165,0.0843640984228,0.0630341880342,0.00534188034188,0.0460343993442,0.0270343912885,0.0557700201683
ten,2024,12,False,00-0039152,Will Levis,00-0039152,Will Levis,2024_10_TEN_LAC;2024_11_MIN_TEN,2024_12_TEN_HOU;2024_13_TEN_WAS,2,0.24,0.16,0.0312560374525,0.140071806997,0.0958596654646,0.178394625177,0.0305946728612,2,0.230769230769,0.128205128205,0.0808998111862,0.151865268652,0.0838880314356,0.184046345811,0.0371693549975,-0.00923076923077,-0.0317948717949,0.0496437737337,0.0117934616555,-0.011971634029
ten,2024,13,False,00-0039152,Will Levis,00-0039152,Will Levis,2024_11_MIN_TEN;2024_12_TEN_HOU,2024_13_TEN_WAS;2024_14_JAX_TEN,2,0.233766233766,0.168831168831,0.0226879479333,0.157378932485,0.0847477965338,0.182246165793,0.0350902310884,2,0.155844155844,0.0519480519481,-0.0531962078845,0.118855633001,0.018014363316,0.186147186147,0.0404608134252,-0.0779220779221,-0.116883116883,-0.0758841558178,-0.0385232994843,-0.0667334332178
ten,2025,3,False,00-0040676,Cam Ward,00-0040676,Cam Ward,2025_01_TEN_DEN;2025_02_LA_TEN,2025_03_IND_TEN;2025_04_TEN_HOU,2,0.278481012658,0.139240506329,-0.28160403388,0.142817855719,0.137732044659,0.168654365436,0.0272421287672,2,0.168674698795,0.0722891566265,-0.290272271866,0.106242804814,0.0378770256642,0.165672550213,0.0280914461062,-0.109806313863,-0.0669513497026,-0.00866823798652,-0.0365750509053,-0.0998550189947
ten,2025,4,False,00-0040676,Cam Ward,00-0040676,Cam Ward,2025_02_LA_TEN;2025_03_IND_TEN,2025_04_TEN_HOU;2025_05_TEN_ARI,2,0.161290322581,0.0967741935484,-0.169923348057,0.092396650968,0.0343863653431,0.174592781858,0.0342081526328,2,0.142857142857,0.0519480519481,-0.17122760445,0.106923076923,0.0120200261996,0.167213995701,0.0305663601466,-0.0184331797235,-0.0448261416003,-0.00130425639349,0.014526425955,-0.0223663391435
ten,2025,5,False,00-0040676,Cam Ward,00-0040676,Cam Ward,2025_03_IND_TEN;2025_04_TEN_HOU,2025_05_TEN_ARI;2025_06_TEN_LV,2,0.168674698795,0.0722891566265,-0.290272271866,0.106242804814,0.0378770256642,0.165672550213,0.0280914461062,2,0.134831460674,0.0898876404494,-0.0995583294109,0.102959501557,0.00532292109644,0.17246835443,0.036884605688,-0.033843238121,0.0175984838229,0.190713942455,-0.00328330325665,-0.0325541045677
ten,2025,6,False,00-0040676,Cam Ward,00-0040676,Cam Ward,2025_04_TEN_HOU;2025_05_TEN_ARI,2025_06_TEN_LV;2025_07_NE_TEN,2,0.142857142857,0.0519480519481,-0.17122760445,0.106923076923,0.0120200261996,0.167213995701,0.0305663601466,2,0.152941176471,0.129411764706,-0.26193520468,0.112170027874,0.0207088394984,0.175226319708,0.0418749662107,0.0100840336134,0.0774637127578,-0.0907076002297,0.0052469509505,0.00868881329884
ten,2025,7,False,00-0040676,Cam Ward,00-0040676,Cam Ward,2025_05_TEN_ARI;2025_06_TEN_LV,2025_07_NE_TEN;2025_08_TEN_IND,2,0.134831460674,0.0898876404494,-0.0995583294109,0.102959501557,0.00532292109644,0.17246835443,0.036884605688,2,0.139534883721,0.104651162791,-0.185891165893,0.140477743947,-0.00299461727925,0.179845393535,0.0467189138238,0.00470342304677,0.0147635223413,-0.0863328364824,0.0375182423895,-0.00831753837569
ten,2025,8,False,00-0040676,Cam Ward,00-0040676,Cam Ward,2025_06_TEN_LV;2025_07_NE_TEN,2025_08_TEN_IND;2025_09_LAC_TEN,2,0.152941176471,0.129411764706,-0.26193520468,0.112170027874,0.0207088394984,0.175226319708,0.0418749662107,2,0.164383561644,0.109589041096,-0.101881035637,0.151330911899,0.0176880945527,0.179082883315,0.0443373400806,0.0114423851732,-0.01982272361,0.160054169043,0.039160884025,-0.00302074494573
ten,2025,9,False,00-0040676,Cam Ward,00-0040676,Cam Ward,2025_07_NE_TEN;2025_08_TEN_IND,2025_09_LAC_TEN;2025_11_HOU_TEN,2,0.139534883721,0.104651162791,-0.185891165893,0.140477743947,-0.00299461727925,0.179845393535,0.0467189138238,2,0.152777777778,0.0972222222222,-0.02125760396,0.137276809022,0.0119812670211,0.166764673952,0.0320662575718,0.0132428940568,-0.00742894056848,0.164633561933,-0.0032009349255,0.0149758843004
ten,2025,11,False,00-0040676,Cam Ward,00-0040676,Cam Ward,2025_08_TEN_IND;2025_09_LAC_TEN,2025_11_HOU_TEN;2025_12_SEA_TEN,2,0.164383561644,0.109589041096,-0.101881035637,0.151330911899,0.0176880945527,0.179082883315,0.0443373400806,2,0.17,0.07,0.0696200500417,0.148114971518,0.0248920896148,0.151986326682,0.0173353836886,0.00561643835616,-0.0395890410959,0.171501085678,-0.0032159403805,0.0072039950621
ten,2025,12,False,00-0040676,Cam Ward,00-0040676,Cam Ward,2025_09_LAC_TEN;2025_11_HOU_TEN,2025_12_SEA_TEN;2025_13_JAX_TEN,2,0.152777777778,0.0972222222222,-0.02125760396,0.137276809022,0.0119812670211,0.166764673952,0.0320662575718,2,0.158415841584,0.0693069306931,-0.161751740098,0.141465237045,0.0153709287174,0.153346901855,0.0160490447605,0.00563806380638,-0.0279152915292,-0.140494136138,0.004188428024,0.00338966169633
ten,2025,13,False,00-0040676,Cam Ward,00-0040676,Cam Ward,2025_11_HOU_TEN;2025_12_SEA_TEN,2025_13_JAX_TEN;2025_14_TEN_CLE,2,0.17,0.07,0.0696200500417,0.148114971518,0.0248920896148,0.151986326682,0.0173353836886,2,0.131578947368,0.0526315789474,-0.41211474007,0.166365428063,-0.0160390557455,0.152380339681,0.0134317235778,-0.0384210526316,-0.0173684210526,-0.481734790112,0.018250456545,-0.0409311453603
ten,2025,14,False,00-0040676,Cam Ward,00-0040676,Cam Ward,2025_12_SEA_TEN;2025_13_JAX_TEN,2025_14_TEN_CLE;2025_15_TEN_SF,2,0.158415841584,0.0693069306931,-0.161751740098,0.141465237045,0.0153709287174,0.153346901855,0.0160490447605,2,0.131147540984,0.016393442623,-0.121618350917,0.155646284542,-0.015893870338,0.151120173446,0.0102502743783,-0.0272683006006,-0.0529134880701,0.0401333891805,0.0141810474961,-0.0312647990554
ten,2025,15,False,00-0040676,Cam Ward,00-0040676,Cam Ward,2025_13_JAX_TEN;2025_14_TEN_CLE,2025_15_TEN_SF;2025_16_KC_TEN,2,0.131578947368,0.0526315789474,-0.41211474007,0.166365428063,-0.0160390557455,0.152380339681,0.0134317235778,2,0.126984126984,0.031746031746,0.166611910123,0.139632969155,-0.0155431391059,0.151281811377,0.00832597620104,-0.00459482038429,-0.0208855472013,0.578726650193,-0.0267324589084,0.00049591663957
ten,2025,16,False,00-0040676,Cam Ward,00-0040676,Cam Ward,2025_14_TEN_CLE;2025_15_TEN_SF,2025_16_KC_TEN;2025_17_NO_TEN,2,0.131147540984,0.016393442623,-0.121618350917,0.155646284542,-0.015893870338,0.151120173446,0.0102502743783,2,0.164556962025,0.0759493670886,0.053425206159,0.15252637498,0.0196802090954,0.14875801282,0.0043919942574,0.0334094210417,0.0595559244657,0.175043557076,-0.0031199095616,0.0355740794333
wsh,2022,3,False,00-0032950,Carson Wentz,00-0032950,Carson Wentz,2022_01_JAX_WAS;2022_02_WAS_DET,2022_03_PHI_WAS;2022_04_WAS_DAL,2,0.145631067961,0.0582524271845,0.165850194206,,,,,2,0.269230769231,0.105769230769,-0.334507704331,,,,,0.12359970127,0.0475168035848,-0.500357898536,,
wsh,2022,4,False,00-0032950,Carson Wentz,00-0032950,Carson Wentz,2022_02_WAS_DET;2022_03_PHI_WAS,2022_04_WAS_DAL;2022_05_TEN_WAS,2,0.254545454545,0.127272727273,-0.109493138259,,,,,2,0.191489361702,0.0531914893617,-0.161862856708,0.123529411765,,0.207729468599,,-0.0630560928433,-0.074081237911,-0.0523697184484,,
wsh,2022,5,False,00-0032950,Carson Wentz,00-0032950,Carson Wentz,2022_03_PHI_WAS;2022_04_WAS_DAL,2022_05_TEN_WAS;2022_06_WAS_CHI,2,0.269230769231,0.105769230769,-0.334507704331,,,,,2,0.135135135135,0.0810810810811,-0.0351983692176,0.108007480449,,0.20228993115,,-0.134095634096,-0.0246881496881,0.299309335113,,
wsh,2022,9,False,00-0031800,Taylor Heinicke,00-0031800,Taylor Heinicke,2022_07_GB_WAS;2022_08_WAS_IND,2022_09_MIN_WAS;2022_10_WAS_PHI,2,0.22972972973,0.0405405405405,0.0178452449596,0.1541763183,0.0752285919234,0.192097847929,,2,0.159420289855,0.0869565217391,-0.09856306013,0.139052208537,0.0216665702038,0.205629672463,,-0.0703094398747,0.0464159811986,-0.11640830509,-0.015124109763,-0.0535620217195
wsh,2022,10,False,00-0031800,Taylor Heinicke,00-0031800,Taylor Heinicke,2022_08_WAS_IND;2022_09_MIN_WAS,2022_10_WAS_PHI;2022_11_WAS_HOU,2,0.202702702703,0.0675675675676,-0.097242990075,0.134859043396,0.0687480384421,0.196383347403,,2,0.161290322581,0.0483870967742,0.0583003770237,0.14632941409,0.0205702175467,0.209841861485,,-0.0414123801221,-0.0191804707934,0.155543367099,0.0114703706935,-0.0481778208954
wsh,2022,11,False,00-0031800,Taylor Heinicke,00-0031800,Taylor Heinicke,2022_09_MIN_WAS;2022_10_WAS_PHI,2022_11_WAS_HOU;2022_12_ATL_WAS,2,0.159420289855,0.0869565217391,-0.09856306013,0.139052208537,0.0216665702038,0.205629672463,,2,0.150943396226,0,0.0480240020725,0.120049108573,0.0166943297508,0.196660393608,0.0467846200928,-0.00847689362866,-0.0869565217391,0.146587062202,-0.0190030999635,-0.00497224045299
wsh,2022,12,False,00-0031800,Taylor Heinicke,00-0031800,Taylor Heinicke,2022_10_WAS_PHI;2022_11_WAS_HOU,2022_12_ATL_WAS;2022_13_WAS_NYG,2,0.161290322581,0.0483870967742,0.0583003770237,0.14632941409,0.0205702175467,0.209841861485,,2,0.166666666667,0.0694444444444,0.0310234086888,0.13547849579,0.0221984638184,0.179041840475,0.0397625579025,0.00537634408602,0.0210573476703,-0.0272769683349,-0.0108509182995,0.00162824627166
wsh,2022,13,False,00-0031800,Taylor Heinicke,00-0031800,Taylor Heinicke,2022_11_WAS_HOU;2022_12_ATL_WAS,2022_13_WAS_NYG;2022_15_NYG_WAS,2,0.150943396226,0,0.0480240020725,0.120049108573,0.0166943297508,0.196660393608,0.0467846200928,2,0.21686746988,0.0963855421687,-0.0822060283471,0.166949421592,0.0661797679441,0.175591089244,0.0355072616242,0.0659240736531,0.0963855421687,-0.13023003042,0.0469003130195,0.0494854381932
wsh,2023,3,False,00-0037077,Sam Howell,00-0037077,Sam Howell,2023_01_ARI_WAS;2023_02_WAS_DEN,2023_03_BUF_WAS;2023_04_WAS_PHI,2,0.145833333333,0.104166666667,0.0472631999385,0.13054239296,0.00703033759835,0.175186567164,0.0316505362668,2,0.252631578947,0.147368421053,-0.159788367478,0.16982920318,0.0982226944262,0.184750565717,0.0423883262041,0.106798245614,0.043201754386,-0.207051567416,0.0392868102196,0.0911923568279
wsh,2023,4,False,00-0037077,Sam Howell,00-0037077,Sam Howell,2023_02_WAS_DEN;2023_03_BUF_WAS,2023_04_WAS_PHI;2023_05_CHI_WAS,2,0.25,0.141304347826,-0.184710973068,0.116922431685,0.116710867617,0.171937086092,0.0288124719627,2,0.172413793103,0.0862068965517,0.116220196236,0.137992535076,0.0298793526537,0.197236556547,0.053326785554,-0.0775862068966,-0.0550974512744,0.300931169305,0.0210701033903,-0.0868315149638
wsh,2023,5,False,00-0037077,Sam Howell,00-0037077,Sam Howell,2023_03_BUF_WAS;2023_04_WAS_PHI,2023_05_CHI_WAS;2023_06_WAS_ATL,2,0.252631578947,0.147368421053,-0.159788367478,0.16982920318,0.0982226944262,0.184750565717,0.0423883262041,2,0.228260869565,0.108695652174,-0.0113400487051,0.11174800809,0.0962665021645,0.190673076923,0.0477431702276,-0.0243707093822,-0.0386727688787,0.148448318773,-0.0580811950899,-0.00195619226173
wsh,2023,6,False,00-0037077,Sam Howell,00-0037077,Sam Howell,2023_04_WAS_PHI;2023_05_CHI_WAS,2023_06_WAS_ATL;2023_07_WAS_NYG,2,0.172413793103,0.0862068965517,0.116220196236,0.137992535076,0.0298793526537,0.197236556547,0.053326785554,2,0.275,0.1375,-0.168696676545,0.124214553562,0.137831632838,0.194040697674,0.0530139151411,0.102586206897,0.0512931034483,-0.284916872781,-0.0137779815132,0.107952280184
wsh,2023,7,False,00-0037077,Sam Howell,00-0037077,Sam Howell,2023_05_CHI_WAS;2023_06_WAS_ATL,2023_07_WAS_NYG;2023_08_PHI_WAS,2,0.228260869565,0.108695652174,-0.0113400487051,0.11174800809,0.0962665021645,0.190673076923,0.0477431702276,2,0.168224299065,0.0654205607477,-0.071096173161,0.141921706744,0.0231331921205,0.204168814018,0.0632501610311,-0.0600365704998,-0.0432750914262,-0.0597561244559,0.0301736986549,-0.073133310044
wsh,2023,8,False,00-0037077,Sam Howell,00-0037077,Sam Howell,2023_06_WAS_ATL;2023_07_WAS_NYG,2023_08_PHI_WAS;2023_09_WAS_NE,2,0.275,0.1375,-0.168696676545,0.124214553562,0.137831632838,0.194040697674,0.0530139151411,2,0.110091743119,0.0366972477064,0.12022014009,0.140787344019,-0.0343499407284,0.202596065062,0.060856550851,-0.164908256881,-0.100802752294,0.288916816635,0.016572790457,-0.172181573566
wsh,2023,9,False,00-0037077,Sam Howell,00-0037077,Sam Howell,2023_07_WAS_NYG;2023_08_PHI_WAS,2023_09_WAS_NE;2023_10_WAS_SEA,2,0.168224299065,0.0654205607477,-0.071096173161,0.141921706744,0.0231331921205,0.204168814018,0.0632501610311,2,0.121212121212,0.0606060606061,0.199324098435,0.128217511617,-0.0179453646327,0.195695278693,0.0544163939427,-0.0470121778533,-0.0048145001416,0.270420271596,-0.0137041951275,-0.0410785567533
wsh,2023,10,False,00-0037077,Sam Howell,00-0037077,Sam Howell,2023_08_PHI_WAS;2023_09_WAS_NE,2023_10_WAS_SEA;2023_11_NYG_WAS,2,0.110091743119,0.0366972477064,0.12022014009,0.140787344019,-0.0343499407284,0.202596065062,0.060856550851,2,0.117647058824,0.0686274509804,0.0639362834014,0.139110724425,-0.0251066655473,0.192397177303,0.0510886067614,0.00755531570426,0.031930203274,-0.0562838566891,-0.0016766195945,0.00924327518112
wsh,2023,11,False,00-0037077,Sam Howell,00-0037077,Sam Howell,2023_09_WAS_NE;2023_10_WAS_SEA,2023_11_NYG_WAS;2023_12_WAS_DAL,2,0.121212121212,0.0606060606061,0.199324098435,0.128217511617,-0.0179453646327,0.195695278693,0.0544163939427,2,0.130841121495,0.0747663551402,-0.14387165066,0.135673921557,-0.0110444211825,0.176500928409,0.0340867842421,0.00962900028321,0.0141602945341,-0.343195749096,0.0074564099405,0.00690094345026
wsh,2023,12,False,00-0037077,Sam Howell,00-0037077,Sam Howell,2023_10_WAS_SEA;2023_11_NYG_WAS,2023_12_WAS_DAL;2023_13_MIA_WAS,2,0.117647058824,0.0686274509804,0.0639362834014,0.139110724425,-0.0251066655473,0.192397177303,0.0510886067614,2,0.20987654321,0.0864197530864,-0.25672550919,0.165279151117,0.0599691096067,0.161327994661,0.0203959311429,0.0922294843863,0.017792302106,-0.320661792591,0.026168426692,0.085075775154
wsh,2024,3,False,00-0039910,Jayden Daniels,00-0039910,Jayden Daniels,2024_01_WAS_TB;2024_02_NYG_WAS,2024_03_WAS_CIN;2024_04_WAS_ARI,2,0.118421052632,0.0921052631579,0.257296122231,0.106544811321,-0.0131362119323,0.14717620482,-0.000643652738075,2,0.0735294117647,0.0294117647059,0.57821040895,0.13333428068,-0.0662005035132,0.152501610973,0.00529308732641,-0.0448916408669,-0.062693498452,0.320914286719,0.0267894693589,-0.0530642915809
wsh,2024,10,False,00-0039910,Jayden Daniels,00-0039910,Jayden Daniels,2024_08_CHI_WAS;2024_09_WAS_NYG,2024_10_PIT_WAS;2024_11_WAS_PHI,2,0.12,0.0266666666667,0.332781777687,0.1894860684,-0.0383624412362,0.117721876767,-0.0230736951002,2,0.109756097561,0.0731707317073,-0.0325828776224,0.163418516606,-0.0413555965766,0.116161616162,-0.0306102157314,-0.010243902439,0.0465040650407,-0.365364655309,-0.026067551794,-0.00299315534033
wsh,2024,11,False,00-0039910,Jayden Daniels,00-0039910,Jayden Daniels,2024_09_WAS_NYG;2024_10_PIT_WAS,2024_11_WAS_PHI;2024_12_DAL_WAS,2,0.117647058824,0.0441176470588,0.124992891242,0.197400772743,-0.0441860328116,0.116299608103,-0.026876974559,2,0.129411764706,0.0823529411765,-0.0635812396216,0.135603898274,-0.0124252438309,0.110810485811,-0.0369352707771,0.0117647058824,0.0382352941176,-0.188574130864,-0.0617968744685,0.0317607889807
wsh,2024,12,False,00-0039910,Jayden Daniels,00-0039910,Jayden Daniels,2024_10_PIT_WAS;2024_11_WAS_PHI,2024_12_DAL_WAS;2024_13_TEN_WAS,2,0.109756097561,0.0731707317073,-0.0325828776224,0.163418516606,-0.0413555965766,0.116161616162,-0.0306102157314,2,0.116279069767,0.0697674418605,0.0395021554449,0.128274031357,-0.0232156929937,0.117265696088,-0.0305318967823,0.00652297220647,-0.00340328984685,0.0720850330673,-0.0351444852485,0.0181399035829
wsh,2024,13,False,00-0039910,Jayden Daniels,00-0039910,Jayden Daniels,2024_11_WAS_PHI;2024_12_DAL_WAS,2024_13_TEN_WAS;2024_15_WAS_NO,2,0.129411764706,0.0823529411765,-0.0635812396216,0.135603898274,-0.0124252438309,0.110810485811,-0.0369352707771,2,0.0888888888889,0.111111111111,0.183470842764,0.132626336575,-0.0521437458333,0.123255396043,-0.0248755523535,-0.040522875817,0.0287581699346,0.247052082385,-0.0029775617,-0.0397185020024
wsh,2024,15,False,00-0039910,Jayden Daniels,00-0039910,Jayden Daniels,2024_12_DAL_WAS;2024_13_TEN_WAS,2024_15_WAS_NO;2024_16_PHI_WAS,2,0.116279069767,0.0697674418605,0.0395021554449,0.128274031357,-0.0232156929937,0.117265696088,-0.0305318967823,2,0.0842105263158,0.0947368421053,0.153111845993,0.14137138886,-0.059210251339,0.115288682706,-0.0318302073001,-0.0320685434517,0.0249694002448,0.113609690548,0.013097357502,-0.0359945583453
wsh,2024,16,False,00-0039910,Jayden Daniels,00-0039910,Jayden Daniels,2024_13_TEN_WAS;2024_15_WAS_NO,2024_16_PHI_WAS;2024_17_ATL_WAS,2,0.0888888888889,0.111111111111,0.183470842764,0.132626336575,-0.0521437458333,0.123255396043,-0.0248755523535,2,0.0714285714286,0.0612244897959,0.211644568705,0.131518011549,-0.0683562530506,0.108981992049,-0.0380346061707,-0.0174603174603,-0.0498866213152,0.0281737259413,-0.001108325026,-0.0162125072174
