dt,team,player_name,espn_id,gsis_id,pos_grp_id,pos_grp,pos_id,pos_name,pos_abb,pos_slot,pos_rank
2026-03-14T07:32:09Z,ARI,Josh Sweat,3693166,00-0034381,16,Base 4-3 D,11,Left Defensive End,LDE,1,1
2026-03-14T07:32:09Z,ARI,Roy Lopez,4040805,00-0036568,16,Base 4-3 D,24,Left Defensive Tackle,LDT,2,1
2026-03-14T07:32:09Z,ARI,Walter Nolen III,4685503,00-0040706,16,Base 4-3 D,25,Right Defensive Tackle,RDT,3,1
2026-03-14T07:32:09Z,ARI,Darius Robinson,4569480,00-0039854,16,Base 4-3 D,13,Right Defensive End,RDE,4,1
2026-03-14T07:32:09Z,ARI,Cody Simon,4429071,00-0040645,16,Base 4-3 D,26,Weakside Linebacker,WLB,5,1
2026-03-14T07:32:09Z,ARI,Mack Wilson Sr.,4040983,00-0035144,16,Base 4-3 D,27,Middle Linebacker,MLB,6,1
2026-03-14T07:32:09Z,ARI,Zaven Collins,4244606,00-0036933,16,Base 4-3 D,28,Strongside Linebacker,SLB,7,1
2026-03-14T07:32:09Z,ARI,Will Johnson,4685408,00-0040751,16,Base 4-3 D,18,Left Cornerback,LCB,8,1
2026-03-14T07:32:09Z,ARI,Dadrion Taylor-Demerson,4428633,00-0039864,16,Base 4-3 D,20,Strong Safety,SS,9,1
2026-03-14T07:32:09Z,ARI,Budda Baker,3127287,00-0033890,16,Base 4-3 D,21,Free Safety,FS,10,1
2026-03-14T07:32:09Z,ARI,Denzel Burke,4432668,00-0040195,16,Base 4-3 D,19,Right Cornerback,RCB,11,1
2026-03-14T07:32:09Z,ARI,Garrett Williams,4568506,00-0039007,16,Base 4-3 D,34,Nickel Back,NB,12,1
2026-03-14T07:32:09Z,ARI,Jordan Burch,4428996,00-0040137,16,Base 4-3 D,11,Left Defensive End,LDE,1,2
2026-03-14T07:32:09Z,ARI,PJ Mustipher,4361421,00-0038795,16,Base 4-3 D,24,Left Defensive Tackle,LDT,2,2
2026-03-14T07:32:09Z,ARI,L.J. Collier,3116449,00-0035636,16,Base 4-3 D,25,Right Defensive Tackle,RDT,3,2
2026-03-14T07:32:09Z,ARI,Dante Stills,4362225,00-0038623,16,Base 4-3 D,13,Right Defensive End,RDE,4,2
2026-03-14T07:32:09Z,ARI,Owen Pappoe,4567219,00-0038600,16,Base 4-3 D,26,Weakside Linebacker,WLB,5,2
2026-03-14T07:32:09Z,ARI,Austin Keys,4429185,00-0040501,16,Base 4-3 D,27,Middle Linebacker,MLB,6,2
2026-03-14T07:32:09Z,ARI,Baron Browning,4241987,00-0036995,16,Base 4-3 D,28,Strongside Linebacker,SLB,7,2
2026-03-14T07:32:09Z,ARI,Sean Murphy-Bunting,3932886,00-0035239,16,Base 4-3 D,18,Left Cornerback,LCB,8,2
2026-03-14T07:32:09Z,ARI,Kitan Crawford,4430821,00-0040230,16,Base 4-3 D,20,Strong Safety,SS,9,2
2026-03-14T07:32:09Z,ARI,Andrew Wingard,3918331,00-0035378,16,Base 4-3 D,21,Free Safety,FS,10,2
2026-03-14T07:32:09Z,ARI,Starling Thomas V,4363408,00-0038663,16,Base 4-3 D,19,Right Cornerback,RCB,11,2
2026-03-14T07:32:09Z,ARI,Kei'Trel Clark,4426923,00-0038984,16,Base 4-3 D,34,Nickel Back,NB,12,2
2026-03-14T07:32:09Z,ARI,Jonah Williams,4032481,00-0035944,16,Base 4-3 D,11,Left Defensive End,LDE,1,3
2026-03-14T07:32:09Z,ARI,Zachary Carter,4240619,00-0037804,16,Base 4-3 D,24,Left Defensive Tackle,LDT,2,3
2026-03-14T07:32:09Z,ARI,BJ Ojulari,4429111,00-0039155,16,Base 4-3 D,28,Strongside Linebacker,SLB,7,3
2026-03-14T07:32:09Z,ARI,Elijah Jones,4360203,00-0039823,16,Base 4-3 D,18,Left Cornerback,LCB,8,3
2026-03-14T07:32:09Z,ARI,Joey Blount,4240824,00-0037141,16,Base 4-3 D,21,Free Safety,FS,10,3
2026-03-14T07:32:09Z,ARI,Max Melton,4698113,00-0039807,16,Base 4-3 D,19,Right Cornerback,RCB,11,3
2026-03-14T07:32:09Z,ARI,Jaden Davis,4426435,00-0039416,16,Base 4-3 D,34,Nickel Back,NB,12,3
2026-03-14T07:32:09Z,ARI,Eku Leota,4361272,00-0038782,16,Base 4-3 D,11,Left Defensive End,LDE,1,4
2026-03-14T07:32:09Z,ARI,Elliott Brown,4240826,00-0039956,16,Base 4-3 D,28,Strongside Linebacker,SLB,7,4
2026-03-14T07:32:09Z,ARI,Kalen King,4431433,00-0039239,16,Base 4-3 D,34,Nickel Back,NB,12,4
2026-03-14T07:32:09Z,ARI,Chad Ryland,4363538,00-0038567,18,Special Teams,22,Place kicker,PK,1,1
2026-03-14T07:32:09Z,ARI,Blake Gillikin,4045180,00-0035859,18,Special Teams,23,Punter,P,2,1
2026-03-14T07:32:09Z,ARI,Blake Gillikin,4045180,00-0035859,18,Special Teams,79,Holder,H,3,1
2026-03-14T07:32:09Z,ARI,Ihmir Smith-Marsette,4240573,00-0036635,18,Special Teams,76,Punt Returner,PR,4,1
2026-03-14T07:32:09Z,ARI,Bam Knight,4427728,00-0037157,18,Special Teams,77,Kick Returner,KR,5,1
2026-03-14T07:32:09Z,ARI,Casey Kreiter,17304,00-0030957,18,Special Teams,39,Long Snapper,LS,6,1
2026-03-14T07:32:09Z,ARI,Joshua Karty,4566192,00-0039750,18,Special Teams,22,Place kicker,PK,1,2
2026-03-14T07:32:09Z,ARI,Jalen Brooks,4692835,00-0038640,18,Special Teams,77,Kick Returner,KR,5,2
2026-03-14T07:32:09Z,ARI,Andre Baccellia,3886809,00-0035876,18,Special Teams,77,Kick Returner,KR,5,3
2026-03-14T07:32:09Z,ARI,Ihmir Smith-Marsette,4240573,00-0036635,18,Special Teams,77,Kick Returner,KR,5,4
2026-03-14T07:32:09Z,ARI,Marvin Harrison Jr.,4432708,00-0039849,21,3WR 1TE,1,Wide Receiver,WR,1,1
2026-03-14T07:32:09Z,ARI,Paris Johnson Jr.,4428991,00-0038540,21,3WR 1TE,2,Left Tackle,LT,3,1
2026-03-14T07:32:09Z,ARI,Isaac Seumalo,2978247,00-0032954,21,3WR 1TE,3,Left Guard,LG,4,1
2026-03-14T07:32:09Z,ARI,Hjalte Froholdt,3886633,00-0035258,21,3WR 1TE,4,Center,C,5,1
2026-03-14T07:32:09Z,ARI,Isaiah Adams,5084939,00-0039808,21,3WR 1TE,5,Right Guard,RG,6,1
2026-03-14T07:32:09Z,ARI,Elijah Wilkinson,3059839,00-0033676,21,3WR 1TE,6,Right Tackle,RT,7,1
2026-03-14T07:32:09Z,ARI,Jacoby Brissett,2578570,00-0033119,21,3WR 1TE,8,Quarterback,QB,9,1
2026-03-14T07:32:09Z,ARI,Trey McBride,4361307,00-0037744,21,3WR 1TE,7,Tight End,TE,10,1
2026-03-14T07:32:09Z,ARI,James Conner,3045147,00-0033553,21,3WR 1TE,9,Running Back,RB,11,1
2026-03-14T07:32:09Z,ARI,Michael Wilson,4360761,00-0038559,21,3WR 1TE,1,Wide Receiver,WR,2,2
2026-03-14T07:32:09Z,ARI,Demontrey Jacobs,4250935,00-0038792,21,3WR 1TE,2,Left Tackle,LT,3,2
2026-03-14T07:32:09Z,ARI,Jon Gaines II,4367199,00-0038571,21,3WR 1TE,3,Left Guard,LG,4,2
2026-03-14T07:32:09Z,ARI,Matt Pryor,3055886,00-0034417,21,3WR 1TE,5,Right Guard,RG,6,2
2026-03-14T07:32:09Z,ARI,Josh Fryar,4429782,00-0040382,21,3WR 1TE,6,Right Tackle,RT,7,2
2026-03-14T07:32:09Z,ARI,Gardner Minshew,4038524,00-0035289,21,3WR 1TE,8,Quarterback,QB,9,2
2026-03-14T07:32:09Z,ARI,Tip Reiman,4696700,00-0039737,21,3WR 1TE,7,Tight End,TE,10,2
2026-03-14T07:32:09Z,ARI,Tyler Allgeier,4373626,00-0037263,21,3WR 1TE,9,Running Back,RB,11,2
2026-03-14T07:32:09Z,ARI,Kendrick Bourne,3045523,00-0033307,21,3WR 1TE,1,Wide Receiver,WR,8,3
2026-03-14T07:32:09Z,ARI,Valentin Senn,4428458,00-0040765,21,3WR 1TE,2,Left Tackle,LT,3,3
2026-03-14T07:32:09Z,ARI,Hayden Conner,4431214,00-0040219,21,3WR 1TE,3,Left Guard,LG,4,3
2026-03-14T07:32:09Z,ARI,Christian Jones,4362103,00-0039382,21,3WR 1TE,6,Right Tackle,RT,7,3
2026-03-14T07:32:09Z,ARI,Kedon Slovis,4428512,00-0039577,21,3WR 1TE,8,Quarterback,QB,9,3
2026-03-14T07:32:09Z,ARI,Elijah Higgins,4426844,00-0039041,21,3WR 1TE,7,Tight End,TE,10,3
2026-03-14T07:32:09Z,ARI,Trey Benson,4429275,00-0039921,21,3WR 1TE,9,Running Back,RB,11,3
2026-03-14T07:32:09Z,ARI,Xavier Weaver,4428811,00-0039521,21,3WR 1TE,1,Wide Receiver,WR,1,4
2026-03-14T07:32:09Z,ARI,Rivaldo Fairweather,4605858,00-0040046,21,3WR 1TE,7,Tight End,TE,10,4
2026-03-14T07:32:09Z,ARI,Bam Knight,4427728,00-0037157,21,3WR 1TE,9,Running Back,RB,11,4
2026-03-14T07:32:09Z,ARI,Andre Baccellia,3886809,00-0035876,21,3WR 1TE,1,Wide Receiver,WR,2,5
2026-03-14T07:32:09Z,ARI,Corey Kiner,4431431,00-0040556,21,3WR 1TE,9,Running Back,RB,11,5
2026-03-14T07:32:09Z,ARI,Simi Fehoko,4360739,00-0036646,21,3WR 1TE,1,Wide Receiver,WR,8,6
2026-03-14T07:32:09Z,ARI,Jalen Brooks,4692835,00-0038640,21,3WR 1TE,1,Wide Receiver,WR,1,7
2026-03-14T07:32:09Z,ARI,Tejhaun Palmer,4875912,00-0039397,21,3WR 1TE,1,Wide Receiver,WR,2,8
2026-03-14T07:32:09Z,ARI,Bryson Green,4432705,00-0040383,21,3WR 1TE,1,Wide Receiver,WR,8,9
2026-03-14T07:32:09Z,ARI,Ihmir Smith-Marsette,4240573,00-0036635,21,3WR 1TE,1,Wide Receiver,WR,1,10
2026-03-14T07:32:09Z,ATL,Brandon Dorlus,4427090,00-0039859,15,Base 3-4 D,11,Left Defensive End,LDE,1,1
2026-03-14T07:32:09Z,ATL,Da'Shawn Hand,3126352,00-0034371,15,Base 3-4 D,12,Nose Tackle,NT,2,1
2026-03-14T07:32:09Z,ATL,Samson Ebukam,3045527,00-0033945,15,Base 3-4 D,13,Right Defensive End,RDE,3,1
2026-03-14T07:32:09Z,ATL,Jalon Walker,4685597,00-0040577,15,Base 3-4 D,26,Weakside Linebacker,WLB,4,1
2026-03-14T07:32:09Z,ATL,Divine Deablo,4037626,00-0036990,15,Base 3-4 D,15,Left Inside Linebacker,LILB,5,1
2026-03-14T07:32:09Z,ATL,JD Bertrand,4428872,00-0039370,15,Base 3-4 D,16,Right Inside Linebacker,RILB,6,1
2026-03-14T07:32:09Z,ATL,James Pearce Jr.,5081394,00-0040578,15,Base 3-4 D,28,Strongside Linebacker,SLB,7,1
2026-03-14T07:32:09Z,ATL,A.J. Terrell Jr.,4239995,00-0036285,15,Base 3-4 D,18,Left Cornerback,LCB,8,1
2026-03-14T07:32:09Z,ATL,Jessie Bates III,3919512,00-0034675,15,Base 3-4 D,20,Strong Safety,SS,9,1
2026-03-14T07:32:09Z,ATL,Xavier Watts,4431005,00-0040148,15,Base 3-4 D,21,Free Safety,FS,10,1
2026-03-14T07:32:09Z,ATL,Mike Hughes,3895841,00-0034843,15,Base 3-4 D,19,Right Cornerback,RCB,11,1
2026-03-14T07:32:09Z,ATL,Billy Bowman Jr.,4431194,00-0040156,15,Base 3-4 D,34,Nickel Back,NB,12,1
2026-03-14T07:32:09Z,ATL,LaCale London,4376288,00-0036204,15,Base 3-4 D,11,Left Defensive End,LDE,1,2
2026-03-14T07:32:09Z,ATL,Ruke Orhorhoro,4430271,00-0039733,15,Base 3-4 D,12,Nose Tackle,NT,2,2
2026-03-14T07:32:09Z,ATL,Zach Harrison,4426412,00-0038980,15,Base 3-4 D,13,Right Defensive End,RDE,3,2
2026-03-14T07:32:09Z,ATL,Cameron Thomas,4361510,00-0037815,15,Base 3-4 D,26,Weakside Linebacker,WLB,4,2
2026-03-14T07:32:09Z,ATL,Christian Harris,4567099,00-0037823,15,Base 3-4 D,15,Left Inside Linebacker,LILB,5,2
2026-03-14T07:32:09Z,ATL,Troy Andersen,4247807,00-0037810,15,Base 3-4 D,16,Right Inside Linebacker,RILB,6,2
2026-03-14T07:32:09Z,ATL,Azeez Ojulari,4379409,00-0036552,15,Base 3-4 D,28,Strongside Linebacker,SLB,7,2
2026-03-14T07:32:09Z,ATL,Clark Phillips III,4429067,00-0038568,15,Base 3-4 D,18,Left Cornerback,LCB,8,2
2026-03-14T07:32:09Z,ATL,DeMarcco Hellams,4567111,00-0038628,15,Base 3-4 D,20,Strong Safety,SS,9,2
2026-03-14T07:32:09Z,ATL,Malik Verdon,4684636,00-0040554,15,Base 3-4 D,21,Free Safety,FS,10,2
2026-03-14T07:32:09Z,ATL,C.J. Henderson,4240596,00-0036281,15,Base 3-4 D,19,Right Cornerback,RCB,11,2
2026-03-14T07:32:09Z,ATL,Mike Ford Jr.,3050916,00-0034639,15,Base 3-4 D,34,Nickel Back,NB,12,2
2026-03-14T07:32:09Z,ATL,Elijah Garcia,4039170,00-0037051,15,Base 3-4 D,11,Left Defensive End,LDE,1,3
2026-03-14T07:32:09Z,ATL,Chris Williams,4034530,00-0035857,15,Base 3-4 D,12,Nose Tackle,NT,2,3
2026-03-14T07:32:09Z,ATL,Ben Stille,4034861,00-0037356,15,Base 3-4 D,13,Right Defensive End,RDE,3,3
2026-03-14T07:32:09Z,ATL,Channing Tindall,4379414,00-0037813,15,Base 3-4 D,26,Weakside Linebacker,WLB,4,3
2026-03-14T07:32:09Z,ATL,Bralen Trice,4428713,00-0039837,15,Base 3-4 D,28,Strongside Linebacker,SLB,7,3
2026-03-14T07:32:09Z,ATL,Natrone Brooks,4689989,00-0038966,15,Base 3-4 D,18,Left Cornerback,LCB,8,3
2026-03-14T07:32:09Z,ATL,Jammie Robinson,4430411,00-0038587,15,Base 3-4 D,20,Strong Safety,SS,9,3
2026-03-14T07:32:09Z,ATL,Tysheem Johnson,4431405,00-0040273,15,Base 3-4 D,21,Free Safety,FS,10,3
2026-03-14T07:32:09Z,ATL,Cobee Bryant,4429324,00-0040546,15,Base 3-4 D,19,Right Cornerback,RCB,11,3
2026-03-14T07:32:09Z,ATL,A.J. Woods,4428932,00-0039685,15,Base 3-4 D,34,Nickel Back,NB,12,3
2026-03-14T07:32:09Z,ATL,Nick Folk,10621,00-0025565,18,Special Teams,22,Place kicker,PK,1,1
2026-03-14T07:32:09Z,ATL,Jake Bailey,3931395,00-0035280,18,Special Teams,23,Punter,P,2,1
2026-03-14T07:32:09Z,ATL,Jake Bailey,3931395,00-0035280,18,Special Teams,79,Holder,H,3,1
2026-03-14T07:32:09Z,ATL,Deven Thompkins,4374187,00-0037487,18,Special Teams,76,Punt Returner,PR,4,1
2026-03-14T07:32:09Z,ATL,Deven Thompkins,4374187,00-0037487,18,Special Teams,77,Kick Returner,KR,5,1
2026-03-14T07:32:09Z,ATL,Liam McCullough,3915528,00-0036082,18,Special Teams,39,Long Snapper,LS,6,1
2026-03-14T07:32:09Z,ATL,Trenton Gill,4240128,00-0037097,18,Special Teams,23,Punter,P,2,2
2026-03-14T07:32:09Z,ATL,Trenton Gill,4240128,00-0037097,18,Special Teams,79,Holder,H,3,2
2026-03-14T07:32:09Z,ATL,Dylan Drummond,4363551,00-0038953,18,Special Teams,77,Kick Returner,KR,5,2
2026-03-14T07:32:09Z,ATL,Natrone Brooks,4689989,00-0038966,18,Special Teams,77,Kick Returner,KR,5,3
2026-03-14T07:32:09Z,ATL,Drake London,4426502,00-0037238,21,3WR 1TE,1,Wide Receiver,WR,1,1
2026-03-14T07:32:09Z,ATL,Jake Matthews,16713,00-0031279,21,3WR 1TE,2,Left Tackle,LT,3,1
2026-03-14T07:32:09Z,ATL,Matthew Bergeron,4568510,00-0039048,21,3WR 1TE,3,Left Guard,LG,4,1
2026-03-14T07:32:09Z,ATL,Ryan Neuzil,4036444,00-0036833,21,3WR 1TE,4,Center,C,5,1
2026-03-14T07:32:09Z,ATL,Chris Lindstrom,3672833,00-0035630,21,3WR 1TE,5,Right Guard,RG,6,1
2026-03-14T07:32:09Z,ATL,Kaleb McGary,3127304,00-0035235,21,3WR 1TE,6,Right Tackle,RT,7,1
2026-03-14T07:32:09Z,ATL,Michael Penix Jr.,4360423,00-0039917,21,3WR 1TE,8,Quarterback,QB,9,1
2026-03-14T07:32:09Z,ATL,Kyle Pitts Sr.,4360248,00-0036970,21,3WR 1TE,7,Tight End,TE,10,1
2026-03-14T07:32:09Z,ATL,Bijan Robinson,4430807,00-0038542,21,3WR 1TE,9,Running Back,RB,11,1
2026-03-14T07:32:09Z,ATL,Jahan Dotson,4361409,00-0037741,21,3WR 1TE,1,Wide Receiver,WR,2,2
2026-03-14T07:32:09Z,ATL,Michael Jerrell,5209093,00-0039842,21,3WR 1TE,2,Left Tackle,LT,3,2
2026-03-14T07:32:09Z,ATL,Kyle Hinton,4682831,00-0036354,21,3WR 1TE,3,Left Guard,LG,4,2
2026-03-14T07:32:09Z,ATL,Corey Levin,2973637,00-0033793,21,3WR 1TE,4,Center,C,5,2
2026-03-14T07:32:09Z,ATL,Andrew Stueber,4258207,00-0037620,21,3WR 1TE,5,Right Guard,RG,6,2
2026-03-14T07:32:09Z,ATL,Storm Norton,2973014,00-0033752,21,3WR 1TE,6,Right Tackle,RT,7,2
2026-03-14T07:32:09Z,ATL,Tua Tagovailoa,4241479,00-0036212,21,3WR 1TE,8,Quarterback,QB,9,2
2026-03-14T07:32:09Z,ATL,Austin Hooper,3043275,00-0032392,21,3WR 1TE,7,Tight End,TE,10,2
2026-03-14T07:32:09Z,ATL,Nathan Carter,4605841,00-0040547,21,3WR 1TE,9,Running Back,RB,11,2
2026-03-14T07:32:09Z,ATL,Olamide Zaccheaus,3917914,00-0035208,21,3WR 1TE,1,Wide Receiver,WR,8,3
2026-03-14T07:32:09Z,ATL,Jack Nelson,4693369,00-0040224,21,3WR 1TE,2,Left Tackle,LT,3,3
2026-03-14T07:32:09Z,ATL,Charlie Woerner,4035020,00-0036429,21,3WR 1TE,7,Tight End,TE,10,3
2026-03-14T07:32:09Z,ATL,Carlos Washington Jr.,4248425,00-0038930,21,3WR 1TE,9,Running Back,RB,11,3
2026-03-14T07:32:09Z,ATL,Dylan Drummond,4363551,00-0038953,21,3WR 1TE,1,Wide Receiver,WR,1,4
2026-03-14T07:32:09Z,ATL,Joshua Simon,4430482,00-0040552,21,3WR 1TE,7,Tight End,TE,10,4
2026-03-14T07:32:09Z,ATL,Deven Thompkins,4374187,00-0037487,21,3WR 1TE,1,Wide Receiver,WR,2,5
2026-03-14T07:32:09Z,ATL,Casey Washington,4428796,00-0039394,21,3WR 1TE,1,Wide Receiver,WR,8,6
2026-03-14T07:32:09Z,ATL,Chris Blair,4369886,00-0036463,21,3WR 1TE,1,Wide Receiver,WR,1,7
2026-03-14T07:32:09Z,BAL,Travis Jones,4362139,00-0037756,15,Base 3-4 D,11,Left Defensive End,LDE,1,1
2026-03-14T07:32:09Z,BAL,John Jenkins,15846,00-0030070,15,Base 3-4 D,12,Nose Tackle,NT,2,1
2026-03-14T07:32:09Z,BAL,Nnamdi Madubuike,4035245,00-0036130,15,Base 3-4 D,13,Right Defensive End,RDE,3,1
2026-03-14T07:32:09Z,BAL,Mike Green,4683188,00-0040722,15,Base 3-4 D,26,Weakside Linebacker,WLB,4,1
2026-03-14T07:32:09Z,BAL,Roquan Smith,3915189,00-0034874,15,Base 3-4 D,15,Left Inside Linebacker,LILB,5,1
2026-03-14T07:32:09Z,BAL,Teddye Buchanan,4698244,00-0040069,15,Base 3-4 D,16,Right Inside Linebacker,RILB,6,1
2026-03-14T07:32:09Z,BAL,Trey Hendrickson,3052743,00-0033935,15,Base 3-4 D,28,Strongside Linebacker,SLB,7,1
2026-03-14T07:32:09Z,BAL,Nate Wiggins,4601278,00-0039232,15,Base 3-4 D,18,Left Cornerback,LCB,8,1
2026-03-14T07:32:09Z,BAL,Kyle Hamilton,4575517,00-0038038,15,Base 3-4 D,20,Strong Safety,SS,9,1
2026-03-14T07:32:09Z,BAL,Malaki Starks,4685530,00-0040688,15,Base 3-4 D,21,Free Safety,FS,10,1
2026-03-14T07:32:09Z,BAL,Chidobe Awuzie,3052101,00-0033548,15,Base 3-4 D,19,Right Cornerback,RCB,11,1
2026-03-14T07:32:09Z,BAL,Marlon Humphrey,3126356,00-0033281,15,Base 3-4 D,34,Nickel Back,NB,12,1
2026-03-14T07:32:09Z,BAL,Broderick Washington Jr.,3915837,00-0036081,15,Base 3-4 D,11,Left Defensive End,LDE,1,2
2026-03-14T07:32:09Z,BAL,CJ Okoye,5144942,00-0039176,15,Base 3-4 D,13,Right Defensive End,RDE,3,2
2026-03-14T07:32:09Z,BAL,Kaimon Rucker,4433904,00-0040658,15,Base 3-4 D,26,Weakside Linebacker,WLB,4,2
2026-03-14T07:32:09Z,BAL,Carl Jones,4569428,00-0039460,15,Base 3-4 D,15,Left Inside Linebacker,LILB,5,2
2026-03-14T07:32:09Z,BAL,Trenton Simpson,4430831,00-0038504,15,Base 3-4 D,16,Right Inside Linebacker,RILB,6,2
2026-03-14T07:32:09Z,BAL,Tavius Robinson,4690179,00-0038505,15,Base 3-4 D,28,Strongside Linebacker,SLB,7,2
2026-03-14T07:32:09Z,BAL,Bilhal Kone,5083656,00-0040073,15,Base 3-4 D,18,Left Cornerback,LCB,8,2
2026-03-14T07:32:09Z,BAL,Keondre Jackson,4878287,00-0040104,15,Base 3-4 D,20,Strong Safety,SS,9,2
2026-03-14T07:32:09Z,BAL,Jaylinn Hawkins,3858276,00-0036302,15,Base 3-4 D,21,Free Safety,FS,10,2
2026-03-14T07:32:09Z,BAL,T.J. Tampa,4575483,00-0039234,15,Base 3-4 D,19,Right Cornerback,RCB,11,2
2026-03-14T07:32:09Z,BAL,Keyon Martin,4694334,00-0040636,15,Base 3-4 D,34,Nickel Back,NB,12,2
2026-03-14T07:32:09Z,BAL,Aeneas Peebles,4565311,00-0040076,15,Base 3-4 D,11,Left Defensive End,LDE,1,3
2026-03-14T07:32:09Z,BAL,David Olajiga,5211114,00-0039938,15,Base 3-4 D,13,Right Defensive End,RDE,3,3
2026-03-14T07:32:09Z,BAL,Jay Higgins IV,4565350,00-0040100,15,Base 3-4 D,15,Left Inside Linebacker,LILB,5,3
2026-03-14T07:32:09Z,BAL,Adisa Isaac,4426372,00-0039791,15,Base 3-4 D,28,Strongside Linebacker,SLB,7,3
2026-03-14T07:32:09Z,BAL,Amani Oruwariye,3116175,00-0035270,15,Base 3-4 D,19,Right Cornerback,RCB,11,3
2026-03-14T07:32:09Z,BAL,Robert Longerbeam,4575860,00-0040077,15,Base 3-4 D,34,Nickel Back,NB,12,3
2026-03-14T07:32:09Z,BAL,Marquise Robinson,5082541,00-0040112,15,Base 3-4 D,19,Right Cornerback,RCB,11,4
2026-03-14T07:32:09Z,BAL,Tyler Loop,4697745,00-0040074,18,Special Teams,22,Place kicker,PK,1,1
2026-03-14T07:32:09Z,BAL,LaJohntay Wester,4690143,00-0040075,18,Special Teams,76,Punt Returner,PR,4,1
2026-03-14T07:32:09Z,BAL,Rasheen Ali,4690013,00-0039796,18,Special Teams,77,Kick Returner,KR,5,1
2026-03-14T07:32:09Z,BAL,Nick Moore,3915184,00-0035408,18,Special Teams,39,Long Snapper,LS,6,1
2026-03-14T07:32:09Z,BAL,LaJohntay Wester,4690143,00-0040075,18,Special Teams,77,Kick Returner,KR,5,2
2026-03-14T07:32:09Z,BAL,Justice Hill,4038441,00-0034975,18,Special Teams,77,Kick Returner,KR,5,3
2026-03-14T07:32:09Z,BAL,Zay Flowers,4429615,00-0039064,21,3WR 1TE,1,Wide Receiver,WR,1,1
2026-03-14T07:32:09Z,BAL,Ronnie Stanley,2980153,00-0032965,21,3WR 1TE,2,Left Tackle,LT,3,1
2026-03-14T07:32:09Z,BAL,Andrew Vorhees,4243220,00-0038383,21,3WR 1TE,3,Left Guard,LG,4,1
2026-03-14T07:32:09Z,BAL,Corey Bullock,4576075,00-0039242,21,3WR 1TE,4,Center,C,5,1
2026-03-14T07:32:09Z,BAL,John Simpson,4035479,00-0036369,21,3WR 1TE,5,Right Guard,RG,6,1
2026-03-14T07:32:09Z,BAL,Roger Rosengarten,4430876,00-0039233,21,3WR 1TE,6,Right Tackle,RT,7,1
2026-03-14T07:32:09Z,BAL,Lamar Jackson,3916387,00-0034796,21,3WR 1TE,8,Quarterback,QB,9,1
2026-03-14T07:32:09Z,BAL,Mark Andrews,3116365,00-0034753,21,3WR 1TE,7,Tight End,TE,10,1
2026-03-14T07:32:09Z,BAL,Derrick Henry,3043078,00-0032764,21,3WR 1TE,9,Running Back,RB,11,1
2026-03-14T07:32:09Z,BAL,Lucas Scott,4879972,00-0040637,21,3WR 1TE,10,Fullback,FB,12,1
2026-03-14T07:32:09Z,BAL,Rashod Bateman,4360939,00-0036550,21,3WR 1TE,1,Wide Receiver,WR,2,2
2026-03-14T07:32:09Z,BAL,Gerad Lichtenhan,4686768,00-0040098,21,3WR 1TE,2,Left Tackle,LT,3,2
2026-03-14T07:32:09Z,BAL,Emery Jones Jr.,4685736,00-0040068,21,3WR 1TE,3,Left Guard,LG,4,2
2026-03-14T07:32:09Z,BAL,Jared Penning,4428225,00-0040110,21,3WR 1TE,5,Right Guard,RG,6,2
2026-03-14T07:32:09Z,BAL,Carson Vinson,4769895,00-0040070,21,3WR 1TE,6,Right Tackle,RT,7,2
2026-03-14T07:32:09Z,BAL,Tyler Huntley,4035671,00-0035993,21,3WR 1TE,8,Quarterback,QB,9,2
2026-03-14T07:32:09Z,BAL,Durham Smythe,3052897,00-0034798,21,3WR 1TE,7,Tight End,TE,10,2
2026-03-14T07:32:09Z,BAL,Justice Hill,4038441,00-0034975,21,3WR 1TE,9,Running Back,RB,11,2
2026-03-14T07:32:09Z,BAL,Devontez Walker,4696882,00-0039792,21,3WR 1TE,1,Wide Receiver,WR,8,3
2026-03-14T07:32:09Z,BAL,Jovaughn Gwyn,4362845,00-0038629,21,3WR 1TE,5,Right Guard,RG,6,3
2026-03-14T07:32:09Z,BAL,Rasheen Ali,4690013,00-0039796,21,3WR 1TE,9,Running Back,RB,11,3
2026-03-14T07:32:09Z,BAL,LaJohntay Wester,4690143,00-0040075,21,3WR 1TE,1,Wide Receiver,WR,1,4
2026-03-14T07:32:09Z,BAL,Dayton Wade,4428763,00-0039259,21,3WR 1TE,1,Wide Receiver,WR,2,5
2026-03-14T07:32:09Z,BAL,Cornelius Johnson,4426479,00-0039437,21,3WR 1TE,1,Wide Receiver,WR,8,6
2026-03-14T07:32:09Z,BUF,Ed Oliver,4039303,00-0035230,15,Base 3-4 D,11,Left Defensive End,LDE,1,1
2026-03-14T07:32:09Z,BUF,Deone Walker,4831989,00-0040710,15,Base 3-4 D,12,Nose Tackle,NT,2,1
2026-03-14T07:32:09Z,BUF,T.J. Sanders,4684527,00-0040724,15,Base 3-4 D,13,Right Defensive End,RDE,3,1
2026-03-14T07:32:09Z,BUF,Greg Rousseau,4362506,00-0036914,15,Base 3-4 D,26,Weakside Linebacker,WLB,4,1
2026-03-14T07:32:09Z,BUF,Joe Andreessen,4366349,00-0039763,15,Base 3-4 D,15,Left Inside Linebacker,LILB,5,1
2026-03-14T07:32:09Z,BUF,Terrel Bernard,4259166,00-0037254,15,Base 3-4 D,16,Right Inside Linebacker,RILB,6,1
2026-03-14T07:32:09Z,BUF,Bradley Chubb,3116733,00-0034832,15,Base 3-4 D,28,Strongside Linebacker,SLB,7,1
2026-03-14T07:32:09Z,BUF,Dorian Strong,4568703,00-0040197,15,Base 3-4 D,18,Left Cornerback,LCB,8,1
2026-03-14T07:32:09Z,BUF,C.J. Gardner-Johnson,4034953,00-0035253,15,Base 3-4 D,20,Strong Safety,SS,9,1
2026-03-14T07:32:09Z,BUF,Cole Bishop,4676004,00-0039872,15,Base 3-4 D,21,Free Safety,FS,10,1
2026-03-14T07:32:09Z,BUF,Christian Benford,4379778,00-0037288,15,Base 3-4 D,19,Right Cornerback,RCB,11,1
2026-03-14T07:32:09Z,BUF,Dee Alford,4401823,00-0037034,15,Base 3-4 D,34,Nickel Back,NB,12,1
2026-03-14T07:32:09Z,BUF,Phidarian Mathis,4241468,00-0038099,15,Base 3-4 D,11,Left Defensive End,LDE,1,2
2026-03-14T07:32:09Z,BUF,DeWayne Carter,4426883,00-0039873,15,Base 3-4 D,13,Right Defensive End,RDE,3,2
2026-03-14T07:32:09Z,BUF,Michael Hoecht,4033234,00-0035933,15,Base 3-4 D,26,Weakside Linebacker,WLB,4,2
2026-03-14T07:32:09Z,BUF,Jimmy Ciarlo,4689804,00-0039277,15,Base 3-4 D,15,Left Inside Linebacker,LILB,5,2
2026-03-14T07:32:09Z,BUF,Dorian Williams,4568624,00-0038557,15,Base 3-4 D,16,Right Inside Linebacker,RILB,6,2
2026-03-14T07:32:09Z,BUF,Andre Jones Jr.,4249214,00-0038635,15,Base 3-4 D,28,Strongside Linebacker,SLB,7,2
2026-03-14T07:32:09Z,BUF,Daryl Porter Jr.,4691005,00-0040365,15,Base 3-4 D,18,Left Cornerback,LCB,8,2
2026-03-14T07:32:09Z,BUF,Jordan Hancock,4596480,00-0040192,15,Base 3-4 D,20,Strong Safety,SS,9,2
2026-03-14T07:32:09Z,BUF,Geno Stone,4240575,00-0036199,15,Base 3-4 D,21,Free Safety,FS,10,2
2026-03-14T07:32:09Z,BUF,Maxwell Hairston,4688931,00-0040709,15,Base 3-4 D,19,Right Cornerback,RCB,11,2
2026-03-14T07:32:09Z,BUF,Zion Logue,4427826,00-0039400,15,Base 3-4 D,11,Left Defensive End,LDE,1,3
2026-03-14T07:32:09Z,BUF,Javon Solomon,4428548,00-0039879,15,Base 3-4 D,26,Weakside Linebacker,WLB,4,3
2026-03-14T07:32:09Z,BUF,Keonta Jenkins,4577066,00-0040362,15,Base 3-4 D,16,Right Inside Linebacker,RILB,6,3
2026-03-14T07:32:09Z,BUF,Te'Cory Couch,4427348,00-0039469,15,Base 3-4 D,18,Left Cornerback,LCB,8,3
2026-03-14T07:32:09Z,BUF,Sam Franklin Jr.,4044133,00-0036037,15,Base 3-4 D,21,Free Safety,FS,10,3
2026-03-14T07:32:09Z,BUF,MJ Devonshire Jr.,4427068,00-0039418,15,Base 3-4 D,19,Right Cornerback,RCB,11,3
2026-03-14T07:32:09Z,BUF,Tommy Akingbesote,4683450,00-0040022,15,Base 3-4 D,11,Left Defensive End,LDE,1,4
2026-03-14T07:32:09Z,BUF,Landon Jackson,4432715,00-0040132,15,Base 3-4 D,26,Weakside Linebacker,WLB,4,4
2026-03-14T07:32:09Z,BUF,Wande Owens,4573684,00-0040364,15,Base 3-4 D,21,Free Safety,FS,10,4
2026-03-14T07:32:09Z,BUF,Tyler Bass,3917232,00-0036162,18,Special Teams,22,Place kicker,PK,1,1
2026-03-14T07:32:09Z,BUF,Mitch Wishnowsky,4035685,00-0034941,18,Special Teams,23,Punter,P,2,1
2026-03-14T07:32:09Z,BUF,Mitch Wishnowsky,4035685,00-0034941,18,Special Teams,79,Holder,H,3,1
2026-03-14T07:32:09Z,BUF,Khalil Shakir,4373678,00-0037261,18,Special Teams,76,Punt Returner,PR,4,1
2026-03-14T07:32:09Z,BUF,Ray Davis,4429501,00-0039875,18,Special Teams,77,Kick Returner,KR,5,1
2026-03-14T07:32:09Z,BUF,Reid Ferguson,2976549,00-0032497,18,Special Teams,39,Long Snapper,LS,6,1
2026-03-14T07:32:09Z,BUF,Mecole Hardman Jr.,4035004,00-0035140,18,Special Teams,76,Punt Returner,PR,4,2
2026-03-14T07:32:09Z,BUF,Ty Johnson,3915411,00-0035537,18,Special Teams,77,Kick Returner,KR,5,2
2026-03-14T07:32:09Z,BUF,Mecole Hardman Jr.,4035004,00-0035140,18,Special Teams,77,Kick Returner,KR,5,3
2026-03-14T07:32:09Z,BUF,DJ Moore,3915416,00-0034827,21,3WR 1TE,1,Wide Receiver,WR,1,1
2026-03-14T07:32:09Z,BUF,Dion Dawkins,3051324,00-0033904,21,3WR 1TE,2,Left Tackle,LT,3,1
2026-03-14T07:32:09Z,BUF,Alec Anderson,4367203,00-0037428,21,3WR 1TE,3,Left Guard,LG,4,1
2026-03-14T07:32:09Z,BUF,Connor McGovern,4033748,00-0035679,21,3WR 1TE,4,Center,C,5,1
2026-03-14T07:32:09Z,BUF,O'Cyrus Torrence,4428696,00-0038548,21,3WR 1TE,5,Right Guard,RG,6,1
2026-03-14T07:32:09Z,BUF,Spencer Brown,4030899,00-0036976,21,3WR 1TE,6,Right Tackle,RT,7,1
2026-03-14T07:32:09Z,BUF,Josh Allen,3918298,00-0034857,21,3WR 1TE,8,Quarterback,QB,9,1
2026-03-14T07:32:09Z,BUF,Dalton Kincaid,4385690,00-0038933,21,3WR 1TE,7,Tight End,TE,10,1
2026-03-14T07:32:09Z,BUF,James Cook III,4379399,00-0037248,21,3WR 1TE,9,Running Back,RB,11,1
2026-03-14T07:32:09Z,BUF,Khalil Shakir,4373678,00-0037261,21,3WR 1TE,1,Wide Receiver,WR,2,2
2026-03-14T07:32:09Z,BUF,Tylan Grable,4368828,00-0039882,21,3WR 1TE,2,Left Tackle,LT,3,2
2026-03-14T07:32:09Z,BUF,Sedrick Van Pran-Granger,4430815,00-0039876,21,3WR 1TE,4,Center,C,5,2
2026-03-14T07:32:09Z,BUF,Nick Broeker,4426498,00-0038633,21,3WR 1TE,5,Right Guard,RG,6,2
2026-03-14T07:32:09Z,BUF,Ryan Van Demark,4239140,00-0037404,21,3WR 1TE,6,Right Tackle,RT,7,2
2026-03-14T07:32:09Z,BUF,Kyle Allen,3115293,00-0034577,21,3WR 1TE,8,Quarterback,QB,9,2
2026-03-14T07:32:09Z,BUF,Dawson Knox,3930086,00-0035689,21,3WR 1TE,7,Tight End,TE,10,2
2026-03-14T07:32:09Z,BUF,Ty Johnson,3915411,00-0035537,21,3WR 1TE,9,Running Back,RB,11,2
2026-03-14T07:32:09Z,BUF,Joshua Palmer,4242433,00-0036988,21,3WR 1TE,1,Wide Receiver,WR,8,3
2026-03-14T07:32:09Z,BUF,Chase Lundt,4427843,00-0040217,21,3WR 1TE,2,Left Tackle,LT,3,3
2026-03-14T07:32:09Z,BUF,Travis Clayton,5209587,00-0039930,21,3WR 1TE,6,Right Tackle,RT,7,3
2026-03-14T07:32:09Z,BUF,Shane Buechele,4039034,00-0036679,21,3WR 1TE,8,Quarterback,QB,9,3
2026-03-14T07:32:09Z,BUF,Jackson Hawes,4573699,00-0040194,21,3WR 1TE,7,Tight End,TE,10,3
2026-03-14T07:32:09Z,BUF,Ray Davis,4429501,00-0039875,21,3WR 1TE,9,Running Back,RB,11,3
2026-03-14T07:32:09Z,BUF,Keon Coleman,4635008,00-0039901,21,3WR 1TE,1,Wide Receiver,WR,1,4
2026-03-14T07:32:09Z,BUF,Keleki Latu,4688552,00-0040363,21,3WR 1TE,7,Tight End,TE,10,4
2026-03-14T07:32:09Z,BUF,Frank Gore,8479,00-0023500,21,3WR 1TE,9,Running Back,RB,11,4
2026-03-14T07:32:09Z,BUF,Tyrell Shavers,4241476,00-0038679,21,3WR 1TE,1,Wide Receiver,WR,2,5
2026-03-14T07:32:09Z,BUF,Mecole Hardman Jr.,4035004,00-0035140,21,3WR 1TE,1,Wide Receiver,WR,8,6
2026-03-14T07:32:09Z,BUF,Jalen Virgil,4036448,00-0037387,21,3WR 1TE,1,Wide Receiver,WR,1,7
2026-03-14T07:32:09Z,BUF,Stephen Gosnell,4432215,00-0040361,21,3WR 1TE,1,Wide Receiver,WR,2,8
2026-03-14T07:32:09Z,CAR,Derrick Brown,4035495,00-0036220,15,Base 3-4 D,11,Left Defensive End,LDE,1,1
2026-03-14T07:32:09Z,CAR,Bobby Brown III,4372518,00-0036903,15,Base 3-4 D,12,Nose Tackle,NT,2,1
2026-03-14T07:32:09Z,CAR,Tershawn Wharton,4058925,00-0035890,15,Base 3-4 D,13,Right Defensive End,RDE,3,1
2026-03-14T07:32:09Z,CAR,Nic Scourton,4833355,00-0040746,15,Base 3-4 D,26,Weakside Linebacker,WLB,4,1
2026-03-14T07:32:09Z,CAR,Devin Lloyd,4243256,00-0037244,15,Base 3-4 D,15,Left Inside Linebacker,LILB,5,1
2026-03-14T07:32:09Z,CAR,Trevin Wallace,4683815,00-0039347,15,Base 3-4 D,16,Right Inside Linebacker,RILB,6,1
2026-03-14T07:32:09Z,CAR,Jaelan Phillips,4242975,00-0036934,15,Base 3-4 D,28,Strongside Linebacker,SLB,7,1
2026-03-14T07:32:09Z,CAR,Mike Jackson,3917853,00-0035277,15,Base 3-4 D,18,Left Cornerback,LCB,8,1
2026-03-14T07:32:09Z,CAR,Tre'von Moehrig,4362487,00-0036962,15,Base 3-4 D,20,Strong Safety,SS,9,1
2026-03-14T07:32:09Z,CAR,Lathan Ransom,4429110,00-0040159,15,Base 3-4 D,21,Free Safety,FS,10,1
2026-03-14T07:32:09Z,CAR,Jaycee Horn,4362847,00-0036944,15,Base 3-4 D,19,Right Cornerback,RCB,11,1
2026-03-14T07:32:09Z,CAR,Chau Smith-Wade,4697636,00-0039380,15,Base 3-4 D,34,Nickel Back,NB,12,1
2026-03-14T07:32:09Z,CAR,Tershawn Wharton,4058925,00-0035890,15,Base 3-4 D,11,Left Defensive End,LDE,1,2
2026-03-14T07:32:09Z,CAR,Cam Jackson,4687513,00-0040174,15,Base 3-4 D,12,Nose Tackle,NT,2,2
2026-03-14T07:32:09Z,CAR,LaBryan Ray,4241473,00-0037203,15,Base 3-4 D,13,Right Defensive End,RDE,3,2
2026-03-14T07:32:09Z,CAR,Patrick Jones II,4036063,00-0037007,15,Base 3-4 D,26,Weakside Linebacker,WLB,4,2
2026-03-14T07:32:09Z,CAR,Claudin Cherelus,4256224,00-0038493,15,Base 3-4 D,15,Left Inside Linebacker,LILB,5,2
2026-03-14T07:32:09Z,CAR,Bam Martin-Scott,4880613,00-0040289,15,Base 3-4 D,16,Right Inside Linebacker,RILB,6,2
2026-03-14T07:32:09Z,CAR,Princely Umanmielen,4429166,00-0040136,15,Base 3-4 D,28,Strongside Linebacker,SLB,7,2
2026-03-14T07:32:09Z,CAR,Akayleb Evans,4244607,00-0038101,15,Base 3-4 D,18,Left Cornerback,LCB,8,2
2026-03-14T07:32:09Z,CAR,Demani Richardson,4426926,00-0039601,15,Base 3-4 D,21,Free Safety,FS,10,2
2026-03-14T07:32:09Z,CAR,Corey Thornton,4431426,00-0040296,15,Base 3-4 D,19,Right Cornerback,RCB,11,2
2026-03-14T07:32:09Z,CAR,Jared Harrison-Hunte,4427401,00-0040283,15,Base 3-4 D,13,Right Defensive End,RDE,3,3
2026-03-14T07:32:09Z,CAR,Maema Njongmeta,4428125,00-0039637,15,Base 3-4 D,15,Left Inside Linebacker,LILB,5,3
2026-03-14T07:32:09Z,CAR,Isaiah Simmons,4035462,00-0036356,15,Base 3-4 D,16,Right Inside Linebacker,RILB,6,3
2026-03-14T07:32:09Z,CAR,Thomas Incoom,4714157,00-0038791,15,Base 3-4 D,28,Strongside Linebacker,SLB,7,3
2026-03-14T07:32:09Z,CAR,Michael Reid,4775268,00-0040293,15,Base 3-4 D,18,Left Cornerback,LCB,8,3
2026-03-14T07:32:09Z,CAR,Robert Rochell,4032200,00-0036904,15,Base 3-4 D,19,Right Cornerback,RCB,11,3
2026-03-14T07:32:09Z,CAR,Jacoby Windmon,4428909,00-0039457,15,Base 3-4 D,16,Right Inside Linebacker,RILB,6,4
2026-03-14T07:32:09Z,CAR,Jamil Muhammad,4430211,00-0040594,15,Base 3-4 D,28,Strongside Linebacker,SLB,7,4
2026-03-14T07:32:09Z,CAR,Tyrek Funderburk,4367330,00-0039586,15,Base 3-4 D,19,Right Cornerback,RCB,11,4
2026-03-14T07:32:09Z,CAR,Jared Bartlett,4426646,00-0040395,15,Base 3-4 D,16,Right Inside Linebacker,RILB,6,5
2026-03-14T07:32:09Z,CAR,Mapalo Mwansa,5279357,00-0040763,15,Base 3-4 D,16,Right Inside Linebacker,RILB,6,6
2026-03-14T07:32:09Z,CAR,Ryan Fitzgerald,4568263,00-0040279,18,Special Teams,22,Place kicker,PK,1,1
2026-03-14T07:32:09Z,CAR,Trevor Etienne,4685350,00-0040644,18,Special Teams,76,Punt Returner,PR,4,1
2026-03-14T07:32:09Z,CAR,Trevor Etienne,4685350,00-0040644,18,Special Teams,77,Kick Returner,KR,5,1
2026-03-14T07:32:09Z,CAR,JJ Jansen,11759,00-0026027,18,Special Teams,39,Long Snapper,LS,6,1
2026-03-14T07:32:09Z,CAR,Chuba Hubbard,4241416,00-0036555,18,Special Teams,77,Kick Returner,KR,5,2
2026-03-14T07:32:09Z,CAR,Tetairoa McMillan,4685472,00-0040124,21,3WR 1TE,1,Wide Receiver,WR,1,1
2026-03-14T07:32:09Z,CAR,Ikem Ekwonu,4427132,00-0037229,21,3WR 1TE,2,Left Tackle,LT,3,1
2026-03-14T07:32:09Z,CAR,Damien Lewis,4362647,00-0036417,21,3WR 1TE,3,Left Guard,LG,4,1
2026-03-14T07:32:09Z,CAR,Luke Fortner,4035048,00-0037814,21,3WR 1TE,4,Center,C,5,1
2026-03-14T07:32:09Z,CAR,Robert Hunt,3917592,00-0036325,21,3WR 1TE,5,Right Guard,RG,6,1
2026-03-14T07:32:09Z,CAR,Taylor Moton,2973051,00-0033284,21,3WR 1TE,6,Right Tackle,RT,7,1
2026-03-14T07:32:09Z,CAR,Bryce Young,4685720,00-0039150,21,3WR 1TE,8,Quarterback,QB,9,1
2026-03-14T07:32:09Z,CAR,Ja'Tavion Sanders,4431588,00-0039356,21,3WR 1TE,7,Tight End,TE,10,1
2026-03-14T07:32:09Z,CAR,Chuba Hubbard,4241416,00-0036555,21,3WR 1TE,9,Running Back,RB,11,1
2026-03-14T07:32:09Z,CAR,Jalen Coker,4695883,00-0039491,21,3WR 1TE,1,Wide Receiver,WR,2,2
2026-03-14T07:32:09Z,CAR,Rasheed Walker,4361429,00-0037196,21,3WR 1TE,2,Left Tackle,LT,3,2
2026-03-14T07:32:09Z,CAR,Saahdiq Charles,4242230,00-0036334,21,3WR 1TE,3,Left Guard,LG,4,2
2026-03-14T07:32:09Z,CAR,Nick Samac,4428421,00-0039237,21,3WR 1TE,4,Center,C,5,2
2026-03-14T07:32:09Z,CAR,Chandler Zavala,4710661,00-0038536,21,3WR 1TE,5,Right Guard,RG,6,2
2026-03-14T07:32:09Z,CAR,Kenny Pickett,4240703,00-0038102,21,3WR 1TE,8,Quarterback,QB,9,2
2026-03-14T07:32:09Z,CAR,Tommy Tremble,4372780,00-0037005,21,3WR 1TE,7,Tight End,TE,10,2
2026-03-14T07:32:09Z,CAR,Jonathon Brooks,4678008,00-0039344,21,3WR 1TE,9,Running Back,RB,11,2
2026-03-14T07:32:09Z,CAR,Xavier Legette,4430034,00-0039342,21,3WR 1TE,1,Wide Receiver,WR,8,3
2026-03-14T07:32:09Z,CAR,Stone Forsythe,4034962,00-0036653,21,3WR 1TE,2,Left Tackle,LT,3,3
2026-03-14T07:32:09Z,CAR,Joshua Gray,4570485,00-0040548,21,3WR 1TE,3,Left Guard,LG,4,3
2026-03-14T07:32:09Z,CAR,Ja'Tyre Carter,4369950,00-0037089,21,3WR 1TE,5,Right Guard,RG,6,3
2026-03-14T07:32:09Z,CAR,Andy Dalton,14012,00-0027973,21,3WR 1TE,8,Quarterback,QB,9,3
2026-03-14T07:32:09Z,CAR,Mitchell Evans,4683243,00-0040187,21,3WR 1TE,7,Tight End,TE,10,3
2026-03-14T07:32:09Z,CAR,Trevor Etienne,4685350,00-0040644,21,3WR 1TE,9,Running Back,RB,11,3
2026-03-14T07:32:09Z,CAR,Jimmy Horn Jr.,4708486,00-0040218,21,3WR 1TE,1,Wide Receiver,WR,1,4
2026-03-14T07:32:09Z,CAR,James Mitchell,4361988,00-0037282,21,3WR 1TE,7,Tight End,TE,10,4
2026-03-14T07:32:09Z,CAR,Montrell Johnson Jr.,4684625,00-0040028,21,3WR 1TE,9,Running Back,RB,11,4
2026-03-14T07:32:09Z,CAR,John Metchie III,4567096,00-0037614,21,3WR 1TE,1,Wide Receiver,WR,2,5
2026-03-14T07:32:09Z,CAR,Bryce Pierre,5082648,00-0040292,21,3WR 1TE,7,Tight End,TE,10,5
2026-03-14T07:32:09Z,CAR,Anthony Tyus III,4709392,00-0040394,21,3WR 1TE,9,Running Back,RB,11,5
2026-03-14T07:32:09Z,CAR,Brycen Tremayne,4360763,00-0038840,21,3WR 1TE,1,Wide Receiver,WR,8,6
2026-03-14T07:32:09Z,CAR,David Moore,4212909,00-0033589,21,3WR 1TE,1,Wide Receiver,WR,1,7
2026-03-14T07:32:09Z,CAR,Dan Chisena,3929637,00-0035976,21,3WR 1TE,1,Wide Receiver,WR,2,8
2026-03-14T07:32:09Z,CAR,Ainias Smith,4428532,00-0039747,21,3WR 1TE,1,Wide Receiver,WR,8,9
2026-03-14T07:32:09Z,CAR,Ja'seem Reed,4876995,00-0040265,21,3WR 1TE,1,Wide Receiver,WR,1,10
2026-03-14T07:32:09Z,CHI,Montez Sweat,3134690,00-0035647,16,Base 4-3 D,11,Left Defensive End,LDE,1,1
2026-03-14T07:32:09Z,CHI,Grady Jarrett,2576492,00-0031583,16,Base 4-3 D,24,Left Defensive Tackle,LDT,2,1
2026-03-14T07:32:09Z,CHI,Gervon Dexter Sr.,4429014,00-0039070,16,Base 4-3 D,25,Right Defensive Tackle,RDT,3,1
2026-03-14T07:32:09Z,CHI,Dayo Odeyingbo,4242659,00-0036480,16,Base 4-3 D,13,Right Defensive End,RDE,4,1
2026-03-14T07:32:09Z,CHI,Devin Bush,4036261,00-0035525,16,Base 4-3 D,26,Weakside Linebacker,WLB,5,1
2026-03-14T07:32:09Z,CHI,T.J. Edwards,3121544,00-0035386,16,Base 4-3 D,27,Middle Linebacker,MLB,6,1
2026-03-14T07:32:09Z,CHI,Noah Sewell,4430822,00-0038390,16,Base 4-3 D,28,Strongside Linebacker,SLB,7,1
2026-03-14T07:32:09Z,CHI,Jaylon Johnson,4243253,00-0036292,16,Base 4-3 D,18,Left Cornerback,LCB,8,1
2026-03-14T07:32:09Z,CHI,Cam Lewis,3916577,00-0035357,16,Base 4-3 D,20,Strong Safety,SS,9,1
2026-03-14T07:32:09Z,CHI,Coby Bryant,4239094,00-0038136,16,Base 4-3 D,21,Free Safety,FS,10,1
2026-03-14T07:32:09Z,CHI,Tyrique Stevenson,4426374,00-0039071,16,Base 4-3 D,19,Right Cornerback,RCB,11,1
2026-03-14T07:32:09Z,CHI,Kyler Gordon,4361093,00-0038111,16,Base 4-3 D,34,Nickel Back,NB,12,1
2026-03-14T07:32:09Z,CHI,Jeremiah Martin,4372523,00-0038716,16,Base 4-3 D,11,Left Defensive End,LDE,1,2
2026-03-14T07:32:09Z,CHI,Shemar Turner,4432804,00-0040741,16,Base 4-3 D,24,Left Defensive Tackle,LDT,2,2
2026-03-14T07:32:09Z,CHI,Neville Gallimore,3892883,00-0036366,16,Base 4-3 D,25,Right Defensive Tackle,RDT,3,2
2026-03-14T07:32:09Z,CHI,Austin Booker,4683553,00-0039840,16,Base 4-3 D,13,Right Defensive End,RDE,4,2
2026-03-14T07:32:09Z,CHI,Ruben Hyppolite II,4429970,00-0040167,16,Base 4-3 D,26,Weakside Linebacker,WLB,5,2
2026-03-14T07:32:09Z,CHI,Nephi Sewell,4241611,00-0037544,16,Base 4-3 D,27,Middle Linebacker,MLB,6,2
2026-03-14T07:32:09Z,CHI,D'Marco Jackson,4241007,00-0037271,16,Base 4-3 D,28,Strongside Linebacker,SLB,7,2
2026-03-14T07:32:09Z,CHI,Dallis Flowers,4917592,00-0037395,16,Base 4-3 D,18,Left Cornerback,LCB,8,2
2026-03-14T07:32:09Z,CHI,Elijah Hicks,4242402,00-0037096,16,Base 4-3 D,20,Strong Safety,SS,9,2
2026-03-14T07:32:09Z,CHI,Gervarrius Owens,4567482,00-0038413,16,Base 4-3 D,21,Free Safety,FS,10,2
2026-03-14T07:32:09Z,CHI,Josh Blackwell,4240459,00-0037129,16,Base 4-3 D,34,Nickel Back,NB,12,2
2026-03-14T07:32:09Z,CHI,Kentavius Street,3116726,00-0034320,16,Base 4-3 D,25,Right Defensive Tackle,RDT,3,3
2026-03-14T07:32:09Z,CHI,Daniel Hardy,4365629,00-0037843,16,Base 4-3 D,13,Right Defensive End,RDE,4,3
2026-03-14T07:32:09Z,CHI,Dominique Hampton,4361094,00-0039381,16,Base 4-3 D,28,Strongside Linebacker,SLB,7,3
2026-03-14T07:32:09Z,CHI,Dontae Manning,4430805,00-0040550,16,Base 4-3 D,18,Left Cornerback,LCB,8,3
2026-03-14T07:32:09Z,CHI,Terell Smith,4360935,00-0038395,16,Base 4-3 D,19,Right Cornerback,RCB,11,3
2026-03-14T07:32:09Z,CHI,Zah Frazier,4572685,00-0040191,16,Base 4-3 D,34,Nickel Back,NB,12,3
2026-03-14T07:32:09Z,CHI,Jonathan Garvin,4240655,00-0036239,16,Base 4-3 D,13,Right Defensive End,RDE,4,4
2026-03-14T07:32:09Z,CHI,Jamree Kromah,4372463,00-0039461,16,Base 4-3 D,13,Right Defensive End,RDE,4,5
2026-03-14T07:32:09Z,CHI,Cairo Santos,17427,00-0031203,18,Special Teams,22,Place kicker,PK,1,1
2026-03-14T07:32:09Z,CHI,Tory Taylor,4686889,00-0039745,18,Special Teams,23,Punter,P,2,1
2026-03-14T07:32:09Z,CHI,Tory Taylor,4686889,00-0039745,18,Special Teams,79,Holder,H,3,1
2026-03-14T07:32:09Z,CHI,Kalif Raymond,2973405,00-0032464,18,Special Teams,76,Punt Returner,PR,4,1
2026-03-14T07:32:09Z,CHI,Josh Blackwell,4240459,00-0037129,18,Special Teams,77,Kick Returner,KR,5,1
2026-03-14T07:32:09Z,CHI,Luke Elkin,4873482,00-0040271,18,Special Teams,39,Long Snapper,LS,6,1
2026-03-14T07:32:09Z,CHI,Kalif Raymond,2973405,00-0032464,18,Special Teams,77,Kick Returner,KR,5,2
2026-03-14T07:32:09Z,CHI,Luther Burden III,4685278,00-0040735,18,Special Teams,77,Kick Returner,KR,5,3
2026-03-14T07:32:09Z,CHI,Rome Odunze,4431299,00-0039919,21,3WR 1TE,1,Wide Receiver,WR,1,1
2026-03-14T07:32:09Z,CHI,Braxton Jones,4251007,00-0037081,21,3WR 1TE,2,Left Tackle,LT,3,1
2026-03-14T07:32:09Z,CHI,Joe Thuney,2577773,00-0032391,21,3WR 1TE,3,Left Guard,LG,4,1
2026-03-14T07:32:09Z,CHI,Garrett Bradbury,3116729,00-0035588,21,3WR 1TE,4,Center,C,5,1
2026-03-14T07:32:09Z,CHI,Jonah Jackson,3930040,00-0036258,21,3WR 1TE,5,Right Guard,RG,6,1
2026-03-14T07:32:09Z,CHI,Darnell Wright,4426358,00-0038932,21,3WR 1TE,6,Right Tackle,RT,7,1
2026-03-14T07:32:09Z,CHI,Caleb Williams,4431611,00-0039918,21,3WR 1TE,8,Quarterback,QB,9,1
2026-03-14T07:32:09Z,CHI,Colston Loveland,4723086,00-0040126,21,3WR 1TE,7,Tight End,TE,10,1
2026-03-14T07:32:09Z,CHI,D'Andre Swift,4259545,00-0036275,21,3WR 1TE,9,Running Back,RB,11,1
2026-03-14T07:32:09Z,CHI,Luther Burden III,4685278,00-0040735,21,3WR 1TE,1,Wide Receiver,WR,2,2
2026-03-14T07:32:09Z,CHI,Ozzy Trapilo,4432595,00-0040740,21,3WR 1TE,2,Left Tackle,LT,3,2
2026-03-14T07:32:09Z,CHI,Jordan McFadden,4360319,00-0038595,21,3WR 1TE,3,Left Guard,LG,4,2
2026-03-14T07:32:09Z,CHI,Luke Newman,4695895,00-0040210,21,3WR 1TE,5,Right Guard,RG,6,2
2026-03-14T07:32:09Z,CHI,Tyson Bagent,4434153,00-0038416,21,3WR 1TE,8,Quarterback,QB,9,2
2026-03-14T07:32:09Z,CHI,Cole Kmet,4258595,00-0036290,21,3WR 1TE,7,Tight End,TE,10,2
2026-03-14T07:32:09Z,CHI,Kyle Monangai,4608686,00-0040236,21,3WR 1TE,9,Running Back,RB,11,2
2026-03-14T07:32:09Z,CHI,Jahdae Walker,5160110,00-0040277,21,3WR 1TE,1,Wide Receiver,WR,8,3
2026-03-14T07:32:09Z,CHI,Jedrick Wills Jr.,4241482,00-0036267,21,3WR 1TE,2,Left Tackle,LT,3,3
2026-03-14T07:32:09Z,CHI,Kiran Amegadjie,4883090,00-0039822,21,3WR 1TE,3,Left Guard,LG,4,3
2026-03-14T07:32:09Z,CHI,Case Keenum,15168,00-0028986,21,3WR 1TE,8,Quarterback,QB,9,3
2026-03-14T07:32:09Z,CHI,Stephen Carlson,3948283,00-0035039,21,3WR 1TE,7,Tight End,TE,10,3
2026-03-14T07:32:09Z,CHI,Roschon Johnson,4426386,00-0039021,21,3WR 1TE,9,Running Back,RB,11,3
2026-03-14T07:32:09Z,CHI,Kalif Raymond,2973405,00-0032464,21,3WR 1TE,1,Wide Receiver,WR,1,4
2026-03-14T07:32:09Z,CHI,Theo Benedet,5125873,00-0039459,21,3WR 1TE,2,Left Tackle,LT,3,4
2026-03-14T07:32:09Z,CHI,Kyle Hergel,4384683,00-0039624,21,3WR 1TE,3,Left Guard,LG,4,4
2026-03-14T07:32:09Z,CHI,Nikola Kalinic,4916349,00-0037031,21,3WR 1TE,7,Tight End,TE,10,4
2026-03-14T07:32:09Z,CHI,Brittain Brown,4036032,00-0037329,21,3WR 1TE,9,Running Back,RB,11,4
2026-03-14T07:32:09Z,CHI,Maurice Alexander,3914307,00-0037708,21,3WR 1TE,1,Wide Receiver,WR,2,5
2026-03-14T07:32:09Z,CHI,Qadir Ismail,4379769,00-0039843,21,3WR 1TE,7,Tight End,TE,10,5
2026-03-14T07:32:09Z,CHI,Deion Hankins,4575667,00-0040272,21,3WR 1TE,9,Running Back,RB,11,5
2026-03-14T07:32:09Z,CHI,JP Richardson,4685183,00-0040275,21,3WR 1TE,1,Wide Receiver,WR,8,6
2026-03-14T07:32:09Z,CIN,Boye Mafe,4240754,00-0038133,16,Base 4-3 D,11,Left Defensive End,LDE,1,1
2026-03-14T07:32:09Z,CIN,Jonathan Allen,3054840,00-0033523,16,Base 4-3 D,24,Left Defensive Tackle,LDT,2,1
2026-03-14T07:32:09Z,CIN,B.J. Hill,3116748,00-0034800,16,Base 4-3 D,25,Right Defensive Tackle,RDT,3,1
2026-03-14T07:32:09Z,CIN,Myles Murphy,4428985,00-0038546,16,Base 4-3 D,13,Right Defensive End,RDE,4,1
2026-03-14T07:32:09Z,CIN,Demetrius Knight Jr.,4427729,00-0040738,16,Base 4-3 D,26,Weakside Linebacker,WLB,5,1
2026-03-14T07:32:09Z,CIN,Barrett Carter,4431519,00-0040157,16,Base 4-3 D,27,Middle Linebacker,MLB,6,1
2026-03-14T07:32:09Z,CIN,Oren Burks,3051746,00-0034754,16,Base 4-3 D,28,Strongside Linebacker,SLB,7,1
2026-03-14T07:32:09Z,CIN,Dax Hill,4426422,00-0037743,16,Base 4-3 D,18,Left Cornerback,LCB,8,1
2026-03-14T07:32:09Z,CIN,Jordan Battle,4567098,00-0038560,16,Base 4-3 D,20,Strong Safety,SS,9,1
2026-03-14T07:32:09Z,CIN,Bryan Cook,4247726,00-0037193,16,Base 4-3 D,21,Free Safety,FS,10,1
2026-03-14T07:32:09Z,CIN,DJ Turner II,4572036,00-0038549,16,Base 4-3 D,19,Right Cornerback,RCB,11,1
2026-03-14T07:32:09Z,CIN,Jalen Davis,3125356,00-0034446,16,Base 4-3 D,34,Nickel Back,NB,12,1
2026-03-14T07:32:09Z,CIN,Shemar Stewart,4685562,00-0040756,16,Base 4-3 D,11,Left Defensive End,LDE,1,2
2026-03-14T07:32:09Z,CIN,T.J. Slaton Jr.,4240612,00-0036642,16,Base 4-3 D,24,Left Defensive Tackle,LDT,2,2
2026-03-14T07:32:09Z,CIN,Kris Jenkins Jr.,4432301,00-0039908,16,Base 4-3 D,25,Right Defensive Tackle,RDT,3,2
2026-03-14T07:32:09Z,CIN,Isaiah Foskey,4426457,00-0039143,16,Base 4-3 D,13,Right Defensive End,RDE,4,2
2026-03-14T07:32:09Z,CIN,Shaka Heyward,4360413,00-0038890,16,Base 4-3 D,26,Weakside Linebacker,WLB,5,2
2026-03-14T07:32:09Z,CIN,Joe Giles-Harris,3917797,00-0035363,16,Base 4-3 D,27,Middle Linebacker,MLB,6,2
2026-03-14T07:32:09Z,CIN,Liam Anderson,4368056,00-0038429,16,Base 4-3 D,28,Strongside Linebacker,SLB,7,2
2026-03-14T07:32:09Z,CIN,DJ Ivey,4362502,00-0038642,16,Base 4-3 D,18,Left Cornerback,LCB,8,2
2026-03-14T07:32:09Z,CIN,PJ Jules,4429946,00-0039632,16,Base 4-3 D,20,Strong Safety,SS,9,2
2026-03-14T07:32:09Z,CIN,Josh Newton,4365319,00-0039375,16,Base 4-3 D,19,Right Cornerback,RCB,11,2
2026-03-14T07:32:09Z,CIN,Cedric Johnson,4430065,00-0039752,16,Base 4-3 D,11,Left Defensive End,LDE,1,3
2026-03-14T07:32:09Z,CIN,McKinnley Jackson,4692680,00-0039354,16,Base 4-3 D,24,Left Defensive Tackle,LDT,2,3
2026-03-14T07:32:09Z,CIN,Howard Cross III,4426992,00-0040369,16,Base 4-3 D,25,Right Defensive Tackle,RDT,3,3
2026-03-14T07:32:09Z,CIN,Antwaun Powell-Ryland Jr.,4429009,00-0040018,16,Base 4-3 D,13,Right Defensive End,RDE,4,3
2026-03-14T07:32:09Z,CIN,Bralyn Lux,4575559,00-0040372,16,Base 4-3 D,18,Left Cornerback,LCB,8,3
2026-03-14T07:32:09Z,CIN,Daijahn Anthony,4874448,00-0039414,16,Base 4-3 D,20,Strong Safety,SS,9,3
2026-03-14T07:32:09Z,CIN,Jalen Kimber,4430819,00-0040518,16,Base 4-3 D,19,Right Cornerback,RCB,11,3
2026-03-14T07:32:09Z,CIN,Jordan Jefferson,4569448,00-0039743,16,Base 4-3 D,24,Left Defensive Tackle,LDT,2,4
2026-03-14T07:32:09Z,CIN,Russ Yeast,4240071,00-0037844,16,Base 4-3 D,20,Strong Safety,SS,9,4
2026-03-14T07:32:09Z,CIN,Evan McPherson,4360234,00-0036854,18,Special Teams,22,Place kicker,PK,1,1
2026-03-14T07:32:09Z,CIN,Ryan Rehkow,4608820,00-0039323,18,Special Teams,23,Punter,P,2,1
2026-03-14T07:32:09Z,CIN,Ryan Rehkow,4608820,00-0039323,18,Special Teams,79,Holder,H,3,1
2026-03-14T07:32:09Z,CIN,Charlie Jones,4257188,00-0038576,18,Special Teams,76,Punt Returner,PR,4,1
2026-03-14T07:32:09Z,CIN,Charlie Jones,4257188,00-0038576,18,Special Teams,77,Kick Returner,KR,5,1
2026-03-14T07:32:09Z,CIN,William Wagner,4572051,00-0040379,18,Special Teams,39,Long Snapper,LS,6,1
2026-03-14T07:32:09Z,CIN,Ke'Shawn Williams,4570738,00-0040534,18,Special Teams,76,Punt Returner,PR,4,2
2026-03-14T07:32:09Z,CIN,Samaje Perine,3116389,00-0033526,18,Special Teams,77,Kick Returner,KR,5,2
2026-03-14T07:32:09Z,CIN,Ke'Shawn Williams,4570738,00-0040534,18,Special Teams,77,Kick Returner,KR,5,3
2026-03-14T07:32:09Z,CIN,Tahj Brooks,4429299,00-0040208,18,Special Teams,77,Kick Returner,KR,5,4
2026-03-14T07:32:09Z,CIN,Ja'Marr Chase,4362628,00-0036900,21,3WR 1TE,1,Wide Receiver,WR,1,1
2026-03-14T07:32:09Z,CIN,Orlando Brown Jr.,3116370,00-0034752,21,3WR 1TE,2,Left Tackle,LT,3,1
2026-03-14T07:32:09Z,CIN,Dylan Fairchild,4646773,00-0040140,21,3WR 1TE,3,Left Guard,LG,4,1
2026-03-14T07:32:09Z,CIN,Ted Karras,2576188,00-0032445,21,3WR 1TE,4,Center,C,5,1
2026-03-14T07:32:09Z,CIN,Dalton Risner,3125082,00-0035702,21,3WR 1TE,5,Right Guard,RG,6,1
2026-03-14T07:32:09Z,CIN,Amarius Mims,4431571,00-0039925,21,3WR 1TE,6,Right Tackle,RT,7,1
2026-03-14T07:32:09Z,CIN,Joe Burrow,3915511,00-0036442,21,3WR 1TE,8,Quarterback,QB,9,1
2026-03-14T07:32:09Z,CIN,Mike Gesicki,3116164,00-0034829,21,3WR 1TE,7,Tight End,TE,10,1
2026-03-14T07:32:09Z,CIN,Chase Brown,4362238,00-0038597,21,3WR 1TE,9,Running Back,RB,11,1
2026-03-14T07:32:09Z,CIN,Tee Higgins,4239993,00-0036410,21,3WR 1TE,1,Wide Receiver,WR,2,2
2026-03-14T07:32:09Z,CIN,Javon Foster,4362769,00-0039742,21,3WR 1TE,2,Left Tackle,LT,3,2
2026-03-14T07:32:09Z,CIN,Matt Lee,4568986,00-0039426,21,3WR 1TE,4,Center,C,5,2
2026-03-14T07:32:09Z,CIN,Jalen Rivers,4429010,00-0040180,21,3WR 1TE,5,Right Guard,RG,6,2
2026-03-14T07:32:09Z,CIN,Cody Ford,3707061,00-0035238,21,3WR 1TE,6,Right Tackle,RT,7,2
2026-03-14T07:32:09Z,CIN,Sean Clifford,4259592,00-0038391,21,3WR 1TE,8,Quarterback,QB,9,2
2026-03-14T07:32:09Z,CIN,Erick All Jr.,4427834,00-0039814,21,3WR 1TE,7,Tight End,TE,10,2
2026-03-14T07:32:09Z,CIN,Samaje Perine,3116389,00-0033526,21,3WR 1TE,9,Running Back,RB,11,2
2026-03-14T07:32:09Z,CIN,Andrei Iosivas,4368003,00-0038619,21,3WR 1TE,1,Wide Receiver,WR,8,3
2026-03-14T07:32:09Z,CIN,Jacob Bayer,4879478,00-0040359,21,3WR 1TE,4,Center,C,5,3
2026-03-14T07:32:09Z,CIN,Andrew Coker,4429430,00-0039535,21,3WR 1TE,6,Right Tackle,RT,7,3
2026-03-14T07:32:09Z,CIN,Drew Sample,3127310,00-0035631,21,3WR 1TE,7,Tight End,TE,10,3
2026-03-14T07:32:09Z,CIN,Tahj Brooks,4429299,00-0040208,21,3WR 1TE,9,Running Back,RB,11,3
2026-03-14T07:32:09Z,CIN,Mitchell Tinsley,4690070,00-0038839,21,3WR 1TE,1,Wide Receiver,WR,1,4
2026-03-14T07:32:09Z,CIN,Tanner Hudson,3050481,00-0034613,21,3WR 1TE,7,Tight End,TE,10,4
2026-03-14T07:32:09Z,CIN,Gary Brightwell,4245645,00-0036569,21,3WR 1TE,9,Running Back,RB,11,4
2026-03-14T07:32:09Z,CIN,Charlie Jones,4257188,00-0038576,21,3WR 1TE,1,Wide Receiver,WR,2,5
2026-03-14T07:32:09Z,CIN,Cam Grandy,4700712,00-0039631,21,3WR 1TE,7,Tight End,TE,10,5
2026-03-14T07:32:09Z,CIN,Kendall Milton,4429012,00-0039266,21,3WR 1TE,9,Running Back,RB,11,5
2026-03-14T07:32:09Z,CIN,Ke'Shawn Williams,4570738,00-0040534,21,3WR 1TE,1,Wide Receiver,WR,8,6
2026-03-14T07:32:09Z,CIN,Xavier Johnson,4385430,00-0039473,21,3WR 1TE,1,Wide Receiver,WR,1,7
2026-03-14T07:32:09Z,CIN,Jordan Moore,4594444,00-0040375,21,3WR 1TE,1,Wide Receiver,WR,2,8
2026-03-14T07:32:09Z,CIN,Kendric Pryor,4035776,00-0037422,21,3WR 1TE,1,Wide Receiver,WR,1,10
2026-03-14T07:32:09Z,CLE,Alex Wright,4570119,00-0037251,16,Base 4-3 D,11,Left Defensive End,LDE,1,1
2026-03-14T07:32:09Z,CLE,Maliek Collins,3040471,00-0033131,16,Base 4-3 D,24,Left Defensive Tackle,LDT,2,1
2026-03-14T07:32:09Z,CLE,Mason Graham,4873232,00-0040685,16,Base 4-3 D,25,Right Defensive Tackle,RDT,3,1
2026-03-14T07:32:09Z,CLE,Myles Garrett,3122132,00-0033868,16,Base 4-3 D,13,Right Defensive End,RDE,4,1
2026-03-14T07:32:09Z,CLE,Jeremiah Owusu-Koramoah,4258599,00-0036915,16,Base 4-3 D,26,Weakside Linebacker,WLB,5,1
2026-03-14T07:32:09Z,CLE,Carson Schwesinger,4876017,00-0040579,16,Base 4-3 D,27,Middle Linebacker,MLB,6,1
2026-03-14T07:32:09Z,CLE,Quincy Williams,3110565,00-0035680,16,Base 4-3 D,28,Strongside Linebacker,SLB,7,1
2026-03-14T07:32:09Z,CLE,Denzel Ward,3915535,00-0034856,16,Base 4-3 D,18,Left Cornerback,LCB,8,1
2026-03-14T07:32:09Z,CLE,Grant Delpit,4242208,00-0036282,16,Base 4-3 D,20,Strong Safety,SS,9,1
2026-03-14T07:32:09Z,CLE,Ronnie Hickman,4569620,00-0038715,16,Base 4-3 D,21,Free Safety,FS,10,1
2026-03-14T07:32:09Z,CLE,Tyson Campbell,4379397,00-0036974,16,Base 4-3 D,19,Right Cornerback,RCB,11,1
2026-03-14T07:32:09Z,CLE,Myles Harden,4695783,00-0039417,16,Base 4-3 D,34,Nickel Back,NB,12,1
2026-03-14T07:32:09Z,CLE,Kalia Davis,4243541,00-0037832,16,Base 4-3 D,24,Left Defensive Tackle,LDT,2,2
2026-03-14T07:32:09Z,CLE,Mike Hall Jr.,4600415,00-0039895,16,Base 4-3 D,25,Right Defensive Tackle,RDT,3,2
2026-03-14T07:32:09Z,CLE,Isaiah McGuire,4427963,00-0038574,16,Base 4-3 D,13,Right Defensive End,RDE,4,2
2026-03-14T07:32:09Z,CLE,Nathaniel Watson,4362895,00-0039406,16,Base 4-3 D,27,Middle Linebacker,MLB,6,2
2026-03-14T07:32:09Z,CLE,Winston Reid,4251125,00-0039515,16,Base 4-3 D,28,Strongside Linebacker,SLB,7,2
2026-03-14T07:32:09Z,CLE,Dom Jones,4572519,00-0040258,16,Base 4-3 D,18,Left Cornerback,LCB,8,2
2026-03-14T07:32:09Z,CLE,Christopher Edmonds,4572922,00-0039513,16,Base 4-3 D,20,Strong Safety,SS,9,2
2026-03-14T07:32:09Z,CLE,Donovan McMillon,4686027,00-0040263,16,Base 4-3 D,21,Free Safety,FS,10,2
2026-03-14T07:32:09Z,CLE,D'Angelo Ross,3139389,00-0034966,16,Base 4-3 D,19,Right Cornerback,RCB,11,2
2026-03-14T07:32:09Z,CLE,Adin Huntington,4605792,00-0040255,16,Base 4-3 D,25,Right Defensive Tackle,RDT,3,3
2026-03-14T07:32:09Z,CLE,Edefuan Ulofoshio,4374280,00-0039878,16,Base 4-3 D,27,Middle Linebacker,MLB,6,3
2026-03-14T07:32:09Z,CLE,Easton Mascarenas-Arnold,5085888,00-0040261,16,Base 4-3 D,28,Strongside Linebacker,SLB,7,3
2026-03-14T07:32:09Z,CLE,Anthony Kendall,5143279,00-0038848,16,Base 4-3 D,18,Left Cornerback,LCB,8,3
2026-03-14T07:32:09Z,CLE,Andre Szmyt,4258620,00-0038428,18,Special Teams,22,Place kicker,PK,1,1
2026-03-14T07:32:09Z,CLE,Corey Bojorquez,4039396,00-0034721,18,Special Teams,23,Punter,P,2,1
2026-03-14T07:32:09Z,CLE,Corey Bojorquez,4039396,00-0034721,18,Special Teams,79,Holder,H,3,1
2026-03-14T07:32:09Z,CLE,Gage Larvadain,4877203,00-0040259,18,Special Teams,76,Punt Returner,PR,4,1
2026-03-14T07:32:09Z,CLE,Malachi Corley,4613104,00-0039920,18,Special Teams,77,Kick Returner,KR,5,1
2026-03-14T07:32:09Z,CLE,Rex Sunahara,3913293,00-0036443,18,Special Teams,39,Long Snapper,LS,6,1
2026-03-14T07:32:09Z,CLE,Isaiah Bond,4808839,00-0040782,18,Special Teams,76,Punt Returner,PR,4,2
2026-03-14T07:32:09Z,CLE,Dylan Sampson,5081397,00-0040162,18,Special Teams,77,Kick Returner,KR,5,2
2026-03-14T07:32:09Z,CLE,Jerry Jeudy,4241463,00-0036407,21,3WR 1TE,1,Wide Receiver,WR,1,1
2026-03-14T07:32:09Z,CLE,Dawand Jones,4427637,00-0039014,21,3WR 1TE,2,Left Tackle,LT,3,1
2026-03-14T07:32:09Z,CLE,Zion Johnson,4247347,00-0037818,21,3WR 1TE,3,Left Guard,LG,4,1
2026-03-14T07:32:09Z,CLE,Elgton Jenkins,3115485,00-0035526,21,3WR 1TE,4,Center,C,5,1
2026-03-14T07:32:09Z,CLE,Teven Jenkins,4038457,00-0036953,21,3WR 1TE,5,Right Guard,RG,6,1
2026-03-14T07:32:09Z,CLE,Tytus Howard,3131498,00-0035234,21,3WR 1TE,6,Right Tackle,RT,7,1
2026-03-14T07:32:09Z,CLE,Shedeur Sanders,4432762,00-0040668,21,3WR 1TE,8,Quarterback,QB,9,1
2026-03-14T07:32:09Z,CLE,Harold Fannin Jr.,5083076,00-0040663,21,3WR 1TE,7,Tight End,TE,10,1
2026-03-14T07:32:09Z,CLE,Quinshon Judkins,4685702,00-0040784,21,3WR 1TE,9,Running Back,RB,11,1
2026-03-14T07:32:09Z,CLE,Cedric Tillman,4369863,00-0038979,21,3WR 1TE,1,Wide Receiver,WR,2,2
2026-03-14T07:32:09Z,CLE,Jeremiah Byers,4575664,00-0040380,21,3WR 1TE,2,Left Tackle,LT,3,2
2026-03-14T07:32:09Z,CLE,Kendrick Green,4240548,00-0036983,21,3WR 1TE,3,Left Guard,LG,4,2
2026-03-14T07:32:09Z,CLE,Luke Wypler,4430806,00-0038609,21,3WR 1TE,4,Center,C,5,2
2026-03-14T07:32:09Z,CLE,Zak Zinter,4433963,00-0039350,21,3WR 1TE,5,Right Guard,RG,6,2
2026-03-14T07:32:09Z,CLE,KT Leveston,4373079,00-0039755,21,3WR 1TE,6,Right Tackle,RT,7,2
2026-03-14T07:32:09Z,CLE,Dillon Gabriel,4427238,00-0040704,21,3WR 1TE,8,Quarterback,QB,9,2
2026-03-14T07:32:09Z,CLE,Jack Stoll,4034862,00-0036741,21,3WR 1TE,7,Tight End,TE,10,2
2026-03-14T07:32:09Z,CLE,Dylan Sampson,5081397,00-0040162,21,3WR 1TE,9,Running Back,RB,11,2
2026-03-14T07:32:09Z,CLE,Isaiah Bond,4808839,00-0040782,21,3WR 1TE,1,Wide Receiver,WR,8,3
2026-03-14T07:32:09Z,CLE,Kingsley Eguakun,4567410,00-0039442,21,3WR 1TE,4,Center,C,5,3
2026-03-14T07:32:09Z,CLE,Jack Conley,4426955,00-0040564,21,3WR 1TE,5,Right Guard,RG,6,3
2026-03-14T07:32:09Z,CLE,Tyre Phillips,4242247,00-0036214,21,3WR 1TE,6,Right Tackle,RT,7,3
2026-03-14T07:32:09Z,CLE,Deshaun Watson,3122840,00-0033537,21,3WR 1TE,8,Quarterback,QB,9,3
2026-03-14T07:32:09Z,CLE,Brenden Bates,4362603,00-0039458,21,3WR 1TE,7,Tight End,TE,10,3
2026-03-14T07:32:09Z,CLE,Raheim Sanders,4601080,00-0040466,21,3WR 1TE,9,Running Back,RB,11,3
2026-03-14T07:32:09Z,CLE,Malachi Corley,4613104,00-0039920,21,3WR 1TE,1,Wide Receiver,WR,1,4
2026-03-14T07:32:09Z,CLE,Sal Cannella,4242536,00-0037015,21,3WR 1TE,7,Tight End,TE,10,4
2026-03-14T07:32:09Z,CLE,Ahmani Marshall,4432374,00-0040260,21,3WR 1TE,9,Running Back,RB,11,4
2026-03-14T07:32:09Z,CLE,Jamari Thrash,4428678,00-0039379,21,3WR 1TE,1,Wide Receiver,WR,2,5
2026-03-14T07:32:09Z,CLE,Caden Prieskorn,4687509,00-0040392,21,3WR 1TE,7,Tight End,TE,10,5
2026-03-14T07:32:09Z,CLE,Gage Larvadain,4877203,00-0040259,21,3WR 1TE,1,Wide Receiver,WR,8,6
2026-03-14T07:32:09Z,CLE,Luke Floriea,4566157,00-0040617,21,3WR 1TE,1,Wide Receiver,WR,1,7
2026-03-14T07:32:09Z,DAL,Quinnen Williams,4040982,00-0035718,15,Base 3-4 D,11,Left Defensive End,LDE,1,1
2026-03-14T07:32:09Z,DAL,Kenny Clark,3122752,00-0033120,15,Base 3-4 D,12,Nose Tackle,NT,2,1
2026-03-14T07:32:09Z,DAL,Otito Ogbonnia,4367210,00-0037270,15,Base 3-4 D,13,Right Defensive End,RDE,3,1
2026-03-14T07:32:09Z,DAL,Rashan Gary,4046523,00-0034967,15,Base 3-4 D,26,Weakside Linebacker,WLB,4,1
2026-03-14T07:32:09Z,DAL,DeMarvion Overshown,4362088,00-0038556,15,Base 3-4 D,15,Left Inside Linebacker,LILB,5,1
2026-03-14T07:32:09Z,DAL,Shemar James,4685400,00-0040011,15,Base 3-4 D,16,Right Inside Linebacker,RILB,6,1
2026-03-14T07:32:09Z,DAL,Donovan Ezeiruaku,4683848,00-0040725,15,Base 3-4 D,28,Strongside Linebacker,SLB,7,1
2026-03-14T07:32:09Z,DAL,Shavon Revel Jr.,5095865,00-0040008,15,Base 3-4 D,18,Left Cornerback,LCB,8,1
2026-03-14T07:32:09Z,DAL,Jalen Thompson,4043089,00-0035705,15,Base 3-4 D,20,Strong Safety,SS,9,1
2026-03-14T07:32:09Z,DAL,Malik Hooker,3121415,00-0033877,15,Base 3-4 D,21,Free Safety,FS,10,1
2026-03-14T07:32:09Z,DAL,DaRon Bland,4248911,00-0037275,15,Base 3-4 D,19,Right Cornerback,RCB,11,1
2026-03-14T07:32:09Z,DAL,Reddy Steward,4428584,00-0039465,15,Base 3-4 D,34,Nickel Back,NB,12,1
2026-03-14T07:32:09Z,DAL,Tyrus Wheat,4689333,00-0038742,15,Base 3-4 D,11,Left Defensive End,LDE,1,2
2026-03-14T07:32:09Z,DAL,Jay Toia,4431603,00-0040019,15,Base 3-4 D,12,Nose Tackle,NT,2,2
2026-03-14T07:32:09Z,DAL,Adedayo Odeleye,5066095,00-0038144,15,Base 3-4 D,26,Weakside Linebacker,WLB,4,2
2026-03-14T07:32:09Z,DAL,Justin Barron,4429249,00-0040043,15,Base 3-4 D,15,Left Inside Linebacker,LILB,5,2
2026-03-14T07:32:09Z,DAL,Marist Liufau,4427816,00-0039352,15,Base 3-4 D,16,Right Inside Linebacker,RILB,6,2
2026-03-14T07:32:09Z,DAL,Sam Williams,4567242,00-0037665,15,Base 3-4 D,28,Strongside Linebacker,SLB,7,2
2026-03-14T07:32:09Z,DAL,Trikweze Bridges,4426513,00-0040251,15,Base 3-4 D,18,Left Cornerback,LCB,8,2
2026-03-14T07:32:09Z,DAL,Markquese Bell,4241921,00-0037561,15,Base 3-4 D,20,Strong Safety,SS,9,2
2026-03-14T07:32:09Z,DAL,P.J. Locke,3929850,00-0035227,15,Base 3-4 D,21,Free Safety,FS,10,2
2026-03-14T07:32:09Z,DAL,Cobie Durant,4384549,00-0037839,15,Base 3-4 D,19,Right Cornerback,RCB,11,2
2026-03-14T07:32:09Z,DAL,Zion Childress,4685841,00-0040044,15,Base 3-4 D,34,Nickel Back,NB,12,2
2026-03-14T07:32:09Z,DAL,James Houston,4240608,00-0037310,15,Base 3-4 D,28,Strongside Linebacker,SLB,7,3
2026-03-14T07:32:09Z,DAL,Josh Butler,3929814,00-0038348,15,Base 3-4 D,18,Left Cornerback,LCB,8,3
2026-03-14T07:32:09Z,DAL,Julius Wood,4872841,00-0039532,15,Base 3-4 D,20,Strong Safety,SS,9,3
2026-03-14T07:32:09Z,DAL,Alijah Clark,4595352,00-0040045,15,Base 3-4 D,21,Free Safety,FS,10,3
2026-03-14T07:32:09Z,DAL,Caelen Carson,4431006,00-0039387,15,Base 3-4 D,19,Right Cornerback,RCB,11,3
2026-03-14T07:32:09Z,DAL,Isaiah Land,4574551,00-0038737,15,Base 3-4 D,28,Strongside Linebacker,SLB,7,4
2026-03-14T07:32:09Z,DAL,Brandon Aubrey,3953687,00-0037692,18,Special Teams,22,Place kicker,PK,1,1
2026-03-14T07:32:09Z,DAL,Bryan Anger,14950,00-0029692,18,Special Teams,23,Punter,P,2,1
2026-03-14T07:32:09Z,DAL,Bryan Anger,14950,00-0029692,18,Special Teams,79,Holder,H,3,1
2026-03-14T07:32:09Z,DAL,KaVontae Turpin,3676833,00-0037801,18,Special Teams,76,Punt Returner,PR,4,1
2026-03-14T07:32:09Z,DAL,KaVontae Turpin,3676833,00-0037801,18,Special Teams,77,Kick Returner,KR,5,1
2026-03-14T07:32:09Z,DAL,Trent Sieg,3052357,00-0034198,18,Special Teams,39,Long Snapper,LS,6,1
2026-03-14T07:32:09Z,DAL,Jaydon Blue,4685279,00-0040586,18,Special Teams,77,Kick Returner,KR,5,2
2026-03-14T07:32:09Z,DAL,CeeDee Lamb,4241389,00-0036358,21,3WR 1TE,1,Wide Receiver,WR,1,1
2026-03-14T07:32:09Z,DAL,Tyler Smith,4568652,00-0037243,21,3WR 1TE,2,Left Tackle,LT,3,1
2026-03-14T07:32:09Z,DAL,T.J. Bass,4685120,00-0038731,21,3WR 1TE,3,Left Guard,LG,4,1
2026-03-14T07:32:09Z,DAL,Cooper Beebe,4426663,00-0039348,21,3WR 1TE,4,Center,C,5,1
2026-03-14T07:32:09Z,DAL,Tyler Booker,4685263,00-0040007,21,3WR 1TE,5,Right Guard,RG,6,1
2026-03-14T07:32:09Z,DAL,Terence Steele,3915834,00-0036036,21,3WR 1TE,6,Right Tackle,RT,7,1
2026-03-14T07:32:09Z,DAL,Dak Prescott,2577417,00-0033077,21,3WR 1TE,8,Quarterback,QB,9,1
2026-03-14T07:32:09Z,DAL,Jake Ferguson,4242355,00-0038041,21,3WR 1TE,7,Tight End,TE,10,1
2026-03-14T07:32:09Z,DAL,Javonte Williams,4361579,00-0036997,21,3WR 1TE,9,Running Back,RB,11,1
2026-03-14T07:32:09Z,DAL,Hunter Luepke,4383396,00-0038738,21,3WR 1TE,10,Fullback,FB,12,1
2026-03-14T07:32:09Z,DAL,George Pickens,4426354,00-0037247,21,3WR 1TE,1,Wide Receiver,WR,2,2
2026-03-14T07:32:09Z,DAL,Tyler Guyton,4609048,00-0039341,21,3WR 1TE,2,Left Tackle,LT,3,2
2026-03-14T07:32:09Z,DAL,Trevor Keegan,4427140,00-0039310,21,3WR 1TE,3,Left Guard,LG,4,2
2026-03-14T07:32:09Z,DAL,Matt Hennessy,4044138,00-0036295,21,3WR 1TE,4,Center,C,5,2
2026-03-14T07:32:09Z,DAL,Ajani Cornelius,4696203,00-0040017,21,3WR 1TE,6,Right Tackle,RT,7,2
2026-03-14T07:32:09Z,DAL,Joe Milton III,4360698,00-0039398,21,3WR 1TE,8,Quarterback,QB,9,2
2026-03-14T07:32:09Z,DAL,Brevyn Spann-Ford,4360967,00-0039530,21,3WR 1TE,7,Tight End,TE,10,2
2026-03-14T07:32:09Z,DAL,Malik Davis,4240603,00-0037563,21,3WR 1TE,9,Running Back,RB,11,2
2026-03-14T07:32:09Z,DAL,Ryan Flournoy,5083754,00-0039410,21,3WR 1TE,1,Wide Receiver,WR,8,3
2026-03-14T07:32:09Z,DAL,Nate Thomas,4428656,00-0039422,21,3WR 1TE,2,Left Tackle,LT,3,3
2026-03-14T07:32:09Z,DAL,Nick Leverett,3920591,00-0036105,21,3WR 1TE,4,Center,C,5,3
2026-03-14T07:32:09Z,DAL,Sam Howell,4426875,00-0037077,21,3WR 1TE,8,Quarterback,QB,9,3
2026-03-14T07:32:09Z,DAL,Luke Schoonmaker,4372096,00-0038547,21,3WR 1TE,7,Tight End,TE,10,3
2026-03-14T07:32:09Z,DAL,Jaydon Blue,4685279,00-0040586,21,3WR 1TE,9,Running Back,RB,11,3
2026-03-14T07:32:09Z,DAL,KaVontae Turpin,3676833,00-0037801,21,3WR 1TE,1,Wide Receiver,WR,1,4
2026-03-14T07:32:09Z,DAL,Marcellus Johnson,4363547,00-0039507,21,3WR 1TE,2,Left Tackle,LT,3,4
2026-03-14T07:32:09Z,DAL,Princeton Fant,4242442,00-0038735,21,3WR 1TE,7,Tight End,TE,10,4
2026-03-14T07:32:09Z,DAL,Phil Mafah,4431562,00-0040021,21,3WR 1TE,9,Running Back,RB,11,4
2026-03-14T07:32:09Z,DAL,Jonathan Mingo,4426485,00-0039062,21,3WR 1TE,1,Wide Receiver,WR,2,5
2026-03-14T07:32:09Z,DAL,Israel Abanikanda,4429202,00-0038389,21,3WR 1TE,9,Running Back,RB,11,5
2026-03-14T07:32:09Z,DAL,Parris Campbell,3121410,00-0035639,21,3WR 1TE,1,Wide Receiver,WR,8,6
2026-03-14T07:32:09Z,DAL,Traeshon Holden,4429172,00-0040048,21,3WR 1TE,1,Wide Receiver,WR,1,7
2026-03-14T07:32:09Z,DEN,Zach Allen,3915282,00-0035248,15,Base 3-4 D,11,Left Defensive End,LDE,1,1
2026-03-14T07:32:09Z,DEN,D.J. Jones,3894915,00-0033297,15,Base 3-4 D,12,Nose Tackle,NT,2,1
2026-03-14T07:32:09Z,DEN,Malcolm Roach,4039064,00-0035763,15,Base 3-4 D,13,Right Defensive End,RDE,3,1
2026-03-14T07:32:09Z,DEN,Jonathon Cooper,4040608,00-0036952,15,Base 3-4 D,26,Weakside Linebacker,WLB,4,1
2026-03-14T07:32:09Z,DEN,Alex Singleton,2612151,00-0031898,15,Base 3-4 D,15,Left Inside Linebacker,LILB,5,1
2026-03-14T07:32:09Z,DEN,Justin Strnad,3919548,00-0036428,15,Base 3-4 D,16,Right Inside Linebacker,RILB,6,1
2026-03-14T07:32:09Z,DEN,Nik Bonitto,4360259,00-0037249,15,Base 3-4 D,28,Strongside Linebacker,SLB,7,1
2026-03-14T07:32:09Z,DEN,Pat Surtain II,4372012,00-0036874,15,Base 3-4 D,18,Left Cornerback,LCB,8,1
2026-03-14T07:32:09Z,DEN,Talanoa Hufanga,4360853,00-0036564,15,Base 3-4 D,20,Strong Safety,SS,9,1
2026-03-14T07:32:09Z,DEN,Brandon Jones,4039059,00-0036221,15,Base 3-4 D,21,Free Safety,FS,10,1
2026-03-14T07:32:09Z,DEN,Riley Moss,4382401,00-0038552,15,Base 3-4 D,19,Right Cornerback,RCB,11,1
2026-03-14T07:32:09Z,DEN,Ja'Quan McMillian,4567462,00-0037384,15,Base 3-4 D,34,Nickel Back,NB,12,1
2026-03-14T07:32:09Z,DEN,Jordan Jackson,4261090,00-0037294,15,Base 3-4 D,11,Left Defensive End,LDE,1,2
2026-03-14T07:32:09Z,DEN,Eyioma Uwazurike,4066109,00-0038106,15,Base 3-4 D,12,Nose Tackle,NT,2,2
2026-03-14T07:32:09Z,DEN,Sai'vion Jones,4603189,00-0040153,15,Base 3-4 D,13,Right Defensive End,RDE,3,2
2026-03-14T07:32:09Z,DEN,Jonah Elliss,4687592,00-0039809,15,Base 3-4 D,26,Weakside Linebacker,WLB,4,2
2026-03-14T07:32:09Z,DEN,Karene Reid,4875336,00-0040449,15,Base 3-4 D,15,Left Inside Linebacker,LILB,5,2
2026-03-14T07:32:09Z,DEN,Drew Sanders,4685721,00-0039003,15,Base 3-4 D,16,Right Inside Linebacker,RILB,6,2
2026-03-14T07:32:09Z,DEN,Dondrea Tillman,5216101,00-0037799,15,Base 3-4 D,28,Strongside Linebacker,SLB,7,2
2026-03-14T07:32:09Z,DEN,Kris Abrams-Draine,4429193,00-0039371,15,Base 3-4 D,18,Left Cornerback,LCB,8,2
2026-03-14T07:32:09Z,DEN,JL Skinner,4428503,00-0038605,15,Base 3-4 D,20,Strong Safety,SS,9,2
2026-03-14T07:32:09Z,DEN,Devon Key,4037559,00-0036683,15,Base 3-4 D,21,Free Safety,FS,10,2
2026-03-14T07:32:09Z,DEN,Reese Taylor,4371946,00-0038521,15,Base 3-4 D,19,Right Cornerback,RCB,11,2
2026-03-14T07:32:09Z,DEN,Jahdae Barron,4430925,00-0040720,15,Base 3-4 D,34,Nickel Back,NB,12,2
2026-03-14T07:32:09Z,DEN,Matt Henningsen,4242358,00-0037303,15,Base 3-4 D,11,Left Defensive End,LDE,1,3
2026-03-14T07:32:09Z,DEN,Jordan Miller,4362524,00-0039570,15,Base 3-4 D,12,Nose Tackle,NT,2,3
2026-03-14T07:32:09Z,DEN,Kristian Williams,4428886,00-0040454,15,Base 3-4 D,13,Right Defensive End,RDE,3,3
2026-03-14T07:32:09Z,DEN,Que Robinson,4692048,00-0040168,15,Base 3-4 D,26,Weakside Linebacker,WLB,4,3
2026-03-14T07:32:09Z,DEN,Jordan Turner,4693373,00-0040634,15,Base 3-4 D,15,Left Inside Linebacker,LILB,5,3
2026-03-14T07:32:09Z,DEN,Levelle Bailey,4428241,00-0039565,15,Base 3-4 D,16,Right Inside Linebacker,RILB,6,3
2026-03-14T07:32:09Z,DEN,Johnny Walker Jr.,4430973,00-0040452,15,Base 3-4 D,28,Strongside Linebacker,SLB,7,3
2026-03-14T07:32:09Z,DEN,Jaden Robinson,4374032,00-0040450,15,Base 3-4 D,19,Right Cornerback,RCB,11,3
2026-03-14T07:32:09Z,DEN,Garrett Nelson,4430250,00-0038693,15,Base 3-4 D,28,Strongside Linebacker,SLB,7,4
2026-03-14T07:32:09Z,DEN,Wil Lutz,2985659,00-0032569,18,Special Teams,22,Place kicker,PK,1,1
2026-03-14T07:32:09Z,DEN,Jeremy Crawshaw,4589212,00-0040223,18,Special Teams,23,Punter,P,2,1
2026-03-14T07:32:09Z,DEN,Jeremy Crawshaw,4589212,00-0040223,18,Special Teams,79,Holder,H,3,1
2026-03-14T07:32:09Z,DEN,Marvin Mims Jr.,4686472,00-0038976,18,Special Teams,76,Punt Returner,PR,4,1
2026-03-14T07:32:09Z,DEN,Marvin Mims Jr.,4686472,00-0038976,18,Special Teams,77,Kick Returner,KR,5,1
2026-03-14T07:32:09Z,DEN,Mitchell Fraboni,3139166,00-0036943,18,Special Teams,39,Long Snapper,LS,6,1
2026-03-14T07:32:09Z,DEN,Michael Bandy,4034704,00-0036959,18,Special Teams,76,Punt Returner,PR,4,2
2026-03-14T07:32:09Z,DEN,Tyler Badie,4362748,00-0037085,18,Special Teams,77,Kick Returner,KR,5,2
2026-03-14T07:32:09Z,DEN,RJ Harvey,4568490,00-0040730,18,Special Teams,77,Kick Returner,KR,5,3
2026-03-14T07:32:09Z,DEN,Courtland Sutton,3128429,00-0034348,21,3WR 1TE,1,Wide Receiver,WR,1,1
2026-03-14T07:32:09Z,DEN,Garett Bolles,4035662,00-0033538,21,3WR 1TE,2,Left Tackle,LT,3,1
2026-03-14T07:32:09Z,DEN,Ben Powers,4037650,00-0034978,21,3WR 1TE,3,Left Guard,LG,4,1
2026-03-14T07:32:09Z,DEN,Luke Wattenberg,4039018,00-0037278,21,3WR 1TE,4,Center,C,5,1
2026-03-14T07:32:09Z,DEN,Quinn Meinerz,4608138,00-0037001,21,3WR 1TE,5,Right Guard,RG,6,1
2026-03-14T07:32:09Z,DEN,Mike McGlinchey,3052885,00-0034847,21,3WR 1TE,6,Right Tackle,RT,7,1
2026-03-14T07:32:09Z,DEN,Bo Nix,4426338,00-0039732,21,3WR 1TE,8,Quarterback,QB,9,1
2026-03-14T07:32:09Z,DEN,Evan Engram,3051876,00-0033881,21,3WR 1TE,7,Tight End,TE,10,1
2026-03-14T07:32:09Z,DEN,J.K. Dobbins,4241985,00-0036158,21,3WR 1TE,9,Running Back,RB,11,1
2026-03-14T07:32:09Z,DEN,Adam Prentice,3929914,00-0036727,21,3WR 1TE,10,Fullback,FB,12,1
2026-03-14T07:32:09Z,DEN,Troy Franklin,4431280,00-0039868,21,3WR 1TE,1,Wide Receiver,WR,2,2
2026-03-14T07:32:09Z,DEN,Matt Peart,3921936,00-0036392,21,3WR 1TE,2,Left Tackle,LT,3,2
2026-03-14T07:32:09Z,DEN,Alex Palczewski,4240551,00-0038796,21,3WR 1TE,3,Left Guard,LG,4,2
2026-03-14T07:32:09Z,DEN,Alex Forsyth,4242503,00-0038649,21,3WR 1TE,4,Center,C,5,2
2026-03-14T07:32:09Z,DEN,Calvin Throckmorton,3915147,00-0035764,21,3WR 1TE,5,Right Guard,RG,6,2
2026-03-14T07:32:09Z,DEN,Frank Crum,4361691,00-0039568,21,3WR 1TE,6,Right Tackle,RT,7,2
2026-03-14T07:32:09Z,DEN,Jarrett Stidham,3892775,00-0035264,21,3WR 1TE,8,Quarterback,QB,9,2
2026-03-14T07:32:09Z,DEN,Adam Trautman,3911853,00-0036422,21,3WR 1TE,7,Tight End,TE,10,2
2026-03-14T07:32:09Z,DEN,RJ Harvey,4568490,00-0040730,21,3WR 1TE,9,Running Back,RB,11,2
2026-03-14T07:32:09Z,DEN,Pat Bryant,4600981,00-0040134,21,3WR 1TE,1,Wide Receiver,WR,8,3
2026-03-14T07:32:09Z,DEN,Marques Cox,4374089,00-0040442,21,3WR 1TE,2,Left Tackle,LT,3,3
2026-03-14T07:32:09Z,DEN,Nash Jones,4688371,00-0040475,21,3WR 1TE,3,Left Guard,LG,4,3
2026-03-14T07:32:09Z,DEN,Michael Deiter,3121541,00-0035686,21,3WR 1TE,4,Center,C,5,3
2026-03-14T07:32:09Z,DEN,Nick Gargiulo,4368033,00-0039438,21,3WR 1TE,5,Right Guard,RG,6,3
2026-03-14T07:32:09Z,DEN,Sam Ehlinger,4241820,00-0036879,21,3WR 1TE,8,Quarterback,QB,9,3
2026-03-14T07:32:09Z,DEN,Nate Adkins,4383440,00-0038783,21,3WR 1TE,7,Tight End,TE,10,3
2026-03-14T07:32:09Z,DEN,Jaleel McLaughlin,4722893,00-0038794,21,3WR 1TE,9,Running Back,RB,11,3
2026-03-14T07:32:09Z,DEN,Marvin Mims Jr.,4686472,00-0038976,21,3WR 1TE,1,Wide Receiver,WR,1,4
2026-03-14T07:32:09Z,DEN,Lucas Krull,4360231,00-0037539,21,3WR 1TE,7,Tight End,TE,10,4
2026-03-14T07:32:09Z,DEN,Tyler Badie,4362748,00-0037085,21,3WR 1TE,9,Running Back,RB,11,4
2026-03-14T07:32:09Z,DEN,Lil'Jordan Humphrey,4039057,00-0035406,21,3WR 1TE,1,Wide Receiver,WR,2,5
2026-03-14T07:32:09Z,DEN,Caleb Lohner,4432208,00-0040240,21,3WR 1TE,7,Tight End,TE,10,5
2026-03-14T07:32:09Z,DEN,Cody Schrader,4391845,00-0039703,21,3WR 1TE,9,Running Back,RB,11,5
2026-03-14T07:32:09Z,DEN,Michael Bandy,4034704,00-0036959,21,3WR 1TE,1,Wide Receiver,WR,8,6
2026-03-14T07:32:09Z,DEN,Deuce Vaughn,4431453,00-0038622,21,3WR 1TE,9,Running Back,RB,11,6
2026-03-14T07:32:09Z,DET,Aidan Hutchinson,4372099,00-0037236,16,Base 4-3 D,11,Left Defensive End,LDE,1,1
2026-03-14T07:32:09Z,DET,Alim McNeill,4361662,00-0036624,16,Base 4-3 D,24,Left Defensive Tackle,LDT,2,1
2026-03-14T07:32:09Z,DET,Levi Onwuzurike,4039020,00-0036954,16,Base 4-3 D,25,Right Defensive Tackle,RDT,3,1
2026-03-14T07:32:09Z,DET,Tyler Lacy,4361861,00-0038940,16,Base 4-3 D,13,Right Defensive End,RDE,4,1
2026-03-14T07:32:09Z,DET,Malcolm Rodriguez,4241411,00-0037289,16,Base 4-3 D,26,Weakside Linebacker,WLB,5,1
2026-03-14T07:32:09Z,DET,Jack Campbell,4569465,00-0039018,16,Base 4-3 D,27,Middle Linebacker,MLB,6,1
2026-03-14T07:32:09Z,DET,Derrick Barnes,4260409,00-0036964,16,Base 4-3 D,28,Strongside Linebacker,SLB,7,1
2026-03-14T07:32:09Z,DET,D.J. Reed,3139387,00-0034384,16,Base 4-3 D,18,Left Cornerback,LCB,8,1
2026-03-14T07:32:09Z,DET,Brian Branch,4692025,00-0039141,16,Base 4-3 D,20,Strong Safety,SS,9,1
2026-03-14T07:32:09Z,DET,Kerby Joseph,4360383,00-0037667,16,Base 4-3 D,21,Free Safety,FS,10,1
2026-03-14T07:32:09Z,DET,Terrion Arnold,4592837,00-0039903,16,Base 4-3 D,19,Right Cornerback,RCB,11,1
2026-03-14T07:32:09Z,DET,Ennis Rakestraw Jr.,4566092,00-0039862,16,Base 4-3 D,34,Nickel Back,NB,12,1
2026-03-14T07:32:09Z,DET,Tyleik Williams,4431615,00-0040672,16,Base 4-3 D,24,Left Defensive Tackle,LDT,2,2
2026-03-14T07:32:09Z,DET,Chris Smith,4367835,00-0038661,16,Base 4-3 D,25,Right Defensive Tackle,RDT,3,2
2026-03-14T07:32:09Z,DET,Ahmed Hassanein,4710422,00-0040761,16,Base 4-3 D,13,Right Defensive End,RDE,4,2
2026-03-14T07:32:09Z,DET,Trevor Nowaske,5144894,00-0038660,16,Base 4-3 D,26,Weakside Linebacker,WLB,5,2
2026-03-14T07:32:09Z,DET,Rock Ya-Sin,3910229,00-0035637,16,Base 4-3 D,18,Left Cornerback,LCB,8,2
2026-03-14T07:32:09Z,DET,Dan Jackson,4575115,00-0040233,16,Base 4-3 D,20,Strong Safety,SS,9,2
2026-03-14T07:32:09Z,DET,Christian Izien,4372459,00-0038820,16,Base 4-3 D,21,Free Safety,FS,10,2
2026-03-14T07:32:09Z,DET,Roger McCreary,4371973,00-0038125,16,Base 4-3 D,19,Right Cornerback,RCB,11,2
2026-03-14T07:32:09Z,DET,Mekhi Wingo,4586333,00-0039396,16,Base 4-3 D,24,Left Defensive Tackle,LDT,2,3
2026-03-14T07:32:09Z,DET,Nick Whiteside,5143915,00-0038841,16,Base 4-3 D,18,Left Cornerback,LCB,8,3
2026-03-14T07:32:09Z,DET,Thomas Harper,4569323,00-0039660,16,Base 4-3 D,21,Free Safety,FS,10,3
2026-03-14T07:32:09Z,DET,Khalil Dorsey,4027919,00-0036124,16,Base 4-3 D,19,Right Cornerback,RCB,11,3
2026-03-14T07:32:09Z,DET,Loren Strickland,4917439,00-0039448,16,Base 4-3 D,21,Free Safety,FS,10,4
2026-03-14T07:32:09Z,DET,Jake Bates,4689936,00-0039172,18,Special Teams,22,Place kicker,PK,1,1
2026-03-14T07:32:09Z,DET,Jack Fox,3916370,00-0035156,18,Special Teams,23,Punter,P,2,1
2026-03-14T07:32:09Z,DET,Jack Fox,3916370,00-0035156,18,Special Teams,79,Holder,H,3,1
2026-03-14T07:32:09Z,DET,Jacob Saylors,4383429,00-0038896,18,Special Teams,77,Kick Returner,KR,5,1
2026-03-14T07:32:09Z,DET,Hogan Hatten,4571755,00-0039445,18,Special Teams,39,Long Snapper,LS,6,1
2026-03-14T07:32:09Z,DET,Sione Vaki,4912274,00-0039364,18,Special Teams,77,Kick Returner,KR,5,2
2026-03-14T07:32:09Z,DET,Amon-Ra St. Brown,4374302,00-0036963,21,3WR 1TE,1,Wide Receiver,WR,1,1
2026-03-14T07:32:09Z,DET,Larry Borom,4241217,00-0036905,21,3WR 1TE,2,Left Tackle,LT,3,1
2026-03-14T07:32:09Z,DET,Christian Mahogany,4427864,00-0039408,21,3WR 1TE,3,Left Guard,LG,4,1
2026-03-14T07:32:09Z,DET,Cade Mays,4361788,00-0037297,21,3WR 1TE,4,Center,C,5,1
2026-03-14T07:32:09Z,DET,Tate Ratledge,4429035,00-0040728,21,3WR 1TE,5,Right Guard,RG,6,1
2026-03-14T07:32:09Z,DET,Penei Sewell,4373825,00-0036880,21,3WR 1TE,6,Right Tackle,RT,7,1
2026-03-14T07:32:09Z,DET,Jared Goff,3046779,00-0033106,21,3WR 1TE,8,Quarterback,QB,9,1
2026-03-14T07:32:09Z,DET,Sam LaPorta,4430027,00-0039065,21,3WR 1TE,7,Tight End,TE,10,1
2026-03-14T07:32:09Z,DET,Jahmyr Gibbs,4429795,00-0039139,21,3WR 1TE,9,Running Back,RB,11,1
2026-03-14T07:32:09Z,DET,Jameson Williams,4426388,00-0037240,21,3WR 1TE,1,Wide Receiver,WR,2,2
2026-03-14T07:32:09Z,DET,Devin Cochran,4035270,00-0037414,21,3WR 1TE,2,Left Tackle,LT,3,2
2026-03-14T07:32:09Z,DET,Juice Scruggs,4361425,00-0038936,21,3WR 1TE,3,Left Guard,LG,4,2
2026-03-14T07:32:09Z,DET,Michael Niese,4051353,00-0037385,21,3WR 1TE,4,Center,C,5,2
2026-03-14T07:32:09Z,DET,Miles Frazier,4608890,00-0040193,21,3WR 1TE,5,Right Guard,RG,6,2
2026-03-14T07:32:09Z,DET,Giovanni Manu,5209589,00-0039362,21,3WR 1TE,6,Right Tackle,RT,7,2
2026-03-14T07:32:09Z,DET,Teddy Bridgewater,16728,00-0031237,21,3WR 1TE,8,Quarterback,QB,9,2
2026-03-14T07:32:09Z,DET,Brock Wright,4242392,00-0036754,21,3WR 1TE,7,Tight End,TE,10,2
2026-03-14T07:32:09Z,DET,Isiah Pacheco,4361529,00-0037197,21,3WR 1TE,9,Running Back,RB,11,2
2026-03-14T07:32:09Z,DET,Isaac TeSlaa,5123663,00-0040669,21,3WR 1TE,1,Wide Receiver,WR,8,3
2026-03-14T07:32:09Z,DET,Seth McLaughlin,4429187,00-0040374,21,3WR 1TE,4,Center,C,5,3
2026-03-14T07:32:09Z,DET,Colby Sorsdal,4367775,00-0038592,21,3WR 1TE,5,Right Guard,RG,6,3
2026-03-14T07:32:09Z,DET,Mason Miller,4693332,00-0040391,21,3WR 1TE,6,Right Tackle,RT,7,3
2026-03-14T07:32:09Z,DET,Tyler Conklin,3915486,00-0034270,21,3WR 1TE,7,Tight End,TE,10,3
2026-03-14T07:32:09Z,DET,Sione Vaki,4912274,00-0039364,21,3WR 1TE,9,Running Back,RB,11,3
2026-03-14T07:32:09Z,DET,Dominic Lovett,4596439,00-0040241,21,3WR 1TE,1,Wide Receiver,WR,1,4
2026-03-14T07:32:09Z,DET,Zach Horton,4877824,00-0040387,21,3WR 1TE,7,Tight End,TE,10,4
2026-03-14T07:32:09Z,DET,Jacob Saylors,4383429,00-0038896,21,3WR 1TE,9,Running Back,RB,11,4
2026-03-14T07:32:09Z,DET,Jackson Meeks,4602788,00-0040390,21,3WR 1TE,1,Wide Receiver,WR,2,5
2026-03-14T07:32:09Z,DET,Thomas Gordon,4569615,00-0040697,21,3WR 1TE,7,Tight End,TE,10,5
2026-03-14T07:32:09Z,DET,Jabari Small,4432545,00-0039652,21,3WR 1TE,9,Running Back,RB,11,5
2026-03-14T07:32:09Z,DET,Malik Cunningham,4240069,00-0038911,21,3WR 1TE,1,Wide Receiver,WR,8,6
2026-03-14T07:32:09Z,DET,Kye Robichaux,4880638,00-0040393,21,3WR 1TE,9,Running Back,RB,11,6
2026-03-14T07:32:09Z,DET,Tom Kennedy,3126997,00-0035544,21,3WR 1TE,1,Wide Receiver,WR,1,7
2026-03-14T07:32:09Z,GB,Karl Brooks,4373423,00-0038398,15,Base 3-4 D,11,Left Defensive End,LDE,1,1
2026-03-14T07:32:09Z,GB,Devonte Wyatt,4361791,00-0037075,15,Base 3-4 D,12,Nose Tackle,NT,2,1
2026-03-14T07:32:09Z,GB,Javon Hargrave,2983055,00-0033109,15,Base 3-4 D,13,Right Defensive End,RDE,3,1
2026-03-14T07:32:09Z,GB,Brenton Cox Jr.,4361776,00-0038463,15,Base 3-4 D,26,Weakside Linebacker,WLB,4,1
2026-03-14T07:32:09Z,GB,Edgerrin Cooper,4430438,00-0039850,15,Base 3-4 D,15,Left Inside Linebacker,LILB,5,1
2026-03-14T07:32:09Z,GB,Zaire Franklin,3124005,00-0034431,15,Base 3-4 D,16,Right Inside Linebacker,RILB,6,1
2026-03-14T07:32:09Z,GB,Micah Parsons,4361423,00-0036932,15,Base 3-4 D,28,Strongside Linebacker,SLB,7,1
2026-03-14T07:32:09Z,GB,Keisean Nixon,4259493,00-0035133,15,Base 3-4 D,18,Left Cornerback,LCB,8,1
2026-03-14T07:32:09Z,GB,Evan Williams,4428863,00-0039813,15,Base 3-4 D,20,Strong Safety,SS,9,1
2026-03-14T07:32:09Z,GB,Xavier McKinney,4241470,00-0036388,15,Base 3-4 D,21,Free Safety,FS,10,1
2026-03-14T07:32:09Z,GB,Carrington Valentine,4430965,00-0038408,15,Base 3-4 D,19,Right Cornerback,RCB,11,1
2026-03-14T07:32:09Z,GB,Javon Bullard,4688930,00-0039867,15,Base 3-4 D,34,Nickel Back,NB,12,1
2026-03-14T07:32:09Z,GB,Jaden Crumedy,4362910,00-0039402,15,Base 3-4 D,11,Left Defensive End,LDE,1,2
2026-03-14T07:32:09Z,GB,Jordon Riley,4240677,00-0038506,15,Base 3-4 D,12,Nose Tackle,NT,2,2
2026-03-14T07:32:09Z,GB,Warren Brinson,4429136,00-0040016,15,Base 3-4 D,13,Right Defensive End,RDE,3,2
2026-03-14T07:32:09Z,GB,Barryn Sorrell,4683643,00-0040010,15,Base 3-4 D,26,Weakside Linebacker,WLB,4,2
2026-03-14T07:32:09Z,GB,Ty'Ron Hopper,4567406,00-0039812,15,Base 3-4 D,15,Left Inside Linebacker,LILB,5,2
2026-03-14T07:32:09Z,GB,Isaiah McDuffie,4239947,00-0036658,15,Base 3-4 D,16,Right Inside Linebacker,RILB,6,2
2026-03-14T07:32:09Z,GB,Lukas Van Ness,4686906,00-0039112,15,Base 3-4 D,28,Strongside Linebacker,SLB,7,2
2026-03-14T07:32:09Z,GB,Tyron Herring,4427461,00-0040038,15,Base 3-4 D,18,Left Cornerback,LCB,8,2
2026-03-14T07:32:09Z,GB,Jaylin Simpson,4567225,00-0039383,15,Base 3-4 D,20,Strong Safety,SS,9,2
2026-03-14T07:32:09Z,GB,Kitan Oladapo,4374037,00-0039818,15,Base 3-4 D,21,Free Safety,FS,10,2
2026-03-14T07:32:09Z,GB,Benjamin St-Juste,4258206,00-0036625,15,Base 3-4 D,19,Right Cornerback,RCB,11,2
2026-03-14T07:32:09Z,GB,James Ester,4429576,00-0039269,15,Base 3-4 D,11,Left Defensive End,LDE,1,3
2026-03-14T07:32:09Z,GB,Nazir Stackhouse,4429142,00-0040041,15,Base 3-4 D,12,Nose Tackle,NT,2,3
2026-03-14T07:32:09Z,GB,Collin Oliver,4683059,00-0040012,15,Base 3-4 D,26,Weakside Linebacker,WLB,4,3
2026-03-14T07:32:09Z,GB,Kristian Welch,4036153,00-0036157,15,Base 3-4 D,15,Left Inside Linebacker,LILB,5,3
2026-03-14T07:32:09Z,GB,Nick Niemann,4036141,00-0036648,15,Base 3-4 D,16,Right Inside Linebacker,RILB,6,3
2026-03-14T07:32:09Z,GB,Arron Mosby,4242996,00-0037364,15,Base 3-4 D,28,Strongside Linebacker,SLB,7,3
2026-03-14T07:32:09Z,GB,Bo Melton,4259305,00-0037091,15,Base 3-4 D,18,Left Cornerback,LCB,8,3
2026-03-14T07:32:09Z,GB,Mark Perry,4428223,00-0039488,15,Base 3-4 D,21,Free Safety,FS,10,3
2026-03-14T07:32:09Z,GB,Kamal Hadden,4427356,00-0039831,15,Base 3-4 D,19,Right Cornerback,RCB,11,3
2026-03-14T07:32:09Z,GB,Jonathan Ford,4259762,00-0037094,15,Base 3-4 D,12,Nose Tackle,NT,2,4
2026-03-14T07:32:09Z,GB,Anthony Campbell,4887255,00-0040689,15,Base 3-4 D,13,Right Defensive End,RDE,3,4
2026-03-14T07:32:09Z,GB,Jamon Johnson,4569680,00-0040037,15,Base 3-4 D,15,Left Inside Linebacker,LILB,5,4
2026-03-14T07:32:09Z,GB,Shemar Bartholomew,4371336,00-0039292,15,Base 3-4 D,19,Right Cornerback,RCB,11,4
2026-03-14T07:32:09Z,GB,Johnathan Baldwin,4709980,00-0040033,15,Base 3-4 D,19,Right Cornerback,RCB,11,5
2026-03-14T07:32:09Z,GB,Brandon McManus,16339,00-0029822,18,Special Teams,22,Place kicker,PK,1,1
2026-03-14T07:32:09Z,GB,Daniel Whelan,4248789,00-0037547,18,Special Teams,23,Punter,P,2,1
2026-03-14T07:32:09Z,GB,Daniel Whelan,4248789,00-0037547,18,Special Teams,79,Holder,H,3,1
2026-03-14T07:32:09Z,GB,Skyy Moore,4430191,00-0038090,18,Special Teams,76,Punt Returner,PR,4,1
2026-03-14T07:32:09Z,GB,Skyy Moore,4430191,00-0038090,18,Special Teams,77,Kick Returner,KR,5,1
2026-03-14T07:32:09Z,GB,Matt Orzech,4422336,00-0035118,18,Special Teams,39,Long Snapper,LS,6,1
2026-03-14T07:32:09Z,GB,Lucas Havrisik,4245661,00-0038152,18,Special Teams,22,Place kicker,PK,1,2
2026-03-14T07:32:09Z,GB,Matthew Golden,4701936,00-0040667,18,Special Teams,76,Punt Returner,PR,4,2
2026-03-14T07:32:09Z,GB,Savion Williams,4431487,00-0040009,18,Special Teams,77,Kick Returner,KR,5,2
2026-03-14T07:32:09Z,GB,Jayden Reed,4362249,00-0039146,18,Special Teams,76,Punt Returner,PR,4,3
2026-03-14T07:32:09Z,GB,Bo Melton,4259305,00-0037091,18,Special Teams,77,Kick Returner,KR,5,3
2026-03-14T07:32:09Z,GB,Christian Watson,4248528,00-0038124,21,3WR 1TE,1,Wide Receiver,WR,1,1
2026-03-14T07:32:09Z,GB,Jordan Morgan,3821571,00-0039904,21,3WR 1TE,2,Left Tackle,LT,3,1
2026-03-14T07:32:09Z,GB,Aaron Banks,4242390,00-0036551,21,3WR 1TE,3,Left Guard,LG,4,1
2026-03-14T07:32:09Z,GB,Sean Rhyan,4426411,00-0037076,21,3WR 1TE,4,Center,C,5,1
2026-03-14T07:32:09Z,GB,Anthony Belton,4873706,00-0040726,21,3WR 1TE,5,Right Guard,RG,6,1
2026-03-14T07:32:09Z,GB,Zach Tom,4240435,00-0037817,21,3WR 1TE,6,Right Tackle,RT,7,1
2026-03-14T07:32:09Z,GB,Jordan Love,4036378,00-0036264,21,3WR 1TE,8,Quarterback,QB,9,1
2026-03-14T07:32:09Z,GB,Tucker Kraft,4572680,00-0038996,21,3WR 1TE,7,Tight End,TE,10,1
2026-03-14T07:32:09Z,GB,Josh Jacobs,4047365,00-0035700,21,3WR 1TE,9,Running Back,RB,11,1
2026-03-14T07:32:09Z,GB,Jayden Reed,4362249,00-0039146,21,3WR 1TE,1,Wide Receiver,WR,2,2
2026-03-14T07:32:09Z,GB,Brant Banks,4426623,00-0040034,21,3WR 1TE,2,Left Tackle,LT,3,2
2026-03-14T07:32:09Z,GB,Travis Glover,4361904,00-0039819,21,3WR 1TE,3,Left Guard,LG,4,2
2026-03-14T07:32:09Z,GB,Jacob Monk,4428037,00-0039817,21,3WR 1TE,4,Center,C,5,2
2026-03-14T07:32:09Z,GB,Karsen Barnhart,4426638,00-0039655,21,3WR 1TE,5,Right Guard,RG,6,2
2026-03-14T07:32:09Z,GB,Darian Kinnard,4362611,00-0037194,21,3WR 1TE,6,Right Tackle,RT,7,2
2026-03-14T07:32:09Z,GB,Desmond Ridder,4239086,00-0038122,21,3WR 1TE,8,Quarterback,QB,9,2
2026-03-14T07:32:09Z,GB,Luke Musgrave,4428085,00-0039144,21,3WR 1TE,7,Tight End,TE,10,2
2026-03-14T07:32:09Z,GB,Chris Brooks,3149687,00-0038685,21,3WR 1TE,9,Running Back,RB,11,2
2026-03-14T07:32:09Z,GB,Matthew Golden,4701936,00-0040667,21,3WR 1TE,1,Wide Receiver,WR,8,3
2026-03-14T07:32:09Z,GB,Donovan Jennings,4360887,00-0039272,21,3WR 1TE,3,Left Guard,LG,4,3
2026-03-14T07:32:09Z,GB,John Williams,2312707,00-0040023,21,3WR 1TE,5,Right Guard,RG,6,3
2026-03-14T07:32:09Z,GB,Dalton Cooper,4426972,00-0040083,21,3WR 1TE,6,Right Tackle,RT,7,3
2026-03-14T07:32:09Z,GB,Kyle McCord,4433971,00-0040014,21,3WR 1TE,8,Quarterback,QB,9,3
2026-03-14T07:32:09Z,GB,Josh Whyle,4360086,00-0038589,21,3WR 1TE,7,Tight End,TE,10,3
2026-03-14T07:32:09Z,GB,MarShawn Lloyd,4429023,00-0039811,21,3WR 1TE,9,Running Back,RB,11,3
2026-03-14T07:32:09Z,GB,Dontayvion Wicks,4428850,00-0038393,21,3WR 1TE,1,Wide Receiver,WR,1,4
2026-03-14T07:32:09Z,GB,Drake Dabney,4429466,00-0040628,21,3WR 1TE,7,Tight End,TE,10,4
2026-03-14T07:32:09Z,GB,Pierre Strong Jr.,4249836,00-0038098,21,3WR 1TE,9,Running Back,RB,11,4
2026-03-14T07:32:09Z,GB,Savion Williams,4431487,00-0040009,21,3WR 1TE,1,Wide Receiver,WR,2,5
2026-03-14T07:32:09Z,GB,Messiah Swinson,4362770,00-0039275,21,3WR 1TE,7,Tight End,TE,10,5
2026-03-14T07:32:09Z,GB,Damien Martinez,4808830,00-0040651,21,3WR 1TE,9,Running Back,RB,11,5
2026-03-14T07:32:09Z,GB,Bo Melton,4259305,00-0037091,21,3WR 1TE,1,Wide Receiver,WR,8,6
2026-03-14T07:32:09Z,GB,McCallan Castles,4372741,00-0039263,21,3WR 1TE,7,Tight End,TE,10,6
2026-03-14T07:32:09Z,GB,Skyy Moore,4430191,00-0038090,21,3WR 1TE,1,Wide Receiver,WR,1,7
2026-03-14T07:32:09Z,GB,Jakobie Keeney-James,5178972,00-0040388,21,3WR 1TE,1,Wide Receiver,WR,2,8
2026-03-14T07:32:09Z,GB,Isaiah Neyor,4428116,00-0040558,21,3WR 1TE,1,Wide Receiver,WR,8,9
2026-03-14T07:32:09Z,GB,Will Sheppard,4608679,00-0040753,21,3WR 1TE,1,Wide Receiver,WR,1,10
2026-03-14T07:32:09Z,HOU,Danielle Hunter,2976560,00-0031565,16,Base 4-3 D,11,Left Defensive End,LDE,1,1
2026-03-14T07:32:09Z,HOU,Tommy Togiai,4361366,00-0036883,16,Base 4-3 D,24,Left Defensive Tackle,LDT,2,1
2026-03-14T07:32:09Z,HOU,Sheldon Rankins,2970204,00-0032759,16,Base 4-3 D,25,Right Defensive Tackle,RDT,3,1
2026-03-14T07:32:09Z,HOU,Will Anderson Jr.,4685724,00-0039108,16,Base 4-3 D,13,Right Defensive End,RDE,4,1
2026-03-14T07:32:09Z,HOU,Henry To'oTo'o,4426350,00-0038599,16,Base 4-3 D,26,Weakside Linebacker,WLB,5,1
2026-03-14T07:32:09Z,HOU,Azeez Al-Shaair,3919117,00-0035166,16,Base 4-3 D,27,Middle Linebacker,MLB,6,1
2026-03-14T07:32:09Z,HOU,E.J. Speed,3071353,00-0034987,16,Base 4-3 D,28,Strongside Linebacker,SLB,7,1
2026-03-14T07:32:09Z,HOU,Derek Stingley Jr.,4426434,00-0037237,16,Base 4-3 D,18,Left Cornerback,LCB,8,1
2026-03-14T07:32:09Z,HOU,Reed Blankenship,4243956,00-0037130,16,Base 4-3 D,20,Strong Safety,SS,9,1
2026-03-14T07:32:09Z,HOU,Jaylen Reed,4432758,00-0040204,16,Base 4-3 D,21,Free Safety,FS,10,1
2026-03-14T07:32:09Z,HOU,Kamari Lassiter,4602699,00-0039343,16,Base 4-3 D,19,Right Cornerback,RCB,11,1
2026-03-14T07:32:09Z,HOU,Jalen Pitre,4241223,00-0037246,16,Base 4-3 D,34,Nickel Back,NB,12,1
2026-03-14T07:32:09Z,HOU,Logan Hall,4360189,00-0038127,16,Base 4-3 D,11,Left Defensive End,LDE,1,2
2026-03-14T07:32:09Z,HOU,Kyonte Hamilton,4677281,00-0040229,16,Base 4-3 D,24,Left Defensive Tackle,LDT,2,2
2026-03-14T07:32:09Z,HOU,Naquan Jones,4046716,00-0036695,16,Base 4-3 D,25,Right Defensive Tackle,RDT,3,2
2026-03-14T07:32:09Z,HOU,Dominique Robinson,4244300,00-0037082,16,Base 4-3 D,13,Right Defensive End,RDE,4,2
2026-03-14T07:32:09Z,HOU,Jake Hansen,4033812,00-0037457,16,Base 4-3 D,26,Weakside Linebacker,WLB,5,2
2026-03-14T07:32:09Z,HOU,Jake Hummel,4241250,00-0037633,16,Base 4-3 D,27,Middle Linebacker,MLB,6,2
2026-03-14T07:32:09Z,HOU,Jamal Hill,4427479,00-0039395,16,Base 4-3 D,28,Strongside Linebacker,SLB,7,2
2026-03-14T07:32:09Z,HOU,Tremon Smith,3134448,00-0034278,16,Base 4-3 D,18,Left Cornerback,LCB,8,2
2026-03-14T07:32:09Z,HOU,Calen Bullock,4431517,00-0039838,16,Base 4-3 D,20,Strong Safety,SS,9,2
2026-03-14T07:32:09Z,HOU,Jalen Pitre,4241223,00-0037246,16,Base 4-3 D,21,Free Safety,FS,10,2
2026-03-14T07:32:09Z,HOU,Jaylin Smith,4594277,00-0040149,16,Base 4-3 D,19,Right Cornerback,RCB,11,2
2026-03-14T07:32:09Z,HOU,Alijah Huzzie,4577494,00-0040411,16,Base 4-3 D,34,Nickel Back,NB,12,2
2026-03-14T07:32:09Z,HOU,Solomon Byrd,4361689,00-0039427,16,Base 4-3 D,11,Left Defensive End,LDE,1,3
2026-03-14T07:32:09Z,HOU,Junior Tafuna,4695607,00-0040414,16,Base 4-3 D,24,Left Defensive Tackle,LDT,2,3
2026-03-14T07:32:09Z,HOU,Dylan Horton,4374066,00-0039009,16,Base 4-3 D,13,Right Defensive End,RDE,4,3
2026-03-14T07:32:09Z,HOU,Ajani Carter,4429379,00-0040770,16,Base 4-3 D,18,Left Cornerback,LCB,8,3
2026-03-14T07:32:09Z,HOU,M.J. Stewart,3116679,00-0034355,16,Base 4-3 D,20,Strong Safety,SS,9,3
2026-03-14T07:32:09Z,HOU,Kaevon Merriweather,4360502,00-0038823,16,Base 4-3 D,21,Free Safety,FS,10,3
2026-03-14T07:32:09Z,HOU,Ja'Marcus Ingram,4240059,00-0037661,16,Base 4-3 D,19,Right Cornerback,RCB,11,3
2026-03-14T07:32:09Z,HOU,Brandon Codrington,4576069,00-0039333,16,Base 4-3 D,34,Nickel Back,NB,12,3
2026-03-14T07:32:09Z,HOU,Xavier Thomas,4360304,00-0039367,16,Base 4-3 D,11,Left Defensive End,LDE,1,4
2026-03-14T07:32:09Z,HOU,Ka'imi Fairbairn,2971573,00-0032726,18,Special Teams,22,Place kicker,PK,1,1
2026-03-14T07:32:09Z,HOU,Kai Kroeger,4570033,00-0040654,18,Special Teams,23,Punter,P,2,1
2026-03-14T07:32:09Z,HOU,Kai Kroeger,4570033,00-0040654,18,Special Teams,79,Holder,H,3,1
2026-03-14T07:32:09Z,HOU,Jaylin Noel,4586312,00-0040138,18,Special Teams,76,Punt Returner,PR,4,1
2026-03-14T07:32:09Z,HOU,Jaylin Noel,4586312,00-0040138,18,Special Teams,77,Kick Returner,KR,5,1
2026-03-14T07:32:09Z,HOU,Austin Brinkman,4690999,00-0040409,18,Special Teams,39,Long Snapper,LS,6,1
2026-03-14T07:32:09Z,HOU,Brandon Codrington,4576069,00-0039333,18,Special Teams,76,Punt Returner,PR,4,2
2026-03-14T07:32:09Z,HOU,Tremon Smith,3134448,00-0034278,18,Special Teams,77,Kick Returner,KR,5,2
2026-03-14T07:32:09Z,HOU,Brandon Codrington,4576069,00-0039333,18,Special Teams,77,Kick Returner,KR,5,3
2026-03-14T07:32:09Z,HOU,Nico Collins,4258173,00-0036554,21,3WR 1TE,1,Wide Receiver,WR,1,1
2026-03-14T07:32:09Z,HOU,Aireontae Ersery,4429693,00-0040745,21,3WR 1TE,2,Left Tackle,LT,3,1
2026-03-14T07:32:09Z,HOU,Jarrett Patterson,4372774,00-0038615,21,3WR 1TE,3,Left Guard,LG,4,1
2026-03-14T07:32:09Z,HOU,Jake Andrews,4362732,00-0039030,21,3WR 1TE,4,Center,C,5,1
2026-03-14T07:32:09Z,HOU,Ed Ingram,4242227,00-0038131,21,3WR 1TE,5,Right Guard,RG,6,1
2026-03-14T07:32:09Z,HOU,Braden Smith,3121595,00-0034836,21,3WR 1TE,6,Right Tackle,RT,7,1
2026-03-14T07:32:09Z,HOU,C.J. Stroud,4432577,00-0039163,21,3WR 1TE,8,Quarterback,QB,9,1
2026-03-14T07:32:09Z,HOU,Dalton Schultz,3117256,00-0034383,21,3WR 1TE,7,Tight End,TE,10,1
2026-03-14T07:32:09Z,HOU,David Montgomery,4035538,00-0035685,21,3WR 1TE,9,Running Back,RB,11,1
2026-03-14T07:32:09Z,HOU,Jayden Higgins,4877706,00-0040130,21,3WR 1TE,1,Wide Receiver,WR,2,2
2026-03-14T07:32:09Z,HOU,Blake Fisher,4432699,00-0039857,21,3WR 1TE,2,Left Tackle,LT,3,2
2026-03-14T07:32:09Z,HOU,Jarrett Kingston,4373474,00-0039832,21,3WR 1TE,3,Left Guard,LG,4,2
2026-03-14T07:32:09Z,HOU,Eli Cox,4426981,00-0040410,21,3WR 1TE,4,Center,C,5,2
2026-03-14T07:32:09Z,HOU,Sidy Sow,4244826,00-0038569,21,3WR 1TE,5,Right Guard,RG,6,2
2026-03-14T07:32:09Z,HOU,Trent Brown,3043109,00-0032071,21,3WR 1TE,6,Right Tackle,RT,7,2
2026-03-14T07:32:09Z,HOU,Davis Mills,4242546,00-0036898,21,3WR 1TE,8,Quarterback,QB,9,2
2026-03-14T07:32:09Z,HOU,Brevin Jordan,4362504,00-0036556,21,3WR 1TE,7,Tight End,TE,10,2
2026-03-14T07:32:09Z,HOU,Woody Marks,4429059,00-0040583,21,3WR 1TE,9,Running Back,RB,11,2
2026-03-14T07:32:09Z,HOU,Tank Dell,4366031,00-0038977,21,3WR 1TE,1,Wide Receiver,WR,8,3
2026-03-14T07:32:09Z,HOU,Graham Mertz,4426335,00-0040211,21,3WR 1TE,8,Quarterback,QB,9,3
2026-03-14T07:32:09Z,HOU,Cade Stover,4426496,00-0039359,21,3WR 1TE,7,Tight End,TE,10,3
2026-03-14T07:32:09Z,HOU,Jawhar Jordan,4429939,00-0039405,21,3WR 1TE,9,Running Back,RB,11,3
2026-03-14T07:32:09Z,HOU,Xavier Hutchinson,4686422,00-0038618,21,3WR 1TE,1,Wide Receiver,WR,1,4
2026-03-14T07:32:09Z,HOU,Foster Moreau,3843945,00-0034981,21,3WR 1TE,7,Tight End,TE,10,4
2026-03-14T07:32:09Z,HOU,British Brooks,4373273,00-0039603,21,3WR 1TE,9,Running Back,RB,11,4
2026-03-14T07:32:09Z,HOU,Jaylin Noel,4586312,00-0040138,21,3WR 1TE,1,Wide Receiver,WR,2,5
2026-03-14T07:32:09Z,HOU,Luke Lachey,4432338,00-0040250,21,3WR 1TE,7,Tight End,TE,10,5
2026-03-14T07:32:09Z,HOU,Justin Watson,3118892,00-0034386,21,3WR 1TE,1,Wide Receiver,WR,8,6
2026-03-14T07:32:09Z,HOU,Layne Pryor,4878842,PRY456541,21,3WR 1TE,7,Tight End,TE,10,6
2026-03-14T07:32:09Z,HOU,Josh Kelly,4575558,00-0040049,21,3WR 1TE,1,Wide Receiver,WR,1,7
2026-03-14T07:32:09Z,HOU,Jared Wayne,4430681,00-0038728,21,3WR 1TE,1,Wide Receiver,WR,2,8
2026-03-14T07:32:09Z,IND,JT Tuimoloau,4566154,00-0040744,16,Base 4-3 D,11,Left Defensive End,LDE,1,1
2026-03-14T07:32:09Z,IND,Grover Stewart,4058825,00-0033952,16,Base 4-3 D,24,Left Defensive Tackle,LDT,2,1
2026-03-14T07:32:09Z,IND,DeForest Buckner,2971282,00-0032378,16,Base 4-3 D,25,Right Defensive Tackle,RDT,3,1
2026-03-14T07:32:09Z,IND,Laiatu Latu,4426473,00-0039340,16,Base 4-3 D,13,Right Defensive End,RDE,4,1
2026-03-14T07:32:09Z,IND,Jaylon Carlies,4601021,00-0039377,16,Base 4-3 D,26,Weakside Linebacker,WLB,5,1
2026-03-14T07:32:09Z,IND,Austin Ajiake,4374171,00-0039178,16,Base 4-3 D,27,Middle Linebacker,MLB,6,1
2026-03-14T07:32:09Z,IND,John Bullock,4569563,00-0040416,16,Base 4-3 D,28,Strongside Linebacker,SLB,7,1
2026-03-14T07:32:09Z,IND,Sauce Gardner,4427250,00-0037190,16,Base 4-3 D,18,Left Cornerback,LCB,8,1
2026-03-14T07:32:09Z,IND,Daniel Scott,4242415,00-0038392,16,Base 4-3 D,20,Strong Safety,SS,9,1
2026-03-14T07:32:09Z,IND,Cam Bynum,4035861,00-0036629,16,Base 4-3 D,21,Free Safety,FS,10,1
2026-03-14T07:32:09Z,IND,Charvarius Ward,4037361,00-0034573,16,Base 4-3 D,19,Right Cornerback,RCB,11,1
2026-03-14T07:32:09Z,IND,Kenny Moore II,4218312,00-0033393,16,Base 4-3 D,34,Nickel Back,NB,12,1
2026-03-14T07:32:09Z,IND,Micheal Clemons,4240896,00-0038107,16,Base 4-3 D,11,Left Defensive End,LDE,1,2
2026-03-14T07:32:09Z,IND,Colby Wooden,4567224,00-0038387,16,Base 4-3 D,24,Left Defensive Tackle,LDT,2,2
2026-03-14T07:32:09Z,IND,Derrick Nnadi,3122930,00-0034818,16,Base 4-3 D,25,Right Defensive Tackle,RDT,3,2
2026-03-14T07:32:09Z,IND,Arden Key,3843843,00-0034825,16,Base 4-3 D,13,Right Defensive End,RDE,4,2
2026-03-14T07:32:09Z,IND,Justin Walley,4682909,00-0040139,16,Base 4-3 D,18,Left Cornerback,LCB,8,2
2026-03-14T07:32:09Z,IND,Juanyeh Thomas,4360590,00-0037578,16,Base 4-3 D,20,Strong Safety,SS,9,2
2026-03-14T07:32:09Z,IND,Jonathan Owens,4331768,00-0034485,16,Base 4-3 D,21,Free Safety,FS,10,2
2026-03-14T07:32:09Z,IND,Mekhi Blackmon,4360677,00-0038565,16,Base 4-3 D,19,Right Cornerback,RCB,11,2
2026-03-14T07:32:09Z,IND,Durell Nchami,4360638,00-0039207,16,Base 4-3 D,11,Left Defensive End,LDE,1,3
2026-03-14T07:32:09Z,IND,Adetomiwa Adebawore,4427635,00-0039031,16,Base 4-3 D,24,Left Defensive Tackle,LDT,2,3
2026-03-14T07:32:09Z,IND,Viliami Fehoko Jr.,4374148,00-0038575,16,Base 4-3 D,13,Right Defensive End,RDE,4,3
2026-03-14T07:32:09Z,IND,Johnathan Edwards,4695991,00-0040347,16,Base 4-3 D,18,Left Cornerback,LCB,8,3
2026-03-14T07:32:09Z,IND,Reuben Lowery III,4692970,00-0040106,16,Base 4-3 D,20,Strong Safety,SS,9,3
2026-03-14T07:32:09Z,IND,Hunter Wohler,4432789,00-0040235,16,Base 4-3 D,21,Free Safety,FS,10,3
2026-03-14T07:32:09Z,IND,Jaylon Jones,4685145,00-0038407,16,Base 4-3 D,19,Right Cornerback,RCB,11,3
2026-03-14T07:32:09Z,IND,Tim Smith,4692033,00-0040207,16,Base 4-3 D,24,Left Defensive Tackle,LDT,2,4
2026-03-14T07:32:09Z,IND,Wyett Ekeler,4608604,EKE233145,16,Base 4-3 D,18,Left Cornerback,LCB,8,4
2026-03-14T07:32:09Z,IND,Trey Washington,4599160,00-0040357,16,Base 4-3 D,21,Free Safety,FS,10,4
2026-03-14T07:32:09Z,IND,Ben Nikkel,4874465,00-0039679,16,Base 4-3 D,21,Free Safety,FS,10,5
2026-03-14T07:32:09Z,IND,Blake Grupe,4259619,00-0038905,18,Special Teams,22,Place kicker,PK,1,1
2026-03-14T07:32:09Z,IND,Rigoberto Sanchez,3914922,00-0033269,18,Special Teams,23,Punter,P,2,1
2026-03-14T07:32:09Z,IND,Rigoberto Sanchez,3914922,00-0033269,18,Special Teams,79,Holder,H,3,1
2026-03-14T07:32:09Z,IND,Anthony Gould,4429684,00-0039816,18,Special Teams,76,Punt Returner,PR,4,1
2026-03-14T07:32:09Z,IND,Anthony Gould,4429684,00-0039816,18,Special Teams,77,Kick Returner,KR,5,1
2026-03-14T07:32:09Z,IND,Luke Rhodes,2566045,00-0032753,18,Special Teams,39,Long Snapper,LS,6,1
2026-03-14T07:32:09Z,IND,Spencer Shrader,4571557,00-0039576,18,Special Teams,22,Place kicker,PK,1,2
2026-03-14T07:32:09Z,IND,Josh Downs,4688813,00-0038997,18,Special Teams,76,Punt Returner,PR,4,2
2026-03-14T07:32:09Z,IND,Ashton Dulin,4061956,00-0035021,18,Special Teams,77,Kick Returner,KR,5,2
2026-03-14T07:32:09Z,IND,Coleman Owen,4578436,00-0040352,18,Special Teams,76,Punt Returner,PR,4,3
2026-03-14T07:32:09Z,IND,Coleman Owen,4578436,00-0040352,18,Special Teams,77,Kick Returner,KR,5,3
2026-03-14T07:32:09Z,IND,Alec Pierce,4360078,00-0037664,21,3WR 1TE,1,Wide Receiver,WR,1,1
2026-03-14T07:32:09Z,IND,Bernhard Raimann,4362580,00-0037757,21,3WR 1TE,2,Left Tackle,LT,3,1
2026-03-14T07:32:09Z,IND,Quenton Nelson,3129308,00-0034342,21,3WR 1TE,3,Left Guard,LG,4,1
2026-03-14T07:32:09Z,IND,Tanor Bortolini,4430957,00-0039744,21,3WR 1TE,4,Center,C,5,1
2026-03-14T07:32:09Z,IND,Matt Goncalves,4427298,00-0039736,21,3WR 1TE,5,Right Guard,RG,6,1
2026-03-14T07:32:09Z,IND,Jalen Travis,4892240,00-0040163,21,3WR 1TE,6,Right Tackle,RT,7,1
2026-03-14T07:32:09Z,IND,Daniel Jones,3917792,00-0035710,21,3WR 1TE,8,Quarterback,QB,9,1
2026-03-14T07:32:09Z,IND,Tyler Warren,4431459,00-0040128,21,3WR 1TE,7,Tight End,TE,10,1
2026-03-14T07:32:09Z,IND,Jonathan Taylor,4242335,00-0036223,21,3WR 1TE,9,Running Back,RB,11,1
2026-03-14T07:32:09Z,IND,Josh Downs,4688813,00-0038997,21,3WR 1TE,1,Wide Receiver,WR,2,2
2026-03-14T07:32:09Z,IND,Blake Freeland,4429636,00-0039158,21,3WR 1TE,2,Left Tackle,LT,3,2
2026-03-14T07:32:09Z,IND,Josh Sills,4039243,00-0037138,21,3WR 1TE,3,Left Guard,LG,4,2
2026-03-14T07:32:09Z,IND,Jimmy Morrissey,4046165,00-0036859,21,3WR 1TE,4,Center,C,5,2
2026-03-14T07:32:09Z,IND,Dalton Tucker,4370363,00-0039578,21,3WR 1TE,5,Right Guard,RG,6,2
2026-03-14T07:32:09Z,IND,Bayron Matos,4612507,00-0039933,21,3WR 1TE,6,Right Tackle,RT,7,2
2026-03-14T07:32:09Z,IND,Anthony Richardson Sr.,4429084,00-0039164,21,3WR 1TE,8,Quarterback,QB,9,2
2026-03-14T07:32:09Z,IND,Will Mallory,4362523,00-0038394,21,3WR 1TE,7,Tight End,TE,10,2
2026-03-14T07:32:09Z,IND,DJ Giddens,4874509,00-0040179,21,3WR 1TE,9,Running Back,RB,11,2
2026-03-14T07:32:09Z,IND,Ashton Dulin,4061956,00-0035021,21,3WR 1TE,1,Wide Receiver,WR,8,3
2026-03-14T07:32:09Z,IND,LaDarius Henderson,4427448,00-0039434,21,3WR 1TE,3,Left Guard,LG,4,3
2026-03-14T07:32:09Z,IND,Bill Murray,3912189,00-0036093,21,3WR 1TE,5,Right Guard,RG,6,3
2026-03-14T07:32:09Z,IND,Jack Wilson,2517081,00-0039958,21,3WR 1TE,6,Right Tackle,RT,7,3
2026-03-14T07:32:09Z,IND,Riley Leonard,4683423,00-0040206,21,3WR 1TE,8,Quarterback,QB,9,3
2026-03-14T07:32:09Z,IND,Drew Ogletree,4722908,00-0037292,21,3WR 1TE,7,Tight End,TE,10,3
2026-03-14T07:32:09Z,IND,Ulysses Bentley IV,4426689,00-0040476,21,3WR 1TE,9,Running Back,RB,11,3
2026-03-14T07:32:09Z,IND,Anthony Gould,4429684,00-0039816,21,3WR 1TE,1,Wide Receiver,WR,1,4
2026-03-14T07:32:09Z,IND,Seth Henigan,4606194,00-0040330,21,3WR 1TE,8,Quarterback,QB,9,4
2026-03-14T07:32:09Z,IND,Sean McKeon,4036275,00-0036032,21,3WR 1TE,7,Tight End,TE,10,4
2026-03-14T07:32:09Z,IND,Laquon Treadwell,3051889,00-0032951,21,3WR 1TE,1,Wide Receiver,WR,2,5
2026-03-14T07:32:09Z,IND,Coleman Owen,4578436,00-0040352,21,3WR 1TE,1,Wide Receiver,WR,8,6
2026-03-14T07:32:09Z,IND,Eli Pancol,4430288,00-0040337,21,3WR 1TE,1,Wide Receiver,WR,1,7
2026-03-14T07:32:09Z,JAX,Josh Hines-Allen,3915239,00-0035642,16,Base 4-3 D,11,Left Defensive End,LDE,1,1
2026-03-14T07:32:09Z,JAX,DaVon Hamilton,3915520,00-0036262,16,Base 4-3 D,24,Left Defensive Tackle,LDT,2,1
2026-03-14T07:32:09Z,JAX,Arik Armstead,2971275,00-0032164,16,Base 4-3 D,25,Right Defensive Tackle,RDT,3,1
2026-03-14T07:32:09Z,JAX,Travon Walker,4426349,00-0037235,16,Base 4-3 D,13,Right Defensive End,RDE,4,1
2026-03-14T07:32:09Z,JAX,Foyesade Oluokun,3050073,00-0034413,16,Base 4-3 D,26,Weakside Linebacker,WLB,5,1
2026-03-14T07:32:09Z,JAX,Ventrell Miller,4240610,00-0038570,16,Base 4-3 D,27,Middle Linebacker,MLB,6,1
2026-03-14T07:32:09Z,JAX,Dennis Gardeck,4334300,00-0034473,16,Base 4-3 D,28,Strongside Linebacker,SLB,7,1
2026-03-14T07:32:09Z,JAX,Travis Hunter,4685415,00-0040718,16,Base 4-3 D,18,Left Cornerback,LCB,8,1
2026-03-14T07:32:09Z,JAX,Eric Murray,2970716,00-0033038,16,Base 4-3 D,20,Strong Safety,SS,9,1
2026-03-14T07:32:09Z,JAX,Antonio Johnson,4429168,00-0038596,16,Base 4-3 D,21,Free Safety,FS,10,1
2026-03-14T07:32:09Z,JAX,Christian Braswell,4257580,00-0038616,16,Base 4-3 D,19,Right Cornerback,RCB,11,1
2026-03-14T07:32:09Z,JAX,Jourdan Lewis,3045207,00-0033928,16,Base 4-3 D,34,Nickel Back,NB,12,1
2026-03-14T07:32:09Z,JAX,B.J. Green II,4875266,00-0040329,16,Base 4-3 D,11,Left Defensive End,LDE,1,2
2026-03-14T07:32:09Z,JAX,Matt Dickerson,3134316,00-0034657,16,Base 4-3 D,24,Left Defensive Tackle,LDT,2,2
2026-03-14T07:32:09Z,JAX,Maason Smith,4431567,00-0039889,16,Base 4-3 D,25,Right Defensive Tackle,RDT,3,2
2026-03-14T07:32:09Z,JAX,Danny Striggow,4573319,00-0040342,16,Base 4-3 D,13,Right Defensive End,RDE,4,2
2026-03-14T07:32:09Z,JAX,Jalen McLeod,4576129,00-0040209,16,Base 4-3 D,26,Weakside Linebacker,WLB,5,2
2026-03-14T07:32:09Z,JAX,Jack Kiser,4427716,00-0040723,16,Base 4-3 D,28,Strongside Linebacker,SLB,7,2
2026-03-14T07:32:09Z,JAX,Jarrian Jones,4426448,00-0039353,16,Base 4-3 D,18,Left Cornerback,LCB,8,2
2026-03-14T07:32:09Z,JAX,Rayuan Lane III,4880675,00-0040213,16,Base 4-3 D,20,Strong Safety,SS,9,2
2026-03-14T07:32:09Z,JAX,Caleb Ransaw,4683347,00-0040145,16,Base 4-3 D,21,Free Safety,FS,10,2
2026-03-14T07:32:09Z,JAX,Keni-H Lovely,4362236,00-0039475,16,Base 4-3 D,19,Right Cornerback,RCB,11,2
2026-03-14T07:32:09Z,JAX,Montaric Brown,4242149,00-0037313,16,Base 4-3 D,34,Nickel Back,NB,12,2
2026-03-14T07:32:09Z,JAX,Keivie Rose,4428390,00-0040338,16,Base 4-3 D,24,Left Defensive Tackle,LDT,2,3
2026-03-14T07:32:09Z,JAX,Branson Combs,4572704,00-0040326,16,Base 4-3 D,26,Weakside Linebacker,WLB,5,3
2026-03-14T07:32:09Z,JAX,Yasir Abdullah,4360807,00-0038580,16,Base 4-3 D,28,Strongside Linebacker,SLB,7,3
2026-03-14T07:32:09Z,JAX,Keith Taylor,4243332,00-0036561,16,Base 4-3 D,18,Left Cornerback,LCB,8,3
2026-03-14T07:32:09Z,JAX,Trevian Thomas,4570633,00-0040295,16,Base 4-3 D,20,Strong Safety,SS,9,3
2026-03-14T07:32:09Z,JAX,Cam'Ron Silmon-Craig,4877475,00-0040339,16,Base 4-3 D,21,Free Safety,FS,10,3
2026-03-14T07:32:09Z,JAX,Jabbar Muhammad,4432440,00-0040336,16,Base 4-3 D,34,Nickel Back,NB,12,3
2026-03-14T07:32:09Z,JAX,Cam Little,4686361,00-0039409,18,Special Teams,22,Place kicker,PK,1,1
2026-03-14T07:32:09Z,JAX,Logan Cooke,3115480,00-0034437,18,Special Teams,23,Punter,P,2,1
2026-03-14T07:32:09Z,JAX,Logan Cooke,3115480,00-0034437,18,Special Teams,79,Holder,H,3,1
2026-03-14T07:32:09Z,JAX,Parker Washington,4432620,00-0038606,18,Special Teams,76,Punt Returner,PR,4,1
2026-03-14T07:32:09Z,JAX,Bhayshul Tuten,4882093,00-0040719,18,Special Teams,77,Kick Returner,KR,5,1
2026-03-14T07:32:09Z,JAX,Ross Matiscik,3928931,00-0035827,18,Special Teams,39,Long Snapper,LS,6,1
2026-03-14T07:32:09Z,JAX,Austin Trammell,4244856,00-0036841,18,Special Teams,76,Punt Returner,PR,4,2
2026-03-14T07:32:09Z,JAX,LeQuint Allen Jr.,4911851,00-0040238,18,Special Teams,77,Kick Returner,KR,5,2
2026-03-14T07:32:09Z,JAX,DeeJay Dallas,4240631,00-0036425,18,Special Teams,77,Kick Returner,KR,5,3
2026-03-14T07:32:09Z,JAX,Parker Washington,4432620,00-0038606,18,Special Teams,77,Kick Returner,KR,5,4
2026-03-14T07:32:09Z,JAX,Brian Thomas Jr.,4432773,00-0039893,21,3WR 1TE,1,Wide Receiver,WR,1,1
2026-03-14T07:32:09Z,JAX,Cole Van Lanen,4035791,00-0036655,21,3WR 1TE,2,Left Tackle,LT,3,1
2026-03-14T07:32:09Z,JAX,Ezra Cleveland,4048231,00-0036327,21,3WR 1TE,3,Left Guard,LG,4,1
2026-03-14T07:32:09Z,JAX,Robert Hainsey,4242391,00-0036985,21,3WR 1TE,4,Center,C,5,1
2026-03-14T07:32:09Z,JAX,Patrick Mekari,3863820,00-0035112,21,3WR 1TE,5,Right Guard,RG,6,1
2026-03-14T07:32:09Z,JAX,Anton Harrison,4692525,00-0038934,21,3WR 1TE,6,Right Tackle,RT,7,1
2026-03-14T07:32:09Z,JAX,Trevor Lawrence,4360310,00-0036971,21,3WR 1TE,8,Quarterback,QB,9,1
2026-03-14T07:32:09Z,JAX,Brenton Strange,4430539,00-0038935,21,3WR 1TE,7,Tight End,TE,10,1
2026-03-14T07:32:09Z,JAX,Bhayshul Tuten,4882093,00-0040719,21,3WR 1TE,9,Running Back,RB,11,1
2026-03-14T07:32:09Z,JAX,Jakobi Meyers,3916433,00-0034960,21,3WR 1TE,1,Wide Receiver,WR,2,2
2026-03-14T07:32:09Z,JAX,Walker Little,4242554,00-0036975,21,3WR 1TE,2,Left Tackle,LT,3,2
2026-03-14T07:32:09Z,JAX,Cooper Hodges,4360786,00-0038630,21,3WR 1TE,3,Left Guard,LG,4,2
2026-03-14T07:32:09Z,JAX,Jonah Monheim,4430481,00-0040227,21,3WR 1TE,4,Center,C,5,2
2026-03-14T07:32:09Z,JAX,Wyatt Milum,4431463,00-0040146,21,3WR 1TE,5,Right Guard,RG,6,2
2026-03-14T07:32:09Z,JAX,Chuma Edoga,3701582,00-0035698,21,3WR 1TE,6,Right Tackle,RT,7,2
2026-03-14T07:32:09Z,JAX,Nick Mullens,3059989,00-0033319,21,3WR 1TE,8,Quarterback,QB,9,2
2026-03-14T07:32:09Z,JAX,Quintin Morris,4244049,00-0036590,21,3WR 1TE,7,Tight End,TE,10,2
2026-03-14T07:32:09Z,JAX,Chris Rodriguez Jr.,4362619,00-0038611,21,3WR 1TE,9,Running Back,RB,11,2
2026-03-14T07:32:09Z,JAX,Parker Washington,4432620,00-0038606,21,3WR 1TE,1,Wide Receiver,WR,8,3
2026-03-14T07:32:09Z,JAX,Kilian Zierer,4689088,00-0038729,21,3WR 1TE,2,Left Tackle,LT,3,3
2026-03-14T07:32:09Z,JAX,Jerome Carvin,4369859,00-0038509,21,3WR 1TE,3,Left Guard,LG,4,3
2026-03-14T07:32:09Z,JAX,Sal Wormley,4428935,00-0040344,21,3WR 1TE,5,Right Guard,RG,6,3
2026-03-14T07:32:09Z,JAX,Ricky Lee,4369308,00-0038776,21,3WR 1TE,6,Right Tackle,RT,7,3
2026-03-14T07:32:09Z,JAX,Carter Bradley,4362260,00-0039534,21,3WR 1TE,8,Quarterback,QB,9,3
2026-03-14T07:32:09Z,JAX,Hunter Long,4239944,00-0037004,21,3WR 1TE,7,Tight End,TE,10,3
2026-03-14T07:32:09Z,JAX,LeQuint Allen Jr.,4911851,00-0040238,21,3WR 1TE,9,Running Back,RB,11,3
2026-03-14T07:32:09Z,JAX,Travis Hunter,4685415,00-0040718,21,3WR 1TE,1,Wide Receiver,WR,1,4
2026-03-14T07:32:09Z,JAX,Patrick Herbert,4429811,00-0040331,21,3WR 1TE,7,Tight End,TE,10,4
2026-03-14T07:32:09Z,JAX,DeeJay Dallas,4240631,00-0036425,21,3WR 1TE,9,Running Back,RB,11,4
2026-03-14T07:32:09Z,JAX,Tim Jones,4245131,00-0036497,21,3WR 1TE,1,Wide Receiver,WR,2,5
2026-03-14T07:32:09Z,JAX,Ja'Quinden Jackson,4690972,00-0040332,21,3WR 1TE,9,Running Back,RB,11,5
2026-03-14T07:32:09Z,JAX,Austin Trammell,4244856,00-0036841,21,3WR 1TE,1,Wide Receiver,WR,8,6
2026-03-14T07:32:09Z,JAX,Chandler Brayboy,4573243,00-0040323,21,3WR 1TE,1,Wide Receiver,WR,1,7
2026-03-14T07:32:09Z,KC,George Karlaftis,4426659,00-0037192,16,Base 4-3 D,11,Left Defensive End,LDE,1,1
2026-03-14T07:32:09Z,KC,Chris Jones,3044859,00-0032762,16,Base 4-3 D,24,Left Defensive Tackle,LDT,2,1
2026-03-14T07:32:09Z,KC,Khyiris Tonga,4256074,00-0036909,16,Base 4-3 D,25,Right Defensive Tackle,RDT,3,1
2026-03-14T07:32:09Z,KC,Felix Anudike-Uzomah,4612387,00-0039006,16,Base 4-3 D,13,Right Defensive End,RDE,4,1
2026-03-14T07:32:09Z,KC,Drue Tranquill,3129310,00-0035262,16,Base 4-3 D,26,Weakside Linebacker,WLB,5,1
2026-03-14T07:32:09Z,KC,Nick Bolton,4362759,00-0036621,16,Base 4-3 D,27,Middle Linebacker,MLB,6,1
2026-03-14T07:32:09Z,KC,Cooper McDonald,4567826,00-0040118,16,Base 4-3 D,28,Strongside Linebacker,SLB,7,1
2026-03-14T07:32:09Z,KC,Kader Kohou,4291489,00-0037353,16,Base 4-3 D,18,Left Cornerback,LCB,8,1
2026-03-14T07:32:09Z,KC,Chamarri Conner,4361964,00-0038982,16,Base 4-3 D,20,Strong Safety,SS,9,1
2026-03-14T07:32:09Z,KC,Alohi Gilman,4039413,00-0036380,16,Base 4-3 D,21,Free Safety,FS,10,1
2026-03-14T07:32:09Z,KC,Kristian Fulton,4035433,00-0036416,16,Base 4-3 D,19,Right Cornerback,RCB,11,1
2026-03-14T07:32:09Z,KC,Chris Roland-Wallace,4428383,00-0039324,16,Base 4-3 D,34,Nickel Back,NB,12,1
2026-03-14T07:32:09Z,KC,Ethan Downs,4431534,00-0040328,16,Base 4-3 D,11,Left Defensive End,LDE,1,2
2026-03-14T07:32:09Z,KC,Zacch Pickens,4426332,00-0038937,16,Base 4-3 D,24,Left Defensive Tackle,LDT,2,2
2026-03-14T07:32:09Z,KC,Omarr Norman-Lott,4591008,00-0040748,16,Base 4-3 D,25,Right Defensive Tackle,RDT,3,2
2026-03-14T07:32:09Z,KC,Ashton Gillotte,4684432,00-0040640,16,Base 4-3 D,13,Right Defensive End,RDE,4,2
2026-03-14T07:32:09Z,KC,Jeffrey Bassa,4602389,00-0040072,16,Base 4-3 D,26,Weakside Linebacker,WLB,5,2
2026-03-14T07:32:09Z,KC,Brandon George,4568661,00-0040087,16,Base 4-3 D,27,Middle Linebacker,MLB,6,2
2026-03-14T07:32:09Z,KC,Tyreke Smith,4361340,00-0037080,16,Base 4-3 D,28,Strongside Linebacker,SLB,7,2
2026-03-14T07:32:09Z,KC,Nohl Williams,4610705,00-0040670,16,Base 4-3 D,18,Left Cornerback,LCB,8,2
2026-03-14T07:32:09Z,KC,Jaden Hicks,4685232,00-0039825,16,Base 4-3 D,20,Strong Safety,SS,9,2
2026-03-14T07:32:09Z,KC,Kevin Knowles,4602648,00-0040089,16,Base 4-3 D,21,Free Safety,FS,10,2
2026-03-14T07:32:09Z,KC,Jaden Hicks,4685232,00-0039825,16,Base 4-3 D,34,Nickel Back,NB,12,2
2026-03-14T07:32:09Z,KC,Marcus Harris,4573152,00-0039433,16,Base 4-3 D,24,Left Defensive Tackle,LDT,2,3
2026-03-14T07:32:09Z,KC,Kam Arnold,4429224,00-0040313,16,Base 4-3 D,26,Weakside Linebacker,WLB,5,3
2026-03-14T07:32:09Z,KC,Cole Christiansen,4036959,00-0035900,16,Base 4-3 D,28,Strongside Linebacker,SLB,7,3
2026-03-14T07:32:09Z,KC,Melvin Smith Jr.,5278708,00-0040093,16,Base 4-3 D,18,Left Cornerback,LCB,8,3
2026-03-14T07:32:09Z,KC,Tanner McCalister,4361824,00-0038717,16,Base 4-3 D,21,Free Safety,FS,10,3
2026-03-14T07:32:09Z,KC,Harrison Butker,3055899,00-0033303,18,Special Teams,22,Place kicker,PK,1,1
2026-03-14T07:32:09Z,KC,Matt Araiza,4361496,00-0037284,18,Special Teams,23,Punter,P,2,1
2026-03-14T07:32:09Z,KC,Matt Araiza,4361496,00-0037284,18,Special Teams,79,Holder,H,3,1
2026-03-14T07:32:09Z,KC,Nikko Remigio,4372716,00-0038519,18,Special Teams,76,Punt Returner,PR,4,1
2026-03-14T07:32:09Z,KC,Nikko Remigio,4372716,00-0038519,18,Special Teams,77,Kick Returner,KR,5,1
2026-03-14T07:32:09Z,KC,James Winchester,16665,00-0030615,18,Special Teams,39,Long Snapper,LS,6,1
2026-03-14T07:32:09Z,KC,Brashard Smith,4596602,00-0040078,18,Special Teams,76,Punt Returner,PR,4,2
2026-03-14T07:32:09Z,KC,Brashard Smith,4596602,00-0040078,18,Special Teams,77,Kick Returner,KR,5,2
2026-03-14T07:32:09Z,KC,Tyquan Thornton,4362921,00-0038104,18,Special Teams,77,Kick Returner,KR,5,3
2026-03-14T07:32:09Z,KC,Rashee Rice,4428331,00-0039067,21,3WR 1TE,1,Wide Receiver,WR,1,1
2026-03-14T07:32:09Z,KC,Josh Simmons,4569659,00-0040116,21,3WR 1TE,2,Left Tackle,LT,3,1
2026-03-14T07:32:09Z,KC,Kingsley Suamataia,4431595,00-0039844,21,3WR 1TE,3,Left Guard,LG,4,1
2026-03-14T07:32:09Z,KC,Creed Humphrey,4241385,00-0036623,21,3WR 1TE,4,Center,C,5,1
2026-03-14T07:32:09Z,KC,Trey Smith,4242459,00-0036660,21,3WR 1TE,5,Right Guard,RG,6,1
2026-03-14T07:32:09Z,KC,Jaylon Moore,4043041,00-0036557,21,3WR 1TE,6,Right Tackle,RT,7,1
2026-03-14T07:32:09Z,KC,Patrick Mahomes,3139477,00-0033873,21,3WR 1TE,8,Quarterback,QB,9,1
2026-03-14T07:32:09Z,KC,Travis Kelce,15847,00-0030506,21,3WR 1TE,7,Tight End,TE,10,1
2026-03-14T07:32:09Z,KC,Kenneth Walker III,4567048,00-0038134,21,3WR 1TE,9,Running Back,RB,11,1
2026-03-14T07:32:09Z,KC,Xavier Worthy,4683062,00-0039894,21,3WR 1TE,1,Wide Receiver,WR,2,2
2026-03-14T07:32:09Z,KC,Esa Pole,5153070,00-0040092,21,3WR 1TE,2,Left Tackle,LT,3,2
2026-03-14T07:32:09Z,KC,C.J. Hanson,4571810,00-0039833,21,3WR 1TE,3,Left Guard,LG,4,2
2026-03-14T07:32:09Z,KC,Hunter Nourzad,4367645,00-0039827,21,3WR 1TE,4,Center,C,5,2
2026-03-14T07:32:09Z,KC,Wanya Morris,4570577,00-0038981,21,3WR 1TE,6,Right Tackle,RT,7,2
2026-03-14T07:32:09Z,KC,Chris Oladokun,4044111,00-0037324,21,3WR 1TE,8,Quarterback,QB,9,2
2026-03-14T07:32:09Z,KC,Noah Gray,4240472,00-0036637,21,3WR 1TE,7,Tight End,TE,10,2
2026-03-14T07:32:09Z,KC,Emari Demercado,4362478,00-0038705,21,3WR 1TE,9,Running Back,RB,11,2
2026-03-14T07:32:09Z,KC,Tyquan Thornton,4362921,00-0038104,21,3WR 1TE,1,Wide Receiver,WR,8,3
2026-03-14T07:32:09Z,KC,Ethan Driskell,4571627,00-0039317,21,3WR 1TE,2,Left Tackle,LT,3,3
2026-03-14T07:32:09Z,KC,Chukwuebuka Godrick,5144457,00-0039174,21,3WR 1TE,6,Right Tackle,RT,7,3
2026-03-14T07:32:09Z,KC,Jake Haener,4243322,00-0038998,21,3WR 1TE,8,Quarterback,QB,9,3
2026-03-14T07:32:09Z,KC,Jared Wiley,4430723,00-0039824,21,3WR 1TE,7,Tight End,TE,10,3
2026-03-14T07:32:09Z,KC,Brashard Smith,4596602,00-0040078,21,3WR 1TE,9,Running Back,RB,11,3
2026-03-14T07:32:09Z,KC,Nikko Remigio,4372716,00-0038519,21,3WR 1TE,1,Wide Receiver,WR,1,4
2026-03-14T07:32:09Z,KC,Matt Waletzko,4370876,00-0037266,21,3WR 1TE,6,Right Tackle,RT,7,4
2026-03-14T07:32:09Z,KC,Jake Briningstool,4431196,00-0040081,21,3WR 1TE,7,Tight End,TE,10,4
2026-03-14T07:32:09Z,KC,Jalen Royals,5082630,00-0040646,21,3WR 1TE,1,Wide Receiver,WR,2,5
2026-03-14T07:32:09Z,KC,Tre Watson,4685784,00-0040094,21,3WR 1TE,7,Tight End,TE,10,5
2026-03-14T07:32:09Z,KC,Jason Brownlee,4689988,00-0038492,21,3WR 1TE,1,Wide Receiver,WR,8,6
2026-03-14T07:32:09Z,KC,Jimmy Holiday,4431142,00-0040120,21,3WR 1TE,1,Wide Receiver,WR,1,7
2026-03-14T07:32:09Z,KC,Andrew Armstrong,5093923,00-0040298,21,3WR 1TE,1,Wide Receiver,WR,2,8
2026-03-14T07:32:09Z,LA,Braden Fiske,4362245,00-0039734,15,Base 3-4 D,11,Left Defensive End,LDE,1,1
2026-03-14T07:32:09Z,LA,Poona Ford,3125114,00-0034234,15,Base 3-4 D,12,Nose Tackle,NT,2,1
2026-03-14T07:32:09Z,LA,Kobie Turner,4250621,00-0039138,15,Base 3-4 D,13,Right Defensive End,RDE,3,1
2026-03-14T07:32:09Z,LA,Byron Young,4875196,00-0039137,15,Base 3-4 D,26,Weakside Linebacker,WLB,4,1
2026-03-14T07:32:09Z,LA,Nate Landman,4243181,00-0037587,15,Base 3-4 D,15,Left Inside Linebacker,LILB,5,1
2026-03-14T07:32:09Z,LA,Omar Speights,4428550,00-0039774,15,Base 3-4 D,16,Right Inside Linebacker,RILB,6,1
2026-03-14T07:32:09Z,LA,Jared Verse,4578085,00-0039852,15,Base 3-4 D,28,Strongside Linebacker,SLB,7,1
2026-03-14T07:32:09Z,LA,Trent McDuffie,4426405,00-0037191,15,Base 3-4 D,18,Left Cornerback,LCB,8,1
2026-03-14T07:32:09Z,LA,Kam Curl,4242154,00-0036349,15,Base 3-4 D,20,Strong Safety,SS,9,1
2026-03-14T07:32:09Z,LA,Kamren Kinchens,4596363,00-0039834,15,Base 3-4 D,21,Free Safety,FS,10,1
2026-03-14T07:32:09Z,LA,Jaylen Watson,4697639,00-0037195,15,Base 3-4 D,19,Right Cornerback,RCB,11,1
2026-03-14T07:32:09Z,LA,Quentin Lake,4249128,00-0037841,15,Base 3-4 D,34,Nickel Back,NB,12,1
2026-03-14T07:32:09Z,LA,Desjuan Johnson,4362294,00-0039061,15,Base 3-4 D,11,Left Defensive End,LDE,1,2
2026-03-14T07:32:09Z,LA,Ty Hamilton,4431118,00-0040585,15,Base 3-4 D,12,Nose Tackle,NT,2,2
2026-03-14T07:32:09Z,LA,Tyler Davis,4568217,00-0039749,15,Base 3-4 D,13,Right Defensive End,RDE,3,2
2026-03-14T07:32:09Z,LA,Josaiah Stewart,4682983,00-0040580,15,Base 3-4 D,26,Weakside Linebacker,WLB,4,2
2026-03-14T07:32:09Z,LA,Grant Stuard,4240255,00-0036672,15,Base 3-4 D,15,Left Inside Linebacker,LILB,5,2
2026-03-14T07:32:09Z,LA,Shaun Dolac,4693848,00-0040613,15,Base 3-4 D,16,Right Inside Linebacker,RILB,6,2
2026-03-14T07:32:09Z,LA,Keir Thomas,4038843,00-0037057,15,Base 3-4 D,28,Strongside Linebacker,SLB,7,2
2026-03-14T07:32:09Z,LA,Emmanuel Forbes Jr.,4429767,00-0039151,15,Base 3-4 D,18,Left Cornerback,LCB,8,2
2026-03-14T07:32:09Z,LA,Nate Valcarcel,4695781,00-0040600,15,Base 3-4 D,20,Strong Safety,SS,9,2
2026-03-14T07:32:09Z,LA,Jaylen McCollough,4427120,00-0039776,15,Base 3-4 D,21,Free Safety,FS,10,2
2026-03-14T07:32:09Z,LA,Josh Wallace,4572371,00-0039772,15,Base 3-4 D,34,Nickel Back,NB,12,2
2026-03-14T07:32:09Z,LA,Bill Norton,4426401,00-0040595,15,Base 3-4 D,12,Nose Tackle,NT,2,3
2026-03-14T07:32:09Z,LA,Elias Neal,4428098,00-0039775,15,Base 3-4 D,16,Right Inside Linebacker,RILB,6,3
2026-03-14T07:32:09Z,LA,Cam Lampkin,4427752,00-0039780,15,Base 3-4 D,18,Left Cornerback,LCB,8,3
2026-03-14T07:32:09Z,LA,Tanner Ingle,4361651,00-0038366,15,Base 3-4 D,20,Strong Safety,SS,9,3
2026-03-14T07:32:09Z,LA,Alex Johnson,4367181,00-0039506,15,Base 3-4 D,21,Free Safety,FS,10,3
2026-03-14T07:32:09Z,LA,Harrison Mevis,4574716,00-0039498,18,Special Teams,22,Place kicker,PK,1,1
2026-03-14T07:32:09Z,LA,Ethan Evans,5125875,00-0039059,18,Special Teams,23,Punter,P,2,1
2026-03-14T07:32:09Z,LA,Ethan Evans,5125875,00-0039059,18,Special Teams,79,Holder,H,3,1
2026-03-14T07:32:09Z,LA,Xavier Smith,4386544,00-0038359,18,Special Teams,76,Punt Returner,PR,4,1
2026-03-14T07:32:09Z,LA,Jordan Whittington,4569382,00-0039751,18,Special Teams,77,Kick Returner,KR,5,1
2026-03-14T07:32:09Z,LA,Joe Cardona,2575907,00-0032228,18,Special Teams,39,Long Snapper,LS,6,1
2026-03-14T07:32:09Z,LA,Xavier Smith,4386544,00-0038359,18,Special Teams,77,Kick Returner,KR,5,2
2026-03-14T07:32:09Z,LA,Blake Corum,4429096,00-0039738,18,Special Teams,77,Kick Returner,KR,5,3
2026-03-14T07:32:09Z,LA,Puka Nacua,4426515,00-0039075,21,3WR 1TE,1,Wide Receiver,WR,1,1
2026-03-14T07:32:09Z,LA,Alaric Jackson,4036135,00-0036603,21,3WR 1TE,2,Left Tackle,LT,3,1
2026-03-14T07:32:09Z,LA,Steve Avila,4362474,00-0039058,21,3WR 1TE,3,Left Guard,LG,4,1
2026-03-14T07:32:09Z,LA,Coleman Shelton,3052180,00-0034114,21,3WR 1TE,4,Center,C,5,1
2026-03-14T07:32:09Z,LA,Kevin Dotson,3917599,00-0036339,21,3WR 1TE,5,Right Guard,RG,6,1
2026-03-14T07:32:09Z,LA,Warren McClendon Jr.,4426512,00-0039077,21,3WR 1TE,6,Right Tackle,RT,7,1
2026-03-14T07:32:09Z,LA,Matthew Stafford,12483,00-0026498,21,3WR 1TE,8,Quarterback,QB,9,1
2026-03-14T07:32:09Z,LA,Colby Parkinson,4242557,00-0036244,21,3WR 1TE,7,Tight End,TE,10,1
2026-03-14T07:32:09Z,LA,Kyren Williams,4430737,00-0037840,21,3WR 1TE,9,Running Back,RB,11,1
2026-03-14T07:32:09Z,LA,Davante Adams,16800,00-0031381,21,3WR 1TE,1,Wide Receiver,WR,2,2
2026-03-14T07:32:09Z,LA,Justin Dedich,4360859,00-0039784,21,3WR 1TE,3,Left Guard,LG,4,2
2026-03-14T07:32:09Z,LA,Beaux Limmer,4567175,00-0039753,21,3WR 1TE,4,Center,C,5,2
2026-03-14T07:32:09Z,LA,Dylan McMahon,4430155,00-0039830,21,3WR 1TE,5,Right Guard,RG,6,2
2026-03-14T07:32:09Z,LA,David Quessenberry,15946,00-0030097,21,3WR 1TE,6,Right Tackle,RT,7,2
2026-03-14T07:32:09Z,LA,Stetson Bennett IV,4259553,00-0039107,21,3WR 1TE,8,Quarterback,QB,9,2
2026-03-14T07:32:09Z,LA,Tyler Higbee,2573401,00-0033110,21,3WR 1TE,7,Tight End,TE,10,2
2026-03-14T07:32:09Z,LA,Blake Corum,4429096,00-0039738,21,3WR 1TE,9,Running Back,RB,11,2
2026-03-14T07:32:09Z,LA,Konata Mumpfield,4710855,00-0040590,21,3WR 1TE,1,Wide Receiver,WR,8,3
2026-03-14T07:32:09Z,LA,Wyatt Bowles,4374196,00-0040611,21,3WR 1TE,3,Left Guard,LG,4,3
2026-03-14T07:32:09Z,LA,AJ Arcuri,4046707,00-0037845,21,3WR 1TE,6,Right Tackle,RT,7,3
2026-03-14T07:32:09Z,LA,Terrance Ferguson,4570037,00-0040737,21,3WR 1TE,7,Tight End,TE,10,3
2026-03-14T07:32:09Z,LA,Jarquez Hunter,4710341,00-0040692,21,3WR 1TE,9,Running Back,RB,11,3
2026-03-14T07:32:09Z,LA,Jordan Whittington,4569382,00-0039751,21,3WR 1TE,1,Wide Receiver,WR,1,4
2026-03-14T07:32:09Z,LA,Davis Allen,4426553,00-0039074,21,3WR 1TE,7,Tight End,TE,10,4
2026-03-14T07:32:09Z,LA,Xavier Smith,4386544,00-0038359,21,3WR 1TE,1,Wide Receiver,WR,2,5
2026-03-14T07:32:09Z,LA,Mark Redman,4431346,00-0040598,21,3WR 1TE,7,Tight End,TE,10,5
2026-03-14T07:32:09Z,LA,Brennan Presley,4431342,00-0040597,21,3WR 1TE,1,Wide Receiver,WR,1,7
2026-03-14T07:32:09Z,LA,Tru Edwards,4875786,00-0040609,21,3WR 1TE,1,Wide Receiver,WR,2,8
2026-03-14T07:32:09Z,LA,Tyler Scott,4565908,00-0038941,21,3WR 1TE,1,Wide Receiver,WR,8,9
2026-03-14T07:32:09Z,LAC,Scott Matlock,4373684,00-0038614,15,Base 3-4 D,11,Left Defensive End,LDE,1,1
2026-03-14T07:32:09Z,LAC,Teair Tart,4374269,00-0036181,15,Base 3-4 D,12,Nose Tackle,NT,2,1
2026-03-14T07:32:09Z,LAC,Justin Eboigbe,4567138,00-0039835,15,Base 3-4 D,13,Right Defensive End,RDE,3,1
2026-03-14T07:32:09Z,LAC,Tuli Tuipulotu,4431442,00-0039111,15,Base 3-4 D,26,Weakside Linebacker,WLB,4,1
2026-03-14T07:32:09Z,LAC,Daiyan Henley,4241597,00-0038553,15,Base 3-4 D,15,Left Inside Linebacker,LILB,5,1
2026-03-14T07:32:09Z,LAC,Troy Dye,4038946,00-0036338,15,Base 3-4 D,16,Right Inside Linebacker,RILB,6,1
2026-03-14T07:32:09Z,LAC,Khalil Mack,16710,00-0031040,15,Base 3-4 D,28,Strongside Linebacker,SLB,7,1
2026-03-14T07:32:09Z,LAC,Donte Jackson,3843769,00-0034356,15,Base 3-4 D,18,Left Cornerback,LCB,8,1
2026-03-14T07:32:09Z,LAC,Derwin James Jr.,3691739,00-0034790,15,Base 3-4 D,20,Strong Safety,SS,9,1
2026-03-14T07:32:09Z,LAC,Elijah Molden,4243328,00-0036992,15,Base 3-4 D,21,Free Safety,FS,10,1
2026-03-14T07:32:09Z,LAC,Cam Hart,4427404,00-0039369,15,Base 3-4 D,19,Right Cornerback,RCB,11,1
2026-03-14T07:32:09Z,LAC,Tarheeb Still,4432571,00-0039366,15,Base 3-4 D,34,Nickel Back,NB,12,1
2026-03-14T07:32:09Z,LAC,Josh Fuga,4427234,00-0040459,15,Base 3-4 D,11,Left Defensive End,LDE,1,2
2026-03-14T07:32:09Z,LAC,Dalvin Tomlinson,2979860,00-0033546,15,Base 3-4 D,12,Nose Tackle,NT,2,2
2026-03-14T07:32:09Z,LAC,TeRah Edwards,4431077,00-0040458,15,Base 3-4 D,13,Right Defensive End,RDE,3,2
2026-03-14T07:32:09Z,LAC,Bud Dupree,2576702,00-0032146,15,Base 3-4 D,26,Weakside Linebacker,WLB,4,2
2026-03-14T07:32:09Z,LAC,Junior Colson,4431212,00-0039346,15,Base 3-4 D,15,Left Inside Linebacker,LILB,5,2
2026-03-14T07:32:09Z,LAC,Denzel Perryman,2579621,00-0032103,15,Base 3-4 D,16,Right Inside Linebacker,RILB,6,2
2026-03-14T07:32:09Z,LAC,Garmon Randolph,4428304,00-0040472,15,Base 3-4 D,28,Strongside Linebacker,SLB,7,2
2026-03-14T07:32:09Z,LAC,Deane Leonard,4690171,00-0037320,15,Base 3-4 D,18,Left Cornerback,LCB,8,2
2026-03-14T07:32:09Z,LAC,RJ Mickens,4429018,00-0040221,15,Base 3-4 D,20,Strong Safety,SS,9,2
2026-03-14T07:32:09Z,LAC,Isas Waxter,4574105,00-0040065,15,Base 3-4 D,19,Right Cornerback,RCB,11,2
2026-03-14T07:32:09Z,LAC,Nikko Reed,4691043,00-0040471,15,Base 3-4 D,34,Nickel Back,NB,12,2
2026-03-14T07:32:09Z,LAC,Jamaree Caldwell,5089178,00-0040144,15,Base 3-4 D,12,Nose Tackle,NT,2,3
2026-03-14T07:32:09Z,LAC,Kyle Kennard,4432333,00-0040161,15,Base 3-4 D,26,Weakside Linebacker,WLB,4,3
2026-03-14T07:32:09Z,LAC,Marlowe Wax,4431467,00-0040460,15,Base 3-4 D,15,Left Inside Linebacker,LILB,5,3
2026-03-14T07:32:09Z,LAC,Del'Shawn Phillips,4240528,00-0035202,15,Base 3-4 D,16,Right Inside Linebacker,RILB,6,3
2026-03-14T07:32:09Z,LAC,Jordan Oladokun,4601079,00-0040470,15,Base 3-4 D,18,Left Cornerback,LCB,8,3
2026-03-14T07:32:09Z,LAC,Kendall Williamson,4360745,00-0038414,15,Base 3-4 D,20,Strong Safety,SS,9,3
2026-03-14T07:32:09Z,LAC,Eric Rogers,4433895,00-0040468,15,Base 3-4 D,19,Right Cornerback,RCB,11,3
2026-03-14T07:32:09Z,LAC,Emany Johnson,4361437,00-0039526,15,Base 3-4 D,15,Left Inside Linebacker,LILB,5,4
2026-03-14T07:32:09Z,LAC,Cameron Dicker,4362081,00-0037224,18,Special Teams,22,Place kicker,PK,1,1
2026-03-14T07:32:09Z,LAC,JK Scott,3126368,00-0034162,18,Special Teams,23,Punter,P,2,1
2026-03-14T07:32:09Z,LAC,JK Scott,3126368,00-0034162,18,Special Teams,79,Holder,H,3,1
2026-03-14T07:32:09Z,LAC,Derius Davis,4362477,00-0038573,18,Special Teams,76,Punt Returner,PR,4,1
2026-03-14T07:32:09Z,LAC,Keaton Mitchell,4596334,00-0038454,18,Special Teams,77,Kick Returner,KR,5,1
2026-03-14T07:32:09Z,LAC,Josh Harris,15151,00-0028845,18,Special Teams,39,Long Snapper,LS,6,1
2026-03-14T07:32:09Z,LAC,Tarheeb Still,4432571,00-0039366,18,Special Teams,76,Punt Returner,PR,4,2
2026-03-14T07:32:09Z,LAC,Derius Davis,4362477,00-0038573,18,Special Teams,77,Kick Returner,KR,5,2
2026-03-14T07:32:09Z,LAC,Peter Bowden,4570077,00-0039268,18,Special Teams,39,Long Snapper,LS,6,2
2026-03-14T07:32:09Z,LAC,Ladd McConkey,4612826,00-0039915,18,Special Teams,76,Punt Returner,PR,4,3
2026-03-14T07:32:09Z,LAC,KeAndre Lambert-Smith,4430870,00-0040184,18,Special Teams,77,Kick Returner,KR,5,3
2026-03-14T07:32:09Z,LAC,Kimani Vidal,4430968,00-0039391,18,Special Teams,77,Kick Returner,KR,5,4
2026-03-14T07:32:09Z,LAC,Ladd McConkey,4612826,00-0039915,21,3WR 1TE,1,Wide Receiver,WR,1,1
2026-03-14T07:32:09Z,LAC,Rashawn Slater,4242283,00-0037009,21,3WR 1TE,2,Left Tackle,LT,3,1
2026-03-14T07:32:09Z,LAC,Trevor Penning,4248627,00-0037241,21,3WR 1TE,3,Left Guard,LG,4,1
2026-03-14T07:32:09Z,LAC,Tyler Biadasz,4035788,00-0036376,21,3WR 1TE,4,Center,C,5,1
2026-03-14T07:32:09Z,LAC,Cole Strange,4051001,00-0038103,21,3WR 1TE,5,Right Guard,RG,6,1
2026-03-14T07:32:09Z,LAC,Joe Alt,4683487,00-0039897,21,3WR 1TE,6,Right Tackle,RT,7,1
2026-03-14T07:32:09Z,LAC,Justin Herbert,4038941,00-0036355,21,3WR 1TE,8,Quarterback,QB,9,1
2026-03-14T07:32:09Z,LAC,Oronde Gadsden,4595342,00-0040189,21,3WR 1TE,7,Tight End,TE,10,1
2026-03-14T07:32:09Z,LAC,Omarion Hampton,4685382,00-0040666,21,3WR 1TE,9,Running Back,RB,11,1
2026-03-14T07:32:09Z,LAC,Alec Ingold,3917668,00-0035125,21,3WR 1TE,10,Fullback,FB,12,1
2026-03-14T07:32:09Z,LAC,Quentin Johnston,4429025,00-0038544,21,3WR 1TE,1,Wide Receiver,WR,2,2
2026-03-14T07:32:09Z,LAC,Branson Taylor,4433914,00-0040212,21,3WR 1TE,3,Left Guard,LG,4,2
2026-03-14T07:32:09Z,LAC,Josh Kaltenberger,4430114,00-0040467,21,3WR 1TE,4,Center,C,5,2
2026-03-14T07:32:09Z,LAC,Ben Cleveland,4035002,00-0036977,21,3WR 1TE,5,Right Guard,RG,6,2
2026-03-14T07:32:09Z,LAC,Trey Pipkins III,4411189,00-0035688,21,3WR 1TE,6,Right Tackle,RT,7,2
2026-03-14T07:32:09Z,LAC,DJ Uiagalelei,4429020,00-0040464,21,3WR 1TE,8,Quarterback,QB,9,2
2026-03-14T07:32:09Z,LAC,Charlie Kolar,4241263,00-0038046,21,3WR 1TE,7,Tight End,TE,10,2
2026-03-14T07:32:09Z,LAC,Kimani Vidal,4430968,00-0039391,21,3WR 1TE,9,Running Back,RB,11,2
2026-03-14T07:32:09Z,LAC,Scott Matlock,4373684,00-0038614,21,3WR 1TE,10,Fullback,FB,12,2
2026-03-14T07:32:09Z,LAC,Tre' Harris,4686612,00-0040727,21,3WR 1TE,1,Wide Receiver,WR,8,3
2026-03-14T07:32:09Z,LAC,Josh Harris,15151,00-0028845,21,3WR 1TE,4,Center,C,5,3
2026-03-14T07:32:09Z,LAC,Tanner McLachlan,4384171,00-0039399,21,3WR 1TE,7,Tight End,TE,10,3
2026-03-14T07:32:09Z,LAC,Keaton Mitchell,4596334,00-0038454,21,3WR 1TE,9,Running Back,RB,11,3
2026-03-14T07:32:09Z,LAC,KeAndre Lambert-Smith,4430870,00-0040184,21,3WR 1TE,1,Wide Receiver,WR,1,4
2026-03-14T07:32:09Z,LAC,Thomas Yassmin,4361027,00-0039936,21,3WR 1TE,7,Tight End,TE,10,4
2026-03-14T07:32:09Z,LAC,Jaret Patterson,4362452,00-0036755,21,3WR 1TE,9,Running Back,RB,11,4
2026-03-14T07:32:09Z,LAC,Derius Davis,4362477,00-0038573,21,3WR 1TE,1,Wide Receiver,WR,2,5
2026-03-14T07:32:09Z,LAC,Amar Johnson,4878878,00-0040039,21,3WR 1TE,9,Running Back,RB,11,5
2026-03-14T07:32:09Z,LAC,Dalevon Campbell,4569372,00-0040629,21,3WR 1TE,1,Wide Receiver,WR,8,6
2026-03-14T07:32:09Z,LAC,Luke Grimm,4433830,00-0040461,21,3WR 1TE,1,Wide Receiver,WR,1,7
2026-03-14T07:32:09Z,LAC,JaQuae Jackson,5160748,00-0039722,21,3WR 1TE,1,Wide Receiver,WR,2,8
2026-03-14T07:32:09Z,LV,Thomas Booker IV,4360749,00-0037262,15,Base 3-4 D,11,Left Defensive End,LDE,1,1
2026-03-14T07:32:09Z,LV,Adam Butler,2972342,00-0033381,15,Base 3-4 D,12,Nose Tackle,NT,2,1
2026-03-14T07:32:09Z,LV,Jonah Laulu,4373956,00-0039423,15,Base 3-4 D,13,Right Defensive End,RDE,3,1
2026-03-14T07:32:09Z,LV,Maxx Crosby,3916655,00-0034973,15,Base 3-4 D,26,Weakside Linebacker,WLB,4,1
2026-03-14T07:32:09Z,LV,Nakobe Dean,4426340,00-0037615,15,Base 3-4 D,15,Left Inside Linebacker,LILB,5,1
2026-03-14T07:32:09Z,LV,Quay Walker,4379416,00-0037074,15,Base 3-4 D,16,Right Inside Linebacker,RILB,6,1
2026-03-14T07:32:09Z,LV,Malcolm Koonce,4239719,00-0036989,15,Base 3-4 D,28,Strongside Linebacker,SLB,7,1
2026-03-14T07:32:09Z,LV,Darien Porter,4430330,00-0040641,15,Base 3-4 D,18,Left Cornerback,LCB,8,1
2026-03-14T07:32:09Z,LV,Jeremy Chinn,4043169,00-0036293,15,Base 3-4 D,20,Strong Safety,SS,9,1
2026-03-14T07:32:09Z,LV,Isaiah Pola-Mao,4259632,00-0037512,15,Base 3-4 D,21,Free Safety,FS,10,1
2026-03-14T07:32:09Z,LV,Eric Stokes,4259561,00-0036901,15,Base 3-4 D,19,Right Cornerback,RCB,11,1
2026-03-14T07:32:09Z,LV,Taron Johnson,3121003,00-0034376,15,Base 3-4 D,34,Nickel Back,NB,12,1
2026-03-14T07:32:09Z,LV,JJ Pegues,4430896,00-0040199,15,Base 3-4 D,12,Nose Tackle,NT,2,2
2026-03-14T07:32:09Z,LV,Tonka Hemingway,4429109,00-0040169,15,Base 3-4 D,13,Right Defensive End,RDE,3,2
2026-03-14T07:32:09Z,LV,Kwity Paye,4258194,00-0036479,15,Base 3-4 D,26,Weakside Linebacker,WLB,4,2
2026-03-14T07:32:09Z,LV,Jamin Davis,4240778,00-0036614,15,Base 3-4 D,15,Left Inside Linebacker,LILB,5,2
2026-03-14T07:32:09Z,LV,Tommy Eichenberg,4429560,00-0039374,15,Base 3-4 D,16,Right Inside Linebacker,RILB,6,2
2026-03-14T07:32:09Z,LV,Charles Snowden,4240849,00-0036711,15,Base 3-4 D,28,Strongside Linebacker,SLB,7,2
2026-03-14T07:32:09Z,LV,Chigozie Anusiem,4360475,00-0039676,15,Base 3-4 D,18,Left Cornerback,LCB,8,2
2026-03-14T07:32:09Z,LV,Tristin McCollum,4250393,00-0037461,15,Base 3-4 D,21,Free Safety,FS,10,2
2026-03-14T07:32:09Z,LV,Decamerion Richardson,4605498,00-0039357,15,Base 3-4 D,19,Right Cornerback,RCB,11,2
2026-03-14T07:32:09Z,LV,Greedy Vance,4686337,00-0040489,15,Base 3-4 D,34,Nickel Back,NB,12,2
2026-03-14T07:32:09Z,LV,Brodric Martin-Rhodes,4365457,00-0038939,15,Base 3-4 D,12,Nose Tackle,NT,2,3
2026-03-14T07:32:09Z,LV,Treven Ma'ae,4427852,00-0040487,15,Base 3-4 D,13,Right Defensive End,RDE,3,3
2026-03-14T07:32:09Z,LV,Tyree Wilson,4372533,00-0038541,15,Base 3-4 D,26,Weakside Linebacker,WLB,4,3
2026-03-14T07:32:09Z,LV,Cody Lindenberg,4685126,00-0040228,15,Base 3-4 D,16,Right Inside Linebacker,RILB,6,3
2026-03-14T07:32:09Z,LV,Brennan Jackson,4373471,00-0039836,15,Base 3-4 D,28,Strongside Linebacker,SLB,7,3
2026-03-14T07:32:09Z,LV,Jahfari Harvey,4427408,00-0040604,15,Base 3-4 D,26,Weakside Linebacker,WLB,4,4
2026-03-14T07:32:09Z,LV,Matt Gay,4249087,00-0035269,18,Special Teams,22,Place kicker,PK,1,1
2026-03-14T07:32:09Z,LV,AJ Cole,3686689,00-0035190,18,Special Teams,23,Punter,P,2,1
2026-03-14T07:32:09Z,LV,AJ Cole,3686689,00-0035190,18,Special Teams,79,Holder,H,3,1
2026-03-14T07:32:09Z,LV,Tre Tucker,4428718,00-0038563,18,Special Teams,76,Punt Returner,PR,4,1
2026-03-14T07:32:09Z,LV,Dylan Laube,4366963,00-0039407,18,Special Teams,77,Kick Returner,KR,5,1
2026-03-14T07:32:09Z,LV,Alex Ward,4243545,00-0038360,18,Special Teams,39,Long Snapper,LS,6,1
2026-03-14T07:32:09Z,LV,Dareke Young,4401805,00-0037093,18,Special Teams,77,Kick Returner,KR,5,2
2026-03-14T07:32:09Z,LV,Tre Tucker,4428718,00-0038563,18,Special Teams,77,Kick Returner,KR,5,3
2026-03-14T07:32:09Z,LV,Tre Tucker,4428718,00-0038563,21,3WR 1TE,1,Wide Receiver,WR,1,1
2026-03-14T07:32:09Z,LV,Kolton Miller,3134312,00-0034759,21,3WR 1TE,2,Left Tackle,LT,3,1
2026-03-14T07:32:09Z,LV,Jordan Meredith,4076803,00-0036604,21,3WR 1TE,3,Left Guard,LG,4,1
2026-03-14T07:32:09Z,LV,Tyler Linderbaum,4360499,00-0037825,21,3WR 1TE,4,Center,C,5,1
2026-03-14T07:32:09Z,LV,Jackson Powers-Johnson,4875295,00-0039735,21,3WR 1TE,5,Right Guard,RG,6,1
2026-03-14T07:32:09Z,LV,DJ Glaze,4606683,00-0039349,21,3WR 1TE,6,Right Tackle,RT,7,1
2026-03-14T07:32:09Z,LV,Aidan O'Connell,4260394,00-0038579,21,3WR 1TE,8,Quarterback,QB,9,1
2026-03-14T07:32:09Z,LV,Brock Bowers,4432665,00-0039338,21,3WR 1TE,7,Tight End,TE,10,1
2026-03-14T07:32:09Z,LV,Ashton Jeanty,4890973,00-0040122,21,3WR 1TE,9,Running Back,RB,11,1
2026-03-14T07:32:09Z,LV,Connor Heyward,4241961,00-0037304,21,3WR 1TE,10,Fullback,FB,12,1
2026-03-14T07:32:09Z,LV,Jalen Nailor,4382466,00-0037291,21,3WR 1TE,1,Wide Receiver,WR,2,2
2026-03-14T07:32:09Z,LV,Charles Grant,4694505,00-0040151,21,3WR 1TE,2,Left Tackle,LT,3,2
2026-03-14T07:32:09Z,LV,Atonio Mafi,4367202,00-0038586,21,3WR 1TE,3,Left Guard,LG,4,2
2026-03-14T07:32:09Z,LV,Will Putnam,4426393,00-0039544,21,3WR 1TE,4,Center,C,5,2
2026-03-14T07:32:09Z,LV,Caleb Rogers,4433889,00-0040150,21,3WR 1TE,5,Right Guard,RG,6,2
2026-03-14T07:32:09Z,LV,Dalton Wagner,4242177,00-0038923,21,3WR 1TE,6,Right Tackle,RT,7,2
2026-03-14T07:32:09Z,LV,Michael Mayer,4429086,00-0039066,21,3WR 1TE,7,Tight End,TE,10,2
2026-03-14T07:32:09Z,LV,Dylan Laube,4366963,00-0039407,21,3WR 1TE,9,Running Back,RB,11,2
2026-03-14T07:32:09Z,LV,Jack Bech,4603186,00-0040729,21,3WR 1TE,1,Wide Receiver,WR,8,3
2026-03-14T07:32:09Z,LV,Joshua Miles,3120434,00-0035317,21,3WR 1TE,2,Left Tackle,LT,3,3
2026-03-14T07:32:09Z,LV,McClendon Curtis,4247276,00-0038914,21,3WR 1TE,3,Left Guard,LG,4,3
2026-03-14T07:32:09Z,LV,Layden Robinson,4428368,00-0039887,21,3WR 1TE,5,Right Guard,RG,6,3
2026-03-14T07:32:09Z,LV,Carter Runyon,5155825,00-0040488,21,3WR 1TE,7,Tight End,TE,10,3
2026-03-14T07:32:09Z,LV,Chris Collier,4698191,00-0039244,21,3WR 1TE,9,Running Back,RB,11,3
2026-03-14T07:32:09Z,LV,Dont'e Thornton Jr.,4432775,00-0040581,21,3WR 1TE,1,Wide Receiver,WR,1,4
2026-03-14T07:32:09Z,LV,Laki Tasi,5278710,00-0040762,21,3WR 1TE,5,Right Guard,RG,6,4
2026-03-14T07:32:09Z,LV,Albert Okwuegbunam Jr.,4035115,00-0036423,21,3WR 1TE,7,Tight End,TE,10,4
2026-03-14T07:32:09Z,LV,Dareke Young,4401805,00-0037093,21,3WR 1TE,1,Wide Receiver,WR,2,5
2026-03-14T07:32:09Z,LV,Shedrick Jackson,4361332,00-0038891,21,3WR 1TE,1,Wide Receiver,WR,8,6
2026-03-14T07:32:09Z,LV,Phillip Dorsett II,2579604,00-0032208,21,3WR 1TE,1,Wide Receiver,WR,1,7
2026-03-14T07:32:09Z,LV,Justin Shorter,4361426,00-0038590,21,3WR 1TE,1,Wide Receiver,WR,2,8
2026-03-14T07:32:09Z,LV,Brenden Rice,4686781,00-0039415,21,3WR 1TE,1,Wide Receiver,WR,8,9
2026-03-14T07:32:09Z,MIA,Chop Robinson,4431586,00-0039911,16,Base 4-3 D,11,Left Defensive End,LDE,1,1
2026-03-14T07:32:09Z,MIA,Zach Sieler,3057956,00-0034285,16,Base 4-3 D,24,Left Defensive Tackle,LDT,2,1
2026-03-14T07:32:09Z,MIA,Jordan Phillips,2577466,00-0031557,16,Base 4-3 D,25,Right Defensive Tackle,RDT,3,1
2026-03-14T07:32:09Z,MIA,Cameron Goode,4035857,00-0037315,16,Base 4-3 D,13,Right Defensive End,RDE,4,1
2026-03-14T07:32:09Z,MIA,Jordyn Brooks,4043130,00-0036409,16,Base 4-3 D,26,Weakside Linebacker,WLB,5,1
2026-03-14T07:32:09Z,MIA,Tyrel Dodson,4035232,00-0035352,16,Base 4-3 D,27,Middle Linebacker,MLB,6,1
2026-03-14T07:32:09Z,MIA,Joshua Uche,4046528,00-0036159,16,Base 4-3 D,28,Strongside Linebacker,SLB,7,1
2026-03-14T07:32:09Z,MIA,JuJu Brents,4360488,00-0039156,16,Base 4-3 D,18,Left Cornerback,LCB,8,1
2026-03-14T07:32:09Z,MIA,Dante Trader Jr.,4431664,00-0040182,16,Base 4-3 D,20,Strong Safety,SS,9,1
2026-03-14T07:32:09Z,MIA,Zayne Anderson,3932335,00-0036677,16,Base 4-3 D,21,Free Safety,FS,10,1
2026-03-14T07:32:09Z,MIA,Jason Marshall Jr.,4432730,00-0040178,16,Base 4-3 D,19,Right Cornerback,RCB,11,1
2026-03-14T07:32:09Z,MIA,Lonnie Johnson Jr.,4240780,00-0035244,16,Base 4-3 D,34,Nickel Back,NB,12,1
2026-03-14T07:32:09Z,MIA,Derrick McLendon,4430153,00-0039497,16,Base 4-3 D,11,Left Defensive End,LDE,1,2
2026-03-14T07:32:09Z,MIA,Kenneth Grant,4894654,00-0040127,16,Base 4-3 D,24,Left Defensive Tackle,LDT,2,2
2026-03-14T07:32:09Z,MIA,Zeek Biggers,4683276,00-0040248,16,Base 4-3 D,25,Right Defensive Tackle,RDT,3,2
2026-03-14T07:32:09Z,MIA,Seth Coleman,4429436,00-0040054,16,Base 4-3 D,13,Right Defensive End,RDE,4,2
2026-03-14T07:32:09Z,MIA,Willie Gay Jr.,4259804,00-0036362,16,Base 4-3 D,26,Weakside Linebacker,WLB,5,2
2026-03-14T07:32:09Z,MIA,Jackson Woodard,4685637,00-0040066,16,Base 4-3 D,27,Middle Linebacker,MLB,6,2
2026-03-14T07:32:09Z,MIA,David Ojabo,4426507,00-0038142,16,Base 4-3 D,28,Strongside Linebacker,SLB,7,2
2026-03-14T07:32:09Z,MIA,Darrell Baker Jr.,4036660,00-0037549,16,Base 4-3 D,18,Left Cornerback,LCB,8,2
2026-03-14T07:32:09Z,MIA,Jordan Colbert,4367504,00-0039480,16,Base 4-3 D,20,Strong Safety,SS,9,2
2026-03-14T07:32:09Z,MIA,Alex Austin,4426599,00-0038646,16,Base 4-3 D,19,Right Cornerback,RCB,11,2
2026-03-14T07:32:09Z,MIA,Ethan Robinson,4876614,00-0040308,16,Base 4-3 D,34,Nickel Back,NB,12,2
2026-03-14T07:32:09Z,MIA,Robert Beal Jr.,4259558,00-0038603,16,Base 4-3 D,11,Left Defensive End,LDE,1,3
2026-03-14T07:32:09Z,MIA,Keith Cooper Jr.,4712462,00-0040655,16,Base 4-3 D,24,Left Defensive Tackle,LDT,2,3
2026-03-14T07:32:09Z,MIA,Matthew Butler,4242457,00-0037280,16,Base 4-3 D,25,Right Defensive Tackle,RDT,3,3
2026-03-14T07:32:09Z,MIA,K.C. Ossai,4687188,00-0040413,16,Base 4-3 D,27,Middle Linebacker,MLB,6,3
2026-03-14T07:32:09Z,MIA,Ethan Bonner,4360746,00-0038684,16,Base 4-3 D,18,Left Cornerback,LCB,8,3
2026-03-14T07:32:09Z,MIA,Isaiah Johnson,4367699,00-0039483,16,Base 4-3 D,20,Strong Safety,SS,9,3
2026-03-14T07:32:09Z,MIA,Marco Wilson,4240595,00-0036884,16,Base 4-3 D,19,Right Cornerback,RCB,11,3
2026-03-14T07:32:09Z,MIA,Jason Maitre,4360213,00-0039805,16,Base 4-3 D,34,Nickel Back,NB,12,3
2026-03-14T07:32:09Z,MIA,Alex Huntley,4430877,00-0040304,16,Base 4-3 D,25,Right Defensive Tackle,RDT,3,4
2026-03-14T07:32:09Z,MIA,Storm Duck,4427103,00-0039481,16,Base 4-3 D,18,Left Cornerback,LCB,8,4
2026-03-14T07:32:09Z,MIA,Omar Brown,4426794,00-0039566,16,Base 4-3 D,20,Strong Safety,SS,9,4
2026-03-14T07:32:09Z,MIA,A.J. Green III,4038437,00-0036114,16,Base 4-3 D,19,Right Cornerback,RCB,11,4
2026-03-14T07:32:09Z,MIA,Miles Battle,4372413,00-0039312,16,Base 4-3 D,18,Left Cornerback,LCB,8,5
2026-03-14T07:32:09Z,MIA,Riley Patterson,4243371,00-0036816,18,Special Teams,22,Place kicker,PK,1,1
2026-03-14T07:32:09Z,MIA,Seth Vernon,4571044,00-0037610,18,Special Teams,23,Punter,P,2,1
2026-03-14T07:32:09Z,MIA,Malik Washington,4569603,00-0039880,18,Special Teams,76,Punt Returner,PR,4,1
2026-03-14T07:32:09Z,MIA,Malik Washington,4569603,00-0039880,18,Special Teams,77,Kick Returner,KR,5,1
2026-03-14T07:32:09Z,MIA,Tucker Addington,4034729,00-0037686,18,Special Teams,39,Long Snapper,LS,6,1
2026-03-14T07:32:09Z,MIA,Zane Gonzalez,3043234,00-0033862,18,Special Teams,22,Place kicker,PK,1,2
2026-03-14T07:32:09Z,MIA,Ollie Gordon II,4711533,00-0040198,18,Special Teams,77,Kick Returner,KR,5,2
2026-03-14T07:32:09Z,MIA,Jaylen Waddle,4372016,00-0036613,21,3WR 1TE,1,Wide Receiver,WR,1,1
2026-03-14T07:32:09Z,MIA,Patrick Paul,4567493,00-0039899,21,3WR 1TE,2,Left Tackle,LT,3,1
2026-03-14T07:32:09Z,MIA,Jonah Savaiinaea,4819257,00-0040742,21,3WR 1TE,3,Left Guard,LG,4,1
2026-03-14T07:32:09Z,MIA,Aaron Brewer,4040537,00-0036171,21,3WR 1TE,4,Center,C,5,1
2026-03-14T07:32:09Z,MIA,Jamaree Salyer,4379412,00-0037295,21,3WR 1TE,5,Right Guard,RG,6,1
2026-03-14T07:32:09Z,MIA,Austin Jackson,4271632,00-0036248,21,3WR 1TE,6,Right Tackle,RT,7,1
2026-03-14T07:32:09Z,MIA,Malik Willis,4242512,00-0038128,21,3WR 1TE,8,Quarterback,QB,9,1
2026-03-14T07:32:09Z,MIA,Greg Dulcich,4367209,00-0037252,21,3WR 1TE,7,Tight End,TE,10,1
2026-03-14T07:32:09Z,MIA,De'Von Achane,4429160,00-0039040,21,3WR 1TE,9,Running Back,RB,11,1
2026-03-14T07:32:09Z,MIA,Malik Washington,4569603,00-0039880,21,3WR 1TE,1,Wide Receiver,WR,2,2
2026-03-14T07:32:09Z,MIA,Braeden Daniels,4361003,00-0039010,21,3WR 1TE,2,Left Tackle,LT,3,2
2026-03-14T07:32:09Z,MIA,Josh Priebe,4432503,00-0040307,21,3WR 1TE,3,Left Guard,LG,4,2
2026-03-14T07:32:09Z,MIA,Andrew Meyer,4362064,00-0039485,21,3WR 1TE,4,Center,C,5,2
2026-03-14T07:32:09Z,MIA,Kion Smith,4058521,00-0036839,21,3WR 1TE,5,Right Guard,RG,6,2
2026-03-14T07:32:09Z,MIA,Carter Warren,4240723,00-0039004,21,3WR 1TE,6,Right Tackle,RT,7,2
2026-03-14T07:32:09Z,MIA,Quinn Ewers,4889929,00-0040234,21,3WR 1TE,8,Quarterback,QB,9,2
2026-03-14T07:32:09Z,MIA,Ben Sims,4373030,00-0038809,21,3WR 1TE,7,Tight End,TE,10,2
2026-03-14T07:32:09Z,MIA,Jaylen Wright,4682745,00-0039874,21,3WR 1TE,9,Running Back,RB,11,2
2026-03-14T07:32:09Z,MIA,Jalen Tolbert,4249417,00-0037666,21,3WR 1TE,1,Wide Receiver,WR,8,3
2026-03-14T07:32:09Z,MIA,Cam Miller,4693331,00-0040222,21,3WR 1TE,8,Quarterback,QB,9,3
2026-03-14T07:32:09Z,MIA,Jalin Conyers,4431044,00-0040301,21,3WR 1TE,7,Tight End,TE,10,3
2026-03-14T07:32:09Z,MIA,Ollie Gordon II,4711533,00-0040198,21,3WR 1TE,9,Running Back,RB,11,3
2026-03-14T07:32:09Z,MIA,Tutu Atwell,4360797,00-0036849,21,3WR 1TE,1,Wide Receiver,WR,1,4
2026-03-14T07:32:09Z,MIA,Cole Turner,4361438,00-0037078,21,3WR 1TE,7,Tight End,TE,10,4
2026-03-14T07:32:09Z,MIA,Donovan Edwards,4431536,00-0040400,21,3WR 1TE,9,Running Back,RB,11,4
2026-03-14T07:32:09Z,MIA,Theo Wease Jr.,4426535,00-0040311,21,3WR 1TE,1,Wide Receiver,WR,2,5
2026-03-14T07:32:09Z,MIA,Zack Kuntz,4361417,00-0038406,21,3WR 1TE,7,Tight End,TE,10,5
2026-03-14T07:32:09Z,MIA,Tahj Washington,4567506,00-0039884,21,3WR 1TE,1,Wide Receiver,WR,8,6
2026-03-14T07:32:09Z,MIA,Terrace Marshall Jr.,4362630,00-0036955,21,3WR 1TE,1,Wide Receiver,WR,1,7
2026-03-14T07:32:09Z,MIA,AJ Henning,4429053,00-0040302,21,3WR 1TE,1,Wide Receiver,WR,2,8
2026-03-14T07:32:09Z,MIN,Levi Drake Rodriguez,5093973,00-0039421,15,Base 3-4 D,11,Left Defensive End,LDE,1,1
2026-03-14T07:32:09Z,MIN,Jalen Redmond,4360277,00-0038778,15,Base 3-4 D,12,Nose Tackle,NT,2,1
2026-03-14T07:32:09Z,MIN,Tyrion Ingram-Dawkins,4629149,00-0040173,15,Base 3-4 D,13,Right Defensive End,RDE,3,1
2026-03-14T07:32:09Z,MIN,Jonathan Greenard,3916409,00-0036224,15,Base 3-4 D,26,Weakside Linebacker,WLB,4,1
2026-03-14T07:32:09Z,MIN,Blake Cashman,3728281,00-0035276,15,Base 3-4 D,15,Left Inside Linebacker,LILB,5,1
2026-03-14T07:32:09Z,MIN,Eric Wilson,3056916,00-0033336,15,Base 3-4 D,16,Right Inside Linebacker,RILB,6,1
2026-03-14T07:32:09Z,MIN,Andrew Van Ginkel,3133487,00-0035272,15,Base 3-4 D,28,Strongside Linebacker,SLB,7,1
2026-03-14T07:32:09Z,MIN,Isaiah Rodgers,4044540,00-0036222,15,Base 3-4 D,18,Left Cornerback,LCB,8,1
2026-03-14T07:32:09Z,MIN,Joshua Metellus,4046537,00-0036348,15,Base 3-4 D,20,Strong Safety,SS,9,1
2026-03-14T07:32:09Z,MIN,Jay Ward,4568007,00-0038578,15,Base 3-4 D,21,Free Safety,FS,10,1
2026-03-14T07:32:09Z,MIN,Byron Murphy Jr.,4038999,00-0035236,15,Base 3-4 D,19,Right Cornerback,RCB,11,1
2026-03-14T07:32:09Z,MIN,Theo Jackson,4242436,00-0037301,15,Base 3-4 D,34,Nickel Back,NB,12,1
2026-03-14T07:32:09Z,MIN,Taki Taimani,4361114,00-0039720,15,Base 3-4 D,12,Nose Tackle,NT,2,2
2026-03-14T07:32:09Z,MIN,Elijah Williams,4696782,00-0040624,15,Base 3-4 D,13,Right Defensive End,RDE,3,2
2026-03-14T07:32:09Z,MIN,Dallas Turner,4565190,00-0039924,15,Base 3-4 D,26,Weakside Linebacker,WLB,4,2
2026-03-14T07:32:09Z,MIN,Bo Richter,4875564,00-0039718,15,Base 3-4 D,15,Left Inside Linebacker,LILB,5,2
2026-03-14T07:32:09Z,MIN,Ivan Pace Jr.,4430280,00-0038807,15,Base 3-4 D,16,Right Inside Linebacker,RILB,6,2
2026-03-14T07:32:09Z,MIN,Tyler Batty,4608794,00-0040492,15,Base 3-4 D,28,Strongside Linebacker,SLB,7,2
2026-03-14T07:32:09Z,MIN,James Pierre,4259252,00-0035795,15,Base 3-4 D,18,Left Cornerback,LCB,8,2
2026-03-14T07:32:09Z,MIN,Kahlef Hailassie,4373814,00-0038523,15,Base 3-4 D,20,Strong Safety,SS,9,2
2026-03-14T07:32:09Z,MIN,Zemaiah Vaughn,4695609,00-0040507,15,Base 3-4 D,19,Right Cornerback,RCB,11,2
2026-03-14T07:32:09Z,MIN,Tavierre Thomas,4334405,00-0034488,15,Base 3-4 D,34,Nickel Back,NB,12,2
2026-03-14T07:32:09Z,MIN,Chaz Chambliss,4431520,00-0040496,15,Base 3-4 D,26,Weakside Linebacker,WLB,4,3
2026-03-14T07:32:09Z,MIN,Josh Ross,4258198,00-0037184,15,Base 3-4 D,15,Left Inside Linebacker,LILB,5,3
2026-03-14T07:32:09Z,MIN,Dwight McGlothern,4429128,00-0039714,15,Base 3-4 D,18,Left Cornerback,LCB,8,3
2026-03-14T07:32:09Z,MIN,Zemaiah Vaughn,4695609,00-0040507,15,Base 3-4 D,18,Left Cornerback,LCB,8,4
2026-03-14T07:32:09Z,MIN,Will Reichard,4567104,00-0039404,18,Special Teams,22,Place kicker,PK,1,1
2026-03-14T07:32:09Z,MIN,Myles Price,4430656,00-0040506,18,Special Teams,76,Punt Returner,PR,4,1
2026-03-14T07:32:09Z,MIN,Myles Price,4430656,00-0040506,18,Special Teams,77,Kick Returner,KR,5,1
2026-03-14T07:32:09Z,MIN,Andrew DePaola,15726,00-0029714,18,Special Teams,39,Long Snapper,LS,6,1
2026-03-14T07:32:09Z,MIN,Jeshaun Jones,4360637,00-0039710,18,Special Teams,76,Punt Returner,PR,4,2
2026-03-14T07:32:09Z,MIN,Tai Felton,4565185,00-0040154,18,Special Teams,77,Kick Returner,KR,5,2
2026-03-14T07:32:09Z,MIN,Justin Jefferson,4262921,00-0036322,21,3WR 1TE,1,Wide Receiver,WR,1,1
2026-03-14T07:32:09Z,MIN,Christian Darrisaw,4361985,00-0036616,21,3WR 1TE,2,Left Tackle,LT,3,1
2026-03-14T07:32:09Z,MIN,Donovan Jackson,4431553,00-0040661,21,3WR 1TE,3,Left Guard,LG,4,1
2026-03-14T07:32:09Z,MIN,Michael Jurgens,4362010,00-0039419,21,3WR 1TE,4,Center,C,5,1
2026-03-14T07:32:09Z,MIN,Will Fries,4045176,00-0036483,21,3WR 1TE,5,Right Guard,RG,6,1
2026-03-14T07:32:09Z,MIN,Brian O'Neill,3123954,00-0034158,21,3WR 1TE,6,Right Tackle,RT,7,1
2026-03-14T07:32:09Z,MIN,Kyler Murray,3917315,00-0035228,21,3WR 1TE,8,Quarterback,QB,9,1
2026-03-14T07:32:09Z,MIN,T.J. Hockenson,4036133,00-0035229,21,3WR 1TE,7,Tight End,TE,10,1
2026-03-14T07:32:09Z,MIN,Aaron Jones Sr.,3042519,00-0033293,21,3WR 1TE,9,Running Back,RB,11,1
2026-03-14T07:32:09Z,MIN,Jordan Addison,4429205,00-0038994,21,3WR 1TE,1,Wide Receiver,WR,2,2
2026-03-14T07:32:09Z,MIN,Joe Huber,4690210,00-0040500,21,3WR 1TE,3,Left Guard,LG,4,2
2026-03-14T07:32:09Z,MIN,Vershon Lee,4430218,00-0040712,21,3WR 1TE,4,Center,C,5,2
2026-03-14T07:32:09Z,MIN,Henry Byrd,4367995,00-0038785,21,3WR 1TE,5,Right Guard,RG,6,2
2026-03-14T07:32:09Z,MIN,Blake Brandel,3930270,00-0036347,21,3WR 1TE,6,Right Tackle,RT,7,2
2026-03-14T07:32:09Z,MIN,J.J. McCarthy,4433970,00-0039923,21,3WR 1TE,8,Quarterback,QB,9,2
2026-03-14T07:32:09Z,MIN,Josh Oliver,3921690,00-0035249,21,3WR 1TE,7,Tight End,TE,10,2
2026-03-14T07:32:09Z,MIN,Jordan Mason,4360569,00-0037525,21,3WR 1TE,9,Running Back,RB,11,2
2026-03-14T07:32:09Z,MIN,Tai Felton,4565185,00-0040154,21,3WR 1TE,1,Wide Receiver,WR,8,3
2026-03-14T07:32:09Z,MIN,Walter Rouse,4428394,00-0039828,21,3WR 1TE,6,Right Tackle,RT,7,3
2026-03-14T07:32:09Z,MIN,Max Brosmer,4573398,00-0040494,21,3WR 1TE,8,Quarterback,QB,9,3
2026-03-14T07:32:09Z,MIN,Gavin Bartholomew,4708049,00-0040215,21,3WR 1TE,7,Tight End,TE,10,3
2026-03-14T07:32:09Z,MIN,Zavier Scott,4257364,00-0038440,21,3WR 1TE,9,Running Back,RB,11,3
2026-03-14T07:32:09Z,MIN,Jeshaun Jones,4360637,00-0039710,21,3WR 1TE,1,Wide Receiver,WR,1,4
2026-03-14T07:32:09Z,MIN,Caleb Etienne,4880297,00-0040370,21,3WR 1TE,6,Right Tackle,RT,7,4
2026-03-14T07:32:09Z,MIN,Ben Yurosek,4433959,00-0040509,21,3WR 1TE,7,Tight End,TE,10,4
2026-03-14T07:32:09Z,MIN,Myles Price,4430656,00-0040506,21,3WR 1TE,1,Wide Receiver,WR,2,5
2026-03-14T07:32:09Z,MIN,Bryson Nesbit,4602969,00-0040504,21,3WR 1TE,7,Tight End,TE,10,5
2026-03-14T07:32:09Z,MIN,Dontae Fleming,4565297,00-0040498,21,3WR 1TE,1,Wide Receiver,WR,8,6
2026-03-14T07:32:09Z,MIN,Joaquin Davis,4696907,00-0040443,21,3WR 1TE,1,Wide Receiver,WR,1,7
2026-03-14T07:32:09Z,NE,Christian Barmore,4372030,00-0036981,15,Base 3-4 D,11,Left Defensive End,LDE,1,1
2026-03-14T07:32:09Z,NE,Eric Gregory,4567171,00-0040371,15,Base 3-4 D,12,Nose Tackle,NT,2,1
2026-03-14T07:32:09Z,NE,Milton Williams,4239699,00-0036916,15,Base 3-4 D,13,Right Defensive End,RDE,3,1
2026-03-14T07:32:09Z,NE,Harold Landry III,3122793,00-0034828,15,Base 3-4 D,26,Weakside Linebacker,WLB,4,1
2026-03-14T07:32:09Z,NE,Robert Spillane,3129446,00-0034720,15,Base 3-4 D,15,Left Inside Linebacker,LILB,5,1
2026-03-14T07:32:09Z,NE,Christian Elliss,4245273,00-0036813,15,Base 3-4 D,16,Right Inside Linebacker,RILB,6,1
2026-03-14T07:32:09Z,NE,Dre'Mont Jones,3915525,00-0035678,15,Base 3-4 D,28,Strongside Linebacker,SLB,7,1
2026-03-14T07:32:09Z,NE,Carlton Davis III,3916923,00-0034778,15,Base 3-4 D,18,Left Cornerback,LCB,8,1
2026-03-14T07:32:09Z,NE,Craig Woodson,4428930,00-0040716,15,Base 3-4 D,20,Strong Safety,SS,9,1
2026-03-14T07:32:09Z,NE,Kevin Byard III,2574056,00-0033132,15,Base 3-4 D,21,Free Safety,FS,10,1
2026-03-14T07:32:09Z,NE,Christian Gonzalez,4686772,00-0039147,15,Base 3-4 D,19,Right Cornerback,RCB,11,1
2026-03-14T07:32:09Z,NE,Marcus Jones,4241720,00-0037253,15,Base 3-4 D,34,Nickel Back,NB,12,1
2026-03-14T07:32:09Z,NE,Joshua Farmer,4611993,00-0040171,15,Base 3-4 D,11,Left Defensive End,LDE,1,2
2026-03-14T07:32:09Z,NE,Cory Durden,4240042,00-0038653,15,Base 3-4 D,13,Right Defensive End,RDE,3,2
2026-03-14T07:32:09Z,NE,Elijah Ponder,4688432,00-0040574,15,Base 3-4 D,26,Weakside Linebacker,WLB,4,2
2026-03-14T07:32:09Z,NE,Marte Mapu,4248899,00-0039054,15,Base 3-4 D,15,Left Inside Linebacker,LILB,5,2
2026-03-14T07:32:09Z,NE,K.J. Britt,4242521,00-0036643,15,Base 3-4 D,16,Right Inside Linebacker,RILB,6,2
2026-03-14T07:32:09Z,NE,Bradyn Swinson,4431424,00-0040176,15,Base 3-4 D,28,Strongside Linebacker,SLB,7,2
2026-03-14T07:32:09Z,NE,Charles Woods,4368113,00-0039770,15,Base 3-4 D,18,Left Cornerback,LCB,8,2
2026-03-14T07:32:09Z,NE,Brenden Schooler,4047941,00-0037205,15,Base 3-4 D,20,Strong Safety,SS,9,2
2026-03-14T07:32:09Z,NE,Mike Brown,4244310,00-0037493,15,Base 3-4 D,21,Free Safety,FS,10,2
2026-03-14T07:32:09Z,NE,Marcellas Dial Jr.,4875079,00-0039390,15,Base 3-4 D,19,Right Cornerback,RCB,11,2
2026-03-14T07:32:09Z,NE,Brandon Crossley,4429480,00-0040565,15,Base 3-4 D,34,Nickel Back,NB,12,2
2026-03-14T07:32:09Z,NE,Leonard Taylor III,4431598,00-0039289,15,Base 3-4 D,11,Left Defensive End,LDE,1,3
2026-03-14T07:32:09Z,NE,Jeremiah Pharms Jr.,5081728,00-0037711,15,Base 3-4 D,13,Right Defensive End,RDE,3,3
2026-03-14T07:32:09Z,NE,Jesse Luketa,4361419,00-0037330,15,Base 3-4 D,26,Weakside Linebacker,WLB,4,3
2026-03-14T07:32:09Z,NE,Otis Reese IV,4379411,00-0038853,15,Base 3-4 D,15,Left Inside Linebacker,LILB,5,3
2026-03-14T07:32:09Z,NE,Chad Muma,4361707,00-0037811,15,Base 3-4 D,16,Right Inside Linebacker,RILB,6,3
2026-03-14T07:32:09Z,NE,Kobee Minor,4566100,00-0040252,15,Base 3-4 D,18,Left Cornerback,LCB,8,3
2026-03-14T07:32:09Z,NE,John Saunders Jr.,4608762,00-0040310,15,Base 3-4 D,20,Strong Safety,SS,9,3
2026-03-14T07:32:09Z,NE,Dell Pettus,4428232,00-0039692,15,Base 3-4 D,21,Free Safety,FS,10,3
2026-03-14T07:32:09Z,NE,Amari Gainer,4360469,00-0039539,15,Base 3-4 D,26,Weakside Linebacker,WLB,4,4
2026-03-14T07:32:09Z,NE,Andy Borregales,4569923,00-0040200,18,Special Teams,22,Place kicker,PK,1,1
2026-03-14T07:32:09Z,NE,Bryce Baringer,4240545,00-0038610,18,Special Teams,23,Punter,P,2,1
2026-03-14T07:32:09Z,NE,Bryce Baringer,4240545,00-0038610,18,Special Teams,79,Holder,H,3,1
2026-03-14T07:32:09Z,NE,Marcus Jones,4241720,00-0037253,18,Special Teams,76,Punt Returner,PR,4,1
2026-03-14T07:32:09Z,NE,Efton Chism III,4695193,00-0040563,18,Special Teams,77,Kick Returner,KR,5,1
2026-03-14T07:32:09Z,NE,Julian Ashby,4695254,00-0040246,18,Special Teams,39,Long Snapper,LS,6,1
2026-03-14T07:32:09Z,NE,Efton Chism III,4695193,00-0040563,18,Special Teams,76,Punt Returner,PR,4,2
2026-03-14T07:32:09Z,NE,Kyle Williams,4613202,00-0040131,18,Special Teams,77,Kick Returner,KR,5,2
2026-03-14T07:32:09Z,NE,TreVeyon Henderson,4432710,00-0040734,18,Special Teams,77,Kick Returner,KR,5,3
2026-03-14T07:32:09Z,NE,Romeo Doubs,4361432,00-0037816,21,3WR 1TE,1,Wide Receiver,WR,1,1
2026-03-14T07:32:09Z,NE,Will Campbell,4685298,00-0040699,21,3WR 1TE,2,Left Tackle,LT,3,1
2026-03-14T07:32:09Z,NE,Alijah Vera-Tucker,4259646,00-0036979,21,3WR 1TE,3,Left Guard,LG,4,1
2026-03-14T07:32:09Z,NE,Jared Wilson,4599198,00-0040147,21,3WR 1TE,4,Center,C,5,1
2026-03-14T07:32:09Z,NE,Mike Onwenu,4046545,00-0036198,21,3WR 1TE,5,Right Guard,RG,6,1
2026-03-14T07:32:09Z,NE,Morgan Moses,16771,00-0031330,21,3WR 1TE,6,Right Tackle,RT,7,1
2026-03-14T07:32:09Z,NE,Drake Maye,4431452,00-0039851,21,3WR 1TE,8,Quarterback,QB,9,1
2026-03-14T07:32:09Z,NE,Hunter Henry,3046439,00-0033090,21,3WR 1TE,7,Tight End,TE,10,1
2026-03-14T07:32:09Z,NE,Rhamondre Stevenson,4569173,00-0036875,21,3WR 1TE,9,Running Back,RB,11,1
2026-03-14T07:32:09Z,NE,Reggie Gilliam,4039505,00-0036187,21,3WR 1TE,10,Fullback,FB,12,1
2026-03-14T07:32:09Z,NE,Kayshon Boutte,4429022,00-0038608,21,3WR 1TE,1,Wide Receiver,WR,2,2
2026-03-14T07:32:09Z,NE,Lorenz Metz,4360063,00-0038426,21,3WR 1TE,2,Left Tackle,LT,3,2
2026-03-14T07:32:09Z,NE,Caedan Wallace,4426446,00-0039863,21,3WR 1TE,3,Left Guard,LG,4,2
2026-03-14T07:32:09Z,NE,Ben Brown,4362890,00-0037413,21,3WR 1TE,4,Center,C,5,2
2026-03-14T07:32:09Z,NE,Andrew Rupcich,4916597,00-0037605,21,3WR 1TE,5,Right Guard,RG,6,2
2026-03-14T07:32:09Z,NE,Marcus Bryant,4565293,00-0040226,21,3WR 1TE,6,Right Tackle,RT,7,2
2026-03-14T07:32:09Z,NE,Joshua Dobbs,3044720,00-0033949,21,3WR 1TE,8,Quarterback,QB,9,2
2026-03-14T07:32:09Z,NE,Julian Hill,4365395,00-0038720,21,3WR 1TE,7,Tight End,TE,10,2
2026-03-14T07:32:09Z,NE,TreVeyon Henderson,4432710,00-0040734,21,3WR 1TE,9,Running Back,RB,11,2
2026-03-14T07:32:09Z,NE,Jack Westover,4361100,00-0039305,21,3WR 1TE,10,Fullback,FB,12,2
2026-03-14T07:32:09Z,NE,Mack Hollins,2991662,00-0033555,21,3WR 1TE,1,Wide Receiver,WR,8,3
2026-03-14T07:32:09Z,NE,Mehki Butler,4880087,00-0040593,21,3WR 1TE,3,Left Guard,LG,4,3
2026-03-14T07:32:09Z,NE,Sebastian Gutierrez,5041985,00-0037381,21,3WR 1TE,6,Right Tackle,RT,7,3
2026-03-14T07:32:09Z,NE,Tommy DeVito,4240391,00-0038476,21,3WR 1TE,8,Quarterback,QB,9,3
2026-03-14T07:32:09Z,NE,CJ Dippre,4596545,00-0040566,21,3WR 1TE,7,Tight End,TE,10,3
2026-03-14T07:32:09Z,NE,Terrell Jennings,4427600,00-0039757,21,3WR 1TE,9,Running Back,RB,11,3
2026-03-14T07:32:09Z,NE,Brock Lampe,4875767,00-0040567,21,3WR 1TE,10,Fullback,FB,12,3
2026-03-14T07:32:09Z,NE,DeMario Douglas,4427095,00-0038621,21,3WR 1TE,1,Wide Receiver,WR,1,4
2026-03-14T07:32:09Z,NE,Marshall Lang,4566195,00-0040060,21,3WR 1TE,7,Tight End,TE,10,4
2026-03-14T07:32:09Z,NE,Elijah Mitchell,4241555,00-0036567,21,3WR 1TE,9,Running Back,RB,11,4
2026-03-14T07:32:09Z,NE,Kyle Williams,4613202,00-0040131,21,3WR 1TE,1,Wide Receiver,WR,2,5
2026-03-14T07:32:09Z,NE,Lan Larison,4698253,00-0040568,21,3WR 1TE,9,Running Back,RB,11,5
2026-03-14T07:32:09Z,NE,Efton Chism III,4695193,00-0040563,21,3WR 1TE,1,Wide Receiver,WR,8,6
2026-03-14T07:32:09Z,NE,Jeremiah Webb,4572655,00-0040570,21,3WR 1TE,1,Wide Receiver,WR,1,7
2026-03-14T07:32:09Z,NE,John Jiles,4887705,00-0039505,21,3WR 1TE,1,Wide Receiver,WR,2,8
2026-03-14T07:32:09Z,NO,Vernon Broughton,4429040,00-0040642,15,Base 3-4 D,11,Left Defensive End,LDE,1,1
2026-03-14T07:32:09Z,NO,Davon Godchaux,3115383,00-0033860,15,Base 3-4 D,12,Nose Tackle,NT,2,1
2026-03-14T07:32:09Z,NO,Bryan Bresee,4428988,00-0038995,15,Base 3-4 D,13,Right Defensive End,RDE,3,1
2026-03-14T07:32:09Z,NO,Carl Granderson,3918310,00-0035402,15,Base 3-4 D,26,Weakside Linebacker,WLB,4,1
2026-03-14T07:32:09Z,NO,Kaden Elliss,3124890,00-0035316,15,Base 3-4 D,15,Left Inside Linebacker,LILB,5,1
2026-03-14T07:32:09Z,NO,Pete Werner,4241993,00-0036927,15,Base 3-4 D,16,Right Inside Linebacker,RILB,6,1
2026-03-14T07:32:09Z,NO,Chase Young,4241986,00-0036321,15,Base 3-4 D,28,Strongside Linebacker,SLB,7,1
2026-03-14T07:32:09Z,NO,Kool-Aid McKinstry,4433975,00-0039860,15,Base 3-4 D,18,Left Cornerback,LCB,8,1
2026-03-14T07:32:09Z,NO,Justin Reid,3931399,00-0034361,15,Base 3-4 D,20,Strong Safety,SS,9,1
2026-03-14T07:32:09Z,NO,Julian Blackmon,4035661,00-0036253,15,Base 3-4 D,21,Free Safety,FS,10,1
2026-03-14T07:32:09Z,NO,Quincy Riley,4428350,00-0040166,15,Base 3-4 D,19,Right Cornerback,RCB,11,1
2026-03-14T07:32:09Z,NO,Jordan Howden,4360949,00-0038588,15,Base 3-4 D,34,Nickel Back,NB,12,1
2026-03-14T07:32:09Z,NO,Nathan Shepherd,4076951,00-0034760,15,Base 3-4 D,11,Left Defensive End,LDE,1,2
2026-03-14T07:32:09Z,NO,Khristian Boyd,4384595,00-0039401,15,Base 3-4 D,12,Nose Tackle,NT,2,2
2026-03-14T07:32:09Z,NO,John Ridgeway III,4248047,00-0037283,15,Base 3-4 D,13,Right Defensive End,RDE,3,2
2026-03-14T07:32:09Z,NO,Fadil Diggs,4429073,00-0040249,15,Base 3-4 D,26,Weakside Linebacker,WLB,4,2
2026-03-14T07:32:09Z,NO,Danny Stutsman,4683215,00-0040155,15,Base 3-4 D,15,Left Inside Linebacker,LILB,5,2
2026-03-14T07:32:09Z,NO,Jaylan Ford,4566088,00-0039388,15,Base 3-4 D,16,Right Inside Linebacker,RILB,6,2
2026-03-14T07:32:09Z,NO,Dalys Beanum,4695407,00-0040535,15,Base 3-4 D,18,Left Cornerback,LCB,8,2
2026-03-14T07:32:09Z,NO,Jonas Sanker,4683813,00-0040643,15,Base 3-4 D,21,Free Safety,FS,10,2
2026-03-14T07:32:09Z,NO,Rejzohn Wright,4696043,00-0038781,15,Base 3-4 D,19,Right Cornerback,RCB,11,2
2026-03-14T07:32:09Z,NO,Isaac Yiadom,3122797,00-0034780,15,Base 3-4 D,34,Nickel Back,NB,12,2
2026-03-14T07:32:09Z,NO,Coziah Izzard,4429076,00-0040088,15,Base 3-4 D,11,Left Defensive End,LDE,1,3
2026-03-14T07:32:09Z,NO,Isaiah Stalbird,4361194,00-0039622,15,Base 3-4 D,15,Left Inside Linebacker,LILB,5,3
2026-03-14T07:32:09Z,NO,Elliott Davison,4688366,00-0040537,15,Base 3-4 D,21,Free Safety,FS,10,3
2026-03-14T07:32:09Z,NO,Jayden Price,4383391,00-0039725,15,Base 3-4 D,19,Right Cornerback,RCB,11,3
2026-03-14T07:32:09Z,NO,Beanie Bishop Jr.,4363052,00-0039454,15,Base 3-4 D,34,Nickel Back,NB,12,3
2026-03-14T07:32:09Z,NO,Myles Cole,4365303,00-0039425,15,Base 3-4 D,11,Left Defensive End,LDE,1,4
2026-03-14T07:32:09Z,NO,Charlie Smyth,5208518,00-0039229,18,Special Teams,22,Place kicker,PK,1,1
2026-03-14T07:32:09Z,NO,Ryan Wright,4361823,00-0037500,18,Special Teams,23,Punter,P,2,1
2026-03-14T07:32:09Z,NO,Ryan Wright,4361823,00-0037500,18,Special Teams,79,Holder,H,3,1
2026-03-14T07:32:09Z,NO,Trey Palmer,4426407,00-0039052,18,Special Teams,76,Punt Returner,PR,4,1
2026-03-14T07:32:09Z,NO,Kendre Miller,4599739,00-0038551,18,Special Teams,77,Kick Returner,KR,5,1
2026-03-14T07:32:09Z,NO,Zach Wood,2575788,00-0033063,18,Special Teams,39,Long Snapper,LS,6,1
2026-03-14T07:32:09Z,NO,Mason Tipton,4573697,00-0039623,18,Special Teams,77,Kick Returner,KR,5,2
2026-03-14T07:32:09Z,NO,Devin Neal,4682652,00-0040202,18,Special Teams,77,Kick Returner,KR,5,3
2026-03-14T07:32:09Z,NO,Evan Hull,4569609,00-0038397,18,Special Teams,77,Kick Returner,KR,5,4
2026-03-14T07:32:09Z,NO,Chris Olave,4361370,00-0037239,21,3WR 1TE,1,Wide Receiver,WR,1,1
2026-03-14T07:32:09Z,NO,Kelvin Banks Jr.,4685260,00-0040125,21,3WR 1TE,2,Left Tackle,LT,3,1
2026-03-14T07:32:09Z,NO,David Edwards,3917660,00-0035668,21,3WR 1TE,3,Left Guard,LG,4,1
2026-03-14T07:32:09Z,NO,Erik McCoy,3917331,00-0035242,21,3WR 1TE,4,Center,C,5,1
2026-03-14T07:32:09Z,NO,Cesar Ruiz,4258199,00-0036408,21,3WR 1TE,5,Right Guard,RG,6,1
2026-03-14T07:32:09Z,NO,Taliese Fuaga,4606711,00-0039339,21,3WR 1TE,6,Right Tackle,RT,7,1
2026-03-14T07:32:09Z,NO,Tyler Shough,4360689,00-0040743,21,3WR 1TE,8,Quarterback,QB,9,1
2026-03-14T07:32:09Z,NO,Juwan Johnson,3929645,00-0036040,21,3WR 1TE,7,Tight End,TE,10,1
2026-03-14T07:32:09Z,NO,Travis Etienne Jr.,4239996,00-0036973,21,3WR 1TE,9,Running Back,RB,11,1
2026-03-14T07:32:09Z,NO,Devaughn Vele,4569559,00-0039424,21,3WR 1TE,1,Wide Receiver,WR,2,2
2026-03-14T07:32:09Z,NO,Dillon Radunz,4040945,00-0036619,21,3WR 1TE,3,Left Guard,LG,4,2
2026-03-14T07:32:09Z,NO,Will Sherman,4243186,00-0036535,21,3WR 1TE,5,Right Guard,RG,6,2
2026-03-14T07:32:09Z,NO,Asim Richards,4430379,00-0038601,21,3WR 1TE,6,Right Tackle,RT,7,2
2026-03-14T07:32:09Z,NO,Spencer Rattler,4426339,00-0039376,21,3WR 1TE,8,Quarterback,QB,9,2
2026-03-14T07:32:09Z,NO,Noah Fant,4036131,00-0035644,21,3WR 1TE,7,Tight End,TE,10,2
2026-03-14T07:32:09Z,NO,Alvin Kamara,3054850,00-0033906,21,3WR 1TE,9,Running Back,RB,11,2
2026-03-14T07:32:09Z,NO,Mason Tipton,4573697,00-0039623,21,3WR 1TE,1,Wide Receiver,WR,8,3
2026-03-14T07:32:09Z,NO,Nick Saldiveri,4361600,00-0038566,21,3WR 1TE,3,Left Guard,LG,4,3
2026-03-14T07:32:09Z,NO,Torricelli Simpkins III,4696902,00-0040541,21,3WR 1TE,5,Right Guard,RG,6,3
2026-03-14T07:32:09Z,NO,Barry Wesley,4256055,00-0038304,21,3WR 1TE,6,Right Tackle,RT,7,3
2026-03-14T07:32:09Z,NO,Zaire Mitchell-Paden,4876006,00-0037340,21,3WR 1TE,7,Tight End,TE,10,3
2026-03-14T07:32:09Z,NO,Kendre Miller,4599739,00-0038551,21,3WR 1TE,9,Running Back,RB,11,3
2026-03-14T07:32:09Z,NO,Bub Means,4427985,00-0039386,21,3WR 1TE,1,Wide Receiver,WR,1,4
2026-03-14T07:32:09Z,NO,Xavier Truss,4427080,00-0040451,21,3WR 1TE,5,Right Guard,RG,6,4
2026-03-14T07:32:09Z,NO,Moliki Matavao,4432731,00-0040244,21,3WR 1TE,7,Tight End,TE,10,4
2026-03-14T07:32:09Z,NO,Devin Neal,4682652,00-0040202,21,3WR 1TE,9,Running Back,RB,11,4
2026-03-14T07:32:09Z,NO,Kevin Austin Jr.,4372758,00-0037231,21,3WR 1TE,1,Wide Receiver,WR,2,5
2026-03-14T07:32:09Z,NO,Easton Kilty,4696488,00-0040539,21,3WR 1TE,5,Right Guard,RG,6,5
2026-03-14T07:32:09Z,NO,Treyton Welch,4430684,00-0039518,21,3WR 1TE,7,Tight End,TE,10,5
2026-03-14T07:32:09Z,NO,Audric Estime,4569682,00-0039373,21,3WR 1TE,9,Running Back,RB,11,5
2026-03-14T07:32:09Z,NO,Trey Palmer,4426407,00-0039052,21,3WR 1TE,1,Wide Receiver,WR,8,6
2026-03-14T07:32:09Z,NO,Evan Hull,4569609,00-0038397,21,3WR 1TE,9,Running Back,RB,11,6
2026-03-14T07:32:09Z,NO,Ja'Lynn Polk,4430637,00-0039907,21,3WR 1TE,1,Wide Receiver,WR,1,7
2026-03-14T07:32:09Z,NO,Ronnie Bell,4372063,00-0038647,21,3WR 1TE,1,Wide Receiver,WR,2,8
2026-03-14T07:32:09Z,NO,Samori Toure,4027873,00-0037098,21,3WR 1TE,1,Wide Receiver,WR,8,9
2026-03-14T07:32:09Z,NO,Elijah Cooks,4241588,00-0038667,21,3WR 1TE,1,Wide Receiver,WR,1,10
2026-03-14T07:32:09Z,NYG,Darius Alexander,4426542,00-0040694,15,Base 3-4 D,11,Left Defensive End,LDE,1,1
2026-03-14T07:32:09Z,NYG,Dexter Lawrence II,4035483,00-0035683,15,Base 3-4 D,12,Nose Tackle,NT,2,1
2026-03-14T07:32:09Z,NYG,Roy Robertson-Harris,2574891,00-0032667,15,Base 3-4 D,13,Right Defensive End,RDE,3,1
2026-03-14T07:32:09Z,NYG,Brian Burns,4035631,00-0035713,15,Base 3-4 D,26,Weakside Linebacker,WLB,4,1
2026-03-14T07:32:09Z,NYG,Tremaine Edmunds,3929950,00-0034673,15,Base 3-4 D,15,Left Inside Linebacker,LILB,5,1
2026-03-14T07:32:09Z,NYG,Micah McFadden,4371961,00-0037259,15,Base 3-4 D,16,Right Inside Linebacker,RILB,6,1
2026-03-14T07:32:09Z,NYG,Kayvon Thibodeaux,4426326,00-0037611,15,Base 3-4 D,28,Strongside Linebacker,SLB,7,1
2026-03-14T07:32:09Z,NYG,Paulson Adebo,4242547,00-0036937,15,Base 3-4 D,18,Left Cornerback,LCB,8,1
2026-03-14T07:32:09Z,NYG,Tyler Nubin,4430261,00-0039861,15,Base 3-4 D,20,Strong Safety,SS,9,1
2026-03-14T07:32:09Z,NYG,Jevon Holland,4373809,00-0036998,15,Base 3-4 D,21,Free Safety,FS,10,1
2026-03-14T07:32:09Z,NYG,Greg Newsome II,4361266,00-0036996,15,Base 3-4 D,19,Right Cornerback,RCB,11,1
2026-03-14T07:32:09Z,NYG,Dru Phillips,4431321,00-0039821,15,Base 3-4 D,34,Nickel Back,NB,12,1
2026-03-14T07:32:09Z,NYG,Marlon Tuipulotu,4243218,00-0036920,15,Base 3-4 D,11,Left Defensive End,LDE,1,2
2026-03-14T07:32:09Z,NYG,Elijah Chatman,4429392,00-0039764,15,Base 3-4 D,13,Right Defensive End,RDE,3,2
2026-03-14T07:32:09Z,NYG,Abdul Carter,4725996,00-0040677,15,Base 3-4 D,26,Weakside Linebacker,WLB,4,2
2026-03-14T07:32:09Z,NYG,Swayze Bozeman,4570546,00-0039313,15,Base 3-4 D,15,Left Inside Linebacker,LILB,5,2
2026-03-14T07:32:09Z,NYG,Darius Muasau,4428072,00-0039829,15,Base 3-4 D,16,Right Inside Linebacker,RILB,6,2
2026-03-14T07:32:09Z,NYG,Chauncey Golston,4036132,00-0036982,15,Base 3-4 D,28,Strongside Linebacker,SLB,7,2
2026-03-14T07:32:09Z,NYG,Deonte Banks,4428328,00-0039000,15,Base 3-4 D,18,Left Cornerback,LCB,8,2
2026-03-14T07:32:09Z,NYG,Ar'Darius Washington,4362492,00-0036587,15,Base 3-4 D,20,Strong Safety,SS,9,2
2026-03-14T07:32:09Z,NYG,Elijah Campbell,3932901,00-0034248,15,Base 3-4 D,21,Free Safety,FS,10,2
2026-03-14T07:32:09Z,NYG,Korie Black,4429281,00-0040243,15,Base 3-4 D,19,Right Cornerback,RCB,11,2
2026-03-14T07:32:09Z,NYG,Nic Jones,4427636,00-0038986,15,Base 3-4 D,34,Nickel Back,NB,12,2
2026-03-14T07:32:09Z,NYG,DeMarvin Leal,4426359,00-0037759,15,Base 3-4 D,13,Right Defensive End,RDE,3,3
2026-03-14T07:32:09Z,NYG,Trace Ford,4427207,00-0040434,15,Base 3-4 D,28,Strongside Linebacker,SLB,7,3
2026-03-14T07:32:09Z,NYG,Art Green,4689674,00-0038788,15,Base 3-4 D,18,Left Cornerback,LCB,8,3
2026-03-14T07:32:09Z,NYG,Raheem Layne,4258237,00-0037468,15,Base 3-4 D,20,Strong Safety,SS,9,3
2026-03-14T07:32:09Z,NYG,Beau Brade,4429291,00-0039241,15,Base 3-4 D,21,Free Safety,FS,10,3
2026-03-14T07:32:09Z,NYG,Rico Payton,4368350,00-0039620,15,Base 3-4 D,19,Right Cornerback,RCB,11,3
2026-03-14T07:32:09Z,NYG,Jarrick Bernard-Converse,4361834,00-0038401,15,Base 3-4 D,34,Nickel Back,NB,12,3
2026-03-14T07:32:09Z,NYG,Patrick McMorris,4430158,00-0039881,15,Base 3-4 D,20,Strong Safety,SS,9,4
2026-03-14T07:32:09Z,NYG,TJ Moore,4692055,00-0040620,15,Base 3-4 D,34,Nickel Back,NB,12,4
2026-03-14T07:32:09Z,NYG,Myles Purchase,4701177,00-0040473,15,Base 3-4 D,34,Nickel Back,NB,12,5
2026-03-14T07:32:09Z,NYG,Jason Sanders,3124679,00-0034794,18,Special Teams,22,Place kicker,PK,1,1
2026-03-14T07:32:09Z,NYG,Jordan Stout,4260224,00-0038094,18,Special Teams,23,Punter,P,2,1
2026-03-14T07:32:09Z,NYG,Jordan Stout,4260224,00-0038094,18,Special Teams,79,Holder,H,3,1
2026-03-14T07:32:09Z,NYG,Gunner Olszewski,4424106,00-0035645,18,Special Teams,76,Punt Returner,PR,4,1
2026-03-14T07:32:09Z,NYG,Gunner Olszewski,4424106,00-0035645,18,Special Teams,77,Kick Returner,KR,5,1
2026-03-14T07:32:09Z,NYG,Graham Gano,12460,00-0026858,18,Special Teams,22,Place kicker,PK,1,2
2026-03-14T07:32:09Z,NYG,Xavier Gipson,4427278,00-0038496,18,Special Teams,76,Punt Returner,PR,4,2
2026-03-14T07:32:09Z,NYG,Deonte Banks,4428328,00-0039000,18,Special Teams,77,Kick Returner,KR,5,2
2026-03-14T07:32:09Z,NYG,Ben Sauls,4566158,00-0040530,18,Special Teams,22,Place kicker,PK,1,3
2026-03-14T07:32:09Z,NYG,Jevon Holland,4373809,00-0036998,18,Special Teams,76,Punt Returner,PR,4,3
2026-03-14T07:32:09Z,NYG,Devin Singletary,4040761,00-0035250,18,Special Teams,77,Kick Returner,KR,5,3
2026-03-14T07:32:09Z,NYG,Courtney Jackson,4565172,00-0040445,18,Special Teams,76,Punt Returner,PR,4,4
2026-03-14T07:32:09Z,NYG,Xavier Gipson,4427278,00-0038496,18,Special Teams,77,Kick Returner,KR,5,4
2026-03-14T07:32:09Z,NYG,Jalin Hyatt,4692590,00-0038938,18,Special Teams,77,Kick Returner,KR,5,5
2026-03-14T07:32:09Z,NYG,Malik Nabers,4595348,00-0039337,21,3WR 1TE,1,Wide Receiver,WR,1,1
2026-03-14T07:32:09Z,NYG,Andrew Thomas,4259566,00-0036386,21,3WR 1TE,2,Left Tackle,LT,3,1
2026-03-14T07:32:09Z,NYG,Jon Runyan,3929936,00-0036246,21,3WR 1TE,3,Left Guard,LG,4,1
2026-03-14T07:32:09Z,NYG,John Michael Schmitz Jr.,4240771,00-0039019,21,3WR 1TE,4,Center,C,5,1
2026-03-14T07:32:09Z,NYG,Jake Kubas,4383405,00-0039508,21,3WR 1TE,5,Right Guard,RG,6,1
2026-03-14T07:32:09Z,NYG,Jermaine Eluemunor,3115303,00-0033290,21,3WR 1TE,6,Right Tackle,RT,7,1
2026-03-14T07:32:09Z,NYG,Jaxson Dart,4689114,00-0040691,21,3WR 1TE,8,Quarterback,QB,9,1
2026-03-14T07:32:09Z,NYG,Isaiah Likely,4361050,00-0037838,21,3WR 1TE,7,Tight End,TE,10,1
2026-03-14T07:32:09Z,NYG,Cam Skattebo,4696981,00-0040715,21,3WR 1TE,9,Running Back,RB,11,1
2026-03-14T07:32:09Z,NYG,Patrick Ricard,2975417,00-0033376,21,3WR 1TE,10,Fullback,FB,12,1
2026-03-14T07:32:09Z,NYG,Darius Slayton,3916945,00-0035535,21,3WR 1TE,1,Wide Receiver,WR,2,2
2026-03-14T07:32:09Z,NYG,Marcus Mbow,4686362,00-0040181,21,3WR 1TE,2,Left Tackle,LT,3,2
2026-03-14T07:32:09Z,NYG,Aaron Stinnie,3049339,00-0034668,21,3WR 1TE,3,Left Guard,LG,4,2
2026-03-14T07:32:09Z,NYG,Evan Neal,4567134,00-0037612,21,3WR 1TE,5,Right Guard,RG,6,2
2026-03-14T07:32:09Z,NYG,Jameis Winston,2969939,00-0031503,21,3WR 1TE,8,Quarterback,QB,9,2
2026-03-14T07:32:09Z,NYG,Theo Johnson,4429148,00-0039847,21,3WR 1TE,7,Tight End,TE,10,2
2026-03-14T07:32:09Z,NYG,Tyrone Tracy Jr.,4360516,00-0039384,21,3WR 1TE,9,Running Back,RB,11,2
2026-03-14T07:32:09Z,NYG,Calvin Austin III,4243389,00-0037837,21,3WR 1TE,1,Wide Receiver,WR,8,3
2026-03-14T07:32:09Z,NYG,Reid Holskey,4429951,00-0040101,21,3WR 1TE,3,Left Guard,LG,4,3
2026-03-14T07:32:09Z,NYG,Bryan Hudson,4426489,00-0039446,21,3WR 1TE,5,Right Guard,RG,6,3
2026-03-14T07:32:09Z,NYG,Devin Singletary,4040761,00-0035250,21,3WR 1TE,9,Running Back,RB,11,3
2026-03-14T07:32:09Z,NYG,Beaux Collins,4431210,00-0040432,21,3WR 1TE,1,Wide Receiver,WR,1,4
2026-03-14T07:32:09Z,NYG,Thomas Fidone II,4590292,00-0040225,21,3WR 1TE,7,Tight End,TE,10,4
2026-03-14T07:32:09Z,NYG,Eric Gray,4570561,00-0038396,21,3WR 1TE,9,Running Back,RB,11,4
2026-03-14T07:32:09Z,NYG,Isaiah Hodgins,4242540,00-0036165,21,3WR 1TE,1,Wide Receiver,WR,2,5
2026-03-14T07:32:09Z,NYG,Tanner Conner,4047422,00-0037348,21,3WR 1TE,7,Tight End,TE,10,5
2026-03-14T07:32:09Z,NYG,Dante Miller,4367510,00-0039230,21,3WR 1TE,9,Running Back,RB,11,5
2026-03-14T07:32:09Z,NYG,Jalin Hyatt,4692590,00-0038938,21,3WR 1TE,1,Wide Receiver,WR,8,6
2026-03-14T07:32:09Z,NYG,Gunner Olszewski,4424106,00-0035645,21,3WR 1TE,1,Wide Receiver,WR,1,7
2026-03-14T07:32:09Z,NYG,Da'Quan Felton,4575348,00-0040456,21,3WR 1TE,1,Wide Receiver,WR,2,8
2026-03-14T07:32:09Z,NYG,Dalen Cambre,4570296,00-0040431,21,3WR 1TE,1,Wide Receiver,WR,8,9
2026-03-14T07:32:09Z,NYG,Xavier Gipson,4427278,00-0038496,21,3WR 1TE,1,Wide Receiver,WR,1,10
2026-03-14T07:32:09Z,NYG,Ryan Miller,4369466,00-0038824,21,3WR 1TE,1,Wide Receiver,WR,2,11
2026-03-14T07:32:09Z,NYG,Courtney Jackson,4565172,00-0040445,21,3WR 1TE,1,Wide Receiver,WR,8,12
2026-03-14T07:32:09Z,NYJ,Will McDonald IV,4361767,00-0039142,16,Base 4-3 D,11,Left Defensive End,LDE,1,1
2026-03-14T07:32:09Z,NYJ,Harrison Phillips,3117255,00-0034782,16,Base 4-3 D,24,Left Defensive Tackle,LDT,2,1
2026-03-14T07:32:09Z,NYJ,T'Vondre Sweat,4428617,00-0039886,16,Base 4-3 D,25,Right Defensive Tackle,RDT,3,1
2026-03-14T07:32:09Z,NYJ,Joseph Ossai,4362094,00-0036902,16,Base 4-3 D,13,Right Defensive End,RDE,4,1
2026-03-14T07:32:09Z,NYJ,Kiko Mauigoa,4700136,00-0040186,16,Base 4-3 D,26,Weakside Linebacker,WLB,5,1
2026-03-14T07:32:09Z,NYJ,Demario Davis,14958,00-0029607,16,Base 4-3 D,27,Middle Linebacker,MLB,6,1
2026-03-14T07:32:09Z,NYJ,Kobe King,4588300,00-0040214,16,Base 4-3 D,28,Strongside Linebacker,SLB,7,1
2026-03-14T07:32:09Z,NYJ,Azareye'h Thomas,4685596,00-0040133,16,Base 4-3 D,18,Left Cornerback,LCB,8,1
2026-03-14T07:32:09Z,NYJ,Andre Cisco,4361939,00-0036941,16,Base 4-3 D,20,Strong Safety,SS,9,1
2026-03-14T07:32:09Z,NYJ,Minkah Fitzpatrick,3925345,00-0034789,16,Base 4-3 D,21,Free Safety,FS,10,1
2026-03-14T07:32:09Z,NYJ,Brandon Stephens,4035824,00-0036987,16,Base 4-3 D,19,Right Cornerback,RCB,11,1
2026-03-14T07:32:09Z,NYJ,Jarvis Brownlee Jr.,4426817,00-0039372,16,Base 4-3 D,34,Nickel Back,NB,12,1
2026-03-14T07:32:09Z,NYJ,Braiden McGregor,4429005,00-0039284,16,Base 4-3 D,11,Left Defensive End,LDE,1,2
2026-03-14T07:32:09Z,NYJ,Jowon Briggs,4426676,00-0039431,16,Base 4-3 D,24,Left Defensive Tackle,LDT,2,2
2026-03-14T07:32:09Z,NYJ,David Onyemata,4002046,00-0033051,16,Base 4-3 D,25,Right Defensive Tackle,RDT,3,2
2026-03-14T07:32:09Z,NYJ,Kingsley Enagbare,4362840,00-0037083,16,Base 4-3 D,13,Right Defensive End,RDE,4,2
2026-03-14T07:32:09Z,NYJ,Marcelino McCrary-Ball,4045299,00-0037526,16,Base 4-3 D,26,Weakside Linebacker,WLB,5,2
2026-03-14T07:32:09Z,NYJ,Jamien Sherwood,4361331,00-0036500,16,Base 4-3 D,27,Middle Linebacker,MLB,6,2
2026-03-14T07:32:09Z,NYJ,Mykal Walker,4243009,00-0036300,16,Base 4-3 D,28,Strongside Linebacker,SLB,7,2
2026-03-14T07:32:09Z,NYJ,Qwan'tez Stiggers,5208977,00-0039789,16,Base 4-3 D,18,Left Cornerback,LCB,8,2
2026-03-14T07:32:09Z,NYJ,Malachi Moore,4692024,00-0040165,16,Base 4-3 D,20,Strong Safety,SS,9,2
2026-03-14T07:32:09Z,NYJ,Dean Clark,4426921,00-0040396,16,Base 4-3 D,21,Free Safety,FS,10,2
2026-03-14T07:32:09Z,NYJ,Nahshon Wright,4570470,00-0036986,16,Base 4-3 D,19,Right Cornerback,RCB,11,2
2026-03-14T07:32:09Z,NYJ,Jordan Clark,4429411,00-0040397,16,Base 4-3 D,34,Nickel Back,NB,12,2
2026-03-14T07:32:09Z,NYJ,Tyler Baron,4692555,00-0040196,16,Base 4-3 D,11,Left Defensive End,LDE,1,3
2026-03-14T07:32:09Z,NYJ,Payton Page,4431582,00-0040404,16,Base 4-3 D,24,Left Defensive Tackle,LDT,2,3
2026-03-14T07:32:09Z,NYJ,Mazi Smith,4426347,00-0038545,16,Base 4-3 D,25,Right Defensive Tackle,RDT,3,3
2026-03-14T07:32:09Z,NYJ,Eric Watts,4569016,00-0039291,16,Base 4-3 D,13,Right Defensive End,RDE,4,3
2026-03-14T07:32:09Z,NYJ,Keidron Smith,4372418,00-0038696,16,Base 4-3 D,18,Left Cornerback,LCB,8,3
2026-03-14T07:32:09Z,NYJ,Dane Belton,4426686,00-0038123,16,Base 4-3 D,20,Strong Safety,SS,9,3
2026-03-14T07:32:09Z,NYJ,Jarius Monroe,4430182,00-0039285,16,Base 4-3 D,21,Free Safety,FS,10,3
2026-03-14T07:32:09Z,NYJ,Tre Brown,4241373,00-0036885,16,Base 4-3 D,19,Right Cornerback,RCB,11,3
2026-03-14T07:32:09Z,NYJ,Samuel Womack III,4280416,00-0037830,16,Base 4-3 D,34,Nickel Back,NB,12,3
2026-03-14T07:32:09Z,NYJ,Ochaun Mathis,4362486,00-0039135,16,Base 4-3 D,11,Left Defensive End,LDE,1,4
2026-03-14T07:32:09Z,NYJ,Jack Heflin,4039485,00-0036788,16,Base 4-3 D,25,Right Defensive Tackle,RDT,3,4
2026-03-14T07:32:09Z,NYJ,Kingsley Jonathan,4240405,00-0037431,16,Base 4-3 D,13,Right Defensive End,RDE,4,4
2026-03-14T07:32:09Z,NYJ,Chris Smith II,4379413,00-0038602,16,Base 4-3 D,20,Strong Safety,SS,9,4
2026-03-14T07:32:09Z,NYJ,Paschal Ekeji Jr.,5279356,EKE080143,16,Base 4-3 D,11,Left Defensive End,LDE,1,5
2026-03-14T07:32:09Z,NYJ,Cade York,4428963,00-0038097,18,Special Teams,22,Place kicker,PK,1,1
2026-03-14T07:32:09Z,NYJ,Austin McNamara,4427982,00-0039634,18,Special Teams,23,Punter,P,2,1
2026-03-14T07:32:09Z,NYJ,Austin McNamara,4427982,00-0039634,18,Special Teams,79,Holder,H,3,1
2026-03-14T07:32:09Z,NYJ,Isaiah Williams,4569371,00-0039451,18,Special Teams,76,Punt Returner,PR,4,1
2026-03-14T07:32:09Z,NYJ,Isaiah Williams,4569371,00-0039451,18,Special Teams,77,Kick Returner,KR,5,1
2026-03-14T07:32:09Z,NYJ,Thomas Hennessy,2983155,00-0033260,18,Special Teams,39,Long Snapper,LS,6,1
2026-03-14T07:32:09Z,NYJ,Lenny Krieg,5277116,00-0040003,18,Special Teams,22,Place kicker,PK,1,2
2026-03-14T07:32:09Z,NYJ,Isaiah Davis,4695404,00-0039798,18,Special Teams,77,Kick Returner,KR,5,2
2026-03-14T07:32:09Z,NYJ,Garrett Wilson,4569618,00-0037740,21,3WR 1TE,1,Wide Receiver,WR,1,1
2026-03-14T07:32:09Z,NYJ,Olu Fashanu,4431809,00-0039790,21,3WR 1TE,2,Left Tackle,LT,3,1
2026-03-14T07:32:09Z,NYJ,Dylan Parham,4243375,00-0037255,21,3WR 1TE,3,Left Guard,LG,4,1
2026-03-14T07:32:09Z,NYJ,Josh Myers,4242000,00-0036622,21,3WR 1TE,4,Center,C,5,1
2026-03-14T07:32:09Z,NYJ,Joe Tippmann,4428681,00-0039145,21,3WR 1TE,5,Right Guard,RG,6,1
2026-03-14T07:32:09Z,NYJ,Armand Membou,4789907,00-0040123,21,3WR 1TE,6,Right Tackle,RT,7,1
2026-03-14T07:32:09Z,NYJ,Geno Smith,15864,00-0030565,21,3WR 1TE,8,Quarterback,QB,9,1
2026-03-14T07:32:09Z,NYJ,Mason Taylor,4808766,00-0040736,21,3WR 1TE,7,Tight End,TE,10,1
2026-03-14T07:32:09Z,NYJ,Breece Hall,4427366,00-0038120,21,3WR 1TE,9,Running Back,RB,11,1
2026-03-14T07:32:09Z,NYJ,Andrew Beck,3125107,00-0034959,21,3WR 1TE,10,Fullback,FB,12,1
2026-03-14T07:32:09Z,NYJ,Adonai Mitchell,4597500,00-0039890,21,3WR 1TE,1,Wide Receiver,WR,2,2
2026-03-14T07:32:09Z,NYJ,Max Mitchell,4373656,00-0038114,21,3WR 1TE,2,Left Tackle,LT,3,2
2026-03-14T07:32:09Z,NYJ,Xavier Newman,4259186,00-0037601,21,3WR 1TE,3,Left Guard,LG,4,2
2026-03-14T07:32:09Z,NYJ,Gus Hartwig,4432237,00-0040401,21,3WR 1TE,4,Center,C,5,2
2026-03-14T07:32:09Z,NYJ,Marquis Hayes,4241382,00-0037748,21,3WR 1TE,5,Right Guard,RG,6,2
2026-03-14T07:32:09Z,NYJ,Chukwuma Okorafor,3129473,00-0034768,21,3WR 1TE,6,Right Tackle,RT,7,2
2026-03-14T07:32:09Z,NYJ,Justin Fields,4362887,00-0036945,21,3WR 1TE,8,Quarterback,QB,9,2
2026-03-14T07:32:09Z,NYJ,Jeremy Ruckert,4361372,00-0037805,21,3WR 1TE,7,Tight End,TE,10,2
2026-03-14T07:32:09Z,NYJ,Braelon Allen,4685247,00-0039794,21,3WR 1TE,9,Running Back,RB,11,2
2026-03-14T07:32:09Z,NYJ,Isaiah Williams,4569371,00-0039451,21,3WR 1TE,1,Wide Receiver,WR,8,3
2026-03-14T07:32:09Z,NYJ,Kohl Levao,4373951,00-0038194,21,3WR 1TE,3,Left Guard,LG,4,3
2026-03-14T07:32:09Z,NYJ,Liam Fornadel,4249599,00-0038223,21,3WR 1TE,5,Right Guard,RG,6,3
2026-03-14T07:32:09Z,NYJ,Brady Cook,4429435,00-0040398,21,3WR 1TE,8,Quarterback,QB,9,3
2026-03-14T07:32:09Z,NYJ,Jelani Woods,4241410,00-0037755,21,3WR 1TE,7,Tight End,TE,10,3
2026-03-14T07:32:09Z,NYJ,Isaiah Davis,4695404,00-0039798,21,3WR 1TE,9,Running Back,RB,11,3
2026-03-14T07:32:09Z,NYJ,Arian Smith,4429105,00-0040582,21,3WR 1TE,1,Wide Receiver,WR,1,4
2026-03-14T07:32:09Z,NYJ,Bailey Zappe,4250360,00-0038108,21,3WR 1TE,8,Quarterback,QB,9,4
2026-03-14T07:32:09Z,NYJ,Irvin Charles,3929636,00-0037156,21,3WR 1TE,1,Wide Receiver,WR,2,5
2026-03-14T07:32:09Z,NYJ,Quentin Skinner,4613050,00-0040406,21,3WR 1TE,1,Wide Receiver,WR,8,6
2026-03-14T07:32:09Z,NYJ,Jamaal Pritchett,4892576,00-0040405,21,3WR 1TE,1,Wide Receiver,WR,1,7
2026-03-14T07:32:09Z,PHI,Moro Ojomo,4362116,00-0038412,15,Base 3-4 D,11,Left Defensive End,LDE,1,1
2026-03-14T07:32:09Z,PHI,Jalen Carter,4685759,00-0038386,15,Base 3-4 D,13,Right Defensive End,RDE,3,1
2026-03-14T07:32:09Z,PHI,Nolan Smith Jr.,4426331,00-0039013,15,Base 3-4 D,26,Weakside Linebacker,WLB,4,1
2026-03-14T07:32:09Z,PHI,Zack Baun,3917657,00-0036418,15,Base 3-4 D,15,Left Inside Linebacker,LILB,5,1
2026-03-14T07:32:09Z,PHI,Jihaad Campbell,4685287,00-0040708,15,Base 3-4 D,16,Right Inside Linebacker,RILB,6,1
2026-03-14T07:32:09Z,PHI,Jalyx Hunt,4571162,00-0039740,15,Base 3-4 D,28,Strongside Linebacker,SLB,7,1
2026-03-14T07:32:09Z,PHI,Riq Woolen,4245185,00-0037079,15,Base 3-4 D,18,Left Cornerback,LCB,8,1
2026-03-14T07:32:09Z,PHI,Sydney Brown,4360386,00-0039002,15,Base 3-4 D,20,Strong Safety,SS,9,1
2026-03-14T07:32:09Z,PHI,Andrew Mukuba,4602197,00-0040749,15,Base 3-4 D,21,Free Safety,FS,10,1
2026-03-14T07:32:09Z,PHI,Quinyon Mitchell,4686273,00-0039888,15,Base 3-4 D,19,Right Cornerback,RCB,11,1
2026-03-14T07:32:09Z,PHI,Cooper DeJean,4682618,00-0039841,15,Base 3-4 D,34,Nickel Back,NB,12,1
2026-03-14T07:32:09Z,PHI,Byron Young,4567123,00-0038978,15,Base 3-4 D,11,Left Defensive End,LDE,1,2
2026-03-14T07:32:09Z,PHI,Ty Robinson,4569586,00-0040662,15,Base 3-4 D,13,Right Defensive End,RDE,3,2
2026-03-14T07:32:09Z,PHI,Arnold Ebiketie,4257591,00-0038116,15,Base 3-4 D,26,Weakside Linebacker,WLB,4,2
2026-03-14T07:32:09Z,PHI,Smael Mondon Jr.,4431573,00-0040013,15,Base 3-4 D,15,Left Inside Linebacker,LILB,5,2
2026-03-14T07:32:09Z,PHI,Jeremiah Trotter Jr.,4432777,00-0039826,15,Base 3-4 D,16,Right Inside Linebacker,RILB,6,2
2026-03-14T07:32:09Z,PHI,Jose Ramirez,4569068,00-0039053,15,Base 3-4 D,28,Strongside Linebacker,SLB,7,2
2026-03-14T07:32:09Z,PHI,Jonathan Jones,2971027,00-0032580,15,Base 3-4 D,18,Left Cornerback,LCB,8,2
2026-03-14T07:32:09Z,PHI,Andre' Sam,4250510,00-0039267,15,Base 3-4 D,21,Free Safety,FS,10,2
2026-03-14T07:32:09Z,PHI,Kelee Ringo,4428992,00-0039140,15,Base 3-4 D,19,Right Cornerback,RCB,11,2
2026-03-14T07:32:09Z,PHI,Michael Carter II,4240456,00-0036501,15,Base 3-4 D,34,Nickel Back,NB,12,2
2026-03-14T07:32:09Z,PHI,Ta'Quon Graham,4262197,00-0036948,15,Base 3-4 D,11,Left Defensive End,LDE,1,3
2026-03-14T07:32:09Z,PHI,Gabe Hall,4429731,00-0039265,15,Base 3-4 D,13,Right Defensive End,RDE,3,3
2026-03-14T07:32:09Z,PHI,Chance Campbell,4372051,00-0037312,15,Base 3-4 D,15,Left Inside Linebacker,LILB,5,3
2026-03-14T07:32:09Z,PHI,Jakorian Bennett,4686911,00-0039072,15,Base 3-4 D,18,Left Cornerback,LCB,8,3
2026-03-14T07:32:09Z,PHI,Ambry Thomas,4258209,00-0037008,15,Base 3-4 D,19,Right Cornerback,RCB,11,3
2026-03-14T07:32:09Z,PHI,Brandon Johnson,4594338,00-0040027,15,Base 3-4 D,34,Nickel Back,NB,12,3
2026-03-14T07:32:09Z,PHI,Mac McWilliams,4689651,00-0040071,15,Base 3-4 D,18,Left Cornerback,LCB,8,4
2026-03-14T07:32:09Z,PHI,Tariq Castro-Fields,4259590,00-0037833,15,Base 3-4 D,18,Left Cornerback,LCB,8,5
2026-03-14T07:32:09Z,PHI,Jake Elliott,3050478,00-0033787,18,Special Teams,22,Place kicker,PK,1,1
2026-03-14T07:32:09Z,PHI,Braden Mann,4035239,00-0036313,18,Special Teams,23,Punter,P,2,1
2026-03-14T07:32:09Z,PHI,Braden Mann,4035239,00-0036313,18,Special Teams,79,Holder,H,3,1
2026-03-14T07:32:09Z,PHI,Britain Covey,3926231,00-0037132,18,Special Teams,76,Punt Returner,PR,4,1
2026-03-14T07:32:09Z,PHI,Will Shipley,4431545,00-0039746,18,Special Teams,77,Kick Returner,KR,5,1
2026-03-14T07:32:09Z,PHI,Tank Bigsby,4429013,00-0038555,18,Special Teams,77,Kick Returner,KR,5,2
2026-03-14T07:32:09Z,PHI,Britain Covey,3926231,00-0037132,18,Special Teams,77,Kick Returner,KR,5,3
2026-03-14T07:32:09Z,PHI,A.J. Brown,4047646,00-0035676,21,3WR 1TE,1,Wide Receiver,WR,1,1
2026-03-14T07:32:09Z,PHI,Jordan Mailata,4334215,00-0034429,21,3WR 1TE,2,Left Tackle,LT,3,1
2026-03-14T07:32:09Z,PHI,Landon Dickerson,4035624,00-0037002,21,3WR 1TE,3,Left Guard,LG,4,1
2026-03-14T07:32:09Z,PHI,Cam Jurgens,4361178,00-0038112,21,3WR 1TE,4,Center,C,5,1
2026-03-14T07:32:09Z,PHI,Tyler Steen,4362805,00-0039001,21,3WR 1TE,5,Right Guard,RG,6,1
2026-03-14T07:32:09Z,PHI,Lane Johnson,15797,00-0030561,21,3WR 1TE,6,Right Tackle,RT,7,1
2026-03-14T07:32:09Z,PHI,Jalen Hurts,4040715,00-0036389,21,3WR 1TE,8,Quarterback,QB,9,1
2026-03-14T07:32:09Z,PHI,Grant Calcaterra,4241374,00-0037086,21,3WR 1TE,7,Tight End,TE,10,1
2026-03-14T07:32:09Z,PHI,Saquon Barkley,3929630,00-0034844,21,3WR 1TE,9,Running Back,RB,11,1
2026-03-14T07:32:09Z,PHI,DeVonta Smith,4241478,00-0036912,21,3WR 1TE,1,Wide Receiver,WR,2,2
2026-03-14T07:32:09Z,PHI,Myles Hinton,4429000,00-0040015,21,3WR 1TE,2,Left Tackle,LT,3,2
2026-03-14T07:32:09Z,PHI,Drew Kendall,4567802,00-0040587,21,3WR 1TE,4,Center,C,5,2
2026-03-14T07:32:09Z,PHI,Cameron Williams,4685590,00-0040687,21,3WR 1TE,6,Right Tackle,RT,7,2
2026-03-14T07:32:09Z,PHI,Tanner McKee,4685201,00-0038400,21,3WR 1TE,8,Quarterback,QB,9,2
2026-03-14T07:32:09Z,PHI,Johnny Mundt,3052096,00-0033246,21,3WR 1TE,7,Tight End,TE,10,2
2026-03-14T07:32:09Z,PHI,Tank Bigsby,4429013,00-0038555,21,3WR 1TE,9,Running Back,RB,11,2
2026-03-14T07:32:09Z,PHI,Johnny Wilson,4686104,00-0039236,21,3WR 1TE,1,Wide Receiver,WR,8,3
2026-03-14T07:32:09Z,PHI,Hollin Pierce,4698119,00-0040031,21,3WR 1TE,2,Left Tackle,LT,3,3
2026-03-14T07:32:09Z,PHI,Jake Majors,4430814,00-0040422,21,3WR 1TE,4,Center,C,5,3
2026-03-14T07:32:09Z,PHI,John Ojukwu,4240015,00-0038852,21,3WR 1TE,6,Right Tackle,RT,7,3
2026-03-14T07:32:09Z,PHI,Cameron Latu,4372026,00-0038564,21,3WR 1TE,7,Tight End,TE,10,3
2026-03-14T07:32:09Z,PHI,Will Shipley,4431545,00-0039746,21,3WR 1TE,9,Running Back,RB,11,3
2026-03-14T07:32:09Z,PHI,Darius Cooper,4715355,00-0040024,21,3WR 1TE,1,Wide Receiver,WR,1,4
2026-03-14T07:32:09Z,PHI,Willie Lampkin,4582836,00-0040631,21,3WR 1TE,4,Center,C,5,4
2026-03-14T07:32:09Z,PHI,E.J. Jenkins,4248557,00-0038498,21,3WR 1TE,7,Tight End,TE,10,4
2026-03-14T07:32:09Z,PHI,Carson Steele,4714365,00-0039325,21,3WR 1TE,9,Running Back,RB,11,4
2026-03-14T07:32:09Z,PHI,Britain Covey,3926231,00-0037132,21,3WR 1TE,1,Wide Receiver,WR,2,5
2026-03-14T07:32:09Z,PHI,Jaheim Bell,4429262,00-0039420,21,3WR 1TE,7,Tight End,TE,10,5
2026-03-14T07:32:09Z,PHI,Quez Watkins,4050373,00-0036271,21,3WR 1TE,1,Wide Receiver,WR,8,6
2026-03-14T07:32:09Z,PHI,Danny Gray,4689546,00-0037828,21,3WR 1TE,1,Wide Receiver,WR,1,7
2026-03-14T07:32:09Z,PIT,Cameron Heyward,13977,00-0027969,15,Base 3-4 D,11,Left Defensive End,LDE,1,1
2026-03-14T07:32:09Z,PIT,Keeanu Benton,4426694,00-0039110,15,Base 3-4 D,12,Nose Tackle,NT,2,1
2026-03-14T07:32:09Z,PIT,Derrick Harmon,4682980,00-0040678,15,Base 3-4 D,13,Right Defensive End,RDE,3,1
2026-03-14T07:32:09Z,PIT,T.J. Watt,3045282,00-0033886,15,Base 3-4 D,26,Weakside Linebacker,WLB,4,1
2026-03-14T07:32:09Z,PIT,Patrick Queen,4242207,00-0036323,15,Base 3-4 D,15,Left Inside Linebacker,LILB,5,1
2026-03-14T07:32:09Z,PIT,Malik Harrison,4040615,00-0036280,15,Base 3-4 D,16,Right Inside Linebacker,RILB,6,1
2026-03-14T07:32:09Z,PIT,Alex Highsmith,4037333,00-0036333,15,Base 3-4 D,28,Strongside Linebacker,SLB,7,1
2026-03-14T07:32:09Z,PIT,Jamel Dean,3873935,00-0035699,15,Base 3-4 D,18,Left Cornerback,LCB,8,1
2026-03-14T07:32:09Z,PIT,Jaquan Brisker,4570044,00-0038135,15,Base 3-4 D,20,Strong Safety,SS,9,1
2026-03-14T07:32:09Z,PIT,DeShon Elliott,3929846,00-0034277,15,Base 3-4 D,21,Free Safety,FS,10,1
2026-03-14T07:32:09Z,PIT,Joey Porter Jr.,4426506,00-0039167,15,Base 3-4 D,19,Right Cornerback,RCB,11,1
2026-03-14T07:32:09Z,PIT,Jalen Ramsey,3045373,00-0033055,15,Base 3-4 D,34,Nickel Back,NB,12,1
2026-03-14T07:32:09Z,PIT,Esezi Otomewo,4240759,00-0037274,15,Base 3-4 D,11,Left Defensive End,LDE,1,2
2026-03-14T07:32:09Z,PIT,Yahya Black,4430947,00-0040188,15,Base 3-4 D,12,Nose Tackle,NT,2,2
2026-03-14T07:32:09Z,PIT,Sebastian Joseph-Day,3047495,00-0034810,15,Base 3-4 D,13,Right Defensive End,RDE,3,2
2026-03-14T07:32:09Z,PIT,Jack Sawyer,4431590,00-0040160,15,Base 3-4 D,26,Weakside Linebacker,WLB,4,2
2026-03-14T07:32:09Z,PIT,Cole Holcomb,3116689,00-0035286,15,Base 3-4 D,15,Left Inside Linebacker,LILB,5,2
2026-03-14T07:32:09Z,PIT,Payton Wilson,4361652,00-0039741,15,Base 3-4 D,16,Right Inside Linebacker,RILB,6,2
2026-03-14T07:32:09Z,PIT,Nick Herbig,4429164,00-0038577,15,Base 3-4 D,28,Strongside Linebacker,SLB,7,2
2026-03-14T07:32:09Z,PIT,Asante Samuel Jr.,4363034,00-0036617,15,Base 3-4 D,18,Left Cornerback,LCB,8,2
2026-03-14T07:32:09Z,PIT,Sebastian Castro,4426882,00-0040527,15,Base 3-4 D,20,Strong Safety,SS,9,2
2026-03-14T07:32:09Z,PIT,Darnell Savage,3915419,00-0034968,15,Base 3-4 D,21,Free Safety,FS,10,2
2026-03-14T07:32:09Z,PIT,Cory Trice Jr.,4372492,00-0038639,15,Base 3-4 D,19,Right Cornerback,RCB,11,2
2026-03-14T07:32:09Z,PIT,Brandin Echols,4567979,00-0036504,15,Base 3-4 D,34,Nickel Back,NB,12,2
2026-03-14T07:32:09Z,PIT,KJ Henry,4360308,00-0038581,15,Base 3-4 D,11,Left Defensive End,LDE,1,3
2026-03-14T07:32:09Z,PIT,Kyler Baugh,4573443,00-0039609,15,Base 3-4 D,12,Nose Tackle,NT,2,3
2026-03-14T07:32:09Z,PIT,Logan Lee,4569474,00-0039389,15,Base 3-4 D,13,Right Defensive End,RDE,3,3
2026-03-14T07:32:09Z,PIT,Carson Bruener,4429490,00-0040231,15,Base 3-4 D,15,Left Inside Linebacker,LILB,5,3
2026-03-14T07:32:09Z,PIT,Julius Welschof,4372098,00-0039931,15,Base 3-4 D,28,Strongside Linebacker,SLB,7,3
2026-03-14T07:32:09Z,PIT,Jack Henderson,4696820,00-0040284,15,Base 3-4 D,20,Strong Safety,SS,9,3
2026-03-14T07:32:09Z,PIT,Daequan Hardy,4429743,00-0039883,15,Base 3-4 D,19,Right Cornerback,RCB,11,3
2026-03-14T07:32:09Z,PIT,D'Shawn Jamison,4362082,00-0038877,15,Base 3-4 D,34,Nickel Back,NB,12,3
2026-03-14T07:32:09Z,PIT,Donte Kent,4608004,00-0040232,15,Base 3-4 D,34,Nickel Back,NB,12,4
2026-03-14T07:32:09Z,PIT,Chris Boswell,17372,00-0031136,18,Special Teams,22,Place kicker,PK,1,1
2026-03-14T07:32:09Z,PIT,Cameron Johnston,3051397,00-0033729,18,Special Teams,23,Punter,P,2,1
2026-03-14T07:32:09Z,PIT,Cameron Johnston,3051397,00-0033729,18,Special Teams,79,Holder,H,3,1
2026-03-14T07:32:09Z,PIT,Jaylen Warren,4569987,00-0037228,18,Special Teams,77,Kick Returner,KR,5,1
2026-03-14T07:32:09Z,PIT,Christian Kuntz,2978524,00-0034051,18,Special Teams,39,Long Snapper,LS,6,1
2026-03-14T07:32:09Z,PIT,Kaleb Johnson,4819231,00-0040142,18,Special Teams,77,Kick Returner,KR,5,2
2026-03-14T07:32:09Z,PIT,Cal Adomitis,4240719,00-0037412,18,Special Teams,39,Long Snapper,LS,6,2
2026-03-14T07:32:09Z,PIT,Rico Dowdle,4038815,00-0036139,18,Special Teams,77,Kick Returner,KR,5,3
2026-03-14T07:32:09Z,PIT,DK Metcalf,4047650,00-0035640,21,3WR 1TE,1,Wide Receiver,WR,1,1
2026-03-14T07:32:09Z,PIT,Broderick Jones,4428990,00-0039109,21,3WR 1TE,2,Left Tackle,LT,3,1
2026-03-14T07:32:09Z,PIT,Spencer Anderson,4372056,00-0038645,21,3WR 1TE,3,Left Guard,LG,4,1
2026-03-14T07:32:09Z,PIT,Zach Frazier,4429775,00-0039896,21,3WR 1TE,4,Center,C,5,1
2026-03-14T07:32:09Z,PIT,Mason McCormick,4368304,00-0039358,21,3WR 1TE,5,Right Guard,RG,6,1
2026-03-14T07:32:09Z,PIT,Troy Fautanu,4427170,00-0039871,21,3WR 1TE,6,Right Tackle,RT,7,1
2026-03-14T07:32:09Z,PIT,Mason Rudolph,3116407,00-0034771,21,3WR 1TE,8,Quarterback,QB,9,1
2026-03-14T07:32:09Z,PIT,Pat Freiermuth,4361411,00-0036894,21,3WR 1TE,7,Tight End,TE,10,1
2026-03-14T07:32:09Z,PIT,Jaylen Warren,4569987,00-0037228,21,3WR 1TE,9,Running Back,RB,11,1
2026-03-14T07:32:09Z,PIT,Michael Pittman Jr.,4035687,00-0036252,21,3WR 1TE,1,Wide Receiver,WR,2,2
2026-03-14T07:32:09Z,PIT,Dylan Cook,4570898,00-0037480,21,3WR 1TE,2,Left Tackle,LT,3,2
2026-03-14T07:32:09Z,PIT,Lorenzo Thompson,4367040,00-0039517,21,3WR 1TE,3,Left Guard,LG,4,2
2026-03-14T07:32:09Z,PIT,Jack Driscoll,3932668,00-0036396,21,3WR 1TE,5,Right Guard,RG,6,2
2026-03-14T07:32:09Z,PIT,Doug Nester,4426368,00-0039716,21,3WR 1TE,6,Right Tackle,RT,7,2
2026-03-14T07:32:09Z,PIT,Will Howard,4429955,00-0040203,21,3WR 1TE,8,Quarterback,QB,9,2
2026-03-14T07:32:09Z,PIT,Darnell Washington,4430802,00-0038558,21,3WR 1TE,7,Tight End,TE,10,2
2026-03-14T07:32:09Z,PIT,Rico Dowdle,4038815,00-0036139,21,3WR 1TE,9,Running Back,RB,11,2
2026-03-14T07:32:09Z,PIT,Ben Skowronek,4035656,00-0036862,21,3WR 1TE,1,Wide Receiver,WR,8,3
2026-03-14T07:32:09Z,PIT,Aiden Williams,5278102,00-0040533,21,3WR 1TE,2,Left Tackle,LT,3,3
2026-03-14T07:32:09Z,PIT,Sataoa Laumea,4427770,00-0039799,21,3WR 1TE,5,Right Guard,RG,6,3
2026-03-14T07:32:09Z,PIT,JJ Galbreath,4695800,00-0040528,21,3WR 1TE,7,Tight End,TE,10,3
2026-03-14T07:32:09Z,PIT,Kaleb Johnson,4819231,00-0040142,21,3WR 1TE,9,Running Back,RB,11,3
2026-03-14T07:32:09Z,PIT,Roman Wilson,4431492,00-0039739,21,3WR 1TE,1,Wide Receiver,WR,1,4
2026-03-14T07:32:09Z,PIT,Steven Jones,4373830,00-0039555,21,3WR 1TE,5,Right Guard,RG,6,4
2026-03-14T07:32:09Z,PIT,Lew Nichols,4428119,00-0038409,21,3WR 1TE,9,Running Back,RB,11,4
2026-03-14T07:32:09Z,PIT,Cole Burgess,5192448,00-0039626,21,3WR 1TE,1,Wide Receiver,WR,2,5
2026-03-14T07:32:09Z,PIT,John Rhys Plumlee,4426494,00-0039456,21,3WR 1TE,1,Wide Receiver,WR,8,6
2026-03-14T07:32:09Z,PIT,Max Hurleman,4694237,00-0040618,21,3WR 1TE,1,Wide Receiver,WR,1,7
2026-03-14T07:32:09Z,PIT,Brandon Smith,4240577,00-0036775,21,3WR 1TE,1,Wide Receiver,WR,2,8
2026-03-14T07:32:09Z,PIT,A.T. Perry,4362019,00-0038612,21,3WR 1TE,1,Wide Receiver,WR,8,9
2026-03-14T07:32:09Z,SEA,Leonard Williams,2971622,00-0031933,15,Base 3-4 D,11,Left Defensive End,LDE,1,1
2026-03-14T07:32:09Z,SEA,Byron Murphy II,4570040,00-0039309,15,Base 3-4 D,12,Nose Tackle,NT,2,1
2026-03-14T07:32:09Z,SEA,Jarran Reed,3115312,00-0032387,15,Base 3-4 D,13,Right Defensive End,RDE,3,1
2026-03-14T07:32:09Z,SEA,DeMarcus Lawrence,16802,00-0031411,15,Base 3-4 D,26,Weakside Linebacker,WLB,4,1
2026-03-14T07:32:09Z,SEA,Drake Thomas,4428659,00-0038922,15,Base 3-4 D,15,Left Inside Linebacker,LILB,5,1
2026-03-14T07:32:09Z,SEA,Ernest Jones IV,4362851,00-0036994,15,Base 3-4 D,16,Right Inside Linebacker,RILB,6,1
2026-03-14T07:32:09Z,SEA,Uchenna Nwosu,3120358,00-0034350,15,Base 3-4 D,28,Strongside Linebacker,SLB,7,1
2026-03-14T07:32:09Z,SEA,Devon Witherspoon,4575431,00-0039169,15,Base 3-4 D,18,Left Cornerback,LCB,8,1
2026-03-14T07:32:09Z,SEA,Ty Okada,4247808,00-0038765,15,Base 3-4 D,20,Strong Safety,SS,9,1
2026-03-14T07:32:09Z,SEA,Julian Love,4046675,00-0034974,15,Base 3-4 D,21,Free Safety,FS,10,1
2026-03-14T07:32:09Z,SEA,Josh Jobe,4372020,00-0037137,15,Base 3-4 D,19,Right Cornerback,RCB,11,1
2026-03-14T07:32:09Z,SEA,Nick Emmanwori,4869523,00-0040733,15,Base 3-4 D,34,Nickel Back,NB,12,1
2026-03-14T07:32:09Z,SEA,Mike Morris,4572055,00-0038591,15,Base 3-4 D,11,Left Defensive End,LDE,1,2
2026-03-14T07:32:09Z,SEA,Brandon Pili,4259651,00-0038694,15,Base 3-4 D,12,Nose Tackle,NT,2,2
2026-03-14T07:32:09Z,SEA,Rylie Mills,4430838,00-0040647,15,Base 3-4 D,13,Right Defensive End,RDE,3,2
2026-03-14T07:32:09Z,SEA,Ja'Markis Weston,4567416,00-0040408,15,Base 3-4 D,26,Weakside Linebacker,WLB,4,2
2026-03-14T07:32:09Z,SEA,Tyrice Knight,4686540,00-0039815,15,Base 3-4 D,15,Left Inside Linebacker,LILB,5,2
2026-03-14T07:32:09Z,SEA,Patrick O'Connell,4364623,00-0038764,15,Base 3-4 D,16,Right Inside Linebacker,RILB,6,2
2026-03-14T07:32:09Z,SEA,Derick Hall,4567226,00-0039047,15,Base 3-4 D,28,Strongside Linebacker,SLB,7,2
2026-03-14T07:32:09Z,SEA,Nehemiah Pritchett,4567222,00-0039795,15,Base 3-4 D,18,Left Cornerback,LCB,8,2
2026-03-14T07:32:09Z,SEA,AJ Finley,4427190,00-0038866,15,Base 3-4 D,20,Strong Safety,SS,9,2
2026-03-14T07:32:09Z,SEA,Rodney Thomas II,4248455,00-0037323,15,Base 3-4 D,21,Free Safety,FS,10,2
2026-03-14T07:32:09Z,SEA,Bubba Thomas,4428657,00-0040064,15,Base 3-4 D,11,Left Defensive End,LDE,1,3
2026-03-14T07:32:09Z,SEA,J.R. Singleton,4686447,00-0040063,15,Base 3-4 D,13,Right Defensive End,RDE,3,3
2026-03-14T07:32:09Z,SEA,Jamie Sheriff,4685984,00-0039944,15,Base 3-4 D,16,Right Inside Linebacker,RILB,6,3
2026-03-14T07:32:09Z,SEA,Connor O'Toole,4605491,00-0040061,15,Base 3-4 D,28,Strongside Linebacker,SLB,7,3
2026-03-14T07:32:09Z,SEA,D'Anthony Bell,4608386,00-0037332,15,Base 3-4 D,20,Strong Safety,SS,9,3
2026-03-14T07:32:09Z,SEA,Maxen Hook,4431145,00-0040026,15,Base 3-4 D,21,Free Safety,FS,10,3
2026-03-14T07:32:09Z,SEA,Chris Paul Jr.,4602943,00-0040588,15,Base 3-4 D,16,Right Inside Linebacker,RILB,6,4
2026-03-14T07:32:09Z,SEA,Jared Ivey,4605478,00-0040056,15,Base 3-4 D,28,Strongside Linebacker,SLB,7,4
2026-03-14T07:32:09Z,SEA,Jason Myers,2473037,00-0031492,18,Special Teams,22,Place kicker,PK,1,1
2026-03-14T07:32:09Z,SEA,Michael Dickson,3929851,00-0034160,18,Special Teams,23,Punter,P,2,1
2026-03-14T07:32:09Z,SEA,Michael Dickson,3929851,00-0034160,18,Special Teams,79,Holder,H,3,1
2026-03-14T07:32:09Z,SEA,Rashid Shaheed,4032473,00-0037545,18,Special Teams,76,Punt Returner,PR,4,1
2026-03-14T07:32:09Z,SEA,Rashid Shaheed,4032473,00-0037545,18,Special Teams,77,Kick Returner,KR,5,1
2026-03-14T07:32:09Z,SEA,Chris Stoll,4259606,00-0038769,18,Special Teams,39,Long Snapper,LS,6,1
2026-03-14T07:32:09Z,SEA,Tory Horton,4597703,00-0040648,18,Special Teams,76,Punt Returner,PR,4,2
2026-03-14T07:32:09Z,SEA,George Holani,4429835,00-0039299,18,Special Teams,77,Kick Returner,KR,5,2
2026-03-14T07:32:09Z,SEA,Jaxon Smith-Njigba,4430878,00-0038543,21,3WR 1TE,1,Wide Receiver,WR,1,1
2026-03-14T07:32:09Z,SEA,Charles Cross,4426376,00-0037821,21,3WR 1TE,2,Left Tackle,LT,3,1
2026-03-14T07:32:09Z,SEA,Grey Zabel,4693346,00-0040639,21,3WR 1TE,3,Left Guard,LG,4,1
2026-03-14T07:32:09Z,SEA,Jalen Sundell,4383409,00-0039926,21,3WR 1TE,4,Center,C,5,1
2026-03-14T07:32:09Z,SEA,Anthony Bradford,4429211,00-0039020,21,3WR 1TE,5,Right Guard,RG,6,1
2026-03-14T07:32:09Z,SEA,Abraham Lucas,4245171,00-0037812,21,3WR 1TE,6,Right Tackle,RT,7,1
2026-03-14T07:32:09Z,SEA,Sam Darnold,3912547,00-0034869,21,3WR 1TE,8,Quarterback,QB,9,1
2026-03-14T07:32:09Z,SEA,AJ Barner,4576297,00-0039793,21,3WR 1TE,7,Tight End,TE,10,1
2026-03-14T07:32:09Z,SEA,Zach Charbonnet,4426385,00-0039165,21,3WR 1TE,9,Running Back,RB,11,1
2026-03-14T07:32:09Z,SEA,Robbie Ouzts,4691688,00-0040649,21,3WR 1TE,10,Fullback,FB,12,1
2026-03-14T07:32:09Z,SEA,Cooper Kupp,2977187,00-0033908,21,3WR 1TE,1,Wide Receiver,WR,2,2
2026-03-14T07:32:09Z,SEA,Josh Jones,3914630,00-0036363,21,3WR 1TE,2,Left Tackle,LT,3,2
2026-03-14T07:32:09Z,SEA,Christian Haynes,4362135,00-0039839,21,3WR 1TE,3,Left Guard,LG,4,2
2026-03-14T07:32:09Z,SEA,Olu Oluwatimi,4370807,00-0038593,21,3WR 1TE,4,Center,C,5,2
2026-03-14T07:32:09Z,SEA,Bryce Cabeldue,4612077,00-0040650,21,3WR 1TE,5,Right Guard,RG,6,2
2026-03-14T07:32:09Z,SEA,Mason Richman,4432525,00-0040652,21,3WR 1TE,6,Right Tackle,RT,7,2
2026-03-14T07:32:09Z,SEA,Drew Lock,3924327,00-0035704,21,3WR 1TE,8,Quarterback,QB,9,2
2026-03-14T07:32:09Z,SEA,Elijah Arroyo,4678006,00-0040739,21,3WR 1TE,7,Tight End,TE,10,2
2026-03-14T07:32:09Z,SEA,Emanuel Wilson,4887558,00-0038797,21,3WR 1TE,9,Running Back,RB,11,2
2026-03-14T07:32:09Z,SEA,Brady Russell,4243176,00-0038488,21,3WR 1TE,10,Fullback,FB,12,2
2026-03-14T07:32:09Z,SEA,Rashid Shaheed,4032473,00-0037545,21,3WR 1TE,1,Wide Receiver,WR,8,3
2026-03-14T07:32:09Z,SEA,Amari Kight,4567135,00-0040059,21,3WR 1TE,2,Left Tackle,LT,3,3
2026-03-14T07:32:09Z,SEA,Federico Maranges,4430070,00-0040764,21,3WR 1TE,4,Center,C,5,3
2026-03-14T07:32:09Z,SEA,Jalen Milroe,4432734,00-0040673,21,3WR 1TE,8,Quarterback,QB,9,3
2026-03-14T07:32:09Z,SEA,Eric Saubert,2975863,00-0033576,21,3WR 1TE,7,Tight End,TE,10,3
2026-03-14T07:32:09Z,SEA,George Holani,4429835,00-0039299,21,3WR 1TE,9,Running Back,RB,11,3
2026-03-14T07:32:09Z,SEA,Tory Horton,4597703,00-0040648,21,3WR 1TE,1,Wide Receiver,WR,1,4
2026-03-14T07:32:09Z,SEA,Logan Brown,4570075,00-0040495,21,3WR 1TE,2,Left Tackle,LT,3,4
2026-03-14T07:32:09Z,SEA,Nick Kallerup,4569547,00-0040058,21,3WR 1TE,7,Tight End,TE,10,4
2026-03-14T07:32:09Z,SEA,Kenny McIntosh,4427391,00-0038636,21,3WR 1TE,9,Running Back,RB,11,4
2026-03-14T07:32:09Z,SEA,Jake Bobo,4360405,00-0038752,21,3WR 1TE,1,Wide Receiver,WR,2,5
2026-03-14T07:32:09Z,SEA,Velus Jones Jr.,4035693,00-0037745,21,3WR 1TE,9,Running Back,RB,11,5
2026-03-14T07:32:09Z,SEA,Ricky White III,4431479,00-0040653,21,3WR 1TE,1,Wide Receiver,WR,8,6
2026-03-14T07:32:09Z,SEA,Cam Akers,4240021,00-0036414,21,3WR 1TE,9,Running Back,RB,11,6
2026-03-14T07:32:09Z,SEA,Tyrone Broden,4429313,00-0040053,21,3WR 1TE,1,Wide Receiver,WR,1,7
2026-03-14T07:32:09Z,SEA,Jacardia Wright,4428943,00-0040067,21,3WR 1TE,9,Running Back,RB,11,7
2026-03-14T07:32:09Z,SEA,Montorie Foster Jr.,4600597,00-0040621,21,3WR 1TE,1,Wide Receiver,WR,2,8
2026-03-14T07:32:09Z,SF,C.J. West,4686308,00-0040711,15,Base 3-4 D,11,Left Defensive End,LDE,1,1
2026-03-14T07:32:09Z,SF,Alfred Collins,4430835,00-0040721,15,Base 3-4 D,12,Nose Tackle,NT,2,1
2026-03-14T07:32:09Z,SF,Osa Odighizuwa,4035840,00-0036942,15,Base 3-4 D,13,Right Defensive End,RDE,3,1
2026-03-14T07:32:09Z,SF,Nick Bosa,4040605,00-0035717,15,Base 3-4 D,26,Weakside Linebacker,WLB,4,1
2026-03-14T07:32:09Z,SF,Dre Greenlaw,3916903,00-0034982,15,Base 3-4 D,15,Left Inside Linebacker,LILB,5,1
2026-03-14T07:32:09Z,SF,Fred Warner,3138826,00-0034815,15,Base 3-4 D,16,Right Inside Linebacker,RILB,6,1
2026-03-14T07:32:09Z,SF,Mykel Williams,4685623,00-0040660,15,Base 3-4 D,28,Strongside Linebacker,SLB,7,1
2026-03-14T07:32:09Z,SF,Renardo Green,4427325,00-0039345,15,Base 3-4 D,18,Left Cornerback,LCB,8,1
2026-03-14T07:32:09Z,SF,Ji'Ayir Brown,4693644,00-0038554,15,Base 3-4 D,20,Strong Safety,SS,9,1
2026-03-14T07:32:09Z,SF,Malik Mustapha,4696211,00-0039360,15,Base 3-4 D,21,Free Safety,FS,10,1
2026-03-14T07:32:09Z,SF,Deommodore Lenoir,4242488,00-0036563,15,Base 3-4 D,19,Right Cornerback,RCB,11,1
2026-03-14T07:32:09Z,SF,Upton Stout,4565200,00-0040152,15,Base 3-4 D,34,Nickel Back,NB,12,1
2026-03-14T07:32:09Z,SF,Sebastian Valdez,4775220,00-0040560,15,Base 3-4 D,11,Left Defensive End,LDE,1,2
2026-03-14T07:32:09Z,SF,Evan Anderson,4612182,00-0039696,15,Base 3-4 D,12,Nose Tackle,NT,2,2
2026-03-14T07:32:09Z,SF,Sam Okuayinonu,4569497,00-0037602,15,Base 3-4 D,26,Weakside Linebacker,WLB,4,2
2026-03-14T07:32:09Z,SF,Dee Winters,4428914,00-0038625,15,Base 3-4 D,15,Left Inside Linebacker,LILB,5,2
2026-03-14T07:32:09Z,SF,Tatum Bethune,4426698,00-0039435,15,Base 3-4 D,16,Right Inside Linebacker,RILB,6,2
2026-03-14T07:32:09Z,SF,Keion White,4243493,00-0039148,15,Base 3-4 D,28,Strongside Linebacker,SLB,7,2
2026-03-14T07:32:09Z,SF,Darrell Luter Jr.,4685978,00-0038594,15,Base 3-4 D,18,Left Cornerback,LCB,8,2
2026-03-14T07:32:09Z,SF,Marques Sigle,4693337,00-0040185,15,Base 3-4 D,20,Strong Safety,SS,9,2
2026-03-14T07:32:09Z,SF,Siran Neal,3057524,00-0034391,15,Base 3-4 D,21,Free Safety,FS,10,2
2026-03-14T07:32:09Z,SF,Jakob Robinson,4612272,00-0040559,15,Base 3-4 D,19,Right Cornerback,RCB,11,2
2026-03-14T07:32:09Z,SF,Nate Hobbs,4240542,00-0036871,15,Base 3-4 D,34,Nickel Back,NB,12,2
2026-03-14T07:32:09Z,SF,Andrew Farmer,4394894,00-0038865,15,Base 3-4 D,26,Weakside Linebacker,WLB,4,3
2026-03-14T07:32:09Z,SF,Luke Gifford,3116097,00-0035413,15,Base 3-4 D,15,Left Inside Linebacker,LILB,5,3
2026-03-14T07:32:09Z,SF,Jalen Graham,4570410,00-0038648,15,Base 3-4 D,16,Right Inside Linebacker,RILB,6,3
2026-03-14T07:32:09Z,SF,William Bradley-King,4036476,00-0036664,15,Base 3-4 D,28,Strongside Linebacker,SLB,7,3
2026-03-14T07:32:09Z,SF,Eli Apple,3040506,00-0032379,15,Base 3-4 D,18,Left Cornerback,LCB,8,3
2026-03-14T07:32:09Z,SF,Derrick Canteen,4429366,00-0040659,15,Base 3-4 D,21,Free Safety,FS,10,3
2026-03-14T07:32:09Z,SF,Garret Wallow,4241807,00-0036844,15,Base 3-4 D,15,Left Inside Linebacker,LILB,5,4
2026-03-14T07:32:09Z,SF,Tre Tomlinson,4427493,00-0039134,15,Base 3-4 D,18,Left Cornerback,LCB,8,4
2026-03-14T07:32:09Z,SF,Darrick Forrest,4239088,00-0036638,15,Base 3-4 D,21,Free Safety,FS,10,4
2026-03-14T07:32:09Z,SF,Nick Martin,4573188,00-0040135,15,Base 3-4 D,15,Left Inside Linebacker,LILB,5,5
2026-03-14T07:32:09Z,SF,Milo Eifler,4371940,00-0036511,15,Base 3-4 D,15,Left Inside Linebacker,LILB,5,6
2026-03-14T07:32:09Z,SF,Eddy Pineiro,4034949,00-0034173,18,Special Teams,22,Place kicker,PK,1,1
2026-03-14T07:32:09Z,SF,Jacob Cowing,4575665,00-0039365,18,Special Teams,76,Punt Returner,PR,4,1
2026-03-14T07:32:09Z,SF,Isaac Guerendo,4372561,00-0039363,18,Special Teams,77,Kick Returner,KR,5,1
2026-03-14T07:32:09Z,SF,Jon Weeks,13729,00-0027224,18,Special Teams,39,Long Snapper,LS,6,1
2026-03-14T07:32:09Z,SF,Mike Evans,16737,00-0031408,21,3WR 1TE,1,Wide Receiver,WR,1,1
2026-03-14T07:32:09Z,SF,Trent Williams,13241,00-0027857,21,3WR 1TE,2,Left Tackle,LT,3,1
2026-03-14T07:32:09Z,SF,Brett Toth,3129116,00-0035743,21,3WR 1TE,3,Left Guard,LG,4,1
2026-03-14T07:32:09Z,SF,Jake Brendel,2577185,00-0032701,21,3WR 1TE,4,Center,C,5,1
2026-03-14T07:32:09Z,SF,Dominick Puni,5092959,00-0039351,21,3WR 1TE,5,Right Guard,RG,6,1
2026-03-14T07:32:09Z,SF,Colton McKivitz,3916075,00-0036256,21,3WR 1TE,6,Right Tackle,RT,7,1
2026-03-14T07:32:09Z,SF,Brock Purdy,4361741,00-0037834,21,3WR 1TE,8,Quarterback,QB,9,1
2026-03-14T07:32:09Z,SF,George Kittle,3040151,00-0033288,21,3WR 1TE,7,Tight End,TE,10,1
2026-03-14T07:32:09Z,SF,Christian McCaffrey,3117251,00-0033280,21,3WR 1TE,9,Running Back,RB,11,1
2026-03-14T07:32:09Z,SF,Kyle Juszczyk,16002,00-0029892,21,3WR 1TE,10,Fullback,FB,12,1
2026-03-14T07:32:09Z,SF,Ricky Pearsall,4428209,00-0039916,21,3WR 1TE,1,Wide Receiver,WR,2,2
2026-03-14T07:32:09Z,SF,Vederian Lowe,4240554,00-0037287,21,3WR 1TE,2,Left Tackle,LT,3,2
2026-03-14T07:32:09Z,SF,Connor Colby,4431523,00-0040245,21,3WR 1TE,3,Left Guard,LG,4,2
2026-03-14T07:32:09Z,SF,Drake Nugent,4428144,00-0039700,21,3WR 1TE,4,Center,C,5,2
2026-03-14T07:32:09Z,SF,Nick Zakelj,4247590,00-0037831,21,3WR 1TE,5,Right Guard,RG,6,2
2026-03-14T07:32:09Z,SF,Isaac Alarcon,4686629,00-0036448,21,3WR 1TE,6,Right Tackle,RT,7,2
2026-03-14T07:32:09Z,SF,Mac Jones,4241464,00-0036972,21,3WR 1TE,8,Quarterback,QB,9,2
2026-03-14T07:32:09Z,SF,Jake Tonges,4259147,00-0037112,21,3WR 1TE,7,Tight End,TE,10,2
2026-03-14T07:32:09Z,SF,Jordan James,4685397,00-0040177,21,3WR 1TE,9,Running Back,RB,11,2
2026-03-14T07:32:09Z,SF,Demarcus Robinson,3043116,00-0032775,21,3WR 1TE,1,Wide Receiver,WR,8,3
2026-03-14T07:32:09Z,SF,Austen Pleasants,3920814,00-0035829,21,3WR 1TE,2,Left Tackle,LT,3,3
2026-03-14T07:32:09Z,SF,Nick Zakelj,4247590,00-0037831,21,3WR 1TE,4,Center,C,5,3
2026-03-14T07:32:09Z,SF,Brandon Parker,3072292,00-0034763,21,3WR 1TE,6,Right Tackle,RT,7,3
2026-03-14T07:32:09Z,SF,Kurtis Rourke,4430431,00-0040589,21,3WR 1TE,8,Quarterback,QB,9,3
2026-03-14T07:32:09Z,SF,Luke Farrell,4040612,00-0036887,21,3WR 1TE,7,Tight End,TE,10,3
2026-03-14T07:32:09Z,SF,Isaac Guerendo,4372561,00-0039363,21,3WR 1TE,9,Running Back,RB,11,3
2026-03-14T07:32:09Z,SF,Jordan Watkins,4431466,00-0040172,21,3WR 1TE,1,Wide Receiver,WR,1,4
2026-03-14T07:32:09Z,SF,Zach Thomas,4036834,00-0037618,21,3WR 1TE,2,Left Tackle,LT,3,4
2026-03-14T07:32:09Z,SF,Adrian Martinez,4361182,00-0038658,21,3WR 1TE,8,Quarterback,QB,9,4
2026-03-14T07:32:09Z,SF,Brayden Willis,4360290,00-0038643,21,3WR 1TE,7,Tight End,TE,10,4
2026-03-14T07:32:09Z,SF,Patrick Taylor Jr.,4039358,00-0035973,21,3WR 1TE,9,Running Back,RB,11,4
2026-03-14T07:32:09Z,SF,Jacob Cowing,4575665,00-0039365,21,3WR 1TE,1,Wide Receiver,WR,2,5
2026-03-14T07:32:09Z,SF,Hayden Rucci,4428396,00-0039489,21,3WR 1TE,7,Tight End,TE,10,5
2026-03-14T07:32:09Z,SF,Malik Turner,3115928,00-0034867,21,3WR 1TE,1,Wide Receiver,WR,8,6
2026-03-14T07:32:09Z,SF,Colton Dowell,4250945,00-0038632,21,3WR 1TE,1,Wide Receiver,WR,1,7
2026-03-14T07:32:09Z,SF,Junior Bergen,4887918,00-0040247,21,3WR 1TE,1,Wide Receiver,WR,2,8
2026-03-14T07:32:09Z,SF,Brandon Aiyuk,4360438,00-0036261,21,3WR 1TE,1,Wide Receiver,WR,8,9
2026-03-14T07:32:09Z,TB,Al-Quadin Muhammad,3051942,00-0033964,15,Base 3-4 D,11,Left Defensive End,LDE,1,1
2026-03-14T07:32:09Z,TB,Vita Vea,3134362,00-0034773,15,Base 3-4 D,12,Nose Tackle,NT,2,1
2026-03-14T07:32:09Z,TB,A'Shawn Robinson,3054857,00-0032889,15,Base 3-4 D,13,Right Defensive End,RDE,3,1
2026-03-14T07:32:09Z,TB,Yaya Diaby,4686334,00-0039068,15,Base 3-4 D,26,Weakside Linebacker,WLB,4,1
2026-03-14T07:32:09Z,TB,Alex Anzalone,3043107,00-0033914,15,Base 3-4 D,15,Left Inside Linebacker,LILB,5,1
2026-03-14T07:32:09Z,TB,SirVocea Dennis,4429511,00-0039049,15,Base 3-4 D,16,Right Inside Linebacker,RILB,6,1
2026-03-14T07:32:09Z,TB,Anthony Nelson,3894856,00-0035254,15,Base 3-4 D,28,Strongside Linebacker,SLB,7,1
2026-03-14T07:32:09Z,TB,Zyon McCollum,4250392,00-0037268,15,Base 3-4 D,18,Left Cornerback,LCB,8,1
2026-03-14T07:32:09Z,TB,Tykee Smith,4428522,00-0039846,15,Base 3-4 D,20,Strong Safety,SS,9,1
2026-03-14T07:32:09Z,TB,Antoine Winfield Jr.,4034790,00-0036411,15,Base 3-4 D,21,Free Safety,FS,10,1
2026-03-14T07:32:09Z,TB,Benjamin Morrison,4816107,00-0040747,15,Base 3-4 D,19,Right Cornerback,RCB,11,1
2026-03-14T07:32:09Z,TB,Jacob Parrish,4912847,00-0040143,15,Base 3-4 D,34,Nickel Back,NB,12,1
2026-03-14T07:32:09Z,TB,Elijah Roberts,4690795,00-0040183,15,Base 3-4 D,11,Left Defensive End,LDE,1,2
2026-03-14T07:32:09Z,TB,Elijah Simmons,4430478,00-0040384,15,Base 3-4 D,12,Nose Tackle,NT,2,2
2026-03-14T07:32:09Z,TB,Nash Hutmacher,4431153,00-0040420,15,Base 3-4 D,13,Right Defensive End,RDE,3,2
2026-03-14T07:32:09Z,TB,Chris Braswell,4428989,00-0039902,15,Base 3-4 D,26,Weakside Linebacker,WLB,4,2
2026-03-14T07:32:09Z,TB,Nick Jackson,4568492,00-0040625,15,Base 3-4 D,16,Right Inside Linebacker,RILB,6,2
2026-03-14T07:32:09Z,TB,Benton Whitley,4247722,00-0037638,15,Base 3-4 D,28,Strongside Linebacker,SLB,7,2
2026-03-14T07:32:09Z,TB,Miles Killebrew,2575164,00-0032399,15,Base 3-4 D,20,Strong Safety,SS,9,2
2026-03-14T07:32:09Z,TB,Rashad Wisdom,4428917,00-0039596,15,Base 3-4 D,21,Free Safety,FS,10,2
2026-03-14T07:32:09Z,TB,Josh Hayes,4248533,00-0039051,15,Base 3-4 D,19,Right Cornerback,RCB,11,2
2026-03-14T07:32:09Z,TB,Damarion Williams,4567480,00-0037984,15,Base 3-4 D,34,Nickel Back,NB,12,2
2026-03-14T07:32:09Z,TB,Calijah Kancey,4427673,00-0039063,15,Base 3-4 D,11,Left Defensive End,LDE,1,3
2026-03-14T07:32:09Z,TB,Jayson Jones,4431184,00-0040105,15,Base 3-4 D,12,Nose Tackle,NT,2,3
2026-03-14T07:32:09Z,TB,David Walker,5085355,00-0040158,15,Base 3-4 D,26,Weakside Linebacker,WLB,4,3
2026-03-14T07:32:09Z,TB,Mohamed Kamara,4427677,00-0039877,15,Base 3-4 D,28,Strongside Linebacker,SLB,7,3
2026-03-14T07:32:09Z,TB,JJ Roberts,4566165,00-0040425,15,Base 3-4 D,20,Strong Safety,SS,9,3
2026-03-14T07:32:09Z,TB,Marcus Banks,4567109,00-0039582,15,Base 3-4 D,21,Free Safety,FS,10,3
2026-03-14T07:32:09Z,TB,Chase McLaughlin,3150744,00-0035358,18,Special Teams,22,Place kicker,PK,1,1
2026-03-14T07:32:09Z,TB,Riley Dixon,2577619,00-0032943,18,Special Teams,23,Punter,P,2,1
2026-03-14T07:32:09Z,TB,Riley Dixon,2577619,00-0032943,18,Special Teams,79,Holder,H,3,1
2026-03-14T07:32:09Z,TB,Kameron Johnson,5097554,00-0039589,18,Special Teams,76,Punt Returner,PR,4,1
2026-03-14T07:32:09Z,TB,Kameron Johnson,5097554,00-0039589,18,Special Teams,77,Kick Returner,KR,5,1
2026-03-14T07:32:09Z,TB,Evan Deckers,4361727,00-0038817,18,Special Teams,39,Long Snapper,LS,6,1
2026-03-14T07:32:09Z,TB,Josh Williams,4568024,00-0040429,18,Special Teams,77,Kick Returner,KR,5,2
2026-03-14T07:32:09Z,TB,Owen Wright,4249616,00-0038458,18,Special Teams,77,Kick Returner,KR,5,3
2026-03-14T07:32:09Z,TB,Chris Godwin Jr.,3116165,00-0033921,21,3WR 1TE,1,Wide Receiver,WR,1,1
2026-03-14T07:32:09Z,TB,Tristan Wirfs,4240589,00-0036406,21,3WR 1TE,2,Left Tackle,LT,3,1
2026-03-14T07:32:09Z,TB,Ben Bredeson,4046551,00-0036132,21,3WR 1TE,3,Left Guard,LG,4,1
2026-03-14T07:32:09Z,TB,Graham Barton,4429251,00-0039905,21,3WR 1TE,4,Center,C,5,1
2026-03-14T07:32:09Z,TB,Cody Mauch,4248545,00-0039157,21,3WR 1TE,5,Right Guard,RG,6,1
2026-03-14T07:32:09Z,TB,Luke Goedeke,4380507,00-0037835,21,3WR 1TE,6,Right Tackle,RT,7,1
2026-03-14T07:32:09Z,TB,Baker Mayfield,3052587,00-0034855,21,3WR 1TE,8,Quarterback,QB,9,1
2026-03-14T07:32:09Z,TB,Cade Otton,4243331,00-0038129,21,3WR 1TE,7,Tight End,TE,10,1
2026-03-14T07:32:09Z,TB,Bucky Irving,4596448,00-0039361,21,3WR 1TE,9,Running Back,RB,11,1
2026-03-14T07:32:09Z,TB,Emeka Egbuka,4567750,00-0040129,21,3WR 1TE,1,Wide Receiver,WR,2,2
2026-03-14T07:32:09Z,TB,Benjamin Chukwuma,4690787,00-0040417,21,3WR 1TE,2,Left Tackle,LT,3,2
2026-03-14T07:32:09Z,TB,Elijah Klein,4362066,00-0039411,21,3WR 1TE,3,Left Guard,LG,4,2
2026-03-14T07:32:09Z,TB,Ben Scott,4569202,00-0040427,21,3WR 1TE,4,Center,C,5,2
2026-03-14T07:32:09Z,TB,Luke Haggard,4686884,00-0038818,21,3WR 1TE,5,Right Guard,RG,6,2
2026-03-14T07:32:09Z,TB,Jake Browning,3886812,00-0035100,21,3WR 1TE,8,Quarterback,QB,9,2
2026-03-14T07:32:09Z,TB,Payne Durham,4372505,00-0039050,21,3WR 1TE,7,Tight End,TE,10,2
2026-03-14T07:32:09Z,TB,Kenneth Gainwell,4371733,00-0036919,21,3WR 1TE,9,Running Back,RB,11,2
2026-03-14T07:32:09Z,TB,Jalen McMillan,4430834,00-0039855,21,3WR 1TE,1,Wide Receiver,WR,8,3
2026-03-14T07:32:09Z,TB,Connor Bazelak,4426444,00-0040415,21,3WR 1TE,8,Quarterback,QB,9,3
2026-03-14T07:32:09Z,TB,Devin Culp,4361112,00-0039754,21,3WR 1TE,7,Tight End,TE,10,3
2026-03-14T07:32:09Z,TB,Sean Tucker,4430871,00-0038951,21,3WR 1TE,9,Running Back,RB,11,3
2026-03-14T07:32:09Z,TB,Tez Johnson,4608810,00-0040237,21,3WR 1TE,1,Wide Receiver,WR,1,4
2026-03-14T07:32:09Z,TB,Ko Kieft,4034779,00-0037311,21,3WR 1TE,7,Tight End,TE,10,4
2026-03-14T07:32:09Z,TB,Josh Williams,4568024,00-0040429,21,3WR 1TE,9,Running Back,RB,11,4
2026-03-14T07:32:09Z,TB,Kameron Johnson,5097554,00-0039589,21,3WR 1TE,1,Wide Receiver,WR,2,5
2026-03-14T07:32:09Z,TB,Owen Wright,4249616,00-0038458,21,3WR 1TE,9,Running Back,RB,11,5
2026-03-14T07:32:09Z,TB,Jaden Smith,4581750,00-0040769,21,3WR 1TE,1,Wide Receiver,WR,8,6
2026-03-14T07:32:09Z,TB,Michael Wiley,4569156,00-0039684,21,3WR 1TE,9,Running Back,RB,11,6
2026-03-14T07:32:09Z,TB,Dennis Houston,4572786,00-0037570,21,3WR 1TE,1,Wide Receiver,WR,1,7
2026-03-14T07:32:09Z,TB,Garrett Greene,4429847,00-0040419,21,3WR 1TE,1,Wide Receiver,WR,2,8
2026-03-14T07:32:09Z,TEN,Jermaine Johnson,4567962,00-0037663,16,Base 4-3 D,11,Left Defensive End,LDE,1,1
2026-03-14T07:32:09Z,TEN,Jordan Elliott,4039052,00-0036266,16,Base 4-3 D,24,Left Defensive Tackle,LDT,2,1
2026-03-14T07:32:09Z,TEN,Jeffery Simmons,4035369,00-0035643,16,Base 4-3 D,25,Right Defensive Tackle,RDT,3,1
2026-03-14T07:32:09Z,TEN,John Franklin-Myers,3120464,00-0034805,16,Base 4-3 D,13,Right Defensive End,RDE,4,1
2026-03-14T07:32:09Z,TEN,Cedric Gray,4429834,00-0039858,16,Base 4-3 D,26,Weakside Linebacker,WLB,5,1
2026-03-14T07:32:09Z,TEN,Cody Barton,3926229,00-0035672,16,Base 4-3 D,27,Middle Linebacker,MLB,6,1
2026-03-14T07:32:09Z,TEN,Jacob Martin,3138764,00-0034163,16,Base 4-3 D,28,Strongside Linebacker,SLB,7,1
2026-03-14T07:32:09Z,TEN,Cor'Dale Flott,4429607,00-0037758,16,Base 4-3 D,18,Left Cornerback,LCB,8,1
2026-03-14T07:32:09Z,TEN,Amani Hooker,4036134,00-0035632,16,Base 4-3 D,20,Strong Safety,SS,9,1
2026-03-14T07:32:09Z,TEN,Kevin Winston Jr.,4685617,00-0040141,16,Base 4-3 D,21,Free Safety,FS,10,1
2026-03-14T07:32:09Z,TEN,Micah Robinson,4695280,00-0040020,16,Base 4-3 D,19,Right Cornerback,RCB,11,1
2026-03-14T07:32:09Z,TEN,Alontae Taylor,4369835,00-0038121,16,Base 4-3 D,34,Nickel Back,NB,12,1
2026-03-14T07:32:09Z,TEN,Oluwafemi Oladejo,4876057,00-0040752,16,Base 4-3 D,11,Left Defensive End,LDE,1,2
2026-03-14T07:32:09Z,TEN,Solomon Thomas,3117258,00-0033870,16,Base 4-3 D,24,Left Defensive Tackle,LDT,2,2
2026-03-14T07:32:09Z,TEN,C.J. Ravenell,4700676,00-0039332,16,Base 4-3 D,25,Right Defensive Tackle,RDT,3,2
2026-03-14T07:32:09Z,TEN,Truman Jones,4367828,00-0038514,16,Base 4-3 D,13,Right Defensive End,RDE,4,2
2026-03-14T07:32:09Z,TEN,Dorian Mausi,4573318,00-0040503,16,Base 4-3 D,27,Middle Linebacker,MLB,6,2
2026-03-14T07:32:09Z,TEN,James Williams Sr.,4431613,00-0039430,16,Base 4-3 D,28,Strongside Linebacker,SLB,7,2
2026-03-14T07:32:09Z,TEN,Joshua Williams,4917635,00-0038043,16,Base 4-3 D,18,Left Cornerback,LCB,8,2
2026-03-14T07:32:09Z,TEN,Tony Adams,4240532,00-0037155,16,Base 4-3 D,20,Strong Safety,SS,9,2
2026-03-14T07:32:09Z,TEN,Kendell Brooks,4585317,00-0038703,16,Base 4-3 D,21,Free Safety,FS,10,2
2026-03-14T07:32:09Z,TEN,Marcus Harris,4570469,00-0040201,16,Base 4-3 D,34,Nickel Back,NB,12,2
2026-03-14T07:32:09Z,TEN,Jaylen Harrell,4429058,00-0039436,16,Base 4-3 D,11,Left Defensive End,LDE,1,3
2026-03-14T07:32:09Z,TEN,Cam Horsley,4431147,00-0040517,16,Base 4-3 D,24,Left Defensive Tackle,LDT,2,3
2026-03-14T07:32:09Z,TEN,Earnest Brown IV,4242292,00-0036855,16,Base 4-3 D,25,Right Defensive Tackle,RDT,3,3
2026-03-14T07:32:09Z,TEN,Cam Riley,4431360,00-0040573,16,Base 4-3 D,28,Strongside Linebacker,SLB,7,3
2026-03-14T07:32:09Z,TEN,Keydrain Calligan,4606181,00-0040674,16,Base 4-3 D,18,Left Cornerback,LCB,8,3
2026-03-14T07:32:09Z,TEN,Jerrick Reed II,4570084,00-0038613,16,Base 4-3 D,20,Strong Safety,SS,9,3
2026-03-14T07:32:09Z,TEN,Sanoussi Kane,4430118,00-0039235,16,Base 4-3 D,21,Free Safety,FS,10,3
2026-03-14T07:32:09Z,TEN,Ali Gaye,4243321,00-0038724,16,Base 4-3 D,11,Left Defensive End,LDE,1,4
2026-03-14T07:32:09Z,TEN,Timmy Horne,4045701,00-0037585,16,Base 4-3 D,24,Left Defensive Tackle,LDT,2,4
2026-03-14T07:32:09Z,TEN,Erick Hallett,4373320,00-0038620,16,Base 4-3 D,20,Strong Safety,SS,9,4
2026-03-14T07:32:09Z,TEN,Malik Herring,4259547,00-0036682,16,Base 4-3 D,11,Left Defensive End,LDE,1,5
2026-03-14T07:32:09Z,TEN,Isaiah Raikes,4431345,00-0040521,16,Base 4-3 D,24,Left Defensive Tackle,LDT,2,5
2026-03-14T07:32:09Z,TEN,Nate Lynn,4574142,00-0039447,16,Base 4-3 D,11,Left Defensive End,LDE,1,6
2026-03-14T07:32:09Z,TEN,David Agoha,5144941,00-0039177,16,Base 4-3 D,11,Left Defensive End,LDE,1,7
2026-03-14T07:32:09Z,TEN,Joey Slye,3124084,00-0035192,18,Special Teams,22,Place kicker,PK,1,1
2026-03-14T07:32:09Z,TEN,Tommy Townsend,3915398,00-0035889,18,Special Teams,23,Punter,P,2,1
2026-03-14T07:32:09Z,TEN,Tommy Townsend,3915398,00-0035889,18,Special Teams,79,Holder,H,3,1
2026-03-14T07:32:09Z,TEN,Chimere Dike,4431268,00-0040705,18,Special Teams,76,Punt Returner,PR,4,1
2026-03-14T07:32:09Z,TEN,Chimere Dike,4431268,00-0040705,18,Special Teams,77,Kick Returner,KR,5,1
2026-03-14T07:32:09Z,TEN,Morgan Cox,13848,00-0027557,18,Special Teams,39,Long Snapper,LS,6,1
2026-03-14T07:32:09Z,TEN,Calvin Ridley,3925357,00-0034837,21,3WR 1TE,1,Wide Receiver,WR,1,1
2026-03-14T07:32:09Z,TEN,Dan Moore Jr.,4240920,00-0036869,21,3WR 1TE,2,Left Tackle,LT,3,1
2026-03-14T07:32:09Z,TEN,Peter Skoronski,4429100,00-0039034,21,3WR 1TE,3,Left Guard,LG,4,1
2026-03-14T07:32:09Z,TEN,Austin Schlottmann,4038544,00-0034112,21,3WR 1TE,4,Center,C,5,1
2026-03-14T07:32:09Z,TEN,Garrett Dellinger,4431252,00-0040079,21,3WR 1TE,5,Right Guard,RG,6,1
2026-03-14T07:32:09Z,TEN,JC Latham,4431437,00-0039731,21,3WR 1TE,6,Right Tackle,RT,7,1
2026-03-14T07:32:09Z,TEN,Cam Ward,4688380,00-0040676,21,3WR 1TE,8,Quarterback,QB,9,1
2026-03-14T07:32:09Z,TEN,Gunnar Helm,4686728,00-0040584,21,3WR 1TE,7,Tight End,TE,10,1
2026-03-14T07:32:09Z,TEN,Tony Pollard,3916148,00-0035261,21,3WR 1TE,9,Running Back,RB,11,1
2026-03-14T07:32:09Z,TEN,Wan'Dale Robinson,4569587,00-0038117,21,3WR 1TE,1,Wide Receiver,WR,2,2
2026-03-14T07:32:09Z,TEN,Brandon Crenshaw-Dickson,4426987,00-0040512,21,3WR 1TE,2,Left Tackle,LT,3,2
2026-03-14T07:32:09Z,TEN,Cordell Volson,4040950,00-0038095,21,3WR 1TE,3,Left Guard,LG,4,2
2026-03-14T07:32:09Z,TEN,Trey Hill,4361787,00-0036856,21,3WR 1TE,4,Center,C,5,2
2026-03-14T07:32:09Z,TEN,Jackson Slater,4876319,00-0040190,21,3WR 1TE,5,Right Guard,RG,6,2
2026-03-14T07:32:09Z,TEN,Ryan Hayes,4372091,00-0039042,21,3WR 1TE,6,Right Tackle,RT,7,2
2026-03-14T07:32:09Z,TEN,Mitchell Trubisky,3039707,00-0033869,21,3WR 1TE,8,Quarterback,QB,9,2
2026-03-14T07:32:09Z,TEN,Daniel Bellinger,4361516,00-0038115,21,3WR 1TE,7,Tight End,TE,10,2
2026-03-14T07:32:09Z,TEN,Tyjae Spears,4428557,00-0039032,21,3WR 1TE,9,Running Back,RB,11,2
2026-03-14T07:32:09Z,TEN,Elic Ayomanor,4883647,00-0040170,21,3WR 1TE,1,Wide Receiver,WR,8,3
2026-03-14T07:32:09Z,TEN,Drew Moss,4879480,00-0040557,21,3WR 1TE,3,Left Guard,LG,4,3
2026-03-14T07:32:09Z,TEN,Morgan Cox,13848,00-0027557,21,3WR 1TE,4,Center,C,5,3
2026-03-14T07:32:09Z,TEN,Clay Webb,4426336,00-0040453,21,3WR 1TE,5,Right Guard,RG,6,3
2026-03-14T07:32:09Z,TEN,Will Levis,4361418,00-0039152,21,3WR 1TE,8,Quarterback,QB,9,3
2026-03-14T07:32:09Z,TEN,Kylen Granson,4039160,00-0036876,21,3WR 1TE,7,Tight End,TE,10,3
2026-03-14T07:32:09Z,TEN,Kalel Mullings,4429121,00-0040205,21,3WR 1TE,9,Running Back,RB,11,3
2026-03-14T07:32:09Z,TEN,Chimere Dike,4431268,00-0040705,21,3WR 1TE,1,Wide Receiver,WR,1,4
2026-03-14T07:32:09Z,TEN,David Martin-Robinson,4360978,00-0039648,21,3WR 1TE,7,Tight End,TE,10,4
2026-03-14T07:32:09Z,TEN,Blake Watson,4361604,00-0039573,21,3WR 1TE,9,Running Back,RB,11,4
2026-03-14T07:32:09Z,TEN,Mason Kinsey,4057082,00-0036176,21,3WR 1TE,1,Wide Receiver,WR,2,5
2026-03-14T07:32:09Z,TEN,Joel Wilson,4362570,00-0039023,21,3WR 1TE,7,Tight End,TE,10,5
2026-03-14T07:32:09Z,TEN,Bryce Oliver,4362617,00-0039650,21,3WR 1TE,1,Wide Receiver,WR,8,6
2026-03-14T07:32:09Z,TEN,Xavier Restrepo,4431353,00-0040522,21,3WR 1TE,1,Wide Receiver,WR,1,7
2026-03-14T07:32:09Z,TEN,Hal Presley,4879189,00-0040366,21,3WR 1TE,1,Wide Receiver,WR,2,8
2026-03-14T07:32:09Z,WAS,Tim Settle Jr.,3929956,00-0034397,15,Base 3-4 D,11,Left Defensive End,LDE,1,1
2026-03-14T07:32:09Z,WAS,Daron Payne,3925354,00-0034333,15,Base 3-4 D,12,Nose Tackle,NT,2,1
2026-03-14T07:32:09Z,WAS,Javon Kinlaw,4259491,00-0036260,15,Base 3-4 D,13,Right Defensive End,RDE,3,1
2026-03-14T07:32:09Z,WAS,Odafe Oweh,4361422,00-0036940,15,Base 3-4 D,26,Weakside Linebacker,WLB,4,1
2026-03-14T07:32:09Z,WAS,Frankie Luvu,3127273,00-0034302,15,Base 3-4 D,15,Left Inside Linebacker,LILB,5,1
2026-03-14T07:32:09Z,WAS,Leo Chenal,4426901,00-0037819,15,Base 3-4 D,16,Right Inside Linebacker,RILB,6,1
2026-03-14T07:32:09Z,WAS,K'Lavon Chaisson,4242205,00-0036286,15,Base 3-4 D,28,Strongside Linebacker,SLB,7,1
2026-03-14T07:32:09Z,WAS,Trey Amos,4574689,00-0040731,15,Base 3-4 D,18,Left Cornerback,LCB,8,1
2026-03-14T07:32:09Z,WAS,Nick Cross,4426403,00-0037616,15,Base 3-4 D,20,Strong Safety,SS,9,1
2026-03-14T07:32:09Z,WAS,Quan Martin,4360378,00-0039149,15,Base 3-4 D,21,Free Safety,FS,10,1
2026-03-14T07:32:09Z,WAS,Mike Sainristil,4428414,00-0039898,15,Base 3-4 D,19,Right Cornerback,RCB,11,1
2026-03-14T07:32:09Z,WAS,Amik Robertson,4239694,00-0036375,15,Base 3-4 D,34,Nickel Back,NB,12,1
2026-03-14T07:32:09Z,WAS,Jer'Zhan Newton,4430560,00-0039906,15,Base 3-4 D,11,Left Defensive End,LDE,1,2
2026-03-14T07:32:09Z,WAS,Shy Tuttle,3886601,00-0035409,15,Base 3-4 D,12,Nose Tackle,NT,2,2
2026-03-14T07:32:09Z,WAS,Ricky Barber,4428343,00-0040314,15,Base 3-4 D,13,Right Defensive End,RDE,3,2
2026-03-14T07:32:09Z,WAS,Dorance Armstrong,3928979,00-0034373,15,Base 3-4 D,26,Weakside Linebacker,WLB,4,2
2026-03-14T07:32:09Z,WAS,Jordan Magee,4568617,00-0039368,15,Base 3-4 D,15,Left Inside Linebacker,LILB,5,2
2026-03-14T07:32:09Z,WAS,Nick Bellore,14471,00-0028292,15,Base 3-4 D,16,Right Inside Linebacker,RILB,6,2
2026-03-14T07:32:09Z,WAS,Charles Omenihu,3929865,00-0035279,15,Base 3-4 D,28,Strongside Linebacker,SLB,7,2
2026-03-14T07:32:09Z,WAS,Tre Hawkins III,4686553,00-0038403,15,Base 3-4 D,18,Left Cornerback,LCB,8,2
2026-03-14T07:32:09Z,WAS,Jeremy Reaves,3125248,00-0034465,15,Base 3-4 D,20,Strong Safety,SS,9,2
2026-03-14T07:32:09Z,WAS,Will Harris,3915297,00-0035655,15,Base 3-4 D,21,Free Safety,FS,10,2
2026-03-14T07:32:09Z,WAS,Darius Rush,4362858,00-0038388,15,Base 3-4 D,34,Nickel Back,NB,12,2
2026-03-14T07:32:09Z,WAS,Javontae Jean-Baptiste,4361357,00-0039412,15,Base 3-4 D,26,Weakside Linebacker,WLB,4,3
2026-03-14T07:32:09Z,WAS,Kain Medrano,4427984,00-0040216,15,Base 3-4 D,15,Left Inside Linebacker,LILB,5,3
2026-03-14T07:32:09Z,WAS,Deatrich Wise Jr.,2980080,00-0033947,15,Base 3-4 D,28,Strongside Linebacker,SLB,7,3
2026-03-14T07:32:09Z,WAS,Car'lin Vigers,4917486,00-0040322,15,Base 3-4 D,18,Left Cornerback,LCB,8,3
2026-03-14T07:32:09Z,WAS,Percy Butler,4363097,00-0038100,15,Base 3-4 D,20,Strong Safety,SS,9,3
2026-03-14T07:32:09Z,WAS,Tyler Owens,4572460,00-0039681,15,Base 3-4 D,21,Free Safety,FS,10,3
2026-03-14T07:32:09Z,WAS,Drake Jackson,4569511,00-0037826,15,Base 3-4 D,26,Weakside Linebacker,WLB,4,4
2026-03-14T07:32:09Z,WAS,Ale Kaho,4361090,00-0040318,15,Base 3-4 D,15,Left Inside Linebacker,LILB,5,4
2026-03-14T07:32:09Z,WAS,Andre Carter II,4577333,00-0038801,15,Base 3-4 D,28,Strongside Linebacker,SLB,7,4
2026-03-14T07:32:09Z,WAS,Robert McDaniel,4574814,00-0040319,15,Base 3-4 D,21,Free Safety,FS,10,4
2026-03-14T07:32:09Z,WAS,DJ Johnson,4240623,00-0038535,15,Base 3-4 D,26,Weakside Linebacker,WLB,4,5
2026-03-14T07:32:09Z,WAS,T.J. Maguranyanga,5278092,00-0040004,15,Base 3-4 D,28,Strongside Linebacker,SLB,7,5
2026-03-14T07:32:09Z,WAS,Qwuantrezz Knight,4036219,00-0037522,15,Base 3-4 D,21,Free Safety,FS,10,5
2026-03-14T07:32:09Z,WAS,Jake Moody,4372066,00-0038562,18,Special Teams,22,Place kicker,PK,1,1
2026-03-14T07:32:09Z,WAS,Tress Way,16166,00-0030140,18,Special Teams,23,Punter,P,2,1
2026-03-14T07:32:09Z,WAS,Tress Way,16166,00-0030140,18,Special Teams,79,Holder,H,3,1
2026-03-14T07:32:09Z,WAS,Jaylin Lane,4602667,00-0040164,18,Special Teams,76,Punt Returner,PR,4,1
2026-03-14T07:32:09Z,WAS,Luke McCaffrey,4426948,00-0039355,18,Special Teams,77,Kick Returner,KR,5,1
2026-03-14T07:32:09Z,WAS,Tyler Ott,17378,00-0031156,18,Special Teams,39,Long Snapper,LS,6,1
2026-03-14T07:32:09Z,WAS,Jaylin Lane,4602667,00-0040164,18,Special Teams,77,Kick Returner,KR,5,2
2026-03-14T07:32:09Z,WAS,Terry McLaurin,3121422,00-0035659,21,3WR 1TE,1,Wide Receiver,WR,1,1
2026-03-14T07:32:09Z,WAS,Laremy Tunsil,3051890,00-0032380,21,3WR 1TE,2,Left Tackle,LT,3,1
2026-03-14T07:32:09Z,WAS,Chris Paul,4244615,00-0037092,21,3WR 1TE,3,Left Guard,LG,4,1
2026-03-14T07:32:09Z,WAS,Nick Allegretti,3115922,00-0035149,21,3WR 1TE,4,Center,C,5,1
2026-03-14T07:32:09Z,WAS,Sam Cosmi,4262199,00-0036618,21,3WR 1TE,5,Right Guard,RG,6,1
2026-03-14T07:32:09Z,WAS,Josh Conerly Jr.,4685326,00-0040686,21,3WR 1TE,6,Right Tackle,RT,7,1
2026-03-14T07:32:09Z,WAS,Jayden Daniels,4426348,00-0039910,21,3WR 1TE,8,Quarterback,QB,9,1
2026-03-14T07:32:09Z,WAS,Chig Okonkwo,4360635,00-0037809,21,3WR 1TE,7,Tight End,TE,10,1
2026-03-14T07:32:09Z,WAS,Jacory Croskey-Merritt,4575131,00-0040242,21,3WR 1TE,9,Running Back,RB,11,1
2026-03-14T07:32:09Z,WAS,Luke McCaffrey,4426948,00-0039355,21,3WR 1TE,1,Wide Receiver,WR,2,2
2026-03-14T07:32:09Z,WAS,Brandon Coleman,4685030,00-0039913,21,3WR 1TE,2,Left Tackle,LT,3,2
2026-03-14T07:32:09Z,WAS,Brandon Coleman,4685030,00-0039913,21,3WR 1TE,3,Left Guard,LG,4,2
2026-03-14T07:32:09Z,WAS,Andrew Wylie,3042702,00-0033831,21,3WR 1TE,5,Right Guard,RG,6,2
2026-03-14T07:32:09Z,WAS,Trent Scott,3123303,00-0034571,21,3WR 1TE,6,Right Tackle,RT,7,2
2026-03-14T07:32:09Z,WAS,Marcus Mariota,2576980,00-0032268,21,3WR 1TE,8,Quarterback,QB,9,2
2026-03-14T07:32:09Z,WAS,John Bates,4048228,00-0036628,21,3WR 1TE,7,Tight End,TE,10,2
2026-03-14T07:32:09Z,WAS,Rachaad White,4697815,00-0037256,21,3WR 1TE,9,Running Back,RB,11,2
2026-03-14T07:32:09Z,WAS,Dyami Brown,4361577,00-0036626,21,3WR 1TE,1,Wide Receiver,WR,8,3
2026-03-14T07:32:09Z,WAS,Julian Good-Jones,3917949,00-0035997,21,3WR 1TE,5,Right Guard,RG,6,3
2026-03-14T07:32:09Z,WAS,Malaesala Aumavae-Laulu,4569301,00-0038382,21,3WR 1TE,6,Right Tackle,RT,7,3
2026-03-14T07:32:09Z,WAS,Sam Hartman,4361994,00-0039677,21,3WR 1TE,8,Quarterback,QB,9,3
2026-03-14T07:32:09Z,WAS,Ben Sinnott,4690923,00-0039912,21,3WR 1TE,7,Tight End,TE,10,3
2026-03-14T07:32:09Z,WAS,Jaylin Lane,4602667,00-0040164,21,3WR 1TE,1,Wide Receiver,WR,1,4
2026-03-14T07:32:09Z,WAS,Timothy McKay,4568320,00-0040320,21,3WR 1TE,5,Right Guard,RG,6,4
2026-03-14T07:32:09Z,WAS,Colson Yankoff,4361088,00-0039686,21,3WR 1TE,7,Tight End,TE,10,4
2026-03-14T07:32:09Z,WAS,Treylon Burks,4567156,00-0037742,21,3WR 1TE,1,Wide Receiver,WR,2,5
2026-03-14T07:32:09Z,WAS,Tyler Cooper,4429456,00-0040036,21,3WR 1TE,5,Right Guard,RG,6,5
2026-03-14T07:32:09Z,WAS,Lawrence Cager,3917849,00-0036145,21,3WR 1TE,7,Tight End,TE,10,5
2026-03-14T07:32:09Z,WAS,Van Jefferson,3930066,00-0036415,21,3WR 1TE,1,Wide Receiver,WR,8,6
2026-03-14T07:32:09Z,WAS,Jacoby Jones,5083297,00-0040317,21,3WR 1TE,1,Wide Receiver,WR,1,7
2026-03-14T07:32:09Z,WAS,Ja'Corey Brooks,4431506,00-0040315,21,3WR 1TE,1,Wide Receiver,WR,2,8
2026-03-14T07:32:09Z,WAS,Nick Nash,4570242,00-0040551,21,3WR 1TE,1,Wide Receiver,WR,8,9
